episode_id,policy_freq,profile,method,value,episode_length,collision,mean_speed,lane_0_time,lane_1_time,lane_2_time,total_cost,total_avoided_cost,total_reward,total_basic_reward,total_added_reward,mean_iterations_to_converge,convergence_rate,outcome_unchanged_count,outcome_naively_augmented_count,outcome_rcps_augmented_count,outcome_projection_count
0,1,right_lane,naive,nan,40,0,23.268957345971565,8.0,1.0,31.0,7.5,7.5,60.77837785213383,45.02837785213382,15.75,nan,0.0,0,40,0,0
1,1,right_lane,naive,nan,40,0,21.12749644062177,6.0,10.0,24.0,10.0,4.5,56.60265104866626,41.60265104866626,15.0,nan,0.0,0,40,0,0
2,1,right_lane,naive,nan,40,0,20.768957345971565,0.0,0.0,40.0,0.0,0.5,61.05320089613101,41.05320089613101,20.0,nan,0.0,0,40,0,0
3,1,right_lane,naive,nan,40,0,21.3939566082395,0.0,0.0,40.0,0.0,8.0,62.03033057318319,42.0303305731832,20.0,nan,0.0,0,40,0,0
4,1,right_lane,naive,nan,40,0,21.018919754889087,0.0,1.0,39.0,0.0,1.0,61.429338546940656,41.42933854694065,20.0,nan,0.0,0,40,0,0
5,1,right_lane,naive,nan,40,0,23.018950993067502,3.0,1.0,36.0,2.5,1.0,63.378441169520755,44.628441169520755,18.75,nan,0.0,0,40,0,0
6,1,right_lane,naive,nan,40,0,24.26895734594184,3.0,3.0,34.0,3.5,0.5,64.87892618232392,46.62892618232392,18.25,nan,0.0,0,40,0,0
7,1,right_lane,naive,nan,40,0,20.518957345971565,0.0,1.0,39.0,0.0,9.0,60.629397667781234,40.62939766778124,20.0,nan,0.0,0,40,0,0
8,1,right_lane,naive,nan,40,0,24.00032874938229,5.0,5.0,30.0,6.5,1.5,62.949111311450864,46.199111311450864,16.75,nan,0.0,0,40,0,0
9,1,right_lane,naive,nan,40,0,21.893957345971565,3.0,3.0,34.0,4.0,2.0,61.20066956038968,43.20066956038968,18.0,nan,0.0,0,40,0,0
10,1,right_lane,naive,nan,40,0,22.268957345971565,0.0,0.0,40.0,0.0,0.5,63.4303317535545,43.430331753554505,20.0,nan,0.0,0,40,0,0
11,1,right_lane,naive,nan,9,1,25.639592686973558,9.0,0.0,0.0,9.0,0.0,11.33025336731048,10.83025336731048,0.5,nan,0.0,0,9,0,0
12,1,right_lane,naive,nan,40,0,22.268957345971565,1.0,4.0,35.0,2.0,5.5,61.42682679760961,42.92682679760961,18.5,nan,0.0,0,40,0,0
13,1,right_lane,naive,nan,40,0,22.768957345971486,0.0,1.0,39.0,0.5,1.0,63.97893652082504,44.22893652082503,19.75,nan,0.0,0,40,0,0
14,1,right_lane,naive,nan,40,0,21.393957345971565,0.0,0.0,40.0,0.0,6.0,62.030331753554606,42.030331753554606,20.0,nan,0.0,0,40,0,0
15,1,right_lane,naive,nan,40,0,24.393914152736198,7.0,1.0,32.0,6.5,0.5,63.57840484193251,46.82840484193251,16.75,nan,0.0,0,40,0,0
16,1,right_lane,naive,nan,40,0,21.768957345971554,1.0,1.0,38.0,0.5,8.0,62.37845841345296,42.628458413452975,19.75,nan,0.0,0,40,0,0
17,1,right_lane,naive,nan,40,0,23.143957345971565,1.0,1.0,38.0,0.5,8.5,64.5783991088609,44.82839910886091,19.75,nan,0.0,0,40,0,0
18,1,right_lane,naive,nan,19,1,24.776752099171972,0.0,0.0,19.0,0.5,0.0,31.930331595370706,22.430331595370706,9.5,nan,0.0,0,19,0,0
19,1,right_lane,naive,nan,10,1,21.07582937702842,0.0,0.0,10.0,0.0,5.0,14.480331750811368,9.73033175081137,4.75,nan,0.0,0,10,0,0
20,1,right_lane,naive,nan,40,0,24.018957345937995,13.0,1.0,26.0,12.5,1.0,59.478375910162704,45.728375910162704,13.75,nan,0.0,0,40,0,0
21,1,right_lane,naive,nan,40,0,23.14391406689101,7.0,1.0,32.0,6.5,5.5,61.57830860565158,44.828308605651586,16.75,nan,0.0,0,40,0,0
22,1,right_lane,naive,nan,40,0,24.143957345971565,15.0,4.0,21.0,16.0,2.0,58.42834254255909,46.42834254255909,12.0,nan,0.0,0,40,0,0
23,1,right_lane,naive,nan,40,0,21.018957345971565,0.0,0.0,40.0,0.0,1.5,61.4303317535545,41.430331753554505,20.0,nan,0.0,0,40,0,0
24,1,right_lane,naive,nan,40,0,20.893957345971565,0.0,6.0,34.0,2.5,1.5,59.979399734702746,41.229399734702746,18.75,nan,0.0,0,40,0,0
25,1,right_lane,naive,nan,40,0,20.893957345971565,0.0,0.0,40.0,0.0,9.5,61.23033175355451,41.2303317535545,20.0,nan,0.0,0,40,0,0
26,1,right_lane,naive,nan,28,1,21.277081922816514,0.0,0.0,28.0,0.5,5.5,43.2303317535545,29.230331753554502,14.0,nan,0.0,0,28,0,0
27,1,right_lane,naive,nan,40,0,21.12749644062177,0.0,1.0,39.0,0.0,16.0,60.85306021987104,41.10306021987105,19.75,nan,0.0,0,40,0,0
28,1,right_lane,naive,nan,40,0,21.893957345971565,0.0,0.0,40.0,0.0,1.0,63.02686344757135,43.02686344757134,20.0,nan,0.0,0,40,0,0
29,1,right_lane,naive,nan,40,0,20.893957345971565,1.0,1.0,38.0,0.5,6.5,60.97839840434078,41.22839840434077,19.75,nan,0.0,0,40,0,0
30,1,right_lane,naive,nan,40,0,23.518957345971565,0.0,0.0,40.0,0.0,0.0,65.4303317535545,45.430331753554505,20.0,nan,0.0,0,40,0,0
31,1,right_lane,naive,nan,40,0,25.01613710795188,11.0,9.0,20.0,15.0,5.0,60.32230466901508,47.82230466901508,12.5,nan,0.0,0,40,0,0
32,1,right_lane,naive,nan,40,0,24.018957345971565,13.0,1.0,26.0,12.5,0.0,59.98281215029799,46.23281215029799,13.75,nan,0.0,0,40,0,0
33,1,right_lane,naive,nan,40,0,20.518957345971565,0.0,1.0,39.0,0.0,4.5,60.629397667739944,40.629397667739944,20.0,nan,0.0,0,40,0,0
34,1,right_lane,naive,nan,40,0,23.518957345971113,1.0,4.0,35.0,2.5,4.0,64.17657989180314,45.42657989180314,18.75,nan,0.0,0,40,0,0
35,1,right_lane,naive,nan,5,1,21.15161315963453,0.0,0.0,5.0,0.0,2.5,7.53032263192753,5.03032263192753,2.5,nan,0.0,0,5,0,0
36,1,right_lane,naive,nan,40,0,21.752495691584983,0.0,0.0,40.0,0.0,2.0,62.1040010269616,42.10400102696159,20.0,nan,0.0,0,40,0,0
37,1,right_lane,naive,nan,40,0,23.268957345971494,1.0,1.0,38.0,0.5,12.0,64.97493184351472,45.22493184351472,19.75,nan,0.0,0,40,0,0
38,1,right_lane,naive,nan,40,0,21.268957345971565,0.0,0.0,40.0,0.0,6.0,61.830331753554596,41.83033175355459,20.0,nan,0.0,0,40,0,0
39,1,right_lane,naive,nan,40,0,21.76895733466685,0.0,1.0,39.0,0.0,6.5,62.629398311598564,42.62939831159856,20.0,nan,0.0,0,40,0,0
40,1,right_lane,naive,nan,40,0,23.01895723411776,15.0,2.0,23.0,17.0,7.5,56.629410079466766,44.62941007946676,12.0,nan,0.0,0,40,0,0
41,1,right_lane,naive,nan,16,1,20.98489336492874,0.0,0.0,16.0,0.0,4.0,23.930331908952933,16.430331908952933,7.5,nan,0.0,0,16,0,0
42,1,right_lane,naive,nan,40,0,22.518957345971565,4.0,3.0,33.0,5.5,5.5,61.0783991088609,43.3283991088609,17.75,nan,0.0,0,40,0,0
43,1,right_lane,naive,nan,40,0,22.64395734428684,0.0,1.0,39.0,0.0,12.0,63.529398326990545,44.02939832699053,19.5,nan,0.0,0,40,0,0
44,1,right_lane,naive,nan,40,0,23.518629347340514,7.0,3.0,30.0,8.0,7.5,61.42745697409898,45.42745697409899,16.0,nan,0.0,0,40,0,0
45,1,right_lane,naive,nan,40,0,22.768956498296195,29.0,2.0,9.0,30.5,0.0,49.477918650878635,44.227918650878635,5.25,nan,0.0,0,40,0,0
46,1,right_lane,naive,nan,40,0,22.143957345971565,0.0,4.0,36.0,1.5,5.5,61.97775917490999,43.227759174909984,18.75,nan,0.0,0,40,0,0
47,1,right_lane,naive,nan,40,0,22.268957345971565,1.0,1.0,38.0,0.5,0.0,63.178399108860894,43.4283991088609,19.75,nan,0.0,0,40,0,0
48,1,right_lane,naive,nan,40,0,25.268956694084682,14.0,4.0,22.0,15.0,3.5,60.72842791322792,48.22842791322792,12.5,nan,0.0,0,40,0,0
49,1,right_lane,naive,nan,40,0,22.768914804623083,10.0,12.0,18.0,15.5,3.5,56.47822797190383,44.22822797190383,12.25,nan,0.0,0,40,0,0
50,1,right_lane,naive,nan,40,0,22.768957345971565,5.0,5.0,30.0,7.5,5.5,60.477608481909144,44.22760848190914,16.25,nan,0.0,0,40,0,0
51,1,right_lane,naive,nan,40,0,23.893957345971565,6.0,7.0,27.0,9.5,1.0,61.27727548040788,46.02727548040788,15.25,nan,0.0,0,40,0,0
52,1,right_lane,naive,nan,40,0,21.768957345971565,3.0,2.0,35.0,3.0,3.5,61.12891743791034,42.62891743791034,18.5,nan,0.0,0,40,0,0
53,1,right_lane,naive,nan,19,1,20.829383886255922,0.0,0.0,19.0,0.0,7.0,28.930331753554505,19.430331753554505,9.5,nan,0.0,0,19,0,0
54,1,right_lane,naive,nan,40,0,22.393957345971565,0.0,0.0,40.0,0.0,1.0,63.13033175355449,43.1303317535545,20.0,nan,0.0,0,40,0,0
55,1,right_lane,naive,nan,40,0,22.518957345971565,1.0,1.0,38.0,0.5,5.5,63.578399108860886,43.82839910886088,19.75,nan,0.0,0,40,0,0
56,1,right_lane,naive,nan,40,0,22.983867844032495,10.0,1.0,29.0,9.5,4.0,59.82232784277623,44.57232784277623,15.25,nan,0.0,0,40,0,0
57,1,right_lane,naive,nan,40,0,20.75249644062177,0.0,1.0,39.0,0.0,1.0,61.39913518154621,41.39913518154621,20.0,nan,0.0,0,40,0,0
58,1,right_lane,naive,nan,40,0,20.393957345971565,0.0,0.0,40.0,0.0,0.0,60.45320089613101,40.45320089613101,20.0,nan,0.0,0,40,0,0
59,1,right_lane,naive,nan,11,1,24.614387259584337,11.0,0.0,0.0,11.0,0.0,13.330330394217107,12.830330394217107,0.5,nan,0.0,0,11,0,0
60,1,right_lane,naive,nan,40,0,21.643957345971565,0.0,1.0,39.0,0.0,0.5,61.42939832968611,41.9293983296861,19.5,nan,0.0,0,40,0,0
61,1,right_lane,naive,nan,40,0,22.768957345971565,14.0,3.0,23.0,15.0,0.0,56.72963543397625,44.22963543397625,12.5,nan,0.0,0,40,0,0
62,1,right_lane,naive,nan,40,0,22.268957345971565,2.0,1.0,37.0,1.5,4.0,62.67839840434077,43.42839840434078,19.25,nan,0.0,0,40,0,0
63,1,right_lane,naive,nan,40,0,22.018957345971565,10.0,24.0,6.0,21.0,1.0,52.52898849099734,43.028988490997335,9.5,nan,0.0,0,40,0,0
64,1,right_lane,naive,nan,40,0,21.643957345971565,2.0,5.0,33.0,4.5,4.5,60.17754658603251,42.42754658603252,17.75,nan,0.0,0,40,0,0
65,1,right_lane,naive,nan,33,1,23.81085738905644,0.0,1.0,32.0,0.0,9.5,54.3293983296861,37.82939832968611,16.5,nan,0.0,0,33,0,0
66,1,right_lane,naive,nan,40,0,21.518957345971565,23.0,17.0,0.0,31.0,2.5,46.47939280467738,41.72939280467738,4.75,nan,0.0,0,40,0,0
67,1,right_lane,naive,nan,40,0,21.143957345971565,0.0,1.0,39.0,0.0,3.0,61.37939766843067,41.62939766843068,19.75,nan,0.0,0,40,0,0
68,1,right_lane,naive,nan,40,0,24.997510011146723,10.0,4.0,26.0,11.5,8.5,62.04390637782087,47.79390637782087,14.25,nan,0.0,0,40,0,0
69,1,right_lane,naive,nan,40,0,20.643957345971565,2.0,1.0,37.0,1.5,0.5,60.28185774558248,41.03185774558248,19.25,nan,0.0,0,40,0,0
70,1,right_lane,naive,nan,40,0,20.768957345971565,1.0,1.0,38.0,0.5,17.0,60.77839910880876,41.02839910880877,19.75,nan,0.0,0,40,0,0
71,1,right_lane,naive,nan,40,0,22.268957345971057,1.0,1.0,38.0,0.5,3.0,63.17839910886008,43.428399108860084,19.75,nan,0.0,0,40,0,0
72,1,right_lane,naive,nan,40,0,24.375005701017248,35.0,5.0,0.0,37.0,0.5,48.46975405775841,46.96975405775841,1.5,nan,0.0,0,40,0,0
73,1,right_lane,naive,nan,40,0,20.268957345971565,0.0,0.0,40.0,0.0,17.0,60.429324703740775,40.429324703740775,20.0,nan,0.0,0,40,0,0
74,1,right_lane,naive,nan,40,0,21.768957345971565,4.0,1.0,35.0,3.5,0.5,60.87853680294435,42.62853680294435,18.25,nan,0.0,0,40,0,0
75,1,right_lane,naive,nan,40,0,23.643957345971565,18.0,1.0,21.0,17.5,7.0,56.87839877673206,45.62839877673206,11.25,nan,0.0,0,40,0,0
76,1,right_lane,naive,nan,40,0,20.268957345971565,0.0,0.0,40.0,0.0,7.5,60.2303317535545,40.2303317535545,20.0,nan,0.0,0,40,0,0
77,1,right_lane,naive,nan,40,0,22.393957345971565,21.0,4.0,15.0,24.0,2.5,52.12962286549937,43.62962286549937,8.5,nan,0.0,0,40,0,0
78,1,right_lane,naive,nan,40,0,21.268957345971565,0.0,1.0,39.0,0.0,3.5,61.32939766774115,41.82939766774114,19.5,nan,0.0,0,40,0,0
79,1,right_lane,naive,nan,40,0,23.518957345971554,8.0,1.0,31.0,7.5,2.5,61.67837715058449,45.42837715058449,16.25,nan,0.0,0,40,0,0
80,1,right_lane,naive,nan,40,0,24.766460154854055,7.0,6.0,27.0,11.0,6.5,62.42562579369366,47.42562579369366,15.0,nan,0.0,0,40,0,0
81,1,right_lane,naive,nan,40,0,21.766466606367043,0.0,1.0,39.0,0.0,2.5,62.12888249496608,42.62888249496607,19.5,nan,0.0,0,40,0,0
82,1,right_lane,naive,nan,40,0,21.268957345971565,0.0,0.0,40.0,0.0,3.0,61.83379213911206,41.83379213911206,20.0,nan,0.0,0,40,0,0
83,1,right_lane,naive,nan,40,0,22.391789654732086,1.0,1.0,38.0,0.5,11.0,63.374930802877735,43.62493080287773,19.75,nan,0.0,0,40,0,0
84,1,right_lane,naive,nan,40,0,22.643957345971565,0.0,0.0,40.0,0.0,1.0,64.03334332788558,44.03334332788558,20.0,nan,0.0,0,40,0,0
85,1,right_lane,naive,nan,40,0,20.893957345971565,0.0,0.0,40.0,0.0,7.0,61.2303317535545,41.2303317535545,20.0,nan,0.0,0,40,0,0
86,1,right_lane,naive,nan,40,0,21.393957345971554,0.0,0.0,40.0,0.0,7.5,62.030331753554485,42.03033175355448,20.0,nan,0.0,0,40,0,0
87,1,right_lane,naive,nan,40,0,21.018957345971565,1.0,1.0,38.0,0.5,1.5,61.178398403043936,41.42839840304394,19.75,nan,0.0,0,40,0,0
88,1,right_lane,naive,nan,40,0,22.89391975488909,14.0,2.0,24.0,14.5,2.5,57.177476833239375,44.42747683323939,12.75,nan,0.0,0,40,0,0
89,1,right_lane,naive,nan,40,0,22.643957345971565,7.0,1.0,32.0,6.5,12.5,60.778429369671116,44.02842936967111,16.75,nan,0.0,0,40,0,0
90,1,right_lane,naive,nan,40,0,22.143957345971565,8.0,19.0,13.0,17.0,2.0,54.72707010430991,43.22707010430992,11.5,nan,0.0,0,40,0,0
91,1,right_lane,naive,nan,40,0,22.143957345971565,0.0,0.0,40.0,0.0,7.0,63.230331753554516,43.23033175355451,20.0,nan,0.0,0,40,0,0
92,1,right_lane,naive,nan,40,0,22.643957345971565,6.0,1.0,33.0,5.5,0.5,61.2788940318288,44.028894031828806,17.25,nan,0.0,0,40,0,0
93,1,right_lane,naive,nan,40,0,20.518957345971565,0.0,0.0,40.0,0.0,19.0,60.6303317535545,40.63033175355451,20.0,nan,0.0,0,40,0,0
94,1,right_lane,naive,nan,40,0,21.518957345971565,0.0,0.0,40.0,0.0,17.0,62.23033175355451,42.2303317535545,20.0,nan,0.0,0,40,0,0
95,1,right_lane,naive,nan,40,0,21.768957345971565,0.0,1.0,39.0,0.0,2.5,62.62939766843071,42.62939766843073,20.0,nan,0.0,0,40,0,0
96,1,right_lane,naive,nan,40,0,21.268957345967657,1.0,1.0,38.0,0.5,2.0,61.57839910880253,41.82839910880251,19.75,nan,0.0,0,40,0,0
97,1,right_lane,naive,nan,40,0,23.643957345971565,0.0,1.0,39.0,0.0,6.0,65.62939766774726,45.629397667747256,20.0,nan,0.0,0,40,0,0
98,1,right_lane,naive,nan,40,0,22.018957345971565,0.0,1.0,39.0,0.0,6.0,63.02939766774115,43.029397667741144,20.0,nan,0.0,0,40,0,0
99,1,right_lane,naive,nan,40,0,22.518913969741114,5.0,6.0,29.0,7.0,4.5,60.32768328668927,43.82768328668928,16.5,nan,0.0,0,40,0,0
100,1,right_lane,naive,nan,40,0,23.143957345971565,1.0,1.0,38.0,0.5,1.0,64.57845866695631,44.82845866695631,19.75,nan,0.0,0,40,0,0
101,1,right_lane,naive,nan,40,0,23.518957345971565,13.0,2.0,25.0,13.0,3.0,58.92698519732038,45.42698519732038,13.5,nan,0.0,0,40,0,0
102,1,right_lane,naive,nan,13,1,23.135253366251842,0.0,0.0,13.0,0.0,0.0,20.930331750450954,14.430331750450957,6.5,nan,0.0,0,13,0,0
103,1,right_lane,naive,nan,40,0,24.518957345971565,7.0,5.0,28.0,9.0,0.5,62.27532129592045,46.52532129592044,15.75,nan,0.0,0,40,0,0
104,1,right_lane,naive,nan,40,0,20.518957345971565,0.0,1.0,39.0,0.0,5.5,60.379397666520454,40.629397666520454,19.75,nan,0.0,0,40,0,0
105,1,right_lane,naive,nan,40,0,22.768956694084682,10.0,1.0,29.0,9.5,1.0,59.47837610062364,44.228376100623635,15.25,nan,0.0,0,40,0,0
106,1,right_lane,naive,nan,40,0,21.268957345971565,0.0,0.0,40.0,0.0,2.0,61.83033265922121,41.83033265922122,20.0,nan,0.0,0,40,0,0
107,1,right_lane,naive,nan,40,0,24.143957345967713,14.0,2.0,24.0,14.0,1.0,59.42891779751081,46.42891779751081,13.0,nan,0.0,0,40,0,0
108,1,right_lane,naive,nan,40,0,21.768957345971053,1.0,1.0,38.0,0.5,3.5,62.3783984043453,42.628398404345305,19.75,nan,0.0,0,40,0,0
109,1,right_lane,naive,nan,40,0,22.643957345971565,0.0,1.0,39.0,0.0,3.0,64.02939832968683,44.029398329686835,20.0,nan,0.0,0,40,0,0
110,1,right_lane,naive,nan,40,0,22.518957345971565,10.0,5.0,25.0,11.5,10.5,58.079314402598946,43.829314402598946,14.25,nan,0.0,0,40,0,0
111,1,right_lane,naive,nan,40,0,21.768957345971565,27.0,1.0,12.0,26.5,2.5,49.380331753554515,42.63033175355451,6.75,nan,0.0,0,40,0,0
112,1,right_lane,naive,nan,40,0,22.518956496360392,7.0,23.0,10.0,17.5,1.0,55.078703771944774,43.828703771944774,11.25,nan,0.0,0,40,0,0
113,1,right_lane,naive,nan,40,0,21.893957345971565,4.0,2.0,34.0,4.5,14.0,60.57744771616607,42.82744771616607,17.75,nan,0.0,0,40,0,0
114,1,right_lane,naive,nan,40,0,20.643957345971565,0.0,7.0,33.0,3.0,12.0,59.32986983293866,40.82986983293866,18.5,nan,0.0,0,40,0,0
115,1,right_lane,naive,nan,40,0,22.143957345971565,1.0,2.0,37.0,1.0,0.0,62.72870484961889,43.2287048496189,19.5,nan,0.0,0,40,0,0
116,1,right_lane,naive,nan,30,1,20.358609794628755,0.0,0.0,30.0,0.0,12.5,45.2303317535545,30.230331753554502,15.0,nan,0.0,0,30,0,0
117,1,right_lane,naive,nan,40,0,25.518957345971494,15.0,4.0,21.0,16.0,0.5,60.128929418829394,48.1289294188294,12.0,nan,0.0,0,40,0,0
118,1,right_lane,naive,nan,40,0,22.018634297606518,36.0,4.0,0.0,38.0,0.0,44.27796456224062,43.02796456224062,1.25,nan,0.0,0,40,0,0
119,1,right_lane,naive,nan,40,0,22.018957345971565,0.0,0.0,40.0,0.0,10.5,62.95444311620416,43.20444311620417,19.75,nan,0.0,0,40,0,0
120,1,right_lane,naive,nan,40,0,22.14395734597149,0.0,1.0,39.0,0.5,0.0,62.97893676050451,43.22893676050451,19.75,nan,0.0,0,40,0,0
121,1,right_lane,naive,nan,40,0,21.768957345971565,1.0,1.0,38.0,0.5,4.5,62.378399108861,42.628399108861004,19.75,nan,0.0,0,40,0,0
122,1,right_lane,naive,nan,40,0,21.268957345971565,0.0,0.0,40.0,0.0,0.0,61.8303317535545,41.830331753554496,20.0,nan,0.0,0,40,0,0
123,1,right_lane,naive,nan,40,0,22.518957345971565,3.0,2.0,35.0,3.0,4.5,62.32891743791032,43.82891743791032,18.5,nan,0.0,0,40,0,0
124,1,right_lane,naive,nan,40,0,24.893585304715835,36.0,4.0,0.0,38.0,0.0,49.12809752801491,47.62809752801491,1.5,nan,0.0,0,40,0,0
125,1,right_lane,naive,nan,40,0,22.002496438936525,0.0,0.0,40.0,0.0,4.5,62.50451117936811,43.00451117936812,19.5,nan,0.0,0,40,0,0
126,1,right_lane,naive,nan,40,0,21.018957344257622,0.0,0.0,40.0,0.0,3.5,61.453200895730006,41.45320089573,20.0,nan,0.0,0,40,0,0
127,1,right_lane,naive,nan,40,0,21.018957345971565,0.0,1.0,39.0,0.0,18.0,61.42939833206728,41.42939833206728,20.0,nan,0.0,0,40,0,0
128,1,right_lane,naive,nan,17,1,24.750487838206908,1.0,1.0,15.0,1.0,3.0,28.278399085287095,20.028399085287095,8.25,nan,0.0,0,17,0,0
129,1,right_lane,naive,nan,40,0,23.76895734594235,0.0,1.0,39.0,0.0,12.0,65.07939832963936,45.329398329639346,19.75,nan,0.0,0,40,0,0
130,1,right_lane,naive,nan,40,0,21.518957345971565,0.0,0.0,40.0,0.0,9.5,62.23033175359509,42.230331753595095,20.0,nan,0.0,0,40,0,0
131,1,right_lane,naive,nan,40,0,21.768957345971565,0.0,1.0,39.0,0.0,0.5,62.62939832968611,42.6293983296861,20.0,nan,0.0,0,40,0,0
132,1,right_lane,naive,nan,40,0,21.250043292099726,0.0,1.0,39.0,0.0,14.5,61.799135182235744,41.79913518223574,20.0,nan,0.0,0,40,0,0
133,1,right_lane,naive,nan,40,0,21.018957345971554,0.0,1.0,39.0,0.0,2.5,61.455674969348124,41.455674969348124,20.0,nan,0.0,0,40,0,0
134,1,right_lane,naive,nan,40,0,20.393957345971565,0.0,0.0,40.0,0.0,20.0,60.43033175355452,40.43033175355452,20.0,nan,0.0,0,40,0,0
135,1,right_lane,naive,nan,40,0,21.518957345971565,0.0,0.0,40.0,0.0,15.5,62.2303317535545,42.230331753554495,20.0,nan,0.0,0,40,0,0
136,1,right_lane,naive,nan,40,0,20.768957345971565,0.0,1.0,39.0,0.0,0.5,61.02939766774115,41.02939766774115,20.0,nan,0.0,0,40,0,0
137,1,right_lane,naive,nan,32,1,22.679946558601884,11.0,5.0,16.0,14.0,6.0,44.728688901199384,35.22868890119939,9.5,nan,0.0,0,32,0,0
138,1,right_lane,naive,nan,40,0,21.143957345971565,0.0,1.0,39.0,0.0,1.0,60.62939780540768,41.129397805407685,19.5,nan,0.0,0,40,0,0
139,1,right_lane,naive,nan,40,0,21.893957345971565,6.0,1.0,33.0,5.5,2.0,60.07847407395942,42.828474073959434,17.25,nan,0.0,0,40,0,0
140,1,right_lane,naive,nan,40,0,23.018957345971565,9.0,2.0,29.0,9.5,12.0,59.877960287330666,44.62796028733066,15.25,nan,0.0,0,40,0,0
141,1,right_lane,naive,nan,40,0,22.768634297606514,0.0,1.0,39.0,0.0,1.5,64.22888145230203,44.22888145230203,20.0,nan,0.0,0,40,0,0
142,1,right_lane,naive,nan,40,0,22.627496440621705,28.0,2.0,10.0,29.5,3.0,49.75350606675761,44.003506066757595,5.75,nan,0.0,0,40,0,0
143,1,right_lane,naive,nan,40,0,23.143623745187625,9.0,4.0,27.0,10.5,2.5,59.27346295575804,45.023462955758035,14.25,nan,0.0,0,40,0,0
144,1,right_lane,naive,nan,40,0,21.143957345971565,0.0,0.0,40.0,0.0,13.5,61.6307952252609,41.630795225260904,20.0,nan,0.0,0,40,0,0
145,1,right_lane,naive,nan,40,0,24.393956496356477,5.0,6.0,29.0,7.0,5.0,63.327064530704476,46.827064530704476,16.5,nan,0.0,0,40,0,0
146,1,right_lane,naive,nan,40,0,21.143919754885687,0.0,1.0,39.0,0.0,1.0,61.62933870115362,41.62933870115363,20.0,nan,0.0,0,40,0,0
147,1,right_lane,naive,nan,37,1,21.371845779428718,0.0,1.0,36.0,0.5,3.0,57.329449893052235,38.82944989305223,18.5,nan,0.0,0,37,0,0
148,1,right_lane,naive,nan,40,0,21.393957345971554,7.0,13.0,20.0,13.0,6.0,54.77845946982197,41.52845946982198,13.25,nan,0.0,0,40,0,0
149,1,right_lane,naive,nan,40,0,22.143957345971565,0.0,0.0,40.0,0.0,7.5,63.23033175355451,43.2303317535545,20.0,nan,0.0,0,40,0,0
150,1,right_lane,naive,nan,40,0,20.518957345971565,0.0,0.0,40.0,0.0,17.0,60.6303317535545,40.63033175355451,20.0,nan,0.0,0,40,0,0
151,1,right_lane,naive,nan,40,0,23.518957345971565,0.0,0.0,40.0,0.0,11.5,65.43033175355451,45.43033175355451,20.0,nan,0.0,0,40,0,0
152,1,right_lane,naive,nan,40,0,22.64395734574631,14.0,2.0,24.0,15.0,8.0,57.028396148766475,44.028396148766475,13.0,nan,0.0,0,40,0,0
153,1,right_lane,naive,nan,25,1,21.230331753554502,0.0,0.0,25.0,0.0,7.0,38.03033175386745,26.030331753867443,12.0,nan,0.0,0,25,0,0
154,1,right_lane,naive,nan,37,1,25.1556295632125,16.0,1.0,20.0,15.5,7.5,54.67837785130233,43.92837785130233,10.75,nan,0.0,0,37,0,0
155,1,right_lane,naive,nan,40,0,22.518957345971565,0.0,0.0,40.0,0.0,15.0,63.3303317535545,43.3303317535545,20.0,nan,0.0,0,40,0,0
156,1,right_lane,naive,nan,40,0,22.393957258408,21.0,6.0,13.0,23.5,1.5,51.877555901080854,43.627555901080854,8.25,nan,0.0,0,40,0,0
157,1,right_lane,naive,nan,40,0,22.127496439133086,0.0,1.0,39.0,0.0,12.0,63.20306033845166,43.203060338451664,20.0,nan,0.0,0,40,0,0
158,1,right_lane,naive,nan,40,0,21.143957345971565,0.0,0.0,40.0,0.0,1.0,61.653200898199245,41.653200898199245,20.0,nan,0.0,0,40,0,0
159,1,right_lane,naive,nan,40,0,20.893957345971565,1.0,1.0,38.0,0.5,2.5,60.97839840434078,41.22839840434077,19.75,nan,0.0,0,40,0,0
160,1,right_lane,naive,nan,40,0,22.643957345971565,1.0,1.0,38.0,0.5,3.0,63.778399108860896,44.028399108860896,19.75,nan,0.0,0,40,0,0
161,1,right_lane,naive,nan,40,0,21.143957345971565,1.0,3.0,36.0,1.5,1.5,60.87805692104471,41.62805692104472,19.25,nan,0.0,0,40,0,0
162,1,right_lane,naive,nan,40,0,21.518957345971565,0.0,0.0,40.0,0.0,9.5,62.230331753554495,42.23033175355451,20.0,nan,0.0,0,40,0,0
163,1,right_lane,naive,nan,40,0,21.393957345971565,0.0,0.0,40.0,0.0,8.0,62.030331753554485,42.030331753554506,20.0,nan,0.0,0,40,0,0
164,1,right_lane,naive,nan,40,0,21.893957345971565,5.0,2.0,33.0,5.0,1.0,60.50233277762569,43.00233277762569,17.5,nan,0.0,0,40,0,0
165,1,right_lane,naive,nan,40,0,21.0189197534004,0.0,0.0,40.0,0.0,5.0,61.43027160544065,41.43027160544065,20.0,nan,0.0,0,40,0,0
166,1,right_lane,naive,nan,40,0,23.143957345971483,6.0,2.0,32.0,6.5,0.5,61.5780125198786,44.82801251987859,16.75,nan,0.0,0,40,0,0
167,1,right_lane,naive,nan,40,0,21.26895239570556,0.0,0.0,40.0,0.0,0.0,61.83032383312899,41.830323833129,20.0,nan,0.0,0,40,0,0
168,1,right_lane,naive,nan,40,0,23.143628695453636,0.0,6.0,34.0,3.0,4.5,63.32887786505436,44.828877865054366,18.5,nan,0.0,0,40,0,0
169,1,right_lane,naive,nan,40,0,21.268957345971565,0.0,0.0,40.0,0.0,3.5,61.83078834781958,41.83078834781958,20.0,nan,0.0,0,40,0,0
170,1,right_lane,naive,nan,40,0,21.643957345971565,0.0,0.0,40.0,0.0,2.0,62.4303317535545,42.430331753554505,20.0,nan,0.0,0,40,0,0
171,1,right_lane,naive,nan,40,0,21.518957345971565,5.0,2.0,33.0,6.0,15.0,59.477443766308674,42.22744376630867,17.25,nan,0.0,0,40,0,0
172,1,right_lane,naive,nan,40,0,21.518957345971565,0.0,1.0,39.0,0.0,4.5,61.97939766773994,42.229397667739946,19.75,nan,0.0,0,40,0,0
173,1,right_lane,naive,nan,40,0,23.01895733298212,0.0,8.0,32.0,3.5,3.0,62.87846479534181,44.62846479534181,18.25,nan,0.0,0,40,0,0
174,1,right_lane,naive,nan,40,0,21.893957345971565,0.0,0.0,40.0,0.0,0.0,62.83033177160074,42.830331771600754,20.0,nan,0.0,0,40,0,0
175,1,right_lane,naive,nan,40,0,23.76891480462308,0.0,1.0,39.0,0.0,2.5,65.82932960158425,45.82932960158425,20.0,nan,0.0,0,40,0,0
176,1,right_lane,naive,nan,40,0,22.750328749382284,1.0,1.0,38.0,0.5,0.5,63.94865175324341,44.1986517532434,19.75,nan,0.0,0,40,0,0
177,1,right_lane,naive,nan,40,0,21.393957345971565,4.0,2.0,34.0,4.5,2.0,60.150808545637275,42.400808545637275,17.75,nan,0.0,0,40,0,0
178,1,right_lane,naive,nan,40,0,21.768957345971565,19.0,3.0,18.0,20.0,4.0,52.629638394959954,42.62963839495996,10.0,nan,0.0,0,40,0,0
179,1,right_lane,naive,nan,25,1,21.6303317535545,0.0,1.0,24.0,0.0,11.0,38.92939766774183,26.429397667741824,12.5,nan,0.0,0,25,0,0
180,1,right_lane,naive,nan,40,0,22.643957345971565,10.0,3.0,27.0,10.5,3.5,58.278704034621036,43.528704034621036,14.75,nan,0.0,0,40,0,0
181,1,right_lane,naive,nan,40,0,23.26895734597156,4.0,14.0,22.0,10.5,5.5,59.77732937239225,45.02732937239225,14.75,nan,0.0,0,40,0,0
182,1,right_lane,naive,nan,40,0,22.143957345971497,1.0,2.0,37.0,1.0,2.0,62.72870484961893,43.22870484961893,19.5,nan,0.0,0,40,0,0
183,1,right_lane,naive,nan,40,0,21.268957345971565,0.0,0.0,40.0,0.0,11.0,61.830331753554596,41.83033175355459,20.0,nan,0.0,0,40,0,0
184,1,right_lane,naive,nan,40,0,23.768957345971565,9.0,9.0,22.0,13.0,4.5,59.32600963447049,45.82600963447049,13.5,nan,0.0,0,40,0,0
185,1,right_lane,naive,nan,40,0,24.60637699279994,14.0,7.0,19.0,17.5,4.5,58.91742219566855,47.16742219566856,11.75,nan,0.0,0,40,0,0
186,1,right_lane,naive,nan,40,0,20.393957345971565,0.0,0.0,40.0,0.0,2.0,60.32986725656166,40.82986725656166,19.5,nan,0.0,0,40,0,0
187,1,right_lane,naive,nan,40,0,22.518957345971565,11.0,1.0,28.0,10.5,10.5,58.57837990573012,43.82837990573011,14.75,nan,0.0,0,40,0,0
188,1,right_lane,naive,nan,40,0,21.518957345968165,1.0,2.0,37.0,1.5,4.0,61.47753145741531,42.2275314574153,19.25,nan,0.0,0,40,0,0
189,1,right_lane,naive,nan,40,0,20.643957345971565,0.0,0.0,40.0,0.0,6.5,60.83033175355923,40.83033175355923,20.0,nan,0.0,0,40,0,0
190,1,right_lane,naive,nan,16,1,21.922393364854578,2.0,1.0,13.0,1.5,4.0,24.278398404291924,17.028398404291924,7.25,nan,0.0,0,16,0,0
191,1,right_lane,naive,nan,26,1,21.183011301494716,2.0,1.0,23.0,1.5,8.5,38.7783984043808,26.528398404380802,12.25,nan,0.0,0,26,0,0
192,1,right_lane,naive,nan,40,0,21.393957345971565,0.0,1.0,39.0,0.0,5.5,61.529397667741144,41.52939766774115,20.0,nan,0.0,0,40,0,0
193,1,right_lane,naive,nan,40,0,21.393957345971565,0.0,1.0,39.0,0.0,2.0,62.0293983296861,42.029398329686096,20.0,nan,0.0,0,40,0,0
194,1,right_lane,naive,nan,23,1,25.685143207011013,5.0,4.0,14.0,6.5,0.5,36.27654561633087,28.026545616330868,8.25,nan,0.0,0,23,0,0
195,1,right_lane,naive,nan,40,0,23.768957345971565,5.0,3.0,32.0,6.5,0.0,62.077477439631686,45.32747743963168,16.75,nan,0.0,0,40,0,0
196,1,right_lane,naive,nan,40,0,22.768957344482818,0.0,1.0,39.0,0.0,8.5,64.22939832730411,44.22939832730412,20.0,nan,0.0,0,40,0,0
197,1,right_lane,naive,nan,40,0,21.018957345971565,1.0,1.0,38.0,0.5,1.0,61.1783991109292,41.428399110929206,19.75,nan,0.0,0,40,0,0
198,1,right_lane,naive,nan,40,0,21.268957345971565,0.0,1.0,39.0,0.0,8.0,61.82939832968611,41.8293983296861,20.0,nan,0.0,0,40,0,0
199,1,right_lane,naive,nan,40,0,23.768957345971565,12.0,1.0,27.0,11.5,1.5,60.07837714426937,45.82837714426936,14.25,nan,0.0,0,40,0,0
200,1,right_lane,naive,nan,40,0,20.268957345971565,0.0,0.0,40.0,0.0,14.0,60.2303317535545,40.2303317535545,20.0,nan,0.0,0,40,0,0
201,1,right_lane,naive,nan,40,0,20.768957345971565,1.0,1.0,38.0,0.5,7.0,60.778398404339505,41.0283984043395,19.75,nan,0.0,0,40,0,0
202,1,right_lane,naive,nan,40,0,22.143957345971565,0.0,0.0,40.0,0.0,15.0,63.230331753554495,43.2303317535545,20.0,nan,0.0,0,40,0,0
203,1,right_lane,naive,nan,40,0,20.518957344286836,0.0,1.0,39.0,0.0,4.5,60.629396512006196,40.629396512006196,20.0,nan,0.0,0,40,0,0
204,1,right_lane,naive,nan,40,0,23.643957260100045,0.0,0.0,40.0,0.0,2.0,65.63033161850066,45.630331618500676,20.0,nan,0.0,0,40,0,0
205,1,right_lane,naive,nan,40,0,25.893957345971558,23.0,2.0,15.0,23.0,7.0,57.72699947318083,49.22699947318085,8.5,nan,0.0,0,40,0,0
206,1,right_lane,naive,nan,40,0,21.26859175625804,0.0,1.0,39.0,0.0,2.0,61.82881272419952,41.828812724199516,20.0,nan,0.0,0,40,0,0
207,1,right_lane,naive,nan,40,0,23.143957345971565,1.0,1.0,38.0,0.5,10.0,64.57890631901275,44.82890631901275,19.75,nan,0.0,0,40,0,0
208,1,right_lane,naive,nan,40,0,20.393957345971565,0.0,0.0,40.0,0.0,3.5,60.430331753554505,40.430331753554505,20.0,nan,0.0,0,40,0,0
209,1,right_lane,naive,nan,40,0,24.018957345971565,5.0,3.0,32.0,5.5,1.5,63.47891545378966,46.22891545378966,17.25,nan,0.0,0,40,0,0
210,1,right_lane,naive,nan,40,0,20.643957345971565,3.0,2.0,35.0,3.0,1.0,59.32803317124173,40.828033171241735,18.5,nan,0.0,0,40,0,0
211,1,right_lane,naive,nan,40,0,21.893957345971565,7.0,4.0,29.0,8.0,2.0,58.82910124067355,42.82910124067355,16.0,nan,0.0,0,40,0,0
212,1,right_lane,naive,nan,40,0,21.268957345971565,0.0,0.0,40.0,0.0,1.0,61.8303317535545,41.83033175355451,20.0,nan,0.0,0,40,0,0
213,1,right_lane,naive,nan,40,0,21.018957345971565,0.0,0.0,40.0,0.0,11.0,61.4303317535545,41.430331753554505,20.0,nan,0.0,0,40,0,0
214,1,right_lane,naive,nan,40,0,21.393957345971565,37.0,3.0,0.0,39.0,0.0,43.02963839496077,42.02963839496077,1.0,nan,0.0,0,40,0,0
215,1,right_lane,naive,nan,40,0,21.268957345971565,4.0,1.0,35.0,3.5,0.0,59.57837627454902,41.82837627454902,17.75,nan,0.0,0,40,0,0
216,1,right_lane,naive,nan,40,0,22.893957345971565,5.0,1.0,34.0,4.5,4.5,62.17889403182882,44.428894031828804,17.75,nan,0.0,0,40,0,0
217,1,right_lane,naive,nan,40,0,20.268957345971565,0.0,0.0,40.0,0.0,2.5,60.2303317535545,40.2303317535545,20.0,nan,0.0,0,40,0,0
218,1,right_lane,naive,nan,40,0,21.76895668109524,1.0,1.0,38.0,0.5,1.5,62.37839734053865,42.62839734053866,19.75,nan,0.0,0,40,0,0
219,1,right_lane,naive,nan,40,0,21.018957345971565,0.0,0.0,40.0,0.0,5.0,61.43033267726745,41.43033267726746,20.0,nan,0.0,0,40,0,0
220,1,right_lane,naive,nan,40,0,21.768957345967713,2.0,1.0,37.0,1.5,1.5,61.87839840433461,42.62839840433462,19.25,nan,0.0,0,40,0,0
221,1,right_lane,naive,nan,40,0,23.268957345971565,0.0,10.0,30.0,5.0,0.0,62.52869159946444,45.02869159946444,17.5,nan,0.0,0,40,0,0
222,1,right_lane,naive,nan,40,0,22.643919669043452,0.0,0.0,40.0,0.0,7.5,64.03027147046951,44.03027147046953,20.0,nan,0.0,0,40,0,0
223,1,right_lane,naive,nan,40,0,23.018957345971565,11.0,3.0,26.0,12.0,0.0,58.62775733986746,44.62775733986745,14.0,nan,0.0,0,40,0,0
224,1,right_lane,naive,nan,40,0,20.518957345971565,0.0,6.0,34.0,2.5,5.0,59.37986983293866,40.62986983293866,18.75,nan,0.0,0,40,0,0
225,1,right_lane,naive,nan,40,0,21.643957345971565,0.0,1.0,39.0,0.0,0.5,62.42939832968611,42.4293983296861,20.0,nan,0.0,0,40,0,0
226,1,right_lane,naive,nan,40,0,21.268957345971565,0.0,0.0,40.0,0.0,2.5,61.8303317535545,41.83033175355451,20.0,nan,0.0,0,40,0,0
227,1,right_lane,naive,nan,40,0,23.26646165610096,0.0,3.0,37.0,1.5,2.0,64.27445155157943,45.024451551579425,19.25,nan,0.0,0,40,0,0
228,1,right_lane,naive,nan,40,0,20.768957345971565,0.0,1.0,39.0,0.0,4.0,61.032864930705415,41.03286493070541,20.0,nan,0.0,0,40,0,0
229,1,right_lane,naive,nan,40,0,21.018957345971565,0.0,0.0,40.0,0.0,0.5,61.43033175355449,41.43033175355449,20.0,nan,0.0,0,40,0,0
230,1,right_lane,naive,nan,40,0,22.268957345971565,9.0,5.0,26.0,11.0,1.0,57.927336432824745,43.427336432824745,14.5,nan,0.0,0,40,0,0
231,1,right_lane,naive,nan,40,0,21.518957345971565,0.0,1.0,39.0,0.0,0.5,62.229398329686106,42.229398329686106,20.0,nan,0.0,0,40,0,0
232,1,right_lane,naive,nan,40,0,20.893957345971565,27.0,3.0,10.0,28.0,0.5,47.22939766774115,41.22939766774115,6.0,nan,0.0,0,40,0,0
233,1,right_lane,naive,nan,36,1,20.576619273301738,3.0,2.0,31.0,3.0,15.5,53.12804908815525,36.628049088155244,16.5,nan,0.0,0,36,0,0
234,1,right_lane,naive,nan,40,0,22.143957345971565,4.0,1.0,35.0,3.5,3.0,60.97889429146352,42.72889429146352,18.25,nan,0.0,0,40,0,0
235,1,right_lane,naive,nan,40,0,22.643957345971565,3.0,2.0,35.0,3.0,2.0,62.5289174379109,44.028917437910906,18.5,nan,0.0,0,40,0,0
236,1,right_lane,naive,nan,40,0,21.268957345971565,0.0,0.0,40.0,0.0,6.5,61.8303317535545,41.83033175355451,20.0,nan,0.0,0,40,0,0
237,1,right_lane,naive,nan,40,0,20.518957345971565,3.0,4.0,33.0,4.0,0.0,58.62933119143395,40.62933119143394,18.0,nan,0.0,0,40,0,0
238,1,right_lane,naive,nan,17,1,27.103413868713115,13.0,4.0,0.0,15.0,0.0,23.128904811666946,21.628904811666942,1.5,nan,0.0,0,17,0,0
239,1,right_lane,naive,nan,40,0,22.768957345971565,0.0,1.0,39.0,0.0,12.0,63.229398329686106,43.729398329686106,19.5,nan,0.0,0,40,0,0
240,1,right_lane,naive,nan,20,1,21.53791469194313,0.0,0.0,20.0,0.0,5.5,31.030331753554506,21.030331753554506,10.0,nan,0.0,0,20,0,0
241,1,right_lane,naive,nan,40,0,22.893951657973492,0.0,0.0,40.0,0.0,0.0,63.93032265275759,43.930322652757596,20.0,nan,0.0,0,40,0,0
242,1,right_lane,naive,nan,40,0,22.393957345971565,16.0,14.0,10.0,22.5,2.0,52.37753622938826,43.62753622938827,8.75,nan,0.0,0,40,0,0
243,1,right_lane,naive,nan,40,0,22.143957345971565,0.0,0.0,40.0,0.0,0.5,63.2303317535545,43.23033175355451,20.0,nan,0.0,0,40,0,0
244,1,right_lane,naive,nan,40,0,23.143957345971565,10.0,1.0,29.0,9.5,6.5,60.078377144271236,44.828377144271236,15.25,nan,0.0,0,40,0,0
245,1,right_lane,naive,nan,40,0,23.143957345971565,1.0,1.0,38.0,0.5,1.0,64.57839840304875,44.828398403048745,19.75,nan,0.0,0,40,0,0
246,1,right_lane,naive,nan,40,0,21.018957345942347,16.0,1.0,23.0,15.5,1.0,53.68033175350683,41.43033175350683,12.25,nan,0.0,0,40,0,0
247,1,right_lane,naive,nan,40,0,21.518957345971565,0.0,0.0,40.0,0.0,0.0,62.230331753595095,42.2303317535951,20.0,nan,0.0,0,40,0,0
248,1,right_lane,naive,nan,40,0,21.25249644062177,2.0,9.0,29.0,6.0,9.0,59.052060954484254,41.80206095448426,17.25,nan,0.0,0,40,0,0
249,1,right_lane,naive,nan,40,0,23.643908365903496,6.0,6.0,28.0,9.0,5.5,61.244598941151345,45.99459894115134,15.25,nan,0.0,0,40,0,0
250,1,right_lane,naive,nan,40,0,20.643957345971565,0.0,0.0,40.0,0.0,3.5,60.830399801583226,40.830399801583226,20.0,nan,0.0,0,40,0,0
251,1,right_lane,naive,nan,40,0,20.518957345971565,0.0,0.0,40.0,0.0,6.5,60.6303317535545,40.63033175355451,20.0,nan,0.0,0,40,0,0
252,1,right_lane,naive,nan,40,0,20.393957345971558,0.0,1.0,39.0,0.0,10.0,60.42939651470176,40.42939651470176,20.0,nan,0.0,0,40,0,0
253,1,right_lane,naive,nan,40,0,21.393957345971494,11.0,1.0,28.0,10.5,5.0,56.78033159268189,42.03033159268189,14.75,nan,0.0,0,40,0,0
254,1,right_lane,naive,nan,40,0,22.518957345716643,0.0,4.0,36.0,1.5,6.0,63.07870339688017,43.82870339688017,19.25,nan,0.0,0,40,0,0
255,1,right_lane,naive,nan,40,0,22.393919754659983,0.0,1.0,39.0,0.0,2.0,63.62933818394174,43.629338183941734,20.0,nan,0.0,0,40,0,0
256,1,right_lane,naive,nan,40,0,20.393957345971565,0.0,1.0,39.0,0.0,7.0,60.429449892145094,40.429449892145094,20.0,nan,0.0,0,40,0,0
257,1,right_lane,naive,nan,40,0,22.518957345971565,25.0,1.0,14.0,24.5,1.5,51.58033175355449,43.83033175355449,7.75,nan,0.0,0,40,0,0
258,1,right_lane,naive,nan,40,0,22.268957345971565,13.0,1.0,26.0,12.5,5.5,57.18025352099595,43.43025352099595,13.75,nan,0.0,0,40,0,0
259,1,right_lane,naive,nan,39,1,21.942520354842628,0.0,12.0,27.0,5.5,1.0,58.57759647096306,41.827596470963066,16.75,nan,0.0,0,39,0,0
260,1,right_lane,naive,nan,40,0,21.143914066891014,0.0,1.0,39.0,0.0,5.5,61.12932842121107,41.12932842121107,20.0,nan,0.0,0,40,0,0
261,1,right_lane,naive,nan,40,0,24.643957345971565,4.0,3.0,33.0,5.5,0.5,64.47753756380989,47.227537563809875,17.25,nan,0.0,0,40,0,0
262,1,right_lane,naive,nan,40,0,22.518919754889087,0.0,0.0,40.0,0.0,6.0,63.83027160782254,43.83027160782254,20.0,nan,0.0,0,40,0,0
263,1,right_lane,naive,nan,40,0,20.89395734428684,0.0,1.0,39.0,0.0,0.5,61.22944989035194,41.22944989035194,20.0,nan,0.0,0,40,0,0
264,1,right_lane,naive,nan,40,0,22.018957345971565,0.0,5.0,35.0,2.5,2.0,61.77804075619336,43.02804075619337,18.75,nan,0.0,0,40,0,0
265,1,right_lane,naive,nan,40,0,21.393957345971565,0.0,1.0,39.0,0.0,6.0,62.029397667741826,42.029397667741826,20.0,nan,0.0,0,40,0,0
266,1,right_lane,naive,nan,40,0,21.768957345749705,1.0,1.0,38.0,0.5,3.0,62.37839910850591,42.62839910850592,19.75,nan,0.0,0,40,0,0
267,1,right_lane,naive,nan,40,0,21.268957345971565,0.0,1.0,39.0,0.0,3.5,61.82939832999433,41.82939832999433,20.0,nan,0.0,0,40,0,0
268,1,right_lane,naive,nan,40,0,21.893957345971565,0.0,0.0,40.0,0.0,11.0,62.8303317535545,42.830331753554496,20.0,nan,0.0,0,40,0,0
269,1,right_lane,naive,nan,40,0,22.64395164495432,0.0,0.0,40.0,0.0,1.0,64.0303226319269,44.0303226319269,20.0,nan,0.0,0,40,0,0
270,1,right_lane,naive,nan,40,0,22.518957345745793,10.0,3.0,27.0,11.5,3.5,58.078466474480976,43.82846647448097,14.25,nan,0.0,0,40,0,0
271,1,right_lane,naive,nan,40,0,21.768957345971565,0.0,0.0,40.0,0.0,0.0,62.63033175386816,42.63033175386816,20.0,nan,0.0,0,40,0,0
272,1,right_lane,naive,nan,40,0,22.268957345971565,6.0,2.0,32.0,6.0,1.0,60.4289151973289,43.428915197328905,17.0,nan,0.0,0,40,0,0
273,1,right_lane,naive,nan,40,0,21.643957345971565,0.0,0.0,40.0,0.0,5.0,62.43033175355452,42.43033175355451,20.0,nan,0.0,0,40,0,0
274,1,right_lane,naive,nan,40,0,21.018957345971565,0.0,0.0,40.0,0.0,4.0,61.4303317535545,41.430331753554505,20.0,nan,0.0,0,40,0,0
275,1,right_lane,naive,nan,40,0,21.6439573459385,0.0,0.0,40.0,0.0,1.5,62.43033175350159,42.4303317535016,20.0,nan,0.0,0,40,0,0
276,1,right_lane,naive,nan,40,0,21.14395734426102,0.0,1.0,39.0,0.0,3.5,61.62939766505022,41.62939766505021,20.0,nan,0.0,0,40,0,0
277,1,right_lane,naive,nan,40,0,21.643957345971565,0.0,0.0,40.0,0.0,1.0,62.43033175593096,42.430331755930965,20.0,nan,0.0,0,40,0,0
278,1,right_lane,naive,nan,40,0,20.768957345971565,0.0,0.0,40.0,0.0,11.0,61.030331753554506,41.030331753554506,20.0,nan,0.0,0,40,0,0
279,1,right_lane,naive,nan,40,0,21.893957345971565,6.0,1.0,33.0,5.5,1.0,60.07847407576699,42.828474075766984,17.25,nan,0.0,0,40,0,0
280,1,right_lane,naive,nan,40,0,22.393957345971565,10.0,6.0,24.0,12.5,1.5,57.37798333205186,43.62798333205186,13.75,nan,0.0,0,40,0,0
281,1,right_lane,naive,nan,15,1,21.05055292258946,0.0,0.0,15.0,0.0,7.5,22.930331753553677,15.430331753553679,7.5,nan,0.0,0,15,0,0
282,1,right_lane,naive,nan,40,0,24.143957345971565,5.0,8.0,27.0,8.0,4.5,61.92702972746641,45.927029727466405,16.0,nan,0.0,0,40,0,0
283,1,right_lane,naive,nan,40,0,21.37749644062177,3.0,3.0,34.0,4.0,6.0,60.00165714383954,42.00165714383953,18.0,nan,0.0,0,40,0,0
284,1,right_lane,naive,nan,40,0,21.393957344286836,0.0,1.0,39.0,0.0,2.0,62.22593002100735,42.22593002100736,20.0,nan,0.0,0,40,0,0
285,1,right_lane,naive,nan,40,0,23.268957345971565,40.0,0.0,0.0,40.0,0.0,45.53033175589509,45.03033175589509,0.5,nan,0.0,0,40,0,0
286,1,right_lane,naive,nan,40,0,22.39391975488909,6.0,1.0,33.0,5.5,8.5,60.552076481475346,43.802076481475346,16.75,nan,0.0,0,40,0,0
287,1,right_lane,naive,nan,40,0,22.143957345775522,20.0,20.0,0.0,30.0,6.0,48.47967774009846,43.22967774009846,5.25,nan,0.0,0,40,0,0
288,1,right_lane,naive,nan,40,0,22.768957345971565,0.0,0.0,40.0,0.0,5.5,63.98033175382685,44.23033175382686,19.75,nan,0.0,0,40,0,0
289,1,right_lane,naive,nan,28,1,22.705653351382363,0.0,4.0,24.0,1.5,3.0,44.078461888562366,30.828461888562366,13.25,nan,0.0,0,28,0,0
290,1,right_lane,naive,nan,40,0,20.768957345971565,0.0,0.0,40.0,0.0,10.5,60.530331753554506,40.530331753554506,20.0,nan,0.0,0,40,0,0
291,1,right_lane,naive,nan,40,0,23.893957345971565,5.0,4.0,31.0,6.5,0.0,62.77680585398792,46.02680585398791,16.75,nan,0.0,0,40,0,0
292,1,right_lane,naive,nan,40,0,23.893957345971565,14.0,1.0,25.0,13.5,1.0,59.27847104583576,46.02847104583576,13.25,nan,0.0,0,40,0,0
293,1,right_lane,naive,nan,40,0,20.893957345971565,0.0,0.0,40.0,0.0,1.0,61.230331753554495,41.23033175355451,20.0,nan,0.0,0,40,0,0
294,1,right_lane,naive,nan,40,0,20.143957345971565,0.0,0.0,40.0,0.0,19.0,60.030331753554506,40.0303317535545,20.0,nan,0.0,0,40,0,0
295,1,right_lane,naive,nan,40,0,22.893957345971565,23.0,1.0,16.0,22.5,0.5,53.17839754993746,44.42839754993744,8.75,nan,0.0,0,40,0,0
296,1,right_lane,naive,nan,40,0,24.518951657973492,0.0,0.0,40.0,0.0,0.0,67.03032265275758,47.0303226527576,20.0,nan,0.0,0,40,0,0
297,1,right_lane,naive,nan,40,0,22.268957345971565,0.0,1.0,39.0,0.0,0.0,63.429406232024164,43.429406232024164,20.0,nan,0.0,0,40,0,0
298,1,right_lane,naive,nan,40,0,24.768957345971565,8.0,4.0,28.0,9.0,0.0,62.92727583027624,47.42727583027624,15.5,nan,0.0,0,40,0,0
299,1,right_lane,naive,nan,40,0,21.518957345967646,0.0,0.0,40.0,0.0,2.5,62.23033175354824,42.230331753548235,20.0,nan,0.0,0,40,0,0
300,1,right_lane,naive,nan,40,0,20.518957345971565,0.0,0.0,40.0,0.0,11.5,60.63033175355994,40.63033175355994,20.0,nan,0.0,0,40,0,0
301,1,right_lane,naive,nan,40,0,20.768957345971565,0.0,0.0,40.0,0.0,5.0,61.030331753554506,41.030331753554506,20.0,nan,0.0,0,40,0,0
302,1,right_lane,naive,nan,40,0,21.643957345745793,2.0,24.0,14.0,13.5,2.5,55.67753187507708,42.42753187507707,13.25,nan,0.0,0,40,0,0
303,1,right_lane,naive,nan,40,0,22.018957345971565,1.0,1.0,38.0,0.5,2.0,62.77839840538697,43.02839840538697,19.75,nan,0.0,0,40,0,0
304,1,right_lane,naive,nan,40,0,21.00249644062177,40.0,0.0,0.0,39.5,0.0,41.90399430499483,41.40399430499483,0.5,nan,0.0,0,40,0,0
305,1,right_lane,naive,nan,40,0,23.377458834839302,6.0,2.0,32.0,6.0,1.5,62.14788963161524,45.39788963161524,16.75,nan,0.0,0,40,0,0
306,1,right_lane,naive,nan,40,0,23.018957345971565,8.0,3.0,29.0,9.0,1.5,60.14843393213176,44.64843393213175,15.5,nan,0.0,0,40,0,0
307,1,right_lane,naive,nan,40,0,22.018957345971565,39.0,1.0,0.0,40.0,0.0,43.5293983296861,43.0293983296861,0.5,nan,0.0,0,40,0,0
308,1,right_lane,naive,nan,40,0,20.893957345971565,0.0,1.0,39.0,0.0,3.0,60.729397667741154,41.22939766774115,19.5,nan,0.0,0,40,0,0
309,1,right_lane,naive,nan,40,0,22.768957345971565,6.0,1.0,33.0,5.5,0.0,61.47847118944515,44.22847118944516,17.25,nan,0.0,0,40,0,0
310,1,right_lane,naive,nan,40,0,23.268957345971565,11.0,1.0,28.0,10.5,1.5,59.77847393220931,45.02847393220931,14.75,nan,0.0,0,40,0,0
311,1,right_lane,naive,nan,40,0,23.268957234313866,2.0,1.0,37.0,1.5,1.5,64.27839893020858,45.02839893020858,19.25,nan,0.0,0,40,0,0
312,1,right_lane,naive,nan,40,0,24.76895723431381,0.0,0.0,40.0,0.0,0.0,67.6039942814685,47.6039942814685,20.0,nan,0.0,0,40,0,0
313,1,right_lane,naive,nan,40,0,23.51891395672585,0.0,2.0,38.0,1.0,1.0,64.92860248119446,45.428602481194446,19.5,nan,0.0,0,40,0,0
314,1,right_lane,naive,nan,40,0,22.768957345971565,13.0,1.0,26.0,12.5,2.5,57.97895429049122,44.228954290491224,13.75,nan,0.0,0,40,0,0
315,1,right_lane,naive,nan,40,0,22.018957345971565,0.0,3.0,37.0,1.5,5.0,62.27869180562616,43.02869180562616,19.25,nan,0.0,0,40,0,0
316,1,right_lane,naive,nan,40,0,21.268957235803004,0.0,0.0,40.0,0.0,2.5,61.8303315772848,41.8303315772848,20.0,nan,0.0,0,40,0,0
317,1,right_lane,naive,nan,40,0,21.018957345971565,1.0,1.0,38.0,0.5,11.0,61.178398557396726,41.428398557396726,19.75,nan,0.0,0,40,0,0
318,1,right_lane,naive,nan,40,0,21.768957345971565,0.0,0.0,40.0,0.0,0.0,62.6303317535545,42.63033175355451,20.0,nan,0.0,0,40,0,0
319,1,right_lane,naive,nan,40,0,20.893957345971565,0.0,1.0,39.0,0.0,2.5,61.22939766773996,41.229397667739946,20.0,nan,0.0,0,40,0,0
320,1,right_lane,naive,nan,40,0,21.018957345971565,0.0,1.0,39.0,0.0,18.0,61.42939832963659,41.429398329636605,20.0,nan,0.0,0,40,0,0
321,1,right_lane,naive,nan,40,0,22.393957345971565,0.0,0.0,40.0,0.0,11.0,63.630331753554486,43.6303317535545,20.0,nan,0.0,0,40,0,0
322,1,right_lane,naive,nan,40,0,21.143957345971565,4.0,3.0,33.0,5.0,13.0,59.12777783066692,41.627777830666915,17.5,nan,0.0,0,40,0,0
323,1,right_lane,naive,nan,40,0,24.64395733317816,14.0,6.0,20.0,16.5,9.0,58.976099667243915,47.22609966724393,11.75,nan,0.0,0,40,0,0
324,1,right_lane,naive,nan,40,0,21.268957345971565,0.0,0.0,40.0,0.0,1.0,61.830331771328375,41.830331771328375,20.0,nan,0.0,0,40,0,0
325,1,right_lane,naive,nan,40,0,22.018956498296195,0.0,3.0,37.0,1.5,6.0,62.2784474092405,43.0284474092405,19.25,nan,0.0,0,40,0,0
326,1,right_lane,naive,nan,40,0,20.393957345971565,0.0,0.0,40.0,0.0,3.5,60.43033293123025,40.43033293123025,20.0,nan,0.0,0,40,0,0
327,1,right_lane,naive,nan,40,0,21.643957345971565,0.0,0.0,40.0,0.0,1.0,62.43033175355449,42.4303317535545,20.0,nan,0.0,0,40,0,0
328,1,right_lane,naive,nan,40,0,22.018957345970982,16.0,7.0,17.0,18.5,5.5,53.77762586887101,43.02762586887101,10.75,nan,0.0,0,40,0,0
329,1,right_lane,naive,nan,40,0,25.26895154780493,7.0,6.0,27.0,9.0,1.0,63.72868059872599,48.22868059872598,15.5,nan,0.0,0,40,0,0
330,1,right_lane,naive,nan,40,0,21.268957345971565,0.0,0.0,40.0,0.0,1.0,61.8303398089498,41.8303398089498,20.0,nan,0.0,0,40,0,0
331,1,right_lane,naive,nan,40,0,22.768951646668775,4.0,1.0,35.0,3.5,2.5,62.478885172578906,44.22888517257891,18.25,nan,0.0,0,40,0,0
332,1,right_lane,naive,nan,40,0,22.14395734594184,33.0,7.0,0.0,36.0,0.0,45.480274366473886,43.230274366473886,2.25,nan,0.0,0,40,0,0
333,1,right_lane,naive,nan,40,0,20.643957345971565,3.0,3.0,34.0,4.0,0.5,58.57711506740321,40.82711506740322,17.75,nan,0.0,0,40,0,0
334,1,right_lane,naive,nan,40,0,22.39395734597156,0.0,1.0,39.0,0.0,4.5,63.62939832968611,43.629398329686104,20.0,nan,0.0,0,40,0,0
335,1,right_lane,naive,nan,12,1,26.313027842947736,5.0,2.0,5.0,5.5,2.0,18.328837062452685,14.828837062452685,3.5,nan,0.0,0,12,0,0
336,1,right_lane,naive,nan,40,0,21.26895734597155,0.0,0.0,40.0,0.0,15.5,61.0803317535545,41.33033175355448,19.75,nan,0.0,0,40,0,0
337,1,right_lane,naive,nan,40,0,21.268957345971565,0.0,0.0,40.0,0.0,12.5,61.83033175355452,41.83033175355451,20.0,nan,0.0,0,40,0,0
338,1,right_lane,naive,nan,40,0,22.893957345971565,9.0,1.0,30.0,8.5,4.5,60.1784739307257,44.42847393072572,15.75,nan,0.0,0,40,0,0
339,1,right_lane,naive,nan,40,0,21.143957345745857,0.0,3.0,37.0,1.0,8.5,61.128991229068866,41.62899122906885,19.5,nan,0.0,0,40,0,0
340,1,right_lane,naive,nan,40,0,20.518957345971565,1.0,1.0,38.0,0.5,10.0,60.3783984033575,40.6283984033575,19.75,nan,0.0,0,40,0,0
341,1,right_lane,naive,nan,25,1,20.830331753554507,5.0,1.0,19.0,4.5,6.5,35.87853391966089,25.62853391966089,10.25,nan,0.0,0,25,0,0
342,1,right_lane,naive,nan,21,1,22.655156849469627,0.0,1.0,20.0,0.0,1.0,33.02939832968609,22.52939832968609,10.5,nan,0.0,0,21,0,0
343,1,right_lane,naive,nan,40,0,20.768957345971565,0.0,0.0,40.0,0.0,18.5,60.5303317535545,40.530331753554506,20.0,nan,0.0,0,40,0,0
344,1,right_lane,naive,nan,40,0,21.018957345971558,0.0,0.0,40.0,0.0,7.0,61.4303317535545,41.4303317535545,20.0,nan,0.0,0,40,0,0
345,1,right_lane,naive,nan,40,0,21.643957345971565,0.0,1.0,39.0,0.0,8.0,62.42939832968611,42.42939832968611,20.0,nan,0.0,0,40,0,0
346,1,right_lane,naive,nan,40,1,21.643957345971565,3.0,2.0,35.0,3.5,0.0,60.67796255227886,42.42796255227887,18.25,nan,0.0,0,40,0,0
347,1,right_lane,naive,nan,40,0,24.268957345971565,17.0,14.0,9.0,23.0,5.5,54.629623304076524,46.129623304076524,8.5,nan,0.0,0,40,0,0
348,1,right_lane,naive,nan,40,0,20.518957345971565,0.0,0.0,40.0,0.0,11.0,60.80399430499483,40.80399430499483,20.0,nan,0.0,0,40,0,0
349,1,right_lane,naive,nan,40,0,21.643957345971565,10.0,18.0,12.0,19.0,0.5,53.179393201567514,42.42939320156751,10.75,nan,0.0,0,40,0,0
350,1,right_lane,naive,nan,40,0,22.268957345971565,1.0,1.0,38.0,0.5,6.5,62.928399108860894,43.4283991088609,19.5,nan,0.0,0,40,0,0
351,1,right_lane,naive,nan,40,0,26.39395660823943,21.0,2.0,17.0,21.5,3.5,59.27795910694779,50.02795910694779,9.25,nan,0.0,0,40,0,0
352,1,right_lane,naive,nan,40,0,23.893957345971565,15.0,1.0,24.0,14.5,0.5,58.7783781671613,46.0283781671613,12.75,nan,0.0,0,40,0,0
353,1,right_lane,naive,nan,40,0,21.268957345971565,1.0,9.0,30.0,4.5,2.5,59.57746435724239,41.82746435724239,17.75,nan,0.0,0,40,0,0
354,1,right_lane,naive,nan,40,0,22.268957345971565,0.0,9.0,31.0,4.0,2.0,61.42937990446502,43.429379904465016,18.0,nan,0.0,0,40,0,0
355,1,right_lane,naive,nan,40,0,21.018957345971565,1.0,1.0,38.0,0.5,1.5,61.3520609557811,41.602060955781106,19.75,nan,0.0,0,40,0,0
356,1,right_lane,naive,nan,25,1,22.8303317535545,1.0,1.0,23.0,0.5,4.5,39.87839910886089,27.628399108860897,12.25,nan,0.0,0,25,0,0
357,1,right_lane,naive,nan,40,0,22.643957345971565,10.0,1.0,29.0,9.5,8.5,58.778398735682885,43.52839873568289,15.25,nan,0.0,0,40,0,0
358,1,right_lane,naive,nan,40,0,23.768957345971565,13.0,1.0,26.0,12.5,4.5,59.578377143533146,45.828377143533146,13.75,nan,0.0,0,40,0,0
359,1,right_lane,naive,nan,40,0,21.268957345971565,4.0,1.0,35.0,3.5,4.0,60.07839840507326,41.828398405073266,18.25,nan,0.0,0,40,0,0
360,1,right_lane,naive,nan,40,0,20.643957345971494,1.0,5.0,34.0,2.5,10.5,59.57933234335218,40.82933234335217,18.75,nan,0.0,0,40,0,0
361,1,right_lane,naive,nan,40,0,22.643957345971565,4.0,12.0,24.0,9.5,11.5,59.27597674028055,44.02597674028054,15.25,nan,0.0,0,40,0,0
362,1,right_lane,naive,nan,40,0,22.143952395702158,0.0,0.0,40.0,0.0,2.5,63.23032383312347,43.230323833123464,20.0,nan,0.0,0,40,0,0
363,1,right_lane,naive,nan,40,0,22.518957345971565,8.0,9.0,23.0,11.5,6.5,58.078450301216286,43.82845030121629,14.25,nan,0.0,0,40,0,0
364,1,right_lane,naive,nan,40,0,23.893957345971565,0.0,5.0,35.0,2.0,6.5,65.02775399712374,46.02775399712373,19.0,nan,0.0,0,40,0,0
365,1,right_lane,naive,nan,40,0,20.768957345971565,0.0,1.0,39.0,0.0,0.0,61.029397666520445,41.02939766652044,20.0,nan,0.0,0,40,0,0
366,1,right_lane,naive,nan,40,0,21.14395174381868,0.0,7.0,33.0,3.0,14.0,60.13025223106364,41.630252231063636,18.5,nan,0.0,0,40,0,0
367,1,right_lane,naive,nan,40,0,21.50249644062177,0.0,0.0,40.0,0.0,2.0,62.204002088068144,42.204002088068144,20.0,nan,0.0,0,40,0,0
368,1,right_lane,naive,nan,40,0,21.518957345971565,0.0,5.0,35.0,2.0,1.0,61.59981758301045,42.59981758301045,19.0,nan,0.0,0,40,0,0
369,1,right_lane,naive,nan,40,0,22.893957345967657,1.0,1.0,38.0,0.5,1.0,64.17839910885465,44.428399108854656,19.75,nan,0.0,0,40,0,0
370,1,right_lane,naive,nan,40,0,21.018957345971565,16.0,24.0,0.0,27.5,0.5,47.93033175319869,41.43033175319869,6.5,nan,0.0,0,40,0,0
371,1,right_lane,naive,nan,40,0,22.018957345941836,0.0,0.0,40.0,0.0,1.5,62.780331753506935,43.030331753506935,19.75,nan,0.0,0,40,0,0
372,1,right_lane,naive,nan,40,0,22.643952395676344,0.0,1.0,39.0,0.0,5.0,64.02939040925503,44.02939040925505,20.0,nan,0.0,0,40,0,0
373,1,right_lane,naive,nan,40,0,23.893957345971565,0.0,4.0,36.0,2.5,5.0,65.03033863100168,46.03033863100169,19.0,nan,0.0,0,40,0,0
374,1,right_lane,naive,nan,40,0,24.518957345971565,0.0,0.0,40.0,0.0,12.0,66.78033175355449,47.0303317535545,19.75,nan,0.0,0,40,0,0
375,1,right_lane,naive,nan,40,0,22.64395734406113,0.0,0.0,40.0,0.0,0.0,64.03033175049782,44.030331750497815,20.0,nan,0.0,0,40,0,0
376,1,right_lane,naive,nan,40,0,22.518914053875754,0.0,1.0,39.0,0.5,0.5,63.578867495805504,43.8288674958055,19.75,nan,0.0,0,40,0,0
377,1,right_lane,naive,nan,40,0,23.143957345971565,10.0,2.0,28.0,10.0,10.0,59.82873033766503,44.82873033766503,15.0,nan,0.0,0,40,0,0
378,1,right_lane,naive,nan,40,0,21.893957345971565,1.0,1.0,38.0,0.5,3.5,62.5783991088088,42.82839910880878,19.75,nan,0.0,0,40,0,0
379,1,right_lane,naive,nan,40,0,21.268909202470194,1.0,1.0,38.0,0.5,1.0,61.578321374738586,41.82832137473858,19.75,nan,0.0,0,40,0,0
380,1,right_lane,naive,nan,40,0,22.76890910360975,10.0,3.0,27.0,11.0,5.5,58.72885517218542,44.22885517218542,14.5,nan,0.0,0,40,0,0
381,1,right_lane,naive,nan,40,0,20.643957345971565,0.0,1.0,39.0,0.0,1.5,60.82946469087427,40.829464690874275,20.0,nan,0.0,0,40,0,0
382,1,right_lane,naive,nan,40,0,21.393957345971565,0.0,1.0,39.0,0.0,6.0,62.0293983296861,42.029398329686096,20.0,nan,0.0,0,40,0,0
383,1,right_lane,naive,nan,40,0,22.143957345971565,0.0,0.0,40.0,0.0,0.0,63.23033175355451,43.2303317535545,20.0,nan,0.0,0,40,0,0
384,1,right_lane,naive,nan,40,0,22.143957345971565,0.0,1.0,39.0,0.0,5.5,63.2293983296861,43.229398329686106,20.0,nan,0.0,0,40,0,0
385,1,right_lane,naive,nan,40,0,20.393957345971565,0.0,1.0,39.0,0.0,2.5,60.429397666520444,40.429397666520444,20.0,nan,0.0,0,40,0,0
386,1,right_lane,naive,nan,40,0,21.768957345971565,3.0,3.0,34.0,3.5,5.0,60.87891707687935,42.62891707687935,18.25,nan,0.0,0,40,0,0
387,1,right_lane,naive,nan,40,0,21.49754686449713,0.0,1.0,39.0,0.0,4.5,62.195140896161355,42.195140896161355,20.0,nan,0.0,0,40,0,0
388,1,right_lane,naive,nan,40,0,21.768957345971554,0.0,0.0,40.0,0.0,8.0,62.66007734427782,42.66007734427782,20.0,nan,0.0,0,40,0,0
389,1,right_lane,naive,nan,40,0,23.518957345971565,4.0,4.0,32.0,5.0,6.0,62.92867262954443,45.42867262954443,17.5,nan,0.0,0,40,0,0
390,1,right_lane,naive,nan,40,0,22.393957345971565,5.0,3.0,32.0,5.5,3.5,60.87869182201645,43.628691822016435,17.25,nan,0.0,0,40,0,0
391,1,right_lane,naive,nan,40,0,21.377496440621762,8.0,1.0,31.0,7.5,8.0,58.25398401506216,42.00398401506216,16.25,nan,0.0,0,40,0,0
392,1,right_lane,naive,nan,40,0,24.268957345971565,12.0,7.0,21.0,14.5,3.5,59.575235619659914,46.825235619659914,12.75,nan,0.0,0,40,0,0
393,1,right_lane,naive,nan,40,0,23.518957345971565,13.0,3.0,24.0,13.5,0.0,58.67827991103793,45.42827991103793,13.25,nan,0.0,0,40,0,0
394,1,right_lane,naive,nan,40,0,24.018957345971565,8.0,7.0,25.0,10.5,12.0,60.97749882723521,46.22749882723521,14.75,nan,0.0,0,40,0,0
395,1,right_lane,naive,nan,40,0,21.393957345971565,5.0,9.0,26.0,9.0,6.5,57.527133232160054,42.027133232160054,15.5,nan,0.0,0,40,0,0
396,1,right_lane,naive,nan,40,0,21.768957345971565,6.0,4.0,30.0,7.5,4.0,58.87776480771416,42.627764807714165,16.25,nan,0.0,0,40,0,0
397,1,right_lane,naive,nan,40,0,23.643957345971565,0.0,1.0,39.0,0.0,5.5,65.62939766774115,45.629397667741145,20.0,nan,0.0,0,40,0,0
398,1,right_lane,naive,nan,40,0,21.143957345971565,0.0,1.0,39.0,0.0,1.5,61.62939766774183,41.62939766774183,20.0,nan,0.0,0,40,0,0
399,1,right_lane,naive,nan,40,0,20.893957345971565,0.0,0.0,40.0,0.0,1.5,61.2303317535545,41.2303317535545,20.0,nan,0.0,0,40,0,0
400,1,right_lane,naive,nan,40,0,20.268957345971565,0.0,0.0,40.0,0.0,13.0,60.40399430499483,40.40399430499483,20.0,nan,0.0,0,40,0,0
401,1,right_lane,naive,nan,40,0,20.893957345971565,0.0,1.0,39.0,0.0,2.0,61.229397667741154,41.22939766774115,20.0,nan,0.0,0,40,0,0
402,1,right_lane,naive,nan,40,0,21.64395734596714,0.0,0.0,40.0,0.0,8.5,62.43033175354743,42.43033175354743,20.0,nan,0.0,0,40,0,0
403,1,right_lane,naive,nan,40,0,25.518957345971565,20.0,10.0,10.0,24.0,1.0,56.62822828858147,48.62822828858147,8.0,nan,0.0,0,40,0,0
404,1,right_lane,naive,nan,40,0,22.768956608239495,1.0,1.0,38.0,0.5,3.5,63.97839792848959,44.22839792848958,19.75,nan,0.0,0,40,0,0
405,1,right_lane,naive,nan,40,0,21.143957345749705,12.0,1.0,27.0,11.5,5.0,55.88033277503284,41.630332775032834,14.25,nan,0.0,0,40,0,0
406,1,right_lane,naive,nan,40,0,22.500043292099726,0.0,1.0,39.0,0.0,1.5,63.79913518185443,43.79913518185443,20.0,nan,0.0,0,40,0,0
407,1,right_lane,naive,nan,40,0,23.372503574111864,6.0,5.0,29.0,8.0,3.5,61.643304320156915,45.39330432015693,16.25,nan,0.0,0,40,0,0
408,1,right_lane,naive,nan,40,0,23.018957345970982,0.0,4.0,36.0,2.0,6.0,63.58214046283731,44.83214046283731,18.75,nan,0.0,0,40,0,0
409,1,right_lane,naive,nan,40,0,21.768957345971565,1.0,1.0,38.0,0.5,2.5,62.37839910880955,42.628399108809575,19.75,nan,0.0,0,40,0,0
410,1,right_lane,naive,nan,40,0,23.268957245618584,10.0,13.0,17.0,15.5,4.5,57.2775933432116,45.02759334321159,12.25,nan,0.0,0,40,0,0
411,1,right_lane,naive,nan,40,0,21.625043292099726,0.0,23.0,17.0,11.0,2.5,57.07279506773036,42.57279506773036,14.5,nan,0.0,0,40,0,0
412,1,right_lane,naive,nan,40,0,20.268957345971565,0.0,0.0,40.0,0.0,14.5,60.60393415926287,40.60393415926286,20.0,nan,0.0,0,40,0,0
413,1,right_lane,naive,nan,40,0,20.768957345971565,13.0,1.0,26.0,12.5,4.0,54.78033173272431,41.03033173272431,13.75,nan,0.0,0,40,0,0
414,1,right_lane,naive,nan,40,0,22.018957345971565,10.0,1.0,29.0,9.5,15.0,58.27847104587876,43.02847104587876,15.25,nan,0.0,0,40,0,0
415,1,right_lane,naive,nan,40,0,21.018957345971565,16.0,1.0,23.0,15.5,0.5,53.68033175354742,41.43033175354742,12.25,nan,0.0,0,40,0,0
416,1,right_lane,naive,nan,40,0,23.26858615410515,6.0,2.0,32.0,6.0,0.5,62.028321569630734,45.028321569630734,17.0,nan,0.0,0,40,0,0
417,1,right_lane,naive,nan,40,0,21.01895239570556,0.0,0.0,40.0,0.0,10.0,61.430839530141654,41.43083953014164,20.0,nan,0.0,0,40,0,0
418,1,right_lane,naive,nan,40,0,20.893957345971565,0.0,0.0,40.0,0.0,1.0,61.23033863096109,41.23033863096111,20.0,nan,0.0,0,40,0,0
419,1,right_lane,naive,nan,40,0,22.768957345971565,7.0,7.0,26.0,9.5,4.0,59.47867402948243,44.22867402948242,15.25,nan,0.0,0,40,0,0
420,1,right_lane,naive,nan,40,0,22.518957345971565,14.0,10.0,16.0,18.5,2.5,54.57639846085691,43.82639846085691,10.75,nan,0.0,0,40,0,0
421,1,right_lane,naive,nan,40,0,22.018957345971565,0.0,1.0,39.0,0.0,2.0,63.02939766774182,43.02939766774183,20.0,nan,0.0,0,40,0,0
422,1,right_lane,naive,nan,40,0,22.3939573459385,0.0,0.0,40.0,0.0,3.0,63.63033175350159,43.6303317535016,20.0,nan,0.0,0,40,0,0
423,1,right_lane,naive,nan,40,0,21.643957345971565,0.0,0.0,40.0,0.0,6.5,62.430331753600434,42.430331753600434,20.0,nan,0.0,0,40,0,0
424,1,right_lane,naive,nan,40,0,21.768957345971565,4.0,3.0,33.0,4.5,3.0,60.37892998571786,42.62892998571786,17.75,nan,0.0,0,40,0,0
425,1,right_lane,naive,nan,40,0,21.143957345971565,8.0,4.0,28.0,9.0,11.0,57.12933119143395,41.62933119143395,15.5,nan,0.0,0,40,0,0
426,1,right_lane,naive,nan,40,0,22.893957345971565,0.0,1.0,39.0,0.0,0.5,64.42939832968611,44.42939832968611,20.0,nan,0.0,0,40,0,0
427,1,right_lane,naive,nan,19,1,22.145173359931892,1.0,1.0,17.0,0.5,0.5,29.67839840433451,20.42839840433451,9.25,nan,0.0,0,19,0,0
428,1,right_lane,naive,nan,40,0,24.268957345971565,15.0,2.0,23.0,15.5,1.5,58.377443719664726,46.12744371966473,12.25,nan,0.0,0,40,0,0
429,1,right_lane,naive,nan,11,1,20.978026711802876,0.0,0.0,11.0,0.5,5.0,16.730331753193266,11.23033175319327,5.5,nan,0.0,0,11,0,0
430,1,right_lane,naive,nan,40,0,21.018957345971565,0.0,0.0,40.0,0.0,13.0,60.6803317535545,40.930331753554505,19.75,nan,0.0,0,40,0,0
431,1,right_lane,naive,nan,40,0,22.393957345971565,0.0,0.0,40.0,0.0,5.5,63.630331753554515,43.63033175355451,20.0,nan,0.0,0,40,0,0
432,1,right_lane,naive,nan,40,0,23.268957345971565,9.0,1.0,30.0,8.5,0.0,60.77837714354758,45.028377143547566,15.75,nan,0.0,0,40,0,0
433,1,right_lane,naive,nan,40,0,20.768957345971057,14.0,2.0,24.0,14.5,1.0,53.77939766773286,41.02939766773285,12.75,nan,0.0,0,40,0,0
434,1,right_lane,naive,nan,40,0,24.00249644036678,10.0,3.0,27.0,10.5,0.0,60.95194246207231,46.20194246207231,14.75,nan,0.0,0,40,0,0
435,1,right_lane,naive,nan,40,0,21.37749644062177,11.0,1.0,28.0,10.5,2.0,56.776862246997574,42.02686224699758,14.75,nan,0.0,0,40,0,0
436,1,right_lane,naive,nan,40,0,21.268957345971565,0.0,0.0,40.0,0.0,11.5,62.200525999011674,42.20052599901167,20.0,nan,0.0,0,40,0,0
437,1,right_lane,naive,nan,40,0,20.768957345971565,6.0,4.0,30.0,7.0,6.5,57.52981055018771,41.02981055018771,16.5,nan,0.0,0,40,0,0
438,1,right_lane,naive,nan,40,0,24.625043292099726,32.0,8.0,0.0,35.5,0.0,49.697254090951375,47.19725409095139,2.5,nan,0.0,0,40,0,0
439,1,right_lane,naive,nan,40,0,23.143957345971565,8.0,4.0,28.0,9.0,4.0,60.27789815603879,45.02789815603879,15.25,nan,0.0,0,40,0,0
440,1,right_lane,naive,nan,40,0,21.518957345971565,1.0,5.0,34.0,3.0,4.5,60.7278211239102,42.2278211239102,18.5,nan,0.0,0,40,0,0
441,1,right_lane,naive,nan,40,0,21.018957247332974,0.0,1.0,39.0,0.0,12.5,61.42939750991941,41.42939750991941,20.0,nan,0.0,0,40,0,0
442,1,right_lane,naive,nan,40,0,20.893957345971565,0.0,0.0,40.0,0.0,4.0,61.230331890593135,41.230331890593135,20.0,nan,0.0,0,40,0,0
443,1,right_lane,naive,nan,40,0,22.018957345971565,0.0,1.0,39.0,0.0,4.0,63.0293983296861,43.02939832968611,20.0,nan,0.0,0,40,0,0
444,1,right_lane,naive,nan,40,0,23.768628596815038,5.0,10.0,25.0,10.0,6.5,60.82785916482522,45.82785916482522,15.0,nan,0.0,0,40,0,0
445,1,right_lane,naive,nan,40,0,21.893957345971565,1.0,1.0,38.0,0.5,10.5,62.57885513641168,42.828855136411676,19.75,nan,0.0,0,40,0,0
446,1,right_lane,naive,nan,40,0,21.5189573459385,9.0,1.0,30.0,8.5,6.5,57.97839754903152,42.22839754903153,15.75,nan,0.0,0,40,0,0
447,1,right_lane,naive,nan,40,0,22.39146081973038,33.0,3.0,4.0,34.0,1.0,46.62369216094575,43.62369216094575,3.0,nan,0.0,0,40,0,0
448,1,right_lane,naive,nan,40,0,22.518957345971565,27.0,2.0,11.0,27.5,0.5,50.08286609267538,43.83286609267538,6.25,nan,0.0,0,40,0,0
449,1,right_lane,naive,nan,17,1,20.92695846110954,0.0,1.0,16.0,0.0,9.0,25.92939766652043,17.42939766652043,8.5,nan,0.0,0,17,0,0
450,1,right_lane,naive,nan,40,0,22.643957345971554,1.0,1.0,38.0,0.5,5.0,63.27839840507329,43.52839840507329,19.75,nan,0.0,0,40,0,0
451,1,right_lane,naive,nan,40,0,21.143957345971565,0.0,0.0,40.0,0.0,1.0,61.63033175355451,41.630331753554515,20.0,nan,0.0,0,40,0,0
452,1,right_lane,naive,nan,40,0,23.750043292099726,10.0,4.0,26.0,11.5,2.5,60.04771316154588,45.79771316154588,14.25,nan,0.0,0,40,0,0
453,1,right_lane,naive,nan,40,0,22.143957345971565,18.0,1.0,21.0,19.5,0.0,54.18027160746129,43.430271607461286,10.75,nan,0.0,0,40,0,0
454,1,right_lane,naive,nan,40,0,22.39395659544609,15.0,17.0,8.0,23.0,3.0,51.6284929097343,43.62849290973429,8.0,nan,0.0,0,40,0,0
455,1,right_lane,naive,nan,25,1,22.4303317535545,1.0,1.0,23.0,1.0,9.0,39.47840015156624,27.22840015156624,12.25,nan,0.0,0,25,0,0
456,1,right_lane,naive,nan,40,0,22.393957345971565,0.0,0.0,40.0,0.0,9.0,62.88033175355452,43.13033175355451,19.75,nan,0.0,0,40,0,0
457,1,right_lane,naive,nan,40,0,23.768957345971565,0.0,0.0,40.0,0.5,2.0,65.8303317535545,45.830331753554496,20.0,nan,0.0,0,40,0,0
458,1,right_lane,naive,nan,40,0,22.768956693888633,1.0,1.0,38.0,0.5,5.5,63.7283973617406,44.22839736174062,19.5,nan,0.0,0,40,0,0
459,1,right_lane,naive,nan,40,0,21.268957345971565,0.0,1.0,39.0,0.0,10.0,61.829398573680905,41.82939857368089,20.0,nan,0.0,0,40,0,0
460,1,right_lane,naive,nan,40,0,21.268957345971565,7.0,1.0,32.0,6.5,0.5,58.57839840304393,41.828398403043934,16.75,nan,0.0,0,40,0,0
461,1,right_lane,naive,nan,40,0,21.018957345971565,0.0,1.0,39.0,0.0,8.0,61.429397666520444,41.429397666520444,20.0,nan,0.0,0,40,0,0
462,1,right_lane,naive,nan,40,0,23.893957345971565,8.0,1.0,31.0,7.5,13.0,62.27837785141184,46.02837785141184,16.25,nan,0.0,0,40,0,0
463,1,right_lane,naive,nan,40,0,22.018957345971554,0.0,0.0,40.0,0.0,1.0,63.03033175355449,43.030331753554485,20.0,nan,0.0,0,40,0,0
464,1,right_lane,naive,nan,38,1,20.54627089026285,0.0,0.0,38.0,0.0,1.0,57.63033175319954,38.630331753199535,19.0,nan,0.0,0,38,0,0
465,1,right_lane,naive,nan,40,0,22.268957345971494,12.0,1.0,27.0,11.5,1.0,57.18025352135072,42.93025352135072,14.25,nan,0.0,0,40,0,0
466,1,right_lane,naive,nan,40,0,21.143957345971565,1.0,1.0,38.0,0.5,0.0,61.37839910886098,41.62839910886099,19.75,nan,0.0,0,40,0,0
467,1,right_lane,naive,nan,40,0,21.393957345971565,0.0,0.0,40.0,0.0,10.0,62.030331753554506,42.030331753554506,20.0,nan,0.0,0,40,0,0
468,1,right_lane,naive,nan,40,0,20.893957345971565,0.0,0.0,40.0,0.0,7.0,61.2303317535545,41.2303317535545,20.0,nan,0.0,0,40,0,0
469,1,right_lane,naive,nan,40,0,22.62500001301917,0.0,0.0,40.0,0.0,3.0,64.00000002083068,44.00000002083068,20.0,nan,0.0,0,40,0,0
470,1,right_lane,naive,nan,40,0,22.768957345971565,7.0,1.0,32.0,6.5,0.0,61.17839626210046,44.42839626210046,16.75,nan,0.0,0,40,0,0
471,1,right_lane,naive,nan,40,0,23.268957345971565,0.0,0.0,40.0,0.0,0.0,65.03033175355449,45.0303317535545,20.0,nan,0.0,0,40,0,0
472,1,right_lane,naive,nan,40,0,22.14395239570556,2.0,2.0,36.0,2.5,1.0,61.977458529566306,43.227458529566306,18.75,nan,0.0,0,40,0,0
473,1,right_lane,naive,nan,40,0,20.893957345971565,15.0,16.0,9.0,24.0,3.5,49.728076471746306,41.228076471746306,8.5,nan,0.0,0,40,0,0
474,1,right_lane,naive,nan,40,0,23.768956593506385,7.0,11.0,22.0,11.5,8.0,59.57566791524307,45.82566791524307,13.75,nan,0.0,0,40,0,0
475,1,right_lane,naive,nan,40,0,22.268957345971565,10.0,5.0,25.0,11.5,4.0,57.67793643180677,43.42793643180676,14.25,nan,0.0,0,40,0,0
476,1,right_lane,naive,nan,40,0,24.14113226785104,0.0,3.0,37.0,2.5,2.0,65.6751034668277,46.425103466827686,19.25,nan,0.0,0,40,0,0
477,1,right_lane,naive,nan,40,0,20.768957345971565,0.0,0.0,40.0,0.0,2.0,60.53291853297417,41.03291853297417,19.5,nan,0.0,0,40,0,0
478,1,right_lane,naive,nan,40,0,24.268957345938,28.0,4.0,8.0,29.0,5.0,52.12642069800097,46.62642069800097,5.5,nan,0.0,0,40,0,0
479,1,right_lane,naive,nan,40,0,25.018957345945164,6.0,11.0,23.0,10.5,2.0,62.57467452748022,47.82467452748022,14.75,nan,0.0,0,40,0,0
480,1,right_lane,naive,nan,40,0,22.39150419744946,5.0,1.0,34.0,4.5,11.5,61.374452154627285,43.62445215462728,17.75,nan,0.0,0,40,0,0
481,1,right_lane,naive,nan,40,0,20.518957345971565,0.0,1.0,39.0,0.0,14.5,60.63280582799123,40.63280582799123,20.0,nan,0.0,0,40,0,0
482,1,right_lane,naive,nan,40,0,22.39178965473164,4.0,5.0,31.0,6.0,8.5,60.624118250797174,43.62411825079718,17.0,nan,0.0,0,40,0,0
483,1,right_lane,naive,nan,40,0,20.643957345971565,0.0,1.0,39.0,0.0,4.0,60.832409242072835,40.832409242072835,20.0,nan,0.0,0,40,0,0
484,1,right_lane,naive,nan,40,0,21.143957345775526,1.0,1.0,38.0,0.5,1.0,61.3783984047596,41.628398404759594,19.75,nan,0.0,0,40,0,0
485,1,right_lane,naive,nan,40,0,21.018957345971565,0.0,1.0,39.0,0.0,0.5,61.4293976680135,41.42939766801351,20.0,nan,0.0,0,40,0,0
486,1,right_lane,naive,nan,18,1,21.70879410215788,0.0,0.0,18.0,0.0,4.0,28.03033175355368,19.03033175355368,9.0,nan,0.0,0,18,0,0
487,1,right_lane,naive,nan,40,0,24.518957345971057,0.0,1.0,39.0,0.0,1.5,66.52939832968602,46.529398329685996,20.0,nan,0.0,0,40,0,0
488,1,right_lane,naive,nan,40,0,22.643628598303728,9.0,2.0,29.0,10.5,0.0,59.452531925124596,44.20253192512461,15.25,nan,0.0,0,40,0,0
489,1,right_lane,naive,nan,40,0,21.768956498296195,0.0,0.0,40.0,0.0,6.5,62.13078712654412,42.63078712654412,19.5,nan,0.0,0,40,0,0
490,1,right_lane,naive,nan,40,0,20.893957345971565,0.0,0.0,40.0,0.0,1.5,61.23033293123026,41.23033293123025,20.0,nan,0.0,0,40,0,0
491,1,right_lane,naive,nan,40,0,21.643957345937995,1.0,1.0,38.0,0.5,8.0,62.17839840299022,42.42839840299022,19.75,nan,0.0,0,40,0,0
492,1,right_lane,naive,nan,40,0,20.268957345971565,0.0,0.0,40.0,0.0,11.0,60.23033175360114,40.23033175360114,20.0,nan,0.0,0,40,0,0
493,1,right_lane,naive,nan,40,0,22.143957345971565,0.0,1.0,39.0,0.0,15.5,63.2293983296861,43.229398329686106,20.0,nan,0.0,0,40,0,0
494,1,right_lane,naive,nan,40,0,21.518957345971565,0.0,0.0,40.0,0.0,3.5,62.230331753554495,42.23033175355451,20.0,nan,0.0,0,40,0,0
495,1,right_lane,naive,nan,40,0,20.643957345971565,3.0,3.0,34.0,4.0,0.5,58.82711506736192,40.82711506736192,18.0,nan,0.0,0,40,0,0
496,1,right_lane,naive,nan,40,0,22.268957345971565,1.0,4.0,35.0,2.0,4.5,62.426984689440516,43.426984689440516,19.0,nan,0.0,0,40,0,0
497,1,right_lane,naive,nan,40,0,21.768957345971565,0.0,1.0,39.0,0.0,1.0,62.629398329686104,42.6293983296861,20.0,nan,0.0,0,40,0,0
498,1,right_lane,naive,nan,40,0,21.89366628653611,0.0,0.0,40.0,0.0,1.0,62.82986605845779,42.82986605845778,20.0,nan,0.0,0,40,0,0
499,1,right_lane,naive,nan,40,0,20.768957345971508,0.0,0.0,40.0,0.0,13.0,61.030736122547864,41.030736122547864,20.0,nan,0.0,0,40,0,0
500,1,right_lane,naive,nan,40,0,20.393957345971565,1.0,1.0,38.0,0.5,11.5,60.17839717648504,40.42839717648504,19.75,nan,0.0,0,40,0,0
501,1,right_lane,naive,nan,40,0,24.143957234117757,18.0,9.0,13.0,23.5,4.0,55.178670487557845,46.42867048755784,8.75,nan,0.0,0,40,0,0
502,1,right_lane,naive,nan,40,0,20.643957345971565,0.0,1.0,39.0,0.0,0.0,60.32939782192352,40.82939782192352,19.5,nan,0.0,0,40,0,0
503,1,right_lane,naive,nan,40,0,20.393957345971565,4.0,8.0,28.0,7.0,16.5,56.928991229068764,40.428991229068764,16.5,nan,0.0,0,40,0,0
504,1,right_lane,naive,nan,11,1,24.485753733021287,1.0,1.0,9.0,1.0,2.5,18.02179899778363,12.771798997783629,5.25,nan,0.0,0,11,0,0
505,1,right_lane,naive,nan,40,0,21.268957345971565,0.0,0.0,40.0,0.0,4.5,61.08033175355449,41.330331753554496,19.75,nan,0.0,0,40,0,0
506,1,right_lane,naive,nan,40,0,20.768957345971565,1.0,1.0,38.0,0.5,1.0,60.77839840434078,41.02839840434077,19.75,nan,0.0,0,40,0,0
507,1,right_lane,naive,nan,40,0,25.643957345971558,10.0,4.0,26.0,11.5,0.0,63.07822211354116,48.82822211354116,14.25,nan,0.0,0,40,0,0
508,1,right_lane,naive,nan,40,0,23.393957344257622,4.0,5.0,31.0,6.0,4.5,62.22775632728697,45.227756327286976,17.0,nan,0.0,0,40,0,0
509,1,right_lane,naive,nan,40,0,23.856047606234675,9.0,5.0,26.0,11.5,2.5,60.71630880892115,45.96630880892115,14.75,nan,0.0,0,40,0,0
510,1,right_lane,naive,nan,40,0,22.51891975488524,1.0,1.0,38.0,0.5,6.5,63.30466882705853,44.05466882705852,19.25,nan,0.0,0,40,0,0
511,1,right_lane,naive,nan,40,0,23.143957345971565,10.0,2.0,28.0,10.0,0.5,59.828967418168084,44.82896741816809,15.0,nan,0.0,0,40,0,0
512,1,right_lane,naive,nan,40,0,22.75000570101725,0.0,0.0,40.0,0.0,3.0,64.20000912162757,44.200009121627595,20.0,nan,0.0,0,40,0,0
513,1,right_lane,naive,nan,40,0,20.893956694084682,2.0,1.0,37.0,1.5,1.0,60.50472688945455,41.25472688945455,19.25,nan,0.0,0,40,0,0
514,1,right_lane,naive,nan,40,0,21.143957345971565,1.0,1.0,38.0,0.5,4.0,61.378399310006195,41.6283993100062,19.75,nan,0.0,0,40,0,0
515,1,right_lane,naive,nan,40,0,22.26891405390157,13.0,1.0,26.0,12.5,0.5,57.178327915645895,43.428327915645895,13.75,nan,0.0,0,40,0,0
516,1,right_lane,naive,nan,40,0,21.393957345971565,1.0,1.0,38.0,0.5,12.5,61.77845855003015,42.02845855003016,19.75,nan,0.0,0,40,0,0
517,1,right_lane,naive,nan,40,0,22.518957345971565,8.0,2.0,30.0,8.0,3.0,59.8286865330563,43.8286865330563,16.0,nan,0.0,0,40,0,0
518,1,right_lane,naive,nan,40,0,21.143628695453636,15.0,2.0,23.0,16.0,4.0,53.62789435718491,41.627894357184914,12.0,nan,0.0,0,40,0,0
519,1,right_lane,naive,nan,40,0,21.018957345971565,10.0,1.0,29.0,9.5,1.0,56.680786989151805,41.430786989151805,15.25,nan,0.0,0,40,0,0
520,1,right_lane,naive,nan,40,0,21.268957345971565,0.0,0.0,40.0,0.0,0.0,61.83033175355452,41.8303317535545,20.0,nan,0.0,0,40,0,0
521,1,right_lane,naive,nan,40,0,20.768957345971565,0.0,6.0,34.0,2.5,6.0,59.77939858645939,41.02939858645939,18.75,nan,0.0,0,40,0,0
522,1,right_lane,naive,nan,40,0,21.250328749382216,0.0,0.0,40.0,0.0,5.0,61.80052599901154,41.80052599901155,20.0,nan,0.0,0,40,0,0
523,1,right_lane,naive,nan,40,0,20.518957345971565,5.0,2.0,33.0,5.0,8.0,58.154806603433045,40.654806603433045,17.5,nan,0.0,0,40,0,0
524,1,right_lane,naive,nan,40,0,24.89395724713693,0.0,1.0,39.0,0.0,1.5,67.62939817155069,47.62939817155069,20.0,nan,0.0,0,40,0,0
525,1,right_lane,naive,nan,40,0,22.018957345971565,0.0,4.0,36.0,1.5,15.0,62.277737255629276,43.02773725562927,19.25,nan,0.0,0,40,0,0
526,1,right_lane,naive,nan,36,1,23.63217482885729,7.0,3.0,26.0,8.0,9.5,55.02600674907119,41.02600674907119,14.0,nan,0.0,0,36,0,0
527,1,right_lane,naive,nan,40,0,24.766789654732076,13.0,5.0,22.0,14.5,0.0,59.67520432312529,46.92520432312531,12.75,nan,0.0,0,40,0,0
528,1,right_lane,naive,nan,40,0,23.64395734574586,1.0,14.0,25.0,7.0,9.0,62.128735784147615,45.62873578414762,16.5,nan,0.0,0,40,0,0
529,1,right_lane,naive,nan,40,0,22.893957345971565,11.0,1.0,28.0,10.5,11.0,59.17837714254357,44.428377142543575,14.75,nan,0.0,0,40,0,0
530,1,right_lane,naive,nan,40,0,21.643957345941836,0.0,0.0,40.0,0.0,4.0,62.43033175350694,42.43033175350693,20.0,nan,0.0,0,40,0,0
531,1,right_lane,naive,nan,40,0,21.393957345971565,0.0,0.0,40.0,0.0,0.5,62.030331753595796,42.03033175359579,20.0,nan,0.0,0,40,0,0
532,1,right_lane,naive,nan,40,0,21.75249644062177,0.0,1.0,39.0,0.0,12.5,62.60306021918147,42.60306021918147,20.0,nan,0.0,0,40,0,0
533,1,right_lane,naive,nan,40,0,21.893957345971565,0.0,0.0,40.0,0.0,1.0,63.02686344757134,43.026863447571344,20.0,nan,0.0,0,40,0,0
534,1,right_lane,naive,nan,40,0,20.893957345971565,29.0,2.0,9.0,29.0,4.0,46.7303317535545,41.2303317535545,5.5,nan,0.0,0,40,0,0
535,1,right_lane,naive,nan,40,0,20.893957345971565,32.0,1.0,7.0,31.5,3.0,45.4803317535545,41.2303317535545,4.25,nan,0.0,0,40,0,0
536,1,right_lane,naive,nan,40,0,23.50000000171446,7.0,1.0,32.0,6.5,1.0,62.148045393553396,45.39804539355339,16.75,nan,0.0,0,40,0,0
537,1,right_lane,naive,nan,40,0,22.893957345967202,8.0,3.0,29.0,9.5,4.5,59.70379312652143,44.45379312652143,15.25,nan,0.0,0,40,0,0
538,1,right_lane,naive,nan,40,0,23.018957345971565,13.0,3.0,24.0,13.5,1.0,57.87869182202226,44.628691822022276,13.25,nan,0.0,0,40,0,0
539,1,right_lane,naive,nan,40,0,20.893957345971565,40.0,0.0,0.0,40.0,0.0,41.7303317535545,41.2303317535545,0.5,nan,0.0,0,40,0,0
540,1,right_lane,naive,nan,40,0,21.75032874938229,0.0,0.0,40.0,0.0,4.0,62.10052599901167,42.60052599901167,19.5,nan,0.0,0,40,0,0
541,1,right_lane,naive,nan,40,0,22.893957345971565,0.0,0.0,40.0,0.0,13.5,64.6298750219024,44.6298750219024,20.0,nan,0.0,0,40,0,0
542,1,right_lane,naive,nan,40,0,23.268957345971565,0.0,1.0,39.0,0.0,11.0,65.0293983296861,45.02939832968612,20.0,nan,0.0,0,40,0,0
543,1,right_lane,naive,nan,40,0,22.018957345971565,0.0,1.0,39.0,0.0,9.0,63.0293983296861,43.0293983296861,20.0,nan,0.0,0,40,0,0
544,1,right_lane,naive,nan,40,0,20.893957345971565,1.0,4.0,35.0,2.5,7.5,59.9771804076276,41.2271804076276,18.75,nan,0.0,0,40,0,0
545,1,right_lane,naive,nan,40,0,23.268957345971565,0.0,1.0,39.0,0.0,1.0,65.02939766843072,45.02939766843072,20.0,nan,0.0,0,40,0,0
546,1,right_lane,naive,nan,40,0,22.768957345971565,0.0,1.0,39.0,0.0,0.0,64.2293983296861,44.229398329686106,20.0,nan,0.0,0,40,0,0
547,1,right_lane,naive,nan,40,0,21.143957345971565,0.0,1.0,39.0,0.0,11.0,61.6293983296861,41.6293983296861,20.0,nan,0.0,0,40,0,0
548,1,right_lane,naive,nan,40,0,21.518957345971565,0.0,0.0,40.0,0.0,2.0,62.2303317535545,42.2303317535545,20.0,nan,0.0,0,40,0,0
549,1,right_lane,naive,nan,40,0,22.518957345971494,9.0,8.0,23.0,12.0,1.5,57.82796410079023,43.82796410079023,14.0,nan,0.0,0,40,0,0
550,1,right_lane,naive,nan,29,1,23.8192515116849,7.0,3.0,19.0,8.5,6.5,43.47675388897479,33.22675388897478,10.25,nan,0.0,0,29,0,0
551,1,right_lane,naive,nan,40,0,22.893628695453636,8.0,4.0,28.0,9.5,1.0,59.176820646417575,43.926820646417575,15.25,nan,0.0,0,40,0,0
552,1,right_lane,naive,nan,40,0,21.268957345971565,0.0,7.0,33.0,3.0,0.0,60.32985660185777,41.82985660185778,18.5,nan,0.0,0,40,0,0
553,1,right_lane,naive,nan,40,0,22.124956806990408,13.0,5.0,22.0,15.0,6.5,55.697265135711106,43.197265135711106,12.5,nan,0.0,0,40,0,0
554,1,right_lane,naive,nan,40,0,20.518957345971565,0.0,0.0,40.0,0.0,10.5,60.65672920771882,40.65672920771882,20.0,nan,0.0,0,40,0,0
555,1,right_lane,naive,nan,40,0,21.393957345971565,0.0,0.0,40.0,0.0,5.5,62.030331753554506,42.03033175355451,20.0,nan,0.0,0,40,0,0
556,1,right_lane,naive,nan,40,0,22.143957345971565,1.0,2.0,37.0,1.5,13.5,62.47753216190942,43.227532161909416,19.25,nan,0.0,0,40,0,0
557,1,right_lane,naive,nan,40,0,23.99783240762488,0.0,0.0,40.0,0.0,3.5,66.19653185219981,46.196531852199804,20.0,nan,0.0,0,40,0,0
558,1,right_lane,naive,nan,40,0,24.516132155971935,6.0,9.0,25.0,10.5,6.0,62.22647501942302,47.22647501942301,15.0,nan,0.0,0,40,0,0
559,1,right_lane,naive,nan,40,0,22.6417896532434,18.0,2.0,20.0,18.5,0.5,54.529855055842596,44.029855055842596,10.5,nan,0.0,0,40,0,0
560,1,right_lane,naive,nan,17,1,22.1034290492749,17.0,0.0,0.0,17.0,0.0,18.733343329906226,18.233343329906226,0.5,nan,0.0,0,17,0,0
561,1,right_lane,naive,nan,40,0,21.143957345971565,1.0,1.0,38.0,0.5,3.5,60.37839840507326,41.12839840507327,19.25,nan,0.0,0,40,0,0
562,1,right_lane,naive,nan,40,0,22.01895659693478,12.0,2.0,26.0,13.0,3.5,56.52839584718018,43.028395847180185,13.5,nan,0.0,0,40,0,0
563,1,right_lane,naive,nan,40,0,20.893957345971565,14.0,4.0,22.0,15.5,3.0,53.47847607241884,41.22847607241885,12.25,nan,0.0,0,40,0,0
564,1,right_lane,naive,nan,40,0,25.018957345971565,14.0,8.0,18.0,17.0,1.0,59.326863570972336,47.826863570972336,11.5,nan,0.0,0,40,0,0
565,1,right_lane,naive,nan,40,0,20.8939566082395,0.0,0.0,40.0,0.0,0.0,61.230330573183195,41.230330573183195,20.0,nan,0.0,0,40,0,0
566,1,right_lane,naive,nan,40,0,21.393957345971565,0.0,0.0,40.0,0.0,0.5,62.03033277848597,42.03033277848597,20.0,nan,0.0,0,40,0,0
567,1,right_lane,naive,nan,40,0,20.518957345971565,0.0,2.0,38.0,0.5,15.0,60.37939766652045,40.62939766652045,19.75,nan,0.0,0,40,0,0
568,1,right_lane,naive,nan,40,0,24.768957345971565,6.0,8.0,26.0,9.5,0.0,62.67626719886907,47.426267198869084,15.25,nan,0.0,0,40,0,0
569,1,right_lane,naive,nan,40,0,21.893957345971565,0.0,1.0,39.0,0.0,1.0,62.8293983296861,42.829398329686114,20.0,nan,0.0,0,40,0,0
570,1,right_lane,naive,nan,40,0,21.00032874938229,3.0,1.0,36.0,4.5,0.0,59.650523039280664,41.400523039280664,18.25,nan,0.0,0,40,0,0
571,1,right_lane,naive,nan,40,0,24.518957345971565,0.0,5.0,35.0,2.5,3.0,65.47759834222204,47.22759834222203,18.25,nan,0.0,0,40,0,0
572,1,right_lane,naive,nan,40,0,25.643956608239495,17.0,3.0,20.0,18.0,1.5,59.827683312337314,48.827683312337314,11.0,nan,0.0,0,40,0,0
573,1,right_lane,naive,nan,40,0,22.018957345971565,0.0,1.0,39.0,0.0,5.0,63.02939935461757,43.02939935461757,20.0,nan,0.0,0,40,0,0
574,1,right_lane,naive,nan,40,0,21.51895733295239,16.0,3.0,21.0,18.0,4.5,53.72847498304381,42.228474983043796,11.5,nan,0.0,0,40,0,0
575,1,right_lane,naive,nan,40,0,22.12749147584797,1.0,4.0,35.0,2.5,2.5,61.450835033517386,43.200835033517386,18.25,nan,0.0,0,40,0,0
576,1,right_lane,naive,nan,40,0,23.893957345775522,18.0,2.0,20.0,18.5,1.0,56.80034101367373,46.05034101367374,10.75,nan,0.0,0,40,0,0
577,1,right_lane,naive,nan,40,0,22.768957345967646,14.0,10.0,16.0,19.0,1.0,54.901887347243665,44.401887347243665,10.5,nan,0.0,0,40,0,0
578,1,right_lane,naive,nan,40,0,21.518957345971565,0.0,0.0,40.0,0.0,3.0,62.230331753559945,42.230331753559945,20.0,nan,0.0,0,40,0,0
579,1,right_lane,naive,nan,40,0,20.518957345971565,0.0,0.0,40.0,0.0,17.5,60.630331753554515,40.6303317535545,20.0,nan,0.0,0,40,0,0
580,1,right_lane,naive,nan,40,0,21.64395734448282,0.0,0.0,40.0,0.0,7.0,62.43033175117251,42.43033175117251,20.0,nan,0.0,0,40,0,0
581,1,right_lane,naive,nan,40,0,21.018957345971565,0.0,1.0,39.0,0.0,4.5,61.42939766980946,41.42939766980946,20.0,nan,0.0,0,40,0,0
582,1,right_lane,naive,nan,40,0,24.268957345971565,0.0,0.0,40.0,0.0,0.0,66.6303317535545,46.630331753554515,20.0,nan,0.0,0,40,0,0
583,1,right_lane,naive,nan,40,0,23.518957345971565,19.0,2.0,19.0,19.5,8.5,55.67753696002297,45.42753696002297,10.25,nan,0.0,0,40,0,0
584,1,right_lane,naive,nan,40,0,23.643957345971565,1.0,4.0,35.0,2.0,0.5,64.62674365458555,45.626743654585546,19.0,nan,0.0,0,40,0,0
585,1,right_lane,naive,nan,40,0,22.268957247332974,6.0,2.0,32.0,6.0,3.5,60.428461356682185,43.428461356682185,17.0,nan,0.0,0,40,0,0
586,1,right_lane,naive,nan,40,0,20.268957345971565,0.0,0.0,40.0,0.0,6.0,60.230331890593135,40.230331890593135,20.0,nan,0.0,0,40,0,0
587,1,right_lane,naive,nan,35,1,21.73595125253893,0.0,0.0,35.0,0.0,3.5,54.73033175355451,37.23033175355451,17.5,nan,0.0,0,35,0,0
588,1,right_lane,naive,nan,40,0,26.01895734406107,18.0,7.0,15.0,20.5,5.5,58.67828541328123,48.92828541328123,9.75,nan,0.0,0,40,0,0
589,1,right_lane,naive,nan,38,1,23.57258667793238,0.0,3.0,35.0,1.5,4.0,61.47963748265688,43.22963748265688,18.25,nan,0.0,0,38,0,0
590,1,right_lane,naive,nan,40,0,22.768957345971565,0.0,1.0,39.0,0.0,4.0,63.729398329686106,43.7293983296861,20.0,nan,0.0,0,40,0,0
591,1,right_lane,naive,nan,40,0,22.643957345971565,11.0,4.0,25.0,12.5,4.0,57.77746502304754,44.02746502304753,13.75,nan,0.0,0,40,0,0
592,1,right_lane,naive,nan,40,0,21.393671888659334,0.0,1.0,39.0,0.0,4.0,62.02894159798654,42.02894159798654,20.0,nan,0.0,0,40,0,0
593,1,right_lane,naive,nan,40,0,23.518957344257114,0.0,1.0,39.0,0.0,1.0,65.42979491290433,45.42979491290433,20.0,nan,0.0,0,40,0,0
594,1,right_lane,naive,nan,40,0,22.018957345971565,0.0,1.0,39.0,0.0,0.5,63.029398332067984,43.029398332067984,20.0,nan,0.0,0,40,0,0
595,1,right_lane,naive,nan,40,0,21.018957345970993,0.0,1.0,39.0,0.0,5.5,61.429397667739025,41.429397667739025,20.0,nan,0.0,0,40,0,0
596,1,right_lane,naive,nan,40,0,20.768957345971565,0.0,1.0,39.0,0.0,1.5,61.02939766774195,41.02939766774195,20.0,nan,0.0,0,40,0,0
597,1,right_lane,naive,nan,40,0,22.518957345971565,9.0,3.0,28.0,10.0,2.0,58.82795966432012,43.82795966432012,15.0,nan,0.0,0,40,0,0
598,1,right_lane,naive,nan,38,1,20.6778498378648,0.0,0.0,38.0,0.0,1.0,57.8303317535545,38.8303317535545,19.0,nan,0.0,0,38,0,0
599,1,right_lane,naive,nan,40,0,23.268957345971565,9.0,8.0,23.0,12.5,9.0,58.52870582373154,44.528705823731535,14.0,nan,0.0,0,40,0,0
600,1,right_lane,naive,nan,40,0,23.356043406494138,25.0,7.0,8.0,28.0,2.0,51.09074716773417,45.340747167734186,5.75,nan,0.0,0,40,0,0
601,1,right_lane,naive,nan,40,0,23.768957345971565,10.0,5.0,25.0,11.5,1.5,60.30329679328847,46.05329679328847,14.25,nan,0.0,0,40,0,0
602,1,right_lane,naive,nan,40,0,20.893957345941843,0.0,4.0,36.0,1.5,8.0,60.47899122938243,41.228991229382416,19.25,nan,0.0,0,40,0,0
603,1,right_lane,naive,nan,40,0,22.143957345968165,6.0,1.0,33.0,5.5,2.5,60.4785368047851,43.2285368047851,17.25,nan,0.0,0,40,0,0
604,1,right_lane,naive,nan,40,0,22.26895174381868,0.0,0.0,40.0,0.0,11.0,63.43032279011461,43.430322790114616,20.0,nan,0.0,0,40,0,0
605,1,right_lane,naive,nan,40,0,21.268957345971565,0.0,5.0,35.0,2.0,5.0,60.829633020337596,41.829633020337596,19.0,nan,0.0,0,40,0,0
606,1,right_lane,naive,nan,40,0,21.875328749382295,2.0,1.0,37.0,1.5,1.0,62.04859264979794,42.79859264979794,19.25,nan,0.0,0,40,0,0
607,1,right_lane,naive,nan,40,0,20.643957345971565,0.0,0.0,40.0,0.0,1.5,61.029875021902406,41.029875021902406,20.0,nan,0.0,0,40,0,0
608,1,right_lane,naive,nan,13,1,21.981407213098787,0.0,0.0,13.0,0.0,1.0,20.330331750811368,13.83033175081137,6.5,nan,0.0,0,13,0,0
609,1,right_lane,naive,nan,40,0,22.018957345971565,14.0,2.0,24.0,14.5,6.0,55.27939710793361,42.52939710793361,12.75,nan,0.0,0,40,0,0
610,1,right_lane,naive,nan,40,0,21.0189573329563,0.0,0.0,40.0,0.0,6.5,61.43033173273008,41.43033173273009,20.0,nan,0.0,0,40,0,0
611,1,right_lane,naive,nan,40,0,21.518957345971565,0.0,0.0,40.0,0.0,3.5,62.23033177163661,42.230331771636614,20.0,nan,0.0,0,40,0,0
612,1,right_lane,naive,nan,40,0,22.393957345971565,1.0,1.0,38.0,0.5,9.5,63.37839840507331,43.628398405073305,19.75,nan,0.0,0,40,0,0
613,1,right_lane,naive,nan,40,0,21.268957345971565,1.0,2.0,37.0,1.0,11.0,61.32804909828601,41.828049098286016,19.5,nan,0.0,0,40,0,0
614,1,right_lane,naive,nan,40,0,20.518957345971565,0.0,0.0,40.0,0.0,3.5,60.63033175355449,40.6303317535545,20.0,nan,0.0,0,40,0,0
615,1,right_lane,naive,nan,40,0,20.518956692595996,0.0,0.0,40.0,0.0,7.0,60.630330708153586,40.630330708153586,20.0,nan,0.0,0,40,0,0
616,1,right_lane,naive,nan,11,1,25.5234577972102,11.0,0.0,0.0,11.0,0.0,13.730322338507435,13.230322338507435,0.5,nan,0.0,0,11,0,0
617,1,right_lane,naive,nan,40,0,22.518957345971565,0.0,1.0,39.0,0.0,0.5,62.829398329686114,43.329398329686114,19.5,nan,0.0,0,40,0,0
618,1,right_lane,naive,nan,40,0,24.143957345971565,0.0,0.0,40.0,0.0,2.0,66.4303317535545,46.430331753554505,20.0,nan,0.0,0,40,0,0
619,1,right_lane,naive,nan,40,0,21.143957345971565,4.0,1.0,35.0,3.5,1.5,59.878536804749245,41.62853680474925,18.25,nan,0.0,0,40,0,0
620,1,right_lane,naive,nan,40,1,21.768957345971565,0.0,0.0,40.0,0.0,3.5,62.6303317535545,42.63033175355451,20.0,nan,0.0,0,40,0,0
621,1,right_lane,naive,nan,40,0,22.143957345937928,19.0,3.0,18.0,19.5,7.0,52.97845274809689,42.72845274809689,10.25,nan,0.0,0,40,0,0
622,1,right_lane,naive,nan,40,0,21.018957345971565,23.0,5.0,12.0,25.0,1.0,48.92939766778788,41.42939766778788,7.5,nan,0.0,0,40,0,0
623,1,right_lane,naive,nan,40,0,24.143957345971565,9.0,1.0,30.0,8.5,0.0,62.17889399247141,46.4288939924714,15.75,nan,0.0,0,40,0,0
624,1,right_lane,naive,nan,40,0,21.143957345971565,0.0,7.0,33.0,3.0,2.5,60.12941594267627,41.62941594267628,18.5,nan,0.0,0,40,0,0
625,1,right_lane,naive,nan,40,0,21.393957345971565,0.0,1.0,39.0,0.0,7.5,62.0293983296861,42.029398329686096,20.0,nan,0.0,0,40,0,0
626,1,right_lane,naive,nan,40,0,21.518957345971565,0.0,1.0,39.0,0.0,9.5,62.22939766774115,42.22939766774115,20.0,nan,0.0,0,40,0,0
627,1,right_lane,naive,nan,40,0,22.143957345971565,0.0,0.0,40.0,0.0,0.0,63.23033175355451,43.230331753554495,20.0,nan,0.0,0,40,0,0
628,1,right_lane,naive,nan,40,0,22.143628596815045,0.0,0.0,40.0,0.0,3.0,63.22980575490407,43.22980575490408,20.0,nan,0.0,0,40,0,0
629,1,right_lane,naive,nan,20,1,23.787913190440776,0.0,0.0,20.0,0.0,3.0,32.83078728369106,22.83078728369106,10.0,nan,0.0,0,20,0,0
630,1,right_lane,naive,nan,40,0,20.268957345971565,0.0,0.0,40.0,0.0,18.5,59.7303317535545,39.7303317535545,20.0,nan,0.0,0,40,0,0
631,1,right_lane,naive,nan,40,0,23.268629347340514,6.0,4.0,30.0,7.5,2.0,61.27715898723929,45.02715898723928,16.25,nan,0.0,0,40,0,0
632,1,right_lane,naive,nan,40,0,26.268957345967635,0.0,0.0,40.0,0.0,0.5,69.8307874421813,49.83078744218132,20.0,nan,0.0,0,40,0,0
633,1,right_lane,naive,nan,40,0,22.643628695453636,1.0,5.0,34.0,2.5,5.0,62.77559835195656,44.02559835195656,18.75,nan,0.0,0,40,0,0
634,1,right_lane,naive,nan,40,0,21.268957345971565,0.0,5.0,35.0,2.5,4.5,60.579854564033155,41.829854564033155,18.75,nan,0.0,0,40,0,0
635,1,right_lane,naive,nan,40,0,21.393957345971565,2.0,4.0,34.0,3.0,2.5,60.52869115241789,42.02869115241789,18.5,nan,0.0,0,40,0,0
636,1,right_lane,naive,nan,40,0,21.143957345971565,1.0,1.0,38.0,0.5,0.0,61.37839910886089,41.62839910886089,19.75,nan,0.0,0,40,0,0
637,1,right_lane,naive,nan,40,0,20.643957345971565,0.0,0.0,40.0,0.0,1.5,60.8303317535545,40.8303317535545,20.0,nan,0.0,0,40,0,0
638,1,right_lane,naive,nan,40,0,22.875000013019175,14.0,6.0,20.0,17.5,5.5,55.89679636569228,44.39679636569228,11.5,nan,0.0,0,40,0,0
639,1,right_lane,naive,nan,40,0,25.106043503644038,2.0,6.0,32.0,5.5,9.0,65.49436079776109,47.99436079776109,17.5,nan,0.0,0,40,0,0
640,1,right_lane,naive,nan,40,0,25.252496440617865,0.0,0.0,40.0,0.0,1.0,68.10399312461617,48.603993124616174,19.5,nan,0.0,0,40,0,0
641,1,right_lane,naive,nan,40,0,23.018957345971554,12.0,21.0,7.0,23.0,6.5,53.57552294612051,44.82552294612051,8.75,nan,0.0,0,40,0,0
642,1,right_lane,naive,nan,40,0,21.268957345971565,0.0,1.0,39.0,0.0,0.0,61.57939832968611,41.82939832968611,19.75,nan,0.0,0,40,0,0
643,1,right_lane,naive,nan,40,0,23.518957345971565,0.0,1.0,39.0,0.0,2.5,65.42939832968612,45.42939832968611,20.0,nan,0.0,0,40,0,0
644,1,right_lane,naive,nan,40,0,21.893957345971565,6.0,1.0,33.0,5.5,7.5,60.07837785756398,42.82837785756398,17.25,nan,0.0,0,40,0,0
645,1,right_lane,naive,nan,40,0,22.14113291973792,0.0,0.0,40.0,0.0,2.0,63.22581267158068,43.225812671580684,20.0,nan,0.0,0,40,0,0
646,1,right_lane,naive,nan,40,0,21.643957345971565,0.0,1.0,39.0,0.0,5.5,62.43332230621481,42.43332230621482,20.0,nan,0.0,0,40,0,0
647,1,right_lane,naive,nan,40,0,20.893957345971565,2.0,4.0,34.0,4.5,12.0,59.22747811985526,41.22747811985527,18.0,nan,0.0,0,40,0,0
648,1,right_lane,naive,nan,40,0,21.268957345971565,1.0,1.0,38.0,0.5,10.0,61.50205833287119,42.00205833287119,19.5,nan,0.0,0,40,0,0
649,1,right_lane,naive,nan,40,0,21.518957345967653,0.0,1.0,39.0,0.0,9.5,62.22939766773488,42.22939766773488,20.0,nan,0.0,0,40,0,0
650,1,right_lane,naive,nan,40,0,22.518957345971565,3.0,9.0,28.0,6.5,1.0,60.57625151603147,43.82625151603147,16.75,nan,0.0,0,40,0,0
651,1,right_lane,naive,nan,40,0,21.893957345971565,0.0,0.0,40.0,0.0,2.5,62.8303317535545,42.83033175355451,20.0,nan,0.0,0,40,0,0
652,1,right_lane,naive,nan,40,0,21.393957345971565,0.0,1.0,39.0,0.0,8.5,62.029397667741144,42.02939766774114,20.0,nan,0.0,0,40,0,0
653,1,right_lane,naive,nan,40,0,20.268957345971565,0.0,0.0,40.0,0.0,10.0,60.2303317535545,40.2303317535545,20.0,nan,0.0,0,40,0,0
654,1,right_lane,naive,nan,40,0,22.018957345971565,0.0,5.0,35.0,2.5,3.0,61.779393929399035,43.02939392939902,18.75,nan,0.0,0,40,0,0
655,1,right_lane,naive,nan,39,1,21.429699842022117,1.0,1.0,37.0,0.5,9.5,60.27839840434077,41.02839840434078,19.25,nan,0.0,0,39,0,0
656,1,right_lane,naive,nan,40,0,22.518957247107274,1.0,1.0,38.0,0.5,4.5,63.078398950678036,43.328398950678036,19.75,nan,0.0,0,40,0,0
657,1,right_lane,naive,nan,40,0,21.768957345941836,0.0,0.0,40.0,0.0,0.0,62.63033189085913,42.63033189085913,20.0,nan,0.0,0,40,0,0
658,1,right_lane,naive,nan,40,0,23.518957345971565,10.0,5.0,25.0,11.5,9.5,59.67868910215759,45.428689102157584,14.25,nan,0.0,0,40,0,0
659,1,right_lane,naive,nan,40,0,25.018956595446095,7.0,3.0,30.0,7.5,0.5,64.07891422000526,47.82891422000525,16.25,nan,0.0,0,40,0,0
660,1,right_lane,naive,nan,40,0,21.643957345941836,0.0,0.0,40.0,0.0,1.0,62.430332796212284,42.43033279621228,20.0,nan,0.0,0,40,0,0
661,1,right_lane,naive,nan,40,0,21.768957345971565,1.0,1.0,38.0,0.5,7.5,62.378399108902194,42.6283991089022,19.75,nan,0.0,0,40,0,0
662,1,right_lane,naive,nan,40,0,22.249720243734682,6.0,8.0,26.0,9.5,13.0,58.6460476277552,43.396047627755195,15.25,nan,0.0,0,40,0,0
663,1,right_lane,naive,nan,40,0,22.26895734597155,9.0,1.0,30.0,8.5,9.0,59.378858518915806,43.62885851891581,15.75,nan,0.0,0,40,0,0
664,1,right_lane,naive,nan,38,1,20.6778498378648,1.0,1.0,36.0,0.5,10.5,57.57839840433951,38.82839840433951,18.75,nan,0.0,0,38,0,0
665,1,right_lane,naive,nan,40,0,21.518957344286825,0.0,0.0,40.0,0.0,2.0,61.73033175085892,41.73033175085892,20.0,nan,0.0,0,40,0,0
666,1,right_lane,naive,nan,14,1,24.33987808925142,11.0,3.0,0.0,13.0,0.0,17.228243323502298,16.228243323502298,1.0,nan,0.0,0,14,0,0
667,1,right_lane,naive,nan,40,0,21.643957345971565,1.0,1.0,38.0,0.5,6.5,61.17839842481084,41.928398424810844,19.25,nan,0.0,0,40,0,0
668,1,right_lane,naive,nan,40,0,20.893957345971565,2.0,1.0,37.0,1.5,6.0,60.47839840434077,41.22839840434077,19.25,nan,0.0,0,40,0,0
669,1,right_lane,naive,nan,40,0,20.393957345971565,0.0,0.0,40.0,0.0,10.5,60.430331753554505,40.430331753554505,20.0,nan,0.0,0,40,0,0
670,1,right_lane,naive,nan,40,0,22.893957345971565,10.0,2.0,28.0,10.0,2.0,59.428704849608124,44.42870484960813,15.0,nan,0.0,0,40,0,0
671,1,right_lane,naive,nan,40,0,24.518957345971565,14.0,3.0,23.0,14.5,1.5,59.77891514086115,47.028915140861145,12.75,nan,0.0,0,40,0,0
672,1,right_lane,naive,nan,40,0,25.481042654028442,32.0,7.0,1.0,35.5,0.5,51.065216735243304,48.565216735243304,2.5,nan,0.0,0,40,0,0
673,1,right_lane,naive,nan,40,0,22.37749644062177,8.0,3.0,29.0,9.0,0.0,59.07777768728332,43.82777768728334,15.25,nan,0.0,0,40,0,0
674,1,right_lane,naive,nan,40,0,21.893957345971565,2.0,1.0,37.0,1.5,0.5,62.27493080287773,43.02493080287773,19.25,nan,0.0,0,40,0,0
675,1,right_lane,naive,nan,40,0,23.018957345971565,11.0,17.0,12.0,18.5,0.0,55.379623304077455,44.62962330407746,10.75,nan,0.0,0,40,0,0
676,1,right_lane,naive,nan,40,0,20.393957345971565,0.0,1.0,39.0,0.0,3.5,60.429397666520444,40.429397666520444,20.0,nan,0.0,0,40,0,0
677,1,right_lane,naive,nan,40,0,23.893957345967642,11.0,4.0,25.0,13.0,10.5,59.52799368006935,46.027993680069365,13.5,nan,0.0,0,40,0,0
678,1,right_lane,naive,nan,40,0,20.518957345971565,0.0,1.0,39.0,0.0,5.5,60.629397667745394,40.629397667745394,20.0,nan,0.0,0,40,0,0
679,1,right_lane,naive,nan,30,1,20.85860979462875,0.0,1.0,29.0,0.0,1.5,45.82939766774115,30.829397667741148,15.0,nan,0.0,0,30,0,0
680,1,right_lane,naive,nan,40,0,22.393957345749122,5.0,3.0,32.0,6.0,2.0,60.127788732195306,43.1277887321953,17.0,nan,0.0,0,40,0,0
681,1,right_lane,naive,nan,40,0,25.73137130454695,0.0,5.0,35.0,2.0,0.5,67.96760089164427,48.96760089164425,19.0,nan,0.0,0,40,0,0
682,1,right_lane,naive,nan,40,0,23.268957345971565,1.0,1.0,38.0,0.5,3.0,65.00427925859856,45.25427925859855,19.75,nan,0.0,0,40,0,0
683,1,right_lane,naive,nan,40,0,21.018957345971565,0.0,0.0,40.0,0.0,0.0,61.4303317535545,41.430331753554505,20.0,nan,0.0,0,40,0,0
684,1,right_lane,naive,nan,40,0,22.018957345971565,0.0,4.0,36.0,2.0,4.0,62.02937972385798,43.029379723857986,19.0,nan,0.0,0,40,0,0
685,1,right_lane,naive,nan,28,1,23.777081922816425,27.0,1.0,0.0,28.0,0.0,32.52939832968599,32.02939832968599,0.5,nan,0.0,0,28,0,0
686,1,right_lane,naive,nan,40,0,22.268586068259964,0.0,1.0,39.0,0.0,2.0,62.428803623403255,42.92880362340327,19.5,nan,0.0,0,40,0,0
687,1,right_lane,naive,nan,40,0,21.768957345971565,0.0,0.0,40.0,0.0,7.0,62.630847569832014,42.630847569832014,20.0,nan,0.0,0,40,0,0
688,1,right_lane,naive,nan,40,0,20.768957345971565,0.0,0.0,40.0,0.0,3.0,61.030331753554506,41.030331753554506,20.0,nan,0.0,0,40,0,0
689,1,right_lane,naive,nan,40,0,23.393957345971565,25.0,5.0,10.0,28.5,0.5,51.478689206498345,45.22868920649833,6.25,nan,0.0,0,40,0,0
690,1,right_lane,naive,nan,40,0,21.875328749382287,33.0,6.0,1.0,35.0,2.5,44.79862410812302,42.79862410812303,2.0,nan,0.0,0,40,0,0
691,1,right_lane,naive,nan,40,0,21.518957345971565,0.0,0.0,40.0,0.0,0.5,62.25621022329484,42.25621022329485,20.0,nan,0.0,0,40,0,0
692,1,right_lane,naive,nan,10,1,21.575829331809555,0.0,0.0,10.0,0.0,5.0,15.430331732723824,10.430331732723824,5.0,nan,0.0,0,10,0,0
693,1,right_lane,naive,nan,40,0,21.518957345971565,9.0,3.0,28.0,9.5,10.0,56.97828188403513,41.728281884035134,15.25,nan,0.0,0,40,0,0
694,1,right_lane,naive,nan,40,0,21.393957345971565,0.0,0.0,40.0,0.0,9.5,62.0303317535545,42.030331753554506,20.0,nan,0.0,0,40,0,0
695,1,right_lane,naive,nan,40,0,21.122875600860247,0.0,1.0,39.0,0.0,8.5,61.59566687434234,41.59566687434234,20.0,nan,0.0,0,40,0,0
696,1,right_lane,naive,nan,40,0,23.643957345971565,13.0,2.0,25.0,13.0,11.0,59.156271027096444,45.65627102709645,13.5,nan,0.0,0,40,0,0
697,1,right_lane,naive,nan,24,1,21.489928909952607,1.0,1.0,22.0,0.5,3.5,36.97839840434078,25.228398404340773,11.75,nan,0.0,0,24,0,0
698,1,right_lane,naive,nan,40,0,21.893957345971565,2.0,10.0,28.0,6.5,4.0,59.078068591297395,42.3280685912974,16.75,nan,0.0,0,40,0,0
699,1,right_lane,naive,nan,40,0,23.268957345971565,6.0,1.0,33.0,5.5,9.0,62.27889371637248,45.028893716372494,17.25,nan,0.0,0,40,0,0
700,1,right_lane,naive,nan,16,1,20.672393364928887,0.0,1.0,15.0,0.0,8.0,24.229396514701747,16.229396514701747,8.0,nan,0.0,0,16,0,0
701,1,right_lane,naive,nan,40,0,22.76895724882166,0.0,0.0,40.0,0.0,7.5,63.73033159811466,43.73033159811466,20.0,nan,0.0,0,40,0,0
702,1,right_lane,naive,nan,40,0,23.268957260126378,8.0,1.0,31.0,7.5,4.0,61.27889399016769,45.028893990167695,16.25,nan,0.0,0,40,0,0
703,1,right_lane,naive,nan,40,0,22.518585317538452,1.0,4.0,35.0,2.0,10.5,62.82616599271182,43.826165992711815,19.0,nan,0.0,0,40,0,0
704,1,right_lane,naive,nan,40,0,22.143957345971565,0.0,0.0,40.0,0.0,5.5,63.23084861280972,43.23084861280972,20.0,nan,0.0,0,40,0,0
705,1,right_lane,naive,nan,40,0,23.518956694084622,15.0,1.0,24.0,14.5,0.0,58.17837614846909,45.42837614846909,12.75,nan,0.0,0,40,0,0
706,1,right_lane,naive,nan,40,0,25.518957345971554,34.0,6.0,0.0,37.0,0.5,50.62842956679822,48.62842956679822,2.0,nan,0.0,0,40,0,0
707,1,right_lane,naive,nan,40,0,23.143957345971565,0.0,1.0,39.0,0.0,5.5,64.32939832968611,44.82939832968612,19.5,nan,0.0,0,40,0,0
708,1,right_lane,naive,nan,40,0,21.393629347340514,40.0,0.0,0.0,40.0,0.0,42.52980695574483,42.02980695574483,0.5,nan,0.0,0,40,0,0
709,1,right_lane,naive,nan,40,0,20.768957345971497,0.0,0.0,40.0,0.0,4.5,60.53078744218748,41.030787442187474,19.5,nan,0.0,0,40,0,0
710,1,right_lane,naive,nan,40,0,21.643957345971565,8.0,5.0,27.0,10.0,4.5,57.427996366675686,42.42799636667571,15.0,nan,0.0,0,40,0,0
711,1,right_lane,naive,nan,40,0,25.26646090535371,35.0,1.0,4.0,34.5,0.5,50.97440410020334,48.22440410020334,2.75,nan,0.0,0,40,0,0
712,1,right_lane,naive,nan,40,0,21.143957345971565,0.0,1.0,39.0,0.0,5.5,61.63286663566381,41.63286663566381,20.0,nan,0.0,0,40,0,0
713,1,right_lane,naive,nan,40,0,20.768957345971565,1.0,1.0,38.0,0.5,7.0,60.77839910880876,41.02839910880877,19.75,nan,0.0,0,40,0,0
714,1,right_lane,naive,nan,40,0,24.89178321769723,18.0,1.0,21.0,17.5,2.0,58.87499244059665,47.62499244059665,11.25,nan,0.0,0,40,0,0
715,1,right_lane,naive,nan,40,0,22.393957345941384,5.0,4.0,31.0,6.5,5.5,60.55573083922776,43.80573083922778,16.75,nan,0.0,0,40,0,0
716,1,right_lane,naive,nan,40,0,20.268957345971565,0.0,0.0,40.0,0.0,15.0,60.40399430503676,40.40399430503676,20.0,nan,0.0,0,40,0,0
717,1,right_lane,naive,nan,40,0,23.268957345941317,0.0,3.0,37.0,1.5,3.0,64.2786921190594,45.02869211905939,19.25,nan,0.0,0,40,0,0
718,1,right_lane,naive,nan,40,0,23.75000000171446,25.0,9.0,6.0,28.5,0.5,51.54906829938901,45.79906829938901,5.75,nan,0.0,0,40,0,0
719,1,right_lane,naive,nan,40,0,22.26895659693477,0.0,0.0,40.0,0.0,7.0,63.456668001273414,43.456668001273414,20.0,nan,0.0,0,40,0,0
720,1,right_lane,naive,nan,40,0,20.893957345971565,0.0,8.0,32.0,3.5,4.5,59.479870873575784,41.22987087357579,18.25,nan,0.0,0,40,0,0
721,1,right_lane,naive,nan,40,0,21.393957345971565,0.0,0.0,40.0,0.0,5.0,62.03033175355449,42.030331753554506,20.0,nan,0.0,0,40,0,0
722,1,right_lane,naive,nan,40,0,21.268957345971565,16.0,7.0,17.0,18.5,5.5,52.57887654410305,41.82887654410305,10.75,nan,0.0,0,40,0,0
723,1,right_lane,naive,nan,40,0,22.143627944706306,0.0,0.0,40.0,0.0,3.0,63.2298047115301,43.2298047115301,20.0,nan,0.0,0,40,0,0
724,1,right_lane,naive,nan,40,0,23.01895723411827,10.0,4.0,26.0,13.0,6.5,58.628736643233495,44.62873664323349,14.0,nan,0.0,0,40,0,0
725,1,right_lane,naive,nan,40,0,22.393957345971565,2.0,1.0,37.0,1.5,0.0,62.37839926425871,43.62839926425872,18.75,nan,0.0,0,40,0,0
726,1,right_lane,naive,nan,40,0,23.768919753175144,0.0,4.0,36.0,2.0,2.0,64.82885551896935,45.82885551896936,19.0,nan,0.0,0,40,0,0
727,1,right_lane,naive,nan,40,0,20.643957345971565,0.0,1.0,39.0,0.0,1.0,60.82944989542869,40.82944989542869,20.0,nan,0.0,0,40,0,0
728,1,right_lane,naive,nan,40,0,21.018957345971565,0.0,0.0,40.0,0.0,2.5,61.43033175355449,41.4303317535545,20.0,nan,0.0,0,40,0,0
729,1,right_lane,naive,nan,40,0,21.393957345971565,0.0,1.0,39.0,0.0,0.5,62.02939766843072,42.029397668430725,20.0,nan,0.0,0,40,0,0
730,1,right_lane,naive,nan,40,0,21.768957345971565,0.0,0.0,40.0,0.0,1.5,62.63033175355451,42.63033175355451,20.0,nan,0.0,0,40,0,0
731,1,right_lane,naive,nan,40,0,20.393957345971565,1.0,1.0,38.0,0.5,18.5,60.17839717648496,40.42839717648496,19.75,nan,0.0,0,40,0,0
732,1,right_lane,naive,nan,40,0,20.768957345971565,10.0,7.0,23.0,12.5,2.5,54.7789912085993,41.0289912085993,13.75,nan,0.0,0,40,0,0
733,1,right_lane,naive,nan,40,0,21.268957345971565,0.0,3.0,37.0,1.5,5.0,61.07963748071866,41.829637480718674,19.25,nan,0.0,0,40,0,0
734,1,right_lane,naive,nan,40,0,21.893957345971565,1.0,1.0,38.0,0.5,1.0,62.57839840507325,42.82839840507326,19.75,nan,0.0,0,40,0,0
735,1,right_lane,naive,nan,40,0,22.018957345971565,3.0,4.0,33.0,4.0,5.5,61.02459448745682,43.024594487456824,18.0,nan,0.0,0,40,0,0
736,1,right_lane,naive,nan,40,0,23.393957344482875,5.0,4.0,31.0,7.0,1.5,61.7274970621038,45.227497062103794,16.5,nan,0.0,0,40,0,0
737,1,right_lane,naive,nan,40,0,21.768957345971565,1.0,1.0,38.0,0.5,7.5,62.378399110929124,42.62839911092913,19.75,nan,0.0,0,40,0,0
738,1,right_lane,naive,nan,40,0,22.268957345971565,0.0,1.0,39.0,0.0,6.5,63.42939832968611,43.42939832968611,20.0,nan,0.0,0,40,0,0
739,1,right_lane,naive,nan,40,0,23.37532874938223,0.0,0.0,40.0,0.0,11.5,65.20052599901156,45.20052599901157,20.0,nan,0.0,0,40,0,0
740,1,right_lane,naive,nan,40,0,22.393957331493432,0.0,0.0,40.0,0.0,1.5,63.65621244729715,43.65621244729715,20.0,nan,0.0,0,40,0,0
741,1,right_lane,naive,nan,40,0,21.37749644062177,0.0,1.0,39.0,0.0,1.5,62.00306090124091,42.00306090124091,20.0,nan,0.0,0,40,0,0
742,1,right_lane,naive,nan,40,0,22.393957345971565,0.0,0.0,40.0,0.0,4.5,63.82686344757133,43.826863447571334,20.0,nan,0.0,0,40,0,0
743,1,right_lane,naive,nan,23,1,20.467751906037503,0.0,0.0,23.0,0.0,10.0,34.7303317535545,23.230331753554502,11.5,nan,0.0,0,23,0,0
744,1,right_lane,naive,nan,40,0,21.518957344482878,0.0,1.0,39.0,0.0,12.0,61.7293983273042,41.7293983273042,20.0,nan,0.0,0,40,0,0
745,1,right_lane,naive,nan,40,0,25.768957345971046,15.0,3.0,22.0,16.0,4.5,61.02770570318755,49.02770570318754,12.0,nan,0.0,0,40,0,0
746,1,right_lane,naive,nan,40,0,21.643957345967657,0.0,1.0,39.0,0.0,0.5,62.429397667735614,42.429397667735614,20.0,nan,0.0,0,40,0,0
747,1,right_lane,naive,nan,40,0,21.018957345971565,0.0,17.0,23.0,9.0,5.5,57.180331753559926,41.43033175355993,15.75,nan,0.0,0,40,0,0
748,1,right_lane,naive,nan,40,0,20.393957345971565,0.0,1.0,39.0,0.0,15.5,60.179397666520444,40.429397666520444,19.75,nan,0.0,0,40,0,0
749,1,right_lane,naive,nan,40,0,21.268957345971565,1.0,1.0,38.0,0.5,0.0,61.57839910886089,41.82839910886089,19.75,nan,0.0,0,40,0,0
750,1,right_lane,naive,nan,40,0,21.768957345971554,0.0,0.0,40.0,0.0,5.0,62.630331753554486,42.630331753554486,20.0,nan,0.0,0,40,0,0
751,1,right_lane,naive,nan,40,0,21.393957345971565,0.0,1.0,39.0,0.0,0.0,62.02939832968612,42.02939832968612,20.0,nan,0.0,0,40,0,0
752,1,right_lane,naive,nan,40,0,21.518957345945243,16.0,1.0,23.0,15.5,4.0,54.48033173268219,42.23033173268219,12.25,nan,0.0,0,40,0,0
753,1,right_lane,naive,nan,40,0,21.12749644062177,4.0,3.0,33.0,5.0,15.5,59.10144038214365,41.60144038214366,17.5,nan,0.0,0,40,0,0
754,1,right_lane,naive,nan,40,0,23.393957345971558,0.0,0.0,40.0,0.0,2.0,65.42686344757132,45.42686344757132,20.0,nan,0.0,0,40,0,0
755,1,right_lane,naive,nan,40,0,23.12500570101725,4.0,3.0,33.0,5.0,5.5,62.29814013141034,44.798140131410314,17.5,nan,0.0,0,40,0,0
756,1,right_lane,naive,nan,40,0,22.268957345971565,12.0,3.0,25.0,12.5,1.5,57.37797468046388,43.627974680463886,13.75,nan,0.0,0,40,0,0
757,1,right_lane,naive,nan,40,0,21.768957345971565,19.0,4.0,17.0,20.0,2.5,52.629331523289224,42.629331523289224,10.0,nan,0.0,0,40,0,0
758,1,right_lane,naive,nan,40,0,20.893957345971565,10.0,2.0,28.0,11.5,7.5,55.9793983296861,41.2293983296861,14.75,nan,0.0,0,40,0,0
759,1,right_lane,naive,nan,40,0,21.268957345971565,0.0,1.0,39.0,0.0,0.0,61.32939766774115,41.82939766774115,19.5,nan,0.0,0,40,0,0
760,1,right_lane,naive,nan,40,0,21.893909103635565,0.0,0.0,40.0,0.0,2.0,62.8302545658169,42.830254565816915,20.0,nan,0.0,0,40,0,0
761,1,right_lane,naive,nan,40,0,22.893957345971565,6.0,1.0,33.0,5.5,9.0,61.678961020741156,44.42896102074115,17.25,nan,0.0,0,40,0,0
762,1,right_lane,naive,nan,40,0,22.643957345971565,0.0,1.0,39.0,0.0,9.0,64.02939766843072,44.02939766843072,20.0,nan,0.0,0,40,0,0
763,1,right_lane,naive,nan,22,1,23.44355863422119,0.0,1.0,21.0,0.5,1.5,35.82939817424624,24.82939817424624,11.0,nan,0.0,0,22,0,0
764,1,right_lane,naive,nan,40,0,21.143957345971565,0.0,1.0,39.0,0.0,0.0,60.8793983296861,41.1293983296861,19.75,nan,0.0,0,40,0,0
765,1,right_lane,naive,nan,40,0,20.768957345971565,0.0,0.0,40.0,0.0,10.0,61.0303317535545,41.030331753554506,20.0,nan,0.0,0,40,0,0
766,1,right_lane,naive,nan,40,0,20.893957345971565,1.0,1.0,38.0,0.5,15.0,60.97839910880876,41.22839910880876,19.75,nan,0.0,0,40,0,0
767,1,right_lane,naive,nan,40,0,21.268956694084682,0.0,0.0,40.0,0.0,10.5,61.830330710535485,41.8303307105355,20.0,nan,0.0,0,40,0,0
768,1,right_lane,naive,nan,40,0,20.893956694084682,0.0,0.0,40.0,0.0,0.5,61.230331616202214,41.230331616202214,20.0,nan,0.0,0,40,0,0
769,1,right_lane,naive,nan,40,0,20.393957345971565,0.0,1.0,39.0,0.0,5.5,60.42939857218716,40.429398572187154,20.0,nan,0.0,0,40,0,0
770,1,right_lane,naive,nan,31,1,21.31478367222137,30.0,1.0,0.0,30.5,0.5,33.178472480970804,32.42847248097081,0.75,nan,0.0,0,31,0,0
771,1,right_lane,naive,nan,40,0,21.518957345971565,1.0,1.0,38.0,0.5,3.5,60.97839840507331,41.72839840507331,19.25,nan,0.0,0,40,0,0
772,1,right_lane,naive,nan,40,1,21.393957345967713,0.0,1.0,39.0,0.0,13.0,62.029398329679935,42.029398329679935,20.0,nan,0.0,0,40,0,0
773,1,right_lane,naive,nan,40,0,23.518909202470194,0.0,1.0,39.0,0.0,1.0,64.9293213000839,44.92932130008391,20.0,nan,0.0,0,40,0,0
774,1,right_lane,naive,nan,40,0,21.018957345971565,1.0,1.0,38.0,0.5,6.5,61.178465290127036,41.428465290127036,19.75,nan,0.0,0,40,0,0
775,1,right_lane,naive,nan,40,0,21.018957345971565,1.0,1.0,38.0,0.5,6.5,61.17839840434077,41.428398404340776,19.75,nan,0.0,0,40,0,0
776,1,right_lane,naive,nan,40,0,24.14113795584911,1.0,1.0,38.0,0.5,4.5,66.17388808466497,46.42388808466497,19.75,nan,0.0,0,40,0,0
777,1,right_lane,naive,nan,30,1,25.191943127961995,9.0,7.0,14.0,12.5,3.5,45.03189413134061,36.0318941313406,9.0,nan,0.0,0,30,0,0
778,1,right_lane,naive,nan,40,0,20.393957345971565,0.0,1.0,39.0,0.0,11.5,59.679396514701764,39.929396514701764,19.75,nan,0.0,0,40,0,0
779,1,right_lane,naive,nan,40,0,21.768957345971565,0.0,1.0,39.0,0.0,0.0,62.62939766774183,42.629397667741834,20.0,nan,0.0,0,40,0,0
780,1,right_lane,naive,nan,40,0,20.893957345971565,0.0,1.0,39.0,0.0,5.5,61.22939651470176,41.22939651470176,20.0,nan,0.0,0,40,0,0
781,1,right_lane,naive,nan,40,0,21.893957345971565,0.0,0.0,40.0,0.0,2.5,62.8303317535545,42.8303317535545,20.0,nan,0.0,0,40,0,0
782,1,right_lane,naive,nan,40,0,21.643957345971565,0.0,0.0,40.0,0.0,6.0,62.43033175355451,42.43033175355451,20.0,nan,0.0,0,40,0,0
783,1,right_lane,naive,nan,23,1,21.989491036472284,0.0,0.0,23.0,0.0,0.5,36.30399430499482,24.80399430499483,11.5,nan,0.0,0,23,0,0
784,1,right_lane,naive,nan,40,0,20.87749644062177,0.0,6.0,34.0,2.5,5.5,59.453061137899724,40.703061137899724,18.75,nan,0.0,0,40,0,0
785,1,right_lane,naive,nan,40,0,20.518957345971565,1.0,29.0,10.0,15.0,6.0,53.40126754287782,40.65126754287782,12.75,nan,0.0,0,40,0,0
786,1,right_lane,naive,nan,40,0,24.01895239570215,1.0,1.0,38.0,0.5,8.0,65.72839118842982,46.228391188429825,19.5,nan,0.0,0,40,0,0
787,1,right_lane,naive,nan,40,0,20.768957345971565,0.0,0.0,40.0,0.0,3.0,61.03033863096583,41.03033863096583,20.0,nan,0.0,0,40,0,0
788,1,right_lane,naive,nan,40,0,21.518957345971565,11.0,1.0,28.0,10.5,0.5,56.98032143378941,42.23032143378941,14.75,nan,0.0,0,40,0,0
789,1,right_lane,naive,nan,40,0,21.143957345971565,4.0,3.0,33.0,4.5,1.0,59.552644797455606,41.8026447974556,17.75,nan,0.0,0,40,0,0
790,1,right_lane,naive,nan,40,0,20.643957345971565,0.0,1.0,39.0,0.0,0.0,60.82939832963657,40.829398329636575,20.0,nan,0.0,0,40,0,0
791,1,right_lane,naive,nan,26,1,20.41378053226395,0.0,0.0,26.0,0.0,13.0,39.2303317535545,26.230331753554502,13.0,nan,0.0,0,26,0,0
792,1,right_lane,naive,nan,35,1,22.87880839539607,0.0,5.0,30.0,2.0,0.5,54.829623616931514,38.32962361693151,16.5,nan,0.0,0,35,0,0
793,1,right_lane,naive,nan,40,0,23.393957345971486,0.0,3.0,37.0,1.5,4.5,63.978879482147406,44.728879482147406,19.25,nan,0.0,0,40,0,0
794,1,right_lane,naive,nan,40,0,21.62749644062177,15.0,1.0,24.0,14.5,0.0,55.1539943018906,42.4039943018906,12.75,nan,0.0,0,40,0,0
795,1,right_lane,naive,nan,40,0,22.76895734426102,1.0,2.0,37.0,1.0,4.0,63.92523654089887,44.42523654089887,19.5,nan,0.0,0,40,0,0
796,1,right_lane,naive,nan,27,1,20.398455327365284,0.0,0.0,27.0,0.0,13.5,40.73033175593096,27.230331755930962,13.5,nan,0.0,0,27,0,0
797,1,right_lane,naive,nan,40,0,21.518957345971565,31.0,2.0,7.0,32.5,0.0,45.97746431852621,41.72746431852621,4.25,nan,0.0,0,40,0,0
798,1,right_lane,naive,nan,40,0,21.643957345971565,0.0,1.0,39.0,0.0,2.0,61.929398329686094,42.42939832968609,19.5,nan,0.0,0,40,0,0
799,1,right_lane,naive,nan,40,0,24.143957345971565,37.0,1.0,2.0,36.5,1.0,48.18033175355451,46.43033175355451,1.75,nan,0.0,0,40,0,0
800,1,right_lane,naive,nan,40,0,21.893957345971057,0.0,0.0,40.0,0.0,3.5,62.83033175355368,42.83033175355368,20.0,nan,0.0,0,40,0,0
801,1,right_lane,naive,nan,40,0,21.768957345971565,1.0,1.0,38.0,0.5,7.5,62.3783991088616,42.6283991088616,19.75,nan,0.0,0,40,0,0
802,1,right_lane,naive,nan,40,0,20.393957345971565,0.0,0.0,40.0,0.0,6.5,60.603994304994835,40.603994304994835,20.0,nan,0.0,0,40,0,0
803,1,right_lane,naive,nan,40,0,23.018957345970982,8.0,18.0,14.0,16.0,3.5,56.626922148112335,44.62692214811234,12.0,nan,0.0,0,40,0,0
804,1,right_lane,naive,nan,40,0,21.768957345971565,11.0,9.0,20.0,14.5,10.5,55.376687327243154,42.62668732724314,12.75,nan,0.0,0,40,0,0
805,1,right_lane,naive,nan,40,0,23.37472024373468,0.0,0.0,40.0,0.0,0.5,65.19955238997547,45.19955238997548,20.0,nan,0.0,0,40,0,0
806,1,right_lane,naive,nan,40,0,23.877496354776582,6.0,1.0,33.0,5.5,0.5,63.279282525786094,46.029282525786094,17.25,nan,0.0,0,40,0,0
807,1,right_lane,naive,nan,40,0,23.518957345971565,0.0,0.0,40.0,0.0,0.0,65.45320101539578,45.45320101539577,20.0,nan,0.0,0,40,0,0
808,1,right_lane,naive,nan,40,0,21.500000750751244,0.0,2.0,38.0,1.0,1.0,61.94813489600324,42.19813489600324,19.75,nan,0.0,0,40,0,0
809,1,right_lane,naive,nan,40,0,22.018957345971565,10.0,2.0,28.0,10.0,12.0,58.152122521588986,43.402122521588986,14.75,nan,0.0,0,40,0,0
810,1,right_lane,naive,nan,4,1,21.439140538718384,0.0,1.0,3.0,1.5,1.0,5.779805754542838,4.029805754542838,1.75,nan,0.0,0,4,0,0
811,1,right_lane,naive,nan,40,0,21.87749643910335,0.0,0.0,40.0,0.0,3.0,61.80399430256536,42.30399430256535,19.5,nan,0.0,0,40,0,0
812,1,right_lane,naive,nan,40,0,22.518957345971565,0.0,4.0,36.0,2.0,11.5,63.02616164657805,44.02616164657806,19.0,nan,0.0,0,40,0,0
813,1,right_lane,naive,nan,40,0,21.393957345971565,0.0,0.0,40.0,0.0,0.0,62.030331753554506,42.030331753554506,20.0,nan,0.0,0,40,0,0
814,1,right_lane,naive,nan,40,0,21.643957345971494,0.0,4.0,36.0,1.5,2.0,61.67899122942988,42.42899122942988,19.25,nan,0.0,0,40,0,0
815,1,right_lane,naive,nan,40,0,22.643957345971565,0.0,1.0,39.0,0.0,1.0,64.0293983296862,44.029398329686195,20.0,nan,0.0,0,40,0,0
816,1,right_lane,naive,nan,40,0,24.51895733317816,14.0,1.0,25.0,13.5,0.0,60.2783771230637,47.0283771230637,13.25,nan,0.0,0,40,0,0
817,1,right_lane,naive,nan,40,0,22.393957345971565,0.0,0.0,40.0,0.0,4.0,63.630331771328386,43.630331771328386,20.0,nan,0.0,0,40,0,0
818,1,right_lane,naive,nan,40,0,25.124999249253186,33.0,7.0,0.0,37.0,1.0,49.99742293197239,47.99742293197239,2.0,nan,0.0,0,40,0,0
819,1,right_lane,naive,nan,40,0,21.50032874938229,0.0,1.0,39.0,0.0,14.0,61.89959295621001,42.399592956210014,19.5,nan,0.0,0,40,0,0
820,1,right_lane,naive,nan,32,1,21.742446682464454,1.0,1.0,30.0,0.5,8.5,49.977941672687386,34.227941672687386,15.75,nan,0.0,0,32,0,0
821,1,right_lane,naive,nan,40,0,21.250328749382287,0.0,1.0,39.0,0.0,0.0,61.29959191197759,41.299591911977615,20.0,nan,0.0,0,40,0,0
822,1,right_lane,naive,nan,40,0,24.643957345971565,13.0,6.0,21.0,15.0,1.0,59.92650407101572,47.42650407101571,12.5,nan,0.0,0,40,0,0
823,1,right_lane,naive,nan,40,0,23.268957345971565,24.0,6.0,10.0,27.0,3.0,52.027688446418026,45.027688446418026,7.0,nan,0.0,0,40,0,0
824,1,right_lane,naive,nan,40,0,20.518957345971565,0.0,0.0,40.0,0.0,10.0,60.13033175355449,40.630331753554486,19.5,nan,0.0,0,40,0,0
825,1,right_lane,naive,nan,40,0,23.268957345971558,10.0,2.0,28.0,10.0,3.0,60.02709123614036,45.02709123614036,15.0,nan,0.0,0,40,0,0
826,1,right_lane,naive,nan,40,0,20.76895734597149,0.0,0.0,40.0,0.0,7.5,61.03033175355439,41.03033175355439,20.0,nan,0.0,0,40,0,0
827,1,right_lane,naive,nan,40,0,20.893957345971565,7.0,3.0,30.0,8.0,3.5,57.229396465635475,41.22939646563548,16.0,nan,0.0,0,40,0,0
828,1,right_lane,naive,nan,40,0,20.856414695510455,0.0,4.0,36.0,2.0,17.5,60.1702608880595,41.1702608880595,19.0,nan,0.0,0,40,0,0
829,1,right_lane,naive,nan,40,0,22.518957345971565,14.0,2.0,24.0,14.0,0.0,57.22748430201534,44.22748430201534,13.0,nan,0.0,0,40,0,0
830,1,right_lane,naive,nan,40,0,22.268957345971565,1.0,1.0,38.0,0.5,5.5,63.178399108860894,43.4283991088609,19.75,nan,0.0,0,40,0,0
831,1,right_lane,naive,nan,40,0,21.141461656101036,0.0,0.0,40.0,0.0,1.0,61.62633864976167,41.626338649761664,20.0,nan,0.0,0,40,0,0
832,1,right_lane,naive,nan,40,0,20.518957345971565,5.0,1.0,34.0,4.5,13.5,58.38200118262505,40.63200118262504,17.75,nan,0.0,0,40,0,0
833,1,right_lane,naive,nan,40,0,27.018957345716068,20.0,9.0,11.0,23.5,6.5,59.27561822434613,51.02561822434613,8.25,nan,0.0,0,40,0,0
834,1,right_lane,naive,nan,40,0,21.25032874938229,0.0,0.0,40.0,0.0,2.0,61.80052599936661,41.80052599936663,20.0,nan,0.0,0,40,0,0
835,1,right_lane,naive,nan,40,0,22.018957345971565,1.0,1.0,38.0,0.5,2.5,62.97794237720879,43.2279423772088,19.75,nan,0.0,0,40,0,0
836,1,right_lane,naive,nan,40,0,22.268957345971565,0.0,1.0,39.0,0.0,11.0,63.429398329686116,43.42939832968611,20.0,nan,0.0,0,40,0,0
837,1,right_lane,naive,nan,40,0,23.018957345719976,10.0,5.0,25.0,12.0,5.5,58.629325062209645,44.629325062209645,14.0,nan,0.0,0,40,0,0
838,1,right_lane,naive,nan,40,0,23.643957345971565,10.0,10.0,20.0,14.5,8.0,58.37635954366381,45.6263595436638,12.75,nan,0.0,0,40,0,0
839,1,right_lane,naive,nan,40,0,20.643957345971565,3.0,4.0,33.0,4.0,7.5,58.829314770939924,40.829314770939924,18.0,nan,0.0,0,40,0,0
840,1,right_lane,naive,nan,40,0,22.268957345971565,1.0,10.0,29.0,5.5,2.0,60.67757562555961,43.42757562555961,17.25,nan,0.0,0,40,0,0
841,1,right_lane,naive,nan,40,0,21.518957345971565,10.0,14.0,16.0,16.0,10.5,54.2289884911027,42.2289884911027,12.0,nan,0.0,0,40,0,0
842,1,right_lane,naive,nan,40,0,22.51895733124236,0.0,0.0,40.0,0.0,2.5,63.830331729987776,43.83033172998779,20.0,nan,0.0,0,40,0,0
843,1,right_lane,naive,nan,40,0,23.518957345775522,0.0,0.0,40.0,0.0,2.0,65.43033177370411,45.430331773704125,20.0,nan,0.0,0,40,0,0
844,1,right_lane,naive,nan,40,0,22.643957345971565,0.0,1.0,39.0,0.0,0.0,64.02939832995847,44.02939832995846,20.0,nan,0.0,0,40,0,0
845,1,right_lane,naive,nan,40,0,21.268957345971565,0.0,11.0,29.0,5.5,5.5,59.328988497233006,41.82898849723301,17.5,nan,0.0,0,40,0,0
846,1,right_lane,naive,nan,40,0,23.00000570101725,7.0,2.0,31.0,7.0,8.0,61.02042097569311,44.77042097569311,16.25,nan,0.0,0,40,0,0
847,1,right_lane,naive,nan,40,0,20.518957345971565,0.0,2.0,38.0,0.5,17.0,60.57938859427616,40.829388594276146,19.75,nan,0.0,0,40,0,0
848,1,right_lane,naive,nan,40,0,22.018957345971565,5.0,2.0,33.0,5.5,1.5,60.2774643185926,43.02746431859261,17.25,nan,0.0,0,40,0,0
849,1,right_lane,naive,nan,40,0,24.143957345968165,15.0,2.0,23.0,15.5,7.5,58.67746568497227,46.42746568497227,12.25,nan,0.0,0,40,0,0
850,1,right_lane,naive,nan,37,1,21.371845779428718,0.0,0.0,37.0,0.0,15.5,57.33033175355922,38.83033175355922,18.5,nan,0.0,0,37,0,0
851,1,right_lane,naive,nan,40,0,20.268957345971565,0.0,0.0,40.0,0.0,5.0,59.7303317535545,39.7303317535545,20.0,nan,0.0,0,40,0,0
852,1,right_lane,naive,nan,10,1,26.074341270034893,0.0,1.0,9.0,0.0,0.0,17.22880242289017,12.22880242289017,5.0,nan,0.0,0,10,0,0
853,1,right_lane,naive,nan,40,0,22.643957345971504,0.0,0.0,40.0,0.0,1.0,63.53084861285094,43.53084861285094,20.0,nan,0.0,0,40,0,0
854,1,right_lane,naive,nan,35,1,23.450236966824644,5.0,2.0,28.0,5.5,0.5,54.62891550617552,39.62891550617551,15.0,nan,0.0,0,35,0,0
855,1,right_lane,naive,nan,40,0,21.268957345971565,0.0,1.0,39.0,0.0,3.0,61.07939766843067,41.329397668430694,19.75,nan,0.0,0,40,0,0
856,1,right_lane,naive,nan,40,0,22.518957345971494,0.0,1.0,39.0,0.0,1.5,63.82939832968597,43.82939832968599,20.0,nan,0.0,0,40,0,0
857,1,right_lane,naive,nan,40,0,20.393957345971565,0.0,0.0,40.0,0.0,17.0,60.43033175355459,40.4303317535546,20.0,nan,0.0,0,40,0,0
858,1,right_lane,naive,nan,40,0,21.143957345971565,0.0,1.0,39.0,0.0,0.5,61.629397667741145,41.62939766774115,20.0,nan,0.0,0,40,0,0
859,1,right_lane,naive,nan,40,0,20.893957345971565,1.0,1.0,38.0,0.5,0.5,60.97839840434078,41.22839840434078,19.75,nan,0.0,0,40,0,0
860,1,right_lane,naive,nan,40,0,22.518957345971565,10.0,6.0,24.0,12.0,5.0,57.82844878313989,43.8284487831399,14.0,nan,0.0,0,40,0,0
861,1,right_lane,naive,nan,40,0,24.768628595104502,14.0,3.0,23.0,15.0,1.0,59.92498755387677,47.42498755387676,12.5,nan,0.0,0,40,0,0
862,1,right_lane,naive,nan,40,0,25.643957345967134,0.0,0.0,40.0,0.0,1.0,68.83078848726228,48.8307884872623,20.0,nan,0.0,0,40,0,0
863,1,right_lane,naive,nan,40,0,22.518957345971497,0.0,1.0,39.0,0.0,1.0,63.82939832969215,43.82939832969214,20.0,nan,0.0,0,40,0,0
864,1,right_lane,naive,nan,40,0,21.893957345971565,4.0,2.0,34.0,5.0,0.5,60.326446564271286,42.826446564271286,17.5,nan,0.0,0,40,0,0
865,1,right_lane,naive,nan,40,0,20.268957345971565,0.0,1.0,39.0,0.0,3.5,60.22939651470176,40.22939651470176,20.0,nan,0.0,0,40,0,0
866,1,right_lane,naive,nan,40,0,21.768957345971565,0.0,0.0,40.0,0.0,12.5,62.63033175355451,42.63033175355451,20.0,nan,0.0,0,40,0,0
867,1,right_lane,naive,nan,40,0,23.018957332956305,21.0,19.0,0.0,30.5,7.0,49.8780726968691,44.62807269686909,5.25,nan,0.0,0,40,0,0
868,1,right_lane,naive,nan,40,0,23.393957345971565,0.0,0.0,40.0,0.0,1.5,64.73033177163663,45.230331771636614,19.5,nan,0.0,0,40,0,0
869,1,right_lane,naive,nan,40,0,22.143957345971565,0.0,0.0,40.0,0.0,4.5,63.23033175355452,43.230331753554495,20.0,nan,0.0,0,40,0,0
870,1,right_lane,naive,nan,40,0,21.893957345971565,7.0,4.0,29.0,8.5,1.0,58.57710564331605,42.82710564331605,15.75,nan,0.0,0,40,0,0
871,1,right_lane,naive,nan,40,0,23.768957345971565,0.0,0.0,40.0,0.0,1.0,65.83033175355452,45.8303317535545,20.0,nan,0.0,0,40,0,0
872,1,right_lane,naive,nan,28,1,22.348510494245087,0.0,0.0,28.0,0.0,12.0,44.430331753554505,30.430331753554494,14.0,nan,0.0,0,28,0,0
873,1,right_lane,naive,nan,40,0,22.893957345971565,10.0,7.0,23.0,12.5,1.5,57.678704458807346,43.92870445880734,13.75,nan,0.0,0,40,0,0
874,1,right_lane,naive,nan,14,1,22.91130669779397,0.0,1.0,13.0,0.5,1.5,22.42939832689622,15.429398326896216,7.0,nan,0.0,0,14,0,0
875,1,right_lane,naive,nan,40,0,22.268957345971565,4.0,1.0,35.0,3.5,1.5,60.9288962655387,42.9288962655387,18.0,nan,0.0,0,40,0,0
876,1,right_lane,naive,nan,40,0,21.893957345971565,1.0,1.0,38.0,0.5,1.0,62.5783991088609,42.82839910886089,19.75,nan,0.0,0,40,0,0
877,1,right_lane,naive,nan,40,0,23.64395174381822,9.0,4.0,27.0,10.5,1.5,60.37745605960219,45.6274560596022,14.75,nan,0.0,0,40,0,0
878,1,right_lane,naive,nan,40,0,22.768957345971565,8.0,1.0,31.0,7.5,0.0,60.47840930718199,44.22840930718199,16.25,nan,0.0,0,40,0,0
879,1,right_lane,naive,nan,10,1,25.075803577715384,10.0,0.0,0.0,10.0,0.0,12.330321431086153,11.830321431086153,0.5,nan,0.0,0,10,0,0
880,1,right_lane,naive,nan,40,0,22.018957345971565,5.0,1.0,34.0,4.5,7.0,59.77889403182894,42.52889403182895,17.25,nan,0.0,0,40,0,0
881,1,right_lane,naive,nan,40,0,22.516504197449517,6.0,1.0,33.0,5.5,0.5,61.07496896000875,43.82496896000876,17.25,nan,0.0,0,40,0,0
882,1,right_lane,naive,nan,40,0,21.018671888689,0.0,0.0,40.0,0.0,7.0,61.43328318215359,41.4332831821536,20.0,nan,0.0,0,40,0,0
883,1,right_lane,naive,nan,21,1,22.417061611374262,1.0,1.0,19.0,0.5,4.5,33.07879499026151,22.828794990261514,10.25,nan,0.0,0,21,0,0
884,1,right_lane,naive,nan,40,0,22.85636570239791,7.0,6.0,27.0,10.0,13.5,58.868539903567694,43.868539903567694,15.0,nan,0.0,0,40,0,0
885,1,right_lane,naive,nan,40,0,21.768957345971565,0.0,0.0,40.0,0.0,11.5,63.029176845439686,43.02917684543967,20.0,nan,0.0,0,40,0,0
886,1,right_lane,naive,nan,40,0,22.018957345971565,34.0,1.0,5.0,33.5,0.5,46.28033175355451,43.030331753554506,3.25,nan,0.0,0,40,0,0
887,1,right_lane,naive,nan,40,0,20.393957345971565,0.0,1.0,39.0,0.0,20.5,60.429397666520444,40.429397666520444,20.0,nan,0.0,0,40,0,0
888,1,right_lane,naive,nan,40,0,21.893957345971565,2.0,5.0,33.0,4.0,12.5,60.828222028664484,42.82822202866449,18.0,nan,0.0,0,40,0,0
889,1,right_lane,naive,nan,40,0,20.768957345971565,10.0,2.0,28.0,11.5,4.0,55.77939766774115,41.02939766774115,14.75,nan,0.0,0,40,0,0
890,1,right_lane,naive,nan,32,1,22.054946682464458,5.0,2.0,25.0,5.5,0.5,47.17746431859259,34.42746431859259,12.75,nan,0.0,0,32,0,0
891,1,right_lane,naive,nan,40,0,21.518957345971565,0.0,1.0,39.0,0.0,13.0,61.72939832968611,41.729398329686106,20.0,nan,0.0,0,40,0,0
892,1,right_lane,naive,nan,40,0,24.12467695166469,0.0,1.0,39.0,0.0,2.0,66.3985496987951,46.398549698795094,20.0,nan,0.0,0,40,0,0
893,1,right_lane,naive,nan,40,0,20.393957345971565,0.0,1.0,39.0,0.0,20.5,60.629846477705634,40.629846477705634,20.0,nan,0.0,0,40,0,0
894,1,right_lane,naive,nan,40,0,21.393957345971565,5.0,1.0,34.0,4.5,1.0,59.77837719018636,42.028377190186355,17.75,nan,0.0,0,40,0,0
895,1,right_lane,naive,nan,40,0,22.641497760414666,1.0,1.0,38.0,0.5,3.0,63.77446306744973,44.02446306744973,19.75,nan,0.0,0,40,0,0
896,1,right_lane,naive,nan,40,0,23.893957345971565,9.0,1.0,30.0,8.5,12.5,61.78179495536019,46.0317949553602,15.75,nan,0.0,0,40,0,0
897,1,right_lane,naive,nan,22,1,22.761740629039203,0.0,0.0,22.0,0.0,7.5,35.23033175355451,24.230331753554502,11.0,nan,0.0,0,22,0,0
898,1,right_lane,naive,nan,40,0,22.768957345749705,0.0,0.0,40.0,0.0,4.0,63.73033175319952,43.73033175319953,20.0,nan,0.0,0,40,0,0
899,1,right_lane,naive,nan,40,0,22.018957345971565,3.0,2.0,35.0,3.0,2.0,61.52891743821911,43.02891743821912,18.5,nan,0.0,0,40,0,0
900,1,right_lane,naive,nan,40,0,21.393957345971565,0.0,0.0,40.0,0.0,0.0,62.030331753554506,42.030331753554506,20.0,nan,0.0,0,40,0,0
901,1,right_lane,naive,nan,40,0,21.143957345971565,0.0,4.0,36.0,1.5,3.0,60.87870325871078,41.628703258710786,19.25,nan,0.0,0,40,0,0
902,1,right_lane,naive,nan,40,0,21.893957345971565,12.0,2.0,26.0,12.0,6.0,56.829402321331244,42.82940232133126,14.0,nan,0.0,0,40,0,0
903,1,right_lane,naive,nan,40,0,22.518957345971565,0.0,1.0,39.0,0.0,0.5,63.82939832963661,43.8293983296366,20.0,nan,0.0,0,40,0,0
904,1,right_lane,naive,nan,40,0,21.3939573442318,0.0,0.0,40.0,0.0,4.5,62.03033175077089,42.030331750770884,20.0,nan,0.0,0,40,0,0
905,1,right_lane,naive,nan,40,0,25.518957345971565,19.0,6.0,15.0,21.5,2.0,57.87840787977493,48.62840787977493,9.25,nan,0.0,0,40,0,0
906,1,right_lane,naive,nan,40,0,23.625000750751244,8.0,7.0,25.0,11.0,3.0,60.096695953672175,45.596695953672175,14.5,nan,0.0,0,40,0,0
907,1,right_lane,naive,nan,40,0,20.64363429760652,0.0,0.0,40.0,0.0,13.5,60.85615127933039,40.85615127933039,20.0,nan,0.0,0,40,0,0
908,1,right_lane,naive,nan,40,0,21.518957345971053,26.0,1.0,13.0,25.5,3.0,49.47886778814739,42.22886778814739,7.25,nan,0.0,0,40,0,0
909,1,right_lane,naive,nan,40,0,21.018957345971565,0.0,1.0,39.0,0.0,5.0,61.429397667740645,41.42939766774065,20.0,nan,0.0,0,40,0,0
910,1,right_lane,naive,nan,40,0,23.768957345971565,0.0,1.0,39.0,0.0,3.0,65.82939766774113,45.82939766774114,20.0,nan,0.0,0,40,0,0
911,1,right_lane,naive,nan,40,0,20.643957345941903,0.0,0.0,40.0,0.0,4.0,60.830331753507046,40.830331753507046,20.0,nan,0.0,0,40,0,0
912,1,right_lane,naive,nan,40,0,20.893957345971565,0.0,1.0,39.0,0.0,13.0,61.229397667783026,41.22939766778304,20.0,nan,0.0,0,40,0,0
913,1,right_lane,naive,nan,40,0,23.393957345971565,8.0,1.0,31.0,7.5,1.0,61.47889399254946,45.22889399254946,16.25,nan,0.0,0,40,0,0
914,1,right_lane,naive,nan,40,0,24.143957345971565,11.0,1.0,28.0,10.5,0.0,61.1783778513026,46.42837785130259,14.75,nan,0.0,0,40,0,0
915,1,right_lane,naive,nan,40,0,25.51895734597104,8.0,6.0,26.0,10.0,0.0,63.62846229936009,48.62846229936009,15.0,nan,0.0,0,40,0,0
916,1,right_lane,naive,nan,40,0,22.768957345971565,1.0,1.0,38.0,0.5,9.5,63.97839840304466,44.22839840304466,19.75,nan,0.0,0,40,0,0
917,1,right_lane,naive,nan,40,0,22.018909202470194,0.0,1.0,39.0,0.0,5.5,63.02932063813964,43.02932063813964,20.0,nan,0.0,0,40,0,0
918,1,right_lane,naive,nan,40,0,23.25004329209972,0.0,0.0,40.0,0.0,2.0,65.00013615314583,45.00013615314581,20.0,nan,0.0,0,40,0,0
919,1,right_lane,naive,nan,25,1,22.830331753548244,8.0,1.0,16.0,8.0,2.5,36.4060211719501,27.656021171950098,8.75,nan,0.0,0,25,0,0
920,1,right_lane,naive,nan,39,1,21.686110098432373,0.0,0.0,39.0,0.0,1.5,60.180331753554505,40.930331753554505,19.25,nan,0.0,0,39,0,0
921,1,right_lane,naive,nan,40,0,21.893957345775522,0.0,1.0,39.0,0.5,8.5,62.07893676019097,42.32893676019097,19.75,nan,0.0,0,40,0,0
922,1,right_lane,naive,nan,38,1,23.309428785233223,0.0,0.0,38.0,0.0,0.0,61.830331753826854,42.83033175382687,19.0,nan,0.0,0,38,0,0
923,1,right_lane,naive,nan,40,0,22.268957345971565,1.0,1.0,38.0,0.5,14.0,62.678399108860894,42.9283991088609,19.75,nan,0.0,0,40,0,0
924,1,right_lane,naive,nan,40,0,21.143957345971565,0.0,0.0,40.0,0.0,0.5,61.6303317535545,41.63033175355451,20.0,nan,0.0,0,40,0,0
925,1,right_lane,naive,nan,40,0,20.768957345971565,0.0,7.0,33.0,3.0,1.5,59.52899122942999,41.028991229429984,18.5,nan,0.0,0,40,0,0
926,1,right_lane,naive,nan,40,0,23.000328736363183,10.0,10.0,20.0,15.0,5.5,57.59725882762305,44.59725882762305,13.0,nan,0.0,0,40,0,0
927,1,right_lane,naive,nan,40,0,21.643957345971565,7.0,1.0,32.0,6.5,3.0,58.87801322489692,42.62801322489692,16.25,nan,0.0,0,40,0,0
928,1,right_lane,naive,nan,40,0,24.106365702397454,31.0,9.0,0.0,35.0,0.0,49.117610820356454,46.36761082035645,2.75,nan,0.0,0,40,0,0
929,1,right_lane,naive,nan,40,0,21.518956694084682,0.0,4.0,36.0,2.0,3.0,61.37865165410235,42.62865165410235,18.75,nan,0.0,0,40,0,0
930,1,right_lane,naive,nan,40,0,24.143957345971565,14.0,2.0,24.0,14.0,0.5,59.42868770629566,46.428687706295655,13.0,nan,0.0,0,40,0,0
931,1,right_lane,naive,nan,40,0,22.268957334666844,0.0,4.0,36.0,1.5,5.5,62.679623540240826,43.42962354024082,19.25,nan,0.0,0,40,0,0
932,1,right_lane,naive,nan,40,0,21.268957345971565,0.0,1.0,39.0,0.0,7.5,61.82939834539174,41.829398345391745,20.0,nan,0.0,0,40,0,0
933,1,right_lane,naive,nan,40,0,20.643957345971565,0.0,0.0,40.0,0.0,5.5,60.8303317535545,40.8303317535545,20.0,nan,0.0,0,40,0,0
934,1,right_lane,naive,nan,40,0,22.643957345971565,2.0,7.0,31.0,5.0,7.0,61.52822218676626,44.028222186766264,17.5,nan,0.0,0,40,0,0
935,1,right_lane,naive,nan,40,0,23.268957345971508,10.0,1.0,29.0,9.5,2.5,60.278377144364676,45.028377144364676,15.25,nan,0.0,0,40,0,0
936,1,right_lane,naive,nan,40,0,22.518951743818675,0.0,0.0,40.0,0.0,2.5,63.83032279010997,43.830322790109975,20.0,nan,0.0,0,40,0,0
937,1,right_lane,naive,nan,40,0,23.768957345967713,30.0,1.0,9.0,29.5,5.5,51.07854998096629,45.82854998096629,5.25,nan,0.0,0,40,0,0
938,1,right_lane,naive,nan,20,1,22.037914691943108,0.0,1.0,19.0,0.0,0.0,31.42939832969143,21.429398329691427,10.0,nan,0.0,0,20,0,0
939,1,right_lane,naive,nan,40,0,21.268957345971565,0.0,4.0,36.0,1.5,3.5,60.57846226966557,41.32846226966558,19.25,nan,0.0,0,40,0,0
940,1,right_lane,naive,nan,40,0,22.643957345971565,0.0,13.0,27.0,6.0,7.5,61.02939762650544,44.029397626505435,17.0,nan,0.0,0,40,0,0
941,1,right_lane,naive,nan,40,0,21.268957345971565,22.0,3.0,15.0,23.0,4.0,50.32963839496091,41.82963839496091,8.5,nan,0.0,0,40,0,0
942,1,right_lane,naive,nan,37,1,22.993467401050342,1.0,1.0,35.0,0.5,11.0,59.47839910886089,41.22839910886089,18.25,nan,0.0,0,37,0,0
943,1,right_lane,naive,nan,40,0,21.643957345971565,0.0,0.0,40.0,0.0,4.5,61.93033175355452,41.9303317535545,20.0,nan,0.0,0,40,0,0
944,1,right_lane,naive,nan,40,0,21.268957345971565,0.0,1.0,39.0,0.0,0.5,61.82939766774182,41.82939766774184,20.0,nan,0.0,0,40,0,0
945,1,right_lane,naive,nan,40,0,22.643957260122978,1.0,1.0,38.0,0.5,5.0,63.77839703912723,44.02839703912721,19.75,nan,0.0,0,40,0,0
946,1,right_lane,naive,nan,40,0,22.643957345971565,4.0,8.0,28.0,7.5,1.0,60.27561322680699,44.02561322680699,16.25,nan,0.0,0,40,0,0
947,1,right_lane,naive,nan,40,0,21.018957345971565,0.0,0.0,40.0,0.0,1.5,61.4303317535545,41.430331753554505,20.0,nan,0.0,0,40,0,0
948,1,right_lane,naive,nan,40,0,20.268957345971565,0.0,0.0,40.0,0.0,19.0,60.2303317535545,40.2303317535545,20.0,nan,0.0,0,40,0,0
949,1,right_lane,naive,nan,40,0,22.39362860960845,1.0,5.0,34.0,2.5,3.5,62.37694142325845,43.62694142325846,18.75,nan,0.0,0,40,0,0
950,1,right_lane,naive,nan,40,0,20.518957345971565,0.0,0.0,40.0,0.0,2.0,60.630788467119054,40.63078846711906,20.0,nan,0.0,0,40,0,0
951,1,right_lane,naive,nan,40,0,21.89395734574971,0.0,0.0,40.0,0.0,2.0,62.83033175319952,42.83033175319952,20.0,nan,0.0,0,40,0,0
952,1,right_lane,naive,nan,40,0,22.393957345971565,0.0,0.0,40.0,0.0,0.0,63.630331753862734,43.63033175386273,20.0,nan,0.0,0,40,0,0
953,1,right_lane,naive,nan,12,1,22.56319082369068,1.0,1.0,10.0,0.5,2.0,18.778398246157796,13.028398246157792,5.75,nan,0.0,0,12,0,0
954,1,right_lane,naive,nan,37,1,21.912386319969247,0.0,1.0,36.0,0.0,1.0,57.62939846703839,39.12939846703839,18.5,nan,0.0,0,37,0,0
955,1,right_lane,naive,nan,40,0,21.768957345971565,1.0,1.0,38.0,0.5,11.5,61.8783991088609,42.1283991088609,19.75,nan,0.0,0,40,0,0
956,1,right_lane,naive,nan,40,0,22.143957345971565,1.0,1.0,38.0,0.5,12.0,62.9783991088609,43.22839910886089,19.75,nan,0.0,0,40,0,0
957,1,right_lane,naive,nan,40,0,22.518957345971554,10.0,13.0,17.0,15.5,4.5,56.077508342172315,43.827508342172315,12.25,nan,0.0,0,40,0,0
958,1,right_lane,naive,nan,40,0,21.768957345971565,0.0,1.0,39.0,0.0,0.5,62.62939832968612,42.62939832968612,20.0,nan,0.0,0,40,0,0
959,1,right_lane,naive,nan,40,0,20.89395734426102,0.0,1.0,39.0,0.0,1.5,61.22939766500308,41.22939766500308,20.0,nan,0.0,0,40,0,0
960,1,right_lane,naive,nan,40,0,21.768957345971565,1.0,1.0,38.0,0.5,0.5,62.37839911123736,42.62839911123735,19.75,nan,0.0,0,40,0,0
961,1,right_lane,naive,nan,40,0,22.393957345971565,1.0,1.0,38.0,0.5,1.5,63.3783991088609,43.628399108860904,19.75,nan,0.0,0,40,0,0
962,1,right_lane,naive,nan,40,0,22.018957345971565,0.0,10.0,30.0,5.0,3.0,60.52897990507479,43.028979905074785,17.5,nan,0.0,0,40,0,0
963,1,right_lane,naive,nan,40,0,20.643957345971565,0.0,0.0,40.0,0.0,0.5,60.8303317535545,40.8303317535545,20.0,nan,0.0,0,40,0,0
964,1,right_lane,naive,nan,13,1,25.058327681107308,0.0,1.0,12.0,0.0,3.0,21.929396970307405,15.429396970307401,6.5,nan,0.0,0,13,0,0
965,1,right_lane,naive,nan,40,0,24.143957345971497,6.0,32.0,2.0,21.5,4.0,55.178916601217495,45.9289166012175,9.25,nan,0.0,0,40,0,0
966,1,right_lane,naive,nan,40,0,21.643957345971565,0.0,1.0,39.0,0.0,8.5,62.429397668430724,42.429397668430724,20.0,nan,0.0,0,40,0,0
967,1,right_lane,naive,nan,20,1,22.287914691942987,1.0,1.0,18.0,0.5,1.0,31.37839910886078,21.62839910886078,9.75,nan,0.0,0,20,0,0
968,1,right_lane,naive,nan,40,0,22.893957345971494,20.0,3.0,17.0,21.5,1.5,53.6751817931277,43.925181793127685,9.75,nan,0.0,0,40,0,0
969,1,right_lane,naive,nan,40,0,21.76895174381816,0.0,1.0,39.0,0.0,3.0,62.12938755125642,42.62938755125642,19.5,nan,0.0,0,40,0,0
970,1,right_lane,naive,nan,40,0,20.393957345971565,4.0,5.0,31.0,5.5,12.5,57.67899885460469,40.4289988546047,17.25,nan,0.0,0,40,0,0
971,1,right_lane,naive,nan,40,0,21.75249644062177,10.0,2.0,28.0,10.5,5.0,57.35119965502882,42.601199655028815,14.75,nan,0.0,0,40,0,0
972,1,right_lane,naive,nan,40,0,23.268957345971565,7.0,1.0,32.0,6.5,2.0,62.149088238599425,45.399088238599425,16.75,nan,0.0,0,40,0,0
973,1,right_lane,naive,nan,40,0,23.518957345971565,18.0,1.0,21.0,17.5,0.0,56.67837904534218,45.428379045342176,11.25,nan,0.0,0,40,0,0
974,1,right_lane,naive,nan,40,0,23.518957345775522,12.0,1.0,27.0,11.5,1.5,59.67847104552282,45.42847104552282,14.25,nan,0.0,0,40,0,0
975,1,right_lane,naive,nan,40,0,22.76895239570556,0.0,1.0,39.0,0.0,3.5,64.22939040953287,44.229390409532854,20.0,nan,0.0,0,40,0,0
976,1,right_lane,naive,nan,40,0,23.268914152736198,0.0,0.0,40.0,0.0,8.5,65.20393207322485,45.20393207322484,20.0,nan,0.0,0,40,0,0
977,1,right_lane,naive,nan,40,0,21.018957345971565,0.0,0.0,40.0,0.0,2.5,61.430391761934175,41.430391761934175,20.0,nan,0.0,0,40,0,0
978,1,right_lane,naive,nan,40,0,22.143951657973492,0.0,0.0,40.0,0.0,7.0,63.230322652757586,43.2303226527576,20.0,nan,0.0,0,40,0,0
979,1,right_lane,naive,nan,40,0,22.268957345971565,22.0,6.0,12.0,24.0,2.0,51.430339655891636,43.430339655891636,8.0,nan,0.0,0,40,0,0
980,1,right_lane,naive,nan,40,0,22.76895734574631,8.0,7.0,25.0,11.0,10.0,58.72547122528149,44.225471225281495,14.5,nan,0.0,0,40,0,0
981,1,right_lane,naive,nan,40,0,22.89395734597156,0.0,7.0,33.0,3.0,2.0,62.92777403016814,44.42777403016814,18.5,nan,0.0,0,40,0,0
982,1,right_lane,naive,nan,40,0,20.893957345971565,0.0,1.0,39.0,0.0,3.5,61.2293983296861,41.2293983296861,20.0,nan,0.0,0,40,0,0
983,1,right_lane,naive,nan,40,0,22.39395239396195,0.0,0.0,40.0,0.0,8.0,63.803986381779445,43.803986381779445,20.0,nan,0.0,0,40,0,0
984,1,right_lane,naive,nan,40,0,21.268957345971565,0.0,1.0,39.0,0.0,9.5,61.8294052095151,41.8294052095151,20.0,nan,0.0,0,40,0,0
985,1,right_lane,naive,nan,40,0,21.3939573459419,0.0,0.0,40.0,0.0,0.5,62.03033175350704,42.03033175350705,20.0,nan,0.0,0,40,0,0
986,1,right_lane,naive,nan,40,0,24.018951743818675,12.0,2.0,26.0,12.5,3.5,59.97745389206671,46.22745389206671,13.75,nan,0.0,0,40,0,0
987,1,right_lane,naive,nan,40,0,20.893957345971565,1.0,1.0,38.0,0.5,0.5,60.97840618741409,41.22840618741409,19.75,nan,0.0,0,40,0,0
988,1,right_lane,naive,nan,40,0,21.768957345971565,1.0,6.0,33.0,3.0,1.5,61.12933235445975,42.62933235445975,18.5,nan,0.0,0,40,0,0
989,1,right_lane,naive,nan,40,0,22.893957345971565,0.0,1.0,39.0,0.0,1.5,64.42939766843072,44.42939766843071,20.0,nan,0.0,0,40,0,0
990,1,right_lane,naive,nan,40,0,21.143957345941843,0.0,0.0,40.0,0.0,7.0,61.630331753506944,41.630331753506944,20.0,nan,0.0,0,40,0,0
991,1,right_lane,naive,nan,40,0,21.516789654732076,2.0,1.0,37.0,1.5,6.0,61.474930098398886,42.22493009839888,19.25,nan,0.0,0,40,0,0
992,1,right_lane,naive,nan,40,0,22.893957345971565,6.0,1.0,33.0,5.5,6.0,61.6819055719751,44.43190557197511,17.25,nan,0.0,0,40,0,0
993,1,right_lane,naive,nan,18,1,24.20879410159124,0.0,0.0,18.0,0.0,5.0,29.8303317531457,20.830331753145703,9.0,nan,0.0,0,18,0,0
994,1,right_lane,naive,nan,40,0,22.768957345971565,11.0,3.0,26.0,12.0,0.5,57.72709736674588,43.72709736674587,14.0,nan,0.0,0,40,0,0
995,1,right_lane,naive,nan,40,0,20.393957345971565,0.0,0.0,40.0,0.0,1.0,60.430331753554505,40.430331753554505,20.0,nan,0.0,0,40,0,0
996,1,right_lane,naive,nan,40,0,21.268957345971565,5.0,1.0,34.0,4.5,9.0,59.57853680474925,41.828536804749255,17.75,nan,0.0,0,40,0,0
997,1,right_lane,naive,nan,40,0,21.766466606367043,0.0,0.0,40.0,0.0,2.0,62.62634657018727,42.626346570187266,20.0,nan,0.0,0,40,0,0
998,1,right_lane,naive,nan,40,0,22.893957345971494,0.0,4.0,36.0,1.5,1.0,63.68122142911033,44.43122142911034,19.25,nan,0.0,0,40,0,0
999,1,right_lane,naive,nan,40,0,22.643957345971554,2.0,7.0,31.0,5.0,1.5,61.5258922118507,44.0258922118507,17.5,nan,0.0,0,40,0,0
