episode_id,policy_freq,profile,method,filter,value,episode_length,collision,mean_speed,total_cost,total_avoided_cost,total_expected_cost,total_reward,total_basic_reward,total_added_reward,mean_iterations_to_converge,convergence_rate,outcome_unchanged_count,outcome_naively_augmented_count,outcome_rcps_augmented_count,outcome_projection_count,lane_0_time,lane_1_time,lane_2_time,lane_3_time
0,1,right_lane,nop,False,nan,40,0,22.393957247107274,26.0,0.0,26.50494435429573,46.83333333333333,40.0,6.833333333333333,nan,0.0,0,0,0,0,9.0,21.0,10.0,0.0
1,1,right_lane,nop,False,nan,12,1,24.229857446973146,9.666666666666666,0.0,10.040524184703827,13.166666666666666,12.0,1.1666666666666665,nan,0.0,0,0,0,0,6.0,6.0,0.0,0.0
2,1,right_lane,nop,False,nan,40,0,22.268957345971565,11.333333333333336,0.0,11.41090903733857,54.00000000000002,40.0,14.000000000000005,nan,0.0,0,0,0,0,1.0,4.0,23.0,12.0
3,1,right_lane,nop,False,nan,40,0,22.768957332948993,21.666666666666664,0.0,21.376099566579796,49.33333333333334,40.0,9.333333333333332,nan,0.0,0,0,0,0,13.0,10.0,6.0,11.0
4,1,right_lane,nop,False,nan,40,0,20.768957345971565,1.3333333333333333,0.0,2.3505529736867175,59.166666666666664,40.0,19.166666666666664,nan,0.0,0,0,0,0,0.0,1.0,3.0,36.0
5,1,right_lane,nop,False,nan,40,0,21.51895174381868,34.00000000000001,0.0,33.41684916615486,43.333333333333314,40.0,3.333333333333332,nan,0.0,0,0,0,0,23.0,16.0,1.0,0.0
6,1,right_lane,nop,False,nan,40,0,23.268957345971565,15.333333333333345,0.0,15.351533812354319,52.16666666666669,40.0,12.166666666666671,nan,0.0,0,0,0,0,1.0,10.0,25.0,4.0
7,1,right_lane,nop,False,nan,40,0,21.018957345971565,26.333333333333332,0.0,26.531943455338478,46.66666666666668,40.0,6.666666666666666,nan,0.0,0,0,0,0,12.0,19.0,6.0,3.0
8,1,right_lane,nop,False,nan,40,0,24.893957345971565,27.666666666666686,0.0,27.94000653945841,46.49999999999997,40.0,6.5000000000000036,nan,0.0,0,0,0,0,15.0,17.0,5.0,3.0
9,1,right_lane,nop,False,nan,40,0,22.000043292099726,28.000000000000014,0.0,29.108238220214844,45.999999999999986,40.0,6.000000000000002,nan,0.0,0,0,0,0,7.0,30.0,2.0,1.0
10,1,right_lane,nop,False,nan,40,0,23.018957334666787,23.666666666666675,0.0,25.232385363429785,48.16666666666665,40.0,8.166666666666671,nan,0.0,0,0,0,0,0.0,33.0,3.0,4.0
11,1,right_lane,nop,False,nan,7,1,27.23504145618208,6.666666666666666,0.0,6.55649721622467,7.333333333333334,7.0,0.3333333333333333,nan,0.0,0,0,0,0,6.0,1.0,0.0,0.0
12,1,right_lane,nop,False,nan,40,0,22.50000001301917,15.66666666666666,0.0,17.131539558293298,51.66666666666666,40.0,11.666666666666668,nan,0.0,0,0,0,0,0.0,23.0,3.0,14.0
13,1,right_lane,nop,False,nan,40,0,22.018957345971565,5.999999999999998,0.0,6.9517389169431,57.166666666666686,40.0,17.166666666666668,nan,0.0,0,0,0,0,0.0,2.0,13.0,25.0
14,1,right_lane,nop,False,nan,26,1,22.33685745305057,1.3333333333333333,0.0,1.6877459574998284,38.33333333333333,26.0,12.333333333333332,nan,0.0,0,0,0,0,0.0,0.0,3.0,23.0
15,1,right_lane,nop,False,nan,40,0,20.518957345971565,36.666666666666664,0.0,35.04056894779205,42.0,40.0,2.0,nan,0.0,0,0,0,0,30.0,10.0,0.0,0.0
16,1,right_lane,nop,False,nan,40,0,22.12749644062177,38.666666666666664,0.0,37.258339643478394,40.666666666666664,40.0,0.6666666666666666,nan,0.0,0,0,0,0,35.0,5.0,0.0,0.0
17,1,right_lane,nop,False,nan,40,0,24.893585304489555,20.666666666666675,0.0,20.751789848785847,49.499999999999986,40.0,9.499999999999995,nan,0.0,0,0,0,0,12.0,8.0,11.0,9.0
18,1,right_lane,nop,False,nan,40,0,21.893957345938492,16.0,0.0,17.060404139570892,51.833333333333336,40.0,11.833333333333336,nan,0.0,0,0,0,0,2.0,16.0,9.0,13.0
19,1,right_lane,nop,False,nan,40,0,23.143957345971565,22.666666666666675,0.0,21.184486663667485,49.0,40.0,8.999999999999996,nan,0.0,0,0,0,0,12.0,6.0,17.0,5.0
20,1,right_lane,nop,False,nan,40,0,23.39395734425711,23.666666666666654,0.0,24.04125928133726,47.83333333333335,40.0,7.833333333333331,nan,0.0,0,0,0,0,10.0,17.0,8.0,5.0
21,1,right_lane,nop,False,nan,40,0,21.393957345971565,34.333333333333336,0.0,34.516636073589325,42.999999999999986,40.0,2.999999999999999,nan,0.0,0,0,0,0,24.0,16.0,0.0,0.0
22,1,right_lane,nop,False,nan,40,0,22.76895734594177,19.333333333333325,0.0,19.84389821656032,50.16666666666668,40.0,10.166666666666666,nan,0.0,0,0,0,0,10.0,11.0,8.0,11.0
23,1,right_lane,nop,False,nan,40,0,20.643957345971565,30.666666666666664,0.0,29.250473737716675,45.00000000000001,40.0,5.0,nan,0.0,0,0,0,0,11.0,28.0,1.0,0.0
24,1,right_lane,nop,False,nan,40,0,21.518957345971565,20.666666666666647,0.0,19.953475534915924,49.333333333333364,40.0,9.33333333333333,nan,0.0,0,0,0,0,5.0,15.0,17.0,3.0
25,1,right_lane,nop,False,nan,4,1,25.0,1.3333333333333333,0.0,1.1795897632837296,5.333333333333333,4.0,1.3333333333333333,nan,0.0,0,0,0,0,0.0,1.0,1.0,2.0
26,1,right_lane,nop,False,nan,40,0,20.893957345971565,20.0,0.0,21.124272614717484,50.16666666666663,40.0,10.166666666666659,nan,0.0,0,0,0,0,0.0,21.0,16.0,3.0
27,1,right_lane,nop,False,nan,40,0,23.51895239570511,28.000000000000014,0.0,28.926222801208496,45.999999999999986,40.0,6.000000000000002,nan,0.0,0,0,0,0,5.0,33.0,2.0,0.0
28,1,right_lane,nop,False,nan,40,0,21.518957345971565,11.66666666666667,0.0,9.880447443886169,54.00000000000003,40.0,14.000000000000007,nan,0.0,0,0,0,0,0.0,0.0,34.0,6.0
29,1,right_lane,nop,False,nan,40,0,21.768957345971565,16.666666666666664,0.0,17.559754073619843,51.66666666666667,40.0,11.666666666666664,nan,0.0,0,0,0,0,1.0,17.0,14.0,8.0
30,1,right_lane,nop,False,nan,40,0,20.518957345971565,5.333333333333332,0.0,6.925180114805698,57.33333333333335,40.0,17.333333333333336,nan,0.0,0,0,0,0,0.0,0.0,15.0,25.0
31,1,right_lane,nop,False,nan,40,0,20.768957247332974,16.333333333333343,0.0,15.959971107542515,51.83333333333335,40.0,11.833333333333336,nan,0.0,0,0,0,0,5.0,3.0,29.0,3.0
32,1,right_lane,nop,False,nan,40,0,26.268956496355962,35.333333333333336,0.0,34.981746196746826,42.666666666666664,40.0,2.666666666666666,nan,0.0,0,0,0,0,29.0,8.0,3.0,0.0
33,1,right_lane,nop,False,nan,40,0,22.002496328768032,11.666666666666664,0.0,12.70618824288249,53.999999999999986,40.0,13.999999999999998,nan,0.0,0,0,0,0,2.0,7.0,15.0,16.0
34,1,right_lane,nop,False,nan,40,0,20.393957345971565,28.000000000000004,0.0,26.97536924481392,45.833333333333336,40.0,5.833333333333333,nan,0.0,0,0,0,0,15.0,14.0,11.0,0.0
35,1,right_lane,nop,False,nan,40,0,22.393957345971565,10.666666666666668,0.0,11.633417006582022,54.5,40.0,14.5,nan,0.0,0,0,0,0,7.0,3.0,6.0,24.0
36,1,right_lane,nop,False,nan,40,0,22.9813714164299,23.666666666666668,0.0,23.305444155586883,48.5,40.0,8.499999999999998,nan,0.0,0,0,0,0,20.0,2.0,6.0,12.0
37,1,right_lane,nop,False,nan,40,0,22.64395659522039,22.333333333333336,0.0,22.468059197068214,48.99999999999999,40.0,8.999999999999996,nan,0.0,0,0,0,0,11.0,6.0,22.0,1.0
38,1,right_lane,nop,False,nan,40,0,20.643957345971565,31.666666666666668,0.0,31.335878990590572,44.0,40.0,4.000000000000001,nan,0.0,0,0,0,0,27.0,2.0,8.0,3.0
39,1,right_lane,nop,False,nan,40,0,21.643957345971565,2.333333333333333,0.0,3.186107815359719,58.666666666666664,40.0,18.666666666666664,nan,0.0,0,0,0,0,0.0,1.0,5.0,34.0
40,1,right_lane,nop,False,nan,15,1,24.665905188781966,3.9999999999999996,0.0,3.898222001713748,20.666666666666668,15.0,5.666666666666667,nan,0.0,0,0,0,0,1.0,3.0,1.0,10.0
41,1,right_lane,nop,False,nan,21,1,26.70206724985578,16.0,0.0,15.063549861311913,23.666666666666664,21.0,2.6666666666666665,nan,0.0,0,0,0,0,12.0,1.0,7.0,1.0
42,1,right_lane,nop,False,nan,40,0,21.268957345971565,4.333333333333333,0.0,5.312010733294301,57.33333333333333,40.0,17.333333333333332,nan,0.0,0,0,0,0,1.0,1.0,11.0,27.0
43,1,right_lane,nop,False,nan,40,0,21.143957345971565,4.666666666666666,0.0,6.135527925216593,57.66666666666668,40.0,17.666666666666664,nan,0.0,0,0,0,0,1.0,2.0,9.0,28.0
44,1,right_lane,nop,False,nan,40,0,23.268957345971565,24.333333333333307,0.0,24.15513864159584,48.00000000000002,40.0,7.9999999999999964,nan,0.0,0,0,0,0,15.0,4.0,21.0,0.0
45,1,right_lane,nop,False,nan,40,0,22.51895100608321,29.000000000000004,0.0,30.406279146671295,45.5,40.0,5.5,nan,0.0,0,0,0,0,10.0,28.0,2.0,0.0
46,1,right_lane,nop,False,nan,40,0,21.018957345971565,1.0,0.0,2.571076452237321,59.33333333333333,40.0,19.333333333333332,nan,0.0,0,0,0,0,0.0,2.0,1.0,37.0
47,1,right_lane,nop,False,nan,40,0,22.893957345971565,1.6666666666666665,0.0,3.302744579437217,59.16666666666667,40.0,19.166666666666668,nan,0.0,0,0,0,0,1.0,1.0,3.0,35.0
48,1,right_lane,nop,False,nan,40,0,23.643957345971113,18.33333333333333,0.0,19.563744988292456,50.833333333333336,40.0,10.833333333333334,nan,0.0,0,0,0,0,14.0,6.0,4.0,16.0
49,1,right_lane,nop,False,nan,40,0,23.143957345971565,38.66666666666667,0.0,38.21507486701012,41.166666666666664,40.0,1.1666666666666665,nan,0.0,0,0,0,0,35.0,4.0,1.0,0.0
50,1,right_lane,nop,False,nan,40,0,23.768957345745793,14.999999999999996,0.0,15.435583455331653,52.333333333333314,40.0,12.333333333333329,nan,0.0,0,0,0,0,3.0,13.0,8.0,16.0
51,1,right_lane,nop,False,nan,14,1,28.874407582949576,8.666666666666666,0.0,8.709693233413418,16.333333333333336,14.0,2.333333333333333,nan,0.0,0,0,0,0,6.0,3.0,2.0,3.0
52,1,right_lane,nop,False,nan,40,0,24.252495702889696,30.33333333333335,0.0,31.547027111053467,45.16666666666665,40.0,5.166666666666668,nan,0.0,0,0,0,0,17.0,18.0,5.0,0.0
53,1,right_lane,nop,False,nan,40,0,22.518957345967134,30.33333333333333,0.0,30.4670814499259,45.00000000000001,40.0,4.999999999999998,nan,0.0,0,0,0,0,15.0,20.0,3.0,2.0
54,1,right_lane,nop,False,nan,40,0,21.893957345971486,9.0,0.0,9.634401362389326,55.0,40.0,15.0,nan,0.0,0,0,0,0,0.0,4.0,19.0,17.0
55,1,right_lane,nop,False,nan,40,0,22.268951644954317,14.0,0.0,15.020153477787971,53.166666666666664,40.0,13.166666666666668,nan,0.0,0,0,0,0,7.0,4.0,15.0,14.0
56,1,right_lane,nop,False,nan,40,0,22.733867844032495,15.00000000000001,0.0,15.920048862695694,52.50000000000003,40.0,12.500000000000007,nan,0.0,0,0,0,0,5.0,4.0,24.0,7.0
57,1,right_lane,nop,False,nan,40,0,21.268957345971565,12.000000000000004,0.0,11.939836852252483,53.833333333333364,40.0,13.833333333333341,nan,0.0,0,0,0,0,0.0,3.0,31.0,6.0
58,1,right_lane,nop,False,nan,40,0,22.643957345971565,15.000000000000005,0.0,14.714953005313873,52.666666666666686,40.0,12.666666666666671,nan,0.0,0,0,0,0,3.0,7.0,21.0,9.0
59,1,right_lane,nop,False,nan,40,0,21.268957345971046,25.333333333333332,0.0,24.4217114970088,47.66666666666666,40.0,7.666666666666665,nan,0.0,0,0,0,0,19.0,4.0,10.0,7.0
60,1,right_lane,nop,False,nan,40,0,22.143957345971565,28.66666666666666,0.0,28.66736575961113,45.33333333333336,40.0,5.333333333333332,nan,0.0,0,0,0,0,16.0,15.0,9.0,0.0
61,1,right_lane,nop,False,nan,40,0,23.018957344031847,20.66666666666665,0.0,20.438558060428477,49.666666666666686,40.0,9.666666666666668,nan,0.0,0,0,0,0,10.0,9.0,15.0,6.0
62,1,right_lane,nop,False,nan,40,0,20.393957345971565,38.66666666666667,0.0,36.35593670606613,41.0,40.0,0.9999999999999999,nan,0.0,0,0,0,0,36.0,4.0,0.0,0.0
63,1,right_lane,nop,False,nan,40,0,21.893957345971565,39.33333333333333,0.0,39.07629430294037,40.333333333333336,40.0,0.3333333333333333,nan,0.0,0,0,0,0,38.0,2.0,0.0,0.0
64,1,right_lane,nop,False,nan,40,0,23.75249578705016,31.666666666666686,0.0,31.03751142323017,43.99999999999998,40.0,3.9999999999999982,nan,0.0,0,0,0,0,18.0,19.0,1.0,2.0
65,1,right_lane,nop,False,nan,40,0,21.143957345971565,8.999999999999998,0.0,9.821625415235758,55.333333333333364,40.0,15.333333333333341,nan,0.0,0,0,0,0,0.0,0.0,27.0,13.0
66,1,right_lane,nop,False,nan,40,0,21.768957334666847,29.33333333333335,0.0,31.036760091781616,45.499999999999986,40.0,5.500000000000001,nan,0.0,0,0,0,0,9.0,31.0,0.0,0.0
67,1,right_lane,nop,False,nan,40,0,24.14178964342737,10.333333333333332,0.0,11.02319481325685,54.5,40.0,14.5,nan,0.0,0,0,0,0,7.0,5.0,2.0,26.0
68,1,right_lane,nop,False,nan,40,0,23.622503574111864,39.66666666666667,0.0,39.116387724876404,40.66666666666667,40.0,0.6666666666666666,nan,0.0,0,0,0,0,38.0,2.0,0.0,0.0
69,1,right_lane,nop,False,nan,40,0,21.625043292099726,22.0,0.0,23.079234421253204,48.66666666666664,40.0,8.66666666666667,nan,0.0,0,0,0,0,1.0,25.0,14.0,0.0
70,1,right_lane,nop,False,nan,40,0,22.483867844032495,39.33333333333333,0.0,39.21629583835602,40.5,40.0,0.5,nan,0.0,0,0,0,0,39.0,1.0,0.0,0.0
71,1,right_lane,nop,False,nan,40,0,21.893957345971494,25.0,0.0,24.60570840537548,47.66666666666666,40.0,7.666666666666665,nan,0.0,0,0,0,0,18.0,3.0,15.0,4.0
72,1,right_lane,nop,False,nan,40,0,22.143957235806404,30.333333333333336,0.0,30.87721011042595,44.833333333333336,40.0,4.833333333333333,nan,0.0,0,0,0,0,10.0,29.0,1.0,0.0
73,1,right_lane,nop,False,nan,40,0,21.393951646668775,32.0,0.0,31.61063388735056,43.83333333333333,40.0,3.8333333333333326,nan,0.0,0,0,0,0,27.0,4.0,5.0,4.0
74,1,right_lane,nop,False,nan,40,0,21.768629347340507,32.000000000000014,0.0,32.95206043124199,43.83333333333334,40.0,3.8333333333333335,nan,0.0,0,0,0,0,22.0,14.0,4.0,0.0
75,1,right_lane,nop,False,nan,40,0,24.893671888437925,20.33333333333334,0.0,21.074279195076087,49.99999999999997,40.0,9.999999999999993,nan,0.0,0,0,0,0,9.0,15.0,5.0,11.0
76,1,right_lane,nop,False,nan,15,1,24.050550661521118,8.333333333333332,0.0,7.921273574233055,18.333333333333332,15.0,3.333333333333334,nan,0.0,0,0,0,0,3.0,4.0,6.0,2.0
77,1,right_lane,nop,False,nan,40,0,22.393957260126378,22.000000000000004,0.0,23.472161954268813,48.999999999999986,40.0,9.000000000000004,nan,0.0,0,0,0,0,0.0,29.0,6.0,5.0
78,1,right_lane,nop,False,nan,40,0,22.000043292099726,3.0,0.0,3.2478485984611325,58.33333333333333,40.0,18.333333333333332,nan,0.0,0,0,0,0,0.0,0.0,9.0,31.0
79,1,right_lane,nop,False,nan,40,0,22.3939573459715,31.000000000000007,0.0,30.97092032432556,44.66666666666668,40.0,4.666666666666668,nan,0.0,0,0,0,0,21.0,12.0,7.0,0.0
80,1,right_lane,nop,False,nan,40,0,22.64391480462308,11.999999999999996,0.0,12.386043497361243,54.16666666666666,40.0,14.166666666666664,nan,0.0,0,0,0,0,1.0,9.0,12.0,18.0
81,1,right_lane,nop,False,nan,40,0,21.518957345971565,3.3333333333333335,0.0,4.080975314023817,58.000000000000014,40.0,18.0,nan,0.0,0,0,0,0,0.0,0.0,10.0,30.0
82,1,right_lane,nop,False,nan,40,0,21.268957345971565,0.6666666666666666,0.0,1.1668785337933514,59.5,40.0,19.5,nan,0.0,0,0,0,0,0.0,0.0,2.0,38.0
83,1,right_lane,nop,False,nan,40,0,21.393957345971565,0.6666666666666666,0.0,1.7690707416040823,59.666666666666664,40.0,19.666666666666664,nan,0.0,0,0,0,0,0.0,1.0,2.0,37.0
84,1,right_lane,nop,False,nan,40,0,21.018957345971565,9.333333333333332,0.0,9.87708800798282,55.333333333333364,40.0,15.333333333333343,nan,0.0,0,0,0,0,0.0,1.0,27.0,12.0
85,1,right_lane,nop,False,nan,40,0,23.143957345971565,34.666666666666664,0.0,33.78971765935421,43.16666666666667,40.0,3.166666666666666,nan,0.0,0,0,0,0,30.0,3.0,5.0,2.0
86,1,right_lane,nop,False,nan,40,0,25.893957234313795,27.66666666666667,0.0,27.087235122919083,46.16666666666666,40.0,6.166666666666668,nan,0.0,0,0,0,0,13.0,17.0,7.0,3.0
87,1,right_lane,nop,False,nan,40,0,21.50249644062177,26.000000000000007,0.0,28.183788508176804,46.99999999999998,40.0,7.0000000000000036,nan,0.0,0,0,0,0,2.0,34.0,4.0,0.0
88,1,right_lane,nop,False,nan,40,0,23.50249644062177,22.333333333333318,0.0,21.535621620714664,48.50000000000003,40.0,8.499999999999998,nan,0.0,0,0,0,0,9.0,10.0,20.0,1.0
89,1,right_lane,nop,False,nan,40,0,22.000286110883906,31.000000000000014,0.0,31.435844004154205,44.66666666666664,40.0,4.666666666666666,nan,0.0,0,0,0,0,18.0,18.0,4.0,0.0
90,1,right_lane,nop,False,nan,34,1,22.669361583495956,27.666666666666664,0.0,27.193081723176874,37.333333333333336,34.0,3.333333333333333,nan,0.0,0,0,0,0,24.0,4.0,2.0,4.0
91,1,right_lane,nop,False,nan,8,1,23.219570269359192,6.0,0.0,5.301137462258339,9.0,8.0,0.9999999999999999,nan,0.0,0,0,0,0,4.0,1.0,1.0,2.0
92,1,right_lane,nop,False,nan,40,0,22.268957345971565,23.333333333333314,0.0,23.392781607806683,48.166666666666686,40.0,8.166666666666664,nan,0.0,0,0,0,0,14.0,5.0,19.0,2.0
93,1,right_lane,nop,False,nan,40,0,21.268957247332974,5.666666666666665,0.0,7.12366583943367,57.000000000000014,40.0,17.000000000000004,nan,0.0,0,0,0,0,0.0,0.0,16.0,24.0
94,1,right_lane,nop,False,nan,40,0,23.14395099329321,9.666666666666666,0.0,11.025715021591168,55.0,40.0,15.0,nan,0.0,0,0,0,0,7.0,3.0,3.0,27.0
95,1,right_lane,nop,False,nan,21,1,25.440081249090717,11.999999999999998,0.0,11.63779765367508,25.833333333333332,21.0,4.833333333333334,nan,0.0,0,0,0,0,7.0,5.0,5.0,4.0
96,1,right_lane,nop,False,nan,40,0,21.393957345971565,6.666666666666666,0.0,8.920645516365767,56.33333333333333,40.0,16.333333333333336,nan,0.0,0,0,0,0,3.0,4.0,6.0,27.0
97,1,right_lane,nop,False,nan,40,0,24.268957345971565,21.000000000000007,0.0,21.361309926811373,49.83333333333331,40.0,9.833333333333327,nan,0.0,0,0,0,0,12.0,11.0,5.0,12.0
98,1,right_lane,nop,False,nan,7,1,25.0,2.333333333333333,0.0,2.0976060777902603,9.5,7.0,2.5,nan,0.0,0,0,0,0,0.0,1.0,3.0,3.0
99,1,right_lane,nop,False,nan,40,0,23.893957345971565,14.0,0.0,14.502575798425823,52.5,40.0,12.5,nan,0.0,0,0,0,0,13.0,2.0,2.0,23.0
100,1,right_lane,nop,False,nan,40,0,21.375000013019175,7.0,0.0,7.697260247688973,57.00000000000002,40.0,17.000000000000004,nan,0.0,0,0,0,0,2.0,2.0,11.0,25.0
101,1,right_lane,nop,False,nan,40,0,22.393957345971565,16.0,0.0,17.531764548271894,51.66666666666668,40.0,11.666666666666668,nan,0.0,0,0,0,0,12.0,4.0,6.0,18.0
102,1,right_lane,nop,False,nan,40,0,23.768957345971565,32.0,0.0,31.607825773826335,44.333333333333336,40.0,4.333333333333333,nan,0.0,0,0,0,0,26.0,6.0,4.0,4.0
103,1,right_lane,nop,False,nan,3,1,25.0,1.0,0.0,1.7497847825288773,3.5,3.0,0.5,nan,0.0,0,0,0,0,1.0,1.0,1.0,0.0
104,1,right_lane,nop,False,nan,40,0,21.518957345971565,28.66666666666667,0.0,28.33847700059414,46.16666666666667,40.0,6.16666666666667,nan,0.0,0,0,0,0,12.0,22.0,5.0,1.0
105,1,right_lane,nop,False,nan,40,0,23.268957345971565,13.000000000000007,0.0,12.777652885764837,53.1666666666667,40.0,13.166666666666675,nan,0.0,0,0,0,0,1.0,7.0,24.0,8.0
106,1,right_lane,nop,False,nan,40,0,21.89150419744946,37.666666666666664,0.0,35.400298312306404,41.5,40.0,1.5,nan,0.0,0,0,0,0,33.0,5.0,1.0,1.0
107,1,right_lane,nop,False,nan,40,0,23.643957345971565,23.333333333333318,0.0,23.68409100174904,48.00000000000003,40.0,7.9999999999999964,nan,0.0,0,0,0,0,12.0,9.0,18.0,1.0
108,1,right_lane,nop,False,nan,40,0,21.268957332952905,39.0,0.0,37.06412595510483,40.83333333333333,40.0,0.8333333333333333,nan,0.0,0,0,0,0,37.0,3.0,0.0,0.0
109,1,right_lane,nop,False,nan,40,0,23.26862859681453,15.33333333333333,0.0,15.424151526764035,52.333333333333336,40.0,12.333333333333334,nan,0.0,0,0,0,0,5.0,4.0,22.0,9.0
110,1,right_lane,nop,False,nan,40,0,21.018957345971113,31.333333333333343,0.0,31.46933925151825,44.33333333333333,40.0,4.333333333333332,nan,0.0,0,0,0,0,14.0,26.0,0.0,0.0
111,1,right_lane,nop,False,nan,40,0,22.768586055466553,21.000000000000007,0.0,22.28740091039799,48.99999999999998,40.0,9.000000000000004,nan,0.0,0,0,0,0,4.0,22.0,10.0,4.0
112,1,right_lane,nop,False,nan,40,0,21.268957345971565,24.333333333333318,0.0,25.05165469646454,48.16666666666668,40.0,8.166666666666664,nan,0.0,0,0,0,0,7.0,20.0,13.0,0.0
113,1,right_lane,nop,False,nan,40,0,22.14367188717398,16.999999999999996,0.0,16.88187645986909,51.166666666666664,40.0,11.166666666666668,nan,0.0,0,0,0,0,10.0,9.0,4.0,17.0
114,1,right_lane,nop,False,nan,40,0,21.893957345971565,27.0,0.0,26.53228621929884,47.0,40.0,7.0,nan,0.0,0,0,0,0,21.0,6.0,4.0,9.0
115,1,right_lane,nop,False,nan,40,0,21.893957345971565,4.666666666666666,0.0,6.37489463808015,57.16666666666667,40.0,17.16666666666667,nan,0.0,0,0,0,0,0.0,1.0,14.0,25.0
116,1,right_lane,nop,False,nan,40,0,22.268957345941836,27.666666666666664,0.0,26.711616441607475,46.666666666666664,40.0,6.666666666666667,nan,0.0,0,0,0,0,16.0,11.0,10.0,3.0
117,1,right_lane,nop,False,nan,4,1,28.560859461281616,3.6666666666666665,0.0,3.603228509426117,4.166666666666667,4.0,0.16666666666666666,nan,0.0,0,0,0,0,3.0,1.0,0.0,0.0
118,1,right_lane,nop,False,nan,40,0,26.606371401725937,28.666666666666664,0.0,27.77873857319355,45.66666666666668,40.0,5.666666666666666,nan,0.0,0,0,0,0,18.0,10.0,10.0,2.0
119,1,right_lane,nop,False,nan,40,0,26.39395734597098,18.666666666666657,0.0,18.758676043036985,50.33333333333337,40.0,10.333333333333336,nan,0.0,0,0,0,0,10.0,4.0,17.0,9.0
120,1,right_lane,nop,False,nan,40,0,22.518671875673665,16.999999999999996,0.0,17.673257917056503,51.666666666666636,40.0,11.66666666666666,nan,0.0,0,0,0,0,7.0,12.0,4.0,17.0
121,1,right_lane,nop,False,nan,40,0,22.875005701013844,22.000000000000004,0.0,24.459192521870136,48.66666666666666,40.0,8.666666666666673,nan,0.0,0,0,0,0,0.0,30.0,8.0,2.0
122,1,right_lane,nop,False,nan,40,0,21.268957345971565,16.33333333333333,0.0,16.812723452225327,52.16666666666665,40.0,12.166666666666664,nan,0.0,0,0,0,0,4.0,8.0,19.0,9.0
123,1,right_lane,nop,False,nan,40,0,22.875328749382287,11.000000000000002,0.0,11.709358940366656,54.333333333333364,40.0,14.333333333333341,nan,0.0,0,0,0,0,1.0,4.0,24.0,11.0
124,1,right_lane,nop,False,nan,40,0,26.747832295741347,37.00000000000001,0.0,36.63547882437706,41.83333333333334,40.0,1.8333333333333333,nan,0.0,0,0,0,0,32.0,7.0,1.0,0.0
125,1,right_lane,nop,False,nan,40,0,21.75249644062177,8.33333333333333,0.0,8.81548046640819,55.333333333333364,40.0,15.333333333333343,nan,0.0,0,0,0,0,0.0,0.0,26.0,14.0
126,1,right_lane,nop,False,nan,40,0,23.643957234313866,23.000000000000004,0.0,21.920954667031765,48.999999999999986,40.0,8.999999999999996,nan,0.0,0,0,0,0,15.0,6.0,9.0,10.0
127,1,right_lane,nop,False,nan,40,0,21.893957345971565,4.666666666666666,0.0,5.99261849548202,57.33333333333334,40.0,17.333333333333332,nan,0.0,0,0,0,0,2.0,3.0,3.0,32.0
128,1,right_lane,nop,False,nan,40,0,22.643957247332974,10.333333333333334,0.0,9.645910932449624,54.83333333333336,40.0,14.83333333333334,nan,0.0,0,0,0,0,1.0,1.0,28.0,10.0
129,1,right_lane,nop,False,nan,40,0,23.500043290611032,3.6666666666666665,0.0,3.8713952424004674,58.33333333333334,40.0,18.333333333333332,nan,0.0,0,0,0,0,0.0,1.0,9.0,30.0
130,1,right_lane,nop,False,nan,40,0,22.143957345971565,16.333333333333336,0.0,15.70327882417132,51.833333333333336,40.0,11.833333333333334,nan,0.0,0,0,0,0,1.0,14.0,16.0,9.0
131,1,right_lane,nop,False,nan,40,0,20.893957345971565,13.000000000000004,0.0,13.793573196977377,53.166666666666686,40.0,13.166666666666671,nan,0.0,0,0,0,0,9.0,2.0,9.0,20.0
132,1,right_lane,nop,False,nan,40,0,22.37504329038918,27.0,0.0,27.336677138111554,47.00000000000001,40.0,7.0000000000000036,nan,0.0,0,0,0,0,15.0,16.0,3.0,6.0
133,1,right_lane,nop,False,nan,40,0,22.64113785678871,20.333333333333336,0.0,20.506897263228893,49.49999999999999,40.0,9.499999999999998,nan,0.0,0,0,0,0,13.0,9.0,4.0,14.0
134,1,right_lane,nop,False,nan,40,0,22.393957345971565,15.333333333333343,0.0,15.82386953412788,52.333333333333364,40.0,12.33333333333334,nan,0.0,0,0,0,0,0.0,13.0,19.0,8.0
135,1,right_lane,nop,False,nan,40,0,21.874962409143297,11.666666666666666,0.0,11.64144977927208,54.33333333333334,40.0,14.333333333333336,nan,0.0,0,0,0,0,0.0,1.0,31.0,8.0
136,1,right_lane,nop,False,nan,40,0,20.893957345971565,13.333333333333336,0.0,13.836532650515437,53.16666666666668,40.0,13.16666666666667,nan,0.0,0,0,0,0,2.0,9.0,17.0,12.0
137,1,right_lane,nop,False,nan,40,0,22.893957345971565,21.999999999999982,0.0,21.72093039751053,49.000000000000014,40.0,8.999999999999998,nan,0.0,0,0,0,0,12.0,3.0,25.0,0.0
138,1,right_lane,nop,False,nan,40,0,20.768957345971565,14.666666666666666,0.0,15.474950306117535,52.5,40.0,12.499999999999998,nan,0.0,0,0,0,0,0.0,11.0,23.0,6.0
139,1,right_lane,nop,False,nan,11,1,26.43239401048844,10.666666666666666,0.0,10.631429493427277,11.5,11.0,0.5,nan,0.0,0,0,0,0,11.0,0.0,0.0,0.0
140,1,right_lane,nop,False,nan,40,0,23.018957345971565,40.0,0.0,38.88476759195328,40.16666666666667,40.0,0.16666666666666666,nan,0.0,0,0,0,0,39.0,1.0,0.0,0.0
141,1,right_lane,nop,False,nan,40,0,22.268957345971565,24.333333333333318,0.0,23.824721172451973,47.50000000000003,40.0,7.499999999999997,nan,0.0,0,0,0,0,13.0,8.0,18.0,1.0
142,1,right_lane,nop,False,nan,3,1,25.0,1.0,0.0,1.5632124692201614,3.833333333333333,3.0,0.8333333333333333,nan,0.0,0,0,0,0,0.0,2.0,1.0,0.0
143,1,right_lane,nop,False,nan,40,0,23.51891469274353,9.666666666666666,0.0,9.383627253368786,55.16666666666668,40.0,15.166666666666671,nan,0.0,0,0,0,0,0.0,0.0,30.0,10.0
144,1,right_lane,nop,False,nan,40,0,23.643957345749705,31.666666666666675,0.0,30.648338802158833,44.66666666666666,40.0,4.666666666666667,nan,0.0,0,0,0,0,24.0,9.0,2.0,5.0
145,1,right_lane,nop,False,nan,40,0,21.143628695453636,28.000000000000004,0.0,29.738735526800156,45.833333333333336,40.0,5.833333333333333,nan,0.0,0,0,0,0,7.0,31.0,2.0,0.0
146,1,right_lane,nop,False,nan,40,0,21.39395172911869,31.666666666666682,0.0,30.892999082803726,44.16666666666664,40.0,4.166666666666665,nan,0.0,0,0,0,0,18.0,19.0,3.0,0.0
147,1,right_lane,nop,False,nan,17,1,23.574017280142485,8.666666666666666,0.0,8.417902529239655,21.166666666666657,17.0,4.166666666666666,nan,0.0,0,0,0,0,0.0,8.0,9.0,0.0
148,1,right_lane,nop,False,nan,40,0,21.768629347340514,10.0,0.0,10.185775751480833,54.83333333333336,40.0,14.833333333333341,nan,0.0,0,0,0,0,0.0,1.0,29.0,10.0
149,1,right_lane,nop,False,nan,40,0,20.393957345971565,11.000000000000002,0.0,11.053509876132011,54.50000000000002,40.0,14.500000000000007,nan,0.0,0,0,0,0,0.0,0.0,33.0,7.0
150,1,right_lane,nop,False,nan,40,0,23.51895723408803,18.999999999999996,0.0,18.563746644649655,50.33333333333333,40.0,10.333333333333332,nan,0.0,0,0,0,0,10.0,6.0,15.0,9.0
151,1,right_lane,nop,False,nan,40,0,23.268957247107203,16.666666666666664,0.0,16.7465369370766,51.66666666666669,40.0,11.666666666666671,nan,0.0,0,0,0,0,3.0,15.0,11.0,11.0
152,1,right_lane,nop,False,nan,40,0,22.377490100736814,9.666666666666666,0.0,11.074681033992533,55.49999999999999,40.0,15.5,nan,0.0,0,0,0,0,1.0,8.0,10.0,21.0
153,1,right_lane,nop,False,nan,40,0,22.73353910766938,36.666666666666664,0.0,36.641990065574646,41.66666666666667,40.0,1.666666666666667,nan,0.0,0,0,0,0,33.0,4.0,2.0,1.0
154,1,right_lane,nop,False,nan,40,0,23.143957345971565,33.0,0.0,33.60474395751953,43.49999999999998,40.0,3.499999999999999,nan,0.0,0,0,0,0,21.0,18.0,1.0,0.0
155,1,right_lane,nop,False,nan,40,0,21.018957345971565,38.33333333333333,0.0,36.00861059874296,41.0,40.0,0.9999999999999999,nan,0.0,0,0,0,0,35.0,3.0,1.0,1.0
156,1,right_lane,nop,False,nan,40,0,22.018957345971565,21.333333333333318,0.0,22.15528905391693,49.00000000000003,40.0,9.000000000000004,nan,0.0,0,0,0,0,0.0,25.0,15.0,0.0
157,1,right_lane,nop,False,nan,40,0,21.625000750751234,29.333333333333343,0.0,30.410239696502686,45.66666666666666,40.0,5.666666666666668,nan,0.0,0,0,0,0,8.0,30.0,2.0,0.0
158,1,right_lane,nop,False,nan,40,0,23.018957345971565,17.333333333333336,0.0,16.30595690011978,51.00000000000003,40.0,11.000000000000004,nan,0.0,0,0,0,0,5.0,4.0,29.0,2.0
159,1,right_lane,nop,False,nan,40,0,20.268957345971565,16.333333333333336,0.0,16.70622193813324,51.833333333333336,40.0,11.833333333333332,nan,0.0,0,0,0,0,4.0,6.0,27.0,3.0
160,1,right_lane,nop,False,nan,40,0,22.393957345971565,1.3333333333333333,0.0,3.018634771753568,59.166666666666664,40.0,19.166666666666664,nan,0.0,0,0,0,0,1.0,1.0,2.0,36.0
161,1,right_lane,nop,False,nan,40,0,22.393957345746294,7.666666666666663,0.0,8.223509503761306,56.33333333333335,40.0,16.333333333333336,nan,0.0,0,0,0,0,1.0,1.0,20.0,18.0
162,1,right_lane,nop,False,nan,40,0,22.018957345971565,10.666666666666668,0.0,9.223940301990694,54.66666666666669,40.0,14.666666666666675,nan,0.0,0,0,0,0,0.0,0.0,31.0,9.0
163,1,right_lane,nop,False,nan,40,0,20.393957345971565,32.333333333333336,0.0,30.222569555044174,44.16666666666667,40.0,4.166666666666665,nan,0.0,0,0,0,0,19.0,17.0,3.0,1.0
164,1,right_lane,nop,False,nan,40,0,23.018957345967202,18.999999999999993,0.0,20.074336093006423,50.16666666666667,40.0,10.166666666666666,nan,0.0,0,0,0,0,6.0,19.0,2.0,13.0
165,1,right_lane,nop,False,nan,40,0,21.893957345971565,14.333333333333343,0.0,15.336034417152405,52.83333333333334,40.0,12.833333333333336,nan,0.0,0,0,0,0,6.0,4.0,17.0,13.0
166,1,right_lane,nop,False,nan,40,0,23.518956694084682,27.33333333333335,0.0,28.19900245964527,46.66666666666665,40.0,6.6666666666666705,nan,0.0,0,0,0,0,9.0,25.0,4.0,2.0
167,1,right_lane,nop,False,nan,40,0,21.143957345971565,24.999999999999993,0.0,24.204212196171284,47.49999999999999,40.0,7.5,nan,0.0,0,0,0,0,13.0,9.0,15.0,3.0
168,1,right_lane,nop,False,nan,40,0,25.106042752892797,30.999999999999996,0.0,30.32693102466874,44.5,40.0,4.5,nan,0.0,0,0,0,0,26.0,5.0,2.0,7.0
169,1,right_lane,nop,False,nan,40,0,23.143957345971565,30.66666666666667,0.0,28.795267909765244,44.66666666666666,40.0,4.666666666666668,nan,0.0,0,0,0,0,20.0,10.0,9.0,1.0
170,1,right_lane,nop,False,nan,40,0,20.893957345971565,4.999999999999999,0.0,5.267403568473583,56.99999999999999,40.0,16.999999999999996,nan,0.0,0,0,0,0,0.0,0.0,15.0,25.0
171,1,right_lane,nop,False,nan,40,0,21.143957345971565,39.666666666666664,0.0,37.87254995107651,40.66666666666667,40.0,0.6666666666666666,nan,0.0,0,0,0,0,38.0,1.0,1.0,0.0
172,1,right_lane,nop,False,nan,40,0,23.393957345967646,21.66666666666667,0.0,22.00568404395017,49.0,40.0,8.999999999999996,nan,0.0,0,0,0,0,10.0,14.0,7.0,9.0
173,1,right_lane,nop,False,nan,40,0,20.393957345971565,27.666666666666664,0.0,26.293310940265656,46.333333333333336,40.0,6.333333333333333,nan,0.0,0,0,0,0,14.0,13.0,13.0,0.0
174,1,right_lane,nop,False,nan,40,0,21.393957345971565,39.0,0.0,37.9947350025177,40.5,40.0,0.5,nan,0.0,0,0,0,0,37.0,1.0,1.0,1.0
175,1,right_lane,nop,False,nan,40,0,22.731085946128168,32.33333333333334,0.0,31.25976726412773,43.83333333333333,40.0,3.833333333333332,nan,0.0,0,0,0,0,19.0,17.0,4.0,0.0
176,1,right_lane,nop,False,nan,40,0,21.502496439133083,8.666666666666666,0.0,10.165317215025425,55.16666666666666,40.0,15.166666666666664,nan,0.0,0,0,0,0,1.0,8.0,10.0,21.0
177,1,right_lane,nop,False,nan,40,0,21.89367188868894,5.333333333333332,0.0,5.907931020483375,57.333333333333336,40.0,17.333333333333332,nan,0.0,0,0,0,0,2.0,4.0,4.0,30.0
178,1,right_lane,nop,False,nan,40,0,22.268957345971565,33.666666666666664,0.0,34.001795411109924,43.333333333333336,40.0,3.333333333333332,nan,0.0,0,0,0,0,22.0,17.0,1.0,0.0
179,1,right_lane,nop,False,nan,40,0,22.518919754692984,19.333333333333332,0.0,20.321089649545172,50.499999999999964,40.0,10.499999999999991,nan,0.0,0,0,0,0,0.0,23.0,11.0,6.0
180,1,right_lane,nop,False,nan,40,0,21.62500570101725,28.00000000000001,0.0,29.25460433959961,46.16666666666666,40.0,6.166666666666669,nan,0.0,0,0,0,0,4.0,36.0,0.0,0.0
181,1,right_lane,nop,False,nan,40,0,21.518957345971565,34.333333333333336,0.0,33.97071244567633,42.66666666666666,40.0,2.6666666666666665,nan,0.0,0,0,0,0,27.0,9.0,3.0,1.0
182,1,right_lane,nop,False,nan,40,0,21.518957345971565,1.0,0.0,1.9113772510172566,59.166666666666664,40.0,19.166666666666664,nan,0.0,0,0,0,0,0.0,1.0,3.0,36.0
183,1,right_lane,nop,False,nan,40,0,23.516789654536037,18.666666666666664,0.0,19.31280803331174,51.166666666666636,40.0,11.166666666666655,nan,0.0,0,0,0,0,1.0,22.0,6.0,11.0
184,1,right_lane,nop,False,nan,40,0,24.106086696879395,33.000000000000014,0.0,33.408945977687836,43.5,40.0,3.4999999999999987,nan,0.0,0,0,0,0,18.0,22.0,0.0,0.0
185,1,right_lane,nop,False,nan,40,0,24.143957344260507,26.33333333333335,0.0,27.59661954641342,46.66666666666664,40.0,6.666666666666671,nan,0.0,0,0,0,0,6.0,28.0,6.0,0.0
186,1,right_lane,nop,False,nan,40,0,22.268957345941903,38.33333333333333,0.0,36.07091838121414,41.0,40.0,0.9999999999999999,nan,0.0,0,0,0,0,35.0,3.0,1.0,1.0
187,1,right_lane,nop,False,nan,40,0,22.39395734594184,25.666666666666675,0.0,26.92871391773224,46.99999999999998,40.0,7.000000000000006,nan,0.0,0,0,0,0,3.0,32.0,5.0,0.0
188,1,right_lane,nop,False,nan,40,0,24.26895734597149,34.33333333333334,0.0,33.158716797828674,42.99999999999999,40.0,2.999999999999999,nan,0.0,0,0,0,0,23.0,15.0,2.0,0.0
189,1,right_lane,nop,False,nan,40,0,22.26895651105993,21.666666666666675,0.0,22.572715684771538,48.99999999999999,40.0,8.999999999999996,nan,0.0,0,0,0,0,0.0,26.0,11.0,3.0
190,1,right_lane,nop,False,nan,40,0,21.51895734597149,21.999999999999986,0.0,22.037009716033936,49.00000000000004,40.0,9.0,nan,0.0,0,0,0,0,8.0,12.0,19.0,1.0
191,1,right_lane,nop,False,nan,40,0,24.893951743814245,34.333333333333336,0.0,34.381215274333954,42.833333333333314,40.0,2.833333333333333,nan,0.0,0,0,0,0,26.0,12.0,2.0,0.0
192,1,right_lane,nop,False,nan,5,1,27.98007408316382,1.6666666666666665,0.0,1.4108300134539604,6.666666666666666,5.0,1.6666666666666665,nan,0.0,0,0,0,0,0.0,0.0,4.0,1.0
193,1,right_lane,nop,False,nan,40,0,21.268957345971565,1.0,0.0,1.4337167803314514,59.166666666666664,40.0,19.166666666666664,nan,0.0,0,0,0,0,0.0,0.0,4.0,36.0
194,1,right_lane,nop,False,nan,40,0,20.981414695510452,9.666666666666664,0.0,10.867234088480473,55.5,40.0,15.500000000000002,nan,0.0,0,0,0,0,0.0,5.0,19.0,16.0
195,1,right_lane,nop,False,nan,40,0,21.893957345971554,17.333333333333336,0.0,18.19012058642693,51.1666666666667,40.0,11.16666666666667,nan,0.0,0,0,0,0,2.0,15.0,16.0,7.0
196,1,right_lane,nop,False,nan,40,0,24.51895658220115,26.333333333333336,0.0,25.45241380756488,47.0,40.0,7.000000000000001,nan,0.0,0,0,0,0,16.0,12.0,7.0,5.0
197,1,right_lane,nop,False,nan,40,0,20.393957345971565,26.66666666666668,0.0,26.663165509700775,46.66666666666665,40.0,6.66666666666667,nan,0.0,0,0,0,0,4.0,33.0,3.0,0.0
198,1,right_lane,nop,False,nan,40,0,22.249994299238256,28.66666666666666,0.0,28.370578493690118,45.500000000000014,40.0,5.5,nan,0.0,0,0,0,0,26.0,2.0,5.0,7.0
199,1,right_lane,nop,False,nan,40,0,22.393671888488605,28.000000000000014,0.0,29.09584651887417,46.166666666666636,40.0,6.1666666666666705,nan,0.0,0,0,0,0,15.0,18.0,4.0,3.0
200,1,right_lane,nop,False,nan,40,0,22.76678964339815,23.66666666666667,0.0,24.201520547270775,48.16666666666665,40.0,8.166666666666673,nan,0.0,0,0,0,0,1.0,28.0,10.0,1.0
201,1,right_lane,nop,False,nan,40,0,21.893956509404866,20.33333333333333,0.0,20.97081635647919,49.5,40.0,9.5,nan,0.0,0,0,0,0,17.0,3.0,7.0,13.0
202,1,right_lane,nop,False,nan,40,0,23.143671888688424,16.66666666666666,0.0,17.709913746919483,51.99999999999995,40.0,11.99999999999999,nan,0.0,0,0,0,0,0.0,19.0,11.0,10.0
203,1,right_lane,nop,False,nan,40,0,20.893957345971565,5.333333333333332,0.0,7.232595346868038,57.0,40.0,17.0,nan,0.0,0,0,0,0,0.0,0.0,17.0,23.0
204,1,right_lane,nop,False,nan,40,0,21.268957345971565,31.33333333333334,0.0,30.59148047864437,44.666666666666664,40.0,4.666666666666668,nan,0.0,0,0,0,0,20.0,13.0,6.0,1.0
205,1,right_lane,nop,False,nan,40,0,22.893957334666847,33.333333333333336,0.0,32.89407631009817,43.5,40.0,3.4999999999999996,nan,0.0,0,0,0,0,28.0,5.0,6.0,1.0
206,1,right_lane,nop,False,nan,40,0,21.143914804597205,39.0,0.0,37.14121973514557,40.5,40.0,0.5,nan,0.0,0,0,0,0,36.0,3.0,1.0,0.0
207,1,right_lane,nop,False,nan,40,0,21.643952395702158,1.0,0.0,1.9469216454017442,59.0,40.0,19.0,nan,0.0,0,0,0,0,1.0,1.0,1.0,37.0
208,1,right_lane,nop,False,nan,40,0,22.89395734596765,20.999999999999986,0.0,21.013792749494314,49.66666666666668,40.0,9.666666666666666,nan,0.0,0,0,0,0,15.0,3.0,11.0,11.0
209,1,right_lane,nop,False,nan,40,0,21.393957345971565,37.33333333333333,0.0,37.40804636478424,41.666666666666664,40.0,1.6666666666666667,nan,0.0,0,0,0,0,32.0,8.0,0.0,0.0
210,1,right_lane,nop,False,nan,40,0,21.00000570101725,29.333333333333336,0.0,28.766224563121796,45.33333333333333,40.0,5.333333333333335,nan,0.0,0,0,0,0,19.0,14.0,3.0,4.0
211,1,right_lane,nop,False,nan,40,0,20.893957345971565,28.33333333333335,0.0,29.911484003067017,45.66666666666665,40.0,5.666666666666668,nan,0.0,0,0,0,0,6.0,34.0,0.0,0.0
212,1,right_lane,nop,False,nan,40,0,21.143957345967202,13.000000000000005,0.0,12.026936441659927,53.33333333333336,40.0,13.33333333333334,nan,0.0,0,0,0,0,0.0,0.0,38.0,2.0
213,1,right_lane,nop,False,nan,40,0,23.768957345971565,15.333333333333343,0.0,14.873972884146497,52.33333333333335,40.0,12.333333333333336,nan,0.0,0,0,0,0,5.0,4.0,22.0,9.0
214,1,right_lane,nop,False,nan,40,0,24.643957344031847,25.000000000000007,0.0,24.97881911357399,47.66666666666665,40.0,7.666666666666669,nan,0.0,0,0,0,0,15.0,11.0,7.0,7.0
215,1,right_lane,nop,False,nan,40,0,22.50000075075124,30.333333333333332,0.0,30.575426042079926,44.833333333333336,40.0,4.833333333333335,nan,0.0,0,0,0,0,24.0,7.0,6.0,3.0
216,1,right_lane,nop,False,nan,40,0,21.768957345971565,10.66666666666667,0.0,12.169877274427563,54.333333333333336,40.0,14.333333333333332,nan,0.0,0,0,0,0,1.0,10.0,12.0,17.0
217,1,right_lane,nop,False,nan,40,0,21.643590908386624,22.99999999999999,0.0,22.52860864403192,48.666666666666686,40.0,8.666666666666664,nan,0.0,0,0,0,0,7.0,19.0,9.0,5.0
218,1,right_lane,nop,False,nan,40,0,21.393957345971565,12.666666666666671,0.0,12.735312797129154,53.666666666666686,40.0,13.66666666666667,nan,0.0,0,0,0,0,3.0,2.0,27.0,8.0
219,1,right_lane,nop,False,nan,40,0,20.893957345971565,4.666666666666666,0.0,5.593971040099859,57.5,40.0,17.5,nan,0.0,0,0,0,0,0.0,0.0,14.0,26.0
220,1,right_lane,nop,False,nan,40,0,21.643956694058417,30.66666666666668,0.0,31.278012692928314,45.16666666666665,40.0,5.166666666666667,nan,0.0,0,0,0,0,12.0,28.0,0.0,0.0
221,1,right_lane,nop,False,nan,40,0,23.143956595220324,24.0,0.0,22.95214850641787,48.0,40.0,8.0,nan,0.0,0,0,0,0,21.0,1.0,4.0,14.0
222,1,right_lane,nop,False,nan,40,0,21.73358238674993,29.333333333333332,0.0,28.494880458136322,44.833333333333336,40.0,4.833333333333332,nan,0.0,0,0,0,0,20.0,12.0,4.0,4.0
223,1,right_lane,nop,False,nan,40,0,22.143956694081282,4.999999999999999,0.0,5.381954982294701,57.5,40.0,17.5,nan,0.0,0,0,0,0,2.0,3.0,4.0,31.0
224,1,right_lane,nop,False,nan,26,1,23.1022487016939,25.333333333333332,0.0,25.017163276672363,26.833333333333336,26.0,0.8333333333333333,nan,0.0,0,0,0,0,23.0,3.0,0.0,0.0
225,1,right_lane,nop,False,nan,40,0,22.768957345971565,23.99999999999998,0.0,23.63605734705925,47.6666666666667,40.0,7.666666666666663,nan,0.0,0,0,0,0,9.0,14.0,17.0,0.0
226,1,right_lane,nop,False,nan,40,0,22.268957345970982,23.333333333333332,0.0,22.80848728492856,48.66666666666666,40.0,8.666666666666663,nan,0.0,0,0,0,0,15.0,2.0,18.0,5.0
227,1,right_lane,nop,False,nan,40,0,23.268919669018075,22.000000000000004,0.0,22.221686617238447,48.8333333333333,40.0,8.833333333333334,nan,0.0,0,0,0,0,5.0,22.0,5.0,8.0
228,1,right_lane,nop,False,nan,40,0,22.89367188868899,30.0,0.0,29.401269115507603,45.16666666666667,40.0,5.166666666666667,nan,0.0,0,0,0,0,23.0,7.0,6.0,4.0
229,1,right_lane,nop,False,nan,40,0,23.002496440399916,30.333333333333353,0.0,30.873316287994385,44.66666666666665,40.0,4.666666666666666,nan,0.0,0,0,0,0,11.0,28.0,1.0,0.0
230,1,right_lane,nop,False,nan,40,0,23.143957345971494,32.333333333333336,0.0,31.809451527893543,43.99999999999999,40.0,4.000000000000001,nan,0.0,0,0,0,0,23.0,11.0,5.0,1.0
231,1,right_lane,nop,False,nan,40,0,22.891460918368967,23.333333333333336,0.0,25.037950284779072,47.99999999999999,40.0,8.000000000000004,nan,0.0,0,0,0,0,0.0,32.0,7.0,1.0
232,1,right_lane,nop,False,nan,40,0,21.143957345971565,27.000000000000004,0.0,27.578732737340033,46.33333333333334,40.0,6.333333333333332,nan,0.0,0,0,0,0,13.0,21.0,2.0,4.0
233,1,right_lane,nop,False,nan,40,0,22.518585403579614,26.99999999999999,0.0,26.245871230959892,47.0,40.0,6.999999999999999,nan,0.0,0,0,0,0,18.0,6.0,15.0,1.0
234,1,right_lane,nop,False,nan,40,0,22.143957345971565,27.000000000000007,0.0,27.846389561891556,46.16666666666666,40.0,6.166666666666668,nan,0.0,0,0,0,0,9.0,25.0,6.0,0.0
235,1,right_lane,nop,False,nan,40,0,22.518957345971565,27.000000000000007,0.0,26.89838983863592,46.66666666666666,40.0,6.666666666666668,nan,0.0,0,0,0,0,17.0,11.0,8.0,4.0
236,1,right_lane,nop,False,nan,40,0,23.518957344257103,23.666666666666668,0.0,23.783021433860995,47.833333333333336,40.0,7.833333333333334,nan,0.0,0,0,0,0,19.0,5.0,5.0,11.0
237,1,right_lane,nop,False,nan,40,0,20.768957345971565,9.333333333333336,0.0,10.576211765408516,55.33333333333333,40.0,15.333333333333334,nan,0.0,0,0,0,0,4.0,8.0,3.0,25.0
238,1,right_lane,nop,False,nan,40,0,23.643957344482878,29.666666666666675,0.0,29.31765177845955,45.5,40.0,5.499999999999998,nan,0.0,0,0,0,0,16.0,17.0,7.0,0.0
239,1,right_lane,nop,False,nan,40,0,20.893957345971565,1.0,0.0,2.176976535876747,59.33333333333334,40.0,19.33333333333333,nan,0.0,0,0,0,0,0.0,0.0,3.0,37.0
240,1,right_lane,nop,False,nan,34,1,22.963479230554782,20.333333333333332,0.0,19.452060676878318,41.166666666666664,34.0,7.166666666666671,nan,0.0,0,0,0,0,4.0,22.0,2.0,6.0
241,1,right_lane,nop,False,nan,40,0,22.233867844032495,19.333333333333343,0.0,18.541012905538082,50.333333333333336,40.0,10.333333333333332,nan,0.0,0,0,0,0,6.0,7.0,23.0,4.0
242,1,right_lane,nop,False,nan,40,0,21.643951743818675,24.333333333333336,0.0,25.678467258810997,47.5,40.0,7.500000000000002,nan,0.0,0,0,0,0,1.0,33.0,5.0,1.0
243,1,right_lane,nop,False,nan,40,0,21.893957345971565,6.999999999999999,0.0,7.200446291380047,56.500000000000014,40.0,16.500000000000004,nan,0.0,0,0,0,0,0.0,4.0,12.0,24.0
244,1,right_lane,nop,False,nan,40,0,20.768957345971565,13.33333333333334,0.0,12.994459077715874,53.33333333333336,40.0,13.33333333333334,nan,0.0,0,0,0,0,1.0,2.0,34.0,3.0
245,1,right_lane,nop,False,nan,40,0,22.622875600860247,28.33333333333333,0.0,27.751077741384506,46.00000000000001,40.0,5.999999999999999,nan,0.0,0,0,0,0,24.0,3.0,8.0,5.0
246,1,right_lane,nop,False,nan,40,0,20.768957345971565,31.666666666666675,0.0,31.15493106842041,44.33333333333333,40.0,4.333333333333332,nan,0.0,0,0,0,0,14.0,26.0,0.0,0.0
247,1,right_lane,nop,False,nan,40,0,21.643957345971565,7.333333333333331,0.0,7.807201277464628,56.16666666666668,40.0,16.16666666666667,nan,0.0,0,0,0,0,0.0,0.0,20.0,20.0
248,1,right_lane,nop,False,nan,40,0,22.393957345971565,7.666666666666667,0.0,9.693339923513122,55.833333333333336,40.0,15.833333333333332,nan,0.0,0,0,0,0,5.0,5.0,1.0,29.0
249,1,right_lane,nop,False,nan,40,0,23.39367188719986,16.999999999999996,0.0,16.673355441715103,51.5,40.0,11.5,nan,0.0,0,0,0,0,12.0,6.0,3.0,19.0
250,1,right_lane,nop,False,nan,40,0,23.12749644059204,7.33333333333333,0.0,8.034005215857178,56.333333333333364,40.0,16.33333333333334,nan,0.0,0,0,0,0,0.0,2.0,18.0,20.0
251,1,right_lane,nop,False,nan,40,0,21.000000664906057,7.666666666666663,0.0,8.912536852061749,56.33333333333335,40.0,16.33333333333334,nan,0.0,0,0,0,0,0.0,0.0,22.0,18.0
252,1,right_lane,nop,False,nan,40,0,20.768957345971565,18.0,0.0,17.57226775586605,51.00000000000001,40.0,11.0,nan,0.0,0,0,0,0,9.0,3.0,22.0,6.0
253,1,right_lane,nop,False,nan,40,0,21.893957345971565,11.999999999999998,0.0,13.845377672463655,53.83333333333333,40.0,13.833333333333332,nan,0.0,0,0,0,0,3.0,11.0,8.0,18.0
254,1,right_lane,nop,False,nan,40,0,22.268957345971565,13.333333333333341,0.0,13.404566198587418,53.50000000000002,40.0,13.500000000000005,nan,0.0,0,0,0,0,5.0,3.0,20.0,12.0
255,1,right_lane,nop,False,nan,40,0,21.268957345971565,7.666666666666666,0.0,8.240077248774469,56.0,40.0,16.0,nan,0.0,0,0,0,0,5.0,3.0,3.0,29.0
256,1,right_lane,nop,False,nan,40,0,21.252495788734887,28.666666666666686,0.0,28.51230611652136,45.99999999999998,40.0,6.000000000000002,nan,0.0,0,0,0,0,9.0,28.0,2.0,1.0
257,1,right_lane,nop,False,nan,18,1,29.680094786729853,17.333333333333332,0.0,17.364510476589203,18.5,18.0,0.5,nan,0.0,0,0,0,0,16.0,2.0,0.0,0.0
258,1,right_lane,nop,False,nan,40,0,22.643957345971113,34.0,0.0,34.45944458246231,42.83333333333332,40.0,2.8333333333333326,nan,0.0,0,0,0,0,27.0,9.0,4.0,0.0
259,1,right_lane,nop,False,nan,40,0,20.768957345971565,39.666666666666664,0.0,37.14752182364464,40.333333333333336,40.0,0.3333333333333333,nan,0.0,0,0,0,0,38.0,1.0,1.0,0.0
260,1,right_lane,nop,False,nan,40,0,22.75249644062177,19.333333333333325,0.0,20.004817754030228,49.83333333333335,40.0,9.833333333333334,nan,0.0,0,0,0,0,7.0,14.0,11.0,8.0
261,1,right_lane,nop,False,nan,40,0,22.768957345971565,3.3333333333333335,0.0,4.609662392877453,58.333333333333336,40.0,18.333333333333332,nan,0.0,0,0,0,0,0.0,0.0,10.0,30.0
262,1,right_lane,nop,False,nan,40,0,21.268957345971565,30.66666666666667,0.0,29.75865440070629,44.83333333333332,40.0,4.833333333333333,nan,0.0,0,0,0,0,17.0,19.0,2.0,2.0
263,1,right_lane,nop,False,nan,40,0,22.268634297606518,12.33333333333334,0.0,11.37230558344163,53.66666666666668,40.0,13.666666666666666,nan,0.0,0,0,0,0,4.0,3.0,20.0,13.0
264,1,right_lane,nop,False,nan,40,0,22.51895733295246,35.33333333333333,0.0,33.773867420852184,42.83333333333333,40.0,2.833333333333333,nan,0.0,0,0,0,0,32.0,2.0,3.0,3.0
265,1,right_lane,nop,False,nan,40,0,21.518957345971565,33.33333333333335,0.0,32.75860506296158,43.16666666666666,40.0,3.1666666666666656,nan,0.0,0,0,0,0,20.0,20.0,0.0,0.0
266,1,right_lane,nop,False,nan,40,0,22.266460905575496,32.66666666666667,0.0,31.799657307565212,43.33333333333334,40.0,3.3333333333333335,nan,0.0,0,0,0,0,29.0,5.0,4.0,2.0
267,1,right_lane,nop,False,nan,40,0,21.518957345971565,6.333333333333333,0.0,6.820163174998015,57.166666666666664,40.0,17.166666666666664,nan,0.0,0,0,0,0,0.0,5.0,9.0,26.0
268,1,right_lane,nop,False,nan,40,0,22.518957345971494,31.33333333333333,0.0,31.40847896784544,44.500000000000014,40.0,4.499999999999999,nan,0.0,0,0,0,0,21.0,13.0,2.0,4.0
269,1,right_lane,nop,False,nan,40,0,21.875000750751244,8.999999999999998,0.0,9.057367335248273,55.16666666666668,40.0,15.166666666666671,nan,0.0,0,0,0,0,0.0,0.0,27.0,13.0
270,1,right_lane,nop,False,nan,40,0,23.893957345971565,22.99999999999998,0.0,22.29037842154503,48.50000000000003,40.0,8.499999999999998,nan,0.0,0,0,0,0,13.0,5.0,19.0,3.0
271,1,right_lane,nop,False,nan,40,0,22.768957345971565,19.666666666666657,0.0,19.415988713502884,50.16666666666669,40.0,10.166666666666666,nan,0.0,0,0,0,0,8.0,5.0,25.0,2.0
272,1,right_lane,nop,False,nan,40,0,21.768957345971565,37.33333333333333,0.0,36.21979063749313,41.666666666666664,40.0,1.6666666666666665,nan,0.0,0,0,0,0,33.0,6.0,1.0,0.0
273,1,right_lane,nop,False,nan,40,0,22.893957345971565,8.333333333333336,0.0,9.222052410477772,55.33333333333334,40.0,15.333333333333336,nan,0.0,0,0,0,0,0.0,5.0,15.0,20.0
274,1,right_lane,nop,False,nan,40,0,21.893957345971053,7.33333333333333,0.0,7.991447086096741,56.33333333333335,40.0,16.333333333333336,nan,0.0,0,0,0,0,0.0,5.0,12.0,23.0
275,1,right_lane,nop,False,nan,40,0,21.768957345971565,17.000000000000004,0.0,17.034166410565376,51.666666666666686,40.0,11.666666666666668,nan,0.0,0,0,0,0,0.0,15.0,20.0,5.0
276,1,right_lane,nop,False,nan,40,0,22.00000000171446,1.9999999999999998,0.0,3.607889788574539,58.83333333333333,40.0,18.833333333333332,nan,0.0,0,0,0,0,0.0,2.0,3.0,35.0
277,1,right_lane,nop,False,nan,40,0,22.01674711337975,20.0,0.0,20.035945227618868,50.33333333333331,40.0,10.333333333333327,nan,0.0,0,0,0,0,1.0,26.0,4.0,9.0
278,1,right_lane,nop,False,nan,40,0,22.6246712636408,12.999999999999996,0.0,13.644136995077133,53.33333333333333,40.0,13.333333333333334,nan,0.0,0,0,0,0,3.0,5.0,19.0,13.0
279,1,right_lane,nop,False,nan,40,0,20.893957345971565,29.666666666666668,0.0,29.70085719227791,45.5,40.0,5.5,nan,0.0,0,0,0,0,13.0,23.0,4.0,0.0
280,1,right_lane,nop,False,nan,40,0,21.768957345971565,14.333333333333341,0.0,13.70303756929934,52.33333333333336,40.0,12.333333333333336,nan,0.0,0,0,0,0,3.0,4.0,28.0,5.0
281,1,right_lane,nop,False,nan,40,0,23.643957345971565,24.333333333333343,0.0,24.869836465921253,48.16666666666664,40.0,8.166666666666671,nan,0.0,0,0,0,0,4.0,27.0,5.0,4.0
282,1,right_lane,nop,False,nan,12,1,25.478618011179694,9.666666666666666,0.0,9.572658002376556,13.166666666666664,12.0,1.1666666666666665,nan,0.0,0,0,0,0,5.0,7.0,0.0,0.0
283,1,right_lane,nop,False,nan,40,0,22.393957345971565,23.333333333333332,0.0,22.710150569677353,48.49999999999999,40.0,8.499999999999998,nan,0.0,0,0,0,0,6.0,16.0,18.0,0.0
284,1,right_lane,nop,False,nan,40,0,20.893957345971565,39.0,0.0,37.242673486471176,40.5,40.0,0.5,nan,0.0,0,0,0,0,37.0,2.0,1.0,0.0
285,1,right_lane,nop,False,nan,40,0,23.518957345971565,23.666666666666682,0.0,23.414707481861115,47.99999999999997,40.0,8.000000000000004,nan,0.0,0,0,0,0,11.0,14.0,11.0,4.0
286,1,right_lane,nop,False,nan,40,0,20.893957345971565,32.0,0.0,31.961520493030548,44.16666666666667,40.0,4.166666666666665,nan,0.0,0,0,0,0,16.0,24.0,0.0,0.0
287,1,right_lane,nop,False,nan,40,0,21.768957345971565,14.33333333333334,0.0,14.163768023252487,52.666666666666664,40.0,12.666666666666664,nan,0.0,0,0,0,0,2.0,8.0,20.0,10.0
288,1,right_lane,nop,False,nan,33,1,22.750251328419083,8.33333333333333,0.0,7.33836537317984,45.333333333333336,33.0,12.333333333333336,nan,0.0,0,0,0,0,0.0,1.0,21.0,11.0
289,1,right_lane,nop,False,nan,40,0,21.143957334666847,27.666666666666682,0.0,29.400189131498337,46.16666666666665,40.0,6.166666666666669,nan,0.0,0,0,0,0,4.0,35.0,1.0,0.0
290,1,right_lane,nop,False,nan,40,0,23.87749644062132,30.33333333333335,0.0,31.59718370437622,44.83333333333333,40.0,4.833333333333333,nan,0.0,0,0,0,0,11.0,28.0,1.0,0.0
291,1,right_lane,nop,False,nan,40,0,24.874999348113118,18.0,0.0,17.832646422088146,51.0,40.0,11.0,nan,0.0,0,0,0,0,6.0,9.0,17.0,8.0
292,1,right_lane,nop,False,nan,40,0,21.39391975320436,25.66666666666668,0.0,26.79309868812561,47.16666666666665,40.0,7.1666666666666705,nan,0.0,0,0,0,0,4.0,29.0,7.0,0.0
293,1,right_lane,nop,False,nan,40,0,20.50032874938229,19.333333333333332,0.0,18.887467868626118,50.5,40.0,10.5,nan,0.0,0,0,0,0,3.0,15.0,16.0,6.0
294,1,right_lane,nop,False,nan,27,1,23.33333442626974,19.999999999999996,0.0,19.079755395650864,30.500000000000007,27.0,3.499999999999999,nan,0.0,0,0,0,0,9.0,13.0,4.0,1.0
295,1,right_lane,nop,False,nan,40,0,22.733867844032495,36.33333333333333,0.0,36.16438436508179,41.833333333333314,40.0,1.8333333333333335,nan,0.0,0,0,0,0,29.0,11.0,0.0,0.0
296,1,right_lane,nop,False,nan,9,1,25.555552658280526,1.0,0.0,1.4160966365598142,12.5,9.0,3.5,nan,0.0,0,0,0,0,0.0,0.0,4.0,5.0
297,1,right_lane,nop,False,nan,40,0,22.518957345971565,22.666666666666654,0.0,21.775786045618588,48.83333333333336,40.0,8.833333333333334,nan,0.0,0,0,0,0,15.0,4.0,15.0,6.0
298,1,right_lane,nop,False,nan,8,1,29.280213335238056,7.333333333333334,0.0,7.2658116817474365,8.5,8.0,0.5,nan,0.0,0,0,0,0,7.0,1.0,0.0,0.0
299,1,right_lane,nop,False,nan,40,0,21.73137150227509,27.33333333333334,0.0,28.06789542734623,46.49999999999999,40.0,6.500000000000002,nan,0.0,0,0,0,0,3.0,34.0,2.0,1.0
300,1,right_lane,nop,False,nan,40,0,21.018957345971565,9.666666666666666,0.0,9.56848302623257,54.833333333333364,40.0,14.833333333333343,nan,0.0,0,0,0,0,0.0,0.0,28.0,12.0
301,1,right_lane,nop,False,nan,40,0,22.518956694080764,3.6666666666666665,0.0,4.348978896043263,58.0,40.0,18.0,nan,0.0,0,0,0,0,0.0,1.0,9.0,30.0
302,1,right_lane,nop,False,nan,40,0,24.12532874938229,35.33333333333333,0.0,34.79265886545181,42.833333333333336,40.0,2.8333333333333326,nan,0.0,0,0,0,0,25.0,15.0,0.0,0.0
303,1,right_lane,nop,False,nan,40,0,20.89395734426102,27.333333333333314,0.0,26.71971122920513,46.000000000000014,40.0,5.999999999999998,nan,0.0,0,0,0,0,22.0,1.0,16.0,1.0
304,1,right_lane,nop,False,nan,40,0,23.481042667273382,28.333333333333343,0.0,29.734778687357903,45.66666666666667,40.0,5.666666666666665,nan,0.0,0,0,0,0,15.0,21.0,1.0,3.0
305,1,right_lane,nop,False,nan,9,1,28.24926754262835,7.0,0.0,7.1016093492507935,10.333333333333334,9.0,1.3333333333333333,nan,0.0,0,0,0,0,3.0,6.0,0.0,0.0
306,1,right_lane,nop,False,nan,40,0,23.143919754859354,32.00000000000001,0.0,31.305194854736328,43.99999999999998,40.0,3.9999999999999982,nan,0.0,0,0,0,0,18.0,19.0,3.0,0.0
307,1,right_lane,nop,False,nan,40,0,23.893957345967646,18.333333333333318,0.0,17.831858118996024,50.50000000000002,40.0,10.499999999999996,nan,0.0,0,0,0,0,7.0,13.0,9.0,11.0
308,1,right_lane,nop,False,nan,40,0,23.768956496581733,20.333333333333332,0.0,19.599867146462202,50.33333333333332,40.0,10.333333333333332,nan,0.0,0,0,0,0,12.0,3.0,17.0,8.0
309,1,right_lane,nop,False,nan,40,0,22.393957345971046,38.666666666666664,0.0,36.88626700639725,40.66666666666667,40.0,0.6666666666666666,nan,0.0,0,0,0,0,35.0,5.0,0.0,0.0
310,1,right_lane,nop,False,nan,40,0,24.518957345971565,36.66666666666665,0.0,37.11795711517334,41.499999999999986,40.0,1.5,nan,0.0,0,0,0,0,31.0,9.0,0.0,0.0
311,1,right_lane,nop,False,nan,40,0,21.268957345971565,4.666666666666666,0.0,6.960671883076429,57.333333333333336,40.0,17.33333333333333,nan,0.0,0,0,0,0,2.0,1.0,9.0,28.0
312,1,right_lane,nop,False,nan,40,0,20.76863429760652,4.333333333333333,0.0,4.6363922394220936,58.00000000000002,40.0,17.999999999999993,nan,0.0,0,0,0,0,0.0,0.0,12.0,28.0
313,1,right_lane,nop,False,nan,40,0,20.268957345971565,18.33333333333333,0.0,17.696096062660217,51.166666666666664,40.0,11.166666666666666,nan,0.0,0,0,0,0,9.0,4.0,18.0,9.0
314,1,right_lane,nop,False,nan,40,0,20.643957345971565,22.0,0.0,22.55114123225212,48.666666666666664,40.0,8.666666666666666,nan,0.0,0,0,0,0,1.0,25.0,14.0,0.0
315,1,right_lane,nop,False,nan,40,0,23.7689573329524,21.333333333333336,0.0,20.265578171238303,49.666666666666664,40.0,9.666666666666666,nan,0.0,0,0,0,0,10.0,10.0,11.0,9.0
316,1,right_lane,nop,False,nan,40,0,23.518914705758213,29.666666666666682,0.0,29.179721422493458,45.16666666666665,40.0,5.166666666666667,nan,0.0,0,0,0,0,17.0,17.0,1.0,5.0
317,1,right_lane,nop,False,nan,40,0,23.87745884953531,21.66666666666667,0.0,22.61406557552982,48.99999999999997,40.0,8.999999999999996,nan,0.0,0,0,0,0,6.0,18.0,11.0,5.0
318,1,right_lane,nop,False,nan,40,0,22.018957345971565,14.999999999999993,0.0,15.269159665088637,52.499999999999964,40.0,12.499999999999993,nan,0.0,0,0,0,0,0.0,13.0,17.0,10.0
319,1,right_lane,nop,False,nan,40,0,23.268957332726625,27.666666666666664,0.0,28.45229447633028,46.0,40.0,6.000000000000001,nan,0.0,0,0,0,0,12.0,21.0,6.0,1.0
320,1,right_lane,nop,False,nan,40,0,22.018957345971565,0.6666666666666666,0.0,2.186682987725362,59.5,40.0,19.5,nan,0.0,0,0,0,0,0.0,1.0,2.0,37.0
321,1,right_lane,nop,False,nan,40,0,22.01678964342737,16.999999999999996,0.0,17.076772365369834,51.83333333333329,40.0,11.833333333333323,nan,0.0,0,0,0,0,0.0,18.0,13.0,9.0
322,1,right_lane,nop,False,nan,5,1,28.84838684036547,4.333333333333333,0.0,4.136730492115021,5.5,5.0,0.5,nan,0.0,0,0,0,0,2.0,3.0,0.0,0.0
323,1,right_lane,nop,False,nan,40,0,24.372503561088774,27.33333333333332,0.0,28.19959384202957,46.33333333333336,40.0,6.33333333333333,nan,0.0,0,0,0,0,7.0,27.0,6.0,0.0
324,1,right_lane,nop,False,nan,40,0,23.016460918368967,31.0,0.0,31.56397008150816,44.0,40.0,3.9999999999999996,nan,0.0,0,0,0,0,21.0,14.0,2.0,3.0
325,1,right_lane,nop,False,nan,40,0,21.518957345971565,38.0,0.0,37.13267703354359,41.5,40.0,1.5,nan,0.0,0,0,0,0,34.0,4.0,1.0,1.0
326,1,right_lane,nop,False,nan,40,0,23.143957345971565,18.99999999999999,0.0,18.80723974108696,50.16666666666667,40.0,10.166666666666666,nan,0.0,0,0,0,0,10.0,6.0,15.0,9.0
327,1,right_lane,nop,False,nan,40,0,21.393957345971565,2.333333333333333,0.0,3.5771699867909774,58.666666666666664,40.0,18.666666666666664,nan,0.0,0,0,0,0,0.0,2.0,4.0,34.0
328,1,right_lane,nop,False,nan,40,0,21.643914066891014,14.999999999999993,0.0,15.72120264871046,52.83333333333332,40.0,12.833333333333332,nan,0.0,0,0,0,0,3.0,9.0,19.0,9.0
329,1,right_lane,nop,False,nan,40,0,22.641789654728235,31.000000000000025,0.0,31.72919175028801,44.5,40.0,4.499999999999999,nan,0.0,0,0,0,0,15.0,24.0,1.0,0.0
330,1,right_lane,nop,False,nan,40,0,22.393957345971565,28.666666666666664,0.0,26.98493407596834,45.83333333333334,40.0,5.833333333333335,nan,0.0,0,0,0,0,23.0,6.0,2.0,9.0
331,1,right_lane,nop,False,nan,40,0,22.018957345971565,30.666666666666675,0.0,30.32956063747406,44.33333333333334,40.0,4.333333333333333,nan,0.0,0,0,0,0,20.0,14.0,6.0,0.0
332,1,right_lane,nop,False,nan,40,1,23.606042765911972,14.666666666666664,0.0,15.66426008567214,52.666666666666664,40.0,12.666666666666666,nan,0.0,0,0,0,0,4.0,8.0,17.0,11.0
333,1,right_lane,nop,False,nan,40,0,21.64395726012593,19.333333333333332,0.0,21.119268603622913,50.49999999999997,40.0,10.499999999999993,nan,0.0,0,0,0,0,0.0,24.0,9.0,7.0
334,1,right_lane,nop,False,nan,13,1,28.838472490406602,4.0,0.0,3.569549682297634,17.666666666666668,13.0,4.666666666666666,nan,0.0,0,0,0,0,2.0,1.0,2.0,8.0
335,1,right_lane,nop,False,nan,40,0,24.89395734597155,37.666666666666664,0.0,36.64881360530853,41.0,40.0,0.9999999999999999,nan,0.0,0,0,0,0,34.0,6.0,0.0,0.0
336,1,right_lane,nop,False,nan,40,0,22.393957345971565,37.666666666666664,0.0,36.116829574108124,41.333333333333336,40.0,1.3333333333333333,nan,0.0,0,0,0,0,33.0,5.0,2.0,0.0
337,1,right_lane,nop,False,nan,40,0,21.893957345971565,1.3333333333333333,0.0,1.4002283861103706,58.833333333333336,40.0,18.833333333333336,nan,0.0,0,0,0,0,0.0,0.0,4.0,36.0
338,1,right_lane,nop,False,nan,40,0,23.393914055582382,32.666666666666664,0.0,32.57868653535843,44.00000000000001,40.0,4.000000000000001,nan,0.0,0,0,0,0,24.0,10.0,6.0,0.0
339,1,right_lane,nop,False,nan,40,0,21.141461004214158,34.66666666666666,0.0,32.67878561466932,42.83333333333333,40.0,2.833333333333333,nan,0.0,0,0,0,0,26.0,11.0,2.0,1.0
340,1,right_lane,nop,False,nan,40,0,20.393957345971565,39.0,0.0,36.57253569364548,40.5,40.0,0.5,nan,0.0,0,0,0,0,37.0,3.0,0.0,0.0
341,1,right_lane,nop,False,nan,40,0,22.643956694084622,40.0,0.0,39.73798447847366,40.0,40.0,0.0,nan,0.0,0,0,0,0,40.0,0.0,0.0,0.0
342,1,right_lane,nop,False,nan,40,0,22.39367188865921,8.33333333333333,0.0,8.041196549660526,55.500000000000014,40.0,15.500000000000005,nan,0.0,0,0,0,0,0.0,1.0,24.0,15.0
343,1,right_lane,nop,False,nan,40,0,21.752496440425727,28.000000000000014,0.0,28.949584931135178,46.16666666666665,40.0,6.166666666666669,nan,0.0,0,0,0,0,5.0,33.0,1.0,1.0
344,1,right_lane,nop,False,nan,40,0,24.76895734594574,24.33333333333333,0.0,24.374932155013084,47.66666666666668,40.0,7.666666666666667,nan,0.0,0,0,0,0,11.0,14.0,11.0,4.0
345,1,right_lane,nop,False,nan,17,1,24.117647290914327,16.333333333333332,0.0,15.715911448001862,17.666666666666668,17.0,0.6666666666666666,nan,0.0,0,0,0,0,14.0,2.0,1.0,0.0
346,1,right_lane,nop,False,nan,40,0,22.768586055270514,36.33333333333334,0.0,35.611145973205566,41.833333333333336,40.0,1.8333333333333335,nan,0.0,0,0,0,0,28.0,11.0,1.0,0.0
347,1,right_lane,nop,False,nan,40,0,23.377173392256726,23.333333333333343,0.0,23.59728116542101,48.166666666666636,40.0,8.166666666666668,nan,0.0,0,0,0,0,8.0,19.0,8.0,5.0
348,1,right_lane,nop,False,nan,40,0,21.268957345971565,30.000000000000007,0.0,29.683759838342667,44.99999999999999,40.0,5.0,nan,0.0,0,0,0,0,11.0,27.0,1.0,1.0
349,1,right_lane,nop,False,nan,40,0,21.518957345971565,37.0,0.0,34.50688925385475,41.66666666666667,40.0,1.6666666666666667,nan,0.0,0,0,0,0,30.0,9.0,1.0,0.0
350,1,right_lane,nop,False,nan,40,0,22.518957345971554,24.000000000000007,0.0,24.586963584413752,47.833333333333314,40.0,7.833333333333339,nan,0.0,0,0,0,0,8.0,23.0,2.0,7.0
351,1,right_lane,nop,False,nan,40,0,21.018957344482363,28.33333333333335,0.0,28.612488567829132,45.83333333333331,40.0,5.833333333333336,nan,0.0,0,0,0,0,10.0,25.0,5.0,0.0
352,1,right_lane,nop,False,nan,40,0,22.268957345971565,38.666666666666664,0.0,37.5370916724205,40.833333333333336,40.0,0.8333333333333333,nan,0.0,0,0,0,0,36.0,4.0,0.0,0.0
353,1,right_lane,nop,False,nan,40,0,20.518957345971565,37.66666666666667,0.0,36.01273426413536,41.16666666666667,40.0,1.1666666666666667,nan,0.0,0,0,0,0,34.0,5.0,1.0,0.0
354,1,right_lane,nop,False,nan,40,0,22.981371405125184,19.0,0.0,19.148165106773376,50.5,40.0,10.499999999999998,nan,0.0,0,0,0,0,4.0,15.0,14.0,7.0
355,1,right_lane,nop,False,nan,22,1,22.272658948975813,19.666666666666668,0.0,19.103804767131805,23.0,22.0,0.9999999999999999,nan,0.0,0,0,0,0,17.0,4.0,1.0,0.0
356,1,right_lane,nop,False,nan,40,0,21.393957345971565,39.0,0.0,37.89890277385712,40.66666666666667,40.0,0.6666666666666666,nan,0.0,0,0,0,0,37.0,3.0,0.0,0.0
357,1,right_lane,nop,False,nan,3,1,25.0,1.0,0.0,1.8744782507419586,3.5,3.0,0.5,nan,0.0,0,0,0,0,1.0,1.0,1.0,0.0
358,1,right_lane,nop,False,nan,40,0,22.018957345971565,12.666666666666668,0.0,13.636036007403163,53.83333333333334,40.0,13.833333333333334,nan,0.0,0,0,0,0,5.0,11.0,3.0,21.0
359,1,right_lane,nop,False,nan,40,0,21.26895734596765,16.333333333333343,0.0,17.05967701971531,51.83333333333336,40.0,11.83333333333334,nan,0.0,0,0,0,0,1.0,10.0,28.0,1.0
360,1,right_lane,nop,False,nan,31,1,21.634143103968473,16.666666666666664,0.0,16.710754483938217,38.333333333333336,31.0,7.333333333333333,nan,0.0,0,0,0,0,5.0,13.0,10.0,3.0
361,1,right_lane,nop,False,nan,40,0,22.12500009717963,24.333333333333336,0.0,23.88045602029888,47.99999999999998,40.0,8.000000000000002,nan,0.0,0,0,0,0,17.0,9.0,3.0,11.0
362,1,right_lane,nop,False,nan,26,1,23.298395916879322,20.33333333333333,0.0,20.180947303771973,28.83333333333334,26.0,2.8333333333333326,nan,0.0,0,0,0,0,9.0,15.0,1.0,1.0
363,1,right_lane,nop,False,nan,40,0,20.768957345971565,13.66666666666667,0.0,13.94560394436121,52.83333333333335,40.0,12.833333333333337,nan,0.0,0,0,0,0,1.0,3.0,34.0,2.0
364,1,right_lane,nop,False,nan,40,0,25.141741412140583,17.666666666666664,0.0,17.791726333962288,51.33333333333332,40.0,11.33333333333333,nan,0.0,0,0,0,0,5.0,12.0,14.0,9.0
365,1,right_lane,nop,False,nan,5,1,28.84838684036547,2.6666666666666665,0.0,2.2508678436279297,6.333333333333333,5.0,1.3333333333333333,nan,0.0,0,0,0,0,0.0,1.0,4.0,0.0
366,1,right_lane,nop,False,nan,40,0,23.268957345971565,34.66666666666667,0.0,34.254878759384155,42.49999999999999,40.0,2.4999999999999996,nan,0.0,0,0,0,0,24.0,16.0,0.0,0.0
367,1,right_lane,nop,False,nan,40,0,23.000000750751244,36.0,0.0,35.93771880120039,41.66666666666667,40.0,1.6666666666666667,nan,0.0,0,0,0,0,34.0,2.0,2.0,2.0
368,1,right_lane,nop,False,nan,40,0,21.64395239570556,28.33333333333335,0.0,28.90448769927025,46.16666666666665,40.0,6.166666666666669,nan,0.0,0,0,0,0,5.0,34.0,1.0,0.0
369,1,right_lane,nop,False,nan,40,0,22.01895734594184,11.333333333333334,0.0,12.405549551243894,54.16666666666667,40.0,14.166666666666668,nan,0.0,0,0,0,0,1.0,7.0,19.0,13.0
370,1,right_lane,nop,False,nan,40,0,22.00000000151842,23.666666666666668,0.0,24.86047032265924,48.0,40.0,8.0,nan,0.0,0,0,0,0,6.0,26.0,4.0,4.0
371,1,right_lane,nop,False,nan,40,0,21.268956606521705,13.666666666666664,0.0,14.634771838784218,53.499999999999964,40.0,13.499999999999995,nan,0.0,0,0,0,0,1.0,13.0,10.0,16.0
372,1,right_lane,nop,False,nan,40,0,20.893957345971565,12.000000000000002,0.0,11.582572735846043,54.00000000000003,40.0,14.000000000000007,nan,0.0,0,0,0,0,0.0,1.0,33.0,6.0
373,1,right_lane,nop,False,nan,40,0,22.018957345971565,32.99999999999999,0.0,32.24059934169054,43.49999999999999,40.0,3.4999999999999987,nan,0.0,0,0,0,0,24.0,10.0,5.0,1.0
374,1,right_lane,nop,False,nan,40,0,23.393671875895087,30.666666666666668,0.0,28.881498374510556,44.83333333333334,40.0,4.833333333333335,nan,0.0,0,0,0,0,25.0,5.0,4.0,6.0
375,1,right_lane,nop,False,nan,40,0,21.643957345971565,1.0,0.0,1.4810067061334848,59.0,40.0,19.0,nan,0.0,0,0,0,0,0.0,0.0,3.0,37.0
376,1,right_lane,nop,False,nan,40,0,21.500328749382287,28.33333333333334,0.0,27.870853014290333,45.83333333333333,40.0,5.833333333333335,nan,0.0,0,0,0,0,15.0,18.0,4.0,3.0
377,1,right_lane,nop,False,nan,40,0,22.26895659693478,13.666666666666677,0.0,14.869511928409338,53.166666666666686,40.0,13.16666666666667,nan,0.0,0,0,0,0,5.0,5.0,19.0,11.0
378,1,right_lane,nop,False,nan,40,0,22.26895164518009,9.666666666666666,0.0,9.927199847996235,55.49999999999999,40.0,15.499999999999998,nan,0.0,0,0,0,0,1.0,7.0,12.0,20.0
379,1,right_lane,nop,False,nan,40,0,23.768957345941324,28.333333333333343,0.0,28.234008986270055,45.999999999999986,40.0,6.0000000000000036,nan,0.0,0,0,0,0,18.0,14.0,3.0,5.0
380,1,right_lane,nop,False,nan,40,0,24.268956693888583,32.666666666666686,0.0,33.33926206827164,43.66666666666666,40.0,3.666666666666665,nan,0.0,0,0,0,0,17.0,23.0,0.0,0.0
381,1,right_lane,nop,False,nan,40,0,22.018956496611462,34.000000000000014,0.0,32.71433174610138,42.66666666666668,40.0,2.6666666666666665,nan,0.0,0,0,0,0,31.0,2.0,6.0,1.0
382,1,right_lane,nop,False,nan,40,0,22.24783800977777,19.0,0.0,19.480071514844894,50.666666666666636,40.0,10.666666666666659,nan,0.0,0,0,0,0,4.0,11.0,22.0,3.0
383,1,right_lane,nop,False,nan,30,1,24.66666766538238,18.666666666666657,0.0,18.260552771389484,35.5,30.0,5.499999999999999,nan,0.0,0,0,0,0,11.0,8.0,6.0,5.0
384,1,right_lane,nop,False,nan,40,0,20.393957345971565,19.33333333333332,0.0,20.169407308101654,50.33333333333334,40.0,10.333333333333334,nan,0.0,0,0,0,0,13.0,4.0,12.0,11.0
385,1,right_lane,nop,False,nan,40,0,21.500043292099726,20.999999999999982,0.0,21.33474752306938,49.66666666666671,40.0,9.666666666666666,nan,0.0,0,0,0,0,1.0,21.0,17.0,1.0
386,1,right_lane,nop,False,nan,40,0,22.268957345971565,11.66666666666667,0.0,11.546131506940583,54.000000000000036,40.0,14.000000000000007,nan,0.0,0,0,0,0,3.0,5.0,18.0,14.0
387,1,right_lane,nop,False,nan,40,0,23.51891975488908,28.66666666666668,0.0,28.871576353907585,45.999999999999986,40.0,6.000000000000003,nan,0.0,0,0,0,0,13.0,21.0,4.0,2.0
388,1,right_lane,nop,False,nan,40,0,24.268957345967713,17.66666666666667,0.0,16.646229189354926,50.833333333333364,40.0,10.833333333333334,nan,0.0,0,0,0,0,7.0,4.0,23.0,6.0
389,1,right_lane,nop,False,nan,40,0,20.643957345971565,23.99999999999997,0.0,23.996017158031464,48.000000000000014,40.0,7.9999999999999964,nan,0.0,0,0,0,0,16.0,2.0,22.0,0.0
390,1,right_lane,nop,False,nan,40,0,21.76895724713693,33.333333333333336,0.0,32.18885773420334,43.66666666666667,40.0,3.666666666666665,nan,0.0,0,0,0,0,20.0,19.0,1.0,0.0
391,1,right_lane,nop,False,nan,40,0,21.391461004214154,13.33333333333334,0.0,14.088139183819294,53.00000000000001,40.0,13.0,nan,0.0,0,0,0,0,3.0,4.0,25.0,8.0
392,1,right_lane,nop,False,nan,40,0,21.858539845401445,38.99999999999999,0.0,37.76399374008179,40.66666666666666,40.0,0.6666666666666666,nan,0.0,0,0,0,0,37.0,3.0,0.0,0.0
393,1,right_lane,nop,False,nan,40,0,23.268957345971565,32.000000000000014,0.0,32.91729253530502,44.166666666666664,40.0,4.166666666666665,nan,0.0,0,0,0,0,15.0,25.0,0.0,0.0
394,1,right_lane,nop,False,nan,40,0,21.89178964342731,30.66666666666668,0.0,31.35905170440674,44.66666666666666,40.0,4.666666666666666,nan,0.0,0,0,0,0,12.0,28.0,0.0,0.0
395,1,right_lane,nop,False,nan,40,0,20.643957344482878,37.0,0.0,35.896683894097805,41.5,40.0,1.5,nan,0.0,0,0,0,0,35.0,1.0,2.0,2.0
396,1,right_lane,nop,False,nan,40,0,21.518957345775522,33.33333333333334,0.0,32.70376855134964,43.33333333333333,40.0,3.333333333333332,nan,0.0,0,0,0,0,19.0,21.0,0.0,0.0
397,1,right_lane,nop,False,nan,40,0,22.391461004214154,16.000000000000007,0.0,16.306784883141518,51.500000000000014,40.0,11.5,nan,0.0,0,0,0,0,3.0,8.0,25.0,4.0
398,1,right_lane,nop,False,nan,40,0,22.018957345971565,10.666666666666668,0.0,10.700600683689117,54.66666666666668,40.0,14.66666666666667,nan,0.0,0,0,0,0,0.0,5.0,24.0,11.0
399,1,right_lane,nop,False,nan,40,0,21.143957345971565,35.66666666666668,0.0,33.95017009228468,42.66666666666667,40.0,2.666666666666666,nan,0.0,0,0,0,0,27.0,11.0,1.0,1.0
400,1,right_lane,nop,False,nan,40,0,24.393957345775526,12.666666666666668,0.0,12.572360321151791,53.333333333333336,40.0,13.333333333333334,nan,0.0,0,0,0,0,6.0,6.0,7.0,21.0
401,1,right_lane,nop,False,nan,40,0,20.893957345971565,21.999999999999982,0.0,21.17091727256775,49.000000000000014,40.0,8.999999999999998,nan,0.0,0,0,0,0,13.0,2.0,24.0,1.0
402,1,right_lane,nop,False,nan,40,0,21.89178956863525,24.666666666666664,0.0,24.13477362692356,47.66666666666668,40.0,7.666666666666665,nan,0.0,0,0,0,0,9.0,16.0,14.0,1.0
403,1,right_lane,nop,False,nan,40,0,22.018957345941836,36.33333333333333,0.0,36.5069414973259,42.16666666666667,40.0,2.1666666666666665,nan,0.0,0,0,0,0,29.0,11.0,0.0,0.0
404,1,right_lane,nop,False,nan,3,1,25.0,1.0,0.0,1.8211824893951416,3.5,3.0,0.5,nan,0.0,0,0,0,0,1.0,1.0,1.0,0.0
405,1,right_lane,nop,False,nan,40,0,20.893957345971554,6.999999999999998,0.0,8.25160675868392,56.83333333333337,40.0,16.83333333333334,nan,0.0,0,0,0,0,0.0,1.0,19.0,20.0
406,1,right_lane,nop,False,nan,40,0,21.018957345775522,29.33333333333335,0.0,30.374522626399994,45.33333333333332,40.0,5.333333333333334,nan,0.0,0,0,0,0,8.0,32.0,0.0,0.0
407,1,right_lane,nop,False,nan,40,0,20.752496354554726,30.333333333333357,0.0,30.19737258553505,44.83333333333332,40.0,4.833333333333333,nan,0.0,0,0,0,0,13.0,26.0,1.0,0.0
408,1,right_lane,nop,False,nan,40,0,23.393957345971565,6.0,0.0,6.341343203675933,56.66666666666667,40.0,16.666666666666668,nan,0.0,0,0,0,0,4.0,2.0,2.0,32.0
409,1,right_lane,nop,False,nan,40,0,21.875043292069996,37.99999999999999,0.0,37.469419717788696,41.33333333333333,40.0,1.3333333333333333,nan,0.0,0,0,0,0,35.0,5.0,0.0,0.0
410,1,right_lane,nop,False,nan,40,0,22.518919753400336,28.33333333333335,0.0,30.420217633247375,45.83333333333332,40.0,5.833333333333335,nan,0.0,0,0,0,0,6.0,34.0,0.0,0.0
411,1,right_lane,nop,False,nan,40,0,21.016461656101036,18.0,0.0,18.199387062340975,51.166666666666664,40.0,11.166666666666666,nan,0.0,0,0,0,0,6.0,11.0,13.0,10.0
412,1,right_lane,nop,False,nan,40,0,22.393629347339942,30.00000000000001,0.0,29.962719462811947,44.66666666666667,40.0,4.666666666666665,nan,0.0,0,0,0,0,18.0,16.0,3.0,3.0
413,1,right_lane,nop,False,nan,40,0,21.76895733295239,29.333333333333332,0.0,28.96614646166563,45.33333333333331,40.0,5.333333333333335,nan,0.0,0,0,0,0,22.0,7.0,10.0,1.0
414,1,right_lane,nop,False,nan,40,0,23.14395726012593,9.66666666666667,0.0,10.653238800354302,55.0,40.0,15.0,nan,0.0,0,0,0,0,6.0,5.0,4.0,25.0
415,1,right_lane,nop,False,nan,40,0,22.268957345941843,22.66666666666665,0.0,23.904768496751785,48.83333333333337,40.0,8.83333333333333,nan,0.0,0,0,0,0,5.0,21.0,13.0,1.0
416,1,right_lane,nop,False,nan,40,0,22.37749644062177,20.66666666666665,0.0,20.810983262956142,49.666666666666686,40.0,9.666666666666666,nan,0.0,0,0,0,0,9.0,8.0,21.0,2.0
417,1,right_lane,nop,False,nan,40,0,23.768957345945672,23.666666666666675,0.0,23.26038201904703,48.3333333333333,40.0,8.333333333333334,nan,0.0,0,0,0,0,10.0,15.0,9.0,6.0
418,1,right_lane,nop,False,nan,40,0,23.018957345971565,34.0,0.0,32.27398803830147,43.16666666666667,40.0,3.1666666666666665,nan,0.0,0,0,0,0,28.0,4.0,7.0,1.0
419,1,right_lane,nop,False,nan,40,0,21.518957345971565,19.666666666666654,0.0,21.328278742730618,49.6666666666667,40.0,9.666666666666666,nan,0.0,0,0,0,0,4.0,16.0,18.0,2.0
420,1,right_lane,nop,False,nan,40,0,20.768957345971565,31.333333333333343,0.0,30.752028703689575,44.66666666666666,40.0,4.666666666666666,nan,0.0,0,0,0,0,14.0,26.0,0.0,0.0
421,1,right_lane,nop,False,nan,40,0,21.893671888689,1.0,0.0,1.9602060008328408,59.166666666666664,40.0,19.166666666666664,nan,0.0,0,0,0,0,0.0,0.0,4.0,36.0
422,1,right_lane,nop,False,nan,40,0,21.500323799116284,0.6666666666666666,0.0,1.9583000678201188,59.666666666666664,40.0,19.666666666666664,nan,0.0,0,0,0,0,0.0,0.0,3.0,37.0
423,1,right_lane,nop,False,nan,40,0,20.643957345971565,38.33333333333333,0.0,37.36806982755661,41.33333333333333,40.0,1.3333333333333333,nan,0.0,0,0,0,0,36.0,1.0,2.0,1.0
424,1,right_lane,nop,False,nan,40,0,22.768957345971565,9.999999999999998,0.0,10.576216375952527,54.666666666666686,40.0,14.666666666666671,nan,0.0,0,0,0,0,0.0,5.0,21.0,14.0
425,1,right_lane,nop,False,nan,40,0,21.393957345967657,28.333333333333343,0.0,29.112782835960388,45.99999999999999,40.0,6.000000000000002,nan,0.0,0,0,0,0,9.0,28.0,3.0,0.0
426,1,right_lane,nop,False,nan,5,1,25.0,1.0,0.0,1.066325694322586,6.833333333333333,5.0,1.8333333333333333,nan,0.0,0,0,0,0,0.0,0.0,3.0,2.0
427,1,right_lane,nop,False,nan,9,1,25.0,4.0,0.0,4.491925969719887,11.5,9.0,2.5,nan,0.0,0,0,0,0,3.0,1.0,3.0,2.0
428,1,right_lane,nop,False,nan,40,0,24.268957345971565,24.66666666666666,0.0,24.64514670521021,47.66666666666668,40.0,7.666666666666667,nan,0.0,0,0,0,0,18.0,7.0,7.0,8.0
429,1,right_lane,nop,False,nan,40,0,20.874720243734682,14.33333333333333,0.0,14.208285875618458,52.99999999999999,40.0,12.999999999999998,nan,0.0,0,0,0,0,0.0,5.0,32.0,3.0
430,1,right_lane,nop,False,nan,40,0,21.893957345971565,9.666666666666666,0.0,10.003434181213379,55.000000000000014,40.0,15.000000000000005,nan,0.0,0,0,0,0,0.0,3.0,22.0,15.0
431,1,right_lane,nop,False,nan,40,0,22.502491490159663,24.33333333333334,0.0,26.440686225891113,47.999999999999986,40.0,8.000000000000005,nan,0.0,0,0,0,0,1.0,32.0,4.0,3.0
432,1,right_lane,nop,False,nan,40,0,21.375323787785696,16.999999999999996,0.0,18.045348647981882,51.166666666666664,40.0,11.166666666666668,nan,0.0,0,0,0,0,10.0,9.0,6.0,15.0
433,1,right_lane,nop,False,nan,40,0,21.143957345971565,10.0,0.0,10.547126241028309,55.00000000000002,40.0,15.000000000000005,nan,0.0,0,0,0,0,0.0,4.0,24.0,12.0
434,1,right_lane,nop,False,nan,40,0,23.768914042567637,22.0,0.0,21.37619987875223,49.49999999999999,40.0,9.499999999999998,nan,0.0,0,0,0,0,12.0,6.0,17.0,5.0
435,1,right_lane,nop,False,nan,40,0,22.893957345971565,24.333333333333336,0.0,24.036487555131316,47.83333333333334,40.0,7.833333333333335,nan,0.0,0,0,0,0,18.0,7.0,5.0,10.0
436,1,right_lane,nop,False,nan,26,1,22.336857455340866,24.333333333333332,0.0,23.36986344307661,26.666666666666668,26.0,0.6666666666666666,nan,0.0,0,0,0,0,22.0,2.0,1.0,1.0
437,1,right_lane,nop,False,nan,40,0,23.39391406689101,11.666666666666671,0.0,12.108883547596633,54.00000000000001,40.0,14.000000000000004,nan,0.0,0,0,0,0,6.0,4.0,10.0,20.0
438,1,right_lane,nop,False,nan,40,0,20.643957345971565,3.666666666666667,0.0,4.523611249943315,58.16666666666667,40.0,18.166666666666664,nan,0.0,0,0,0,0,0.0,3.0,6.0,31.0
439,1,right_lane,nop,False,nan,40,0,23.018957345942347,31.333333333333353,0.0,32.022449374198914,44.499999999999986,40.0,4.499999999999999,nan,0.0,0,0,0,0,15.0,25.0,0.0,0.0
440,1,right_lane,nop,False,nan,40,0,22.143957345971565,10.0,0.0,10.830225077435898,54.83333333333335,40.0,14.833333333333337,nan,0.0,0,0,0,0,0.0,6.0,18.0,16.0
441,1,right_lane,nop,False,nan,40,0,22.00249643890731,19.999999999999982,0.0,20.541907534003258,50.000000000000036,40.0,10.000000000000002,nan,0.0,0,0,0,0,0.0,22.0,16.0,2.0
442,1,right_lane,nop,False,nan,40,0,22.641460154628295,15.999999999999998,0.0,16.549305585445836,51.83333333333332,40.0,11.83333333333333,nan,0.0,0,0,0,0,5.0,10.0,13.0,12.0
443,1,right_lane,nop,False,nan,40,0,21.893628596589274,27.999999999999996,0.0,27.142341189086437,46.00000000000001,40.0,6.0,nan,0.0,0,0,0,0,25.0,3.0,5.0,7.0
444,1,right_lane,nop,False,nan,40,0,21.518957345971565,16.00000000000001,0.0,13.734701186418533,52.33333333333336,40.0,12.333333333333337,nan,0.0,0,0,0,0,2.0,3.0,34.0,1.0
445,1,right_lane,nop,False,nan,40,0,21.768957345971565,11.333333333333336,0.0,12.84328996023396,54.00000000000002,40.0,14.000000000000004,nan,0.0,0,0,0,0,1.0,11.0,12.0,16.0
446,1,right_lane,nop,False,nan,40,0,24.64395239401737,29.000000000000014,0.0,29.1901580914855,45.99999999999998,40.0,6.000000000000003,nan,0.0,0,0,0,0,15.0,19.0,3.0,3.0
447,1,right_lane,nop,False,nan,40,0,22.37749644059256,29.666666666666686,0.0,29.268964141607285,44.999999999999986,40.0,5.0,nan,0.0,0,0,0,0,9.0,30.0,1.0,0.0
448,1,right_lane,nop,False,nan,40,0,22.4996777023862,28.000000000000004,0.0,27.314912497997284,46.16666666666666,40.0,6.166666666666668,nan,0.0,0,0,0,0,11.0,20.0,9.0,0.0
449,1,right_lane,nop,False,nan,40,0,22.624957458648186,39.0,0.0,36.95830923318863,40.5,40.0,0.5,nan,0.0,0,0,0,0,36.0,4.0,0.0,0.0
450,1,right_lane,nop,False,nan,40,0,22.268957260126378,26.000000000000004,0.0,26.510832644999027,46.666666666666664,40.0,6.666666666666667,nan,0.0,0,0,0,0,10.0,22.0,6.0,2.0
451,1,right_lane,nop,False,nan,40,0,21.893956694081282,21.333333333333336,0.0,21.68207572121173,49.49999999999998,40.0,9.499999999999998,nan,0.0,0,0,0,0,3.0,23.0,7.0,7.0
452,1,right_lane,nop,False,nan,40,0,22.643957345971565,32.33333333333335,0.0,32.05165481567383,43.83333333333333,40.0,3.8333333333333317,nan,0.0,0,0,0,0,17.0,23.0,0.0,0.0
453,1,right_lane,nop,False,nan,40,0,21.518957345971565,1.6666666666666665,0.0,3.656076442450285,58.83333333333333,40.0,18.833333333333332,nan,0.0,0,0,0,0,0.0,0.0,5.0,35.0
454,1,right_lane,nop,False,nan,40,0,22.143957345971565,8.333333333333332,0.0,9.325723933172412,55.833333333333336,40.0,15.833333333333334,nan,0.0,0,0,0,0,0.0,8.0,11.0,21.0
455,1,right_lane,nop,False,nan,40,0,22.2667890028418,2.333333333333333,0.0,3.509857415308943,58.83333333333333,40.0,18.833333333333332,nan,0.0,0,0,0,0,0.0,1.0,7.0,32.0
456,1,right_lane,nop,False,nan,40,0,22.35604266876207,17.666666666666668,0.0,17.61928578466177,51.5,40.0,11.5,nan,0.0,0,0,0,0,5.0,9.0,18.0,8.0
457,1,right_lane,nop,False,nan,40,0,24.893957345971554,15.666666666666668,0.0,15.488878986172494,52.0,40.0,12.0,nan,0.0,0,0,0,0,13.0,2.0,3.0,22.0
458,1,right_lane,nop,False,nan,40,0,25.516789568883496,31.0,0.0,30.795305617153645,44.833333333333336,40.0,4.833333333333334,nan,0.0,0,0,0,0,27.0,4.0,4.0,5.0
459,1,right_lane,nop,False,nan,40,0,21.108867844031984,26.66666666666668,0.0,26.17505058646202,46.66666666666664,40.0,6.666666666666671,nan,0.0,0,0,0,0,5.0,28.0,7.0,0.0
460,1,right_lane,nop,False,nan,40,0,21.018957345971565,33.66666666666668,0.0,32.37604522705078,43.16666666666666,40.0,3.1666666666666656,nan,0.0,0,0,0,0,22.0,16.0,2.0,0.0
461,1,right_lane,nop,False,nan,40,0,23.018957345971565,16.000000000000007,0.0,16.280569158494473,51.5,40.0,11.499999999999996,nan,0.0,0,0,0,0,9.0,3.0,16.0,12.0
462,1,right_lane,nop,False,nan,40,0,22.76895734597105,12.66666666666667,0.0,14.203442052006721,53.666666666666664,40.0,13.666666666666664,nan,0.0,0,0,0,0,2.0,13.0,8.0,17.0
463,1,right_lane,nop,False,nan,40,0,21.018957345971565,37.666666666666664,0.0,36.65334255993366,41.66666666666667,40.0,1.6666666666666667,nan,0.0,0,0,0,0,35.0,2.0,1.0,2.0
464,1,right_lane,nop,False,nan,40,0,21.518957345716586,14.000000000000002,0.0,14.550399326602928,52.666666666666664,40.0,12.666666666666666,nan,0.0,0,0,0,0,2.0,11.0,13.0,14.0
465,1,right_lane,nop,False,nan,40,0,22.768914053842185,35.0,0.0,34.780859768390656,42.833333333333336,40.0,2.8333333333333326,nan,0.0,0,0,0,0,25.0,15.0,0.0,0.0
466,1,right_lane,nop,False,nan,40,0,21.375005701017248,20.33333333333332,0.0,20.765607196604833,49.33333333333336,40.0,9.33333333333333,nan,0.0,0,0,0,0,6.0,19.0,8.0,7.0
467,1,right_lane,nop,False,nan,40,0,22.143919754889083,22.99999999999997,0.0,21.22135715186596,48.66666666666669,40.0,8.666666666666664,nan,0.0,0,0,0,0,11.0,7.0,21.0,1.0
468,1,right_lane,nop,False,nan,40,0,22.89175206364569,30.33333333333334,0.0,30.373234122991562,45.16666666666666,40.0,5.166666666666667,nan,0.0,0,0,0,0,13.0,23.0,3.0,1.0
469,1,right_lane,nop,False,nan,13,1,25.058181852064937,11.0,0.0,10.417845457792282,14.0,13.0,0.9999999999999999,nan,0.0,0,0,0,0,7.0,4.0,1.0,1.0
470,1,right_lane,nop,False,nan,40,0,22.893957345941836,20.666666666666668,0.0,21.06531508639455,49.49999999999998,40.0,9.499999999999993,nan,0.0,0,0,0,0,10.0,13.0,6.0,11.0
471,1,right_lane,nop,False,nan,40,0,22.018914054097614,9.666666666666666,0.0,9.482437397353351,55.000000000000014,40.0,15.000000000000005,nan,0.0,0,0,0,0,0.0,0.0,29.0,11.0
472,1,right_lane,nop,False,nan,40,0,20.893957345968165,35.666666666666664,0.0,34.06997033953667,42.5,40.0,2.4999999999999996,nan,0.0,0,0,0,0,26.0,13.0,1.0,0.0
473,1,right_lane,nop,False,nan,40,0,20.518957345971565,13.666666666666666,0.0,13.803082324564457,53.0,40.0,12.999999999999998,nan,0.0,0,0,0,0,0.0,11.0,17.0,12.0
474,1,right_lane,nop,False,nan,40,0,21.893957345971565,15.333333333333345,0.0,16.633705087006092,52.00000000000002,40.0,12.000000000000004,nan,0.0,0,0,0,0,5.0,8.0,18.0,9.0
475,1,right_lane,nop,False,nan,40,0,21.143957260126378,23.666666666666664,0.0,22.920660506933928,48.50000000000001,40.0,8.500000000000002,nan,0.0,0,0,0,0,9.0,17.0,10.0,4.0
476,1,right_lane,nop,False,nan,6,1,25.0,0.6666666666666666,0.0,0.6463058702647686,8.5,6.0,2.5,nan,0.0,0,0,0,0,0.0,0.0,1.0,5.0
477,1,right_lane,nop,False,nan,40,0,21.64395174381868,17.666666666666664,0.0,18.09068558376748,51.499999999999964,40.0,11.49999999999999,nan,0.0,0,0,0,0,3.0,17.0,7.0,13.0
478,1,right_lane,nop,False,nan,40,0,20.768957345971565,37.66666666666667,0.0,36.44604539871216,41.16666666666667,40.0,1.1666666666666665,nan,0.0,0,0,0,0,33.0,7.0,0.0,0.0
479,1,right_lane,nop,False,nan,40,0,21.768957345971565,17.000000000000004,0.0,18.278313368558884,51.33333333333334,40.0,11.333333333333336,nan,0.0,0,0,0,0,10.0,4.0,14.0,12.0
480,1,right_lane,nop,False,nan,40,0,20.768957345971565,39.666666666666664,0.0,38.058433413505554,40.333333333333336,40.0,0.3333333333333333,nan,0.0,0,0,0,0,39.0,1.0,0.0,0.0
481,1,right_lane,nop,False,nan,11,1,27.71819480871784,8.0,0.0,8.016348719596863,12.333333333333334,11.0,1.3333333333333333,nan,0.0,0,0,0,0,5.0,3.0,3.0,0.0
482,1,right_lane,nop,False,nan,40,0,22.26895734596765,37.333333333333336,0.0,35.55319720506668,41.5,40.0,1.5,nan,0.0,0,0,0,0,31.0,9.0,0.0,0.0
483,1,right_lane,nop,False,nan,40,0,20.893957345971565,32.000000000000014,0.0,31.333836644887924,44.0,40.0,3.9999999999999982,nan,0.0,0,0,0,0,15.0,24.0,1.0,0.0
484,1,right_lane,nop,False,nan,40,0,20.893957345971565,20.333333333333336,0.0,20.203875832259655,49.66666666666666,40.0,9.666666666666666,nan,0.0,0,0,0,0,7.0,12.0,17.0,4.0
485,1,right_lane,nop,False,nan,40,0,21.625005701017248,7.999999999999998,0.0,8.623904541134834,56.00000000000002,40.0,16.00000000000001,nan,0.0,0,0,0,0,0.0,1.0,21.0,18.0
486,1,right_lane,nop,False,nan,40,0,23.74750365824259,34.0,0.0,33.053298972547054,43.16666666666668,40.0,3.1666666666666656,nan,0.0,0,0,0,0,22.0,16.0,1.0,1.0
487,1,right_lane,nop,False,nan,40,0,21.51895239567974,1.0,0.0,1.941069891443476,59.0,40.0,19.0,nan,0.0,0,0,0,0,0.0,2.0,1.0,37.0
488,1,right_lane,nop,False,nan,40,0,21.268957345971565,31.66666666666669,0.0,31.413858294487,44.499999999999986,40.0,4.499999999999999,nan,0.0,0,0,0,0,16.0,23.0,1.0,0.0
489,1,right_lane,nop,False,nan,40,0,21.143957345971565,25.333333333333332,0.0,26.198890388011932,47.333333333333336,40.0,7.333333333333335,nan,0.0,0,0,0,0,4.0,29.0,5.0,2.0
490,1,right_lane,nop,False,nan,40,0,24.143957345971494,27.66666666666668,0.0,27.19426617771387,46.333333333333314,40.0,6.333333333333336,nan,0.0,0,0,0,0,11.0,21.0,5.0,3.0
491,1,right_lane,nop,False,nan,40,0,21.893957247136875,15.000000000000004,0.0,16.013256824749988,52.16666666666668,40.0,12.166666666666668,nan,0.0,0,0,0,0,7.0,8.0,10.0,15.0
492,1,right_lane,nop,False,nan,40,0,20.518957345971565,29.33333333333334,0.0,28.390496037900448,45.66666666666666,40.0,5.666666666666668,nan,0.0,0,0,0,0,13.0,21.0,4.0,2.0
493,1,right_lane,nop,False,nan,40,0,22.018957345971558,0.6666666666666666,0.0,1.0863341077929363,59.166666666666664,40.0,19.166666666666664,nan,0.0,0,0,0,0,0.0,0.0,3.0,37.0
494,1,right_lane,nop,False,nan,40,0,21.643914152736198,11.666666666666668,0.0,11.631989657375925,54.500000000000014,40.0,14.500000000000005,nan,0.0,0,0,0,0,0.0,3.0,28.0,9.0
495,1,right_lane,nop,False,nan,40,0,22.733539094650215,24.33333333333334,0.0,23.588791579008102,47.83333333333332,40.0,7.833333333333331,nan,0.0,0,0,0,0,11.0,11.0,18.0,0.0
496,1,right_lane,nop,False,nan,40,0,23.393957345971565,11.000000000000007,0.0,11.251992688979954,54.166666666666664,40.0,14.166666666666666,nan,0.0,0,0,0,0,6.0,4.0,10.0,20.0
497,1,right_lane,nop,False,nan,40,0,21.268957345971558,13.000000000000004,0.0,14.125349074602127,53.666666666666664,40.0,13.666666666666663,nan,0.0,0,0,0,0,0.0,11.0,17.0,12.0
498,1,right_lane,nop,False,nan,40,0,21.01895734597105,12.000000000000004,0.0,11.395614549517632,54.00000000000002,40.0,14.000000000000007,nan,0.0,0,0,0,0,0.0,0.0,35.0,5.0
499,1,right_lane,nop,False,nan,40,0,22.268957345941836,18.666666666666657,0.0,19.82340459525585,50.6666666666667,40.0,10.66666666666667,nan,0.0,0,0,0,0,0.0,21.0,14.0,5.0
500,1,right_lane,nop,False,nan,40,0,22.393957345971565,2.6666666666666665,0.0,4.131235417356947,58.50000000000001,40.0,18.5,nan,0.0,0,0,0,0,1.0,1.0,6.0,32.0
501,1,right_lane,nop,False,nan,40,0,25.143957345745793,31.0,0.0,31.253426134586334,44.83333333333332,40.0,4.833333333333335,nan,0.0,0,0,0,0,20.0,12.0,8.0,0.0
502,1,right_lane,nop,False,nan,12,1,23.396524151408254,3.6666666666666665,0.0,3.541841022670269,16.166666666666668,12.0,4.166666666666667,nan,0.0,0,0,0,0,0.0,1.0,9.0,2.0
503,1,right_lane,nop,False,nan,40,0,21.01895734596817,38.0,0.0,37.85800153017044,41.166666666666664,40.0,1.1666666666666665,nan,0.0,0,0,0,0,34.0,6.0,0.0,0.0
504,1,right_lane,nop,False,nan,40,0,21.393957345971565,3.3333333333333335,0.0,4.25670916819945,57.83333333333335,40.0,17.833333333333336,nan,0.0,0,0,0,0,1.0,2.0,6.0,31.0
505,1,right_lane,nop,False,nan,40,0,22.393957332948993,15.333333333333343,0.0,15.664513600364444,52.33333333333335,40.0,12.333333333333337,nan,0.0,0,0,0,0,4.0,7.0,20.0,9.0
506,1,right_lane,nop,False,nan,40,0,23.268957345971565,36.0,0.0,35.28143137693405,42.5,40.0,2.4999999999999996,nan,0.0,0,0,0,0,32.0,4.0,4.0,0.0
507,1,right_lane,nop,False,nan,40,0,24.516789568857682,26.33333333333335,0.0,27.60510740429163,46.66666666666664,40.0,6.666666666666671,nan,0.0,0,0,0,0,9.0,24.0,4.0,3.0
508,1,right_lane,nop,False,nan,40,0,21.893957345971565,28.000000000000014,0.0,26.950724691152573,45.99999999999998,40.0,6.0000000000000036,nan,0.0,0,0,0,0,12.0,21.0,5.0,2.0
509,1,right_lane,nop,False,nan,40,0,23.000328749156516,9.0,0.0,9.532566621666774,55.166666666666664,40.0,15.166666666666666,nan,0.0,0,0,0,0,3.0,5.0,11.0,21.0
510,1,right_lane,nop,False,nan,40,0,23.518957247329574,12.666666666666671,0.0,12.679420761705842,53.83333333333335,40.0,13.833333333333337,nan,0.0,0,0,0,0,5.0,1.0,23.0,11.0
511,1,right_lane,nop,False,nan,40,0,23.51895669408411,20.666666666666668,0.0,21.71727219844888,49.83333333333329,40.0,9.833333333333327,nan,0.0,0,0,0,0,6.0,20.0,4.0,10.0
512,1,right_lane,nop,False,nan,40,0,21.393957345971565,37.666666666666664,0.0,36.131037533283234,41.16666666666667,40.0,1.1666666666666665,nan,0.0,0,0,0,0,35.0,2.0,2.0,1.0
513,1,right_lane,nop,False,nan,40,0,22.893957345971565,22.333333333333314,0.0,21.01072722673416,48.666666666666686,40.0,8.666666666666664,nan,0.0,0,0,0,0,14.0,1.0,25.0,0.0
514,1,right_lane,nop,False,nan,40,0,21.893957345941832,6.666666666666664,0.0,7.945679273689166,56.666666666666664,40.0,16.666666666666664,nan,0.0,0,0,0,0,2.0,1.0,14.0,23.0
515,1,right_lane,nop,False,nan,40,0,22.499720243734682,10.666666666666671,0.0,12.180582417640835,54.500000000000014,40.0,14.500000000000002,nan,0.0,0,0,0,0,1.0,11.0,10.0,18.0
516,1,right_lane,nop,False,nan,40,0,21.518914803134397,35.33333333333333,0.0,34.597960472106934,42.66666666666665,40.0,2.666666666666666,nan,0.0,0,0,0,0,27.0,13.0,0.0,0.0
517,1,right_lane,nop,False,nan,40,0,25.01895734597156,36.666666666666664,0.0,35.1690009534359,41.833333333333336,40.0,1.8333333333333333,nan,0.0,0,0,0,0,33.0,4.0,3.0,0.0
518,1,right_lane,nop,False,nan,40,0,21.893957345971565,24.000000000000004,0.0,22.930476747453213,47.999999999999986,40.0,8.000000000000002,nan,0.0,0,0,0,0,7.0,16.0,16.0,1.0
519,1,right_lane,nop,False,nan,40,0,21.768957345971565,32.00000000000002,0.0,32.529780089855194,43.83333333333332,40.0,3.8333333333333317,nan,0.0,0,0,0,0,16.0,24.0,0.0,0.0
520,1,right_lane,nop,False,nan,40,0,22.893634297577304,23.66666666666667,0.0,24.833097368478775,48.16666666666665,40.0,8.166666666666673,nan,0.0,0,0,0,0,2.0,26.0,12.0,0.0
521,1,right_lane,nop,False,nan,40,0,23.51895734425717,28.0,0.0,28.550914853811264,45.83333333333337,40.0,5.833333333333332,nan,0.0,0,0,0,0,16.0,14.0,9.0,1.0
522,1,right_lane,nop,False,nan,40,0,21.768956608236095,39.33333333333333,0.0,38.49653172492981,40.66666666666667,40.0,0.6666666666666666,nan,0.0,0,0,0,0,37.0,2.0,1.0,0.0
523,1,right_lane,nop,False,nan,40,0,21.143957345971113,27.66666666666667,0.0,27.76417428255081,46.00000000000001,40.0,5.999999999999999,nan,0.0,0,0,0,0,9.0,25.0,6.0,0.0
524,1,right_lane,nop,False,nan,40,0,21.518957345971565,21.333333333333336,0.0,21.071891739964485,49.333333333333314,40.0,9.333333333333329,nan,0.0,0,0,0,0,8.0,16.0,8.0,8.0
525,1,right_lane,nop,False,nan,40,0,22.51895734597112,24.000000000000007,0.0,26.39312134683132,47.99999999999998,40.0,8.000000000000005,nan,0.0,0,0,0,0,0.0,33.0,6.0,1.0
526,1,right_lane,nop,False,nan,40,0,22.018957345971565,28.000000000000014,0.0,29.575655162334442,45.999999999999986,40.0,6.000000000000002,nan,0.0,0,0,0,0,4.0,36.0,0.0,0.0
527,1,right_lane,nop,False,nan,40,0,21.393957345971565,35.0,0.0,35.71564394235611,42.66666666666667,40.0,2.666666666666666,nan,0.0,0,0,0,0,25.0,15.0,0.0,0.0
528,1,right_lane,nop,False,nan,40,0,22.7310866968794,12.666666666666668,0.0,12.253015478141606,53.666666666666664,40.0,13.666666666666664,nan,0.0,0,0,0,0,1.0,6.0,22.0,11.0
529,1,right_lane,nop,False,nan,22,1,25.26174060536705,17.666666666666668,0.0,17.802969455718994,24.0,22.0,1.9999999999999998,nan,0.0,0,0,0,0,11.0,9.0,2.0,0.0
530,1,right_lane,nop,False,nan,40,0,21.768957345971565,15.666666666666663,0.0,17.400276323780417,51.83333333333335,40.0,11.833333333333336,nan,0.0,0,0,0,0,0.0,21.0,5.0,14.0
531,1,right_lane,nop,False,nan,40,0,21.51678955589738,17.999999999999996,0.0,18.896528869867325,51.33333333333329,40.0,11.333333333333323,nan,0.0,0,0,0,0,1.0,19.0,11.0,9.0
532,1,right_lane,nop,False,nan,40,0,21.768671877380882,13.000000000000005,0.0,10.753229305148125,53.33333333333336,40.0,13.33333333333334,nan,0.0,0,0,0,0,0.0,2.0,36.0,2.0
533,1,right_lane,nop,False,nan,40,0,22.643957345971565,27.0,0.0,26.16095742033167,46.5,40.0,6.500000000000001,nan,0.0,0,0,0,0,22.0,6.0,3.0,9.0
534,1,right_lane,nop,False,nan,40,0,20.893957345971565,19.33333333333333,0.0,20.06830993294716,50.33333333333335,40.0,10.333333333333334,nan,0.0,0,0,0,0,4.0,12.0,24.0,0.0
535,1,right_lane,nop,False,nan,3,1,25.0,1.3333333333333333,0.0,1.8133602142333984,3.833333333333333,3.0,0.8333333333333333,nan,0.0,0,0,0,0,1.0,1.0,1.0,0.0
536,1,right_lane,nop,False,nan,40,0,23.143957345971565,26.333333333333343,0.0,26.649022310972214,46.83333333333333,40.0,6.833333333333334,nan,0.0,0,0,0,0,13.0,17.0,8.0,2.0
537,1,right_lane,nop,False,nan,40,0,21.643957345971113,15.333333333333345,0.0,14.706138039240614,52.33333333333337,40.0,12.33333333333334,nan,0.0,0,0,0,0,2.0,8.0,24.0,6.0
538,1,right_lane,nop,False,nan,40,0,21.018957345971565,23.66666666666666,0.0,24.855966687202454,48.16666666666667,40.0,8.166666666666664,nan,0.0,0,0,0,0,3.0,27.0,10.0,0.0
539,1,right_lane,nop,False,nan,40,0,21.502458763694108,27.333333333333343,0.0,29.031012535095215,46.499999999999986,40.0,6.500000000000003,nan,0.0,0,0,0,0,3.0,37.0,0.0,0.0
540,1,right_lane,nop,False,nan,40,0,23.018957345971565,38.33333333333333,0.0,37.16734877228737,41.0,40.0,0.9999999999999999,nan,0.0,0,0,0,0,35.0,3.0,2.0,0.0
541,1,right_lane,nop,False,nan,40,0,23.393628499439362,14.666666666666666,0.0,14.754965542233549,52.333333333333336,40.0,12.333333333333334,nan,0.0,0,0,0,0,4.0,7.0,17.0,12.0
542,1,right_lane,nop,False,nan,40,0,21.76863346272455,12.666666666666663,0.0,13.430301532964222,53.833333333333314,40.0,13.833333333333332,nan,0.0,0,0,0,0,1.0,11.0,13.0,15.0
543,1,right_lane,nop,False,nan,40,0,22.8939566082395,25.0,0.0,24.670615243143402,47.666666666666664,40.0,7.666666666666666,nan,0.0,0,0,0,0,22.0,2.0,4.0,12.0
544,1,right_lane,nop,False,nan,40,0,22.268957345942347,37.66666666666666,0.0,36.049938797950745,41.16666666666667,40.0,1.1666666666666665,nan,0.0,0,0,0,0,32.0,8.0,0.0,0.0
545,1,right_lane,nop,False,nan,40,0,20.393957345971565,23.333333333333332,0.0,22.393458247184753,48.33333333333333,40.0,8.333333333333332,nan,0.0,0,0,0,0,13.0,8.0,13.0,6.0
546,1,right_lane,nop,False,nan,40,0,21.641460907064253,31.333333333333332,0.0,31.14092122321017,43.83333333333333,40.0,3.8333333333333335,nan,0.0,0,0,0,0,28.0,4.0,4.0,4.0
547,1,right_lane,nop,False,nan,40,0,22.002453899273284,28.666666666666675,0.0,28.134713811799884,45.99999999999999,40.0,6.0000000000000036,nan,0.0,0,0,0,0,16.0,16.0,6.0,2.0
548,1,right_lane,nop,False,nan,40,0,22.00249644062177,9.000000000000004,0.0,9.505072440952063,55.16666666666667,40.0,15.166666666666668,nan,0.0,0,0,0,0,0.0,11.0,5.0,24.0
549,1,right_lane,nop,False,nan,40,0,22.125005701017248,16.333333333333343,0.0,16.905921168625355,52.000000000000014,40.0,12.0,nan,0.0,0,0,0,0,6.0,5.0,23.0,6.0
550,1,right_lane,nop,False,nan,40,0,23.018957345971565,30.66666666666668,0.0,30.46799585223198,44.83333333333333,40.0,4.833333333333334,nan,0.0,0,0,0,0,16.0,19.0,4.0,1.0
551,1,right_lane,nop,False,nan,40,0,22.51616984591826,21.333333333333332,0.0,22.751293181499932,49.000000000000014,40.0,9.0,nan,0.0,0,0,0,0,1.0,29.0,4.0,6.0
552,1,right_lane,nop,False,nan,40,0,22.643671888433502,13.999999999999995,0.0,15.533731486648321,53.33333333333331,40.0,13.333333333333325,nan,0.0,0,0,0,0,0.0,17.0,8.0,15.0
553,1,right_lane,nop,False,nan,40,0,21.143957345971558,29.66666666666669,0.0,30.336256504058838,45.16666666666666,40.0,5.166666666666667,nan,0.0,0,0,0,0,9.0,30.0,1.0,0.0
554,1,right_lane,nop,False,nan,40,0,22.393957345971565,8.999999999999998,0.0,9.105918139499863,55.333333333333364,40.0,15.333333333333341,nan,0.0,0,0,0,0,0.0,3.0,20.0,17.0
555,1,right_lane,nop,False,nan,40,0,22.51895669408423,23.000000000000004,0.0,23.941045253683114,48.833333333333314,40.0,8.833333333333337,nan,0.0,0,0,0,0,0.0,30.0,6.0,4.0
556,1,right_lane,nop,False,nan,40,0,24.12532874938229,39.333333333333336,0.0,38.512347877025604,40.333333333333336,40.0,0.3333333333333333,nan,0.0,0,0,0,0,37.0,3.0,0.0,0.0
557,1,right_lane,nop,False,nan,40,0,22.393671888689,1.0,0.0,2.776742616797037,59.0,40.0,19.0,nan,0.0,0,0,0,0,0.0,0.0,3.0,37.0
558,1,right_lane,nop,False,nan,40,0,22.018957345971565,0.6666666666666666,0.0,1.3794915399930687,59.666666666666664,40.0,19.666666666666664,nan,0.0,0,0,0,0,0.0,0.0,3.0,37.0
559,1,right_lane,nop,False,nan,40,0,21.250328749378887,28.000000000000007,0.0,30.32250142097473,46.49999999999999,40.0,6.500000000000003,nan,0.0,0,0,0,0,3.0,37.0,0.0,0.0
560,1,right_lane,nop,False,nan,31,1,21.451668763999653,7.333333333333331,0.0,7.549834057688713,42.49999999999999,31.0,11.5,nan,0.0,0,0,0,0,0.0,2.0,19.0,10.0
561,1,right_lane,nop,False,nan,40,0,21.627496427798636,32.66666666666668,0.0,32.42720830440521,43.83333333333331,40.0,3.8333333333333317,nan,0.0,0,0,0,0,19.0,21.0,0.0,0.0
562,1,right_lane,nop,False,nan,40,0,21.643957345971565,26.333333333333336,0.0,26.224318832159042,46.666666666666664,40.0,6.666666666666666,nan,0.0,0,0,0,0,10.0,19.0,11.0,0.0
563,1,right_lane,nop,False,nan,40,0,22.018957345971565,14.000000000000004,0.0,14.64305891096592,53.00000000000001,40.0,13.0,nan,0.0,0,0,0,0,3.0,6.0,22.0,9.0
564,1,right_lane,nop,False,nan,40,0,23.643957345971554,28.333333333333332,0.0,27.322075519245118,46.16666666666667,40.0,6.166666666666668,nan,0.0,0,0,0,0,23.0,7.0,2.0,8.0
565,1,right_lane,nop,False,nan,40,0,21.26895174381868,23.666666666666675,0.0,24.24152084439993,47.99999999999999,40.0,8.000000000000007,nan,0.0,0,0,0,0,5.0,24.0,7.0,4.0
566,1,right_lane,nop,False,nan,40,0,21.393957345971565,21.666666666666647,0.0,21.476823925971985,48.83333333333336,40.0,8.833333333333332,nan,0.0,0,0,0,0,13.0,3.0,20.0,4.0
567,1,right_lane,nop,False,nan,40,0,23.268957345971565,26.666666666666654,0.0,25.759426951408386,46.833333333333364,40.0,6.833333333333331,nan,0.0,0,0,0,0,17.0,7.0,16.0,0.0
568,1,right_lane,nop,False,nan,40,0,22.143957344482867,25.66666666666668,0.0,27.272297352552414,47.333333333333314,40.0,7.3333333333333375,nan,0.0,0,0,0,0,0.0,37.0,2.0,1.0
569,1,right_lane,nop,False,nan,40,0,21.768957345971565,0.6666666666666666,0.0,2.9746272363425987,59.333333333333336,40.0,19.333333333333336,nan,0.0,0,0,0,0,0.0,0.0,3.0,37.0
570,1,right_lane,nop,False,nan,40,0,23.00249149035576,34.333333333333336,0.0,33.44590005278587,43.16666666666665,40.0,3.1666666666666656,nan,0.0,0,0,0,0,24.0,14.0,1.0,1.0
571,1,right_lane,nop,False,nan,40,0,22.268957345971565,8.666666666666664,0.0,8.587152693362441,55.50000000000001,40.0,15.500000000000005,nan,0.0,0,0,0,0,0.0,0.0,25.0,15.0
572,1,right_lane,nop,False,nan,40,0,24.481048355045683,33.33333333333333,0.0,33.435415387153625,43.66666666666667,40.0,3.6666666666666656,nan,0.0,0,0,0,0,20.0,19.0,1.0,0.0
573,1,right_lane,nop,False,nan,8,1,23.13745369802261,3.0,0.0,3.5136192068457603,10.166666666666668,8.0,2.1666666666666665,nan,0.0,0,0,0,0,0.0,4.0,2.0,2.0
574,1,right_lane,nop,False,nan,40,0,23.143957345971565,15.00000000000001,0.0,14.149996924679726,52.50000000000003,40.0,12.500000000000005,nan,0.0,0,0,0,0,4.0,3.0,28.0,5.0
575,1,right_lane,nop,False,nan,40,0,23.643957345971565,26.000000000000004,0.0,25.858426220715046,46.99999999999999,40.0,7.000000000000001,nan,0.0,0,0,0,0,11.0,18.0,9.0,2.0
576,1,right_lane,nop,False,nan,40,0,21.518671877380882,35.0,0.0,35.05200082063675,42.66666666666666,40.0,2.666666666666666,nan,0.0,0,0,0,0,25.0,15.0,0.0,0.0
577,1,right_lane,nop,False,nan,40,0,20.893957345971565,11.66666666666666,0.0,10.807383104693145,54.16666666666667,40.0,14.166666666666671,nan,0.0,0,0,0,0,0.0,5.0,23.0,12.0
578,1,right_lane,nop,False,nan,40,0,21.393671139652216,7.9999999999999964,0.0,8.469676062464714,55.83333333333336,40.0,15.83333333333334,nan,0.0,0,0,0,0,0.0,0.0,24.0,16.0
579,1,right_lane,nop,False,nan,40,0,23.00000075075124,22.0,0.0,21.767722722169538,49.00000000000001,40.0,9.000000000000002,nan,0.0,0,0,0,0,14.0,8.0,8.0,10.0
580,1,right_lane,nop,False,nan,40,0,23.016789544566922,7.000000000000001,0.0,8.69191500172019,56.33333333333333,40.0,16.333333333333332,nan,0.0,0,0,0,0,3.0,5.0,2.0,30.0
581,1,right_lane,nop,False,nan,40,0,21.872833059511766,12.33333333333333,0.0,13.311672523617744,54.333333333333336,40.0,14.333333333333334,nan,0.0,0,0,0,0,0.0,9.0,18.0,13.0
582,1,right_lane,nop,False,nan,40,0,23.643957345971565,11.000000000000002,0.0,11.093525028089061,54.00000000000003,40.0,14.000000000000009,nan,0.0,0,0,0,0,0.0,3.0,28.0,9.0
583,1,right_lane,nop,False,nan,40,0,23.018957345745342,24.666666666666668,0.0,25.26429406926036,47.66666666666667,40.0,7.666666666666665,nan,0.0,0,0,0,0,6.0,27.0,4.0,3.0
584,1,right_lane,nop,False,nan,40,0,22.87500009886436,6.333333333333332,0.0,6.998359601682296,57.16666666666668,40.0,17.166666666666668,nan,0.0,0,0,0,0,1.0,1.0,15.0,23.0
585,1,right_lane,nop,False,nan,40,0,21.143957345942347,40.0,0.0,39.71387892961502,40.16666666666667,40.0,0.16666666666666666,nan,0.0,0,0,0,0,40.0,0.0,0.0,0.0
586,1,right_lane,nop,False,nan,40,0,23.233544781159658,7.33333333333333,0.0,7.920514812485635,56.000000000000014,40.0,16.000000000000004,nan,0.0,0,0,0,0,0.0,5.0,11.0,24.0
587,1,right_lane,nop,False,nan,40,0,24.74995745887729,23.66666666666667,0.0,23.91837288858369,48.16666666666667,40.0,8.166666666666666,nan,0.0,0,0,0,0,11.0,14.0,9.0,6.0
588,1,right_lane,nop,False,nan,40,0,22.12749644062177,28.666666666666682,0.0,30.137503027915955,45.83333333333332,40.0,5.833333333333335,nan,0.0,0,0,0,0,7.0,33.0,0.0,0.0
589,1,right_lane,nop,False,nan,26,1,27.499933397110972,10.333333333333334,0.0,9.594358528280281,34.0,26.0,7.999999999999999,nan,0.0,0,0,0,0,4.0,4.0,8.0,10.0
590,1,right_lane,nop,False,nan,40,0,22.98141469551045,19.666666666666654,0.0,19.455892123281956,49.66666666666669,40.0,9.666666666666666,nan,0.0,0,0,0,0,9.0,6.0,21.0,4.0
591,1,right_lane,nop,False,nan,40,0,21.127496354776586,14.333333333333343,0.0,13.925597732770257,53.000000000000036,40.0,13.000000000000007,nan,0.0,0,0,0,0,0.0,9.0,26.0,5.0
592,1,right_lane,nop,False,nan,40,0,24.48104265596867,5.333333333333332,0.0,5.444503259030171,57.33333333333333,40.0,17.333333333333336,nan,0.0,0,0,0,0,0.0,5.0,6.0,29.0
593,1,right_lane,nop,False,nan,40,0,23.268957345968165,1.0,0.0,2.1156319528834047,59.333333333333336,40.0,19.333333333333336,nan,0.0,0,0,0,0,0.0,1.0,3.0,36.0
594,1,right_lane,nop,False,nan,40,0,20.768956694084682,34.666666666666664,0.0,33.50311627984047,43.16666666666665,40.0,3.1666666666666656,nan,0.0,0,0,0,0,28.0,7.0,4.0,1.0
595,1,right_lane,nop,False,nan,40,0,21.643957345971565,39.0,0.0,38.23530754446983,40.5,40.0,0.5,nan,0.0,0,0,0,0,36.0,3.0,1.0,0.0
596,1,right_lane,nop,False,nan,40,0,22.893957345971565,18.333333333333332,0.0,18.273236511275172,50.6666666666667,40.0,10.666666666666668,nan,0.0,0,0,0,0,10.0,3.0,18.0,9.0
597,1,right_lane,nop,False,nan,40,0,20.643957345971565,38.33333333333333,0.0,38.01460802555084,41.0,40.0,0.9999999999999999,nan,0.0,0,0,0,0,36.0,2.0,2.0,0.0
598,1,right_lane,nop,False,nan,40,0,21.64366693839378,18.33333333333333,0.0,18.134146854281425,50.66666666666663,40.0,10.666666666666657,nan,0.0,0,0,0,0,1.0,14.0,22.0,3.0
599,1,right_lane,nop,False,nan,40,0,20.893957345971117,29.666666666666686,0.0,31.141984403133392,45.16666666666665,40.0,5.166666666666667,nan,0.0,0,0,0,0,10.0,30.0,0.0,0.0
600,1,right_lane,nop,False,nan,40,0,20.643957345971565,16.333333333333336,0.0,17.553457394242287,51.66666666666668,40.0,11.666666666666668,nan,0.0,0,0,0,0,6.0,9.0,14.0,11.0
601,1,right_lane,nop,False,nan,40,0,20.893957345971565,38.33333333333333,0.0,36.2770134806633,41.16666666666667,40.0,1.1666666666666665,nan,0.0,0,0,0,0,35.0,4.0,1.0,0.0
602,1,right_lane,nop,False,nan,40,0,23.87250357239741,13.0,0.0,13.287843719124794,53.166666666666664,40.0,13.166666666666668,nan,0.0,0,0,0,0,5.0,4.0,17.0,14.0
603,1,right_lane,nop,False,nan,40,0,21.89395734596817,8.666666666666664,0.0,8.302679048385471,55.50000000000003,40.0,15.500000000000009,nan,0.0,0,0,0,0,0.0,1.0,26.0,13.0
604,1,right_lane,nop,False,nan,40,0,22.143957345971565,14.66666666666666,0.0,15.02213663351722,52.99999999999996,40.0,12.999999999999993,nan,0.0,0,0,0,0,0.0,18.0,6.0,16.0
605,1,right_lane,nop,False,nan,40,0,23.00032874938229,9.0,0.0,10.065992635907605,55.166666666666664,40.0,15.166666666666666,nan,0.0,0,0,0,0,5.0,5.0,3.0,27.0
606,1,right_lane,nop,False,nan,40,0,22.893957345971494,40.0,0.0,39.430050790309906,40.5,40.0,0.5,nan,0.0,0,0,0,0,40.0,0.0,0.0,0.0
607,1,right_lane,nop,False,nan,40,0,22.125328749382287,17.33333333333334,0.0,16.814511321485043,51.16666666666666,40.0,11.166666666666663,nan,0.0,0,0,0,0,3.0,9.0,23.0,5.0
608,1,right_lane,nop,False,nan,40,0,21.768957345971565,11.66666666666667,0.0,11.99339857045561,54.000000000000014,40.0,14.000000000000004,nan,0.0,0,0,0,0,0.0,8.0,18.0,14.0
609,1,right_lane,nop,False,nan,40,0,23.750328749382287,36.33333333333333,0.0,35.024622797966,41.83333333333333,40.0,1.8333333333333335,nan,0.0,0,0,0,0,30.0,9.0,1.0,0.0
610,1,right_lane,nop,False,nan,40,0,20.518957345971565,14.0,0.0,13.770224757492542,53.0,40.0,13.0,nan,0.0,0,0,0,0,0.0,6.0,29.0,5.0
611,1,right_lane,nop,False,nan,40,0,22.893914053872354,14.333333333333337,0.0,15.12299843877554,52.66666666666668,40.0,12.666666666666668,nan,0.0,0,0,0,0,6.0,7.0,12.0,15.0
612,1,right_lane,nop,False,nan,40,0,21.518957345971565,34.00000000000001,0.0,33.697452783584595,43.333333333333314,40.0,3.333333333333332,nan,0.0,0,0,0,0,23.0,17.0,0.0,0.0
613,1,right_lane,nop,False,nan,40,0,21.37500009886436,22.0,0.0,21.77820048481226,49.166666666666664,40.0,9.166666666666666,nan,0.0,0,0,0,0,7.0,16.0,12.0,5.0
614,1,right_lane,nop,False,nan,40,0,21.39395733295239,13.666666666666673,0.0,12.682195246219635,52.83333333333336,40.0,12.833333333333337,nan,0.0,0,0,0,0,0.0,3.0,34.0,3.0
615,1,right_lane,nop,False,nan,40,0,21.393957345971117,31.333333333333357,0.0,31.13028672337532,44.49999999999999,40.0,4.499999999999999,nan,0.0,0,0,0,0,15.0,23.0,1.0,1.0
616,1,right_lane,nop,False,nan,40,0,24.231042667047678,38.33333333333332,0.0,38.53491550683975,40.83333333333333,40.0,0.8333333333333333,nan,0.0,0,0,0,0,36.0,4.0,0.0,0.0
617,1,right_lane,nop,False,nan,5,1,28.84838684036547,2.333333333333333,0.0,1.8518507778644562,6.5,5.0,1.5,nan,0.0,0,0,0,0,0.0,1.0,3.0,1.0
618,1,right_lane,nop,False,nan,40,0,23.37500009886429,7.9999999999999964,0.0,8.154660678235814,55.666666666666686,40.0,15.666666666666673,nan,0.0,0,0,0,0,0.0,0.0,23.0,17.0
619,1,right_lane,nop,False,nan,40,0,21.393634297606518,40.0,0.0,39.29032129049301,40.33333333333333,40.0,0.3333333333333333,nan,0.0,0,0,0,0,40.0,0.0,0.0,0.0
620,1,right_lane,nop,False,nan,40,0,21.643957345971565,7.9999999999999964,0.0,7.925650636432692,55.66666666666671,40.0,15.666666666666677,nan,0.0,0,0,0,0,0.0,1.0,21.0,18.0
621,1,right_lane,nop,False,nan,40,0,22.268957332951885,8.666666666666664,0.0,9.509090080857277,55.66666666666667,40.0,15.666666666666668,nan,0.0,0,0,0,0,0.0,8.0,11.0,21.0
622,1,right_lane,nop,False,nan,40,0,22.393957344482878,34.333333333333336,0.0,34.59034711122513,42.999999999999986,40.0,2.999999999999999,nan,0.0,0,0,0,0,23.0,17.0,0.0,0.0
623,1,right_lane,nop,False,nan,40,0,22.143957345967646,28.666666666666668,0.0,29.42042237520218,45.50000000000001,40.0,5.499999999999999,nan,0.0,0,0,0,0,12.0,24.0,4.0,0.0
624,1,right_lane,nop,False,nan,40,0,21.768957345971565,33.33333333333334,0.0,32.96427673101425,43.499999999999986,40.0,3.4999999999999987,nan,0.0,0,0,0,0,20.0,20.0,0.0,0.0
625,1,right_lane,nop,False,nan,40,0,21.643956694084682,14.666666666666659,0.0,14.275297904839135,52.66666666666664,40.0,12.666666666666663,nan,0.0,0,0,0,0,1.0,9.0,22.0,8.0
626,1,right_lane,nop,False,nan,40,0,22.018957247111118,4.999999999999999,0.0,5.790980302539538,57.33333333333334,40.0,17.333333333333332,nan,0.0,0,0,0,0,1.0,3.0,7.0,29.0
627,1,right_lane,nop,False,nan,40,0,22.499957557515877,5.999999999999999,0.0,6.510654655415692,57.16666666666668,40.0,17.166666666666664,nan,0.0,0,0,0,0,0.0,0.0,16.0,24.0
628,1,right_lane,nop,False,nan,40,0,20.893957345971565,8.666666666666664,0.0,9.446188643574715,55.33333333333335,40.0,15.333333333333337,nan,0.0,0,0,0,0,0.0,2.0,22.0,16.0
629,1,right_lane,nop,False,nan,40,0,22.018957345945747,20.666666666666654,0.0,19.887010853131414,49.83333333333334,40.0,9.83333333333334,nan,0.0,0,0,0,0,9.0,12.0,10.0,9.0
630,1,right_lane,nop,False,nan,40,0,22.768629347340458,13.666666666666675,0.0,12.93002998828888,53.166666666666686,40.0,13.16666666666667,nan,0.0,0,0,0,0,2.0,5.0,24.0,9.0
631,1,right_lane,nop,False,nan,40,0,21.768957345971565,25.999999999999986,0.0,26.684435784816742,47.000000000000036,40.0,6.9999999999999964,nan,0.0,0,0,0,0,10.0,19.0,11.0,0.0
632,1,right_lane,nop,False,nan,40,0,24.233544793956394,32.666666666666686,0.0,32.439042299985886,43.999999999999986,40.0,3.9999999999999982,nan,0.0,0,0,0,0,17.0,22.0,1.0,0.0
633,1,right_lane,nop,False,nan,13,1,26.53078249270607,2.333333333333333,0.0,2.543480890104547,18.166666666666664,13.0,5.166666666666666,nan,0.0,0,0,0,0,0.0,1.0,5.0,7.0
634,1,right_lane,nop,False,nan,40,0,23.37749567708104,13.000000000000005,0.0,13.196326844685245,53.50000000000002,40.0,13.500000000000004,nan,0.0,0,0,0,0,0.0,11.0,15.0,14.0
635,1,right_lane,nop,False,nan,40,0,21.018671888689,26.66666666666668,0.0,28.544686675071716,46.66666666666665,40.0,6.66666666666667,nan,0.0,0,0,0,0,1.0,39.0,0.0,0.0
636,1,right_lane,nop,False,nan,40,0,21.018957345971565,10.333333333333334,0.0,11.008032170124352,54.666666666666686,40.0,14.666666666666673,nan,0.0,0,0,0,0,1.0,1.0,28.0,10.0
637,1,right_lane,nop,False,nan,40,0,21.768957345746305,23.333333333333332,0.0,22.51134166121483,48.666666666666664,40.0,8.666666666666666,nan,0.0,0,0,0,0,11.0,9.0,16.0,4.0
638,1,right_lane,nop,False,nan,40,0,22.018629347340514,10.0,0.0,9.70073188198171,54.66666666666669,40.0,14.666666666666675,nan,0.0,0,0,0,0,0.0,0.0,29.0,11.0
639,1,right_lane,nop,False,nan,40,0,22.518957345971565,35.33333333333333,0.0,33.4130151681602,42.666666666666664,40.0,2.666666666666666,nan,0.0,0,0,0,0,32.0,2.0,4.0,2.0
640,1,right_lane,nop,False,nan,40,0,22.768957345971558,6.333333333333331,0.0,7.316990570048802,56.500000000000014,40.0,16.5,nan,0.0,0,0,0,0,0.0,3.0,13.0,24.0
641,1,right_lane,nop,False,nan,40,0,23.768957345971565,37.666666666666664,0.0,36.49579009413719,41.5,40.0,1.5,nan,0.0,0,0,0,0,33.0,5.0,1.0,1.0
642,1,right_lane,nop,False,nan,40,0,20.643957345971565,1.0,0.0,1.6588507171254605,59.0,40.0,19.0,nan,0.0,0,0,0,0,0.0,1.0,2.0,37.0
643,1,right_lane,nop,False,nan,40,0,21.893919754693044,17.33333333333333,0.0,18.869389593601227,51.66666666666662,40.0,11.666666666666654,nan,0.0,0,0,0,0,0.0,20.0,12.0,8.0
644,1,right_lane,nop,False,nan,24,1,22.948262243284983,4.333333333333333,0.0,5.245200135221239,33.5,24.0,9.5,nan,0.0,0,0,0,0,0.0,7.0,1.0,16.0
645,1,right_lane,nop,False,nan,40,0,21.268957345971565,32.66666666666667,0.0,30.61567023396492,44.166666666666664,40.0,4.166666666666667,nan,0.0,0,0,0,0,24.0,8.0,7.0,1.0
646,1,right_lane,nop,False,nan,40,0,22.89395734448242,3.0,0.0,3.8225283368956298,58.0,40.0,18.0,nan,0.0,0,0,0,0,0.0,0.0,10.0,30.0
647,1,right_lane,nop,False,nan,40,0,20.893957345971508,26.666666666666668,0.0,27.17759558558464,46.66666666666667,40.0,6.666666666666665,nan,0.0,0,0,0,0,9.0,24.0,5.0,2.0
648,1,right_lane,nop,False,nan,40,0,20.518957345971565,25.666666666666664,0.0,24.932591140270233,47.66666666666667,40.0,7.666666666666667,nan,0.0,0,0,0,0,17.0,8.0,10.0,5.0
649,1,right_lane,nop,False,nan,40,0,20.268957345971565,5.333333333333332,0.0,7.374886758625507,56.833333333333336,40.0,16.833333333333336,nan,0.0,0,0,0,0,0.0,1.0,15.0,24.0
650,1,right_lane,nop,False,nan,40,0,23.893957344482878,14.000000000000005,0.0,14.31309142196551,53.166666666666686,40.0,13.166666666666668,nan,0.0,0,0,0,0,6.0,5.0,16.0,13.0
651,1,right_lane,nop,False,nan,40,0,21.768957345971494,9.333333333333332,0.0,8.888125950936228,55.33333333333336,40.0,15.333333333333343,nan,0.0,0,0,0,0,0.0,0.0,27.0,13.0
652,1,right_lane,nop,False,nan,40,0,22.856371319279997,20.000000000000004,0.0,19.66867855543387,50.33333333333333,40.0,10.33333333333333,nan,0.0,0,0,0,0,5.0,15.0,13.0,7.0
653,1,right_lane,nop,False,nan,40,0,22.73353909465412,38.666666666666664,0.0,37.6251085922122,40.66666666666667,40.0,0.6666666666666666,nan,0.0,0,0,0,0,36.0,2.0,1.0,1.0
654,1,right_lane,nop,False,nan,40,0,22.768957345971565,22.333333333333332,0.0,22.47886512350192,48.49999999999999,40.0,8.5,nan,0.0,0,0,0,0,13.0,10.0,8.0,9.0
655,1,right_lane,nop,False,nan,40,0,21.250328749381843,34.66666666666667,0.0,34.16299384832382,42.999999999999986,40.0,2.999999999999999,nan,0.0,0,0,0,0,24.0,15.0,1.0,0.0
656,1,right_lane,nop,False,nan,31,1,21.93553973174158,6.333333333333333,0.0,6.692686211317778,43.16666666666667,31.0,12.166666666666668,nan,0.0,0,0,0,0,0.0,2.0,15.0,14.0
657,1,right_lane,nop,False,nan,40,0,24.393957345971554,23.000000000000014,0.0,23.353648002957925,48.49999999999997,40.0,8.5,nan,0.0,0,0,0,0,9.0,17.0,6.0,8.0
658,1,right_lane,nop,False,nan,40,0,22.502496354746853,1.9999999999999998,0.0,3.0252355532452384,58.66666666666667,40.0,18.666666666666664,nan,0.0,0,0,0,0,2.0,1.0,1.0,36.0
659,1,right_lane,nop,False,nan,40,0,23.377496440425727,30.33333333333334,0.0,31.21976088732481,45.333333333333336,40.0,5.333333333333334,nan,0.0,0,0,0,0,15.0,22.0,2.0,1.0
660,1,right_lane,nop,False,nan,40,0,23.518957345971565,26.333333333333343,0.0,26.888428658246994,46.66666666666666,40.0,6.66666666666667,nan,0.0,0,0,0,0,5.0,29.0,4.0,2.0
661,1,right_lane,nop,False,nan,40,0,21.893957345971565,34.33333333333333,0.0,33.64372071996331,43.0,40.0,2.9999999999999996,nan,0.0,0,0,0,0,30.0,5.0,2.0,3.0
662,1,right_lane,nop,False,nan,40,0,23.268957345971565,30.66666666666669,0.0,31.804613709449768,44.499999999999986,40.0,4.499999999999999,nan,0.0,0,0,0,0,12.0,28.0,0.0,0.0
663,1,right_lane,nop,False,nan,40,0,22.39395733298212,26.000000000000004,0.0,27.788593858480453,46.833333333333336,40.0,6.833333333333333,nan,0.0,0,0,0,0,4.0,32.0,4.0,0.0
664,1,right_lane,nop,False,nan,40,0,21.5167896532434,25.66666666666668,0.0,27.316119249910116,47.333333333333314,40.0,7.3333333333333375,nan,0.0,0,0,0,0,4.0,32.0,2.0,2.0
665,1,right_lane,nop,False,nan,18,1,25.04212557632314,15.0,0.0,14.136793315410614,19.666666666666668,18.0,1.6666666666666665,nan,0.0,0,0,0,0,11.0,3.0,3.0,1.0
666,1,right_lane,nop,False,nan,40,0,25.76895734406055,37.0,0.0,36.43286180496216,41.5,40.0,1.5000000000000002,nan,0.0,0,0,0,0,32.0,6.0,2.0,0.0
667,1,right_lane,nop,False,nan,40,0,21.393914152732798,4.0,0.0,5.816789825636079,57.66666666666668,40.0,17.666666666666664,nan,0.0,0,0,0,0,1.0,2.0,7.0,30.0
668,1,right_lane,nop,False,nan,40,0,23.500000000003915,36.99999999999999,0.0,35.66569721698761,41.833333333333336,40.0,1.8333333333333335,nan,0.0,0,0,0,0,30.0,10.0,0.0,0.0
669,1,right_lane,nop,False,nan,40,0,20.393957345971565,3.0,0.0,4.810785166919231,58.0,40.0,18.0,nan,0.0,0,0,0,0,0.0,0.0,10.0,30.0
670,1,right_lane,nop,False,nan,40,0,22.893628695453636,13.66666666666667,0.0,14.795052601024508,53.33333333333334,40.0,13.333333333333336,nan,0.0,0,0,0,0,6.0,8.0,9.0,17.0
671,1,right_lane,nop,False,nan,40,0,22.4810866968794,28.000000000000007,0.0,29.627837538719177,45.99999999999999,40.0,6.000000000000002,nan,0.0,0,0,0,0,5.0,35.0,0.0,0.0
672,1,right_lane,nop,False,nan,40,0,22.518957345971565,12.0,0.0,12.62520576181123,53.83333333333333,40.0,13.833333333333332,nan,0.0,0,0,0,0,11.0,2.0,1.0,26.0
673,1,right_lane,nop,False,nan,8,1,28.73751786198703,6.0,0.0,6.242752373218536,9.333333333333336,8.0,1.3333333333333333,nan,0.0,0,0,0,0,2.0,6.0,0.0,0.0
674,1,right_lane,nop,False,nan,40,0,22.893628596589785,27.99999999999999,0.0,28.417374968528748,46.16666666666668,40.0,6.166666666666666,nan,0.0,0,0,0,0,13.0,18.0,9.0,0.0
675,1,right_lane,nop,False,nan,40,0,23.643957345971565,20.33333333333332,0.0,21.142714239656925,49.500000000000014,40.0,9.5,nan,0.0,0,0,0,0,14.0,4.0,13.0,9.0
676,1,right_lane,nop,False,nan,40,0,21.393957345719976,4.666666666666666,0.0,5.536793476319872,57.66666666666668,40.0,17.666666666666664,nan,0.0,0,0,0,0,0.0,0.0,14.0,26.0
677,1,right_lane,nop,False,nan,40,0,22.016789654728168,22.33333333333334,0.0,22.378827810287476,49.166666666666664,40.0,9.16666666666667,nan,0.0,0,0,0,0,7.0,20.0,3.0,10.0
678,1,right_lane,nop,False,nan,40,0,25.018957345971565,27.666666666666686,0.0,28.217341005802155,45.99999999999998,40.0,6.000000000000002,nan,0.0,0,0,0,0,9.0,26.0,4.0,1.0
679,1,right_lane,nop,False,nan,40,0,23.750327899996375,16.66666666666667,0.0,17.21623620763421,51.333333333333336,40.0,11.333333333333332,nan,0.0,0,0,0,0,4.0,7.0,25.0,4.0
680,1,right_lane,nop,False,nan,40,0,20.893957345971565,27.000000000000004,0.0,26.840266436338425,46.66666666666666,40.0,6.666666666666667,nan,0.0,0,0,0,0,5.0,31.0,4.0,0.0
681,1,right_lane,nop,False,nan,26,1,22.144548757839992,1.6666666666666665,0.0,2.469297666568309,38.166666666666664,26.0,12.166666666666666,nan,0.0,0,0,0,0,0.0,2.0,2.0,22.0
682,1,right_lane,nop,False,nan,40,0,21.143957344482867,29.666666666666682,0.0,30.663377285003662,45.33333333333332,40.0,5.333333333333334,nan,0.0,0,0,0,0,10.0,30.0,0.0,0.0
683,1,right_lane,nop,False,nan,40,0,21.141461004214158,12.333333333333337,0.0,11.85359238088131,53.666666666666686,40.0,13.666666666666671,nan,0.0,0,0,0,0,0.0,0.0,36.0,4.0
684,1,right_lane,nop,False,nan,40,0,22.377496425892566,16.99999999999999,0.0,18.031323177507147,51.33333333333335,40.0,11.333333333333332,nan,0.0,0,0,0,0,5.0,16.0,4.0,15.0
685,1,right_lane,nop,False,nan,40,0,22.643919753399892,29.666666666666682,0.0,30.49100089073181,45.499999999999986,40.0,5.500000000000001,nan,0.0,0,0,0,0,9.0,30.0,1.0,0.0
686,1,right_lane,nop,False,nan,40,0,21.518957345971565,18.0,0.0,17.635277459834015,50.99999999999999,40.0,10.999999999999995,nan,0.0,0,0,0,0,8.0,11.0,7.0,14.0
687,1,right_lane,nop,False,nan,40,0,21.51678964342692,28.33333333333335,0.0,29.472493529319763,45.833333333333314,40.0,5.833333333333335,nan,0.0,0,0,0,0,5.0,34.0,1.0,0.0
688,1,right_lane,nop,False,nan,40,0,20.89178965450638,34.666666666666664,0.0,33.57142162322998,42.66666666666665,40.0,2.666666666666666,nan,0.0,0,0,0,0,24.0,15.0,1.0,0.0
689,1,right_lane,nop,False,nan,40,0,21.768957345971565,13.333333333333332,0.0,15.09787381440401,53.0,40.0,12.999999999999998,nan,0.0,0,0,0,0,0.0,18.0,4.0,18.0
690,1,right_lane,nop,False,nan,40,0,22.018957345971565,19.999999999999986,0.0,20.586801826953888,50.00000000000002,40.0,10.0,nan,0.0,0,0,0,0,9.0,7.0,22.0,2.0
691,1,right_lane,nop,False,nan,40,0,20.768957345971565,39.666666666666664,0.0,37.03654444217682,40.66666666666667,40.0,0.6666666666666666,nan,0.0,0,0,0,0,38.0,1.0,1.0,0.0
692,1,right_lane,nop,False,nan,40,0,22.14141846286567,19.666666666666664,0.0,19.42621681583114,49.66666666666667,40.0,9.666666666666666,nan,0.0,0,0,0,0,8.0,11.0,13.0,8.0
693,1,right_lane,nop,False,nan,40,0,22.266789653217568,32.00000000000002,0.0,32.76597714424133,44.33333333333331,40.0,4.333333333333332,nan,0.0,0,0,0,0,18.0,21.0,1.0,0.0
694,1,right_lane,nop,False,nan,40,0,21.143957345971494,15.666666666666663,0.0,15.485056125093251,52.33333333333329,40.0,12.333333333333325,nan,0.0,0,0,0,0,2.0,17.0,5.0,16.0
695,1,right_lane,nop,False,nan,40,0,20.768957345971565,34.00000000000001,0.0,33.338961601257324,42.83333333333332,40.0,2.8333333333333326,nan,0.0,0,0,0,0,22.0,18.0,0.0,0.0
696,1,right_lane,nop,False,nan,40,0,20.893957345971565,27.33333333333334,0.0,28.460011214017868,46.33333333333333,40.0,6.333333333333334,nan,0.0,0,0,0,0,5.0,33.0,2.0,0.0
697,1,right_lane,nop,False,nan,40,0,22.018957345941836,1.3333333333333333,0.0,3.3409300048369914,59.0,40.0,19.0,nan,0.0,0,0,0,0,1.0,1.0,2.0,36.0
698,1,right_lane,nop,False,nan,40,0,23.393622996150846,29.000000000000007,0.0,29.37214407324791,45.99999999999999,40.0,6.000000000000002,nan,0.0,0,0,0,0,9.0,28.0,2.0,1.0
699,1,right_lane,nop,False,nan,40,0,22.768957345941317,24.666666666666657,0.0,25.682121228426695,47.66666666666668,40.0,7.666666666666664,nan,0.0,0,0,0,0,5.0,26.0,7.0,2.0
700,1,right_lane,nop,False,nan,40,0,20.893957334666343,38.33333333333333,0.0,36.520494520664215,40.833333333333336,40.0,0.8333333333333333,nan,0.0,0,0,0,0,34.0,5.0,1.0,0.0
701,1,right_lane,nop,False,nan,40,0,21.143628695453636,8.666666666666664,0.0,8.92227079719305,55.166666666666686,40.0,15.166666666666671,nan,0.0,0,0,0,0,0.0,0.0,26.0,14.0
702,1,right_lane,nop,False,nan,40,0,22.12749148886656,11.666666666666666,0.0,12.751123620197177,54.166666666666664,40.0,14.166666666666668,nan,0.0,0,0,0,0,7.0,8.0,1.0,24.0
703,1,right_lane,nop,False,nan,40,0,24.268671236606,15.333333333333334,0.0,15.856843597648549,52.33333333333333,40.0,12.333333333333334,nan,0.0,0,0,0,0,10.0,6.0,6.0,18.0
704,1,right_lane,nop,False,nan,40,0,21.268957345971565,4.0,0.0,4.487344238295918,58.0,40.0,18.0,nan,0.0,0,0,0,0,0.0,0.0,13.0,27.0
705,1,right_lane,nop,False,nan,40,0,22.143957345971565,13.33333333333334,0.0,14.470194861292839,53.500000000000014,40.0,13.500000000000002,nan,0.0,0,0,0,0,6.0,4.0,15.0,15.0
706,1,right_lane,nop,False,nan,40,0,20.893957345971565,35.666666666666664,0.0,34.08811366558075,42.5,40.0,2.4999999999999996,nan,0.0,0,0,0,0,26.0,14.0,0.0,0.0
707,1,right_lane,nop,False,nan,40,0,23.393957345971558,4.666666666666666,0.0,5.268937172861456,57.16666666666668,40.0,17.16666666666667,nan,0.0,0,0,0,0,0.0,1.0,14.0,25.0
708,1,right_lane,nop,False,nan,40,0,21.750000098864362,17.333333333333336,0.0,17.618778869509697,51.666666666666664,40.0,11.666666666666666,nan,0.0,0,0,0,0,0.0,16.0,20.0,4.0
709,1,right_lane,nop,False,nan,40,0,21.768957345971565,9.0,0.0,9.613427048665471,55.166666666666664,40.0,15.166666666666666,nan,0.0,0,0,0,0,5.0,5.0,2.0,28.0
710,1,right_lane,nop,False,nan,40,0,21.356091647145412,12.333333333333337,0.0,13.230018120259047,54.166666666666686,40.0,14.166666666666671,nan,0.0,0,0,0,0,0.0,8.0,20.0,12.0
711,1,right_lane,nop,False,nan,40,0,23.108867844032495,18.000000000000018,0.0,17.79926586151123,50.99999999999999,40.0,10.999999999999998,nan,0.0,0,0,0,0,8.0,5.0,21.0,6.0
712,1,right_lane,nop,False,nan,40,0,22.391460169332184,15.333333333333332,0.0,15.995113364188,52.16666666666667,40.0,12.16666666666667,nan,0.0,0,0,0,0,5.0,3.0,26.0,6.0
713,1,right_lane,nop,False,nan,40,0,22.268957345971565,13.666666666666677,0.0,14.177057020366192,53.16666666666669,40.0,13.166666666666671,nan,0.0,0,0,0,0,1.0,9.0,22.0,8.0
714,1,right_lane,nop,False,nan,40,0,24.018957345971565,33.66666666666668,0.0,33.492226362228394,43.50000000000001,40.0,3.4999999999999987,nan,0.0,0,0,0,0,21.0,19.0,0.0,0.0
715,1,right_lane,nop,False,nan,40,0,21.75000075075124,32.33333333333335,0.0,31.06536900997162,43.83333333333332,40.0,3.8333333333333317,nan,0.0,0,0,0,0,16.0,23.0,1.0,0.0
716,1,right_lane,nop,False,nan,40,0,24.643957345971117,22.66666666666665,0.0,22.338320795177424,48.33333333333336,40.0,8.33333333333333,nan,0.0,0,0,0,0,12.0,6.0,19.0,3.0
717,1,right_lane,nop,False,nan,40,0,23.018957345971565,18.666666666666668,0.0,19.195767991244793,50.833333333333314,40.0,10.833333333333329,nan,0.0,0,0,0,0,12.0,7.0,4.0,17.0
718,1,right_lane,nop,False,nan,40,0,22.268957345971565,38.66666666666667,0.0,38.37867033481598,40.833333333333336,40.0,0.8333333333333333,nan,0.0,0,0,0,0,36.0,4.0,0.0,0.0
719,1,right_lane,nop,False,nan,40,0,22.89395734594184,37.0,0.0,36.26212361454964,41.5,40.0,1.5,nan,0.0,0,0,0,0,34.0,1.0,5.0,0.0
720,1,right_lane,nop,False,nan,40,0,21.643957345971565,38.666666666666664,0.0,38.067795753479004,40.66666666666667,40.0,0.6666666666666666,nan,0.0,0,0,0,0,35.0,5.0,0.0,0.0
721,1,right_lane,nop,False,nan,40,0,21.3917896532434,26.333333333333346,0.0,27.85514661669731,46.66666666666665,40.0,6.66666666666667,nan,0.0,0,0,0,0,0.0,38.0,1.0,1.0
722,1,right_lane,nop,False,nan,40,0,21.268957345971565,35.66666666666666,0.0,36.23065412044525,42.16666666666665,40.0,2.1666666666666665,nan,0.0,0,0,0,0,28.0,12.0,0.0,0.0
723,1,right_lane,nop,False,nan,40,0,21.518957345971565,16.666666666666668,0.0,17.764903716742992,51.33333333333335,40.0,11.333333333333332,nan,0.0,0,0,0,0,1.0,15.0,17.0,7.0
724,1,right_lane,nop,False,nan,40,0,22.143671800937227,10.0,0.0,10.420055983471684,55.0,40.0,14.999999999999998,nan,0.0,0,0,0,0,0.0,5.0,20.0,15.0
725,1,right_lane,nop,False,nan,40,0,22.393591005732567,14.333333333333329,0.0,15.06145922174619,52.83333333333332,40.0,12.83333333333333,nan,0.0,0,0,0,0,1.0,16.0,10.0,13.0
726,1,right_lane,nop,False,nan,40,0,20.893957345971565,0.3333333333333333,0.0,1.3656561155803502,59.83333333333333,40.0,19.833333333333332,nan,0.0,0,0,0,0,0.0,0.0,1.0,39.0
727,1,right_lane,nop,False,nan,40,0,22.018957345971494,34.666666666666664,0.0,32.92671513557434,43.166666666666664,40.0,3.166666666666666,nan,0.0,0,0,0,0,27.0,8.0,5.0,0.0
728,1,right_lane,nop,False,nan,40,0,21.00249644062177,4.333333333333333,0.0,5.513448565499857,57.33333333333336,40.0,17.333333333333332,nan,0.0,0,0,0,0,0.0,0.0,13.0,27.0
729,1,right_lane,nop,False,nan,40,0,21.393957345971565,32.0,0.0,30.99420952796936,44.5,40.0,4.499999999999999,nan,0.0,0,0,0,0,18.0,19.0,3.0,0.0
730,1,right_lane,nop,False,nan,40,0,21.483544795667456,0.3333333333333333,0.0,0.9450860443885176,59.333333333333336,40.0,19.333333333333336,nan,0.0,0,0,0,0,0.0,0.0,1.0,39.0
731,1,right_lane,nop,False,nan,40,0,21.39367180281793,21.000000000000004,0.0,21.813346058130264,49.833333333333314,40.0,9.833333333333327,nan,0.0,0,0,0,0,4.0,20.0,12.0,4.0
732,1,right_lane,nop,False,nan,40,0,23.018957345971565,39.666666666666664,0.0,39.32633972167969,40.333333333333336,40.0,0.3333333333333333,nan,0.0,0,0,0,0,39.0,1.0,0.0,0.0
733,1,right_lane,nop,False,nan,40,0,21.643956584141378,17.333333333333332,0.0,17.69909857213497,51.166666666666636,40.0,11.16666666666666,nan,0.0,0,0,0,0,2.0,13.0,18.0,7.0
734,1,right_lane,nop,False,nan,40,0,21.518957345967657,5.999999999999998,0.0,6.877618067432195,56.833333333333364,40.0,16.833333333333336,nan,0.0,0,0,0,0,1.0,1.0,15.0,23.0
735,1,right_lane,nop,False,nan,40,0,23.643957345971565,11.33333333333333,0.0,12.521067203953862,54.16666666666667,40.0,14.166666666666668,nan,0.0,0,0,0,0,5.0,9.0,3.0,23.0
736,1,right_lane,nop,False,nan,40,0,21.518957345971565,31.000000000000004,0.0,30.362799488008022,44.99999999999999,40.0,5.0,nan,0.0,0,0,0,0,14.0,23.0,2.0,1.0
737,1,right_lane,nop,False,nan,40,0,22.500328749382287,2.0,0.0,3.043328849007594,58.833333333333336,40.0,18.833333333333332,nan,0.0,0,0,0,0,0.0,1.0,4.0,35.0
738,1,right_lane,nop,False,nan,9,1,25.0,3.0,0.0,3.3032702654600143,11.833333333333334,9.0,2.833333333333333,nan,0.0,0,0,0,0,1.0,2.0,3.0,3.0
739,1,right_lane,nop,False,nan,40,0,23.624671252557942,17.33333333333334,0.0,16.62388742272742,51.50000000000002,40.0,11.500000000000005,nan,0.0,0,0,0,0,7.0,6.0,17.0,10.0
740,1,right_lane,nop,False,nan,40,0,22.01895239567974,12.999999999999998,0.0,14.17804566770792,53.166666666666664,40.0,13.166666666666666,nan,0.0,0,0,0,0,6.0,7.0,8.0,19.0
741,1,right_lane,nop,False,nan,40,0,22.62749644062177,12.33333333333334,0.0,12.443027345696464,53.833333333333336,40.0,13.833333333333334,nan,0.0,0,0,0,0,3.0,6.0,18.0,13.0
742,1,right_lane,nop,False,nan,40,0,21.76891405409761,10.666666666666668,0.0,10.087780579924583,54.83333333333335,40.0,14.83333333333334,nan,0.0,0,0,0,0,0.0,0.0,31.0,9.0
743,1,right_lane,nop,False,nan,40,0,23.268956595191106,23.66666666666667,0.0,23.5151918977499,48.333333333333314,40.0,8.33333333333333,nan,0.0,0,0,0,0,15.0,5.0,15.0,5.0
744,1,right_lane,nop,False,nan,40,0,20.643957345971565,35.33333333333335,0.0,33.51805800199509,42.5,40.0,2.4999999999999996,nan,0.0,0,0,0,0,25.0,15.0,0.0,0.0
745,1,right_lane,nop,False,nan,40,0,26.518956608238977,33.66666666666668,0.0,34.043661177158356,42.83333333333332,40.0,2.833333333333333,nan,0.0,0,0,0,0,23.0,16.0,1.0,0.0
746,1,right_lane,nop,False,nan,40,0,23.51678900284129,15.33333333333333,0.0,15.905274521767296,52.66666666666664,40.0,12.66666666666666,nan,0.0,0,0,0,0,4.0,14.0,5.0,17.0
747,1,right_lane,nop,False,nan,40,0,21.018957345971565,5.0,0.0,5.597298722714186,57.33333333333333,40.0,17.333333333333332,nan,0.0,0,0,0,0,1.0,1.0,8.0,30.0
748,1,right_lane,nop,False,nan,40,0,20.768957345971565,23.333333333333336,0.0,23.28805910795927,48.33333333333332,40.0,8.333333333333334,nan,0.0,0,0,0,0,10.0,18.0,4.0,8.0
749,1,right_lane,nop,False,nan,40,0,21.643957345971494,13.000000000000002,0.0,13.75977008312475,53.33333333333333,40.0,13.333333333333334,nan,0.0,0,0,0,0,5.0,5.0,16.0,14.0
750,1,right_lane,nop,False,nan,40,0,25.268628695453636,21.66666666666665,0.0,21.208374568726867,49.000000000000014,40.0,8.999999999999996,nan,0.0,0,0,0,0,14.0,4.0,15.0,7.0
751,1,right_lane,nop,False,nan,40,0,22.393957345971565,35.0,0.0,34.801044657826424,43.0,40.0,2.9999999999999996,nan,0.0,0,0,0,0,31.0,3.0,5.0,1.0
752,1,right_lane,nop,False,nan,40,0,21.268957345971565,28.333333333333332,0.0,28.58952996134758,45.50000000000001,40.0,5.499999999999999,nan,0.0,0,0,0,0,11.0,25.0,4.0,0.0
753,1,right_lane,nop,False,nan,40,0,24.268628596619003,32.66666666666667,0.0,32.366586446762085,44.00000000000001,40.0,3.9999999999999982,nan,0.0,0,0,0,0,17.0,22.0,1.0,0.0
754,1,right_lane,nop,False,nan,25,1,25.800069267311883,3.666666666666667,0.0,3.719465045229299,35.33333333333333,25.0,10.333333333333334,nan,0.0,0,0,0,0,0.0,0.0,11.0,14.0
755,1,right_lane,nop,False,nan,40,0,21.76895723411827,13.33333333333333,0.0,13.567127704620361,53.49999999999999,40.0,13.499999999999998,nan,0.0,0,0,0,0,3.0,5.0,20.0,12.0
756,1,right_lane,nop,False,nan,40,0,22.518671888688996,31.00000000000002,0.0,31.973796665668488,44.499999999999986,40.0,4.499999999999999,nan,0.0,0,0,0,0,14.0,26.0,0.0,0.0
757,1,right_lane,nop,False,nan,40,0,21.268957345971565,31.99999999999999,0.0,31.095892436802387,43.83333333333335,40.0,3.8333333333333335,nan,0.0,0,0,0,0,29.0,2.0,7.0,2.0
758,1,right_lane,nop,False,nan,40,0,21.00032874938229,33.0,0.0,31.44997876882553,43.83333333333334,40.0,3.8333333333333317,nan,0.0,0,0,0,0,19.0,19.0,2.0,0.0
759,1,right_lane,nop,False,nan,40,0,22.643634297606013,29.33333333333335,0.0,30.455128729343414,45.16666666666665,40.0,5.166666666666667,nan,0.0,0,0,0,0,8.0,32.0,0.0,0.0
760,1,right_lane,nop,False,nan,40,0,21.018957345971565,8.333333333333332,0.0,8.606287414033432,55.833333333333336,40.0,15.833333333333334,nan,0.0,0,0,0,0,0.0,7.0,9.0,24.0
761,1,right_lane,nop,False,nan,40,0,24.643957345971565,16.0,0.0,16.14258507609975,51.66666666666667,40.0,11.666666666666666,nan,0.0,0,0,0,0,16.0,1.0,1.0,22.0
762,1,right_lane,nop,False,nan,9,1,27.693526243465236,1.0,0.0,1.3868622016598238,13.166666666666666,9.0,4.166666666666666,nan,0.0,0,0,0,0,0.0,1.0,2.0,6.0
763,1,right_lane,nop,False,nan,40,0,22.393957345971494,23.666666666666668,0.0,23.554952443918694,48.50000000000001,40.0,8.499999999999998,nan,0.0,0,0,0,0,17.0,8.0,2.0,13.0
764,1,right_lane,nop,False,nan,40,0,20.643957345971565,6.999999999999997,0.0,7.996873485164997,56.166666666666686,40.0,16.16666666666667,nan,0.0,0,0,0,0,0.0,4.0,14.0,22.0
765,1,right_lane,nop,False,nan,40,0,21.875043292099726,34.0,0.0,33.055150523781776,43.333333333333336,40.0,3.333333333333332,nan,0.0,0,0,0,0,22.0,16.0,1.0,1.0
766,1,right_lane,nop,False,nan,40,0,20.893957345971565,8.33333333333333,0.0,9.668572217226028,55.33333333333336,40.0,15.33333333333334,nan,0.0,0,0,0,0,1.0,1.0,23.0,15.0
767,1,right_lane,nop,False,nan,40,0,22.01895734596765,15.333333333333332,0.0,14.733712384710088,52.833333333333314,40.0,12.833333333333329,nan,0.0,0,0,0,0,8.0,9.0,1.0,22.0
768,1,right_lane,nop,False,nan,40,0,22.250000000029733,6.999999999999997,0.0,7.718824081122875,56.000000000000014,40.0,16.000000000000004,nan,0.0,0,0,0,0,0.0,0.0,21.0,19.0
769,1,right_lane,nop,False,nan,40,0,22.268957345971565,15.333333333333332,0.0,16.26097365876194,52.33333333333333,40.0,12.333333333333332,nan,0.0,0,0,0,0,13.0,2.0,4.0,21.0
770,1,right_lane,nop,False,nan,40,0,21.0189523957055,0.6666666666666666,0.0,1.7531682410626672,59.666666666666664,40.0,19.666666666666664,nan,0.0,0,0,0,0,0.0,1.0,2.0,37.0
771,1,right_lane,nop,False,nan,40,0,21.268957345971565,36.00000000000001,0.0,35.29209643602371,42.33333333333332,40.0,2.333333333333333,nan,0.0,0,0,0,0,29.0,11.0,0.0,0.0
772,1,right_lane,nop,False,nan,40,0,23.268957345971565,34.66666666666667,0.0,33.66866999864578,42.833333333333336,40.0,2.8333333333333326,nan,0.0,0,0,0,0,23.0,16.0,1.0,0.0
773,1,right_lane,nop,False,nan,40,0,20.268957345971565,3.666666666666667,0.0,5.8852759301662445,57.666666666666664,40.0,17.666666666666664,nan,0.0,0,0,0,0,0.0,0.0,12.0,28.0
774,1,right_lane,nop,False,nan,40,0,20.893957345971565,14.33333333333333,0.0,13.897280916571617,53.166666666666664,40.0,13.166666666666666,nan,0.0,0,0,0,0,2.0,6.0,26.0,6.0
775,1,right_lane,nop,False,nan,40,0,20.893957345971565,13.666666666666664,0.0,13.645322389900684,53.166666666666664,40.0,13.166666666666666,nan,0.0,0,0,0,0,1.0,6.0,26.0,7.0
776,1,right_lane,nop,False,nan,40,0,21.643957258382706,6.333333333333331,0.0,7.298306138953194,56.5,40.0,16.5,nan,0.0,0,0,0,0,1.0,1.0,17.0,21.0
777,1,right_lane,nop,False,nan,40,0,23.768957345971558,32.33333333333336,0.0,32.98421424627304,44.16666666666665,40.0,4.166666666666665,nan,0.0,0,0,0,0,17.0,22.0,1.0,0.0
778,1,right_lane,nop,False,nan,40,0,21.643957331238514,6.999999999999997,0.0,7.622321478789672,56.16666666666666,40.0,16.166666666666664,nan,0.0,0,0,0,0,0.0,0.0,22.0,18.0
779,1,right_lane,nop,False,nan,40,0,21.893919754889087,30.333333333333353,0.0,30.540721535682678,45.16666666666665,40.0,5.166666666666667,nan,0.0,0,0,0,0,11.0,29.0,0.0,0.0
780,1,right_lane,nop,False,nan,40,0,22.64395669388864,21.33333333333335,0.0,22.192040300695226,49.33333333333331,40.0,9.333333333333327,nan,0.0,0,0,0,0,4.0,18.0,15.0,3.0
781,1,right_lane,nop,False,nan,40,0,23.143957345971565,8.666666666666663,0.0,8.930372328148223,55.66666666666669,40.0,15.666666666666673,nan,0.0,0,0,0,0,0.0,0.0,24.0,16.0
782,1,right_lane,nop,False,nan,40,0,21.518957345971565,30.000000000000007,0.0,29.5665874928236,45.166666666666664,40.0,5.166666666666667,nan,0.0,0,0,0,0,10.0,28.0,1.0,1.0
783,1,right_lane,nop,False,nan,40,0,22.643957345971565,35.333333333333336,0.0,33.55711302161217,42.0,40.0,2.0,nan,0.0,0,0,0,0,31.0,4.0,5.0,0.0
784,1,right_lane,nop,False,nan,26,1,21.952242070725482,23.000000000000007,0.0,23.094677090644836,27.666666666666675,26.0,1.6666666666666667,nan,0.0,0,0,0,0,17.0,9.0,0.0,0.0
785,1,right_lane,nop,False,nan,40,0,20.393957345971565,37.0,0.0,35.56454932689667,41.66666666666667,40.0,1.6666666666666667,nan,0.0,0,0,0,0,31.0,9.0,0.0,0.0
786,1,right_lane,nop,False,nan,40,0,22.393957345971565,1.3333333333333333,0.0,2.4685440026805736,58.833333333333336,40.0,18.833333333333336,nan,0.0,0,0,0,0,1.0,1.0,2.0,36.0
787,1,right_lane,nop,False,nan,40,0,25.266175448071145,26.333333333333336,0.0,26.23966407025,46.83333333333333,40.0,6.833333333333334,nan,0.0,0,0,0,0,19.0,8.0,6.0,7.0
788,1,right_lane,nop,False,nan,40,0,22.51895164346563,33.666666666666664,0.0,34.31464618444443,43.66666666666667,40.0,3.666666666666665,nan,0.0,0,0,0,0,21.0,19.0,0.0,0.0
789,1,right_lane,nop,False,nan,23,1,22.3913796384343,5.333333333333332,0.0,6.058982351329178,31.499999999999993,23.0,8.499999999999998,nan,0.0,0,0,0,0,2.0,1.0,10.0,10.0
790,1,right_lane,nop,False,nan,40,0,22.518957344031847,25.666666666666664,0.0,25.34782472997904,47.49999999999999,40.0,7.499999999999999,nan,0.0,0,0,0,0,13.0,12.0,13.0,2.0
791,1,right_lane,nop,False,nan,40,0,21.750328749382287,14.333333333333341,0.0,13.518340453505516,52.50000000000003,40.0,12.500000000000005,nan,0.0,0,0,0,0,0.0,4.0,34.0,2.0
792,1,right_lane,nop,False,nan,40,0,22.143956694084682,11.666666666666664,0.0,12.38152143266052,54.0,40.0,14.0,nan,0.0,0,0,0,0,6.0,8.0,2.0,24.0
793,1,right_lane,nop,False,nan,40,0,23.26862860960845,28.000000000000007,0.0,28.501471012830734,46.499999999999986,40.0,6.500000000000003,nan,0.0,0,0,0,0,7.0,29.0,3.0,1.0
794,1,right_lane,nop,False,nan,40,0,23.893957345971565,30.000000000000014,0.0,29.97085189554491,44.833333333333314,40.0,4.833333333333333,nan,0.0,0,0,0,0,19.0,16.0,2.0,3.0
795,1,right_lane,nop,False,nan,40,0,23.76867188720025,15.999999999999993,0.0,17.374775509466417,51.99999999999996,40.0,11.999999999999991,nan,0.0,0,0,0,0,1.0,19.0,8.0,12.0
796,1,right_lane,nop,False,nan,40,0,23.143957332955853,13.666666666666675,0.0,14.0924763828516,53.00000000000003,40.0,13.000000000000005,nan,0.0,0,0,0,0,3.0,4.0,24.0,9.0
797,1,right_lane,nop,False,nan,40,0,23.266175449781688,9.666666666666666,0.0,10.14926880798157,55.33333333333333,40.0,15.33333333333333,nan,0.0,0,0,0,0,4.0,7.0,3.0,26.0
798,1,right_lane,nop,False,nan,40,0,21.268957345971565,18.66666666666667,0.0,18.214408956468105,50.66666666666666,40.0,10.666666666666664,nan,0.0,0,0,0,0,0.0,17.0,21.0,2.0
799,1,right_lane,nop,False,nan,40,0,25.76895734597098,22.666666666666647,0.0,22.689463349524885,48.50000000000003,40.0,8.499999999999996,nan,0.0,0,0,0,0,14.0,6.0,16.0,4.0
800,1,right_lane,nop,False,nan,40,0,22.39395734596765,18.666666666666668,0.0,17.715783952909987,50.83333333333333,40.0,10.83333333333333,nan,0.0,0,0,0,0,11.0,3.0,15.0,11.0
801,1,right_lane,nop,False,nan,40,0,22.143957345971565,39.666666666666664,0.0,39.354708194732666,40.333333333333336,40.0,0.3333333333333333,nan,0.0,0,0,0,0,39.0,1.0,0.0,0.0
802,1,right_lane,nop,False,nan,40,0,21.893956694058794,7.33333333333333,0.0,7.272130232769996,56.000000000000036,40.0,16.000000000000007,nan,0.0,0,0,0,0,0.0,1.0,20.0,19.0
803,1,right_lane,nop,False,nan,40,0,22.518957345971565,22.000000000000004,0.0,24.115166216823127,49.16666666666665,40.0,9.16666666666667,nan,0.0,0,0,0,0,0.0,31.0,4.0,5.0
804,1,right_lane,nop,False,nan,40,0,21.018952394216875,27.66666666666668,0.0,28.406841337680817,46.33333333333332,40.0,6.333333333333336,nan,0.0,0,0,0,0,4.0,35.0,1.0,0.0
805,1,right_lane,nop,False,nan,40,0,23.893951657972917,14.000000000000005,0.0,14.567843480966985,52.666666666666686,40.0,12.666666666666671,nan,0.0,0,0,0,0,3.0,10.0,13.0,14.0
806,1,right_lane,nop,False,nan,40,0,23.500322396482076,20.33333333333333,0.0,21.408653951250017,49.66666666666667,40.0,9.666666666666666,nan,0.0,0,0,0,0,5.0,20.0,9.0,6.0
807,1,right_lane,nop,False,nan,40,0,21.018956693888633,11.0,0.0,10.538548864424229,54.83333333333336,40.0,14.833333333333343,nan,0.0,0,0,0,0,0.0,0.0,31.0,9.0
808,1,right_lane,nop,False,nan,40,0,21.62532799885682,24.33333333333334,0.0,24.538068659603596,47.833333333333314,40.0,7.833333333333333,nan,0.0,0,0,0,0,14.0,9.0,13.0,4.0
809,1,right_lane,nop,False,nan,40,0,22.502496354776582,8.0,0.0,8.808581221848726,55.66666666666667,40.0,15.666666666666666,nan,0.0,0,0,0,0,8.0,1.0,1.0,30.0
810,1,right_lane,nop,False,nan,40,0,20.768957345971565,38.666666666666664,0.0,36.50377231091261,41.16666666666667,40.0,1.1666666666666665,nan,0.0,0,0,0,0,36.0,2.0,1.0,1.0
811,1,right_lane,nop,False,nan,40,0,21.518919743580973,5.999999999999998,0.0,6.019836034392938,56.5,40.0,16.5,nan,0.0,0,0,0,0,0.0,0.0,18.0,22.0
812,1,right_lane,nop,False,nan,40,0,23.877453899273284,23.999999999999993,0.0,24.193190649151802,48.333333333333336,40.0,8.33333333333333,nan,0.0,0,0,0,0,8.0,17.0,13.0,2.0
813,1,right_lane,nop,False,nan,40,0,22.141133005583107,16.666666666666664,0.0,16.451480954885483,51.83333333333332,40.0,11.83333333333333,nan,0.0,0,0,0,0,4.0,9.0,17.0,10.0
814,1,right_lane,nop,False,nan,40,0,22.893957345971565,39.33333333333333,0.0,38.99989992380142,40.333333333333336,40.0,0.3333333333333333,nan,0.0,0,0,0,0,37.0,3.0,0.0,0.0
815,1,right_lane,nop,False,nan,40,0,21.018957345971565,5.999999999999998,0.0,7.564529497176409,56.50000000000002,40.0,16.500000000000007,nan,0.0,0,0,0,0,1.0,2.0,13.0,24.0
816,1,right_lane,nop,False,nan,40,0,23.143957345971554,23.333333333333336,0.0,23.126365959644318,48.833333333333336,40.0,8.83333333333333,nan,0.0,0,0,0,0,13.0,4.0,23.0,0.0
817,1,right_lane,nop,False,nan,40,0,22.25032874934872,13.33333333333333,0.0,12.675590346567333,53.333333333333336,40.0,13.333333333333334,nan,0.0,0,0,0,0,3.0,4.0,20.0,13.0
818,1,right_lane,nop,False,nan,40,0,25.018914804619165,30.999999999999996,0.0,30.42793357372284,44.5,40.0,4.5,nan,0.0,0,0,0,0,25.0,5.0,6.0,4.0
819,1,right_lane,nop,False,nan,40,0,21.018957345971565,4.000000000000001,0.0,4.628785288559698,57.66666666666668,40.0,17.666666666666664,nan,0.0,0,0,0,0,0.0,2.0,8.0,30.0
820,1,right_lane,nop,False,nan,40,0,20.75000570101725,35.333333333333336,0.0,34.566210240125656,42.166666666666664,40.0,2.1666666666666665,nan,0.0,0,0,0,0,32.0,6.0,1.0,1.0
821,1,right_lane,nop,False,nan,40,0,21.893956694084608,16.66666666666666,0.0,18.549158271867782,51.99999999999996,40.0,11.999999999999988,nan,0.0,0,0,0,0,0.0,21.0,8.0,11.0
822,1,right_lane,nop,False,nan,40,0,23.768956694084235,28.000000000000014,0.0,29.283333837985992,45.999999999999986,40.0,6.000000000000002,nan,0.0,0,0,0,0,6.0,32.0,2.0,0.0
823,1,right_lane,nop,False,nan,40,0,20.768957345971565,10.666666666666668,0.0,11.042397359386086,54.33333333333336,40.0,14.33333333333334,nan,0.0,0,0,0,0,0.0,1.0,32.0,7.0
824,1,right_lane,nop,False,nan,40,0,20.768957345971565,26.66666666666668,0.0,27.73574947565794,46.999999999999986,40.0,7.0000000000000036,nan,0.0,0,0,0,0,1.0,37.0,1.0,1.0
825,1,right_lane,nop,False,nan,40,0,23.766788904180792,13.333333333333325,0.0,13.211590614169836,53.33333333333333,40.0,13.333333333333332,nan,0.0,0,0,0,0,1.0,8.0,22.0,9.0
826,1,right_lane,nop,False,nan,40,0,22.266789568886452,28.33333333333335,0.0,29.937395066022873,45.83333333333332,40.0,5.833333333333335,nan,0.0,0,0,0,0,5.0,34.0,1.0,0.0
827,1,right_lane,nop,False,nan,40,0,21.12749644062177,18.66666666666666,0.0,18.979868665337563,50.500000000000014,40.0,10.500000000000002,nan,0.0,0,0,0,0,3.0,14.0,19.0,4.0
828,1,right_lane,nop,False,nan,40,0,22.143957345971565,29.000000000000004,0.0,27.886022955179214,45.666666666666664,40.0,5.666666666666667,nan,0.0,0,0,0,0,14.0,18.0,7.0,1.0
829,1,right_lane,nop,False,nan,40,0,22.268957345971565,13.33333333333334,0.0,12.436643570661545,53.16666666666669,40.0,13.166666666666673,nan,0.0,0,0,0,0,0.0,4.0,33.0,3.0
830,1,right_lane,nop,False,nan,40,0,22.01891901715702,11.666666666666663,0.0,12.890512786398176,54.33333333333332,40.0,14.33333333333333,nan,0.0,0,0,0,0,0.0,9.0,17.0,14.0
831,1,right_lane,nop,False,nan,40,0,21.893957345775075,22.0,0.0,22.735536724328995,48.99999999999998,40.0,9.0,nan,0.0,0,0,0,0,3.0,22.0,11.0,4.0
832,1,right_lane,nop,False,nan,40,0,22.268957345971565,18.666666666666657,0.0,20.00750345736742,50.33333333333334,40.0,10.333333333333334,nan,0.0,0,0,0,0,11.0,7.0,12.0,10.0
833,1,right_lane,nop,False,nan,40,0,21.643957247107203,33.33333333333333,0.0,33.429209023714066,43.66666666666666,40.0,3.666666666666666,nan,0.0,0,0,0,0,23.0,15.0,2.0,0.0
834,1,right_lane,nop,False,nan,40,0,23.23137139210653,7.000000000000001,0.0,7.440866595716216,56.666666666666664,40.0,16.666666666666668,nan,0.0,0,0,0,0,1.0,2.0,11.0,26.0
835,1,right_lane,nop,False,nan,40,0,23.877168441990722,22.666666666666668,0.0,23.111412048339844,48.49999999999999,40.0,8.499999999999998,nan,0.0,0,0,0,0,12.0,10.0,13.0,5.0
836,1,right_lane,nop,False,nan,3,1,25.0,1.0,0.0,1.5809522867202759,3.666666666666667,3.0,0.6666666666666666,nan,0.0,0,0,0,0,0.0,2.0,1.0,0.0
837,1,right_lane,nop,False,nan,40,0,22.0189573459419,18.333333333333336,0.0,18.635162200778723,51.000000000000014,40.0,11.000000000000002,nan,0.0,0,0,0,0,8.0,3.0,26.0,3.0
838,1,right_lane,nop,False,nan,40,0,20.768957345971565,21.999999999999993,0.0,20.95164018124342,49.333333333333314,40.0,9.333333333333329,nan,0.0,0,0,0,0,11.0,8.0,16.0,5.0
839,1,right_lane,nop,False,nan,30,1,20.691943127962084,12.66666666666667,0.0,11.675456523895264,38.5,30.0,8.499999999999998,nan,0.0,0,0,0,0,3.0,3.0,24.0,0.0
840,1,right_lane,nop,False,nan,40,0,21.893957345971565,29.0,0.0,28.350024491548538,45.66666666666667,40.0,5.666666666666665,nan,0.0,0,0,0,0,13.0,20.0,7.0,0.0
841,1,right_lane,nop,False,nan,40,0,22.018957345971565,40.0,0.0,37.99673688411713,40.0,40.0,0.0,nan,0.0,0,0,0,0,40.0,0.0,0.0,0.0
842,1,right_lane,nop,False,nan,39,1,22.692307793707037,7.33333333333333,0.0,7.1349538856884465,54.5,39.0,15.5,nan,0.0,0,0,0,0,0.0,0.0,21.0,18.0
843,1,right_lane,nop,False,nan,40,0,20.393957345971565,12.666666666666671,0.0,12.027868077158928,53.66666666666669,40.0,13.666666666666673,nan,0.0,0,0,0,0,0.0,0.0,38.0,2.0
844,1,right_lane,nop,False,nan,40,0,22.39367188843741,3.3333333333333335,0.0,4.756447440478951,58.166666666666686,40.0,18.166666666666664,nan,0.0,0,0,0,0,0.0,0.0,11.0,29.0
845,1,right_lane,nop,False,nan,40,0,21.393957345971565,34.666666666666664,0.0,35.10138798877597,42.66666666666667,40.0,2.666666666666667,nan,0.0,0,0,0,0,32.0,3.0,3.0,2.0
846,1,right_lane,nop,False,nan,40,0,20.768957345971565,38.666666666666664,0.0,36.94281458854675,41.16666666666667,40.0,1.1666666666666665,nan,0.0,0,0,0,0,36.0,4.0,0.0,0.0
847,1,right_lane,nop,False,nan,40,0,24.018956692569674,30.666666666666686,0.0,30.667127907276154,44.49999999999999,40.0,4.499999999999999,nan,0.0,0,0,0,0,13.0,26.0,1.0,0.0
848,1,right_lane,nop,False,nan,40,0,21.125000750751244,21.33333333333332,0.0,21.475423373281956,49.50000000000001,40.0,9.5,nan,0.0,0,0,0,0,9.0,13.0,10.0,8.0
849,1,right_lane,nop,False,nan,40,0,21.858539094679937,18.0,0.0,18.139888919889927,51.00000000000001,40.0,11.000000000000002,nan,0.0,0,0,0,0,2.0,14.0,19.0,5.0
850,1,right_lane,nop,False,nan,40,0,22.51650409858516,21.33333333333333,0.0,19.91060622036457,49.33333333333332,40.0,9.33333333333333,nan,0.0,0,0,0,0,12.0,2.0,21.0,5.0
851,1,right_lane,nop,False,nan,40,0,20.518957345971565,1.3333333333333333,0.0,2.0221265721484087,58.83333333333333,40.0,18.833333333333332,nan,0.0,0,0,0,0,0.0,0.0,4.0,36.0
852,1,right_lane,nop,False,nan,40,0,23.018957344257107,16.999999999999996,0.0,17.956531416624784,51.6666666666667,40.0,11.666666666666671,nan,0.0,0,0,0,0,0.0,19.0,13.0,8.0
853,1,right_lane,nop,False,nan,14,1,22.500939279611064,1.9999999999999998,0.0,1.740801636944525,20.0,14.0,5.999999999999999,nan,0.0,0,0,0,0,0.0,0.0,5.0,9.0
854,1,right_lane,nop,False,nan,40,0,23.268957345971565,23.999999999999993,0.0,24.170632481575012,48.00000000000002,40.0,7.999999999999998,nan,0.0,0,0,0,0,15.0,9.0,11.0,5.0
855,1,right_lane,nop,False,nan,40,0,21.766504197227658,1.0,0.0,2.0902567269513384,59.33333333333333,40.0,19.333333333333332,nan,0.0,0,0,0,0,0.0,0.0,4.0,36.0
856,1,right_lane,nop,False,nan,40,0,20.518957345971565,6.0,0.0,7.3381460681557655,57.33333333333334,40.0,17.333333333333332,nan,0.0,0,0,0,0,0.0,2.0,13.0,25.0
857,1,right_lane,nop,False,nan,40,0,22.14395164518009,30.66666666666667,0.0,30.654794976115227,44.833333333333336,40.0,4.833333333333333,nan,0.0,0,0,0,0,12.0,26.0,1.0,1.0
858,1,right_lane,nop,False,nan,40,0,21.983867844032495,13.000000000000007,0.0,13.324508544057608,53.166666666666664,40.0,13.166666666666664,nan,0.0,0,0,0,0,2.0,5.0,24.0,9.0
859,1,right_lane,nop,False,nan,40,0,21.018957345971565,6.999999999999997,0.0,8.925642535090446,56.333333333333336,40.0,16.333333333333336,nan,0.0,0,0,0,0,1.0,1.0,19.0,19.0
860,1,right_lane,nop,False,nan,40,0,20.643957345971565,1.0,0.0,2.5124682437744923,59.5,40.0,19.5,nan,0.0,0,0,0,0,1.0,1.0,1.0,37.0
861,1,right_lane,nop,False,nan,40,0,21.35858238674993,8.999999999999998,0.0,9.907069277018309,55.66666666666668,40.0,15.666666666666671,nan,0.0,0,0,0,0,0.0,3.0,22.0,15.0
862,1,right_lane,nop,False,nan,40,0,20.893957345971565,9.666666666666666,0.0,9.497015666216612,55.1666666666667,40.0,15.166666666666675,nan,0.0,0,0,0,0,0.0,0.0,28.0,12.0
863,1,right_lane,nop,False,nan,40,0,24.016461004214154,25.999999999999996,0.0,25.579701451547862,47.333333333333336,40.0,7.333333333333336,nan,0.0,0,0,0,0,19.0,8.0,4.0,9.0
864,1,right_lane,nop,False,nan,30,1,23.688614557825293,14.999999999999998,0.0,15.271133964881301,37.166666666666664,30.0,7.166666666666667,nan,0.0,0,0,0,0,6.0,10.0,6.0,8.0
865,1,right_lane,nop,False,nan,40,0,23.518957345971565,34.0,0.0,34.1172211766243,43.16666666666665,40.0,3.1666666666666656,nan,0.0,0,0,0,0,22.0,18.0,0.0,0.0
866,1,right_lane,nop,False,nan,40,0,22.018957345971565,13.666666666666668,0.0,13.05005234949499,53.33333333333334,40.0,13.333333333333337,nan,0.0,0,0,0,0,6.0,4.0,13.0,17.0
867,1,right_lane,nop,False,nan,40,0,22.893957345971554,19.33333333333332,0.0,19.70179079929676,50.00000000000002,40.0,10.000000000000002,nan,0.0,0,0,0,0,10.0,7.0,16.0,7.0
868,1,right_lane,nop,False,nan,40,0,24.51891395503721,27.666666666666675,0.0,27.269467890262604,46.33333333333333,40.0,6.333333333333335,nan,0.0,0,0,0,0,16.0,13.0,7.0,4.0
869,1,right_lane,nop,False,nan,40,0,22.643957345971565,32.000000000000014,0.0,31.57623426616192,43.833333333333336,40.0,3.833333333333333,nan,0.0,0,0,0,0,21.0,14.0,4.0,1.0
870,1,right_lane,nop,False,nan,40,0,21.393957345971565,8.999999999999998,0.0,8.557724446291104,55.50000000000002,40.0,15.500000000000005,nan,0.0,0,0,0,0,0.0,1.0,25.0,14.0
871,1,right_lane,nop,False,nan,40,0,21.518957345745797,8.33333333333333,0.0,8.859640423208475,55.833333333333364,40.0,15.833333333333341,nan,0.0,0,0,0,0,0.0,0.0,24.0,16.0
872,1,right_lane,nop,False,nan,40,0,22.497875600860247,30.333333333333343,0.0,31.090801998972893,44.99999999999999,40.0,5.0,nan,0.0,0,0,0,0,12.0,26.0,1.0,1.0
873,1,right_lane,nop,False,nan,40,0,22.50000000002973,28.66666666666667,0.0,29.719412922859192,45.83333333333334,40.0,5.833333333333332,nan,0.0,0,0,0,0,9.0,28.0,2.0,1.0
874,1,right_lane,nop,False,nan,40,0,22.000043292099726,14.666666666666664,0.0,14.35010779928416,52.66666666666668,40.0,12.666666666666671,nan,0.0,0,0,0,0,4.0,1.0,28.0,7.0
875,1,right_lane,nop,False,nan,40,0,23.125000013019168,9.33333333333333,0.0,9.373500857967883,55.16666666666667,40.0,15.166666666666668,nan,0.0,0,0,0,0,2.0,3.0,17.0,18.0
876,1,right_lane,nop,False,nan,40,0,21.643957345971494,9.666666666666668,0.0,10.737894845660776,55.000000000000014,40.0,15.000000000000004,nan,0.0,0,0,0,0,1.0,7.0,14.0,18.0
877,1,right_lane,nop,False,nan,40,0,21.893671802817998,31.000000000000025,0.0,32.09920737147331,44.66666666666666,40.0,4.666666666666666,nan,0.0,0,0,0,0,14.0,25.0,1.0,0.0
878,1,right_lane,nop,False,nan,40,0,24.393957345971565,15.666666666666675,0.0,15.536203934811056,52.00000000000003,40.0,12.000000000000005,nan,0.0,0,0,0,0,9.0,3.0,16.0,12.0
879,1,right_lane,nop,False,nan,40,0,21.981414695510452,31.000000000000007,0.0,30.35337182879448,44.83333333333333,40.0,4.833333333333334,nan,0.0,0,0,0,0,18.0,17.0,5.0,0.0
880,1,right_lane,nop,False,nan,40,0,21.143957345971565,30.00000000000002,0.0,30.903021156787872,44.83333333333332,40.0,4.833333333333333,nan,0.0,0,0,0,0,11.0,29.0,0.0,0.0
881,1,right_lane,nop,False,nan,40,0,21.143957345971565,36.333333333333336,0.0,34.961258083581924,42.0,40.0,2.0,nan,0.0,0,0,0,0,30.0,8.0,2.0,0.0
882,1,right_lane,nop,False,nan,40,0,21.768957345971565,35.666666666666664,0.0,35.08511581271887,42.166666666666664,40.0,2.1666666666666665,nan,0.0,0,0,0,0,33.0,1.0,3.0,3.0
883,1,right_lane,nop,False,nan,40,0,23.375000750751234,24.0,0.0,25.094594037160277,47.999999999999986,40.0,8.000000000000005,nan,0.0,0,0,0,0,8.0,22.0,4.0,6.0
884,1,right_lane,nop,False,nan,40,0,24.89395734597149,19.333333333333336,0.0,19.638337208423764,50.16666666666667,40.0,10.166666666666666,nan,0.0,0,0,0,0,5.0,14.0,13.0,8.0
885,1,right_lane,nop,False,nan,40,0,22.893671875447968,19.333333333333332,0.0,18.170892767608166,50.16666666666665,40.0,10.166666666666663,nan,0.0,0,0,0,0,9.0,6.0,18.0,7.0
886,1,right_lane,nop,False,nan,40,0,24.018957345745726,29.999999999999993,0.0,29.323527544736862,45.00000000000002,40.0,4.999999999999999,nan,0.0,0,0,0,0,23.0,7.0,8.0,2.0
887,1,right_lane,nop,False,nan,40,0,21.018957345971565,32.33333333333333,0.0,31.257760882377625,44.16666666666667,40.0,4.166666666666665,nan,0.0,0,0,0,0,19.0,18.0,2.0,1.0
888,1,right_lane,nop,False,nan,40,0,21.018957345971565,39.33333333333333,0.0,37.103027522563934,40.333333333333336,40.0,0.3333333333333333,nan,0.0,0,0,0,0,37.0,3.0,0.0,0.0
889,1,right_lane,nop,False,nan,40,0,25.018957345971565,19.99999999999999,0.0,20.841954357922077,49.50000000000001,40.0,9.5,nan,0.0,0,0,0,0,12.0,4.0,17.0,7.0
890,1,right_lane,nop,False,nan,40,0,20.893957345971565,28.000000000000014,0.0,27.633368015289307,46.333333333333314,40.0,6.333333333333336,nan,0.0,0,0,0,0,7.0,29.0,4.0,0.0
891,1,right_lane,nop,False,nan,40,0,21.768951645176234,33.33333333333334,0.0,32.85163789987564,43.16666666666668,40.0,3.166666666666667,nan,0.0,0,0,0,0,29.0,4.0,6.0,1.0
892,1,right_lane,nop,False,nan,40,0,23.268957234088038,24.999999999999993,0.0,26.049584615859203,47.833333333333336,40.0,7.833333333333332,nan,0.0,0,0,0,0,7.0,25.0,3.0,5.0
893,1,right_lane,nop,False,nan,40,0,22.64362859681504,8.999999999999998,0.0,10.500595811754465,55.333333333333336,40.0,15.333333333333334,nan,0.0,0,0,0,0,0.0,8.0,10.0,22.0
894,1,right_lane,nop,False,nan,40,0,21.89395659693478,21.66666666666666,0.0,22.60688764974475,48.83333333333335,40.0,8.833333333333332,nan,0.0,0,0,0,0,17.0,4.0,8.0,11.0
895,1,right_lane,nop,False,nan,40,0,23.268957331238006,17.0,0.0,17.5795857328485,51.999999999999986,40.0,11.999999999999996,nan,0.0,0,0,0,0,12.0,2.0,11.0,15.0
896,1,right_lane,nop,False,nan,40,0,22.26895164495381,19.333333333333336,0.0,19.695025192108005,50.333333333333336,40.0,10.333333333333334,nan,0.0,0,0,0,0,16.0,2.0,6.0,16.0
897,1,right_lane,nop,False,nan,40,0,21.643957345971565,9.333333333333334,0.0,9.552069160272367,55.000000000000014,40.0,15.000000000000004,nan,0.0,0,0,0,0,0.0,4.0,19.0,17.0
898,1,right_lane,nop,False,nan,40,0,20.518957345968165,11.333333333333334,0.0,12.265041545033455,54.16666666666666,40.0,14.166666666666666,nan,0.0,0,0,0,0,0.0,8.0,18.0,14.0
899,1,right_lane,nop,False,nan,40,0,22.12500075075124,23.000000000000014,0.0,23.50654086470604,48.83333333333333,40.0,8.83333333333333,nan,0.0,0,0,0,0,9.0,13.0,17.0,1.0
900,1,right_lane,nop,False,nan,40,0,22.393957344035762,12.666666666666668,0.0,12.411497777298791,53.83333333333333,40.0,13.833333333333332,nan,0.0,0,0,0,0,3.0,9.0,9.0,19.0
901,1,right_lane,nop,False,nan,40,0,22.268957345971497,21.99999999999999,0.0,21.388718463480473,48.50000000000001,40.0,8.499999999999998,nan,0.0,0,0,0,0,14.0,5.0,15.0,6.0
902,1,right_lane,nop,False,nan,40,0,21.268957345971565,32.000000000000014,0.0,32.99307602643967,44.5,40.0,4.499999999999999,nan,0.0,0,0,0,0,17.0,22.0,1.0,0.0
903,1,right_lane,nop,False,nan,40,0,21.768957345971565,19.333333333333325,0.0,19.26125693321228,49.833333333333364,40.0,9.833333333333332,nan,0.0,0,0,0,0,7.0,7.0,24.0,2.0
904,1,right_lane,nop,False,nan,40,0,22.0167896532434,30.000000000000018,0.0,30.041827768087387,45.33333333333331,40.0,5.333333333333334,nan,0.0,0,0,0,0,14.0,22.0,2.0,2.0
905,1,right_lane,nop,False,nan,40,0,24.018957345968165,26.000000000000014,0.0,27.551274332101457,46.999999999999986,40.0,7.000000000000004,nan,0.0,0,0,0,0,6.0,29.0,2.0,3.0
906,1,right_lane,nop,False,nan,40,0,23.356043405005444,25.000000000000007,0.0,25.996456251479685,47.50000000000001,40.0,7.499999999999998,nan,0.0,0,0,0,0,9.0,22.0,3.0,6.0
907,1,right_lane,nop,False,nan,40,0,21.018957345971565,22.999999999999996,0.0,23.153399646282196,48.16666666666667,40.0,8.166666666666666,nan,0.0,0,0,0,0,11.0,14.0,9.0,6.0
908,1,right_lane,nop,False,nan,40,0,22.018957345971508,19.66666666666666,0.0,18.942627169191837,50.166666666666686,40.0,10.166666666666668,nan,0.0,0,0,0,0,11.0,2.0,25.0,2.0
909,1,right_lane,nop,False,nan,40,0,21.143957334666844,18.333333333333332,0.0,19.99827762786299,51.166666666666636,40.0,11.166666666666655,nan,0.0,0,0,0,0,1.0,23.0,5.0,11.0
910,1,right_lane,nop,False,nan,40,0,25.24754760222913,22.333333333333332,0.0,22.128143873266595,48.833333333333336,40.0,8.833333333333334,nan,0.0,0,0,0,0,16.0,5.0,8.0,11.0
911,1,right_lane,nop,False,nan,40,0,24.124671263666613,21.000000000000007,0.0,20.970856156898662,49.33333333333333,40.0,9.333333333333329,nan,0.0,0,0,0,0,7.0,15.0,11.0,7.0
912,1,right_lane,nop,False,nan,40,0,21.641461545961693,30.333333333333343,0.0,29.515129059553146,44.999999999999986,40.0,5.000000000000001,nan,0.0,0,0,0,0,16.0,18.0,6.0,0.0
913,1,right_lane,nop,False,nan,40,0,21.768957345971565,39.33333333333333,0.0,39.04338389635086,40.5,40.0,0.5,nan,0.0,0,0,0,0,37.0,3.0,0.0,0.0
914,1,right_lane,nop,False,nan,40,0,22.393957345971565,39.333333333333336,0.0,38.97883915901184,40.333333333333336,40.0,0.3333333333333333,nan,0.0,0,0,0,0,38.0,2.0,0.0,0.0
915,1,right_lane,nop,False,nan,40,0,21.393957345971046,8.333333333333334,0.0,10.474143385887146,55.33333333333333,40.0,15.333333333333334,nan,0.0,0,0,0,0,3.0,7.0,5.0,25.0
916,1,right_lane,nop,False,nan,16,1,20.98489336492874,3.3333333333333335,0.0,4.244542986154556,22.33333333333333,16.0,6.333333333333332,nan,0.0,0,0,0,0,0.0,1.0,10.0,5.0
917,1,right_lane,nop,False,nan,11,1,23.25073325437933,2.333333333333333,0.0,2.2474629133939743,15.500000000000002,11.0,4.5,nan,0.0,0,0,0,0,0.0,0.0,7.0,4.0
918,1,right_lane,nop,False,nan,40,0,20.891789654732086,3.0,0.0,3.517970807850361,58.33333333333333,40.0,18.333333333333336,nan,0.0,0,0,0,0,0.0,0.0,9.0,31.0
919,1,right_lane,nop,False,nan,11,1,24.159841805751753,10.333333333333332,0.0,10.338852405548096,11.833333333333334,11.0,0.8333333333333333,nan,0.0,0,0,0,0,9.0,2.0,0.0,0.0
920,1,right_lane,nop,False,nan,40,0,22.393957345971565,0.6666666666666666,0.0,1.110857113066686,59.166666666666664,40.0,19.166666666666664,nan,0.0,0,0,0,0,0.0,0.0,3.0,37.0
921,1,right_lane,nop,False,nan,40,0,23.127496440617854,9.999999999999996,0.0,10.02747212592817,55.333333333333336,40.0,15.333333333333337,nan,0.0,0,0,0,0,0.0,3.0,22.0,15.0
922,1,right_lane,nop,False,nan,40,0,21.893957345971565,4.0,0.0,4.644844585895498,57.83333333333333,40.0,17.833333333333332,nan,0.0,0,0,0,0,0.0,3.0,5.0,32.0
923,1,right_lane,nop,False,nan,40,0,22.018957345971565,5.666666666666665,0.0,6.195277964696288,57.16666666666669,40.0,17.166666666666668,nan,0.0,0,0,0,0,0.0,1.0,16.0,23.0
924,1,right_lane,nop,False,nan,10,1,25.499997392452475,1.6666666666666665,0.0,2.0060914311325178,14.0,10.0,4.0,nan,0.0,0,0,0,0,0.0,1.0,4.0,5.0
925,1,right_lane,nop,False,nan,40,0,23.268957345971494,34.99999999999999,0.0,34.648536413908005,43.0,40.0,2.999999999999999,nan,0.0,0,0,0,0,24.0,15.0,1.0,0.0
926,1,right_lane,nop,False,nan,40,0,21.50249644062177,28.000000000000014,0.0,29.075914084911346,45.999999999999986,40.0,6.000000000000002,nan,0.0,0,0,0,0,4.0,36.0,0.0,0.0
927,1,right_lane,nop,False,nan,40,0,21.143957345971565,30.33333333333334,0.0,30.656935021281242,44.5,40.0,4.5,nan,0.0,0,0,0,0,20.0,13.0,6.0,1.0
928,1,right_lane,nop,False,nan,40,0,22.018957345971565,13.666666666666675,0.0,13.942581226772745,53.16666666666669,40.0,13.166666666666673,nan,0.0,0,0,0,0,5.0,7.0,14.0,14.0
929,1,right_lane,nop,False,nan,40,0,23.393957345971565,28.333333333333332,0.0,27.017953723669052,46.16666666666666,40.0,6.166666666666667,nan,0.0,0,0,0,0,15.0,14.0,9.0,2.0
930,1,right_lane,nop,False,nan,3,1,25.0,1.0,0.0,1.8440300822257996,3.5,3.0,0.5,nan,0.0,0,0,0,0,1.0,1.0,1.0,0.0
931,1,right_lane,nop,False,nan,40,0,23.0189573329563,35.33333333333333,0.0,34.109951078891754,42.833333333333336,40.0,2.8333333333333326,nan,0.0,0,0,0,0,26.0,13.0,1.0,0.0
932,1,right_lane,nop,False,nan,40,0,21.018914152736198,32.00000000000001,0.0,31.665977030992508,43.833333333333314,40.0,3.8333333333333317,nan,0.0,0,0,0,0,23.0,10.0,6.0,1.0
933,1,right_lane,nop,False,nan,40,0,20.268957345971565,7.9999999999999964,0.0,9.329846128821373,55.66666666666668,40.0,15.66666666666667,nan,0.0,0,0,0,0,0.0,0.0,24.0,16.0
934,1,right_lane,nop,False,nan,40,0,21.893957345971565,39.0,0.0,37.497524589300156,41.0,40.0,0.9999999999999999,nan,0.0,0,0,0,0,36.0,3.0,1.0,0.0
935,1,right_lane,nop,False,nan,40,0,21.875328738074167,5.666666666666665,0.0,6.522259437479079,56.833333333333336,40.0,16.833333333333332,nan,0.0,0,0,0,0,0.0,1.0,16.0,23.0
936,1,right_lane,nop,False,nan,40,0,22.3774957885384,15.333333333333348,0.0,13.646126180887222,52.333333333333364,40.0,12.333333333333336,nan,0.0,0,0,0,0,0.0,7.0,31.0,2.0
937,1,right_lane,nop,False,nan,40,0,22.893957345971565,28.666666666666686,0.0,29.91681444644928,45.83333333333332,40.0,5.833333333333335,nan,0.0,0,0,0,0,10.0,27.0,3.0,0.0
938,1,right_lane,nop,False,nan,40,0,25.393919741840183,32.666666666666664,0.0,31.464024551212788,43.833333333333336,40.0,3.833333333333333,nan,0.0,0,0,0,0,24.0,9.0,6.0,1.0
939,1,right_lane,nop,False,nan,40,0,20.768957345971565,38.66666666666667,0.0,36.81663340330124,40.66666666666667,40.0,0.6666666666666666,nan,0.0,0,0,0,0,35.0,5.0,0.0,0.0
940,1,right_lane,nop,False,nan,40,0,23.266789654731504,33.000000000000014,0.0,32.905070424079895,43.33333333333332,40.0,3.333333333333332,nan,0.0,0,0,0,0,19.0,21.0,0.0,0.0
941,1,right_lane,nop,False,nan,40,0,20.268957345971565,17.666666666666664,0.0,18.021942108869553,51.0,40.0,11.0,nan,0.0,0,0,0,0,0.0,17.0,20.0,3.0
942,1,right_lane,nop,False,nan,40,0,24.518957345968154,19.333333333333332,0.0,20.671306887990795,50.499999999999964,40.0,10.499999999999991,nan,0.0,0,0,0,0,5.0,18.0,8.0,9.0
943,1,right_lane,nop,False,nan,40,0,23.01895239570216,35.666666666666664,0.0,35.1336320489645,42.33333333333333,40.0,2.333333333333333,nan,0.0,0,0,0,0,30.0,5.0,4.0,1.0
944,1,right_lane,nop,False,nan,40,0,21.518957345971565,3.0,0.0,4.654434300260618,58.0,40.0,18.0,nan,0.0,0,0,0,0,0.0,0.0,10.0,30.0
945,1,right_lane,nop,False,nan,40,0,20.518957345971565,23.999999999999982,0.0,23.606747016310692,48.16666666666669,40.0,8.166666666666664,nan,0.0,0,0,0,0,12.0,11.0,16.0,1.0
946,1,right_lane,nop,False,nan,40,0,22.75000001301918,29.333333333333336,0.0,29.33851932734251,45.5,40.0,5.5,nan,0.0,0,0,0,0,16.0,17.0,6.0,1.0
947,1,right_lane,nop,False,nan,17,1,21.80931140228468,5.999999999999999,0.0,4.770350858569145,22.499999999999996,17.0,5.499999999999999,nan,0.0,0,0,0,0,0.0,0.0,16.0,1.0
948,1,right_lane,nop,False,nan,40,0,22.768957345971565,38.666666666666664,0.0,37.712354600429535,40.833333333333336,40.0,0.8333333333333333,nan,0.0,0,0,0,0,36.0,2.0,1.0,1.0
949,1,right_lane,nop,False,nan,40,0,22.018957345971565,38.33333333333334,0.0,37.21610635519028,40.83333333333334,40.0,0.8333333333333333,nan,0.0,0,0,0,0,35.0,5.0,0.0,0.0
950,1,right_lane,nop,False,nan,40,0,23.89363428481311,29.333333333333346,0.0,29.616599522531033,45.16666666666665,40.0,5.166666666666667,nan,0.0,0,0,0,0,11.0,25.0,3.0,1.0
951,1,right_lane,nop,False,nan,40,0,22.768957345971565,9.0,0.0,10.38430218747817,55.16666666666667,40.0,15.166666666666668,nan,0.0,0,0,0,0,4.0,3.0,9.0,24.0
952,1,right_lane,nop,False,nan,40,0,21.268957345971565,10.0,0.0,10.555904356064275,55.166666666666664,40.0,15.166666666666668,nan,0.0,0,0,0,0,0.0,7.0,15.0,18.0
953,1,right_lane,nop,False,nan,40,0,21.643957344257114,32.666666666666664,0.0,31.940328001976013,43.83333333333333,40.0,3.833333333333333,nan,0.0,0,0,0,0,25.0,9.0,6.0,0.0
954,1,right_lane,nop,False,nan,40,0,22.518919754889076,25.000000000000018,0.0,24.628239512443542,47.49999999999996,40.0,7.500000000000004,nan,0.0,0,0,0,0,7.0,20.0,13.0,0.0
955,1,right_lane,nop,False,nan,40,0,21.26895733298212,25.333333333333325,0.0,24.90651635825634,47.33333333333332,40.0,7.333333333333334,nan,0.0,0,0,0,0,14.0,10.0,15.0,1.0
956,1,right_lane,nop,False,nan,40,0,23.143957344253703,22.666666666666654,0.0,22.90253403352108,48.50000000000002,40.0,8.499999999999998,nan,0.0,0,0,0,0,16.0,4.0,14.0,6.0
957,1,right_lane,nop,False,nan,40,0,20.768957345971565,40.0,0.0,39.89597541093826,40.33333333333333,40.0,0.3333333333333333,nan,0.0,0,0,0,0,40.0,0.0,0.0,0.0
958,1,right_lane,nop,False,nan,40,0,21.893957345971565,12.33333333333333,0.0,12.290326052345335,53.66666666666667,40.0,13.66666666666667,nan,0.0,0,0,0,0,0.0,4.0,28.0,8.0
959,1,right_lane,nop,False,nan,40,0,24.018957345971494,17.666666666666657,0.0,18.16151844430715,50.99999999999998,40.0,10.999999999999993,nan,0.0,0,0,0,0,3.0,16.0,13.0,8.0
960,1,right_lane,nop,False,nan,40,0,21.143957345971565,8.999999999999998,0.0,9.865091865882277,55.50000000000001,40.0,15.500000000000004,nan,0.0,0,0,0,0,1.0,1.0,24.0,14.0
961,1,right_lane,nop,False,nan,40,0,21.393957345971494,22.333333333333332,0.0,22.71491753309965,49.16666666666665,40.0,9.166666666666663,nan,0.0,0,0,0,0,9.0,16.0,8.0,7.0
962,1,right_lane,nop,False,nan,40,0,21.893957345971565,38.0,0.0,35.397550731897354,41.0,40.0,0.9999999999999999,nan,0.0,0,0,0,0,34.0,4.0,1.0,1.0
963,1,right_lane,nop,False,nan,40,0,23.731371500760588,21.333333333333343,0.0,19.14392089098692,49.333333333333336,40.0,9.333333333333332,nan,0.0,0,0,0,0,8.0,7.0,23.0,2.0
964,1,right_lane,nop,False,nan,40,0,21.143957345971565,12.333333333333337,0.0,11.814084976911545,53.50000000000003,40.0,13.500000000000007,nan,0.0,0,0,0,0,1.0,2.0,31.0,6.0
965,1,right_lane,nop,False,nan,40,0,23.143956694081282,29.33333333333335,0.0,30.738446474075317,45.499999999999986,40.0,5.500000000000001,nan,0.0,0,0,0,0,8.0,32.0,0.0,0.0
966,1,right_lane,nop,False,nan,40,0,22.25249644062177,18.999999999999996,0.0,18.56806058436632,50.33333333333334,40.0,10.333333333333336,nan,0.0,0,0,0,0,4.0,11.0,23.0,2.0
967,1,right_lane,nop,False,nan,16,1,21.922393364918,0.3333333333333333,0.0,1.1743466055486351,23.666666666666664,16.0,7.666666666666666,nan,0.0,0,0,0,0,0.0,1.0,1.0,14.0
968,1,right_lane,nop,False,nan,31,1,24.05671915576266,7.999999999999998,0.0,8.982166568399407,42.49999999999999,31.0,11.5,nan,0.0,0,0,0,0,2.0,6.0,9.0,14.0
969,1,right_lane,nop,False,nan,4,1,28.560859461281616,3.0,0.0,2.8229329586029053,5.000000000000001,4.0,0.9999999999999999,nan,0.0,0,0,0,0,0.0,4.0,0.0,0.0
970,1,right_lane,nop,False,nan,40,0,21.643957345971565,16.33333333333333,0.0,16.29762533074245,51.666666666666636,40.0,11.666666666666659,nan,0.0,0,0,0,0,1.0,15.0,16.0,8.0
971,1,right_lane,nop,False,nan,40,0,21.518957345971565,33.66666666666668,0.0,33.20742201805115,43.16666666666665,40.0,3.1666666666666656,nan,0.0,0,0,0,0,21.0,18.0,1.0,0.0
972,1,right_lane,nop,False,nan,40,0,22.768957345971565,14.66666666666667,0.0,16.496678326977417,52.33333333333333,40.0,12.333333333333332,nan,0.0,0,0,0,0,10.0,4.0,9.0,17.0
973,1,right_lane,nop,False,nan,10,1,29.424170617016834,9.0,0.0,8.899212181568146,11.0,10.0,0.9999999999999999,nan,0.0,0,0,0,0,6.0,4.0,0.0,0.0
974,1,right_lane,nop,False,nan,40,0,22.76895733298212,16.00000000000001,0.0,16.42309709638357,51.666666666666686,40.0,11.66666666666667,nan,0.0,0,0,0,0,2.0,6.0,31.0,1.0
975,1,right_lane,nop,False,nan,40,0,23.643957345749705,35.333333333333336,0.0,33.8808559179306,42.66666666666667,40.0,2.6666666666666665,nan,0.0,0,0,0,0,27.0,11.0,2.0,0.0
976,1,right_lane,nop,False,nan,40,0,21.76895734593844,10.0,0.0,9.334079164080322,54.50000000000002,40.0,14.500000000000005,nan,0.0,0,0,0,0,0.0,0.0,30.0,10.0
977,1,right_lane,nop,False,nan,40,0,24.643957345716068,27.000000000000007,0.0,26.119178896129597,46.999999999999986,40.0,7.000000000000002,nan,0.0,0,0,0,0,16.0,13.0,4.0,7.0
978,1,right_lane,nop,False,nan,40,0,22.516789654510227,28.33333333333335,0.0,28.80500966310501,45.66666666666665,40.0,5.666666666666668,nan,0.0,0,0,0,0,6.0,32.0,1.0,1.0
979,1,right_lane,nop,False,nan,40,0,22.143957345971565,15.333333333333337,0.0,15.29887652117759,52.16666666666668,40.0,12.166666666666668,nan,0.0,0,0,0,0,4.0,8.0,20.0,8.0
980,1,right_lane,nop,False,nan,40,0,21.643957334663448,25.666666666666675,0.0,27.73860114812851,47.16666666666666,40.0,7.16666666666667,nan,0.0,0,0,0,0,0.0,38.0,2.0,0.0
981,1,right_lane,nop,False,nan,40,0,21.518957345971565,14.00000000000001,0.0,13.713670909404755,53.00000000000004,40.0,13.000000000000009,nan,0.0,0,0,0,0,0.0,7.0,28.0,5.0
982,1,right_lane,nop,False,nan,18,1,21.708794098850817,1.3333333333333333,0.0,1.2501831178968814,26.333333333333332,18.0,8.333333333333332,nan,0.0,0,0,0,0,0.0,0.0,4.0,14.0
983,1,right_lane,nop,False,nan,40,0,24.64395089423672,14.33333333333333,0.0,14.631660327780992,52.66666666666666,40.0,12.666666666666664,nan,0.0,0,0,0,0,6.0,5.0,15.0,14.0
984,1,right_lane,nop,False,nan,40,0,20.518957345971565,38.66666666666667,0.0,36.01824700832367,41.166666666666664,40.0,1.1666666666666665,nan,0.0,0,0,0,0,35.0,4.0,1.0,0.0
985,1,right_lane,nop,False,nan,40,0,22.00032874938229,19.666666666666664,0.0,20.485777117311954,49.666666666666636,40.0,9.666666666666664,nan,0.0,0,0,0,0,1.0,22.0,13.0,4.0
986,1,right_lane,nop,False,nan,40,0,21.481049105796927,27.0,0.0,25.731027632951736,47.0,40.0,7.0,nan,0.0,0,0,0,0,12.0,15.0,13.0,0.0
987,1,right_lane,nop,False,nan,40,0,22.018957345971565,25.66666666666668,0.0,27.696284294128418,46.999999999999986,40.0,7.0000000000000036,nan,0.0,0,0,0,0,2.0,34.0,4.0,0.0
988,1,right_lane,nop,False,nan,40,0,20.768957345971565,11.333333333333336,0.0,12.021801009774208,54.16666666666669,40.0,14.166666666666675,nan,0.0,0,0,0,0,0.0,2.0,31.0,7.0
989,1,right_lane,nop,False,nan,40,0,21.62500075075124,6.666666666666664,0.0,7.8798269505787175,56.50000000000001,40.0,16.500000000000004,nan,0.0,0,0,0,0,0.0,1.0,20.0,19.0
990,1,right_lane,nop,False,nan,40,0,22.3939573329529,24.666666666666657,0.0,24.056448377668858,47.66666666666668,40.0,7.666666666666665,nan,0.0,0,0,0,0,18.0,4.0,12.0,6.0
991,1,right_lane,nop,False,nan,40,0,21.393957345971565,40.0,0.0,38.963396310806274,40.5,40.0,0.5,nan,0.0,0,0,0,0,39.0,1.0,0.0,0.0
992,1,right_lane,nop,False,nan,40,0,21.018957345971494,21.0,0.0,20.494238696992397,49.5,40.0,9.499999999999998,nan,0.0,0,0,0,0,14.0,8.0,4.0,14.0
993,1,right_lane,nop,False,nan,40,0,22.643628609607998,11.666666666666666,0.0,12.662228632718325,53.666666666666664,40.0,13.666666666666666,nan,0.0,0,0,0,0,3.0,9.0,8.0,20.0
994,1,right_lane,nop,False,nan,40,0,21.51895734428684,10.333333333333334,0.0,9.364857472246513,54.833333333333364,40.0,14.833333333333343,nan,0.0,0,0,0,0,0.0,1.0,30.0,9.0
995,1,right_lane,nop,False,nan,40,0,20.518957345971565,29.333333333333332,0.0,27.150329370051622,45.833333333333336,40.0,5.833333333333334,nan,0.0,0,0,0,0,22.0,5.0,9.0,4.0
996,1,right_lane,nop,False,nan,40,0,22.893951657973492,18.333333333333332,0.0,19.304448693990707,50.33333333333335,40.0,10.333333333333334,nan,0.0,0,0,0,0,9.0,4.0,23.0,4.0
997,1,right_lane,nop,False,nan,40,0,21.518957345971565,11.333333333333336,0.0,10.914194662123919,54.50000000000003,40.0,14.500000000000009,nan,0.0,0,0,0,0,0.0,2.0,29.0,9.0
998,1,right_lane,nop,False,nan,10,1,25.999977591388454,1.6666666666666665,0.0,1.992296562413685,14.0,10.0,4.0,nan,0.0,0,0,0,0,0.0,1.0,4.0,5.0
999,1,right_lane,nop,False,nan,40,0,25.018957345970982,25.33333333333332,0.0,24.284732080996037,47.50000000000003,40.0,7.4999999999999964,nan,0.0,0,0,0,0,16.0,6.0,16.0,2.0
