episode_id,policy_freq,profile,method,value,episode_length,collision,mean_speed,lane_0_time,lane_1_time,lane_2_time,total_cost,total_avoided_cost,total_reward,total_basic_reward,total_added_reward,mean_iterations_to_converge,convergence_rate,outcome_unchanged_count,outcome_naively_augmented_count,outcome_rcps_augmented_count,outcome_projection_count
0,1,right_lane,nop,nan,40,0,24.018957345971565,30.0,2.0,8.0,31.0,0.0,50.72644412983499,46.22644412983499,4.5,nan,0.0,0,0,0,0
1,1,right_lane,nop,nan,40,0,21.375043292099726,38.0,2.0,0.0,39.0,0.0,42.50006926735248,42.00006926735248,0.5,nan,0.0,0,0,0,0
2,1,right_lane,nop,nan,3,1,28.084952045476356,0.0,1.0,2.0,1.5,0.0,4.719440899470461,3.9694408994704617,0.75,nan,0.0,0,0,0,0
3,1,right_lane,nop,nan,40,0,21.893956694084682,38.0,1.0,1.0,39.5,0.0,42.57839736132177,42.32839736132177,0.25,nan,0.0,0,0,0,0
4,1,right_lane,nop,nan,40,0,21.14363429760652,1.0,4.0,35.0,3.5,0.0,59.8766231446677,41.62662314466769,18.25,nan,0.0,0,0,0,0
5,1,right_lane,nop,nan,40,0,21.768957345971565,30.0,5.0,5.0,32.5,0.0,46.37735465020686,42.62735465020687,3.75,nan,0.0,0,0,0,0
6,1,right_lane,nop,nan,40,0,23.75249644062177,28.0,5.0,7.0,30.5,0.0,50.55091857069803,45.80091857069804,4.75,nan,0.0,0,0,0,0
7,1,right_lane,nop,nan,40,0,20.393957345971565,17.0,12.0,11.0,22.5,0.0,49.047388024710145,40.797388024710145,8.25,nan,0.0,0,0,0,0
8,1,right_lane,nop,nan,40,0,24.643956583919522,9.0,10.0,21.0,14.0,0.0,60.72570210615235,47.22570210615235,13.5,nan,0.0,0,0,0,0
9,1,right_lane,nop,nan,40,0,22.50000570101725,15.0,9.0,16.0,20.0,0.0,53.79773327065033,43.79773327065033,10.0,nan,0.0,0,0,0,0
10,1,right_lane,nop,nan,40,0,25.393957345967202,10.0,10.0,20.0,15.0,0.0,60.44995784999902,48.44995784999904,12.0,nan,0.0,0,0,0,0
11,1,right_lane,nop,nan,9,1,25.639592686973558,9.0,0.0,0.0,9.0,0.0,11.33025336731654,10.83025336731654,0.5,nan,0.0,0,0,0,0
12,1,right_lane,nop,nan,40,0,22.37532874938229,2.0,18.0,20.0,10.0,0.0,57.59615699809431,43.096156998094315,14.5,nan,0.0,0,0,0,0
13,1,right_lane,nop,nan,40,0,22.643957345971565,12.0,5.0,23.0,14.5,0.0,56.975932654030245,44.22593265403025,12.75,nan,0.0,0,0,0,0
14,1,right_lane,nop,nan,40,0,21.393957345971565,0.0,23.0,17.0,11.5,0.0,56.27941241717475,42.02941241717475,14.25,nan,0.0,0,0,0,0
15,1,right_lane,nop,nan,40,0,24.981371502275085,7.0,5.0,28.0,8.5,0.0,63.51740489849149,47.76740489849149,15.75,nan,0.0,0,0,0,0
16,1,right_lane,nop,nan,40,0,22.893957345971565,7.0,5.0,28.0,9.0,0.0,60.57310630149573,44.82310630149573,15.75,nan,0.0,0,0,0,0
17,1,right_lane,nop,nan,40,0,27.106042667044203,7.0,8.0,25.0,11.0,0.0,65.91222786464031,51.16222786464033,14.75,nan,0.0,0,0,0,0
18,1,right_lane,nop,nan,19,1,24.776752099171972,0.0,0.0,19.0,0.5,0.0,31.830331577287875,22.830331577287875,9.0,nan,0.0,0,0,0,0
19,1,right_lane,nop,nan,40,0,22.768957345971565,7.0,2.0,31.0,8.0,0.0,59.476961348448796,43.7269613484488,15.75,nan,0.0,0,0,0,0
20,1,right_lane,nop,nan,40,0,24.018957345745793,22.0,6.0,12.0,24.0,0.0,54.2266926987666,46.2266926987666,8.0,nan,0.0,0,0,0,0
21,1,right_lane,nop,nan,40,0,23.643957345716643,16.0,18.0,6.0,25.0,0.0,53.62619431280213,45.62619431280213,8.0,nan,0.0,0,0,0,0
22,1,right_lane,nop,nan,40,0,24.643628695453636,35.0,5.0,0.0,37.5,0.0,48.47862762276015,47.22862762276015,1.25,nan,0.0,0,0,0,0
23,1,right_lane,nop,nan,40,0,21.518957345971565,37.0,1.0,2.0,38.5,0.0,42.9788549986413,42.2288549986413,0.75,nan,0.0,0,0,0,0
24,1,right_lane,nop,nan,40,0,21.143957345971565,5.0,21.0,14.0,15.0,0.0,53.802124980392044,41.802124980392044,12.0,nan,0.0,0,0,0,0
25,1,right_lane,nop,nan,40,0,21.143957345971565,14.0,17.0,9.0,23.5,0.0,50.38032012982199,41.63032012982198,8.75,nan,0.0,0,0,0,0
26,1,right_lane,nop,nan,40,0,21.268957345971558,18.0,9.0,13.0,23.5,0.0,50.078471451929026,41.82847145192902,8.25,nan,0.0,0,0,0,0
27,1,right_lane,nop,nan,40,0,22.643957345971565,7.0,12.0,21.0,13.0,0.0,57.27798176956807,44.02798176956808,13.25,nan,0.0,0,0,0,0
28,1,right_lane,nop,nan,40,0,21.893957345971565,0.0,3.0,37.0,1.5,0.0,61.82828020557467,42.828280205574664,19.0,nan,0.0,0,0,0,0
29,1,right_lane,nop,nan,40,0,20.893957345971565,1.0,13.0,26.0,7.0,0.0,57.97839840434078,41.22839840434077,16.75,nan,0.0,0,0,0,0
30,1,right_lane,nop,nan,40,0,23.518957345971565,0.0,0.0,40.0,0.0,0.0,65.1803317535545,45.430331753554505,19.75,nan,0.0,0,0,0,0
31,1,right_lane,nop,nan,40,0,24.252496438907308,27.0,5.0,8.0,30.0,0.0,52.099830142514115,46.59983014251413,5.5,nan,0.0,0,0,0,0
32,1,right_lane,nop,nan,40,0,24.018957345971565,13.0,1.0,26.0,12.5,0.0,59.67542568885843,46.42542568885843,13.25,nan,0.0,0,0,0,0
33,1,right_lane,nop,nan,40,0,20.518957345971565,27.0,9.0,4.0,32.0,0.0,45.12805715019468,40.62805715019468,4.5,nan,0.0,0,0,0,0
34,1,right_lane,nop,nan,40,0,23.768957345971565,19.0,7.0,14.0,23.0,0.0,54.324310117223675,45.82431011722366,8.5,nan,0.0,0,0,0,0
35,1,right_lane,nop,nan,36,1,22.243285939968402,33.0,2.0,1.0,35.0,0.0,39.5287048496189,39.0287048496189,0.5,nan,0.0,0,0,0,0
36,1,right_lane,nop,nan,40,0,22.893957344227374,0.0,12.0,28.0,6.5,0.0,60.4275890963962,43.9275890963962,16.5,nan,0.0,0,0,0,0
37,1,right_lane,nop,nan,40,0,24.518957345971565,1.0,10.0,29.0,5.0,0.0,64.2770601974912,47.02706019749119,17.25,nan,0.0,0,0,0,0
38,1,right_lane,nop,nan,40,0,24.356042655742897,16.0,17.0,7.0,25.5,0.0,54.51709135747714,46.76709135747714,7.75,nan,0.0,0,0,0,0
39,1,right_lane,nop,nan,40,0,22.143914066891014,11.0,4.0,25.0,13.5,0.0,56.87932908077516,43.62932908077516,13.25,nan,0.0,0,0,0,0
40,1,right_lane,nop,nan,40,0,23.143957344257103,27.0,3.0,10.0,29.5,0.0,50.077013927519005,44.827013927519,5.25,nan,0.0,0,0,0,0
41,1,right_lane,nop,nan,40,0,21.89395733317816,25.0,6.0,9.0,29.0,0.0,48.32962079077853,42.829620790778534,5.5,nan,0.0,0,0,0,0
42,1,right_lane,nop,nan,40,0,22.643957345971565,15.0,6.0,19.0,18.0,0.0,55.026740011042975,44.026740011042975,11.0,nan,0.0,0,0,0,0
43,1,right_lane,nop,nan,40,0,20.893957345971565,4.0,14.0,22.0,10.5,0.0,55.47899003089371,41.228990030893705,14.25,nan,0.0,0,0,0,0
44,1,right_lane,nop,nan,40,0,23.268957345971565,10.0,21.0,9.0,20.5,0.0,55.02567438562392,45.025674385623915,10.0,nan,0.0,0,0,0,0
45,1,right_lane,nop,nan,40,0,22.768956498296195,29.0,2.0,9.0,30.5,0.0,49.22746296224554,44.22746296224554,5.0,nan,0.0,0,0,0,0
46,1,right_lane,nop,nan,40,0,22.143957345971565,4.0,10.0,26.0,9.5,0.0,58.47775917497121,43.227759174971204,15.25,nan,0.0,0,0,0,0
47,1,right_lane,nop,nan,40,0,22.268957345971565,1.0,1.0,38.0,0.5,0.0,62.678399108860894,43.4283991088609,19.25,nan,0.0,0,0,0,0
48,1,right_lane,nop,nan,40,0,25.641461656101036,18.0,6.0,16.0,21.0,0.0,58.823514341578914,48.823514341578914,10.0,nan,0.0,0,0,0,0
49,1,right_lane,nop,nan,40,0,22.768914804623083,17.0,12.0,11.0,23.0,0.0,52.48124551757306,44.23124551757306,8.25,nan,0.0,0,0,0,0
50,1,right_lane,nop,nan,40,0,22.768957345971565,27.0,5.0,8.0,30.5,0.0,49.22760331326627,44.22760331326627,5.0,nan,0.0,0,0,0,0
51,1,right_lane,nop,nan,40,0,23.893957345971565,8.0,7.0,25.0,11.5,0.0,59.77704476578495,46.027044765784964,13.75,nan,0.0,0,0,0,0
52,1,right_lane,nop,nan,40,0,21.768957345971565,4.0,6.0,30.0,6.5,0.0,59.62889429146351,42.62889429146351,17.0,nan,0.0,0,0,0,0
53,1,right_lane,nop,nan,40,0,21.51895734597105,30.0,4.0,6.0,33.0,0.0,45.978865471820384,42.228865471820384,3.75,nan,0.0,0,0,0,0
54,1,right_lane,nop,nan,40,0,22.393957345971565,18.0,13.0,9.0,25.5,0.0,50.87820672784478,43.62820672784478,7.25,nan,0.0,0,0,0,0
55,1,right_lane,nop,nan,40,0,22.893957345971565,23.0,4.0,13.0,24.0,0.0,51.9267514889048,44.4267514889048,7.5,nan,0.0,0,0,0,0
56,1,right_lane,nop,nan,40,0,22.643957345971565,10.0,15.0,15.0,17.0,0.0,55.77846193011974,44.02846193011974,11.75,nan,0.0,0,0,0,0
57,1,right_lane,nop,nan,40,0,20.768957345971565,0.0,12.0,28.0,6.0,0.0,58.02839710785258,41.02839710785258,17.0,nan,0.0,0,0,0,0
58,1,right_lane,nop,nan,40,0,20.393957345971565,0.0,0.0,40.0,0.0,0.0,60.180331753554505,40.430331753554505,19.75,nan,0.0,0,0,0,0
59,1,right_lane,nop,nan,11,1,24.614387259584337,11.0,0.0,0.0,11.0,0.0,13.330330394217107,12.830330394217107,0.5,nan,0.0,0,0,0,0
60,1,right_lane,nop,nan,40,0,23.268957345971565,7.0,6.0,27.0,9.5,0.0,59.27588243934815,44.525882439348166,14.75,nan,0.0,0,0,0,0
61,1,right_lane,nop,nan,40,0,22.768957345971565,14.0,3.0,23.0,15.0,0.0,56.72963543397625,44.22963543397625,12.5,nan,0.0,0,0,0,0
62,1,right_lane,nop,nan,40,0,23.018957345971565,32.0,8.0,0.0,35.0,0.0,47.128690413499186,44.62869041349919,2.5,nan,0.0,0,0,0,0
63,1,right_lane,nop,nan,40,0,22.018957345971565,10.0,28.0,2.0,23.0,0.0,51.52898849099734,43.028988490997335,8.5,nan,0.0,0,0,0,0
64,1,right_lane,nop,nan,40,0,21.89395724713693,25.0,3.0,12.0,27.5,0.0,49.57941546644819,42.8294154664482,6.75,nan,0.0,0,0,0,0
65,1,right_lane,nop,nan,40,0,23.143957345971565,24.0,2.0,14.0,25.5,0.0,52.07753775927818,44.82753775927819,7.25,nan,0.0,0,0,0,0
66,1,right_lane,nop,nan,40,0,22.018957345971565,12.0,12.0,16.0,18.0,0.0,54.02626293495667,43.02626293495667,11.0,nan,0.0,0,0,0,0
67,1,right_lane,nop,nan,40,0,24.26895734597155,28.0,5.0,7.0,31.0,0.0,51.12449269110794,46.62449269110793,4.5,nan,0.0,0,0,0,0
68,1,right_lane,nop,nan,40,0,24.143957345971565,12.0,26.0,2.0,25.0,0.0,53.675176524996346,46.42517652499636,7.25,nan,0.0,0,0,0,0
69,1,right_lane,nop,nan,40,0,20.393957345971565,3.0,20.0,17.0,12.5,0.0,54.177545470568646,40.42754547056864,13.75,nan,0.0,0,0,0,0
70,1,right_lane,nop,nan,40,0,22.393957345745726,9.0,26.0,5.0,21.5,0.0,52.87518791926585,43.62518791926585,9.25,nan,0.0,0,0,0,0
71,1,right_lane,nop,nan,40,0,22.50249644062177,6.0,14.0,20.0,12.0,0.0,57.55001077175851,43.80001077175852,13.75,nan,0.0,0,0,0,0
72,1,right_lane,nop,nan,40,0,24.375005701017248,36.0,4.0,0.0,38.0,0.0,48.24355581022027,46.99355581022027,1.25,nan,0.0,0,0,0,0
73,1,right_lane,nop,nan,40,0,21.643957345971565,28.0,2.0,10.0,29.0,0.0,47.87745760258482,42.62745760258482,5.25,nan,0.0,0,0,0,0
74,1,right_lane,nop,nan,40,0,21.768957345971565,4.0,2.0,34.0,4.0,0.0,60.62714366876723,42.62714366876724,18.0,nan,0.0,0,0,0,0
75,1,right_lane,nop,nan,40,0,23.893957345971565,26.0,14.0,0.0,33.0,0.0,50.02939848623349,46.02939848623348,4.0,nan,0.0,0,0,0,0
76,1,right_lane,nop,nan,40,0,22.106049105796927,31.0,7.0,2.0,34.5,0.0,45.41703749525002,43.16703749525002,2.25,nan,0.0,0,0,0,0
77,1,right_lane,nop,nan,40,0,22.393957345971565,21.0,9.0,10.0,26.5,0.0,51.279549995016495,44.02954999501649,7.25,nan,0.0,0,0,0,0
78,1,right_lane,nop,nan,40,0,21.518957345971565,24.0,7.0,9.0,28.0,0.0,48.22865712959687,42.22865712959686,6.0,nan,0.0,0,0,0,0
79,1,right_lane,nop,nan,40,0,23.75000570101725,24.0,5.0,11.0,25.5,0.0,52.54599974998916,45.79599974998916,6.75,nan,0.0,0,0,0,0
80,1,right_lane,nop,nan,40,0,24.62749644062176,17.0,6.0,17.0,21.0,0.0,57.40092960707619,47.40092960707618,10.0,nan,0.0,0,0,0,0
81,1,right_lane,nop,nan,40,0,21.891461656101036,3.0,7.0,30.0,6.5,0.0,59.52059347916507,43.02059347916508,16.5,nan,0.0,0,0,0,0
82,1,right_lane,nop,nan,40,0,24.000000013019175,10.0,3.0,27.0,12.5,0.0,60.1963114707842,46.19631147078421,14.0,nan,0.0,0,0,0,0
83,1,right_lane,nop,nan,40,0,24.393957345970982,9.0,9.0,22.0,13.0,0.0,60.274336859768844,47.024336859768844,13.25,nan,0.0,0,0,0,0
84,1,right_lane,nop,nan,40,0,22.893957345971565,25.0,1.0,14.0,26.5,0.0,51.42837714912487,44.428377149124856,7.0,nan,0.0,0,0,0,0
85,1,right_lane,nop,nan,40,0,22.393957345971565,5.0,12.0,23.0,11.0,0.0,57.62736665956175,43.62736665956175,14.0,nan,0.0,0,0,0,0
86,1,right_lane,nop,nan,40,0,22.893957345971565,0.0,10.0,30.0,5.0,0.0,61.928689472942914,44.428689472942914,17.5,nan,0.0,0,0,0,0
87,1,right_lane,nop,nan,4,1,27.313714034107267,1.0,2.0,1.0,1.5,0.0,6.46856749973276,4.96856749973276,1.5,nan,0.0,0,0,0,0
88,1,right_lane,nop,nan,40,0,23.002496440421815,18.0,6.0,16.0,21.0,0.0,53.601124060516725,44.10112406051673,9.5,nan,0.0,0,0,0,0
89,1,right_lane,nop,nan,40,0,26.0189572471072,11.0,8.0,21.0,14.0,0.0,62.36872298498976,49.618722984989766,12.75,nan,0.0,0,0,0,0
90,1,right_lane,nop,nan,40,0,21.268957345971565,2.0,12.0,26.0,8.0,0.0,58.076903807106,41.826903807106,16.25,nan,0.0,0,0,0,0
91,1,right_lane,nop,nan,40,0,22.143957345971565,9.0,15.0,16.0,17.5,0.0,54.72986073453645,43.22986073453645,11.5,nan,0.0,0,0,0,0
92,1,right_lane,nop,nan,40,0,22.64395734425711,14.0,1.0,25.0,13.5,0.0,56.77853405769822,44.02853405769822,12.75,nan,0.0,0,0,0,0
93,1,right_lane,nop,nan,40,0,21.768957345971565,8.0,26.0,6.0,22.0,0.0,52.12609693441599,42.62609693441599,9.5,nan,0.0,0,0,0,0
94,1,right_lane,nop,nan,40,0,22.893957345971565,19.0,15.0,6.0,27.5,0.0,50.67351780628822,44.42351780628822,6.25,nan,0.0,0,0,0,0
95,1,right_lane,nop,nan,40,0,22.391461004214154,5.0,3.0,32.0,7.0,0.0,60.12448201079159,43.6244820107916,16.5,nan,0.0,0,0,0,0
96,1,right_lane,nop,nan,40,0,21.268957344286836,4.0,14.0,22.0,10.0,0.0,56.32982028645124,41.82982028645123,14.5,nan,0.0,0,0,0,0
97,1,right_lane,nop,nan,40,0,24.39395164498405,9.0,3.0,28.0,11.0,0.0,61.828467037669654,46.82846703766967,15.0,nan,0.0,0,0,0,0
98,1,right_lane,nop,nan,40,0,21.018957345971565,36.0,4.0,0.0,38.5,0.0,42.178996771188736,41.428996771188736,0.75,nan,0.0,0,0,0,0
99,1,right_lane,nop,nan,40,0,23.356371306486597,10.0,12.0,18.0,15.5,0.0,57.16755109465005,45.167551094650044,12.0,nan,0.0,0,0,0,0
100,1,right_lane,nop,nan,40,0,24.893957345971565,10.0,9.0,21.0,14.5,0.0,61.02388311661479,48.02388311661479,13.0,nan,0.0,0,0,0,0
101,1,right_lane,nop,nan,40,0,23.518957345971565,13.0,4.0,23.0,14.0,0.0,57.92557941046915,45.42557941046915,12.5,nan,0.0,0,0,0,0
102,1,right_lane,nop,nan,13,1,23.135253366251842,0.0,0.0,13.0,0.0,0.0,20.930331750450954,14.430331750450957,6.5,nan,0.0,0,0,0,0
103,1,right_lane,nop,nan,40,0,24.518957345971565,7.0,6.0,27.0,9.5,0.0,62.02532129592045,46.52532129592044,15.5,nan,0.0,0,0,0,0
104,1,right_lane,nop,nan,40,0,21.516466606367043,36.0,4.0,0.0,38.0,0.0,43.22447964103576,42.22447964103575,1.0,nan,0.0,0,0,0,0
105,1,right_lane,nop,nan,40,0,22.89391975488863,14.0,7.0,19.0,16.5,0.0,55.9322408507423,44.4322408507423,11.5,nan,0.0,0,0,0,0
106,1,right_lane,nop,nan,40,0,21.518957345971565,30.0,5.0,5.0,33.5,0.0,45.97735129886789,42.22735129886788,3.75,nan,0.0,0,0,0,0
107,1,right_lane,nop,nan,40,0,24.018957345971554,14.0,7.0,19.0,16.5,0.0,57.476714485761185,46.22671448576117,11.25,nan,0.0,0,0,0,0
108,1,right_lane,nop,nan,40,0,23.37500009886436,2.0,21.0,17.0,11.5,0.0,59.44590258833365,45.19590258833365,14.25,nan,0.0,0,0,0,0
109,1,right_lane,nop,nan,40,0,22.643957345971565,0.0,10.0,30.0,5.0,0.0,61.97800347623551,44.228003476235514,17.75,nan,0.0,0,0,0,0
110,1,right_lane,nop,nan,40,0,22.643957345971565,10.0,30.0,0.0,24.5,0.0,51.77937986312345,44.02937986312345,7.75,nan,0.0,0,0,0,0
111,1,right_lane,nop,nan,40,0,21.768957345971565,40.0,0.0,0.0,39.5,0.0,42.88033175355451,42.63033175355451,0.25,nan,0.0,0,0,0,0
112,1,right_lane,nop,nan,40,0,21.018957345971565,38.0,2.0,0.0,39.0,0.0,42.17806289305796,41.428062893057955,0.75,nan,0.0,0,0,0,0
113,1,right_lane,nop,nan,40,0,22.643957345971565,32.0,3.0,5.0,34.0,0.0,47.02549197363146,44.02549197363146,3.0,nan,0.0,0,0,0,0
114,1,right_lane,nop,nan,40,0,21.018957345971565,34.0,6.0,0.0,37.5,0.0,42.67899122942999,41.42899122942999,1.25,nan,0.0,0,0,0,0
115,1,right_lane,nop,nan,40,0,22.143957345971565,1.0,2.0,37.0,1.0,0.0,62.22870484961889,43.2287048496189,19.0,nan,0.0,0,0,0,0
116,1,right_lane,nop,nan,40,0,22.643957345745793,26.0,4.0,10.0,29.0,0.0,50.026462352675104,44.026462352675104,6.0,nan,0.0,0,0,0,0
117,1,right_lane,nop,nan,40,0,25.51895734596765,17.0,6.0,17.0,19.0,0.0,58.62828458179138,48.62828458179138,10.0,nan,0.0,0,0,0,0
118,1,right_lane,nop,nan,40,0,22.018634297606518,36.0,4.0,0.0,38.0,0.0,44.27796456224596,43.02796456224596,1.25,nan,0.0,0,0,0,0
119,1,right_lane,nop,nan,40,0,22.018957345971565,8.0,15.0,17.0,16.5,0.0,55.202391535223406,43.202391535223406,12.0,nan,0.0,0,0,0,0
120,1,right_lane,nop,nan,40,0,22.14395734597149,0.0,1.0,39.0,0.5,0.0,62.47893676050451,43.22893676050451,19.25,nan,0.0,0,0,0,0
121,1,right_lane,nop,nan,40,0,25.26895723411827,11.0,20.0,9.0,20.5,0.0,58.22398541383566,48.22398541383566,10.0,nan,0.0,0,0,0,0
122,1,right_lane,nop,nan,40,0,21.268957345971565,0.0,0.0,40.0,0.0,0.0,61.5803317535545,41.830331753554496,19.75,nan,0.0,0,0,0,0
123,1,right_lane,nop,nan,40,0,22.518957345971565,18.0,4.0,18.0,20.0,0.0,54.32665358605595,43.826653586055954,10.5,nan,0.0,0,0,0,0
124,1,right_lane,nop,nan,40,0,24.893585304715835,36.0,4.0,0.0,38.0,0.0,48.62809752801491,47.62809752801491,1.0,nan,0.0,0,0,0,0
125,1,right_lane,nop,nan,40,0,23.768956496355962,5.0,11.0,24.0,10.5,0.0,60.07511049493662,45.82511049493661,14.25,nan,0.0,0,0,0,0
126,1,right_lane,nop,nan,40,0,22.643957345971565,4.0,2.0,34.0,5.0,0.0,61.52646694216729,44.02646694216729,17.5,nan,0.0,0,0,0,0
127,1,right_lane,nop,nan,40,0,21.87749644062177,34.0,2.0,4.0,35.5,0.0,45.55110663491164,42.80110663491164,2.75,nan,0.0,0,0,0,0
128,1,right_lane,nop,nan,40,0,22.018957344286836,33.0,7.0,0.0,36.5,0.0,44.973799191435994,43.22379919143599,1.75,nan,0.0,0,0,0,0
129,1,right_lane,nop,nan,40,0,23.768957345971565,0.0,30.0,10.0,15.0,0.0,58.25054120164323,46.00054120164323,12.25,nan,0.0,0,0,0,0
130,1,right_lane,nop,nan,6,1,29.040289365197854,0.0,1.0,5.0,1.0,0.0,10.468961479100143,7.968961479100143,2.5,nan,0.0,0,0,0,0
131,1,right_lane,nop,nan,40,0,21.768957345971565,0.0,20.0,20.0,9.5,0.0,57.12844525697086,42.12844525697086,15.0,nan,0.0,0,0,0,0
132,1,right_lane,nop,nan,40,0,23.877210983339204,0.0,20.0,20.0,9.5,0.0,61.25000819918117,46.00000819918117,15.25,nan,0.0,0,0,0,0
133,1,right_lane,nop,nan,40,0,21.143957345971565,9.0,2.0,29.0,9.5,0.0,56.90266219530961,41.6526621953096,15.25,nan,0.0,0,0,0,0
134,1,right_lane,nop,nan,40,0,23.393957345971565,27.0,5.0,8.0,30.5,0.0,50.47489884424829,45.22489884424829,5.25,nan,0.0,0,0,0,0
135,1,right_lane,nop,nan,40,0,20.518957345971565,3.0,36.0,1.0,21.5,0.0,49.62705810705596,40.627058107055966,9.0,nan,0.0,0,0,0,0
136,1,right_lane,nop,nan,40,0,20.768957345971565,0.0,2.0,38.0,0.5,0.0,60.52939766774115,41.02939766774115,19.5,nan,0.0,0,0,0,0
137,1,right_lane,nop,nan,32,1,22.679946558601873,21.0,11.0,0.0,27.0,0.0,38.229160814007294,35.229160814007294,3.0,nan,0.0,0,0,0,0
138,1,right_lane,nop,nan,40,0,21.143957345971565,0.0,14.0,26.0,6.5,0.0,57.37805459021686,41.12805459021686,16.25,nan,0.0,0,0,0,0
139,1,right_lane,nop,nan,40,0,21.018957345971565,40.0,0.0,0.0,40.0,0.0,41.930331753554505,41.430331753554505,0.5,nan,0.0,0,0,0,0
140,1,right_lane,nop,nan,40,0,23.018957345971565,9.0,27.0,4.0,22.5,0.0,53.12661940581036,44.62661940581035,8.5,nan,0.0,0,0,0,0
141,1,right_lane,nop,nan,15,1,23.71721958408374,10.0,5.0,0.0,13.0,0.0,18.27962355522411,17.02962355522411,1.25,nan,0.0,0,0,0,0
142,1,right_lane,nop,nan,40,0,22.627496440617865,30.0,9.0,1.0,35.0,0.0,46.00084799338386,43.50084799338386,2.5,nan,0.0,0,0,0,0
143,1,right_lane,nop,nan,40,0,22.143957345971565,10.0,24.0,6.0,22.0,0.0,52.17392451624606,43.42392451624605,8.75,nan,0.0,0,0,0,0
144,1,right_lane,nop,nan,40,0,21.143957345971565,0.0,31.0,9.0,16.0,0.0,53.63025852782158,41.63025852782158,12.0,nan,0.0,0,0,0,0
145,1,right_lane,nop,nan,40,0,26.14390835288824,11.0,10.0,19.0,15.0,0.0,61.874685639886906,49.624685639886906,12.25,nan,0.0,0,0,0,0
146,1,right_lane,nop,nan,40,0,21.268957344286388,7.0,9.0,24.0,12.0,0.0,56.32713626735766,41.82713626735767,14.5,nan,0.0,0,0,0,0
147,1,right_lane,nop,nan,40,0,22.518957345971565,1.0,11.0,28.0,6.0,0.0,60.32566333509344,43.825663335093424,16.5,nan,0.0,0,0,0,0
148,1,right_lane,nop,nan,40,0,21.393957345971565,18.0,14.0,8.0,25.5,0.0,49.77846227015944,42.02846227015944,7.75,nan,0.0,0,0,0,0
149,1,right_lane,nop,nan,40,0,22.268957345971565,0.0,22.0,18.0,11.0,0.0,57.42665269576226,43.42665269576225,14.0,nan,0.0,0,0,0,0
150,1,right_lane,nop,nan,40,0,22.268914152736198,0.0,21.0,19.0,10.5,0.0,58.17671345770094,43.42671345770095,14.75,nan,0.0,0,0,0,0
151,1,right_lane,nop,nan,40,0,24.643957345971565,17.0,8.0,15.0,21.5,0.0,56.727580481526964,47.227580481526964,9.5,nan,0.0,0,0,0,0
152,1,right_lane,nop,nan,40,0,23.268957345971565,1.0,12.0,27.0,6.5,0.0,61.77704685969129,45.02704685969129,16.75,nan,0.0,0,0,0,0
153,1,right_lane,nop,nan,3,1,25.0,0.0,1.0,2.0,1.5,0.0,4.399067077512926,3.3990670775129264,1.0,nan,0.0,0,0,0,0
154,1,right_lane,nop,nan,40,0,27.606042752888946,24.0,10.0,6.0,29.0,0.0,56.964251698622846,51.464251698622846,5.5,nan,0.0,0,0,0,0
155,1,right_lane,nop,nan,40,0,24.643957345941836,13.0,9.0,18.0,18.5,0.0,58.20284856144099,47.45284856144099,10.75,nan,0.0,0,0,0,0
156,1,right_lane,nop,nan,40,0,23.393951644953802,31.0,3.0,6.0,32.5,0.0,48.725501346904025,45.22550134690402,3.5,nan,0.0,0,0,0,0
157,1,right_lane,nop,nan,40,0,22.393957345971558,21.0,13.0,6.0,28.0,0.0,49.87608644847798,43.62608644847797,6.25,nan,0.0,0,0,0,0
158,1,right_lane,nop,nan,40,0,23.393957345971565,14.0,15.0,11.0,22.5,0.0,53.975619571209606,45.225619571209606,8.75,nan,0.0,0,0,0,0
159,1,right_lane,nop,nan,40,0,20.893957345971565,8.0,8.0,24.0,11.0,0.0,55.22666481265253,41.22666481265253,14.0,nan,0.0,0,0,0,0
160,1,right_lane,nop,nan,40,0,23.143957345971565,22.0,4.0,14.0,24.0,0.0,53.32535841256841,44.82535841256841,8.5,nan,0.0,0,0,0,0
161,1,right_lane,nop,nan,40,0,21.268957345971565,8.0,9.0,23.0,11.5,0.0,55.57664593868603,41.82664593868602,13.75,nan,0.0,0,0,0,0
162,1,right_lane,nop,nan,40,0,23.14395734596764,0.0,16.0,24.0,8.0,0.0,60.82828258369527,44.828282583695284,16.0,nan,0.0,0,0,0,0
163,1,right_lane,nop,nan,40,0,21.393957345971565,3.0,17.0,20.0,12.0,0.0,56.27653156054741,42.0265315605474,14.25,nan,0.0,0,0,0,0
164,1,right_lane,nop,nan,40,0,21.893957345971565,9.0,10.0,21.0,13.5,0.0,56.07867022618536,42.82867022618536,13.25,nan,0.0,0,0,0,0
165,1,right_lane,nop,nan,40,0,21.14395733298212,9.0,2.0,29.0,11.0,0.0,56.379410220758785,41.629410220758785,14.75,nan,0.0,0,0,0,0
166,1,right_lane,nop,nan,40,0,24.39395734403133,15.0,7.0,18.0,19.0,0.0,57.32461301405089,46.82461301405089,10.5,nan,0.0,0,0,0,0
167,1,right_lane,nop,nan,40,0,21.26895239570556,0.0,0.0,40.0,0.0,0.0,61.33032383312889,41.830323833128894,19.5,nan,0.0,0,0,0,0
168,1,right_lane,nop,nan,40,0,22.643957345971565,14.0,2.0,24.0,16.0,0.0,56.53033863095482,44.03033863095482,12.5,nan,0.0,0,0,0,0
169,1,right_lane,nop,nan,40,0,21.643957345971565,14.0,5.0,21.0,16.5,0.0,53.67515598192948,42.42515598192948,11.25,nan,0.0,0,0,0,0
170,1,right_lane,nop,nan,40,0,22.518957345971565,28.0,2.0,10.0,30.0,0.0,49.32894553615656,43.82894553615656,5.5,nan,0.0,0,0,0,0
171,1,right_lane,nop,nan,40,0,21.875043292099726,31.0,9.0,0.0,35.5,0.0,44.795461758189305,42.795461758189305,2.0,nan,0.0,0,0,0,0
172,1,right_lane,nop,nan,6,1,25.0,1.0,4.0,1.0,3.0,0.0,8.697202656339432,7.197202656339432,1.5,nan,0.0,0,0,0,0
173,1,right_lane,nop,nan,40,0,24.393957345971565,12.0,17.0,11.0,20.5,0.0,56.07593224904437,46.32593224904437,9.75,nan,0.0,0,0,0,0
174,1,right_lane,nop,nan,40,0,21.893957345971565,0.0,0.0,40.0,0.0,0.0,62.5803317535545,42.83033175355451,19.75,nan,0.0,0,0,0,0
175,1,right_lane,nop,nan,40,0,25.606042668762075,6.0,8.0,26.0,9.5,0.0,64.013626880289,48.76362688028901,15.25,nan,0.0,0,0,0,0
176,1,right_lane,nop,nan,40,0,22.75032874938228,1.0,11.0,28.0,5.5,0.0,61.84951866699453,44.59951866699452,17.25,nan,0.0,0,0,0,0
177,1,right_lane,nop,nan,37,1,22.4529268605098,28.0,5.0,4.0,30.5,0.0,44.29939412330999,40.799394123309995,3.5,nan,0.0,0,0,0,0
178,1,right_lane,nop,nan,40,0,21.768957345971565,19.0,20.0,1.0,28.5,0.0,47.62963839495996,42.12963839495996,5.5,nan,0.0,0,0,0,0
179,1,right_lane,nop,nan,40,0,23.643957345971565,35.0,5.0,0.0,38.0,0.0,47.12816781214587,45.62816781214587,1.5,nan,0.0,0,0,0,0
180,1,right_lane,nop,nan,40,0,26.73104835504568,23.0,9.0,8.0,27.5,0.0,56.81150701033362,50.56150701033362,6.25,nan,0.0,0,0,0,0
181,1,right_lane,nop,nan,40,0,23.518957345971565,15.0,19.0,6.0,24.0,0.0,53.32536083437828,45.82536083437828,7.5,nan,0.0,0,0,0,0
182,1,right_lane,nop,nan,40,0,23.143957345971565,1.0,29.0,10.0,15.0,0.0,57.57571624728836,44.825716247288376,12.75,nan,0.0,0,0,0,0
183,1,right_lane,nop,nan,40,0,23.518957345971565,27.0,5.0,8.0,30.5,0.0,50.42374010530326,45.42374010530326,5.0,nan,0.0,0,0,0,0
184,1,right_lane,nop,nan,40,0,24.87500001301918,26.0,10.0,4.0,31.0,0.0,51.84641362650251,47.59641362650251,4.25,nan,0.0,0,0,0,0
185,1,right_lane,nop,nan,40,0,25.500328749382287,34.0,2.0,4.0,35.0,0.0,51.373469458488124,48.623469458488124,2.75,nan,0.0,0,0,0,0
186,1,right_lane,nop,nan,40,0,21.643957345971565,0.0,10.0,30.0,5.0,0.0,59.627597679767554,42.62759767976755,17.0,nan,0.0,0,0,0,0
187,1,right_lane,nop,nan,40,0,22.518957345971565,11.0,26.0,3.0,23.5,0.0,52.327039604799936,43.827039604799936,8.5,nan,0.0,0,0,0,0
188,1,right_lane,nop,nan,40,0,22.268957345971565,12.0,17.0,11.0,20.0,0.0,53.17636377463832,43.42636377463832,9.75,nan,0.0,0,0,0,0
189,1,right_lane,nop,nan,40,0,23.51895724542639,16.0,13.0,11.0,23.0,0.0,54.17775035738674,45.42775035738674,8.75,nan,0.0,0,0,0,0
190,1,right_lane,nop,nan,40,0,21.018957345971565,32.0,2.0,6.0,33.0,0.0,45.17832927257721,41.42832927257721,3.75,nan,0.0,0,0,0,0
191,1,right_lane,nop,nan,40,0,22.018951644984046,31.0,2.0,7.0,32.0,0.0,47.02838807155746,43.028388071557465,4.0,nan,0.0,0,0,0,0
192,1,right_lane,nop,nan,40,0,22.143957345971565,29.0,2.0,9.0,30.5,0.0,47.97747223891172,43.22747223891172,4.75,nan,0.0,0,0,0,0
193,1,right_lane,nop,nan,40,0,23.268957345775522,0.0,17.0,23.0,8.5,0.0,60.5275076621287,45.02750766212869,15.5,nan,0.0,0,0,0,0
194,1,right_lane,nop,nan,23,1,25.685143207011013,6.0,4.0,13.0,7.5,0.0,35.52656075305014,28.02656075305014,7.5,nan,0.0,0,0,0,0
195,1,right_lane,nop,nan,40,0,23.768957345971565,5.0,3.0,32.0,6.5,0.0,62.077477439631686,45.32747743963168,16.75,nan,0.0,0,0,0,0
196,1,right_lane,nop,nan,40,0,24.999994397847114,16.0,6.0,18.0,19.5,0.0,58.54180294592701,47.79180294592701,10.75,nan,0.0,0,0,0,0
197,1,right_lane,nop,nan,40,0,21.268957345971565,33.0,4.0,3.0,35.0,0.0,44.352694426855685,41.85269442685569,2.5,nan,0.0,0,0,0,0
198,1,right_lane,nop,nan,40,0,21.500043292099726,0.0,13.0,27.0,6.0,0.0,58.69629034814078,42.19629034814078,16.5,nan,0.0,0,0,0,0
199,1,right_lane,nop,nan,40,0,22.768957345971565,40.0,0.0,0.0,40.0,0.0,44.93027160782254,44.43027160782254,0.5,nan,0.0,0,0,0,0
200,1,right_lane,nop,nan,40,0,22.393957345971565,38.0,1.0,1.0,39.5,0.0,43.8783984043395,43.6283984043395,0.25,nan,0.0,0,0,0,0
201,1,right_lane,nop,nan,40,0,21.26895724713693,12.0,3.0,25.0,13.5,0.0,55.078458395406095,41.828458395406095,13.25,nan,0.0,0,0,0,0
202,1,right_lane,nop,nan,40,0,24.016461004214154,29.0,2.0,9.0,31.0,0.0,50.723009305705375,46.22300930570537,4.5,nan,0.0,0,0,0,0
203,1,right_lane,nop,nan,40,0,23.268957345971565,0.0,10.0,30.0,4.5,0.0,62.28209315536977,45.03209315536978,17.25,nan,0.0,0,0,0,0
204,1,right_lane,nop,nan,40,0,25.643951631968786,9.0,5.0,26.0,11.5,0.0,63.07539527168626,48.825395271686254,14.25,nan,0.0,0,0,0,0
205,1,right_lane,nop,nan,40,0,25.76895734597155,25.0,15.0,0.0,32.0,0.0,53.279404411860554,49.029404411860554,4.25,nan,0.0,0,0,0,0
206,1,right_lane,nop,nan,40,0,20.268957345971565,2.0,17.0,21.0,10.5,0.0,54.97892211810756,40.228922118107555,14.75,nan,0.0,0,0,0,0
207,1,right_lane,nop,nan,40,0,25.518957345971565,11.0,7.0,22.0,14.5,0.0,61.6255443404163,48.6255443404163,13.0,nan,0.0,0,0,0,0
208,1,right_lane,nop,nan,40,0,20.518957345971565,0.0,8.0,32.0,4.0,0.0,58.129388684255794,40.629388684255794,17.5,nan,0.0,0,0,0,0
209,1,right_lane,nop,nan,40,0,24.393957345971565,28.0,4.0,8.0,30.0,0.0,52.326960843768276,46.82696084376828,5.5,nan,0.0,0,0,0,0
210,1,right_lane,nop,nan,40,0,20.518957345971565,6.0,1.0,33.0,5.5,0.0,57.38025471945401,40.630254719454,16.75,nan,0.0,0,0,0,0
211,1,right_lane,nop,nan,40,0,21.893957345971565,15.0,1.0,24.0,14.5,0.0,55.58033157454771,42.83033157454771,12.75,nan,0.0,0,0,0,0
212,1,right_lane,nop,nan,40,0,22.893957345971565,17.0,12.0,11.0,24.0,0.0,52.924342792849494,44.42434279284949,8.5,nan,0.0,0,0,0,0
213,1,right_lane,nop,nan,40,0,23.643957345971565,31.0,8.0,1.0,36.0,0.0,47.62706262715877,45.62706262715877,2.0,nan,0.0,0,0,0,0
214,1,right_lane,nop,nan,40,0,21.393957345971565,37.0,3.0,0.0,39.0,0.0,42.52963839496077,42.02963839496077,0.5,nan,0.0,0,0,0,0
215,1,right_lane,nop,nan,40,0,21.268957345971565,4.0,1.0,35.0,3.5,0.0,59.57837627454902,41.82837627454902,17.75,nan,0.0,0,0,0,0
216,1,right_lane,nop,nan,40,0,23.393957345971565,33.0,2.0,5.0,34.0,0.0,48.727455989462314,45.227455989462314,3.5,nan,0.0,0,0,0,0
217,1,right_lane,nop,nan,40,0,24.768913303149823,20.0,13.0,7.0,27.5,0.0,53.6739087761082,47.4239087761082,6.25,nan,0.0,0,0,0,0
218,1,right_lane,nop,nan,40,0,21.89367187566989,13.0,5.0,22.0,14.5,0.0,55.07534683967289,42.82534683967289,12.25,nan,0.0,0,0,0,0
219,1,right_lane,nop,nan,40,0,22.25220454630435,0.0,19.0,21.0,10.0,0.0,58.653214733944196,43.4032147339442,15.25,nan,0.0,0,0,0,0
220,1,right_lane,nop,nan,40,0,21.643957345971565,22.0,9.0,9.0,25.5,0.0,49.62439827990669,42.62439827990669,7.0,nan,0.0,0,0,0,0
221,1,right_lane,nop,nan,40,0,23.268957345971565,0.0,10.0,30.0,5.0,0.0,62.528691599459094,45.02869159945909,17.5,nan,0.0,0,0,0,0
222,1,right_lane,nop,nan,40,0,23.500000000221352,8.0,14.0,18.0,16.0,0.0,57.89478744060086,45.39478744060086,12.5,nan,0.0,0,0,0,0
223,1,right_lane,nop,nan,40,0,23.018957345971565,11.0,3.0,26.0,12.0,0.0,58.15404244354787,44.654042443547866,13.5,nan,0.0,0,0,0,0
224,1,right_lane,nop,nan,40,0,21.250043292099726,13.0,12.0,15.0,19.5,0.0,52.548204634006396,41.798204634006396,10.75,nan,0.0,0,0,0,0
225,1,right_lane,nop,nan,40,0,22.393957345971565,30.0,10.0,0.0,35.5,0.0,46.078274113376054,43.828274113376054,2.25,nan,0.0,0,0,0,0
226,1,right_lane,nop,nan,40,0,21.643957247332974,31.0,3.0,6.0,33.5,0.0,45.67689883919314,42.42689883919315,3.25,nan,0.0,0,0,0,0
227,1,right_lane,nop,nan,40,0,23.018957345971565,16.0,13.0,11.0,23.0,0.0,52.877056167815475,44.627056167815475,8.25,nan,0.0,0,0,0,0
228,1,right_lane,nop,nan,40,0,21.018957345971565,0.0,19.0,21.0,9.0,0.0,56.67939490402932,41.42939490402932,15.25,nan,0.0,0,0,0,0
229,1,right_lane,nop,nan,40,0,20.768957345971565,35.0,4.0,1.0,38.0,0.0,42.52700131335307,41.02700131335306,1.5,nan,0.0,0,0,0,0
230,1,right_lane,nop,nan,40,0,22.516461004214154,31.0,2.0,7.0,31.5,0.0,47.57540122314025,43.82540122314025,3.75,nan,0.0,0,0,0,0
231,1,right_lane,nop,nan,40,0,23.608867844032495,4.0,21.0,15.0,14.5,0.0,58.57364430015881,45.57364430015881,13.0,nan,0.0,0,0,0,0
232,1,right_lane,nop,nan,40,0,20.893957345971565,28.0,2.0,10.0,28.5,0.0,47.125472630105875,41.625472630105875,5.5,nan,0.0,0,0,0,0
233,1,right_lane,nop,nan,40,0,20.893956596934782,31.0,9.0,0.0,35.5,0.0,43.9793953135003,41.2293953135003,2.75,nan,0.0,0,0,0,0
234,1,right_lane,nop,nan,40,0,22.518957345971046,18.0,2.0,20.0,19.0,0.0,54.326962354947014,43.82696235494701,10.5,nan,0.0,0,0,0,0
235,1,right_lane,nop,nan,40,0,24.893957345970982,17.0,8.0,15.0,20.5,0.0,57.12301442472192,47.623014424721916,9.5,nan,0.0,0,0,0,0
236,1,right_lane,nop,nan,40,0,23.143957345971497,9.0,3.0,28.0,11.5,0.0,59.327090802592764,44.82709080259276,14.5,nan,0.0,0,0,0,0
237,1,right_lane,nop,nan,40,0,20.518957345971565,3.0,4.0,33.0,4.0,0.0,58.12933119143395,40.62933119143394,17.5,nan,0.0,0,0,0,0
238,1,right_lane,nop,nan,17,1,27.103413868713115,13.0,4.0,0.0,15.0,0.0,23.128904811666946,21.628904811666942,1.5,nan,0.0,0,0,0,0
239,1,right_lane,nop,nan,40,0,23.643957345971565,21.0,3.0,16.0,23.0,0.0,53.62802003095185,45.12802003095185,8.5,nan,0.0,0,0,0,0
240,1,right_lane,nop,nan,40,0,21.625328749382287,6.0,8.0,26.0,10.0,0.0,56.89839026214739,42.398390262147394,14.5,nan,0.0,0,0,0,0
241,1,right_lane,nop,nan,40,0,22.893951657973492,0.0,0.0,40.0,0.0,0.0,64.62986592110548,44.62986592110549,20.0,nan,0.0,0,0,0,0
242,1,right_lane,nop,nan,40,0,24.231043404809405,19.0,16.0,5.0,27.0,0.0,53.31710257219707,46.567102572197065,6.75,nan,0.0,0,0,0,0
243,1,right_lane,nop,nan,40,0,22.393957345971565,0.0,7.0,33.0,3.5,0.0,62.02962241569717,44.029622415697176,18.0,nan,0.0,0,0,0,0
244,1,right_lane,nop,nan,40,0,23.5189573459419,38.0,2.0,0.0,39.0,0.0,46.42806289373724,45.42806289373724,1.0,nan,0.0,0,0,0,0
245,1,right_lane,nop,nan,40,0,23.266789654732086,1.0,5.0,34.0,3.0,0.0,63.2749300869387,45.0249300869387,18.25,nan,0.0,0,0,0,0
246,1,right_lane,nop,nan,40,0,20.768957345971565,31.0,3.0,6.0,31.5,0.0,45.03334332788548,41.03334332788548,4.0,nan,0.0,0,0,0,0
247,1,right_lane,nop,nan,40,0,21.518957345971565,0.0,0.0,40.0,0.0,0.0,62.23033175355451,42.230331753554516,20.0,nan,0.0,0,0,0,0
248,1,right_lane,nop,nan,40,0,22.375000098863847,28.0,8.0,4.0,32.0,0.0,48.09545048293959,43.59545048293958,4.5,nan,0.0,0,0,0,0
249,1,right_lane,nop,nan,40,0,23.643957345971046,10.0,6.0,24.0,13.0,0.0,58.82295130788476,45.82295130788476,13.0,nan,0.0,0,0,0,0
250,1,right_lane,nop,nan,40,0,23.768957247332974,6.0,25.0,9.0,19.0,0.0,56.57522547559165,45.825225475591644,10.75,nan,0.0,0,0,0,0
251,1,right_lane,nop,nan,40,0,20.518957345971565,0.0,11.0,29.0,6.5,0.0,57.63026656735341,40.63026656735341,17.0,nan,0.0,0,0,0,0
252,1,right_lane,nop,nan,40,0,21.643957345971565,0.0,20.0,20.0,9.5,0.0,57.17898849804546,42.42898849804547,14.75,nan,0.0,0,0,0,0
253,1,right_lane,nop,nan,40,0,21.393957345971494,11.0,10.0,19.0,15.5,0.0,54.5303226118933,42.0303226118933,12.5,nan,0.0,0,0,0,0
254,1,right_lane,nop,nan,40,0,21.893957345971565,29.0,7.0,4.0,33.0,0.0,46.57766909008893,42.82766909008893,3.75,nan,0.0,0,0,0,0
255,1,right_lane,nop,nan,40,0,22.89395733123851,9.0,4.0,27.0,11.5,0.0,58.677491934171066,44.427491934171066,14.25,nan,0.0,0,0,0,0
256,1,right_lane,nop,nan,40,0,21.893957345971565,19.0,4.0,17.0,21.5,0.0,52.07559812996875,42.82559812996875,9.25,nan,0.0,0,0,0,0
257,1,right_lane,nop,nan,40,0,22.76650419744952,25.0,3.0,12.0,25.5,0.0,50.97549032747161,44.22549032747161,6.75,nan,0.0,0,0,0,0
258,1,right_lane,nop,nan,40,0,22.268957345971565,23.0,13.0,4.0,28.5,0.0,49.18373990512778,43.43373990512778,5.75,nan,0.0,0,0,0,0
259,1,right_lane,nop,nan,40,0,21.268957345971565,26.0,4.0,10.0,28.5,0.0,48.07746318404892,41.82746318404892,6.25,nan,0.0,0,0,0,0
260,1,right_lane,nop,nan,12,1,23.39650548318105,10.0,2.0,0.0,11.5,0.0,13.67938854611355,13.42938854611355,0.25,nan,0.0,0,0,0,0
261,1,right_lane,nop,nan,40,0,23.893957345971565,27.0,2.0,11.0,29.0,0.0,51.02750868905331,45.52750868905332,5.5,nan,0.0,0,0,0,0
262,1,right_lane,nop,nan,40,0,23.268957248821664,26.0,1.0,13.0,27.5,0.0,51.278398248048504,45.028398248048504,6.25,nan,0.0,0,0,0,0
263,1,right_lane,nop,nan,40,0,20.89395734428684,0.0,2.0,38.0,0.5,0.0,60.47939780001477,41.22939780001478,19.25,nan,0.0,0,0,0,0
264,1,right_lane,nop,nan,40,0,22.018957345971565,27.0,2.0,11.0,28.0,0.0,49.028379866406055,43.02837986640605,6.0,nan,0.0,0,0,0,0
265,1,right_lane,nop,nan,40,0,21.893957345971565,29.0,2.0,9.0,30.5,0.0,48.07746431290607,42.82746431290608,5.25,nan,0.0,0,0,0,0
266,1,right_lane,nop,nan,40,0,21.768957345945747,2.0,5.0,33.0,3.5,0.0,60.37839910571533,42.628399105715324,17.75,nan,0.0,0,0,0,0
267,1,right_lane,nop,nan,40,0,23.268628695449205,10.0,10.0,20.0,15.5,0.0,57.77586931608226,45.02586931608224,12.75,nan,0.0,0,0,0,0
268,1,right_lane,nop,nan,40,0,21.893957345971565,20.0,1.0,19.0,21.5,0.0,52.080788347452476,42.830788347452476,9.25,nan,0.0,0,0,0,0
269,1,right_lane,nop,nan,40,0,22.768913316140285,8.0,4.0,28.0,10.0,0.0,58.72666138144448,44.22666138144448,14.5,nan,0.0,0,0,0,0
270,1,right_lane,nop,nan,40,0,25.1436278458381,16.0,5.0,19.0,18.5,0.0,58.77468773326542,48.02468773326542,10.75,nan,0.0,0,0,0,0
271,1,right_lane,nop,nan,40,0,21.768957345971565,0.0,0.0,40.0,0.0,0.0,62.63078952822552,42.63078952822552,20.0,nan,0.0,0,0,0,0
272,1,right_lane,nop,nan,40,0,24.62500075075124,10.0,7.0,23.0,12.5,0.0,60.946630474445605,47.1966304744456,13.75,nan,0.0,0,0,0,0
273,1,right_lane,nop,nan,40,0,21.768957345971565,38.0,1.0,1.0,39.5,0.0,43.57839736132177,42.82839736132177,0.75,nan,0.0,0,0,0,0
274,1,right_lane,nop,nan,40,0,21.018957345971565,0.0,11.0,29.0,5.5,0.0,58.1803317535545,41.430331753554505,16.75,nan,0.0,0,0,0,0
275,1,right_lane,nop,nan,40,0,21.6439573459385,0.0,3.0,37.0,1.5,0.0,61.67897833610905,42.42897833610905,19.25,nan,0.0,0,0,0,0
276,1,right_lane,nop,nan,40,0,21.14395734426102,0.0,9.0,31.0,4.0,0.0,59.62805714057126,41.62805714057125,18.0,nan,0.0,0,0,0,0
277,1,right_lane,nop,nan,40,0,21.393957345971565,7.0,29.0,4.0,22.0,0.0,51.27733539135568,42.02733539135568,9.25,nan,0.0,0,0,0,0
278,1,right_lane,nop,nan,40,0,22.516132157907737,0.0,17.0,23.0,9.0,0.0,59.32510332043418,43.82510332043419,15.5,nan,0.0,0,0,0,0
279,1,right_lane,nop,nan,40,0,23.518957345967134,22.0,13.0,5.0,28.5,0.0,51.427861707924485,45.42786170792447,6.0,nan,0.0,0,0,0,0
280,1,right_lane,nop,nan,40,0,22.143957345971565,16.0,4.0,20.0,17.5,0.0,53.97752985628559,43.22752985628559,10.75,nan,0.0,0,0,0,0
281,1,right_lane,nop,nan,40,0,23.518957345971565,13.0,19.0,8.0,23.0,0.0,54.17460616452707,45.42460616452707,8.75,nan,0.0,0,0,0,0
282,1,right_lane,nop,nan,40,0,24.018957345971565,6.0,7.0,27.0,9.0,0.0,61.724922467644866,46.22492246764488,15.5,nan,0.0,0,0,0,0
283,1,right_lane,nop,nan,40,0,23.375328749349226,7.0,7.0,26.0,10.0,0.0,59.94443470188848,45.19443470188849,14.75,nan,0.0,0,0,0,0
284,1,right_lane,nop,nan,40,0,21.393957334666847,9.0,11.0,20.0,14.0,0.0,55.05324490659409,42.05324490659409,13.0,nan,0.0,0,0,0,0
285,1,right_lane,nop,nan,40,0,23.268957345971565,40.0,0.0,0.0,40.0,0.0,45.530331769260144,45.030331769260144,0.5,nan,0.0,0,0,0,0
286,1,right_lane,nop,nan,40,0,22.51895734597149,18.0,16.0,6.0,26.0,0.0,51.00059661941545,44.000596619415454,7.0,nan,0.0,0,0,0,0
287,1,right_lane,nop,nan,40,0,22.37749644039991,34.0,6.0,0.0,37.5,0.0,44.850989466594505,43.600989466594505,1.25,nan,0.0,0,0,0,0
288,1,right_lane,nop,nan,40,0,23.39395164518009,8.0,2.0,30.0,10.0,0.0,60.42593279800994,45.42593279800995,15.0,nan,0.0,0,0,0,0
289,1,right_lane,nop,nan,40,0,23.872504311843922,18.0,8.0,14.0,22.0,0.0,54.74164884027746,45.99164884027745,8.75,nan,0.0,0,0,0,0
290,1,right_lane,nop,nan,40,0,23.893957345971565,15.0,7.0,18.0,18.5,0.0,56.555041050095625,46.055041050095625,10.5,nan,0.0,0,0,0,0
291,1,right_lane,nop,nan,40,0,23.893957345971565,5.0,4.0,31.0,6.5,0.0,62.77680585398792,46.02680585398791,16.75,nan,0.0,0,0,0,0
292,1,right_lane,nop,nan,40,0,23.12749644062177,36.0,4.0,0.0,38.0,0.0,46.30399430189046,44.80399430189046,1.5,nan,0.0,0,0,0,0
293,1,right_lane,nop,nan,40,0,20.768957345971565,1.0,2.0,37.0,2.0,0.0,59.7230659710527,41.2230659710527,18.5,nan,0.0,0,0,0,0
294,1,right_lane,nop,nan,40,0,23.87749644062177,7.0,28.0,5.0,21.5,0.0,55.49969573986338,45.99969573986337,9.5,nan,0.0,0,0,0,0
295,1,right_lane,nop,nan,40,0,22.768957345971565,23.0,2.0,15.0,23.0,0.0,52.674581103983776,44.424581103983776,8.25,nan,0.0,0,0,0,0
296,1,right_lane,nop,nan,40,0,24.518951657973492,0.0,0.0,40.0,0.0,0.0,67.03032265275758,47.0303226527576,20.0,nan,0.0,0,0,0,0
297,1,right_lane,nop,nan,40,0,22.268957345971565,0.0,1.0,39.0,0.0,0.0,63.429406232024164,43.429406232024164,20.0,nan,0.0,0,0,0,0
298,1,right_lane,nop,nan,40,0,24.768957345971565,8.0,4.0,28.0,9.0,0.0,62.92727583027624,47.42727583027624,15.5,nan,0.0,0,0,0,0
299,1,right_lane,nop,nan,40,0,23.268957345971565,9.0,3.0,28.0,10.5,0.0,59.77698408869716,45.02698408869717,14.75,nan,0.0,0,0,0,0
300,1,right_lane,nop,nan,40,0,21.143957345971565,6.0,30.0,4.0,21.5,0.0,51.12581071655667,41.62581071655666,9.5,nan,0.0,0,0,0,0
301,1,right_lane,nop,nan,40,0,21.143957345971565,11.0,16.0,13.0,19.5,0.0,51.87941022309182,41.62941022309182,10.25,nan,0.0,0,0,0,0
302,1,right_lane,nop,nan,40,0,21.643957345745793,2.0,29.0,9.0,16.5,0.0,54.17753140946019,42.42753140946019,11.75,nan,0.0,0,0,0,0
303,1,right_lane,nop,nan,40,0,23.643957345971565,2.0,12.0,26.0,7.0,0.0,61.87729542103854,45.627295421038546,16.25,nan,0.0,0,0,0,0
304,1,right_lane,nop,nan,40,0,21.00249644062177,40.0,0.0,0.0,39.5,0.0,41.90399430499483,41.40399430499483,0.5,nan,0.0,0,0,0,0
305,1,right_lane,nop,nan,40,0,23.643956496389606,13.0,3.0,24.0,14.0,0.0,58.82285042041035,45.82285042041035,13.0,nan,0.0,0,0,0,0
306,1,right_lane,nop,nan,40,0,23.143957345971565,9.0,2.0,29.0,9.5,0.0,59.82796056860314,44.827960568603146,15.0,nan,0.0,0,0,0,0
307,1,right_lane,nop,nan,40,0,22.018957345971565,39.0,1.0,0.0,40.0,0.0,43.5293983296861,43.0293983296861,0.5,nan,0.0,0,0,0,0
308,1,right_lane,nop,nan,40,0,22.518957345971554,0.0,6.0,34.0,2.5,0.0,62.07775706569272,43.827757065692715,18.25,nan,0.0,0,0,0,0
309,1,right_lane,nop,nan,40,0,22.768957345971565,6.0,1.0,33.0,5.5,0.0,61.478471189445166,44.22847118944517,17.25,nan,0.0,0,0,0,0
310,1,right_lane,nop,nan,40,0,23.268957345971565,11.0,3.0,26.0,12.0,0.0,59.27847393220931,45.02847393220931,14.25,nan,0.0,0,0,0,0
311,1,right_lane,nop,nan,40,0,24.00032229783964,5.0,9.0,26.0,9.5,0.0,61.69426117815701,46.19426117815701,15.5,nan,0.0,0,0,0,0
312,1,right_lane,nop,nan,40,0,24.76895723431381,0.0,0.0,40.0,0.0,0.0,66.95622125493496,47.456221254934945,19.5,nan,0.0,0,0,0,0
313,1,right_lane,nop,nan,40,0,24.516132156223005,7.0,10.0,23.0,12.5,0.0,61.0189519440508,47.0189519440508,14.0,nan,0.0,0,0,0,0
314,1,right_lane,nop,nan,40,0,22.768957345971565,13.0,5.0,22.0,15.0,0.0,56.73148107317572,44.23148107317573,12.5,nan,0.0,0,0,0,0
315,1,right_lane,nop,nan,40,0,22.268957345971565,9.0,14.0,17.0,17.0,0.0,55.17451080632521,43.424510806325216,11.75,nan,0.0,0,0,0,0
316,1,right_lane,nop,nan,40,0,21.643628512458548,11.0,7.0,22.0,15.0,0.0,54.67692298196576,42.42692298196576,12.25,nan,0.0,0,0,0,0
317,1,right_lane,nop,nan,40,0,23.01895733317816,36.0,4.0,0.0,38.0,0.0,45.8791472415647,44.6291472415647,1.25,nan,0.0,0,0,0,0
318,1,right_lane,nop,nan,40,0,21.768957345971565,0.0,0.0,40.0,0.0,0.0,62.13033177132838,42.630331771328386,19.5,nan,0.0,0,0,0,0
319,1,right_lane,nop,nan,40,0,23.375043292099726,5.0,5.0,30.0,7.0,0.0,61.69430058142062,45.19430058142063,16.5,nan,0.0,0,0,0,0
320,1,right_lane,nop,nan,40,0,21.893957345971565,7.0,31.0,2.0,22.5,0.0,52.027404730008435,43.02740473000844,9.0,nan,0.0,0,0,0,0
321,1,right_lane,nop,nan,40,0,22.893957345971565,27.0,4.0,9.0,30.0,0.0,49.67686007521192,44.42686007521193,5.25,nan,0.0,0,0,0,0
322,1,right_lane,nop,nan,40,0,22.768957345971565,4.0,10.0,26.0,8.5,0.0,59.47592564467842,44.22592564467841,15.25,nan,0.0,0,0,0,0
323,1,right_lane,nop,nan,40,0,24.768951646668775,34.0,6.0,0.0,37.5,0.0,49.17303203759035,47.42303203759035,1.75,nan,0.0,0,0,0,0
324,1,right_lane,nop,nan,40,0,21.268957345971565,7.0,22.0,11.0,18.0,0.0,52.32747108345342,41.827471083453425,10.5,nan,0.0,0,0,0,0
325,1,right_lane,nop,nan,40,0,22.018951644984046,11.0,15.0,14.0,18.5,0.0,53.775069223828346,43.025069223828346,10.75,nan,0.0,0,0,0,0
326,1,right_lane,nop,nan,40,0,22.500043292099726,6.0,3.0,31.0,7.5,0.0,60.046481800261255,43.796481800261255,16.25,nan,0.0,0,0,0,0
327,1,right_lane,nop,nan,40,0,21.893957345971554,0.0,14.0,26.0,7.0,0.0,59.529322033753466,43.02932203375345,16.5,nan,0.0,0,0,0,0
328,1,right_lane,nop,nan,40,0,22.518957345971565,13.0,10.0,17.0,17.0,0.0,55.32757400844845,43.82757400844845,11.5,nan,0.0,0,0,0,0
329,1,right_lane,nop,nan,40,0,22.143957334666784,11.0,7.0,22.0,13.5,0.0,56.480258491633336,43.230258491633336,13.25,nan,0.0,0,0,0,0
330,1,right_lane,nop,nan,40,0,25.981048355045687,13.0,6.0,21.0,16.5,0.0,61.53658354788724,49.53658354788725,12.0,nan,0.0,0,0,0,0
331,1,right_lane,nop,nan,40,0,22.768957345971565,17.0,5.0,18.0,19.5,0.0,55.126740352857624,44.62674035285764,10.5,nan,0.0,0,0,0,0
332,1,right_lane,nop,nan,40,0,22.14395734594184,33.0,7.0,0.0,36.0,0.0,44.98026644843018,43.23026644843018,1.75,nan,0.0,0,0,0,0
333,1,right_lane,nop,nan,40,0,20.643957345971565,3.0,9.0,28.0,7.0,0.0,57.07846247291253,40.82846247291253,16.25,nan,0.0,0,0,0,0
334,1,right_lane,nop,nan,40,0,25.374671988349846,0.0,10.0,30.0,4.5,0.0,66.14499988803021,48.39499988803021,17.75,nan,0.0,0,0,0,0
335,1,right_lane,nop,nan,40,0,25.26895734597105,19.0,21.0,0.0,29.0,0.0,54.178209672638395,48.428209672638395,5.75,nan,0.0,0,0,0,0
336,1,right_lane,nop,nan,40,0,22.643957344257103,19.0,17.0,4.0,28.5,0.0,50.02377533502731,44.02377533502731,6.0,nan,0.0,0,0,0,0
337,1,right_lane,nop,nan,40,0,21.643957345971565,33.0,3.0,4.0,35.5,0.0,44.67828016855367,42.42828016855367,2.25,nan,0.0,0,0,0,0
338,1,right_lane,nop,nan,40,0,23.143957345971565,30.0,4.0,6.0,32.0,0.0,48.826422347756576,44.826422347756576,4.0,nan,0.0,0,0,0,0
339,1,right_lane,nop,nan,40,0,25.874956707904698,1.0,21.0,18.0,12.0,0.0,63.19467295363919,49.194672953639206,14.0,nan,0.0,0,0,0,0
340,1,right_lane,nop,nan,40,0,20.393957345971565,37.0,3.0,0.0,38.0,0.0,41.38039065775484,40.63039065775484,0.75,nan,0.0,0,0,0,0
341,1,right_lane,nop,nan,40,0,20.893957345971565,33.0,7.0,0.0,36.5,0.0,43.22899122668738,41.22899122668738,2.0,nan,0.0,0,0,0,0
342,1,right_lane,nop,nan,40,0,22.143957345971565,10.0,4.0,26.0,11.5,0.0,56.97775311134912,43.22775311134912,13.75,nan,0.0,0,0,0,0
343,1,right_lane,nop,nan,40,0,22.268957345967713,4.0,9.0,27.0,9.0,0.0,59.17698162877385,43.42698162877386,15.75,nan,0.0,0,0,0,0
344,1,right_lane,nop,nan,40,0,21.518957345971565,26.0,8.0,6.0,30.5,0.0,46.977401834996506,42.227401834996506,4.75,nan,0.0,0,0,0,0
345,1,right_lane,nop,nan,40,0,23.268957345971565,24.0,5.0,11.0,27.0,0.0,51.77413208040028,45.02413208040029,6.75,nan,0.0,0,0,0,0
346,1,right_lane,nop,nan,40,1,21.643957345971565,3.0,2.0,35.0,3.5,0.0,60.17796255227887,42.42796255227887,17.75,nan,0.0,0,0,0,0
347,1,right_lane,nop,nan,40,0,26.14395734571657,25.0,8.0,7.0,28.0,0.0,55.126829600059054,49.12682960005906,6.0,nan,0.0,0,0,0,0
348,1,right_lane,nop,nan,40,0,23.358539094875976,17.0,15.0,8.0,25.0,0.0,52.91937334718594,45.16937334718594,7.75,nan,0.0,0,0,0,0
349,1,right_lane,nop,nan,40,0,21.643957345971565,26.0,2.0,12.0,27.5,0.0,49.32592624806412,42.825926248064114,6.5,nan,0.0,0,0,0,0
350,1,right_lane,nop,nan,40,0,22.268957345971565,1.0,13.0,26.0,7.0,0.0,59.678399108860894,43.4283991088609,16.25,nan,0.0,0,0,0,0
351,1,right_lane,nop,nan,40,0,27.606043417798787,25.0,4.0,11.0,27.5,0.0,58.46568966115559,51.96568966115559,6.5,nan,0.0,0,0,0,0
352,1,right_lane,nop,nan,40,0,23.768957345971565,36.0,4.0,0.0,38.0,0.0,47.22891583840431,46.22891583840431,1.0,nan,0.0,0,0,0,0
353,1,right_lane,nop,nan,40,0,24.393957345971565,25.0,7.0,8.0,28.5,0.0,52.573494009954864,46.82349400995486,5.75,nan,0.0,0,0,0,0
354,1,right_lane,nop,nan,40,0,22.37749644062177,7.0,5.0,28.0,9.0,0.0,58.60110627193669,43.601106271936686,15.0,nan,0.0,0,0,0,0
355,1,right_lane,nop,nan,40,0,22.143957345971565,29.0,10.0,1.0,33.5,0.0,47.09748585807726,43.59748585807726,3.5,nan,0.0,0,0,0,0
356,1,right_lane,nop,nan,40,0,22.018957345971565,21.0,8.0,11.0,24.5,0.0,50.77838894194782,43.02838894194781,7.75,nan,0.0,0,0,0,0
357,1,right_lane,nop,nan,40,0,22.643957345971565,10.0,15.0,15.0,17.5,0.0,55.527864819563135,44.027864819563135,11.5,nan,0.0,0,0,0,0
358,1,right_lane,nop,nan,40,0,23.893671888689,14.0,11.0,15.0,19.5,0.0,56.27657878458902,46.02657878458902,10.25,nan,0.0,0,0,0,0
359,1,right_lane,nop,nan,40,0,20.89395734428684,6.0,6.0,28.0,8.0,0.0,56.72931344020432,41.22931344020432,15.5,nan,0.0,0,0,0,0
360,1,right_lane,nop,nan,40,0,20.518957345971565,6.0,5.0,29.0,8.0,0.0,56.88026262413282,40.63026262413281,16.25,nan,0.0,0,0,0,0
361,1,right_lane,nop,nan,40,0,22.643957345971565,30.0,5.0,5.0,33.0,0.0,47.7777383030049,44.027738303004895,3.75,nan,0.0,0,0,0,0
362,1,right_lane,nop,nan,40,0,22.018957345971565,10.0,17.0,13.0,19.5,0.0,53.277689514650625,43.02768951465062,10.25,nan,0.0,0,0,0,0
363,1,right_lane,nop,nan,40,0,22.768956596934782,29.0,3.0,8.0,30.5,0.0,48.97845945901681,44.22845945901681,4.75,nan,0.0,0,0,0,0
364,1,right_lane,nop,nan,40,0,23.518957345971565,12.0,3.0,25.0,14.0,0.0,58.42796066670251,45.42796066670251,13.0,nan,0.0,0,0,0,0
365,1,right_lane,nop,nan,40,0,20.768957345971565,0.0,1.0,39.0,0.0,0.0,60.70305726128296,41.20305726128295,19.5,nan,0.0,0,0,0,0
366,1,right_lane,nop,nan,40,0,22.14395649810015,29.0,8.0,3.0,33.0,0.0,46.976685342576616,43.226685342576616,3.75,nan,0.0,0,0,0,0
367,1,right_lane,nop,nan,40,0,24.018957345970982,9.0,7.0,24.0,13.0,0.0,59.90135229146953,46.40135229146954,13.5,nan,0.0,0,0,0,0
368,1,right_lane,nop,nan,40,0,21.643957345971565,3.0,3.0,34.0,4.0,0.0,60.17798372658936,42.42798372658936,17.75,nan,0.0,0,0,0,0
369,1,right_lane,nop,nan,40,0,22.893957345971558,1.0,3.0,36.0,1.5,0.0,63.67731140242475,44.427311402424756,19.25,nan,0.0,0,0,0,0
370,1,right_lane,nop,nan,40,0,21.018957345971565,26.0,14.0,0.0,32.5,0.0,45.43033175355451,41.43033175355451,4.0,nan,0.0,0,0,0,0
371,1,right_lane,nop,nan,40,0,24.26891405409761,26.0,5.0,9.0,28.5,0.0,52.12740690187799,46.62740690187799,5.5,nan,0.0,0,0,0,0
372,1,right_lane,nop,nan,40,0,24.625328749381776,3.0,5.0,32.0,5.0,0.0,64.69629561560618,47.196295615606175,17.5,nan,0.0,0,0,0,0
373,1,right_lane,nop,nan,40,0,23.893957345971565,8.0,4.0,28.0,11.0,0.0,61.22987502185553,46.22987502185553,15.0,nan,0.0,0,0,0,0
374,1,right_lane,nop,nan,40,0,26.643957345971046,5.0,3.0,32.0,6.5,0.0,66.67606095815759,50.4260609581576,16.25,nan,0.0,0,0,0,0
375,1,right_lane,nop,nan,40,0,22.64395734406113,0.0,0.0,40.0,0.0,0.0,64.03033175049855,44.03033175049854,20.0,nan,0.0,0,0,0,0
376,1,right_lane,nop,nan,40,0,22.018957345971565,5.0,3.0,32.0,6.5,0.0,59.77744212692563,43.02744212692563,16.75,nan,0.0,0,0,0,0
377,1,right_lane,nop,nan,40,0,23.143957345971565,10.0,21.0,9.0,19.5,0.0,55.25233258543205,45.00233258543205,10.25,nan,0.0,0,0,0,0
378,1,right_lane,nop,nan,40,0,23.268957345971494,7.0,18.0,15.0,15.5,0.0,57.52642463954173,45.026424639541744,12.5,nan,0.0,0,0,0,0
379,1,right_lane,nop,nan,40,0,21.85636655200908,2.0,4.0,34.0,4.0,0.0,61.01667410744815,42.76667410744815,18.25,nan,0.0,0,0,0,0
380,1,right_lane,nop,nan,40,0,23.25000559084818,12.0,20.0,8.0,22.5,0.0,54.14491474155988,45.39491474155988,8.75,nan,0.0,0,0,0,0
381,1,right_lane,nop,nan,40,0,20.643957345971565,0.0,28.0,12.0,13.5,0.0,53.779389741309494,41.029389741309494,12.75,nan,0.0,0,0,0,0
382,1,right_lane,nop,nan,40,0,21.393957345971565,0.0,16.0,24.0,8.0,0.0,58.27893536840292,42.02893536840292,16.25,nan,0.0,0,0,0,0
383,1,right_lane,nop,nan,40,0,22.143957345971565,0.0,0.0,40.0,0.0,0.0,62.98033175355451,43.2303317535545,19.75,nan,0.0,0,0,0,0
384,1,right_lane,nop,nan,40,0,22.393957248821664,2.0,11.0,27.0,7.5,0.0,60.12738797427341,43.627387974273404,16.5,nan,0.0,0,0,0,0
385,1,right_lane,nop,nan,40,0,20.893957345942347,11.0,3.0,26.0,12.0,0.0,54.97939778183413,41.22939778183413,13.75,nan,0.0,0,0,0,0
386,1,right_lane,nop,nan,40,0,21.768957345971565,4.0,11.0,25.0,9.0,0.0,58.378915448329124,42.628915448329124,15.75,nan,0.0,0,0,0,0
387,1,right_lane,nop,nan,40,0,24.01895734593799,21.0,7.0,12.0,25.0,0.0,53.97324294508462,46.22324294508462,7.75,nan,0.0,0,0,0,0
388,1,right_lane,nop,nan,40,0,23.35604276588225,6.0,14.0,20.0,13.0,0.0,58.16550180692272,45.16550180692272,13.0,nan,0.0,0,0,0,0
389,1,right_lane,nop,nan,40,0,25.643957345967134,10.0,6.0,24.0,12.0,0.0,63.22530162473936,49.22530162473936,14.0,nan,0.0,0,0,0,0
390,1,right_lane,nop,nan,40,0,25.768957345967646,25.0,10.0,5.0,30.0,0.0,54.5256285094562,49.02562850945618,5.5,nan,0.0,0,0,0,0
391,1,right_lane,nop,nan,40,0,21.018957345971565,8.0,26.0,6.0,20.5,0.0,50.93026407098615,41.430264070986155,9.5,nan,0.0,0,0,0,0
392,1,right_lane,nop,nan,40,0,24.143957345971565,12.0,12.0,16.0,17.0,0.0,57.679562078610076,46.429562078610076,11.25,nan,0.0,0,0,0,0
393,1,right_lane,nop,nan,40,0,23.518957345971565,13.0,3.0,24.0,13.5,0.0,58.67827991103793,45.42827991103793,13.25,nan,0.0,0,0,0,0
394,1,right_lane,nop,nan,40,0,22.768957345971565,7.0,3.0,30.0,7.5,0.0,60.47844637107114,44.228446371071136,16.25,nan,0.0,0,0,0,0
395,1,right_lane,nop,nan,40,0,21.518957345971565,6.0,27.0,7.0,19.0,0.0,52.72647982659353,42.22647982659354,10.5,nan,0.0,0,0,0,0
396,1,right_lane,nop,nan,40,0,21.87749644062177,17.0,21.0,2.0,27.0,0.0,49.301954727178504,42.801954727178504,6.5,nan,0.0,0,0,0,0
397,1,right_lane,nop,nan,40,0,23.643957345971565,0.0,22.0,18.0,11.0,0.0,60.57458609614576,45.82458609614575,14.75,nan,0.0,0,0,0,0
398,1,right_lane,nop,nan,40,0,22.393957345971565,31.0,4.0,5.0,33.5,0.0,47.12773954685424,43.62773954685424,3.5,nan,0.0,0,0,0,0
399,1,right_lane,nop,nan,40,0,22.893957345971565,8.0,26.0,6.0,21.5,0.0,53.425851790962724,44.42585179096273,9.0,nan,0.0,0,0,0,0
400,1,right_lane,nop,nan,40,0,23.018957345971565,7.0,20.0,13.0,17.5,0.0,55.875125235508435,44.625125235508435,11.25,nan,0.0,0,0,0,0
401,1,right_lane,nop,nan,40,0,20.893957345971565,0.0,11.0,29.0,5.5,0.0,58.477657709966095,41.22765770996609,17.25,nan,0.0,0,0,0,0
402,1,right_lane,nop,nan,40,0,22.391461656101036,20.0,14.0,6.0,28.0,0.0,49.87440208732416,43.624402087324164,6.25,nan,0.0,0,0,0,0
403,1,right_lane,nop,nan,40,0,25.518957345971565,21.0,10.0,9.0,25.0,0.0,55.63309056393771,48.63309056393771,7.0,nan,0.0,0,0,0,0
404,1,right_lane,nop,nan,40,0,23.018957345971565,29.0,4.0,7.0,31.0,0.0,49.627289995527434,44.62728999552744,5.0,nan,0.0,0,0,0,0
405,1,right_lane,nop,nan,40,0,24.768956498069905,21.0,5.0,14.0,22.5,0.0,55.675295775119416,47.425295775119416,8.25,nan,0.0,0,0,0,0
406,1,right_lane,nop,nan,40,0,22.393957345971565,4.0,36.0,0.0,22.0,0.0,52.8789165660279,43.6289165660279,9.25,nan,0.0,0,0,0,0
407,1,right_lane,nop,nan,40,0,22.499956709840507,34.0,6.0,0.0,37.0,0.0,45.546406760241055,43.796406760241055,1.75,nan,0.0,0,0,0,0
408,1,right_lane,nop,nan,40,0,23.018957345971565,2.0,3.0,35.0,3.5,0.0,62.57659043326456,44.826590433264556,17.75,nan,0.0,0,0,0,0
409,1,right_lane,nop,nan,40,0,21.768957345971565,1.0,3.0,36.0,1.5,0.0,61.87832192135731,42.62832192135731,19.25,nan,0.0,0,0,0,0
410,1,right_lane,nop,nan,40,0,23.141460907064253,29.0,1.0,10.0,28.5,0.0,50.57633743985524,44.82633743985524,5.75,nan,0.0,0,0,0,0
411,1,right_lane,nop,nan,40,0,21.625043292099726,0.0,28.0,12.0,13.5,0.0,55.82492019504243,42.57492019504244,13.25,nan,0.0,0,0,0,0
412,1,right_lane,nop,nan,40,0,23.391466606366965,23.0,13.0,4.0,30.5,0.0,50.84274333866631,45.59274333866631,5.25,nan,0.0,0,0,0,0
413,1,right_lane,nop,nan,40,0,21.643957345941836,40.0,0.0,0.0,40.0,0.0,42.43379213906459,42.43379213906459,0.0,nan,0.0,0,0,0,0
414,1,right_lane,nop,nan,40,0,22.018957345971565,10.0,30.0,0.0,24.5,0.0,50.528988491038646,43.028988491038646,7.5,nan,0.0,0,0,0,0
415,1,right_lane,nop,nan,40,0,21.26895734428684,16.0,24.0,0.0,27.5,0.0,48.080331750851855,41.83033175085185,6.25,nan,0.0,0,0,0,0
416,1,right_lane,nop,nan,40,0,23.85604350364404,7.0,4.0,29.0,9.0,0.0,61.716839442845355,45.96683944284537,15.75,nan,0.0,0,0,0,0
417,1,right_lane,nop,nan,40,0,23.268951644925107,8.0,18.0,14.0,17.5,0.0,56.42609379654945,45.42609379654945,11.0,nan,0.0,0,0,0,0
418,1,right_lane,nop,nan,40,0,20.893957345971565,7.0,32.0,1.0,23.5,0.0,49.477007970660914,41.227007970660914,8.25,nan,0.0,0,0,0,0
419,1,right_lane,nop,nan,40,0,22.768957345971565,9.0,11.0,20.0,13.5,0.0,57.22709057889621,44.2270905788962,13.0,nan,0.0,0,0,0,0
420,1,right_lane,nop,nan,40,0,23.143957345720047,32.0,8.0,0.0,36.5,0.0,47.076659518946784,44.826659518946784,2.25,nan,0.0,0,0,0,0
421,1,right_lane,nop,nan,40,0,22.268957345971565,0.0,27.0,13.0,13.5,0.0,56.42847945748913,43.42847945748913,13.0,nan,0.0,0,0,0,0
422,1,right_lane,nop,nan,40,0,23.250043292099726,24.0,8.0,8.0,29.0,0.0,50.748773105805476,44.99877310580549,5.75,nan,0.0,0,0,0,0
423,1,right_lane,nop,nan,40,0,24.26895734597149,12.0,17.0,11.0,21.0,0.0,55.90159406626385,46.65159406626385,9.25,nan,0.0,0,0,0,0
424,1,right_lane,nop,nan,40,0,21.768957345971565,29.0,7.0,4.0,32.5,0.0,46.62840656074283,42.62840656074283,4.0,nan,0.0,0,0,0,0
425,1,right_lane,nop,nan,40,0,24.356043393474962,11.0,13.0,16.0,16.5,0.0,58.01421359772023,46.76421359772023,11.25,nan,0.0,0,0,0,0
426,1,right_lane,nop,nan,40,0,22.893957345971565,0.0,9.0,31.0,4.0,0.0,62.828222701581524,44.828222701581524,18.0,nan,0.0,0,0,0,0
427,1,right_lane,nop,nan,19,1,22.145173359931892,2.0,1.0,16.0,1.5,0.0,29.17839840433451,20.42839840433451,8.75,nan,0.0,0,0,0,0
428,1,right_lane,nop,nan,40,0,24.518957345971565,20.0,19.0,1.0,29.5,0.0,52.02557716082123,46.52557716082123,5.5,nan,0.0,0,0,0,0
429,1,right_lane,nop,nan,40,0,22.518956608239495,27.0,12.0,1.0,33.5,0.0,47.07634372115852,43.82634372115852,3.25,nan,0.0,0,0,0,0
430,1,right_lane,nop,nan,40,0,21.768957345749705,29.0,1.0,10.0,30.5,0.0,47.630331419428515,42.63033141942852,5.0,nan,0.0,0,0,0,0
431,1,right_lane,nop,nan,40,0,21.893957345971565,6.0,2.0,32.0,7.0,0.0,58.826465055437374,42.826465055437374,16.0,nan,0.0,0,0,0,0
432,1,right_lane,nop,nan,40,0,23.268957345971565,9.0,1.0,30.0,8.5,0.0,60.77837714354758,45.028377143547566,15.75,nan,0.0,0,0,0,0
433,1,right_lane,nop,nan,40,0,20.518957345971565,38.0,2.0,0.0,39.5,0.0,41.37939766773368,40.62939766773368,0.75,nan,0.0,0,0,0,0
434,1,right_lane,nop,nan,40,0,24.00249644036678,10.0,3.0,27.0,10.5,0.0,60.4519424620716,46.20194246207161,14.25,nan,0.0,0,0,0,0
435,1,right_lane,nop,nan,40,0,21.268957345971565,11.0,3.0,26.0,11.5,0.0,56.10319969555642,41.85319969555643,14.25,nan,0.0,0,0,0,0
436,1,right_lane,nop,nan,40,0,23.393957345971565,4.0,5.0,31.0,6.5,0.0,61.97698399693683,45.22698399693683,16.75,nan,0.0,0,0,0,0
437,1,right_lane,nop,nan,40,0,20.768957345971565,25.0,15.0,0.0,32.5,0.0,45.279810728508494,41.0298107285085,4.25,nan,0.0,0,0,0,0
438,1,right_lane,nop,nan,40,0,24.625043292099726,32.0,8.0,0.0,35.5,0.0,49.19725409095139,47.19725409095139,2.0,nan,0.0,0,0,0,0
439,1,right_lane,nop,nan,40,0,22.393957345971565,31.0,3.0,6.0,32.5,0.0,47.82860648150109,43.82860648150109,4.0,nan,0.0,0,0,0,0
440,1,right_lane,nop,nan,40,0,24.01895649635603,7.0,18.0,15.0,15.5,0.0,57.972486821704095,46.222486821704116,11.75,nan,0.0,0,0,0,0
441,1,right_lane,nop,nan,40,0,20.87749644062177,4.0,31.0,5.0,19.0,0.0,51.70171852181551,41.20171852181551,10.5,nan,0.0,0,0,0,0
442,1,right_lane,nop,nan,40,0,24.99967134776762,23.0,9.0,8.0,27.5,0.0,54.241310812895875,47.99131081289588,6.25,nan,0.0,0,0,0,0
443,1,right_lane,nop,nan,40,0,22.018957345971565,0.0,15.0,25.0,7.0,0.0,59.728745482941136,43.228745482941136,16.5,nan,0.0,0,0,0,0
444,1,right_lane,nop,nan,40,0,23.51895724713693,19.0,11.0,10.0,25.5,0.0,53.177930869280075,45.42793086928008,7.75,nan,0.0,0,0,0,0
445,1,right_lane,nop,nan,40,0,22.393957345971565,39.0,1.0,0.0,39.5,0.0,43.87852883619047,43.62852883619047,0.25,nan,0.0,0,0,0,0
446,1,right_lane,nop,nan,40,0,22.143956608239495,40.0,0.0,0.0,40.0,0.0,43.23033057318318,43.23033057318318,0.0,nan,0.0,0,0,0,0
447,1,right_lane,nop,nan,40,0,22.39146081973038,33.0,7.0,0.0,36.5,0.0,45.12469544462868,43.62469544462868,1.5,nan,0.0,0,0,0,0
448,1,right_lane,nop,nan,40,0,22.518957345971565,28.0,2.0,10.0,28.5,0.0,49.3328660926754,43.8328660926754,5.5,nan,0.0,0,0,0,0
449,1,right_lane,nop,nan,40,0,22.143957345971565,30.0,10.0,0.0,35.0,0.0,45.97939766774113,43.22939766774113,2.75,nan,0.0,0,0,0,0
450,1,right_lane,nop,nan,40,0,22.018957345971554,27.0,8.0,5.0,30.5,0.0,47.950127603898174,43.20012760389817,4.75,nan,0.0,0,0,0,0
451,1,right_lane,nop,nan,40,0,21.143957345971565,0.0,1.0,39.0,0.5,0.0,61.129742407130344,41.62974240713035,19.5,nan,0.0,0,0,0,0
452,1,right_lane,nop,nan,40,0,24.391460905575567,10.0,6.0,24.0,12.5,0.0,60.57306606412001,46.82306606412001,13.75,nan,0.0,0,0,0,0
453,1,right_lane,nop,nan,40,0,22.143957345971565,18.0,1.0,21.0,19.5,0.0,53.983800058862755,43.233800058862755,10.75,nan,0.0,0,0,0,0
454,1,right_lane,nop,nan,40,0,22.018957345971565,16.0,18.0,6.0,24.5,0.0,50.27713269180231,43.0271326918023,7.25,nan,0.0,0,0,0,0
455,1,right_lane,nop,nan,40,0,26.98104265402851,13.0,12.0,15.0,18.5,0.0,61.962025479142596,50.962025479142596,11.0,nan,0.0,0,0,0,0
456,1,right_lane,nop,nan,40,0,24.143957345971565,5.0,2.0,33.0,6.0,0.0,63.57696093610413,46.82696093610413,16.75,nan,0.0,0,0,0,0
457,1,right_lane,nop,nan,40,0,24.877496343471858,19.0,2.0,19.0,21.0,0.0,57.60064455246018,47.60064455246019,10.0,nan,0.0,0,0,0,0
458,1,right_lane,nop,nan,40,0,23.643957345941832,25.0,5.0,10.0,27.5,0.0,52.07119599986404,45.82119599986405,6.25,nan,0.0,0,0,0,0
459,1,right_lane,nop,nan,40,0,21.768957345971565,17.0,5.0,18.0,20.0,0.0,52.628174171245185,42.62817417124518,10.0,nan,0.0,0,0,0,0
460,1,right_lane,nop,nan,40,0,23.018957345971565,10.0,6.0,24.0,12.0,0.0,58.12673558036488,44.62673558036488,13.5,nan,0.0,0,0,0,0
461,1,right_lane,nop,nan,40,0,21.143957345971565,12.0,14.0,14.0,19.5,0.0,52.376194255550274,41.626194255550274,10.75,nan,0.0,0,0,0,0
462,1,right_lane,nop,nan,40,0,24.518957345971565,19.0,6.0,15.0,21.0,0.0,56.027272090091245,47.02727209009125,9.0,nan,0.0,0,0,0,0
463,1,right_lane,nop,nan,40,0,24.268957345971565,13.0,15.0,12.0,21.0,0.0,56.37643433838916,46.62643433838916,9.75,nan,0.0,0,0,0,0
464,1,right_lane,nop,nan,34,1,24.283685021000604,7.0,11.0,16.0,13.0,0.0,50.122234950448075,39.62223495044807,10.5,nan,0.0,0,0,0,0
465,1,right_lane,nop,nan,40,0,22.143957345971565,21.0,19.0,0.0,30.0,0.0,47.72899159110243,42.72899159110243,5.0,nan,0.0,0,0,0,0
466,1,right_lane,nop,nan,40,0,21.143957345971565,1.0,1.0,38.0,0.5,0.0,61.12839910886089,41.62839910886089,19.5,nan,0.0,0,0,0,0
467,1,right_lane,nop,nan,40,0,22.143634297606013,0.0,9.0,31.0,5.0,0.0,60.97791761218226,43.22791761218225,17.75,nan,0.0,0,0,0,0
468,1,right_lane,nop,nan,40,0,23.000043292099726,16.0,10.0,14.0,21.5,0.0,53.845788468104764,44.595788468104764,9.25,nan,0.0,0,0,0,0
469,1,right_lane,nop,nan,40,0,22.62500570101718,3.0,7.0,30.0,6.5,0.0,60.868275542261294,44.36827554226129,16.5,nan,0.0,0,0,0,0
470,1,right_lane,nop,nan,40,0,22.768957345971565,7.0,1.0,32.0,6.5,0.0,61.178388359762494,44.428388359762494,16.75,nan,0.0,0,0,0,0
471,1,right_lane,nop,nan,40,0,23.268957345971565,0.0,0.0,40.0,0.0,0.0,65.03033175355449,45.0303317535545,20.0,nan,0.0,0,0,0,0
472,1,right_lane,nop,nan,40,0,22.14395724882166,2.0,19.0,19.0,11.0,0.0,57.726758099320875,43.22675809932088,14.5,nan,0.0,0,0,0,0
473,1,right_lane,nop,nan,40,0,20.893957345971565,31.0,6.0,3.0,35.0,0.0,44.22760421588284,41.22760421588285,3.0,nan,0.0,0,0,0,0
474,1,right_lane,nop,nan,40,0,22.393957345971565,34.0,6.0,0.0,36.0,0.0,45.12867194836091,43.62867194836091,1.5,nan,0.0,0,0,0,0
475,1,right_lane,nop,nan,40,0,22.268957345971565,37.0,3.0,0.0,38.5,0.0,44.67666813522075,43.42666813522075,1.25,nan,0.0,0,0,0,0
476,1,right_lane,nop,nan,40,0,22.643957345971565,0.0,25.0,15.0,13.0,0.0,57.280258509733606,44.03025850973361,13.25,nan,0.0,0,0,0,0
477,1,right_lane,nop,nan,40,0,22.768957345971565,5.0,6.0,29.0,8.0,0.0,59.97768692030993,44.227686920309935,15.75,nan,0.0,0,0,0,0
478,1,right_lane,nop,nan,40,0,24.268957345938,37.0,3.0,0.0,38.5,0.0,47.87828017194487,46.62828017194487,1.25,nan,0.0,0,0,0,0
479,1,right_lane,nop,nan,40,0,22.018957345971565,11.0,7.0,22.0,13.5,0.0,55.77695149675648,43.02695149675648,12.75,nan,0.0,0,0,0,0
480,1,right_lane,nop,nan,40,0,23.143956608239495,28.0,4.0,8.0,29.5,0.0,50.325602386010274,44.825602386010274,5.5,nan,0.0,0,0,0,0
481,1,right_lane,nop,nan,40,0,21.768957345971565,7.0,4.0,29.0,8.5,0.0,58.12746431852621,42.62746431852621,15.5,nan,0.0,0,0,0,0
482,1,right_lane,nop,nan,40,0,25.391460905349785,9.0,21.0,10.0,19.0,0.0,58.92019344429857,48.420193444298555,10.5,nan,0.0,0,0,0,0
483,1,right_lane,nop,nan,40,0,20.643957345971565,26.0,9.0,5.0,31.0,0.0,45.83152544945556,40.83152544945556,5.0,nan,0.0,0,0,0,0
484,1,right_lane,nop,nan,40,0,21.393957345971565,1.0,36.0,3.0,18.5,0.0,52.52770504874952,42.02770504874952,10.5,nan,0.0,0,0,0,0
485,1,right_lane,nop,nan,40,0,22.518957345971565,2.0,30.0,8.0,17.0,0.0,55.326059197317534,43.826059197317534,11.5,nan,0.0,0,0,0,0
486,1,right_lane,nop,nan,40,0,21.018957345971565,28.0,1.0,11.0,29.5,0.0,46.930330552626316,41.430330552626316,5.5,nan,0.0,0,0,0,0
487,1,right_lane,nop,nan,40,0,24.62749644062177,7.0,5.0,28.0,9.0,0.0,62.201010974812704,47.201010974812704,15.0,nan,0.0,0,0,0,0
488,1,right_lane,nop,nan,40,0,22.643628598303728,9.0,2.0,29.0,10.5,0.0,59.475401067700396,44.22540106770041,15.25,nan,0.0,0,0,0,0
489,1,right_lane,nop,nan,40,0,21.768957345967657,15.0,2.0,23.0,16.0,0.0,54.12885583807103,42.62885583807103,11.5,nan,0.0,0,0,0,0
490,1,right_lane,nop,nan,40,0,23.858210442422244,0.0,25.0,15.0,13.0,0.0,59.71826869012157,45.96826869012158,13.75,nan,0.0,0,0,0,0
491,1,right_lane,nop,nan,40,0,22.37499925099295,5.0,14.0,21.0,12.0,0.0,58.24247495114645,43.99247495114645,14.25,nan,0.0,0,0,0,0
492,1,right_lane,nop,nan,40,0,22.893957345971565,7.0,3.0,30.0,8.5,0.0,59.876772541001046,44.62677254100103,15.25,nan,0.0,0,0,0,0
493,1,right_lane,nop,nan,40,0,23.768957345971565,3.0,5.0,32.0,5.0,0.0,63.32655541149576,45.826555411495754,17.5,nan,0.0,0,0,0,0
494,1,right_lane,nop,nan,40,0,21.518957345971565,8.0,11.0,21.0,14.0,0.0,55.480331753554374,42.23033175355439,13.25,nan,0.0,0,0,0,0
495,1,right_lane,nop,nan,40,0,20.643957345971565,3.0,10.0,27.0,7.5,0.0,56.828462490953335,40.828462490953335,16.0,nan,0.0,0,0,0,0
496,1,right_lane,nop,nan,40,0,24.893957234091882,20.0,15.0,5.0,27.5,0.0,54.37289178829426,47.62289178829426,6.75,nan,0.0,0,0,0,0
497,1,right_lane,nop,nan,40,0,21.768957345971565,1.0,3.0,36.0,2.0,0.0,61.12939848512059,42.62939848512058,18.5,nan,0.0,0,0,0,0
498,1,right_lane,nop,nan,40,0,22.01650354556264,0.0,3.0,37.0,2.5,0.0,62.27368545603641,43.02368545603641,19.25,nan,0.0,0,0,0,0
499,1,right_lane,nop,nan,40,0,21.393957345971565,37.0,2.0,1.0,39.0,0.0,42.53052890343845,42.03052890343845,0.5,nan,0.0,0,0,0,0
500,1,right_lane,nop,nan,40,0,26.87255253947211,22.0,12.0,6.0,27.0,0.0,56.79074910026073,50.79074910026073,6.0,nan,0.0,0,0,0,0
501,1,right_lane,nop,nan,40,0,24.143956496581723,29.0,8.0,3.0,34.0,0.0,50.1285281580481,46.62852815804809,3.5,nan,0.0,0,0,0,0
502,1,right_lane,nop,nan,40,0,20.643957345971565,0.0,1.0,39.0,0.0,0.0,60.329398846582635,40.829398846582635,19.5,nan,0.0,0,0,0,0
503,1,right_lane,nop,nan,40,0,21.393957345971565,40.0,0.0,0.0,40.0,0.0,42.530331753554506,42.030331753554506,0.5,nan,0.0,0,0,0,0
504,1,right_lane,nop,nan,40,0,24.268957345971565,6.0,19.0,15.0,14.5,0.0,58.87428633104244,46.62428633104244,12.25,nan,0.0,0,0,0,0
505,1,right_lane,nop,nan,40,0,22.768957345745793,9.0,11.0,20.0,14.5,0.0,56.977736656970016,44.227736656970016,12.75,nan,0.0,0,0,0,0
506,1,right_lane,nop,nan,40,0,20.768957345971565,2.0,1.0,37.0,1.5,0.0,60.27839840465316,41.02839840465316,19.25,nan,0.0,0,0,0,0
507,1,right_lane,nop,nan,40,0,25.643957345971558,10.0,4.0,26.0,11.5,0.0,63.07822211354116,48.82822211354116,14.25,nan,0.0,0,0,0,0
508,1,right_lane,nop,nan,40,0,24.393957345971565,12.0,19.0,9.0,22.0,0.0,56.32499672713397,46.82499672713397,9.5,nan,0.0,0,0,0,0
509,1,right_lane,nop,nan,40,0,22.481414695510452,24.0,12.0,4.0,29.5,0.0,48.76784684441179,43.76784684441179,5.0,nan,0.0,0,0,0,0
510,1,right_lane,nop,nan,40,0,24.643957345971565,9.0,4.0,27.0,10.0,0.0,62.37564853302656,47.62564853302656,14.75,nan,0.0,0,0,0,0
511,1,right_lane,nop,nan,40,0,23.143957345971565,10.0,3.0,27.0,10.5,0.0,59.57867169448204,44.82867169448205,14.75,nan,0.0,0,0,0,0
512,1,right_lane,nop,nan,40,0,22.643957345971565,15.0,14.0,11.0,22.5,0.0,53.02807453765176,44.028074537651754,9.0,nan,0.0,0,0,0,0
513,1,right_lane,nop,nan,40,0,23.016460156287195,13.0,14.0,13.0,19.5,0.0,54.87156783764284,44.62156783764284,10.25,nan,0.0,0,0,0,0
514,1,right_lane,nop,nan,40,0,21.268957345971565,26.0,14.0,0.0,33.0,0.0,45.58286586135779,41.83286586135779,3.75,nan,0.0,0,0,0,0
515,1,right_lane,nop,nan,40,0,22.268951644954388,14.0,1.0,25.0,13.5,0.0,56.178524816937795,43.4285248169378,12.75,nan,0.0,0,0,0,0
516,1,right_lane,nop,nan,40,0,22.893957247111118,25.0,11.0,4.0,30.0,0.0,49.675445884895076,44.425445884895076,5.25,nan,0.0,0,0,0,0
517,1,right_lane,nop,nan,40,0,23.018957345971565,36.0,4.0,0.0,38.0,0.0,45.878672482756265,44.628672482756265,1.25,nan,0.0,0,0,0,0
518,1,right_lane,nop,nan,40,0,21.143628695453636,23.0,2.0,15.0,24.0,0.0,49.12789419900787,41.62789419900787,7.5,nan,0.0,0,0,0,0
519,1,right_lane,nop,nan,40,0,21.018957345971565,10.0,3.0,27.0,10.5,0.0,56.18078698883054,41.43078698883054,14.75,nan,0.0,0,0,0,0
520,1,right_lane,nop,nan,40,0,21.268957345971565,0.0,0.0,40.0,0.0,0.0,61.83033175355452,41.8303317535545,20.0,nan,0.0,0,0,0,0
521,1,right_lane,nop,nan,40,0,20.893957345971565,8.0,24.0,8.0,19.5,0.0,51.47852863527123,41.22852863527123,10.25,nan,0.0,0,0,0,0
522,1,right_lane,nop,nan,40,0,23.50249644062177,9.0,6.0,25.0,12.0,0.0,59.39904728299323,45.39904728299324,14.0,nan,0.0,0,0,0,0
523,1,right_lane,nop,nan,40,0,20.518957345971565,5.0,18.0,17.0,13.0,0.0,54.32552292344682,40.82552292344682,13.5,nan,0.0,0,0,0,0
524,1,right_lane,nop,nan,40,0,24.752496440621762,0.0,8.0,32.0,3.5,0.0,65.65206147213583,47.40206147213582,18.25,nan,0.0,0,0,0,0
525,1,right_lane,nop,nan,40,0,22.268957345971565,28.0,6.0,6.0,31.5,0.0,48.3706112454062,43.62061124540621,4.75,nan,0.0,0,0,0,0
526,1,right_lane,nop,nan,40,0,23.143957345971565,25.0,5.0,10.0,28.0,0.0,50.82773826786426,44.82773826786426,6.0,nan,0.0,0,0,0,0
527,1,right_lane,nop,nan,40,0,24.766789654732076,13.0,5.0,22.0,14.5,0.0,59.67520432312529,47.4252043231253,12.25,nan,0.0,0,0,0,0
528,1,right_lane,nop,nan,40,0,22.393957345971565,30.0,2.0,8.0,31.0,0.0,48.629477333978244,43.629477333978244,5.0,nan,0.0,0,0,0,0
529,1,right_lane,nop,nan,40,0,22.893957345971565,11.0,22.0,7.0,21.5,0.0,53.42837594333316,44.42837594333316,9.0,nan,0.0,0,0,0,0
530,1,right_lane,nop,nan,40,0,21.518957345971494,0.0,19.0,21.0,10.0,0.0,57.2280748282534,42.2280748282534,15.0,nan,0.0,0,0,0,0
531,1,right_lane,nop,nan,40,0,21.393628695453636,3.0,9.0,28.0,7.5,0.0,58.02559779771592,42.02559779771592,16.0,nan,0.0,0,0,0,0
532,1,right_lane,nop,nan,40,0,24.518957345971565,32.0,8.0,0.0,36.5,0.0,49.27843995465048,47.02843995465048,2.25,nan,0.0,0,0,0,0
533,1,right_lane,nop,nan,40,0,23.518957345971494,23.0,9.0,8.0,28.0,0.0,51.17596770309506,45.42596770309507,5.75,nan,0.0,0,0,0,0
534,1,right_lane,nop,nan,40,0,21.00249644062177,40.0,0.0,0.0,40.0,0.0,41.65399430499483,41.40399430499483,0.25,nan,0.0,0,0,0,0
535,1,right_lane,nop,nan,40,0,20.893957345971565,40.0,0.0,0.0,40.0,0.0,41.600525999011666,41.600525999011666,0.0,nan,0.0,0,0,0,0
536,1,right_lane,nop,nan,40,0,22.8939141527362,14.0,2.0,24.0,15.0,0.0,56.92830507541357,44.42830507541356,12.5,nan,0.0,0,0,0,0
537,1,right_lane,nop,nan,40,0,24.518957247107203,30.0,3.0,7.0,32.5,0.0,50.94825132732875,47.19825132732875,3.75,nan,0.0,0,0,0,0
538,1,right_lane,nop,nan,40,0,28.231042654028435,27.0,11.0,2.0,32.5,0.0,56.71375826532183,52.96375826532183,3.75,nan,0.0,0,0,0,0
539,1,right_lane,nop,nan,40,0,20.893957345971565,40.0,0.0,0.0,40.0,0.0,41.6303317535531,41.6303317535531,0.0,nan,0.0,0,0,0,0
540,1,right_lane,nop,nan,40,0,24.768957344257103,18.0,4.0,18.0,21.0,0.0,56.924706509299625,47.42470650929961,9.5,nan,0.0,0,0,0,0
541,1,right_lane,nop,nan,40,0,26.874999999996152,6.0,11.0,23.0,11.5,0.0,64.54645360364908,50.7964536036491,13.75,nan,0.0,0,0,0,0
542,1,right_lane,nop,nan,40,0,24.393957345971565,1.0,4.0,35.0,2.5,0.0,65.6029027211486,46.85290272114858,18.75,nan,0.0,0,0,0,0
543,1,right_lane,nop,nan,40,0,23.143957345971565,7.0,25.0,8.0,19.0,0.0,55.326535267140414,44.826535267140414,10.5,nan,0.0,0,0,0,0
544,1,right_lane,nop,nan,40,0,22.60608595914734,34.0,5.0,1.0,36.0,0.0,45.96716567532677,43.96716567532677,2.0,nan,0.0,0,0,0,0
545,1,right_lane,nop,nan,40,0,23.643957345967646,23.0,6.0,11.0,26.5,0.0,53.277927413925795,46.027927413925795,7.25,nan,0.0,0,0,0,0
546,1,right_lane,nop,nan,40,0,22.768957345971565,0.0,1.0,39.0,0.0,0.0,63.72939832969154,44.22939832969154,19.5,nan,0.0,0,0,0,0
547,1,right_lane,nop,nan,40,0,24.499995049508804,0.0,15.0,25.0,7.0,0.0,63.49472021322185,46.99472021322184,16.5,nan,0.0,0,0,0,0
548,1,right_lane,nop,nan,40,0,22.37504254306294,10.0,4.0,26.0,13.0,0.0,57.620291415683994,43.620291415683994,14.0,nan,0.0,0,0,0,0
549,1,right_lane,nop,nan,40,0,22.518957345971494,9.0,11.0,20.0,13.5,0.0,56.77783193179733,44.02783193179733,12.75,nan,0.0,0,0,0,0
550,1,right_lane,nop,nan,40,0,22.250328749382287,37.0,2.0,1.0,38.5,0.0,44.39767871327984,43.39767871327984,1.0,nan,0.0,0,0,0,0
551,1,right_lane,nop,nan,40,0,22.893951646668775,13.0,5.0,22.0,15.0,0.0,56.70321592690418,44.45321592690418,12.25,nan,0.0,0,0,0,0
552,1,right_lane,nop,nan,40,0,21.268957345971565,0.0,7.0,33.0,3.0,0.0,60.32940792560167,41.82940792560168,18.5,nan,0.0,0,0,0,0
553,1,right_lane,nop,nan,40,0,21.750043292099207,28.0,12.0,0.0,34.5,0.0,45.849063288115445,42.599063288115445,3.25,nan,0.0,0,0,0,0
554,1,right_lane,nop,nan,40,0,22.26895733298212,35.0,4.0,1.0,38.0,0.0,44.45325347895199,43.453253478952,1.0,nan,0.0,0,0,0,0
555,1,right_lane,nop,nan,40,0,24.143957345971565,7.0,9.0,24.0,11.5,0.0,60.17323967125333,46.42323967125333,13.75,nan,0.0,0,0,0,0
556,1,right_lane,nop,nan,40,0,24.643957345745797,18.0,13.0,9.0,25.0,0.0,55.22407194911906,47.224071949119065,8.0,nan,0.0,0,0,0,0
557,1,right_lane,nop,nan,40,0,23.393957345942347,0.0,9.0,31.0,5.0,0.0,62.47802761643992,45.22802761643992,17.25,nan,0.0,0,0,0,0
558,1,right_lane,nop,nan,3,1,25.0,1.0,2.0,0.0,2.0,0.0,3.8990670775535157,3.3990670775535157,0.5,nan,0.0,0,0,0,0
559,1,right_lane,nop,nan,40,0,22.6417896532434,18.0,2.0,20.0,19.0,0.0,54.02593001821668,43.525930018216684,10.5,nan,0.0,0,0,0,0
560,1,right_lane,nop,nan,17,1,22.1034290492749,17.0,0.0,0.0,17.0,0.0,18.48201082105604,18.23201082105604,0.25,nan,0.0,0,0,0,0
561,1,right_lane,nop,nan,40,0,21.143957345971565,1.0,5.0,34.0,2.5,0.0,59.37665556501158,41.12665556501158,18.25,nan,0.0,0,0,0,0
562,1,right_lane,nop,nan,40,0,22.01891901715702,12.0,12.0,16.0,18.5,0.0,54.02864087358968,43.02864087358968,11.0,nan,0.0,0,0,0,0
563,1,right_lane,nop,nan,40,0,22.268956595220324,31.0,2.0,7.0,31.5,0.0,47.427516366266666,43.427516366266666,4.0,nan,0.0,0,0,0,0
564,1,right_lane,nop,nan,40,0,25.018957345971565,32.0,8.0,0.0,36.0,0.0,50.326864874951994,47.826864874952,2.5,nan,0.0,0,0,0,0
565,1,right_lane,nop,nan,40,0,20.8939566082395,0.0,0.0,40.0,0.0,0.0,60.730330573183195,41.230330573183195,19.5,nan,0.0,0,0,0,0
566,1,right_lane,nop,nan,40,0,23.24750926062125,30.0,5.0,5.0,33.5,0.0,48.742940066343735,44.992940066343735,3.75,nan,0.0,0,0,0,0
567,1,right_lane,nop,nan,40,0,25.39395734597156,18.0,8.0,14.0,21.5,0.0,57.205502667263545,48.455502667263545,8.75,nan,0.0,0,0,0,0
568,1,right_lane,nop,nan,40,0,24.768957345971565,6.0,8.0,26.0,9.5,0.0,62.67626719886907,47.426267198869084,15.25,nan,0.0,0,0,0,0
569,1,right_lane,nop,nan,40,0,22.018957345971565,0.0,2.0,38.0,0.5,0.0,62.77963839496078,43.029638394960784,19.75,nan,0.0,0,0,0,0
570,1,right_lane,nop,nan,40,0,21.00032874938229,3.0,1.0,36.0,4.5,0.0,59.650523039280664,41.400523039280664,18.25,nan,0.0,0,0,0,0
571,1,right_lane,nop,nan,40,0,24.643957345971565,16.0,7.0,17.0,20.5,0.0,57.17758081577648,47.427580815776466,9.75,nan,0.0,0,0,0,0
572,1,right_lane,nop,nan,40,0,25.643957345971494,17.0,23.0,0.0,28.5,0.0,54.328687186523744,48.828687186523744,5.5,nan,0.0,0,0,0,0
573,1,right_lane,nop,nan,40,0,22.018957345971565,0.0,13.0,27.0,6.0,0.0,59.77937990973048,43.02937990973049,16.75,nan,0.0,0,0,0,0
574,1,right_lane,nop,nan,40,0,21.393957345971565,39.0,1.0,0.0,40.0,0.0,42.52939766774114,42.02939766774114,0.5,nan,0.0,0,0,0,0
575,1,right_lane,nop,nan,40,0,22.518956595194517,19.0,6.0,15.0,22.5,0.0,52.57604627402027,43.82604627402027,8.75,nan,0.0,0,0,0,0
576,1,right_lane,nop,nan,40,0,24.268957345971494,29.0,7.0,4.0,32.0,0.0,50.12551418382176,46.62551418382176,3.5,nan,0.0,0,0,0,0
577,1,right_lane,nop,nan,40,0,22.768957345967646,22.0,11.0,7.0,28.5,0.0,50.47866892394653,44.22866892394652,6.25,nan,0.0,0,0,0,0
578,1,right_lane,nop,nan,40,0,22.768957345971565,11.0,2.0,27.0,12.0,0.0,57.728375786403866,44.228375786403866,13.5,nan,0.0,0,0,0,0
579,1,right_lane,nop,nan,40,0,22.268957332952457,17.0,11.0,12.0,22.5,0.0,52.17679443873904,43.42679443873904,8.75,nan,0.0,0,0,0,0
580,1,right_lane,nop,nan,40,0,23.393957345971565,10.0,5.0,25.0,12.5,0.0,58.97705205916601,45.22705205916602,13.75,nan,0.0,0,0,0,0
581,1,right_lane,nop,nan,40,0,21.018957345971565,7.0,2.0,31.0,8.5,0.0,57.85306021918147,41.60306021918148,16.25,nan,0.0,0,0,0,0
582,1,right_lane,nop,nan,40,0,24.268957345971565,0.0,0.0,40.0,0.0,0.0,66.1303317535545,46.630331753554515,19.5,nan,0.0,0,0,0,0
583,1,right_lane,nop,nan,40,0,23.518957345971565,19.0,19.0,2.0,28.5,0.0,51.42805440518213,45.42805440518213,6.0,nan,0.0,0,0,0,0
584,1,right_lane,nop,nan,40,0,21.893957345971565,3.0,29.0,8.0,17.0,0.0,54.328182781838215,42.828182781838215,11.5,nan,0.0,0,0,0,0
585,1,right_lane,nop,nan,40,0,23.89395100608661,31.0,3.0,6.0,32.5,0.0,50.02651872599642,46.02651872599642,4.0,nan,0.0,0,0,0,0
586,1,right_lane,nop,nan,40,0,22.768957345971565,33.0,4.0,3.0,36.0,0.0,46.22509502617027,44.22509502617027,2.0,nan,0.0,0,0,0,0
587,1,right_lane,nop,nan,40,0,22.768957345971565,0.0,26.0,14.0,13.5,0.0,57.22686856021393,44.22686856021394,13.0,nan,0.0,0,0,0,0
588,1,right_lane,nop,nan,40,0,24.768957345971565,37.0,3.0,0.0,38.5,0.0,48.42828017199858,47.42828017199858,1.0,nan,0.0,0,0,0,0
589,1,right_lane,nop,nan,40,0,23.393957345716643,1.0,12.0,27.0,8.0,0.0,61.22963888173765,45.22963888173764,16.0,nan,0.0,0,0,0,0
590,1,right_lane,nop,nan,40,0,22.768957345971565,0.0,9.0,31.0,4.0,0.0,61.72805744376783,44.22805744376783,17.5,nan,0.0,0,0,0,0
591,1,right_lane,nop,nan,40,0,22.643957345971565,13.0,14.0,13.0,19.5,0.0,54.276771520116014,44.026771520116014,10.25,nan,0.0,0,0,0,0
592,1,right_lane,nop,nan,13,1,28.787823550948207,10.0,3.0,0.0,11.5,0.0,18.367339999923665,17.367339999923665,1.0,nan,0.0,0,0,0,0
593,1,right_lane,nop,nan,40,0,23.37749644062125,2.0,6.0,32.0,4.5,0.0,62.201573142528964,44.70157314252897,17.5,nan,0.0,0,0,0,0
594,1,right_lane,nop,nan,40,0,24.393957345971565,30.0,9.0,1.0,34.5,0.0,50.0230963046575,47.02309630465749,3.0,nan,0.0,0,0,0,0
595,1,right_lane,nop,nan,40,0,23.391789654706262,7.0,10.0,23.0,12.0,0.0,59.2235735220662,45.2235735220662,14.0,nan,0.0,0,0,0,0
596,1,right_lane,nop,nan,40,0,20.768957345971565,17.0,4.0,19.0,19.5,0.0,51.53240924210689,41.03240924210688,10.5,nan,0.0,0,0,0,0
597,1,right_lane,nop,nan,40,0,25.26895734597098,26.0,9.0,5.0,31.0,0.0,52.725850348325345,48.22585034832535,4.5,nan,0.0,0,0,0,0
598,1,right_lane,nop,nan,40,0,21.750328749382287,12.0,6.0,22.0,16.0,0.0,54.59851216600584,42.59851216600584,12.0,nan,0.0,0,0,0,0
599,1,right_lane,nop,nan,40,0,24.518957345945743,27.0,13.0,0.0,33.5,0.0,50.47687983070795,47.22687983070796,3.25,nan,0.0,0,0,0,0
600,1,right_lane,nop,nan,40,0,23.356043406494138,28.0,8.0,4.0,31.5,0.0,48.915298737649486,45.165298737649486,3.75,nan,0.0,0,0,0,0
601,1,right_lane,nop,nan,40,0,23.643957345971565,16.0,24.0,0.0,27.5,0.0,52.35429951413712,45.85429951413712,6.5,nan,0.0,0,0,0,0
602,1,right_lane,nop,nan,40,0,24.143957345745793,0.0,23.0,17.0,11.5,0.0,60.67769334051923,46.42769334051923,14.25,nan,0.0,0,0,0,0
603,1,right_lane,nop,nan,40,0,22.518957345971565,16.0,16.0,8.0,23.5,0.0,52.07666414366521,43.82666414366521,8.25,nan,0.0,0,0,0,0
604,1,right_lane,nop,nan,40,0,22.266504197449517,0.0,26.0,14.0,13.5,0.0,56.67640536006941,43.42640536006942,13.25,nan,0.0,0,0,0,0
605,1,right_lane,nop,nan,40,0,21.018957345971565,0.0,28.0,12.0,14.0,0.0,54.43321888876062,41.433218888760614,13.0,nan,0.0,0,0,0,0
606,1,right_lane,nop,nan,40,0,23.14395734594182,33.0,3.0,4.0,34.5,0.0,47.826984138254325,44.826984138254325,3.0,nan,0.0,0,0,0,0
607,1,right_lane,nop,nan,40,0,22.393957345971565,12.0,4.0,24.0,14.0,0.0,56.128691920463076,43.628691920463076,12.5,nan,0.0,0,0,0,0
608,1,right_lane,nop,nan,40,0,23.518957345971494,12.0,7.0,21.0,15.5,0.0,57.675016848307,45.425016848306996,12.25,nan,0.0,0,0,0,0
609,1,right_lane,nop,nan,40,0,22.018957345971565,14.0,26.0,0.0,27.0,0.0,49.77939711036677,43.02939711036677,6.75,nan,0.0,0,0,0,0
610,1,right_lane,nop,nan,40,0,21.124720243734682,0.0,6.0,34.0,3.5,0.0,59.84859533215282,41.59859533215282,18.25,nan,0.0,0,0,0,0
611,1,right_lane,nop,nan,40,0,22.768956595250053,18.0,19.0,3.0,27.5,0.0,50.425504183668124,44.42550418366811,6.0,nan,0.0,0,0,0,0
612,1,right_lane,nop,nan,40,0,23.643957345971565,16.0,13.0,11.0,22.5,0.0,54.87352860257486,45.623528602574844,9.25,nan,0.0,0,0,0,0
613,1,right_lane,nop,nan,40,0,21.393957345971565,2.0,20.0,18.0,11.0,0.0,56.02706317208966,42.02706317208966,14.0,nan,0.0,0,0,0,0
614,1,right_lane,nop,nan,40,0,22.393957345971565,8.0,3.0,29.0,9.5,0.0,58.87677144995578,43.62677144995578,15.25,nan,0.0,0,0,0,0
615,1,right_lane,nop,nan,40,0,20.89395733317816,38.0,1.0,1.0,39.5,0.0,41.97839838387005,41.22839838387005,0.75,nan,0.0,0,0,0,0
616,1,right_lane,nop,nan,11,1,25.5234577972102,11.0,0.0,0.0,11.0,0.0,13.403983999986698,13.403983999986698,0.0,nan,0.0,0,0,0,0
617,1,right_lane,nop,nan,40,0,22.518957345971565,16.0,15.0,9.0,24.0,0.0,51.32844644051775,43.32844644051775,8.0,nan,0.0,0,0,0,0
618,1,right_lane,nop,nan,40,0,24.766504197449517,15.0,10.0,15.0,20.0,0.0,56.922712877336046,47.42271287733604,9.5,nan,0.0,0,0,0,0
619,1,right_lane,nop,nan,40,0,21.268957345971565,14.0,1.0,25.0,13.5,0.0,55.25545098917977,42.00545098917978,13.25,nan,0.0,0,0,0,0
620,1,right_lane,nop,nan,40,0,24.268951644954832,21.0,4.0,15.0,23.0,0.0,55.12697490104957,46.62697490104958,8.5,nan,0.0,0,0,0,0
621,1,right_lane,nop,nan,40,0,22.018957345971497,40.0,0.0,0.0,40.0,0.0,43.53033967397928,43.03033967397928,0.5,nan,0.0,0,0,0,0
622,1,right_lane,nop,nan,13,1,24.289099181821367,12.0,1.0,0.0,13.0,0.0,15.029398150678801,15.029398150678801,0.0,nan,0.0,0,0,0,0
623,1,right_lane,nop,nan,40,0,24.143957345971565,9.0,1.0,30.0,8.5,0.0,61.1788939924714,45.92889399247141,15.25,nan,0.0,0,0,0,0
624,1,right_lane,nop,nan,40,0,23.518957345971508,12.0,16.0,12.0,20.5,0.0,55.67405425698204,45.42405425698204,10.25,nan,0.0,0,0,0,0
625,1,right_lane,nop,nan,40,0,21.75249644062177,2.0,21.0,17.0,13.0,0.0,56.10158487564776,42.60158487564776,13.5,nan,0.0,0,0,0,0
626,1,right_lane,nop,nan,40,0,23.393957345971565,8.0,4.0,28.0,10.0,0.0,60.17256024077733,45.42256024077733,14.75,nan,0.0,0,0,0,0
627,1,right_lane,nop,nan,40,0,22.143957345971565,0.0,0.0,40.0,0.0,0.0,62.98033175355451,43.230331753554495,19.75,nan,0.0,0,0,0,0
628,1,right_lane,nop,nan,40,0,21.768957345971565,0.0,8.0,32.0,4.0,0.0,60.62893811055869,42.6289381105587,18.0,nan,0.0,0,0,0,0
629,1,right_lane,nop,nan,40,0,22.268957345971565,24.0,1.0,15.0,25.0,0.0,51.17839840305845,43.42839840305845,7.75,nan,0.0,0,0,0,0
630,1,right_lane,nop,nan,40,0,22.018957345971565,6.0,2.0,32.0,7.0,0.0,59.276444505153336,43.026444505153336,16.25,nan,0.0,0,0,0,0
631,1,right_lane,nop,nan,40,0,25.50000560215289,13.0,7.0,20.0,17.0,0.0,60.591682166946256,48.59168216694626,12.0,nan,0.0,0,0,0,0
632,1,right_lane,nop,nan,40,0,24.393914053872358,0.0,1.0,39.0,0.5,0.0,66.27845041314274,47.028450413142714,19.25,nan,0.0,0,0,0,0
633,1,right_lane,nop,nan,40,0,23.372794730697215,6.0,12.0,22.0,11.0,0.0,59.689756528501796,45.189756528501796,14.5,nan,0.0,0,0,0,0
634,1,right_lane,nop,nan,40,0,20.643957345971565,31.0,1.0,8.0,32.5,0.0,45.28237775980901,41.032377759809,4.25,nan,0.0,0,0,0,0
635,1,right_lane,nop,nan,40,0,20.768957345971565,40.0,0.0,0.0,40.0,0.0,41.030331753554506,41.030331753554506,0.0,nan,0.0,0,0,0,0
636,1,right_lane,nop,nan,40,0,21.143957345971565,1.0,1.0,38.0,0.5,0.0,60.87839910886089,41.62839910886089,19.25,nan,0.0,0,0,0,0
637,1,right_lane,nop,nan,40,0,23.141460806740938,28.0,4.0,8.0,31.0,0.0,49.82328911688519,44.823289116885206,5.0,nan,0.0,0,0,0,0
638,1,right_lane,nop,nan,5,1,28.84838684036547,0.0,0.0,5.0,0.5,0.0,8.573145811053585,6.573145811053586,2.0,nan,0.0,0,0,0,0
639,1,right_lane,nop,nan,40,0,26.01895734597149,7.0,9.0,24.0,12.0,0.0,63.576221252279005,49.32622125227899,14.25,nan,0.0,0,0,0,0
640,1,right_lane,nop,nan,40,0,25.26895734594184,6.0,2.0,32.0,7.0,0.0,64.22841108086038,48.22841108086039,16.0,nan,0.0,0,0,0,0
641,1,right_lane,nop,nan,40,0,23.018957345971565,20.0,19.0,1.0,30.5,0.0,49.87700329052582,44.62700329052581,5.25,nan,0.0,0,0,0,0
642,1,right_lane,nop,nan,40,0,21.268957345971565,0.0,1.0,39.0,0.0,0.0,61.3293983296861,41.82939832968609,19.5,nan,0.0,0,0,0,0
643,1,right_lane,nop,nan,40,0,23.643957345971565,12.0,5.0,23.0,15.0,0.0,58.628398099420565,45.628398099420565,13.0,nan,0.0,0,0,0,0
644,1,right_lane,nop,nan,40,0,24.50249644062177,32.0,8.0,0.0,36.0,0.0,49.00233493183438,47.00233493183438,2.0,nan,0.0,0,0,0,0
645,1,right_lane,nop,nan,40,0,22.249957460365977,1.0,7.0,32.0,5.5,0.0,60.843574190931214,43.59357419093122,17.25,nan,0.0,0,0,0,0
646,1,right_lane,nop,nan,40,0,22.018956608239495,19.0,4.0,17.0,21.5,0.0,52.47743122164631,43.22743122164632,9.25,nan,0.0,0,0,0,0
647,1,right_lane,nop,nan,40,0,22.375043292099658,32.0,7.0,1.0,36.0,0.0,45.34586787658487,43.59586787658487,1.75,nan,0.0,0,0,0,0
648,1,right_lane,nop,nan,3,1,25.0,1.0,1.0,1.0,1.0,0.0,4.771670293182226,3.7716702931822264,1.0,nan,0.0,0,0,0,0
649,1,right_lane,nop,nan,40,0,22.143957345941836,14.0,10.0,16.0,19.5,0.0,53.226532912758714,42.726532912758714,10.5,nan,0.0,0,0,0,0
650,1,right_lane,nop,nan,40,0,23.372510011146723,6.0,31.0,3.0,20.5,0.0,54.44160812277711,45.19160812277711,9.25,nan,0.0,0,0,0,0
651,1,right_lane,nop,nan,10,1,26.07563341232145,5.0,2.0,3.0,7.0,0.0,14.43134746797112,12.43134746797112,2.0,nan,0.0,0,0,0,0
652,1,right_lane,nop,nan,40,0,22.0189573457458,13.0,4.0,23.0,15.5,0.0,54.778095775281066,42.52809577528105,12.25,nan,0.0,0,0,0,0
653,1,right_lane,nop,nan,40,0,24.018956582426917,10.0,15.0,15.0,17.5,0.0,56.973767777105344,46.223767777105344,10.75,nan,0.0,0,0,0,0
654,1,right_lane,nop,nan,40,0,21.393957345971565,28.0,2.0,10.0,30.0,0.0,47.526677330179815,42.02667733017982,5.5,nan,0.0,0,0,0,0
655,1,right_lane,nop,nan,40,0,21.76646660636704,20.0,5.0,15.0,22.5,0.0,51.3744132181891,42.624413218189105,8.75,nan,0.0,0,0,0,0
656,1,right_lane,nop,nan,40,0,22.51895163387537,1.0,13.0,26.0,6.5,0.0,60.08011061112558,43.830110611125576,16.25,nan,0.0,0,0,0,0
657,1,right_lane,nop,nan,40,0,21.768957345941836,0.0,0.0,40.0,0.0,0.0,62.630339689324515,42.630339689324515,20.0,nan,0.0,0,0,0,0
658,1,right_lane,nop,nan,40,0,24.268957345967646,28.0,6.0,6.0,31.0,0.0,51.62675324612664,46.62675324612664,5.0,nan,0.0,0,0,0,0
659,1,right_lane,nop,nan,40,0,25.87254685170373,11.0,4.0,25.0,13.0,0.0,62.69272603447912,49.19272603447912,13.5,nan,0.0,0,0,0,0
660,1,right_lane,nop,nan,40,0,21.64395734596765,0.0,3.0,37.0,1.5,0.0,61.38236548329609,42.632365483296084,18.75,nan,0.0,0,0,0,0
661,1,right_lane,nop,nan,40,0,21.768957345971565,31.0,2.0,7.0,32.0,0.0,47.12653842005325,42.62653842005325,4.5,nan,0.0,0,0,0,0
662,1,right_lane,nop,nan,40,0,22.518956595220835,21.0,11.0,8.0,26.0,0.0,50.32769613891567,43.82769613891567,6.5,nan,0.0,0,0,0,0
663,1,right_lane,nop,nan,40,0,22.518957345971046,22.0,3.0,15.0,23.5,0.0,52.57696356324017,43.82696356324017,8.75,nan,0.0,0,0,0,0
664,1,right_lane,nop,nan,40,0,24.48104265403241,28.0,6.0,6.0,31.0,0.0,51.46631139819895,46.96631139819895,4.5,nan,0.0,0,0,0,0
665,1,right_lane,nop,nan,40,0,21.643951743622637,0.0,4.0,36.0,2.0,0.0,61.32675675068316,42.82675675068316,18.5,nan,0.0,0,0,0,0
666,1,right_lane,nop,nan,14,1,24.33987808925142,11.0,3.0,0.0,13.0,0.0,17.22825110450736,16.22825110450736,1.0,nan,0.0,0,0,0,0
667,1,right_lane,nop,nan,40,0,24.768957345971565,6.0,23.0,11.0,17.0,0.0,58.174615358808005,46.924615358808005,11.25,nan,0.0,0,0,0,0
668,1,right_lane,nop,nan,40,0,25.643957344257093,28.0,11.0,1.0,33.5,0.0,52.32401575148942,48.824015751489426,3.5,nan,0.0,0,0,0,0
669,1,right_lane,nop,nan,40,0,20.768957345971565,38.0,1.0,1.0,39.5,0.0,41.27839840672269,41.02839840672269,0.25,nan,0.0,0,0,0,0
670,1,right_lane,nop,nan,40,0,23.518957345971565,31.0,3.0,6.0,32.5,0.0,49.17675296142163,45.42675296142163,3.75,nan,0.0,0,0,0,0
671,1,right_lane,nop,nan,40,0,26.018957345967134,23.0,10.0,7.0,27.0,0.0,55.42571416348853,49.42571416348853,6.0,nan,0.0,0,0,0,0
672,1,right_lane,nop,nan,40,0,25.481042654028442,32.0,8.0,0.0,36.0,0.0,50.816611586542976,48.566611586542976,2.25,nan,0.0,0,0,0,0
673,1,right_lane,nop,nan,40,0,22.37749644062177,8.0,3.0,29.0,9.0,0.0,59.07777768728332,43.82777768728334,15.25,nan,0.0,0,0,0,0
674,1,right_lane,nop,nan,40,0,23.143957345971565,30.0,3.0,7.0,31.5,0.0,49.77328585065684,45.02328585065683,4.75,nan,0.0,0,0,0,0
675,1,right_lane,nop,nan,40,0,23.018957345971565,11.0,17.0,12.0,18.5,0.0,54.87962330407746,44.62962330407746,10.25,nan,0.0,0,0,0,0
676,1,right_lane,nop,nan,40,0,21.268957345971565,39.0,1.0,0.0,40.0,0.0,42.32939766774115,41.82939766774115,0.5,nan,0.0,0,0,0,0
677,1,right_lane,nop,nan,40,0,23.643957345971565,14.0,2.0,24.0,15.0,0.0,57.62696036155833,45.62696036155834,12.0,nan,0.0,0,0,0,0
678,1,right_lane,nop,nan,40,0,21.268957345745857,20.0,13.0,7.0,26.5,0.0,48.82886387419818,41.828863874198184,7.0,nan,0.0,0,0,0,0
679,1,right_lane,nop,nan,40,0,24.268591007221254,16.0,13.0,11.0,23.0,0.0,55.374540984385526,46.624540984385526,8.75,nan,0.0,0,0,0,0
680,1,right_lane,nop,nan,17,1,24.16225057973223,12.0,4.0,1.0,14.5,0.0,20.876881449795107,19.626881449795107,1.25,nan,0.0,0,0,0,0
681,1,right_lane,nop,nan,40,0,24.893956496356545,7.0,3.0,30.0,9.0,0.0,62.627980702116645,47.12798070211665,15.5,nan,0.0,0,0,0,0
682,1,right_lane,nop,nan,40,0,23.518957345971565,16.0,6.0,18.0,18.0,0.0,55.92613851229352,45.42613851229351,10.5,nan,0.0,0,0,0,0
683,1,right_lane,nop,nan,40,0,21.018957345971565,0.0,0.0,40.0,0.0,0.0,61.4303317535545,41.430331753554505,20.0,nan,0.0,0,0,0,0
684,1,right_lane,nop,nan,40,0,20.393957345971565,26.0,2.0,12.0,27.0,0.0,46.92839717648496,40.42839717648496,6.5,nan,0.0,0,0,0,0
686,1,right_lane,nop,nan,40,0,22.26862291030566,7.0,2.0,31.0,7.5,0.0,58.67827260818926,42.92827260818926,15.75,nan,0.0,0,0,0,0
687,1,right_lane,nop,nan,40,0,21.768957345971565,12.0,14.0,14.0,20.0,0.0,53.13033444677254,42.63033444677253,10.5,nan,0.0,0,0,0,0
688,1,right_lane,nop,nan,40,0,20.768957345971565,0.0,3.0,37.0,2.0,0.0,59.780331753554506,41.030331753554506,18.75,nan,0.0,0,0,0,0
689,1,right_lane,nop,nan,40,0,23.89146090535365,10.0,3.0,27.0,12.5,0.0,60.02268835828755,46.022688358287546,14.0,nan,0.0,0,0,0,0
690,1,right_lane,nop,nan,40,0,21.518957344482878,40.0,0.0,0.0,40.0,0.0,42.233800057150404,42.233800057150404,0.0,nan,0.0,0,0,0,0
691,1,right_lane,nop,nan,40,0,23.625000013019175,27.0,3.0,10.0,28.5,0.0,50.84667222126975,45.59667222126975,5.25,nan,0.0,0,0,0,0
692,1,right_lane,nop,nan,40,0,23.731377104427974,9.0,9.0,22.0,14.0,0.0,59.04296063862045,45.79296063862045,13.25,nan,0.0,0,0,0,0
693,1,right_lane,nop,nan,40,0,22.018951646668775,24.0,7.0,9.0,27.5,0.0,49.92862957085875,43.42862957085875,6.5,nan,0.0,0,0,0,0
694,1,right_lane,nop,nan,40,0,23.106085946353936,25.0,5.0,10.0,27.5,0.0,50.516081535668924,44.766081535668924,5.75,nan,0.0,0,0,0,0
695,1,right_lane,nop,nan,40,0,21.64395734574586,37.0,2.0,1.0,38.5,0.0,44.07747131230713,42.82747131230713,1.25,nan,0.0,0,0,0,0
696,1,right_lane,nop,nan,40,0,23.643957345971565,13.0,23.0,4.0,24.0,0.0,53.37652009233412,45.62652009233412,7.75,nan,0.0,0,0,0,0
697,1,right_lane,nop,nan,40,0,21.893914152736198,19.0,6.0,15.0,22.0,0.0,52.077439332702106,42.82743933270212,9.25,nan,0.0,0,0,0,0
698,1,right_lane,nop,nan,40,0,22.250000000003915,15.0,25.0,0.0,27.5,0.0,49.39684985654588,43.39684985654588,6.0,nan,0.0,0,0,0,0
699,1,right_lane,nop,nan,40,0,23.268957345971565,6.0,8.0,26.0,9.5,0.0,60.478891490314915,45.22889149031492,15.25,nan,0.0,0,0,0,0
700,1,right_lane,nop,nan,40,0,24.893957345971565,9.0,10.0,21.0,14.0,0.0,60.62773799629805,47.62773799629805,13.0,nan,0.0,0,0,0,0
701,1,right_lane,nop,nan,40,0,23.643914152736198,25.0,4.0,11.0,27.5,0.0,51.87726062719545,45.62726062719545,6.25,nan,0.0,0,0,0,0
702,1,right_lane,nop,nan,40,0,26.39395734403133,15.0,16.0,9.0,22.5,0.0,58.773796336025015,50.023796336025015,8.75,nan,0.0,0,0,0,0
703,1,right_lane,nop,nan,40,0,21.643957345971565,34.0,3.0,3.0,35.5,0.0,44.92699692035172,42.42699692035172,2.5,nan,0.0,0,0,0,0
704,1,right_lane,nop,nan,40,0,22.518957345971565,27.0,4.0,9.0,30.0,0.0,49.00212470621288,44.00212470621288,5.0,nan,0.0,0,0,0,0
705,1,right_lane,nop,nan,40,0,23.518956694084622,15.0,1.0,24.0,14.5,0.0,57.67837614846909,45.42837614846909,12.25,nan,0.0,0,0,0,0
706,1,right_lane,nop,nan,40,0,25.518957345971565,35.0,5.0,0.0,37.5,0.0,50.3786730346306,48.6286730346306,1.75,nan,0.0,0,0,0,0
707,1,right_lane,nop,nan,40,0,23.143957345971565,0.0,29.0,11.0,14.5,0.0,57.32868988020906,44.82868988020907,12.5,nan,0.0,0,0,0,0
708,1,right_lane,nop,nan,40,0,21.393629347340514,40.0,0.0,0.0,40.0,0.0,42.27980695574483,42.02980695574483,0.25,nan,0.0,0,0,0,0
709,1,right_lane,nop,nan,40,0,20.768957345971565,3.0,20.0,17.0,13.5,0.0,54.02745699866871,41.02745699866871,13.0,nan,0.0,0,0,0,0
710,1,right_lane,nop,nan,40,0,22.000043292099726,25.0,7.0,8.0,29.0,0.0,48.74685020174702,42.99685020174702,5.75,nan,0.0,0,0,0,0
711,1,right_lane,nop,nan,40,0,24.768956595224235,40.0,0.0,0.0,40.0,0.0,47.45660785518648,47.45660785518648,0.0,nan,0.0,0,0,0,0
712,1,right_lane,nop,nan,40,0,21.76895733298212,18.0,13.0,9.0,24.5,0.0,50.12886850924975,42.62886850924974,7.5,nan,0.0,0,0,0,0
713,1,right_lane,nop,nan,40,0,24.518957345971565,10.0,8.0,22.0,13.0,0.0,60.27175004955253,47.02175004955253,13.25,nan,0.0,0,0,0,0
714,1,right_lane,nop,nan,40,0,25.01678321620854,18.0,8.0,14.0,21.0,0.0,57.32498963317957,47.82498963317957,9.5,nan,0.0,0,0,0,0
715,1,right_lane,nop,nan,40,0,21.143957345971565,37.0,3.0,0.0,39.0,0.0,42.63265891433538,41.63265891433538,1.0,nan,0.0,0,0,0,0
716,1,right_lane,nop,nan,40,0,24.143957345971565,13.0,11.0,16.0,18.5,0.0,56.675805671031036,46.425805671031036,10.25,nan,0.0,0,0,0,0
717,1,right_lane,nop,nan,40,0,25.018957345971046,7.0,7.0,26.0,10.5,0.0,62.57314396378726,47.82314396378727,14.75,nan,0.0,0,0,0,0
718,1,right_lane,nop,nan,40,0,23.75000000171446,27.0,7.0,6.0,29.5,0.0,51.04906829935239,45.79906829935239,5.25,nan,0.0,0,0,0,0
719,1,right_lane,nop,nan,40,0,22.393957345971565,20.0,5.0,15.0,22.5,0.0,52.404735801476306,43.6547358014763,8.75,nan,0.0,0,0,0,0
720,1,right_lane,nop,nan,40,0,21.518957345971565,39.0,1.0,0.0,40.0,0.0,42.72939766774115,42.22939766774115,0.5,nan,0.0,0,0,0,0
721,1,right_lane,nop,nan,40,0,22.768957345741946,5.0,11.0,24.0,11.0,0.0,58.47735198097409,44.22735198097408,14.25,nan,0.0,0,0,0,0
722,1,right_lane,nop,nan,40,0,21.502496438937044,20.0,20.0,0.0,30.0,0.0,47.45399153384598,42.203991533845986,5.25,nan,0.0,0,0,0,0
723,1,right_lane,nop,nan,40,0,21.39395659544609,10.0,18.0,12.0,20.0,0.0,52.226857950223256,42.22685795022325,10.0,nan,0.0,0,0,0,0
724,1,right_lane,nop,nan,40,0,23.01895733295239,20.0,7.0,13.0,24.5,0.0,52.38032363649944,44.63032363649943,7.75,nan,0.0,0,0,0,0
725,1,right_lane,nop,nan,40,0,22.393957345971565,2.0,1.0,37.0,1.5,0.0,62.37839912694844,43.628399126948445,18.75,nan,0.0,0,0,0,0
726,1,right_lane,nop,nan,40,0,21.268957345971565,6.0,11.0,23.0,11.5,0.0,56.076045009443604,41.826045009443604,14.25,nan,0.0,0,0,0,0
727,1,right_lane,nop,nan,40,0,23.106372154161967,32.0,7.0,1.0,35.0,0.0,47.26786297905699,44.76786297905699,2.5,nan,0.0,0,0,0,0
728,1,right_lane,nop,nan,40,0,21.018957345971565,0.0,25.0,15.0,13.0,0.0,55.5785309653457,41.828530965345706,13.75,nan,0.0,0,0,0,0
729,1,right_lane,nop,nan,3,1,25.0,0.0,2.0,1.0,1.0,0.0,4.399067077512926,3.3990670775129264,1.0,nan,0.0,0,0,0,0
730,1,right_lane,nop,nan,40,0,21.893919754889087,1.0,4.0,35.0,3.5,0.0,60.579872392716574,42.329872392716574,18.25,nan,0.0,0,0,0,0
731,1,right_lane,nop,nan,40,0,21.768957345971565,18.0,4.0,18.0,20.0,0.0,52.87659426847244,42.62659426847243,10.25,nan,0.0,0,0,0,0
732,1,right_lane,nop,nan,40,0,20.87749644062177,25.0,15.0,0.0,32.5,0.0,44.95265375104271,41.20265375104271,3.75,nan,0.0,0,0,0,0
733,1,right_lane,nop,nan,40,0,20.893957345971565,34.0,1.0,5.0,35.0,0.0,43.84872816515749,41.59872816515749,2.25,nan,0.0,0,0,0,0
734,1,right_lane,nop,nan,40,0,21.893957345971565,8.0,9.0,23.0,11.5,0.0,56.82534586460441,42.82534586460441,14.0,nan,0.0,0,0,0,0
735,1,right_lane,nop,nan,40,0,22.018957345971565,12.0,7.0,21.0,15.5,0.0,55.774529316875956,43.024529316875956,12.75,nan,0.0,0,0,0,0
736,1,right_lane,nop,nan,40,0,22.01646165610103,11.0,12.0,17.0,18.0,0.0,54.02244518379401,43.02244518379401,11.0,nan,0.0,0,0,0,0
737,1,right_lane,nop,nan,40,0,21.768957345971565,1.0,14.0,25.0,7.5,0.0,58.63217211258306,42.63217211258305,16.0,nan,0.0,0,0,0,0
738,1,right_lane,nop,nan,40,0,22.268957345971565,0.0,18.0,22.0,8.5,0.0,58.928057806387244,43.42805780638723,15.5,nan,0.0,0,0,0,0
739,1,right_lane,nop,nan,40,0,24.018957345971565,24.0,1.0,15.0,25.5,0.0,53.9788940318274,46.22889403182741,7.75,nan,0.0,0,0,0,0
740,1,right_lane,nop,nan,40,0,22.51895658414138,0.0,4.0,36.0,2.0,0.0,62.32820245174478,43.82820245174479,18.5,nan,0.0,0,0,0,0
741,1,right_lane,nop,nan,40,0,21.627495689900258,0.0,6.0,34.0,2.5,0.0,61.15306073837593,42.40306073837592,18.75,nan,0.0,0,0,0,0
742,1,right_lane,nop,nan,40,0,23.391461004214154,27.0,1.0,12.0,28.5,0.0,51.49734710099487,45.24734710099487,6.25,nan,0.0,0,0,0,0
743,1,right_lane,nop,nan,40,0,26.231043503388605,17.0,9.0,14.0,21.5,0.0,58.513242360930256,49.763242360930256,8.75,nan,0.0,0,0,0,0
744,1,right_lane,nop,nan,40,0,23.89395724713693,13.0,15.0,12.0,21.0,0.0,56.42313431333789,46.42313431333789,10.0,nan,0.0,0,0,0,0
745,1,right_lane,nop,nan,40,0,25.64395734597155,15.0,13.0,12.0,21.5,0.0,57.82801023068931,48.8280102306893,9.0,nan,0.0,0,0,0,0
746,1,right_lane,nop,nan,40,0,21.643957345967657,0.0,2.0,38.0,0.5,0.0,61.92939766773491,42.42939766773491,19.5,nan,0.0,0,0,0,0
747,1,right_lane,nop,nan,40,0,21.018957345971565,19.0,3.0,18.0,21.5,0.0,51.18033175351236,41.43033175351236,9.75,nan,0.0,0,0,0,0
748,1,right_lane,nop,nan,40,0,25.249999999774225,20.0,10.0,10.0,25.5,0.0,55.44598682272883,48.19598682272883,7.25,nan,0.0,0,0,0,0
749,1,right_lane,nop,nan,40,0,21.268957345971565,1.0,1.0,38.0,0.5,0.0,61.27839910917456,42.02839910917456,19.25,nan,0.0,0,0,0,0
750,1,right_lane,nop,nan,40,0,22.018957345971565,30.0,8.0,2.0,34.0,0.0,46.02839838082755,43.02839838082755,3.0,nan,0.0,0,0,0,0
751,1,right_lane,nop,nan,40,0,21.393957345971565,0.0,1.0,39.0,0.0,0.0,62.0293983296861,42.0293983296861,20.0,nan,0.0,0,0,0,0
752,1,right_lane,nop,nan,40,0,21.6439573457492,17.0,10.0,13.0,21.5,0.0,51.92761631849161,42.42761631849161,9.5,nan,0.0,0,0,0,0
753,1,right_lane,nop,nan,40,0,21.018957345971565,4.0,34.0,2.0,21.5,0.0,50.92776769265388,41.42776769265387,9.5,nan,0.0,0,0,0,0
754,1,right_lane,nop,nan,40,0,23.768957345971565,0.0,19.0,21.0,9.5,0.0,60.57982002499757,45.82982002499757,14.75,nan,0.0,0,0,0,0
755,1,right_lane,nop,nan,40,0,23.768957345971565,3.0,4.0,33.0,4.5,0.0,63.575573906247605,45.82557390624759,17.75,nan,0.0,0,0,0,0
756,1,right_lane,nop,nan,40,0,22.268957345971565,25.0,5.0,10.0,26.5,0.0,50.17898173019319,43.42898173019319,6.75,nan,0.0,0,0,0,0
757,1,right_lane,nop,nan,40,0,21.768957345971565,29.0,11.0,0.0,34.5,0.0,45.87939682842139,42.62939682842139,3.25,nan,0.0,0,0,0,0
758,1,right_lane,nop,nan,40,0,20.768957345971565,21.0,4.0,15.0,23.5,0.0,49.279397667734884,41.029397667734884,8.25,nan,0.0,0,0,0,0
759,1,right_lane,nop,nan,40,0,21.268957345971565,0.0,1.0,39.0,0.0,0.0,61.32939766774115,41.82939766774115,19.5,nan,0.0,0,0,0,0
760,1,right_lane,nop,nan,40,0,22.393585403357825,4.0,2.0,34.0,6.0,0.0,61.12651188048955,43.62651188048955,17.5,nan,0.0,0,0,0,0
761,1,right_lane,nop,nan,40,0,23.143957345971565,25.0,3.0,12.0,25.5,0.0,51.57749590079652,44.82749590079652,6.75,nan,0.0,0,0,0,0
762,1,right_lane,nop,nan,40,0,24.893957345937928,9.0,3.0,28.0,10.0,0.0,62.62555051793315,47.62555051793315,15.0,nan,0.0,0,0,0,0
763,1,right_lane,nop,nan,40,0,23.50000000002973,19.0,3.0,18.0,20.5,0.0,55.39806380802789,45.39806380802789,10.0,nan,0.0,0,0,0,0
764,1,right_lane,nop,nan,40,0,21.143957345971565,0.0,1.0,39.0,0.0,0.0,61.405733470841845,41.655733470841845,19.75,nan,0.0,0,0,0,0
765,1,right_lane,nop,nan,40,0,24.893957247107135,25.0,9.0,6.0,30.5,0.0,52.874304538492986,47.62430453849298,5.25,nan,0.0,0,0,0,0
766,1,right_lane,nop,nan,40,0,22.643957345941832,8.0,10.0,22.0,12.0,0.0,57.52674746830914,44.02674746830914,13.5,nan,0.0,0,0,0,0
767,1,right_lane,nop,nan,40,0,24.768957345971494,11.0,13.0,16.0,17.5,0.0,58.67440551891925,47.424405518919244,11.25,nan,0.0,0,0,0,0
768,1,right_lane,nop,nan,40,0,20.893957345968165,7.0,2.0,31.0,8.0,0.0,57.40205975355071,41.402059753550716,16.0,nan,0.0,0,0,0,0
769,1,right_lane,nop,nan,40,0,22.518957345971565,29.0,5.0,6.0,31.0,0.0,48.32734634120108,43.82734634120108,4.5,nan,0.0,0,0,0,0
770,1,right_lane,nop,nan,30,1,21.35860979462875,30.0,0.0,0.0,30.0,0.0,31.930331753554505,31.430331753554505,0.5,nan,0.0,0,0,0,0
771,1,right_lane,nop,nan,40,0,21.643957345745342,17.0,18.0,5.0,25.5,0.0,48.92743861852306,41.927438618523055,7.0,nan,0.0,0,0,0,0
772,1,right_lane,nop,nan,40,0,22.26895734597104,3.0,24.0,13.0,14.5,0.0,55.92524948045532,43.42524948045531,12.5,nan,0.0,0,0,0,0
773,1,right_lane,nop,nan,40,0,23.518957345942347,6.0,5.0,29.0,9.0,0.0,61.427278843935234,45.427278843935234,16.0,nan,0.0,0,0,0,0
774,1,right_lane,nop,nan,40,0,26.481042655717594,21.0,8.0,11.0,25.0,0.0,57.83882937206637,50.33882937206636,7.5,nan,0.0,0,0,0,0
775,1,right_lane,nop,nan,40,0,21.018957345971565,2.0,5.0,33.0,3.5,0.0,59.57838928036643,41.82838928036643,17.75,nan,0.0,0,0,0,0
776,1,right_lane,nop,nan,40,0,23.268957345971565,1.0,17.0,22.0,9.0,0.0,60.778399108452106,45.0283991084521,15.75,nan,0.0,0,0,0,0
777,1,right_lane,nop,nan,40,0,25.12500075075124,27.0,13.0,0.0,34.0,0.0,51.24766056603719,47.99766056603719,3.25,nan,0.0,0,0,0,0
778,1,right_lane,nop,nan,40,0,20.268957345971565,0.0,26.0,14.0,13.0,0.0,53.505326433768964,40.255326433768964,13.25,nan,0.0,0,0,0,0
779,1,right_lane,nop,nan,40,0,21.768957345971565,0.0,1.0,39.0,0.0,0.0,62.37939766774183,42.629397667741834,19.75,nan,0.0,0,0,0,0
780,1,right_lane,nop,nan,40,0,21.143957345971565,18.0,2.0,20.0,18.5,0.0,52.37939766769358,41.629397667693574,10.75,nan,0.0,0,0,0,0
781,1,right_lane,nop,nan,40,0,21.893957345971565,7.0,8.0,25.0,11.0,0.0,57.32837078520012,42.828370785200114,14.5,nan,0.0,0,0,0,0
782,1,right_lane,nop,nan,40,0,23.766137870003924,38.0,1.0,1.0,39.5,0.0,46.573887243525085,45.82388724352508,0.75,nan,0.0,0,0,0,0
783,1,right_lane,nop,nan,40,0,25.01895734597149,12.0,23.0,5.0,24.0,0.0,55.58023797469053,47.83023797469054,7.75,nan,0.0,0,0,0,0
784,1,right_lane,nop,nan,40,0,21.268957345971565,31.0,8.0,1.0,35.0,0.0,44.327533722739254,41.82753372273925,2.5,nan,0.0,0,0,0,0
785,1,right_lane,nop,nan,40,0,20.268957345971565,30.0,2.0,8.0,31.0,0.0,44.97853391961332,40.22853391961331,4.75,nan,0.0,0,0,0,0
786,1,right_lane,nop,nan,40,0,23.893957345971565,22.0,9.0,9.0,26.5,0.0,52.776490598098924,46.02649059809893,6.75,nan,0.0,0,0,0,0
787,1,right_lane,nop,nan,40,0,21.643957345971565,17.0,3.0,20.0,18.5,0.0,52.678704849617965,42.42870484961797,10.25,nan,0.0,0,0,0,0
788,1,right_lane,nop,nan,40,0,21.518957345971565,12.0,1.0,27.0,11.5,0.0,56.48033039449717,42.23033039449717,14.25,nan,0.0,0,0,0,0
789,1,right_lane,nop,nan,40,0,21.268957345971565,5.0,7.0,28.0,7.5,0.0,58.25259769696453,42.00259769696454,16.25,nan,0.0,0,0,0,0
790,1,right_lane,nop,nan,40,0,20.643957345971565,0.0,1.0,39.0,0.0,0.0,60.82939832963657,40.829398329636575,20.0,nan,0.0,0,0,0,0
791,1,right_lane,nop,nan,40,0,22.018957344257107,38.0,1.0,1.0,39.5,0.0,43.778398401597634,43.028398401597634,0.75,nan,0.0,0,0,0,0
792,1,right_lane,nop,nan,36,1,22.79884149552396,3.0,3.0,30.0,4.0,0.0,55.32798400823293,39.82798400823293,15.5,nan,0.0,0,0,0,0
793,1,right_lane,nop,nan,40,0,25.76895733295246,26.0,4.0,10.0,29.0,0.0,54.52891539267243,48.52891539267244,6.0,nan,0.0,0,0,0,0
794,1,right_lane,nop,nan,40,0,21.62749644062177,15.0,1.0,24.0,14.5,0.0,54.65399431997795,42.40399431997795,12.25,nan,0.0,0,0,0,0
795,1,right_lane,nop,nan,40,0,23.01895734596759,19.0,12.0,9.0,25.0,0.0,52.82160899043309,44.82160899043309,8.0,nan,0.0,0,0,0,0
796,1,right_lane,nop,nan,40,0,23.018957345971565,7.0,20.0,13.0,17.0,0.0,55.62563941662512,44.62563941662513,11.0,nan,0.0,0,0,0,0
797,1,right_lane,nop,nan,40,0,21.518957345971565,31.0,2.0,7.0,32.5,0.0,46.47746431852621,42.2274643185262,4.25,nan,0.0,0,0,0,0
798,1,right_lane,nop,nan,40,0,21.768957345971565,7.0,27.0,6.0,21.0,0.0,52.12844644579027,42.62844644579026,9.5,nan,0.0,0,0,0,0
799,1,right_lane,nop,nan,40,0,24.143957345971565,39.0,1.0,0.0,39.0,0.0,46.68033175355451,46.43033175355451,0.25,nan,0.0,0,0,0,0
800,1,right_lane,nop,nan,40,0,22.018957345971565,15.0,8.0,17.0,20.0,0.0,53.27760268007789,43.02760268007789,10.25,nan,0.0,0,0,0,0
801,1,right_lane,nop,nan,40,0,22.768957345970982,20.0,12.0,8.0,26.0,0.0,51.2270532200537,44.2270532200537,7.0,nan,0.0,0,0,0,0
802,1,right_lane,nop,nan,40,0,20.643957345971565,0.0,15.0,25.0,8.0,0.0,56.75259829856649,41.0025982985665,15.75,nan,0.0,0,0,0,0
803,1,right_lane,nop,nan,40,0,23.018957345971494,11.0,16.0,13.0,18.5,0.0,55.376612328374065,44.626612328374065,10.75,nan,0.0,0,0,0,0
804,1,right_lane,nop,nan,40,0,21.768957345971565,40.0,0.0,0.0,40.0,0.0,42.8803317535545,42.6303317535545,0.25,nan,0.0,0,0,0,0
805,1,right_lane,nop,nan,40,0,23.516741511230713,8.0,4.0,28.0,10.0,0.0,59.9231060051418,45.4231060051418,14.5,nan,0.0,0,0,0,0
806,1,right_lane,nop,nan,40,0,22.643957345971565,8.0,28.0,4.0,22.0,0.0,53.70468193542264,44.204681935422634,9.5,nan,0.0,0,0,0,0
807,1,right_lane,nop,nan,40,0,23.518957345971565,0.0,0.0,40.0,0.0,0.0,64.93033175355451,45.43033175355451,19.5,nan,0.0,0,0,0,0
808,1,right_lane,nop,nan,40,0,21.60853984540145,0.0,5.0,35.0,2.5,0.0,61.37179655586454,42.371796555864535,19.0,nan,0.0,0,0,0,0
809,1,right_lane,nop,nan,40,0,22.26863429760652,15.0,20.0,5.0,25.0,0.0,51.573132137847026,43.823132137847026,7.75,nan,0.0,0,0,0,0
810,1,right_lane,nop,nan,40,0,25.768957345971558,15.0,6.0,19.0,18.0,0.0,59.5243488613283,49.0243488613283,10.5,nan,0.0,0,0,0,0
811,1,right_lane,nop,nan,40,0,21.89395733146371,5.0,6.0,29.0,8.0,0.0,58.82699334136298,42.82699334136297,16.0,nan,0.0,0,0,0,0
812,1,right_lane,nop,nan,40,0,25.268957345971494,7.0,11.0,22.0,13.0,0.0,61.975834565842646,48.22583456584263,13.75,nan,0.0,0,0,0,0
813,1,right_lane,nop,nan,40,0,21.393957345971565,0.0,0.0,40.0,0.0,0.0,61.780331753554506,42.030331753554506,19.75,nan,0.0,0,0,0,0
814,1,right_lane,nop,nan,40,0,21.643957345971494,9.0,3.0,28.0,10.0,0.0,57.42939764569012,42.42939764569013,15.0,nan,0.0,0,0,0,0
815,1,right_lane,nop,nan,40,0,22.643957345971565,0.0,2.0,38.0,0.5,0.0,63.778003060696925,44.028003060696925,19.75,nan,0.0,0,0,0,0
816,1,right_lane,nop,nan,40,0,24.51895733317816,14.0,1.0,25.0,13.5,0.0,60.2783771230637,47.0283771230637,13.25,nan,0.0,0,0,0,0
817,1,right_lane,nop,nan,40,0,24.26895734596765,11.0,8.0,21.0,15.5,0.0,59.126982076866426,46.62698207686643,12.5,nan,0.0,0,0,0,0
818,1,right_lane,nop,nan,40,0,25.622503559382665,35.0,5.0,0.0,38.0,0.0,50.04365811799055,48.79365811799055,1.25,nan,0.0,0,0,0,0
819,1,right_lane,nop,nan,40,0,22.768957345971565,0.0,10.0,30.0,4.5,0.0,61.68164618730029,44.431646187300295,17.25,nan,0.0,0,0,0,0
820,1,right_lane,nop,nan,40,0,25.893950894203073,19.0,13.0,8.0,24.5,0.0,56.974186964749364,49.22418696474936,7.75,nan,0.0,0,0,0,0
821,1,right_lane,nop,nan,40,0,21.250328749382287,0.0,1.0,39.0,0.0,0.0,61.799600875422215,41.79960087542223,20.0,nan,0.0,0,0,0,0
822,1,right_lane,nop,nan,40,0,24.518957345971565,18.0,9.0,13.0,22.5,0.0,56.476165995273284,47.226165995273284,9.25,nan,0.0,0,0,0,0
823,1,right_lane,nop,nan,40,0,23.268957345971565,22.0,14.0,4.0,29.0,0.0,50.525788205717596,45.025788205717596,5.5,nan,0.0,0,0,0,0
824,1,right_lane,nop,nan,40,0,22.768957345971565,26.0,8.0,6.0,31.0,0.0,48.72446439631864,44.22446439631865,4.5,nan,0.0,0,0,0,0
825,1,right_lane,nop,nan,40,0,24.000000098834114,24.0,9.0,7.0,28.0,0.0,51.94524142849253,46.19524142849254,5.75,nan,0.0,0,0,0,0
826,1,right_lane,nop,nan,40,0,21.518951743818675,33.0,6.0,1.0,37.0,0.0,44.175056477942704,42.4250564779427,1.75,nan,0.0,0,0,0,0
827,1,right_lane,nop,nan,40,0,21.018957345971565,38.0,2.0,0.0,39.5,0.0,41.67940544776274,41.42940544776274,0.25,nan,0.0,0,0,0,0
828,1,right_lane,nop,nan,40,0,21.893957345971565,10.0,5.0,25.0,12.5,0.0,56.078690234813585,42.828690234813585,13.25,nan,0.0,0,0,0,0
829,1,right_lane,nop,nan,40,0,22.518957345971565,14.0,2.0,24.0,14.0,0.0,56.82870699684176,43.82870699684176,13.0,nan,0.0,0,0,0,0
830,1,right_lane,nop,nan,40,0,22.393957345971565,29.0,5.0,6.0,31.5,0.0,48.37665300717907,43.62665300717907,4.75,nan,0.0,0,0,0,0
831,1,right_lane,nop,nan,40,0,21.143628695453636,1.0,11.0,28.0,6.5,0.0,58.05066816268866,41.80066816268866,16.25,nan,0.0,0,0,0,0
832,1,right_lane,nop,nan,40,0,20.518957345971565,5.0,35.0,0.0,22.0,0.0,49.87944782372979,40.62944782372979,9.25,nan,0.0,0,0,0,0
833,1,right_lane,nop,nan,40,0,28.37504244248413,23.0,17.0,0.0,31.5,0.0,57.69654143865709,53.196541438657086,4.5,nan,0.0,0,0,0,0
834,1,right_lane,nop,nan,40,0,21.393913415004132,3.0,7.0,30.0,6.5,0.0,58.47733277769806,42.22733277769806,16.25,nan,0.0,0,0,0,0
835,1,right_lane,nop,nan,40,0,24.143957345971565,30.0,5.0,5.0,32.5,0.0,50.67734955022207,46.427349550222075,4.25,nan,0.0,0,0,0,0
836,1,right_lane,nop,nan,40,0,23.393957345971565,29.0,3.0,8.0,31.0,0.0,49.727437952717295,45.227437952717295,4.5,nan,0.0,0,0,0,0
837,1,right_lane,nop,nan,40,0,24.268633447994837,11.0,14.0,15.0,18.5,0.0,57.55036228725452,46.80036228725452,10.75,nan,0.0,0,0,0,0
838,1,right_lane,nop,nan,40,0,23.643957345971565,23.0,13.0,4.0,30.0,0.0,50.62682026732985,45.62682026732984,5.0,nan,0.0,0,0,0,0
839,1,right_lane,nop,nan,40,0,21.0189573329563,15.0,10.0,15.0,20.0,0.0,51.428900481525474,41.428900481525474,10.0,nan,0.0,0,0,0,0
840,1,right_lane,nop,nan,40,0,24.143957345971565,26.0,9.0,5.0,31.0,0.0,50.92593765137084,46.42593765137084,4.5,nan,0.0,0,0,0,0
841,1,right_lane,nop,nan,40,0,21.518957345971565,29.0,11.0,0.0,34.5,0.0,44.9789884911027,42.2289884911027,2.75,nan,0.0,0,0,0,0
842,1,right_lane,nop,nan,40,0,22.518957345971565,15.0,14.0,11.0,22.0,0.0,52.3245500800215,43.82455008002152,8.5,nan,0.0,0,0,0,0
843,1,right_lane,nop,nan,40,0,24.999994398072886,7.0,8.0,25.0,11.0,0.0,62.29712352928005,47.79712352928004,14.5,nan,0.0,0,0,0,0
844,1,right_lane,nop,nan,40,0,22.643957345971565,0.0,1.0,39.0,0.0,0.0,64.22940611244456,44.229406112444565,20.0,nan,0.0,0,0,0,0
845,1,right_lane,nop,nan,40,0,21.268957345971565,32.0,8.0,0.0,36.0,0.0,44.07962523726429,41.82962523726429,2.25,nan,0.0,0,0,0,0
846,1,right_lane,nop,nan,40,0,22.768957345971565,7.0,14.0,19.0,13.5,0.0,57.47379713646111,44.2237971364611,13.25,nan,0.0,0,0,0,0
847,1,right_lane,nop,nan,40,0,22.01895734428684,38.0,2.0,0.0,39.5,0.0,43.52759461553967,43.02759461553968,0.5,nan,0.0,0,0,0,0
848,1,right_lane,nop,nan,40,0,21.643957345742393,37.0,3.0,0.0,39.0,0.0,42.927113074229226,42.427113074229226,0.5,nan,0.0,0,0,0,0
849,1,right_lane,nop,nan,40,0,25.76895164473246,24.0,4.0,12.0,25.5,0.0,55.773566187347235,49.023566187347235,6.75,nan,0.0,0,0,0,0
850,1,right_lane,nop,nan,40,0,22.768957345971565,21.0,6.0,13.0,25.0,0.0,52.227485147089595,44.227485147089595,8.0,nan,0.0,0,0,0,0
851,1,right_lane,nop,nan,40,0,22.268957345971565,13.0,11.0,16.0,18.5,0.0,53.677872049409046,43.427872049409046,10.25,nan,0.0,0,0,0,0
852,1,right_lane,nop,nan,10,1,26.074341270034893,0.0,1.0,9.0,0.0,0.0,17.22880242289017,12.22880242289017,5.0,nan,0.0,0,0,0,0
853,1,right_lane,nop,nan,40,0,22.76895734597155,0.0,2.0,38.0,1.0,0.0,63.22886412063065,43.72886412063064,19.5,nan,0.0,0,0,0,0
854,1,right_lane,nop,nan,35,1,23.450236966824644,5.0,3.0,27.0,6.0,0.0,54.378915453789105,39.62891545378909,14.75,nan,0.0,0,0,0,0
855,1,right_lane,nop,nan,40,0,21.891461656101036,20.0,4.0,16.0,22.5,0.0,51.32174878429173,42.32174878429173,9.0,nan,0.0,0,0,0,0
856,1,right_lane,nop,nan,40,0,22.768957345971565,20.0,8.0,12.0,23.5,0.0,51.98081635247906,44.23081635247906,7.75,nan,0.0,0,0,0,0
857,1,right_lane,nop,nan,40,0,25.01891404088291,28.0,8.0,4.0,33.0,0.0,51.8217481579864,47.8217481579864,4.0,nan,0.0,0,0,0,0
858,1,right_lane,nop,nan,40,0,21.143957345971565,0.0,6.0,34.0,2.5,0.0,59.8794578106931,41.62945781069309,18.25,nan,0.0,0,0,0,0
859,1,right_lane,nop,nan,40,0,20.893957345971565,1.0,2.0,37.0,1.0,0.0,60.72846151450392,41.22846151450392,19.5,nan,0.0,0,0,0,0
860,1,right_lane,nop,nan,40,0,22.518957345971565,11.0,14.0,15.0,17.0,0.0,55.326122865384605,43.826122865384605,11.5,nan,0.0,0,0,0,0
861,1,right_lane,nop,nan,40,0,24.76895659519502,12.0,4.0,24.0,13.5,0.0,60.67411740320899,47.424117403209,13.25,nan,0.0,0,0,0,0
862,1,right_lane,nop,nan,40,0,21.893957345971565,3.0,16.0,21.0,11.0,0.0,57.326124782919656,42.826124782919656,14.5,nan,0.0,0,0,0,0
863,1,right_lane,nop,nan,40,0,22.518957345971554,0.0,2.0,38.0,0.5,0.0,63.57963839496076,43.82963839496076,19.75,nan,0.0,0,0,0,0
864,1,right_lane,nop,nan,40,0,21.768957345971565,5.0,4.0,31.0,7.0,0.0,59.12634729993637,42.62634729993637,16.5,nan,0.0,0,0,0,0
865,1,right_lane,nop,nan,40,0,21.14395734428632,10.0,13.0,17.0,16.5,0.0,53.62805976355029,41.62805976355029,12.0,nan,0.0,0,0,0,0
866,1,right_lane,nop,nan,40,0,23.39391480462308,3.0,3.0,34.0,4.5,0.0,62.90055535273249,45.400555352732496,17.5,nan,0.0,0,0,0,0
867,1,right_lane,nop,nan,40,0,23.018957345967657,33.0,7.0,0.0,36.5,0.0,46.879400504515424,44.629400504515424,2.25,nan,0.0,0,0,0,0
868,1,right_lane,nop,nan,40,0,24.00000000171446,3.0,13.0,24.0,10.5,0.0,60.946723799121024,46.196723799121024,14.75,nan,0.0,0,0,0,0
869,1,right_lane,nop,nan,40,0,23.26895649829619,20.0,1.0,19.0,21.5,0.0,54.478378920126936,45.228378920126936,9.25,nan,0.0,0,0,0,0
870,1,right_lane,nop,nan,40,0,21.893957345971565,8.0,11.0,21.0,13.0,0.0,55.82846189061021,42.82846189061021,13.0,nan,0.0,0,0,0,0
871,1,right_lane,nop,nan,40,0,24.143957345971565,5.0,16.0,19.0,13.0,0.0,59.928351607622794,46.42835160762277,13.5,nan,0.0,0,0,0,0
872,1,right_lane,nop,nan,40,0,24.518957345971565,6.0,9.0,25.0,10.5,0.0,61.77316629513636,47.02316629513636,14.75,nan,0.0,0,0,0,0
873,1,right_lane,nop,nan,40,0,25.23104340477975,34.0,4.0,2.0,36.0,0.0,50.665210461675684,48.16521046167569,2.5,nan,0.0,0,0,0,0
874,1,right_lane,nop,nan,40,0,22.393957247332974,39.0,1.0,0.0,40.0,0.0,44.02939696187981,44.02939696187981,0.0,nan,0.0,0,0,0,0
875,1,right_lane,nop,nan,40,0,23.87500570101725,5.0,8.0,27.0,8.0,0.0,61.49660008905605,45.99660008905605,15.5,nan,0.0,0,0,0,0
876,1,right_lane,nop,nan,40,0,22.268957345971565,28.0,2.0,10.0,29.0,0.0,49.62645783910997,43.62645783910996,6.0,nan,0.0,0,0,0,0
877,1,right_lane,nop,nan,40,0,23.643957345941892,21.0,4.0,15.0,23.0,0.0,53.87554972596736,45.62554972596737,8.25,nan,0.0,0,0,0,0
878,1,right_lane,nop,nan,40,0,22.768957345971565,8.0,1.0,31.0,7.5,0.0,60.22840152410805,44.22840152410805,16.0,nan,0.0,0,0,0,0
879,1,right_lane,nop,nan,10,1,25.075803577715384,10.0,0.0,0.0,10.0,0.0,12.330321431086153,11.830321431086153,0.5,nan,0.0,0,0,0,0
880,1,right_lane,nop,nan,40,0,22.39395734597105,40.0,0.0,0.0,40.0,0.0,43.13033175355369,43.13033175355369,0.0,nan,0.0,0,0,0,0
881,1,right_lane,nop,nan,40,0,22.76895733317816,10.0,8.0,22.0,14.0,0.0,57.22624767735952,44.22624767735952,13.0,nan,0.0,0,0,0,0
882,1,right_lane,nop,nan,40,0,22.643957345971565,6.0,6.0,28.0,9.0,0.0,59.0276854276726,44.0276854276726,15.0,nan,0.0,0,0,0,0
883,1,right_lane,nop,nan,40,0,23.76895724713693,30.0,6.0,4.0,33.0,0.0,49.99683634365747,45.99683634365747,4.0,nan,0.0,0,0,0,0
884,1,right_lane,nop,nan,22,1,21.625376992675566,20.0,1.0,1.0,21.5,0.0,23.478398541651764,23.228398541651764,0.25,nan,0.0,0,0,0,0
885,1,right_lane,nop,nan,5,1,28.84838684036547,0.0,0.0,5.0,0.5,0.0,8.069677368073094,6.069677368073094,2.0,nan,0.0,0,0,0,0
886,1,right_lane,nop,nan,40,0,22.018957345971565,34.0,2.0,4.0,34.0,0.0,45.67961586458156,42.92961586458156,2.75,nan,0.0,0,0,0,0
887,1,right_lane,nop,nan,40,0,21.518957345971565,6.0,2.0,32.0,6.5,0.0,58.97746431852946,42.22746431852946,16.75,nan,0.0,0,0,0,0
888,1,right_lane,nop,nan,40,0,23.89395734594184,33.0,6.0,1.0,36.5,0.0,48.2768058145233,46.02680581452331,2.25,nan,0.0,0,0,0,0
889,1,right_lane,nop,nan,40,0,20.768957345971565,18.0,2.0,20.0,19.5,0.0,51.27939766778245,41.02939766778244,10.25,nan,0.0,0,0,0,0
890,1,right_lane,nop,nan,40,0,21.75000001301918,38.0,2.0,0.0,39.5,0.0,42.84726939089618,42.59726939089618,0.25,nan,0.0,0,0,0,0
891,1,right_lane,nop,nan,40,0,22.625043292099726,4.0,6.0,30.0,6.5,0.0,60.44514942291973,44.19514942291973,16.25,nan,0.0,0,0,0,0
892,1,right_lane,nop,nan,40,0,24.856042740129123,12.0,5.0,23.0,15.0,0.0,60.7653995371809,47.76539953718089,13.0,nan,0.0,0,0,0,0
893,1,right_lane,nop,nan,40,0,23.143957345971565,34.0,6.0,0.0,37.5,0.0,46.30385173473563,45.05385173473563,1.25,nan,0.0,0,0,0,0
894,1,right_lane,nop,nan,40,0,21.393957345971565,5.0,3.0,32.0,5.5,0.0,58.778377190186355,42.028377190186355,16.75,nan,0.0,0,0,0,0
895,1,right_lane,nop,nan,40,0,22.643622996150846,2.0,19.0,19.0,11.5,0.0,58.77639201165108,44.02639201165108,14.75,nan,0.0,0,0,0,0
896,1,right_lane,nop,nan,40,0,24.51895734597156,30.0,5.0,5.0,32.5,0.0,50.777270189212075,47.027270189212075,3.75,nan,0.0,0,0,0,0
897,1,right_lane,nop,nan,40,0,25.643957344227374,28.0,6.0,6.0,32.0,0.0,52.82684818526927,48.82684818526927,4.0,nan,0.0,0,0,0,0
898,1,right_lane,nop,nan,40,0,24.76895734597149,0.0,7.0,33.0,3.5,0.0,65.17891875546292,47.4289187554629,17.75,nan,0.0,0,0,0,0
899,1,right_lane,nop,nan,40,0,22.250328749382287,4.0,4.0,32.0,6.0,0.0,60.89819130334744,43.398191303347446,17.5,nan,0.0,0,0,0,0
900,1,right_lane,nop,nan,40,0,21.393957345971565,0.0,0.0,40.0,0.0,0.0,61.72987389223194,42.22987389223194,19.5,nan,0.0,0,0,0,0
901,1,right_lane,nop,nan,40,0,20.643957345971565,15.0,4.0,21.0,16.5,0.0,52.57718038715861,40.82718038715861,11.75,nan,0.0,0,0,0,0
902,1,right_lane,nop,nan,40,0,21.893957345971565,13.0,18.0,9.0,21.0,0.0,52.32806867557131,42.828068675571316,9.5,nan,0.0,0,0,0,0
903,1,right_lane,nop,nan,40,0,22.393957345971565,3.0,8.0,29.0,6.5,0.0,60.377669221708096,43.6276692217081,16.75,nan,0.0,0,0,0,0
904,1,right_lane,nop,nan,40,0,21.4996777023862,24.0,9.0,7.0,28.5,0.0,47.94534075870734,42.19534075870734,5.75,nan,0.0,0,0,0,0
905,1,right_lane,nop,nan,40,0,26.893628596589338,25.0,7.0,8.0,28.0,0.0,57.02563866273479,51.02563866273479,6.0,nan,0.0,0,0,0,0
906,1,right_lane,nop,nan,40,0,23.625000750751244,8.0,13.0,19.0,14.0,0.0,58.597152695288834,45.59715269528883,13.0,nan,0.0,0,0,0,0
907,1,right_lane,nop,nan,40,0,22.393957345971554,23.0,8.0,9.0,27.0,0.0,50.151479811587805,43.651479811587805,6.5,nan,0.0,0,0,0,0
908,1,right_lane,nop,nan,40,0,21.268957345971558,40.0,0.0,0.0,40.0,0.0,42.3303317535545,41.830331753554496,0.5,nan,0.0,0,0,0,0
909,1,right_lane,nop,nan,40,0,21.500005701017248,3.0,11.0,26.0,9.0,0.0,57.69763783176713,42.19763783176713,15.5,nan,0.0,0,0,0,0
910,1,right_lane,nop,nan,40,0,25.01895734597149,0.0,18.0,22.0,8.5,0.0,63.27640196213724,48.02640196213725,15.25,nan,0.0,0,0,0,0
911,1,right_lane,nop,nan,40,0,22.268957331463692,12.0,15.0,13.0,19.5,0.0,53.67539733629291,43.42539733629292,10.25,nan,0.0,0,0,0,0
912,1,right_lane,nop,nan,40,0,24.018957345971565,10.0,8.0,22.0,13.5,0.0,59.47274242931808,46.22274242931808,13.25,nan,0.0,0,0,0,0
913,1,right_lane,nop,nan,40,0,23.393957345971565,8.0,4.0,28.0,9.0,0.0,60.72752000539616,45.22752000539616,15.5,nan,0.0,0,0,0,0
914,1,right_lane,nop,nan,40,0,24.143957345971565,11.0,1.0,28.0,10.5,0.0,61.1783778513026,46.42837785130259,14.75,nan,0.0,0,0,0,0
915,1,right_lane,nop,nan,40,0,25.51895734597104,8.0,6.0,26.0,10.0,0.0,63.62846229936009,48.62846229936009,15.0,nan,0.0,0,0,0,0
916,1,right_lane,nop,nan,40,0,25.125,18.0,8.0,14.0,22.0,0.0,57.49255575966213,47.99255575966213,9.5,nan,0.0,0,0,0,0
917,1,right_lane,nop,nan,40,0,22.393957345971565,31.0,3.0,6.0,33.0,0.0,47.32797504304288,43.82797504304289,3.5,nan,0.0,0,0,0,0
918,1,right_lane,nop,nan,2,1,27.170781893004115,0.0,0.0,2.0,0.5,0.0,2.8736625514403293,2.3736625514403293,0.5,nan,0.0,0,0,0,0
919,1,right_lane,nop,nan,40,0,21.51895724882166,34.0,6.0,0.0,36.5,0.0,43.6334232418062,41.8834232418062,1.75,nan,0.0,0,0,0,0
920,1,right_lane,nop,nan,40,1,21.643957345971565,0.0,5.0,35.0,2.5,0.0,60.93033175049194,42.43033175049194,18.5,nan,0.0,0,0,0,0
921,1,right_lane,nop,nan,40,0,22.268957345971565,32.0,3.0,5.0,34.5,0.0,46.177296904707006,42.927296904707006,3.25,nan,0.0,0,0,0,0
922,1,right_lane,nop,nan,38,1,23.309428785233223,0.0,0.0,38.0,0.0,0.0,61.330331753554496,42.8303317535545,18.5,nan,0.0,0,0,0,0
923,1,right_lane,nop,nan,40,0,22.268957345971565,25.0,4.0,11.0,27.0,0.0,49.92780384254406,42.927803842544066,7.0,nan,0.0,0,0,0,0
924,1,right_lane,nop,nan,40,0,23.393957345971565,5.0,13.0,22.0,11.5,0.0,58.97628378892721,45.22628378892722,13.75,nan,0.0,0,0,0,0
925,1,right_lane,nop,nan,40,0,22.518957345971565,14.0,17.0,9.0,22.5,0.0,52.82711495994012,43.82711495994012,9.0,nan,0.0,0,0,0,0
926,1,right_lane,nop,nan,40,0,23.268951657972973,24.0,6.0,10.0,27.0,0.0,51.778908148220594,45.028908148220594,6.75,nan,0.0,0,0,0,0
927,1,right_lane,nop,nan,40,0,21.643957345971565,11.0,2.0,27.0,12.0,0.0,56.4284789670801,42.4284789670801,14.0,nan,0.0,0,0,0,0
928,1,right_lane,nop,nan,40,0,24.106365702397454,31.0,9.0,0.0,35.0,0.0,48.61761082035645,46.36761082035645,2.25,nan,0.0,0,0,0,0
929,1,right_lane,nop,nan,40,0,22.250000750751248,29.0,7.0,4.0,33.0,0.0,47.29430059134345,43.79430059134345,3.5,nan,0.0,0,0,0,0
930,1,right_lane,nop,nan,40,0,25.768957345971558,16.0,5.0,19.0,17.5,0.0,60.225831592639864,49.225831592639864,11.0,nan,0.0,0,0,0,0
931,1,right_lane,nop,nan,40,0,22.893957345745793,26.0,7.0,7.0,30.0,0.0,49.92770524000829,44.42770524000827,5.5,nan,0.0,0,0,0,0
932,1,right_lane,nop,nan,40,0,24.60604340500545,22.0,8.0,10.0,26.0,0.0,53.911918649586674,47.16191864958668,6.75,nan,0.0,0,0,0,0
933,1,right_lane,nop,nan,40,0,21.643957345971565,4.0,16.0,20.0,12.5,0.0,56.40318024392364,42.65318024392364,13.75,nan,0.0,0,0,0,0
934,1,right_lane,nop,nan,40,0,23.143957345971565,33.0,7.0,0.0,37.0,0.0,46.57822218676117,44.82822218676117,1.75,nan,0.0,0,0,0,0
935,1,right_lane,nop,nan,40,0,25.143957234313802,18.0,3.0,19.0,18.5,0.0,58.274510971804965,48.02451097180497,10.25,nan,0.0,0,0,0,0
936,1,right_lane,nop,nan,40,0,22.51891480462308,0.0,4.0,36.0,2.0,0.0,62.830263663787164,43.830263663787164,19.0,nan,0.0,0,0,0,0
937,1,right_lane,nop,nan,40,0,24.018914804619236,40.0,0.0,0.0,40.0,0.0,46.73032279010373,46.23032279010373,0.5,nan,0.0,0,0,0,0
938,1,right_lane,nop,nan,20,1,22.037914691943108,0.0,1.0,19.0,0.0,0.0,30.929457432404384,21.429457432404384,9.5,nan,0.0,0,0,0,0
939,1,right_lane,nop,nan,40,0,21.143914152736198,26.0,12.0,2.0,32.5,0.0,45.377930998901924,41.127930998901924,4.25,nan,0.0,0,0,0,0
940,1,right_lane,nop,nan,40,0,22.643957345971565,1.0,34.0,5.0,18.0,0.0,54.77761680178003,44.02761680178003,10.75,nan,0.0,0,0,0,0
941,1,right_lane,nop,nan,40,0,24.375000000225775,18.0,3.0,19.0,20.0,0.0,57.04569457237991,46.795694572379915,10.25,nan,0.0,0,0,0,0
942,1,right_lane,nop,nan,40,0,25.874999998285613,15.0,11.0,14.0,20.5,0.0,58.96877782593282,49.21877782593282,9.75,nan,0.0,0,0,0,0
943,1,right_lane,nop,nan,40,0,23.018951644954832,26.0,6.0,8.0,29.5,0.0,49.82743519093091,44.82743519093092,5.0,nan,0.0,0,0,0,0
944,1,right_lane,nop,nan,40,0,21.268957345971565,0.0,4.0,36.0,1.5,0.0,60.82798603801385,41.82798603801386,19.0,nan,0.0,0,0,0,0
945,1,right_lane,nop,nan,40,0,20.89363419896793,15.0,8.0,17.0,19.0,0.0,52.22755352421294,41.22755352421294,11.0,nan,0.0,0,0,0,0
946,1,right_lane,nop,nan,40,0,22.643957345971565,7.0,4.0,29.0,8.5,0.0,59.27603562870879,44.02603562870879,15.25,nan,0.0,0,0,0,0
947,1,right_lane,nop,nan,40,0,22.893957345971565,14.0,8.0,18.0,18.0,0.0,55.42794789143889,44.42794789143888,11.0,nan,0.0,0,0,0,0
948,1,right_lane,nop,nan,40,0,21.893957345971565,38.0,1.0,1.0,39.5,0.0,43.5783984043415,42.8283984043415,0.75,nan,0.0,0,0,0,0
949,1,right_lane,nop,nan,40,0,22.018956608239495,1.0,13.0,26.0,6.5,0.0,59.277943928607165,43.027943928607165,16.25,nan,0.0,0,0,0,0
950,1,right_lane,nop,nan,40,0,24.768957345971565,26.0,9.0,5.0,31.5,0.0,52.17425807290016,47.42425807290016,4.75,nan,0.0,0,0,0,0
951,1,right_lane,nop,nan,40,0,21.643957345971565,31.0,2.0,7.0,33.0,0.0,45.92803079132868,42.42803079132869,3.5,nan,0.0,0,0,0,0
952,1,right_lane,nop,nan,40,0,22.393957345971565,0.0,0.0,40.0,0.0,0.0,63.1303317535545,43.6303317535545,19.5,nan,0.0,0,0,0,0
953,1,right_lane,nop,nan,40,0,21.643957345971565,28.0,11.0,1.0,33.5,0.0,46.175243000881174,42.42524300088119,3.75,nan,0.0,0,0,0,0
954,1,right_lane,nop,nan,38,1,21.862060364180593,0.0,2.0,36.0,0.5,0.0,58.879398329686005,40.629398329686005,18.25,nan,0.0,0,0,0,0
955,1,right_lane,nop,nan,11,1,28.112882425627678,2.0,2.0,7.0,2.0,0.0,18.366340666987984,13.866340666987986,4.5,nan,0.0,0,0,0,0
956,1,right_lane,nop,nan,40,0,23.268957345971565,8.0,10.0,22.0,12.0,0.0,58.92635296278881,44.926352962788826,14.0,nan,0.0,0,0,0,0
957,1,right_lane,nop,nan,40,0,22.518957345971565,20.0,1.0,19.0,19.5,0.0,54.07839877769717,43.82839877769717,10.25,nan,0.0,0,0,0,0
958,1,right_lane,nop,nan,40,0,21.768957345971565,28.0,6.0,6.0,31.5,0.0,47.3786296125215,42.6286296125215,4.75,nan,0.0,0,0,0,0
959,1,right_lane,nop,nan,40,0,21.375005688027805,5.0,12.0,23.0,11.5,0.0,56.24594063765849,41.99594063765849,14.25,nan,0.0,0,0,0,0
960,1,right_lane,nop,nan,40,0,23.143957345971565,12.0,5.0,23.0,13.5,0.0,57.77652345305342,45.02652345305342,12.75,nan,0.0,0,0,0,0
961,1,right_lane,nop,nan,40,0,22.393957345971565,1.0,3.0,36.0,1.5,0.0,62.87731114064824,43.62731114064824,19.25,nan,0.0,0,0,0,0
962,1,right_lane,nop,nan,40,0,22.143957345971565,14.0,25.0,1.0,27.0,0.0,49.9754317912493,43.2254317912493,6.75,nan,0.0,0,0,0,0
963,1,right_lane,nop,nan,40,0,20.643957345971565,0.0,1.0,39.0,0.5,0.0,60.32853520946688,40.82853520946688,19.5,nan,0.0,0,0,0,0
964,1,right_lane,nop,nan,40,0,22.893956596934267,28.0,5.0,7.0,31.0,0.0,49.424829728858214,44.424829728858214,5.0,nan,0.0,0,0,0,0
965,1,right_lane,nop,nan,40,0,24.143957345971565,30.0,8.0,2.0,33.5,0.0,49.17939937031767,46.42939937031767,2.75,nan,0.0,0,0,0,0
966,1,right_lane,nop,nan,40,0,25.143909103605832,17.0,6.0,17.0,19.5,0.0,58.27379475904793,48.02379475904793,10.25,nan,0.0,0,0,0,0
967,1,right_lane,nop,nan,40,0,25.73108594761685,9.0,16.0,15.0,16.5,0.0,60.96432638263073,48.96432638263072,12.0,nan,0.0,0,0,0,0
968,1,right_lane,nop,nan,40,0,23.25004329209921,27.0,10.0,3.0,31.5,0.0,49.471668735535935,45.22166873553593,4.25,nan,0.0,0,0,0,0
969,1,right_lane,nop,nan,40,0,23.23108519560269,7.0,16.0,17.0,14.5,0.0,57.66633644296036,45.16633644296036,12.5,nan,0.0,0,0,0,0
970,1,right_lane,nop,nan,40,0,23.37500009886436,24.0,11.0,5.0,29.5,0.0,51.347690239202116,45.597690239202116,5.75,nan,0.0,0,0,0,0
971,1,right_lane,nop,nan,40,0,21.643957345971565,10.0,14.0,16.0,17.0,0.0,53.878044112976966,42.628044112976966,11.25,nan,0.0,0,0,0,0
972,1,right_lane,nop,nan,40,0,22.766461656101036,39.0,1.0,0.0,39.5,0.0,44.72447923394365,44.22447923394365,0.5,nan,0.0,0,0,0,0
973,1,right_lane,nop,nan,40,0,23.518957345971565,18.0,1.0,21.0,17.5,0.0,56.18184630830633,45.43184630830633,10.75,nan,0.0,0,0,0,0
974,1,right_lane,nop,nan,40,0,23.64395734428684,12.0,8.0,20.0,15.0,0.0,58.12761481809147,45.62761481809147,12.5,nan,0.0,0,0,0,0
975,1,right_lane,nop,nan,40,0,23.143957345971565,39.0,1.0,0.0,40.0,0.0,45.3293983320267,44.8293983320267,0.5,nan,0.0,0,0,0,0
976,1,right_lane,nop,nan,40,0,24.393957345971554,0.0,22.0,18.0,11.5,0.0,60.828200971255086,46.82820097125508,14.0,nan,0.0,0,0,0,0
977,1,right_lane,nop,nan,40,0,24.25000000171446,13.0,5.0,22.0,16.5,0.0,58.59559375160447,46.59559375160447,12.0,nan,0.0,0,0,0,0
978,1,right_lane,nop,nan,40,0,24.143957345971565,2.0,5.0,33.0,4.5,0.0,63.70381731025245,46.453817310252454,17.25,nan,0.0,0,0,0,0
979,1,right_lane,nop,nan,40,0,22.268957345971565,26.0,4.0,10.0,27.0,0.0,49.930331753554505,43.430331753554505,6.5,nan,0.0,0,0,0,0
980,1,right_lane,nop,nan,40,0,22.518957345971565,5.0,24.0,11.0,17.0,0.0,55.57775783499616,43.82775783499616,11.75,nan,0.0,0,0,0,0
981,1,right_lane,nop,nan,40,0,23.268957345971565,32.0,4.0,4.0,34.5,0.0,48.02822183864848,45.02822183864848,3.0,nan,0.0,0,0,0,0
982,1,right_lane,nop,nan,40,0,23.893957345971554,4.0,12.0,24.0,9.5,0.0,60.77382325349011,46.02382325349011,14.75,nan,0.0,0,0,0,0
983,1,right_lane,nop,nan,40,0,23.018585306429777,4.0,19.0,17.0,14.5,0.0,57.87512389307672,44.62512389307672,13.25,nan,0.0,0,0,0,0
984,1,right_lane,nop,nan,40,0,21.64395659693478,18.0,12.0,10.0,24.5,0.0,50.180152849211574,42.430152849211574,7.75,nan,0.0,0,0,0,0
985,1,right_lane,nop,nan,40,0,22.393957345971565,35.0,1.0,4.0,36.5,0.0,45.378895332100456,43.62889533210045,1.75,nan,0.0,0,0,0,0
986,1,right_lane,nop,nan,40,0,25.768951644954377,28.0,7.0,5.0,32.0,0.0,53.02330672779329,49.0233067277933,4.0,nan,0.0,0,0,0,0
987,1,right_lane,nop,nan,40,0,20.893957345971565,2.0,1.0,37.0,1.5,0.0,59.97840632468753,41.228406324687526,18.75,nan,0.0,0,0,0,0
988,1,right_lane,nop,nan,40,0,20.643957345971565,37.0,3.0,0.0,38.5,0.0,42.07898224603458,40.82898224603458,1.25,nan,0.0,0,0,0,0
989,1,right_lane,nop,nan,40,0,24.518957345971565,22.0,3.0,15.0,24.0,0.0,55.027768674857185,47.027768674857185,8.0,nan,0.0,0,0,0,0
990,1,right_lane,nop,nan,40,0,23.14358615410515,30.0,2.0,8.0,31.0,0.0,48.82780224394065,44.82780224394065,4.0,nan,0.0,0,0,0,0
991,1,right_lane,nop,nan,40,0,24.518914804618657,10.0,18.0,12.0,19.0,0.0,58.19535847651666,47.195358476516645,11.0,nan,0.0,0,0,0,0
992,1,right_lane,nop,nan,40,0,23.143957345971565,31.0,4.0,5.0,33.0,0.0,48.326897112839845,44.82689711283985,3.5,nan,0.0,0,0,0,0
993,1,right_lane,nop,nan,40,0,22.893957345745793,29.0,3.0,8.0,31.5,0.0,48.678279911259224,44.428279911259224,4.25,nan,0.0,0,0,0,0
994,1,right_lane,nop,nan,40,0,22.768957345971565,11.0,4.0,25.0,12.5,0.0,57.47797541366978,44.227975413669775,13.25,nan,0.0,0,0,0,0
995,1,right_lane,nop,nan,40,0,20.393957345971565,0.0,5.0,35.0,2.5,0.0,59.17986981211394,40.42986981211394,18.75,nan,0.0,0,0,0,0
996,1,right_lane,nop,nan,40,0,21.018957345971565,32.0,8.0,0.0,36.0,0.0,43.92798984344783,41.42798984344783,2.5,nan,0.0,0,0,0,0
997,1,right_lane,nop,nan,40,0,21.643957345971565,0.0,2.0,38.0,1.0,0.0,61.42711654462189,42.427116544621896,19.0,nan,0.0,0,0,0,0
998,1,right_lane,nop,nan,40,0,22.768957345971565,0.0,5.0,35.0,2.0,0.0,63.22751095435157,44.227510954351565,19.0,nan,0.0,0,0,0,0
999,1,right_lane,nop,nan,40,0,22.518957345971565,4.0,31.0,5.0,19.5,0.0,54.32639978571088,43.82639978571089,10.5,nan,0.0,0,0,0,0
