episode_id,policy_freq,profile,method,filter,value,episode_length,collision,mean_speed,total_cost,total_avoided_cost,total_expected_cost,total_reward,total_basic_reward,total_added_reward,mean_iterations_to_converge,convergence_rate,outcome_unchanged_count,outcome_naively_augmented_count,outcome_rcps_augmented_count,outcome_projection_count,lane_0_time,lane_1_time,lane_2_time
0,1,right_lane,adaptive,True,10.0,40,0,22.768957345971565,0.0,7.5,3.732181645095352,60.0,40.0,20.0,nan,0.0,0,0,0,40,0.0,0.0,40.0
1,1,right_lane,adaptive,True,10.0,40,0,21.893957345971565,0.0,7.0,3.204065989144965,60.0,40.0,20.0,nan,0.0,0,0,0,40,0.0,0.0,40.0
2,1,right_lane,adaptive,True,10.0,40,0,22.877496354776138,0.0,11.5,4.145192723062337,60.0,40.0,20.0,nan,0.0,0,0,0,40,0.0,1.0,39.0
3,1,right_lane,adaptive,True,10.0,40,0,24.393957345971565,0.0,0.5,1.4015463062318076,60.0,40.0,20.0,nan,0.0,0,0,0,40,0.0,0.0,40.0
4,1,right_lane,adaptive,True,10.0,40,0,20.518957345971565,0.0,3.5,4.002301372587681,60.0,40.0,20.0,nan,0.0,0,0,0,40,0.0,0.0,40.0
5,1,right_lane,adaptive,True,10.0,40,0,22.018957345971565,0.0,14.0,4.624854561940765,60.0,40.0,20.0,nan,0.0,0,0,0,40,0.0,0.0,40.0
6,1,right_lane,adaptive,True,10.0,40,0,21.893951547834142,0.0,8.0,3.8001420899536242,60.0,40.0,20.0,nan,0.0,0,0,0,40,0.0,0.0,40.0
7,1,right_lane,adaptive,True,10.0,40,0,21.518957345971565,0.0,6.0,4.163922311505303,60.0,40.0,20.0,nan,0.0,0,0,0,40,0.0,0.0,40.0
8,1,right_lane,adaptive,True,10.0,40,0,20.518957345971565,0.5,14.5,6.190581113100052,59.75,40.0,19.75,nan,0.0,0,0,0,40,1.0,1.0,38.0
9,1,right_lane,adaptive,True,10.0,40,0,21.643957345971565,0.0,5.5,3.969779206869134,60.0,40.0,20.0,nan,0.0,0,0,0,40,0.0,1.0,39.0
10,1,right_lane,adaptive,True,10.0,40,0,21.518957345971565,0.0,7.5,4.287295749253758,60.0,40.0,20.0,nan,0.0,0,0,0,40,0.0,0.0,40.0
11,1,right_lane,adaptive,True,10.0,12,1,22.14652444317463,0.5,0.5,1.5941296964883804,18.0,12.0,6.0,nan,0.0,0,0,0,12,0.0,1.0,11.0
12,1,right_lane,adaptive,True,10.0,40,0,21.247832407624884,0.5,1.0,4.361675606700601,59.5,40.0,19.5,nan,0.0,0,0,0,40,1.0,1.0,38.0
13,1,right_lane,adaptive,True,10.0,40,0,22.62749644062177,7.5,3.5,8.985263917281372,56.75,40.0,16.75,18.0,1.0,0,0,6,34,2.0,9.0,29.0
14,1,right_lane,adaptive,True,10.0,40,0,21.143957345971565,0.0,14.0,4.8217691261965,59.5,40.0,19.5,nan,0.0,0,0,0,40,0.0,1.0,39.0
15,1,right_lane,adaptive,True,10.0,40,0,20.518957345971565,0.5,4.0,5.652829606086016,59.75,40.0,19.75,nan,0.0,0,0,0,40,1.0,1.0,38.0
16,1,right_lane,adaptive,True,10.0,40,0,20.518957345971565,0.5,3.0,5.3713366612792015,59.75,40.0,19.75,nan,0.0,0,0,0,40,1.0,1.0,38.0
17,1,right_lane,adaptive,True,10.0,40,0,20.518957345971565,0.0,2.5,4.425305001437664,60.0,40.0,20.0,nan,0.0,0,0,0,40,0.0,1.0,39.0
18,1,right_lane,adaptive,True,10.0,40,0,20.893957345971565,0.0,6.0,4.287890080476245,60.0,40.0,20.0,nan,0.0,0,0,0,40,0.0,0.0,40.0
19,1,right_lane,adaptive,True,10.0,40,0,21.893957345971497,0.0,6.0,2.9221971808674425,60.0,40.0,20.0,nan,0.0,0,0,0,40,0.0,1.0,39.0
20,1,right_lane,adaptive,True,10.0,5,1,23.149028772714185,1.0,1.5,2.176220988156274,7.0,5.0,2.0,nan,0.0,0,0,0,5,1.0,2.0,2.0
21,1,right_lane,adaptive,True,10.0,40,0,20.89391975488909,0.0,2.0,3.332147788256407,60.0,40.0,20.0,nan,0.0,0,0,0,40,0.0,0.0,40.0
22,1,right_lane,adaptive,True,10.0,40,0,21.143957345971565,0.0,0.0,3.845197072461815,60.0,40.0,20.0,nan,0.0,0,0,0,40,0.0,1.0,39.0
23,1,right_lane,adaptive,True,10.0,40,0,20.268957345971565,0.0,12.5,5.183564014732838,60.0,40.0,20.0,nan,0.0,0,0,0,40,0.0,0.0,40.0
24,1,right_lane,adaptive,True,10.0,40,0,24.14150336085361,0.0,6.5,3.203959616762404,60.0,40.0,20.0,nan,0.0,0,0,0,40,0.0,0.0,40.0
25,1,right_lane,adaptive,True,10.0,40,0,21.018957345775455,0.5,1.0,2.69088054355052,59.75,40.0,19.75,nan,0.0,0,0,0,40,1.0,1.0,38.0
26,1,right_lane,adaptive,True,10.0,40,0,21.893957345971565,0.0,0.0,2.6141057767526945,60.0,40.0,20.0,nan,0.0,0,0,0,40,0.0,0.0,40.0
27,1,right_lane,adaptive,True,10.0,40,0,20.768957345971565,0.0,1.0,4.5087025463581085,60.0,40.0,20.0,nan,0.0,0,0,0,40,0.0,1.0,39.0
28,1,right_lane,adaptive,True,10.0,26,1,20.798395916879333,0.5,7.0,3.9365799874067307,39.0,26.0,13.0,nan,0.0,0,0,0,26,0.0,1.0,25.0
29,1,right_lane,adaptive,True,10.0,40,0,20.268957345971565,0.0,20.0,6.088596627116203,59.75,40.0,19.75,nan,0.0,0,0,0,40,0.0,0.0,40.0
30,1,right_lane,adaptive,True,10.0,22,1,22.989013356257768,2.0,5.5,4.263330192567082,32.25,22.0,10.25,nan,0.0,0,0,0,22,1.0,1.0,20.0
31,1,right_lane,adaptive,True,10.0,40,0,21.018957345971565,0.0,0.0,3.8961155275255805,59.75,40.0,19.75,nan,0.0,0,0,0,40,0.0,1.0,39.0
32,1,right_lane,adaptive,True,10.0,40,0,21.39395724882166,0.0,11.0,4.221689825025351,60.0,40.0,20.0,nan,0.0,0,0,0,40,0.0,0.0,40.0
33,1,right_lane,adaptive,True,10.0,40,0,20.643957345971565,0.5,4.5,5.750392034649849,59.75,40.0,19.75,nan,0.0,0,0,0,40,1.0,1.0,38.0
34,1,right_lane,adaptive,True,10.0,40,0,21.268957345971565,0.5,5.0,5.1974156983196735,59.75,40.0,19.75,nan,0.0,0,0,0,40,1.0,1.0,38.0
35,1,right_lane,adaptive,True,10.0,36,1,21.82661927330174,5.0,11.5,9.130953495528956,51.75,36.0,15.75,nan,0.0,0,0,0,36,3.0,4.0,29.0
36,1,right_lane,adaptive,True,10.0,3,1,25.0,1.0,1.0,1.5023350076808129,4.0,3.0,1.0,nan,0.0,0,0,0,3,1.0,1.0,1.0
37,1,right_lane,adaptive,True,10.0,40,0,20.393957345971565,0.0,9.5,4.774808019399643,59.75,40.0,19.75,nan,0.0,0,0,0,40,0.0,1.0,39.0
38,1,right_lane,adaptive,True,10.0,40,0,20.393957345971565,8.0,8.5,12.639879398047924,56.5,40.0,16.5,nan,0.0,0,0,0,40,5.0,6.0,29.0
39,1,right_lane,adaptive,True,10.0,40,0,20.393957345971565,0.0,17.0,6.288220547139645,59.5,40.0,19.5,nan,0.0,0,0,0,40,0.0,1.0,39.0
40,1,right_lane,adaptive,True,10.0,40,0,21.393957345971565,0.0,0.5,3.8562044758873526,60.0,40.0,20.0,nan,0.0,0,0,0,40,0.0,1.0,39.0
41,1,right_lane,adaptive,True,10.0,40,0,21.1439573329563,0.0,3.5,3.635446810629219,60.0,40.0,20.0,nan,0.0,0,0,0,40,0.0,1.0,39.0
42,1,right_lane,adaptive,True,10.0,8,1,21.344786235536013,0.5,4.0,2.197659954428673,12.0,8.0,4.0,nan,0.0,0,0,0,8,0.0,1.0,7.0
43,1,right_lane,adaptive,True,10.0,40,0,21.76895724862562,0.0,4.0,2.686348511233973,59.75,40.0,19.75,nan,0.0,0,0,0,40,0.0,0.0,40.0
44,1,right_lane,adaptive,True,10.0,40,0,20.393957345971565,0.5,3.5,4.735538877546787,59.75,40.0,19.75,nan,0.0,0,0,0,40,1.0,1.0,38.0
45,1,right_lane,adaptive,True,10.0,40,0,21.018957345971565,0.5,2.5,4.494445934891701,59.75,40.0,19.75,nan,0.0,0,0,0,40,1.0,1.0,38.0
46,1,right_lane,adaptive,True,10.0,40,0,21.76895174381868,0.0,1.5,3.498251706901783,60.0,40.0,20.0,nan,0.0,0,0,0,40,0.0,0.0,40.0
47,1,right_lane,adaptive,True,10.0,40,0,22.768957333148943,4.0,7.0,7.701684398354246,58.0,40.0,18.0,nan,0.0,0,0,0,40,1.0,8.0,31.0
48,1,right_lane,adaptive,True,10.0,40,0,21.393957345971565,4.5,5.5,9.23778379307987,57.75,40.0,17.75,18.0,1.0,0,0,2,38,2.0,5.0,33.0
49,1,right_lane,adaptive,True,10.0,40,0,21.393957345971565,4.5,4.0,9.726323638488338,57.75,40.0,17.75,18.0,1.0,0,0,1,39,3.0,5.0,32.0
50,1,right_lane,adaptive,True,10.0,40,0,20.893957345945747,0.0,4.5,4.0686743746282445,60.0,40.0,20.0,nan,0.0,0,0,0,40,0.0,1.0,39.0
51,1,right_lane,adaptive,True,10.0,40,0,20.518957345971565,0.5,1.5,4.647957731038332,59.75,40.0,19.75,nan,0.0,0,0,0,40,1.0,1.0,38.0
52,1,right_lane,adaptive,True,10.0,40,0,21.268957345971565,0.5,4.5,4.992221274415442,59.75,40.0,19.75,nan,0.0,0,0,0,40,1.0,1.0,38.0
53,1,right_lane,adaptive,True,10.0,40,0,21.231091647145412,0.0,12.5,5.25224740186809,60.0,40.0,20.0,nan,0.0,0,0,0,40,0.0,0.0,40.0
54,1,right_lane,adaptive,True,10.0,40,0,21.768957345971565,4.5,7.5,9.046495237976615,57.75,40.0,17.75,18.0,1.0,0,0,1,39,3.0,5.0,32.0
55,1,right_lane,adaptive,True,10.0,40,0,21.89395733146377,0.5,6.0,4.669781929358805,59.75,40.0,19.75,nan,0.0,0,0,0,40,1.0,1.0,38.0
56,1,right_lane,adaptive,True,10.0,40,0,22.268957345971565,0.5,1.5,4.6200595176560455,59.75,40.0,19.75,nan,0.0,0,0,0,40,1.0,1.0,38.0
57,1,right_lane,adaptive,True,10.0,40,1,21.768957345971494,3.5,11.5,8.043115870055772,58.5,40.0,18.5,18.0,1.0,0,0,1,39,1.0,6.0,33.0
58,1,right_lane,adaptive,True,10.0,40,0,21.018957345971565,0.5,11.0,5.313644020234278,59.5,40.0,19.5,nan,0.0,0,0,0,40,1.0,1.0,38.0
59,1,right_lane,adaptive,True,10.0,20,1,21.287914691943122,0.5,4.0,2.092397356357651,30.0,20.0,10.0,nan,0.0,0,0,0,20,0.0,1.0,19.0
60,1,right_lane,adaptive,True,10.0,40,0,20.268957345971565,0.0,0.5,4.679014854133129,59.75,40.0,19.75,nan,0.0,0,0,0,40,0.0,0.0,40.0
61,1,right_lane,adaptive,True,10.0,40,0,20.393957345971565,0.5,7.0,5.564904406666756,59.75,40.0,19.75,nan,0.0,0,0,0,40,1.0,1.0,38.0
62,1,right_lane,adaptive,True,10.0,40,0,21.518957345971565,3.0,4.5,5.658085611529714,58.5,40.0,18.5,18.0,1.0,0,0,1,39,2.0,4.0,34.0
63,1,right_lane,adaptive,True,10.0,40,0,20.393957345971565,0.0,6.5,4.1565491035580635,60.0,40.0,20.0,nan,0.0,0,0,0,40,0.0,0.0,40.0
64,1,right_lane,adaptive,True,10.0,40,0,20.393957345971565,3.5,10.5,8.389249749481678,58.75,40.0,18.75,nan,0.0,0,0,0,40,1.0,4.0,35.0
65,1,right_lane,adaptive,True,10.0,40,0,21.268957345971565,0.0,2.5,3.123394626381014,59.5,40.0,19.5,nan,0.0,0,0,0,40,0.0,0.0,40.0
66,1,right_lane,adaptive,True,10.0,40,0,21.143957345971565,0.5,8.0,3.973770676485401,59.75,40.0,19.75,nan,0.0,0,0,0,40,1.0,1.0,38.0
67,1,right_lane,adaptive,True,10.0,40,0,21.518957345971565,0.0,0.5,3.2989637228520223,60.0,40.0,20.0,nan,0.0,0,0,0,40,0.0,0.0,40.0
68,1,right_lane,adaptive,True,10.0,20,1,23.787914691934265,0.0,2.5,1.1645645471717216,30.0,20.0,10.0,nan,0.0,0,0,0,20,0.0,0.0,20.0
69,1,right_lane,adaptive,True,10.0,40,0,20.8939573329563,0.0,12.0,4.48308726772666,60.0,40.0,20.0,nan,0.0,0,0,0,40,0.0,1.0,39.0
70,1,right_lane,adaptive,True,10.0,40,0,21.518957247111118,7.0,3.5,10.90410390868783,56.5,40.0,16.5,18.0,1.0,0,0,1,39,4.0,7.0,29.0
71,1,right_lane,adaptive,True,10.0,40,0,20.518957345971565,0.5,12.5,6.757006622850895,59.75,40.0,19.75,nan,0.0,0,0,0,40,1.0,1.0,38.0
72,1,right_lane,adaptive,True,10.0,40,0,21.393957345971565,0.0,1.0,4.086553013013599,60.0,40.0,20.0,nan,0.0,0,0,0,40,0.0,1.0,39.0
73,1,right_lane,adaptive,True,10.0,40,0,20.643957345971565,0.5,2.0,4.236621577292681,59.75,40.0,19.75,nan,0.0,0,0,0,40,1.0,1.0,38.0
74,1,right_lane,adaptive,True,10.0,40,0,21.01895100608661,0.5,13.0,6.217431761324406,59.75,40.0,19.75,nan,0.0,0,0,0,40,1.0,1.0,38.0
75,1,right_lane,adaptive,True,10.0,40,0,21.51858540506837,0.0,4.0,3.973181019653566,60.0,40.0,20.0,nan,0.0,0,0,0,40,0.0,1.0,39.0
76,1,right_lane,adaptive,True,10.0,26,1,20.41378053226395,0.5,12.5,4.943658508360386,39.0,26.0,13.0,nan,0.0,0,0,0,26,0.0,1.0,25.0
77,1,right_lane,adaptive,True,10.0,40,0,22.393957333178104,0.5,14.0,5.813367804430527,59.5,40.0,19.5,nan,0.0,0,0,0,40,1.0,1.0,38.0
78,1,right_lane,adaptive,True,10.0,40,0,21.643957345971565,0.5,2.0,4.850271345483634,59.75,40.0,19.75,nan,0.0,0,0,0,40,1.0,1.0,38.0
79,1,right_lane,adaptive,True,10.0,40,0,21.143957345971565,0.5,2.5,2.2460262019849324,59.75,40.0,19.75,nan,0.0,0,0,0,40,1.0,1.0,38.0
80,1,right_lane,adaptive,True,10.0,40,0,20.768957345971565,0.0,6.0,4.213994517922401,60.0,40.0,20.0,nan,0.0,0,0,0,40,0.0,0.0,40.0
81,1,right_lane,adaptive,True,10.0,40,0,21.14391975486327,0.5,7.0,5.263968694489449,59.75,40.0,19.75,nan,0.0,0,0,0,40,1.0,1.0,38.0
82,1,right_lane,adaptive,True,10.0,40,0,22.643957345971565,0.0,1.0,3.377573902927452,60.0,40.0,20.0,nan,0.0,0,0,0,40,0.0,1.0,39.0
83,1,right_lane,adaptive,True,10.0,40,0,23.50032874938229,0.5,3.0,3.9816785756465833,59.75,40.0,19.75,nan,0.0,0,0,0,40,1.0,1.0,38.0
84,1,right_lane,adaptive,True,10.0,40,0,20.768957345971565,0.0,5.5,4.529481157660484,60.0,40.0,20.0,nan,0.0,0,0,0,40,0.0,0.0,40.0
85,1,right_lane,adaptive,True,10.0,40,0,22.143957345971565,0.0,1.0,3.656599090727468,60.0,40.0,20.0,nan,0.0,0,0,0,40,0.0,1.0,39.0
86,1,right_lane,adaptive,True,10.0,40,0,20.768957345971117,0.5,8.0,5.233730897307396,59.75,40.0,19.75,nan,0.0,0,0,0,40,1.0,1.0,38.0
87,1,right_lane,adaptive,True,10.0,40,0,20.643957345971565,0.5,11.0,5.782639183104038,59.75,40.0,19.75,nan,0.0,0,0,0,40,1.0,1.0,38.0
88,1,right_lane,adaptive,True,10.0,40,0,21.143957345971565,0.0,9.0,4.295506321152288,60.0,40.0,20.0,nan,0.0,0,0,0,40,0.0,1.0,39.0
89,1,right_lane,adaptive,True,10.0,40,0,22.500005701017244,0.5,5.0,4.994955113510969,59.75,40.0,19.75,nan,0.0,0,0,0,40,1.0,1.0,38.0
90,1,right_lane,adaptive,True,10.0,39,1,21.173289585611858,2.5,8.0,6.981377370655537,57.5,39.0,18.5,nan,0.0,0,0,0,39,1.0,2.0,36.0
91,1,right_lane,adaptive,True,10.0,11,1,21.432572160934924,0.5,3.5,2.353393591940403,16.25,11.0,5.25,nan,0.0,0,0,0,11,0.0,1.0,10.0
92,1,right_lane,adaptive,True,10.0,3,1,25.0,1.0,1.5,1.9778363704681396,4.0,3.0,1.0,nan,0.0,0,0,0,3,1.0,1.0,1.0
93,1,right_lane,adaptive,True,10.0,40,0,22.393957345971565,5.5,7.0,10.089837043434272,57.0,40.0,17.0,18.0,1.0,0,0,1,39,3.0,6.0,31.0
94,1,right_lane,adaptive,True,10.0,40,0,21.018957345971565,0.5,3.0,4.853736382938223,59.75,40.0,19.75,nan,0.0,0,0,0,40,1.0,1.0,38.0
95,1,right_lane,adaptive,True,10.0,40,0,21.518957345971565,0.0,0.0,3.661680567937765,60.0,40.0,20.0,nan,0.0,0,0,0,40,0.0,1.0,39.0
96,1,right_lane,adaptive,True,10.0,40,0,22.518957345971558,0.5,3.0,4.361960548059187,59.75,40.0,19.75,nan,0.0,0,0,0,40,1.0,1.0,38.0
97,1,right_lane,adaptive,True,10.0,40,0,20.268957345971565,1.5,10.0,6.115409426391125,59.75,40.0,19.75,nan,0.0,0,0,0,40,0.0,2.0,38.0
98,1,right_lane,adaptive,True,10.0,40,0,20.89395239570556,0.5,2.0,4.420043632388115,59.25,40.0,19.25,nan,0.0,0,0,0,40,1.0,1.0,38.0
99,1,right_lane,adaptive,True,10.0,40,0,20.893914066891014,5.5,7.0,10.40420550853014,57.25,40.0,17.25,18.0,1.0,0,0,1,39,3.0,6.0,31.0
100,1,right_lane,adaptive,True,10.0,40,1,21.018957345971565,1.0,14.5,6.794636711478233,59.75,40.0,19.75,nan,0.0,0,0,0,40,1.0,1.0,38.0
101,1,right_lane,adaptive,True,10.0,40,0,20.768957345971565,0.5,2.5,5.1387094631791115,59.5,40.0,19.5,nan,0.0,0,0,0,40,1.0,1.0,38.0
102,1,right_lane,adaptive,True,10.0,40,0,21.393957345971565,0.0,3.5,2.1582399942544725,60.0,40.0,20.0,nan,0.0,0,0,0,40,0.0,0.0,40.0
103,1,right_lane,adaptive,True,10.0,40,0,21.893957345971565,0.0,0.5,3.525860041523856,60.0,40.0,20.0,nan,0.0,0,0,0,40,0.0,0.0,40.0
104,1,right_lane,adaptive,True,10.0,3,1,25.0,0.5,1.0,1.5123151531191752,4.25,3.0,1.25,nan,0.0,0,0,0,3,1.0,1.0,1.0
105,1,right_lane,adaptive,True,10.0,40,0,20.643957345971565,0.5,3.5,5.254217728972435,59.75,40.0,19.75,nan,0.0,0,0,0,40,1.0,1.0,38.0
106,1,right_lane,adaptive,True,10.0,40,0,22.518957344283436,0.5,5.0,4.717435902167836,59.75,40.0,19.75,nan,0.0,0,0,0,40,1.0,1.0,38.0
107,1,right_lane,adaptive,True,10.0,40,0,21.393957345971565,0.0,0.5,3.8560559969928363,60.0,40.0,20.0,nan,0.0,0,0,0,40,0.0,1.0,39.0
108,1,right_lane,adaptive,True,10.0,40,0,21.62749644062177,0.0,2.5,1.9995429699556553,60.0,40.0,20.0,nan,0.0,0,0,0,40,0.0,0.0,40.0
109,1,right_lane,adaptive,True,10.0,40,0,23.518957345941384,0.5,7.0,4.6858021036309765,59.75,40.0,19.75,nan,0.0,0,0,0,40,1.0,1.0,38.0
110,1,right_lane,adaptive,True,10.0,28,1,21.455653351387948,0.5,8.0,4.3911464884877205,42.0,28.0,14.0,nan,0.0,0,0,0,28,0.0,0.0,28.0
111,1,right_lane,adaptive,True,10.0,40,0,21.143957345971565,0.0,2.0,3.3632619783325026,59.75,40.0,19.75,nan,0.0,0,0,0,40,0.0,1.0,39.0
112,1,right_lane,adaptive,True,10.0,40,0,21.018957345971565,0.0,3.0,4.403790402620871,60.0,40.0,20.0,nan,0.0,0,0,0,40,0.0,1.0,39.0
113,1,right_lane,adaptive,True,10.0,40,0,22.268957344061132,4.0,2.5,7.8059953066767775,58.0,40.0,18.0,18.0,1.0,0,0,1,39,2.0,6.0,32.0
114,1,right_lane,adaptive,True,10.0,40,0,20.893957345971565,0.5,2.0,5.228498984135513,59.75,40.0,19.75,nan,0.0,0,0,0,40,1.0,1.0,38.0
115,1,right_lane,adaptive,True,10.0,40,0,21.393957345971565,0.0,10.5,3.960100966232858,60.0,40.0,20.0,nan,0.0,0,0,0,40,0.0,0.0,40.0
116,1,right_lane,adaptive,True,10.0,40,0,22.768957345968165,0.0,2.0,3.873791884165257,60.0,40.0,20.0,nan,0.0,0,0,0,40,0.0,1.0,39.0
117,1,right_lane,adaptive,True,10.0,40,0,20.643957345971565,0.5,9.5,4.099902812178698,59.75,40.0,19.75,nan,0.0,0,0,0,40,1.0,1.0,38.0
118,1,right_lane,adaptive,True,10.0,40,0,21.143957345971565,0.0,14.5,4.738356334804848,60.0,40.0,20.0,nan,0.0,0,0,0,40,0.0,1.0,39.0
119,1,right_lane,adaptive,True,10.0,40,0,21.018957345971565,0.0,4.0,3.9274539113521314,60.0,40.0,20.0,nan,0.0,0,0,0,40,0.0,0.0,40.0
120,1,right_lane,adaptive,True,10.0,13,1,21.981407213098787,0.5,2.5,2.2521043866872787,19.5,13.0,6.5,nan,0.0,0,0,0,13,0.0,1.0,12.0
121,1,right_lane,adaptive,True,10.0,40,0,21.768957345971494,0.0,3.0,3.564307821143302,59.75,40.0,19.75,nan,0.0,0,0,0,40,0.0,0.0,40.0
122,1,right_lane,adaptive,True,10.0,40,0,20.518957345971565,0.0,0.5,1.314277085836693,60.0,40.0,20.0,nan,0.0,0,0,0,40,0.0,0.0,40.0
123,1,right_lane,adaptive,True,10.0,40,0,20.893957345971565,0.0,3.0,4.086887814104557,60.0,40.0,20.0,nan,0.0,0,0,0,40,0.0,0.0,40.0
124,1,right_lane,adaptive,True,10.0,3,1,25.0,1.0,0.5,1.5035647402401082,4.25,3.0,1.25,nan,0.0,0,0,0,3,1.0,1.0,1.0
125,1,right_lane,adaptive,True,10.0,40,0,22.143957345971554,0.0,1.0,3.5850179937951907,59.75,40.0,19.75,nan,0.0,0,0,0,40,0.0,1.0,39.0
126,1,right_lane,adaptive,True,10.0,40,0,20.64395734594575,0.5,16.5,6.048480570316315,59.75,40.0,19.75,nan,0.0,0,0,0,40,1.0,1.0,38.0
127,1,right_lane,adaptive,True,10.0,40,0,22.893957345971565,0.5,6.0,4.751513213084081,59.75,40.0,19.75,nan,0.0,0,0,0,40,1.0,1.0,38.0
128,1,right_lane,adaptive,True,10.0,40,0,21.393957345971565,0.0,5.0,3.4734640864112407,60.0,40.0,20.0,nan,0.0,0,0,0,40,0.0,0.0,40.0
129,1,right_lane,adaptive,True,10.0,40,0,22.893914804623012,0.0,2.5,2.8961043256601897,60.0,40.0,20.0,nan,0.0,0,0,0,40,0.0,0.0,40.0
130,1,right_lane,adaptive,True,10.0,40,0,20.268957345971565,0.0,14.5,5.848277270793915,60.0,40.0,20.0,nan,0.0,0,0,0,40,0.0,0.0,40.0
131,1,right_lane,adaptive,True,10.0,40,0,21.143957345967202,7.0,10.5,11.683845527470112,56.5,40.0,16.5,18.0,1.0,0,0,1,39,4.0,7.0,29.0
132,1,right_lane,adaptive,True,10.0,40,0,22.393957345971565,0.0,8.0,3.92565906382697,60.0,40.0,20.0,nan,0.0,0,0,0,40,0.0,0.0,40.0
133,1,right_lane,adaptive,True,10.0,39,1,20.788674200996475,6.0,15.5,13.38411657512188,55.75,39.0,16.75,18.0,1.0,0,0,1,38,2.0,8.0,29.0
134,1,right_lane,adaptive,True,10.0,40,0,21.374720243734682,0.0,2.0,3.6490739680593833,59.75,40.0,19.75,nan,0.0,0,0,0,40,0.0,1.0,39.0
135,1,right_lane,adaptive,True,10.0,40,0,22.50032874937786,0.0,3.5,3.4096908964532417,60.0,40.0,20.0,nan,0.0,0,0,0,40,0.0,0.0,40.0
136,1,right_lane,adaptive,True,10.0,40,0,22.268957260126317,0.5,11.0,5.056217158296818,59.75,40.0,19.75,nan,0.0,0,0,0,40,1.0,1.0,38.0
137,1,right_lane,adaptive,True,10.0,40,0,21.018957345971565,0.0,2.0,3.9850995121905726,60.0,40.0,20.0,nan,0.0,0,0,0,40,0.0,1.0,39.0
138,1,right_lane,adaptive,True,10.0,40,0,24.393634297606518,0.0,7.0,3.385246572469896,60.0,40.0,20.0,nan,0.0,0,0,0,40,0.0,0.0,40.0
139,1,right_lane,adaptive,True,10.0,40,0,21.518956596934782,0.0,4.0,4.259220919102972,60.0,40.0,20.0,nan,0.0,0,0,0,40,0.0,1.0,39.0
140,1,right_lane,adaptive,True,10.0,9,1,25.0,0.5,0.5,1.0328971892495247,13.5,9.0,4.5,nan,0.0,0,0,0,9,0.0,0.0,9.0
141,1,right_lane,adaptive,True,10.0,20,1,22.287914691935296,0.0,6.0,3.9494747730350355,29.75,20.0,9.75,nan,0.0,0,0,0,20,0.0,1.0,19.0
142,1,right_lane,adaptive,True,10.0,40,0,21.518957345971565,4.5,7.5,8.524016221020247,57.75,40.0,17.75,18.0,1.0,0,0,2,38,2.0,5.0,33.0
143,1,right_lane,adaptive,True,10.0,40,0,21.893957345971117,0.5,1.0,4.266786890984349,59.75,40.0,19.75,nan,0.0,0,0,0,40,1.0,1.0,38.0
144,1,right_lane,adaptive,True,10.0,40,0,20.768957345971565,0.5,3.5,4.450220030150376,59.75,40.0,19.75,nan,0.0,0,0,0,40,1.0,1.0,38.0
145,1,right_lane,adaptive,True,10.0,40,0,20.518957345971565,0.5,11.0,5.5702125281095505,59.75,40.0,19.75,nan,0.0,0,0,0,40,1.0,1.0,38.0
146,1,right_lane,adaptive,True,10.0,39,1,21.429699842022117,8.0,11.5,12.507568163448013,54.75,39.0,15.75,nan,0.0,0,0,0,39,5.0,5.0,29.0
147,1,right_lane,adaptive,True,10.0,35,1,22.16452268111036,0.5,3.0,3.5371414783130604,52.25,35.0,17.25,nan,0.0,0,0,0,35,0.0,1.0,34.0
148,1,right_lane,adaptive,True,10.0,40,0,21.893957345970982,0.0,7.5,4.222196648828685,59.75,40.0,19.75,nan,0.0,0,0,0,40,0.0,1.0,39.0
149,1,right_lane,adaptive,True,10.0,36,1,21.54884149552396,0.5,9.5,5.456419907364307,54.0,36.0,18.0,nan,0.0,0,0,0,36,0.0,1.0,35.0
150,1,right_lane,adaptive,True,10.0,40,0,22.143957345971494,0.5,2.5,4.345044900853168,59.5,40.0,19.5,nan,0.0,0,0,0,40,1.0,1.0,38.0
151,1,right_lane,adaptive,True,10.0,40,0,20.393957345971565,0.0,13.0,5.295160032808781,60.0,40.0,20.0,nan,0.0,0,0,0,40,0.0,1.0,39.0
152,1,right_lane,adaptive,True,10.0,40,0,21.643957345971565,0.5,5.5,4.788828026910778,59.75,40.0,19.75,nan,0.0,0,0,0,40,1.0,1.0,38.0
153,1,right_lane,adaptive,True,10.0,22,1,23.670831538129974,0.5,6.5,3.4602910954899926,33.0,22.0,11.0,nan,0.0,0,0,0,22,0.0,0.0,22.0
154,1,right_lane,adaptive,True,10.0,40,0,23.393951742329993,0.0,5.5,3.637306829989029,59.75,40.0,19.75,nan,0.0,0,0,0,40,0.0,0.0,40.0
155,1,right_lane,adaptive,True,10.0,11,1,22.341662716753465,0.5,1.5,1.4862226479062883,16.25,11.0,5.25,nan,0.0,0,0,0,11,1.0,1.0,9.0
156,1,right_lane,adaptive,True,10.0,40,0,22.00249644062177,0.0,1.0,3.7717168389135622,60.0,40.0,20.0,nan,0.0,0,0,0,40,0.0,1.0,39.0
157,1,right_lane,adaptive,True,10.0,16,1,23.484893364290173,0.0,0.0,0.6770643089239456,24.0,16.0,8.0,nan,0.0,0,0,0,16,0.0,1.0,15.0
158,1,right_lane,adaptive,True,10.0,40,0,22.268957345971565,0.0,8.0,3.8967884525554837,60.0,40.0,20.0,nan,0.0,0,0,0,40,0.0,0.0,40.0
159,1,right_lane,adaptive,True,10.0,40,0,21.393957345749705,0.0,13.5,4.3108253634231914,60.0,40.0,20.0,nan,0.0,0,0,0,40,0.0,0.0,40.0
160,1,right_lane,adaptive,True,10.0,40,0,20.268957345971565,0.0,2.5,4.4870889857411385,60.0,40.0,20.0,nan,0.0,0,0,0,40,0.0,0.0,40.0
161,1,right_lane,adaptive,True,10.0,40,0,23.643957345971565,0.0,1.0,3.2240930732114066,60.0,40.0,20.0,nan,0.0,0,0,0,40,0.0,0.0,40.0
162,1,right_lane,adaptive,True,10.0,40,0,20.393957345971565,0.0,20.5,5.959745794534683,60.0,40.0,20.0,nan,0.0,0,0,0,40,0.0,1.0,39.0
163,1,right_lane,adaptive,True,10.0,40,0,23.518957345749698,0.0,6.0,3.295318620141188,60.0,40.0,20.0,nan,0.0,0,0,0,40,0.0,0.0,40.0
164,1,right_lane,adaptive,True,10.0,40,0,21.891789654732086,0.0,9.5,4.23306225054489,60.0,40.0,20.0,nan,0.0,0,0,0,40,0.0,1.0,39.0
165,1,right_lane,adaptive,True,10.0,40,0,22.643957345971565,0.0,7.0,3.048861462829791,60.0,40.0,20.0,nan,0.0,0,0,0,40,0.0,0.0,40.0
166,1,right_lane,adaptive,True,10.0,40,0,20.393957345971565,0.0,13.5,5.257653318345547,60.0,40.0,20.0,nan,0.0,0,0,0,40,0.0,1.0,39.0
167,1,right_lane,adaptive,True,10.0,40,0,21.143957345971565,0.0,6.5,4.084932290017605,60.0,40.0,20.0,nan,0.0,0,0,0,40,0.0,0.0,40.0
168,1,right_lane,adaptive,True,10.0,40,0,23.393957345971508,0.5,5.0,4.485127178996663,59.75,40.0,19.75,nan,0.0,0,0,0,40,1.0,1.0,38.0
169,1,right_lane,adaptive,True,10.0,40,0,20.518957345971565,0.0,2.0,4.1238699071109295,60.0,40.0,20.0,nan,0.0,0,0,0,40,0.0,1.0,39.0
170,1,right_lane,adaptive,True,10.0,40,0,20.768957345971565,0.5,1.5,4.378097828477621,59.75,40.0,19.75,nan,0.0,0,0,0,40,1.0,1.0,38.0
171,1,right_lane,adaptive,True,10.0,40,0,21.393957345971565,0.0,6.0,4.442788829685924,60.0,40.0,20.0,nan,0.0,0,0,0,40,0.0,1.0,39.0
172,1,right_lane,adaptive,True,10.0,40,0,20.768957345971565,0.5,3.0,5.611187405884266,59.75,40.0,19.75,nan,0.0,0,0,0,40,1.0,1.0,38.0
173,1,right_lane,adaptive,True,10.0,40,0,21.268957345971565,0.0,1.0,4.016202605404487,60.0,40.0,20.0,nan,0.0,0,0,0,40,0.0,0.0,40.0
174,1,right_lane,adaptive,True,10.0,40,0,21.8917890028452,0.5,4.5,4.815020165053284,59.75,40.0,19.75,nan,0.0,0,0,0,40,1.0,1.0,38.0
175,1,right_lane,adaptive,True,10.0,40,0,21.268957345971565,0.0,5.0,3.267916754099133,60.0,40.0,20.0,nan,0.0,0,0,0,40,0.0,0.0,40.0
176,1,right_lane,adaptive,True,10.0,40,0,20.893957345971565,0.0,11.0,5.569900802045595,60.0,40.0,20.0,nan,0.0,0,0,0,40,0.0,1.0,39.0
177,1,right_lane,adaptive,True,10.0,35,1,21.593094109681786,0.5,12.0,5.538379340347092,52.5,35.0,17.5,nan,0.0,0,0,0,35,0.0,1.0,34.0
178,1,right_lane,adaptive,True,10.0,40,0,20.518957345971565,0.5,14.0,6.610770672559738,59.5,40.0,19.5,nan,0.0,0,0,0,40,1.0,1.0,38.0
179,1,right_lane,adaptive,True,10.0,40,0,21.643957345971565,0.0,10.0,3.9368186471928084,60.0,40.0,20.0,nan,0.0,0,0,0,40,0.0,1.0,39.0
180,1,right_lane,adaptive,True,10.0,40,0,21.01895733466685,0.0,13.0,4.295455603074515,60.0,40.0,20.0,nan,0.0,0,0,0,40,0.0,0.0,40.0
181,1,right_lane,adaptive,True,10.0,28,1,20.56279620853081,1.5,13.0,7.013363540172577,41.5,28.0,13.5,nan,0.0,0,0,0,28,0.0,3.0,25.0
182,1,right_lane,adaptive,True,10.0,40,0,21.518957345971565,3.5,16.0,9.938402592266698,58.0,40.0,18.0,18.0,1.0,0,0,2,38,2.0,5.0,33.0
183,1,right_lane,adaptive,True,10.0,28,1,21.634224779959375,1.5,10.5,6.099773825255397,41.5,28.0,13.5,nan,0.0,0,0,0,28,1.0,2.0,25.0
184,1,right_lane,adaptive,True,10.0,40,0,21.76895734597105,0.0,1.5,3.449143830948742,59.75,40.0,19.75,nan,0.0,0,0,0,40,0.0,1.0,39.0
185,1,right_lane,adaptive,True,10.0,40,0,22.143951646668775,0.5,7.0,4.844777239247378,59.75,40.0,19.75,nan,0.0,0,0,0,40,1.0,1.0,38.0
186,1,right_lane,adaptive,True,10.0,40,0,23.018957345971565,8.0,8.0,11.733640419732183,56.5,40.0,16.5,nan,0.0,0,0,0,40,5.0,6.0,29.0
187,1,right_lane,adaptive,True,10.0,40,0,23.143957345971565,5.5,2.0,8.82378727410287,56.75,40.0,16.75,18.0,1.0,0,0,1,39,3.0,7.0,30.0
188,1,right_lane,adaptive,True,10.0,40,0,24.500043292099726,3.0,4.0,5.459362355247379,58.5,40.0,18.5,18.0,1.0,0,0,1,39,0.0,6.0,34.0
189,1,right_lane,adaptive,True,10.0,40,0,21.518957345971565,0.5,3.5,4.914645008742809,59.75,40.0,19.75,nan,0.0,0,0,0,40,1.0,1.0,38.0
190,1,right_lane,adaptive,True,10.0,40,0,21.393957345968165,0.5,9.5,5.432239679304985,59.75,40.0,19.75,nan,0.0,0,0,0,40,1.0,1.0,38.0
191,1,right_lane,adaptive,True,10.0,40,0,21.391789654732083,0.5,11.0,5.5480135306715965,59.75,40.0,19.75,nan,0.0,0,0,0,40,1.0,1.0,38.0
192,1,right_lane,adaptive,True,10.0,40,0,21.768957345971565,0.0,7.5,3.7407661620527506,60.0,40.0,20.0,nan,0.0,0,0,0,40,0.0,0.0,40.0
193,1,right_lane,adaptive,True,10.0,16,1,22.23489336484608,0.5,5.0,2.4625881808860868,24.0,16.0,8.0,nan,0.0,0,0,0,16,0.0,0.0,16.0
194,1,right_lane,adaptive,True,10.0,40,0,20.643957345967717,0.5,3.5,4.2988631956104655,59.5,40.0,19.5,nan,0.0,0,0,0,40,1.0,1.0,38.0
195,1,right_lane,adaptive,True,10.0,40,0,23.018957345971565,0.0,2.5,2.867010476930318,60.0,40.0,20.0,nan,0.0,0,0,0,40,0.0,0.0,40.0
196,1,right_lane,adaptive,True,10.0,15,1,23.05055291742733,0.5,5.0,2.448672711524523,22.5,15.0,7.5,nan,0.0,0,0,0,15,0.0,1.0,14.0
197,1,right_lane,adaptive,True,10.0,40,0,21.518957345971565,0.0,13.5,4.131515993763969,59.75,40.0,19.75,nan,0.0,0,0,0,40,0.0,0.0,40.0
198,1,right_lane,adaptive,True,10.0,36,1,21.409952606635073,0.5,11.5,7.786387343890965,53.75,36.0,17.75,nan,0.0,0,0,0,36,0.0,2.0,34.0
199,1,right_lane,adaptive,True,10.0,17,1,20.338723166991915,2.0,7.0,4.634745761752129,24.5,17.0,7.5,nan,0.0,0,0,0,17,1.0,2.0,14.0
200,1,right_lane,adaptive,True,10.0,11,1,23.705296356619712,0.0,1.5,1.0073007923460864,16.5,11.0,5.5,nan,0.0,0,0,0,11,0.0,1.0,10.0
201,1,right_lane,adaptive,True,10.0,3,1,25.0,1.0,1.0,1.8249644041061401,4.25,3.0,1.25,nan,0.0,0,0,0,3,1.0,1.0,1.0
202,1,right_lane,adaptive,True,10.0,40,0,21.143957345971565,0.0,12.0,6.196437008678913,59.75,40.0,19.75,nan,0.0,0,0,0,40,0.0,1.0,39.0
203,1,right_lane,adaptive,True,10.0,40,0,21.518957345968165,0.0,17.0,5.2105308624454665,60.0,40.0,20.0,nan,0.0,0,0,0,40,0.0,1.0,39.0
204,1,right_lane,adaptive,True,10.0,27,1,21.694751623661574,1.0,6.5,4.5762790610897355,40.25,27.0,13.25,nan,0.0,0,0,0,27,1.0,1.0,25.0
205,1,right_lane,adaptive,True,10.0,40,0,20.268957345971565,0.0,2.0,4.18266499042511,59.75,40.0,19.75,nan,0.0,0,0,0,40,0.0,0.0,40.0
206,1,right_lane,adaptive,True,10.0,40,0,22.127490752623697,0.5,2.5,4.834624897584035,59.75,40.0,19.75,nan,0.0,0,0,0,40,1.0,1.0,38.0
207,1,right_lane,adaptive,True,10.0,40,0,20.768957345971565,6.0,13.0,11.767492827697424,57.0,40.0,17.0,18.0,1.0,0,0,1,39,4.0,6.0,30.0
208,1,right_lane,adaptive,True,10.0,40,0,20.268957345971565,0.0,19.5,5.434525176882744,60.0,40.0,20.0,nan,0.0,0,0,0,40,0.0,1.0,39.0
209,1,right_lane,adaptive,True,10.0,40,0,21.125043292099726,0.0,0.0,2.637206044048071,60.0,40.0,20.0,nan,0.0,0,0,0,40,0.0,0.0,40.0
210,1,right_lane,adaptive,True,10.0,40,0,21.018957345971565,0.0,1.5,3.2086086980998516,60.0,40.0,20.0,nan,0.0,0,0,0,40,0.0,0.0,40.0
211,1,right_lane,adaptive,True,10.0,40,0,22.018919754889087,3.0,10.0,7.983457765312778,58.5,40.0,18.5,18.0,1.0,0,0,1,39,2.0,4.0,34.0
212,1,right_lane,adaptive,True,10.0,40,0,21.143957345971565,0.0,5.0,3.587154055227984,60.0,40.0,20.0,nan,0.0,0,0,0,40,0.0,0.0,40.0
213,1,right_lane,adaptive,True,10.0,40,0,20.893957345971565,0.0,3.5,4.2657875762051845,60.0,40.0,20.0,nan,0.0,0,0,0,40,0.0,1.0,39.0
214,1,right_lane,adaptive,True,10.0,40,0,23.250000750722027,0.0,4.5,2.753399336635539,60.0,40.0,20.0,nan,0.0,0,0,0,40,0.0,0.0,40.0
215,1,right_lane,adaptive,True,10.0,40,0,21.643957345971565,0.0,1.0,4.042478843212848,60.0,40.0,20.0,nan,0.0,0,0,0,40,0.0,1.0,39.0
216,1,right_lane,adaptive,True,10.0,40,0,22.393957345971565,0.0,0.0,0.5783292396063189,60.0,40.0,20.0,nan,0.0,0,0,0,40,0.0,0.0,40.0
217,1,right_lane,adaptive,True,10.0,40,0,22.018957345971565,0.0,0.0,1.0295538588579802,60.0,40.0,20.0,nan,0.0,0,0,0,40,0.0,1.0,39.0
218,1,right_lane,adaptive,True,10.0,40,0,21.268957345971565,0.5,2.5,4.678877123740676,59.75,40.0,19.75,nan,0.0,0,0,0,40,1.0,1.0,38.0
219,1,right_lane,adaptive,True,10.0,40,0,20.393957345971565,0.5,10.0,6.170635536313057,59.75,40.0,19.75,nan,0.0,0,0,0,40,1.0,1.0,38.0
220,1,right_lane,adaptive,True,10.0,40,0,20.393957345968165,0.0,7.5,3.8593891374766827,60.0,40.0,20.0,nan,0.0,0,0,0,40,0.0,1.0,39.0
221,1,right_lane,adaptive,True,10.0,40,0,20.893957345971565,0.5,6.0,5.211450181901455,59.75,40.0,19.75,nan,0.0,0,0,0,40,1.0,1.0,38.0
222,1,right_lane,adaptive,True,10.0,31,1,20.347041736737506,0.5,15.0,5.396142348647118,46.5,31.0,15.5,nan,0.0,0,0,0,31,0.0,0.0,31.0
223,1,right_lane,adaptive,True,10.0,40,0,21.018957345971565,4.0,16.0,9.365587055683136,57.75,40.0,17.75,18.0,1.0,0,0,1,39,2.0,5.0,33.0
224,1,right_lane,adaptive,True,10.0,40,0,21.018957345971565,0.0,12.5,3.580839094996918,60.0,40.0,20.0,nan,0.0,0,0,0,40,0.0,0.0,40.0
225,1,right_lane,adaptive,True,10.0,40,0,21.018957345971504,0.5,8.0,5.547093793749809,59.75,40.0,19.75,nan,0.0,0,0,0,40,1.0,1.0,38.0
226,1,right_lane,adaptive,True,10.0,40,0,20.393957345971565,0.5,18.5,6.231988660991192,59.75,40.0,19.75,nan,0.0,0,0,0,40,1.0,1.0,38.0
227,1,right_lane,adaptive,True,10.0,40,0,22.016461656101036,5.5,4.0,9.230444058113108,57.25,40.0,17.25,18.0,1.0,0,0,1,39,3.0,6.0,31.0
228,1,right_lane,adaptive,True,10.0,40,0,20.893957345971565,6.0,15.0,11.56524370610714,57.0,40.0,17.0,18.0,1.0,0,0,1,39,4.0,6.0,30.0
229,1,right_lane,adaptive,True,10.0,30,1,21.358609794628745,5.0,6.0,9.312840081751347,42.75,30.0,12.75,18.0,1.0,0,0,1,29,3.0,5.0,22.0
230,1,right_lane,adaptive,True,10.0,40,0,20.893957345968165,0.5,6.0,5.050957914441824,59.5,40.0,19.5,nan,0.0,0,0,0,40,1.0,1.0,38.0
231,1,right_lane,adaptive,True,10.0,40,0,22.12749644062177,0.0,1.5,3.2657214530772762,60.0,40.0,20.0,nan,0.0,0,0,0,40,0.0,0.0,40.0
232,1,right_lane,adaptive,True,10.0,40,0,21.393919754885683,0.5,15.5,5.973528526723385,59.75,40.0,19.75,nan,0.0,0,0,0,40,1.0,1.0,38.0
233,1,right_lane,adaptive,True,10.0,40,0,20.768957345971565,0.5,3.0,2.118496352294642,59.75,40.0,19.75,nan,0.0,0,0,0,40,1.0,1.0,38.0
234,1,right_lane,adaptive,True,10.0,40,0,20.893951646668775,0.5,3.5,4.718909002840519,59.75,40.0,19.75,nan,0.0,0,0,0,40,1.0,1.0,38.0
235,1,right_lane,adaptive,True,10.0,40,0,21.268957344257174,0.5,3.5,4.957147002220154,59.75,40.0,19.75,nan,0.0,0,0,0,40,1.0,1.0,38.0
236,1,right_lane,adaptive,True,10.0,40,0,21.643957345971565,0.0,13.5,4.776881140924161,60.0,40.0,20.0,nan,0.0,0,0,0,40,0.0,1.0,39.0
237,1,right_lane,adaptive,True,10.0,40,0,23.768957345937984,0.0,2.0,2.9974387268316605,60.0,40.0,20.0,nan,0.0,0,0,0,40,0.0,0.0,40.0
238,1,right_lane,adaptive,True,10.0,40,0,21.518951743818675,0.0,2.5,4.109433707798871,60.0,40.0,20.0,nan,0.0,0,0,0,40,0.0,1.0,39.0
239,1,right_lane,adaptive,True,10.0,40,0,20.393957345971565,0.5,8.5,5.3957584872841835,59.75,40.0,19.75,nan,0.0,0,0,0,40,1.0,1.0,38.0
240,1,right_lane,adaptive,True,10.0,40,0,21.393957345971565,0.0,12.0,4.662943640694721,60.0,40.0,20.0,nan,0.0,0,0,0,40,0.0,0.0,40.0
241,1,right_lane,adaptive,True,10.0,40,0,20.89395733317816,0.0,11.5,4.534224025905132,60.0,40.0,20.0,nan,0.0,0,0,0,40,0.0,0.0,40.0
242,1,right_lane,adaptive,True,10.0,40,0,20.268957345971565,0.0,9.0,4.806490398943424,60.0,40.0,20.0,nan,0.0,0,0,0,40,0.0,1.0,39.0
243,1,right_lane,adaptive,True,10.0,40,0,21.143957345971565,0.5,12.5,5.9357096120438655,59.75,40.0,19.75,nan,0.0,0,0,0,40,1.0,1.0,38.0
244,1,right_lane,adaptive,True,10.0,39,1,22.968161380483654,1.0,8.5,5.260221117944468,58.25,39.0,19.25,nan,0.0,0,0,0,39,1.0,1.0,37.0
245,1,right_lane,adaptive,True,10.0,40,0,21.268957345971565,0.0,0.5,2.8648645284119993,59.75,40.0,19.75,nan,0.0,0,0,0,40,0.0,0.0,40.0
246,1,right_lane,adaptive,True,10.0,13,1,22.75063798164691,0.5,2.0,1.6429434224155557,19.5,13.0,6.5,nan,0.0,0,0,0,13,0.0,0.0,13.0
247,1,right_lane,adaptive,True,10.0,4,1,22.686285965892733,0.5,1.5,1.4781302213668823,5.75,4.0,1.75,nan,0.0,0,0,0,4,0.0,1.0,3.0
248,1,right_lane,adaptive,True,10.0,40,0,22.018957345971565,0.0,5.5,4.041938116866277,59.75,40.0,19.75,nan,0.0,0,0,0,40,0.0,1.0,39.0
249,1,right_lane,adaptive,True,10.0,40,0,22.518957345971565,0.0,6.5,3.51525284571926,60.0,40.0,20.0,nan,0.0,0,0,0,40,0.0,0.0,40.0
250,1,right_lane,adaptive,True,10.0,40,0,25.14395734425377,0.0,1.0,2.4453201285439263,60.0,40.0,20.0,nan,0.0,0,0,0,40,0.0,0.0,40.0
251,1,right_lane,adaptive,True,10.0,40,0,21.768957334666844,0.0,1.0,4.062669751627254,60.0,40.0,20.0,nan,0.0,0,0,0,40,0.0,1.0,39.0
252,1,right_lane,adaptive,True,10.0,40,0,20.393957345971565,0.0,4.5,4.850219830870628,60.0,40.0,20.0,nan,0.0,0,0,0,40,0.0,1.0,39.0
253,1,right_lane,adaptive,True,10.0,40,0,21.643957345971565,0.0,5.0,4.0757094811522165,60.0,40.0,20.0,nan,0.0,0,0,0,40,0.0,0.0,40.0
254,1,right_lane,adaptive,True,10.0,40,0,21.893957345971497,0.0,4.5,3.7446094160363828,60.0,40.0,20.0,nan,0.0,0,0,0,40,0.0,0.0,40.0
255,1,right_lane,adaptive,True,10.0,40,0,20.393957345971565,0.0,20.5,5.163618840277195,60.0,40.0,20.0,nan,0.0,0,0,0,40,0.0,1.0,39.0
256,1,right_lane,adaptive,True,10.0,40,0,20.893957345971565,0.5,4.0,4.781800323325115,59.75,40.0,19.75,nan,0.0,0,0,0,40,1.0,1.0,38.0
257,1,right_lane,adaptive,True,10.0,40,0,20.893957345971565,0.5,17.5,5.612032233566424,59.75,40.0,19.75,nan,0.0,0,0,0,40,1.0,1.0,38.0
258,1,right_lane,adaptive,True,10.0,40,0,21.643957345971565,3.0,7.5,7.7838630995802305,58.5,40.0,18.5,18.0,1.0,0,0,1,39,2.0,4.0,34.0
259,1,right_lane,adaptive,True,10.0,40,0,23.518957345971565,0.0,7.0,4.013690889123836,60.0,40.0,20.0,nan,0.0,0,0,0,40,0.0,1.0,39.0
260,1,right_lane,adaptive,True,10.0,19,1,20.56622599151908,6.5,5.0,8.127926096320152,25.5,19.0,6.5,nan,0.0,0,0,0,19,4.0,4.0,11.0
261,1,right_lane,adaptive,True,10.0,40,0,21.268957345971565,0.0,14.5,5.574440465590669,59.75,40.0,19.75,nan,0.0,0,0,0,40,0.0,1.0,39.0
262,1,right_lane,adaptive,True,10.0,40,0,22.51895734596765,0.0,3.5,3.5711385748072644,60.0,40.0,20.0,nan,0.0,0,0,0,40,0.0,0.0,40.0
263,1,right_lane,adaptive,True,10.0,40,0,21.768957345971565,1.0,7.5,5.705714664711195,59.5,40.0,19.5,nan,0.0,0,0,0,40,1.0,2.0,37.0
264,1,right_lane,adaptive,True,10.0,40,0,21.768957345971046,3.0,10.5,8.542993530651074,58.5,40.0,18.5,18.0,1.0,0,0,1,39,2.0,4.0,34.0
265,1,right_lane,adaptive,True,10.0,40,0,21.143957345971565,0.0,1.5,4.155587203800678,60.0,40.0,20.0,nan,0.0,0,0,0,40,0.0,0.0,40.0
266,1,right_lane,adaptive,True,10.0,40,0,20.750043292099726,1.0,8.0,4.598271198570728,59.75,40.0,19.75,18.0,1.0,0,0,1,39,0.0,1.0,39.0
267,1,right_lane,adaptive,True,10.0,40,0,21.643957345971565,14.0,6.0,16.975521111370426,53.0,40.0,13.0,nan,0.0,0,0,0,40,9.0,10.0,21.0
268,1,right_lane,adaptive,True,10.0,40,0,20.643957345971565,0.0,0.5,2.5538926464287215,59.75,40.0,19.75,nan,0.0,0,0,0,40,0.0,0.0,40.0
269,1,right_lane,adaptive,True,10.0,40,0,21.143957345971565,0.0,1.5,3.834146431508998,60.0,40.0,20.0,nan,0.0,0,0,0,40,0.0,1.0,39.0
270,1,right_lane,adaptive,True,10.0,40,0,20.893957345971565,0.0,2.5,1.4877956709005957,60.0,40.0,20.0,nan,0.0,0,0,0,40,0.0,0.0,40.0
271,1,right_lane,adaptive,True,10.0,40,0,20.768957345971565,5.0,13.0,10.407519921311177,58.0,40.0,18.0,nan,0.0,0,0,0,40,3.0,4.0,33.0
272,1,right_lane,adaptive,True,10.0,40,0,20.268957345971565,6.5,11.0,11.7793333157897,56.5,40.0,16.5,18.0,1.0,0,0,3,37,3.0,6.0,31.0
273,1,right_lane,adaptive,True,10.0,40,0,22.268957345971565,0.0,1.0,3.5150466449322266,59.75,40.0,19.75,nan,0.0,0,0,0,40,0.0,1.0,39.0
274,1,right_lane,adaptive,True,10.0,40,0,21.393957345971565,0.0,14.5,4.365160967246538,60.0,40.0,20.0,nan,0.0,0,0,0,40,0.0,0.0,40.0
275,1,right_lane,adaptive,True,10.0,40,0,21.75249644062177,0.0,1.5,3.642422368298412,60.0,40.0,20.0,nan,0.0,0,0,0,40,0.0,0.0,40.0
276,1,right_lane,adaptive,True,10.0,40,0,21.643957345971565,0.5,2.5,4.678252151275046,59.75,40.0,19.75,nan,0.0,0,0,0,40,1.0,1.0,38.0
277,1,right_lane,adaptive,True,10.0,40,0,21.37749644062177,0.5,11.5,5.482326711060523,59.75,40.0,19.75,nan,0.0,0,0,0,40,1.0,1.0,38.0
278,1,right_lane,adaptive,True,10.0,36,1,21.40995260663507,6.0,13.5,11.065064709634044,51.25,36.0,15.25,18.0,1.0,0,0,1,35,3.0,6.0,27.0
279,1,right_lane,adaptive,True,10.0,40,0,21.768957345971565,0.5,4.5,5.1087034669025115,59.5,40.0,19.5,nan,0.0,0,0,0,40,1.0,1.0,38.0
280,1,right_lane,adaptive,True,10.0,40,0,21.018957345971565,0.0,9.5,4.10134513322555,60.0,40.0,20.0,nan,0.0,0,0,0,40,0.0,0.0,40.0
281,1,right_lane,adaptive,True,10.0,40,0,23.768957345971565,0.5,1.0,4.316883289068301,59.75,40.0,19.75,nan,0.0,0,0,0,40,1.0,1.0,38.0
282,1,right_lane,adaptive,True,10.0,40,0,21.143956682779965,3.0,7.0,7.87710686144419,58.5,40.0,18.5,18.0,1.0,0,0,1,39,2.0,4.0,34.0
283,1,right_lane,adaptive,True,10.0,40,0,24.01895659673534,0.0,3.0,3.8974066975116557,60.0,40.0,20.0,nan,0.0,0,0,0,40,0.0,1.0,39.0
284,1,right_lane,adaptive,True,10.0,40,0,23.01895724878809,0.5,3.0,4.424351498239503,59.75,40.0,19.75,nan,0.0,0,0,0,40,1.0,1.0,38.0
285,1,right_lane,adaptive,True,10.0,40,0,22.01859175625804,0.5,1.5,3.8670714658858287,59.75,40.0,19.75,nan,0.0,0,0,0,40,1.0,1.0,38.0
286,1,right_lane,adaptive,True,10.0,40,0,21.768957345971565,0.0,4.0,3.656840891662796,60.0,40.0,20.0,nan,0.0,0,0,0,40,0.0,0.0,40.0
287,1,right_lane,adaptive,True,10.0,40,0,22.518957345941836,0.0,3.5,3.144360999282071,60.0,40.0,20.0,nan,0.0,0,0,0,40,0.0,1.0,39.0
288,1,right_lane,adaptive,True,10.0,40,0,21.768957260126378,0.0,0.5,2.6255737740184486,60.0,40.0,20.0,nan,0.0,0,0,0,40,0.0,0.0,40.0
289,1,right_lane,adaptive,True,10.0,40,0,20.393957345971565,0.5,2.0,5.498127721250057,59.75,40.0,19.75,nan,0.0,0,0,0,40,1.0,1.0,38.0
290,1,right_lane,adaptive,True,10.0,40,0,20.768957345971565,0.5,4.0,5.115336500108242,59.75,40.0,19.75,nan,0.0,0,0,0,40,1.0,1.0,38.0
291,1,right_lane,adaptive,True,10.0,40,0,20.393957345971565,0.5,7.0,6.217194929718971,59.75,40.0,19.75,nan,0.0,0,0,0,40,1.0,1.0,38.0
292,1,right_lane,adaptive,True,10.0,40,0,20.518957345971565,0.0,3.0,4.517185129225254,60.0,40.0,20.0,nan,0.0,0,0,0,40,0.0,1.0,39.0
293,1,right_lane,adaptive,True,10.0,19,1,24.776752306770653,0.5,2.5,2.0510647717637767,28.5,19.0,9.5,nan,0.0,0,0,0,19,0.0,0.0,19.0
294,1,right_lane,adaptive,True,10.0,40,0,21.518957345971565,0.0,8.0,3.970509467766533,59.75,40.0,19.75,nan,0.0,0,0,0,40,0.0,1.0,39.0
295,1,right_lane,adaptive,True,10.0,40,0,21.643957345971565,0.0,7.5,3.652678518085395,60.0,40.0,20.0,nan,0.0,0,0,0,40,0.0,0.0,40.0
296,1,right_lane,adaptive,True,10.0,40,0,20.393957345971565,0.5,4.5,5.173823982477188,59.75,40.0,19.75,nan,0.0,0,0,0,40,1.0,1.0,38.0
297,1,right_lane,adaptive,True,10.0,40,0,22.768957345971565,0.0,9.5,3.6914938427707966,60.0,40.0,20.0,nan,0.0,0,0,0,40,0.0,0.0,40.0
298,1,right_lane,adaptive,True,10.0,40,0,20.643957345971565,0.5,2.0,4.315701127052307,59.75,40.0,19.75,nan,0.0,0,0,0,40,1.0,1.0,38.0
299,1,right_lane,adaptive,True,10.0,3,1,25.0,1.0,1.5,1.8842704892158508,4.25,3.0,1.25,nan,0.0,0,0,0,3,1.0,1.0,1.0
300,1,right_lane,adaptive,True,10.0,19,1,22.145173359939974,1.0,5.0,3.5191415354202036,28.0,19.0,9.0,nan,0.0,0,0,0,19,1.0,1.0,17.0
301,1,right_lane,adaptive,True,10.0,40,0,21.518957345971565,0.5,14.0,5.332360731895278,59.5,40.0,19.5,nan,0.0,0,0,0,40,1.0,1.0,38.0
302,1,right_lane,adaptive,True,10.0,20,1,21.537914691942976,3.5,5.5,5.805428679643228,28.5,20.0,8.5,nan,0.0,0,0,0,20,2.0,3.0,15.0
303,1,right_lane,adaptive,True,10.0,28,1,20.38422477995938,0.5,13.5,5.036623254418373,41.75,28.0,13.75,nan,0.0,0,0,0,28,0.0,0.0,28.0
304,1,right_lane,adaptive,True,10.0,40,0,22.268957345971565,0.0,0.0,3.0751189963957586,59.75,40.0,19.75,nan,0.0,0,0,0,40,0.0,0.0,40.0
305,1,right_lane,adaptive,True,10.0,40,0,22.643957345971565,0.5,0.5,4.291273039576481,59.75,40.0,19.75,nan,0.0,0,0,0,40,1.0,1.0,38.0
306,1,right_lane,adaptive,True,10.0,40,0,22.39395734597105,3.0,7.5,6.751733992322443,58.5,40.0,18.5,18.0,1.0,0,0,1,39,0.0,7.0,33.0
307,1,right_lane,adaptive,True,10.0,40,0,21.268957345971565,0.5,10.5,5.814338010335632,59.75,40.0,19.75,nan,0.0,0,0,0,40,1.0,1.0,38.0
308,1,right_lane,adaptive,True,10.0,40,0,22.62749644062177,4.5,0.0,6.774752372258035,58.0,40.0,18.0,18.0,1.0,0,0,3,37,1.0,8.0,31.0
309,1,right_lane,adaptive,True,10.0,40,0,22.768957345971565,0.0,1.5,4.0053665142804675,59.75,40.0,19.75,nan,0.0,0,0,0,40,0.0,1.0,39.0
310,1,right_lane,adaptive,True,10.0,40,0,21.643957345971565,2.0,13.0,6.8698574897894105,59.25,40.0,19.25,nan,0.0,0,0,0,40,1.0,2.0,37.0
311,1,right_lane,adaptive,True,10.0,40,0,21.018957345971565,0.0,7.0,4.670009643270987,59.75,40.0,19.75,nan,0.0,0,0,0,40,0.0,0.0,40.0
312,1,right_lane,adaptive,True,10.0,40,0,21.393957345971565,4.0,8.5,8.33770799064223,58.0,40.0,18.0,nan,0.0,0,0,0,40,1.0,8.0,31.0
313,1,right_lane,adaptive,True,10.0,40,0,22.893957345971565,0.5,9.0,4.6664043068667524,59.75,40.0,19.75,nan,0.0,0,0,0,40,1.0,1.0,38.0
314,1,right_lane,adaptive,True,10.0,40,0,20.393957345971565,0.0,7.5,4.724594362080097,60.0,40.0,20.0,nan,0.0,0,0,0,40,0.0,1.0,39.0
315,1,right_lane,adaptive,True,10.0,40,0,20.393957345971565,0.0,3.5,4.758441597223282,60.0,40.0,20.0,nan,0.0,0,0,0,40,0.0,1.0,39.0
316,1,right_lane,adaptive,True,10.0,40,0,21.768957345971565,0.0,16.5,4.9133449115324765,60.0,40.0,20.0,nan,0.0,0,0,0,40,0.0,1.0,39.0
317,1,right_lane,adaptive,True,10.0,40,0,21.643957345945232,5.0,3.0,8.019177431829121,57.5,40.0,17.5,18.0,1.0,0,0,1,39,1.0,9.0,30.0
318,1,right_lane,adaptive,True,10.0,40,0,20.268957345971565,0.0,1.5,4.719928085803986,60.0,40.0,20.0,nan,0.0,0,0,0,40,0.0,1.0,39.0
319,1,right_lane,adaptive,True,10.0,31,1,23.73413851093105,0.0,3.5,1.9047879430702324,46.5,31.0,15.5,nan,0.0,0,0,0,31,0.0,1.0,30.0
320,1,right_lane,adaptive,True,10.0,40,0,20.393957345971565,0.5,20.5,6.828557267785072,59.75,40.0,19.75,nan,0.0,0,0,0,40,1.0,1.0,38.0
321,1,right_lane,adaptive,True,10.0,40,0,21.768957345971565,2.0,7.5,5.737975917064659,59.0,40.0,19.0,18.0,1.0,0,0,1,39,0.0,4.0,36.0
322,1,right_lane,adaptive,True,10.0,40,0,20.393957345971565,0.5,15.5,8.225318804383278,59.75,40.0,19.75,nan,0.0,0,0,0,40,1.0,1.0,38.0
323,1,right_lane,adaptive,True,10.0,40,0,21.50212451102329,0.5,17.0,6.893700130065099,59.75,40.0,19.75,nan,0.0,0,0,0,40,1.0,1.0,38.0
324,1,right_lane,adaptive,True,10.0,40,0,22.393628596815045,5.0,2.0,8.574685978821435,57.5,40.0,17.5,18.0,1.0,0,0,3,37,2.0,8.0,30.0
325,1,right_lane,adaptive,True,10.0,40,0,22.768957345971565,0.5,13.5,5.413552368224259,59.75,40.0,19.75,nan,0.0,0,0,0,40,1.0,1.0,38.0
326,1,right_lane,adaptive,True,10.0,40,0,21.643957345971565,0.0,15.0,4.694700092419225,60.0,40.0,20.0,nan,0.0,0,0,0,40,0.0,0.0,40.0
327,1,right_lane,adaptive,True,10.0,40,1,20.893957345971565,0.5,17.0,5.896288074553013,60.0,40.0,20.0,nan,0.0,0,0,0,40,0.0,1.0,39.0
328,1,right_lane,adaptive,True,10.0,40,0,20.393957345971565,0.5,15.0,5.9344388246536255,59.5,40.0,19.5,nan,0.0,0,0,0,40,1.0,1.0,38.0
329,1,right_lane,adaptive,True,10.0,40,0,21.643957344227385,12.5,4.5,15.542651262435129,53.75,40.0,13.75,nan,0.0,0,0,0,40,8.0,9.0,23.0
330,1,right_lane,adaptive,True,10.0,26,1,20.60608822457164,3.0,9.5,7.663038015365601,37.75,26.0,11.75,nan,0.0,0,0,0,26,2.0,3.0,21.0
331,1,right_lane,adaptive,True,10.0,3,1,25.0,1.0,1.0,1.6430365666747093,4.0,3.0,1.0,nan,0.0,0,0,0,3,1.0,1.0,1.0
332,1,right_lane,adaptive,True,10.0,40,0,20.268957345971565,0.0,17.5,5.179944984614849,59.75,40.0,19.75,nan,0.0,0,0,0,40,0.0,0.0,40.0
333,1,right_lane,adaptive,True,10.0,20,1,24.287914691875834,0.5,0.0,2.015038814120544,30.0,20.0,10.0,nan,0.0,0,0,0,20,0.0,1.0,19.0
334,1,right_lane,adaptive,True,10.0,40,0,22.643957345971565,0.0,7.0,3.7391215187187754,59.75,40.0,19.75,nan,0.0,0,0,0,40,0.0,0.0,40.0
335,1,right_lane,adaptive,True,10.0,3,1,25.0,1.0,0.5,1.8125004768371582,4.25,3.0,1.25,nan,0.0,0,0,0,3,1.0,1.0,1.0
336,1,right_lane,adaptive,True,10.0,40,0,21.643957345971565,0.0,1.0,3.7151501129565077,59.75,40.0,19.75,nan,0.0,0,0,0,40,0.0,0.0,40.0
337,1,right_lane,adaptive,True,10.0,40,0,22.643957345971565,6.5,6.5,10.564054533249873,56.75,40.0,16.75,18.0,1.0,0,0,2,38,5.0,5.0,30.0
338,1,right_lane,adaptive,True,10.0,40,0,20.518957345971565,0.0,5.0,4.581789744122943,60.0,40.0,20.0,nan,0.0,0,0,0,40,0.0,1.0,39.0
339,1,right_lane,adaptive,True,10.0,40,0,20.393957345971565,0.0,3.5,3.3315935991704464,60.0,40.0,20.0,nan,0.0,0,0,0,40,0.0,0.0,40.0
340,1,right_lane,adaptive,True,10.0,40,0,23.018957345971565,0.0,0.5,2.589238993640265,60.0,40.0,20.0,nan,0.0,0,0,0,40,0.0,0.0,40.0
341,1,right_lane,adaptive,True,10.0,40,0,20.893957345971565,0.5,16.0,6.325300857424736,59.75,40.0,19.75,nan,0.0,0,0,0,40,1.0,1.0,38.0
342,1,right_lane,adaptive,True,10.0,40,0,21.268957345971508,0.5,4.5,5.020901201300148,59.75,40.0,19.75,nan,0.0,0,0,0,40,1.0,1.0,38.0
343,1,right_lane,adaptive,True,10.0,40,0,22.018957345971565,0.0,14.5,3.851232140926186,60.0,40.0,20.0,nan,0.0,0,0,0,40,0.0,0.0,40.0
344,1,right_lane,adaptive,True,10.0,40,0,20.643957345971565,0.5,1.0,5.179387025535107,59.75,40.0,19.75,nan,0.0,0,0,0,40,1.0,1.0,38.0
345,1,right_lane,adaptive,True,10.0,40,0,21.393957345971565,0.5,3.5,4.314065433636642,59.75,40.0,19.75,nan,0.0,0,0,0,40,1.0,1.0,38.0
346,1,right_lane,adaptive,True,10.0,40,0,21.143957345971565,4.5,14.0,10.16910080332309,57.75,40.0,17.75,18.0,1.0,0,0,1,39,3.0,5.0,32.0
347,1,right_lane,adaptive,True,10.0,40,0,20.268957345971565,5.0,16.5,10.86054014833644,57.5,40.0,17.5,18.0,1.0,0,0,3,37,2.0,6.0,32.0
348,1,right_lane,adaptive,True,10.0,40,0,21.518957345971565,0.0,1.5,3.8696278539209743,60.0,40.0,20.0,nan,0.0,0,0,0,40,0.0,0.0,40.0
349,1,right_lane,adaptive,True,10.0,40,0,20.393957345971565,0.5,17.5,7.91179234534502,59.75,40.0,19.75,nan,0.0,0,0,0,40,1.0,1.0,38.0
350,1,right_lane,adaptive,True,10.0,40,0,23.018957345971565,0.0,4.0,2.322658863478864,60.0,40.0,20.0,nan,0.0,0,0,0,40,0.0,1.0,39.0
351,1,right_lane,adaptive,True,10.0,40,0,21.018957345941832,0.0,2.0,4.024857494980097,60.0,40.0,20.0,nan,0.0,0,0,0,40,0.0,1.0,39.0
352,1,right_lane,adaptive,True,10.0,40,0,21.141789654732086,0.5,2.5,4.61955731920898,59.75,40.0,19.75,nan,0.0,0,0,0,40,1.0,1.0,38.0
353,1,right_lane,adaptive,True,10.0,40,0,22.143957345971565,0.0,1.5,3.1225707073645026,60.0,40.0,20.0,nan,0.0,0,0,0,40,0.0,1.0,39.0
354,1,right_lane,adaptive,True,10.0,40,0,21.643957345971494,0.0,2.0,3.3786100900315432,60.0,40.0,20.0,nan,0.0,0,0,0,40,0.0,0.0,40.0
355,1,right_lane,adaptive,True,10.0,40,0,21.6417895688869,0.0,6.5,3.644632881416328,60.0,40.0,20.0,nan,0.0,0,0,0,40,0.0,1.0,39.0
356,1,right_lane,adaptive,True,10.0,40,0,21.518919754889087,0.0,7.0,4.111419150491201,60.0,40.0,20.0,nan,0.0,0,0,0,40,0.0,0.0,40.0
357,1,right_lane,adaptive,True,10.0,31,1,22.60510625286653,0.5,4.0,3.3446189323658473,46.5,31.0,15.5,nan,0.0,0,0,0,31,0.0,0.0,31.0
358,1,right_lane,adaptive,True,10.0,40,0,20.766181149084478,0.0,14.5,4.500134498252805,59.75,40.0,19.75,nan,0.0,0,0,0,40,0.0,0.0,40.0
359,1,right_lane,adaptive,True,10.0,40,0,20.393957345971565,0.5,10.0,5.981910489499569,59.75,40.0,19.75,nan,0.0,0,0,0,40,1.0,1.0,38.0
360,1,right_lane,adaptive,True,10.0,40,0,21.268957247332974,0.0,3.0,3.1622914319050324,60.0,40.0,20.0,nan,0.0,0,0,0,40,0.0,0.0,40.0
361,1,right_lane,adaptive,True,10.0,40,0,22.143957345971565,0.5,6.5,4.849262198638826,59.75,40.0,19.75,nan,0.0,0,0,0,40,1.0,1.0,38.0
362,1,right_lane,adaptive,True,10.0,40,0,20.768957345971565,0.5,4.0,5.45499561727047,59.75,40.0,19.75,nan,0.0,0,0,0,40,1.0,1.0,38.0
363,1,right_lane,adaptive,True,10.0,40,0,21.018957345971565,0.5,2.0,5.011293917894363,59.75,40.0,19.75,nan,0.0,0,0,0,40,1.0,1.0,38.0
364,1,right_lane,adaptive,True,10.0,18,1,23.653238517670847,0.5,5.0,3.268649277571967,26.75,18.0,8.75,nan,0.0,0,0,0,18,1.0,1.0,16.0
365,1,right_lane,adaptive,True,10.0,40,0,25.393951547804928,0.5,1.5,3.5589017903384956,59.75,40.0,19.75,nan,0.0,0,0,0,40,1.0,1.0,38.0
366,1,right_lane,adaptive,True,10.0,40,0,22.268957345971565,0.5,16.5,6.152251164425252,59.75,40.0,19.75,nan,0.0,0,0,0,40,1.0,1.0,38.0
367,1,right_lane,adaptive,True,10.0,40,0,20.268957345971565,0.0,17.5,5.303548708558083,60.0,40.0,20.0,nan,0.0,0,0,0,40,0.0,0.0,40.0
368,1,right_lane,adaptive,True,10.0,40,0,21.643957345971565,0.0,1.5,3.7289030987194565,60.0,40.0,20.0,nan,0.0,0,0,0,40,0.0,0.0,40.0
369,1,right_lane,adaptive,True,10.0,40,0,20.893957345971565,0.0,9.0,4.654977166474964,60.0,40.0,20.0,nan,0.0,0,0,0,40,0.0,1.0,39.0
370,1,right_lane,adaptive,True,10.0,40,0,21.141138607735993,0.0,12.0,5.639890755703959,60.0,40.0,20.0,nan,0.0,0,0,0,40,0.0,0.0,40.0
371,1,right_lane,adaptive,True,10.0,40,0,20.268957345971565,15.0,2.0,18.00581919401884,52.75,40.0,12.75,18.0,1.0,0,0,9,31,6.0,18.0,16.0
372,1,right_lane,adaptive,True,10.0,40,0,21.76891480462308,0.0,2.5,1.6514686144964799,59.75,40.0,19.75,nan,0.0,0,0,0,40,0.0,0.0,40.0
373,1,right_lane,adaptive,True,10.0,40,0,24.393957345971565,0.0,5.5,2.8606082456522017,60.0,40.0,20.0,nan,0.0,0,0,0,40,0.0,0.0,40.0
374,1,right_lane,adaptive,True,10.0,40,0,20.643957345971565,0.0,13.0,4.86663306504488,60.0,40.0,20.0,nan,0.0,0,0,0,40,0.0,1.0,39.0
375,1,right_lane,adaptive,True,10.0,35,1,23.878808284109667,4.5,9.5,9.075691720990335,50.5,35.0,15.5,18.0,1.0,0,0,1,34,2.0,4.0,29.0
376,1,right_lane,adaptive,True,10.0,40,0,22.143957345941832,4.5,7.5,7.451829948804061,57.5,40.0,17.5,18.0,1.0,0,0,1,39,0.0,9.0,31.0
377,1,right_lane,adaptive,True,10.0,40,0,23.250043292099726,0.0,1.0,3.0190481642212035,60.0,40.0,20.0,nan,0.0,0,0,0,40,0.0,1.0,39.0
378,1,right_lane,adaptive,True,10.0,40,0,21.643957345971565,0.0,5.0,3.6364120352372993,60.0,40.0,20.0,nan,0.0,0,0,0,40,0.0,1.0,39.0
379,1,right_lane,adaptive,True,10.0,40,0,20.643957345971565,0.5,8.5,5.199318820874396,59.75,40.0,19.75,nan,0.0,0,0,0,40,1.0,1.0,38.0
380,1,right_lane,adaptive,True,10.0,40,0,22.500005701017244,5.0,2.5,7.432118257142065,57.5,40.0,17.5,18.0,1.0,0,0,1,39,1.0,9.0,30.0
381,1,right_lane,adaptive,True,10.0,40,0,20.393957345971565,0.0,14.0,4.554958872497082,60.0,40.0,20.0,nan,0.0,0,0,0,40,0.0,0.0,40.0
382,1,right_lane,adaptive,True,10.0,40,0,21.643956582234793,0.5,14.5,6.081523731271318,59.75,40.0,19.75,nan,0.0,0,0,0,40,1.0,1.0,38.0
383,1,right_lane,adaptive,True,10.0,40,0,22.268957345971565,0.0,13.5,4.586008361540735,60.0,40.0,20.0,nan,0.0,0,0,0,40,0.0,1.0,39.0
384,1,right_lane,adaptive,True,10.0,40,0,21.76613860773599,0.0,0.5,3.4269183464348316,60.0,40.0,20.0,nan,0.0,0,0,0,40,0.0,0.0,40.0
385,1,right_lane,adaptive,True,10.0,24,1,22.739928909952507,2.0,1.0,3.1348294735344098,35.5,24.0,11.5,nan,0.0,0,0,0,24,1.0,2.0,21.0
386,1,right_lane,adaptive,True,10.0,40,0,23.393957345971565,0.0,8.5,4.033958035455726,59.5,40.0,19.5,nan,0.0,0,0,0,40,0.0,1.0,39.0
387,1,right_lane,adaptive,True,10.0,40,0,22.018957345971565,0.0,5.5,3.8212508258338858,60.0,40.0,20.0,nan,0.0,0,0,0,40,0.0,0.0,40.0
388,1,right_lane,adaptive,True,10.0,11,1,25.5234577972102,0.5,2.5,1.6816363334655762,16.5,11.0,5.5,nan,0.0,0,0,0,11,0.0,0.0,11.0
389,1,right_lane,adaptive,True,10.0,40,0,21.643957345971565,3.0,6.0,7.926004849472065,58.25,40.0,18.25,18.0,1.0,0,0,1,39,2.0,4.0,34.0
390,1,right_lane,adaptive,True,10.0,40,0,22.500043292099726,0.0,1.0,3.0380529956273676,60.0,40.0,20.0,nan,0.0,0,0,0,40,0.0,0.0,40.0
391,1,right_lane,adaptive,True,10.0,36,1,20.715508162190627,7.0,7.0,10.73770048469305,50.75,36.0,14.75,nan,0.0,0,0,0,36,4.0,6.0,26.0
392,1,right_lane,adaptive,True,10.0,5,1,23.149028772714185,1.0,2.5,2.4575001001358032,7.0,5.0,2.0,nan,0.0,0,0,0,5,1.0,1.0,3.0
393,1,right_lane,adaptive,True,10.0,10,1,22.075828988428814,0.5,2.0,1.833753578364849,14.75,10.0,4.75,nan,0.0,0,0,0,10,0.0,1.0,9.0
394,1,right_lane,adaptive,True,10.0,40,0,22.518957345971565,0.0,4.5,3.8723058860459787,59.75,40.0,19.75,nan,0.0,0,0,0,40,0.0,1.0,39.0
395,1,right_lane,adaptive,True,10.0,40,0,21.018671888689,0.0,8.5,5.709350790239114,60.0,40.0,20.0,nan,0.0,0,0,0,40,0.0,1.0,39.0
396,1,right_lane,adaptive,True,10.0,40,0,20.483867844032495,0.0,9.0,4.897973653194867,60.0,40.0,20.0,nan,0.0,0,0,0,40,0.0,0.0,40.0
397,1,right_lane,adaptive,True,10.0,40,0,22.018957345938436,0.5,5.0,4.6238495630650505,59.75,40.0,19.75,nan,0.0,0,0,0,40,1.0,1.0,38.0
398,1,right_lane,adaptive,True,10.0,40,0,21.89359175625804,0.5,4.0,3.490652906961259,59.75,40.0,19.75,nan,0.0,0,0,0,40,1.0,1.0,38.0
399,1,right_lane,adaptive,True,10.0,40,0,21.391504197445165,0.0,1.5,2.8088691575394478,60.0,40.0,20.0,nan,0.0,0,0,0,40,0.0,0.0,40.0
400,1,right_lane,adaptive,True,10.0,40,0,20.268957345971565,0.0,3.0,4.5082003101706505,60.0,40.0,20.0,nan,0.0,0,0,0,40,0.0,0.0,40.0
401,1,right_lane,adaptive,True,10.0,40,0,20.75032874938229,0.0,6.0,3.682616028934717,60.0,40.0,20.0,nan,0.0,0,0,0,40,0.0,0.0,40.0
402,1,right_lane,adaptive,True,10.0,40,0,22.643957345971565,7.5,5.5,9.678205792293738,56.75,40.0,16.75,nan,0.0,0,0,0,40,4.0,5.0,31.0
403,1,right_lane,adaptive,True,10.0,3,1,25.0,1.0,1.5,1.9171835482120514,3.75,3.0,0.75,nan,0.0,0,0,0,3,1.0,1.0,1.0
404,1,right_lane,adaptive,True,10.0,40,0,20.643957345971565,0.0,9.0,4.856747053563595,59.75,40.0,19.75,nan,0.0,0,0,0,40,0.0,1.0,39.0
405,1,right_lane,adaptive,True,10.0,40,0,20.518957345971565,0.0,8.0,4.629748225212097,60.0,40.0,20.0,nan,0.0,0,0,0,40,0.0,1.0,39.0
406,1,right_lane,adaptive,True,10.0,40,0,21.268951657973492,0.5,11.5,5.713343918323517,59.75,40.0,19.75,nan,0.0,0,0,0,40,1.0,1.0,38.0
407,1,right_lane,adaptive,True,10.0,40,0,21.518957345971565,0.0,7.5,3.8839896171641612,60.0,40.0,20.0,nan,0.0,0,0,0,40,0.0,1.0,39.0
408,1,right_lane,adaptive,True,10.0,8,1,25.0,3.0,1.5,4.6096714128862,10.5,8.0,2.5,18.0,1.0,0,0,1,7,2.0,4.0,2.0
409,1,right_lane,adaptive,True,10.0,40,0,21.018956694084615,0.5,3.5,4.698156375437975,59.75,40.0,19.75,nan,0.0,0,0,0,40,1.0,1.0,38.0
410,1,right_lane,adaptive,True,10.0,40,0,21.14178965469902,0.0,1.5,4.3158711567521095,60.0,40.0,20.0,nan,0.0,0,0,0,40,0.0,1.0,39.0
411,1,right_lane,adaptive,True,10.0,40,0,21.018957345971565,0.0,1.0,3.5249043970834464,60.0,40.0,20.0,nan,0.0,0,0,0,40,0.0,0.0,40.0
412,1,right_lane,adaptive,True,10.0,40,0,20.768957345971565,0.0,6.5,4.494255848228931,60.0,40.0,20.0,nan,0.0,0,0,0,40,0.0,0.0,40.0
413,1,right_lane,adaptive,True,10.0,40,0,20.627496354776582,0.0,13.0,5.006317727267742,60.0,40.0,20.0,nan,0.0,0,0,0,40,0.0,1.0,39.0
414,1,right_lane,adaptive,True,10.0,3,1,25.0,1.0,1.5,1.961684912443161,4.25,3.0,1.25,nan,0.0,0,0,0,3,1.0,1.0,1.0
415,1,right_lane,adaptive,True,10.0,40,0,22.518957345971565,0.5,4.5,4.627024267060733,59.5,40.0,19.5,nan,0.0,0,0,0,40,1.0,1.0,38.0
416,1,right_lane,adaptive,True,10.0,40,0,20.643957345971565,0.5,0.5,5.076094158284832,59.75,40.0,19.75,nan,0.0,0,0,0,40,1.0,1.0,38.0
417,1,right_lane,adaptive,True,10.0,40,0,22.018957345971508,0.5,9.5,4.875998673043341,59.75,40.0,19.75,nan,0.0,0,0,0,40,1.0,1.0,38.0
418,1,right_lane,adaptive,True,10.0,40,0,21.018957345971565,4.0,8.5,8.489416084843015,58.0,40.0,18.0,18.0,1.0,0,0,1,39,1.0,8.0,31.0
419,1,right_lane,adaptive,True,10.0,40,0,21.268957345971565,0.0,0.5,3.4441350558772683,60.0,40.0,20.0,nan,0.0,0,0,0,40,0.0,1.0,39.0
420,1,right_lane,adaptive,True,10.0,40,0,21.393957345971554,4.5,9.5,8.45963638198009,58.0,40.0,18.0,18.0,1.0,0,0,1,39,2.0,4.0,34.0
421,1,right_lane,adaptive,True,10.0,40,0,20.893957345971565,0.0,6.5,2.309462251257173,59.75,40.0,19.75,nan,0.0,0,0,0,40,0.0,1.0,39.0
422,1,right_lane,adaptive,True,10.0,40,0,22.018957344286836,0.5,2.0,4.3469961951605,59.75,40.0,19.75,nan,0.0,0,0,0,40,1.0,1.0,38.0
423,1,right_lane,adaptive,True,10.0,40,0,22.64395239570556,0.0,2.0,2.8139140322650746,60.0,40.0,20.0,nan,0.0,0,0,0,40,0.0,1.0,39.0
424,1,right_lane,adaptive,True,10.0,40,0,20.875328749382287,0.0,4.0,3.5399198457598686,60.0,40.0,20.0,nan,0.0,0,0,0,40,0.0,0.0,40.0
425,1,right_lane,adaptive,True,10.0,12,1,20.896524486472774,0.5,6.0,2.6665483117103577,18.0,12.0,6.0,nan,0.0,0,0,0,12,0.0,1.0,11.0
426,1,right_lane,adaptive,True,10.0,40,0,23.393957345971565,3.5,7.0,6.552784818476539,58.25,40.0,18.25,nan,0.0,0,0,0,40,2.0,2.0,36.0
427,1,right_lane,adaptive,True,10.0,40,0,20.768957345971565,0.0,1.5,3.00506670383038,59.75,40.0,19.75,nan,0.0,0,0,0,40,0.0,0.0,40.0
428,1,right_lane,adaptive,True,10.0,40,0,21.143634297606518,0.0,0.5,3.6080058589577675,60.0,40.0,20.0,nan,0.0,0,0,0,40,0.0,1.0,39.0
429,1,right_lane,adaptive,True,10.0,40,0,21.768957345971565,5.5,8.0,9.841443119235919,57.25,40.0,17.25,18.0,1.0,0,0,1,39,3.0,6.0,31.0
430,1,right_lane,adaptive,True,10.0,40,0,23.641461004214086,0.0,0.5,3.054069085039373,60.0,40.0,20.0,nan,0.0,0,0,0,40,0.0,0.0,40.0
431,1,right_lane,adaptive,True,10.0,40,0,21.01895734594184,10.5,13.0,16.5979246199131,55.0,40.0,15.0,18.0,1.0,0,0,2,38,6.0,10.0,24.0
432,1,right_lane,adaptive,True,10.0,40,0,20.893952395702158,0.5,7.0,5.978746421635151,59.5,40.0,19.5,nan,0.0,0,0,0,40,1.0,1.0,38.0
433,1,right_lane,adaptive,True,10.0,40,0,21.393957344257622,0.0,3.0,3.6749201267957687,60.0,40.0,20.0,nan,0.0,0,0,0,40,0.0,0.0,40.0
434,1,right_lane,adaptive,True,10.0,40,0,20.268957345971565,0.0,5.0,4.778715670108795,60.0,40.0,20.0,nan,0.0,0,0,0,40,0.0,0.0,40.0
435,1,right_lane,adaptive,True,10.0,40,0,21.143957345971565,0.0,7.5,3.6308152084238827,60.0,40.0,20.0,nan,0.0,0,0,0,40,0.0,0.0,40.0
436,1,right_lane,adaptive,True,10.0,40,0,21.268957345971565,4.0,2.0,7.258306011557579,58.0,40.0,18.0,18.0,1.0,0,0,1,39,2.0,5.0,33.0
437,1,right_lane,adaptive,True,10.0,40,0,21.018957345971565,8.5,0.0,10.366676900131097,56.0,40.0,16.0,18.0,1.0,0,0,5,35,3.0,12.0,25.0
438,1,right_lane,adaptive,True,10.0,40,0,21.518957345971565,0.5,0.0,4.486343559779925,59.5,40.0,19.5,nan,0.0,0,0,0,40,1.0,1.0,38.0
439,1,right_lane,adaptive,True,10.0,24,1,21.489927658750087,4.0,7.5,6.950792594305312,34.0,24.0,10.0,18.0,1.0,0,0,1,23,2.0,5.0,17.0
440,1,right_lane,adaptive,True,10.0,40,0,21.518957345971565,0.0,12.0,4.565597507394159,60.0,40.0,20.0,nan,0.0,0,0,0,40,0.0,1.0,39.0
441,1,right_lane,adaptive,True,10.0,40,0,22.518957345971565,5.0,0.5,8.084410485197623,57.5,40.0,17.5,18.0,1.0,0,0,2,38,2.0,6.0,32.0
442,1,right_lane,adaptive,True,10.0,40,0,23.393957345971565,0.0,9.0,4.68551595708027,60.0,40.0,20.0,nan,0.0,0,0,0,40,0.0,0.0,40.0
443,1,right_lane,adaptive,True,10.0,40,0,21.893957345971565,0.0,0.5,3.448627403951832,60.0,40.0,20.0,nan,0.0,0,0,0,40,0.0,0.0,40.0
444,1,right_lane,adaptive,True,10.0,40,0,21.768957345749698,0.0,11.0,3.5642340741469525,60.0,40.0,20.0,nan,0.0,0,0,0,40,0.0,0.0,40.0
445,1,right_lane,adaptive,True,10.0,40,0,20.393957345971565,0.5,3.5,5.312482409179211,59.75,40.0,19.75,nan,0.0,0,0,0,40,1.0,1.0,38.0
446,1,right_lane,adaptive,True,10.0,22,1,20.71628608358466,0.5,9.0,3.552381545305252,33.0,22.0,11.0,nan,0.0,0,0,0,22,0.0,0.0,22.0
447,1,right_lane,adaptive,True,10.0,40,0,22.143957345971565,0.0,7.0,3.7939607114508362,59.75,40.0,19.75,nan,0.0,0,0,0,40,0.0,0.0,40.0
448,1,right_lane,adaptive,True,10.0,40,0,21.518957345971565,0.0,10.0,4.401993490755558,60.0,40.0,20.0,nan,0.0,0,0,0,40,0.0,0.0,40.0
449,1,right_lane,adaptive,True,10.0,40,0,21.643957345971565,0.5,1.5,4.024686622258741,59.75,40.0,19.75,nan,0.0,0,0,0,40,1.0,1.0,38.0
450,1,right_lane,adaptive,True,10.0,19,1,21.35569967572959,1.0,4.0,3.6569513082504272,28.25,19.0,9.25,nan,0.0,0,0,0,19,1.0,1.0,17.0
451,1,right_lane,adaptive,True,10.0,40,0,20.393957345971565,0.0,1.5,4.359543889760971,59.75,40.0,19.75,nan,0.0,0,0,0,40,0.0,0.0,40.0
452,1,right_lane,adaptive,True,10.0,40,0,20.893957345971565,0.5,13.5,6.455032326613946,59.75,40.0,19.75,nan,0.0,0,0,0,40,1.0,1.0,38.0
453,1,right_lane,adaptive,True,10.0,40,0,20.768957345971565,0.0,12.5,4.468772804740183,60.0,40.0,20.0,nan,0.0,0,0,0,40,0.0,1.0,39.0
454,1,right_lane,adaptive,True,10.0,40,0,20.643957345971565,0.0,0.5,2.291254583746195,60.0,40.0,20.0,nan,0.0,0,0,0,40,0.0,0.0,40.0
455,1,right_lane,adaptive,True,10.0,9,1,20.639810418920465,0.5,4.0,1.889560341835022,13.5,9.0,4.5,nan,0.0,0,0,0,9,0.0,0.0,9.0
456,1,right_lane,adaptive,True,10.0,40,0,21.518957345971565,0.5,4.5,5.060825445011233,59.5,40.0,19.5,nan,0.0,0,0,0,40,1.0,1.0,38.0
457,1,right_lane,adaptive,True,10.0,40,0,22.127496440621773,0.0,6.5,4.457013043663437,60.0,40.0,20.0,nan,0.0,0,0,0,40,0.0,1.0,39.0
458,1,right_lane,adaptive,True,10.0,40,0,23.268957345971565,0.0,0.5,2.94491654203739,60.0,40.0,20.0,nan,0.0,0,0,0,40,0.0,0.0,40.0
459,1,right_lane,adaptive,True,10.0,40,0,21.643957345971565,0.0,14.5,4.159413253611831,60.0,40.0,20.0,nan,0.0,0,0,0,40,0.0,0.0,40.0
460,1,right_lane,adaptive,True,10.0,40,0,21.2689573459715,0.0,4.5,3.805433437228203,60.0,40.0,20.0,nan,0.0,0,0,0,40,0.0,0.0,40.0
461,1,right_lane,adaptive,True,10.0,40,0,20.768957345971565,0.5,0.5,3.8636399507522583,59.75,40.0,19.75,nan,0.0,0,0,0,40,1.0,1.0,38.0
462,1,right_lane,adaptive,True,10.0,40,0,20.393957345971565,0.5,14.5,6.611447840929031,59.75,40.0,19.75,nan,0.0,0,0,0,40,1.0,1.0,38.0
463,1,right_lane,adaptive,True,10.0,40,0,21.375043292099726,0.5,1.0,4.031486334518377,59.75,40.0,19.75,nan,0.0,0,0,0,40,1.0,1.0,38.0
464,1,right_lane,adaptive,True,10.0,28,1,21.991367637102233,0.5,6.5,3.936963672067577,42.0,28.0,14.0,nan,0.0,0,0,0,28,0.0,0.0,28.0
465,1,right_lane,adaptive,True,10.0,40,0,21.516466606363643,0.0,2.5,4.1463319605682045,59.75,40.0,19.75,nan,0.0,0,0,0,40,0.0,1.0,39.0
466,1,right_lane,adaptive,True,10.0,40,0,22.39395164495432,4.5,9.0,9.167839764207201,57.75,40.0,17.75,18.0,1.0,0,0,1,39,3.0,5.0,32.0
467,1,right_lane,adaptive,True,10.0,30,1,22.025276461295416,0.0,6.0,2.046260257938684,45.0,30.0,15.0,nan,0.0,0,0,0,30,0.0,0.0,30.0
468,1,right_lane,adaptive,True,10.0,40,0,22.76895734596765,0.5,6.0,4.936080283045385,59.75,40.0,19.75,nan,0.0,0,0,0,40,1.0,1.0,38.0
469,1,right_lane,adaptive,True,10.0,40,0,20.518957345971565,0.0,2.0,4.295720249414444,60.0,40.0,20.0,nan,0.0,0,0,0,40,0.0,1.0,39.0
470,1,right_lane,adaptive,True,10.0,17,1,20.632840814050734,0.5,7.0,2.726855419576168,25.5,17.0,8.5,nan,0.0,0,0,0,17,0.0,0.0,17.0
471,1,right_lane,adaptive,True,10.0,40,0,20.893957345971565,0.0,14.0,4.755355097353458,59.75,40.0,19.75,nan,0.0,0,0,0,40,0.0,1.0,39.0
472,1,right_lane,adaptive,True,10.0,40,0,23.268952382716115,0.0,4.5,3.8073621851076496,60.0,40.0,20.0,nan,0.0,0,0,0,40,0.0,1.0,39.0
473,1,right_lane,adaptive,True,10.0,40,0,20.393957345971565,0.5,2.5,5.01864866912365,59.75,40.0,19.75,nan,0.0,0,0,0,40,1.0,1.0,38.0
474,1,right_lane,adaptive,True,10.0,40,0,22.266461004214154,0.0,1.0,3.8185767331196985,60.0,40.0,20.0,nan,0.0,0,0,0,40,0.0,1.0,39.0
475,1,right_lane,adaptive,True,10.0,40,0,22.143956694084682,0.0,5.0,3.3001385234492773,60.0,40.0,20.0,nan,0.0,0,0,0,40,0.0,0.0,40.0
476,1,right_lane,adaptive,True,10.0,40,0,21.018957345971565,0.0,3.5,4.2248934581293724,60.0,40.0,20.0,nan,0.0,0,0,0,40,0.0,1.0,39.0
477,1,right_lane,adaptive,True,10.0,40,0,20.268957345971565,0.0,14.0,4.917589534074068,60.0,40.0,20.0,nan,0.0,0,0,0,40,0.0,1.0,39.0
478,1,right_lane,adaptive,True,10.0,40,0,21.643957345971565,1.5,11.0,5.845128272692818,59.25,40.0,19.25,18.0,1.0,0,0,1,39,1.0,3.0,36.0
479,1,right_lane,adaptive,True,10.0,40,0,21.39395734426102,0.0,10.5,4.1484149126936245,60.0,40.0,20.0,nan,0.0,0,0,0,40,0.0,0.0,40.0
480,1,right_lane,adaptive,True,10.0,40,0,21.643627957721566,0.0,3.0,3.499636810386164,60.0,40.0,20.0,nan,0.0,0,0,0,40,0.0,1.0,39.0
481,1,right_lane,adaptive,True,10.0,40,0,20.733867844032495,0.0,18.0,5.1028572206738545,60.0,40.0,20.0,nan,0.0,0,0,0,40,0.0,0.0,40.0
482,1,right_lane,adaptive,True,10.0,40,0,20.518957345971565,0.0,7.0,4.723907299339771,60.0,40.0,20.0,nan,0.0,0,0,0,40,0.0,1.0,39.0
483,1,right_lane,adaptive,True,10.0,40,0,21.268957345746305,0.0,3.5,3.7464712351070375,60.0,40.0,20.0,nan,0.0,0,0,0,40,0.0,1.0,39.0
484,1,right_lane,adaptive,True,10.0,37,1,22.4529268605098,0.5,8.5,6.022794876336775,55.5,37.0,18.5,nan,0.0,0,0,0,37,0.0,0.0,37.0
485,1,right_lane,adaptive,True,10.0,40,0,22.01895164498405,0.5,0.0,4.1614273655213765,59.5,40.0,19.5,nan,0.0,0,0,0,40,1.0,1.0,38.0
486,1,right_lane,adaptive,True,10.0,3,1,25.0,1.0,1.5,2.0250445306301117,4.25,3.0,1.25,nan,0.0,0,0,0,3,1.0,1.0,1.0
487,1,right_lane,adaptive,True,10.0,34,1,20.904655701143017,1.0,3.5,4.733542382717133,50.5,34.0,16.5,nan,0.0,0,0,0,34,1.0,1.0,32.0
488,1,right_lane,adaptive,True,10.0,40,0,21.518957345945747,0.5,1.5,4.638926662791846,59.5,40.0,19.5,nan,0.0,0,0,0,40,1.0,1.0,38.0
489,1,right_lane,adaptive,True,10.0,40,0,22.018957345971565,0.0,6.5,4.168661975343639,60.0,40.0,20.0,nan,0.0,0,0,0,40,0.0,0.0,40.0
490,1,right_lane,adaptive,True,10.0,40,0,20.393957345971565,0.5,9.0,5.598836722783744,59.75,40.0,19.75,nan,0.0,0,0,0,40,1.0,1.0,38.0
491,1,right_lane,adaptive,True,10.0,40,0,21.143951743818675,0.0,8.5,3.3811493790199165,60.0,40.0,20.0,nan,0.0,0,0,0,40,0.0,1.0,39.0
492,1,right_lane,adaptive,True,10.0,40,0,22.643957345971565,0.0,2.0,3.0553541159059705,60.0,40.0,20.0,nan,0.0,0,0,0,40,0.0,1.0,39.0
493,1,right_lane,adaptive,True,10.0,25,1,21.4303317535545,0.5,4.5,2.7352150947881455,37.25,25.0,12.25,nan,0.0,0,0,0,25,1.0,1.0,23.0
494,1,right_lane,adaptive,True,10.0,40,0,21.268957345971565,0.0,1.5,3.1320129831292434,60.0,40.0,20.0,nan,0.0,0,0,0,40,0.0,0.0,40.0
495,1,right_lane,adaptive,True,10.0,40,0,20.393957345971565,0.5,9.5,5.520199149847031,59.75,40.0,19.75,nan,0.0,0,0,0,40,1.0,1.0,38.0
496,1,right_lane,adaptive,True,10.0,40,0,20.893956693888644,0.5,9.0,5.61775366961956,59.75,40.0,19.75,nan,0.0,0,0,0,40,1.0,1.0,38.0
497,1,right_lane,adaptive,True,10.0,3,1,25.0,1.0,1.0,1.782744824886322,4.25,3.0,1.25,nan,0.0,0,0,0,3,1.0,1.0,1.0
498,1,right_lane,adaptive,True,10.0,40,0,20.393957345971565,7.5,14.5,13.20387589931488,56.25,40.0,16.25,18.0,1.0,0,0,1,39,5.0,6.0,29.0
499,1,right_lane,adaptive,True,10.0,40,0,20.518957345971565,0.0,11.0,5.180994585156441,59.75,40.0,19.75,nan,0.0,0,0,0,40,0.0,1.0,39.0
500,1,right_lane,adaptive,True,10.0,40,0,21.018957345971565,0.0,8.0,3.991282641887665,60.0,40.0,20.0,nan,0.0,0,0,0,40,0.0,0.0,40.0
501,1,right_lane,adaptive,True,10.0,40,0,22.375000013019175,0.5,2.5,4.295495064674469,59.75,40.0,19.75,nan,0.0,0,0,0,40,1.0,1.0,38.0
502,1,right_lane,adaptive,True,10.0,40,0,21.893957345971565,0.0,2.0,3.4637143673953688,60.0,40.0,20.0,nan,0.0,0,0,0,40,0.0,1.0,39.0
503,1,right_lane,adaptive,True,10.0,40,0,21.26895734597105,0.0,2.0,4.1935447826981544,60.0,40.0,20.0,nan,0.0,0,0,0,40,0.0,1.0,39.0
504,1,right_lane,adaptive,True,10.0,40,0,21.393957345971565,0.0,18.5,5.222572656777629,60.0,40.0,20.0,nan,0.0,0,0,0,40,0.0,1.0,39.0
505,1,right_lane,adaptive,True,10.0,10,1,24.57580358367013,0.5,2.0,1.482632104307413,15.0,10.0,5.0,nan,0.0,0,0,0,10,0.0,0.0,10.0
506,1,right_lane,adaptive,True,10.0,40,0,23.00000075075124,0.0,0.0,2.7662429790379974,59.75,40.0,19.75,nan,0.0,0,0,0,40,0.0,0.0,40.0
507,1,right_lane,adaptive,True,10.0,40,0,23.268957345971565,0.0,9.0,4.0260209112300345,60.0,40.0,20.0,nan,0.0,0,0,0,40,0.0,1.0,39.0
508,1,right_lane,adaptive,True,10.0,40,0,20.768957345971565,4.5,17.5,10.233141170305316,57.75,40.0,17.75,18.0,1.0,0,0,1,39,3.0,5.0,32.0
509,1,right_lane,adaptive,True,10.0,40,0,20.393957345971565,0.0,4.5,4.740520350635052,60.0,40.0,20.0,nan,0.0,0,0,0,40,0.0,1.0,39.0
510,1,right_lane,adaptive,True,10.0,26,1,21.567626686110096,3.0,12.5,8.17095322906971,37.5,26.0,11.5,nan,0.0,0,0,0,26,2.0,4.0,20.0
511,1,right_lane,adaptive,True,10.0,40,0,20.518957345971565,0.0,15.0,5.3550717905163765,60.0,40.0,20.0,nan,0.0,0,0,0,40,0.0,1.0,39.0
512,1,right_lane,adaptive,True,10.0,40,0,21.268957345971565,0.0,10.5,3.8690256468388498,60.0,40.0,20.0,nan,0.0,0,0,0,40,0.0,0.0,40.0
513,1,right_lane,adaptive,True,10.0,40,0,21.393957245397175,0.0,16.0,5.224524275920885,60.0,40.0,20.0,nan,0.0,0,0,0,40,0.0,1.0,39.0
514,1,right_lane,adaptive,True,10.0,40,0,21.268957345971565,0.5,1.5,4.764397996759726,59.75,40.0,19.75,nan,0.0,0,0,0,40,1.0,1.0,38.0
515,1,right_lane,adaptive,True,10.0,40,0,20.893957345971565,6.0,2.5,8.737244062655009,57.5,40.0,17.5,nan,0.0,0,0,0,40,3.0,5.0,32.0
516,1,right_lane,adaptive,True,10.0,40,0,20.393957345971565,0.0,20.5,5.990049973130226,59.5,40.0,19.5,nan,0.0,0,0,0,40,0.0,1.0,39.0
517,1,right_lane,adaptive,True,10.0,20,1,25.287914688062664,0.5,4.0,2.8316151408314454,30.0,20.0,10.0,nan,0.0,0,0,0,20,0.0,1.0,19.0
518,1,right_lane,adaptive,True,10.0,40,0,20.768957345971565,0.0,8.5,4.659129310399294,59.75,40.0,19.75,nan,0.0,0,0,0,40,0.0,0.0,40.0
519,1,right_lane,adaptive,True,10.0,40,0,21.268957260126378,0.0,9.5,4.386714654043317,60.0,40.0,20.0,nan,0.0,0,0,0,40,0.0,0.0,40.0
520,1,right_lane,adaptive,True,10.0,40,0,21.893919004141758,0.0,0.5,2.908926128744497,60.0,40.0,20.0,nan,0.0,0,0,0,40,0.0,0.0,40.0
521,1,right_lane,adaptive,True,10.0,40,0,20.893957345971565,0.5,2.5,4.851950218997445,59.75,40.0,19.75,nan,0.0,0,0,0,40,1.0,1.0,38.0
522,1,right_lane,adaptive,True,10.0,40,0,21.893957345971494,0.0,2.0,2.225103749397931,60.0,40.0,20.0,nan,0.0,0,0,0,40,0.0,0.0,40.0
523,1,right_lane,adaptive,True,10.0,40,0,23.643957345971565,0.0,2.5,3.0393588445303976,60.0,40.0,20.0,nan,0.0,0,0,0,40,0.0,1.0,39.0
524,1,right_lane,adaptive,True,10.0,40,0,20.643957345971565,0.0,2.5,3.562822641997627,60.0,40.0,20.0,nan,0.0,0,0,0,40,0.0,0.0,40.0
525,1,right_lane,adaptive,True,10.0,40,0,21.393956694084682,0.0,1.0,2.723552813875358,60.0,40.0,20.0,nan,0.0,0,0,0,40,0.0,0.0,40.0
526,1,right_lane,adaptive,True,10.0,40,0,21.518957345971565,0.0,7.5,3.7596964655140255,60.0,40.0,20.0,nan,0.0,0,0,0,40,0.0,0.0,40.0
527,1,right_lane,adaptive,True,10.0,40,0,21.768957345971565,0.0,0.5,2.7835462040966377,60.0,40.0,20.0,nan,0.0,0,0,0,40,0.0,0.0,40.0
528,1,right_lane,adaptive,True,10.0,11,1,21.432572160934924,5.0,1.5,5.781658321619034,14.25,11.0,3.25,nan,0.0,0,0,0,11,3.0,4.0,4.0
529,1,right_lane,adaptive,True,10.0,40,0,21.893957345971565,0.0,6.5,4.112014747737703,59.75,40.0,19.75,nan,0.0,0,0,0,40,0.0,0.0,40.0
530,1,right_lane,adaptive,True,10.0,40,0,20.76895723602826,0.0,12.5,4.740982070565224,60.0,40.0,20.0,nan,0.0,0,0,0,40,0.0,1.0,39.0
531,1,right_lane,adaptive,True,10.0,40,0,22.143956595442237,0.0,7.0,3.630060932920969,60.0,40.0,20.0,nan,0.0,0,0,0,40,0.0,0.0,40.0
532,1,right_lane,adaptive,True,10.0,39,1,20.91687932919759,5.0,2.5,8.391056957689216,56.25,39.0,17.25,nan,0.0,0,0,0,39,3.0,4.0,32.0
533,1,right_lane,adaptive,True,10.0,40,0,21.268957345971565,0.5,6.5,4.926876090466976,59.5,40.0,19.5,nan,0.0,0,0,0,40,1.0,1.0,38.0
534,1,right_lane,adaptive,True,10.0,40,0,22.268957345971565,0.0,6.0,2.128976143852924,60.0,40.0,20.0,nan,0.0,0,0,0,40,0.0,0.0,40.0
535,1,right_lane,adaptive,True,10.0,40,0,21.393957345971565,0.0,1.0,3.36919953225879,60.0,40.0,20.0,nan,0.0,0,0,0,40,0.0,1.0,39.0
536,1,right_lane,adaptive,True,10.0,40,0,21.518957345971565,0.0,10.5,4.169544513606525,60.0,40.0,20.0,nan,0.0,0,0,0,40,0.0,0.0,40.0
537,1,right_lane,adaptive,True,10.0,40,0,22.393957345967202,0.0,0.0,2.948676840250755,60.0,40.0,20.0,nan,0.0,0,0,0,40,0.0,0.0,40.0
538,1,right_lane,adaptive,True,10.0,40,0,22.75249644062177,0.0,4.5,2.8175495924397183,60.0,40.0,20.0,nan,0.0,0,0,0,40,0.0,0.0,40.0
539,1,right_lane,adaptive,True,10.0,40,0,22.268957345971565,0.0,5.0,3.8630921385301917,60.0,40.0,20.0,nan,0.0,0,0,0,40,0.0,0.0,40.0
540,1,right_lane,adaptive,True,10.0,40,0,22.268629347340514,3.5,0.5,5.8266647783234475,58.25,40.0,18.25,18.0,1.0,0,0,1,39,0.0,7.0,33.0
541,1,right_lane,adaptive,True,10.0,14,1,26.125573983438834,0.5,2.5,1.8896057312937273,21.0,14.0,7.0,nan,0.0,0,0,0,14,0.0,0.0,14.0
542,1,right_lane,adaptive,True,10.0,12,1,23.396524437472817,0.5,3.5,1.889381218545168,17.75,12.0,5.75,nan,0.0,0,0,0,12,0.0,0.0,12.0
543,1,right_lane,adaptive,True,10.0,40,0,22.268957345971565,0.5,5.5,4.765937322401442,59.5,40.0,19.5,nan,0.0,0,0,0,40,1.0,1.0,38.0
544,1,right_lane,adaptive,True,10.0,40,0,22.393957345971565,0.0,3.5,3.825388119347622,60.0,40.0,20.0,nan,0.0,0,0,0,40,0.0,0.0,40.0
545,1,right_lane,adaptive,True,10.0,40,0,22.643957344482875,0.0,6.0,3.3962882378873473,60.0,40.0,20.0,nan,0.0,0,0,0,40,0.0,0.0,40.0
546,1,right_lane,adaptive,True,10.0,40,0,21.643957345971565,4.5,-0.5,4.701626839330402,58.25,40.0,18.25,nan,0.0,0,0,0,40,2.0,3.0,35.0
547,1,right_lane,adaptive,True,10.0,40,0,21.643957247332974,0.5,3.5,4.954852004603254,59.25,40.0,19.25,nan,0.0,0,0,0,40,1.0,1.0,38.0
548,1,right_lane,adaptive,True,10.0,40,0,21.37749644062177,11.0,4.0,13.651548709436156,55.0,40.0,15.0,18.0,1.0,0,0,1,39,6.0,8.0,26.0
549,1,right_lane,adaptive,True,10.0,40,0,21.393957345971565,0.5,5.5,4.776007141991613,59.5,40.0,19.5,nan,0.0,0,0,0,40,0.0,1.0,39.0
550,1,right_lane,adaptive,True,10.0,40,0,21.143957345971565,0.0,0.0,3.023157128596722,59.75,40.0,19.75,nan,0.0,0,0,0,40,0.0,1.0,39.0
551,1,right_lane,adaptive,True,10.0,3,1,25.0,1.0,1.0,1.900053322315216,4.25,3.0,1.25,nan,0.0,0,0,0,3,1.0,1.0,1.0
552,1,right_lane,adaptive,True,10.0,3,1,25.0,0.5,1.0,1.5193293233919576,4.0,3.0,1.0,nan,0.0,0,0,0,3,1.0,1.0,1.0
553,1,right_lane,adaptive,True,10.0,40,0,21.268957345971565,2.5,4.0,6.529914031419139,58.75,40.0,18.75,18.0,1.0,0,0,1,39,1.0,3.0,36.0
554,1,right_lane,adaptive,True,10.0,40,0,21.393957345971565,4.5,5.5,9.330783660526322,57.75,40.0,17.75,18.0,1.0,0,0,2,38,2.0,6.0,32.0
555,1,right_lane,adaptive,True,10.0,40,0,20.643957345971554,0.0,5.5,4.342023588716984,60.0,40.0,20.0,nan,0.0,0,0,0,40,0.0,0.0,40.0
556,1,right_lane,adaptive,True,10.0,23,1,22.20688234082011,0.5,7.5,3.0820834508981534,34.5,23.0,11.5,nan,0.0,0,0,0,23,0.0,0.0,23.0
557,1,right_lane,adaptive,True,10.0,40,0,20.893957345971565,0.5,11.5,5.415721096920606,59.5,40.0,19.5,nan,0.0,0,0,0,40,1.0,1.0,38.0
558,1,right_lane,adaptive,True,10.0,24,1,24.61492890994532,0.5,5.5,2.8230441652590343,36.0,24.0,12.0,nan,0.0,0,0,0,24,0.0,0.0,24.0
559,1,right_lane,adaptive,True,10.0,40,0,22.893908453433408,0.0,2.0,3.6333203508734186,59.75,40.0,19.75,nan,0.0,0,0,0,40,0.0,1.0,39.0
560,1,right_lane,adaptive,True,10.0,40,0,23.14395734574971,0.0,8.0,3.794660378366757,60.0,40.0,20.0,nan,0.0,0,0,0,40,0.0,1.0,39.0
561,1,right_lane,adaptive,True,10.0,40,0,21.518957345971565,0.5,14.0,6.287992105870217,59.75,40.0,19.75,nan,0.0,0,0,0,40,1.0,1.0,38.0
562,1,right_lane,adaptive,True,10.0,40,0,21.643957345971565,0.0,6.0,2.9802180097044584,60.0,40.0,20.0,nan,0.0,0,0,0,40,0.0,1.0,39.0
563,1,right_lane,adaptive,True,10.0,40,0,20.768957345971565,0.0,1.0,4.047828520106577,60.0,40.0,20.0,nan,0.0,0,0,0,40,0.0,1.0,39.0
564,1,right_lane,adaptive,True,10.0,40,0,22.643957345968097,2.5,7.0,5.821628873246027,58.75,40.0,18.75,18.0,1.0,0,0,1,39,0.0,5.0,35.0
565,1,right_lane,adaptive,True,10.0,40,0,21.893957345971494,0.0,2.0,4.002921243600213,60.0,40.0,20.0,nan,0.0,0,0,0,40,0.0,1.0,39.0
566,1,right_lane,adaptive,True,10.0,40,0,21.76895164518009,0.5,2.5,4.808540528640151,59.75,40.0,19.75,nan,0.0,0,0,0,40,1.0,1.0,38.0
567,1,right_lane,adaptive,True,10.0,40,0,21.518957345971565,0.0,9.0,5.310887388771789,60.0,40.0,20.0,nan,0.0,0,0,0,40,0.0,1.0,39.0
568,1,right_lane,adaptive,True,10.0,40,0,21.393957345971565,3.0,11.5,7.50433404635146,59.0,40.0,19.0,nan,0.0,0,0,0,40,1.0,3.0,36.0
569,1,right_lane,adaptive,True,10.0,40,0,20.518957345971565,0.0,12.5,5.70448499917984,59.5,40.0,19.5,nan,0.0,0,0,0,40,0.0,0.0,40.0
570,1,right_lane,adaptive,True,10.0,40,0,20.89395734425717,10.0,12.0,15.134168982505798,55.0,40.0,15.0,18.0,1.0,0,0,1,39,6.0,9.0,25.0
571,1,right_lane,adaptive,True,10.0,40,0,22.26895239570556,0.5,6.0,4.534629443746326,59.75,40.0,19.75,nan,0.0,0,0,0,40,1.0,1.0,38.0
572,1,right_lane,adaptive,True,10.0,40,0,20.393957345971565,0.5,15.0,6.632262051105499,59.75,40.0,19.75,nan,0.0,0,0,0,40,1.0,1.0,38.0
573,1,right_lane,adaptive,True,10.0,40,0,23.268957345971565,0.0,0.5,2.705779096995684,60.0,40.0,20.0,nan,0.0,0,0,0,40,0.0,0.0,40.0
574,1,right_lane,adaptive,True,10.0,40,0,22.268957345971565,1.5,2.5,5.1233965109368,59.25,40.0,19.25,18.0,1.0,0,0,1,39,0.0,4.0,36.0
575,1,right_lane,adaptive,True,10.0,40,0,20.518957345971565,11.5,14.5,16.529235884547234,54.25,40.0,14.25,nan,0.0,0,0,0,40,8.0,9.0,23.0
576,1,right_lane,adaptive,True,10.0,40,0,22.643957345971565,0.0,2.5,1.5341701159784407,60.0,40.0,20.0,nan,0.0,0,0,0,40,0.0,0.0,40.0
577,1,right_lane,adaptive,True,10.0,40,0,23.51895174381527,0.5,2.5,3.8244452761173306,59.75,40.0,19.75,nan,0.0,0,0,0,40,1.0,1.0,38.0
578,1,right_lane,adaptive,True,10.0,40,0,20.768957345971565,0.0,5.5,4.326406411826611,60.0,40.0,20.0,nan,0.0,0,0,0,40,0.0,0.0,40.0
579,1,right_lane,adaptive,True,10.0,40,0,20.893957345971565,0.0,13.5,4.82716416195035,60.0,40.0,20.0,nan,0.0,0,0,0,40,0.0,1.0,39.0
580,1,right_lane,adaptive,True,10.0,40,0,22.643957345971565,0.0,2.0,3.079230155075493,60.0,40.0,20.0,nan,0.0,0,0,0,40,0.0,0.0,40.0
581,1,right_lane,adaptive,True,10.0,40,0,20.768957345971565,0.0,4.0,4.127550885081291,60.0,40.0,20.0,nan,0.0,0,0,0,40,0.0,1.0,39.0
582,1,right_lane,adaptive,True,10.0,40,0,20.393957345971565,0.5,20.5,6.313900738954544,59.75,40.0,19.75,nan,0.0,0,0,0,40,1.0,1.0,38.0
583,1,right_lane,adaptive,True,10.0,40,0,21.518957345971565,0.0,2.0,3.708126829759294,60.0,40.0,20.0,nan,0.0,0,0,0,40,0.0,0.0,40.0
584,1,right_lane,adaptive,True,10.0,40,0,20.393957345971565,0.5,12.5,5.586115017533302,59.75,40.0,19.75,nan,0.0,0,0,0,40,1.0,1.0,38.0
585,1,right_lane,adaptive,True,10.0,40,0,20.268957345971565,0.0,16.5,5.053527362644672,60.0,40.0,20.0,nan,0.0,0,0,0,40,0.0,0.0,40.0
586,1,right_lane,adaptive,True,10.0,40,0,21.643957345971565,0.0,1.0,3.780969339550893,60.0,40.0,20.0,nan,0.0,0,0,0,40,0.0,1.0,39.0
587,1,right_lane,adaptive,True,10.0,13,1,26.21215659754951,0.5,1.0,1.1536102093923546,19.5,13.0,6.5,nan,0.0,0,0,0,13,0.0,0.0,13.0
588,1,right_lane,adaptive,True,10.0,40,0,20.518957345971565,0.5,5.5,4.515608829398843,59.5,40.0,19.5,nan,0.0,0,0,0,40,1.0,1.0,38.0
589,1,right_lane,adaptive,True,10.0,40,0,22.143957345971565,0.5,6.5,5.054729205921376,59.75,40.0,19.75,nan,0.0,0,0,0,40,1.0,1.0,38.0
590,1,right_lane,adaptive,True,10.0,40,0,21.518957345971558,0.0,0.5,1.9330359717569081,60.0,40.0,20.0,nan,0.0,0,0,0,40,0.0,0.0,40.0
591,1,right_lane,adaptive,True,10.0,40,0,21.518957260126378,0.5,8.0,5.284353507446895,59.75,40.0,19.75,nan,0.0,0,0,0,40,1.0,1.0,38.0
592,1,right_lane,adaptive,True,10.0,40,0,20.893957345971565,0.5,11.0,6.369318927638233,59.75,40.0,19.75,nan,0.0,0,0,0,40,1.0,1.0,38.0
593,1,right_lane,adaptive,True,10.0,40,0,21.12532874938229,0.0,3.0,3.651389706879854,60.0,40.0,20.0,nan,0.0,0,0,0,40,0.0,0.0,40.0
594,1,right_lane,adaptive,True,10.0,40,0,21.01895733317816,0.5,5.5,5.021353542804718,59.75,40.0,19.75,nan,0.0,0,0,0,40,1.0,1.0,38.0
595,1,right_lane,adaptive,True,10.0,40,0,22.643957345967713,0.0,2.0,3.4654235557700304,60.0,40.0,20.0,nan,0.0,0,0,0,40,0.0,0.0,40.0
596,1,right_lane,adaptive,True,10.0,40,0,21.518957345971565,3.5,6.5,6.773644816389606,58.5,40.0,18.5,nan,0.0,0,0,0,40,2.0,2.0,36.0
597,1,right_lane,adaptive,True,10.0,40,0,22.893914804623023,0.0,1.5,3.8781439271906493,59.75,40.0,19.75,nan,0.0,0,0,0,40,0.0,1.0,39.0
598,1,right_lane,adaptive,True,10.0,40,0,21.768957345971565,0.0,13.5,4.4660050718302955,60.0,40.0,20.0,nan,0.0,0,0,0,40,0.0,1.0,39.0
599,1,right_lane,adaptive,True,10.0,40,0,20.62532874938229,0.5,18.0,6.548763759434223,59.75,40.0,19.75,nan,0.0,0,0,0,40,1.0,1.0,38.0
600,1,right_lane,adaptive,True,10.0,40,0,22.268957345971565,7.5,8.5,10.147393499235477,56.75,40.0,16.75,nan,0.0,0,0,0,40,4.0,5.0,31.0
601,1,right_lane,adaptive,True,10.0,40,0,20.393957345971565,0.5,4.5,5.274156577885151,59.25,40.0,19.25,nan,0.0,0,0,0,40,1.0,1.0,38.0
602,1,right_lane,adaptive,True,10.0,16,1,21.922393364854578,0.0,2.0,1.2001830028693803,24.0,16.0,8.0,nan,0.0,0,0,0,16,0.0,0.0,16.0
603,1,right_lane,adaptive,True,10.0,40,0,21.768957345971565,0.0,13.5,4.698275785363876,60.0,40.0,20.0,nan,0.0,0,0,0,40,0.0,1.0,39.0
604,1,right_lane,adaptive,True,10.0,36,1,20.29884149552396,9.0,12.0,13.317093804478645,49.75,36.0,13.75,nan,0.0,0,0,0,36,5.0,7.0,24.0
605,1,right_lane,adaptive,True,10.0,40,0,22.268957345971565,0.0,1.0,3.1666349309325597,59.75,40.0,19.75,nan,0.0,0,0,0,40,0.0,1.0,39.0
606,1,right_lane,adaptive,True,10.0,40,0,22.018957345971565,0.5,2.0,4.126578126106324,59.75,40.0,19.75,nan,0.0,0,0,0,40,1.0,1.0,38.0
607,1,right_lane,adaptive,True,10.0,40,0,20.643956694081282,0.0,11.5,5.0508429035544395,60.0,40.0,20.0,nan,0.0,0,0,0,40,0.0,1.0,39.0
608,1,right_lane,adaptive,True,10.0,40,0,22.518957345971565,0.5,1.0,4.066404927781605,59.75,40.0,19.75,nan,0.0,0,0,0,40,1.0,1.0,38.0
609,1,right_lane,adaptive,True,10.0,3,1,25.0,1.0,1.0,1.7656698375940323,4.25,3.0,1.25,nan,0.0,0,0,0,3,1.0,1.0,1.0
610,1,right_lane,adaptive,True,10.0,40,0,23.018957345971565,0.0,2.0,3.003471383054375,59.75,40.0,19.75,nan,0.0,0,0,0,40,0.0,0.0,40.0
611,1,right_lane,adaptive,True,10.0,21,1,21.464680658993444,0.5,2.5,2.7525979578495026,31.5,21.0,10.5,nan,0.0,0,0,0,21,0.0,1.0,20.0
612,1,right_lane,adaptive,True,10.0,40,0,20.393957345971565,0.5,9.5,5.643069423735142,59.5,40.0,19.5,nan,0.0,0,0,0,40,1.0,1.0,38.0
613,1,right_lane,adaptive,True,10.0,40,0,20.64395239570556,0.5,12.5,5.677846185863018,59.75,40.0,19.75,nan,0.0,0,0,0,40,1.0,1.0,38.0
614,1,right_lane,adaptive,True,10.0,25,1,20.630331753554504,1.0,12.5,5.792004570364952,37.25,25.0,12.25,nan,0.0,0,0,0,25,1.0,1.0,23.0
615,1,right_lane,adaptive,True,10.0,40,0,20.643957345971565,0.5,3.5,4.6541095304746705,59.5,40.0,19.5,nan,0.0,0,0,0,40,1.0,1.0,38.0
616,1,right_lane,adaptive,True,10.0,28,1,22.527081903937653,7.5,4.0,9.737114661024407,38.5,28.0,10.5,18.0,1.0,0,0,1,27,4.0,6.0,18.0
617,1,right_lane,adaptive,True,10.0,40,0,20.768957345971565,0.0,0.5,4.290030017495155,59.75,40.0,19.75,nan,0.0,0,0,0,40,0.0,1.0,39.0
618,1,right_lane,adaptive,True,10.0,40,0,21.143957345971565,0.0,9.5,3.8729025040033775,60.0,40.0,20.0,nan,0.0,0,0,0,40,0.0,0.0,40.0
619,1,right_lane,adaptive,True,10.0,40,0,21.143957345971565,1.5,8.5,8.189542517066002,59.25,40.0,19.25,18.0,1.0,0,0,1,39,1.0,3.0,36.0
620,1,right_lane,adaptive,True,10.0,40,0,21.393957345971565,0.5,16.5,5.41322421122095,59.75,40.0,19.75,nan,0.0,0,0,0,40,1.0,1.0,38.0
621,1,right_lane,adaptive,True,10.0,40,0,21.143957345971565,4.0,12.5,9.635817865650097,58.0,40.0,18.0,18.0,1.0,0,0,1,39,2.0,4.0,34.0
622,1,right_lane,adaptive,True,10.0,40,0,22.643956608239495,0.0,4.5,3.536009521913911,60.0,40.0,20.0,nan,0.0,0,0,0,40,0.0,0.0,40.0
623,1,right_lane,adaptive,True,10.0,33,1,20.78055435875341,0.5,4.0,4.085533199831843,49.5,33.0,16.5,nan,0.0,0,0,0,33,0.0,0.0,33.0
624,1,right_lane,adaptive,True,10.0,40,0,22.127490089432097,0.0,2.0,3.04329952786793,59.75,40.0,19.75,nan,0.0,0,0,0,40,0.0,1.0,39.0
625,1,right_lane,adaptive,True,10.0,40,0,21.268957345971565,0.0,6.0,4.5266741754018085,60.0,40.0,20.0,nan,0.0,0,0,0,40,0.0,1.0,39.0
626,1,right_lane,adaptive,True,10.0,40,0,20.393957345971565,0.5,9.0,5.6509061977267265,59.75,40.0,19.75,nan,0.0,0,0,0,40,1.0,1.0,38.0
627,1,right_lane,adaptive,True,10.0,40,0,21.018957345971565,2.5,3.0,6.164931569248438,58.75,40.0,18.75,nan,0.0,0,0,0,40,0.0,5.0,35.0
628,1,right_lane,adaptive,True,10.0,40,0,22.768957345971565,0.0,11.0,5.837319130204378,60.0,40.0,20.0,nan,0.0,0,0,0,40,0.0,1.0,39.0
629,1,right_lane,adaptive,True,10.0,40,0,23.122875600860247,0.0,6.0,3.9514064820878048,60.0,40.0,20.0,nan,0.0,0,0,0,40,0.0,1.0,39.0
630,1,right_lane,adaptive,True,10.0,40,0,21.39395734597099,5.5,13.5,10.910750382168317,57.25,40.0,17.25,18.0,1.0,0,0,1,39,3.0,6.0,31.0
631,1,right_lane,adaptive,True,10.0,40,0,22.143957345971565,0.0,4.5,3.6862513618282264,60.0,40.0,20.0,nan,0.0,0,0,0,40,0.0,0.0,40.0
632,1,right_lane,adaptive,True,10.0,40,0,21.518957345971565,0.5,2.0,4.788204380166917,59.75,40.0,19.75,nan,0.0,0,0,0,40,1.0,1.0,38.0
633,1,right_lane,adaptive,True,10.0,17,1,24.162250583695105,1.5,3.5,3.318002706065272,25.0,17.0,8.0,18.0,1.0,0,0,1,16,0.0,2.0,15.0
634,1,right_lane,adaptive,True,10.0,40,0,22.50032313249975,0.5,5.5,4.869789122240036,59.5,40.0,19.5,nan,0.0,0,0,0,40,1.0,1.0,38.0
635,1,right_lane,adaptive,True,10.0,40,0,21.393957345971565,0.0,9.5,4.910073828626082,60.0,40.0,20.0,nan,0.0,0,0,0,40,0.0,1.0,39.0
636,1,right_lane,adaptive,True,10.0,40,0,22.518957345971565,0.0,1.0,3.2336696120910347,60.0,40.0,20.0,nan,0.0,0,0,0,40,0.0,0.0,40.0
637,1,right_lane,adaptive,True,10.0,32,1,21.273696682464454,3.5,11.0,8.556904078079242,46.5,32.0,14.5,18.0,1.0,0,0,1,31,1.0,5.0,26.0
638,1,right_lane,adaptive,True,10.0,40,0,20.893957345971565,0.0,5.0,4.067670100993382,59.75,40.0,19.75,nan,0.0,0,0,0,40,0.0,0.0,40.0
639,1,right_lane,adaptive,True,10.0,40,0,22.018957345971565,0.0,5.0,4.127578176935913,60.0,40.0,20.0,nan,0.0,0,0,0,40,0.0,0.0,40.0
640,1,right_lane,adaptive,True,10.0,40,0,21.393957332956305,7.5,10.5,12.402529284358025,56.25,40.0,16.25,18.0,1.0,0,0,1,39,5.0,7.0,28.0
641,1,right_lane,adaptive,True,10.0,40,0,22.518957345971565,0.0,0.0,2.1396797364257054,60.0,40.0,20.0,nan,0.0,0,0,0,40,0.0,0.0,40.0
642,1,right_lane,adaptive,True,10.0,40,0,22.518957345971565,0.0,1.5,3.851315632671117,60.0,40.0,20.0,nan,0.0,0,0,0,40,0.0,1.0,39.0
643,1,right_lane,adaptive,True,10.0,40,0,20.643957345971565,0.0,6.5,3.939795548965776,60.0,40.0,20.0,nan,0.0,0,0,0,40,0.0,1.0,39.0
644,1,right_lane,adaptive,True,10.0,40,0,21.893957345971565,4.0,2.5,6.8856022095096705,58.0,40.0,18.0,18.0,1.0,0,0,1,39,2.0,4.0,34.0
645,1,right_lane,adaptive,True,10.0,40,0,21.268629347340514,0.0,0.0,3.3329680811148137,60.0,40.0,20.0,nan,0.0,0,0,0,40,0.0,1.0,39.0
646,1,right_lane,adaptive,True,10.0,3,1,25.0,1.0,1.0,1.9724227488040924,4.25,3.0,1.25,nan,0.0,0,0,0,3,1.0,1.0,1.0
647,1,right_lane,adaptive,True,10.0,40,0,22.768957345942347,0.0,8.0,3.770669747164675,59.75,40.0,19.75,nan,0.0,0,0,0,40,0.0,0.0,40.0
648,1,right_lane,adaptive,True,10.0,40,0,20.143957345971565,0.0,20.0,7.710475832223892,60.0,40.0,20.0,nan,0.0,0,0,0,40,0.0,0.0,40.0
649,1,right_lane,adaptive,True,10.0,33,1,23.507827086026136,0.0,3.5,1.5505875346755147,49.5,33.0,16.5,nan,0.0,0,0,0,33,0.0,0.0,33.0
650,1,right_lane,adaptive,True,10.0,40,0,21.518957345971565,0.0,2.5,3.5813116464178165,60.0,40.0,20.0,nan,0.0,0,0,0,40,0.0,1.0,39.0
651,1,right_lane,adaptive,True,10.0,40,0,20.518957345971565,0.5,18.5,7.008952587842941,59.75,40.0,19.75,nan,0.0,0,0,0,40,1.0,1.0,38.0
652,1,right_lane,adaptive,True,10.0,40,0,21.393957345971565,0.0,15.5,4.263126495628967,60.0,40.0,20.0,nan,0.0,0,0,0,40,0.0,0.0,40.0
653,1,right_lane,adaptive,True,10.0,40,0,21.268957345967202,5.5,13.5,11.855435473972648,57.25,40.0,17.25,18.0,1.0,0,0,1,39,3.0,6.0,31.0
654,1,right_lane,adaptive,True,10.0,40,0,21.50249644062177,0.0,5.0,3.9281320698501077,60.0,40.0,20.0,nan,0.0,0,0,0,40,0.0,1.0,39.0
655,1,right_lane,adaptive,True,10.0,40,0,21.143957345971565,4.0,5.0,7.717606648802757,58.25,40.0,18.25,18.0,1.0,0,0,1,39,0.0,8.0,32.0
656,1,right_lane,adaptive,True,10.0,40,0,21.393957345971565,0.0,8.0,4.68260122492984,59.75,40.0,19.75,nan,0.0,0,0,0,40,0.0,1.0,39.0
657,1,right_lane,adaptive,True,10.0,40,0,20.518957345775522,0.0,7.5,4.620119586586952,60.0,40.0,20.0,nan,0.0,0,0,0,40,0.0,1.0,39.0
658,1,right_lane,adaptive,True,10.0,40,0,21.143957345971565,0.5,7.5,3.8212076511576925,59.75,40.0,19.75,nan,0.0,0,0,0,40,1.0,1.0,38.0
659,1,right_lane,adaptive,True,10.0,40,0,20.518957345971565,0.5,1.0,4.834893252700567,59.75,40.0,19.75,nan,0.0,0,0,0,40,1.0,1.0,38.0
660,1,right_lane,adaptive,True,10.0,40,0,20.393957345971565,0.0,10.5,5.565458983182907,60.0,40.0,20.0,nan,0.0,0,0,0,40,0.0,1.0,39.0
661,1,right_lane,adaptive,True,10.0,40,0,23.018957345971565,0.0,0.5,2.734500519438825,60.0,40.0,20.0,nan,0.0,0,0,0,40,0.0,1.0,39.0
662,1,right_lane,adaptive,True,10.0,40,0,20.64395733317816,0.0,4.5,4.612530037760735,60.0,40.0,20.0,nan,0.0,0,0,0,40,0.0,1.0,39.0
663,1,right_lane,adaptive,True,10.0,40,0,22.393957345971565,0.0,7.0,2.68899561962553,60.0,40.0,20.0,nan,0.0,0,0,0,40,0.0,0.0,40.0
664,1,right_lane,adaptive,True,10.0,40,0,22.018957345971565,0.0,0.0,2.4813162068518295,60.0,40.0,20.0,nan,0.0,0,0,0,40,0.0,0.0,40.0
665,1,right_lane,adaptive,True,10.0,40,0,21.768957345971565,0.0,5.0,4.288759848342579,60.0,40.0,20.0,nan,0.0,0,0,0,40,0.0,0.0,40.0
666,1,right_lane,adaptive,True,10.0,40,0,20.768957345971565,12.5,10.0,16.957516393730657,54.0,40.0,14.0,nan,0.0,0,0,0,40,8.0,9.0,23.0
667,1,right_lane,adaptive,True,10.0,40,0,20.608867844032495,0.0,5.5,4.279739560901362,59.75,40.0,19.75,nan,0.0,0,0,0,40,0.0,1.0,39.0
668,1,right_lane,adaptive,True,10.0,40,0,21.0189140555863,7.0,13.5,11.66385854035616,56.5,40.0,16.5,18.0,1.0,0,0,1,39,4.0,7.0,29.0
669,1,right_lane,adaptive,True,10.0,40,0,23.893957345971565,0.0,0.5,1.9539885537196824,60.0,40.0,20.0,nan,0.0,0,0,0,40,0.0,0.0,40.0
670,1,right_lane,adaptive,True,10.0,40,0,21.268957345971565,0.5,2.5,4.690314614683302,59.75,40.0,19.75,nan,0.0,0,0,0,40,1.0,1.0,38.0
671,1,right_lane,adaptive,True,10.0,40,0,22.26895723434353,0.0,7.0,3.6635283775476637,60.0,40.0,20.0,nan,0.0,0,0,0,40,0.0,0.0,40.0
672,1,right_lane,adaptive,True,10.0,40,0,22.643957345971565,0.0,13.5,4.387683217789345,60.0,40.0,20.0,nan,0.0,0,0,0,40,0.0,0.0,40.0
673,1,right_lane,adaptive,True,10.0,40,0,22.393957345971565,2.5,6.5,7.072376375108433,58.75,40.0,18.75,18.0,1.0,0,0,1,39,1.0,4.0,35.0
674,1,right_lane,adaptive,True,10.0,40,0,22.250043292099658,7.5,5.0,10.920226286529214,56.25,40.0,16.25,18.0,1.0,0,0,3,37,4.0,9.0,27.0
675,1,right_lane,adaptive,True,10.0,25,1,21.230331753554506,0.5,9.0,3.189283479237929,37.5,25.0,12.5,nan,0.0,0,0,0,25,0.0,0.0,25.0
676,1,right_lane,adaptive,True,10.0,40,0,22.018957345971565,0.0,0.0,2.8847331409676826,59.75,40.0,19.75,nan,0.0,0,0,0,40,0.0,0.0,40.0
677,1,right_lane,adaptive,True,10.0,40,0,22.643957345971565,0.0,0.0,2.8883084628532742,60.0,40.0,20.0,nan,0.0,0,0,0,40,0.0,0.0,40.0
678,1,right_lane,adaptive,True,10.0,40,0,21.768957345971565,0.0,2.5,4.014537621357022,60.0,40.0,20.0,nan,0.0,0,0,0,40,0.0,0.0,40.0
679,1,right_lane,adaptive,True,10.0,40,0,21.393957345971565,0.0,0.5,2.5057745610829443,60.0,40.0,20.0,nan,0.0,0,0,0,40,0.0,0.0,40.0
680,1,right_lane,adaptive,True,10.0,26,1,20.60608822457164,0.5,13.0,4.794811904430389,39.0,26.0,13.0,nan,0.0,0,0,0,26,0.0,1.0,25.0
681,1,right_lane,adaptive,True,10.0,40,0,21.393957345971565,0.0,0.5,1.8601730909967955,59.75,40.0,19.75,nan,0.0,0,0,0,40,0.0,1.0,39.0
682,1,right_lane,adaptive,True,10.0,40,0,22.018914066891014,0.5,0.5,4.704007165506482,59.75,40.0,19.75,nan,0.0,0,0,0,40,1.0,1.0,38.0
683,1,right_lane,adaptive,True,10.0,40,0,23.268957345971565,0.0,1.5,3.0526784278399646,60.0,40.0,20.0,nan,0.0,0,0,0,40,0.0,0.0,40.0
684,1,right_lane,adaptive,True,10.0,40,0,21.393957345971565,0.0,11.5,3.054688564621756,60.0,40.0,20.0,nan,0.0,0,0,0,40,0.0,0.0,40.0
685,1,right_lane,adaptive,True,10.0,33,1,21.083584661783714,4.5,10.0,8.777080468833447,47.5,33.0,14.5,18.0,1.0,0,0,1,32,2.0,4.0,27.0
686,1,right_lane,adaptive,True,10.0,40,0,21.268957345971565,2.5,9.0,6.222670357670722,58.5,40.0,18.5,nan,0.0,0,0,0,40,2.0,3.0,35.0
687,1,right_lane,adaptive,True,10.0,40,0,21.768957345971565,0.0,2.0,2.8179749770247327,60.0,40.0,20.0,nan,0.0,0,0,0,40,0.0,0.0,40.0
688,1,right_lane,adaptive,True,10.0,5,1,22.151312430974706,0.5,1.0,1.1737642288208008,7.5,5.0,2.5,nan,0.0,0,0,0,5,0.0,1.0,4.0
689,1,right_lane,adaptive,True,10.0,40,0,20.643957345971565,0.5,2.0,4.527368102222681,59.5,40.0,19.5,nan,0.0,0,0,0,40,1.0,1.0,38.0
690,1,right_lane,adaptive,True,10.0,40,0,21.518957345971565,0.5,7.0,4.685693829186903,59.75,40.0,19.75,nan,0.0,0,0,0,40,1.0,1.0,38.0
691,1,right_lane,adaptive,True,10.0,40,0,21.768957345971565,0.5,0.0,3.855232580403026,59.75,40.0,19.75,nan,0.0,0,0,0,40,1.0,1.0,38.0
692,1,right_lane,adaptive,True,10.0,40,0,23.643957345971565,0.0,1.0,2.740838494910605,60.0,40.0,20.0,nan,0.0,0,0,0,40,0.0,0.0,40.0
693,1,right_lane,adaptive,True,10.0,40,0,21.393957345971497,0.5,2.5,4.762666663095388,59.75,40.0,19.75,nan,0.0,0,0,0,40,1.0,1.0,38.0
694,1,right_lane,adaptive,True,10.0,40,0,23.26895734594234,0.0,3.5,3.0453537089024394,60.0,40.0,20.0,nan,0.0,0,0,0,40,0.0,0.0,40.0
695,1,right_lane,adaptive,True,10.0,40,0,20.768957345971565,0.0,0.0,3.170781511813402,60.0,40.0,20.0,nan,0.0,0,0,0,40,0.0,1.0,39.0
696,1,right_lane,adaptive,True,10.0,40,0,20.518957345971565,0.0,0.0,3.6635347679257393,60.0,40.0,20.0,nan,0.0,0,0,0,40,0.0,0.0,40.0
697,1,right_lane,adaptive,True,10.0,40,0,22.5189523954837,0.0,1.5,3.2714227715616744,60.0,40.0,20.0,nan,0.0,0,0,0,40,0.0,0.0,40.0
698,1,right_lane,adaptive,True,10.0,40,0,20.768957345971565,0.0,11.5,4.813409432768822,60.0,40.0,20.0,nan,0.0,0,0,0,40,0.0,0.0,40.0
699,1,right_lane,adaptive,True,10.0,40,0,21.018957345971565,2.5,12.0,6.773769285646267,58.75,40.0,18.75,nan,0.0,0,0,0,40,2.0,3.0,35.0
700,1,right_lane,adaptive,True,10.0,4,1,23.91460905349794,1.0,1.0,1.8090656599088106,5.75,4.0,1.75,nan,0.0,0,0,0,4,1.0,1.0,2.0
701,1,right_lane,adaptive,True,10.0,40,0,22.01891406689101,0.0,1.0,3.637979940409423,59.75,40.0,19.75,nan,0.0,0,0,0,40,0.0,1.0,39.0
702,1,right_lane,adaptive,True,10.0,40,0,21.268957345971565,17.5,11.0,21.31972036480147,51.5,40.0,11.5,nan,0.0,0,0,0,40,12.0,12.0,16.0
703,1,right_lane,adaptive,True,10.0,40,0,22.268957345942347,0.0,7.5,4.299871534109116,59.75,40.0,19.75,nan,0.0,0,0,0,40,0.0,0.0,40.0
704,1,right_lane,adaptive,True,10.0,40,0,21.643957332922735,0.0,13.5,4.569749831332274,60.0,40.0,20.0,nan,0.0,0,0,0,40,0.0,1.0,39.0
705,1,right_lane,adaptive,True,10.0,40,0,21.018957345971565,0.5,15.0,7.460634138140449,59.75,40.0,19.75,nan,0.0,0,0,0,40,1.0,1.0,38.0
706,1,right_lane,adaptive,True,10.0,40,0,22.518957345971565,0.0,0.0,1.3403208963441102,60.0,40.0,20.0,nan,0.0,0,0,0,40,0.0,0.0,40.0
707,1,right_lane,adaptive,True,10.0,40,0,21.893957345971565,0.0,0.5,4.011009012408067,60.0,40.0,20.0,nan,0.0,0,0,0,40,0.0,1.0,39.0
708,1,right_lane,adaptive,True,10.0,40,0,21.14395734596765,0.5,6.0,5.212492056190968,59.75,40.0,19.75,nan,0.0,0,0,0,40,1.0,1.0,38.0
709,1,right_lane,adaptive,True,10.0,40,0,21.518957345971565,0.0,10.0,4.110758180069752,60.0,40.0,20.0,nan,0.0,0,0,0,40,0.0,1.0,39.0
710,1,right_lane,adaptive,True,10.0,40,0,21.018957345971057,0.0,14.0,4.7024377435445786,60.0,40.0,20.0,nan,0.0,0,0,0,40,0.0,1.0,39.0
711,1,right_lane,adaptive,True,10.0,40,0,20.643957345971565,0.0,1.0,4.087489880621433,60.0,40.0,20.0,nan,0.0,0,0,0,40,0.0,0.0,40.0
712,1,right_lane,adaptive,True,10.0,40,0,20.893957345971558,0.0,1.0,3.3104712679050863,60.0,40.0,20.0,nan,0.0,0,0,0,40,0.0,0.0,40.0
713,1,right_lane,adaptive,True,10.0,40,0,22.393957345971565,0.0,0.5,3.3058112060571148,60.0,40.0,20.0,nan,0.0,0,0,0,40,0.0,1.0,39.0
714,1,right_lane,adaptive,True,10.0,40,0,20.518957345971565,0.0,16.5,5.54139568656683,60.0,40.0,20.0,nan,0.0,0,0,0,40,0.0,0.0,40.0
715,1,right_lane,adaptive,True,10.0,40,0,21.143957345971565,0.0,0.0,1.9801028428482823,60.0,40.0,20.0,nan,0.0,0,0,0,40,0.0,0.0,40.0
716,1,right_lane,adaptive,True,10.0,40,0,20.768957345971565,0.5,13.5,5.2488319063504605,59.75,40.0,19.75,nan,0.0,0,0,0,40,1.0,1.0,38.0
717,1,right_lane,adaptive,True,10.0,40,0,21.39395724713693,0.0,4.0,3.9818484596908092,60.0,40.0,20.0,nan,0.0,0,0,0,40,0.0,1.0,39.0
718,1,right_lane,adaptive,True,10.0,40,0,21.143957345971565,0.0,3.0,4.000444048281224,60.0,40.0,20.0,nan,0.0,0,0,0,40,0.0,1.0,39.0
719,1,right_lane,adaptive,True,10.0,40,0,22.518628695453636,0.0,14.5,4.896727468983727,60.0,40.0,20.0,nan,0.0,0,0,0,40,0.0,1.0,39.0
720,1,right_lane,adaptive,True,10.0,40,0,20.750043292099726,9.0,15.0,15.238614907495503,55.5,40.0,15.5,18.0,1.0,0,0,4,36,5.0,10.0,25.0
721,1,right_lane,adaptive,True,10.0,29,1,21.57787220134009,0.5,2.0,2.8896494024465937,43.5,29.0,14.5,nan,0.0,0,0,0,29,0.0,1.0,28.0
722,1,right_lane,adaptive,True,10.0,40,0,21.143957345971565,1.5,2.5,5.482191830873489,59.0,40.0,19.0,18.0,1.0,0,0,1,39,1.0,3.0,36.0
723,1,right_lane,adaptive,True,10.0,37,1,21.642116049698988,1.0,13.0,6.287050030834507,55.25,37.0,18.25,nan,0.0,0,0,0,37,1.0,1.0,35.0
724,1,right_lane,adaptive,True,10.0,26,1,21.183011301494716,0.5,1.0,2.271416850948299,38.5,26.0,12.5,nan,0.0,0,0,0,26,1.0,1.0,24.0
725,1,right_lane,adaptive,True,10.0,40,0,20.393957345971565,0.5,20.0,8.40849494934082,59.75,40.0,19.75,nan,0.0,0,0,0,40,1.0,1.0,38.0
726,1,right_lane,adaptive,True,10.0,40,0,20.893957345971565,0.0,2.5,4.480248905718327,60.0,40.0,20.0,nan,0.0,0,0,0,40,0.0,1.0,39.0
727,1,right_lane,adaptive,True,10.0,40,0,22.999995049763726,0.0,1.0,2.81377444951454,60.0,40.0,20.0,nan,0.0,0,0,0,40,0.0,0.0,40.0
728,1,right_lane,adaptive,True,10.0,18,1,20.875460768825693,1.0,8.0,4.472700551152229,26.75,18.0,8.75,nan,0.0,0,0,0,18,1.0,1.0,16.0
729,1,right_lane,adaptive,True,10.0,40,0,21.018957345971565,2.0,12.5,7.383881505021236,58.75,40.0,18.75,nan,0.0,0,0,0,40,1.0,3.0,36.0
730,1,right_lane,adaptive,True,10.0,40,0,21.393957345971508,0.5,3.0,4.991804028759361,59.75,40.0,19.75,nan,0.0,0,0,0,40,1.0,1.0,38.0
731,1,right_lane,adaptive,True,10.0,40,0,20.768957345971565,4.0,13.5,9.033264435827732,58.0,40.0,18.0,18.0,1.0,0,0,1,39,2.0,5.0,33.0
732,1,right_lane,adaptive,True,10.0,40,0,22.141138607735993,0.5,2.0,4.644768567406572,59.75,40.0,19.75,nan,0.0,0,0,0,40,1.0,1.0,38.0
733,1,right_lane,adaptive,True,10.0,40,0,20.518957345971565,0.5,5.0,5.6547747533768415,59.75,40.0,19.75,nan,0.0,0,0,0,40,1.0,1.0,38.0
734,1,right_lane,adaptive,True,10.0,40,0,20.893957345971565,0.5,1.5,4.995291791856289,59.75,40.0,19.75,nan,0.0,0,0,0,40,1.0,1.0,38.0
735,1,right_lane,adaptive,True,10.0,40,0,21.89395733298212,0.0,8.0,4.1497916440303015,60.0,40.0,20.0,nan,0.0,0,0,0,40,0.0,1.0,39.0
736,1,right_lane,adaptive,True,10.0,40,0,21.143957345971565,0.0,1.5,1.8771792550905957,60.0,40.0,20.0,nan,0.0,0,0,0,40,0.0,0.0,40.0
737,1,right_lane,adaptive,True,10.0,32,1,20.492446682464454,1.0,7.5,5.635743394494057,47.75,32.0,15.75,nan,0.0,0,0,0,32,1.0,1.0,30.0
738,1,right_lane,adaptive,True,10.0,40,0,21.268957345971565,0.0,5.0,4.498496360403806,59.75,40.0,19.75,nan,0.0,0,0,0,40,0.0,0.0,40.0
739,1,right_lane,adaptive,True,10.0,40,0,21.268957345971565,0.5,10.0,4.4994714097538235,59.75,40.0,19.75,nan,0.0,0,0,0,40,1.0,1.0,38.0
740,1,right_lane,adaptive,True,10.0,40,0,22.268957345971565,0.0,0.0,2.247841822794385,60.0,40.0,20.0,nan,0.0,0,0,0,40,0.0,0.0,40.0
741,1,right_lane,adaptive,True,10.0,40,0,20.393957345971565,0.5,9.0,5.626353561878204,59.75,40.0,19.75,nan,0.0,0,0,0,40,1.0,1.0,38.0
742,1,right_lane,adaptive,True,10.0,40,0,20.643957345971565,0.0,13.0,4.7826928108988795,60.0,40.0,20.0,nan,0.0,0,0,0,40,0.0,1.0,39.0
743,1,right_lane,adaptive,True,10.0,40,0,21.893957345971554,0.0,0.0,3.621958719100803,60.0,40.0,20.0,nan,0.0,0,0,0,40,0.0,1.0,39.0
744,1,right_lane,adaptive,True,10.0,40,0,21.893957345971558,0.0,3.5,3.1493405182077367,60.0,40.0,20.0,nan,0.0,0,0,0,40,0.0,1.0,39.0
745,1,right_lane,adaptive,True,10.0,40,0,21.643957345971565,0.5,7.5,4.98141830379609,59.75,40.0,19.75,nan,0.0,0,0,0,40,1.0,1.0,38.0
746,1,right_lane,adaptive,True,10.0,40,0,21.268957345937928,0.0,0.5,3.891228523949394,60.0,40.0,20.0,nan,0.0,0,0,0,40,0.0,1.0,39.0
747,1,right_lane,adaptive,True,10.0,28,1,21.991367637102233,0.5,11.0,4.455563412355332,42.0,28.0,14.0,nan,0.0,0,0,0,28,0.0,1.0,27.0
748,1,right_lane,adaptive,True,10.0,40,0,22.250043292099726,0.5,1.5,4.674017745305491,59.5,40.0,19.5,nan,0.0,0,0,0,40,1.0,1.0,38.0
749,1,right_lane,adaptive,True,10.0,40,0,20.518957345971565,0.5,5.5,5.080058924020705,59.75,40.0,19.75,nan,0.0,0,0,0,40,1.0,1.0,38.0
750,1,right_lane,adaptive,True,10.0,21,1,21.702775897088696,3.5,6.0,5.688756536919755,30.0,21.0,9.0,nan,0.0,0,0,0,21,2.0,2.0,17.0
751,1,right_lane,adaptive,True,10.0,40,0,21.518957345971565,0.0,15.5,4.527188436186407,59.75,40.0,19.75,nan,0.0,0,0,0,40,0.0,0.0,40.0
752,1,right_lane,adaptive,True,10.0,40,0,20.893957345971565,0.0,6.0,4.235514987260103,60.0,40.0,20.0,nan,0.0,0,0,0,40,0.0,1.0,39.0
753,1,right_lane,adaptive,True,10.0,17,1,22.103427283402556,3.5,7.0,6.795474082231522,24.0,17.0,7.0,18.0,1.0,0,0,1,16,2.0,4.0,11.0
754,1,right_lane,adaptive,True,10.0,40,0,20.768957345971565,0.0,0.5,3.935469374060631,59.75,40.0,19.75,nan,0.0,0,0,0,40,0.0,1.0,39.0
755,1,right_lane,adaptive,True,10.0,40,0,24.643957345971565,0.0,9.5,3.6292493321224697,60.0,40.0,20.0,nan,0.0,0,0,0,40,0.0,0.0,40.0
756,1,right_lane,adaptive,True,10.0,40,0,21.768957345971565,0.0,12.5,3.957020953313531,60.0,40.0,20.0,nan,0.0,0,0,0,40,0.0,0.0,40.0
757,1,right_lane,adaptive,True,10.0,40,0,22.768957345971565,0.0,0.0,2.600201298245338,60.0,40.0,20.0,nan,0.0,0,0,0,40,0.0,0.0,40.0
758,1,right_lane,adaptive,True,10.0,40,0,21.518957345971565,0.0,9.0,4.116440211117151,60.0,40.0,20.0,nan,0.0,0,0,0,40,0.0,0.0,40.0
759,1,right_lane,adaptive,True,10.0,40,0,22.393952395705547,1.0,7.0,4.89430681738304,59.5,40.0,19.5,18.0,1.0,0,0,1,39,0.0,2.0,38.0
760,1,right_lane,adaptive,True,10.0,8,1,21.969782976101605,0.5,3.5,1.6411422789096832,12.0,8.0,4.0,nan,0.0,0,0,0,8,0.0,0.0,8.0
761,1,right_lane,adaptive,True,10.0,40,0,22.643957345971565,9.0,7.0,12.906745689652894,55.5,40.0,15.5,18.0,1.0,0,0,7,33,4.0,11.0,25.0
762,1,right_lane,adaptive,True,10.0,40,0,22.643957345971565,0.0,10.0,3.473214506729164,59.75,40.0,19.75,nan,0.0,0,0,0,40,0.0,0.0,40.0
763,1,right_lane,adaptive,True,10.0,40,0,20.768957345971565,0.0,1.0,4.075017215684056,60.0,40.0,20.0,nan,0.0,0,0,0,40,0.0,1.0,39.0
764,1,right_lane,adaptive,True,10.0,40,0,21.393957345971565,0.5,0.5,2.317218534155927,59.75,40.0,19.75,nan,0.0,0,0,0,40,1.0,1.0,38.0
765,1,right_lane,adaptive,True,10.0,40,0,21.643957345971565,0.0,14.5,4.836982286244165,60.0,40.0,20.0,nan,0.0,0,0,0,40,0.0,0.0,40.0
766,1,right_lane,adaptive,True,10.0,31,1,21.637364317382662,0.5,11.5,5.180120561217564,46.5,31.0,15.5,nan,0.0,0,0,0,31,0.0,1.0,30.0
767,1,right_lane,adaptive,True,10.0,40,0,24.268957345971565,0.0,10.0,3.7974894938911348,59.75,40.0,19.75,nan,0.0,0,0,0,40,0.0,1.0,39.0
768,1,right_lane,adaptive,True,10.0,40,0,24.143914152736198,0.5,2.0,3.9070585054246294,59.75,40.0,19.75,nan,0.0,0,0,0,40,1.0,1.0,38.0
769,1,right_lane,adaptive,True,10.0,40,0,22.018957345971565,0.0,12.0,4.2833982160318556,60.0,40.0,20.0,nan,0.0,0,0,0,40,0.0,1.0,39.0
770,1,right_lane,adaptive,True,10.0,40,0,22.24972024373468,0.0,8.0,3.4346016926474476,60.0,40.0,20.0,nan,0.0,0,0,0,40,0.0,0.0,40.0
771,1,right_lane,adaptive,True,10.0,40,0,23.000328749382287,0.0,3.5,3.3914235168397227,60.0,40.0,20.0,nan,0.0,0,0,0,40,0.0,0.0,40.0
772,1,right_lane,adaptive,True,10.0,24,1,22.114928909902957,1.0,9.0,4.248956790543161,35.75,24.0,11.75,nan,0.0,0,0,0,24,1.0,1.0,22.0
773,1,right_lane,adaptive,True,10.0,40,0,20.768957345971565,0.0,1.0,3.7567025423049927,59.75,40.0,19.75,nan,0.0,0,0,0,40,0.0,0.0,40.0
774,1,right_lane,adaptive,True,10.0,3,1,25.0,1.0,1.0,1.754556119441986,4.25,3.0,1.25,nan,0.0,0,0,0,3,1.0,1.0,1.0
775,1,right_lane,adaptive,True,10.0,40,0,21.143957345971565,0.0,5.0,4.212072990834713,59.75,40.0,19.75,nan,0.0,0,0,0,40,0.0,1.0,39.0
776,1,right_lane,adaptive,True,10.0,15,1,24.38388621663466,0.0,0.5,0.9649599279327958,22.5,15.0,7.5,nan,0.0,0,0,0,15,0.0,1.0,14.0
777,1,right_lane,adaptive,True,10.0,34,1,22.08112628937831,6.0,8.0,9.216583933657148,48.25,34.0,14.25,18.0,1.0,0,0,1,33,3.0,6.0,25.0
778,1,right_lane,adaptive,True,10.0,40,0,20.893957345971565,0.0,3.0,3.15721407905221,59.75,40.0,19.75,nan,0.0,0,0,0,40,0.0,0.0,40.0
779,1,right_lane,adaptive,True,10.0,40,0,21.518957345971565,0.0,1.0,2.685194408266625,60.0,40.0,20.0,nan,0.0,0,0,0,40,0.0,0.0,40.0
780,1,right_lane,adaptive,True,10.0,39,1,21.429699842022117,12.0,3.5,15.28777583381111,52.5,39.0,13.5,18.0,1.0,0,0,2,37,7.0,11.0,21.0
781,1,right_lane,adaptive,True,10.0,40,0,24.518628583603743,0.0,2.5,3.2187910655266023,60.0,40.0,20.0,nan,0.0,0,0,0,40,0.0,0.0,40.0
782,1,right_lane,adaptive,True,10.0,33,1,21.235099813298863,5.0,13.0,10.087302133440971,47.25,33.0,14.25,18.0,1.0,0,0,1,32,3.0,5.0,25.0
783,1,right_lane,adaptive,True,10.0,40,0,21.268957345971565,3.0,10.0,7.269329083791035,58.25,40.0,18.25,18.0,1.0,0,0,2,38,1.0,4.0,35.0
784,1,right_lane,adaptive,True,10.0,40,0,20.89395734572049,0.5,12.5,5.719200774012734,59.75,40.0,19.75,nan,0.0,0,0,0,40,1.0,1.0,38.0
785,1,right_lane,adaptive,True,10.0,40,0,23.516789654732076,0.0,0.0,2.8738806947385456,60.0,40.0,20.0,nan,0.0,0,0,0,40,0.0,1.0,39.0
786,1,right_lane,adaptive,True,10.0,40,0,20.268957345971565,0.0,13.5,4.596065238118172,60.0,40.0,20.0,nan,0.0,0,0,0,40,0.0,0.0,40.0
787,1,right_lane,adaptive,True,10.0,40,0,21.122875600860247,0.0,4.5,3.7762283245633625,60.0,40.0,20.0,nan,0.0,0,0,0,40,0.0,1.0,39.0
788,1,right_lane,adaptive,True,10.0,40,0,22.018957345971565,0.0,5.5,4.113574953757507,60.0,40.0,20.0,nan,0.0,0,0,0,40,0.0,1.0,39.0
789,1,right_lane,adaptive,True,10.0,40,0,21.39395733298212,0.0,5.0,4.0110235176980495,60.0,40.0,20.0,nan,0.0,0,0,0,40,0.0,1.0,39.0
790,1,right_lane,adaptive,True,10.0,21,1,20.512299706612502,0.5,4.5,3.346906393766403,31.5,21.0,10.5,nan,0.0,0,0,0,21,0.0,1.0,20.0
791,1,right_lane,adaptive,True,10.0,40,0,21.143957345971565,0.0,4.0,4.108074608789593,59.75,40.0,19.75,nan,0.0,0,0,0,40,0.0,1.0,39.0
792,1,right_lane,adaptive,True,10.0,40,0,20.50249644062177,5.0,7.5,8.859437674283981,58.0,40.0,18.0,18.0,1.0,0,0,1,39,2.0,4.0,34.0
793,1,right_lane,adaptive,True,10.0,40,0,21.01646660636704,0.0,2.5,4.476786725223064,59.5,40.0,19.5,nan,0.0,0,0,0,40,0.0,1.0,39.0
794,1,right_lane,adaptive,True,10.0,40,0,21.268957345971565,14.0,0.5,16.217081904411316,53.25,40.0,13.25,18.0,1.0,0,0,1,39,7.0,14.0,19.0
795,1,right_lane,adaptive,True,10.0,40,0,20.393957345971565,0.0,18.5,5.045670971274376,59.75,40.0,19.75,nan,0.0,0,0,0,40,0.0,1.0,39.0
796,1,right_lane,adaptive,True,10.0,40,0,22.018957344482867,0.5,6.5,4.941550945366544,59.75,40.0,19.75,nan,0.0,0,0,0,40,1.0,1.0,38.0
797,1,right_lane,adaptive,True,10.0,40,0,20.768957345971565,1.5,4.0,5.250964619219303,59.75,40.0,19.75,nan,0.0,0,0,0,40,0.0,2.0,38.0
798,1,right_lane,adaptive,True,10.0,40,0,22.00000570101725,6.5,6.0,10.613575361669064,56.25,40.0,16.25,18.0,1.0,0,0,4,36,2.0,10.0,28.0
799,1,right_lane,adaptive,True,10.0,40,0,21.768914152736198,0.0,1.5,3.37955505711534,60.0,40.0,20.0,nan,0.0,0,0,0,40,0.0,1.0,39.0
800,1,right_lane,adaptive,True,10.0,40,0,21.518957345971565,0.0,3.0,4.306307400519472,60.0,40.0,20.0,nan,0.0,0,0,0,40,0.0,1.0,39.0
801,1,right_lane,adaptive,True,10.0,40,0,21.018957345971565,6.0,16.5,11.534572549164295,57.0,40.0,17.0,18.0,1.0,0,0,1,39,4.0,6.0,30.0
802,1,right_lane,adaptive,True,10.0,40,0,21.018957345971565,1.5,8.0,5.196955141069338,59.75,40.0,19.75,nan,0.0,0,0,0,40,0.0,1.0,39.0
803,1,right_lane,adaptive,True,10.0,40,0,23.018957345971565,0.0,10.5,4.125097927897855,59.5,40.0,19.5,nan,0.0,0,0,0,40,0.0,0.0,40.0
804,1,right_lane,adaptive,True,10.0,40,0,22.768957345971565,0.0,8.0,3.605144740099149,60.0,40.0,20.0,nan,0.0,0,0,0,40,0.0,0.0,40.0
805,1,right_lane,adaptive,True,10.0,40,0,22.143957345937984,0.5,0.5,3.8040889904750657,59.75,40.0,19.75,nan,0.0,0,0,0,40,1.0,1.0,38.0
806,1,right_lane,adaptive,True,10.0,40,0,21.85853910766938,0.0,1.5,2.9717279917749693,60.0,40.0,20.0,nan,0.0,0,0,0,40,0.0,0.0,40.0
807,1,right_lane,adaptive,True,10.0,40,0,21.143957345971565,0.5,0.0,3.9225112827070916,59.75,40.0,19.75,nan,0.0,0,0,0,40,1.0,1.0,38.0
808,1,right_lane,adaptive,True,10.0,35,1,20.450236966824644,3.5,14.0,10.673927016556263,51.0,35.0,16.0,nan,0.0,0,0,0,35,2.0,4.0,29.0
809,1,right_lane,adaptive,True,10.0,40,0,21.893951657973428,0.0,4.5,3.9263263269133404,59.75,40.0,19.75,nan,0.0,0,0,0,40,0.0,0.0,40.0
810,1,right_lane,adaptive,True,10.0,20,1,24.537914688063694,0.5,4.0,2.2477713131083874,30.0,20.0,10.0,nan,0.0,0,0,0,20,0.0,0.0,20.0
811,1,right_lane,adaptive,True,10.0,40,0,21.268957345971565,0.0,4.0,4.009046336782376,59.75,40.0,19.75,nan,0.0,0,0,0,40,0.0,1.0,39.0
812,1,right_lane,adaptive,True,10.0,3,1,25.0,1.0,1.0,1.9552090466022491,4.25,3.0,1.25,nan,0.0,0,0,0,3,1.0,1.0,1.0
813,1,right_lane,adaptive,True,10.0,40,0,22.768957345971565,0.0,12.5,4.158728020550825,59.75,40.0,19.75,nan,0.0,0,0,0,40,0.0,1.0,39.0
814,1,right_lane,adaptive,True,10.0,40,0,21.393957345941395,0.5,2.0,4.0459325324673046,59.75,40.0,19.75,nan,0.0,0,0,0,40,1.0,1.0,38.0
815,1,right_lane,adaptive,True,10.0,14,1,23.268449273195756,1.0,3.5,3.235217827015731,20.75,14.0,6.75,nan,0.0,0,0,0,14,1.0,1.0,12.0
816,1,right_lane,adaptive,True,10.0,40,0,20.768957345971565,0.0,5.5,4.697703089565039,59.75,40.0,19.75,nan,0.0,0,0,0,40,0.0,1.0,39.0
817,1,right_lane,adaptive,True,10.0,40,0,21.643957345967657,0.0,0.5,2.667037195229568,60.0,40.0,20.0,nan,0.0,0,0,0,40,0.0,0.0,40.0
818,1,right_lane,adaptive,True,10.0,40,0,20.893957345971565,0.0,2.0,4.058132439851761,60.0,40.0,20.0,nan,0.0,0,0,0,40,0.0,0.0,40.0
819,1,right_lane,adaptive,True,10.0,40,0,22.518957345971565,0.0,9.0,3.2359009508604686,60.0,40.0,20.0,nan,0.0,0,0,0,40,0.0,0.0,40.0
820,1,right_lane,adaptive,True,10.0,40,0,20.393957345971565,0.0,8.5,5.03983935713768,60.0,40.0,20.0,nan,0.0,0,0,0,40,0.0,1.0,39.0
821,1,right_lane,adaptive,True,10.0,40,0,21.01895734425717,0.5,4.0,5.421241335570812,59.75,40.0,19.75,nan,0.0,0,0,0,40,1.0,1.0,38.0
822,1,right_lane,adaptive,True,10.0,40,0,22.393957345971565,0.0,7.5,4.109272711280028,60.0,40.0,20.0,nan,0.0,0,0,0,40,0.0,0.0,40.0
823,1,right_lane,adaptive,True,10.0,40,0,22.018919754889083,0.0,12.0,3.886127726925679,60.0,40.0,20.0,nan,0.0,0,0,0,40,0.0,0.0,40.0
824,1,right_lane,adaptive,True,10.0,40,0,20.268957345971565,9.0,10.5,13.257085286080837,56.0,40.0,16.0,nan,0.0,0,0,0,40,5.0,7.0,28.0
825,1,right_lane,adaptive,True,10.0,40,0,21.393957345971554,7.0,8.5,11.282311698435933,56.0,40.0,16.0,18.0,1.0,0,0,1,39,4.0,6.0,30.0
826,1,right_lane,adaptive,True,10.0,40,0,20.393957345971565,3.5,12.0,8.315112262964249,58.25,40.0,18.25,nan,0.0,0,0,0,40,2.0,3.0,35.0
827,1,right_lane,adaptive,True,10.0,28,1,21.991367637102233,2.5,7.5,6.071747567423699,41.0,28.0,13.0,18.0,1.0,0,0,1,27,1.0,2.0,25.0
828,1,right_lane,adaptive,True,10.0,40,0,20.393957345971565,20.5,7.0,24.059297248721123,49.75,40.0,9.75,nan,0.0,0,0,0,40,14.0,14.0,12.0
829,1,right_lane,adaptive,True,10.0,3,1,25.0,1.0,0.5,1.467915927642025,4.0,3.0,1.0,nan,0.0,0,0,0,3,1.0,1.0,1.0
830,1,right_lane,adaptive,True,10.0,40,0,20.268957345971565,0.0,14.5,4.8794248178601265,59.75,40.0,19.75,nan,0.0,0,0,0,40,0.0,1.0,39.0
831,1,right_lane,adaptive,True,10.0,40,0,22.268914053901568,0.5,2.5,4.917002724832855,59.75,40.0,19.75,nan,0.0,0,0,0,40,1.0,1.0,38.0
832,1,right_lane,adaptive,True,10.0,40,0,20.518957345971565,0.0,10.5,4.344743719330836,60.0,40.0,20.0,nan,0.0,0,0,0,40,0.0,0.0,40.0
833,1,right_lane,adaptive,True,10.0,40,0,20.768957345971565,0.0,8.0,4.149718530476093,60.0,40.0,20.0,nan,0.0,0,0,0,40,0.0,0.0,40.0
834,1,right_lane,adaptive,True,10.0,40,0,24.768957345971565,0.0,0.0,2.144155936416155,60.0,40.0,20.0,nan,0.0,0,0,0,40,0.0,1.0,39.0
835,1,right_lane,adaptive,True,10.0,40,0,21.643957334666847,0.0,10.0,4.49331182109745,60.0,40.0,20.0,nan,0.0,0,0,0,40,0.0,1.0,39.0
836,1,right_lane,adaptive,True,10.0,40,0,22.37504329209966,0.0,5.5,3.863789941853611,60.0,40.0,20.0,nan,0.0,0,0,0,40,0.0,0.0,40.0
837,1,right_lane,adaptive,True,10.0,40,0,23.018671802843812,0.0,11.5,4.274664557306096,60.0,40.0,20.0,nan,0.0,0,0,0,40,0.0,1.0,39.0
838,1,right_lane,adaptive,True,10.0,40,0,21.643957345971565,0.0,5.0,4.0109372170954884,60.0,40.0,20.0,nan,0.0,0,0,0,40,0.0,0.0,40.0
839,1,right_lane,adaptive,True,10.0,40,0,20.768957345971565,0.0,3.5,3.8316361423439957,60.0,40.0,20.0,nan,0.0,0,0,0,40,0.0,0.0,40.0
840,1,right_lane,adaptive,True,10.0,40,0,21.231414695510455,0.5,11.0,5.315933051333559,59.75,40.0,19.75,nan,0.0,0,0,0,40,1.0,1.0,38.0
841,1,right_lane,adaptive,True,10.0,40,0,21.51895733295239,0.0,2.5,3.5341699369200796,60.0,40.0,20.0,nan,0.0,0,0,0,40,0.0,1.0,39.0
842,1,right_lane,adaptive,True,10.0,40,0,23.268957345971565,0.0,8.0,3.767569571248714,60.0,40.0,20.0,nan,0.0,0,0,0,40,0.0,1.0,39.0
843,1,right_lane,adaptive,True,10.0,40,0,20.268957345971565,0.0,17.5,5.4289704114198685,60.0,40.0,20.0,nan,0.0,0,0,0,40,0.0,1.0,39.0
844,1,right_lane,adaptive,True,10.0,36,1,21.826619273301738,0.5,10.0,4.3750150515325,54.0,36.0,18.0,nan,0.0,0,0,0,36,0.0,1.0,35.0
845,1,right_lane,adaptive,True,10.0,40,0,21.018957345971565,2.5,13.0,7.788460028646114,58.75,40.0,18.75,nan,0.0,0,0,0,40,2.0,2.0,36.0
846,1,right_lane,adaptive,True,10.0,40,0,21.358582386749934,0.0,2.0,2.9507309702876228,59.75,40.0,19.75,nan,0.0,0,0,0,40,0.0,1.0,39.0
847,1,right_lane,adaptive,True,10.0,40,0,21.143957345971565,0.0,2.5,3.2363204988650978,60.0,40.0,20.0,nan,0.0,0,0,0,40,0.0,0.0,40.0
848,1,right_lane,adaptive,True,10.0,40,0,21.518957345971565,0.0,8.5,2.9680359878948366,60.0,40.0,20.0,nan,0.0,0,0,0,40,0.0,1.0,39.0
849,1,right_lane,adaptive,True,10.0,40,0,20.875043292099726,4.5,8.0,8.77255379070266,57.75,40.0,17.75,18.0,1.0,0,0,1,39,3.0,5.0,32.0
850,1,right_lane,adaptive,True,10.0,40,0,22.393957345971565,0.5,2.0,4.793383613137394,59.75,40.0,19.75,nan,0.0,0,0,0,40,1.0,1.0,38.0
851,1,right_lane,adaptive,True,10.0,40,0,22.393957345971565,5.5,6.5,8.864015677601856,57.25,40.0,17.25,nan,0.0,0,0,0,40,4.0,5.0,31.0
852,1,right_lane,adaptive,True,10.0,40,0,21.518957345971565,0.0,0.5,2.5850976067304146,60.0,40.0,20.0,nan,0.0,0,0,0,40,0.0,1.0,39.0
853,1,right_lane,adaptive,True,10.0,40,0,22.643957345971565,0.0,0.0,2.4506111515220255,60.0,40.0,20.0,nan,0.0,0,0,0,40,0.0,0.0,40.0
854,1,right_lane,adaptive,True,10.0,40,0,21.268957345971565,0.0,1.0,2.633792559784979,60.0,40.0,20.0,nan,0.0,0,0,0,40,0.0,0.0,40.0
855,1,right_lane,adaptive,True,10.0,40,0,20.393957345971565,0.0,4.0,4.685364991426468,60.0,40.0,20.0,nan,0.0,0,0,0,40,0.0,0.0,40.0
856,1,right_lane,adaptive,True,10.0,3,1,25.0,0.5,1.5,1.6170347570796366,4.25,3.0,1.25,nan,0.0,0,0,0,3,1.0,1.0,1.0
857,1,right_lane,adaptive,True,10.0,40,0,22.643957345971565,0.0,14.0,4.894271823141025,60.0,40.0,20.0,nan,0.0,0,0,0,40,0.0,1.0,39.0
858,1,right_lane,adaptive,True,10.0,3,1,25.0,1.0,1.0,1.4755646456032991,4.25,3.0,1.25,nan,0.0,0,0,0,3,1.0,1.0,1.0
859,1,right_lane,adaptive,True,10.0,16,1,23.17239336429032,0.0,2.0,1.275951576359148,23.75,16.0,7.75,nan,0.0,0,0,0,16,0.0,1.0,15.0
860,1,right_lane,adaptive,True,10.0,40,0,23.000328749382287,0.5,1.5,4.253533447386019,59.75,40.0,19.75,nan,0.0,0,0,0,40,1.0,1.0,38.0
861,1,right_lane,adaptive,True,10.0,40,0,21.393957345971565,4.0,3.5,7.002466351977546,58.0,40.0,18.0,18.0,1.0,0,0,1,39,2.0,5.0,33.0
862,1,right_lane,adaptive,True,10.0,40,0,21.268957345971565,0.5,2.5,4.428725737165337,59.75,40.0,19.75,nan,0.0,0,0,0,40,1.0,1.0,38.0
863,1,right_lane,adaptive,True,10.0,40,0,22.5189573459419,0.0,3.0,3.053941149904972,60.0,40.0,20.0,nan,0.0,0,0,0,40,0.0,1.0,39.0
864,1,right_lane,adaptive,True,10.0,40,0,21.393957345971494,5.5,4.5,9.687566369771957,57.25,40.0,17.25,18.0,1.0,0,0,1,39,3.0,6.0,31.0
865,1,right_lane,adaptive,True,10.0,40,0,22.518957345971565,0.0,0.0,1.4302132053344394,60.0,40.0,20.0,nan,0.0,0,0,0,40,0.0,0.0,40.0
866,1,right_lane,adaptive,True,10.0,40,0,21.268957345971565,0.0,0.0,2.13362532312658,60.0,40.0,20.0,nan,0.0,0,0,0,40,0.0,0.0,40.0
867,1,right_lane,adaptive,True,10.0,21,1,22.89325208755742,1.5,2.5,3.2556052809632092,30.75,21.0,9.75,18.0,1.0,0,0,1,20,1.0,3.0,17.0
868,1,right_lane,adaptive,True,10.0,40,0,21.518957345971565,4.0,4.5,7.453182365745306,58.0,40.0,18.0,18.0,1.0,0,0,1,39,2.0,4.0,34.0
869,1,right_lane,adaptive,True,10.0,15,1,24.38388621663466,0.5,3.5,2.1349663557684835,22.5,15.0,7.5,nan,0.0,0,0,0,15,0.0,0.0,15.0
870,1,right_lane,adaptive,True,10.0,40,0,22.643957345971565,0.0,2.5,3.452580600809597,59.75,40.0,19.75,nan,0.0,0,0,0,40,0.0,1.0,39.0
871,1,right_lane,adaptive,True,10.0,40,0,21.393957345971565,0.0,9.0,3.5010219948877648,60.0,40.0,20.0,nan,0.0,0,0,0,40,0.0,0.0,40.0
872,1,right_lane,adaptive,True,10.0,40,0,20.268957345971565,0.0,13.0,4.760137215256691,60.0,40.0,20.0,nan,0.0,0,0,0,40,0.0,0.0,40.0
873,1,right_lane,adaptive,True,10.0,40,0,20.643957345971565,0.5,3.5,3.7397004414815456,59.75,40.0,19.75,nan,0.0,0,0,0,40,1.0,1.0,38.0
874,1,right_lane,adaptive,True,10.0,12,1,21.31319115248597,0.5,5.5,2.2222724705934525,18.0,12.0,6.0,nan,0.0,0,0,0,12,0.0,0.0,12.0
875,1,right_lane,adaptive,True,10.0,40,0,21.76895164518009,7.5,3.0,11.224214876332553,56.0,40.0,16.0,18.0,1.0,0,0,1,39,5.0,7.0,28.0
876,1,right_lane,adaptive,True,10.0,40,0,21.018919754889087,0.5,1.0,3.9833356514573097,59.75,40.0,19.75,nan,0.0,0,0,0,40,1.0,1.0,38.0
877,1,right_lane,adaptive,True,10.0,40,0,22.643671225497403,0.5,6.5,4.746040938065562,59.75,40.0,19.75,nan,0.0,0,0,0,40,1.0,1.0,38.0
878,1,right_lane,adaptive,True,10.0,40,0,22.518957345971565,0.0,10.0,3.8506128396747954,60.0,40.0,20.0,nan,0.0,0,0,0,40,0.0,0.0,40.0
879,1,right_lane,adaptive,True,10.0,40,0,21.14395734406498,0.0,12.0,4.424026739603505,60.0,40.0,20.0,nan,0.0,0,0,0,40,0.0,0.0,40.0
880,1,right_lane,adaptive,True,10.0,40,0,21.5189573329563,5.5,11.0,9.50843123310915,57.25,40.0,17.25,18.0,1.0,0,0,1,39,3.0,5.0,32.0
881,1,right_lane,adaptive,True,10.0,18,1,23.37546076832284,0.5,4.5,2.852180901914835,27.0,18.0,9.0,nan,0.0,0,0,0,18,0.0,1.0,17.0
882,1,right_lane,adaptive,True,10.0,40,0,21.768957345971565,0.5,0.0,3.9978328786346538,59.5,40.0,19.5,nan,0.0,0,0,0,40,1.0,1.0,38.0
883,1,right_lane,adaptive,True,10.0,37,1,20.290764698347637,0.5,18.0,6.53586782515049,55.5,37.0,18.5,nan,0.0,0,0,0,37,0.0,0.0,37.0
884,1,right_lane,adaptive,True,10.0,40,0,21.893957345971565,3.0,2.5,4.347899106416662,58.25,40.0,18.25,18.0,1.0,0,0,1,39,2.0,4.0,34.0
885,1,right_lane,adaptive,True,10.0,40,0,22.518957345971565,0.0,0.0,2.5041173345798597,60.0,40.0,20.0,nan,0.0,0,0,0,40,0.0,0.0,40.0
886,1,right_lane,adaptive,True,10.0,26,1,21.567626686110096,0.0,8.0,4.060309707761917,39.0,26.0,13.0,nan,0.0,0,0,0,26,0.0,1.0,25.0
887,1,right_lane,adaptive,True,10.0,40,0,22.643957345971565,0.5,0.0,3.999656222849808,59.75,40.0,19.75,nan,0.0,0,0,0,40,1.0,1.0,38.0
888,1,right_lane,adaptive,True,10.0,40,0,20.393957345971565,0.5,6.5,3.7266387212894188,59.75,40.0,19.75,nan,0.0,0,0,0,40,1.0,1.0,38.0
889,1,right_lane,adaptive,True,10.0,40,0,20.268957345971565,0.0,2.5,3.3459071330726147,60.0,40.0,20.0,nan,0.0,0,0,0,40,0.0,1.0,39.0
890,1,right_lane,adaptive,True,10.0,40,0,21.143957345971565,0.0,1.0,1.1111003471032745,60.0,40.0,20.0,nan,0.0,0,0,0,40,0.0,0.0,40.0
891,1,right_lane,adaptive,True,10.0,40,0,22.250328736363635,0.0,1.0,3.071734757820309,60.0,40.0,20.0,nan,0.0,0,0,0,40,0.0,1.0,39.0
892,1,right_lane,adaptive,True,10.0,40,0,22.268957345971053,4.0,6.5,8.521390071986389,58.0,40.0,18.0,18.0,1.0,0,0,1,39,2.0,5.0,33.0
893,1,right_lane,adaptive,True,10.0,40,0,21.518951743818675,0.0,0.5,3.051022299730903,60.0,40.0,20.0,nan,0.0,0,0,0,40,0.0,0.0,40.0
894,1,right_lane,adaptive,True,10.0,32,1,21.273696682464454,0.5,8.0,4.441287964582443,48.0,32.0,16.0,nan,0.0,0,0,0,32,0.0,0.0,32.0
895,1,right_lane,adaptive,True,10.0,40,0,21.393957345971565,0.0,0.0,3.606654872536865,59.75,40.0,19.75,nan,0.0,0,0,0,40,0.0,0.0,40.0
896,1,right_lane,adaptive,True,10.0,29,1,20.370975649615954,0.5,14.0,6.48626746237278,43.5,29.0,14.5,nan,0.0,0,0,0,29,0.0,0.0,29.0
897,1,right_lane,adaptive,True,10.0,40,0,20.518957345971565,0.0,2.5,4.276649989187717,59.75,40.0,19.75,nan,0.0,0,0,0,40,0.0,1.0,39.0
898,1,right_lane,adaptive,True,10.0,40,0,22.643957345971565,0.0,5.5,3.6667350950106083,60.0,40.0,20.0,nan,0.0,0,0,0,40,0.0,0.0,40.0
899,1,right_lane,adaptive,True,10.0,18,1,23.375460768758483,0.0,2.5,1.3210983415428927,27.0,18.0,9.0,nan,0.0,0,0,0,18,0.0,1.0,17.0
900,1,right_lane,adaptive,True,10.0,40,0,22.26895734597105,3.5,5.0,7.278897078540467,58.25,40.0,18.25,18.0,1.0,0,0,1,39,1.0,7.0,32.0
901,1,right_lane,adaptive,True,10.0,40,0,22.768957345775522,0.0,9.0,3.388751942495219,60.0,40.0,20.0,nan,0.0,0,0,0,40,0.0,0.0,40.0
902,1,right_lane,adaptive,True,10.0,40,0,23.768957345971565,0.0,8.5,4.095088027923794,60.0,40.0,20.0,nan,0.0,0,0,0,40,0.0,0.0,40.0
903,1,right_lane,adaptive,True,10.0,40,0,22.018957345971565,0.5,1.0,4.609808865417108,59.75,40.0,19.75,nan,0.0,0,0,0,40,1.0,1.0,38.0
904,1,right_lane,adaptive,True,10.0,3,1,25.0,1.0,1.0,1.786268800497055,4.25,3.0,1.25,nan,0.0,0,0,0,3,1.0,1.0,1.0
905,1,right_lane,adaptive,True,10.0,40,0,21.643957345971565,0.0,4.5,4.36466301710027,59.75,40.0,19.75,nan,0.0,0,0,0,40,0.0,1.0,39.0
906,1,right_lane,adaptive,True,10.0,40,0,21.393957345971565,0.5,10.0,5.344435654580593,59.75,40.0,19.75,nan,0.0,0,0,0,40,1.0,1.0,38.0
907,1,right_lane,adaptive,True,10.0,40,0,21.143957345971565,0.5,1.5,1.864365578288016,59.75,40.0,19.75,nan,0.0,0,0,0,40,1.0,1.0,38.0
908,1,right_lane,adaptive,True,10.0,40,0,21.643957345971565,11.0,8.5,16.106187687255442,54.5,40.0,14.5,18.0,1.0,0,0,3,37,5.0,14.0,21.0
909,1,right_lane,adaptive,True,10.0,3,1,25.0,1.0,1.0,1.9786296784877777,4.25,3.0,1.25,nan,0.0,0,0,0,3,1.0,1.0,1.0
910,1,right_lane,adaptive,True,10.0,40,0,22.518957345971057,2.0,11.5,6.96156739828848,58.75,40.0,18.75,18.0,1.0,0,0,1,39,0.0,4.0,36.0
911,1,right_lane,adaptive,True,10.0,40,0,21.252496440621712,0.0,13.0,4.907490484416485,60.0,40.0,20.0,nan,0.0,0,0,0,40,0.0,0.0,40.0
912,1,right_lane,adaptive,True,10.0,40,0,20.768957345971565,0.0,4.5,3.86484457179904,60.0,40.0,20.0,nan,0.0,0,0,0,40,0.0,0.0,40.0
913,1,right_lane,adaptive,True,10.0,40,0,22.018919754889083,0.0,13.0,4.022856544237584,60.0,40.0,20.0,nan,0.0,0,0,0,40,0.0,0.0,40.0
914,1,right_lane,adaptive,True,10.0,16,1,21.922393364854578,1.0,2.5,3.267595462501049,23.75,16.0,7.75,nan,0.0,0,0,0,16,1.0,1.0,14.0
915,1,right_lane,adaptive,True,10.0,40,0,20.393957345971565,0.5,11.0,5.912767380475998,59.5,40.0,19.5,nan,0.0,0,0,0,40,1.0,1.0,38.0
916,1,right_lane,adaptive,True,10.0,40,0,20.518957345971565,0.0,20.0,5.702356651425362,60.0,40.0,20.0,nan,0.0,0,0,0,40,0.0,1.0,39.0
917,1,right_lane,adaptive,True,10.0,40,0,20.393957345971565,0.5,2.0,5.186442583799362,59.75,40.0,19.75,nan,0.0,0,0,0,40,1.0,1.0,38.0
918,1,right_lane,adaptive,True,10.0,40,0,21.518957345971565,0.5,13.5,5.346007687122892,59.75,40.0,19.75,nan,0.0,0,0,0,40,1.0,1.0,38.0
919,1,right_lane,adaptive,True,10.0,40,0,21.893671888689,0.0,15.5,4.160737716171752,60.0,40.0,20.0,nan,0.0,0,0,0,40,0.0,0.0,40.0
920,1,right_lane,adaptive,True,10.0,40,0,21.000005701017248,0.0,2.5,4.34612700343132,60.0,40.0,20.0,nan,0.0,0,0,0,40,0.0,1.0,39.0
921,1,right_lane,adaptive,True,10.0,40,0,21.768957345971565,0.0,9.0,4.368392169349136,60.0,40.0,20.0,nan,0.0,0,0,0,40,0.0,1.0,39.0
922,1,right_lane,adaptive,True,10.0,10,1,22.075828988428814,0.5,4.5,2.64269283041358,15.0,10.0,5.0,nan,0.0,0,0,0,10,0.0,1.0,9.0
923,1,right_lane,adaptive,True,10.0,40,0,21.89395734574586,4.0,6.0,7.807030234615013,57.75,40.0,17.75,18.0,1.0,0,0,1,39,2.0,4.0,34.0
924,1,right_lane,adaptive,True,10.0,40,0,22.643957345971565,3.0,3.5,7.258631508873123,58.5,40.0,18.5,18.0,1.0,0,0,2,38,1.0,5.0,34.0
925,1,right_lane,adaptive,True,10.0,13,1,23.135253033238424,0.5,1.5,1.6862149992612103,19.25,13.0,6.25,nan,0.0,0,0,0,13,1.0,1.0,11.0
926,1,right_lane,adaptive,True,10.0,40,0,20.268957345971565,0.0,2.0,4.151625908911228,60.0,40.0,20.0,nan,0.0,0,0,0,40,0.0,0.0,40.0
927,1,right_lane,adaptive,True,10.0,40,0,20.393957345971565,0.5,12.5,5.55289214104414,59.75,40.0,19.75,nan,0.0,0,0,0,40,1.0,1.0,38.0
928,1,right_lane,adaptive,True,10.0,40,0,20.893957345971565,0.0,4.5,4.419324504908218,60.0,40.0,20.0,nan,0.0,0,0,0,40,0.0,1.0,39.0
929,1,right_lane,adaptive,True,10.0,40,0,21.393957345971565,0.0,0.5,3.735223874883559,60.0,40.0,20.0,nan,0.0,0,0,0,40,0.0,1.0,39.0
930,1,right_lane,adaptive,True,10.0,40,0,20.768957345971565,0.0,6.5,3.3022136191138998,60.0,40.0,20.0,nan,0.0,0,0,0,40,0.0,0.0,40.0
931,1,right_lane,adaptive,True,10.0,40,0,22.518957345971565,0.0,0.5,3.3057405255703998,60.0,40.0,20.0,nan,0.0,0,0,0,40,0.0,1.0,39.0
932,1,right_lane,adaptive,True,10.0,40,0,21.768957345749705,0.0,7.5,4.1609110631452495,60.0,40.0,20.0,nan,0.0,0,0,0,40,0.0,0.0,40.0
933,1,right_lane,adaptive,True,10.0,18,1,20.875460768825693,0.5,7.0,3.2695924043655396,27.0,18.0,9.0,nan,0.0,0,0,0,18,0.0,0.0,18.0
934,1,right_lane,adaptive,True,10.0,40,0,21.768957345971565,3.0,14.0,7.982061617076397,58.25,40.0,18.25,18.0,1.0,0,0,1,39,2.0,4.0,34.0
935,1,right_lane,adaptive,True,10.0,40,0,22.51895164518009,0.0,0.5,3.2373466245117015,60.0,40.0,20.0,nan,0.0,0,0,0,40,0.0,0.0,40.0
936,1,right_lane,adaptive,True,10.0,40,0,20.768957345971565,0.0,3.5,4.134805280715227,60.0,40.0,20.0,nan,0.0,0,0,0,40,0.0,1.0,39.0
937,1,right_lane,adaptive,True,10.0,7,1,21.53689482983041,0.5,3.5,1.810366839170456,10.5,7.0,3.5,nan,0.0,0,0,0,7,0.0,1.0,6.0
938,1,right_lane,adaptive,True,10.0,40,0,21.768956498100152,0.0,4.5,3.472589385185074,59.75,40.0,19.75,nan,0.0,0,0,0,40,0.0,1.0,39.0
939,1,right_lane,adaptive,True,10.0,40,0,22.268957345971565,0.0,0.0,1.2103803065401735,60.0,40.0,20.0,nan,0.0,0,0,0,40,0.0,1.0,39.0
940,1,right_lane,adaptive,True,10.0,40,0,22.143957345971565,0.0,2.0,3.424135898720124,60.0,40.0,20.0,nan,0.0,0,0,0,40,0.0,1.0,39.0
941,1,right_lane,adaptive,True,10.0,40,0,21.393957345971565,0.0,0.5,3.585159219475372,60.0,40.0,20.0,nan,0.0,0,0,0,40,0.0,1.0,39.0
942,1,right_lane,adaptive,True,10.0,40,0,22.393957345971565,0.0,3.0,3.0925075168761396,60.0,40.0,20.0,nan,0.0,0,0,0,40,0.0,0.0,40.0
943,1,right_lane,adaptive,True,10.0,40,0,20.393957345971565,0.0,14.0,5.932242915034294,60.0,40.0,20.0,nan,0.0,0,0,0,40,0.0,1.0,39.0
944,1,right_lane,adaptive,True,10.0,40,0,23.518957345967657,0.5,0.5,3.4675065264120803,59.75,40.0,19.75,nan,0.0,0,0,0,40,1.0,1.0,38.0
945,1,right_lane,adaptive,True,10.0,40,0,20.643957345971565,0.5,1.5,1.519225346673693,59.75,40.0,19.75,nan,0.0,0,0,0,40,1.0,1.0,38.0
946,1,right_lane,adaptive,True,10.0,40,0,20.268957345971565,0.0,20.0,6.545032553374767,60.0,40.0,20.0,nan,0.0,0,0,0,40,0.0,0.0,40.0
947,1,right_lane,adaptive,True,10.0,40,0,20.393957345971565,0.0,13.5,4.839543953537941,60.0,40.0,20.0,nan,0.0,0,0,0,40,0.0,0.0,40.0
948,1,right_lane,adaptive,True,10.0,40,0,21.018957345971565,6.0,17.5,12.10038797557354,57.0,40.0,17.0,18.0,1.0,0,0,1,39,4.0,6.0,30.0
949,1,right_lane,adaptive,True,10.0,40,0,22.393957345971565,0.5,0.5,3.689822534815903,59.75,40.0,19.75,nan,0.0,0,0,0,40,1.0,1.0,38.0
950,1,right_lane,adaptive,True,10.0,40,0,21.018957345971565,0.0,10.5,4.695858485996723,60.0,40.0,20.0,nan,0.0,0,0,0,40,0.0,1.0,39.0
951,1,right_lane,adaptive,True,10.0,40,0,21.64113860773599,0.0,6.5,4.131765442241431,60.0,40.0,20.0,nan,0.0,0,0,0,40,0.0,1.0,39.0
952,1,right_lane,adaptive,True,10.0,40,0,21.643957345971554,0.5,1.0,4.966131993079216,59.75,40.0,19.75,nan,0.0,0,0,0,40,1.0,1.0,38.0
953,1,right_lane,adaptive,True,10.0,40,0,22.393957345971565,0.5,15.5,5.431107157876568,59.75,40.0,19.75,nan,0.0,0,0,0,40,1.0,1.0,38.0
954,1,right_lane,adaptive,True,10.0,40,0,21.143957345971565,0.0,4.0,3.0219598417552334,60.0,40.0,20.0,nan,0.0,0,0,0,40,0.0,0.0,40.0
955,1,right_lane,adaptive,True,10.0,40,0,22.143957345971565,3.5,11.5,8.117749606868529,58.5,40.0,18.5,nan,0.0,0,0,0,40,2.0,2.0,36.0
956,1,right_lane,adaptive,True,10.0,40,0,23.643957345971565,0.0,0.5,2.477067180402628,59.75,40.0,19.75,nan,0.0,0,0,0,40,0.0,0.0,40.0
957,1,right_lane,adaptive,True,10.0,40,0,21.393957345971565,0.0,2.5,1.5172729157120557,60.0,40.0,20.0,nan,0.0,0,0,0,40,0.0,1.0,39.0
958,1,right_lane,adaptive,True,10.0,40,0,20.393957345971565,0.5,2.5,5.1932631358504295,59.75,40.0,19.75,nan,0.0,0,0,0,40,1.0,1.0,38.0
959,1,right_lane,adaptive,True,10.0,40,0,21.643957344482878,0.0,6.0,3.8254385617328808,60.0,40.0,20.0,nan,0.0,0,0,0,40,0.0,1.0,39.0
960,1,right_lane,adaptive,True,10.0,40,0,20.268957345971565,0.0,6.0,5.021102525293827,60.0,40.0,20.0,nan,0.0,0,0,0,40,0.0,1.0,39.0
961,1,right_lane,adaptive,True,10.0,40,0,21.143957345971565,0.0,6.5,3.6415376676131928,60.0,40.0,20.0,nan,0.0,0,0,0,40,0.0,0.0,40.0
962,1,right_lane,adaptive,True,10.0,40,0,20.643957345971565,0.0,1.0,4.091991655528545,60.0,40.0,20.0,nan,0.0,0,0,0,40,0.0,0.0,40.0
963,1,right_lane,adaptive,True,10.0,40,0,22.518909202470194,0.0,0.0,3.1588327548781763,60.0,40.0,20.0,nan,0.0,0,0,0,40,0.0,0.0,40.0
964,1,right_lane,adaptive,True,10.0,40,0,22.893957345971565,0.0,4.5,2.348821430014368,60.0,40.0,20.0,nan,0.0,0,0,0,40,0.0,0.0,40.0
965,1,right_lane,adaptive,True,10.0,39,1,21.04508445740673,9.0,12.0,13.089848478790373,54.25,39.0,15.25,18.0,1.0,0,0,1,38,5.0,7.0,27.0
966,1,right_lane,adaptive,True,10.0,38,1,20.941007732601644,5.0,14.0,11.181631863117218,54.5,38.0,16.5,18.0,1.0,0,0,1,37,3.0,5.0,30.0
967,1,right_lane,adaptive,True,10.0,40,0,22.393957345971565,0.5,6.5,4.881710078523611,59.5,40.0,19.5,nan,0.0,0,0,0,40,1.0,1.0,38.0
968,1,right_lane,adaptive,True,10.0,40,0,22.268957345971565,0.0,0.5,3.3898754660863233,60.0,40.0,20.0,nan,0.0,0,0,0,40,0.0,1.0,39.0
969,1,right_lane,adaptive,True,10.0,40,0,23.518957345971565,0.0,6.0,2.24160646149312,60.0,40.0,20.0,nan,0.0,0,0,0,40,0.0,0.0,40.0
970,1,right_lane,adaptive,True,10.0,40,0,23.643951644958232,0.0,1.0,2.793089146136481,60.0,40.0,20.0,nan,0.0,0,0,0,40,0.0,1.0,39.0
971,1,right_lane,adaptive,True,10.0,40,0,21.268957345971565,6.5,12.0,11.517073817551136,57.0,40.0,17.0,18.0,1.0,0,0,1,39,4.0,6.0,30.0
972,1,right_lane,adaptive,True,10.0,40,0,21.893957345971565,0.0,11.0,3.7012774305039784,59.75,40.0,19.75,nan,0.0,0,0,0,40,0.0,0.0,40.0
973,1,right_lane,adaptive,True,10.0,20,1,21.78791469194299,4.5,5.5,8.18427254018934,28.0,20.0,8.0,18.0,1.0,0,0,1,19,3.0,4.0,13.0
974,1,right_lane,adaptive,True,10.0,40,0,20.893628695453636,0.5,4.5,5.191216497858477,59.5,40.0,19.5,nan,0.0,0,0,0,40,1.0,1.0,38.0
975,1,right_lane,adaptive,True,10.0,40,0,20.268957345971565,0.0,11.5,4.973258174955845,60.0,40.0,20.0,nan,0.0,0,0,0,40,0.0,1.0,39.0
976,1,right_lane,adaptive,True,10.0,40,0,20.893957345971565,0.5,4.0,5.150574904586847,59.75,40.0,19.75,nan,0.0,0,0,0,40,1.0,1.0,38.0
977,1,right_lane,adaptive,True,10.0,16,1,22.85989336435486,1.0,4.5,3.481758846261073,23.75,16.0,7.75,nan,0.0,0,0,0,16,1.0,1.0,14.0
978,1,right_lane,adaptive,True,10.0,40,0,22.766504197449517,0.0,1.0,3.5359540210139357,59.75,40.0,19.75,nan,0.0,0,0,0,40,0.0,1.0,39.0
979,1,right_lane,adaptive,True,10.0,10,1,21.07582937702842,0.5,5.0,2.311747044324875,15.0,10.0,5.0,nan,0.0,0,0,0,10,0.0,1.0,9.0
980,1,right_lane,adaptive,True,10.0,40,0,23.768957345971565,0.0,8.5,3.455228590813931,59.75,40.0,19.75,nan,0.0,0,0,0,40,0.0,0.0,40.0
981,1,right_lane,adaptive,True,10.0,40,0,22.143956595224235,7.0,5.5,11.3286662196806,56.5,40.0,16.5,18.0,1.0,0,0,1,39,4.0,7.0,29.0
982,1,right_lane,adaptive,True,10.0,40,0,20.643957345971494,0.5,4.0,5.056931134313345,59.75,40.0,19.75,nan,0.0,0,0,0,40,1.0,1.0,38.0
983,1,right_lane,adaptive,True,10.0,40,0,21.018957345971565,0.5,7.5,5.378301082451344,59.75,40.0,19.75,nan,0.0,0,0,0,40,1.0,1.0,38.0
984,1,right_lane,adaptive,True,10.0,40,0,22.018957345971565,0.5,1.5,4.528496868988441,59.75,40.0,19.75,nan,0.0,0,0,0,40,1.0,1.0,38.0
985,1,right_lane,adaptive,True,10.0,40,0,21.768957345971565,6.0,10.5,12.171928904950619,57.0,40.0,17.0,18.0,1.0,0,0,1,39,4.0,6.0,30.0
986,1,right_lane,adaptive,True,10.0,40,1,21.268957345971565,0.5,15.5,5.8621161461487645,60.0,40.0,20.0,nan,0.0,0,0,0,40,0.0,1.0,39.0
987,1,right_lane,adaptive,True,10.0,40,0,21.643957345971565,0.5,18.0,6.510189126564001,59.5,40.0,19.5,nan,0.0,0,0,0,40,1.0,1.0,38.0
988,1,right_lane,adaptive,True,10.0,40,0,22.893957345971565,0.0,3.5,3.7282319975429346,60.0,40.0,20.0,nan,0.0,0,0,0,40,0.0,0.0,40.0
989,1,right_lane,adaptive,True,10.0,33,1,21.68964526784432,2.0,2.0,5.190017023639257,48.5,33.0,15.5,nan,0.0,0,0,0,33,1.0,2.0,30.0
990,1,right_lane,adaptive,True,10.0,40,0,22.143957345971565,0.0,4.5,3.4338386070066917,60.0,40.0,20.0,nan,0.0,0,0,0,40,0.0,1.0,39.0
991,1,right_lane,adaptive,True,10.0,23,1,21.11992581908098,0.5,4.0,2.6975461941938192,34.5,23.0,11.5,nan,0.0,0,0,0,23,0.0,1.0,22.0
992,1,right_lane,adaptive,True,10.0,18,1,21.153238546603454,0.5,9.0,3.3385728150606155,26.75,18.0,8.75,nan,0.0,0,0,0,18,0.0,1.0,17.0
993,1,right_lane,adaptive,True,10.0,40,0,20.393957345971565,0.5,20.5,7.650548681616783,59.5,40.0,19.5,nan,0.0,0,0,0,40,1.0,1.0,38.0
994,1,right_lane,adaptive,True,10.0,20,1,23.28791469143315,1.0,6.0,4.116055763410259,29.75,20.0,9.75,nan,0.0,0,0,0,20,1.0,1.0,18.0
995,1,right_lane,adaptive,True,10.0,40,0,20.768957345971565,4.0,9.0,8.720518372952938,57.75,40.0,17.75,18.0,1.0,0,0,1,39,2.0,4.0,34.0
996,1,right_lane,adaptive,True,10.0,40,0,22.393957345967657,0.0,2.5,2.770343660703361,60.0,40.0,20.0,nan,0.0,0,0,0,40,0.0,1.0,39.0
997,1,right_lane,adaptive,True,10.0,40,0,23.018957345971565,0.0,1.0,3.1767162621054013,60.0,40.0,20.0,nan,0.0,0,0,0,40,0.0,0.0,40.0
998,1,right_lane,adaptive,True,10.0,40,0,21.768957345971565,0.0,2.5,3.514010191985335,60.0,40.0,20.0,nan,0.0,0,0,0,40,0.0,0.0,40.0
999,1,right_lane,adaptive,True,10.0,40,0,21.143957345971565,0.0,3.5,4.178283680230379,60.0,40.0,20.0,nan,0.0,0,0,0,40,0.0,1.0,39.0
