episode_id,policy_freq,profile,method,filter,value,episode_length,collision,mean_speed,total_cost,total_avoided_cost,total_expected_cost,total_reward,total_basic_reward,total_added_reward,mean_iterations_to_converge,convergence_rate,outcome_unchanged_count,outcome_naively_augmented_count,outcome_rcps_augmented_count,outcome_projection_count,lane_0_time,lane_1_time,lane_2_time
0,1,right_lane,adaptive,True,0.0316,40,0,22.768957345971565,0.0,7.5,3.732181645095352,60.0,40.0,20.0,18.0,1.0,0,0,36,4,0.0,0.0,40.0
1,1,right_lane,adaptive,True,0.0316,40,0,21.893957345971565,0.0,7.0,3.204065989144965,60.0,40.0,20.0,18.0,1.0,0,0,38,2,0.0,0.0,40.0
2,1,right_lane,adaptive,True,0.0316,40,0,22.877496354776138,0.0,11.5,4.145192723062337,60.0,40.0,20.0,18.0,1.0,0,0,37,3,0.0,1.0,39.0
3,1,right_lane,adaptive,True,0.0316,40,0,24.393957345971565,0.0,0.5,1.4015463062318076,60.0,40.0,20.0,18.0,1.0,0,0,22,18,0.0,0.0,40.0
4,1,right_lane,adaptive,True,0.0316,40,0,20.518957345971565,0.0,3.5,4.002301372587681,60.0,40.0,20.0,18.0,1.0,0,0,40,0,0.0,0.0,40.0
5,1,right_lane,adaptive,True,0.0316,40,0,22.893629347340514,13.0,6.5,17.107962988152167,53.5,40.0,13.5,18.0,1.0,0,0,37,3,0.0,26.0,14.0
6,1,right_lane,adaptive,True,0.0316,40,0,21.893951547834142,0.0,8.0,3.8001420899536242,60.0,40.0,20.0,18.0,1.0,0,0,38,2,0.0,0.0,40.0
7,1,right_lane,adaptive,True,0.0316,40,0,21.518957345971565,0.0,6.0,4.163922311505303,60.0,40.0,20.0,18.0,1.0,0,0,39,1,0.0,0.0,40.0
8,1,right_lane,adaptive,True,0.0316,40,0,21.268957345971565,18.0,10.0,21.025995645672083,51.0,40.0,11.0,18.0,1.0,0,0,40,0,18.0,2.0,20.0
9,1,right_lane,adaptive,True,0.0316,40,0,21.643957345971565,0.0,5.5,3.969779206869134,60.0,40.0,20.0,18.0,1.0,0,0,36,4,0.0,1.0,39.0
10,1,right_lane,adaptive,True,0.0316,40,0,21.518957345971565,0.0,7.5,4.287295749253758,60.0,40.0,20.0,18.0,1.0,0,0,38,2,0.0,0.0,40.0
11,1,right_lane,adaptive,True,0.0316,12,1,22.14652444317463,0.5,0.5,1.5941296964883804,18.0,12.0,6.0,18.0,1.0,0,0,12,0,0.0,1.0,11.0
12,1,right_lane,adaptive,True,0.0316,40,0,21.247832407624884,0.5,1.0,4.361675606700601,59.5,40.0,19.5,18.0,1.0,0,0,39,1,1.0,1.0,38.0
13,1,right_lane,adaptive,True,0.0316,40,0,22.62749644062177,7.5,4.5,9.287741455867035,56.5,40.0,16.5,18.0,1.0,0,0,23,17,2.0,10.0,28.0
14,1,right_lane,adaptive,True,0.0316,40,0,21.143957345971565,0.0,14.0,4.8217691261965,59.75,40.0,19.75,18.0,1.0,0,0,39,1,0.0,1.0,39.0
15,1,right_lane,adaptive,True,0.0316,40,0,20.518957345971565,1.0,4.5,6.142680689692497,59.5,40.0,19.5,18.0,1.0,0,0,40,0,1.0,2.0,37.0
16,1,right_lane,adaptive,True,0.0316,40,0,20.518957345971565,0.5,3.0,5.3713366612792015,59.75,40.0,19.75,18.0,1.0,0,0,40,0,1.0,1.0,38.0
17,1,right_lane,adaptive,True,0.0316,40,0,20.518957345971565,0.0,2.5,4.425305001437664,60.0,40.0,20.0,18.0,1.0,0,0,40,0,0.0,1.0,39.0
18,1,right_lane,adaptive,True,0.0316,40,0,20.893957345971565,0.0,6.0,4.287890080476245,60.0,40.0,20.0,18.0,1.0,0,0,38,2,0.0,0.0,40.0
19,1,right_lane,adaptive,True,0.0316,40,0,21.893957345971497,0.0,6.0,2.9221971808674425,60.0,40.0,20.0,18.0,1.0,0,0,27,13,0.0,1.0,39.0
20,1,right_lane,adaptive,True,0.0316,40,0,23.018919754888564,8.0,1.0,10.964832257498074,56.0,40.0,16.0,18.0,1.0,0,0,39,1,7.0,4.0,29.0
21,1,right_lane,adaptive,True,0.0316,40,0,20.89391975488909,0.0,2.0,3.332147788256407,60.0,40.0,20.0,18.0,1.0,0,0,40,0,0.0,0.0,40.0
22,1,right_lane,adaptive,True,0.0316,40,0,21.143957345971565,0.0,0.0,3.845197072461815,60.0,40.0,20.0,18.0,1.0,0,0,37,3,0.0,1.0,39.0
23,1,right_lane,adaptive,True,0.0316,40,0,20.268957345971565,0.0,12.5,5.183564014732838,60.0,40.0,20.0,18.0,1.0,0,0,40,0,0.0,0.0,40.0
24,1,right_lane,adaptive,True,0.0316,40,0,24.14150336085361,0.0,6.5,3.203959616762404,60.0,40.0,20.0,18.0,1.0,0,0,34,6,0.0,0.0,40.0
25,1,right_lane,adaptive,True,0.0316,40,0,21.018957345775455,0.5,1.0,2.69088054355052,59.75,40.0,19.75,18.0,1.0,0,0,14,26,1.0,1.0,38.0
26,1,right_lane,adaptive,True,0.0316,40,0,21.893957345971565,0.0,0.0,2.6141057767526945,60.0,40.0,20.0,18.0,1.0,0,0,39,1,0.0,0.0,40.0
27,1,right_lane,adaptive,True,0.0316,40,0,20.768957345971565,0.0,1.0,4.5087025463581085,60.0,40.0,20.0,18.0,1.0,0,0,40,0,0.0,1.0,39.0
28,1,right_lane,adaptive,True,0.0316,26,1,20.798395916879333,0.5,7.0,3.9365799874067307,39.0,26.0,13.0,18.0,1.0,0,0,26,0,0.0,1.0,25.0
29,1,right_lane,adaptive,True,0.0316,40,0,20.268957345971565,0.0,20.0,6.088596627116203,59.75,40.0,19.75,18.0,1.0,0,0,40,0,0.0,0.0,40.0
30,1,right_lane,adaptive,True,0.0316,40,0,23.26895734597104,3.0,9.5,7.711943635047646,58.5,40.0,18.5,18.0,1.0,0,0,39,1,0.0,6.0,34.0
31,1,right_lane,adaptive,True,0.0316,40,0,21.018957345971565,0.0,0.0,3.8961155275255805,60.0,40.0,20.0,18.0,1.0,0,0,38,2,0.0,1.0,39.0
32,1,right_lane,adaptive,True,0.0316,40,0,21.39395724882166,0.0,11.0,4.221689825025351,60.0,40.0,20.0,18.0,1.0,0,0,37,3,0.0,0.0,40.0
33,1,right_lane,adaptive,True,0.0316,40,0,20.643957345971565,0.5,4.5,5.750392034649849,59.75,40.0,19.75,18.0,1.0,0,0,40,0,1.0,1.0,38.0
34,1,right_lane,adaptive,True,0.0316,40,0,21.268957345971565,0.5,5.0,5.1974156983196735,59.75,40.0,19.75,18.0,1.0,0,0,40,0,1.0,1.0,38.0
35,1,right_lane,adaptive,True,0.0316,40,0,22.268957332760262,5.5,15.5,11.155844017863274,57.25,40.0,17.25,18.0,1.0,0,0,40,0,1.0,10.0,29.0
36,1,right_lane,adaptive,True,0.0316,40,0,25.893957245393324,13.0,3.5,15.785303678665286,53.5,40.0,13.5,18.0,1.0,0,0,37,3,9.0,10.0,21.0
37,1,right_lane,adaptive,True,0.0316,40,0,20.393957345971565,0.0,9.5,4.774808019399643,60.0,40.0,20.0,18.0,1.0,0,0,40,0,0.0,1.0,39.0
38,1,right_lane,adaptive,True,0.0316,40,0,22.76895724542639,4.0,11.0,8.624517714689318,58.0,40.0,18.0,18.0,1.0,0,0,38,2,1.0,8.0,31.0
39,1,right_lane,adaptive,True,0.0316,40,0,22.643957344286385,3.0,5.0,7.006799336953918,58.5,40.0,18.5,18.0,1.0,0,0,36,4,0.0,7.0,33.0
40,1,right_lane,adaptive,True,0.0316,40,0,21.393957345971565,0.0,0.5,3.8562044758873526,60.0,40.0,20.0,18.0,1.0,0,0,39,1,0.0,1.0,39.0
41,1,right_lane,adaptive,True,0.0316,40,0,21.1439573329563,0.0,3.5,3.635446810629219,60.0,40.0,20.0,18.0,1.0,0,0,39,1,0.0,1.0,39.0
42,1,right_lane,adaptive,True,0.0316,40,0,20.518957344482878,4.0,16.0,9.501167804002762,58.0,40.0,18.0,18.0,1.0,0,0,40,0,0.0,9.0,31.0
43,1,right_lane,adaptive,True,0.0316,40,0,21.893957345967713,1.5,3.0,4.305908675971978,59.25,40.0,19.25,18.0,1.0,0,0,27,13,0.0,3.0,37.0
44,1,right_lane,adaptive,True,0.0316,40,0,20.393957345971565,0.5,3.5,4.735538877546787,59.75,40.0,19.75,18.0,1.0,0,0,40,0,1.0,1.0,38.0
45,1,right_lane,adaptive,True,0.0316,40,0,21.018957345971565,0.5,2.5,4.494445934891701,59.75,40.0,19.75,18.0,1.0,0,0,40,0,1.0,1.0,38.0
46,1,right_lane,adaptive,True,0.0316,40,0,21.76895174381868,0.0,1.5,3.498251706901783,60.0,40.0,20.0,18.0,1.0,0,0,38,2,0.0,0.0,40.0
47,1,right_lane,adaptive,True,0.0316,40,0,23.393952309860374,13.5,9.5,17.57502130419016,53.25,40.0,13.25,18.0,1.0,0,0,40,0,11.0,7.0,22.0
48,1,right_lane,adaptive,True,0.0316,40,0,21.518957345971565,3.5,9.0,8.29125102609396,58.25,40.0,18.25,18.0,1.0,0,0,40,0,0.0,7.0,33.0
49,1,right_lane,adaptive,True,0.0316,12,1,26.7286176823844,4.0,1.5,5.208001175895333,16.0,12.0,4.0,18.0,1.0,0,0,12,0,2.0,6.0,4.0
50,1,right_lane,adaptive,True,0.0316,40,0,23.518957345971565,3.5,3.5,5.751662180588482,58.25,40.0,18.25,18.0,1.0,0,0,23,17,0.0,8.0,32.0
51,1,right_lane,adaptive,True,0.0316,40,0,20.268957345971565,1.0,1.0,5.418498113751411,59.5,40.0,19.5,18.0,1.0,0,0,40,0,1.0,2.0,37.0
52,1,right_lane,adaptive,True,0.0316,40,0,21.268957345971565,0.5,4.5,4.992221274415442,59.75,40.0,19.75,18.0,1.0,0,0,39,1,1.0,1.0,38.0
53,1,right_lane,adaptive,True,0.0316,40,0,21.231091647145412,0.0,12.5,5.25224740186809,60.0,40.0,20.0,18.0,1.0,0,0,37,3,0.0,0.0,40.0
54,1,right_lane,adaptive,True,0.0316,40,0,22.749963159668766,6.0,17.0,11.936645030975342,57.0,40.0,17.0,18.0,1.0,0,0,40,0,1.0,12.0,27.0
55,1,right_lane,adaptive,True,0.0316,40,0,21.89395733146377,0.5,6.0,4.669781929358805,59.75,40.0,19.75,18.0,1.0,0,0,37,3,1.0,1.0,38.0
56,1,right_lane,adaptive,True,0.0316,40,0,22.268957345971565,0.5,1.5,4.6200595176560455,59.75,40.0,19.75,18.0,1.0,0,0,38,2,1.0,1.0,38.0
57,1,right_lane,adaptive,True,0.0316,40,0,22.247875600860247,5.0,8.0,9.185979496614891,57.5,40.0,17.5,18.0,1.0,0,0,39,1,1.0,10.0,29.0
58,1,right_lane,adaptive,True,0.0316,40,0,21.018957345971565,0.5,11.0,5.313644020234278,59.75,40.0,19.75,18.0,1.0,0,0,39,1,1.0,1.0,38.0
59,1,right_lane,adaptive,True,0.0316,20,1,21.287914691943122,0.5,4.0,2.092397356357651,30.0,20.0,10.0,18.0,1.0,0,0,14,6,0.0,1.0,19.0
60,1,right_lane,adaptive,True,0.0316,40,0,20.268957345971565,0.0,0.5,4.679014854133129,59.75,40.0,19.75,18.0,1.0,0,0,40,0,0.0,0.0,40.0
61,1,right_lane,adaptive,True,0.0316,40,0,24.268957345716647,10.0,1.0,12.485026128376376,55.0,40.0,15.0,18.0,1.0,0,0,38,2,9.0,4.0,27.0
62,1,right_lane,adaptive,True,0.0316,40,0,22.768957345971565,5.5,6.5,10.147387038432498,57.25,40.0,17.25,18.0,1.0,0,0,37,3,2.0,9.0,29.0
63,1,right_lane,adaptive,True,0.0316,40,0,20.393957345971565,0.0,6.5,4.1565491035580635,60.0,40.0,20.0,18.0,1.0,0,0,40,0,0.0,0.0,40.0
64,1,right_lane,adaptive,True,0.0316,40,0,20.999720243734682,2.0,10.5,7.718929082155228,59.0,40.0,19.0,18.0,1.0,0,0,40,0,0.0,5.0,35.0
65,1,right_lane,adaptive,True,0.0316,40,0,21.268957345971565,0.0,2.5,3.123394626381014,60.0,40.0,20.0,18.0,1.0,0,0,39,1,0.0,0.0,40.0
66,1,right_lane,adaptive,True,0.0316,40,0,21.143957345971565,0.5,8.0,3.973770676485401,59.75,40.0,19.75,18.0,1.0,0,0,29,11,1.0,1.0,38.0
67,1,right_lane,adaptive,True,0.0316,40,0,21.518957345971565,0.0,0.5,3.2989637228520223,60.0,40.0,20.0,18.0,1.0,0,0,37,3,0.0,0.0,40.0
68,1,right_lane,adaptive,True,0.0316,20,1,23.787914691934265,0.0,2.5,1.1645645471717216,30.0,20.0,10.0,18.0,1.0,0,0,15,5,0.0,0.0,20.0
69,1,right_lane,adaptive,True,0.0316,40,0,20.8939573329563,0.0,12.0,4.48308726772666,60.0,40.0,20.0,18.0,1.0,0,0,40,0,0.0,1.0,39.0
70,1,right_lane,adaptive,True,0.0316,40,0,21.643957345971554,2.0,4.0,6.133091609925032,59.0,40.0,19.0,18.0,1.0,0,0,40,0,0.0,5.0,35.0
71,1,right_lane,adaptive,True,0.0316,40,0,20.62749644062177,2.0,11.0,7.399636186659336,59.25,40.0,19.25,18.0,1.0,0,0,40,0,1.0,3.0,36.0
72,1,right_lane,adaptive,True,0.0316,40,0,21.393957345971565,0.0,1.0,4.086553013013599,59.75,40.0,19.75,18.0,1.0,0,0,38,2,0.0,1.0,39.0
73,1,right_lane,adaptive,True,0.0316,40,0,20.643957345971565,0.5,2.0,4.236621577292681,59.75,40.0,19.75,18.0,1.0,0,0,40,0,1.0,1.0,38.0
74,1,right_lane,adaptive,True,0.0316,40,0,22.268957345971565,8.5,4.5,12.235964097082615,55.75,40.0,15.75,18.0,1.0,0,0,40,0,7.0,5.0,28.0
75,1,right_lane,adaptive,True,0.0316,40,0,21.51858540506837,0.0,4.0,3.973181019653566,60.0,40.0,20.0,18.0,1.0,0,0,37,3,0.0,1.0,39.0
76,1,right_lane,adaptive,True,0.0316,40,0,20.893957345971494,2.0,14.5,7.997038707137108,59.0,40.0,19.0,18.0,1.0,0,0,40,0,0.0,5.0,35.0
77,1,right_lane,adaptive,True,0.0316,40,0,22.393957333178104,0.5,14.0,5.813367804430527,59.75,40.0,19.75,18.0,1.0,0,0,38,2,1.0,1.0,38.0
78,1,right_lane,adaptive,True,0.0316,40,0,21.643957345971565,0.5,2.0,4.850271345483634,59.75,40.0,19.75,18.0,1.0,0,0,38,2,1.0,1.0,38.0
79,1,right_lane,adaptive,True,0.0316,40,0,21.143957345971565,0.5,2.5,2.2460262019849324,59.75,40.0,19.75,18.0,1.0,0,0,9,31,1.0,1.0,38.0
80,1,right_lane,adaptive,True,0.0316,40,0,21.393957345971565,19.5,17.5,24.71832312643528,50.5,40.0,10.5,18.0,1.0,0,0,40,0,1.0,36.0,3.0
81,1,right_lane,adaptive,True,0.0316,40,0,21.14391975486327,0.5,7.0,5.263968694489449,59.5,40.0,19.5,18.0,1.0,0,0,39,1,1.0,1.0,38.0
82,1,right_lane,adaptive,True,0.0316,40,0,22.643957345971565,0.0,1.0,3.377573902927452,60.0,40.0,20.0,18.0,1.0,0,0,37,3,0.0,1.0,39.0
83,1,right_lane,adaptive,True,0.0316,40,0,23.50032874938229,0.5,3.0,3.9816785756465833,59.75,40.0,19.75,18.0,1.0,0,0,36,4,1.0,1.0,38.0
84,1,right_lane,adaptive,True,0.0316,40,0,20.768957345971565,0.0,5.5,4.529481157660484,60.0,40.0,20.0,18.0,1.0,0,0,40,0,0.0,0.0,40.0
85,1,right_lane,adaptive,True,0.0316,40,0,22.143957345971565,0.0,1.0,3.656599090727468,60.0,40.0,20.0,18.0,1.0,0,0,38,2,0.0,1.0,39.0
86,1,right_lane,adaptive,True,0.0316,40,0,20.768957345971117,2.5,9.5,6.906369369477034,58.75,40.0,18.75,18.0,1.0,0,0,40,0,1.0,5.0,34.0
87,1,right_lane,adaptive,True,0.0316,40,0,20.643957345971565,0.5,11.0,5.782639183104038,59.75,40.0,19.75,18.0,1.0,0,0,40,0,1.0,1.0,38.0
88,1,right_lane,adaptive,True,0.0316,40,0,22.268908365903496,3.0,6.5,7.777557617984712,58.5,40.0,18.5,18.0,1.0,0,0,39,1,0.0,7.0,33.0
89,1,right_lane,adaptive,True,0.0316,40,0,22.500005701017244,0.5,5.0,4.994955113510969,59.75,40.0,19.75,18.0,1.0,0,0,38,2,1.0,1.0,38.0
90,1,right_lane,adaptive,True,0.0316,40,0,21.143957345971565,4.5,6.0,8.436224274337292,58.0,40.0,18.0,18.0,1.0,0,0,40,0,0.0,8.0,32.0
91,1,right_lane,adaptive,True,0.0316,40,0,20.643957345971565,2.0,8.0,6.9462402537465096,58.75,40.0,18.75,18.0,1.0,0,0,40,0,0.0,5.0,35.0
92,1,right_lane,adaptive,True,0.0316,40,0,24.01895733466684,19.0,13.5,22.92162153224251,50.75,40.0,10.75,18.0,1.0,0,0,38,2,4.0,31.0,5.0
93,1,right_lane,adaptive,True,0.0316,40,0,22.643957345971565,2.5,3.0,6.003470088243375,58.5,40.0,18.5,18.0,1.0,0,0,38,2,0.0,6.0,34.0
94,1,right_lane,adaptive,True,0.0316,40,0,21.018957345971565,0.5,3.0,4.853736382938223,59.75,40.0,19.75,18.0,1.0,0,0,38,2,1.0,1.0,38.0
95,1,right_lane,adaptive,True,0.0316,40,0,21.518957345971565,0.0,0.0,3.661680567937765,60.0,40.0,20.0,18.0,1.0,0,0,38,2,0.0,1.0,39.0
96,1,right_lane,adaptive,True,0.0316,40,0,22.518957345971558,0.5,3.0,4.361960548059187,59.75,40.0,19.75,18.0,1.0,0,0,36,4,1.0,1.0,38.0
97,1,right_lane,adaptive,True,0.0316,40,0,20.608867844032495,2.0,10.0,6.865837328135967,59.25,40.0,19.25,18.0,1.0,0,0,40,0,0.0,4.0,36.0
98,1,right_lane,adaptive,True,0.0316,40,0,20.89395239570556,0.5,2.0,4.420043632388115,59.5,40.0,19.5,18.0,1.0,0,0,40,0,1.0,1.0,38.0
99,1,right_lane,adaptive,True,0.0316,40,0,21.018957344231804,2.0,9.0,7.247909337282181,59.0,40.0,19.0,18.0,1.0,0,0,40,0,0.0,5.0,35.0
100,1,right_lane,adaptive,True,0.0316,40,1,21.018957345971565,1.0,14.5,6.794636711478233,59.75,40.0,19.75,18.0,1.0,0,0,40,0,1.0,1.0,38.0
101,1,right_lane,adaptive,True,0.0316,40,0,20.768957345971565,0.5,2.5,5.1387094631791115,59.5,40.0,19.5,18.0,1.0,0,0,40,0,1.0,1.0,38.0
102,1,right_lane,adaptive,True,0.0316,40,0,22.518957345971565,1.5,8.0,5.0199896253780025,59.25,40.0,19.25,18.0,1.0,0,0,36,4,0.0,3.0,37.0
103,1,right_lane,adaptive,True,0.0316,40,0,21.893957345971565,0.0,0.5,3.525860041523856,60.0,40.0,20.0,18.0,1.0,0,0,38,2,0.0,0.0,40.0
104,1,right_lane,adaptive,True,0.0316,10,1,24.57580358367013,9.0,0.5,9.161617875099182,11.0,10.0,1.0,18.0,1.0,0,0,10,0,8.0,2.0,0.0
105,1,right_lane,adaptive,True,0.0316,40,0,20.643957345971565,0.5,3.5,5.254217728972435,59.25,40.0,19.25,18.0,1.0,0,0,40,0,1.0,1.0,38.0
106,1,right_lane,adaptive,True,0.0316,40,0,22.518957345749705,10.5,5.5,13.5460253842175,54.75,40.0,14.75,18.0,1.0,0,0,40,0,11.0,1.0,28.0
107,1,right_lane,adaptive,True,0.0316,40,0,21.393957345971565,0.0,0.5,3.8560559969928363,60.0,40.0,20.0,18.0,1.0,0,0,39,1,0.0,1.0,39.0
108,1,right_lane,adaptive,True,0.0316,40,0,21.62749644062177,0.0,2.5,1.9995429699556553,60.0,40.0,20.0,18.0,1.0,0,0,31,9,0.0,0.0,40.0
109,1,right_lane,adaptive,True,0.0316,40,0,23.518957345941384,1.5,6.0,5.399554812960105,59.25,40.0,19.25,18.0,1.0,0,0,36,4,1.0,3.0,36.0
110,1,right_lane,adaptive,True,0.0316,40,0,22.018957345967134,2.0,7.5,6.4918225929141045,59.0,40.0,19.0,18.0,1.0,0,0,40,0,0.0,4.0,36.0
111,1,right_lane,adaptive,True,0.0316,40,0,21.143957345971565,0.0,2.0,3.3632619783325026,60.0,40.0,20.0,18.0,1.0,0,0,38,2,0.0,1.0,39.0
112,1,right_lane,adaptive,True,0.0316,40,0,21.018957345971565,0.0,3.0,4.403790402620871,60.0,40.0,20.0,18.0,1.0,0,0,38,2,0.0,1.0,39.0
113,1,right_lane,adaptive,True,0.0316,40,0,22.518957345937928,3.0,6.5,7.24560411155835,58.5,40.0,18.5,18.0,1.0,0,0,39,1,1.0,6.0,33.0
114,1,right_lane,adaptive,True,0.0316,40,0,21.018957345971565,3.0,1.5,7.85249600559473,58.5,40.0,18.5,18.0,1.0,0,0,40,0,1.0,6.0,33.0
115,1,right_lane,adaptive,True,0.0316,40,0,21.393957345971565,0.0,10.5,3.960100966232858,60.0,40.0,20.0,18.0,1.0,0,0,38,2,0.0,0.0,40.0
116,1,right_lane,adaptive,True,0.0316,40,0,22.768957345968165,0.0,2.0,3.873791884165257,60.0,40.0,20.0,18.0,1.0,0,0,36,4,0.0,1.0,39.0
117,1,right_lane,adaptive,True,0.0316,40,0,20.643957345971565,0.5,9.5,4.099902812178698,59.75,40.0,19.75,18.0,1.0,0,0,30,10,1.0,1.0,38.0
118,1,right_lane,adaptive,True,0.0316,40,0,21.143957345971565,0.0,14.5,4.738356334804848,60.0,40.0,20.0,18.0,1.0,0,0,38,2,0.0,1.0,39.0
119,1,right_lane,adaptive,True,0.0316,40,0,21.018957345971565,0.0,4.0,3.9274539113521314,60.0,40.0,20.0,18.0,1.0,0,0,38,2,0.0,0.0,40.0
120,1,right_lane,adaptive,True,0.0316,40,0,21.143957345971565,2.0,2.0,5.285066559910774,59.0,40.0,19.0,18.0,1.0,0,0,40,0,0.0,5.0,35.0
121,1,right_lane,adaptive,True,0.0316,40,0,21.768957345971494,0.0,3.0,3.564307821143302,60.0,40.0,20.0,18.0,1.0,0,0,38,2,0.0,0.0,40.0
122,1,right_lane,adaptive,True,0.0316,40,0,20.518957345971565,0.0,0.5,1.314277085836693,60.0,40.0,20.0,18.0,1.0,0,0,17,23,0.0,0.0,40.0
123,1,right_lane,adaptive,True,0.0316,40,0,20.893957345971565,0.0,3.0,4.086887814104557,60.0,40.0,20.0,18.0,1.0,0,0,40,0,0.0,0.0,40.0
124,1,right_lane,adaptive,True,0.0316,40,0,22.60853844447778,6.5,13.0,11.474004975641037,56.75,40.0,16.75,18.0,1.0,0,0,38,2,1.0,13.0,26.0
125,1,right_lane,adaptive,True,0.0316,40,0,22.143957345971554,0.0,1.0,3.5850179937951907,60.0,40.0,20.0,18.0,1.0,0,0,37,3,0.0,1.0,39.0
126,1,right_lane,adaptive,True,0.0316,40,0,20.64395734594575,0.5,16.5,6.048480570316315,59.75,40.0,19.75,18.0,1.0,0,0,40,0,1.0,1.0,38.0
127,1,right_lane,adaptive,True,0.0316,40,0,23.018957260126378,2.0,6.0,6.041685849593023,59.0,40.0,19.0,18.0,1.0,0,0,35,5,1.0,4.0,35.0
128,1,right_lane,adaptive,True,0.0316,40,0,21.393957345971565,0.0,5.0,3.4734640864112407,60.0,40.0,20.0,18.0,1.0,0,0,33,7,0.0,0.0,40.0
129,1,right_lane,adaptive,True,0.0316,40,0,22.893914804623012,0.0,2.5,2.8961043256601897,60.0,40.0,20.0,18.0,1.0,0,0,34,6,0.0,0.0,40.0
130,1,right_lane,adaptive,True,0.0316,40,0,20.268957345971565,0.0,14.5,5.848277270793915,60.0,40.0,20.0,18.0,1.0,0,0,40,0,0.0,0.0,40.0
131,1,right_lane,adaptive,True,0.0316,40,0,21.143957345971565,5.0,9.5,9.694742362946272,57.5,40.0,17.5,18.0,1.0,0,0,40,0,0.0,11.0,29.0
132,1,right_lane,adaptive,True,0.0316,40,0,25.64395734597149,5.5,0.5,7.4343727519462846,57.25,40.0,17.25,18.0,1.0,0,0,34,6,4.0,3.0,33.0
133,1,right_lane,adaptive,True,0.0316,40,0,20.518957345971565,3.5,17.5,9.195559926331043,58.25,40.0,18.25,18.0,1.0,0,0,40,0,0.0,8.0,32.0
134,1,right_lane,adaptive,True,0.0316,40,0,21.018957345971565,2.0,6.0,6.7492700740695,59.0,40.0,19.0,18.0,1.0,0,0,40,0,0.0,5.0,35.0
135,1,right_lane,adaptive,True,0.0316,40,0,22.50032874937786,0.0,3.5,3.4096908964532417,60.0,40.0,20.0,18.0,1.0,0,0,39,1,0.0,0.0,40.0
136,1,right_lane,adaptive,True,0.0316,40,0,22.268957260126317,0.5,11.0,5.056217158296818,59.75,40.0,19.75,18.0,1.0,0,0,36,4,1.0,1.0,38.0
137,1,right_lane,adaptive,True,0.0316,40,0,21.018957345971565,0.0,2.0,3.9850995121905726,60.0,40.0,20.0,18.0,1.0,0,0,38,2,0.0,1.0,39.0
138,1,right_lane,adaptive,True,0.0316,40,0,24.733544795667456,1.5,5.5,4.191498381470865,59.5,40.0,19.5,18.0,1.0,0,0,33,7,0.0,2.0,38.0
139,1,right_lane,adaptive,True,0.0316,40,0,21.518956596934782,1.0,3.5,4.602181366175955,59.5,40.0,19.5,18.0,1.0,0,0,35,5,0.0,2.0,38.0
140,1,right_lane,adaptive,True,0.0316,40,0,22.393957345971565,1.5,0.0,4.801131431003341,59.0,40.0,19.0,18.0,1.0,0,0,37,3,0.0,3.0,37.0
141,1,right_lane,adaptive,True,0.0316,40,0,22.143957345971565,1.5,2.5,5.546214329675422,59.25,40.0,19.25,18.0,1.0,0,0,37,3,0.0,4.0,36.0
142,1,right_lane,adaptive,True,0.0316,40,0,22.018957345971565,7.5,10.5,11.842484269723172,56.5,40.0,16.5,18.0,1.0,0,0,38,2,2.0,10.0,28.0
143,1,right_lane,adaptive,True,0.0316,40,0,21.893957345971117,0.5,1.0,4.266786890984349,59.5,40.0,19.5,18.0,1.0,0,0,39,1,1.0,1.0,38.0
144,1,right_lane,adaptive,True,0.0316,40,0,20.768957345971565,0.5,3.5,4.450220030150376,59.75,40.0,19.75,18.0,1.0,0,0,38,2,1.0,1.0,38.0
145,1,right_lane,adaptive,True,0.0316,40,0,20.518957345971565,0.5,11.0,5.5702125281095505,59.75,40.0,19.75,18.0,1.0,0,0,40,0,1.0,1.0,38.0
146,1,right_lane,adaptive,True,0.0316,40,0,22.893957345971565,6.0,4.5,9.57944071071688,57.0,40.0,17.0,18.0,1.0,0,0,39,1,4.0,4.0,32.0
147,1,right_lane,adaptive,True,0.0316,35,1,22.16452268111036,0.5,3.0,3.5371414783130604,52.5,35.0,17.5,18.0,1.0,0,0,31,4,0.0,1.0,34.0
148,1,right_lane,adaptive,True,0.0316,40,0,21.893957345970982,0.0,7.5,4.222196648828685,59.75,40.0,19.75,18.0,1.0,0,0,38,2,0.0,1.0,39.0
149,1,right_lane,adaptive,True,0.0316,40,0,21.393957345971565,5.5,10.5,10.113023467215953,57.75,40.0,17.75,18.0,1.0,0,0,39,1,1.0,8.0,31.0
150,1,right_lane,adaptive,True,0.0316,40,0,22.143957345971494,0.5,2.5,4.345044900853168,59.25,40.0,19.25,18.0,1.0,0,0,39,1,1.0,1.0,38.0
151,1,right_lane,adaptive,True,0.0316,40,0,20.393957345971565,0.0,13.0,5.295160032808781,60.0,40.0,20.0,18.0,1.0,0,0,40,0,0.0,1.0,39.0
152,1,right_lane,adaptive,True,0.0316,40,0,21.643957345971565,0.5,5.5,4.788828026910778,59.75,40.0,19.75,18.0,1.0,0,0,38,2,1.0,1.0,38.0
153,1,right_lane,adaptive,True,0.0316,40,0,23.143957345971565,3.0,4.0,6.512722537333502,58.5,40.0,18.5,18.0,1.0,0,0,39,1,0.0,6.0,34.0
154,1,right_lane,adaptive,True,0.0316,40,0,23.393951742329993,0.0,5.5,3.637306829989029,60.0,40.0,20.0,18.0,1.0,0,0,35,5,0.0,0.0,40.0
155,1,right_lane,adaptive,True,0.0316,40,0,22.268957345937984,9.0,7.5,13.400100979954004,55.5,40.0,15.5,18.0,1.0,0,0,40,0,5.0,10.0,25.0
156,1,right_lane,adaptive,True,0.0316,40,0,22.00249644062177,0.0,1.0,3.7717168389135622,60.0,40.0,20.0,18.0,1.0,0,0,38,2,0.0,1.0,39.0
157,1,right_lane,adaptive,True,0.0316,16,1,23.484893364290173,0.0,0.0,0.6770643089239456,24.0,16.0,8.0,18.0,1.0,0,0,6,10,0.0,1.0,15.0
158,1,right_lane,adaptive,True,0.0316,40,0,22.268957345971565,0.0,8.0,3.8967884525554837,60.0,40.0,20.0,18.0,1.0,0,0,38,2,0.0,0.0,40.0
159,1,right_lane,adaptive,True,0.0316,40,0,21.393957345749705,0.0,13.5,4.3108253634231914,60.0,40.0,20.0,18.0,1.0,0,0,37,3,0.0,0.0,40.0
160,1,right_lane,adaptive,True,0.0316,40,0,20.268957345971565,0.0,2.5,4.4870889857411385,60.0,40.0,20.0,18.0,1.0,0,0,40,0,0.0,0.0,40.0
161,1,right_lane,adaptive,True,0.0316,40,0,23.643957345971565,0.0,1.0,3.2240930732114066,60.0,40.0,20.0,18.0,1.0,0,0,35,5,0.0,0.0,40.0
162,1,right_lane,adaptive,True,0.0316,40,0,20.393957345971565,0.0,20.5,5.959745794534683,60.0,40.0,20.0,18.0,1.0,0,0,40,0,0.0,1.0,39.0
163,1,right_lane,adaptive,True,0.0316,40,0,23.518957345749698,0.0,6.0,3.295318620141188,60.0,40.0,20.0,18.0,1.0,0,0,34,6,0.0,0.0,40.0
164,1,right_lane,adaptive,True,0.0316,40,0,21.891789654732086,0.0,9.5,4.23306225054489,60.0,40.0,20.0,18.0,1.0,0,0,38,2,0.0,1.0,39.0
165,1,right_lane,adaptive,True,0.0316,40,0,22.643957345971565,0.0,7.0,3.048861462829791,60.0,40.0,20.0,18.0,1.0,0,0,34,6,0.0,0.0,40.0
166,1,right_lane,adaptive,True,0.0316,40,0,20.393957345971565,0.0,13.5,5.257653318345547,60.0,40.0,20.0,18.0,1.0,0,0,40,0,0.0,1.0,39.0
167,1,right_lane,adaptive,True,0.0316,40,0,21.143957345971565,0.0,6.5,4.084932290017605,60.0,40.0,20.0,18.0,1.0,0,0,40,0,0.0,0.0,40.0
168,1,right_lane,adaptive,True,0.0316,40,0,23.393957345971508,0.5,5.0,4.485127178996663,59.75,40.0,19.75,18.0,1.0,0,0,36,4,1.0,1.0,38.0
169,1,right_lane,adaptive,True,0.0316,40,0,20.518957345971565,0.0,2.0,4.1238699071109295,60.0,40.0,20.0,18.0,1.0,0,0,40,0,0.0,1.0,39.0
170,1,right_lane,adaptive,True,0.0316,40,0,20.768957345971565,0.5,1.5,4.378097828477621,59.75,40.0,19.75,18.0,1.0,0,0,40,0,1.0,1.0,38.0
171,1,right_lane,adaptive,True,0.0316,40,0,21.393957345971565,0.0,6.0,4.442788829685924,60.0,40.0,20.0,18.0,1.0,0,0,38,2,0.0,1.0,39.0
172,1,right_lane,adaptive,True,0.0316,40,0,20.768957345971565,0.5,3.0,5.611187405884266,59.75,40.0,19.75,18.0,1.0,0,0,40,0,1.0,1.0,38.0
173,1,right_lane,adaptive,True,0.0316,3,1,25.0,0.5,1.0,1.0453848391771317,4.25,3.0,1.25,18.0,1.0,0,0,3,0,0.0,1.0,2.0
174,1,right_lane,adaptive,True,0.0316,40,0,21.8917890028452,0.5,4.5,4.815020165053284,59.75,40.0,19.75,18.0,1.0,0,0,39,1,1.0,1.0,38.0
175,1,right_lane,adaptive,True,0.0316,40,0,21.268957345971565,0.0,5.0,3.267916754099133,60.0,40.0,20.0,18.0,1.0,0,0,38,2,0.0,0.0,40.0
176,1,right_lane,adaptive,True,0.0316,40,0,21.143957345971565,3.5,11.5,8.80565369874239,58.5,40.0,18.5,18.0,1.0,0,0,40,0,0.0,7.0,33.0
177,1,right_lane,adaptive,True,0.0316,35,1,21.593094109681786,0.5,12.0,5.538379340347092,52.25,35.0,17.25,18.0,1.0,0,0,33,2,0.0,1.0,34.0
178,1,right_lane,adaptive,True,0.0316,40,0,20.858867844032495,3.5,12.0,8.540727317333221,58.25,40.0,18.25,18.0,1.0,0,0,40,0,1.0,6.0,33.0
179,1,right_lane,adaptive,True,0.0316,40,0,21.643957345971565,0.0,10.0,3.9368186471928084,59.75,40.0,19.75,18.0,1.0,0,0,39,1,0.0,1.0,39.0
180,1,right_lane,adaptive,True,0.0316,40,0,21.01895733466685,0.0,13.0,4.295455603074515,60.0,40.0,20.0,18.0,1.0,0,0,39,1,0.0,0.0,40.0
181,1,right_lane,adaptive,True,0.0316,40,0,20.893957345971565,2.5,12.5,8.120722070336342,58.75,40.0,18.75,18.0,1.0,0,0,40,0,0.0,6.0,34.0
182,1,right_lane,adaptive,True,0.0316,40,0,22.768908367588224,5.0,11.0,10.000883060569663,57.5,40.0,17.5,18.0,1.0,0,0,39,1,1.0,10.0,29.0
183,1,right_lane,adaptive,True,0.0316,40,0,22.393957345970982,2.5,14.0,7.830711179522041,58.75,40.0,18.75,18.0,1.0,0,0,38,2,1.0,5.0,34.0
184,1,right_lane,adaptive,True,0.0316,40,0,21.76895734597105,0.0,1.5,3.449143830948742,60.0,40.0,20.0,18.0,1.0,0,0,38,2,0.0,1.0,39.0
185,1,right_lane,adaptive,True,0.0316,40,0,22.143951646668775,0.5,7.0,4.844777239247378,59.75,40.0,19.75,18.0,1.0,0,0,39,1,1.0,1.0,38.0
186,1,right_lane,adaptive,True,0.0316,40,0,24.518957345971565,3.5,6.0,6.864927055908993,58.25,40.0,18.25,18.0,1.0,0,0,35,5,1.0,7.0,32.0
187,1,right_lane,adaptive,True,0.0316,40,0,21.268957345971565,6.5,7.5,10.28341045230627,56.75,40.0,16.75,18.0,1.0,0,0,40,0,7.0,1.0,32.0
188,1,right_lane,adaptive,True,0.0316,40,0,25.268957345971494,4.5,7.0,6.918520954624057,58.25,40.0,18.25,18.0,1.0,0,0,31,9,1.0,5.0,34.0
189,1,right_lane,adaptive,True,0.0316,40,0,21.518957345971565,0.5,3.5,4.914645008742809,59.25,40.0,19.25,18.0,1.0,0,0,40,0,1.0,1.0,38.0
190,1,right_lane,adaptive,True,0.0316,40,0,21.393957345968165,0.5,9.5,5.432239679304985,59.75,40.0,19.75,18.0,1.0,0,0,37,3,1.0,1.0,38.0
191,1,right_lane,adaptive,True,0.0316,40,0,21.393957260126378,2.5,4.5,6.6943355686962605,58.75,40.0,18.75,18.0,1.0,0,0,40,0,2.0,3.0,35.0
192,1,right_lane,adaptive,True,0.0316,40,0,21.768957345971565,0.0,7.5,3.7407661620527506,60.0,40.0,20.0,18.0,1.0,0,0,39,1,0.0,0.0,40.0
193,1,right_lane,adaptive,True,0.0316,40,0,22.018957345971494,4.5,10.0,8.866117579029378,57.75,40.0,17.75,18.0,1.0,0,0,39,1,0.0,9.0,31.0
194,1,right_lane,adaptive,True,0.0316,40,0,20.643957345967717,2.5,4.5,5.977021149679786,58.75,40.0,18.75,18.0,1.0,0,0,29,11,1.0,5.0,34.0
195,1,right_lane,adaptive,True,0.0316,40,0,23.268957345971565,0.5,11.5,4.116906098021445,59.75,40.0,19.75,18.0,1.0,0,0,34,6,0.0,1.0,39.0
196,1,right_lane,adaptive,True,0.0316,26,1,22.91378050964858,2.0,8.5,5.34564658221916,38.25,26.0,12.25,18.0,1.0,0,0,24,2,0.0,4.0,22.0
197,1,right_lane,adaptive,True,0.0316,40,0,21.518957345971565,0.0,13.5,4.131515993763969,59.75,40.0,19.75,18.0,1.0,0,0,37,3,0.0,0.0,40.0
198,1,right_lane,adaptive,True,0.0316,40,0,22.268957345971565,1.5,2.5,5.707019803114235,59.25,40.0,19.25,18.0,1.0,0,0,38,2,0.0,4.0,36.0
199,1,right_lane,adaptive,True,0.0316,40,0,21.018957345971565,2.0,17.0,7.420127853751183,59.0,40.0,19.0,18.0,1.0,0,0,40,0,0.0,4.0,36.0
200,1,right_lane,adaptive,True,0.0316,11,1,23.705296356619712,0.0,1.5,1.0073007923460864,16.5,11.0,5.5,18.0,1.0,0,0,8,3,0.0,1.0,10.0
201,1,right_lane,adaptive,True,0.0316,40,0,22.768957345971565,3.5,11.5,8.585484486073256,58.25,40.0,18.25,18.0,1.0,0,0,38,2,1.0,7.0,32.0
202,1,right_lane,adaptive,True,0.0316,40,0,21.143957345971565,2.0,10.0,6.887691028416157,59.25,40.0,19.25,18.0,1.0,0,0,40,0,0.0,4.0,36.0
203,1,right_lane,adaptive,True,0.0316,40,0,23.143957345971565,5.0,2.0,8.713159136707418,57.25,40.0,17.25,18.0,1.0,0,0,38,2,4.0,3.0,33.0
204,1,right_lane,adaptive,True,0.0316,40,0,22.143957332923243,2.0,6.0,6.783954771410208,59.0,40.0,19.0,18.0,1.0,0,0,39,1,1.0,4.0,35.0
205,1,right_lane,adaptive,True,0.0316,40,0,20.268957345971565,0.0,2.0,4.18266499042511,60.0,40.0,20.0,18.0,1.0,0,0,40,0,0.0,0.0,40.0
206,1,right_lane,adaptive,True,0.0316,40,0,22.127490752623697,0.5,2.5,4.834624897584035,59.75,40.0,19.75,18.0,1.0,0,0,39,1,1.0,1.0,38.0
207,1,right_lane,adaptive,True,0.0316,40,0,23.393957345971565,9.5,2.0,13.263087473809719,55.25,40.0,15.25,18.0,1.0,0,0,40,0,6.0,9.0,25.0
208,1,right_lane,adaptive,True,0.0316,40,0,20.268957345971565,0.0,19.5,5.434525176882744,60.0,40.0,20.0,18.0,1.0,0,0,40,0,0.0,1.0,39.0
209,1,right_lane,adaptive,True,0.0316,40,0,21.125043292099726,0.0,0.0,2.637206044048071,60.0,40.0,20.0,18.0,1.0,0,0,40,0,0.0,0.0,40.0
210,1,right_lane,adaptive,True,0.0316,40,0,21.018957345971565,0.0,1.5,3.2086086980998516,60.0,40.0,20.0,18.0,1.0,0,0,40,0,0.0,0.0,40.0
211,1,right_lane,adaptive,True,0.0316,40,0,21.893957345775526,3.0,8.5,7.813706799384818,58.5,40.0,18.5,18.0,1.0,0,0,37,3,1.0,6.0,33.0
212,1,right_lane,adaptive,True,0.0316,40,0,21.143957345971565,0.0,5.0,3.587154055227984,60.0,40.0,20.0,18.0,1.0,0,0,38,2,0.0,0.0,40.0
213,1,right_lane,adaptive,True,0.0316,40,0,20.893957345971565,0.0,3.5,4.2657875762051845,60.0,40.0,20.0,18.0,1.0,0,0,39,1,0.0,1.0,39.0
214,1,right_lane,adaptive,True,0.0316,40,0,23.250000750722027,0.0,4.5,2.753399336635539,60.0,40.0,20.0,18.0,1.0,0,0,36,4,0.0,0.0,40.0
215,1,right_lane,adaptive,True,0.0316,40,0,21.643957345971565,0.0,1.0,4.042478843212848,60.0,40.0,20.0,18.0,1.0,0,0,37,3,0.0,1.0,39.0
216,1,right_lane,adaptive,True,0.0316,40,0,22.393957345971565,0.0,0.0,0.5783292396063189,60.0,40.0,20.0,18.0,1.0,0,0,14,26,0.0,0.0,40.0
217,1,right_lane,adaptive,True,0.0316,40,0,22.018957345971565,0.0,0.0,1.0295538588579802,60.0,40.0,20.0,18.0,1.0,0,0,15,25,0.0,1.0,39.0
218,1,right_lane,adaptive,True,0.0316,40,0,23.018957345971565,7.0,1.5,10.621594944146636,56.5,40.0,16.5,18.0,1.0,0,0,38,2,6.0,4.0,30.0
219,1,right_lane,adaptive,True,0.0316,40,0,23.518634297606013,2.0,6.0,5.485490630079994,59.0,40.0,19.0,18.0,1.0,0,0,31,9,1.0,4.0,35.0
220,1,right_lane,adaptive,True,0.0316,40,0,20.393957345968165,0.0,7.5,3.8593891374766827,60.0,40.0,20.0,18.0,1.0,0,0,40,0,0.0,1.0,39.0
221,1,right_lane,adaptive,True,0.0316,40,0,20.893957345971565,0.5,6.0,5.211450181901455,59.75,40.0,19.75,18.0,1.0,0,0,40,0,1.0,1.0,38.0
222,1,right_lane,adaptive,True,0.0316,40,0,22.01895155910912,2.0,11.5,6.694278624183426,59.0,40.0,19.0,18.0,1.0,0,0,37,3,0.0,4.0,36.0
223,1,right_lane,adaptive,True,0.0316,40,0,21.018957345971565,4.0,18.5,9.27971139550209,58.0,40.0,18.0,18.0,1.0,0,0,40,0,2.0,5.0,33.0
224,1,right_lane,adaptive,True,0.0316,40,0,21.018957345971565,0.0,12.5,3.580839094996918,60.0,40.0,20.0,18.0,1.0,0,0,32,8,0.0,0.0,40.0
225,1,right_lane,adaptive,True,0.0316,40,0,21.018957345971504,0.5,8.0,5.547093793749809,59.75,40.0,19.75,18.0,1.0,0,0,40,0,1.0,1.0,38.0
226,1,right_lane,adaptive,True,0.0316,40,0,20.393957345971565,0.5,18.5,6.231988660991192,59.75,40.0,19.75,18.0,1.0,0,0,40,0,1.0,1.0,38.0
227,1,right_lane,adaptive,True,0.0316,40,0,22.01895659544609,2.5,3.5,6.356111324660787,58.75,40.0,18.75,18.0,1.0,0,0,39,1,0.0,6.0,34.0
228,1,right_lane,adaptive,True,0.0316,40,0,22.643957345971565,4.0,10.0,9.1570308431983,58.0,40.0,18.0,18.0,1.0,0,0,40,0,1.0,8.0,31.0
229,1,right_lane,adaptive,True,0.0316,40,0,21.893957345971554,6.5,10.0,11.049476776411666,57.0,40.0,17.0,18.0,1.0,0,0,39,1,1.0,12.0,27.0
230,1,right_lane,adaptive,True,0.0316,40,0,20.893957345968165,0.5,6.0,5.050957914441824,59.5,40.0,19.5,18.0,1.0,0,0,40,0,1.0,1.0,38.0
231,1,right_lane,adaptive,True,0.0316,40,0,22.12749644062177,0.0,1.5,3.2657214530772762,60.0,40.0,20.0,18.0,1.0,0,0,39,1,0.0,0.0,40.0
232,1,right_lane,adaptive,True,0.0316,40,0,21.768957345971565,18.0,15.5,23.84693978726864,51.0,40.0,11.0,18.0,1.0,0,0,40,0,5.0,28.0,7.0
233,1,right_lane,adaptive,True,0.0316,40,0,20.768957345971565,0.5,3.0,2.118496352294642,59.75,40.0,19.75,18.0,1.0,0,0,8,32,1.0,1.0,38.0
234,1,right_lane,adaptive,True,0.0316,40,0,20.893951646668775,0.5,3.5,4.718909002840519,59.75,40.0,19.75,18.0,1.0,0,0,40,0,1.0,1.0,38.0
235,1,right_lane,adaptive,True,0.0316,40,0,21.268957344257174,0.5,3.5,4.957147002220154,59.75,40.0,19.75,18.0,1.0,0,0,40,0,1.0,1.0,38.0
236,1,right_lane,adaptive,True,0.0316,40,0,21.643957345971565,0.0,13.5,4.776881140924161,60.0,40.0,20.0,18.0,1.0,0,0,39,1,0.0,1.0,39.0
237,1,right_lane,adaptive,True,0.0316,40,0,23.768957345937984,0.0,2.0,2.9974387268316605,60.0,40.0,20.0,18.0,1.0,0,0,32,8,0.0,0.0,40.0
238,1,right_lane,adaptive,True,0.0316,40,0,21.518951743818675,0.0,2.5,4.109433707798871,60.0,40.0,20.0,18.0,1.0,0,0,38,2,0.0,1.0,39.0
239,1,right_lane,adaptive,True,0.0316,40,0,23.268957345971565,2.0,4.5,6.234801756421803,59.0,40.0,19.0,18.0,1.0,0,0,37,3,1.0,4.0,35.0
240,1,right_lane,adaptive,True,0.0316,40,0,22.518957345971046,3.5,7.5,7.297436950699193,58.25,40.0,18.25,18.0,1.0,0,0,39,1,0.0,7.0,33.0
241,1,right_lane,adaptive,True,0.0316,40,0,20.89395733317816,0.0,11.5,4.534224025905132,60.0,40.0,20.0,18.0,1.0,0,0,40,0,0.0,0.0,40.0
242,1,right_lane,adaptive,True,0.0316,40,0,20.268957345971565,0.0,9.0,4.806490398943424,60.0,40.0,20.0,18.0,1.0,0,0,40,0,0.0,1.0,39.0
243,1,right_lane,adaptive,True,0.0316,40,0,21.393957345971565,17.0,11.5,21.07456550148345,52.0,40.0,12.0,18.0,1.0,0,0,38,2,10.0,14.0,16.0
244,1,right_lane,adaptive,True,0.0316,40,0,23.481414695510452,4.0,7.5,7.468401798815478,58.0,40.0,18.0,18.0,1.0,0,0,32,8,2.0,4.0,34.0
245,1,right_lane,adaptive,True,0.0316,40,0,21.268957345971565,0.0,0.5,2.8648645284119993,59.5,40.0,19.5,18.0,1.0,0,0,39,1,0.0,0.0,40.0
246,1,right_lane,adaptive,True,0.0316,40,0,21.393957345971565,1.5,3.5,5.724872361042799,59.25,40.0,19.25,18.0,1.0,0,0,39,1,0.0,3.0,37.0
247,1,right_lane,adaptive,True,0.0316,40,0,23.268957345971565,6.0,10.0,9.446137062959224,57.0,40.0,17.0,18.0,1.0,0,0,32,8,4.0,5.0,31.0
248,1,right_lane,adaptive,True,0.0316,40,0,22.018957345971565,0.0,5.5,4.041938116866277,60.0,40.0,20.0,18.0,1.0,0,0,38,2,0.0,1.0,39.0
249,1,right_lane,adaptive,True,0.0316,40,0,22.518957345971565,0.0,6.5,3.51525284571926,60.0,40.0,20.0,18.0,1.0,0,0,38,2,0.0,0.0,40.0
250,1,right_lane,adaptive,True,0.0316,40,0,25.14395734425377,0.0,1.0,2.4453201285439263,60.0,40.0,20.0,18.0,1.0,0,0,32,8,0.0,0.0,40.0
251,1,right_lane,adaptive,True,0.0316,40,0,21.768957334666844,0.0,1.0,4.062669751627254,60.0,40.0,20.0,18.0,1.0,0,0,39,1,0.0,1.0,39.0
252,1,right_lane,adaptive,True,0.0316,40,0,20.393957345971565,0.0,4.5,4.850219830870628,60.0,40.0,20.0,18.0,1.0,0,0,40,0,0.0,1.0,39.0
253,1,right_lane,adaptive,True,0.0316,40,0,21.643957345971565,0.0,5.0,4.0757094811522165,60.0,40.0,20.0,18.0,1.0,0,0,38,2,0.0,0.0,40.0
254,1,right_lane,adaptive,True,0.0316,40,0,21.893957345971497,0.0,4.5,3.7446094160363828,60.0,40.0,20.0,18.0,1.0,0,0,37,3,0.0,0.0,40.0
255,1,right_lane,adaptive,True,0.0316,40,0,20.393957345971565,0.0,20.5,5.163618840277195,60.0,40.0,20.0,18.0,1.0,0,0,40,0,0.0,1.0,39.0
256,1,right_lane,adaptive,True,0.0316,40,0,23.12500009886436,2.0,5.5,5.789407569594914,59.0,40.0,19.0,18.0,1.0,0,0,34,6,1.0,4.0,35.0
257,1,right_lane,adaptive,True,0.0316,40,0,21.018957345971565,3.0,8.5,8.028772234916687,58.5,40.0,18.5,18.0,1.0,0,0,40,0,1.0,6.0,33.0
258,1,right_lane,adaptive,True,0.0316,40,0,23.26895100608661,8.5,5.0,11.8826438112078,55.75,40.0,15.75,18.0,1.0,0,0,39,1,8.0,3.0,29.0
259,1,right_lane,adaptive,True,0.0316,40,0,25.018957345971565,14.5,5.5,18.244303569197655,52.75,40.0,12.75,18.0,1.0,0,0,40,0,10.0,10.0,20.0
260,1,right_lane,adaptive,True,0.0316,40,0,21.393957345971565,2.0,6.0,6.194094754755497,59.0,40.0,19.0,18.0,1.0,0,0,40,0,0.0,4.0,36.0
261,1,right_lane,adaptive,True,0.0316,40,0,22.893957345971565,2.0,16.0,7.658556062844582,59.0,40.0,19.0,18.0,1.0,0,0,36,4,0.0,5.0,35.0
262,1,right_lane,adaptive,True,0.0316,40,0,22.51895734596765,0.0,3.5,3.5711385748072644,60.0,40.0,20.0,18.0,1.0,0,0,38,2,0.0,0.0,40.0
263,1,right_lane,adaptive,True,0.0316,40,0,23.393957345967657,2.5,5.5,6.7301935342457,58.75,40.0,18.75,18.0,1.0,0,0,38,2,1.0,5.0,34.0
264,1,right_lane,adaptive,True,0.0316,40,0,22.89395659521981,7.0,10.0,12.153072901670384,56.5,40.0,16.5,18.0,1.0,0,0,37,3,1.0,14.0,25.0
265,1,right_lane,adaptive,True,0.0316,40,0,21.143957345971565,0.0,1.5,4.155587203800678,60.0,40.0,20.0,18.0,1.0,0,0,40,0,0.0,0.0,40.0
266,1,right_lane,adaptive,True,0.0316,40,0,20.750043292099726,1.0,8.0,4.598271198570728,59.75,40.0,19.75,18.0,1.0,0,0,40,0,0.0,1.0,39.0
267,1,right_lane,adaptive,True,0.0316,40,0,22.268957345971494,2.0,11.0,6.578807154179913,58.75,40.0,18.75,18.0,1.0,0,0,36,4,0.0,5.0,35.0
268,1,right_lane,adaptive,True,0.0316,40,0,20.643957345971565,0.0,0.5,2.5538926464287215,60.0,40.0,20.0,18.0,1.0,0,0,32,8,0.0,0.0,40.0
269,1,right_lane,adaptive,True,0.0316,40,0,21.143957345971565,0.0,1.5,3.834146431508998,60.0,40.0,20.0,18.0,1.0,0,0,38,2,0.0,1.0,39.0
270,1,right_lane,adaptive,True,0.0316,40,0,20.893957345971565,0.0,2.5,1.4877956709005957,60.0,40.0,20.0,18.0,1.0,0,0,17,23,0.0,0.0,40.0
271,1,right_lane,adaptive,True,0.0316,40,0,20.768957345971565,5.5,11.5,10.21594332123641,57.5,40.0,17.5,18.0,1.0,0,0,37,3,1.0,10.0,29.0
272,1,right_lane,adaptive,True,0.0316,40,0,21.268950896143306,6.0,10.0,10.228006042540073,56.75,40.0,16.75,18.0,1.0,0,0,40,0,4.0,4.0,32.0
273,1,right_lane,adaptive,True,0.0316,40,0,22.268957345971565,0.0,1.0,3.5150466449322266,60.0,40.0,20.0,18.0,1.0,0,0,38,2,0.0,1.0,39.0
274,1,right_lane,adaptive,True,0.0316,40,0,21.393957345971565,0.0,14.5,4.365160967246538,60.0,40.0,20.0,18.0,1.0,0,0,38,2,0.0,0.0,40.0
275,1,right_lane,adaptive,True,0.0316,40,0,21.75249644062177,0.0,1.5,3.642422368298412,60.0,40.0,20.0,18.0,1.0,0,0,38,2,0.0,0.0,40.0
276,1,right_lane,adaptive,True,0.0316,40,0,23.393957345971565,11.5,0.0,14.15559708327055,54.25,40.0,14.25,18.0,1.0,0,0,40,0,12.0,1.0,27.0
277,1,right_lane,adaptive,True,0.0316,40,0,21.37749644062177,0.5,11.5,5.482326711060523,59.75,40.0,19.75,18.0,1.0,0,0,39,1,1.0,1.0,38.0
278,1,right_lane,adaptive,True,0.0316,40,0,20.393957345971565,6.5,16.0,12.122763946652412,56.75,40.0,16.75,18.0,1.0,0,0,40,0,1.0,12.0,27.0
279,1,right_lane,adaptive,True,0.0316,40,0,22.018957345971565,2.0,9.0,7.07820596064164,59.0,40.0,19.0,18.0,1.0,0,0,37,3,1.0,4.0,35.0
280,1,right_lane,adaptive,True,0.0316,40,0,23.768957345971565,5.0,0.5,7.543055339322564,57.5,40.0,17.5,18.0,1.0,0,0,36,4,3.0,4.0,33.0
281,1,right_lane,adaptive,True,0.0316,40,0,23.768957345971565,0.5,1.0,4.316883289068301,59.75,40.0,19.75,18.0,1.0,0,0,34,6,1.0,1.0,38.0
282,1,right_lane,adaptive,True,0.0316,40,0,22.8936712368016,4.0,3.5,7.411358384740197,58.0,40.0,18.0,18.0,1.0,0,0,36,4,4.0,2.0,34.0
283,1,right_lane,adaptive,True,0.0316,40,0,24.01895659673534,0.0,3.0,3.8974066975116557,60.0,40.0,20.0,18.0,1.0,0,0,35,5,0.0,1.0,39.0
284,1,right_lane,adaptive,True,0.0316,40,0,23.01895724878809,0.5,3.0,4.424351498239503,59.75,40.0,19.75,18.0,1.0,0,0,35,5,1.0,1.0,38.0
285,1,right_lane,adaptive,True,0.0316,40,0,22.01859175625804,0.5,1.5,3.8670714658858287,59.75,40.0,19.75,18.0,1.0,0,0,38,2,1.0,1.0,38.0
286,1,right_lane,adaptive,True,0.0316,40,0,21.768957345971565,0.0,4.0,3.656840891662796,60.0,40.0,20.0,18.0,1.0,0,0,39,1,0.0,0.0,40.0
287,1,right_lane,adaptive,True,0.0316,40,0,22.518957345941836,0.0,3.5,3.144360999282071,60.0,40.0,20.0,18.0,1.0,0,0,27,13,0.0,1.0,39.0
288,1,right_lane,adaptive,True,0.0316,40,0,21.768957260126378,0.0,0.5,2.6255737740184486,60.0,40.0,20.0,18.0,1.0,0,0,37,3,0.0,0.0,40.0
289,1,right_lane,adaptive,True,0.0316,40,0,20.393957345971565,0.5,2.0,5.498127721250057,59.75,40.0,19.75,18.0,1.0,0,0,40,0,1.0,1.0,38.0
290,1,right_lane,adaptive,True,0.0316,40,0,20.768957345971565,0.5,4.0,5.115336500108242,59.75,40.0,19.75,18.0,1.0,0,0,40,0,1.0,1.0,38.0
291,1,right_lane,adaptive,True,0.0316,40,0,22.018957345945747,3.0,9.5,7.308325735411017,58.5,40.0,18.5,18.0,1.0,0,0,37,3,3.0,2.0,35.0
292,1,right_lane,adaptive,True,0.0316,40,0,20.518957345971565,0.0,3.0,4.517185129225254,60.0,40.0,20.0,18.0,1.0,0,0,40,0,0.0,1.0,39.0
293,1,right_lane,adaptive,True,0.0316,40,0,22.768957345971565,1.5,6.0,5.612602246157621,59.25,40.0,19.25,18.0,1.0,0,0,36,4,0.0,3.0,37.0
294,1,right_lane,adaptive,True,0.0316,40,0,21.518957345971565,0.0,8.0,3.970509467766533,60.0,40.0,20.0,18.0,1.0,0,0,30,10,0.0,1.0,39.0
295,1,right_lane,adaptive,True,0.0316,40,0,21.643957345971565,0.0,7.5,3.652678518085395,60.0,40.0,20.0,18.0,1.0,0,0,37,3,0.0,0.0,40.0
296,1,right_lane,adaptive,True,0.0316,40,0,20.393957345971565,0.5,4.5,5.173823982477188,59.75,40.0,19.75,18.0,1.0,0,0,40,0,1.0,1.0,38.0
297,1,right_lane,adaptive,True,0.0316,40,0,22.768957345971565,0.0,9.5,3.6914938427707966,60.0,40.0,20.0,18.0,1.0,0,0,36,4,0.0,0.0,40.0
298,1,right_lane,adaptive,True,0.0316,40,0,20.643957345971565,1.0,2.0,4.651482008397579,59.5,40.0,19.5,18.0,1.0,0,0,40,0,1.0,2.0,37.0
299,1,right_lane,adaptive,True,0.0316,40,0,23.39395649829619,5.0,8.5,9.685247251748478,57.5,40.0,17.5,18.0,1.0,0,0,37,3,3.0,6.0,31.0
300,1,right_lane,adaptive,True,0.0316,19,1,22.145173359939974,1.0,5.0,3.5191415354202036,28.25,19.0,9.25,18.0,1.0,0,0,18,1,1.0,1.0,17.0
301,1,right_lane,adaptive,True,0.0316,40,0,21.518957345971565,0.5,14.0,5.332360731895278,59.5,40.0,19.5,18.0,1.0,0,0,35,5,1.0,1.0,38.0
302,1,right_lane,adaptive,True,0.0316,40,0,22.497552552495204,6.5,14.0,10.70551015025194,57.0,40.0,17.0,18.0,1.0,0,0,39,1,0.0,13.0,27.0
303,1,right_lane,adaptive,True,0.0316,40,0,21.893957345971565,1.5,2.0,4.303799018416612,59.0,40.0,19.0,18.0,1.0,0,0,39,1,0.0,3.0,37.0
304,1,right_lane,adaptive,True,0.0316,40,0,22.268957345971565,0.0,0.0,3.0751189963957586,60.0,40.0,20.0,18.0,1.0,0,0,36,4,0.0,0.0,40.0
305,1,right_lane,adaptive,True,0.0316,40,0,22.768957345971565,1.0,0.5,4.542094901946257,59.5,40.0,19.5,18.0,1.0,0,0,37,3,1.0,2.0,37.0
306,1,right_lane,adaptive,True,0.0316,40,0,22.393957345971565,1.5,8.0,5.36182253442621,59.25,40.0,19.25,18.0,1.0,0,0,38,2,0.0,4.0,36.0
307,1,right_lane,adaptive,True,0.0316,40,0,21.268957345971565,0.5,10.5,5.814338010335632,59.75,40.0,19.75,18.0,1.0,0,0,38,2,1.0,1.0,38.0
308,1,right_lane,adaptive,True,0.0316,40,0,23.26858615410515,2.0,1.0,4.84725832318577,59.0,40.0,19.0,18.0,1.0,0,0,38,2,1.0,4.0,35.0
309,1,right_lane,adaptive,True,0.0316,40,0,22.768957345971565,0.0,1.5,4.0053665142804675,60.0,40.0,20.0,18.0,1.0,0,0,37,3,0.0,1.0,39.0
310,1,right_lane,adaptive,True,0.0316,40,0,21.768957345971565,7.5,14.5,12.661966137314721,56.5,40.0,16.5,18.0,1.0,0,0,39,1,0.0,15.0,25.0
311,1,right_lane,adaptive,True,0.0316,40,0,21.018957345971565,0.0,7.0,4.670009643270987,59.75,40.0,19.75,18.0,1.0,0,0,39,1,0.0,0.0,40.0
312,1,right_lane,adaptive,True,0.0316,40,0,21.393957345971565,5.0,7.5,8.502944731946627,57.75,40.0,17.75,18.0,1.0,0,0,38,2,1.0,9.0,30.0
313,1,right_lane,adaptive,True,0.0316,40,0,22.893957345971565,0.5,9.0,4.6664043068667524,59.5,40.0,19.5,18.0,1.0,0,0,35,5,1.0,1.0,38.0
314,1,right_lane,adaptive,True,0.0316,40,0,20.393957345971565,0.0,7.5,4.724594362080097,60.0,40.0,20.0,18.0,1.0,0,0,40,0,0.0,1.0,39.0
315,1,right_lane,adaptive,True,0.0316,40,0,20.393957345971565,0.0,3.5,4.758441597223282,60.0,40.0,20.0,18.0,1.0,0,0,40,0,0.0,1.0,39.0
316,1,right_lane,adaptive,True,0.0316,40,0,21.768957345971565,0.0,16.5,4.9133449115324765,60.0,40.0,20.0,18.0,1.0,0,0,39,1,0.0,1.0,39.0
317,1,right_lane,adaptive,True,0.0316,40,0,22.018957345971565,2.0,8.5,6.305420185096409,59.0,40.0,19.0,18.0,1.0,0,0,38,2,0.0,5.0,35.0
318,1,right_lane,adaptive,True,0.0316,40,0,20.268957345971565,0.0,1.5,4.719928085803986,60.0,40.0,20.0,18.0,1.0,0,0,40,0,0.0,1.0,39.0
319,1,right_lane,adaptive,True,0.0316,31,1,23.73413851093105,0.0,3.5,1.9047879430702324,46.5,31.0,15.5,18.0,1.0,0,0,17,14,0.0,1.0,30.0
320,1,right_lane,adaptive,True,0.0316,40,0,23.143957345971565,6.5,2.5,10.281285570391901,56.75,40.0,16.75,18.0,1.0,0,0,38,2,1.0,13.0,26.0
321,1,right_lane,adaptive,True,0.0316,29,1,23.129595170063716,2.0,4.5,4.324214189552777,42.75,29.0,13.75,18.0,1.0,0,0,27,2,0.0,3.0,26.0
322,1,right_lane,adaptive,True,0.0316,40,0,21.518957345967582,2.5,11.5,7.954719804227352,58.5,40.0,18.5,18.0,1.0,0,0,40,0,1.0,5.0,34.0
323,1,right_lane,adaptive,True,0.0316,40,0,21.64395734596765,3.0,7.5,7.4812909588217735,58.5,40.0,18.5,18.0,1.0,0,0,40,0,3.0,2.0,35.0
324,1,right_lane,adaptive,True,0.0316,40,0,22.518957344031914,2.5,2.0,6.033895122936883,58.75,40.0,18.75,18.0,1.0,0,0,38,2,1.0,5.0,34.0
325,1,right_lane,adaptive,True,0.0316,40,0,24.018957345971565,2.5,2.0,5.785146555096503,58.75,40.0,18.75,18.0,1.0,0,0,35,5,1.0,5.0,34.0
326,1,right_lane,adaptive,True,0.0316,40,0,21.643957345971565,0.0,15.0,4.694700092419225,60.0,40.0,20.0,18.0,1.0,0,0,38,2,0.0,0.0,40.0
327,1,right_lane,adaptive,True,0.0316,40,0,23.143957345967713,9.5,9.0,13.290500701949895,55.25,40.0,15.25,18.0,1.0,0,0,37,3,5.0,10.0,25.0
328,1,right_lane,adaptive,True,0.0316,40,0,22.393957345971565,6.0,8.0,9.710510409262497,57.0,40.0,17.0,18.0,1.0,0,0,32,8,6.0,2.0,32.0
329,1,right_lane,adaptive,True,0.0316,40,0,21.518957345971117,1.5,1.5,4.716261986643076,59.25,40.0,19.25,18.0,1.0,0,0,40,0,0.0,3.0,37.0
330,1,right_lane,adaptive,True,0.0316,40,0,21.643957345971494,10.0,11.0,15.074741691350937,55.0,40.0,15.0,18.0,1.0,0,0,40,0,8.0,6.0,26.0
331,1,right_lane,adaptive,True,0.0316,40,0,22.643957345971565,8.5,2.0,12.054734490811825,55.75,40.0,15.75,18.0,1.0,0,0,40,0,8.0,3.0,29.0
332,1,right_lane,adaptive,True,0.0316,40,0,20.268957345971565,0.0,17.5,5.179944984614849,60.0,40.0,20.0,18.0,1.0,0,0,40,0,0.0,0.0,40.0
333,1,right_lane,adaptive,True,0.0316,20,1,24.287914691875834,0.5,0.0,2.015038814120544,30.0,20.0,10.0,18.0,1.0,0,0,19,1,0.0,1.0,19.0
334,1,right_lane,adaptive,True,0.0316,40,0,22.643957345971565,0.0,7.0,3.7391215187187754,59.75,40.0,19.75,18.0,1.0,0,0,37,3,0.0,0.0,40.0
335,1,right_lane,adaptive,True,0.0316,40,0,22.518957345971565,6.0,15.5,10.22870597243309,57.0,40.0,17.0,18.0,1.0,0,0,39,1,4.0,6.0,30.0
336,1,right_lane,adaptive,True,0.0316,40,0,21.643957345971565,0.0,1.0,3.7151501129565077,60.0,40.0,20.0,18.0,1.0,0,0,38,2,0.0,0.0,40.0
337,1,right_lane,adaptive,True,0.0316,40,0,22.518957345971565,6.0,3.5,10.031089972841983,57.0,40.0,17.0,18.0,1.0,0,0,37,3,4.0,6.0,30.0
338,1,right_lane,adaptive,True,0.0316,40,0,20.518957345971565,0.0,5.0,4.581789744122943,60.0,40.0,20.0,18.0,1.0,0,0,38,2,0.0,1.0,39.0
339,1,right_lane,adaptive,True,0.0316,40,0,20.393957345971565,0.0,3.5,3.3315935991704464,60.0,40.0,20.0,18.0,1.0,0,0,40,0,0.0,0.0,40.0
340,1,right_lane,adaptive,True,0.0316,40,0,23.018957345971565,0.0,0.5,2.589238993640265,60.0,40.0,20.0,18.0,1.0,0,0,33,7,0.0,0.0,40.0
341,1,right_lane,adaptive,True,0.0316,40,0,20.893957345971565,0.5,16.0,6.325300857424736,59.75,40.0,19.75,18.0,1.0,0,0,40,0,1.0,1.0,38.0
342,1,right_lane,adaptive,True,0.0316,40,0,21.268957345971508,0.5,4.5,5.020901201300148,59.75,40.0,19.75,18.0,1.0,0,0,38,2,1.0,1.0,38.0
343,1,right_lane,adaptive,True,0.0316,40,0,22.018957345971565,0.0,14.5,3.851232140926186,60.0,40.0,20.0,18.0,1.0,0,0,36,4,0.0,0.0,40.0
344,1,right_lane,adaptive,True,0.0316,40,0,20.643957345971565,0.5,1.0,5.179387025535107,59.75,40.0,19.75,18.0,1.0,0,0,40,0,1.0,1.0,38.0
345,1,right_lane,adaptive,True,0.0316,40,0,21.393957345971565,0.5,3.5,4.314065433636642,59.75,40.0,19.75,18.0,1.0,0,0,32,8,1.0,1.0,38.0
346,1,right_lane,adaptive,True,0.0316,40,0,22.893957345971565,9.5,9.0,13.397121585905552,55.25,40.0,15.25,18.0,1.0,0,0,40,0,8.0,5.0,27.0
347,1,right_lane,adaptive,True,0.0316,40,0,22.018957345937928,9.5,10.5,13.567117810249329,55.25,40.0,15.25,18.0,1.0,0,0,40,0,5.0,9.0,26.0
348,1,right_lane,adaptive,True,0.0316,40,0,21.518957345971565,0.0,1.5,3.8696278539209743,60.0,40.0,20.0,18.0,1.0,0,0,38,2,0.0,0.0,40.0
349,1,right_lane,adaptive,True,0.0316,40,0,20.893957345971565,3.0,9.5,8.461673825979233,58.5,40.0,18.5,18.0,1.0,0,0,40,0,1.0,6.0,33.0
350,1,right_lane,adaptive,True,0.0316,40,0,23.018957345971565,0.0,4.0,2.322658863478864,60.0,40.0,20.0,18.0,1.0,0,0,21,19,0.0,1.0,39.0
351,1,right_lane,adaptive,True,0.0316,40,0,21.018957345941832,0.0,2.0,4.024857494980097,60.0,40.0,20.0,18.0,1.0,0,0,40,0,0.0,1.0,39.0
352,1,right_lane,adaptive,True,0.0316,40,0,21.141789654732086,0.5,2.5,4.61955731920898,59.75,40.0,19.75,18.0,1.0,0,0,40,0,1.0,1.0,38.0
353,1,right_lane,adaptive,True,0.0316,40,0,22.143957345971565,0.0,1.5,3.1225707073645026,60.0,40.0,20.0,18.0,1.0,0,0,39,1,0.0,1.0,39.0
354,1,right_lane,adaptive,True,0.0316,40,0,21.643957345971494,0.0,2.0,3.3786100900315432,60.0,40.0,20.0,18.0,1.0,0,0,38,2,0.0,0.0,40.0
355,1,right_lane,adaptive,True,0.0316,40,0,21.6417895688869,0.0,6.5,3.644632881416328,60.0,40.0,20.0,18.0,1.0,0,0,33,7,0.0,1.0,39.0
356,1,right_lane,adaptive,True,0.0316,40,0,21.518919754889087,0.0,7.0,4.111419150491201,60.0,40.0,20.0,18.0,1.0,0,0,37,3,0.0,0.0,40.0
357,1,right_lane,adaptive,True,0.0316,40,0,22.500005701017248,5.0,2.5,8.454441380708886,57.5,40.0,17.5,18.0,1.0,0,0,38,2,0.0,10.0,30.0
358,1,right_lane,adaptive,True,0.0316,40,0,20.766181149084478,0.0,14.5,4.500134498252805,60.0,40.0,20.0,18.0,1.0,0,0,39,1,0.0,0.0,40.0
359,1,right_lane,adaptive,True,0.0316,40,0,20.393957345971565,0.5,10.0,5.981910489499569,59.75,40.0,19.75,18.0,1.0,0,0,40,0,1.0,1.0,38.0
360,1,right_lane,adaptive,True,0.0316,40,0,22.518957345971565,8.5,1.5,10.943228509277105,55.75,40.0,15.75,18.0,1.0,0,0,40,0,7.0,3.0,30.0
361,1,right_lane,adaptive,True,0.0316,40,0,22.143957345971565,0.5,6.5,4.849262198638826,59.75,40.0,19.75,18.0,1.0,0,0,38,2,1.0,1.0,38.0
362,1,right_lane,adaptive,True,0.0316,40,0,20.768957345971565,0.5,4.0,5.45499561727047,59.75,40.0,19.75,18.0,1.0,0,0,40,0,1.0,1.0,38.0
363,1,right_lane,adaptive,True,0.0316,40,0,21.018957345971565,0.5,2.0,5.011293917894363,59.75,40.0,19.75,18.0,1.0,0,0,40,0,1.0,1.0,38.0
364,1,right_lane,adaptive,True,0.0316,40,0,21.643957345971565,22.0,5.5,23.441885468844703,49.5,40.0,9.5,18.0,1.0,0,0,37,3,20.0,4.0,16.0
365,1,right_lane,adaptive,True,0.0316,40,0,25.393951547804928,0.5,1.5,3.5589017903384956,59.25,40.0,19.25,18.0,1.0,0,0,33,7,1.0,1.0,38.0
366,1,right_lane,adaptive,True,0.0316,40,0,23.518957345971565,2.5,1.5,5.063575023077647,58.75,40.0,18.75,18.0,1.0,0,0,27,13,1.0,5.0,34.0
367,1,right_lane,adaptive,True,0.0316,40,0,20.268957345971565,0.0,17.5,5.303548708558083,60.0,40.0,20.0,18.0,1.0,0,0,40,0,0.0,0.0,40.0
368,1,right_lane,adaptive,True,0.0316,40,0,21.643957345971565,0.0,1.5,3.7289030987194565,60.0,40.0,20.0,18.0,1.0,0,0,38,2,0.0,0.0,40.0
369,1,right_lane,adaptive,True,0.0316,40,0,20.893957345971565,0.0,9.0,4.654977166474964,60.0,40.0,20.0,18.0,1.0,0,0,38,2,0.0,1.0,39.0
370,1,right_lane,adaptive,True,0.0316,40,0,21.393957345967134,2.0,9.0,6.711474046111107,59.0,40.0,19.0,18.0,1.0,0,0,40,0,0.0,4.0,36.0
371,1,right_lane,adaptive,True,0.0316,40,0,20.268957345971565,12.0,3.0,14.806199096143246,54.25,40.0,14.25,18.0,1.0,0,0,40,0,0.0,24.0,16.0
372,1,right_lane,adaptive,True,0.0316,40,0,23.018957345971565,6.0,14.5,9.788764044642448,56.75,40.0,16.75,18.0,1.0,0,0,40,0,0.0,12.0,28.0
373,1,right_lane,adaptive,True,0.0316,40,0,24.393957345971565,0.5,4.0,3.126921079880276,59.75,40.0,19.75,18.0,1.0,0,0,30,10,0.0,1.0,39.0
374,1,right_lane,adaptive,True,0.0316,40,0,22.143957345971565,5.5,3.0,9.615454290062189,57.25,40.0,17.25,18.0,1.0,0,0,40,0,3.0,6.0,31.0
375,1,right_lane,adaptive,True,0.0316,40,0,24.518957345967134,7.5,4.0,9.360119344578607,56.25,40.0,16.25,18.0,1.0,0,0,28,12,6.0,3.0,31.0
376,1,right_lane,adaptive,True,0.0316,40,0,24.518957345970982,15.5,9.5,18.918174587071007,52.5,40.0,12.5,18.0,1.0,0,0,34,6,3.0,24.0,13.0
377,1,right_lane,adaptive,True,0.0316,40,0,23.250043292099726,0.5,0.0,3.310330076697028,59.5,40.0,19.5,18.0,1.0,0,0,36,4,0.0,2.0,38.0
378,1,right_lane,adaptive,True,0.0316,40,0,21.643957345971565,0.0,5.0,3.6364120352372993,60.0,40.0,20.0,18.0,1.0,0,0,37,3,0.0,1.0,39.0
379,1,right_lane,adaptive,True,0.0316,40,0,20.643957345971565,0.5,8.5,5.199318820874396,59.75,40.0,19.75,18.0,1.0,0,0,39,1,1.0,1.0,38.0
380,1,right_lane,adaptive,True,0.0316,40,0,23.018950896143302,2.0,2.0,4.982514047629593,59.0,40.0,19.0,18.0,1.0,0,0,37,3,0.0,5.0,35.0
381,1,right_lane,adaptive,True,0.0316,40,0,20.393957345971565,0.0,14.0,4.554958872497082,60.0,40.0,20.0,18.0,1.0,0,0,40,0,0.0,0.0,40.0
382,1,right_lane,adaptive,True,0.0316,40,0,21.893957345971565,3.0,2.0,6.4205500185489655,58.5,40.0,18.5,18.0,1.0,0,0,40,0,1.0,6.0,33.0
383,1,right_lane,adaptive,True,0.0316,40,0,22.268957345971565,0.0,13.5,4.586008361540735,60.0,40.0,20.0,18.0,1.0,0,0,39,1,0.0,1.0,39.0
384,1,right_lane,adaptive,True,0.0316,40,0,21.76613860773599,0.0,0.5,3.4269183464348316,60.0,40.0,20.0,18.0,1.0,0,0,39,1,0.0,0.0,40.0
385,1,right_lane,adaptive,True,0.0316,40,0,22.98104350364404,7.5,2.5,10.10364648940481,56.5,40.0,16.5,18.0,1.0,0,0,30,10,1.0,14.0,25.0
386,1,right_lane,adaptive,True,0.0316,40,0,23.393957345971565,0.0,8.5,4.033958035455726,59.75,40.0,19.75,18.0,1.0,0,0,33,7,0.0,1.0,39.0
387,1,right_lane,adaptive,True,0.0316,40,0,22.018957345971565,0.0,5.5,3.8212508258338858,60.0,40.0,20.0,18.0,1.0,0,0,38,2,0.0,0.0,40.0
388,1,right_lane,adaptive,True,0.0316,40,0,24.39395734597104,12.5,7.0,15.649875350296497,53.75,40.0,13.75,18.0,1.0,0,0,39,1,7.0,11.0,22.0
389,1,right_lane,adaptive,True,0.0316,40,0,23.268957345971565,5.0,12.5,9.367881997526638,57.5,40.0,17.5,18.0,1.0,0,0,36,4,1.0,10.0,29.0
390,1,right_lane,adaptive,True,0.0316,40,0,22.500043292099726,0.0,1.0,3.0380529956273676,60.0,40.0,20.0,18.0,1.0,0,0,36,4,0.0,0.0,40.0
391,1,right_lane,adaptive,True,0.0316,40,0,21.643957345970982,2.0,7.0,6.580159351229668,59.0,40.0,19.0,18.0,1.0,0,0,40,0,0.0,5.0,35.0
392,1,right_lane,adaptive,True,0.0316,40,0,21.143957345971565,4.0,10.5,8.736816190666104,58.0,40.0,18.0,18.0,1.0,0,0,39,1,3.0,4.0,33.0
393,1,right_lane,adaptive,True,0.0316,40,0,23.393957260100116,7.0,7.0,11.105988204479218,56.5,40.0,16.5,18.0,1.0,0,0,40,0,4.0,7.0,29.0
394,1,right_lane,adaptive,True,0.0316,40,0,22.518957345971565,0.0,4.5,3.8723058860459787,60.0,40.0,20.0,18.0,1.0,0,0,36,4,0.0,1.0,39.0
395,1,right_lane,adaptive,True,0.0316,40,0,22.64395733317475,5.5,2.0,8.763255151860449,57.25,40.0,17.25,18.0,1.0,0,0,39,1,4.0,4.0,32.0
396,1,right_lane,adaptive,True,0.0316,40,0,20.643909202470194,3.5,8.5,8.104610823094845,58.25,40.0,18.25,18.0,1.0,0,0,40,0,0.0,7.0,33.0
397,1,right_lane,adaptive,True,0.0316,40,0,22.018957345971558,2.5,5.0,6.461667934085199,58.75,40.0,18.75,18.0,1.0,0,0,36,4,1.0,5.0,34.0
398,1,right_lane,adaptive,True,0.0316,40,0,22.141138607735993,2.0,4.5,4.91519449955922,59.0,40.0,19.0,18.0,1.0,0,0,31,9,1.0,4.0,35.0
399,1,right_lane,adaptive,True,0.0316,40,0,21.391504197445165,0.0,1.5,2.8088691575394478,60.0,40.0,20.0,18.0,1.0,0,0,39,1,0.0,0.0,40.0
400,1,right_lane,adaptive,True,0.0316,40,0,20.268957345971565,0.0,3.0,4.5082003101706505,60.0,40.0,20.0,18.0,1.0,0,0,40,0,0.0,0.0,40.0
401,1,right_lane,adaptive,True,0.0316,40,0,20.75032874938229,0.0,6.0,3.682616028934717,60.0,40.0,20.0,18.0,1.0,0,0,40,0,0.0,0.0,40.0
402,1,right_lane,adaptive,True,0.0316,40,0,24.375328749382287,2.0,2.5,4.628980554323789,59.0,40.0,19.0,18.0,1.0,0,0,34,6,0.0,4.0,36.0
403,1,right_lane,adaptive,True,0.0316,40,0,23.87250926062125,11.0,2.5,14.045688157189034,54.5,40.0,14.5,18.0,1.0,0,0,38,2,9.0,6.0,25.0
404,1,right_lane,adaptive,True,0.0316,40,0,20.643957345971565,0.0,9.0,4.856747053563595,60.0,40.0,20.0,18.0,1.0,0,0,40,0,0.0,1.0,39.0
405,1,right_lane,adaptive,True,0.0316,40,0,20.518957345971565,0.0,8.0,4.629748225212097,60.0,40.0,20.0,18.0,1.0,0,0,40,0,0.0,1.0,39.0
406,1,right_lane,adaptive,True,0.0316,40,0,21.268951657973492,0.5,11.5,5.713343918323517,59.75,40.0,19.75,18.0,1.0,0,0,40,0,1.0,1.0,38.0
407,1,right_lane,adaptive,True,0.0316,40,0,21.518957345971565,0.0,7.5,3.8839896171641612,60.0,40.0,20.0,18.0,1.0,0,0,39,1,0.0,1.0,39.0
408,1,right_lane,adaptive,True,0.0316,6,1,29.040289365197854,5.0,0.5,5.482322156429291,6.75,6.0,0.75,18.0,1.0,0,0,6,0,5.0,1.0,0.0
409,1,right_lane,adaptive,True,0.0316,40,0,21.018956694084615,0.5,3.5,4.698156375437975,59.5,40.0,19.5,18.0,1.0,0,0,40,0,1.0,1.0,38.0
410,1,right_lane,adaptive,True,0.0316,40,0,21.14178965469902,0.0,1.5,4.3158711567521095,60.0,40.0,20.0,18.0,1.0,0,0,40,0,0.0,1.0,39.0
411,1,right_lane,adaptive,True,0.0316,40,0,21.393957345971565,3.0,4.0,6.345114555209875,58.5,40.0,18.5,18.0,1.0,0,0,40,0,0.0,6.0,34.0
412,1,right_lane,adaptive,True,0.0316,40,0,20.768957345971565,0.0,6.5,4.494255848228931,60.0,40.0,20.0,18.0,1.0,0,0,40,0,0.0,0.0,40.0
413,1,right_lane,adaptive,True,0.0316,40,0,20.627496354776582,0.0,13.0,5.006317727267742,60.0,40.0,20.0,18.0,1.0,0,0,40,0,0.0,1.0,39.0
414,1,right_lane,adaptive,True,0.0316,40,0,22.2689573459715,10.5,14.0,15.491658218204975,54.75,40.0,14.75,18.0,1.0,0,0,40,0,7.0,9.0,24.0
415,1,right_lane,adaptive,True,0.0316,40,0,22.643957345971565,2.0,6.0,6.074819956166721,59.0,40.0,19.0,18.0,1.0,0,0,36,4,1.0,4.0,35.0
416,1,right_lane,adaptive,True,0.0316,40,0,20.643957345971565,0.5,0.5,5.076094158284832,59.75,40.0,19.75,18.0,1.0,0,0,39,1,1.0,1.0,38.0
417,1,right_lane,adaptive,True,0.0316,40,0,22.018957345971508,0.5,9.5,4.875998673043341,59.75,40.0,19.75,18.0,1.0,0,0,37,3,1.0,1.0,38.0
418,1,right_lane,adaptive,True,0.0316,40,0,24.122509996417012,12.0,1.5,14.31651682724987,54.0,40.0,14.0,18.0,1.0,0,0,27,13,7.0,12.0,21.0
419,1,right_lane,adaptive,True,0.0316,40,0,21.268957345971565,0.0,0.5,3.4441350558772683,60.0,40.0,20.0,18.0,1.0,0,0,39,1,0.0,1.0,39.0
420,1,right_lane,adaptive,True,0.0316,40,0,24.018956582201213,9.0,4.5,12.235516457971244,55.5,40.0,15.5,18.0,1.0,0,0,38,2,5.0,8.0,27.0
421,1,right_lane,adaptive,True,0.0316,40,0,20.893957345971565,0.0,6.5,2.309462251257173,60.0,40.0,20.0,18.0,1.0,0,0,22,18,0.0,1.0,39.0
422,1,right_lane,adaptive,True,0.0316,40,0,22.018957344286836,0.5,2.0,4.3469961951605,59.75,40.0,19.75,18.0,1.0,0,0,38,2,1.0,1.0,38.0
423,1,right_lane,adaptive,True,0.0316,40,0,22.64395239570556,0.0,2.0,2.8139140322650746,60.0,40.0,20.0,18.0,1.0,0,0,37,3,0.0,1.0,39.0
424,1,right_lane,adaptive,True,0.0316,40,0,20.875328749382287,0.0,4.0,3.5399198457598686,60.0,40.0,20.0,18.0,1.0,0,0,40,0,0.0,0.0,40.0
425,1,right_lane,adaptive,True,0.0316,40,0,20.893957345971565,4.0,16.0,9.06614676117897,58.25,40.0,18.25,18.0,1.0,0,0,40,0,0.0,8.0,32.0
426,1,right_lane,adaptive,True,0.0316,40,0,23.750043292099726,4.0,6.5,6.7195072353542855,58.25,40.0,18.25,18.0,1.0,0,0,35,5,2.0,2.0,36.0
427,1,right_lane,adaptive,True,0.0316,40,0,20.768957345971565,0.0,1.5,3.00506670383038,59.5,40.0,19.5,18.0,1.0,0,0,35,5,0.0,0.0,40.0
428,1,right_lane,adaptive,True,0.0316,40,0,21.143634297606518,0.0,0.5,3.6080058589577675,60.0,40.0,20.0,18.0,1.0,0,0,40,0,0.0,1.0,39.0
429,1,right_lane,adaptive,True,0.0316,40,0,21.643957345971565,2.0,12.5,6.983206053861068,59.0,40.0,19.0,18.0,1.0,0,0,38,2,0.0,5.0,35.0
430,1,right_lane,adaptive,True,0.0316,40,0,23.641461004214086,0.0,0.5,3.054069085039373,60.0,40.0,20.0,18.0,1.0,0,0,37,3,0.0,0.0,40.0
431,1,right_lane,adaptive,True,0.0316,40,0,23.018957345971565,13.0,9.5,17.69316093623638,53.5,40.0,13.5,18.0,1.0,0,0,40,0,8.0,12.0,20.0
432,1,right_lane,adaptive,True,0.0316,40,0,23.874672003082896,4.5,5.5,8.729439947068613,57.75,40.0,17.75,18.0,1.0,0,0,39,1,3.0,5.0,32.0
433,1,right_lane,adaptive,True,0.0316,40,0,21.393957345971565,5.0,2.5,7.934719059616327,57.5,40.0,17.5,18.0,1.0,0,0,40,0,3.0,4.0,33.0
434,1,right_lane,adaptive,True,0.0316,40,0,20.268957345971565,0.0,5.0,4.778715670108795,60.0,40.0,20.0,18.0,1.0,0,0,40,0,0.0,0.0,40.0
435,1,right_lane,adaptive,True,0.0316,40,0,21.143957345971565,0.0,7.5,3.6308152084238827,60.0,40.0,20.0,18.0,1.0,0,0,39,1,0.0,0.0,40.0
436,1,right_lane,adaptive,True,0.0316,40,0,21.393957345971565,1.5,3.0,5.375325869768858,59.25,40.0,19.25,18.0,1.0,0,0,40,0,0.0,4.0,36.0
437,1,right_lane,adaptive,True,0.0316,40,0,21.018957345971565,7.5,0.5,9.845911178333154,56.5,40.0,16.5,18.0,1.0,0,0,26,14,1.0,14.0,25.0
438,1,right_lane,adaptive,True,0.0316,40,0,21.518957345971565,0.5,0.0,4.486343559779925,59.5,40.0,19.5,18.0,1.0,0,0,39,1,1.0,1.0,38.0
439,1,right_lane,adaptive,True,0.0316,40,0,21.108539845401445,9.0,17.5,14.127031356096268,56.0,40.0,16.0,18.0,1.0,0,0,40,0,4.0,9.0,27.0
440,1,right_lane,adaptive,True,0.0316,40,0,21.518957345971565,0.0,12.0,4.565597507394159,59.5,40.0,19.5,18.0,1.0,0,0,38,2,0.0,1.0,39.0
441,1,right_lane,adaptive,True,0.0316,40,0,22.393957345971565,4.0,0.0,7.027613584269602,58.0,40.0,18.0,18.0,1.0,0,0,39,1,0.0,8.0,32.0
442,1,right_lane,adaptive,True,0.0316,40,0,23.62532874938229,3.0,7.5,6.273165272675897,59.0,40.0,19.0,18.0,1.0,0,0,35,5,1.0,2.0,37.0
443,1,right_lane,adaptive,True,0.0316,40,0,22.393957345971565,9.5,13.0,14.356970115579315,54.75,40.0,14.75,18.0,1.0,0,0,37,3,0.0,19.0,21.0
444,1,right_lane,adaptive,True,0.0316,40,0,21.768957345749698,0.0,11.0,3.5642340741469525,60.0,40.0,20.0,18.0,1.0,0,0,33,7,0.0,0.0,40.0
445,1,right_lane,adaptive,True,0.0316,40,0,20.393957345971565,0.5,3.5,5.312482409179211,59.75,40.0,19.75,18.0,1.0,0,0,40,0,1.0,1.0,38.0
446,1,right_lane,adaptive,True,0.0316,40,0,21.893957236028257,2.0,10.0,5.843028948756,59.0,40.0,19.0,18.0,1.0,0,0,37,3,0.0,4.0,36.0
447,1,right_lane,adaptive,True,0.0316,40,0,22.143957345971565,0.0,7.0,3.7939607114508362,60.0,40.0,20.0,18.0,1.0,0,0,37,3,0.0,0.0,40.0
448,1,right_lane,adaptive,True,0.0316,40,0,21.518957345971565,0.0,10.0,4.401993490755558,60.0,40.0,20.0,18.0,1.0,0,0,40,0,0.0,0.0,40.0
449,1,right_lane,adaptive,True,0.0316,40,0,21.643957345971565,0.5,1.5,4.024686622258741,59.75,40.0,19.75,18.0,1.0,0,0,37,3,1.0,1.0,38.0
450,1,right_lane,adaptive,True,0.0316,40,0,23.018957345745726,8.5,6.0,13.04003531485796,55.75,40.0,15.75,18.0,1.0,0,0,40,0,5.0,9.0,26.0
451,1,right_lane,adaptive,True,0.0316,40,0,20.393957345971565,0.0,1.5,4.359543889760971,60.0,40.0,20.0,18.0,1.0,0,0,40,0,0.0,0.0,40.0
452,1,right_lane,adaptive,True,0.0316,40,0,22.143957331271576,4.0,12.5,9.475620854645967,58.0,40.0,18.0,18.0,1.0,0,0,40,0,1.0,8.0,31.0
453,1,right_lane,adaptive,True,0.0316,40,0,22.143957345971565,1.5,1.0,4.511655584775326,59.25,40.0,19.25,18.0,1.0,0,0,33,7,0.0,4.0,36.0
454,1,right_lane,adaptive,True,0.0316,40,0,20.643957345971565,0.0,0.5,2.291254583746195,60.0,40.0,20.0,18.0,1.0,0,0,40,0,0.0,0.0,40.0
455,1,right_lane,adaptive,True,0.0316,40,0,20.393957345971565,2.0,14.5,7.13419222086668,59.0,40.0,19.0,18.0,1.0,0,0,40,0,0.0,4.0,36.0
456,1,right_lane,adaptive,True,0.0316,40,0,21.518957345971565,0.5,4.5,5.060825445011233,59.75,40.0,19.75,18.0,1.0,0,0,39,1,1.0,1.0,38.0
457,1,right_lane,adaptive,True,0.0316,40,0,22.127496440621773,0.0,6.5,4.457013043663437,60.0,40.0,20.0,18.0,1.0,0,0,38,2,0.0,1.0,39.0
458,1,right_lane,adaptive,True,0.0316,40,0,23.268957345971565,0.0,0.5,2.94491654203739,60.0,40.0,20.0,18.0,1.0,0,0,36,4,0.0,0.0,40.0
459,1,right_lane,adaptive,True,0.0316,40,0,21.643957345971565,0.0,14.5,4.159413253611831,60.0,40.0,20.0,18.0,1.0,0,0,38,2,0.0,0.0,40.0
460,1,right_lane,adaptive,True,0.0316,40,0,21.2689573459715,0.0,4.5,3.805433437228203,60.0,40.0,20.0,18.0,1.0,0,0,40,0,0.0,0.0,40.0
461,1,right_lane,adaptive,True,0.0316,40,0,20.768957345971565,0.5,0.5,3.8636399507522583,59.75,40.0,19.75,18.0,1.0,0,0,40,0,1.0,1.0,38.0
462,1,right_lane,adaptive,True,0.0316,40,0,20.393957345971565,0.5,14.5,6.611447840929031,59.75,40.0,19.75,18.0,1.0,0,0,40,0,1.0,1.0,38.0
463,1,right_lane,adaptive,True,0.0316,40,0,21.375043292099726,0.5,1.0,4.031486334518377,59.75,40.0,19.75,18.0,1.0,0,0,37,3,1.0,1.0,38.0
464,1,right_lane,adaptive,True,0.0316,40,0,21.393957345971565,8.0,6.0,12.415178263809139,56.25,40.0,16.25,18.0,1.0,0,0,38,2,0.0,15.0,25.0
465,1,right_lane,adaptive,True,0.0316,40,0,21.393957345971565,7.5,7.5,12.359809473156929,56.0,40.0,16.0,18.0,1.0,0,0,40,0,0.0,16.0,24.0
466,1,right_lane,adaptive,True,0.0316,40,0,24.233539107669312,7.0,4.5,10.349984382234652,56.5,40.0,16.5,18.0,1.0,0,0,36,4,7.0,2.0,31.0
467,1,right_lane,adaptive,True,0.0316,40,0,22.518957345971565,2.0,7.0,6.259571464617238,59.0,40.0,19.0,18.0,1.0,0,0,37,3,0.0,4.0,36.0
468,1,right_lane,adaptive,True,0.0316,40,0,22.76895734596765,1.0,5.0,5.2644558915637845,59.5,40.0,19.5,18.0,1.0,0,0,38,2,1.0,2.0,37.0
469,1,right_lane,adaptive,True,0.0316,40,0,20.518957345971565,0.0,2.0,4.295720249414444,60.0,40.0,20.0,18.0,1.0,0,0,40,0,0.0,1.0,39.0
470,1,right_lane,adaptive,True,0.0316,40,0,21.143957334666844,1.5,7.0,5.661526516079903,59.25,40.0,19.25,18.0,1.0,0,0,40,0,0.0,3.0,37.0
471,1,right_lane,adaptive,True,0.0316,40,0,20.893957345971565,0.0,14.0,4.755355097353458,60.0,40.0,20.0,18.0,1.0,0,0,40,0,0.0,1.0,39.0
472,1,right_lane,adaptive,True,0.0316,40,0,23.268952382716115,0.0,4.5,3.8073621851076496,60.0,40.0,20.0,18.0,1.0,0,0,37,3,0.0,1.0,39.0
473,1,right_lane,adaptive,True,0.0316,40,0,20.393957345971565,2.5,4.0,6.659876622259617,58.75,40.0,18.75,18.0,1.0,0,0,40,0,1.0,5.0,34.0
474,1,right_lane,adaptive,True,0.0316,40,0,22.266461004214154,0.0,1.0,3.8185767331196985,60.0,40.0,20.0,18.0,1.0,0,0,38,2,0.0,1.0,39.0
475,1,right_lane,adaptive,True,0.0316,40,0,22.143956694084682,0.0,5.0,3.3001385234492773,60.0,40.0,20.0,18.0,1.0,0,0,38,2,0.0,0.0,40.0
476,1,right_lane,adaptive,True,0.0316,40,0,21.018957345971565,0.0,3.5,4.2248934581293724,60.0,40.0,20.0,18.0,1.0,0,0,38,2,0.0,1.0,39.0
477,1,right_lane,adaptive,True,0.0316,40,0,20.268957345971565,0.0,14.0,4.917589534074068,60.0,40.0,20.0,18.0,1.0,0,0,40,0,0.0,1.0,39.0
478,1,right_lane,adaptive,True,0.0316,40,0,23.018957345971565,9.0,2.5,12.239551603794098,55.5,40.0,15.5,18.0,1.0,0,0,40,0,9.0,2.0,29.0
479,1,right_lane,adaptive,True,0.0316,40,0,21.39395734426102,0.0,10.5,4.1484149126936245,60.0,40.0,20.0,18.0,1.0,0,0,38,2,0.0,0.0,40.0
480,1,right_lane,adaptive,True,0.0316,40,0,21.643627957721566,0.0,3.0,3.499636810386164,60.0,40.0,20.0,18.0,1.0,0,0,38,2,0.0,1.0,39.0
481,1,right_lane,adaptive,True,0.0316,40,0,20.733867844032495,0.0,18.0,5.1028572206738545,60.0,40.0,20.0,18.0,1.0,0,0,39,1,0.0,0.0,40.0
482,1,right_lane,adaptive,True,0.0316,40,0,20.518957345971565,0.0,7.0,4.723907299339771,60.0,40.0,20.0,18.0,1.0,0,0,40,0,0.0,1.0,39.0
483,1,right_lane,adaptive,True,0.0316,40,0,21.268957345746305,0.0,3.5,3.7464712351070375,60.0,40.0,20.0,18.0,1.0,0,0,36,4,0.0,1.0,39.0
484,1,right_lane,adaptive,True,0.0316,40,0,23.606043503644038,7.0,5.5,10.099874828099928,57.0,40.0,17.0,18.0,1.0,0,0,37,3,3.0,6.0,31.0
485,1,right_lane,adaptive,True,0.0316,40,0,22.01895164498405,0.5,0.0,4.1614273655213765,59.25,40.0,19.25,18.0,1.0,0,0,35,5,1.0,1.0,38.0
486,1,right_lane,adaptive,True,0.0316,40,0,23.768957345971565,9.0,12.0,13.261662393808365,55.5,40.0,15.5,18.0,1.0,0,0,40,0,5.0,10.0,25.0
487,1,right_lane,adaptive,True,0.0316,34,1,20.904655701143017,1.0,3.5,4.733542382717133,50.75,34.0,16.75,18.0,1.0,0,0,34,0,1.0,1.0,32.0
488,1,right_lane,adaptive,True,0.0316,40,0,21.518957345945747,0.5,1.5,4.638926662791846,59.5,40.0,19.5,18.0,1.0,0,0,39,1,1.0,1.0,38.0
489,1,right_lane,adaptive,True,0.0316,40,0,22.018957345971565,0.0,6.5,4.168661975343639,60.0,40.0,20.0,18.0,1.0,0,0,38,2,0.0,0.0,40.0
490,1,right_lane,adaptive,True,0.0316,40,0,21.89362860960845,9.0,12.0,13.63446001149714,55.5,40.0,15.5,18.0,1.0,0,0,40,0,2.0,16.0,22.0
491,1,right_lane,adaptive,True,0.0316,40,0,21.143951743818675,0.0,8.5,3.3811493790199165,60.0,40.0,20.0,18.0,1.0,0,0,30,10,0.0,1.0,39.0
492,1,right_lane,adaptive,True,0.0316,40,0,22.643957345971565,0.0,2.0,3.0553541159059705,60.0,40.0,20.0,18.0,1.0,0,0,33,7,0.0,1.0,39.0
493,1,right_lane,adaptive,True,0.0316,25,1,21.4303317535545,0.5,4.5,2.7352150947881455,37.25,25.0,12.25,18.0,1.0,0,0,13,12,1.0,1.0,23.0
494,1,right_lane,adaptive,True,0.0316,40,0,21.268957345971565,0.0,1.5,3.1320129831292434,60.0,40.0,20.0,18.0,1.0,0,0,33,7,0.0,0.0,40.0
495,1,right_lane,adaptive,True,0.0316,40,0,20.393957345971565,0.5,9.5,5.520199149847031,59.75,40.0,19.75,18.0,1.0,0,0,40,0,1.0,1.0,38.0
496,1,right_lane,adaptive,True,0.0316,40,0,20.89395239550952,1.0,8.5,5.9153146520257,59.5,40.0,19.5,18.0,1.0,0,0,40,0,1.0,2.0,37.0
497,1,right_lane,adaptive,True,0.0316,40,0,21.143957345971565,3.5,6.5,8.66613994538784,58.25,40.0,18.25,18.0,1.0,0,0,40,0,1.0,7.0,32.0
498,1,right_lane,adaptive,True,0.0316,40,0,21.768957345971565,6.5,9.5,11.208453051745892,56.75,40.0,16.75,18.0,1.0,0,0,40,0,6.0,3.0,31.0
499,1,right_lane,adaptive,True,0.0316,40,0,20.518957345971565,0.0,11.0,5.180994585156441,60.0,40.0,20.0,18.0,1.0,0,0,40,0,0.0,1.0,39.0
500,1,right_lane,adaptive,True,0.0316,40,0,21.018957345971565,0.0,8.0,3.991282641887665,60.0,40.0,20.0,18.0,1.0,0,0,40,0,0.0,0.0,40.0
501,1,right_lane,adaptive,True,0.0316,40,0,22.375000013019175,0.5,2.5,4.295495064674469,59.75,40.0,19.75,18.0,1.0,0,0,37,3,1.0,1.0,38.0
502,1,right_lane,adaptive,True,0.0316,40,0,21.893957345971565,0.0,2.0,3.4637143673953688,60.0,40.0,20.0,18.0,1.0,0,0,38,2,0.0,1.0,39.0
503,1,right_lane,adaptive,True,0.0316,40,0,21.26895734597105,0.0,2.0,4.1935447826981544,60.0,40.0,20.0,18.0,1.0,0,0,40,0,0.0,1.0,39.0
504,1,right_lane,adaptive,True,0.0316,40,0,22.018957345971565,17.5,17.0,23.135562548843154,51.5,40.0,11.5,18.0,1.0,0,0,39,1,0.0,35.0,5.0
505,1,right_lane,adaptive,True,0.0316,40,0,22.26891975488909,4.0,12.0,7.837239075452089,57.75,40.0,17.75,18.0,1.0,0,0,40,0,3.0,2.0,35.0
506,1,right_lane,adaptive,True,0.0316,40,0,23.00000075075124,0.0,0.0,2.7662429790379974,60.0,40.0,20.0,18.0,1.0,0,0,34,6,0.0,0.0,40.0
507,1,right_lane,adaptive,True,0.0316,40,0,23.268957345971565,0.0,9.0,4.0260209112300345,60.0,40.0,20.0,18.0,1.0,0,0,35,5,0.0,1.0,39.0
508,1,right_lane,adaptive,True,0.0316,40,0,22.393957345971565,7.5,10.5,11.934879325330257,56.25,40.0,16.25,18.0,1.0,0,0,40,0,6.0,5.0,29.0
509,1,right_lane,adaptive,True,0.0316,40,0,20.393957345971565,0.0,4.5,4.740520350635052,60.0,40.0,20.0,18.0,1.0,0,0,40,0,0.0,1.0,39.0
510,1,right_lane,adaptive,True,0.0316,40,0,22.018957345971565,6.0,10.5,10.803125239908695,57.0,40.0,17.0,18.0,1.0,0,0,40,0,2.0,10.0,28.0
511,1,right_lane,adaptive,True,0.0316,40,0,20.518957345971565,0.0,15.0,5.3550717905163765,60.0,40.0,20.0,18.0,1.0,0,0,40,0,0.0,1.0,39.0
512,1,right_lane,adaptive,True,0.0316,40,0,23.268957345967134,6.0,3.5,8.718994184527105,57.0,40.0,17.0,18.0,1.0,0,0,38,2,5.0,2.0,33.0
513,1,right_lane,adaptive,True,0.0316,40,0,21.39395658223479,0.5,16.5,5.706605235579445,59.75,40.0,19.75,18.0,1.0,0,0,39,1,0.0,2.0,38.0
514,1,right_lane,adaptive,True,0.0316,40,0,21.268957345971565,0.5,1.5,4.764397996759726,59.75,40.0,19.75,18.0,1.0,0,0,38,2,1.0,1.0,38.0
515,1,right_lane,adaptive,True,0.0316,40,0,21.481414695510455,4.0,4.0,7.990456246368922,58.0,40.0,18.0,18.0,1.0,0,0,31,9,0.0,9.0,31.0
516,1,right_lane,adaptive,True,0.0316,40,0,20.393957345971565,0.0,20.5,5.990049973130226,60.0,40.0,20.0,18.0,1.0,0,0,40,0,0.0,1.0,39.0
517,1,right_lane,adaptive,True,0.0316,40,0,23.393957345971565,3.0,8.0,7.33110832253692,58.75,40.0,18.75,18.0,1.0,0,0,37,3,0.0,6.0,34.0
518,1,right_lane,adaptive,True,0.0316,40,0,20.768957345971565,0.0,8.5,4.659129310399294,59.75,40.0,19.75,18.0,1.0,0,0,40,0,0.0,0.0,40.0
519,1,right_lane,adaptive,True,0.0316,40,0,21.268671888689,2.0,8.5,6.407057277858257,59.0,40.0,19.0,18.0,1.0,0,0,39,1,0.0,4.0,36.0
520,1,right_lane,adaptive,True,0.0316,40,0,21.893919004141758,0.0,0.5,2.908926128744497,60.0,40.0,20.0,18.0,1.0,0,0,37,3,0.0,0.0,40.0
521,1,right_lane,adaptive,True,0.0316,40,0,21.018957345971497,1.0,3.0,5.375187865753105,59.5,40.0,19.5,18.0,1.0,0,0,39,1,1.0,2.0,37.0
522,1,right_lane,adaptive,True,0.0316,40,0,21.893957345971494,0.0,2.0,2.225103749397931,60.0,40.0,20.0,18.0,1.0,0,0,27,13,0.0,0.0,40.0
523,1,right_lane,adaptive,True,0.0316,40,0,23.643957345971565,0.0,2.5,3.0393588445303976,60.0,40.0,20.0,18.0,1.0,0,0,36,4,0.0,1.0,39.0
524,1,right_lane,adaptive,True,0.0316,40,0,20.643957345971565,0.0,2.5,3.562822641997627,60.0,40.0,20.0,18.0,1.0,0,0,34,6,0.0,0.0,40.0
525,1,right_lane,adaptive,True,0.0316,40,0,21.393956694084682,0.0,1.0,2.723552813875358,60.0,40.0,20.0,18.0,1.0,0,0,38,2,0.0,0.0,40.0
526,1,right_lane,adaptive,True,0.0316,40,0,21.518957345971565,0.0,7.5,3.7596964655140255,60.0,40.0,20.0,18.0,1.0,0,0,38,2,0.0,0.0,40.0
527,1,right_lane,adaptive,True,0.0316,40,0,21.768957345971565,0.0,0.5,2.7835462040966377,60.0,40.0,20.0,18.0,1.0,0,0,33,7,0.0,0.0,40.0
528,1,right_lane,adaptive,True,0.0316,40,0,21.268957345971565,4.0,15.0,10.079810410737991,58.0,40.0,18.0,18.0,1.0,0,0,40,0,0.0,9.0,31.0
529,1,right_lane,adaptive,True,0.0316,40,0,21.893957345971565,0.0,6.5,4.112014747737703,60.0,40.0,20.0,18.0,1.0,0,0,39,1,0.0,0.0,40.0
530,1,right_lane,adaptive,True,0.0316,40,0,20.76895723602826,0.0,12.5,4.740982070565224,60.0,40.0,20.0,18.0,1.0,0,0,40,0,0.0,1.0,39.0
531,1,right_lane,adaptive,True,0.0316,40,0,22.143956595442237,0.0,7.0,3.630060932920969,60.0,40.0,20.0,18.0,1.0,0,0,37,3,0.0,0.0,40.0
532,1,right_lane,adaptive,True,0.0316,40,0,21.893957331241847,1.5,0.0,4.7113066343936225,59.25,40.0,19.25,18.0,1.0,0,0,38,2,0.0,4.0,36.0
533,1,right_lane,adaptive,True,0.0316,40,0,21.268957345971565,0.5,6.5,4.926876090466976,59.75,40.0,19.75,18.0,1.0,0,0,40,0,1.0,1.0,38.0
534,1,right_lane,adaptive,True,0.0316,40,0,22.268957345971565,0.0,6.0,2.128976143852924,60.0,40.0,20.0,18.0,1.0,0,0,21,19,0.0,0.0,40.0
535,1,right_lane,adaptive,True,0.0316,40,0,21.393957345971565,0.0,1.0,3.36919953225879,60.0,40.0,20.0,18.0,1.0,0,0,37,3,0.0,1.0,39.0
536,1,right_lane,adaptive,True,0.0316,40,0,21.518957345971565,0.0,10.5,4.169544513606525,60.0,40.0,20.0,18.0,1.0,0,0,37,3,0.0,0.0,40.0
537,1,right_lane,adaptive,True,0.0316,40,0,22.393957345967202,0.0,0.0,2.948676840250755,60.0,40.0,20.0,18.0,1.0,0,0,36,4,0.0,0.0,40.0
538,1,right_lane,adaptive,True,0.0316,40,0,22.75249644062177,0.0,4.5,2.8175495924397183,60.0,40.0,20.0,18.0,1.0,0,0,35,5,0.0,0.0,40.0
539,1,right_lane,adaptive,True,0.0316,40,0,22.268957345971565,0.0,5.0,3.8630921385301917,60.0,40.0,20.0,18.0,1.0,0,0,38,2,0.0,0.0,40.0
540,1,right_lane,adaptive,True,0.0316,40,0,22.643957345971565,6.5,12.0,10.743096682162559,56.75,40.0,16.75,18.0,1.0,0,0,38,2,0.0,13.0,27.0
541,1,right_lane,adaptive,True,0.0316,40,0,25.393634297602098,8.0,4.5,10.634495625794102,56.0,40.0,16.0,18.0,1.0,0,0,36,4,5.0,6.0,29.0
542,1,right_lane,adaptive,True,0.0316,40,0,22.893957345971565,5.5,12.0,9.525119509391516,57.25,40.0,17.25,18.0,1.0,0,0,38,2,0.0,11.0,29.0
543,1,right_lane,adaptive,True,0.0316,40,0,22.268957345971565,0.5,5.5,4.765937322401442,59.75,40.0,19.75,18.0,1.0,0,0,37,3,1.0,1.0,38.0
544,1,right_lane,adaptive,True,0.0316,40,0,22.393957345971565,0.0,3.5,3.825388119347622,60.0,40.0,20.0,18.0,1.0,0,0,37,3,0.0,0.0,40.0
545,1,right_lane,adaptive,True,0.0316,40,0,22.643957344482875,0.0,6.0,3.3962882378873473,60.0,40.0,20.0,18.0,1.0,0,0,37,3,0.0,0.0,40.0
546,1,right_lane,adaptive,True,0.0316,40,0,22.231414695510452,2.0,0.0,3.3054857051279214,59.0,40.0,19.0,18.0,1.0,0,0,20,20,0.0,4.0,36.0
547,1,right_lane,adaptive,True,0.0316,40,0,21.643957247332974,0.5,3.5,4.954852004603254,59.75,40.0,19.75,18.0,1.0,0,0,39,1,1.0,1.0,38.0
548,1,right_lane,adaptive,True,0.0316,40,0,21.893957247329126,3.0,8.0,7.447737510963179,58.5,40.0,18.5,18.0,1.0,0,0,38,2,0.0,6.0,34.0
549,1,right_lane,adaptive,True,0.0316,40,0,21.393957345971565,0.5,5.5,4.776007141991613,60.0,40.0,20.0,18.0,1.0,0,0,37,3,0.0,1.0,39.0
550,1,right_lane,adaptive,True,0.0316,40,0,21.143957345971565,0.0,0.0,3.023157128596722,59.75,40.0,19.75,18.0,1.0,0,0,39,1,0.0,1.0,39.0
551,1,right_lane,adaptive,True,0.0316,40,0,21.518957345971565,2.0,14.0,7.271378867328167,59.0,40.0,19.0,18.0,1.0,0,0,40,0,1.0,4.0,35.0
552,1,right_lane,adaptive,True,0.0316,40,0,21.643957345971565,6.5,11.0,11.543264023959637,56.75,40.0,16.75,18.0,1.0,0,0,40,0,4.0,7.0,29.0
553,1,right_lane,adaptive,True,0.0316,40,0,21.393957345971565,2.0,2.0,6.109489267141726,59.0,40.0,19.0,18.0,1.0,0,0,38,2,0.0,4.0,36.0
554,1,right_lane,adaptive,True,0.0316,40,0,21.643957345971565,5.0,2.5,9.105772185142087,57.5,40.0,17.5,18.0,1.0,0,0,37,3,3.0,5.0,32.0
555,1,right_lane,adaptive,True,0.0316,40,0,20.643957345971554,0.0,5.5,4.342023588716984,60.0,40.0,20.0,18.0,1.0,0,0,40,0,0.0,0.0,40.0
556,1,right_lane,adaptive,True,0.0316,40,0,21.893957345971565,3.0,0.0,6.4879805466975995,58.5,40.0,18.5,18.0,1.0,0,0,38,2,0.0,6.0,34.0
557,1,right_lane,adaptive,True,0.0316,40,0,20.893957345971565,0.5,11.5,5.415721096920606,59.75,40.0,19.75,18.0,1.0,0,0,38,2,1.0,1.0,38.0
558,1,right_lane,adaptive,True,0.0316,40,0,25.8939133031206,8.0,5.0,11.10206602442804,56.0,40.0,16.0,18.0,1.0,0,0,33,7,5.0,6.0,29.0
559,1,right_lane,adaptive,True,0.0316,40,0,22.893908453433408,0.0,2.0,3.6333203508734186,60.0,40.0,20.0,18.0,1.0,0,0,38,2,0.0,1.0,39.0
560,1,right_lane,adaptive,True,0.0316,40,0,23.14395734574971,0.0,8.0,3.794660378366757,60.0,40.0,20.0,18.0,1.0,0,0,36,4,0.0,1.0,39.0
561,1,right_lane,adaptive,True,0.0316,40,0,22.018957345971565,17.0,14.5,22.14306803047657,51.75,40.0,11.75,18.0,1.0,0,0,40,0,7.0,21.0,12.0
562,1,right_lane,adaptive,True,0.0316,40,0,21.643957345971565,0.0,6.0,2.9802180097044584,59.75,40.0,19.75,18.0,1.0,0,0,28,12,0.0,1.0,39.0
563,1,right_lane,adaptive,True,0.0316,40,0,20.768957345971565,2.5,5.0,6.274668462574482,58.75,40.0,18.75,18.0,1.0,0,0,40,0,0.0,6.0,34.0
564,1,right_lane,adaptive,True,0.0316,40,0,23.143957345971486,4.0,2.5,7.476510387854887,58.0,40.0,18.0,18.0,1.0,0,0,39,1,1.0,6.0,33.0
565,1,right_lane,adaptive,True,0.0316,40,0,21.893957345971494,0.0,2.0,4.002921243600213,60.0,40.0,20.0,18.0,1.0,0,0,37,3,0.0,1.0,39.0
566,1,right_lane,adaptive,True,0.0316,40,0,21.76895164518009,0.5,2.5,4.808540528640151,59.75,40.0,19.75,18.0,1.0,0,0,40,0,1.0,1.0,38.0
567,1,right_lane,adaptive,True,0.0316,40,0,21.518957345971565,3.0,6.0,6.864841379112022,58.75,40.0,18.75,18.0,1.0,0,0,35,5,0.0,6.0,34.0
568,1,right_lane,adaptive,True,0.0316,40,0,22.143957345971554,4.5,14.5,9.304536363887337,57.5,40.0,17.5,18.0,1.0,0,0,38,2,3.0,4.0,33.0
569,1,right_lane,adaptive,True,0.0316,40,0,20.518957345971565,0.0,12.5,5.70448499917984,60.0,40.0,20.0,18.0,1.0,0,0,40,0,0.0,0.0,40.0
570,1,right_lane,adaptive,True,0.0316,40,0,22.393957345742457,3.5,7.5,7.7133691882686435,58.25,40.0,18.25,18.0,1.0,0,0,38,2,0.0,8.0,32.0
571,1,right_lane,adaptive,True,0.0316,40,0,22.26895239570556,0.5,6.0,4.534629443746326,59.75,40.0,19.75,18.0,1.0,0,0,38,2,1.0,1.0,38.0
572,1,right_lane,adaptive,True,0.0316,40,0,20.393957345971565,0.5,15.0,6.632262051105499,59.75,40.0,19.75,18.0,1.0,0,0,40,0,1.0,1.0,38.0
573,1,right_lane,adaptive,True,0.0316,40,0,23.268957345971565,0.0,0.5,2.705779096995684,60.0,40.0,20.0,18.0,1.0,0,0,35,5,0.0,0.0,40.0
574,1,right_lane,adaptive,True,0.0316,40,0,22.643957345971565,3.0,14.5,8.579206417061869,58.5,40.0,18.5,18.0,1.0,0,0,38,2,0.0,7.0,33.0
575,1,right_lane,adaptive,True,0.0316,40,0,20.518957345971565,9.5,17.5,15.663005217909813,55.5,40.0,15.5,18.0,1.0,0,0,40,0,1.0,18.0,21.0
576,1,right_lane,adaptive,True,0.0316,40,0,22.643957345971565,0.0,2.5,1.5341701159784407,59.75,40.0,19.75,18.0,1.0,0,0,18,22,0.0,0.0,40.0
577,1,right_lane,adaptive,True,0.0316,40,0,23.51895174381527,0.5,2.5,3.8244452761173306,59.75,40.0,19.75,18.0,1.0,0,0,35,5,1.0,1.0,38.0
578,1,right_lane,adaptive,True,0.0316,40,0,20.768957345971565,0.0,5.5,4.326406411826611,60.0,40.0,20.0,18.0,1.0,0,0,40,0,0.0,0.0,40.0
579,1,right_lane,adaptive,True,0.0316,40,0,20.893957345971565,0.0,13.5,4.82716416195035,60.0,40.0,20.0,18.0,1.0,0,0,40,0,0.0,1.0,39.0
580,1,right_lane,adaptive,True,0.0316,40,0,22.643957345971565,0.0,2.0,3.079230155075493,60.0,40.0,20.0,18.0,1.0,0,0,36,4,0.0,0.0,40.0
581,1,right_lane,adaptive,True,0.0316,40,0,20.768957345971565,0.0,4.0,4.127550885081291,60.0,40.0,20.0,18.0,1.0,0,0,40,0,0.0,1.0,39.0
582,1,right_lane,adaptive,True,0.0316,40,0,20.393957345971565,0.5,20.5,6.313900738954544,59.75,40.0,19.75,18.0,1.0,0,0,40,0,1.0,1.0,38.0
583,1,right_lane,adaptive,True,0.0316,40,0,21.518957345971565,0.0,2.0,3.708126829759294,60.0,40.0,20.0,18.0,1.0,0,0,38,2,0.0,0.0,40.0
584,1,right_lane,adaptive,True,0.0316,40,0,20.268957345971565,1.0,10.5,6.153033174574375,59.5,40.0,19.5,18.0,1.0,0,0,40,0,1.0,2.0,37.0
585,1,right_lane,adaptive,True,0.0316,40,0,20.268957345971565,0.0,16.5,5.053527362644672,60.0,40.0,20.0,18.0,1.0,0,0,40,0,0.0,0.0,40.0
586,1,right_lane,adaptive,True,0.0316,40,0,21.643957345971565,0.0,1.0,3.780969339550893,60.0,40.0,20.0,18.0,1.0,0,0,39,1,0.0,1.0,39.0
587,1,right_lane,adaptive,True,0.0316,13,1,26.21215659754951,0.5,1.0,1.1536102093923546,19.5,13.0,6.5,18.0,1.0,0,0,10,3,0.0,0.0,13.0
588,1,right_lane,adaptive,True,0.0316,40,0,23.14391480462308,8.5,7.0,11.895367371020257,55.5,40.0,15.5,18.0,1.0,0,0,34,6,8.0,3.0,29.0
589,1,right_lane,adaptive,True,0.0316,40,0,22.143957345971565,0.5,6.5,5.054729205921376,59.75,40.0,19.75,18.0,1.0,0,0,38,2,1.0,1.0,38.0
590,1,right_lane,adaptive,True,0.0316,40,0,21.518957345971558,0.0,0.5,1.9330359717569081,60.0,40.0,20.0,18.0,1.0,0,0,35,5,0.0,0.0,40.0
591,1,right_lane,adaptive,True,0.0316,40,0,21.518957260126378,0.5,8.0,5.284353507446895,59.75,40.0,19.75,18.0,1.0,0,0,39,1,1.0,1.0,38.0
592,1,right_lane,adaptive,True,0.0316,40,0,23.518956608238923,6.0,4.5,9.233004021557008,57.0,40.0,17.0,18.0,1.0,0,0,37,3,6.0,2.0,32.0
593,1,right_lane,adaptive,True,0.0316,40,0,21.12532874938229,0.0,3.0,3.651389706879854,60.0,40.0,20.0,18.0,1.0,0,0,40,0,0.0,0.0,40.0
594,1,right_lane,adaptive,True,0.0316,40,0,23.39395734425717,10.0,1.5,13.315210737287998,55.0,40.0,15.0,18.0,1.0,0,0,40,0,9.0,4.0,27.0
595,1,right_lane,adaptive,True,0.0316,40,0,22.643957345967713,0.0,2.0,3.4654235557700304,60.0,40.0,20.0,18.0,1.0,0,0,38,2,0.0,0.0,40.0
596,1,right_lane,adaptive,True,0.0316,40,0,21.875043292099726,2.0,8.0,5.866179149857089,59.0,40.0,19.0,18.0,1.0,0,0,38,2,0.0,4.0,36.0
597,1,right_lane,adaptive,True,0.0316,40,0,22.893914804623023,0.0,1.5,3.8781439271906493,60.0,40.0,20.0,18.0,1.0,0,0,36,4,0.0,1.0,39.0
598,1,right_lane,adaptive,True,0.0316,40,0,21.768957345971565,0.0,13.5,4.4660050718302955,60.0,40.0,20.0,18.0,1.0,0,0,37,3,0.0,1.0,39.0
599,1,right_lane,adaptive,True,0.0316,40,0,20.62532874938229,0.5,18.0,6.548763759434223,59.75,40.0,19.75,18.0,1.0,0,0,40,0,1.0,1.0,38.0
600,1,right_lane,adaptive,True,0.0316,40,0,22.268957345971565,6.0,7.0,9.20113829217371,57.25,40.0,17.25,18.0,1.0,0,0,34,6,0.0,11.0,29.0
601,1,right_lane,adaptive,True,0.0316,40,0,20.393957345971565,0.5,4.5,5.274156577885151,59.5,40.0,19.5,18.0,1.0,0,0,40,0,1.0,1.0,38.0
602,1,right_lane,adaptive,True,0.0316,16,1,21.922393364854578,0.0,2.0,1.2001830028693803,24.0,16.0,8.0,18.0,1.0,0,0,12,4,0.0,0.0,16.0
603,1,right_lane,adaptive,True,0.0316,40,0,21.768957345971565,0.0,13.5,4.698275785363876,60.0,40.0,20.0,18.0,1.0,0,0,38,2,0.0,1.0,39.0
604,1,right_lane,adaptive,True,0.0316,40,0,21.51895734597155,2.0,9.0,6.059247620636597,59.0,40.0,19.0,18.0,1.0,0,0,38,2,0.0,4.0,36.0
605,1,right_lane,adaptive,True,0.0316,40,0,22.268957345971565,0.0,1.0,3.1666349309325597,60.0,40.0,20.0,18.0,1.0,0,0,37,3,0.0,1.0,39.0
606,1,right_lane,adaptive,True,0.0316,40,0,22.018957345971565,0.5,2.0,4.126578126106324,59.75,40.0,19.75,18.0,1.0,0,0,37,3,1.0,1.0,38.0
607,1,right_lane,adaptive,True,0.0316,40,0,20.643956694081282,0.0,11.5,5.0508429035544395,60.0,40.0,20.0,18.0,1.0,0,0,40,0,0.0,1.0,39.0
608,1,right_lane,adaptive,True,0.0316,40,0,22.518957345971565,0.5,1.0,4.066404927781605,59.75,40.0,19.75,18.0,1.0,0,0,37,3,1.0,1.0,38.0
609,1,right_lane,adaptive,True,0.0316,40,0,23.39395723434353,7.0,1.0,9.957219333316061,56.5,40.0,16.5,18.0,1.0,0,0,36,4,7.0,2.0,31.0
610,1,right_lane,adaptive,True,0.0316,40,0,23.018957345971565,0.0,2.0,3.003471383054375,60.0,40.0,20.0,18.0,1.0,0,0,36,4,0.0,0.0,40.0
611,1,right_lane,adaptive,True,0.0316,21,1,21.464680658993444,0.5,2.5,2.7525979578495026,31.5,21.0,10.5,18.0,1.0,0,0,21,0,0.0,1.0,20.0
612,1,right_lane,adaptive,True,0.0316,40,0,20.518957345971565,2.0,8.5,7.241996333003044,58.75,40.0,18.75,18.0,1.0,0,0,40,0,1.0,4.0,35.0
613,1,right_lane,adaptive,True,0.0316,40,0,20.64395239570556,2.0,12.5,6.998350717127323,59.0,40.0,19.0,18.0,1.0,0,0,40,0,1.0,4.0,35.0
614,1,right_lane,adaptive,True,0.0316,40,0,21.518957345971565,2.5,10.0,7.513633266091347,58.75,40.0,18.75,18.0,1.0,0,0,40,0,1.0,5.0,34.0
615,1,right_lane,adaptive,True,0.0316,40,0,23.143957345971565,4.0,2.0,7.708675857374146,58.25,40.0,18.25,18.0,1.0,0,0,37,3,2.0,5.0,33.0
616,1,right_lane,adaptive,True,0.0316,40,0,22.768957345971565,8.0,5.5,10.858038802263764,55.75,40.0,15.75,18.0,1.0,0,0,34,6,6.0,4.0,30.0
617,1,right_lane,adaptive,True,0.0316,40,0,20.768957345971565,0.0,0.5,4.290030017495155,60.0,40.0,20.0,18.0,1.0,0,0,40,0,0.0,1.0,39.0
618,1,right_lane,adaptive,True,0.0316,40,0,21.143957345971565,0.0,9.5,3.8729025040033775,60.0,40.0,20.0,18.0,1.0,0,0,38,2,0.0,0.0,40.0
619,1,right_lane,adaptive,True,0.0316,40,0,20.643957345971565,2.5,18.0,7.711555004119873,58.75,40.0,18.75,18.0,1.0,0,0,40,0,1.0,5.0,34.0
620,1,right_lane,adaptive,True,0.0316,40,0,21.393957345971565,0.5,16.5,5.41322421122095,59.75,40.0,19.75,18.0,1.0,0,0,38,2,1.0,1.0,38.0
621,1,right_lane,adaptive,True,0.0316,40,0,22.018957345971565,7.0,6.5,11.058848768472672,56.5,40.0,16.5,18.0,1.0,0,0,40,0,4.0,6.0,30.0
622,1,right_lane,adaptive,True,0.0316,40,0,22.643956608239495,0.0,4.5,3.536009521913911,60.0,40.0,20.0,18.0,1.0,0,0,36,4,0.0,0.0,40.0
623,1,right_lane,adaptive,True,0.0316,40,0,20.643957345971565,4.5,3.5,8.157530365511775,58.0,40.0,18.0,18.0,1.0,0,0,39,1,0.0,8.0,32.0
624,1,right_lane,adaptive,True,0.0316,40,0,22.127490089432097,0.0,2.0,3.04329952786793,59.75,40.0,19.75,18.0,1.0,0,0,37,3,0.0,1.0,39.0
625,1,right_lane,adaptive,True,0.0316,40,0,21.268957345971565,0.0,6.0,4.5266741754018085,60.0,40.0,20.0,18.0,1.0,0,0,38,2,0.0,1.0,39.0
626,1,right_lane,adaptive,True,0.0316,40,0,20.393957345971565,0.5,9.0,5.6509061977267265,59.75,40.0,19.75,18.0,1.0,0,0,40,0,1.0,1.0,38.0
627,1,right_lane,adaptive,True,0.0316,40,0,21.018957345971565,3.5,2.0,6.597553383558989,58.25,40.0,18.25,18.0,1.0,0,0,40,0,0.0,7.0,33.0
628,1,right_lane,adaptive,True,0.0316,40,0,23.768957345971565,2.0,10.0,6.311554033435641,59.0,40.0,19.0,18.0,1.0,0,0,38,2,1.0,3.0,36.0
629,1,right_lane,adaptive,True,0.0316,40,0,23.122875600860247,0.0,6.0,3.9514064820878048,60.0,40.0,20.0,18.0,1.0,0,0,36,4,0.0,1.0,39.0
630,1,right_lane,adaptive,True,0.0316,40,0,23.143957345971494,9.0,6.5,12.371306545546759,55.5,40.0,15.5,18.0,1.0,0,0,34,6,4.0,11.0,25.0
631,1,right_lane,adaptive,True,0.0316,40,0,22.143957345971565,0.0,4.5,3.6862513618282264,60.0,40.0,20.0,18.0,1.0,0,0,37,3,0.0,0.0,40.0
632,1,right_lane,adaptive,True,0.0316,40,0,21.518957345971565,0.5,2.0,4.788204380166917,59.75,40.0,19.75,18.0,1.0,0,0,39,1,1.0,1.0,38.0
633,1,right_lane,adaptive,True,0.0316,40,0,22.143957345967657,6.5,8.5,10.339471552658324,56.75,40.0,16.75,18.0,1.0,0,0,31,9,0.0,13.0,27.0
634,1,right_lane,adaptive,True,0.0316,40,0,22.50032313249975,0.5,5.5,4.869789122240036,59.75,40.0,19.75,18.0,1.0,0,0,38,2,1.0,1.0,38.0
635,1,right_lane,adaptive,True,0.0316,40,0,21.393957345971565,0.5,8.0,4.855505334888221,59.75,40.0,19.75,18.0,1.0,0,0,32,8,0.0,2.0,38.0
636,1,right_lane,adaptive,True,0.0316,40,0,22.518957345971565,0.0,1.0,3.2336696120910347,60.0,40.0,20.0,18.0,1.0,0,0,39,1,0.0,0.0,40.0
637,1,right_lane,adaptive,True,0.0316,40,0,20.643957345971565,3.0,15.0,8.0091238245368,58.5,40.0,18.5,18.0,1.0,0,0,40,0,0.0,7.0,33.0
638,1,right_lane,adaptive,True,0.0316,40,0,20.893957345971565,0.0,5.0,4.067670100993382,60.0,40.0,20.0,18.0,1.0,0,0,38,2,0.0,0.0,40.0
639,1,right_lane,adaptive,True,0.0316,40,0,22.018957345971565,0.0,5.0,4.127578176935913,60.0,40.0,20.0,18.0,1.0,0,0,37,3,0.0,0.0,40.0
640,1,right_lane,adaptive,True,0.0316,40,0,21.643957345971554,2.0,6.5,6.16674094447626,59.0,40.0,19.0,18.0,1.0,0,0,34,6,1.0,4.0,35.0
641,1,right_lane,adaptive,True,0.0316,40,0,22.518957345971565,0.0,0.0,2.1396797364257054,60.0,40.0,20.0,18.0,1.0,0,0,34,6,0.0,0.0,40.0
642,1,right_lane,adaptive,True,0.0316,40,0,22.518957345971565,0.0,1.5,3.851315632671117,60.0,40.0,20.0,18.0,1.0,0,0,37,3,0.0,1.0,39.0
643,1,right_lane,adaptive,True,0.0316,40,0,20.643957345971565,0.0,6.5,3.939795548965776,60.0,40.0,20.0,18.0,1.0,0,0,30,10,0.0,1.0,39.0
644,1,right_lane,adaptive,True,0.0316,40,0,21.893957345971565,2.5,2.5,5.45599720233804,58.75,40.0,18.75,18.0,1.0,0,0,37,3,0.0,5.0,35.0
645,1,right_lane,adaptive,True,0.0316,40,0,21.268629347340514,0.0,0.0,3.3329680811148137,60.0,40.0,20.0,18.0,1.0,0,0,38,2,0.0,1.0,39.0
646,1,right_lane,adaptive,True,0.0316,40,0,22.393957345971565,3.5,2.5,7.796159610152245,58.25,40.0,18.25,18.0,1.0,0,0,40,0,1.0,7.0,32.0
647,1,right_lane,adaptive,True,0.0316,40,0,22.893957345749705,0.5,2.5,3.8515354847795606,59.75,40.0,19.75,18.0,1.0,0,0,36,4,0.0,1.0,39.0
648,1,right_lane,adaptive,True,0.0316,40,0,21.768957345971497,11.0,6.5,14.906760856509209,54.5,40.0,14.5,18.0,1.0,0,0,40,0,6.0,10.0,24.0
649,1,right_lane,adaptive,True,0.0316,33,1,23.507827086026136,0.0,3.5,1.5505875346755147,49.5,33.0,16.5,18.0,1.0,0,0,19,14,0.0,0.0,33.0
650,1,right_lane,adaptive,True,0.0316,40,0,21.518957345971565,0.0,2.5,3.5813116464178165,60.0,40.0,20.0,18.0,1.0,0,0,39,1,0.0,1.0,39.0
651,1,right_lane,adaptive,True,0.0316,40,0,20.518957345971565,0.5,18.5,7.008952587842941,59.75,40.0,19.75,18.0,1.0,0,0,39,1,1.0,1.0,38.0
652,1,right_lane,adaptive,True,0.0316,40,0,21.393957345971565,0.0,15.5,4.263126495628967,60.0,40.0,20.0,18.0,1.0,0,0,37,3,0.0,0.0,40.0
653,1,right_lane,adaptive,True,0.0316,40,0,22.393957345937917,9.0,7.5,13.499008495360613,55.5,40.0,15.5,18.0,1.0,0,0,40,0,4.0,11.0,25.0
654,1,right_lane,adaptive,True,0.0316,40,0,21.50249644062177,0.0,5.0,3.9281320698501077,60.0,40.0,20.0,18.0,1.0,0,0,38,2,0.0,1.0,39.0
655,1,right_lane,adaptive,True,0.0316,40,0,21.143957345971565,4.0,5.0,7.717606648802757,58.25,40.0,18.25,18.0,1.0,0,0,40,0,0.0,8.0,32.0
656,1,right_lane,adaptive,True,0.0316,40,0,21.393957345971565,0.0,8.0,4.68260122492984,59.75,40.0,19.75,18.0,1.0,0,0,38,2,0.0,1.0,39.0
657,1,right_lane,adaptive,True,0.0316,40,0,20.518957345775522,0.0,7.5,4.620119586586952,60.0,40.0,20.0,18.0,1.0,0,0,40,0,0.0,1.0,39.0
658,1,right_lane,adaptive,True,0.0316,40,0,21.268957345971565,3.5,13.0,8.967145077884197,58.25,40.0,18.25,18.0,1.0,0,0,40,0,1.0,7.0,32.0
659,1,right_lane,adaptive,True,0.0316,40,0,20.518957345971565,0.5,1.0,4.834893252700567,59.75,40.0,19.75,18.0,1.0,0,0,40,0,1.0,1.0,38.0
660,1,right_lane,adaptive,True,0.0316,40,0,20.393957345971565,0.0,10.5,5.565458983182907,60.0,40.0,20.0,18.0,1.0,0,0,40,0,0.0,1.0,39.0
661,1,right_lane,adaptive,True,0.0316,40,0,23.018957345971565,0.0,0.5,2.734500519438825,60.0,40.0,20.0,18.0,1.0,0,0,34,6,0.0,1.0,39.0
662,1,right_lane,adaptive,True,0.0316,40,0,20.64395733317816,0.0,4.5,4.612530037760735,60.0,40.0,20.0,18.0,1.0,0,0,40,0,0.0,1.0,39.0
663,1,right_lane,adaptive,True,0.0316,40,0,22.393957345971565,0.0,7.0,2.68899561962553,60.0,40.0,20.0,18.0,1.0,0,0,25,15,0.0,0.0,40.0
664,1,right_lane,adaptive,True,0.0316,40,0,22.018957345971565,0.0,0.0,2.4813162068518295,60.0,40.0,20.0,18.0,1.0,0,0,37,3,0.0,0.0,40.0
665,1,right_lane,adaptive,True,0.0316,40,0,21.768957345971565,0.0,5.0,4.288759848342579,60.0,40.0,20.0,18.0,1.0,0,0,38,2,0.0,0.0,40.0
666,1,right_lane,adaptive,True,0.0316,40,0,22.143957345971565,3.0,1.0,6.273331604897976,58.5,40.0,18.5,18.0,1.0,0,0,40,0,0.0,7.0,33.0
667,1,right_lane,adaptive,True,0.0316,40,0,20.608867844032495,0.0,5.5,4.279739560901362,60.0,40.0,20.0,18.0,1.0,0,0,38,2,0.0,1.0,39.0
668,1,right_lane,adaptive,True,0.0316,40,0,21.14395734596714,1.5,13.0,6.54522292688489,59.25,40.0,19.25,18.0,1.0,0,0,40,0,0.0,4.0,36.0
669,1,right_lane,adaptive,True,0.0316,40,0,23.893957345971565,0.0,0.5,1.9539885537196824,60.0,40.0,20.0,18.0,1.0,0,0,28,12,0.0,0.0,40.0
670,1,right_lane,adaptive,True,0.0316,40,0,21.518957345971565,3.0,4.5,7.732472643256187,58.5,40.0,18.5,18.0,1.0,0,0,40,0,1.0,6.0,33.0
671,1,right_lane,adaptive,True,0.0316,40,0,22.26895723434353,0.0,7.0,3.6635283775476637,60.0,40.0,20.0,18.0,1.0,0,0,37,3,0.0,0.0,40.0
672,1,right_lane,adaptive,True,0.0316,40,0,23.143957345971565,12.5,11.5,16.159644057418518,54.0,40.0,14.0,18.0,1.0,0,0,37,3,0.0,24.0,16.0
673,1,right_lane,adaptive,True,0.0316,40,0,23.893957345971565,9.0,12.0,13.26158112856956,55.25,40.0,15.25,18.0,1.0,0,0,38,2,5.0,9.0,26.0
674,1,right_lane,adaptive,True,0.0316,40,0,21.98386784403249,5.0,6.5,8.168334964095266,57.75,40.0,17.75,18.0,1.0,0,0,29,11,2.0,7.0,31.0
675,1,right_lane,adaptive,True,0.0316,40,0,21.89395734574189,1.5,9.0,5.625324662891217,59.0,40.0,19.0,18.0,1.0,0,0,37,3,0.0,3.0,37.0
676,1,right_lane,adaptive,True,0.0316,40,0,22.018957345971565,0.0,0.0,2.8847331409676826,60.0,40.0,20.0,18.0,1.0,0,0,38,2,0.0,0.0,40.0
677,1,right_lane,adaptive,True,0.0316,40,0,22.643957345971565,0.0,0.0,2.8883084628532742,60.0,40.0,20.0,18.0,1.0,0,0,37,3,0.0,0.0,40.0
678,1,right_lane,adaptive,True,0.0316,40,0,22.018957345971565,1.5,11.0,5.935939755358277,59.25,40.0,19.25,18.0,1.0,0,0,38,2,0.0,3.0,37.0
679,1,right_lane,adaptive,True,0.0316,40,0,21.393957345971565,0.0,0.5,2.5057745610829443,60.0,40.0,20.0,18.0,1.0,0,0,38,2,0.0,0.0,40.0
680,1,right_lane,adaptive,True,0.0316,40,0,21.018957345971558,2.0,10.5,7.429344289004803,59.0,40.0,19.0,18.0,1.0,0,0,40,0,0.0,5.0,35.0
681,1,right_lane,adaptive,True,0.0316,40,0,21.393957345971565,0.0,0.5,1.8601730909967955,60.0,40.0,20.0,18.0,1.0,0,0,25,15,0.0,1.0,39.0
682,1,right_lane,adaptive,True,0.0316,40,0,21.768957345971565,2.0,1.0,6.405256686732173,59.0,40.0,19.0,18.0,1.0,0,0,39,1,1.0,4.0,35.0
683,1,right_lane,adaptive,True,0.0316,40,0,23.268957345971565,0.0,1.5,3.0526784278399646,60.0,40.0,20.0,18.0,1.0,0,0,35,5,0.0,0.0,40.0
684,1,right_lane,adaptive,True,0.0316,40,0,21.393957345971565,0.0,11.5,3.054688564621756,60.0,40.0,20.0,18.0,1.0,0,0,30,10,0.0,0.0,40.0
685,1,right_lane,adaptive,True,0.0316,40,0,24.231042655742897,17.0,9.0,19.899491518735886,52.0,40.0,12.0,18.0,1.0,0,0,40,0,11.0,10.0,19.0
686,1,right_lane,adaptive,True,0.0316,40,0,21.268957345971565,3.5,9.0,6.825398724522529,58.0,40.0,18.0,18.0,1.0,0,0,19,21,1.0,6.0,33.0
687,1,right_lane,adaptive,True,0.0316,40,0,21.768957345971565,0.0,2.0,2.8179749770247327,59.75,40.0,19.75,18.0,1.0,0,0,39,1,0.0,0.0,40.0
688,1,right_lane,adaptive,True,0.0316,40,0,22.266460253492646,2.0,7.0,6.1650381729514265,59.0,40.0,19.0,18.0,1.0,0,0,38,2,0.0,5.0,35.0
689,1,right_lane,adaptive,True,0.0316,40,0,22.518957345971565,11.5,8.0,14.740332621573543,54.25,40.0,14.25,18.0,1.0,0,0,34,6,9.0,7.0,24.0
690,1,right_lane,adaptive,True,0.0316,40,0,21.518957345971565,0.5,7.0,4.685693829186903,59.75,40.0,19.75,18.0,1.0,0,0,38,2,1.0,1.0,38.0
691,1,right_lane,adaptive,True,0.0316,40,0,21.768957345971565,0.5,0.0,3.855232580403026,59.75,40.0,19.75,18.0,1.0,0,0,38,2,1.0,1.0,38.0
692,1,right_lane,adaptive,True,0.0316,40,0,23.643957345971565,0.0,1.0,2.740838494910605,60.0,40.0,20.0,18.0,1.0,0,0,35,5,0.0,0.0,40.0
693,1,right_lane,adaptive,True,0.0316,40,0,21.268957345971565,3.5,7.0,7.880640223622322,58.25,40.0,18.25,18.0,1.0,0,0,40,0,1.0,7.0,32.0
694,1,right_lane,adaptive,True,0.0316,40,0,23.26895734594234,0.0,3.5,3.0453537089024394,60.0,40.0,20.0,18.0,1.0,0,0,35,5,0.0,0.0,40.0
695,1,right_lane,adaptive,True,0.0316,40,0,20.768957345971565,0.0,0.0,3.170781511813402,60.0,40.0,20.0,18.0,1.0,0,0,40,0,0.0,1.0,39.0
696,1,right_lane,adaptive,True,0.0316,40,0,20.518957345971565,0.0,0.0,3.6635347679257393,60.0,40.0,20.0,18.0,1.0,0,0,40,0,0.0,0.0,40.0
697,1,right_lane,adaptive,True,0.0316,40,0,22.5189523954837,0.0,1.5,3.2714227715616744,60.0,40.0,20.0,18.0,1.0,0,0,37,3,0.0,0.0,40.0
698,1,right_lane,adaptive,True,0.0316,40,0,20.768957345971565,0.0,11.5,4.813409432768822,60.0,40.0,20.0,18.0,1.0,0,0,40,0,0.0,0.0,40.0
699,1,right_lane,adaptive,True,0.0316,40,0,22.997552552495204,5.5,8.5,10.022755528931157,57.25,40.0,17.25,18.0,1.0,0,0,38,2,4.0,5.0,31.0
700,1,right_lane,adaptive,True,0.0316,40,0,21.643957345945747,3.0,4.5,7.779678583145142,58.5,40.0,18.5,18.0,1.0,0,0,40,0,1.0,6.0,33.0
701,1,right_lane,adaptive,True,0.0316,40,0,22.01891406689101,0.0,1.0,3.637979940409423,60.0,40.0,20.0,18.0,1.0,0,0,37,3,0.0,1.0,39.0
702,1,right_lane,adaptive,True,0.0316,40,0,21.268957345971565,15.0,14.0,19.90832445739943,53.0,40.0,13.0,18.0,1.0,0,0,37,3,5.0,20.0,15.0
703,1,right_lane,adaptive,True,0.0316,40,0,22.268957345942347,0.0,7.5,4.299871534109116,59.5,40.0,19.5,18.0,1.0,0,0,40,0,0.0,0.0,40.0
704,1,right_lane,adaptive,True,0.0316,40,0,21.893957331238006,0.5,17.5,5.347192957176276,59.75,40.0,19.75,18.0,1.0,0,0,38,2,0.0,2.0,38.0
705,1,right_lane,adaptive,True,0.0316,40,0,22.51895734597105,6.0,8.0,10.535210438072681,57.0,40.0,17.0,18.0,1.0,0,0,40,0,6.0,2.0,32.0
706,1,right_lane,adaptive,True,0.0316,40,0,22.518957345971565,0.0,0.0,1.3403208963441102,60.0,40.0,20.0,18.0,1.0,0,0,35,5,0.0,0.0,40.0
707,1,right_lane,adaptive,True,0.0316,40,0,21.893957345971565,0.0,0.5,4.011009012408067,60.0,40.0,20.0,18.0,1.0,0,0,39,1,0.0,1.0,39.0
708,1,right_lane,adaptive,True,0.0316,40,0,21.14395734596765,0.5,6.0,5.212492056190968,59.75,40.0,19.75,18.0,1.0,0,0,40,0,1.0,1.0,38.0
709,1,right_lane,adaptive,True,0.0316,40,0,21.51895734597149,1.5,9.0,5.324229908002053,59.25,40.0,19.25,18.0,1.0,0,0,31,9,0.0,4.0,36.0
710,1,right_lane,adaptive,True,0.0316,40,0,21.018957345971057,0.0,14.0,4.7024377435445786,60.0,40.0,20.0,18.0,1.0,0,0,40,0,0.0,1.0,39.0
711,1,right_lane,adaptive,True,0.0316,40,0,20.643957345971565,0.0,1.0,4.087489880621433,60.0,40.0,20.0,18.0,1.0,0,0,40,0,0.0,0.0,40.0
712,1,right_lane,adaptive,True,0.0316,40,0,20.893957345971558,0.0,1.0,3.3104712679050863,60.0,40.0,20.0,18.0,1.0,0,0,36,4,0.0,0.0,40.0
713,1,right_lane,adaptive,True,0.0316,40,0,22.393957345971565,0.0,0.5,3.3058112060571148,60.0,40.0,20.0,18.0,1.0,0,0,37,3,0.0,1.0,39.0
714,1,right_lane,adaptive,True,0.0316,40,0,20.518957345971565,0.0,16.5,5.54139568656683,60.0,40.0,20.0,18.0,1.0,0,0,40,0,0.0,0.0,40.0
715,1,right_lane,adaptive,True,0.0316,40,0,21.143957345971565,0.0,0.0,1.9801028428482823,60.0,40.0,20.0,18.0,1.0,0,0,31,9,0.0,0.0,40.0
716,1,right_lane,adaptive,True,0.0316,40,0,20.768957345971565,0.5,13.5,5.2488319063504605,59.75,40.0,19.75,18.0,1.0,0,0,30,10,1.0,1.0,38.0
717,1,right_lane,adaptive,True,0.0316,40,0,21.39395724713693,0.0,4.0,3.9818484596908092,60.0,40.0,20.0,18.0,1.0,0,0,40,0,0.0,1.0,39.0
718,1,right_lane,adaptive,True,0.0316,40,0,21.143957345971565,0.0,3.0,4.000444048281224,60.0,40.0,20.0,18.0,1.0,0,0,39,1,0.0,1.0,39.0
719,1,right_lane,adaptive,True,0.0316,40,0,23.500328749382287,1.5,9.5,5.968705468045073,59.25,40.0,19.25,18.0,1.0,0,0,37,3,0.0,4.0,36.0
720,1,right_lane,adaptive,True,0.0316,40,0,22.2689572468815,9.0,10.5,13.636855080723763,55.5,40.0,15.5,18.0,1.0,0,0,40,0,7.0,6.0,27.0
721,1,right_lane,adaptive,True,0.0316,40,0,22.01895733273105,3.0,1.5,5.676525119788494,58.5,40.0,18.5,18.0,1.0,0,0,36,4,0.0,7.0,33.0
722,1,right_lane,adaptive,True,0.0316,40,0,23.75249644062177,11.5,2.0,13.973961447330112,54.25,40.0,14.25,18.0,1.0,0,0,38,2,12.0,1.0,27.0
723,1,right_lane,adaptive,True,0.0316,40,0,22.497510011146723,2.5,12.0,7.635813034779858,58.75,40.0,18.75,18.0,1.0,0,0,38,2,1.0,5.0,34.0
724,1,right_lane,adaptive,True,0.0316,26,1,21.183011301494716,0.5,1.0,2.271416850948299,38.75,26.0,12.75,18.0,1.0,0,0,13,13,1.0,1.0,24.0
725,1,right_lane,adaptive,True,0.0316,40,0,21.893957345971565,2.0,8.5,6.643102236092091,59.0,40.0,19.0,18.0,1.0,0,0,40,0,1.0,4.0,35.0
726,1,right_lane,adaptive,True,0.0316,40,0,20.893957345971565,0.0,2.5,4.480248905718327,60.0,40.0,20.0,18.0,1.0,0,0,40,0,0.0,1.0,39.0
727,1,right_lane,adaptive,True,0.0316,40,0,22.999995049763726,0.0,1.0,2.81377444951454,60.0,40.0,20.0,18.0,1.0,0,0,35,5,0.0,0.0,40.0
728,1,right_lane,adaptive,True,0.0316,40,0,21.643957345971565,2.5,7.5,7.57724142447114,58.75,40.0,18.75,18.0,1.0,0,0,40,0,1.0,5.0,34.0
729,1,right_lane,adaptive,True,0.0316,40,0,21.266504197449517,2.5,13.0,7.583912919649265,59.0,40.0,19.0,18.0,1.0,0,0,38,2,0.0,5.0,35.0
730,1,right_lane,adaptive,True,0.0316,40,0,21.393957345971508,0.5,3.0,4.991804028759361,59.5,40.0,19.5,18.0,1.0,0,0,39,1,1.0,1.0,38.0
731,1,right_lane,adaptive,True,0.0316,40,0,20.643957345971565,2.0,12.5,7.354896269738674,59.0,40.0,19.0,18.0,1.0,0,0,40,0,0.0,5.0,35.0
732,1,right_lane,adaptive,True,0.0316,40,0,22.141138607735993,0.5,2.0,4.644768567406572,59.75,40.0,19.75,18.0,1.0,0,0,39,1,1.0,1.0,38.0
733,1,right_lane,adaptive,True,0.0316,40,0,20.518957334666847,1.0,8.5,6.249003492295742,59.5,40.0,19.5,18.0,1.0,0,0,40,0,1.0,2.0,37.0
734,1,right_lane,adaptive,True,0.0316,40,0,20.893957345971565,0.5,1.5,4.995291791856289,59.75,40.0,19.75,18.0,1.0,0,0,40,0,1.0,1.0,38.0
735,1,right_lane,adaptive,True,0.0316,40,0,21.89395733298212,0.0,8.0,4.1497916440303015,60.0,40.0,20.0,18.0,1.0,0,0,38,2,0.0,1.0,39.0
736,1,right_lane,adaptive,True,0.0316,40,0,21.143957345971565,0.0,1.5,1.8771792550905957,60.0,40.0,20.0,18.0,1.0,0,0,26,14,0.0,0.0,40.0
737,1,right_lane,adaptive,True,0.0316,40,0,20.393957345971565,10.0,7.0,13.480701878666878,55.5,40.0,15.5,18.0,1.0,0,0,40,0,9.0,2.0,29.0
738,1,right_lane,adaptive,True,0.0316,40,0,21.268957345971565,0.0,5.0,4.498496360403806,59.5,40.0,19.5,18.0,1.0,0,0,38,2,0.0,0.0,40.0
739,1,right_lane,adaptive,True,0.0316,40,0,21.268957345971565,0.5,10.0,4.4994714097538235,59.75,40.0,19.75,18.0,1.0,0,0,30,10,1.0,1.0,38.0
740,1,right_lane,adaptive,True,0.0316,40,0,22.268957345971565,0.0,0.0,2.247841822794385,60.0,40.0,20.0,18.0,1.0,0,0,37,3,0.0,0.0,40.0
741,1,right_lane,adaptive,True,0.0316,40,0,22.518957344257622,1.0,4.5,5.115929803749168,59.5,40.0,19.5,18.0,1.0,0,0,38,2,1.0,2.0,37.0
742,1,right_lane,adaptive,True,0.0316,40,0,20.643957345971565,0.0,13.0,4.7826928108988795,60.0,40.0,20.0,18.0,1.0,0,0,39,1,0.0,1.0,39.0
743,1,right_lane,adaptive,True,0.0316,40,0,21.893957345971554,0.0,0.0,3.621958719100803,60.0,40.0,20.0,18.0,1.0,0,0,38,2,0.0,1.0,39.0
744,1,right_lane,adaptive,True,0.0316,40,0,21.893957345971558,0.0,3.5,3.1493405182077367,60.0,40.0,20.0,18.0,1.0,0,0,37,3,0.0,1.0,39.0
745,1,right_lane,adaptive,True,0.0316,40,0,21.643957345971565,0.5,7.5,4.98141830379609,59.75,40.0,19.75,18.0,1.0,0,0,38,2,1.0,1.0,38.0
746,1,right_lane,adaptive,True,0.0316,40,0,21.268957345937928,0.0,0.5,3.891228523949394,60.0,40.0,20.0,18.0,1.0,0,0,37,3,0.0,1.0,39.0
747,1,right_lane,adaptive,True,0.0316,40,0,22.643957345971565,4.0,3.5,7.795722052303063,58.0,40.0,18.0,18.0,1.0,0,0,39,1,2.0,5.0,33.0
748,1,right_lane,adaptive,True,0.0316,40,0,22.250043292099726,0.5,1.5,4.674017745305491,59.75,40.0,19.75,18.0,1.0,0,0,37,3,1.0,1.0,38.0
749,1,right_lane,adaptive,True,0.0316,40,0,21.893957345971565,1.0,15.0,5.9957948103838135,59.5,40.0,19.5,18.0,1.0,0,0,38,2,1.0,2.0,37.0
750,1,right_lane,adaptive,True,0.0316,40,0,22.00249644062177,6.5,12.0,11.32719532795636,57.0,40.0,17.0,18.0,1.0,0,0,39,1,0.0,12.0,28.0
751,1,right_lane,adaptive,True,0.0316,40,0,22.768957345971565,4.0,0.5,7.3878108933568,57.75,40.0,17.75,18.0,1.0,0,0,40,0,2.0,4.0,34.0
752,1,right_lane,adaptive,True,0.0316,40,0,20.893957345971565,0.0,6.0,4.235514987260103,60.0,40.0,20.0,18.0,1.0,0,0,40,0,0.0,1.0,39.0
753,1,right_lane,adaptive,True,0.0316,40,0,21.26895734593799,5.0,16.0,10.174162070565217,57.5,40.0,17.5,18.0,1.0,0,0,38,2,1.0,10.0,29.0
754,1,right_lane,adaptive,True,0.0316,40,0,20.768957345971565,0.0,0.5,3.935469374060631,60.0,40.0,20.0,18.0,1.0,0,0,40,0,0.0,1.0,39.0
755,1,right_lane,adaptive,True,0.0316,40,0,24.643957345971565,0.0,9.5,3.6292493321224697,60.0,40.0,20.0,18.0,1.0,0,0,31,9,0.0,0.0,40.0
756,1,right_lane,adaptive,True,0.0316,40,0,21.768957345971565,0.0,12.5,3.957020953313531,60.0,40.0,20.0,18.0,1.0,0,0,35,5,0.0,0.0,40.0
757,1,right_lane,adaptive,True,0.0316,40,0,22.768957345971565,0.0,0.0,2.600201298245338,60.0,40.0,20.0,18.0,1.0,0,0,36,4,0.0,0.0,40.0
758,1,right_lane,adaptive,True,0.0316,40,0,22.768957345971565,2.0,4.5,5.783712033808115,59.0,40.0,19.0,18.0,1.0,0,0,38,2,0.0,4.0,36.0
759,1,right_lane,adaptive,True,0.0316,40,0,22.39395239570555,1.5,7.5,5.243401493586134,59.25,40.0,19.25,18.0,1.0,0,0,37,3,0.0,3.0,37.0
760,1,right_lane,adaptive,True,0.0316,40,0,22.393957345941327,4.5,10.5,9.241473651152774,57.75,40.0,17.75,18.0,1.0,0,0,38,2,0.0,9.0,31.0
761,1,right_lane,adaptive,True,0.0316,40,0,22.643957345971565,8.0,8.5,12.545449393533204,56.25,40.0,16.25,18.0,1.0,0,0,35,5,1.0,15.0,24.0
762,1,right_lane,adaptive,True,0.0316,40,0,22.643957345971565,0.0,10.0,3.473214506729164,59.75,40.0,19.75,18.0,1.0,0,0,37,3,0.0,0.0,40.0
763,1,right_lane,adaptive,True,0.0316,40,0,20.768957345971565,0.0,1.0,4.075017215684056,60.0,40.0,20.0,18.0,1.0,0,0,39,1,0.0,1.0,39.0
764,1,right_lane,adaptive,True,0.0316,40,0,21.393957345971565,0.5,0.5,2.317218534155927,59.75,40.0,19.75,18.0,1.0,0,0,21,19,1.0,1.0,38.0
765,1,right_lane,adaptive,True,0.0316,40,0,21.643957345971565,0.0,14.5,4.836982286244165,60.0,40.0,20.0,18.0,1.0,0,0,39,1,0.0,0.0,40.0
766,1,right_lane,adaptive,True,0.0316,40,0,22.143957247081904,2.0,9.5,6.708861118128198,59.0,40.0,19.0,18.0,1.0,0,0,39,1,0.0,5.0,35.0
767,1,right_lane,adaptive,True,0.0316,40,0,24.268957345971565,0.0,10.0,3.7974894938911348,60.0,40.0,20.0,18.0,1.0,0,0,35,5,0.0,1.0,39.0
768,1,right_lane,adaptive,True,0.0316,40,0,24.143914152736198,0.5,2.0,3.9070585054246294,59.75,40.0,19.75,18.0,1.0,0,0,34,6,1.0,1.0,38.0
769,1,right_lane,adaptive,True,0.0316,40,0,22.018957345971565,0.0,12.0,4.2833982160318556,60.0,40.0,20.0,18.0,1.0,0,0,38,2,0.0,1.0,39.0
770,1,right_lane,adaptive,True,0.0316,40,0,22.24972024373468,0.0,8.0,3.4346016926474476,60.0,40.0,20.0,18.0,1.0,0,0,34,6,0.0,0.0,40.0
771,1,right_lane,adaptive,True,0.0316,40,0,23.000328749382287,0.0,3.5,3.3914235168397227,60.0,40.0,20.0,18.0,1.0,0,0,37,3,0.0,0.0,40.0
772,1,right_lane,adaptive,True,0.0316,40,0,21.893957345971494,2.5,9.5,7.637392154312693,58.75,40.0,18.75,18.0,1.0,0,0,39,1,1.0,5.0,34.0
773,1,right_lane,adaptive,True,0.0316,40,0,20.768957345971565,0.0,1.0,3.7567025423049927,60.0,40.0,20.0,18.0,1.0,0,0,40,0,0.0,0.0,40.0
774,1,right_lane,adaptive,True,0.0316,40,0,22.64395174381868,4.0,2.0,6.841209833448374,58.0,40.0,18.0,18.0,1.0,0,0,36,4,1.0,8.0,31.0
775,1,right_lane,adaptive,True,0.0316,40,0,21.143957345971565,0.0,5.0,4.212072990834713,60.0,40.0,20.0,18.0,1.0,0,0,40,0,0.0,1.0,39.0
776,1,right_lane,adaptive,True,0.0316,15,1,24.38388621663466,0.0,0.5,0.9649599279327958,22.5,15.0,7.5,18.0,1.0,0,0,7,8,0.0,1.0,14.0
777,1,right_lane,adaptive,True,0.0316,40,0,22.5189573457492,5.0,8.5,9.403170715993383,57.5,40.0,17.5,18.0,1.0,0,0,38,2,0.0,11.0,29.0
778,1,right_lane,adaptive,True,0.0316,40,0,20.893957345971565,0.0,3.0,3.15721407905221,60.0,40.0,20.0,18.0,1.0,0,0,40,0,0.0,0.0,40.0
779,1,right_lane,adaptive,True,0.0316,40,0,21.518957345971565,0.0,1.0,2.685194408266625,60.0,40.0,20.0,18.0,1.0,0,0,38,2,0.0,0.0,40.0
780,1,right_lane,adaptive,True,0.0316,40,0,21.393957345971565,7.5,4.0,11.928405727329164,56.25,40.0,16.25,18.0,1.0,0,0,38,2,0.0,16.0,24.0
781,1,right_lane,adaptive,True,0.0316,40,0,24.518628583603743,0.0,2.5,3.2187910655266023,60.0,40.0,20.0,18.0,1.0,0,0,35,5,0.0,0.0,40.0
782,1,right_lane,adaptive,True,0.0316,40,0,23.143957345971494,9.5,7.0,13.272674769163132,55.25,40.0,15.25,18.0,1.0,0,0,40,0,8.0,5.0,27.0
783,1,right_lane,adaptive,True,0.0316,40,0,21.268957345971565,6.0,9.5,9.640256305864114,57.0,40.0,17.0,18.0,1.0,0,0,38,2,4.0,4.0,32.0
784,1,right_lane,adaptive,True,0.0316,40,0,22.393951657973492,9.0,3.5,11.470198718082884,55.5,40.0,15.5,18.0,1.0,0,0,39,1,8.0,4.0,28.0
785,1,right_lane,adaptive,True,0.0316,40,0,23.516789654732076,0.0,0.0,2.8738806947385456,60.0,40.0,20.0,18.0,1.0,0,0,38,2,0.0,1.0,39.0
786,1,right_lane,adaptive,True,0.0316,40,0,20.268957345971565,0.0,13.5,4.596065238118172,60.0,40.0,20.0,18.0,1.0,0,0,40,0,0.0,0.0,40.0
787,1,right_lane,adaptive,True,0.0316,40,0,21.122875600860247,0.0,4.5,3.7762283245633625,60.0,40.0,20.0,18.0,1.0,0,0,39,1,0.0,1.0,39.0
788,1,right_lane,adaptive,True,0.0316,40,0,22.018957345971565,0.0,5.5,4.113574953757507,60.0,40.0,20.0,18.0,1.0,0,0,37,3,0.0,1.0,39.0
789,1,right_lane,adaptive,True,0.0316,40,0,21.39395733298212,0.0,5.0,4.0110235176980495,60.0,40.0,20.0,18.0,1.0,0,0,40,0,0.0,1.0,39.0
790,1,right_lane,adaptive,True,0.0316,40,0,22.249963157958224,33.0,1.5,33.71254935860634,43.5,40.0,3.5,18.0,1.0,0,0,40,0,29.0,9.0,2.0
791,1,right_lane,adaptive,True,0.0316,40,0,21.143957345971565,0.0,4.0,4.108074608789593,60.0,40.0,20.0,18.0,1.0,0,0,39,1,0.0,1.0,39.0
792,1,right_lane,adaptive,True,0.0316,40,0,20.64391480462308,3.0,8.5,7.905892997980118,58.5,40.0,18.5,18.0,1.0,0,0,40,0,0.0,6.0,34.0
793,1,right_lane,adaptive,True,0.0316,40,0,21.01646660636704,0.0,2.5,4.476786725223064,60.0,40.0,20.0,18.0,1.0,0,0,40,0,0.0,1.0,39.0
794,1,right_lane,adaptive,True,0.0316,40,0,22.143957345971565,7.0,3.5,11.278952352702618,56.5,40.0,16.5,18.0,1.0,0,0,40,0,3.0,9.0,28.0
795,1,right_lane,adaptive,True,0.0316,40,0,20.393957345971565,0.0,18.5,5.045670971274376,60.0,40.0,20.0,18.0,1.0,0,0,40,0,0.0,1.0,39.0
796,1,right_lane,adaptive,True,0.0316,40,0,22.018957344482867,0.5,6.5,4.941550945366544,59.75,40.0,19.75,18.0,1.0,0,0,39,1,1.0,1.0,38.0
797,1,right_lane,adaptive,True,0.0316,40,0,21.108867844032495,2.0,3.5,5.695881403982639,59.25,40.0,19.25,18.0,1.0,0,0,40,0,0.0,4.0,36.0
798,1,right_lane,adaptive,True,0.0316,40,0,22.016461656101036,4.5,6.0,8.941271126270294,57.5,40.0,17.5,18.0,1.0,0,0,40,0,0.0,10.0,30.0
799,1,right_lane,adaptive,True,0.0316,40,0,21.768957345775522,1.5,3.5,4.601580575524622,59.25,40.0,19.25,18.0,1.0,0,0,33,7,0.0,4.0,36.0
800,1,right_lane,adaptive,True,0.0316,40,0,21.518957345971565,0.0,3.0,4.306307400519472,60.0,40.0,20.0,18.0,1.0,0,0,39,1,0.0,1.0,39.0
801,1,right_lane,adaptive,True,0.0316,40,0,21.018957345971565,3.5,13.0,8.80126091837883,58.25,40.0,18.25,18.0,1.0,0,0,40,0,1.0,7.0,32.0
802,1,right_lane,adaptive,True,0.0316,40,0,21.018957345971565,2.0,7.5,5.809906449558184,59.25,40.0,19.25,18.0,1.0,0,0,38,2,0.0,3.0,37.0
803,1,right_lane,adaptive,True,0.0316,40,0,23.018957345971565,0.0,10.5,4.125097927897855,59.75,40.0,19.75,18.0,1.0,0,0,37,3,0.0,0.0,40.0
804,1,right_lane,adaptive,True,0.0316,40,0,22.768957345971565,0.0,8.0,3.605144740099149,60.0,40.0,20.0,18.0,1.0,0,0,37,3,0.0,0.0,40.0
805,1,right_lane,adaptive,True,0.0316,40,0,22.143957345937984,0.5,0.5,3.8040889904750657,59.75,40.0,19.75,18.0,1.0,0,0,39,1,1.0,1.0,38.0
806,1,right_lane,adaptive,True,0.0316,40,0,21.85853910766938,0.0,1.5,2.9717279917749693,60.0,40.0,20.0,18.0,1.0,0,0,34,6,0.0,0.0,40.0
807,1,right_lane,adaptive,True,0.0316,40,0,21.143957345971565,0.5,0.0,3.9225112827070916,59.75,40.0,19.75,18.0,1.0,0,0,37,3,1.0,1.0,38.0
808,1,right_lane,adaptive,True,0.0316,40,0,21.768957345941317,7.0,8.0,11.379045687615871,56.5,40.0,16.5,18.0,1.0,0,0,40,0,6.0,4.0,30.0
809,1,right_lane,adaptive,True,0.0316,40,0,21.893951657973428,0.0,4.5,3.9263263269133404,60.0,40.0,20.0,18.0,1.0,0,0,38,2,0.0,0.0,40.0
810,1,right_lane,adaptive,True,0.0316,40,0,23.143957345971565,1.5,9.0,5.58485665700573,59.25,40.0,19.25,18.0,1.0,0,0,35,5,0.0,3.0,37.0
811,1,right_lane,adaptive,True,0.0316,40,0,21.268957345971565,0.0,4.0,4.009046336782376,60.0,40.0,20.0,18.0,1.0,0,0,38,2,0.0,1.0,39.0
812,1,right_lane,adaptive,True,0.0316,40,0,21.143957345971565,3.0,12.0,8.280363604426384,58.5,40.0,18.5,18.0,1.0,0,0,40,0,1.0,6.0,33.0
813,1,right_lane,adaptive,True,0.0316,40,0,22.768957345971565,0.0,12.5,4.158728020550825,60.0,40.0,20.0,18.0,1.0,0,0,37,3,0.0,1.0,39.0
814,1,right_lane,adaptive,True,0.0316,40,0,21.393957345941395,0.5,2.0,4.0459325324673046,59.75,40.0,19.75,18.0,1.0,0,0,39,1,1.0,1.0,38.0
815,1,right_lane,adaptive,True,0.0316,40,0,24.143957345971565,7.0,10.0,11.490739541703078,56.5,40.0,16.5,18.0,1.0,0,0,38,2,4.0,8.0,28.0
816,1,right_lane,adaptive,True,0.0316,40,0,22.8939573442532,13.0,10.5,17.7327043809928,53.5,40.0,13.5,18.0,1.0,0,0,39,1,2.0,23.0,15.0
817,1,right_lane,adaptive,True,0.0316,40,0,21.643957345967657,0.0,0.5,2.667037195229568,60.0,40.0,20.0,18.0,1.0,0,0,34,6,0.0,0.0,40.0
818,1,right_lane,adaptive,True,0.0316,40,0,20.893957345971565,0.0,2.0,4.058132439851761,60.0,40.0,20.0,18.0,1.0,0,0,40,0,0.0,0.0,40.0
819,1,right_lane,adaptive,True,0.0316,40,0,22.518957345971565,0.0,9.0,3.2359009508604686,60.0,40.0,20.0,18.0,1.0,0,0,26,14,0.0,0.0,40.0
820,1,right_lane,adaptive,True,0.0316,40,0,20.393957345971565,0.0,8.5,5.03983935713768,60.0,40.0,20.0,18.0,1.0,0,0,40,0,0.0,1.0,39.0
821,1,right_lane,adaptive,True,0.0316,40,0,20.768957345971565,3.0,7.5,7.274368487298489,58.5,40.0,18.5,18.0,1.0,0,0,40,0,2.0,4.0,34.0
822,1,right_lane,adaptive,True,0.0316,40,0,22.768957345971565,19.0,7.5,21.00022773474757,51.0,40.0,11.0,18.0,1.0,0,0,34,6,10.0,16.0,14.0
823,1,right_lane,adaptive,True,0.0316,40,0,22.018919754889083,0.0,12.0,3.886127726925679,59.5,40.0,19.5,18.0,1.0,0,0,36,4,0.0,0.0,40.0
824,1,right_lane,adaptive,True,0.0316,40,0,21.14395164349536,2.0,14.5,7.9241882264614105,59.0,40.0,19.0,18.0,1.0,0,0,40,0,0.0,5.0,35.0
825,1,right_lane,adaptive,True,0.0316,40,0,21.893957345971565,6.5,4.0,9.755063284202606,57.25,40.0,17.25,18.0,1.0,0,0,37,3,0.0,11.0,29.0
826,1,right_lane,adaptive,True,0.0316,40,0,22.393957344283358,2.0,11.0,6.566198283806443,58.5,40.0,18.5,18.0,1.0,0,0,40,0,0.0,4.0,36.0
827,1,right_lane,adaptive,True,0.0316,40,0,23.624999999774307,8.0,9.0,11.830909753497508,56.0,40.0,16.0,18.0,1.0,0,0,34,6,5.0,6.0,29.0
828,1,right_lane,adaptive,True,0.0316,40,0,21.893957345971565,2.0,9.0,5.956051611690782,59.0,40.0,19.0,18.0,1.0,0,0,38,2,1.0,4.0,35.0
829,1,right_lane,adaptive,True,0.0316,40,0,21.643671888489557,3.5,5.5,8.070961616933346,58.25,40.0,18.25,18.0,1.0,0,0,40,0,1.0,7.0,32.0
830,1,right_lane,adaptive,True,0.0316,40,0,20.268957345971565,0.0,14.5,4.8794248178601265,60.0,40.0,20.0,18.0,1.0,0,0,40,0,0.0,1.0,39.0
831,1,right_lane,adaptive,True,0.0316,40,0,22.268914053901568,0.5,2.5,4.917002724832855,59.75,40.0,19.75,18.0,1.0,0,0,39,1,1.0,1.0,38.0
832,1,right_lane,adaptive,True,0.0316,40,0,20.518957345971565,0.0,10.5,4.344743719330836,60.0,40.0,20.0,18.0,1.0,0,0,36,4,0.0,0.0,40.0
833,1,right_lane,adaptive,True,0.0316,40,0,20.768957345971565,0.0,8.0,4.149718530476093,60.0,40.0,20.0,18.0,1.0,0,0,40,0,0.0,0.0,40.0
834,1,right_lane,adaptive,True,0.0316,40,0,24.768957345971565,0.0,0.0,2.144155936416155,60.0,40.0,20.0,18.0,1.0,0,0,32,8,0.0,1.0,39.0
835,1,right_lane,adaptive,True,0.0316,40,0,21.643957345971565,4.0,14.0,8.942190319299698,58.0,40.0,18.0,18.0,1.0,0,0,40,0,2.0,5.0,33.0
836,1,right_lane,adaptive,True,0.0316,40,0,22.37504329209966,0.0,5.5,3.863789941853611,60.0,40.0,20.0,18.0,1.0,0,0,38,2,0.0,0.0,40.0
837,1,right_lane,adaptive,True,0.0316,40,0,23.018671802843812,0.0,11.5,4.274664557306096,60.0,40.0,20.0,18.0,1.0,0,0,36,4,0.0,1.0,39.0
838,1,right_lane,adaptive,True,0.0316,40,0,21.643957345971565,0.0,5.0,4.0109372170954884,60.0,40.0,20.0,18.0,1.0,0,0,38,2,0.0,0.0,40.0
839,1,right_lane,adaptive,True,0.0316,40,0,20.768957345971565,0.0,3.5,3.8316361423439957,60.0,40.0,20.0,18.0,1.0,0,0,38,2,0.0,0.0,40.0
840,1,right_lane,adaptive,True,0.0316,40,0,21.231414695510455,0.5,11.0,5.315933051333559,59.75,40.0,19.75,18.0,1.0,0,0,38,2,1.0,1.0,38.0
841,1,right_lane,adaptive,True,0.0316,40,0,21.51895733295239,0.0,2.5,3.5341699369200796,60.0,40.0,20.0,18.0,1.0,0,0,37,3,0.0,1.0,39.0
842,1,right_lane,adaptive,True,0.0316,40,0,23.268957345971565,0.0,8.0,3.767569571248714,60.0,40.0,20.0,18.0,1.0,0,0,36,4,0.0,1.0,39.0
843,1,right_lane,adaptive,True,0.0316,40,0,20.268957345971565,0.0,17.5,5.4289704114198685,60.0,40.0,20.0,18.0,1.0,0,0,40,0,0.0,1.0,39.0
844,1,right_lane,adaptive,True,0.0316,40,0,22.372552552495204,1.5,10.5,5.868963820356839,59.25,40.0,19.25,18.0,1.0,0,0,35,5,0.0,4.0,36.0
845,1,right_lane,adaptive,True,0.0316,40,0,21.12749644062177,2.0,13.5,7.527731967446925,59.25,40.0,19.25,18.0,1.0,0,0,38,2,1.0,3.0,36.0
846,1,right_lane,adaptive,True,0.0316,40,0,21.358582386749934,0.0,2.0,2.9507309702876228,59.75,40.0,19.75,18.0,1.0,0,0,38,2,0.0,1.0,39.0
847,1,right_lane,adaptive,True,0.0316,40,0,21.143957345971565,0.0,2.5,3.2363204988650978,60.0,40.0,20.0,18.0,1.0,0,0,39,1,0.0,0.0,40.0
848,1,right_lane,adaptive,True,0.0316,40,0,21.518957345971565,0.0,8.5,2.9680359878948366,60.0,40.0,20.0,18.0,1.0,0,0,25,15,0.0,1.0,39.0
849,1,right_lane,adaptive,True,0.0316,40,0,20.893629347340514,2.0,8.0,6.630436826839286,59.0,40.0,19.0,18.0,1.0,0,0,38,2,1.0,4.0,35.0
850,1,right_lane,adaptive,True,0.0316,40,0,22.393957345971565,0.5,2.0,4.793383613137394,59.75,40.0,19.75,18.0,1.0,0,0,36,4,1.0,1.0,38.0
851,1,right_lane,adaptive,True,0.0316,40,0,23.51895734597155,7.0,4.5,10.861669437052115,56.5,40.0,16.5,18.0,1.0,0,0,37,3,4.0,8.0,28.0
852,1,right_lane,adaptive,True,0.0316,40,0,21.518957345971565,0.0,0.5,2.5850976067304146,60.0,40.0,20.0,18.0,1.0,0,0,33,7,0.0,1.0,39.0
853,1,right_lane,adaptive,True,0.0316,40,0,22.643957345971565,0.0,0.0,2.4506111515220255,60.0,40.0,20.0,18.0,1.0,0,0,37,3,0.0,0.0,40.0
854,1,right_lane,adaptive,True,0.0316,40,0,21.268957345971565,0.0,1.0,2.633792559784979,60.0,40.0,20.0,18.0,1.0,0,0,37,3,0.0,0.0,40.0
855,1,right_lane,adaptive,True,0.0316,40,0,20.393957345971565,0.0,4.0,4.685364991426468,60.0,40.0,20.0,18.0,1.0,0,0,40,0,0.0,0.0,40.0
856,1,right_lane,adaptive,True,0.0316,40,0,23.143957345971565,12.5,1.5,15.815802164375782,53.75,40.0,13.75,18.0,1.0,0,0,40,0,12.0,3.0,25.0
857,1,right_lane,adaptive,True,0.0316,40,0,22.643957345971565,0.0,14.0,4.894271823141025,60.0,40.0,20.0,18.0,1.0,0,0,36,4,0.0,1.0,39.0
858,1,right_lane,adaptive,True,0.0316,3,1,25.0,1.0,1.0,1.4755646456032991,4.25,3.0,1.25,18.0,1.0,0,0,3,0,1.0,1.0,1.0
859,1,right_lane,adaptive,True,0.0316,16,1,23.17239336429032,0.0,2.0,1.275951576359148,23.75,16.0,7.75,18.0,1.0,0,0,10,6,0.0,1.0,15.0
860,1,right_lane,adaptive,True,0.0316,40,0,23.000328749382287,0.5,1.5,4.253533447386019,59.75,40.0,19.75,18.0,1.0,0,0,37,3,1.0,1.0,38.0
861,1,right_lane,adaptive,True,0.0316,40,0,21.143957345971565,2.0,7.5,6.214080336177631,59.0,40.0,19.0,18.0,1.0,0,0,37,3,0.0,5.0,35.0
862,1,right_lane,adaptive,True,0.0316,40,0,23.51895174381868,10.0,7.5,13.990010045468807,55.0,40.0,15.0,18.0,1.0,0,0,40,0,9.0,4.0,27.0
863,1,right_lane,adaptive,True,0.0316,40,0,22.5189573459419,0.0,3.0,3.053941149904972,60.0,40.0,20.0,18.0,1.0,0,0,35,5,0.0,1.0,39.0
864,1,right_lane,adaptive,True,0.0316,40,0,21.518957345971565,2.0,4.0,6.034549906849861,59.0,40.0,19.0,18.0,1.0,0,0,40,0,0.0,5.0,35.0
865,1,right_lane,adaptive,True,0.0316,40,0,22.518957345971565,0.0,0.0,1.4302132053344394,60.0,40.0,20.0,18.0,1.0,0,0,37,3,0.0,0.0,40.0
866,1,right_lane,adaptive,True,0.0316,40,0,21.268957345971565,0.0,0.0,2.13362532312658,60.0,40.0,20.0,18.0,1.0,0,0,38,2,0.0,0.0,40.0
867,1,right_lane,adaptive,True,0.0316,20,1,23.037914691883664,2.0,2.5,3.43540874491282,29.0,20.0,9.0,18.0,1.0,0,0,7,13,1.0,4.0,15.0
868,1,right_lane,adaptive,True,0.0316,40,0,21.768957345971565,6.0,5.5,9.9807980209589,57.0,40.0,17.0,18.0,1.0,0,0,40,0,3.0,6.0,31.0
869,1,right_lane,adaptive,True,0.0316,40,0,25.356091647145412,15.0,5.5,17.786606890169423,52.5,40.0,12.5,18.0,1.0,0,0,39,1,8.0,14.0,18.0
870,1,right_lane,adaptive,True,0.0316,40,0,22.643957345971565,0.0,2.5,3.452580600809597,60.0,40.0,20.0,18.0,1.0,0,0,35,5,0.0,1.0,39.0
871,1,right_lane,adaptive,True,0.0316,40,0,22.268957345971494,2.5,11.5,6.832722372054036,58.75,40.0,18.75,18.0,1.0,0,0,37,3,0.0,5.0,35.0
872,1,right_lane,adaptive,True,0.0316,40,0,20.268957345971565,0.0,13.0,4.760137215256691,60.0,40.0,20.0,18.0,1.0,0,0,40,0,0.0,0.0,40.0
873,1,right_lane,adaptive,True,0.0316,40,0,20.643957345971565,0.5,3.5,3.7397004414815456,59.75,40.0,19.75,18.0,1.0,0,0,33,7,1.0,1.0,38.0
874,1,right_lane,adaptive,True,0.0316,40,0,21.018957345971565,2.0,6.5,6.824529252946377,59.0,40.0,19.0,18.0,1.0,0,0,40,0,0.0,4.0,36.0
875,1,right_lane,adaptive,True,0.0316,40,0,22.143957345970982,2.5,5.0,6.492983470001491,58.75,40.0,18.75,18.0,1.0,0,0,38,2,1.0,5.0,34.0
876,1,right_lane,adaptive,True,0.0316,40,0,21.018919754889087,0.5,1.0,3.9833356514573097,59.75,40.0,19.75,18.0,1.0,0,0,40,0,1.0,1.0,38.0
877,1,right_lane,adaptive,True,0.0316,40,0,22.643671225497403,0.5,6.5,4.746040938065562,59.75,40.0,19.75,18.0,1.0,0,0,37,3,1.0,1.0,38.0
878,1,right_lane,adaptive,True,0.0316,40,0,22.518957345971565,0.0,10.0,3.8506128396747954,60.0,40.0,20.0,18.0,1.0,0,0,39,1,0.0,0.0,40.0
879,1,right_lane,adaptive,True,0.0316,40,0,21.14395734406498,0.0,12.0,4.424026739603505,60.0,40.0,20.0,18.0,1.0,0,0,39,1,0.0,0.0,40.0
880,1,right_lane,adaptive,True,0.0316,40,0,21.143957345971558,5.0,12.5,9.609816215575847,57.5,40.0,17.5,18.0,1.0,0,0,37,3,0.0,10.0,30.0
881,1,right_lane,adaptive,True,0.0316,40,0,22.268957345971565,3.0,9.5,7.559270311146975,58.5,40.0,18.5,18.0,1.0,0,0,39,1,0.0,7.0,33.0
882,1,right_lane,adaptive,True,0.0316,40,0,21.768957345971565,0.5,0.0,3.9978328786346538,59.75,40.0,19.75,18.0,1.0,0,0,38,2,1.0,1.0,38.0
883,1,right_lane,adaptive,True,0.0316,40,0,21.018957345942276,3.0,16.5,8.237854905426502,58.5,40.0,18.5,18.0,1.0,0,0,40,0,0.0,6.0,34.0
884,1,right_lane,adaptive,True,0.0316,40,0,21.893957345971565,2.0,1.0,3.3880141532952166,59.0,40.0,19.0,18.0,1.0,0,0,10,30,1.0,4.0,35.0
885,1,right_lane,adaptive,True,0.0316,40,0,22.518957345971565,0.0,0.0,2.5041173345798597,60.0,40.0,20.0,18.0,1.0,0,0,36,4,0.0,0.0,40.0
886,1,right_lane,adaptive,True,0.0316,40,0,22.500328749382287,1.5,12.5,5.852567267523227,59.25,40.0,19.25,18.0,1.0,0,0,35,5,0.0,4.0,36.0
887,1,right_lane,adaptive,True,0.0316,40,0,22.643957345971565,0.5,0.0,3.999656222849808,59.75,40.0,19.75,18.0,1.0,0,0,39,1,1.0,1.0,38.0
888,1,right_lane,adaptive,True,0.0316,40,0,20.393957345971565,0.5,6.5,3.7266387212894188,59.75,40.0,19.75,18.0,1.0,0,0,24,16,1.0,1.0,38.0
889,1,right_lane,adaptive,True,0.0316,40,0,20.268957345971565,0.0,2.5,3.3459071330726147,60.0,40.0,20.0,18.0,1.0,0,0,40,0,0.0,1.0,39.0
890,1,right_lane,adaptive,True,0.0316,40,0,21.143957345971565,0.0,1.0,1.1111003471032745,60.0,40.0,20.0,18.0,1.0,0,0,17,23,0.0,0.0,40.0
891,1,right_lane,adaptive,True,0.0316,40,0,22.250328736363635,0.0,1.0,3.071734757820309,60.0,40.0,20.0,18.0,1.0,0,0,36,4,0.0,1.0,39.0
892,1,right_lane,adaptive,True,0.0316,40,0,22.393957345971565,1.5,6.5,6.203482366083335,59.25,40.0,19.25,18.0,1.0,0,0,38,2,0.0,4.0,36.0
893,1,right_lane,adaptive,True,0.0316,40,0,21.518951743818675,0.0,0.5,3.051022299730903,60.0,40.0,20.0,18.0,1.0,0,0,33,7,0.0,0.0,40.0
894,1,right_lane,adaptive,True,0.0316,40,0,22.01895733124236,2.0,8.5,6.023540258407593,59.0,40.0,19.0,18.0,1.0,0,0,40,0,0.0,4.0,36.0
895,1,right_lane,adaptive,True,0.0316,40,0,21.393957345971565,0.0,0.0,3.606654872536865,60.0,40.0,20.0,18.0,1.0,0,0,38,2,0.0,0.0,40.0
896,1,right_lane,adaptive,True,0.0316,40,0,21.518957345971565,6.5,9.0,10.659735649824142,56.75,40.0,16.75,18.0,1.0,0,0,40,0,4.0,5.0,31.0
897,1,right_lane,adaptive,True,0.0316,40,0,20.518957345971565,0.0,2.5,4.276649989187717,60.0,40.0,20.0,18.0,1.0,0,0,40,0,0.0,1.0,39.0
898,1,right_lane,adaptive,True,0.0316,40,0,22.643957345971565,0.0,5.5,3.6667350950106083,60.0,40.0,20.0,18.0,1.0,0,0,37,3,0.0,0.0,40.0
899,1,right_lane,adaptive,True,0.0316,18,1,23.375460768758483,0.0,2.5,1.3210983415428927,27.0,18.0,9.0,18.0,1.0,0,0,10,8,0.0,1.0,17.0
900,1,right_lane,adaptive,True,0.0316,40,0,22.018957345971565,2.5,7.5,6.850265903231048,58.75,40.0,18.75,18.0,1.0,0,0,39,1,1.0,5.0,34.0
901,1,right_lane,adaptive,True,0.0316,40,0,22.768957345775522,0.0,9.0,3.388751942495219,60.0,40.0,20.0,18.0,1.0,0,0,33,7,0.0,0.0,40.0
902,1,right_lane,adaptive,True,0.0316,40,0,25.393957345967646,1.5,5.0,4.192550404440681,59.25,40.0,19.25,18.0,1.0,0,0,33,7,0.0,3.0,37.0
903,1,right_lane,adaptive,True,0.0316,40,0,22.018957345971565,0.5,1.0,4.609808865417108,59.75,40.0,19.75,18.0,1.0,0,0,38,2,1.0,1.0,38.0
904,1,right_lane,adaptive,True,0.0316,40,0,22.268957345971565,8.0,3.0,11.77850180119276,56.0,40.0,16.0,18.0,1.0,0,0,40,0,7.0,4.0,29.0
905,1,right_lane,adaptive,True,0.0316,40,0,21.643957345971565,0.0,4.5,4.36466301710027,60.0,40.0,20.0,18.0,1.0,0,0,38,2,0.0,1.0,39.0
906,1,right_lane,adaptive,True,0.0316,40,0,21.393957345971565,0.5,10.0,5.344435654580593,59.75,40.0,19.75,18.0,1.0,0,0,39,1,1.0,1.0,38.0
907,1,right_lane,adaptive,True,0.0316,40,0,22.018957345971565,6.0,9.5,10.408545419573784,57.0,40.0,17.0,18.0,1.0,0,0,40,0,6.0,2.0,32.0
908,1,right_lane,adaptive,True,0.0316,40,0,24.893908353080427,20.0,6.5,23.218786261975765,50.0,40.0,10.0,18.0,1.0,0,0,40,0,16.0,10.0,14.0
909,1,right_lane,adaptive,True,0.0316,40,0,22.143957345971565,6.0,2.0,9.196946039795876,57.0,40.0,17.0,18.0,1.0,0,0,40,0,3.0,8.0,29.0
910,1,right_lane,adaptive,True,0.0316,40,0,22.87532874938229,5.0,8.0,8.892275836446515,57.75,40.0,17.75,18.0,1.0,0,0,38,2,0.0,9.0,31.0
911,1,right_lane,adaptive,True,0.0316,40,0,21.252496440621712,0.0,13.0,4.907490484416485,59.75,40.0,19.75,18.0,1.0,0,0,40,0,0.0,0.0,40.0
912,1,right_lane,adaptive,True,0.0316,40,0,20.768957345971565,0.0,4.5,3.86484457179904,60.0,40.0,20.0,18.0,1.0,0,0,40,0,0.0,0.0,40.0
913,1,right_lane,adaptive,True,0.0316,40,0,22.018919754889083,0.0,13.0,4.022856544237584,60.0,40.0,20.0,18.0,1.0,0,0,38,2,0.0,0.0,40.0
914,1,right_lane,adaptive,True,0.0316,16,1,21.922393364854578,1.0,2.5,3.267595462501049,23.75,16.0,7.75,18.0,1.0,0,0,16,0,1.0,1.0,14.0
915,1,right_lane,adaptive,True,0.0316,40,0,20.518957345971565,4.0,3.5,7.92084145633271,57.75,40.0,17.75,18.0,1.0,0,0,33,7,1.0,8.0,31.0
916,1,right_lane,adaptive,True,0.0316,40,0,20.518957345971565,0.0,20.0,5.702356651425362,60.0,40.0,20.0,18.0,1.0,0,0,40,0,0.0,1.0,39.0
917,1,right_lane,adaptive,True,0.0316,40,0,20.393957345971565,0.5,2.0,5.186442583799362,59.75,40.0,19.75,18.0,1.0,0,0,40,0,1.0,1.0,38.0
918,1,right_lane,adaptive,True,0.0316,40,0,21.518957345971565,0.5,13.5,5.346007687122892,59.75,40.0,19.75,18.0,1.0,0,0,37,3,1.0,1.0,38.0
919,1,right_lane,adaptive,True,0.0316,40,0,21.893671888689,0.0,15.5,4.160737716171752,60.0,40.0,20.0,18.0,1.0,0,0,39,1,0.0,0.0,40.0
920,1,right_lane,adaptive,True,0.0316,40,0,21.000005701017248,0.0,2.5,4.34612700343132,60.0,40.0,20.0,18.0,1.0,0,0,40,0,0.0,1.0,39.0
921,1,right_lane,adaptive,True,0.0316,40,0,21.768957345971565,0.0,9.0,4.368392169349136,60.0,40.0,20.0,18.0,1.0,0,0,39,1,0.0,1.0,39.0
922,1,right_lane,adaptive,True,0.0316,40,0,21.143957345971565,2.5,6.5,6.979845937341452,58.75,40.0,18.75,18.0,1.0,0,0,40,0,1.0,4.0,35.0
923,1,right_lane,adaptive,True,0.0316,40,0,21.518957345971558,3.5,7.5,7.738478373865291,58.25,40.0,18.25,18.0,1.0,0,0,37,3,0.0,7.0,33.0
924,1,right_lane,adaptive,True,0.0316,40,0,22.768957345971565,2.0,5.0,5.883144017384666,59.0,40.0,19.0,18.0,1.0,0,0,37,3,0.0,5.0,35.0
925,1,right_lane,adaptive,True,0.0316,13,1,23.135253033238424,0.5,1.5,1.6862149992612103,19.25,13.0,6.25,18.0,1.0,0,0,6,7,1.0,1.0,11.0
926,1,right_lane,adaptive,True,0.0316,40,0,20.268957345971565,0.0,2.0,4.151625908911228,60.0,40.0,20.0,18.0,1.0,0,0,40,0,0.0,0.0,40.0
927,1,right_lane,adaptive,True,0.0316,23,1,24.380795384291545,4.0,5.0,6.094078422291204,32.75,23.0,9.75,18.0,1.0,0,0,21,2,3.0,3.0,17.0
928,1,right_lane,adaptive,True,0.0316,40,0,20.893957345971565,0.0,4.5,4.419324504908218,59.75,40.0,19.75,18.0,1.0,0,0,38,2,0.0,1.0,39.0
929,1,right_lane,adaptive,True,0.0316,40,0,21.393957345971565,0.0,0.5,3.735223874883559,60.0,40.0,20.0,18.0,1.0,0,0,38,2,0.0,1.0,39.0
930,1,right_lane,adaptive,True,0.0316,40,0,20.768957345971565,0.0,6.5,3.3022136191138998,60.0,40.0,20.0,18.0,1.0,0,0,32,8,0.0,0.0,40.0
931,1,right_lane,adaptive,True,0.0316,40,0,22.518957345971565,0.0,0.5,3.3057405255703998,60.0,40.0,20.0,18.0,1.0,0,0,37,3,0.0,1.0,39.0
932,1,right_lane,adaptive,True,0.0316,40,0,21.768957345749705,0.0,7.5,4.1609110631452495,60.0,40.0,20.0,18.0,1.0,0,0,38,2,0.0,0.0,40.0
933,1,right_lane,adaptive,True,0.0316,40,0,22.268957345971554,7.5,6.5,11.359910562634468,56.25,40.0,16.25,18.0,1.0,0,0,40,0,5.0,5.0,30.0
934,1,right_lane,adaptive,True,0.0316,40,0,21.768957345971565,2.5,13.0,7.506847836077213,58.75,40.0,18.75,18.0,1.0,0,0,40,0,3.0,1.0,36.0
935,1,right_lane,adaptive,True,0.0316,40,0,22.51895164518009,0.0,0.5,3.2373466245117015,60.0,40.0,20.0,18.0,1.0,0,0,37,3,0.0,0.0,40.0
936,1,right_lane,adaptive,True,0.0316,40,0,24.24750355940797,28.5,0.5,29.158882602915583,45.75,40.0,5.75,18.0,1.0,0,0,38,2,25.0,8.0,7.0
937,1,right_lane,adaptive,True,0.0316,40,0,22.127496440617342,5.0,8.0,8.409549897660327,57.5,40.0,17.5,18.0,1.0,0,0,29,11,0.0,11.0,29.0
938,1,right_lane,adaptive,True,0.0316,40,0,22.8746712523619,2.0,1.0,4.328319170001578,59.0,40.0,19.0,18.0,1.0,0,0,28,12,0.0,5.0,35.0
939,1,right_lane,adaptive,True,0.0316,40,0,22.268957345971565,0.0,0.0,1.2103803065401735,60.0,40.0,20.0,18.0,1.0,0,0,25,15,0.0,1.0,39.0
940,1,right_lane,adaptive,True,0.0316,40,0,22.143957345971565,0.0,2.0,3.424135898720124,60.0,40.0,20.0,18.0,1.0,0,0,38,2,0.0,1.0,39.0
941,1,right_lane,adaptive,True,0.0316,40,0,21.393957345971565,0.0,0.5,3.585159219475372,60.0,40.0,20.0,18.0,1.0,0,0,38,2,0.0,1.0,39.0
942,1,right_lane,adaptive,True,0.0316,40,0,22.393957345971565,0.0,3.0,3.0925075168761396,60.0,40.0,20.0,18.0,1.0,0,0,38,2,0.0,0.0,40.0
943,1,right_lane,adaptive,True,0.0316,40,0,20.393957345971565,0.0,14.0,5.932242915034294,60.0,40.0,20.0,18.0,1.0,0,0,40,0,0.0,1.0,39.0
944,1,right_lane,adaptive,True,0.0316,40,0,23.518957345967657,0.5,0.5,3.4675065264120803,59.75,40.0,19.75,18.0,1.0,0,0,32,8,1.0,1.0,38.0
945,1,right_lane,adaptive,True,0.0316,40,0,20.643957345971565,0.5,1.5,1.519225346673693,59.75,40.0,19.75,18.0,1.0,0,0,2,38,1.0,1.0,38.0
946,1,right_lane,adaptive,True,0.0316,40,0,21.3774964406217,2.0,9.0,6.853114442084916,59.0,40.0,19.0,18.0,1.0,0,0,39,1,0.0,4.0,36.0
947,1,right_lane,adaptive,True,0.0316,40,0,20.393957345971565,0.0,13.5,4.839543953537941,60.0,40.0,20.0,18.0,1.0,0,0,40,0,0.0,0.0,40.0
948,1,right_lane,adaptive,True,0.0316,40,0,21.018957345971565,2.5,19.5,9.354152023792267,58.75,40.0,18.75,18.0,1.0,0,0,40,0,1.0,5.0,34.0
949,1,right_lane,adaptive,True,0.0316,40,0,22.393957345971565,0.5,0.5,3.689822534815903,59.75,40.0,19.75,18.0,1.0,0,0,38,2,1.0,1.0,38.0
950,1,right_lane,adaptive,True,0.0316,40,0,21.018957345971565,0.0,10.5,4.695858485996723,60.0,40.0,20.0,18.0,1.0,0,0,40,0,0.0,1.0,39.0
951,1,right_lane,adaptive,True,0.0316,40,0,21.64113860773599,0.0,6.5,4.131765442241431,60.0,40.0,20.0,18.0,1.0,0,0,38,2,0.0,1.0,39.0
952,1,right_lane,adaptive,True,0.0316,40,0,21.643957345971554,0.5,1.0,4.966131993079216,59.75,40.0,19.75,18.0,1.0,0,0,38,2,1.0,1.0,38.0
953,1,right_lane,adaptive,True,0.0316,40,0,22.393957345971565,4.0,15.5,8.614311136305332,58.0,40.0,18.0,18.0,1.0,0,0,40,0,1.0,8.0,31.0
954,1,right_lane,adaptive,True,0.0316,40,0,21.143957345971565,0.0,4.0,3.0219598417552334,60.0,40.0,20.0,18.0,1.0,0,0,32,8,0.0,0.0,40.0
955,1,right_lane,adaptive,True,0.0316,40,0,22.268957345971565,15.0,3.5,16.616586556336188,53.0,40.0,13.0,18.0,1.0,0,0,37,3,12.0,4.0,24.0
956,1,right_lane,adaptive,True,0.0316,40,0,23.643957345971565,0.0,0.5,2.477067180402628,59.5,40.0,19.5,18.0,1.0,0,0,32,8,0.0,0.0,40.0
957,1,right_lane,adaptive,True,0.0316,40,0,21.393957345971565,0.0,2.5,1.5172729157120557,60.0,40.0,20.0,18.0,1.0,0,0,13,27,0.0,1.0,39.0
958,1,right_lane,adaptive,True,0.0316,40,0,20.768957345971565,12.0,10.0,16.754457002488834,54.0,40.0,14.0,18.0,1.0,0,0,32,8,2.0,22.0,16.0
959,1,right_lane,adaptive,True,0.0316,40,0,21.643957344482878,0.0,6.0,3.8254385617328808,60.0,40.0,20.0,18.0,1.0,0,0,35,5,0.0,1.0,39.0
960,1,right_lane,adaptive,True,0.0316,40,0,20.268957345971565,0.0,6.0,5.021102525293827,60.0,40.0,20.0,18.0,1.0,0,0,40,0,0.0,1.0,39.0
961,1,right_lane,adaptive,True,0.0316,40,0,22.518957345971565,1.5,11.0,5.589521308921576,59.25,40.0,19.25,18.0,1.0,0,0,36,4,0.0,3.0,37.0
962,1,right_lane,adaptive,True,0.0316,40,0,20.643957345971565,0.0,1.0,4.091991655528545,60.0,40.0,20.0,18.0,1.0,0,0,40,0,0.0,0.0,40.0
963,1,right_lane,adaptive,True,0.0316,40,0,22.518909202470194,0.0,0.0,3.1588327548781763,60.0,40.0,20.0,18.0,1.0,0,0,36,4,0.0,0.0,40.0
964,1,right_lane,adaptive,True,0.0316,40,0,22.893957345971565,0.0,4.5,2.348821430014368,60.0,40.0,20.0,18.0,1.0,0,0,27,13,0.0,0.0,40.0
965,1,right_lane,adaptive,True,0.0316,40,0,22.124994410866286,3.0,16.0,8.66804708307609,58.5,40.0,18.5,18.0,1.0,0,0,39,1,0.0,6.0,34.0
966,1,right_lane,adaptive,True,0.0316,40,0,20.643957345971565,2.5,16.5,8.084036767482758,58.75,40.0,18.75,18.0,1.0,0,0,40,0,1.0,5.0,34.0
967,1,right_lane,adaptive,True,0.0316,40,0,22.393957345971565,0.5,6.5,4.881710078523611,59.75,40.0,19.75,18.0,1.0,0,0,38,2,1.0,1.0,38.0
968,1,right_lane,adaptive,True,0.0316,40,0,22.268957345971565,0.0,0.5,3.3898754660863233,60.0,40.0,20.0,18.0,1.0,0,0,37,3,0.0,1.0,39.0
969,1,right_lane,adaptive,True,0.0316,40,0,23.518957345971565,0.0,6.0,2.24160646149312,60.0,40.0,20.0,18.0,1.0,0,0,27,13,0.0,0.0,40.0
970,1,right_lane,adaptive,True,0.0316,40,0,23.643951644958232,0.0,1.0,2.793089146136481,60.0,40.0,20.0,18.0,1.0,0,0,35,5,0.0,1.0,39.0
971,1,right_lane,adaptive,True,0.0316,40,0,21.893951657973492,3.5,9.5,8.943653784692287,58.25,40.0,18.25,18.0,1.0,0,0,40,0,1.0,7.0,32.0
972,1,right_lane,adaptive,True,0.0316,40,0,21.893957345971565,0.0,11.0,3.7012774305039784,60.0,40.0,20.0,18.0,1.0,0,0,37,3,0.0,0.0,40.0
973,1,right_lane,adaptive,True,0.0316,40,0,21.893957345971565,6.5,2.5,10.106937011159971,56.75,40.0,16.75,18.0,1.0,0,0,37,3,5.0,5.0,30.0
974,1,right_lane,adaptive,True,0.0316,40,0,22.643957345749705,2.5,11.0,7.142357381811053,58.75,40.0,18.75,18.0,1.0,0,0,37,3,1.0,5.0,34.0
975,1,right_lane,adaptive,True,0.0316,40,0,20.768957345971565,2.0,13.5,6.785372972488403,59.0,40.0,19.0,18.0,1.0,0,0,40,0,0.0,5.0,35.0
976,1,right_lane,adaptive,True,0.0316,40,0,20.893957345971565,1.0,2.5,5.323479052294715,59.5,40.0,19.5,18.0,1.0,0,0,38,2,1.0,2.0,37.0
977,1,right_lane,adaptive,True,0.0316,40,0,24.393957345971497,11.0,10.5,15.319362661160994,54.5,40.0,14.5,18.0,1.0,0,0,39,1,6.0,12.0,22.0
978,1,right_lane,adaptive,True,0.0316,40,0,22.766504197449517,0.0,1.0,3.5359540210139357,60.0,40.0,20.0,18.0,1.0,0,0,37,3,0.0,1.0,39.0
979,1,right_lane,adaptive,True,0.0316,40,0,20.643957345971565,3.0,14.5,9.226218074560165,58.5,40.0,18.5,18.0,1.0,0,0,40,0,0.0,7.0,33.0
980,1,right_lane,adaptive,True,0.0316,40,0,23.768957345971565,0.0,8.5,3.455228590813931,60.0,40.0,20.0,18.0,1.0,0,0,37,3,0.0,0.0,40.0
981,1,right_lane,adaptive,True,0.0316,40,0,23.643908367588228,6.5,8.0,10.93801564183741,56.75,40.0,16.75,18.0,1.0,0,0,38,2,1.0,12.0,27.0
982,1,right_lane,adaptive,True,0.0316,40,0,20.643957345971494,1.5,4.5,5.936540178954601,59.25,40.0,19.25,18.0,1.0,0,0,40,0,1.0,3.0,36.0
983,1,right_lane,adaptive,True,0.0316,30,1,24.525276461290204,5.5,1.5,6.917045867681281,42.25,30.0,12.25,18.0,1.0,0,0,17,13,5.0,3.0,22.0
984,1,right_lane,adaptive,True,0.0316,40,0,23.768957345971565,5.0,4.0,7.895897254605188,57.5,40.0,17.5,18.0,1.0,0,0,34,6,1.0,10.0,29.0
985,1,right_lane,adaptive,True,0.0316,40,0,22.018957345971565,7.5,5.5,12.567376229912043,56.5,40.0,16.5,18.0,1.0,0,0,40,0,3.0,10.0,27.0
986,1,right_lane,adaptive,True,0.0316,40,0,22.26895734571614,3.5,13.0,8.072337436737143,58.0,40.0,18.0,18.0,1.0,0,0,39,1,0.0,8.0,32.0
987,1,right_lane,adaptive,True,0.0316,40,0,22.768957345971565,2.0,9.5,6.720841135216688,59.0,40.0,19.0,18.0,1.0,0,0,38,2,1.0,4.0,35.0
988,1,right_lane,adaptive,True,0.0316,40,0,22.893957345971565,0.0,3.5,3.7282319975429346,60.0,40.0,20.0,18.0,1.0,0,0,37,3,0.0,0.0,40.0
989,1,right_lane,adaptive,True,0.0316,40,0,22.393957345971565,2.0,9.5,6.485692726032312,59.0,40.0,19.0,18.0,1.0,0,0,39,1,0.0,4.0,36.0
990,1,right_lane,adaptive,True,0.0316,40,0,22.143957345971565,0.0,4.5,3.4338386070066917,60.0,40.0,20.0,18.0,1.0,0,0,30,10,0.0,1.0,39.0
991,1,right_lane,adaptive,True,0.0316,40,0,21.268957332952905,3.5,6.5,6.8661124929594735,58.25,40.0,18.25,18.0,1.0,0,0,22,18,0.0,8.0,32.0
992,1,right_lane,adaptive,True,0.0316,40,0,21.268957345971565,1.5,13.0,7.107985138893127,59.25,40.0,19.25,18.0,1.0,0,0,40,0,0.0,4.0,36.0
993,1,right_lane,adaptive,True,0.0316,40,0,22.018957345971565,7.5,7.5,12.066285707056522,56.25,40.0,16.25,18.0,1.0,0,0,40,0,6.0,5.0,29.0
994,1,right_lane,adaptive,True,0.0316,40,0,22.393957345971565,4.5,5.0,8.439370877193141,58.0,40.0,18.0,18.0,1.0,0,0,37,3,1.0,8.0,31.0
995,1,right_lane,adaptive,True,0.0316,40,0,20.768957345971565,2.5,9.0,7.224874660372734,58.5,40.0,18.5,18.0,1.0,0,0,40,0,0.0,5.0,35.0
996,1,right_lane,adaptive,True,0.0316,40,0,22.393957345967657,0.0,2.5,2.770343660703361,60.0,40.0,20.0,18.0,1.0,0,0,30,10,0.0,1.0,39.0
997,1,right_lane,adaptive,True,0.0316,40,0,23.018957345971565,0.0,1.0,3.1767162621054013,60.0,40.0,20.0,18.0,1.0,0,0,36,4,0.0,0.0,40.0
998,1,right_lane,adaptive,True,0.0316,40,0,21.768957345971565,0.0,2.5,3.514010191985335,60.0,40.0,20.0,18.0,1.0,0,0,37,3,0.0,0.0,40.0
999,1,right_lane,adaptive,True,0.0316,40,0,21.143957345971565,0.0,3.5,4.178283680230379,60.0,40.0,20.0,18.0,1.0,0,0,40,0,0.0,1.0,39.0
