episode_id,policy_freq,profile,method,filter,value,episode_length,collision,mean_speed,total_cost,total_avoided_cost,total_expected_cost,total_reward,total_basic_reward,total_added_reward,mean_iterations_to_converge,convergence_rate,outcome_unchanged_count,outcome_naively_augmented_count,outcome_rcps_augmented_count,outcome_projection_count,lane_0_time,lane_1_time,lane_2_time
0,1,right_lane,adaptive,False,0.05,40,0,22.268957345971565,0.5,6.0,4.608472113156722,62.878397181182535,43.62839718118255,19.25,18.0,1.0,0,0,34,6,1.0,1.0,38.0
1,1,right_lane,adaptive,False,0.05,40,0,22.39391909147172,0.0,0.5,3.272515425167512,63.5793364593207,43.8293364593207,19.75,18.0,1.0,0,0,35,5,0.0,1.0,39.0
2,1,right_lane,adaptive,False,0.05,40,0,20.768957345971565,8.0,14.5,13.400122832506895,57.48033175355451,41.2303317535545,16.25,18.0,1.0,0,0,40,0,0.0,15.0,25.0
3,1,right_lane,adaptive,False,0.05,40,0,21.643957345971565,0.0,9.5,3.9092843963126143,62.63033175355449,42.63033175355449,20.0,18.0,1.0,0,0,38,2,0.0,0.0,40.0
4,1,right_lane,adaptive,False,0.05,40,0,20.893957345971565,0.0,2.0,4.230959185224492,61.17939651911743,41.42939651911743,19.75,18.0,1.0,0,0,37,3,0.0,1.0,39.0
5,1,right_lane,adaptive,False,0.05,40,0,20.393957345971565,0.5,10.0,5.670478284358978,59.87839717648496,40.62839717648496,19.25,18.0,1.0,0,0,40,0,1.0,1.0,38.0
6,1,right_lane,adaptive,False,0.05,40,0,20.643957345971565,12.0,16.0,18.374747328460217,54.77839455012756,41.02839455012756,13.75,18.0,1.0,0,0,40,0,1.0,23.0,16.0
7,1,right_lane,adaptive,False,0.05,40,0,21.143957260126378,0.5,5.5,3.959839956428823,61.078398267720964,41.82839826772097,19.25,18.0,1.0,0,0,32,8,1.0,1.0,38.0
8,1,right_lane,adaptive,False,0.05,40,0,20.893957345971565,0.0,12.5,4.6425478011369705,61.4303317535545,41.43033175355451,20.0,18.0,1.0,0,0,40,0,0.0,0.0,40.0
9,1,right_lane,adaptive,False,0.05,40,0,22.26895733124236,0.0,1.5,3.6868509275009274,63.379396495550715,43.629396495550715,19.75,18.0,1.0,0,0,36,4,0.0,1.0,39.0
10,1,right_lane,adaptive,False,0.05,40,0,22.39395726012593,0.0,7.0,3.6006728055084523,63.830331616201484,43.83033161620149,20.0,18.0,1.0,0,0,35,5,0.0,0.0,40.0
11,1,right_lane,adaptive,False,0.05,20,1,25.287914662535183,0.0,1.0,1.3428538945352102,34.23033173002814,24.23033173002815,10.0,18.0,1.0,0,0,15,5,0.0,0.0,20.0
12,1,right_lane,adaptive,False,0.05,40,0,21.356377104427974,0.5,2.0,4.315519545335974,61.41827001786976,42.16827001786976,19.25,18.0,1.0,0,0,37,3,1.0,1.0,38.0
13,1,right_lane,adaptive,False,0.05,40,0,20.268957345971565,0.0,20.0,5.834715612232685,60.430331753554505,40.430331753554505,20.0,18.0,1.0,0,0,40,0,0.0,0.0,40.0
14,1,right_lane,adaptive,False,0.05,40,0,20.393957345971565,0.0,16.5,4.863426066935062,60.37939766652045,40.62939766652045,19.75,18.0,1.0,0,0,40,0,0.0,1.0,39.0
15,1,right_lane,adaptive,False,0.05,40,0,21.018957331493432,0.5,9.0,5.2195020943568124,60.878398379878924,41.62839837987893,19.25,18.0,1.0,0,0,39,1,1.0,1.0,38.0
16,1,right_lane,adaptive,False,0.05,40,0,22.893956692596,0.0,7.5,3.976097859987931,64.37939662302982,44.6293966230298,19.75,18.0,1.0,0,0,34,6,0.0,1.0,39.0
17,1,right_lane,adaptive,False,0.05,40,0,22.018957345971565,0.5,10.5,4.77390002627817,62.9803317535545,43.2303317535545,19.75,18.0,1.0,0,0,35,5,0.0,1.0,39.0
18,1,right_lane,adaptive,False,0.05,40,0,21.018957345971565,0.5,11.0,5.369916092604399,60.87839840507327,41.62839840507326,19.25,18.0,1.0,0,0,40,0,1.0,1.0,38.0
19,1,right_lane,adaptive,False,0.05,40,0,20.518957345971565,0.0,9.0,5.0957490131258965,60.57939766773994,40.82939766773995,19.75,18.0,1.0,0,0,40,0,0.0,1.0,39.0
20,1,right_lane,adaptive,False,0.05,40,0,21.018957345971565,3.0,18.5,8.38252840936184,59.87847426191393,41.62847426191394,18.25,18.0,1.0,0,0,40,0,0.0,7.0,33.0
21,1,right_lane,adaptive,False,0.05,40,0,20.893957345971565,0.0,4.0,4.365846265107393,61.17939832963656,41.42939832963656,19.75,18.0,1.0,0,0,40,0,0.0,1.0,39.0
22,1,right_lane,adaptive,False,0.05,3,1,25.0,1.5,0.5,1.5848283767700195,4.598198036970558,3.598198036970558,1.0,18.0,1.0,0,0,3,0,0.0,2.0,1.0
23,1,right_lane,adaptive,False,0.05,40,0,21.268957345971565,3.0,11.0,8.069123037159443,60.02746056245117,42.02746056245116,18.0,18.0,1.0,0,0,40,0,1.0,6.0,33.0
24,1,right_lane,adaptive,False,0.05,40,0,21.643957334666847,2.5,7.0,6.85843937844038,61.37844527833244,42.62844527833244,18.75,18.0,1.0,0,0,40,0,0.0,5.0,35.0
25,1,right_lane,adaptive,False,0.05,40,0,21.143957345971565,0.0,12.0,4.463740135439366,61.8303317535545,41.8303317535545,20.0,18.0,1.0,0,0,38,2,0.0,0.0,40.0
26,1,right_lane,adaptive,False,0.05,40,0,21.39395734574631,0.0,3.0,3.6662090119607456,61.97939651434136,42.22939651434135,19.75,18.0,1.0,0,0,33,7,0.0,1.0,39.0
27,1,right_lane,adaptive,False,0.05,17,1,20.92695846110954,0.5,9.0,3.734531909227371,25.378397176484945,17.628397176484945,7.75,18.0,1.0,0,0,17,0,1.0,1.0,15.0
28,1,right_lane,adaptive,False,0.05,40,0,21.26895734597149,6.0,4.5,9.909724121058389,58.77870601797856,42.02870601797856,16.75,18.0,1.0,0,0,36,4,0.0,13.0,27.0
29,1,right_lane,adaptive,False,0.05,40,0,23.643957345971565,0.0,1.5,3.4530125166184007,65.8303317535545,45.83033175355451,20.0,18.0,1.0,0,0,33,7,0.0,0.0,40.0
30,1,right_lane,adaptive,False,0.05,40,0,20.76895734597105,0.0,0.5,4.109722673892975,61.230331753553685,41.230331753553685,20.0,18.0,1.0,0,0,40,0,0.0,0.0,40.0
31,1,right_lane,adaptive,False,0.05,40,0,24.266504184652195,0.0,3.5,2.9327611251324015,66.8264066954435,46.82640669544351,20.0,18.0,1.0,0,0,37,3,0.0,0.0,40.0
32,1,right_lane,adaptive,False,0.05,40,0,21.51895733126767,0.5,6.5,4.982129213403823,61.67839715295873,42.42839715295872,19.25,18.0,1.0,0,0,38,2,1.0,1.0,38.0
33,1,right_lane,adaptive,False,0.05,40,0,21.018957345971565,0.0,0.5,3.108307134360075,61.379397667741145,41.629397667741145,19.75,18.0,1.0,0,0,40,0,0.0,1.0,39.0
34,1,right_lane,adaptive,False,0.05,40,0,21.268957345971565,0.0,2.0,3.463618596215383,61.77939651470176,42.02939651470176,19.75,18.0,1.0,0,0,38,2,0.0,1.0,39.0
35,1,right_lane,adaptive,False,0.05,40,0,20.393957345971565,0.5,4.5,5.419654808938503,59.87839717648496,40.62839717648496,19.25,18.0,1.0,0,0,40,0,1.0,1.0,38.0
36,1,right_lane,adaptive,False,0.05,40,0,21.393957345971565,0.0,5.5,4.26638685155433,62.2303317535545,42.2303317535545,20.0,18.0,1.0,0,0,39,1,0.0,0.0,40.0
37,1,right_lane,adaptive,False,0.05,40,0,21.143957334666847,2.5,5.5,7.361552871763706,60.07846562945345,41.82846562945345,18.25,18.0,1.0,0,0,40,0,1.0,5.0,34.0
38,1,right_lane,adaptive,False,0.05,40,0,21.393957345971565,1.5,11.0,6.190765984356403,61.47963774912696,42.22963774912696,19.25,18.0,1.0,0,0,40,0,0.0,3.0,37.0
39,1,right_lane,adaptive,False,0.05,40,0,23.518957344031918,4.0,8.0,8.741446622523654,63.12798254069223,45.627982540692216,17.5,18.0,1.0,0,0,38,2,1.0,8.0,31.0
40,1,right_lane,adaptive,False,0.05,40,0,21.143957345971113,0.0,9.5,4.466917275807305,61.830331753553786,41.83033175355379,20.0,18.0,1.0,0,0,38,2,0.0,0.0,40.0
41,1,right_lane,adaptive,False,0.05,40,0,21.268957345971565,0.0,9.5,4.2884408459067345,62.0303317535545,42.0303317535545,20.0,18.0,1.0,0,0,40,0,0.0,0.0,40.0
42,1,right_lane,adaptive,False,0.05,40,0,20.641789654728687,0.0,20.5,5.3577840104699135,60.77592936053184,41.02592936053184,19.75,18.0,1.0,0,0,40,0,0.0,1.0,39.0
43,1,right_lane,adaptive,False,0.05,40,0,21.018956608239495,0.0,0.0,3.2594313248991966,61.6303305731832,41.630330573183194,20.0,18.0,1.0,0,0,40,0,0.0,0.0,40.0
44,1,right_lane,adaptive,False,0.05,28,1,21.634224779959375,0.0,6.0,2.9710787162184715,43.830331753554496,29.830331753554496,14.0,18.0,1.0,0,0,28,0,0.0,0.0,28.0
45,1,right_lane,adaptive,False,0.05,40,0,23.768914804622565,2.5,4.5,5.522078679679453,64.52839645663421,46.02839645663421,18.5,18.0,1.0,0,0,27,13,0.0,6.0,34.0
46,1,right_lane,adaptive,False,0.05,40,0,24.516460808425666,0.5,2.0,3.6063913868983946,66.72401042240774,47.224010422407744,19.5,18.0,1.0,0,0,31,9,0.0,2.0,38.0
47,1,right_lane,adaptive,False,0.05,40,0,21.393957260126378,0.0,0.0,3.4589388454642176,62.23033161620221,42.23033161620221,20.0,18.0,1.0,0,0,38,2,0.0,0.0,40.0
48,1,right_lane,adaptive,False,0.05,40,0,21.893957247136935,0.0,3.5,4.068759017422735,62.779398171550675,43.02939817155068,19.75,18.0,1.0,0,0,39,1,0.0,1.0,39.0
49,1,right_lane,adaptive,False,0.05,40,0,21.268957345971565,0.0,0.5,3.6539949948200956,62.0303317535545,42.0303317535545,20.0,18.0,1.0,0,0,38,2,0.0,0.0,40.0
50,1,right_lane,adaptive,False,0.05,40,0,20.64395734426102,0.0,7.5,3.7758498514740495,60.7793965119649,41.02939651196489,19.75,18.0,1.0,0,0,32,8,0.0,1.0,39.0
51,1,right_lane,adaptive,False,0.05,40,0,20.768957345971565,1.5,3.5,5.021458933129907,60.73033175355451,41.2303317535545,19.5,18.0,1.0,0,0,39,1,0.0,2.0,38.0
52,1,right_lane,adaptive,False,0.05,40,0,21.018957345971565,0.5,13.0,5.366053430426291,60.87839840434149,41.628398404341496,19.25,18.0,1.0,0,0,37,3,1.0,1.0,38.0
53,1,right_lane,adaptive,False,0.05,40,0,24.518957345971565,0.0,1.5,3.1680385644045828,66.9793983296861,47.22939832968609,19.75,18.0,1.0,0,0,31,9,0.0,1.0,39.0
54,1,right_lane,adaptive,False,0.05,40,0,23.518957344286836,0.0,4.5,2.4698895032630617,65.63033175085893,45.63033175085893,20.0,18.0,1.0,0,0,25,15,0.0,0.0,40.0
55,1,right_lane,adaptive,False,0.05,40,0,21.893957345941395,5.0,16.0,11.08351269364357,60.026749576792525,43.02674957679251,17.0,18.0,1.0,0,0,40,0,1.0,10.0,29.0
56,1,right_lane,adaptive,False,0.05,40,0,20.268957345971565,0.0,6.0,3.346411638893187,60.179396514701764,40.42939651470176,19.75,18.0,1.0,0,0,29,11,0.0,1.0,39.0
57,1,right_lane,adaptive,False,0.05,40,0,23.143957345971565,0.0,0.5,3.214598555041448,65.0303317535545,45.0303317535545,20.0,18.0,1.0,0,0,34,6,0.0,0.0,40.0
58,1,right_lane,adaptive,False,0.05,40,0,21.64395660823559,0.0,11.0,3.8031635066167837,62.63033057317695,42.63033057317695,20.0,18.0,1.0,0,0,34,6,0.0,0.0,40.0
59,1,right_lane,adaptive,False,0.05,40,0,21.268957345971565,0.5,3.5,4.884626056453271,61.27839717648503,42.02839717648503,19.25,18.0,1.0,0,0,38,2,1.0,1.0,38.0
60,1,right_lane,adaptive,False,0.05,40,0,21.018957345971565,2.5,12.5,7.469945161086798,60.379397667741145,41.629397667741145,18.75,18.0,1.0,0,0,36,4,0.0,5.0,35.0
61,1,right_lane,adaptive,False,0.05,40,0,21.893957345971565,0.0,5.0,4.117657462214538,62.7793983296861,43.02939832968611,19.75,18.0,1.0,0,0,38,2,0.0,1.0,39.0
62,1,right_lane,adaptive,False,0.05,10,1,21.07582937702842,0.0,5.0,1.9521109759807587,15.430331750811368,10.43033175081137,5.0,18.0,1.0,0,0,10,0,0.0,0.0,10.0
63,1,right_lane,adaptive,False,0.05,40,0,24.143957248821653,0.5,2.5,3.440054886828193,65.87839824890165,46.62839824890164,19.25,18.0,1.0,0,0,29,11,1.0,1.0,38.0
64,1,right_lane,adaptive,False,0.05,40,0,21.14395658245665,1.5,13.5,6.9369901195168495,60.828701023026476,41.82870102302647,19.0,18.0,1.0,0,0,40,0,0.0,4.0,36.0
65,1,right_lane,adaptive,False,0.05,40,0,20.750291158299813,4.5,19.0,10.937803909182549,58.94761188267571,41.19761188267571,17.75,18.0,1.0,0,0,40,0,2.0,5.0,33.0
66,1,right_lane,adaptive,False,0.05,40,0,22.393957345971565,4.5,1.0,8.006488174200058,61.07870430541115,43.82870430541116,17.25,18.0,1.0,0,0,40,0,1.0,9.0,30.0
67,1,right_lane,adaptive,False,0.05,40,0,24.143957333174246,0.0,2.0,2.629333179975106,66.3793983092104,46.629398309210394,19.75,18.0,1.0,0,0,25,15,0.0,1.0,39.0
68,1,right_lane,adaptive,False,0.05,40,0,23.518957345971565,0.0,10.5,4.286818534583517,65.37939651470175,45.62939651470175,19.75,18.0,1.0,0,0,34,6,0.0,1.0,39.0
69,1,right_lane,adaptive,False,0.05,40,0,21.393957345967717,0.0,5.5,3.2864179481111933,61.97939766773497,42.22939766773498,19.75,18.0,1.0,0,0,30,10,0.0,1.0,39.0
70,1,right_lane,adaptive,False,0.05,40,0,21.268957345971565,0.5,8.5,5.147080939786974,61.27839910886089,42.02839910886089,19.25,18.0,1.0,0,0,37,3,1.0,1.0,38.0
71,1,right_lane,adaptive,False,0.05,40,0,22.143957345775522,0.5,7.5,4.8856404166072025,62.67839910854722,43.428399108547225,19.25,18.0,1.0,0,0,39,1,1.0,1.0,38.0
72,1,right_lane,adaptive,False,0.05,40,0,20.393957345971565,0.5,6.0,5.616508550941944,59.87839717648496,40.62839717648496,19.25,18.0,1.0,0,0,40,0,1.0,1.0,38.0
73,1,right_lane,adaptive,False,0.05,40,0,20.393957345971565,0.0,9.0,5.118664778769016,60.37939766652045,40.62939766652045,19.75,18.0,1.0,0,0,40,0,0.0,1.0,39.0
74,1,right_lane,adaptive,False,0.05,40,0,23.518957345971565,0.5,2.0,3.4688839740824733,64.8783991088609,45.628399108860904,19.25,18.0,1.0,0,0,33,7,1.0,1.0,38.0
75,1,right_lane,adaptive,False,0.05,40,0,21.01895174379286,0.5,9.5,5.546781107783318,60.87838821299904,41.628388212999035,19.25,18.0,1.0,0,0,40,0,1.0,1.0,38.0
76,1,right_lane,adaptive,False,0.05,40,0,20.518919754889087,0.0,7.5,4.7283066883683205,60.579337520788485,40.829337520788485,19.75,18.0,1.0,0,0,40,0,0.0,1.0,39.0
77,1,right_lane,adaptive,False,0.05,40,0,20.393957345971565,0.0,13.0,5.253914147615433,60.37939766652045,40.62939766652045,19.75,18.0,1.0,0,0,40,0,0.0,1.0,39.0
78,1,right_lane,adaptive,False,0.05,40,0,21.64395734574631,9.0,7.5,13.648022882640362,57.627771188499366,42.627771188499366,15.0,18.0,1.0,0,0,40,0,1.0,18.0,21.0
79,1,right_lane,adaptive,False,0.05,10,1,21.575829331809555,0.5,5.5,2.8277950137853622,14.878397155654278,10.628397155654278,4.25,18.0,1.0,0,0,10,0,1.0,1.0,8.0
80,1,right_lane,adaptive,False,0.05,40,0,20.268957345971565,0.0,18.5,4.88530720770359,60.430331753554505,40.430331753554505,20.0,18.0,1.0,0,0,40,0,0.0,0.0,40.0
81,1,right_lane,adaptive,False,0.05,40,0,21.893957345971494,2.5,6.5,7.320799566805363,61.278447310292194,43.02844731029219,18.25,18.0,1.0,0,0,40,0,1.0,5.0,34.0
82,1,right_lane,adaptive,False,0.05,40,0,21.766461656101036,0.0,2.5,3.6826729703798264,62.82633864976167,42.82633864976167,20.0,18.0,1.0,0,0,38,2,0.0,0.0,40.0
83,1,right_lane,adaptive,False,0.05,40,0,22.018957345971565,2.5,7.5,5.980130600300072,61.72775702372863,43.22775702372863,18.5,18.0,1.0,0,0,37,3,0.0,6.0,34.0
84,1,right_lane,adaptive,False,0.05,40,0,24.018957345971565,0.5,0.0,3.728628341366857,65.6783991088609,46.428399108860894,19.25,18.0,1.0,0,0,34,6,1.0,1.0,38.0
85,1,right_lane,adaptive,False,0.05,40,0,21.268957345971565,0.0,4.5,3.5249992465458035,61.77939766774114,42.02939766774114,19.75,18.0,1.0,0,0,34,6,0.0,1.0,39.0
86,1,right_lane,adaptive,False,0.05,40,0,22.518957345971565,0.0,4.0,3.2402991682224638,64.0303317535545,44.030331753554506,20.0,18.0,1.0,0,0,35,5,0.0,0.0,40.0
87,1,right_lane,adaptive,False,0.05,40,0,20.768957345971565,0.0,15.0,5.293662793934345,60.979397667741154,41.22939766774115,19.75,18.0,1.0,0,0,40,0,0.0,1.0,39.0
88,1,right_lane,adaptive,False,0.05,14,1,21.839878130702264,0.0,0.5,1.3421457782387733,22.03033175319327,15.030331753193268,7.0,18.0,1.0,0,0,14,0,0.0,0.0,14.0
89,1,right_lane,adaptive,False,0.05,29,1,20.543389442719402,0.0,15.0,4.949627183377743,43.87939766652045,29.629397666520447,14.25,18.0,1.0,0,0,29,0,0.0,1.0,28.0
90,1,right_lane,adaptive,False,0.05,40,0,24.643957345971565,0.0,0.0,2.6631371931534886,67.43033175355451,47.43033175355451,20.0,18.0,1.0,0,0,32,8,0.0,0.0,40.0
91,1,right_lane,adaptive,False,0.05,40,0,21.643908451722865,0.0,8.0,4.294167181402372,62.379319435722536,42.629319435722536,19.75,18.0,1.0,0,0,37,3,0.0,1.0,39.0
92,1,right_lane,adaptive,False,0.05,40,0,20.393957345971565,0.0,20.0,6.800167292356491,60.6303317535545,40.6303317535545,20.0,18.0,1.0,0,0,40,0,0.0,0.0,40.0
93,1,right_lane,adaptive,False,0.05,40,0,22.89395723434353,3.0,3.0,6.447644718510674,62.87870420546233,44.62870420546233,18.25,18.0,1.0,0,0,32,8,1.0,5.0,34.0
94,1,right_lane,adaptive,False,0.05,40,0,22.108867844032495,1.5,13.0,6.448251361565781,62.624185925694775,43.37418592569478,19.25,18.0,1.0,0,0,39,1,0.0,3.0,37.0
95,1,right_lane,adaptive,False,0.05,40,0,20.268957345971565,0.0,18.5,5.567706562578678,60.179396514701764,40.42939651470176,19.75,18.0,1.0,0,0,40,0,0.0,1.0,39.0
96,1,right_lane,adaptive,False,0.05,40,0,25.018957345971565,1.5,3.0,4.5902040272318345,67.02775865846154,48.02775865846152,19.0,18.0,1.0,0,0,29,11,0.0,4.0,36.0
97,1,right_lane,adaptive,False,0.05,40,0,22.018956608209834,0.0,6.5,3.9481140266898365,62.97939648732237,43.22939648732237,19.75,18.0,1.0,0,0,35,5,0.0,1.0,39.0
98,1,right_lane,adaptive,False,0.05,40,0,23.356370665453404,3.0,3.5,6.074893420431181,63.61759972080259,45.36759972080258,18.25,18.0,1.0,0,0,36,4,0.0,7.0,33.0
99,1,right_lane,adaptive,False,0.05,40,0,20.893957345971565,1.5,5.5,5.992551043629646,60.42937898513085,41.42937898513085,19.0,18.0,1.0,0,0,40,0,0.0,4.0,36.0
100,1,right_lane,adaptive,False,0.05,40,0,21.268957345971565,0.5,4.0,4.665882742032409,61.27839840434149,42.028398404341495,19.25,18.0,1.0,0,0,39,1,1.0,1.0,38.0
101,1,right_lane,adaptive,False,0.05,40,0,22.14395734596714,3.5,7.5,7.295778596522723,61.67898853444348,43.42898853444348,18.25,18.0,1.0,0,0,37,3,0.0,7.0,33.0
102,1,right_lane,adaptive,False,0.05,40,0,21.143957345971565,2.0,9.5,7.23523423075676,60.32770290603037,41.82770290603036,18.5,18.0,1.0,0,0,40,0,1.0,4.0,35.0
103,1,right_lane,adaptive,False,0.05,40,0,20.518957345971565,0.0,7.0,5.0265932604670525,60.57939766773994,40.82939766773995,19.75,18.0,1.0,0,0,40,0,0.0,1.0,39.0
104,1,right_lane,adaptive,False,0.05,40,0,20.268957345971565,0.0,3.0,4.031612992286682,60.430331753554505,40.430331753554505,20.0,18.0,1.0,0,0,40,0,0.0,0.0,40.0
105,1,right_lane,adaptive,False,0.05,40,0,24.143957345971558,8.5,1.5,11.782979238587473,61.87728875928145,46.62728875928145,15.25,18.0,1.0,0,0,38,2,7.0,5.0,28.0
106,1,right_lane,adaptive,False,0.05,40,0,23.875005701017248,4.5,1.0,7.883526788770723,63.44697253250784,46.19697253250786,17.25,18.0,1.0,0,0,37,3,1.0,9.0,30.0
107,1,right_lane,adaptive,False,0.05,40,0,21.893957345971565,0.5,1.0,1.6228839243658513,62.278399108860896,43.028399108860896,19.25,18.0,1.0,0,0,7,33,1.0,1.0,38.0
108,1,right_lane,adaptive,False,0.05,40,0,22.268957345971565,1.5,4.5,6.052249071525239,62.62870432494017,43.62870432494018,19.0,18.0,1.0,0,0,38,2,0.0,4.0,36.0
109,1,right_lane,adaptive,False,0.05,40,0,22.893957345971565,2.0,0.0,4.817658729294635,63.62963992101912,44.62963992101912,19.0,18.0,1.0,0,0,36,4,0.0,4.0,36.0
110,1,right_lane,adaptive,False,0.05,40,0,22.018957344482878,0.0,2.0,3.139088024199282,63.2303317511726,43.23033175117259,20.0,18.0,1.0,0,0,38,2,0.0,0.0,40.0
111,1,right_lane,adaptive,False,0.05,33,1,20.174493752692804,0.0,16.5,5.696427822113037,49.73033175355451,33.2303317535545,16.5,18.0,1.0,0,0,33,0,0.0,0.0,33.0
112,1,right_lane,adaptive,False,0.05,40,0,21.018957345971565,0.5,2.0,5.144564285986689,60.87839840434149,41.628398404341496,19.25,18.0,1.0,0,0,38,2,1.0,1.0,38.0
113,1,right_lane,adaptive,False,0.05,40,0,21.768957345971565,0.5,2.0,4.743742324179038,62.0783984050733,42.8283984050733,19.25,18.0,1.0,0,0,39,1,1.0,1.0,38.0
114,1,right_lane,adaptive,False,0.05,40,0,21.643957345971554,0.0,1.0,3.8131325356662273,62.630331753554486,42.630331753554486,20.0,18.0,1.0,0,0,40,0,0.0,0.0,40.0
115,1,right_lane,adaptive,False,0.05,40,0,21.643957345971565,0.5,10.5,5.064010098959216,61.87839840507333,42.6283984050733,19.25,18.0,1.0,0,0,39,1,1.0,1.0,38.0
116,1,right_lane,adaptive,False,0.05,40,0,20.393957345971565,0.0,8.5,4.966586276888847,60.37939766652045,40.62939766652045,19.75,18.0,1.0,0,0,40,0,0.0,1.0,39.0
117,1,right_lane,adaptive,False,0.05,40,0,21.143957345716583,0.0,7.5,3.7352229697207804,61.83033175314654,41.83033175314653,20.0,18.0,1.0,0,0,37,3,0.0,0.0,40.0
118,1,right_lane,adaptive,False,0.05,40,0,23.000043292099726,2.0,12.0,6.1597922481100795,63.298427927624886,44.79842792762487,18.5,18.0,1.0,0,0,36,4,1.0,4.0,35.0
119,1,right_lane,adaptive,False,0.05,40,0,23.643957345971113,0.0,5.0,3.2110127375617594,65.83033175355378,45.83033175355378,20.0,18.0,1.0,0,0,35,5,0.0,0.0,40.0
120,1,right_lane,adaptive,False,0.05,40,0,21.39395734594184,0.0,0.0,3.801214980777331,61.97939766769359,42.22939766769358,19.75,18.0,1.0,0,0,37,3,0.0,1.0,39.0
121,1,right_lane,adaptive,False,0.05,40,0,20.393957345971565,0.0,12.5,4.765896089375019,60.37939766652045,40.62939766652045,19.75,18.0,1.0,0,0,40,0,0.0,1.0,39.0
122,1,right_lane,adaptive,False,0.05,40,0,21.143957345971565,0.0,2.0,2.8232170697301626,61.57939766774115,41.82939766774115,19.75,18.0,1.0,0,0,38,2,0.0,1.0,39.0
123,1,right_lane,adaptive,False,0.05,40,0,22.393957345971565,0.0,11.5,4.586144947450066,63.5793983296861,43.82939832968611,19.75,18.0,1.0,0,0,38,2,0.0,1.0,39.0
124,1,right_lane,adaptive,False,0.05,40,0,21.518957334666847,0.0,11.5,3.931719973042277,62.430331735466964,42.43033173546696,20.0,18.0,1.0,0,0,34,6,0.0,0.0,40.0
125,1,right_lane,adaptive,False,0.05,40,0,21.643957344031914,3.5,7.5,7.832311667501926,60.87962548916057,42.629625489160574,18.25,18.0,1.0,0,0,40,0,0.0,7.0,33.0
126,1,right_lane,adaptive,False,0.05,40,0,21.393957345971565,0.0,1.0,4.422642116653151,61.979398329686106,42.2293983296861,19.75,18.0,1.0,0,0,39,1,0.0,1.0,39.0
127,1,right_lane,adaptive,False,0.05,40,0,22.018957345971565,0.0,0.5,3.5283785246207344,63.2303317535545,43.2303317535545,20.0,18.0,1.0,0,0,36,4,0.0,0.0,40.0
128,1,right_lane,adaptive,False,0.05,40,0,22.143957345971565,3.5,2.5,7.585378085506363,61.678043954047624,43.428043954047624,18.25,18.0,1.0,0,0,38,2,0.0,7.0,33.0
129,1,right_lane,adaptive,False,0.05,40,0,22.268957345971565,16.5,0.0,16.15695424916339,55.88033175355449,43.630331753554486,12.25,18.0,1.0,0,0,32,8,15.0,1.0,24.0
130,1,right_lane,adaptive,False,0.05,40,0,21.268957345971565,0.0,1.0,3.8377806562359638,61.7793983296861,42.02939832968611,19.75,18.0,1.0,0,0,39,1,0.0,1.0,39.0
131,1,right_lane,adaptive,False,0.05,40,0,22.516783204681968,11.0,7.5,14.475687400772586,58.77614398801466,44.02614398801467,14.75,18.0,1.0,0,0,38,2,6.0,9.0,25.0
132,1,right_lane,adaptive,False,0.05,40,0,22.377496440621762,0.0,7.0,4.28512072190108,63.55306021918145,43.80306021918146,19.75,18.0,1.0,0,0,36,4,0.0,1.0,39.0
133,1,right_lane,adaptive,False,0.05,40,0,21.893957345971565,0.0,0.5,3.196034863456134,63.0303317535545,43.03033175355449,20.0,18.0,1.0,0,0,37,3,0.0,0.0,40.0
134,1,right_lane,adaptive,False,0.05,40,0,20.393957345971565,0.5,1.5,4.762583993375301,59.87839717648496,40.62839717648496,19.25,18.0,1.0,0,0,40,0,1.0,1.0,38.0
135,1,right_lane,adaptive,False,0.05,40,0,21.018957345971565,0.0,3.0,4.072248887270689,61.63033175355451,41.63033175355451,20.0,18.0,1.0,0,0,40,0,0.0,0.0,40.0
136,1,right_lane,adaptive,False,0.05,40,0,21.268957345971565,1.5,18.5,7.179735943675041,61.02962355832837,42.02962355832837,19.0,18.0,1.0,0,0,40,0,0.0,4.0,36.0
137,1,right_lane,adaptive,False,0.05,40,0,22.768634282877322,0.0,3.0,3.4297151621394733,64.42981485260371,44.42981485260371,20.0,18.0,1.0,0,0,37,3,0.0,0.0,40.0
138,1,right_lane,adaptive,False,0.05,40,0,20.643957345971565,0.5,1.0,4.399257592856884,60.2783984043395,41.0283984043395,19.25,18.0,1.0,0,0,40,0,1.0,1.0,38.0
139,1,right_lane,adaptive,False,0.05,40,0,20.268957345971565,0.0,20.0,5.307352133095264,60.430331753554505,40.430331753554505,20.0,18.0,1.0,0,0,40,0,0.0,0.0,40.0
140,1,right_lane,adaptive,False,0.05,40,0,22.018957345971565,0.0,0.5,2.521046383324574,63.230331753554495,43.23033175355451,20.0,18.0,1.0,0,0,34,6,0.0,0.0,40.0
141,1,right_lane,adaptive,False,0.05,40,0,21.393957344231296,0.5,10.0,4.217996095043418,62.230331750770084,42.230331750770084,20.0,18.0,1.0,0,0,36,4,0.0,0.0,40.0
142,1,right_lane,adaptive,False,0.05,40,0,24.518957260126378,0.0,2.0,3.244672265812369,66.9793981923338,47.22939819233379,19.75,18.0,1.0,0,0,33,7,0.0,1.0,39.0
143,1,right_lane,adaptive,False,0.05,40,0,21.643957345971565,0.5,3.0,5.038240842978212,61.87839910886088,42.62839910886088,19.25,18.0,1.0,0,0,37,3,1.0,1.0,38.0
144,1,right_lane,adaptive,False,0.05,40,0,20.768957345971565,2.5,15.0,8.384191639721394,59.47704647769601,41.227046477696,18.25,18.0,1.0,0,0,40,0,1.0,5.0,34.0
145,1,right_lane,adaptive,False,0.05,40,0,22.106086696879405,11.5,11.5,16.19792663319822,57.61809662664692,43.368096626646924,14.25,18.0,1.0,0,0,39,1,5.0,13.0,22.0
146,1,right_lane,adaptive,False,0.05,40,0,21.893957345716643,0.0,2.0,3.6445174207801756,62.779397667333264,43.029397667333264,19.75,18.0,1.0,0,0,38,2,0.0,1.0,39.0
147,1,right_lane,adaptive,False,0.05,40,0,21.14395734597155,0.0,0.5,3.3741016561307333,61.579397666520435,41.82939766652043,19.75,18.0,1.0,0,0,39,1,0.0,1.0,39.0
148,1,right_lane,adaptive,False,0.05,40,0,23.268956694084615,0.5,3.0,4.281891075202566,64.47839806584179,45.22839806584179,19.25,18.0,1.0,0,0,34,6,1.0,1.0,38.0
149,1,right_lane,adaptive,False,0.05,40,0,22.893957345971565,6.5,4.0,10.303671315312386,60.8772866712616,44.62728667126161,16.25,18.0,1.0,0,0,40,0,4.0,7.0,29.0
150,1,right_lane,adaptive,False,0.05,40,0,20.768957345971565,0.0,2.5,4.198606808717159,61.2303317535545,41.23033175355451,20.0,18.0,1.0,0,0,38,2,0.0,0.0,40.0
151,1,right_lane,adaptive,False,0.05,40,0,22.89395734597098,3.0,11.0,7.848639223722216,62.87805249597296,44.62805249597297,18.25,18.0,1.0,0,0,38,2,0.0,7.0,33.0
152,1,right_lane,adaptive,False,0.05,40,0,22.893957344035314,2.5,12.5,6.891349845194782,63.37963837412384,44.62963837412384,18.75,18.0,1.0,0,0,37,3,0.0,5.0,35.0
153,1,right_lane,adaptive,False,0.05,40,0,22.768957345971565,0.5,5.0,4.386991170245892,63.6783991088609,44.42839910886089,19.25,18.0,1.0,0,0,35,5,1.0,1.0,38.0
154,1,right_lane,adaptive,False,0.05,40,0,21.643957345971565,0.5,8.5,5.49819987219189,61.87839717648497,42.62839717648497,19.25,18.0,1.0,0,0,37,3,1.0,1.0,38.0
155,1,right_lane,adaptive,False,0.05,40,0,22.643957332952905,4.0,11.0,8.99750304316467,62.22870542562683,44.22870542562681,18.0,18.0,1.0,0,0,38,2,0.0,8.0,32.0
156,1,right_lane,adaptive,False,0.05,40,0,22.018957345971565,2.5,6.5,7.188340822172904,61.72962330848554,43.22962330848555,18.5,18.0,1.0,0,0,37,3,0.0,6.0,34.0
157,1,right_lane,adaptive,False,0.05,40,0,23.268957260126378,7.0,4.0,10.171445453499473,61.47801156035424,45.228011560354254,16.25,18.0,1.0,0,0,37,3,4.0,7.0,29.0
158,1,right_lane,adaptive,False,0.05,40,0,23.26649774762126,5.5,13.5,10.925143294036388,61.97266643085214,45.22266643085216,16.75,18.0,1.0,0,0,40,0,2.0,9.0,29.0
159,1,right_lane,adaptive,False,0.05,40,0,21.518957345971565,4.5,7.5,9.39509253948927,59.67665344107409,42.42665344107408,17.25,18.0,1.0,0,0,40,0,3.0,5.0,32.0
160,1,right_lane,adaptive,False,0.05,40,0,20.393957345971565,0.5,13.5,5.736340761184692,59.87839717648496,40.62839717648496,19.25,18.0,1.0,0,0,40,0,1.0,1.0,38.0
161,1,right_lane,adaptive,False,0.05,40,0,22.14395090893671,4.0,9.5,9.34468112885952,60.92774352451467,43.42774352451467,17.5,18.0,1.0,0,0,40,0,1.0,8.0,31.0
162,1,right_lane,adaptive,False,0.05,40,0,22.268957345971565,0.0,0.0,3.012428010158146,63.6303317535545,43.63033175355451,20.0,18.0,1.0,0,0,38,2,0.0,0.0,40.0
163,1,right_lane,adaptive,False,0.05,40,0,21.393957345971486,1.5,8.0,6.0715116424316875,61.47939766651339,42.22939766651338,19.25,18.0,1.0,0,0,37,3,0.0,3.0,37.0
164,1,right_lane,adaptive,False,0.05,40,0,21.768671888689,0.0,4.5,3.3985137491254136,62.578940936089715,42.828940936089715,19.75,18.0,1.0,0,0,30,10,0.0,1.0,39.0
165,1,right_lane,adaptive,False,0.05,33,1,21.538130116329167,0.5,1.0,3.0843985678366153,50.77839840434078,35.02839840434078,15.75,18.0,1.0,0,0,29,4,1.0,1.0,31.0
166,1,right_lane,adaptive,False,0.05,40,0,21.518957345971565,0.0,11.0,4.3223193188702,62.4303317535545,42.4303317535545,20.0,18.0,1.0,0,0,37,3,0.0,0.0,40.0
167,1,right_lane,adaptive,False,0.05,40,0,20.518957345971565,0.0,5.5,4.355799399316311,60.8303317535545,40.8303317535545,20.0,18.0,1.0,0,0,40,0,0.0,0.0,40.0
168,1,right_lane,adaptive,False,0.05,40,0,20.518957345971565,0.5,10.0,5.911894001066685,60.07839840304393,40.828398403043934,19.25,18.0,1.0,0,0,40,0,1.0,1.0,38.0
169,1,right_lane,adaptive,False,0.05,40,0,22.018957345971565,9.5,13.0,14.582661740481853,58.228212154504384,43.228212154504384,15.0,18.0,1.0,0,0,40,0,2.0,16.0,22.0
170,1,right_lane,adaptive,False,0.05,40,0,21.39395734593844,0.5,10.5,5.459109872885165,61.47839840428777,42.22839840428777,19.25,18.0,1.0,0,0,37,3,1.0,1.0,38.0
171,1,right_lane,adaptive,False,0.05,40,0,21.018957345971565,2.0,14.5,7.92271064221859,60.12658133097694,41.62658133097694,18.5,18.0,1.0,0,0,40,0,1.0,4.0,35.0
172,1,right_lane,adaptive,False,0.05,40,0,21.018957345971565,0.5,1.0,3.9388971030712128,60.87839840434077,41.62839840434077,19.25,18.0,1.0,0,0,40,0,1.0,1.0,38.0
173,1,right_lane,adaptive,False,0.05,40,0,20.62749644062177,0.0,4.0,3.9797560460865498,61.00399430499483,41.00399430499483,20.0,18.0,1.0,0,0,40,0,0.0,0.0,40.0
174,1,right_lane,adaptive,False,0.05,40,0,21.768957345971565,2.0,15.5,7.17440968205301,61.82844354200569,42.82844354200569,19.0,18.0,1.0,0,0,38,2,0.0,4.0,36.0
175,1,right_lane,adaptive,False,0.05,40,0,21.518628695453636,0.0,6.5,3.2152502879871463,62.42980591272582,42.429805912725826,20.0,18.0,1.0,0,0,34,6,0.0,0.0,40.0
176,1,right_lane,adaptive,False,0.05,40,0,21.64150418272032,0.0,6.0,4.277893228440917,62.37547260531846,42.62547260531846,19.75,18.0,1.0,0,0,37,3,0.0,1.0,39.0
177,1,right_lane,adaptive,False,0.05,40,0,21.018957345971565,0.5,4.0,4.625133910402383,60.87839840434149,41.628398404341496,19.25,18.0,1.0,0,0,37,3,1.0,1.0,38.0
178,1,right_lane,adaptive,False,0.05,9,1,21.750921098254235,0.5,4.0,1.6310206651687622,14.130331595371523,9.630331595371525,4.5,18.0,1.0,0,0,9,0,0.0,0.0,9.0
179,1,right_lane,adaptive,False,0.05,40,0,21.393957345971565,0.0,7.0,4.215705552211148,61.97939766774182,42.22939766774182,19.75,18.0,1.0,0,0,38,2,0.0,1.0,39.0
180,1,right_lane,adaptive,False,0.05,40,0,23.12500009886436,5.0,8.5,9.654295954477675,62.24743800845226,44.99743800845226,17.25,18.0,1.0,0,0,37,3,0.0,11.0,29.0
181,1,right_lane,adaptive,False,0.05,40,0,20.768957345971565,0.0,0.5,3.143255677074194,60.979396514718964,41.22939651471896,19.75,18.0,1.0,0,0,40,0,0.0,1.0,39.0
182,1,right_lane,adaptive,False,0.05,40,0,23.268957345971565,0.0,1.5,2.32489641986524,65.23033175355451,45.2303317535545,20.0,18.0,1.0,0,0,24,16,0.0,0.0,40.0
183,1,right_lane,adaptive,False,0.05,40,0,21.62749644062177,0.0,2.5,3.4419061727721783,62.603994304994835,42.603994304994835,20.0,18.0,1.0,0,0,38,2,0.0,0.0,40.0
184,1,right_lane,adaptive,False,0.05,40,0,21.018957345971565,0.0,7.0,3.8124362015023507,61.6303317535545,41.6303317535545,20.0,18.0,1.0,0,0,36,4,0.0,0.0,40.0
185,1,right_lane,adaptive,False,0.05,40,0,22.018957345971565,0.0,1.0,4.170594485780157,62.979398329686106,43.229398329686106,19.75,18.0,1.0,0,0,36,4,0.0,1.0,39.0
186,1,right_lane,adaptive,False,0.05,40,0,21.393913305060828,0.0,15.5,5.194506872971033,61.97932604924459,42.229326049244584,19.75,18.0,1.0,0,0,38,2,0.0,1.0,39.0
187,1,right_lane,adaptive,False,0.05,40,0,23.64395164498405,3.0,3.5,6.902229122817516,64.07961446248324,45.82961446248323,18.25,18.0,1.0,0,0,40,0,0.0,7.0,33.0
188,1,right_lane,adaptive,False,0.05,14,1,23.26844955437671,0.5,0.0,1.9730715453624725,22.579398326582556,15.829398326582556,6.75,18.0,1.0,0,0,14,0,0.0,1.0,13.0
189,1,right_lane,adaptive,False,0.05,40,0,21.018957345971565,0.5,5.0,5.1446168422698975,60.87839910880876,41.628399108808765,19.25,18.0,1.0,0,0,40,0,1.0,1.0,38.0
190,1,right_lane,adaptive,False,0.05,40,0,23.268957345971565,0.0,9.0,3.901486336373864,64.97939766774114,45.229397667741154,19.75,18.0,1.0,0,0,33,7,0.0,1.0,39.0
191,1,right_lane,adaptive,False,0.05,40,0,20.518957345971565,0.5,0.0,4.574063002384719,60.07839840304393,40.828398403043934,19.25,18.0,1.0,0,0,39,1,1.0,1.0,38.0
192,1,right_lane,adaptive,False,0.05,40,0,22.14395723434353,3.0,6.5,7.358844635622518,61.678050502402016,43.428050502402016,18.25,18.0,1.0,0,0,38,2,0.0,7.0,33.0
193,1,right_lane,adaptive,False,0.05,40,0,22.643957334666847,0.0,6.0,3.431004855781339,64.23033173546696,44.230331735466955,20.0,18.0,1.0,0,0,36,4,0.0,0.0,40.0
194,1,right_lane,adaptive,False,0.05,40,0,20.268957345971565,0.0,10.0,4.873882859945297,60.179396514701764,40.42939651470176,19.75,18.0,1.0,0,0,40,0,0.0,1.0,39.0
195,1,right_lane,adaptive,False,0.05,40,0,20.893957345971554,0.0,7.5,3.33378869396347,61.43033175355448,41.43033175355448,20.0,18.0,1.0,0,0,35,5,0.0,0.0,40.0
196,1,right_lane,adaptive,False,0.05,28,1,22.348510493880923,1.5,3.5,4.877059366554022,43.628704058470085,30.62870405847009,13.0,18.0,1.0,0,0,28,0,0.0,4.0,24.0
197,1,right_lane,adaptive,False,0.05,40,0,22.768957345971565,0.0,7.5,3.732181645095352,64.4303317535545,44.43033175355449,20.0,18.0,1.0,0,0,36,4,0.0,0.0,40.0
198,1,right_lane,adaptive,False,0.05,40,0,21.893957345971565,0.0,7.0,3.204065989144965,63.0303317535545,43.030331753554506,20.0,18.0,1.0,0,0,38,2,0.0,0.0,40.0
199,1,right_lane,adaptive,False,0.05,40,0,22.877496354776138,0.0,11.5,4.145192723062337,64.35306008182846,44.60306008182847,19.75,18.0,1.0,0,0,37,3,0.0,1.0,39.0
200,1,right_lane,adaptive,False,0.05,40,0,24.393957345971565,0.0,0.5,1.4015463062318076,67.0303317535545,47.0303317535545,20.0,18.0,1.0,0,0,19,21,0.0,0.0,40.0
201,1,right_lane,adaptive,False,0.05,40,0,20.518957345971565,0.0,3.5,4.002301372587681,60.8303317535545,40.8303317535545,20.0,18.0,1.0,0,0,40,0,0.0,0.0,40.0
202,1,right_lane,adaptive,False,0.05,40,0,22.893629347340514,13.0,6.5,17.107962988152167,58.12909615939476,44.62909615939477,13.5,18.0,1.0,0,0,37,3,0.0,26.0,14.0
203,1,right_lane,adaptive,False,0.05,40,0,21.893951547834142,0.0,8.0,3.8001420899536242,63.03032247653465,43.030322476534636,20.0,18.0,1.0,0,0,38,2,0.0,0.0,40.0
204,1,right_lane,adaptive,False,0.05,40,0,21.518957345971565,0.0,6.0,4.163922311505303,62.430331753554505,42.430331753554505,20.0,18.0,1.0,0,0,38,2,0.0,0.0,40.0
205,1,right_lane,adaptive,False,0.05,40,0,20.518957345971565,0.5,14.5,6.190581113100052,60.07839840304393,40.828398403043934,19.25,18.0,1.0,0,0,40,0,1.0,1.0,38.0
206,1,right_lane,adaptive,False,0.05,40,0,21.643957345971565,0.0,5.5,3.969779206869134,62.37939832968611,42.629398329686104,19.75,18.0,1.0,0,0,36,4,0.0,1.0,39.0
207,1,right_lane,adaptive,False,0.05,40,0,21.518957345971565,0.0,7.5,4.287295749253758,62.43033175355451,42.43033175355451,20.0,18.0,1.0,0,0,38,2,0.0,0.0,40.0
208,1,right_lane,adaptive,False,0.05,12,1,22.14652444317463,0.0,1.0,1.5941296964883804,18.779397646910468,13.029397646910466,5.75,18.0,1.0,0,0,12,0,0.0,1.0,11.0
209,1,right_lane,adaptive,False,0.05,40,0,21.247832407624884,0.5,1.0,4.361675606700601,61.244597275130275,41.994597275130275,19.25,18.0,1.0,0,0,38,2,1.0,1.0,38.0
210,1,right_lane,adaptive,False,0.05,40,0,22.62749644062177,6.5,5.5,8.803501460387452,61.203994304994836,44.20399430499483,17.0,18.0,1.0,0,0,21,19,0.0,12.0,28.0
211,1,right_lane,adaptive,False,0.05,40,0,21.143957345971565,0.0,14.0,4.8217691261965,61.57939832968609,41.8293983296861,19.75,18.0,1.0,0,0,39,1,0.0,1.0,39.0
212,1,right_lane,adaptive,False,0.05,40,0,20.518957345971565,0.5,4.0,5.652829606086016,60.07839840304393,40.828398403043934,19.25,18.0,1.0,0,0,40,0,1.0,1.0,38.0
213,1,right_lane,adaptive,False,0.05,40,0,20.518957345971565,0.5,3.0,5.3713366612792015,60.07839717648497,40.82839717648497,19.25,18.0,1.0,0,0,40,0,1.0,1.0,38.0
214,1,right_lane,adaptive,False,0.05,40,0,20.518957345971565,0.0,2.5,4.425305001437664,60.57939766773994,40.82939766773995,19.75,18.0,1.0,0,0,40,0,0.0,1.0,39.0
215,1,right_lane,adaptive,False,0.05,40,0,20.893957345971565,0.0,6.0,4.287890080476245,61.4303317535545,41.430331753554505,20.0,18.0,1.0,0,0,38,2,0.0,0.0,40.0
216,1,right_lane,adaptive,False,0.05,40,0,21.893957345971497,0.0,6.0,2.9221971808674425,62.779398329686,43.029398329685996,19.75,18.0,1.0,0,0,26,14,0.0,1.0,39.0
217,1,right_lane,adaptive,False,0.05,40,0,23.018919754888504,3.5,3.5,7.531017802612041,62.576991576781914,44.826991576781914,17.75,18.0,1.0,0,0,38,2,1.0,7.0,32.0
218,1,right_lane,adaptive,False,0.05,40,0,20.89391975488909,0.0,2.0,3.332147788256407,61.43027160782254,41.43027160782254,20.0,18.0,1.0,0,0,39,1,0.0,0.0,40.0
219,1,right_lane,adaptive,False,0.05,40,0,21.143957345971565,0.0,0.0,3.845197072461815,61.57939766774115,41.82939766774115,19.75,18.0,1.0,0,0,37,3,0.0,1.0,39.0
220,1,right_lane,adaptive,False,0.05,40,0,20.268957345971565,0.0,12.5,5.183564014732838,60.430331753554505,40.430331753554505,20.0,18.0,1.0,0,0,40,0,0.0,0.0,40.0
221,1,right_lane,adaptive,False,0.05,40,0,24.14150336085361,0.0,6.5,3.203959616762404,66.62640537736577,46.626405377365785,20.0,18.0,1.0,0,0,34,6,0.0,0.0,40.0
222,1,right_lane,adaptive,False,0.05,40,0,21.018957345775455,0.5,1.0,2.69088054355052,60.878398404025724,41.62839840402571,19.25,18.0,1.0,0,0,14,26,1.0,1.0,38.0
223,1,right_lane,adaptive,False,0.05,40,0,21.893957345971565,0.0,0.0,2.6141057767526945,63.030331753554506,43.0303317535545,20.0,18.0,1.0,0,0,38,2,0.0,0.0,40.0
224,1,right_lane,adaptive,False,0.05,40,0,20.768957345971565,0.0,1.0,4.5087025463581085,60.979397667741154,41.22939766774115,19.75,18.0,1.0,0,0,40,0,0.0,1.0,39.0
225,1,right_lane,adaptive,False,0.05,26,1,20.798395916879333,0.0,7.5,3.9365799874067307,39.57939766773994,26.829397667739947,12.75,18.0,1.0,0,0,26,0,0.0,1.0,25.0
226,1,right_lane,adaptive,False,0.05,40,0,20.268957345971565,0.0,20.0,6.088596627116203,60.430331753554505,40.430331753554505,20.0,18.0,1.0,0,0,40,0,0.0,0.0,40.0
227,1,right_lane,adaptive,False,0.05,40,0,23.26895734596758,3.0,8.5,7.871927530766698,63.72797672539316,45.22797672539315,18.5,18.0,1.0,0,0,39,1,0.0,6.0,34.0
228,1,right_lane,adaptive,False,0.05,40,0,21.018957345971565,0.0,0.0,3.8961155275255805,61.379397666520426,41.62939766652045,19.75,18.0,1.0,0,0,38,2,0.0,1.0,39.0
229,1,right_lane,adaptive,False,0.05,40,0,21.39395724882166,0.0,11.0,4.221689825025351,62.230331598114645,42.23033159811465,20.0,18.0,1.0,0,0,37,3,0.0,0.0,40.0
230,1,right_lane,adaptive,False,0.05,40,0,20.643957345971565,0.5,4.5,5.750392034649849,60.2783984043395,41.0283984043395,19.25,18.0,1.0,0,0,40,0,1.0,1.0,38.0
231,1,right_lane,adaptive,False,0.05,40,0,21.268957345971565,0.5,5.0,5.1974156983196735,61.27839910886089,42.02839910886089,19.25,18.0,1.0,0,0,40,0,1.0,1.0,38.0
232,1,right_lane,adaptive,False,0.05,31,1,22.121235285124598,3.5,14.5,8.563796229660511,47.12798246119608,33.627982461196076,13.5,18.0,1.0,0,0,31,0,1.0,6.0,24.0
233,1,right_lane,adaptive,False,0.05,14,1,24.69702066882441,6.5,5.0,8.856689125299454,20.12800315778391,16.62800315778391,3.5,18.0,1.0,0,0,14,0,1.0,12.0,1.0
234,1,right_lane,adaptive,False,0.05,40,0,20.393957345971565,0.0,9.5,4.774808019399643,60.37939766652045,40.62939766652045,19.75,18.0,1.0,0,0,40,0,0.0,1.0,39.0
235,1,right_lane,adaptive,False,0.05,40,0,22.76895724542639,4.0,11.0,8.624517714689318,61.927996998378134,44.42799699837814,17.5,18.0,1.0,0,0,38,2,1.0,8.0,31.0
236,1,right_lane,adaptive,False,0.05,40,0,20.393957345971565,0.0,17.0,6.288220547139645,60.37939766652045,40.62939766652045,19.75,18.0,1.0,0,0,40,0,0.0,1.0,39.0
237,1,right_lane,adaptive,False,0.05,40,0,21.393957345971565,0.0,0.5,3.8562044758873526,61.979398329686106,42.2293983296861,19.75,18.0,1.0,0,0,39,1,0.0,1.0,39.0
238,1,right_lane,adaptive,False,0.05,40,0,21.1439573329563,0.0,3.5,3.635446810629219,61.57939649387734,41.82939649387734,19.75,18.0,1.0,0,0,38,2,0.0,1.0,39.0
239,1,right_lane,adaptive,False,0.05,40,0,20.518957344482878,3.5,16.0,9.15679619461298,58.8293233959724,40.829323395972395,18.0,18.0,1.0,0,0,40,0,0.0,8.0,32.0
240,1,right_lane,adaptive,False,0.05,40,0,21.893957345967713,1.5,3.0,4.305908675971978,62.2782802055685,43.0282802055685,19.25,18.0,1.0,0,0,26,14,0.0,3.0,37.0
241,1,right_lane,adaptive,False,0.05,40,0,20.393957345971565,0.5,3.5,4.735538877546787,59.87839717648496,40.62839717648496,19.25,18.0,1.0,0,0,40,0,1.0,1.0,38.0
242,1,right_lane,adaptive,False,0.05,40,0,21.018957345971565,0.5,2.5,4.494445934891701,60.87839840507327,41.62839840507326,19.25,18.0,1.0,0,0,40,0,1.0,1.0,38.0
243,1,right_lane,adaptive,False,0.05,40,0,21.76895174381868,0.0,1.5,3.498251706901783,62.83032279010988,42.83032279010989,20.0,18.0,1.0,0,0,38,2,0.0,0.0,40.0
244,1,right_lane,adaptive,False,0.05,19,1,24.77674027775942,0.5,1.5,2.6514711955201165,31.3783892605866,22.6283892605866,8.75,18.0,1.0,0,0,15,4,1.0,1.0,17.0
245,1,right_lane,adaptive,False,0.05,40,0,21.518957345971565,3.5,9.0,8.29125102609396,60.67828753107932,42.42828753107932,18.25,18.0,1.0,0,0,40,0,0.0,7.0,33.0
246,1,right_lane,adaptive,False,0.05,11,1,27.331389664298047,3.5,1.5,4.785756818950176,17.47416892210162,14.224168922101619,3.25,18.0,1.0,0,0,11,0,1.0,7.0,3.0
247,1,right_lane,adaptive,False,0.05,40,0,23.518957345971565,3.5,3.5,5.751662180588482,63.62962358355962,45.62962358355962,18.0,18.0,1.0,0,0,21,19,0.0,8.0,32.0
248,1,right_lane,adaptive,False,0.05,40,0,20.268957345971565,1.0,1.0,5.418498113751411,59.42804908815525,40.42804908815524,19.0,18.0,1.0,0,0,40,0,1.0,2.0,37.0
249,1,right_lane,adaptive,False,0.05,40,0,21.268957345971565,0.5,4.5,4.992221274415442,61.27839840434149,42.028398404341495,19.25,18.0,1.0,0,0,39,1,1.0,1.0,38.0
250,1,right_lane,adaptive,False,0.05,40,0,21.231091647145412,0.0,12.5,5.25224740186809,61.96974663543266,41.96974663543266,20.0,18.0,1.0,0,0,37,3,0.0,0.0,40.0
251,1,right_lane,adaptive,False,0.05,34,1,22.375243936437133,4.0,15.0,9.331245601177216,51.72705170040689,37.22705170040689,14.5,18.0,1.0,0,0,34,0,1.0,8.0,25.0
252,1,right_lane,adaptive,False,0.05,40,0,21.89395733146377,0.5,6.0,4.669781929358805,62.278398381129016,43.02839838112902,19.25,18.0,1.0,0,0,37,3,1.0,1.0,38.0
253,1,right_lane,adaptive,False,0.05,40,0,22.268957345971565,0.5,1.5,4.6200595176560455,62.8783991088609,43.628399108860904,19.25,18.0,1.0,0,0,38,2,1.0,1.0,38.0
254,1,right_lane,adaptive,False,0.05,17,1,22.39754666571079,1.0,2.5,2.9276879168319283,26.128049077414857,18.628049077414857,7.5,18.0,1.0,0,0,15,2,1.0,2.0,14.0
255,1,right_lane,adaptive,False,0.05,40,0,21.018957345971565,0.5,11.0,5.313644020234278,60.87839910886089,41.62839910886089,19.25,18.0,1.0,0,0,39,1,1.0,1.0,38.0
256,1,right_lane,adaptive,False,0.05,20,1,21.287914691943122,0.5,4.0,2.092397356357651,30.77939766774115,21.02939766774115,9.75,18.0,1.0,0,0,13,7,0.0,1.0,19.0
257,1,right_lane,adaptive,False,0.05,40,0,20.268957345971565,0.0,0.5,4.679014854133129,60.430331753554505,40.430331753554505,20.0,18.0,1.0,0,0,40,0,0.0,0.0,40.0
258,1,right_lane,adaptive,False,0.05,40,0,20.393957345971565,0.5,7.0,5.564904406666756,59.87839717648496,40.62839717648496,19.25,18.0,1.0,0,0,40,0,1.0,1.0,38.0
259,1,right_lane,adaptive,False,0.05,40,0,22.643957345971565,4.0,6.0,8.79042685933382,61.72683989251833,44.22683989251834,17.5,18.0,1.0,0,0,37,3,1.0,8.0,31.0
260,1,right_lane,adaptive,False,0.05,40,0,20.393957345971565,0.0,6.5,4.1565491035580635,60.6303317535545,40.6303317535545,20.0,18.0,1.0,0,0,40,0,0.0,0.0,40.0
261,1,right_lane,adaptive,False,0.05,35,1,20.450236966824644,0.0,11.0,5.386440195143223,52.87939766652045,35.62939766652045,17.25,18.0,1.0,0,0,35,0,0.0,1.0,34.0
262,1,right_lane,adaptive,False,0.05,40,0,21.268957345971565,0.0,2.5,3.123394626381014,62.03033175355449,42.0303317535545,20.0,18.0,1.0,0,0,38,2,0.0,0.0,40.0
263,1,right_lane,adaptive,False,0.05,40,0,21.143957345971565,0.5,8.0,3.973770676485401,61.07839840507329,41.82839840507327,19.25,18.0,1.0,0,0,27,13,1.0,1.0,38.0
264,1,right_lane,adaptive,False,0.05,40,0,21.518957345971565,0.0,0.5,3.2989637228520223,62.4303317535545,42.4303317535545,20.0,18.0,1.0,0,0,37,3,0.0,0.0,40.0
265,1,right_lane,adaptive,False,0.05,20,1,23.787914691934265,0.0,2.5,1.1645645471717216,33.030331753547415,23.030331753547422,10.0,18.0,1.0,0,0,14,6,0.0,0.0,20.0
266,1,right_lane,adaptive,False,0.05,40,0,20.8939573329563,0.0,12.0,4.48308726772666,61.17939764569603,41.42939764569603,19.75,18.0,1.0,0,0,40,0,0.0,1.0,39.0
267,1,right_lane,adaptive,False,0.05,40,0,21.643957345971565,1.5,5.0,5.918475769460201,61.62870339728719,42.628703397287175,19.0,18.0,1.0,0,0,40,0,0.0,4.0,36.0
268,1,right_lane,adaptive,False,0.05,40,0,20.518957345971565,1.5,11.5,7.079967476427555,59.82839840304393,40.828398403043934,19.0,18.0,1.0,0,0,40,0,1.0,2.0,37.0
269,1,right_lane,adaptive,False,0.05,40,0,21.393957345971565,0.0,1.0,4.086553013013599,61.979398329686106,42.2293983296861,19.75,18.0,1.0,0,0,38,2,0.0,1.0,39.0
270,1,right_lane,adaptive,False,0.05,40,0,20.643957345971565,0.5,2.0,4.236621577292681,60.2783984043395,41.0283984043395,19.25,18.0,1.0,0,0,40,0,1.0,1.0,38.0
271,1,right_lane,adaptive,False,0.05,40,0,22.268957345971565,8.5,4.5,12.235964097082615,58.876496254847034,43.62649625484703,15.25,18.0,1.0,0,0,40,0,7.0,5.0,28.0
272,1,right_lane,adaptive,False,0.05,40,0,21.51858540506837,0.0,4.0,3.973181019653566,62.178802561075344,42.428802561075344,19.75,18.0,1.0,0,0,37,3,0.0,1.0,39.0
273,1,right_lane,adaptive,False,0.05,26,1,20.41378053226395,0.0,13.0,4.943658508360386,39.179396514701764,26.429396514701757,12.75,18.0,1.0,0,0,26,0,0.0,1.0,25.0
274,1,right_lane,adaptive,False,0.05,40,0,22.393957333178104,0.5,14.0,5.813367804430527,63.07839715603372,43.828397156033716,19.25,18.0,1.0,0,0,38,2,1.0,1.0,38.0
275,1,right_lane,adaptive,False,0.05,40,0,21.643957345971565,0.5,2.0,4.850271345483634,61.87839717648495,42.62839717648497,19.25,18.0,1.0,0,0,38,2,1.0,1.0,38.0
276,1,right_lane,adaptive,False,0.05,40,0,21.143957345971565,0.5,2.5,2.2460262019849324,61.07839717648498,41.82839717648497,19.25,18.0,1.0,0,0,9,31,1.0,1.0,38.0
277,1,right_lane,adaptive,False,0.05,40,0,20.768957345971565,0.0,6.0,4.213994517922401,61.2303317535545,41.23033175355451,20.0,18.0,1.0,0,0,40,0,0.0,0.0,40.0
278,1,right_lane,adaptive,False,0.05,40,0,21.14391975486327,0.5,7.0,5.263968694489449,61.07833825856623,41.82833825856623,19.25,18.0,1.0,0,0,39,1,1.0,1.0,38.0
279,1,right_lane,adaptive,False,0.05,40,0,22.643957345971565,0.0,1.0,3.377573902927452,63.9793983296861,44.229398329686106,19.75,18.0,1.0,0,0,36,4,0.0,1.0,39.0
280,1,right_lane,adaptive,False,0.05,40,0,23.50032874938229,0.5,3.0,3.9816785756465833,64.84859335431807,45.59859335431806,19.25,18.0,1.0,0,0,35,5,1.0,1.0,38.0
281,1,right_lane,adaptive,False,0.05,40,0,20.768957345971565,0.0,5.5,4.529481157660484,61.23033175355451,41.2303317535545,20.0,18.0,1.0,0,0,40,0,0.0,0.0,40.0
282,1,right_lane,adaptive,False,0.05,40,0,22.143957345971565,0.0,1.0,3.656599090727468,63.17939766843072,43.42939766843072,19.75,18.0,1.0,0,0,36,4,0.0,1.0,39.0
283,1,right_lane,adaptive,False,0.05,40,0,20.768957345971117,2.0,9.0,6.505677811801434,59.72893574585071,41.22893574585071,18.5,18.0,1.0,0,0,40,0,1.0,4.0,35.0
284,1,right_lane,adaptive,False,0.05,40,0,20.643957345971565,0.5,11.0,5.782639183104038,60.2783984043395,41.0283984043395,19.25,18.0,1.0,0,0,40,0,1.0,1.0,38.0
285,1,right_lane,adaptive,False,0.05,40,0,22.268908365903496,3.0,6.5,7.777557617984712,61.875799633492804,43.6257996334928,18.25,18.0,1.0,0,0,39,1,0.0,7.0,33.0
286,1,right_lane,adaptive,False,0.05,40,0,22.500005701017244,0.5,5.0,4.994955113510969,63.2480745445581,43.998074544558115,19.25,18.0,1.0,0,0,37,3,1.0,1.0,38.0
287,1,right_lane,adaptive,False,0.05,40,0,21.143957345971565,4.5,6.0,8.436224274337292,59.8303317535545,41.83033175355451,18.0,18.0,1.0,0,0,40,0,0.0,8.0,32.0
288,1,right_lane,adaptive,False,0.05,40,0,20.768957345971565,1.5,8.5,6.860230550169945,60.22846226844488,41.228462268444865,19.0,18.0,1.0,0,0,40,0,0.0,4.0,36.0
289,1,right_lane,adaptive,False,0.05,3,1,25.0,2.0,1.0,2.4965760707855225,3.848198036970558,3.598198036970558,0.25,18.0,1.0,0,0,3,0,2.0,1.0,0.0
290,1,right_lane,adaptive,False,0.05,40,0,22.643957345971565,1.5,8.0,6.337559691518436,63.228704038762274,44.22870403876228,19.0,18.0,1.0,0,0,38,2,0.0,4.0,36.0
291,1,right_lane,adaptive,False,0.05,40,0,21.018957345971565,0.5,3.0,4.853736382938223,60.87839840304392,41.62839840304393,19.25,18.0,1.0,0,0,38,2,1.0,1.0,38.0
292,1,right_lane,adaptive,False,0.05,40,0,21.518957345971565,0.0,0.0,3.661680567937765,62.17939832968611,42.42939832968611,19.75,18.0,1.0,0,0,38,2,0.0,1.0,39.0
293,1,right_lane,adaptive,False,0.05,40,0,22.518957345971558,0.5,3.0,4.361960548059187,63.27839910880879,44.028399108808784,19.25,18.0,1.0,0,0,36,4,1.0,1.0,38.0
294,1,right_lane,adaptive,False,0.05,40,0,20.268957345971565,1.0,10.5,6.115409426391125,59.929396514701764,40.42939651470176,19.5,18.0,1.0,0,0,40,0,0.0,2.0,38.0
295,1,right_lane,adaptive,False,0.05,40,0,20.89395239570556,0.5,2.0,4.420043632388115,60.678390483915166,41.428390483915166,19.25,18.0,1.0,0,0,40,0,1.0,1.0,38.0
296,1,right_lane,adaptive,False,0.05,40,0,21.018957344231804,2.0,9.0,7.247909337282181,60.378444591794086,41.628444591794086,18.75,18.0,1.0,0,0,40,0,0.0,5.0,35.0
297,1,right_lane,adaptive,False,0.05,40,1,21.018957345971565,0.5,15.0,6.794636711478233,60.87839840434077,41.62839840434077,19.25,18.0,1.0,0,0,40,0,1.0,1.0,38.0
298,1,right_lane,adaptive,False,0.05,40,0,20.768957345971565,0.5,2.5,5.1387094631791115,60.47839717648497,41.22839717648497,19.25,18.0,1.0,0,0,40,0,1.0,1.0,38.0
299,1,right_lane,adaptive,False,0.05,40,0,22.518957345971565,1.5,8.0,5.0199896253780025,63.278691805200864,44.02869180520086,19.25,18.0,1.0,0,0,36,4,0.0,3.0,37.0
300,1,right_lane,adaptive,False,0.05,40,0,21.893957345971565,0.0,0.5,3.525860041523856,63.03033175355449,43.030331753554506,20.0,18.0,1.0,0,0,38,2,0.0,0.0,40.0
301,1,right_lane,adaptive,False,0.05,40,0,22.018957345971565,3.0,1.5,6.908780537545681,61.22868988461712,43.228689884617125,18.0,18.0,1.0,0,0,40,0,1.0,6.0,33.0
302,1,right_lane,adaptive,False,0.05,40,0,20.643957345971565,0.5,3.5,5.254217728972435,60.278397176484944,41.02839717648495,19.25,18.0,1.0,0,0,40,0,1.0,1.0,38.0
303,1,right_lane,adaptive,False,0.05,40,0,22.518957344283436,1.0,5.5,5.113649231017007,63.028049085493464,44.02804908549347,19.0,18.0,1.0,0,0,37,3,1.0,2.0,37.0
304,1,right_lane,adaptive,False,0.05,40,0,21.393957345971565,0.0,0.5,3.8560559969928363,61.979398329686106,42.2293983296861,19.75,18.0,1.0,0,0,39,1,0.0,1.0,39.0
305,1,right_lane,adaptive,False,0.05,40,0,21.62749644062177,0.0,2.5,1.9995429699556553,62.603994304994835,42.60399430499484,20.0,18.0,1.0,0,0,25,15,0.0,0.0,40.0
306,1,right_lane,adaptive,False,0.05,40,0,23.518957345941384,0.5,7.0,4.6858021036309765,64.8783991088126,45.6283991088126,19.25,18.0,1.0,0,0,36,4,1.0,1.0,38.0
307,1,right_lane,adaptive,False,0.05,40,0,21.768957345967145,1.5,7.5,5.854900203645229,62.07963748309356,42.82963748309356,19.25,18.0,1.0,0,0,40,0,0.0,3.0,37.0
308,1,right_lane,adaptive,False,0.05,40,0,21.143957345971565,0.0,2.0,3.3632619783325026,61.57939766774114,41.82939766774115,19.75,18.0,1.0,0,0,38,2,0.0,1.0,39.0
309,1,right_lane,adaptive,False,0.05,40,0,21.018957345971565,0.0,3.0,4.403790402620871,61.37939766774114,41.62939766774115,19.75,18.0,1.0,0,0,38,2,0.0,1.0,39.0
310,1,right_lane,adaptive,False,0.05,23,1,22.641664949515754,0.5,3.0,3.3502222511233413,36.17839910886088,25.428399108860884,10.75,18.0,1.0,0,0,22,1,1.0,1.0,21.0
311,1,right_lane,adaptive,False,0.05,40,0,21.018957345971565,3.0,1.5,7.85249600559473,59.62805445324144,41.62805445324144,18.0,18.0,1.0,0,0,40,0,1.0,6.0,33.0
312,1,right_lane,adaptive,False,0.05,40,0,21.393957345971565,0.0,10.5,3.960100966232858,62.2303317535545,42.230331753554495,20.0,18.0,1.0,0,0,38,2,0.0,0.0,40.0
313,1,right_lane,adaptive,False,0.05,40,0,22.768957345968165,0.0,2.0,3.873791884165257,64.17939832968067,44.429398329680666,19.75,18.0,1.0,0,0,36,4,0.0,1.0,39.0
314,1,right_lane,adaptive,False,0.05,40,0,20.643957345971565,0.5,9.5,4.099902812178698,60.27839717648495,41.02839717648496,19.25,18.0,1.0,0,0,28,12,1.0,1.0,38.0
315,1,right_lane,adaptive,False,0.05,40,0,21.143957345971565,0.0,14.5,4.738356334804848,61.57939766774183,41.82939766774182,19.75,18.0,1.0,0,0,38,2,0.0,1.0,39.0
316,1,right_lane,adaptive,False,0.05,40,0,21.018957345971565,0.0,4.0,3.9274539113521314,61.63033175355449,41.6303317535545,20.0,18.0,1.0,0,0,37,3,0.0,0.0,40.0
317,1,right_lane,adaptive,False,0.05,40,0,21.143957345971565,1.5,2.5,5.0143172182142735,60.82846341725653,41.82846341725653,19.0,18.0,1.0,0,0,40,0,0.0,4.0,36.0
318,1,right_lane,adaptive,False,0.05,40,0,21.768957345971494,0.0,3.0,3.564307821143302,62.83033175355441,42.830331753554404,20.0,18.0,1.0,0,0,38,2,0.0,0.0,40.0
319,1,right_lane,adaptive,False,0.05,40,0,20.518957345971565,0.0,0.5,1.314277085836693,60.8303317535545,40.8303317535545,20.0,18.0,1.0,0,0,16,24,0.0,0.0,40.0
320,1,right_lane,adaptive,False,0.05,40,0,20.893957345971565,0.0,3.0,4.086887814104557,61.43033175355451,41.4303317535545,20.0,18.0,1.0,0,0,40,0,0.0,0.0,40.0
321,1,right_lane,adaptive,False,0.05,40,0,21.393957345971565,3.5,14.0,9.356629930436611,59.97805506794847,42.22805506794847,17.75,18.0,1.0,0,0,40,0,1.0,7.0,32.0
322,1,right_lane,adaptive,False,0.05,40,0,22.143957345971554,0.0,1.0,3.5850179937951907,63.17939766843069,43.42939766843071,19.75,18.0,1.0,0,0,37,3,0.0,1.0,39.0
323,1,right_lane,adaptive,False,0.05,40,0,20.64395734594575,0.5,16.5,6.048480570316315,60.27839717644365,41.02839717644365,19.25,18.0,1.0,0,0,40,0,1.0,1.0,38.0
324,1,right_lane,adaptive,False,0.05,40,0,22.893957345971565,0.5,6.0,4.751513213084081,63.87839840434078,44.62839840434077,19.25,18.0,1.0,0,0,35,5,1.0,1.0,38.0
325,1,right_lane,adaptive,False,0.05,40,0,21.393957345971565,0.0,5.0,3.5339954457649583,62.230331753554495,42.2303317535545,20.0,18.0,1.0,0,0,33,7,0.0,0.0,40.0
326,1,right_lane,adaptive,False,0.05,40,0,22.893914804623012,0.0,2.5,2.8961043256601897,64.63026368739682,44.63026368739682,20.0,18.0,1.0,0,0,32,8,0.0,0.0,40.0
327,1,right_lane,adaptive,False,0.05,40,0,20.268957345971565,0.0,14.5,5.848277270793915,60.430331753554505,40.430331753554505,20.0,18.0,1.0,0,0,40,0,0.0,0.0,40.0
328,1,right_lane,adaptive,False,0.05,16,1,20.672393364928887,0.0,5.0,2.811442069709301,24.17939651470175,16.429396514701747,7.75,18.0,1.0,0,0,16,0,0.0,1.0,15.0
329,1,right_lane,adaptive,False,0.05,40,0,22.393957345971565,0.0,8.0,3.92565906382697,63.8303317535545,43.830331753554496,20.0,18.0,1.0,0,0,35,5,0.0,0.0,40.0
330,1,right_lane,adaptive,False,0.05,40,0,20.518957345971565,2.0,18.0,7.974116414785385,59.57759699780236,40.82759699780236,18.75,18.0,1.0,0,0,40,0,0.0,5.0,35.0
331,1,right_lane,adaptive,False,0.05,40,0,21.374720243734682,0.0,2.0,3.6490739680593833,61.948617151139956,42.198617151139956,19.75,18.0,1.0,0,0,39,1,0.0,1.0,39.0
332,1,right_lane,adaptive,False,0.05,40,0,22.50032874937786,0.0,3.5,3.4096908964532417,64.00052599900458,44.00052599900458,20.0,18.0,1.0,0,0,39,1,0.0,0.0,40.0
333,1,right_lane,adaptive,False,0.05,40,0,22.268957260126317,0.5,11.0,5.056217158296818,62.87839897150849,43.62839897150852,19.25,18.0,1.0,0,0,36,4,1.0,1.0,38.0
334,1,right_lane,adaptive,False,0.05,40,0,21.018957345971565,0.0,2.0,3.9850995121905726,61.37939766843071,41.62939766843072,19.75,18.0,1.0,0,0,38,2,0.0,1.0,39.0
335,1,right_lane,adaptive,False,0.05,40,0,24.733544795667456,1.5,5.5,4.191498381470865,67.07274062914968,47.57274062914967,19.5,18.0,1.0,0,0,31,9,0.0,2.0,38.0
336,1,right_lane,adaptive,False,0.05,40,0,21.518956596934782,0.0,4.0,4.259220919102972,62.17939646928298,42.429396469282985,19.75,18.0,1.0,0,0,35,5,0.0,1.0,39.0
337,1,right_lane,adaptive,False,0.05,40,0,22.393957345971565,1.5,0.0,4.801131431003341,63.078692083045624,43.82869208304563,19.25,18.0,1.0,0,0,37,3,0.0,3.0,37.0
338,1,right_lane,adaptive,False,0.05,40,0,22.143957345971565,1.5,2.5,5.546214329675422,62.4277577193875,43.42775771938749,19.0,18.0,1.0,0,0,37,3,0.0,4.0,36.0
339,1,right_lane,adaptive,False,0.05,40,0,22.018957345971565,6.0,11.5,10.992770676001783,60.478676304581654,43.228676304581654,17.25,18.0,1.0,0,0,38,2,0.0,11.0,29.0
340,1,right_lane,adaptive,False,0.05,40,0,21.893957345971117,0.5,1.0,4.266786890984349,62.27839910886018,43.028399108860185,19.25,18.0,1.0,0,0,38,2,1.0,1.0,38.0
341,1,right_lane,adaptive,False,0.05,40,0,20.768957345971565,0.5,3.5,4.450220030150376,60.47839840304875,41.22839840304875,19.25,18.0,1.0,0,0,38,2,1.0,1.0,38.0
342,1,right_lane,adaptive,False,0.05,40,0,20.518957345971565,0.5,11.0,5.5702125281095505,60.07839840304393,40.828398403043934,19.25,18.0,1.0,0,0,40,0,1.0,1.0,38.0
343,1,right_lane,adaptive,False,0.05,40,0,22.893957345971565,6.0,4.5,9.57944071071688,61.62685959253188,44.62685959253188,17.0,18.0,1.0,0,0,39,1,4.0,4.0,32.0
344,1,right_lane,adaptive,False,0.05,35,1,22.16452268111036,0.0,3.5,3.5371414783130604,55.27939766773994,38.02939766773995,17.25,18.0,1.0,0,0,30,5,0.0,1.0,34.0
345,1,right_lane,adaptive,False,0.05,40,0,21.893957345970982,0.0,7.5,4.222196648828685,62.779397668429745,43.029397668429745,19.75,18.0,1.0,0,0,38,2,0.0,1.0,39.0
346,1,right_lane,adaptive,False,0.05,40,0,21.393957345971565,4.0,11.5,9.456846855434833,60.229398329686106,42.2293983296861,18.0,18.0,1.0,0,0,39,1,0.0,8.0,32.0
347,1,right_lane,adaptive,False,0.05,40,0,22.143957345971494,0.5,2.5,4.345044900853168,62.678399108860795,43.42839910886078,19.25,18.0,1.0,0,0,39,1,1.0,1.0,38.0
348,1,right_lane,adaptive,False,0.05,40,0,20.393957345971565,0.0,13.0,5.295160032808781,60.37939766652045,40.62939766652045,19.75,18.0,1.0,0,0,40,0,0.0,1.0,39.0
349,1,right_lane,adaptive,False,0.05,40,0,21.643957345971565,0.5,5.5,4.788828026910778,61.878398404340764,42.62839840434077,19.25,18.0,1.0,0,0,37,3,1.0,1.0,38.0
350,1,right_lane,adaptive,False,0.05,40,0,23.143957345971565,3.0,4.5,6.692840412671103,63.52939271204575,45.029392712045734,18.5,18.0,1.0,0,0,39,1,0.0,6.0,34.0
351,1,right_lane,adaptive,False,0.05,40,0,23.393951742329993,0.0,5.5,3.637306829989029,65.43032278772797,45.43032278772797,20.0,18.0,1.0,0,0,34,6,0.0,0.0,40.0
352,1,right_lane,adaptive,False,0.05,40,0,22.26895734596714,8.5,8.0,12.739459551870823,58.87572546891107,43.62572546891106,15.25,18.0,1.0,0,0,40,0,6.0,7.0,27.0
353,1,right_lane,adaptive,False,0.05,40,0,22.00249644062177,0.0,1.0,3.7717168389135622,62.95306021918147,43.203060219181474,19.75,18.0,1.0,0,0,38,2,0.0,1.0,39.0
354,1,right_lane,adaptive,False,0.05,16,1,23.484893364290173,0.0,0.0,0.6770643089239456,25.979398329277316,18.22939832927731,7.75,18.0,1.0,0,0,6,10,0.0,1.0,15.0
355,1,right_lane,adaptive,False,0.05,40,0,22.268957345971565,0.0,8.0,3.8967884525554837,63.6303317535545,43.63033175355451,20.0,18.0,1.0,0,0,38,2,0.0,0.0,40.0
356,1,right_lane,adaptive,False,0.05,40,0,21.393957345749705,0.0,13.5,4.3108253634231914,62.230331753199536,42.23033175319953,20.0,18.0,1.0,0,0,37,3,0.0,0.0,40.0
357,1,right_lane,adaptive,False,0.05,40,0,20.268957345971565,0.0,2.5,4.4870889857411385,60.430331753554505,40.430331753554505,20.0,18.0,1.0,0,0,40,0,0.0,0.0,40.0
358,1,right_lane,adaptive,False,0.05,40,0,23.643957345971565,0.0,1.0,3.2240930732114066,65.8303317535545,45.8303317535545,20.0,18.0,1.0,0,0,34,6,0.0,0.0,40.0
359,1,right_lane,adaptive,False,0.05,40,0,20.393957345971565,0.0,20.5,5.959745794534683,60.37939766652045,40.62939766652045,19.75,18.0,1.0,0,0,40,0,0.0,1.0,39.0
360,1,right_lane,adaptive,False,0.05,40,0,23.518957345749698,0.0,6.0,3.295318620141188,65.63033175319954,45.630331753199535,20.0,18.0,1.0,0,0,33,7,0.0,0.0,40.0
361,1,right_lane,adaptive,False,0.05,40,0,21.891789654732086,0.0,9.5,4.23306225054489,62.77593002370291,43.025930023702934,19.75,18.0,1.0,0,0,38,2,0.0,1.0,39.0
362,1,right_lane,adaptive,False,0.05,40,0,22.643957345971565,0.0,7.0,3.048861462829791,64.2303317535545,44.2303317535545,20.0,18.0,1.0,0,0,33,7,0.0,0.0,40.0
363,1,right_lane,adaptive,False,0.05,40,0,20.393957345971565,0.0,13.5,5.257653318345547,60.37939651470177,40.62939651470176,19.75,18.0,1.0,0,0,40,0,0.0,1.0,39.0
364,1,right_lane,adaptive,False,0.05,40,0,21.143957345971565,0.0,6.5,4.084932290017605,61.8303317535545,41.83033175355451,20.0,18.0,1.0,0,0,40,0,0.0,0.0,40.0
365,1,right_lane,adaptive,False,0.05,40,0,23.393957345971508,0.5,5.0,4.485127178996663,64.6783991088608,45.42839910886081,19.25,18.0,1.0,0,0,36,4,1.0,1.0,38.0
366,1,right_lane,adaptive,False,0.05,40,0,20.518957345971565,0.0,2.0,4.1238699071109295,60.57939766773994,40.82939766773995,19.75,18.0,1.0,0,0,40,0,0.0,1.0,39.0
367,1,right_lane,adaptive,False,0.05,40,0,20.768957345971565,0.5,1.5,4.378097828477621,60.478399108808766,41.228399108808766,19.25,18.0,1.0,0,0,40,0,1.0,1.0,38.0
368,1,right_lane,adaptive,False,0.05,40,0,21.393957345971565,0.0,6.0,4.442788829685924,61.979397667741154,42.22939766774115,19.75,18.0,1.0,0,0,38,2,0.0,1.0,39.0
369,1,right_lane,adaptive,False,0.05,40,0,20.768957345971565,0.5,3.0,5.611187405884266,60.47839840434077,41.22839840434077,19.25,18.0,1.0,0,0,40,0,1.0,1.0,38.0
370,1,right_lane,adaptive,False,0.05,3,1,25.0,1.0,0.5,1.0453848391771317,4.849067077512926,3.599067077512926,1.25,18.0,1.0,0,0,3,0,0.0,1.0,2.0
371,1,right_lane,adaptive,False,0.05,40,0,21.8917890028452,0.5,4.5,4.815020165053284,62.274929759806604,43.024929759806604,19.25,18.0,1.0,0,0,39,1,1.0,1.0,38.0
372,1,right_lane,adaptive,False,0.05,40,0,21.268957345971565,0.0,5.0,3.267916754099133,62.0303317535545,42.0303317535545,20.0,18.0,1.0,0,0,38,2,0.0,0.0,40.0
373,1,right_lane,adaptive,False,0.05,40,0,21.143957345971565,3.0,13.0,8.776039622724056,60.07847543150677,41.828475431506774,18.25,18.0,1.0,0,0,40,0,0.0,7.0,33.0
374,1,right_lane,adaptive,False,0.05,35,1,21.593094109681786,0.0,12.5,5.538379340347092,54.47939766774115,37.22939766774115,17.25,18.0,1.0,0,0,33,2,0.0,1.0,34.0
375,1,right_lane,adaptive,False,0.05,40,0,20.62749644062177,2.0,13.0,7.431442931294441,59.75205833084181,41.00205833084182,18.75,18.0,1.0,0,0,40,0,1.0,3.0,36.0
376,1,right_lane,adaptive,False,0.05,40,0,21.643957345971565,0.0,10.0,3.9368186471928084,62.3793983296861,42.62939832968609,19.75,18.0,1.0,0,0,39,1,0.0,1.0,39.0
377,1,right_lane,adaptive,False,0.05,40,0,21.01895733466685,0.0,13.0,4.295455603074515,61.63033173546696,41.63033173546696,20.0,18.0,1.0,0,0,39,1,0.0,0.0,40.0
378,1,right_lane,adaptive,False,0.05,40,0,21.143957345971565,2.0,10.5,7.738510442897677,60.57844577292464,41.82844577292463,18.75,18.0,1.0,0,0,39,1,0.0,5.0,35.0
379,1,right_lane,adaptive,False,0.05,32,1,22.21119666408947,3.5,12.0,8.922568886603017,48.577705139721054,34.82770513972104,13.75,18.0,1.0,0,0,30,2,2.0,5.0,25.0
380,1,right_lane,adaptive,False,0.05,40,0,22.393957345970982,2.5,14.0,7.830711179522041,62.07768979624464,43.82768979624465,18.25,18.0,1.0,0,0,38,2,1.0,5.0,34.0
381,1,right_lane,adaptive,False,0.05,40,0,21.76895734597105,0.0,1.5,3.449143830948742,62.579398329685276,42.82939832968526,19.75,18.0,1.0,0,0,37,3,0.0,1.0,39.0
382,1,right_lane,adaptive,False,0.05,40,0,22.143951646668775,0.5,7.0,4.844777239247378,62.678389286188796,43.4283892861888,19.25,18.0,1.0,0,0,38,2,1.0,1.0,38.0
383,1,right_lane,adaptive,False,0.05,40,0,24.518957345971565,3.5,6.0,6.864927055908993,64.97698441701151,47.226984417011515,17.75,18.0,1.0,0,0,31,9,1.0,7.0,32.0
384,1,right_lane,adaptive,False,0.05,40,0,21.143957345971565,2.5,7.5,7.1151063069701195,60.078294785266095,41.82829478526609,18.25,18.0,1.0,0,0,40,0,2.0,3.0,35.0
385,1,right_lane,adaptive,False,0.05,33,1,25.022978601177563,0.0,3.5,2.404165406897903,56.130331753554394,39.630331753554394,16.5,18.0,1.0,0,0,24,9,0.0,0.0,33.0
386,1,right_lane,adaptive,False,0.05,40,0,21.518957345971565,0.5,3.5,4.914645008742809,61.67839910880879,42.4283991088088,19.25,18.0,1.0,0,0,40,0,1.0,1.0,38.0
387,1,right_lane,adaptive,False,0.05,40,0,21.393957345968165,0.5,9.5,5.432239679304985,61.47839840303848,42.2283984030385,19.25,18.0,1.0,0,0,37,3,1.0,1.0,38.0
388,1,right_lane,adaptive,False,0.05,40,0,21.391789654732083,0.5,11.0,5.5480135306715965,61.47492887050186,42.22492887050186,19.25,18.0,1.0,0,0,40,0,1.0,1.0,38.0
389,1,right_lane,adaptive,False,0.05,40,0,21.768957345971565,0.0,7.5,3.7407661620527506,62.830331753554496,42.830331753554496,20.0,18.0,1.0,0,0,39,1,0.0,0.0,40.0
390,1,right_lane,adaptive,False,0.05,40,0,22.018957345971494,4.5,10.5,9.075459187017259,60.97804159530379,43.22804159530378,17.75,18.0,1.0,0,0,39,1,0.0,9.0,31.0
391,1,right_lane,adaptive,False,0.05,40,0,20.643957345967717,2.5,4.5,5.977021149679786,59.279332343346134,41.02933234334613,18.25,18.0,1.0,0,0,28,12,1.0,5.0,34.0
392,1,right_lane,adaptive,False,0.05,40,0,23.018957345971565,0.0,2.5,2.867010476930318,64.8303317535545,44.830331753554496,20.0,18.0,1.0,0,0,34,6,0.0,0.0,40.0
393,1,right_lane,adaptive,False,0.05,15,1,23.05055291742733,0.5,5.0,2.448672711524523,24.079397664643718,16.82939766464372,7.25,18.0,1.0,0,0,12,3,0.0,1.0,14.0
394,1,right_lane,adaptive,False,0.05,40,0,21.518957345971565,0.0,13.5,4.131515993763969,62.43033175355451,42.430331753554505,20.0,18.0,1.0,0,0,37,3,0.0,0.0,40.0
395,1,right_lane,adaptive,False,0.05,40,0,22.268957345971565,1.5,2.5,5.707019803114235,62.627760765711685,43.627760765711685,19.0,18.0,1.0,0,0,38,2,0.0,4.0,36.0
396,1,right_lane,adaptive,False,0.05,13,1,20.442945679910913,0.0,6.5,2.253550633788109,19.73033175355368,13.23033175355368,6.5,18.0,1.0,0,0,13,0,0.0,0.0,13.0
397,1,right_lane,adaptive,False,0.05,11,1,23.705296356619712,0.0,1.5,1.0073007923460864,17.879396311788888,12.629396311788888,5.25,18.0,1.0,0,0,6,5,0.0,1.0,10.0
398,1,right_lane,adaptive,False,0.05,40,0,22.768957345971565,3.5,11.5,8.585484486073256,62.178689502764136,44.428689502764136,17.75,18.0,1.0,0,0,37,3,1.0,7.0,32.0
399,1,right_lane,adaptive,False,0.05,40,0,21.143957345971565,2.0,10.0,6.887691028416157,60.82939832968609,41.8293983296861,19.0,18.0,1.0,0,0,40,0,0.0,4.0,36.0
400,1,right_lane,adaptive,False,0.05,40,0,21.518957345968165,0.0,17.0,5.2105308624454665,62.17939832968066,42.42939832968066,19.75,18.0,1.0,0,0,38,2,0.0,1.0,39.0
401,1,right_lane,adaptive,False,0.05,40,0,22.143957332923243,2.0,6.0,6.783954771410208,61.92770481793252,43.42770481793252,18.5,18.0,1.0,0,0,39,1,1.0,4.0,35.0
402,1,right_lane,adaptive,False,0.05,40,0,20.268957345971565,0.0,2.0,4.18266499042511,60.430331753554505,40.430331753554505,20.0,18.0,1.0,0,0,40,0,0.0,0.0,40.0
403,1,right_lane,adaptive,False,0.05,40,0,22.127490752623697,0.5,2.5,4.834624897584035,62.652052559504305,43.402052559504305,19.25,18.0,1.0,0,0,39,1,1.0,1.0,38.0
404,1,right_lane,adaptive,False,0.05,40,0,20.768957345971565,3.0,13.0,9.003403268754482,59.22932612886495,41.22932612886494,18.0,18.0,1.0,0,0,40,0,1.0,6.0,33.0
405,1,right_lane,adaptive,False,0.05,40,0,20.268957345971565,0.0,19.5,5.434525176882744,60.179396514701764,40.42939651470176,19.75,18.0,1.0,0,0,40,0,0.0,1.0,39.0
406,1,right_lane,adaptive,False,0.05,40,0,21.125043292099726,0.0,0.0,2.637206044048071,61.80006926735957,41.80006926735956,20.0,18.0,1.0,0,0,40,0,0.0,0.0,40.0
407,1,right_lane,adaptive,False,0.05,40,0,21.018957345971565,0.0,1.5,3.2086086980998516,61.6303317535545,41.6303317535545,20.0,18.0,1.0,0,0,40,0,0.0,0.0,40.0
408,1,right_lane,adaptive,False,0.05,40,0,21.893957345775526,3.0,8.5,7.813706799384818,61.028448358038084,43.0284483580381,18.0,18.0,1.0,0,0,37,3,1.0,6.0,33.0
409,1,right_lane,adaptive,False,0.05,40,0,21.143957345971565,0.0,5.0,3.587154055227984,61.830331753554496,41.830331753554496,20.0,18.0,1.0,0,0,38,2,0.0,0.0,40.0
410,1,right_lane,adaptive,False,0.05,40,0,20.893957345971565,0.0,3.5,4.2657875762051845,61.17939766774182,41.42939766774183,19.75,18.0,1.0,0,0,39,1,0.0,1.0,39.0
411,1,right_lane,adaptive,False,0.05,40,0,23.250000750722027,0.0,4.5,2.753399336635539,65.20000120115525,45.200001201155246,20.0,18.0,1.0,0,0,34,6,0.0,0.0,40.0
412,1,right_lane,adaptive,False,0.05,40,0,21.643957345971565,0.0,1.0,4.042478843212848,62.379398329686104,42.629398329686104,19.75,18.0,1.0,0,0,37,3,0.0,1.0,39.0
413,1,right_lane,adaptive,False,0.05,40,0,22.393957345971565,0.0,0.0,0.5783292396063189,63.8303317535545,43.830331753554496,20.0,18.0,1.0,0,0,9,31,0.0,0.0,40.0
414,1,right_lane,adaptive,False,0.05,40,0,22.018957345971565,0.0,0.0,1.0295538588579802,62.979398329686106,43.22939832968609,19.75,18.0,1.0,0,0,6,34,0.0,1.0,39.0
415,1,right_lane,adaptive,False,0.05,40,0,21.268957345971565,0.5,2.5,4.678877123740676,61.278398405073304,42.028398405073304,19.25,18.0,1.0,0,0,38,2,1.0,1.0,38.0
416,1,right_lane,adaptive,False,0.05,40,0,23.518634297606013,2.0,6.0,5.485490630079994,64.12817455287437,45.62817455287438,18.5,18.0,1.0,0,0,31,9,1.0,4.0,35.0
417,1,right_lane,adaptive,False,0.05,40,0,20.393957345968165,0.0,7.5,3.8593891374766827,60.379396514696325,40.62939651469632,19.75,18.0,1.0,0,0,40,0,0.0,1.0,39.0
418,1,right_lane,adaptive,False,0.05,40,0,20.893957345971565,0.5,6.0,5.211450181901455,60.678398404340776,41.428398404340776,19.25,18.0,1.0,0,0,40,0,1.0,1.0,38.0
419,1,right_lane,adaptive,False,0.05,31,1,20.347041736737506,0.0,15.5,5.396142348647118,46.930331753554505,31.430331753554505,15.5,18.0,1.0,0,0,31,0,0.0,0.0,31.0
420,1,right_lane,adaptive,False,0.05,9,1,21.750921098254235,0.0,5.0,1.8918089345097542,13.879397508337465,9.629397508337465,4.25,18.0,1.0,0,0,9,0,0.0,1.0,8.0
421,1,right_lane,adaptive,False,0.05,40,0,21.018957345971565,0.0,12.5,3.580839094996918,61.63033175355449,41.6303317535545,20.0,18.0,1.0,0,0,30,10,0.0,0.0,40.0
422,1,right_lane,adaptive,False,0.05,40,0,21.018957345971504,0.5,8.0,5.547093793749809,60.87839717648487,41.62839717648486,19.25,18.0,1.0,0,0,40,0,1.0,1.0,38.0
423,1,right_lane,adaptive,False,0.05,40,0,20.393957345971565,0.5,18.5,6.231988660991192,59.87839717648496,40.62839717648496,19.25,18.0,1.0,0,0,40,0,1.0,1.0,38.0
424,1,right_lane,adaptive,False,0.05,40,0,21.893957247332974,2.0,4.0,6.167772486143122,61.778465315534476,43.028465315534476,18.75,18.0,1.0,0,0,39,1,0.0,5.0,35.0
425,1,right_lane,adaptive,False,0.05,40,0,22.643957345971565,4.0,10.0,9.1570308431983,61.727034921401824,44.227034921401824,17.5,18.0,1.0,0,0,40,0,1.0,8.0,31.0
426,1,right_lane,adaptive,False,0.05,40,0,24.268957345971565,13.0,2.0,15.99929490685463,59.82356764582243,46.82356764582243,13.0,18.0,1.0,0,0,40,0,5.0,18.0,17.0
427,1,right_lane,adaptive,False,0.05,40,0,20.893957345968165,0.5,6.0,5.050957914441824,60.678399108803326,41.428399108803326,19.25,18.0,1.0,0,0,40,0,1.0,1.0,38.0
428,1,right_lane,adaptive,False,0.05,40,0,22.12749644062177,0.0,1.5,3.2657214530772762,63.40399430499484,43.40399430499483,20.0,18.0,1.0,0,0,38,2,0.0,0.0,40.0
429,1,right_lane,adaptive,False,0.05,40,0,21.393919754885683,0.5,15.5,5.973528526723385,61.47833896312349,42.22833896312349,19.25,18.0,1.0,0,0,40,0,1.0,1.0,38.0
430,1,right_lane,adaptive,False,0.05,40,0,20.768957345971565,0.5,3.0,2.118496352294642,60.47839840434077,41.22839840434077,19.25,18.0,1.0,0,0,8,32,1.0,1.0,38.0
431,1,right_lane,adaptive,False,0.05,40,0,20.893951646668775,0.5,3.5,4.718909002840519,60.6783880576005,41.4283880576005,19.25,18.0,1.0,0,0,39,1,1.0,1.0,38.0
432,1,right_lane,adaptive,False,0.05,40,0,21.268957344257174,0.5,3.5,4.957147002220154,61.27839717374193,42.028397173741936,19.25,18.0,1.0,0,0,40,0,1.0,1.0,38.0
433,1,right_lane,adaptive,False,0.05,40,0,21.643957345971565,0.0,13.5,4.776881140924161,62.379398329686104,42.629398329686104,19.75,18.0,1.0,0,0,39,1,0.0,1.0,39.0
434,1,right_lane,adaptive,False,0.05,40,0,23.768957345937984,0.0,2.0,2.9974387268316605,66.03033175350076,46.03033175350077,20.0,18.0,1.0,0,0,32,8,0.0,0.0,40.0
435,1,right_lane,adaptive,False,0.05,40,0,21.518951743818675,0.0,2.5,4.109433707798871,62.17938870429721,42.42938870429722,19.75,18.0,1.0,0,0,38,2,0.0,1.0,39.0
436,1,right_lane,adaptive,False,0.05,40,0,20.393957345971565,0.5,8.5,5.3957584872841835,59.87839717648496,40.62839717648496,19.25,18.0,1.0,0,0,40,0,1.0,1.0,38.0
437,1,right_lane,adaptive,False,0.05,40,0,21.393957345971565,0.0,12.0,4.662943640694721,62.23033175355451,42.23033175355451,20.0,18.0,1.0,0,0,37,3,0.0,0.0,40.0
438,1,right_lane,adaptive,False,0.05,40,0,20.89395733317816,0.0,11.5,4.534224025905132,61.43033173308505,41.43033173308505,20.0,18.0,1.0,0,0,40,0,0.0,0.0,40.0
439,1,right_lane,adaptive,False,0.05,40,0,20.268957345971565,0.0,9.0,4.806490398943424,60.179396514701764,40.42939651470176,19.75,18.0,1.0,0,0,40,0,0.0,1.0,39.0
440,1,right_lane,adaptive,False,0.05,40,0,21.143957345971565,0.5,12.5,5.9357096120438655,61.07839718118254,41.82839718118254,19.25,18.0,1.0,0,0,38,2,1.0,1.0,38.0
441,1,right_lane,adaptive,False,0.05,40,0,23.00249644062177,2.0,8.5,6.290562892169703,63.55205903665878,44.80205903665878,18.75,18.0,1.0,0,0,31,9,1.0,3.0,36.0
442,1,right_lane,adaptive,False,0.05,40,0,21.268957345971565,0.0,0.5,2.8648645284119993,62.0303317535545,42.0303317535545,20.0,18.0,1.0,0,0,39,1,0.0,0.0,40.0
443,1,right_lane,adaptive,False,0.05,40,0,21.393957345971565,1.5,3.5,5.724872361042799,61.47939750072922,42.22939750072923,19.25,18.0,1.0,0,0,39,1,0.0,3.0,37.0
444,1,right_lane,adaptive,False,0.05,40,0,23.268957345971565,5.0,11.0,8.861607669493083,62.47796372527566,45.22796372527566,17.25,18.0,1.0,0,0,32,8,2.0,7.0,31.0
445,1,right_lane,adaptive,False,0.05,40,0,22.018957345971565,0.0,5.5,4.041938116866277,62.979397668430714,43.22939766843072,19.75,18.0,1.0,0,0,37,3,0.0,1.0,39.0
446,1,right_lane,adaptive,False,0.05,40,0,22.518957345971565,0.0,6.5,3.51525284571926,64.0303317535545,44.030331753554506,20.0,18.0,1.0,0,0,38,2,0.0,0.0,40.0
447,1,right_lane,adaptive,False,0.05,40,0,25.14395734425377,0.0,1.0,2.4453201285439263,68.23033175080603,48.230331750806045,20.0,18.0,1.0,0,0,28,12,0.0,0.0,40.0
448,1,right_lane,adaptive,False,0.05,40,0,21.768957334666844,0.0,1.0,4.062669751627254,62.579397649653586,42.82939764965359,19.75,18.0,1.0,0,0,38,2,0.0,1.0,39.0
449,1,right_lane,adaptive,False,0.05,40,0,20.393957345971565,0.0,4.5,4.850219830870628,60.37939766652045,40.62939766652045,19.75,18.0,1.0,0,0,40,0,0.0,1.0,39.0
450,1,right_lane,adaptive,False,0.05,40,0,21.643957345971565,0.0,5.0,4.0757094811522165,62.63033175355451,42.6303317535545,20.0,18.0,1.0,0,0,37,3,0.0,0.0,40.0
451,1,right_lane,adaptive,False,0.05,40,0,21.893957345971497,0.0,4.5,3.7446094160363828,63.0303317535544,43.03033175355439,20.0,18.0,1.0,0,0,37,3,0.0,0.0,40.0
452,1,right_lane,adaptive,False,0.05,40,0,20.393957345971565,0.0,20.5,5.163618840277195,60.37939766652045,40.62939766652045,19.75,18.0,1.0,0,0,40,0,0.0,1.0,39.0
453,1,right_lane,adaptive,False,0.05,40,0,23.12500009886436,2.0,5.5,5.789407569594914,63.496427138525966,44.99642713852597,18.5,18.0,1.0,0,0,34,6,1.0,4.0,35.0
454,1,right_lane,adaptive,False,0.05,40,0,21.018957345971565,3.0,8.5,8.028772234916687,59.62805445324144,41.62805445324144,18.0,18.0,1.0,0,0,40,0,1.0,6.0,33.0
455,1,right_lane,adaptive,False,0.05,40,0,21.643957345971565,4.5,8.5,9.681065242737532,59.8765492578782,42.6265492578782,17.25,18.0,1.0,0,0,40,0,1.0,9.0,30.0
456,1,right_lane,adaptive,False,0.05,40,0,23.643957345971565,5.0,7.5,9.094329634148835,63.3278211823573,45.8278211823573,17.5,18.0,1.0,0,0,34,6,0.0,10.0,30.0
457,1,right_lane,adaptive,False,0.05,11,1,20.978026711802876,0.0,5.5,1.8378761261701584,16.930331753193265,11.430331753193268,5.5,18.0,1.0,0,0,11,0,0.0,0.0,11.0
458,1,right_lane,adaptive,False,0.05,40,0,21.268957345971565,0.0,14.5,5.574440465590669,61.77939766652045,42.02939766652043,19.75,18.0,1.0,0,0,38,2,0.0,1.0,39.0
459,1,right_lane,adaptive,False,0.05,40,0,22.51895734596765,0.0,3.5,3.5711385748072644,64.03033175354824,44.030331753548246,20.0,18.0,1.0,0,0,38,2,0.0,0.0,40.0
460,1,right_lane,adaptive,False,0.05,40,0,23.393957345967657,2.5,5.5,6.7301935342457,63.67673970131262,45.42673970131261,18.25,18.0,1.0,0,0,38,2,1.0,5.0,34.0
461,1,right_lane,adaptive,False,0.05,40,0,21.893957345971486,3.0,15.5,9.212144736837672,61.02833837107885,43.028338371078846,18.0,18.0,1.0,0,0,37,3,1.0,6.0,33.0
462,1,right_lane,adaptive,False,0.05,40,0,21.143957345971565,0.0,1.5,4.155587203800678,61.8303317535545,41.83033175355451,20.0,18.0,1.0,0,0,40,0,0.0,0.0,40.0
463,1,right_lane,adaptive,False,0.05,40,0,20.750043292099726,1.0,8.0,4.598271198570728,60.94913872256238,41.19913872256238,19.75,18.0,1.0,0,0,40,0,0.0,1.0,39.0
464,1,right_lane,adaptive,False,0.05,22,1,22.989013356310995,0.0,6.5,2.751320207001072,35.37939832968529,24.62939832968528,10.75,18.0,1.0,0,0,18,4,0.0,1.0,21.0
465,1,right_lane,adaptive,False,0.05,40,0,20.643957345971565,0.0,0.5,2.5538926464287215,61.030331753554506,41.030331753554506,20.0,18.0,1.0,0,0,32,8,0.0,0.0,40.0
466,1,right_lane,adaptive,False,0.05,40,0,21.143957345971565,0.0,1.5,3.834146431508998,61.57939651911744,41.82939651911743,19.75,18.0,1.0,0,0,38,2,0.0,1.0,39.0
467,1,right_lane,adaptive,False,0.05,40,0,20.893957345971565,0.0,2.5,1.4877956709005957,61.430331753554505,41.430331753554505,20.0,18.0,1.0,0,0,16,24,0.0,0.0,40.0
468,1,right_lane,adaptive,False,0.05,40,0,20.768957345971565,5.5,11.5,10.21594332123641,58.22839840304393,41.228398403043926,17.0,18.0,1.0,0,0,37,3,1.0,10.0,29.0
469,1,right_lane,adaptive,False,0.05,40,0,21.268950896143306,6.0,10.0,10.228006042540073,59.02826882879024,42.02826882879024,17.0,18.0,1.0,0,0,40,0,4.0,4.0,32.0
470,1,right_lane,adaptive,False,0.05,40,0,22.268957345971565,0.0,1.0,3.5150466449322266,63.37939832968611,43.629398329686104,19.75,18.0,1.0,0,0,38,2,0.0,1.0,39.0
471,1,right_lane,adaptive,False,0.05,40,0,21.393957345971565,0.0,14.5,4.365160967246538,62.2303317535545,42.2303317535545,20.0,18.0,1.0,0,0,37,3,0.0,0.0,40.0
472,1,right_lane,adaptive,False,0.05,40,0,21.75249644062177,0.0,1.5,3.642422368298412,62.80399430499483,42.80399430499483,20.0,18.0,1.0,0,0,38,2,0.0,0.0,40.0
473,1,right_lane,adaptive,False,0.05,40,0,21.518957345971565,2.5,1.0,6.4997368939220905,60.67892998571786,42.42892998571786,18.25,18.0,1.0,0,0,40,0,2.0,3.0,35.0
474,1,right_lane,adaptive,False,0.05,40,0,21.37749644062177,0.5,11.5,5.482326711060523,61.45206095448425,42.20206095448427,19.25,18.0,1.0,0,0,39,1,1.0,1.0,38.0
475,1,right_lane,adaptive,False,0.05,40,0,20.393957345971565,5.0,16.0,10.958276621589903,57.87939386504654,40.629393865046545,17.25,18.0,1.0,0,0,39,1,0.0,11.0,29.0
476,1,right_lane,adaptive,False,0.05,40,0,22.018957345971565,2.0,9.0,7.07820596064164,61.72634753172647,43.226347531726475,18.5,18.0,1.0,0,0,36,4,1.0,4.0,35.0
477,1,right_lane,adaptive,False,0.05,40,0,23.643957345971565,8.5,1.0,11.127979372313348,61.57497365031256,45.824973650312565,15.75,18.0,1.0,0,0,36,4,6.0,5.0,29.0
478,1,right_lane,adaptive,False,0.05,40,0,23.768957345971565,0.5,1.0,4.316883289068301,65.2783984050733,46.028398405073304,19.25,18.0,1.0,0,0,34,6,1.0,1.0,38.0
479,1,right_lane,adaptive,False,0.05,40,0,22.891789568883503,10.0,3.0,12.901813082396984,59.122935686215015,44.622935686215,14.5,18.0,1.0,0,0,40,0,9.0,4.0,27.0
480,1,right_lane,adaptive,False,0.05,40,0,24.01895659673534,0.0,3.0,3.8974066975116557,66.17939713090814,46.42939713090816,19.75,18.0,1.0,0,0,34,6,0.0,1.0,39.0
481,1,right_lane,adaptive,False,0.05,40,0,23.01895724878809,0.5,3.0,4.424351498239503,64.07839895336734,44.82839895336735,19.25,18.0,1.0,0,0,34,6,1.0,1.0,38.0
482,1,right_lane,adaptive,False,0.05,40,0,22.01859175625804,0.5,1.5,3.8670714658858287,62.47781416526715,43.227814165267155,19.25,18.0,1.0,0,0,38,2,1.0,1.0,38.0
483,1,right_lane,adaptive,False,0.05,40,0,21.768957345971565,0.0,4.0,3.656840891662796,62.83033175355449,42.83033175355449,20.0,18.0,1.0,0,0,38,2,0.0,0.0,40.0
484,1,right_lane,adaptive,False,0.05,40,0,22.518957345941836,0.0,3.5,3.144360999282071,63.77939832963854,44.02939832963854,19.75,18.0,1.0,0,0,27,13,0.0,1.0,39.0
485,1,right_lane,adaptive,False,0.05,40,0,21.768957260126378,0.0,0.5,2.6255737740184486,62.8303316162022,42.83033161620221,20.0,18.0,1.0,0,0,37,3,0.0,0.0,40.0
486,1,right_lane,adaptive,False,0.05,40,0,20.393957345971565,0.5,2.0,5.498127721250057,59.87839717648496,40.62839717648496,19.25,18.0,1.0,0,0,40,0,1.0,1.0,38.0
487,1,right_lane,adaptive,False,0.05,40,0,20.768957345971565,0.5,4.0,5.115336500108242,60.47839840434077,41.22839840434077,19.25,18.0,1.0,0,0,40,0,1.0,1.0,38.0
488,1,right_lane,adaptive,False,0.05,40,0,23.643957345971565,7.5,4.5,9.626872787252069,61.57730149511629,45.827301495116274,15.75,18.0,1.0,0,0,20,20,4.0,9.0,27.0
489,1,right_lane,adaptive,False,0.05,40,0,20.518957345971565,0.0,3.0,4.517185129225254,60.57939766652046,40.82939766652044,19.75,18.0,1.0,0,0,40,0,0.0,1.0,39.0
490,1,right_lane,adaptive,False,0.05,40,0,22.768957345971565,1.5,6.0,5.612602246157621,63.67939751846228,44.429397518462274,19.25,18.0,1.0,0,0,36,4,0.0,3.0,37.0
491,1,right_lane,adaptive,False,0.05,40,0,21.518957345971565,0.0,8.0,3.970509467766533,62.17939832968611,42.4293983296861,19.75,18.0,1.0,0,0,29,11,0.0,1.0,39.0
492,1,right_lane,adaptive,False,0.05,40,0,21.643957345971565,0.0,7.5,3.652678518085395,62.63033175355451,42.6303317535545,20.0,18.0,1.0,0,0,37,3,0.0,0.0,40.0
493,1,right_lane,adaptive,False,0.05,40,0,20.393957345971565,0.5,4.5,5.173823982477188,59.87839717648496,40.62839717648496,19.25,18.0,1.0,0,0,40,0,1.0,1.0,38.0
494,1,right_lane,adaptive,False,0.05,40,0,22.768957345971565,0.0,9.5,3.6914938427707966,64.4303317535545,44.43033175355449,20.0,18.0,1.0,0,0,35,5,0.0,0.0,40.0
495,1,right_lane,adaptive,False,0.05,40,0,20.643957345971565,0.5,2.0,4.315701127052307,60.2783984043395,41.0283984043395,19.25,18.0,1.0,0,0,40,0,1.0,1.0,38.0
496,1,right_lane,adaptive,False,0.05,40,0,23.39395649829619,5.0,8.5,9.685247251748478,62.427586234299376,45.42758623429938,17.0,18.0,1.0,0,0,37,3,3.0,6.0,31.0
497,1,right_lane,adaptive,False,0.05,19,1,22.145173359939974,0.5,5.5,3.5191415354202036,29.37839910886077,20.62839910886077,8.75,18.0,1.0,0,0,18,1,1.0,1.0,17.0
498,1,right_lane,adaptive,False,0.05,40,0,21.518957345971565,0.5,14.0,5.332360731895278,61.678399108860894,42.428399108860894,19.25,18.0,1.0,0,0,35,5,1.0,1.0,38.0
499,1,right_lane,adaptive,False,0.05,34,1,22.22818511290772,2.5,8.0,7.225665766356542,52.527494885582556,37.02749488558256,15.5,18.0,1.0,0,0,32,2,0.0,6.0,28.0
500,1,right_lane,adaptive,False,0.05,28,1,20.38422477995938,0.0,14.0,5.036623254418373,42.430331753554505,28.430331753554505,14.0,18.0,1.0,0,0,28,0,0.0,0.0,28.0
501,1,right_lane,adaptive,False,0.05,40,0,22.268957345971565,0.0,0.0,3.0751189963957586,63.63033175355451,43.6303317535545,20.0,18.0,1.0,0,0,35,5,0.0,0.0,40.0
502,1,right_lane,adaptive,False,0.05,40,0,22.768957345971565,1.0,0.5,4.542094901946257,63.427003839871624,44.427003839871624,19.0,18.0,1.0,0,0,37,3,1.0,2.0,37.0
503,1,right_lane,adaptive,False,0.05,18,1,23.6532385465287,0.0,0.0,1.6617831327757813,29.37939832963227,20.62939832963227,8.75,18.0,1.0,0,0,14,4,0.0,1.0,17.0
504,1,right_lane,adaptive,False,0.05,40,0,21.268957345971565,0.5,10.5,5.814338010335632,61.278397176503276,42.02839717650326,19.25,18.0,1.0,0,0,38,2,1.0,1.0,38.0
505,1,right_lane,adaptive,False,0.05,33,1,23.053281631480683,0.5,0.5,3.198730045311777,52.778399108860896,37.0283991088609,15.75,18.0,1.0,0,0,30,3,1.0,1.0,31.0
506,1,right_lane,adaptive,False,0.05,40,0,22.768957345971565,0.0,1.5,4.0053665142804675,64.17939832968611,44.4293983296861,19.75,18.0,1.0,0,0,36,4,0.0,1.0,39.0
507,1,right_lane,adaptive,False,0.05,40,0,21.643957345971565,2.5,13.5,7.374674230540677,61.379398329686104,42.629398329686104,18.75,18.0,1.0,0,0,38,2,0.0,5.0,35.0
508,1,right_lane,adaptive,False,0.05,40,0,21.018957345971565,0.0,7.0,4.670009643270987,61.63033175355449,41.6303317535545,20.0,18.0,1.0,0,0,39,1,0.0,0.0,40.0
509,1,right_lane,adaptive,False,0.05,32,1,21.742446682464454,0.5,8.0,4.713669264550845,49.478397176484954,34.228397176484954,15.25,18.0,1.0,0,0,30,2,1.0,1.0,30.0
510,1,right_lane,adaptive,False,0.05,40,0,22.893957345971565,0.5,9.0,4.6664043068667524,63.87839910886088,44.62839910886088,19.25,18.0,1.0,0,0,35,5,1.0,1.0,38.0
511,1,right_lane,adaptive,False,0.05,40,0,20.393957345971565,0.0,7.5,4.724594362080097,60.37939766652045,40.62939766652045,19.75,18.0,1.0,0,0,40,0,0.0,1.0,39.0
512,1,right_lane,adaptive,False,0.05,40,0,20.393957345971565,0.0,3.5,4.758441597223282,60.37939766652045,40.62939766652045,19.75,18.0,1.0,0,0,40,0,0.0,1.0,39.0
513,1,right_lane,adaptive,False,0.05,40,0,21.768957345971565,0.0,16.5,4.9133449115324765,62.57939766843071,42.82939766843071,19.75,18.0,1.0,0,0,39,1,0.0,1.0,39.0
514,1,right_lane,adaptive,False,0.05,13,1,23.51986640754688,0.0,3.0,1.7166968163728598,21.079395297487306,14.829395297487304,6.25,18.0,1.0,0,0,11,2,0.0,1.0,12.0
515,1,right_lane,adaptive,False,0.05,40,0,20.268957345971565,0.0,1.5,4.719928085803986,60.179396514701764,40.42939651470176,19.75,18.0,1.0,0,0,40,0,0.0,1.0,39.0
516,1,right_lane,adaptive,False,0.05,31,1,23.73413851093105,0.0,3.5,1.9047879430702324,50.87939766774116,35.629397667741145,15.25,18.0,1.0,0,0,16,15,0.0,1.0,30.0
517,1,right_lane,adaptive,False,0.05,40,0,20.393957345971565,0.5,20.5,6.828557267785072,59.87839717648496,40.62839717648496,19.25,18.0,1.0,0,0,40,0,1.0,1.0,38.0
518,1,right_lane,adaptive,False,0.05,19,1,23.19780493888627,0.0,1.0,1.5233243249888346,30.930331753553574,21.430331753553574,9.5,18.0,1.0,0,0,17,2,0.0,0.0,19.0
519,1,right_lane,adaptive,False,0.05,40,0,20.393957345971565,4.5,11.5,10.419415190815926,57.87839717648496,40.62839717648496,17.25,18.0,1.0,0,0,40,0,1.0,9.0,30.0
520,1,right_lane,adaptive,False,0.05,40,0,21.64395734596765,3.0,7.5,7.4812909588217735,60.62867098412415,42.62867098412414,18.0,18.0,1.0,0,0,40,0,3.0,2.0,35.0
521,1,right_lane,adaptive,False,0.05,26,1,22.336857455340866,0.5,2.0,3.3212465076958324,40.678399108860894,28.428399108860894,12.25,18.0,1.0,0,0,24,2,1.0,1.0,24.0
522,1,right_lane,adaptive,False,0.05,40,0,22.768957345971565,0.5,13.5,5.413552368224259,63.67839840507332,44.42839840507331,19.25,18.0,1.0,0,0,34,6,1.0,1.0,38.0
523,1,right_lane,adaptive,False,0.05,40,0,21.643957345971565,0.0,15.0,4.694700092419225,62.63033175355451,42.6303317535545,20.0,18.0,1.0,0,0,38,2,0.0,0.0,40.0
524,1,right_lane,adaptive,False,0.05,40,0,23.143957345971057,8.5,8.5,12.660310693980136,60.526326446630534,45.026326446630534,15.5,18.0,1.0,0,0,37,3,4.0,10.0,26.0
525,1,right_lane,adaptive,False,0.05,40,0,22.393957345971565,6.0,8.0,9.710510409262497,60.32867019644835,43.828670196448336,16.5,18.0,1.0,0,0,32,8,6.0,2.0,32.0
526,1,right_lane,adaptive,False,0.05,40,0,21.518957345971508,2.0,2.0,5.486029468476772,61.42916612778058,42.42916612778058,19.0,18.0,1.0,0,0,40,0,0.0,4.0,36.0
527,1,right_lane,adaptive,False,0.05,40,0,21.393957345971554,2.5,9.0,6.784548312594779,60.477445284143066,42.227445284143066,18.25,18.0,1.0,0,0,23,17,1.0,5.0,34.0
528,1,right_lane,adaptive,False,0.05,40,0,22.643957345971565,5.0,3.0,8.784306807385292,61.225872036259034,44.225872036259034,17.0,18.0,1.0,0,0,38,2,4.0,4.0,32.0
529,1,right_lane,adaptive,False,0.05,40,0,20.268957345971565,0.0,17.5,5.179944984614849,60.430331753554505,40.430331753554505,20.0,18.0,1.0,0,0,40,0,0.0,0.0,40.0
530,1,right_lane,adaptive,False,0.05,20,1,24.287914691875834,0.0,0.5,2.015038814120544,33.17939832963227,23.429398329632274,9.75,18.0,1.0,0,0,18,2,0.0,1.0,19.0
531,1,right_lane,adaptive,False,0.05,40,0,22.643957345971565,0.0,7.0,3.7391215187187754,64.23033175355451,44.23033175355451,20.0,18.0,1.0,0,0,36,4,0.0,0.0,40.0
532,1,right_lane,adaptive,False,0.05,40,0,22.643956596934256,5.5,8.5,10.170535411685705,60.97771561816915,44.22771561816915,16.75,18.0,1.0,0,0,40,0,3.0,7.0,30.0
533,1,right_lane,adaptive,False,0.05,40,0,21.643957345971565,0.0,1.0,3.7151501129565077,62.63033175355449,42.6303317535545,20.0,18.0,1.0,0,0,38,2,0.0,0.0,40.0
534,1,right_lane,adaptive,False,0.05,40,0,22.518957345971565,6.0,3.5,10.031089972841983,60.5274746139019,44.02747461390191,16.5,18.0,1.0,0,0,36,4,4.0,6.0,30.0
535,1,right_lane,adaptive,False,0.05,40,0,20.518957345971565,0.0,5.0,4.581789744122943,60.57939766773994,40.82939766773995,19.75,18.0,1.0,0,0,38,2,0.0,1.0,39.0
536,1,right_lane,adaptive,False,0.05,40,0,20.393957345971565,0.0,3.5,3.3315935991704464,60.6303317535545,40.6303317535545,20.0,18.0,1.0,0,0,40,0,0.0,0.0,40.0
537,1,right_lane,adaptive,False,0.05,40,0,23.018957345971565,0.0,0.5,2.589238993640265,64.8303317535545,44.830331753554496,20.0,18.0,1.0,0,0,31,9,0.0,0.0,40.0
538,1,right_lane,adaptive,False,0.05,40,0,20.893957345971565,0.5,16.0,6.325300857424736,60.678399108808776,41.42839910880876,19.25,18.0,1.0,0,0,40,0,1.0,1.0,38.0
539,1,right_lane,adaptive,False,0.05,40,0,21.268957345971508,0.5,4.5,5.020901201300148,61.278398405073176,42.028398405073176,19.25,18.0,1.0,0,0,36,4,1.0,1.0,38.0
540,1,right_lane,adaptive,False,0.05,40,0,22.018957345971565,0.0,14.5,3.851232140926186,63.230331753554495,43.230331753554495,20.0,18.0,1.0,0,0,36,4,0.0,0.0,40.0
541,1,right_lane,adaptive,False,0.05,40,0,20.643957345971565,0.5,1.0,5.179387025535107,60.2783984043395,41.0283984043395,19.25,18.0,1.0,0,0,40,0,1.0,1.0,38.0
542,1,right_lane,adaptive,False,0.05,40,0,21.393957345971565,0.5,3.5,4.314065433636642,61.4783984050733,42.2283984050733,19.25,18.0,1.0,0,0,31,9,1.0,1.0,38.0
543,1,right_lane,adaptive,False,0.05,40,0,22.893957345971565,8.0,10.0,12.862850271165371,60.12606235814744,44.62606235814744,15.5,18.0,1.0,0,0,40,0,6.0,6.0,28.0
544,1,right_lane,adaptive,False,0.05,40,0,22.018957345716125,8.5,11.0,13.101581111550331,58.9768229728211,43.226822972821104,15.75,18.0,1.0,0,0,40,0,5.0,7.0,28.0
545,1,right_lane,adaptive,False,0.05,40,0,21.518957345971565,0.0,1.5,3.8696278539209743,62.430331753554505,42.430331753554505,20.0,18.0,1.0,0,0,38,2,0.0,0.0,40.0
546,1,right_lane,adaptive,False,0.05,40,0,20.393957345971565,0.5,17.5,7.91179234534502,59.87839717648496,40.62839717648496,19.25,18.0,1.0,0,0,40,0,1.0,1.0,38.0
547,1,right_lane,adaptive,False,0.05,40,0,23.018957345971565,0.0,4.0,2.322658863478864,64.57939766843072,44.829397668430715,19.75,18.0,1.0,0,0,19,21,0.0,1.0,39.0
548,1,right_lane,adaptive,False,0.05,40,0,21.018957345941832,0.0,2.0,4.024857494980097,61.379396514654196,41.62939651465418,19.75,18.0,1.0,0,0,40,0,0.0,1.0,39.0
549,1,right_lane,adaptive,False,0.05,40,0,21.141789654732086,0.5,2.5,4.61955731920898,61.074930802877724,41.824930802877724,19.25,18.0,1.0,0,0,39,1,1.0,1.0,38.0
550,1,right_lane,adaptive,False,0.05,40,0,22.143957345971565,0.0,1.5,3.1225707073645026,63.1793983296861,43.42939832968611,19.75,18.0,1.0,0,0,39,1,0.0,1.0,39.0
551,1,right_lane,adaptive,False,0.05,40,0,21.643957345971494,0.0,2.0,3.3786100900315432,62.6303317535544,42.630331753554394,20.0,18.0,1.0,0,0,38,2,0.0,0.0,40.0
552,1,right_lane,adaptive,False,0.05,40,0,21.6417895688869,0.0,6.5,3.644632881416328,62.37592922440447,42.62592922440446,19.75,18.0,1.0,0,0,33,7,0.0,1.0,39.0
553,1,right_lane,adaptive,False,0.05,40,0,21.518919754889087,0.0,7.0,4.111419150491201,62.43027160782254,42.43027160782254,20.0,18.0,1.0,0,0,37,3,0.0,0.0,40.0
554,1,right_lane,adaptive,False,0.05,40,0,22.500005701017248,4.5,3.0,8.138401729076577,61.749077419403335,43.999077419403335,17.75,18.0,1.0,0,0,37,3,0.0,9.0,31.0
555,1,right_lane,adaptive,False,0.05,40,0,20.766181149084478,0.0,14.5,4.500134498252805,61.22588983853517,41.22588983853517,20.0,18.0,1.0,0,0,39,1,0.0,0.0,40.0
556,1,right_lane,adaptive,False,0.05,40,0,20.393957345971565,0.5,10.0,5.981910489499569,59.87839717648496,40.62839717648496,19.25,18.0,1.0,0,0,40,0,1.0,1.0,38.0
557,1,right_lane,adaptive,False,0.05,40,0,22.268957345971565,3.5,6.0,7.188799944023231,61.874792885091445,43.62479288509144,18.25,18.0,1.0,0,0,38,2,2.0,3.0,35.0
558,1,right_lane,adaptive,False,0.05,40,0,22.143957345971565,0.5,6.5,4.849262198638826,62.678398404340754,43.42839840434077,19.25,18.0,1.0,0,0,38,2,1.0,1.0,38.0
559,1,right_lane,adaptive,False,0.05,40,0,20.768957345971565,0.5,4.0,5.45499561727047,60.47839840433951,41.2283984043395,19.25,18.0,1.0,0,0,40,0,1.0,1.0,38.0
560,1,right_lane,adaptive,False,0.05,40,0,21.018957345971565,0.5,2.0,5.011293917894363,60.87839840434149,41.628398404341496,19.25,18.0,1.0,0,0,40,0,1.0,1.0,38.0
561,1,right_lane,adaptive,False,0.05,40,0,21.643957345971565,22.0,5.5,23.441885468844703,51.628398384241805,42.62839838424181,9.0,18.0,1.0,0,0,37,3,20.0,4.0,16.0
562,1,right_lane,adaptive,False,0.05,40,0,25.393951547804928,0.5,1.5,3.5589017903384956,67.8783898317943,48.62838983179429,19.25,18.0,1.0,0,0,31,9,1.0,1.0,38.0
563,1,right_lane,adaptive,False,0.05,40,0,23.518957345971565,2.5,1.5,5.063575023077647,63.87698248929912,45.6269824892991,18.25,18.0,1.0,0,0,26,14,1.0,5.0,34.0
564,1,right_lane,adaptive,False,0.05,40,0,20.268957345971565,0.0,17.5,5.303548708558083,60.430331753554505,40.430331753554505,20.0,18.0,1.0,0,0,40,0,0.0,0.0,40.0
565,1,right_lane,adaptive,False,0.05,40,0,21.643957345971565,0.0,1.5,3.7289030987194565,62.6303317535545,42.6303317535545,20.0,18.0,1.0,0,0,38,2,0.0,0.0,40.0
566,1,right_lane,adaptive,False,0.05,40,0,20.893957345971565,0.0,9.0,4.654977166474964,61.17939766652044,41.429397666520444,19.75,18.0,1.0,0,0,38,2,0.0,1.0,39.0
567,1,right_lane,adaptive,False,0.05,40,0,21.39395734571614,2.0,9.5,6.905881628394127,61.22962286668279,42.229622866682796,19.0,18.0,1.0,0,0,40,0,0.0,4.0,36.0
568,1,right_lane,adaptive,False,0.05,17,1,20.632840814050734,0.0,3.5,2.258780889213085,25.679396514701764,17.429396514701757,8.25,18.0,1.0,0,0,17,0,0.0,1.0,16.0
569,1,right_lane,adaptive,False,0.05,40,0,21.76891480462308,0.0,2.5,1.6514686144964799,62.83026368739694,42.83026368739693,20.0,18.0,1.0,0,0,25,15,0.0,0.0,40.0
570,1,right_lane,adaptive,False,0.05,40,0,24.393957345971565,0.0,5.5,2.8606082456522017,67.0303317535545,47.03033175355449,20.0,18.0,1.0,0,0,30,10,0.0,0.0,40.0
571,1,right_lane,adaptive,False,0.05,40,0,22.143957345971565,5.5,3.0,9.615454290062189,60.42796427062321,43.4279642706232,17.0,18.0,1.0,0,0,40,0,3.0,6.0,31.0
572,1,right_lane,adaptive,False,0.05,40,0,24.518957345937917,7.0,4.5,9.085911455643554,63.72799460520467,47.22799460520466,16.5,18.0,1.0,0,0,26,14,5.0,4.0,31.0
573,1,right_lane,adaptive,False,0.05,40,0,23.768957345971565,7.0,3.5,10.034273505091733,62.52814345872868,46.02814345872867,16.5,18.0,1.0,0,0,33,7,3.0,8.0,29.0
574,1,right_lane,adaptive,False,0.05,40,0,23.250043292099726,0.5,0.0,3.310330076697028,64.69774061554762,45.19774061554761,19.5,18.0,1.0,0,0,35,5,0.0,2.0,38.0
575,1,right_lane,adaptive,False,0.05,40,0,21.643957345971565,0.0,5.0,3.6364120352372993,62.379398329686104,42.62939832968609,19.75,18.0,1.0,0,0,35,5,0.0,1.0,39.0
576,1,right_lane,adaptive,False,0.05,40,0,20.643957345971565,0.5,8.5,5.199318820874396,60.27839717648495,41.02839717648496,19.25,18.0,1.0,0,0,39,1,1.0,1.0,38.0
577,1,right_lane,adaptive,False,0.05,30,1,22.691943127962084,0.0,2.5,2.6763731814990024,47.97939832968612,33.229398329686106,14.75,18.0,1.0,0,0,27,3,0.0,1.0,29.0
578,1,right_lane,adaptive,False,0.05,40,0,20.393957345971565,0.0,14.0,4.554958872497082,60.6303317535545,40.6303317535545,20.0,18.0,1.0,0,0,40,0,0.0,0.0,40.0
579,1,right_lane,adaptive,False,0.05,40,0,21.643956582234793,0.5,14.5,6.081523731271318,61.8783971810651,42.628397181065104,19.25,18.0,1.0,0,0,39,1,1.0,1.0,38.0
580,1,right_lane,adaptive,False,0.05,40,0,22.268957345971565,0.0,13.5,4.586008361540735,63.37939832968612,43.62939832968611,19.75,18.0,1.0,0,0,38,2,0.0,1.0,39.0
581,1,right_lane,adaptive,False,0.05,40,0,21.76613860773599,0.0,0.5,3.4269183464348316,62.82582177237759,42.825821772377594,20.0,18.0,1.0,0,0,38,2,0.0,0.0,40.0
582,1,right_lane,adaptive,False,0.05,40,0,22.98104350364404,7.5,2.5,10.10364648940481,60.767045577757024,44.767045577757024,16.0,18.0,1.0,0,0,28,12,1.0,14.0,25.0
583,1,right_lane,adaptive,False,0.05,40,0,23.393957345971565,0.0,8.5,4.033958035455726,65.17939832968611,45.4293983296861,19.75,18.0,1.0,0,0,32,8,0.0,1.0,39.0
584,1,right_lane,adaptive,False,0.05,40,0,22.018957345971565,0.0,5.5,3.8212508258338858,63.2303317535545,43.2303317535545,20.0,18.0,1.0,0,0,37,3,0.0,0.0,40.0
585,1,right_lane,adaptive,False,0.05,40,0,22.89395734596765,4.5,8.0,9.417240783572197,62.37775416100373,44.627754161003736,17.75,18.0,1.0,0,0,38,2,0.0,9.0,31.0
586,1,right_lane,adaptive,False,0.05,40,0,23.268957345971565,5.0,12.5,9.367881997526638,62.22640234880066,45.226402348800676,17.0,18.0,1.0,0,0,36,4,1.0,10.0,29.0
587,1,right_lane,adaptive,False,0.05,40,0,22.500043292099726,0.0,1.0,3.0380529956273676,64.00006926735956,44.00006926735954,20.0,18.0,1.0,0,0,35,5,0.0,0.0,40.0
588,1,right_lane,adaptive,False,0.05,22,1,21.170831538130116,0.0,7.0,3.0010598823428154,33.77939766774115,23.02939766774115,10.75,18.0,1.0,0,0,22,0,0.0,1.0,21.0
589,1,right_lane,adaptive,False,0.05,40,0,21.518957344482878,11.0,17.0,16.809331588447094,56.678704268106486,42.42870426810649,14.25,18.0,1.0,0,0,40,0,1.0,21.0,18.0
590,1,right_lane,adaptive,False,0.05,10,1,22.075828988428814,0.5,2.0,1.833753578364849,15.579397509556964,10.829397509556964,4.75,18.0,1.0,0,0,10,0,0.0,1.0,9.0
591,1,right_lane,adaptive,False,0.05,40,0,22.518957345971565,0.0,4.5,3.8723058860459787,63.7793983296861,44.02939832968611,19.75,18.0,1.0,0,0,36,4,0.0,1.0,39.0
592,1,right_lane,adaptive,False,0.05,40,0,22.64395733317475,5.5,2.0,8.763255151860449,61.227669651751974,44.227669651751974,17.0,18.0,1.0,0,0,38,2,4.0,4.0,32.0
593,1,right_lane,adaptive,False,0.05,40,0,20.766424065018562,2.0,8.0,6.832696408033371,60.22532544131521,41.225325441315206,19.0,18.0,1.0,0,0,40,0,0.0,4.0,36.0
594,1,right_lane,adaptive,False,0.05,40,0,22.018957345971558,2.5,5.0,6.461667934085199,61.478691429301364,43.228691429301364,18.25,18.0,1.0,0,0,36,4,1.0,5.0,34.0
595,1,right_lane,adaptive,False,0.05,40,0,22.141138607735993,2.0,4.5,4.91519449955922,61.923197478286966,43.423197478286966,18.5,18.0,1.0,0,0,20,20,1.0,4.0,35.0
596,1,right_lane,adaptive,False,0.05,40,0,21.391504197445165,0.0,1.5,2.8088691575394478,62.22640671591227,42.22640671591227,20.0,18.0,1.0,0,0,38,2,0.0,0.0,40.0
597,1,right_lane,adaptive,False,0.05,40,0,20.268957345971565,0.0,3.0,4.5082003101706505,60.430331753554505,40.430331753554505,20.0,18.0,1.0,0,0,40,0,0.0,0.0,40.0
598,1,right_lane,adaptive,False,0.05,40,0,20.75032874938229,0.0,6.0,3.682616028934717,61.20052599901167,41.20052599901167,20.0,18.0,1.0,0,0,40,0,0.0,0.0,40.0
599,1,right_lane,adaptive,False,0.05,40,0,23.606377091634574,3.5,8.5,7.052450528091413,64.01928555324884,45.76928555324883,18.25,18.0,1.0,0,0,25,15,0.0,7.0,33.0
600,1,right_lane,adaptive,False,0.05,18,1,22.819905213268846,2.5,4.5,5.144980311393738,27.278895984069557,20.028895984069557,7.25,18.0,1.0,0,0,18,0,3.0,1.0,14.0
601,1,right_lane,adaptive,False,0.05,40,0,20.643957345971565,0.0,9.0,4.856747053563595,60.77939766774115,41.02939766774115,19.75,18.0,1.0,0,0,40,0,0.0,1.0,39.0
602,1,right_lane,adaptive,False,0.05,40,0,20.518957345971565,0.0,8.0,4.629748225212097,60.57939766773994,40.82939766773995,19.75,18.0,1.0,0,0,40,0,0.0,1.0,39.0
603,1,right_lane,adaptive,False,0.05,40,0,21.268951657973492,0.5,11.5,5.713343918323517,61.27838807568805,42.02838807568805,19.25,18.0,1.0,0,0,40,0,1.0,1.0,38.0
604,1,right_lane,adaptive,False,0.05,40,0,21.518957345971565,0.0,7.5,3.8839896171641612,62.17939832968611,42.42939832968611,19.75,18.0,1.0,0,0,39,1,0.0,1.0,39.0
605,1,right_lane,adaptive,False,0.05,6,1,29.040289365197854,5.0,0.5,5.482322156429291,8.418274900912836,8.168274900912836,0.25,18.0,1.0,0,0,6,0,5.0,1.0,0.0
606,1,right_lane,adaptive,False,0.05,40,0,21.018956694084615,0.5,3.5,4.698156375437975,60.878397361320374,41.62839736132037,19.25,18.0,1.0,0,0,40,0,1.0,1.0,38.0
607,1,right_lane,adaptive,False,0.05,40,0,21.14178965469902,0.0,1.5,4.3158711567521095,61.57592936170388,41.825929361703885,19.75,18.0,1.0,0,0,40,0,0.0,1.0,39.0
608,1,right_lane,adaptive,False,0.05,40,0,21.018957345971565,0.0,1.0,3.5249043970834464,61.630331753554515,41.63033175355451,20.0,18.0,1.0,0,0,37,3,0.0,0.0,40.0
609,1,right_lane,adaptive,False,0.05,40,0,20.768957345971565,0.0,6.5,4.494255848228931,61.23033175355451,41.2303317535545,20.0,18.0,1.0,0,0,40,0,0.0,0.0,40.0
610,1,right_lane,adaptive,False,0.05,40,0,20.627496354776582,0.0,13.0,5.006317727267742,60.75306008060848,41.00306008060848,19.75,18.0,1.0,0,0,40,0,0.0,1.0,39.0
611,1,right_lane,adaptive,False,0.05,40,0,22.268957345967646,10.5,11.0,15.371251137927175,57.8765746714543,43.62657467145429,14.25,18.0,1.0,0,0,40,0,6.0,11.0,23.0
612,1,right_lane,adaptive,False,0.05,40,0,22.518957345971565,0.5,4.5,4.627024267060733,63.27839840434077,44.028398404340784,19.25,18.0,1.0,0,0,35,5,1.0,1.0,38.0
613,1,right_lane,adaptive,False,0.05,40,0,20.643957345971565,0.5,0.5,5.076094158284832,60.2783984043395,41.0283984043395,19.25,18.0,1.0,0,0,39,1,1.0,1.0,38.0
614,1,right_lane,adaptive,False,0.05,40,0,22.018957345971508,0.5,9.5,4.875998673043341,62.47839840434067,43.22839840434068,19.25,18.0,1.0,0,0,36,4,1.0,1.0,38.0
615,1,right_lane,adaptive,False,0.05,40,0,24.122509996417012,12.0,1.5,14.31651682724987,60.092987389128254,46.592987389128254,13.5,18.0,1.0,0,0,27,13,7.0,12.0,21.0
616,1,right_lane,adaptive,False,0.05,40,0,21.268957345971565,0.0,0.5,3.4441350558772683,61.77939766774115,42.02939766774115,19.75,18.0,1.0,0,0,37,3,0.0,1.0,39.0
617,1,right_lane,adaptive,False,0.05,40,0,24.018956582201216,7.5,5.0,10.986920005794673,62.67658520374531,46.4265852037453,16.25,18.0,1.0,0,0,37,3,3.0,9.0,28.0
618,1,right_lane,adaptive,False,0.05,40,0,20.893957345971565,0.0,6.5,2.309462251257173,61.17939766774182,41.42939766774183,19.75,18.0,1.0,0,0,17,23,0.0,1.0,39.0
619,1,right_lane,adaptive,False,0.05,40,0,22.018957344286836,0.5,2.0,4.3469961951605,62.478398401645926,43.22839840164593,19.25,18.0,1.0,0,0,37,3,1.0,1.0,38.0
620,1,right_lane,adaptive,False,0.05,40,0,22.64395239570556,0.0,2.0,2.8139140322650746,63.979390409260496,44.229390409260496,19.75,18.0,1.0,0,0,36,4,0.0,1.0,39.0
621,1,right_lane,adaptive,False,0.05,40,0,20.875328749382287,0.0,4.0,3.5399198457598686,61.40052599901167,41.40052599901167,20.0,18.0,1.0,0,0,40,0,0.0,0.0,40.0
622,1,right_lane,adaptive,False,0.05,12,1,20.896524486472774,0.0,6.5,2.6665483117103577,18.17939651465419,12.429396514654192,5.75,18.0,1.0,0,0,12,0,0.0,1.0,11.0
623,1,right_lane,adaptive,False,0.05,40,0,23.518671888689,2.5,8.0,6.148126262492042,64.62987239271658,45.629872392716564,19.0,18.0,1.0,0,0,32,8,0.0,4.0,36.0
624,1,right_lane,adaptive,False,0.05,40,0,20.768957345971565,0.0,1.5,3.00506670383038,61.2303317535545,41.230331753554495,20.0,18.0,1.0,0,0,35,5,0.0,0.0,40.0
625,1,right_lane,adaptive,False,0.05,40,0,21.143634297606518,0.0,0.5,3.6080058589577675,61.57888079035775,41.828880790357765,19.75,18.0,1.0,0,0,40,0,0.0,1.0,39.0
626,1,right_lane,adaptive,False,0.05,40,0,21.643957345971565,2.0,12.5,6.983206053861068,61.37846062593316,42.62846062593316,18.75,18.0,1.0,0,0,38,2,0.0,5.0,35.0
627,1,right_lane,adaptive,False,0.05,40,0,23.641461004214086,0.0,0.5,3.054069085039373,65.82633760674254,45.82633760674255,20.0,18.0,1.0,0,0,37,3,0.0,0.0,40.0
628,1,right_lane,adaptive,False,0.05,40,0,20.643957345971565,6.5,14.5,12.965287335216999,57.27837898721359,41.0283789872136,16.25,18.0,1.0,0,0,40,0,1.0,13.0,26.0
629,1,right_lane,adaptive,False,0.05,40,0,22.64395734597105,3.5,8.0,8.211780468812094,61.97658110153856,44.22658110153856,17.75,18.0,1.0,0,0,38,2,2.0,5.0,33.0
630,1,right_lane,adaptive,False,0.05,40,0,21.393957344257622,0.0,3.0,3.6749201267957687,62.23033175081219,42.23033175081219,20.0,18.0,1.0,0,0,40,0,0.0,0.0,40.0
631,1,right_lane,adaptive,False,0.05,40,0,20.268957345971565,0.0,5.0,4.778715670108795,60.430331753554505,40.430331753554505,20.0,18.0,1.0,0,0,40,0,0.0,0.0,40.0
632,1,right_lane,adaptive,False,0.05,40,0,21.143957345971565,0.0,7.5,3.6308152084238827,61.830331753554496,41.83033175355451,20.0,18.0,1.0,0,0,39,1,0.0,0.0,40.0
633,1,right_lane,adaptive,False,0.05,40,0,21.393957345971565,1.5,4.0,5.532932724803686,61.22870339490531,42.22870339490532,19.0,18.0,1.0,0,0,40,0,0.0,4.0,36.0
634,1,right_lane,adaptive,False,0.05,27,1,21.50956643847639,0.5,0.0,2.0630791518515252,41.37839840434077,28.62839840434077,12.75,18.0,1.0,0,0,13,14,1.0,1.0,25.0
635,1,right_lane,adaptive,False,0.05,40,0,21.518957345971565,0.5,0.0,4.486343559779925,61.67839840507327,42.42839840507327,19.25,18.0,1.0,0,0,39,1,1.0,1.0,38.0
636,1,right_lane,adaptive,False,0.05,40,0,20.875005701017248,5.5,19.5,11.988804259337485,58.39623179211767,41.39623179211765,17.0,18.0,1.0,0,0,39,1,1.0,10.0,29.0
637,1,right_lane,adaptive,False,0.05,40,0,21.518957345971565,0.0,12.0,4.565597507394159,62.17939832968611,42.4293983296861,19.75,18.0,1.0,0,0,38,2,0.0,1.0,39.0
638,1,right_lane,adaptive,False,0.05,40,0,22.393957345971565,4.0,0.0,7.027613584269602,61.82844883501846,43.82844883501846,18.0,18.0,1.0,0,0,39,1,0.0,8.0,32.0
639,1,right_lane,adaptive,False,0.05,40,0,23.393957345971565,0.0,9.0,4.68551595708027,65.4303317535545,45.4303317535545,20.0,18.0,1.0,0,0,34,6,0.0,0.0,40.0
640,1,right_lane,adaptive,False,0.05,40,0,21.893957345971565,0.0,0.5,3.448627403951832,63.0303317535545,43.03033175355451,20.0,18.0,1.0,0,0,37,3,0.0,0.0,40.0
641,1,right_lane,adaptive,False,0.05,40,0,21.768957345749698,0.0,11.0,3.5642340741469525,62.83033175319954,42.83033175319953,20.0,18.0,1.0,0,0,30,10,0.0,0.0,40.0
642,1,right_lane,adaptive,False,0.05,40,0,20.393957345971565,0.5,3.5,5.312482409179211,59.87839717648496,40.62839717648496,19.25,18.0,1.0,0,0,40,0,1.0,1.0,38.0
643,1,right_lane,adaptive,False,0.05,40,0,21.89395723602825,2.0,10.5,6.0041173837180395,62.029622691182176,43.02962269118218,19.0,18.0,1.0,0,0,37,3,0.0,4.0,36.0
644,1,right_lane,adaptive,False,0.05,40,0,22.143957345971565,0.0,7.0,3.7939607114508362,63.4303317535545,43.430331753554505,20.0,18.0,1.0,0,0,36,4,0.0,0.0,40.0
645,1,right_lane,adaptive,False,0.05,40,0,21.518957345971565,0.0,10.0,4.401993490755558,62.43033175355449,42.430331753554505,20.0,18.0,1.0,0,0,40,0,0.0,0.0,40.0
646,1,right_lane,adaptive,False,0.05,40,0,21.643957345971565,0.5,1.5,4.024686622258741,61.8783991088609,42.62839910886089,19.25,18.0,1.0,0,0,37,3,1.0,1.0,38.0
647,1,right_lane,adaptive,False,0.05,40,0,23.018957345745726,8.5,6.0,13.04003531485796,60.0760457938581,44.82604579385809,15.25,18.0,1.0,0,0,40,0,5.0,9.0,26.0
648,1,right_lane,adaptive,False,0.05,40,0,20.393957345971565,0.0,1.5,4.359543889760971,60.6303317535545,40.6303317535545,20.0,18.0,1.0,0,0,40,0,0.0,0.0,40.0
649,1,right_lane,adaptive,False,0.05,28,1,21.991367637102123,2.5,11.0,7.095920063555241,42.47768815266722,30.227688152667227,12.25,18.0,1.0,0,0,28,0,1.0,5.0,22.0
650,1,right_lane,adaptive,False,0.05,40,0,20.768957345971565,0.0,12.5,4.468772804740183,60.97939766773993,41.22939766773994,19.75,18.0,1.0,0,0,37,3,0.0,1.0,39.0
651,1,right_lane,adaptive,False,0.05,40,0,20.643957345971565,0.0,0.5,2.291254583746195,61.0303317535545,41.030331753554506,20.0,18.0,1.0,0,0,40,0,0.0,0.0,40.0
652,1,right_lane,adaptive,False,0.05,40,0,20.518957345971565,2.5,15.0,8.03121417015791,59.58027171366068,40.830271713660686,18.75,18.0,1.0,0,0,40,0,0.0,5.0,35.0
653,1,right_lane,adaptive,False,0.05,40,0,21.518957345971565,0.5,4.5,5.060825445011233,61.678399108860894,42.428399108860894,19.25,18.0,1.0,0,0,39,1,1.0,1.0,38.0
654,1,right_lane,adaptive,False,0.05,40,0,22.127496440621773,0.0,6.5,4.457013043663437,63.153060219181484,43.40306021918147,19.75,18.0,1.0,0,0,37,3,0.0,1.0,39.0
655,1,right_lane,adaptive,False,0.05,40,0,23.268957345971565,0.0,0.5,2.94491654203739,65.23033175355451,45.2303317535545,20.0,18.0,1.0,0,0,34,6,0.0,0.0,40.0
656,1,right_lane,adaptive,False,0.05,40,0,21.643957345971565,0.0,14.5,4.159413253611831,62.630331753554515,42.63033175355451,20.0,18.0,1.0,0,0,38,2,0.0,0.0,40.0
657,1,right_lane,adaptive,False,0.05,40,0,21.2689573459715,0.0,4.5,3.805433437228203,62.03033175355437,42.03033175355438,20.0,18.0,1.0,0,0,40,0,0.0,0.0,40.0
658,1,right_lane,adaptive,False,0.05,40,0,20.768957345971565,0.5,0.5,3.8636399507522583,60.47839840434077,41.22839840434077,19.25,18.0,1.0,0,0,40,0,1.0,1.0,38.0
659,1,right_lane,adaptive,False,0.05,40,0,20.393957345971565,0.5,14.5,6.611447840929031,59.87839717648496,40.62839717648496,19.25,18.0,1.0,0,0,40,0,1.0,1.0,38.0
660,1,right_lane,adaptive,False,0.05,40,0,21.375043292099726,0.5,1.0,4.031486334518377,61.44813591685381,42.198135916853815,19.25,18.0,1.0,0,0,37,3,1.0,1.0,38.0
661,1,right_lane,adaptive,False,0.05,40,0,21.393957345971565,7.5,6.0,12.052538747217113,58.7303317535545,42.230331753554495,16.5,18.0,1.0,0,0,38,2,0.0,14.0,26.0
662,1,right_lane,adaptive,False,0.05,40,0,21.516466606363643,0.0,2.5,4.1463319605682045,62.17541314631342,42.42541314631343,19.75,18.0,1.0,0,0,38,2,0.0,1.0,39.0
663,1,right_lane,adaptive,False,0.05,40,0,22.499714542943206,3.0,7.5,7.696666354887384,61.99630871092667,43.99630871092667,18.0,18.0,1.0,0,0,37,3,1.0,6.0,33.0
664,1,right_lane,adaptive,False,0.05,30,1,22.025276461295416,0.0,6.0,2.046260257938684,47.4303317535545,32.430331753554505,15.0,18.0,1.0,0,0,16,14,0.0,0.0,30.0
665,1,right_lane,adaptive,False,0.05,40,0,22.76895734596765,1.0,5.0,5.2644558915637845,63.42846217775785,44.42846217775784,19.0,18.0,1.0,0,0,37,3,1.0,2.0,37.0
666,1,right_lane,adaptive,False,0.05,40,0,20.518957345971565,0.0,2.0,4.295720249414444,60.57939766773994,40.82939766773995,19.75,18.0,1.0,0,0,40,0,0.0,1.0,39.0
667,1,right_lane,adaptive,False,0.05,40,0,21.143957334666844,1.5,7.0,5.661526516079903,61.07963746501308,41.82963746501307,19.25,18.0,1.0,0,0,40,0,0.0,3.0,37.0
668,1,right_lane,adaptive,False,0.05,40,0,20.893957345971565,0.0,14.0,4.755355097353458,61.17939766774115,41.42939766774115,19.75,18.0,1.0,0,0,40,0,0.0,1.0,39.0
669,1,right_lane,adaptive,False,0.05,40,0,23.268952382716115,0.0,4.5,3.8073621851076496,64.97938972653245,45.22938972653242,19.75,18.0,1.0,0,0,37,3,0.0,1.0,39.0
670,1,right_lane,adaptive,False,0.05,40,0,20.393957345971565,2.5,4.0,6.659876622259617,58.879332343352296,40.62933234335229,18.25,18.0,1.0,0,0,40,0,1.0,5.0,34.0
671,1,right_lane,adaptive,False,0.05,40,0,22.266461004214154,0.0,1.0,3.8185767331196985,63.375402367889905,43.625402367889905,19.75,18.0,1.0,0,0,38,2,0.0,1.0,39.0
672,1,right_lane,adaptive,False,0.05,40,0,22.143956694084682,0.0,5.0,3.3001385234492773,63.43033071053549,43.4303307105355,20.0,18.0,1.0,0,0,38,2,0.0,0.0,40.0
673,1,right_lane,adaptive,False,0.05,40,0,21.018957345971565,0.0,3.5,4.2248934581293724,61.37939766774114,41.629397667741145,19.75,18.0,1.0,0,0,38,2,0.0,1.0,39.0
674,1,right_lane,adaptive,False,0.05,40,0,20.268957345971565,0.0,14.0,4.917589534074068,60.179396514701764,40.42939651470176,19.75,18.0,1.0,0,0,40,0,0.0,1.0,39.0
675,1,right_lane,adaptive,False,0.05,40,0,23.018957345971565,9.0,2.5,12.239551603794098,59.82749871675853,44.82749871675853,15.0,18.0,1.0,0,0,40,0,9.0,2.0,29.0
676,1,right_lane,adaptive,False,0.05,40,0,21.39395734426102,0.0,10.5,4.1484149126936245,62.23033175081764,42.230331750817626,20.0,18.0,1.0,0,0,38,2,0.0,0.0,40.0
677,1,right_lane,adaptive,False,0.05,40,0,21.643627957721566,0.0,3.0,3.499636810386164,62.37886949351896,42.62886949351898,19.75,18.0,1.0,0,0,36,4,0.0,1.0,39.0
678,1,right_lane,adaptive,False,0.05,40,0,20.733867844032495,0.0,18.0,5.1028572206738545,61.174188550451994,41.174188550451994,20.0,18.0,1.0,0,0,39,1,0.0,0.0,40.0
679,1,right_lane,adaptive,False,0.05,40,0,20.518957345971565,0.0,7.0,4.723907299339771,60.57939766773994,40.82939766773995,19.75,18.0,1.0,0,0,40,0,0.0,1.0,39.0
680,1,right_lane,adaptive,False,0.05,40,0,21.268957345746305,0.0,3.5,3.7464712351070375,61.77939766738074,42.02939766738074,19.75,18.0,1.0,0,0,36,4,0.0,1.0,39.0
681,1,right_lane,adaptive,False,0.05,40,0,23.266133005583107,3.5,7.5,7.7951293700334645,63.47510425527789,45.22510425527788,18.25,18.0,1.0,0,0,36,4,1.0,5.0,34.0
682,1,right_lane,adaptive,False,0.05,40,0,22.01895164498405,0.5,0.0,4.1614273655213765,62.47838928349324,43.228389283493236,19.25,18.0,1.0,0,0,34,6,1.0,1.0,38.0
683,1,right_lane,adaptive,False,0.05,40,0,23.768957345971565,9.0,12.0,13.261662393808365,61.02729813027453,46.02729813027453,15.0,18.0,1.0,0,0,40,0,5.0,10.0,25.0
684,1,right_lane,adaptive,False,0.05,34,1,20.904655701143017,0.5,4.0,4.733542382717133,51.478399108808766,35.228399108808766,16.25,18.0,1.0,0,0,34,0,1.0,1.0,32.0
685,1,right_lane,adaptive,False,0.05,40,0,21.518957345945747,0.5,1.5,4.638926662791846,61.67839910881959,42.42839910881959,19.25,18.0,1.0,0,0,39,1,1.0,1.0,38.0
686,1,right_lane,adaptive,False,0.05,40,0,22.018957345971565,0.0,6.5,4.168661975343639,63.23033175355451,43.23033175355451,20.0,18.0,1.0,0,0,38,2,0.0,0.0,40.0
687,1,right_lane,adaptive,False,0.05,40,0,20.643957345971565,2.5,16.0,8.285304762423038,59.27805714339965,41.02805714339964,18.25,18.0,1.0,0,0,40,0,1.0,5.0,34.0
688,1,right_lane,adaptive,False,0.05,40,0,21.143951743818675,0.0,8.5,3.3811493790199165,61.579388704986066,41.829388704986066,19.75,18.0,1.0,0,0,29,11,0.0,1.0,39.0
689,1,right_lane,adaptive,False,0.05,40,0,22.643957345971565,0.0,2.0,3.0553541159059705,63.9793983296861,44.22939832968609,19.75,18.0,1.0,0,0,33,7,0.0,1.0,39.0
690,1,right_lane,adaptive,False,0.05,25,1,21.4303317535545,0.5,4.5,2.7352150947881455,38.1783991088088,26.428399108808797,11.75,18.0,1.0,0,0,13,12,1.0,1.0,23.0
691,1,right_lane,adaptive,False,0.05,40,0,21.268957345971565,0.0,1.5,3.1320129831292434,62.030331753554485,42.03033175355449,20.0,18.0,1.0,0,0,33,7,0.0,0.0,40.0
692,1,right_lane,adaptive,False,0.05,40,0,20.393957345971565,0.5,9.5,5.520199149847031,59.87839717648496,40.62839717648496,19.25,18.0,1.0,0,0,40,0,1.0,1.0,38.0
693,1,right_lane,adaptive,False,0.05,40,0,20.893956693888644,0.5,9.0,5.61775366961956,60.678397361006816,41.428397361006816,19.25,18.0,1.0,0,0,40,0,1.0,1.0,38.0
694,1,right_lane,adaptive,False,0.05,40,0,21.143957345971565,3.0,6.0,8.245046243071556,59.82805507336556,41.82805507336557,18.0,18.0,1.0,0,0,40,0,1.0,6.0,33.0
695,1,right_lane,adaptive,False,0.05,40,0,22.48104265596867,6.5,16.0,12.59735406190157,60.21562352663792,43.96562352663792,16.25,18.0,1.0,0,0,40,0,4.0,7.0,29.0
696,1,right_lane,adaptive,False,0.05,40,0,20.518957345971565,0.0,11.0,5.180994585156441,60.57939766773994,40.82939766773995,19.75,18.0,1.0,0,0,40,0,0.0,1.0,39.0
697,1,right_lane,adaptive,False,0.05,40,0,21.018957345971565,0.0,8.0,3.991282641887665,61.63033175355451,41.6303317535545,20.0,18.0,1.0,0,0,40,0,0.0,0.0,40.0
698,1,right_lane,adaptive,False,0.05,40,0,22.375000013019175,0.5,2.5,4.295495064674469,63.04806737613708,43.79806737613708,19.25,18.0,1.0,0,0,34,6,1.0,1.0,38.0
699,1,right_lane,adaptive,False,0.05,40,0,21.893957345971565,0.0,2.0,3.4637143673953688,62.7793983296861,43.02939832968611,19.75,18.0,1.0,0,0,37,3,0.0,1.0,39.0
700,1,right_lane,adaptive,False,0.05,40,0,21.26895734597105,0.0,2.0,4.1935447826981544,61.77939766651963,42.02939766651963,19.75,18.0,1.0,0,0,40,0,0.0,1.0,39.0
701,1,right_lane,adaptive,False,0.05,40,0,22.018957345971565,17.5,17.0,23.135562548843154,54.4772969310267,43.22729693102669,11.25,18.0,1.0,0,0,39,1,0.0,35.0,5.0
702,1,right_lane,adaptive,False,0.05,10,1,24.57580358367013,0.5,2.0,1.482632104307413,16.830321433468054,11.83032143346805,5.0,18.0,1.0,0,0,10,0,0.0,0.0,10.0
703,1,right_lane,adaptive,False,0.05,40,0,23.00000075075124,0.0,0.0,2.7662429790379974,64.80000120120198,44.800001201201994,20.0,18.0,1.0,0,0,34,6,0.0,0.0,40.0
704,1,right_lane,adaptive,False,0.05,40,0,23.268957345971565,0.0,9.0,4.0260209112300345,64.97939766843072,45.22939766843072,19.75,18.0,1.0,0,0,34,6,0.0,1.0,39.0
705,1,right_lane,adaptive,False,0.05,40,0,22.393957345971565,9.0,10.5,13.348998919129372,58.824910734975866,43.82491073497587,15.0,18.0,1.0,0,0,40,0,7.0,6.0,27.0
706,1,right_lane,adaptive,False,0.05,40,0,20.393957345971565,0.0,4.5,4.740520350635052,60.37939766652045,40.62939766652045,19.75,18.0,1.0,0,0,40,0,0.0,1.0,39.0
707,1,right_lane,adaptive,False,0.05,40,0,22.018957345971565,6.0,10.5,10.803125239908695,59.727070002927704,43.227070002927704,16.5,18.0,1.0,0,0,40,0,2.0,10.0,28.0
708,1,right_lane,adaptive,False,0.05,40,0,20.518957345971565,0.0,15.0,5.3550717905163765,60.57939651470175,40.829396514701756,19.75,18.0,1.0,0,0,40,0,0.0,1.0,39.0
709,1,right_lane,adaptive,False,0.05,40,0,23.268957345967134,6.0,3.5,8.718994184527105,62.227473362354395,45.227473362354395,17.0,18.0,1.0,0,0,38,2,5.0,2.0,33.0
710,1,right_lane,adaptive,False,0.05,40,0,21.393957245397175,0.0,16.0,5.224524275920885,61.97939635378275,42.22939635378274,19.75,18.0,1.0,0,0,39,1,0.0,1.0,39.0
711,1,right_lane,adaptive,False,0.05,40,0,21.268957345971565,0.5,1.5,4.764397996759726,61.27839910886089,42.02839910886089,19.25,18.0,1.0,0,0,38,2,1.0,1.0,38.0
712,1,right_lane,adaptive,False,0.05,40,0,21.481414695510455,3.5,4.5,7.661600314610041,60.3693282783795,42.36932827837951,18.0,18.0,1.0,0,0,31,9,0.0,8.0,32.0
713,1,right_lane,adaptive,False,0.05,40,0,20.393957345971565,0.0,20.5,5.990049973130226,60.37939766652045,40.62939766652045,19.75,18.0,1.0,0,0,40,0,0.0,1.0,39.0
714,1,right_lane,adaptive,False,0.05,40,0,23.393957345971565,3.0,8.0,7.499265877699827,63.92870403876225,45.42870403876225,18.5,18.0,1.0,0,0,37,3,0.0,6.0,34.0
715,1,right_lane,adaptive,False,0.05,40,0,20.768957345971565,0.0,8.5,4.659129310399294,61.2303317535545,41.23033175355451,20.0,18.0,1.0,0,0,40,0,0.0,0.0,40.0
716,1,right_lane,adaptive,False,0.05,40,0,21.268957260126378,0.0,9.5,4.386714654043317,62.03033161620221,42.03033161620222,20.0,18.0,1.0,0,0,38,2,0.0,0.0,40.0
717,1,right_lane,adaptive,False,0.05,40,0,21.893919004141758,0.0,0.5,2.908926128744497,63.03027040662682,43.030270406626826,20.0,18.0,1.0,0,0,35,5,0.0,0.0,40.0
718,1,right_lane,adaptive,False,0.05,40,0,21.018957345971497,1.0,3.0,5.375187865753105,60.628049088155144,41.628049088155144,19.0,18.0,1.0,0,0,39,1,1.0,2.0,37.0
719,1,right_lane,adaptive,False,0.05,40,0,21.893957345971494,0.0,2.0,2.225103749397931,63.030331753554414,43.030331753554414,20.0,18.0,1.0,0,0,27,13,0.0,0.0,40.0
720,1,right_lane,adaptive,False,0.05,40,0,23.643957345971565,0.0,2.5,3.0393588445303976,65.5793983296861,45.8293983296861,19.75,18.0,1.0,0,0,35,5,0.0,1.0,39.0
721,1,right_lane,adaptive,False,0.05,40,0,20.643957345971565,0.0,2.5,3.562822641997627,61.03033175355451,41.030331753554506,20.0,18.0,1.0,0,0,34,6,0.0,0.0,40.0
722,1,right_lane,adaptive,False,0.05,40,0,21.393956694084682,0.0,1.0,2.723552813875358,62.2303307105355,42.2303307105355,20.0,18.0,1.0,0,0,38,2,0.0,0.0,40.0
723,1,right_lane,adaptive,False,0.05,40,0,21.518957345971565,0.0,7.5,3.7596964655140255,62.4303317535545,42.430331753554505,20.0,18.0,1.0,0,0,38,2,0.0,0.0,40.0
724,1,right_lane,adaptive,False,0.05,40,0,21.768957345971565,0.0,0.5,2.7835462040966377,62.83033175355449,42.83033175355449,20.0,18.0,1.0,0,0,31,9,0.0,0.0,40.0
725,1,right_lane,adaptive,False,0.05,6,1,22.62609369247892,0.0,2.5,1.4302668124437332,9.379328399160883,6.629328399160883,2.75,18.0,1.0,0,0,6,0,0.0,1.0,5.0
726,1,right_lane,adaptive,False,0.05,40,0,21.893957345971565,0.0,6.5,4.112014747737703,63.03033175355451,43.030331753554506,20.0,18.0,1.0,0,0,38,2,0.0,0.0,40.0
727,1,right_lane,adaptive,False,0.05,40,0,20.76895723602826,0.0,12.5,4.740982070565224,60.97939633879248,41.229396338792476,19.75,18.0,1.0,0,0,40,0,0.0,1.0,39.0
728,1,right_lane,adaptive,False,0.05,40,0,22.143956595442237,0.0,7.0,3.630060932920969,63.430330552707574,43.43033055270757,20.0,18.0,1.0,0,0,37,3,0.0,0.0,40.0
729,1,right_lane,adaptive,False,0.05,40,0,21.893957331241847,1.5,0.0,4.7113066343936225,62.027757735872,43.027757735872,19.0,18.0,1.0,0,0,38,2,0.0,4.0,36.0
730,1,right_lane,adaptive,False,0.05,40,0,21.268957345971565,0.5,6.5,4.926876090466976,61.27839910886089,42.02839910886089,19.25,18.0,1.0,0,0,40,0,1.0,1.0,38.0
731,1,right_lane,adaptive,False,0.05,40,0,22.268957345971565,0.0,6.0,2.128976143852924,63.6303317535545,43.6303317535545,20.0,18.0,1.0,0,0,20,20,0.0,0.0,40.0
732,1,right_lane,adaptive,False,0.05,40,0,21.393957345971565,0.0,1.0,3.36919953225879,61.97939766774115,42.22939766774115,19.75,18.0,1.0,0,0,37,3,0.0,1.0,39.0
733,1,right_lane,adaptive,False,0.05,40,0,21.518957345971565,0.0,10.5,4.169544513606525,62.4303317535545,42.430331753554505,20.0,18.0,1.0,0,0,37,3,0.0,0.0,40.0
734,1,right_lane,adaptive,False,0.05,40,0,22.393957345967202,0.0,0.0,2.948676840250755,63.830331753547526,43.83033175354751,20.0,18.0,1.0,0,0,35,5,0.0,0.0,40.0
735,1,right_lane,adaptive,False,0.05,40,0,22.75249644062177,0.0,4.5,2.8175495924397183,64.40399430499482,44.40399430499483,20.0,18.0,1.0,0,0,34,6,0.0,0.0,40.0
736,1,right_lane,adaptive,False,0.05,40,0,22.268957345971565,0.0,5.0,3.8630921385301917,63.63033175355451,43.63033175355451,20.0,18.0,1.0,0,0,38,2,0.0,0.0,40.0
737,1,right_lane,adaptive,False,0.05,40,0,22.643957345971565,6.0,12.5,10.37837844613341,61.228249716214144,44.228249716214144,17.0,18.0,1.0,0,0,38,2,0.0,12.0,28.0
738,1,right_lane,adaptive,False,0.05,40,0,24.108539845401438,4.5,10.5,8.69226840217118,64.32193907688887,46.57193907688887,17.75,18.0,1.0,0,0,32,8,0.0,9.0,31.0
739,1,right_lane,adaptive,False,0.05,40,0,23.018957345971565,3.5,13.0,8.220118164859741,63.07824375902955,44.82824375902955,18.25,18.0,1.0,0,0,38,2,0.0,7.0,33.0
740,1,right_lane,adaptive,False,0.05,40,0,22.268957345971565,0.5,5.5,4.765937322401442,62.8783991088609,43.628399108860904,19.25,18.0,1.0,0,0,37,3,1.0,1.0,38.0
741,1,right_lane,adaptive,False,0.05,40,0,22.393957345971565,0.0,3.5,3.825388119347622,63.8303317535545,43.8303317535545,20.0,18.0,1.0,0,0,36,4,0.0,0.0,40.0
742,1,right_lane,adaptive,False,0.05,40,0,22.643957344482875,0.0,6.0,3.3962882378873473,64.2303317511726,44.2303317511726,20.0,18.0,1.0,0,0,36,4,0.0,0.0,40.0
743,1,right_lane,adaptive,False,0.05,40,0,22.231414695510452,2.0,0.0,3.3054857051279214,62.56957227658948,43.56957227658948,19.0,18.0,1.0,0,0,19,21,0.0,4.0,36.0
744,1,right_lane,adaptive,False,0.05,40,0,21.643957247332974,0.5,3.5,4.954852004603254,61.878398246517754,42.62839824651776,19.25,18.0,1.0,0,0,39,1,1.0,1.0,38.0
745,1,right_lane,adaptive,False,0.05,26,1,21.952242070725482,0.0,4.5,3.0063863654572742,41.0303317535545,28.0303317535545,13.0,18.0,1.0,0,0,24,2,0.0,0.0,26.0
746,1,right_lane,adaptive,False,0.05,40,1,21.393957345971565,0.0,6.0,4.776007141991613,61.97939832968609,42.229398329686106,19.75,18.0,1.0,0,0,37,3,0.0,1.0,39.0
747,1,right_lane,adaptive,False,0.05,40,0,21.143957345971565,0.0,0.0,3.023157128596722,61.57939832968609,41.82939832968609,19.75,18.0,1.0,0,0,39,1,0.0,1.0,39.0
748,1,right_lane,adaptive,False,0.05,40,0,21.518957345971565,2.0,14.0,7.271378867328167,60.92844556168122,42.42844556168122,18.5,18.0,1.0,0,0,40,0,1.0,4.0,35.0
749,1,right_lane,adaptive,False,0.05,40,0,23.768634297606518,6.0,6.5,9.839367184368712,62.52621870428493,46.02621870428492,16.5,18.0,1.0,0,0,34,6,4.0,6.0,30.0
750,1,right_lane,adaptive,False,0.05,40,0,21.393957345971565,2.0,2.0,6.109489267141726,61.22931263710943,42.22931263710944,19.0,18.0,1.0,0,0,37,3,0.0,4.0,36.0
751,1,right_lane,adaptive,False,0.05,40,0,21.643957345971565,5.0,2.5,9.105772185142087,59.87729166249379,42.627291662493796,17.25,18.0,1.0,0,0,37,3,3.0,5.0,32.0
752,1,right_lane,adaptive,False,0.05,40,0,20.643957345971554,0.0,5.5,4.342023588716984,61.03033175355448,41.03033175355447,20.0,18.0,1.0,0,0,40,0,0.0,0.0,40.0
753,1,right_lane,adaptive,False,0.05,23,1,22.20688234082011,0.5,7.5,3.0820834508981534,36.5303317535545,25.0303317535545,11.5,18.0,1.0,0,0,20,3,0.0,0.0,23.0
754,1,right_lane,adaptive,False,0.05,40,0,20.893957345971565,0.5,11.5,5.415721096920606,60.67839840507326,41.428398405073274,19.25,18.0,1.0,0,0,38,2,1.0,1.0,38.0
755,1,right_lane,adaptive,False,0.05,40,0,25.874671250617787,10.0,7.0,13.44910217005554,64.39592760812536,49.39592760812536,15.0,18.0,1.0,0,0,33,7,7.0,6.0,27.0
756,1,right_lane,adaptive,False,0.05,40,0,22.893908453433408,0.0,2.0,3.6333203508734186,64.37932010162507,44.629320101625076,19.75,18.0,1.0,0,0,37,3,0.0,1.0,39.0
757,1,right_lane,adaptive,False,0.05,40,0,23.14395734574971,0.0,8.0,3.794660378366757,64.77939832933113,45.02939832933114,19.75,18.0,1.0,0,0,36,4,0.0,1.0,39.0
758,1,right_lane,adaptive,False,0.05,40,0,22.018957345971565,17.0,14.5,22.14306803047657,54.47910123657341,43.22910123657341,11.25,18.0,1.0,0,0,40,0,7.0,21.0,12.0
759,1,right_lane,adaptive,False,0.05,40,0,21.643957345971565,0.0,6.0,2.9802180097044584,62.379398329686104,42.629398329686104,19.75,18.0,1.0,0,0,28,12,0.0,1.0,39.0
760,1,right_lane,adaptive,False,0.05,40,0,20.768957345971565,2.5,5.0,6.274668462574482,59.72941566179859,41.22941566179859,18.5,18.0,1.0,0,0,40,0,0.0,6.0,34.0
761,1,right_lane,adaptive,False,0.05,21,1,24.083728278032634,0.0,0.5,1.669599135415865,34.930331753547414,24.430331753547417,10.5,18.0,1.0,0,0,18,3,0.0,0.0,21.0
762,1,right_lane,adaptive,False,0.05,40,0,21.893957345971494,0.0,2.0,4.002921243600213,62.77939766652033,43.02939766652033,19.75,18.0,1.0,0,0,37,3,0.0,1.0,39.0
763,1,right_lane,adaptive,False,0.05,40,0,21.76895164518009,0.5,2.5,4.808540528640151,62.0783899875424,42.82838998754241,19.25,18.0,1.0,0,0,40,0,1.0,1.0,38.0
764,1,right_lane,adaptive,False,0.05,40,0,21.518957345971565,2.0,7.0,6.206807009762542,61.429397667741824,42.42939766774183,19.0,18.0,1.0,0,0,34,6,0.0,4.0,36.0
765,1,right_lane,adaptive,False,0.05,40,0,21.981414695510455,3.0,12.0,7.406840099799183,61.91932680102535,43.16932680102534,18.75,18.0,1.0,0,0,38,2,0.0,5.0,35.0
766,1,right_lane,adaptive,False,0.05,40,0,20.518957345971565,0.0,12.5,5.70448499917984,60.8303317535545,40.8303317535545,20.0,18.0,1.0,0,0,40,0,0.0,0.0,40.0
767,1,right_lane,adaptive,False,0.05,16,1,20.672393364928887,0.0,8.5,3.366851106286049,24.17939651470175,16.429396514701747,7.75,18.0,1.0,0,0,16,0,0.0,1.0,15.0
768,1,right_lane,adaptive,False,0.05,40,0,22.26895239570556,0.5,6.0,4.534629443746326,62.87839118843528,43.62839118843527,19.25,18.0,1.0,0,0,38,2,1.0,1.0,38.0
769,1,right_lane,adaptive,False,0.05,40,0,20.393957345971565,0.5,15.0,6.632262051105499,59.87839717648496,40.62839717648496,19.25,18.0,1.0,0,0,40,0,1.0,1.0,38.0
770,1,right_lane,adaptive,False,0.05,40,0,23.268957345971565,0.0,0.5,2.705779096995684,65.2303317535545,45.230331753554495,20.0,18.0,1.0,0,0,30,10,0.0,0.0,40.0
771,1,right_lane,adaptive,False,0.05,12,1,26.313027842947736,0.0,2.0,1.3898569892426167,20.779319940746515,15.029319940746516,5.75,18.0,1.0,0,0,10,2,0.0,1.0,11.0
772,1,right_lane,adaptive,False,0.05,40,0,20.518957345971565,9.5,17.5,15.663005217909813,55.82839840304393,40.828398403043934,15.0,18.0,1.0,0,0,40,0,1.0,18.0,21.0
773,1,right_lane,adaptive,False,0.05,40,0,22.643957345971565,0.0,2.5,1.5341701159784407,64.23033175355451,44.2303317535545,20.0,18.0,1.0,0,0,18,22,0.0,0.0,40.0
774,1,right_lane,adaptive,False,0.05,40,0,23.51895174381527,0.5,2.5,3.8244452761173306,64.87838944089069,45.62838944089069,19.25,18.0,1.0,0,0,34,6,1.0,1.0,38.0
775,1,right_lane,adaptive,False,0.05,40,0,20.768957345971565,0.0,5.5,4.326406411826611,61.23033175355451,41.2303317535545,20.0,18.0,1.0,0,0,40,0,0.0,0.0,40.0
776,1,right_lane,adaptive,False,0.05,40,0,20.893957345971565,0.0,13.5,4.82716416195035,61.17939766774182,41.42939766774183,19.75,18.0,1.0,0,0,40,0,0.0,1.0,39.0
777,1,right_lane,adaptive,False,0.05,40,0,22.643957345971565,0.0,2.0,3.079230155075493,64.2303317535545,44.2303317535545,20.0,18.0,1.0,0,0,34,6,0.0,0.0,40.0
778,1,right_lane,adaptive,False,0.05,40,0,20.768957345971565,0.0,4.0,4.127550885081291,60.97939651911743,41.22939651911743,19.75,18.0,1.0,0,0,40,0,0.0,1.0,39.0
779,1,right_lane,adaptive,False,0.05,40,0,20.393957345971565,0.5,20.5,6.313900738954544,59.87839717648496,40.62839717648496,19.25,18.0,1.0,0,0,40,0,1.0,1.0,38.0
780,1,right_lane,adaptive,False,0.05,40,0,21.518957345971565,0.0,2.0,3.708126829759294,62.43033175355451,42.430331753554505,20.0,18.0,1.0,0,0,37,3,0.0,0.0,40.0
781,1,right_lane,adaptive,False,0.05,40,0,20.268957345971565,1.0,10.5,6.153033174574375,59.42804908815525,40.42804908815524,19.0,18.0,1.0,0,0,40,0,1.0,2.0,37.0
782,1,right_lane,adaptive,False,0.05,40,0,20.268957345971565,0.0,16.5,5.053527362644672,60.430331753554505,40.430331753554505,20.0,18.0,1.0,0,0,40,0,0.0,0.0,40.0
783,1,right_lane,adaptive,False,0.05,40,0,21.643957345971565,0.0,1.0,3.780969339550893,62.379398329686104,42.629398329686104,19.75,18.0,1.0,0,0,38,2,0.0,1.0,39.0
784,1,right_lane,adaptive,False,0.05,13,1,26.21215659754951,0.5,1.0,1.1536102093923546,22.730321430725745,16.230321430725745,6.5,18.0,1.0,0,0,9,4,0.0,0.0,13.0
785,1,right_lane,adaptive,False,0.05,40,0,23.14391480462308,8.5,7.0,11.895367371020257,60.277198983554705,45.02719898355471,15.25,18.0,1.0,0,0,33,7,8.0,3.0,29.0
786,1,right_lane,adaptive,False,0.05,40,0,22.143957345971565,0.5,6.5,5.054729205921376,62.678399108860894,43.4283991088609,19.25,18.0,1.0,0,0,38,2,1.0,1.0,38.0
787,1,right_lane,adaptive,False,0.05,40,0,21.518957345971558,0.0,0.5,1.9330359717569081,62.430331753554505,42.43033175355449,20.0,18.0,1.0,0,0,27,13,0.0,0.0,40.0
788,1,right_lane,adaptive,False,0.05,40,0,21.518957260126378,0.5,8.0,5.284353507446895,61.67839703913267,42.428397039132655,19.25,18.0,1.0,0,0,37,3,1.0,1.0,38.0
789,1,right_lane,adaptive,False,0.05,40,0,23.51895660823892,5.0,4.5,8.59430737007824,62.62866786021185,45.628667860211834,17.0,18.0,1.0,0,0,37,3,5.0,2.0,33.0
790,1,right_lane,adaptive,False,0.05,40,0,21.12532874938229,0.0,3.0,3.651389706879854,61.80052599901166,41.80052599901167,20.0,18.0,1.0,0,0,40,0,0.0,0.0,40.0
791,1,right_lane,adaptive,False,0.05,40,0,21.01895733317816,0.5,5.5,5.021353542804718,60.87839838257448,41.628398382574495,19.25,18.0,1.0,0,0,40,0,1.0,1.0,38.0
792,1,right_lane,adaptive,False,0.05,40,0,22.643957345967713,0.0,2.0,3.4654235557700304,64.23033175354833,44.23033175354834,20.0,18.0,1.0,0,0,38,2,0.0,0.0,40.0
793,1,right_lane,adaptive,False,0.05,36,1,21.68773038441285,0.0,8.0,3.816295277586505,56.43033175355451,38.43033175355451,18.0,18.0,1.0,0,0,34,2,0.0,0.0,36.0
794,1,right_lane,adaptive,False,0.05,40,0,22.893914804623023,0.0,1.5,3.8781439271906493,64.37932960158415,44.62932960158415,19.75,18.0,1.0,0,0,36,4,0.0,1.0,39.0
795,1,right_lane,adaptive,False,0.05,40,0,21.768957345971565,0.0,13.5,4.4660050718302955,62.579397667741155,42.82939766774115,19.75,18.0,1.0,0,0,37,3,0.0,1.0,39.0
796,1,right_lane,adaptive,False,0.05,40,0,20.62532874938229,0.5,18.0,6.548763759434223,60.24859142194212,40.99859142194212,19.25,18.0,1.0,0,0,40,0,1.0,1.0,38.0
797,1,right_lane,adaptive,False,0.05,40,0,22.268957345971565,5.5,7.0,8.808686081985798,61.13033175355449,43.63033175355451,17.5,18.0,1.0,0,0,34,6,0.0,10.0,30.0
798,1,right_lane,adaptive,False,0.05,40,0,20.393957345971565,0.5,4.5,5.274156577885151,59.87839717648496,40.62839717648496,19.25,18.0,1.0,0,0,40,0,1.0,1.0,38.0
799,1,right_lane,adaptive,False,0.05,16,1,21.922393364854578,0.0,2.0,1.2001830028693803,25.230331753506935,17.23033175350693,8.0,18.0,1.0,0,0,12,4,0.0,0.0,16.0
800,1,right_lane,adaptive,False,0.05,40,0,21.768957345971565,0.0,13.5,4.698275785363876,62.579397668430744,42.82939766843073,19.75,18.0,1.0,0,0,38,2,0.0,1.0,39.0
801,1,right_lane,adaptive,False,0.05,19,1,20.56622599151908,0.0,9.5,3.0983651280403137,28.930331753554505,19.430331753554505,9.5,18.0,1.0,0,0,19,0,0.0,0.0,19.0
802,1,right_lane,adaptive,False,0.05,40,0,22.268957345971565,0.0,1.0,3.1666349309325597,63.3793983296861,43.6293983296861,19.75,18.0,1.0,0,0,37,3,0.0,1.0,39.0
803,1,right_lane,adaptive,False,0.05,40,0,22.018957345971565,0.5,2.0,4.126578126106324,62.47839910886089,43.2283991088609,19.25,18.0,1.0,0,0,36,4,1.0,1.0,38.0
804,1,right_lane,adaptive,False,0.05,40,0,20.643956694081282,0.0,11.5,5.0508429035544395,60.779396623496,41.029396623496,19.75,18.0,1.0,0,0,40,0,0.0,1.0,39.0
805,1,right_lane,adaptive,False,0.05,40,0,22.518957345971565,0.5,1.0,4.066404927781605,63.2783991088609,44.0283991088609,19.25,18.0,1.0,0,0,37,3,1.0,1.0,38.0
806,1,right_lane,adaptive,False,0.05,40,0,21.268957345749705,2.0,7.5,5.063812525602771,60.528704608560844,42.02870460856085,18.5,18.0,1.0,0,0,17,23,1.0,4.0,35.0
807,1,right_lane,adaptive,False,0.05,40,0,23.018957345971565,0.0,2.0,3.003471383054375,64.8303317535545,44.83033175355451,20.0,18.0,1.0,0,0,33,7,0.0,0.0,40.0
808,1,right_lane,adaptive,False,0.05,21,1,21.464680658993444,0.5,2.5,2.7525979578495026,32.479397667741154,22.229397667741146,10.25,18.0,1.0,0,0,21,0,0.0,1.0,20.0
809,1,right_lane,adaptive,False,0.05,40,0,20.393957345971565,0.5,9.5,5.643069423735142,59.87839717648496,40.62839717648496,19.25,18.0,1.0,0,0,40,0,1.0,1.0,38.0
810,1,right_lane,adaptive,False,0.05,40,0,20.64395239570556,0.5,12.5,5.677846185863018,60.27838925605936,41.028389256059356,19.25,18.0,1.0,0,0,40,0,1.0,1.0,38.0
811,1,right_lane,adaptive,False,0.05,40,0,21.518957345971565,2.5,10.0,7.513633266091347,60.67869115188526,42.42869115188527,18.25,18.0,1.0,0,0,40,0,1.0,5.0,34.0
812,1,right_lane,adaptive,False,0.05,40,0,20.643957345971565,0.5,3.5,4.6541095304746705,60.278397176484944,41.02839717648495,19.25,18.0,1.0,0,0,35,5,1.0,1.0,38.0
813,1,right_lane,adaptive,False,0.05,40,0,22.768957345971565,8.0,5.5,10.858038802263764,60.428912941198014,44.42891294119802,16.0,18.0,1.0,0,0,33,7,6.0,4.0,30.0
814,1,right_lane,adaptive,False,0.05,40,0,20.768957345971565,0.0,0.5,4.290030017495155,60.979397667741154,41.22939766774115,19.75,18.0,1.0,0,0,40,0,0.0,1.0,39.0
815,1,right_lane,adaptive,False,0.05,40,0,21.143957345971565,0.0,9.5,3.8729025040033775,61.83033175355449,41.8303317535545,20.0,18.0,1.0,0,0,37,3,0.0,0.0,40.0
816,1,right_lane,adaptive,False,0.05,40,0,20.643957345971565,2.5,18.0,7.711555004119873,59.27805714339965,41.02805714339964,18.25,18.0,1.0,0,0,40,0,1.0,5.0,34.0
817,1,right_lane,adaptive,False,0.05,40,0,21.393957345971565,0.5,16.5,5.41322421122095,61.478398404340766,42.22839840434077,19.25,18.0,1.0,0,0,38,2,1.0,1.0,38.0
818,1,right_lane,adaptive,False,0.05,40,0,22.143957345971565,6.5,6.0,10.761114358901978,60.17800119118627,43.42800119118628,16.75,18.0,1.0,0,0,40,0,4.0,5.0,31.0
819,1,right_lane,adaptive,False,0.05,40,0,22.643956608239495,0.0,4.5,3.536009521913911,64.23033057318318,44.23033057318319,20.0,18.0,1.0,0,0,36,4,0.0,0.0,40.0
820,1,right_lane,adaptive,False,0.05,40,0,20.643957345971565,4.5,3.5,8.157530365511775,59.0303317535545,41.0303317535545,18.0,18.0,1.0,0,0,39,1,0.0,8.0,32.0
821,1,right_lane,adaptive,False,0.05,40,0,22.127490089432097,0.0,2.0,3.04329952786793,63.153050057278676,43.403050057278676,19.75,18.0,1.0,0,0,37,3,0.0,1.0,39.0
822,1,right_lane,adaptive,False,0.05,40,0,21.268957345971565,0.0,6.0,4.5266741754018085,61.7793983296861,42.02939832968611,19.75,18.0,1.0,0,0,38,2,0.0,1.0,39.0
823,1,right_lane,adaptive,False,0.05,40,0,20.393957345971565,0.5,9.0,5.6509061977267265,59.87839717648496,40.62839717648496,19.25,18.0,1.0,0,0,40,0,1.0,1.0,38.0
824,1,right_lane,adaptive,False,0.05,10,1,24.07582598632693,0.0,0.5,1.042209219187498,16.63033039453077,11.630330394530771,5.0,18.0,1.0,0,0,10,0,0.0,0.0,10.0
825,1,right_lane,adaptive,False,0.05,40,0,23.768957345971565,2.0,10.0,6.311554033435641,64.77654371729162,46.02654371729162,18.75,18.0,1.0,0,0,35,5,1.0,3.0,36.0
826,1,right_lane,adaptive,False,0.05,40,0,23.122875600860247,0.0,6.0,3.9514064820878048,64.745667537508,44.99566753750799,19.75,18.0,1.0,0,0,36,4,0.0,1.0,39.0
827,1,right_lane,adaptive,False,0.05,40,0,21.393957345971565,2.5,12.5,8.048657478306268,60.72661060650456,42.22661060650456,18.5,18.0,1.0,0,0,38,2,1.0,4.0,35.0
828,1,right_lane,adaptive,False,0.05,40,0,22.143957345971565,0.0,4.5,3.6862513618282264,63.4303317535545,43.43033175355451,20.0,18.0,1.0,0,0,36,4,0.0,0.0,40.0
829,1,right_lane,adaptive,False,0.05,40,0,21.518957345971565,0.5,2.0,4.788204380166917,61.678399108860894,42.428399108860894,19.25,18.0,1.0,0,0,39,1,1.0,1.0,38.0
830,1,right_lane,adaptive,False,0.05,40,0,22.143957345967657,6.5,8.5,10.339471552658324,60.177778911790085,43.42777891179008,16.75,18.0,1.0,0,0,28,12,0.0,13.0,27.0
831,1,right_lane,adaptive,False,0.05,40,0,22.50032313249975,0.5,5.5,4.869789122240036,63.24858243493007,43.99858243493007,19.25,18.0,1.0,0,0,38,2,1.0,1.0,38.0
832,1,right_lane,adaptive,False,0.05,40,0,21.393957345971565,0.0,9.5,4.910073828626082,61.9793983296861,42.2293983296861,19.75,18.0,1.0,0,0,35,5,0.0,1.0,39.0
833,1,right_lane,adaptive,False,0.05,40,0,22.518957345971565,0.0,1.0,3.2336696120910347,64.0303317535545,44.0303317535545,20.0,18.0,1.0,0,0,38,2,0.0,0.0,40.0
834,1,right_lane,adaptive,False,0.05,40,0,20.643957345971565,2.0,15.0,7.3078152015805244,59.77899324740505,41.02899324740504,18.75,18.0,1.0,0,0,40,0,0.0,5.0,35.0
835,1,right_lane,adaptive,False,0.05,40,0,20.893957345971565,0.0,5.0,4.067670100993382,61.430331753554505,41.430331753554505,20.0,18.0,1.0,0,0,38,2,0.0,0.0,40.0
836,1,right_lane,adaptive,False,0.05,40,0,22.018957345971565,0.0,5.0,4.127578176935913,63.2303317535545,43.2303317535545,20.0,18.0,1.0,0,0,36,4,0.0,0.0,40.0
837,1,right_lane,adaptive,False,0.05,40,0,21.643957345971554,2.0,6.5,6.16674094447626,61.12770413461938,42.62770413461938,18.5,18.0,1.0,0,0,34,6,1.0,4.0,35.0
838,1,right_lane,adaptive,False,0.05,40,0,22.518957345971565,0.0,0.0,2.1396797364257054,64.0303317535545,44.030331753554506,20.0,18.0,1.0,0,0,34,6,0.0,0.0,40.0
839,1,right_lane,adaptive,False,0.05,40,0,22.518957345971565,0.0,1.5,3.851315632671117,63.779398329686124,44.029398329686124,19.75,18.0,1.0,0,0,37,3,0.0,1.0,39.0
840,1,right_lane,adaptive,False,0.05,40,0,20.643957345971565,0.0,6.5,3.939795548965776,60.77939766774115,41.02939766774115,19.75,18.0,1.0,0,0,29,11,0.0,1.0,39.0
841,1,right_lane,adaptive,False,0.05,40,0,21.893957345971565,2.0,3.0,5.186538990379631,62.02939989069417,43.02939989069418,19.0,18.0,1.0,0,0,36,4,0.0,4.0,36.0
842,1,right_lane,adaptive,False,0.05,40,0,21.268629347340514,0.0,0.0,3.3329680811148137,61.77887286993146,42.02887286993147,19.75,18.0,1.0,0,0,37,3,0.0,1.0,39.0
843,1,right_lane,adaptive,False,0.05,40,0,22.393957345971565,3.5,2.5,7.796159610152245,61.5786901601943,43.828690160194306,17.75,18.0,1.0,0,0,40,0,1.0,7.0,32.0
844,1,right_lane,adaptive,False,0.05,40,0,22.768957345942347,0.0,8.0,3.770669747164675,64.43033175350776,44.43033175350776,20.0,18.0,1.0,0,0,36,4,0.0,0.0,40.0
845,1,right_lane,adaptive,False,0.05,40,0,21.643957345971565,6.0,4.5,10.170785434544086,59.62758591237431,42.627585912374315,17.0,18.0,1.0,0,0,40,0,3.0,6.0,31.0
846,1,right_lane,adaptive,False,0.05,33,1,23.507827086026136,0.0,3.5,1.5505875346755147,54.1303317535545,37.6303317535545,16.5,18.0,1.0,0,0,19,14,0.0,0.0,33.0
847,1,right_lane,adaptive,False,0.05,40,0,21.518957345971565,0.0,2.5,3.5813116464178165,62.17939832968612,42.4293983296861,19.75,18.0,1.0,0,0,39,1,0.0,1.0,39.0
848,1,right_lane,adaptive,False,0.05,40,0,20.518957345971565,0.5,18.5,7.008952587842941,60.07839840304393,40.828398403043934,19.25,18.0,1.0,0,0,39,1,1.0,1.0,38.0
849,1,right_lane,adaptive,False,0.05,40,0,21.393957345971565,0.0,15.5,4.263126495628967,62.230331753554495,42.2303317535545,20.0,18.0,1.0,0,0,37,3,0.0,0.0,40.0
850,1,right_lane,adaptive,False,0.05,40,0,22.393957345937917,8.0,7.5,12.786493577063084,59.57706722541417,43.827067225414176,15.75,18.0,1.0,0,0,40,0,4.0,9.0,27.0
851,1,right_lane,adaptive,False,0.05,40,0,21.50249644062177,0.0,5.0,3.9281320698501077,62.15306021796077,42.40306021796077,19.75,18.0,1.0,0,0,38,2,0.0,1.0,39.0
852,1,right_lane,adaptive,False,0.05,33,1,21.386614964814015,0.0,5.5,3.9657507091760635,51.07939832968609,34.8293983296861,16.25,18.0,1.0,0,0,33,0,0.0,1.0,32.0
853,1,right_lane,adaptive,False,0.05,40,0,21.393957345971565,0.0,8.0,4.68260122492984,61.979398329686106,42.2293983296861,19.75,18.0,1.0,0,0,38,2,0.0,1.0,39.0
854,1,right_lane,adaptive,False,0.05,40,0,20.518957345775522,0.0,7.5,4.620119586586952,60.57939766620678,40.82939766620678,19.75,18.0,1.0,0,0,40,0,0.0,1.0,39.0
855,1,right_lane,adaptive,False,0.05,40,0,21.268957345971565,3.0,13.5,8.796671234071255,60.02869115241789,42.02869115241789,18.0,18.0,1.0,0,0,40,0,1.0,6.0,33.0
856,1,right_lane,adaptive,False,0.05,40,0,20.518957345971565,0.5,1.0,4.834893252700567,60.07839840304393,40.828398403043934,19.25,18.0,1.0,0,0,40,0,1.0,1.0,38.0
857,1,right_lane,adaptive,False,0.05,40,0,20.393957345971565,0.0,10.5,5.565458983182907,60.37939766652045,40.62939766652045,19.75,18.0,1.0,0,0,40,0,0.0,1.0,39.0
858,1,right_lane,adaptive,False,0.05,40,0,23.018957345971565,0.0,0.5,2.734500519438825,64.57939766774115,44.829397667741155,19.75,18.0,1.0,0,0,34,6,0.0,1.0,39.0
859,1,right_lane,adaptive,False,0.05,40,0,20.64395733317816,0.0,4.5,4.612530037760735,60.779397646051,41.029397646051,19.75,18.0,1.0,0,0,40,0,0.0,1.0,39.0
860,1,right_lane,adaptive,False,0.05,40,0,22.393957345971565,0.0,7.0,2.68899561962553,63.830331753554496,43.8303317535545,20.0,18.0,1.0,0,0,24,16,0.0,0.0,40.0
861,1,right_lane,adaptive,False,0.05,40,0,22.018957345971565,0.0,0.0,2.4813162068518295,63.2303317535545,43.23033175355451,20.0,18.0,1.0,0,0,37,3,0.0,0.0,40.0
862,1,right_lane,adaptive,False,0.05,40,0,21.768957345971565,0.0,5.0,4.288759848342579,62.830331753554496,42.8303317535545,20.0,18.0,1.0,0,0,37,3,0.0,0.0,40.0
863,1,right_lane,adaptive,False,0.05,24,1,21.281595576619278,0.0,10.5,4.230140767166631,36.97939766843068,25.229397668430686,11.75,18.0,1.0,0,0,23,1,0.0,1.0,23.0
864,1,right_lane,adaptive,False,0.05,40,0,20.608867844032495,0.0,5.5,4.279739560901362,60.72325331159926,40.97325331159925,19.75,18.0,1.0,0,0,38,2,0.0,1.0,39.0
865,1,right_lane,adaptive,False,0.05,40,0,21.14395734596714,1.5,13.0,6.54522292688489,60.82870339605951,41.82870339605951,19.0,18.0,1.0,0,0,40,0,0.0,4.0,36.0
866,1,right_lane,adaptive,False,0.05,40,0,23.893957345971565,0.0,0.5,1.9539885537196824,66.23033175355452,46.23033175355451,20.0,18.0,1.0,0,0,25,15,0.0,0.0,40.0
867,1,right_lane,adaptive,False,0.05,40,0,21.268957345971565,0.5,2.5,4.690314614683302,61.27839718118254,42.02839718118254,19.25,18.0,1.0,0,0,38,2,1.0,1.0,38.0
868,1,right_lane,adaptive,False,0.05,40,0,22.26895723434353,0.0,7.0,3.6635283775476637,63.63033157494965,43.63033157494965,20.0,18.0,1.0,0,0,36,4,0.0,0.0,40.0
869,1,right_lane,adaptive,False,0.05,40,0,22.643957345971565,0.0,13.5,4.387683217789345,64.23033175355451,44.230331753554495,20.0,18.0,1.0,0,0,37,3,0.0,0.0,40.0
870,1,right_lane,adaptive,False,0.05,40,0,23.893957345971565,8.5,12.0,12.96164579495121,61.727965567833635,46.227965567833635,15.5,18.0,1.0,0,0,38,2,4.0,10.0,26.0
871,1,right_lane,adaptive,False,0.05,21,1,22.655156827936832,0.5,0.0,1.8033317508088658,32.97839909077332,23.22839909077333,9.75,18.0,1.0,0,0,10,11,1.0,1.0,19.0
872,1,right_lane,adaptive,False,0.05,25,1,21.230331753554506,0.5,9.0,3.189283479237929,38.7303317535545,26.23033175355451,12.5,18.0,1.0,0,0,23,2,0.0,0.0,25.0
873,1,right_lane,adaptive,False,0.05,40,0,22.018957345971565,0.0,0.0,2.8847331409676826,63.23033175355448,43.23033175355449,20.0,18.0,1.0,0,0,37,3,0.0,0.0,40.0
874,1,right_lane,adaptive,False,0.05,40,0,22.643957345971565,0.0,0.0,2.8883084628532742,64.23033175355451,44.230331753554495,20.0,18.0,1.0,0,0,35,5,0.0,0.0,40.0
875,1,right_lane,adaptive,False,0.05,40,0,22.018957345971565,1.5,11.0,5.935939755358277,62.478280172580824,43.22828017258083,19.25,18.0,1.0,0,0,38,2,0.0,3.0,37.0
876,1,right_lane,adaptive,False,0.05,40,0,21.393957345971565,0.0,0.5,2.5057745610829443,62.2303317535545,42.2303317535545,20.0,18.0,1.0,0,0,37,3,0.0,0.0,40.0
877,1,right_lane,adaptive,False,0.05,26,1,20.60608822457164,0.0,13.5,4.794811904430389,39.37939766652045,26.629397666520447,12.75,18.0,1.0,0,0,26,0,0.0,1.0,25.0
878,1,right_lane,adaptive,False,0.05,40,0,21.393957345971565,0.0,0.5,1.8601730909967955,61.979398329686106,42.2293983296861,19.75,18.0,1.0,0,0,21,19,0.0,1.0,39.0
879,1,right_lane,adaptive,False,0.05,40,0,22.018914066891014,0.5,0.5,4.704007165506482,62.47832986233202,43.22832986233202,19.25,18.0,1.0,0,0,39,1,1.0,1.0,38.0
880,1,right_lane,adaptive,False,0.05,40,0,23.268957345971565,0.0,1.5,3.0526784278399646,65.23033175355451,45.23033175355451,20.0,18.0,1.0,0,0,35,5,0.0,0.0,40.0
881,1,right_lane,adaptive,False,0.05,40,0,21.393957345971565,0.0,11.5,3.054688564621756,62.230331753554495,42.230331753554495,20.0,18.0,1.0,0,0,28,12,0.0,0.0,40.0
882,1,right_lane,adaptive,False,0.05,40,0,21.393957345971554,4.0,13.5,9.610429383814335,60.228296627599114,42.22829662759912,18.0,18.0,1.0,0,0,40,0,0.0,8.0,32.0
883,1,right_lane,adaptive,False,0.05,40,0,21.268957345971565,3.5,9.0,6.825398724522529,60.02839717648503,42.02839717648503,18.0,18.0,1.0,0,0,19,21,1.0,6.0,33.0
884,1,right_lane,adaptive,False,0.05,40,0,21.768957345971565,0.0,2.0,2.8179749770247327,62.8303317535545,42.830331753554496,20.0,18.0,1.0,0,0,37,3,0.0,0.0,40.0
885,1,right_lane,adaptive,False,0.05,40,0,22.143957248821145,1.5,6.5,4.853150540497154,62.4282453468416,43.428245346841585,19.0,18.0,1.0,0,0,27,13,0.0,4.0,36.0
886,1,right_lane,adaptive,False,0.05,40,0,20.643957345971565,0.5,2.0,4.527368102222681,60.2783984043395,41.0283984043395,19.25,18.0,1.0,0,0,40,0,1.0,1.0,38.0
887,1,right_lane,adaptive,False,0.05,40,0,21.518957345971565,0.5,7.0,4.685693829186903,61.67839910886089,42.428399108860894,19.25,18.0,1.0,0,0,38,2,1.0,1.0,38.0
888,1,right_lane,adaptive,False,0.05,40,0,21.768957345971565,0.5,0.0,3.855232580403026,62.078398404340774,42.82839840434077,19.25,18.0,1.0,0,0,38,2,1.0,1.0,38.0
889,1,right_lane,adaptive,False,0.05,40,0,23.643957345971565,0.0,1.0,2.740838494910605,65.8303317535545,45.8303317535545,20.0,18.0,1.0,0,0,35,5,0.0,0.0,40.0
890,1,right_lane,adaptive,False,0.05,40,0,21.268957345971565,3.5,7.0,7.880640223622322,59.77805441210925,42.02805441210925,17.75,18.0,1.0,0,0,40,0,1.0,7.0,32.0
891,1,right_lane,adaptive,False,0.05,40,0,23.26895734594234,0.0,3.5,3.0453537089024394,65.23033175350776,45.230331753507755,20.0,18.0,1.0,0,0,34,6,0.0,0.0,40.0
892,1,right_lane,adaptive,False,0.05,40,0,20.768957345971565,0.0,0.0,3.170781511813402,60.979397667741154,41.22939766774115,19.75,18.0,1.0,0,0,40,0,0.0,1.0,39.0
893,1,right_lane,adaptive,False,0.05,40,0,20.518957345971565,0.0,0.0,3.6635347679257393,60.8303317535545,40.8303317535545,20.0,18.0,1.0,0,0,40,0,0.0,0.0,40.0
894,1,right_lane,adaptive,False,0.05,40,0,22.5189523954837,0.0,1.5,3.2714227715616744,64.03032383277392,44.030323832773924,20.0,18.0,1.0,0,0,35,5,0.0,0.0,40.0
895,1,right_lane,adaptive,False,0.05,40,0,20.768957345971565,0.0,11.5,4.813409432768822,61.23033175355451,41.2303317535545,20.0,18.0,1.0,0,0,40,0,0.0,0.0,40.0
896,1,right_lane,adaptive,False,0.05,40,0,22.997552552495204,5.5,8.5,10.022755528931157,61.54305340305933,44.79305340305934,16.75,18.0,1.0,0,0,38,2,4.0,5.0,31.0
897,1,right_lane,adaptive,False,0.05,40,0,21.643957345945747,3.0,4.5,7.779678583145142,60.62805507332426,42.62805507332427,18.0,18.0,1.0,0,0,40,0,1.0,6.0,33.0
898,1,right_lane,adaptive,False,0.05,40,0,22.01891406689101,0.0,1.0,3.637979940409423,62.979328421212266,43.229328421212266,19.75,18.0,1.0,0,0,37,3,0.0,1.0,39.0
899,1,right_lane,adaptive,False,0.05,40,0,21.268957345971565,14.0,15.0,19.426099873773637,55.02839840393352,42.02839840393353,13.0,18.0,1.0,0,0,37,3,3.0,22.0,15.0
900,1,right_lane,adaptive,False,0.05,40,0,22.268957345942347,0.0,7.5,4.299871534109116,63.63033175350775,43.63033175350775,20.0,18.0,1.0,0,0,40,0,0.0,0.0,40.0
901,1,right_lane,adaptive,False,0.05,40,0,21.893957331238006,0.5,17.5,5.347192957176276,62.528002686252954,43.028002686252954,19.5,18.0,1.0,0,0,38,2,0.0,2.0,38.0
902,1,right_lane,adaptive,False,0.05,40,0,22.00000009866492,8.5,12.0,13.101939617837388,58.44715100271394,43.19715100271393,15.25,18.0,1.0,0,0,27,13,1.0,17.0,22.0
903,1,right_lane,adaptive,False,0.05,40,0,22.518957345971565,0.0,0.0,1.3403208963441102,64.0303317535545,44.030331753554506,20.0,18.0,1.0,0,0,32,8,0.0,0.0,40.0
904,1,right_lane,adaptive,False,0.05,40,0,21.893957345971565,0.0,0.5,4.011009012408067,62.77939766843072,43.02939766843071,19.75,18.0,1.0,0,0,39,1,0.0,1.0,39.0
905,1,right_lane,adaptive,False,0.05,40,0,21.14395734596765,0.5,6.0,5.212492056190968,61.07839840303767,41.82839840303767,19.25,18.0,1.0,0,0,40,0,1.0,1.0,38.0
906,1,right_lane,adaptive,False,0.05,40,0,21.518957345971565,0.0,10.0,4.110758180069752,62.17939766774114,42.429397667741135,19.75,18.0,1.0,0,0,29,11,0.0,1.0,39.0
907,1,right_lane,adaptive,False,0.05,40,0,21.018957345971057,0.0,14.0,4.7024377435445786,61.379397667740335,41.62939766774032,19.75,18.0,1.0,0,0,40,0,0.0,1.0,39.0
908,1,right_lane,adaptive,False,0.05,40,0,20.643957345971565,0.0,1.0,4.087489880621433,61.030331753554506,41.030331753554506,20.0,18.0,1.0,0,0,40,0,0.0,0.0,40.0
909,1,right_lane,adaptive,False,0.05,40,0,20.893957345971558,0.0,1.0,3.3104712679050863,61.43033175355448,41.43033175355448,20.0,18.0,1.0,0,0,35,5,0.0,0.0,40.0
910,1,right_lane,adaptive,False,0.05,40,0,22.393957345971565,0.0,0.5,3.3058112060571148,63.57939832968612,43.82939832968612,19.75,18.0,1.0,0,0,37,3,0.0,1.0,39.0
911,1,right_lane,adaptive,False,0.05,40,0,20.518957345971565,0.0,16.5,5.54139568656683,60.8303317535545,40.8303317535545,20.0,18.0,1.0,0,0,40,0,0.0,0.0,40.0
912,1,right_lane,adaptive,False,0.05,40,0,21.143957345971565,0.0,0.0,1.9801028428482823,61.830331753554496,41.830331753554496,20.0,18.0,1.0,0,0,30,10,0.0,0.0,40.0
913,1,right_lane,adaptive,False,0.05,40,0,20.768957345971565,0.5,13.5,5.2488319063504605,60.47839840434077,41.22839840434077,19.25,18.0,1.0,0,0,30,10,1.0,1.0,38.0
914,1,right_lane,adaptive,False,0.05,40,0,21.39395724713693,0.0,4.0,3.9818484596908092,61.979398171550685,42.22939817155069,19.75,18.0,1.0,0,0,40,0,0.0,1.0,39.0
915,1,right_lane,adaptive,False,0.05,40,0,21.143957345971565,0.0,3.0,4.000444048281224,61.579397666520435,41.82939766652044,19.75,18.0,1.0,0,0,38,2,0.0,1.0,39.0
916,1,right_lane,adaptive,False,0.05,40,0,23.500328749382287,1.5,9.5,5.968705468045073,64.59795321811592,45.59795321811592,19.0,18.0,1.0,0,0,37,3,0.0,4.0,36.0
917,1,right_lane,adaptive,False,0.05,40,0,22.393956496356473,9.0,11.5,14.027915947139263,58.826991420134654,43.82699142013466,15.0,18.0,1.0,0,0,40,0,6.0,8.0,26.0
918,1,right_lane,adaptive,False,0.05,40,0,21.893957344035762,2.0,3.0,4.887757498867359,61.77870600532231,43.02870600532232,18.75,18.0,1.0,0,0,34,6,0.0,5.0,35.0
919,1,right_lane,adaptive,False,0.05,40,0,21.143957345971565,2.0,2.0,5.689623065292835,60.3280554258726,41.8280554258726,18.5,18.0,1.0,0,0,40,0,1.0,4.0,35.0
920,1,right_lane,adaptive,False,0.05,40,0,22.497510011146723,2.5,12.0,7.635813034779858,62.243374487501846,43.993374487501846,18.25,18.0,1.0,0,0,38,2,1.0,5.0,34.0
921,1,right_lane,adaptive,False,0.05,26,1,21.183011301494716,0.5,1.0,2.271416850948299,39.47839840434077,27.228398404340773,12.25,18.0,1.0,0,0,13,13,1.0,1.0,24.0
922,1,right_lane,adaptive,False,0.05,40,0,21.893957345971565,2.0,8.5,6.643102236092091,61.528690413820385,43.02869041382039,18.5,18.0,1.0,0,0,40,0,1.0,4.0,35.0
923,1,right_lane,adaptive,False,0.05,40,0,20.893957345971565,0.0,2.5,4.480248905718327,61.179398329686094,41.4293983296861,19.75,18.0,1.0,0,0,40,0,0.0,1.0,39.0
924,1,right_lane,adaptive,False,0.05,40,0,22.999995049763726,0.0,1.0,2.81377444951454,64.79999207962197,44.799992079621966,20.0,18.0,1.0,0,0,35,5,0.0,0.0,40.0
925,1,right_lane,adaptive,False,0.05,40,0,21.393957345971565,2.5,7.5,7.8287520334124565,60.477688290021916,42.22768829002192,18.25,18.0,1.0,0,0,40,0,1.0,5.0,34.0
926,1,right_lane,adaptive,False,0.05,36,1,21.13217482885729,0.0,12.0,4.997972677835605,55.379396514718955,37.629396514718955,17.75,18.0,1.0,0,0,34,2,0.0,1.0,35.0
927,1,right_lane,adaptive,False,0.05,40,0,21.393957345971508,0.5,3.0,4.991804028759361,61.478399108860806,42.228399108860806,19.25,18.0,1.0,0,0,39,1,1.0,1.0,38.0
928,1,right_lane,adaptive,False,0.05,40,0,20.768957345971565,1.5,14.0,6.93838407844305,60.228461134400554,41.22846113440056,19.0,18.0,1.0,0,0,40,0,0.0,4.0,36.0
929,1,right_lane,adaptive,False,0.05,40,0,22.141138607735993,0.5,2.0,4.644768567406572,62.67388842316386,43.423888423163866,19.25,18.0,1.0,0,0,37,3,1.0,1.0,38.0
930,1,right_lane,adaptive,False,0.05,40,0,20.518957334666847,1.0,8.5,6.249003492295742,59.828049070067706,40.8280490700677,19.0,18.0,1.0,0,0,40,0,1.0,2.0,37.0
931,1,right_lane,adaptive,False,0.05,40,0,20.893957345971565,0.5,1.5,4.995291791856289,60.678398404340776,41.428398404340776,19.25,18.0,1.0,0,0,40,0,1.0,1.0,38.0
932,1,right_lane,adaptive,False,0.05,40,0,21.89395733298212,0.0,8.0,4.1497916440303015,62.77939649391866,43.029396493918654,19.75,18.0,1.0,0,0,37,3,0.0,1.0,39.0
933,1,right_lane,adaptive,False,0.05,40,0,21.143957345971565,0.0,1.5,1.8771792550905957,61.83033175355449,41.830331753554496,20.0,18.0,1.0,0,0,23,17,0.0,0.0,40.0
934,1,right_lane,adaptive,False,0.05,40,0,20.393957345971565,5.0,11.0,11.126845970749855,57.62839717648496,40.62839717648496,17.0,18.0,1.0,0,0,40,0,1.0,10.0,29.0
935,1,right_lane,adaptive,False,0.05,40,0,21.268957345971565,0.0,5.0,4.498496360403806,62.030331753554506,42.030331753554506,20.0,18.0,1.0,0,0,38,2,0.0,0.0,40.0
936,1,right_lane,adaptive,False,0.05,40,0,21.268957345971565,0.5,10.0,4.4994714097538235,61.27839840434078,42.02839840434078,19.25,18.0,1.0,0,0,29,11,1.0,1.0,38.0
937,1,right_lane,adaptive,False,0.05,40,0,22.268957345971565,0.0,0.0,2.247841822794385,63.63033175355451,43.63033175355451,20.0,18.0,1.0,0,0,37,3,0.0,0.0,40.0
938,1,right_lane,adaptive,False,0.05,40,0,20.393957345971565,0.5,9.0,5.626353561878204,59.87839717648496,40.62839717648496,19.25,18.0,1.0,0,0,40,0,1.0,1.0,38.0
939,1,right_lane,adaptive,False,0.05,40,0,20.643957345971565,0.0,13.0,4.7826928108988795,60.77939766774115,41.02939766774115,19.75,18.0,1.0,0,0,38,2,0.0,1.0,39.0
940,1,right_lane,adaptive,False,0.05,40,0,21.893957345971554,0.0,0.0,3.621958719100803,62.77939766774113,43.02939766774113,19.75,18.0,1.0,0,0,38,2,0.0,1.0,39.0
941,1,right_lane,adaptive,False,0.05,40,0,21.893957345971558,0.0,3.5,3.1493405182077367,62.7793983296861,43.02939832968609,19.75,18.0,1.0,0,0,37,3,0.0,1.0,39.0
942,1,right_lane,adaptive,False,0.05,40,0,21.643957345971565,0.5,7.5,4.98141830379609,61.87839840434078,42.628398404340786,19.25,18.0,1.0,0,0,37,3,1.0,1.0,38.0
943,1,right_lane,adaptive,False,0.05,40,0,21.268957345937928,0.0,0.5,3.891228523949394,61.77939651464796,42.02939651464794,19.75,18.0,1.0,0,0,37,3,0.0,1.0,39.0
944,1,right_lane,adaptive,False,0.05,40,0,22.643957345971565,4.0,3.5,7.795722052303063,61.97654615922479,44.22654615922479,17.75,18.0,1.0,0,0,39,1,2.0,5.0,33.0
945,1,right_lane,adaptive,False,0.05,40,0,22.250043292099726,0.5,1.5,4.674017745305491,62.84813591887836,43.59813591887836,19.25,18.0,1.0,0,0,37,3,1.0,1.0,38.0
946,1,right_lane,adaptive,False,0.05,40,0,21.893957345971565,1.0,15.0,5.9957948103838135,62.02805169899668,43.02805169899667,19.0,18.0,1.0,0,0,38,2,1.0,2.0,37.0
947,1,right_lane,adaptive,False,0.05,40,0,22.00249644062177,6.0,13.0,11.279704448063057,60.45328541847718,43.203285418477186,17.25,18.0,1.0,0,0,38,2,0.0,11.0,29.0
948,1,right_lane,adaptive,False,0.05,40,0,22.768957345971565,4.0,0.5,7.3878108933568,62.42747761360414,44.42747761360414,18.0,18.0,1.0,0,0,40,0,2.0,4.0,34.0
949,1,right_lane,adaptive,False,0.05,40,0,20.893957345971565,0.0,6.0,4.235514987260103,61.17939651470177,41.42939651470177,19.75,18.0,1.0,0,0,40,0,0.0,1.0,39.0
950,1,right_lane,adaptive,False,0.05,40,0,21.26895734596714,2.5,16.5,8.320295111519954,60.27793260953616,42.02793260953616,18.25,18.0,1.0,0,0,38,2,1.0,5.0,34.0
951,1,right_lane,adaptive,False,0.05,40,0,20.768957345971565,0.0,0.5,3.935469374060631,60.979397667741154,41.22939766774115,19.75,18.0,1.0,0,0,40,0,0.0,1.0,39.0
952,1,right_lane,adaptive,False,0.05,40,0,24.643957345971565,0.0,9.5,3.6292493321224697,67.43033175355448,47.4303317535545,20.0,18.0,1.0,0,0,30,10,0.0,0.0,40.0
953,1,right_lane,adaptive,False,0.05,40,0,21.768957345971565,0.0,12.5,3.957020953313531,62.8303317535545,42.83033175355451,20.0,18.0,1.0,0,0,33,7,0.0,0.0,40.0
954,1,right_lane,adaptive,False,0.05,40,0,22.768957345971565,0.0,0.0,2.600201298245338,64.43033175355451,44.43033175355451,20.0,18.0,1.0,0,0,35,5,0.0,0.0,40.0
955,1,right_lane,adaptive,False,0.05,40,0,21.518957345971565,0.5,12.0,5.0870611115096835,62.180331753500774,42.430331753500774,19.75,18.0,1.0,0,0,38,2,0.0,1.0,39.0
956,1,right_lane,adaptive,False,0.05,40,0,22.39395239570555,1.5,7.5,5.243401493586134,63.07844084509741,43.828440845097404,19.25,18.0,1.0,0,0,37,3,0.0,3.0,37.0
957,1,right_lane,adaptive,False,0.05,8,1,21.969782976101605,0.5,3.5,1.6411422789096832,12.630330552352513,8.630330552352515,4.0,18.0,1.0,0,0,8,0,0.0,0.0,8.0
958,1,right_lane,adaptive,False,0.05,40,0,22.643957345971565,7.5,8.5,12.16117026164386,60.22839840507329,44.22839840507329,16.0,18.0,1.0,0,0,35,5,1.0,14.0,25.0
959,1,right_lane,adaptive,False,0.05,40,0,22.643957345971565,0.0,10.0,3.473214506729164,64.2303317535545,44.230331753554495,20.0,18.0,1.0,0,0,36,4,0.0,0.0,40.0
960,1,right_lane,adaptive,False,0.05,40,0,20.768957345971565,0.0,1.0,4.075017215684056,60.97939651470177,41.22939651470176,19.75,18.0,1.0,0,0,38,2,0.0,1.0,39.0
961,1,right_lane,adaptive,False,0.05,40,0,21.393957345971565,0.5,0.5,2.317218534155927,61.47839840434077,42.22839840434077,19.25,18.0,1.0,0,0,20,20,1.0,1.0,38.0
962,1,right_lane,adaptive,False,0.05,40,0,21.643957345971565,0.0,14.5,4.836982286244165,62.63033175355452,42.63033175355451,20.0,18.0,1.0,0,0,39,1,0.0,0.0,40.0
963,1,right_lane,adaptive,False,0.05,40,0,22.14395724542639,1.5,10.5,6.6425836271994285,62.4287038987624,43.42870389876241,19.0,18.0,1.0,0,0,38,2,0.0,4.0,36.0
964,1,right_lane,adaptive,False,0.05,40,0,24.268957345971565,0.0,10.0,3.7974894938911348,66.57939832968611,46.8293983296861,19.75,18.0,1.0,0,0,35,5,0.0,1.0,39.0
965,1,right_lane,adaptive,False,0.05,40,0,24.143914152736198,0.5,2.0,3.9070585054246294,65.87832929516419,46.6283292951642,19.25,18.0,1.0,0,0,33,7,1.0,1.0,38.0
966,1,right_lane,adaptive,False,0.05,40,0,22.018957345971565,0.0,12.0,4.2833982160318556,62.979398329686106,43.2293983296861,19.75,18.0,1.0,0,0,37,3,0.0,1.0,39.0
967,1,right_lane,adaptive,False,0.05,40,0,22.24972024373468,0.0,8.0,3.4346016926474476,63.59955238997549,43.599552389975486,20.0,18.0,1.0,0,0,33,7,0.0,0.0,40.0
968,1,right_lane,adaptive,False,0.05,40,0,23.000328749382287,0.0,3.5,3.3914235168397227,64.80052599901165,44.80052599901167,20.0,18.0,1.0,0,0,37,3,0.0,0.0,40.0
969,1,right_lane,adaptive,False,0.05,24,1,22.114928909902957,1.0,9.0,4.248956790543161,37.278398402996274,26.02839840299627,11.25,18.0,1.0,0,0,21,3,1.0,1.0,22.0
970,1,right_lane,adaptive,False,0.05,40,0,20.768957345971565,0.0,1.0,3.7567025423049927,61.2303317535545,41.23033175355451,20.0,18.0,1.0,0,0,40,0,0.0,0.0,40.0
971,1,right_lane,adaptive,False,0.05,40,0,22.64395174381868,4.0,2.0,6.841209833448374,61.728680256517286,44.228680256517286,17.5,18.0,1.0,0,0,32,8,1.0,8.0,31.0
972,1,right_lane,adaptive,False,0.05,40,0,21.143957345971565,0.0,5.0,4.212072990834713,61.57939766774182,41.82939766774183,19.75,18.0,1.0,0,0,40,0,0.0,1.0,39.0
973,1,right_lane,adaptive,False,0.05,15,1,24.38388621663466,0.0,0.5,0.9649599279327958,24.879398306112396,17.629398306112396,7.25,18.0,1.0,0,0,6,9,0.0,1.0,14.0
974,1,right_lane,adaptive,False,0.05,25,1,23.230330573183192,1.5,6.5,4.639012742763498,39.728480269755764,28.228480269755767,11.5,18.0,1.0,0,0,23,2,0.0,4.0,21.0
975,1,right_lane,adaptive,False,0.05,40,0,20.893957345971565,0.0,3.0,3.15721407905221,61.4303317535545,41.430331753554505,20.0,18.0,1.0,0,0,40,0,0.0,0.0,40.0
976,1,right_lane,adaptive,False,0.05,40,0,21.518957345971565,0.0,1.0,2.685194408266625,62.430331753554505,42.43033175355451,20.0,18.0,1.0,0,0,38,2,0.0,0.0,40.0
977,1,right_lane,adaptive,False,0.05,22,1,22.534467901766476,0.0,1.0,2.4225099875586693,34.979398329686106,24.2293983296861,10.75,18.0,1.0,0,0,21,1,0.0,1.0,21.0
978,1,right_lane,adaptive,False,0.05,40,0,24.518628583603743,0.0,2.5,3.2187910655266023,67.22980573376599,47.229805733765986,20.0,18.0,1.0,0,0,35,5,0.0,0.0,40.0
979,1,right_lane,adaptive,False,0.05,31,1,21.314783672221285,3.0,13.5,8.523661896586418,46.127939516999916,32.62793951699992,13.5,18.0,1.0,0,0,31,0,1.0,6.0,24.0
980,1,right_lane,adaptive,False,0.05,10,1,25.075803577715384,0.0,0.0,0.6270911001470267,17.030321431086154,12.030321431086154,5.0,18.0,1.0,0,0,8,2,0.0,0.0,10.0
981,1,right_lane,adaptive,False,0.05,40,0,22.51895734594568,14.0,5.0,17.108762931493402,56.52554650036099,44.02554650036099,12.5,18.0,1.0,0,0,36,4,11.0,8.0,21.0
982,1,right_lane,adaptive,False,0.05,40,0,23.516789654732076,0.0,0.0,2.8738806947385456,65.3759300237029,45.62593002370292,19.75,18.0,1.0,0,0,37,3,0.0,1.0,39.0
983,1,right_lane,adaptive,False,0.05,40,0,20.268957345971565,0.0,13.5,4.596065238118172,60.430331753554505,40.430331753554505,20.0,18.0,1.0,0,0,40,0,0.0,0.0,40.0
984,1,right_lane,adaptive,False,0.05,40,0,21.122875600860247,0.0,4.5,3.7762283245633625,61.54566687556304,41.79566687556304,19.75,18.0,1.0,0,0,39,1,0.0,1.0,39.0
985,1,right_lane,adaptive,False,0.05,40,0,22.018957345971565,0.0,5.5,4.113574953757507,62.9793983296861,43.2293983296861,19.75,18.0,1.0,0,0,37,3,0.0,1.0,39.0
986,1,right_lane,adaptive,False,0.05,40,0,21.39395733298212,0.0,5.0,4.0110235176980495,61.979396493918635,42.22939649391864,19.75,18.0,1.0,0,0,40,0,0.0,1.0,39.0
987,1,right_lane,adaptive,False,0.05,21,1,20.512299706612502,0.5,4.5,3.346906393766403,31.679396514701764,21.429396514701757,10.25,18.0,1.0,0,0,21,0,0.0,1.0,20.0
988,1,right_lane,adaptive,False,0.05,40,0,21.143957345971565,0.0,4.0,4.108074608789593,61.57939832968609,41.82939832968609,19.75,18.0,1.0,0,0,39,1,0.0,1.0,39.0
989,1,right_lane,adaptive,False,0.05,34,1,20.463479230554782,0.0,8.0,4.471724182367325,51.6303317535545,34.6303317535545,17.0,18.0,1.0,0,0,34,0,0.0,0.0,34.0
990,1,right_lane,adaptive,False,0.05,40,0,21.01646660636704,0.0,2.5,4.476786725223064,61.375412483153205,41.62541248315321,19.75,18.0,1.0,0,0,40,0,0.0,1.0,39.0
991,1,right_lane,adaptive,False,0.05,40,0,22.143957345971565,7.0,3.5,11.278952352702618,59.678853247569876,43.428853247569876,16.25,18.0,1.0,0,0,40,0,3.0,9.0,28.0
992,1,right_lane,adaptive,False,0.05,40,0,20.393957345971565,0.0,18.5,5.045670971274376,60.37939766652045,40.62939766652045,19.75,18.0,1.0,0,0,40,0,0.0,1.0,39.0
993,1,right_lane,adaptive,False,0.05,40,0,22.018957344482867,0.5,6.5,4.941550945366544,62.47839910647898,43.228399106478975,19.25,18.0,1.0,0,0,39,1,1.0,1.0,38.0
994,1,right_lane,adaptive,False,0.05,40,0,21.108867844032495,2.0,3.5,5.695881403982639,60.77325183988143,41.773251839881425,19.0,18.0,1.0,0,0,40,0,0.0,4.0,36.0
995,1,right_lane,adaptive,False,0.05,16,1,22.859893364844815,0.0,3.0,2.096247047185898,25.57939832963228,17.82939832963228,7.75,18.0,1.0,0,0,16,0,0.0,1.0,15.0
996,1,right_lane,adaptive,False,0.05,40,0,21.768914152736198,0.0,1.5,3.37955505711534,62.57932922050953,42.82932922050952,19.75,18.0,1.0,0,0,35,5,0.0,1.0,39.0
997,1,right_lane,adaptive,False,0.05,40,0,21.518957345971565,0.0,3.0,4.306307400519472,62.179397667741824,42.42939766774183,19.75,18.0,1.0,0,0,38,2,0.0,1.0,39.0
998,1,right_lane,adaptive,False,0.05,11,1,21.432572160934924,0.5,6.0,3.0558769777417183,16.378397173741824,11.628397173741824,4.75,18.0,1.0,0,0,11,0,1.0,1.0,9.0
999,1,right_lane,adaptive,False,0.05,40,0,21.018957345971565,2.0,7.5,5.809906449558184,60.88033175355449,41.63033175355451,19.25,18.0,1.0,0,0,38,2,0.0,3.0,37.0
