episode_id,policy_freq,profile,method,filter,value,episode_length,collision,mean_speed,total_cost,total_avoided_cost,total_expected_cost,total_reward,total_basic_reward,total_added_reward,mean_iterations_to_converge,convergence_rate,outcome_unchanged_count,outcome_naively_augmented_count,outcome_rcps_augmented_count,outcome_projection_count,lane_0_time,lane_1_time,mean_courtesy_gap_violation,courtesy_active_steps
0,1,merge_courtesy,fixed,False,1.0,12,0,30.0,4.39403270046763,0.0,3.5799790918827057,14.418505407382881,17.849999999999998,-3.4314945926171188,nan,0.0,4,0,8,0,0.0,12.0,13.401793888758455,9
1,1,merge_courtesy,fixed,False,1.0,13,0,27.03872393124548,0.0,0.2742117247182929,0.175850972533226,17.810136444247647,17.810136444247647,0.0,nan,0.0,12,0,1,0,0.0,13.0,0.0,6
2,1,merge_courtesy,fixed,False,1.0,12,0,28.813046846239462,0.0,0.6427523316974495,0.17577100545167923,16.97884613919916,16.97884613919916,0.0,nan,0.0,9,0,3,0,3.0,9.0,0.0,4
3,1,merge_courtesy,fixed,False,1.0,12,0,30.0,4.527471402289695,0.0,3.7537120431661606,14.265562260254088,17.849999999999998,-3.5844377397459133,nan,0.0,4,0,8,0,0.0,12.0,15.132547505954676,10
4,1,merge_courtesy,fixed,False,1.0,13,0,27.416671238329222,0.14724262317541162,0.6300320704163132,0.34991104155778885,17.62793151911126,17.7550089832645,-0.12707746415323903,nan,0.0,10,0,3,0,3.0,10.0,0.19378418274741308,5
5,1,merge_courtesy,fixed,False,1.0,13,0,27.750637683406776,0.0,0.799932235200457,0.2517280951142311,17.828671535765306,17.828671535765306,0.0,nan,0.0,10,0,3,0,4.0,9.0,0.0,4
6,1,merge_courtesy,fixed,False,1.0,12,0,30.0,0.7838081688504472,3.3070113419426295,1.936023935675621,16.3592281871496,17.099291829928735,-0.7400636427791354,nan,0.0,3,0,9,0,9.0,3.0,5.796413911711208,3
7,1,merge_courtesy,fixed,False,1.0,13,0,27.3660375303791,0.0,0.5331835449639725,0.20462962985038757,17.329631345725293,17.329631345725293,0.0,nan,0.0,11,0,2,0,8.0,5.0,0.0,5
8,1,merge_courtesy,fixed,False,1.0,13,0,27.750620744936057,0.0,0.4856315285521601,0.20595622807741165,18.180322787366748,18.180322787366748,0.0,nan,0.0,11,0,2,0,0.0,13.0,0.0,6
9,1,merge_courtesy,fixed,False,1.0,13,0,26.981407213098784,0.0,0.34514872311191314,0.11753391101956367,17.780331750811367,17.780331750811367,0.0,nan,0.0,11,0,2,0,0.0,13.0,0.0,6
10,1,merge_courtesy,fixed,False,1.0,13,0,28.135251062216373,0.0,0.7538050519201229,0.22955512627959251,17.97867049310314,17.97867049310314,0.0,nan,0.0,10,0,3,0,5.0,8.0,0.0,4
11,1,merge_courtesy,fixed,False,1.0,12,0,29.638203017832648,5.2272398752019775,0.0,4.306493513286114,13.521893575767173,17.676337448559668,-4.154443872792498,nan,0.0,3,0,9,0,0.0,12.0,17.754338280741738,9
12,1,merge_courtesy,fixed,False,1.0,13,0,27.03872567291224,0.0,1.7485009678236167,0.5853422060608864,17.258477290668978,17.258477290668978,0.0,nan,0.0,7,0,6,0,6.0,7.0,0.0,2
13,1,merge_courtesy,fixed,False,1.0,12,0,29.638203017832648,1.6819139115664568,0.5407432177953272,1.735469788312912,15.58921455289057,17.225629278488405,-1.6364147255978352,nan,0.0,7,0,5,0,6.0,6.0,7.028776942489908,6
14,1,merge_courtesy,fixed,False,1.0,12,0,30.0,0.7728802375258137,3.1204610672689848,1.8279950805008411,16.46575466336958,17.198583827955115,-0.7328291645855338,nan,0.0,3,0,9,0,8.0,4.0,5.601384828128526,3
15,1,merge_courtesy,fixed,False,1.0,12,0,29.638203017832648,5.4218377522750245,0.0,4.468375012278557,13.266074200047544,17.676337448559668,-4.410263248512127,nan,0.0,3,0,9,0,0.0,12.0,18.520032669401637,9
16,1,merge_courtesy,fixed,False,1.0,12,0,29.2224878754412,0.0,1.0625853731391879,0.5209160894155502,16.62608601014051,16.62608601014051,0.0,nan,0.0,7,0,5,0,10.0,2.0,0.0,2
17,1,merge_courtesy,fixed,False,1.0,13,0,27.693449821127423,1.4167183954091622,0.4884565223261627,1.5985232591629028,16.242513602025454,17.599885457509057,-1.3573718554836047,nan,0.0,7,0,6,0,7.0,6.0,5.090329854875104,6
18,1,merge_courtesy,fixed,False,1.0,13,0,27.039601997206645,0.36355582794197927,0.8907800239411481,0.801759148016572,16.759527002884475,17.059884868476193,-0.3003578655917152,nan,0.0,8,0,5,0,9.0,4.0,1.3532227113421627,4
19,1,merge_courtesy,fixed,False,1.0,13,0,27.42420215023432,1.2715124090699843,0.0,0.9566370695829391,17.209062535158324,18.01058511812185,-0.8015225829635266,nan,0.0,9,0,4,0,0.0,13.0,2.3588343291575646,6
20,1,merge_courtesy,fixed,False,1.0,13,0,27.80128461713882,0.545180302823579,0.8846849506971406,0.8184322565793991,17.397683786348587,17.90500794130473,-0.507324154956143,nan,0.0,9,0,4,0,4.0,9.0,1.6845230866460212,5
21,1,merge_courtesy,fixed,False,1.0,14,0,26.13261738179234,0.0,1.890671491094368,0.499906063079834,17.633557563732445,17.633557563732445,0.0,nan,0.0,9,0,5,0,12.0,2.0,0.0,2
22,1,merge_courtesy,fixed,False,1.0,13,0,26.981537810632876,0.0,2.042797145432304,0.5539383664727211,16.829691491457833,16.829691491457833,0.0,nan,0.0,8,0,5,0,11.0,2.0,0.0,2
23,1,merge_courtesy,fixed,False,1.0,12,0,29.638203017832648,0.11967438864394092,4.31293559982777,1.3995067849755287,16.82562927848841,16.82562927848841,0.0,nan,0.0,3,0,9,0,10.0,2.0,0.0,2
24,1,merge_courtesy,fixed,False,1.0,12,0,29.22876198863091,0.0,0.9432486433721713,0.3072124347090721,16.829097584471572,16.829097584471572,0.0,nan,0.0,9,0,3,0,8.0,4.0,0.0,4
25,1,merge_courtesy,fixed,False,1.0,12,0,29.22876198863091,0.6576151260503553,4.057425160920839,1.848879113793373,16.12939726472516,16.72909758447157,-0.5997003197464099,nan,0.0,3,0,9,0,9.0,3.0,4.10592489402075,3
26,1,merge_courtesy,fixed,False,1.0,12,0,29.22876198863091,0.19682938060314067,1.4120214896443657,0.8778252527117729,16.474998665291388,16.629097584471573,-0.15409891918018612,nan,0.0,6,0,6,0,10.0,2.0,0.712394306775046,2
27,1,merge_courtesy,fixed,False,1.0,12,0,30.0,0.16898330018075855,2.0526991463716637,0.7020034492015839,17.145303022598505,17.299291829928734,-0.153988807330231,nan,0.0,7,0,5,0,7.0,5.0,0.28455063339584397,5
28,1,merge_courtesy,fixed,False,1.0,13,0,27.750637683406776,0.34388667719473415,3.0114368462736216,1.1989813148975372,17.308924148111814,17.62867153612738,-0.3197473880155683,nan,0.0,7,0,6,0,6.0,7.0,3.067151764283352,2
29,1,merge_courtesy,fixed,False,1.0,12,0,28.86696500646356,0.0,2.4738557516176494,0.7739003710448742,16.555435033031245,16.555435033031245,0.0,nan,0.0,5,0,7,0,9.0,3.0,0.0,3
30,1,merge_courtesy,fixed,False,1.0,13,0,27.36600536490125,0.0,0.5942759495517425,0.22759291529655457,17.980322789748648,17.980322789748648,0.0,nan,0.0,10,0,3,0,0.0,13.0,0.0,6
31,1,merge_courtesy,fixed,False,1.0,12,0,28.86696500646356,2.0154879460395176,2.134083097013532,2.6975461691617966,14.797910386134197,16.755435033031244,-1.957524646897045,nan,0.0,3,0,9,0,7.0,5.0,12.240122138275117,5
32,1,merge_courtesy,fixed,False,1.0,12,0,30.0,3.7544623323096786,0.0,3.02891181409359,14.924683379358347,17.749291998026376,-2.8246086186680306,nan,0.0,5,0,7,0,1.0,11.0,10.673291025913718,9
33,1,merge_courtesy,fixed,False,1.0,12,0,30.0,0.18725793106020228,1.4763642498143734,0.8948196470737457,16.94892829607435,17.099291829928735,-0.15036353385438414,nan,0.0,5,0,7,0,9.0,3.0,0.4521838462635704,3
34,1,merge_courtesy,fixed,False,1.0,12,0,29.22876198863091,5.792474377809696,0.0,4.737018704414368,12.706361595389748,17.479805754542834,-4.7734441591530885,nan,0.0,3,0,9,0,0.0,12.0,21.11846024205648,9
35,1,merge_courtesy,fixed,False,1.0,13,0,27.032038919823695,0.0,0.7088922106755511,0.2768527790904045,17.709128786428717,17.806660238308318,-0.09753145187960092,nan,0.0,10,0,3,0,0.0,13.0,0.0951238410574291,6
36,1,merge_courtesy,fixed,False,1.0,12,0,30.0,0.06251540216021563,2.4524261322570746,0.7810107134282589,17.199291829928736,17.199291829928736,0.0,nan,0.0,5,0,7,0,8.0,4.0,0.0,4
37,1,merge_courtesy,fixed,False,1.0,12,0,28.86696500646356,0.0,3.2303931805819537,0.9838583767414093,16.455435033031247,16.455435033031247,0.0,nan,0.0,4,0,8,0,10.0,2.0,0.0,2
38,1,merge_courtesy,fixed,False,1.0,13,0,28.461686595388827,0.003863318989662718,1.025660201002637,0.34129619412124157,17.79936885953092,17.79936885953092,0.0,nan,0.0,9,0,4,0,9.0,4.0,0.0,4
39,1,merge_courtesy,fixed,False,1.0,12,0,29.166669125773563,3.1949401461795937,0.4107680968983707,2.820216715335846,15.015754715954188,17.45000118037131,-2.4342464644171193,nan,0.0,6,0,6,0,0.0,12.0,10.873441040112123,10
40,1,merge_courtesy,fixed,False,1.0,12,0,30.0,0.9695694017216767,2.498912424648418,1.7312009036540985,16.3925907554938,17.299291829928734,-0.9067010744349357,nan,0.0,4,0,8,0,7.0,5.0,3.775896293763611,5
41,1,merge_courtesy,fixed,False,1.0,12,0,29.22876198863091,0.0,3.2911833265365678,0.9966149181127548,16.629097584471573,16.629097584471573,0.0,nan,0.0,4,0,8,0,10.0,2.0,0.0,2
42,1,merge_courtesy,fixed,False,1.0,12,0,30.0,1.623166332386468,2.795642767799017,2.2743072491139174,15.75841125924288,17.299291829928734,-1.5408805706858548,nan,0.0,3,0,9,0,7.0,5.0,8.247614819687024,5
43,1,merge_courtesy,fixed,False,1.0,12,0,30.0,0.2426227864100717,3.1246536043925657,1.4853761494159698,16.79131099507527,16.999291829928737,-0.20798083485346544,nan,0.0,3,0,9,0,10.0,2.0,1.297680829990334,2
44,1,merge_courtesy,fixed,False,1.0,12,0,30.0,1.2317672535738717,2.590901056516835,2.0663251616060734,16.027501987664,17.199291829928736,-1.1717898422647344,nan,0.0,3,0,9,0,8.0,4.0,7.516669806798475,4
45,1,merge_courtesy,fixed,False,1.0,14,0,25.465470228741687,0.0,1.1356206682230572,0.4113463684916496,17.35995515802408,17.35995515802408,0.0,nan,0.0,9,0,5,0,11.0,3.0,0.0,3
46,1,merge_courtesy,fixed,False,1.0,12,0,30.0,4.598362206805085,0.0,3.7406141459941864,14.2103220849724,17.849999999999998,-3.6396779150276006,nan,0.0,4,0,8,0,0.0,12.0,14.381712415367543,9
47,1,merge_courtesy,fixed,False,1.0,13,0,27.039601997206645,1.394808188998168,0.0,1.0506307482719421,16.882116717381532,17.810593038547456,-0.9284763211659219,nan,0.0,9,0,4,0,0.0,13.0,2.9874396872542235,6
48,1,merge_courtesy,fixed,False,1.0,12,0,30.0,0.5998705080181989,4.622909663425783,1.7892425954341888,16.652418895756103,17.198583827955115,-0.546164932199011,nan,0.0,3,0,9,0,8.0,4.0,3.3293153650349914,3
49,1,merge_courtesy,fixed,False,1.0,12,0,28.813046846239462,0.5026680519353941,0.9321616985873276,1.0519068837165833,16.454655277565227,16.878846145962125,-0.42419086839689946,nan,0.0,6,0,6,0,4.0,8.0,2.3740940608325047,3
50,1,merge_courtesy,fixed,False,1.0,12,0,30.0,5.763821028419128,0.0,4.679212376475334,12.999328840303095,17.749291998026376,-4.749963157723285,nan,0.0,3,0,9,0,1.0,11.0,20.76573084579152,9
51,1,merge_courtesy,fixed,False,1.0,13,0,27.366022562930425,0.0,0.22383717477360957,0.1404123157262802,17.930331732723822,17.930331732723822,0.0,nan,0.0,12,0,1,0,0.0,13.0,0.0,6
52,1,merge_courtesy,fixed,False,1.0,12,0,30.0,4.022837319472549,0.0,3.2481266632676125,14.70633922651807,17.749291998026376,-3.0429527715083085,nan,0.0,4,0,8,0,1.0,11.0,11.936210774938722,9
53,1,merge_courtesy,fixed,False,1.0,12,0,30.0,1.4504694940759286,2.6808995895299432,2.218390017747879,16.002436089268507,17.299291829928734,-1.2968557406602277,nan,0.0,3,0,9,0,7.0,5.0,6.919032249052117,5
54,1,merge_courtesy,fixed,False,1.0,12,0,28.813046846239462,1.300599059062359,0.0,0.9810376241803169,16.482802249953796,17.28026248619494,-0.7974602362411431,nan,0.0,8,0,4,0,0.0,12.0,2.439597962119123,6
55,1,merge_courtesy,fixed,False,1.0,13,0,27.750637683406776,0.0,0.9416435557339775,0.3070671930909157,17.828671535765306,17.828671535765306,0.0,nan,0.0,10,0,3,0,4.0,9.0,0.0,4
56,1,merge_courtesy,fixed,False,1.0,12,0,29.583335506289604,5.793107009817319,0.06348366371583691,4.76159642636776,12.76302473950754,17.549293070069755,-4.786268330562217,nan,0.0,3,0,9,0,1.0,11.0,20.785979395113863,9
57,1,merge_courtesy,fixed,False,1.0,12,0,30.0,3.390375345302654,0.0,2.754621684551239,15.383108328918409,17.849999999999998,-2.46689167108159,nan,0.0,6,0,6,0,0.0,12.0,10.142996033473022,9
58,1,merge_courtesy,fixed,False,1.0,13,0,27.80793920474951,0.0,0.49082632490249817,0.2123829945921898,17.459420216398478,17.459420216398478,0.0,nan,0.0,10,0,3,0,9.0,4.0,0.0,4
59,1,merge_courtesy,fixed,False,1.0,12,0,28.813046846239462,0.15685661253965724,0.6286184231193873,0.35633018612861633,16.93862694934456,17.078846087302693,-0.14021913795813445,nan,0.0,9,0,3,0,2.0,10.0,0.2359368797966681,5
60,1,merge_courtesy,fixed,False,1.0,12,0,30.0,0.7312502462420545,3.131123000289988,1.712624967098236,16.41359225445885,17.099291829928735,-0.6856995754698821,nan,0.0,4,0,8,0,9.0,3.0,5.015690491813383,3
61,1,merge_courtesy,fixed,False,1.0,13,0,27.42333905172183,1.7168909122138336,0.0,1.3125963509082794,16.8754815923415,18.010136306895355,-1.1346547145538508,nan,0.0,8,0,5,0,0.0,13.0,4.039738496230366,6
62,1,merge_courtesy,fixed,False,1.0,13,0,27.039601997206645,0.7438438418261821,1.7237969915820708,1.3806270509958267,16.607700331540887,17.308931795064794,-0.7012314635239091,nan,0.0,7,0,6,0,6.0,7.0,5.179746277713406,3
63,1,merge_courtesy,fixed,False,1.0,12,0,28.86696500646356,0.0,2.482806157701802,0.9419054016470909,16.555435033031245,16.555435033031245,0.0,nan,0.0,5,0,7,0,9.0,3.0,0.0,3
64,1,merge_courtesy,fixed,False,1.0,13,0,27.42420215023432,0.0,0.9677518334685733,0.5985938683152199,17.059876948050583,17.059876948050583,0.0,nan,0.0,7,0,6,0,11.0,2.0,0.0,2
65,1,merge_courtesy,fixed,False,1.0,12,0,29.22876198863091,1.674828309060536,2.8701273422184963,2.3448641542345285,15.43511919191751,17.02814689461188,-1.5930277026943687,nan,0.0,3,0,9,0,6.0,6.0,8.786351111323608,5
66,1,merge_courtesy,fixed,False,1.0,13,0,27.693449821127423,0.0,1.2780777189298191,0.42188212275505066,17.199885736914997,17.199885736914997,0.0,nan,0.0,8,0,5,0,11.0,2.0,0.0,2
67,1,merge_courtesy,fixed,False,1.0,13,0,27.750637683406776,0.0,0.5004702221194257,0.17526506632566452,17.92867153470483,17.92867153470483,0.0,nan,0.0,11,0,2,0,3.0,10.0,0.0,5
68,1,merge_courtesy,fixed,False,1.0,13,0,27.42333905172183,2.0378334406811156,0.0,1.5895552933216095,16.566837612814687,18.010136306895355,-1.443298694080667,nan,0.0,8,0,5,0,0.0,13.0,5.824454969868971,6
69,1,merge_courtesy,fixed,False,1.0,13,0,27.42420215023432,2.131560888874277,0.0,1.6641890108585358,16.447074735347655,18.01058511812185,-1.5635103827741932,nan,0.0,8,0,5,0,0.0,13.0,6.447818321199705,6
70,1,merge_courtesy,fixed,False,1.0,12,0,30.0,5.5272151368481985,0.0,4.50515142083168,13.21223678648803,17.749291998026376,-4.537055211538347,nan,0.0,3,0,9,0,1.0,11.0,18.888926313590375,9
71,1,merge_courtesy,fixed,False,1.0,13,0,28.135251062216373,1.3263627161493619,0.5028068163667829,1.545103296637535,16.929534065088166,18.17867049168582,-1.249136426597657,nan,0.0,7,0,6,0,3.0,10.0,4.576532743677528,6
72,1,merge_courtesy,fixed,False,1.0,8,1,30.0,0.27771220435158217,2.9685678093424848,1.1009495928883553,11.153565512824684,11.399291829928737,-0.24572631710405252,nan,0.0,2,0,6,0,6.0,2.0,1.8114426875256413,2
73,1,merge_courtesy,fixed,False,1.0,12,0,29.638203017832648,5.787958519361391,0.0,4.785670056939125,12.902158441466359,17.676337448559668,-4.77417900709331,nan,0.0,3,0,9,0,0.0,12.0,20.95683347728792,9
74,1,merge_courtesy,fixed,False,1.0,12,0,29.638203017832648,0.9165720483572862,3.3313375676690917,1.783813238143921,16.218824740532817,17.025629278488406,-0.8068045379555883,nan,0.0,4,0,8,0,8.0,4.0,4.989645574730929,4
75,1,merge_courtesy,fixed,False,1.0,12,0,29.22876198863091,0.0,2.4670789328017975,0.7232528179883957,16.829097584471572,16.829097584471572,0.0,nan,0.0,6,0,6,0,8.0,4.0,0.0,4
76,1,merge_courtesy,fixed,False,1.0,12,0,30.0,1.1807615332464851,3.2771615966467618,2.1135530322790146,16.072855179740817,17.199291829928736,-1.1264366501879175,nan,0.0,3,0,9,0,8.0,4.0,6.813939958142434,4
77,1,merge_courtesy,fixed,False,1.0,12,0,29.2224878754412,0.2086653811841008,2.446160889905375,0.8830876126885414,16.45603343607618,16.62608601014051,-0.1700525740643323,nan,0.0,6,0,6,0,10.0,2.0,0.8675363383771568,2
78,1,merge_courtesy,fixed,False,1.0,12,0,29.22876198863091,0.3240377420083915,4.508210680277781,1.497383713722229,16.33029170864759,16.629097584471573,-0.29880587582398244,nan,0.0,4,0,8,0,10.0,2.0,2.678548542808116,2
79,1,merge_courtesy,fixed,False,1.0,13,0,27.750637683406776,0.0,0.846422182573807,0.2720555439591408,17.828671535765306,17.828671535765306,0.0,nan,0.0,10,0,3,0,4.0,9.0,0.0,4
80,1,merge_courtesy,fixed,False,1.0,12,0,30.0,0.31157644293804043,3.17676240364958,1.5773849040269852,16.713319675211498,16.999291829928737,-0.28597215471723775,nan,0.0,3,0,9,0,10.0,2.0,2.453402198208593,2
81,1,merge_courtesy,fixed,False,1.0,12,0,30.0,0.0,3.607535623061947,1.049112230539322,16.999291829928737,16.999291829928737,0.0,nan,0.0,4,0,8,0,10.0,2.0,0.0,2
82,1,merge_courtesy,fixed,False,1.0,12,0,30.0,0.8669113788687919,3.3232297978361203,1.8680005446076393,16.401740573710285,17.199291829928736,-0.7975512562184488,nan,0.0,3,0,9,0,8.0,4.0,4.8823456074534946,4
83,1,merge_courtesy,fixed,False,1.0,13,0,27.415808139816725,0.8723116032128684,0.42721937026044116,0.9671918749809265,16.620599091024438,17.455511783229067,-0.834912692204625,nan,0.0,9,0,4,0,7.0,6.0,2.499249793815172,6
84,1,merge_courtesy,fixed,False,1.0,12,0,29.221552852052668,4.9024211811104985,0.0,4.072963997721672,13.51019473876922,17.476345368985278,-3.9661506302160596,nan,0.0,4,0,8,0,0.0,12.0,16.807222420541283,10
85,1,merge_courtesy,fixed,False,1.0,12,0,30.0,3.498030013847493,0.0,2.8842580914497375,15.27734899697603,17.849999999999998,-2.572651003023971,nan,0.0,6,0,6,0,0.0,12.0,10.693435189631714,9
86,1,merge_courtesy,fixed,False,1.0,14,0,25.822598942267394,0.5306488821971398,0.4212350147787521,0.6939813643693924,17.345036484466544,17.8599469581941,-0.5149104737275569,nan,0.0,11,0,3,0,8.0,6.0,1.3761372093528432,6
87,1,merge_courtesy,fixed,False,1.0,12,0,30.0,0.1257997617101372,2.7962932535094267,1.0921976640820503,16.961252167914136,16.999291829928737,-0.03803966201459971,nan,0.0,4,0,8,0,10.0,2.0,0.04341047658554942,2
88,1,merge_courtesy,fixed,False,1.0,13,0,28.135251062216373,0.9454635424870679,0.9333043518522086,1.1654769107699394,17.186935926076774,18.078670492746294,-0.8917345666695233,nan,0.0,8,0,5,0,4.0,9.0,3.5390982899084635,5
89,1,merge_courtesy,fixed,False,1.0,13,0,26.981407213098784,0.3220322554199966,0.440540756823156,0.43221190571784973,17.45162873421069,17.780331750811367,-0.32870301660067747,nan,0.0,10,0,3,0,0.0,13.0,0.5411313008624651,6
90,1,merge_courtesy,fixed,False,1.0,12,0,28.813046846239462,0.22209110967338522,0.0,0.14833053946495056,17.28026248619494,17.28026248619494,0.0,nan,0.0,11,0,1,0,0.0,12.0,0.0,6
91,1,merge_courtesy,fixed,False,1.0,13,0,26.982300475863916,0.21114569870558908,0.292109577619557,0.425646647810936,16.930663714726947,17.130088077377394,-0.1994243626504454,nan,0.0,10,0,3,0,8.0,5.0,0.47724091702243643,5
92,1,merge_courtesy,fixed,False,1.0,13,0,27.42333905172183,1.681285489625178,0.0,1.3051842655986547,16.90352626858987,18.010136306895355,-1.1066100383054802,nan,0.0,8,0,5,0,0.0,13.0,4.213304234930845,6
93,1,merge_courtesy,fixed,False,1.0,13,0,27.42420215023432,0.1948492107848231,2.5141718490080023,0.9833087921142578,17.006271759121635,17.15987694805058,-0.1536051889289453,nan,0.0,6,0,7,0,10.0,3.0,0.4718910813179396,3
94,1,merge_courtesy,fixed,False,1.0,12,0,28.813046846239462,0.0,0.6072613659841826,0.5604488253593445,16.429554316123678,16.429554316123678,0.0,nan,0.0,7,0,5,0,10.0,2.0,0.0,2
95,1,merge_courtesy,fixed,False,1.0,13,0,26.981407213098784,0.0,0.4566278384878613,0.18675557523965836,17.780331750811367,17.780331750811367,0.0,nan,0.0,11,0,2,0,0.0,13.0,0.0,6
96,1,merge_courtesy,fixed,False,1.0,12,0,30.0,0.0,3.9675002773153967,1.078963978216052,16.999291829928737,16.999291829928737,0.0,nan,0.0,4,0,8,0,10.0,2.0,0.0,2
97,1,merge_courtesy,fixed,False,1.0,13,0,27.80783877146805,0.0,1.5159708420943185,0.9896230176091194,17.15936799109212,17.15936799109212,0.0,nan,0.0,6,0,7,0,12.0,1.0,0.0,1
98,1,merge_courtesy,fixed,False,1.0,12,0,30.0,0.6694832953131353,3.7889083344485934,1.76960027217865,16.476955378010388,17.099291829928735,-0.6223364519183472,nan,0.0,3,0,9,0,9.0,3.0,4.16713331270248,3
99,1,merge_courtesy,fixed,False,1.0,13,0,28.135251062216373,0.0,0.8393498891188109,0.3519408032298088,17.87867049310837,17.87867049310837,0.0,nan,0.0,9,0,4,0,6.0,7.0,0.0,3
100,1,merge_courtesy,fixed,False,1.0,12,0,30.0,0.5563000488577708,2.249757705356018,1.2844957113265991,16.768552091007248,17.299291829928734,-0.530739738921486,nan,0.0,5,0,7,0,7.0,5.0,1.7597159000796978,5
101,1,merge_courtesy,fixed,False,1.0,13,0,28.135251062216373,0.2526048524767022,0.8012779135084784,0.7569587007164955,17.65231725342913,17.87867049310837,-0.22635323967923995,nan,0.0,8,0,5,0,6.0,7.0,1.0247157822657489,3
102,1,merge_courtesy,fixed,False,1.0,12,0,28.812111822850934,0.0,5.29576223550162,1.311317078769207,16.329105504897182,16.329105504897182,0.0,nan,0.0,3,0,9,0,11.0,1.0,0.0,1
103,1,merge_courtesy,fixed,False,1.0,12,0,28.813046846239462,0.4399391867201637,1.558183513460723,1.043708261102438,16.54697788496886,16.878846145962125,-0.3318682609932665,nan,0.0,6,0,6,0,4.0,8.0,2.2027308530938967,3
104,1,merge_courtesy,fixed,False,1.0,13,0,27.3660375303791,0.0,0.7982982798148448,0.2402803637087345,17.22963134572586,17.22963134572586,0.0,nan,0.0,10,0,3,0,9.0,4.0,0.0,4
105,1,merge_courtesy,fixed,False,1.0,12,0,30.0,0.9798760841775705,2.5665767965532167,1.7967240512371063,16.388836812725376,17.299291829928734,-0.9104550172033566,nan,0.0,4,0,8,0,7.0,5.0,3.901296352726024,5
106,1,merge_courtesy,fixed,False,1.0,12,0,30.0,3.4655649070867622,0.0,2.793747201561928,15.374535171405931,17.849999999999998,-2.4754648285940686,nan,0.0,5,0,7,0,0.0,12.0,9.903048545128506,9
107,1,merge_courtesy,fixed,False,1.0,13,0,26.655102277460422,1.2371262321358345,0.0,0.9255658909678459,16.883771706051835,17.61065318427942,-0.7268814782275839,nan,0.0,9,0,4,0,0.0,13.0,2.1857905063100938,6
108,1,merge_courtesy,fixed,False,1.0,12,0,30.0,3.9280139009390527,0.0,3.18044151365757,14.859060892357281,17.849999999999998,-2.990939107642717,nan,0.0,5,0,7,0,0.0,12.0,11.740414176368201,9
109,1,merge_courtesy,fixed,False,1.0,12,0,30.0,1.1959594845439736,3.23962023400973,2.126028835773468,16.05401662256951,17.199291829928736,-1.145275207359224,nan,0.0,3,0,9,0,8.0,4.0,6.9569114822178335,4
110,1,merge_courtesy,fixed,False,1.0,13,0,26.981407213098784,0.0,0.452667380387942,0.18180400133132935,17.780331750811367,17.780331750811367,0.0,nan,0.0,11,0,2,0,0.0,13.0,0.0,6
111,1,merge_courtesy,fixed,False,1.0,13,0,27.750637683406776,0.15855717401896763,0.6631427914975929,0.37132998555898666,17.791601298743352,17.92867153470483,-0.13707023596147797,nan,0.0,10,0,3,0,3.0,10.0,0.22545899503842293,5
112,1,merge_courtesy,fixed,False,1.0,13,0,26.655102277460422,1.253134877678781,0.4706188386230469,1.3094521313905716,16.17412840966804,17.35860175162088,-1.1844733419528417,nan,0.0,8,0,5,0,4.0,9.0,4.0450789907350355,6
113,1,merge_courtesy,fixed,False,1.0,12,0,30.0,4.34570297011644,0.0,3.5206917375326157,14.467501802357328,17.849999999999998,-3.382498197642671,nan,0.0,4,0,8,0,0.0,12.0,12.874316125071866,9
114,1,merge_courtesy,fixed,False,1.0,13,0,26.59679183306397,0.0,0.2606661218247107,0.08910840936005116,17.580331753193267,17.580331753193267,0.0,nan,0.0,10,0,3,0,0.0,13.0,0.0,6
115,1,merge_courtesy,fixed,False,1.0,12,0,30.0,1.201427243554476,3.515166887370811,2.1906757205724716,16.06482760829691,17.199291829928736,-1.1344642216318244,nan,0.0,3,0,9,0,8.0,4.0,7.254658769965584,4
116,1,merge_courtesy,fixed,False,1.0,13,0,28.135251062216373,0.23782033464329824,1.4106409739125887,0.7960141524672508,17.673626049691592,17.87867049310837,-0.20504444341677686,nan,0.0,8,0,5,0,6.0,7.0,0.8408644755219162,3
117,1,merge_courtesy,fixed,False,1.0,13,0,26.655102277460422,0.0,2.858602858222279,1.2075155898928642,16.559945014208157,16.559945014208157,0.0,nan,0.0,5,0,8,0,12.0,1.0,0.0,1
118,1,merge_courtesy,fixed,False,1.0,13,0,27.80128461713882,0.7302921396067447,1.6293875902805082,1.1971319988369942,17.112982307131784,17.80500794166158,-0.6920256345297973,nan,0.0,8,0,5,0,5.0,8.0,3.7407552439373077,4
119,1,merge_courtesy,fixed,False,1.0,13,0,27.032054146830824,0.0,0.37203484918999585,0.12989673018455505,17.756668156352028,17.756668156352028,0.0,nan,0.0,11,0,2,0,0.0,13.0,0.0,6
120,1,merge_courtesy,fixed,False,1.0,12,0,30.0,5.069292349975284,0.0,4.143281444907188,13.70500748526837,17.749291998026376,-4.0442845127580105,nan,0.0,3,0,9,0,1.0,11.0,16.522355004911862,9
121,1,merge_courtesy,fixed,False,1.0,12,0,30.0,0.0,2.2469548178753556,0.8020187504589558,17.199291829928736,17.199291829928736,0.0,nan,0.0,6,0,6,0,8.0,4.0,0.0,4
122,1,merge_courtesy,fixed,False,1.0,13,0,27.807825545686136,2.0662806546928723,0.5659196635267898,2.071589320898056,15.67071700317066,17.65936083494835,-1.988643831777694,nan,0.0,7,0,6,0,7.0,6.0,8.876501703676952,6
123,1,merge_courtesy,fixed,False,1.0,12,0,28.813046846239462,0.5066190551459971,0.39345111973847613,0.6413680464029312,16.680978926774642,17.17886749425866,-0.4978885674840171,nan,0.0,9,0,3,0,1.0,11.0,1.270947040263702,6
124,1,merge_courtesy,fixed,False,1.0,13,0,28.135251062216373,0.0,0.23035405194663722,0.513492189347744,17.778670493108354,17.778670493108354,0.0,nan,0.0,8,0,5,0,7.0,6.0,0.0,2
125,1,merge_courtesy,fixed,False,1.0,13,0,27.80128461713882,1.2605161668942015,0.0,0.9380781650543213,17.422283864456432,18.206668000912188,-0.7843841364557556,nan,0.0,9,0,4,0,0.0,13.0,2.3012319315184535,6
126,1,merge_courtesy,fixed,False,1.0,13,0,27.415808139816725,0.0,0.4894273514473281,0.1855405941605568,17.355512062632858,17.355512062632858,0.0,nan,0.0,11,0,2,0,8.0,5.0,0.0,5
127,1,merge_courtesy,fixed,False,1.0,14,0,25.822598942267394,0.19342443178935464,0.6947195545391838,0.41348058730363846,17.582796913490803,17.759947237597896,-0.17715032410709297,nan,0.0,11,0,3,0,9.0,5.0,0.376586847974977,5
128,1,merge_courtesy,fixed,False,1.0,12,0,30.0,0.0,1.8292847363269746,0.6550023108720779,17.299291829928734,17.299291829928734,0.0,nan,0.0,7,0,5,0,7.0,5.0,0.0,5
129,1,merge_courtesy,fixed,False,1.0,13,0,27.80128461713882,0.1017552632047587,0.757798947314496,0.7408803850412369,17.60500794166679,17.60500794166679,0.0,nan,0.0,7,0,6,0,7.0,6.0,0.0,2
130,1,merge_courtesy,fixed,False,1.0,13,0,27.03872567291224,0.824397261109268,2.505264674047635,1.5256726443767548,16.57269111770005,17.35847729066375,-0.7857861729636986,nan,0.0,7,0,6,0,5.0,8.0,6.40597823162211,3
131,1,merge_courtesy,fixed,False,1.0,13,0,27.366022562930425,0.06905906837081988,0.22776156476909326,0.19895966351032257,17.930331732723822,17.930331732723822,0.0,nan,0.0,12,0,1,0,0.0,13.0,0.0,6
132,1,merge_courtesy,fixed,False,1.0,12,0,30.0,2.373187996306679,1.3050562080647075,2.7738810554146767,15.180713423368186,17.49858382795563,-2.317870404587443,nan,0.0,3,0,9,0,5.0,7.0,11.34233179786194,6
133,1,merge_courtesy,fixed,False,1.0,14,0,25.821674121517443,0.0,1.0678726515415686,0.49093281850218773,18.282936386688164,18.408334117295272,-0.1253977306071076,nan,0.0,10,0,4,0,1.0,13.0,0.06824823824125506,7
134,1,merge_courtesy,fixed,False,1.0,12,0,29.638203017832648,0.2647489117096426,3.350896860736108,1.1494792699813843,16.68670569238882,16.925629278488408,-0.23892358609958825,nan,0.0,5,0,7,0,9.0,3.0,1.1416895998937473,3
135,1,merge_courtesy,fixed,False,1.0,12,0,30.0,0.33376771416533724,3.6818360245595914,1.5246669128537178,16.789372013923987,17.098583827955117,-0.3092118140311278,nan,0.0,4,0,8,0,9.0,3.0,2.8683583780926227,2
136,1,merge_courtesy,fixed,False,1.0,13,0,27.032038919823695,0.0,0.2701761539092177,0.11554491892457008,17.806660238308318,17.806660238308318,0.0,nan,0.0,10,0,3,0,0.0,13.0,0.0,6
137,1,merge_courtesy,fixed,False,1.0,12,0,30.0,0.3190091141287197,3.7206037498258704,1.502011850476265,16.804364696177263,17.099291829928735,-0.29492713375147267,nan,0.0,4,0,8,0,9.0,3.0,1.739640284457181,3
138,1,merge_courtesy,fixed,False,1.0,13,0,26.655102277460422,1.738259916123704,0.0,1.3448014184832573,16.475245949594797,17.61065318427942,-1.1354072346846253,nan,0.0,8,0,5,0,0.0,13.0,4.424899185853884,6
139,1,merge_courtesy,fixed,False,1.0,13,0,27.80793920474951,1.1791283918123443,0.0,0.858712300658226,17.469301170561888,18.210128386469744,-0.7408272159078543,nan,0.0,9,0,4,0,0.0,13.0,2.018529273084719,6
140,1,merge_courtesy,fixed,False,1.0,12,0,29.2224878754412,0.3095199126984654,2.94748172497834,1.1350014060735703,16.343954879918655,16.62608601014051,-0.2821311302218537,nan,0.0,6,0,6,0,10.0,2.0,2.3879392392078174,2
141,1,merge_courtesy,fixed,False,1.0,13,0,27.42333905172183,0.0,0.8263925808195272,0.25970324873924255,17.60847624638626,17.60847624638626,0.0,nan,0.0,10,0,3,0,5.0,8.0,0.0,4
142,1,merge_courtesy,fixed,False,1.0,12,0,30.0,3.716870955574798,0.0,3.0084779262542725,15.074498061517728,17.849999999999998,-2.7755019384822703,nan,0.0,5,0,7,0,0.0,12.0,10.636616149056778,9
143,1,merge_courtesy,fixed,False,1.0,13,0,26.655102277460422,0.0,2.9595030485445224,0.760184645652771,16.8586017517284,16.8586017517284,0.0,nan,0.0,7,0,6,0,9.0,4.0,0.0,1
144,1,merge_courtesy,fixed,False,1.0,12,0,29.22876198863091,0.0,0.3914075592224135,0.11902107670903206,17.27838935565117,17.27838935565117,0.0,nan,0.0,10,0,2,0,2.0,10.0,0.0,5
145,1,merge_courtesy,fixed,False,1.0,13,0,27.80128461713882,0.0,1.330369381219421,0.38833677023649216,17.705007941666807,17.705007941666807,0.0,nan,0.0,9,0,4,0,6.0,7.0,0.0,3
146,1,merge_courtesy,fixed,False,1.0,12,0,29.22876198863091,0.3414468041275237,2.856115425224125,1.339223474264145,16.4093370005903,16.72909758447157,-0.3197605838812729,nan,0.0,5,0,7,0,9.0,3.0,2.044936620081851,3
147,1,merge_courtesy,fixed,False,1.0,14,0,25.82259500904024,0.0,0.35642405617542783,0.13378861919045448,18.510653205062532,18.510653205062532,0.0,nan,0.0,11,0,3,0,0.0,14.0,0.0,6
148,1,merge_courtesy,fixed,False,1.0,12,0,30.0,0.41417632623691014,2.934211439959525,1.4411232694983482,16.79507775727098,17.099291829928735,-0.3042140726577524,nan,0.0,3,0,9,0,9.0,3.0,1.850924040060325,3
149,1,merge_courtesy,fixed,False,1.0,12,0,28.812111822850934,0.5469116861335854,0.8099425232793847,0.9006299376487732,16.20863025667666,16.729105504896605,-0.5204752482199454,nan,0.0,7,0,5,0,7.0,5.0,1.6991695959809134,5
150,1,merge_courtesy,fixed,False,1.0,12,0,28.813046846239462,0.0,0.5269662497819015,0.39044924080371857,16.529554316123676,16.529554316123676,0.0,nan,0.0,8,0,4,0,9.0,3.0,0.0,3
151,1,merge_courtesy,fixed,False,1.0,12,0,29.166669125773563,3.0594781950264,0.38161219272334945,2.682704471051693,15.113447585807792,17.34929321124429,-2.235845625436493,nan,0.0,6,0,6,0,1.0,11.0,9.748171159322556,10
152,1,merge_courtesy,fixed,False,1.0,12,0,29.22876198863091,0.0,0.9279018106994329,0.2991400212049484,16.829097584471572,16.829097584471572,0.0,nan,0.0,9,0,3,0,8.0,4.0,0.0,4
153,1,merge_courtesy,fixed,False,1.0,12,0,30.0,0.8336976208325162,3.376090064948983,1.896259069442749,16.39960502022154,17.199291829928736,-0.7996868097071974,nan,0.0,4,0,8,0,8.0,4.0,4.920170663899803,4
154,1,merge_courtesy,fixed,False,1.0,12,0,28.80499716106384,3.352529780295895,0.1965622493380234,2.956030696630478,14.68034705147458,17.276398637310642,-2.596051585836065,nan,0.0,7,0,5,0,0.0,12.0,11.590975252042586,10
155,1,merge_courtesy,fixed,False,1.0,13,0,27.415808139816725,0.0,1.2823616094887056,0.35629136115312576,17.155512062633434,17.155512062633434,0.0,nan,0.0,9,0,4,0,10.0,3.0,0.0,3
156,1,merge_courtesy,fixed,False,1.0,12,0,29.2224878754412,0.0,0.2869971631995879,0.599316917359829,16.72608601014051,16.72608601014051,0.0,nan,0.0,7,0,5,0,9.0,3.0,0.0,3
157,1,merge_courtesy,fixed,False,1.0,13,0,27.366022562930425,0.0,0.25963237750855994,0.16398772597312927,17.930331732723822,17.930331732723822,0.0,nan,0.0,12,0,1,0,0.0,13.0,0.0,6
158,1,merge_courtesy,fixed,False,1.0,13,0,27.80783877146805,0.7812764546202435,1.6658173940172967,1.3849832564592361,16.712684791321667,17.459367991092122,-0.7466831997704556,nan,0.0,7,0,6,0,9.0,4.0,4.301878886687028,4
159,1,merge_courtesy,fixed,False,1.0,12,0,29.22876198863091,0.8692605372121813,0.9303225253432895,1.1075791046023369,16.136623269656965,16.92909758447157,-0.7924743148146056,nan,0.0,7,0,5,0,7.0,5.0,3.094445762641487,5
160,1,merge_courtesy,fixed,False,1.0,12,0,29.638203017832648,4.643374478040213,0.0,3.798150733113289,13.987602189554565,17.676337448559668,-3.688735259005105,nan,0.0,4,0,8,0,0.0,12.0,14.604747093690058,9
161,1,merge_courtesy,fixed,False,1.0,12,0,28.813046846239462,1.21575422157331,1.2291695776914693,1.6932606250047684,15.478128392016018,16.629554316123677,-1.1514259241076572,nan,0.0,6,0,6,0,8.0,4.0,7.389353253123673,4
162,1,merge_courtesy,fixed,False,1.0,14,0,25.822611223350602,2.445674855725701,0.0,1.9394243508577347,16.662782696007355,18.46066228507634,-1.7978795890689834,nan,0.0,9,0,5,0,0.0,14.0,8.502854555807625,6
163,1,merge_courtesy,fixed,False,1.0,13,0,26.981407213098784,0.0,0.4843363414215001,0.19763626903295517,17.73650855387336,17.780331750811367,-0.043823196938008444,nan,0.0,11,0,2,0,0.0,13.0,0.019204725898674724,6
164,1,merge_courtesy,fixed,False,1.0,12,0,30.0,3.831361194967788,0.0,3.1917382180690765,14.902843972097703,17.849999999999998,-2.9471560279022966,nan,0.0,6,0,6,0,0.0,12.0,13.552773821522754,10
165,1,merge_courtesy,fixed,False,1.0,12,0,30.0,0.4855949214689784,2.7906547952642153,1.355290874838829,16.776988214417067,17.199291829928736,-0.4223036155116683,nan,0.0,4,0,8,0,8.0,4.0,1.6316184858558032,4
166,1,merge_courtesy,fixed,False,1.0,12,0,28.805946512382793,4.431264535414769,0.0,3.614764228463173,13.730933467021021,17.276854325943738,-3.545920858922715,nan,0.0,4,0,8,0,0.0,12.0,14.153039869790325,10
167,1,merge_courtesy,fixed,False,1.0,13,0,26.981407213098784,0.0,0.3549466453030947,0.11779379099607468,17.780331750811367,17.780331750811367,0.0,nan,0.0,11,0,2,0,0.0,13.0,0.0,6
168,1,merge_courtesy,fixed,False,1.0,12,0,30.0,4.5055073765844025,0.0,3.6548780500888824,14.195624347348245,17.749291998026376,-3.5536676506781335,nan,0.0,4,0,8,0,1.0,11.0,13.687187964283886,9
169,1,merge_courtesy,fixed,False,1.0,13,0,27.42333905172183,1.6467396845950815,0.0,1.2727706134319305,16.90883354512691,18.010136306895355,-1.101302761768441,nan,0.0,9,0,4,0,0.0,13.0,4.198940025176005,6
170,1,merge_courtesy,fixed,False,1.0,13,0,26.981407213098784,0.0,0.36820965791855154,0.12498223409056664,17.67939882823031,17.67939882823031,0.0,nan,0.0,11,0,2,0,1.0,12.0,0.0,6
171,1,merge_courtesy,fixed,False,1.0,13,0,27.03872393124548,0.0,0.2836423462513025,0.18201109766960144,17.810136444247647,17.810136444247647,0.0,nan,0.0,12,0,1,0,0.0,13.0,0.0,6
172,1,merge_courtesy,fixed,False,1.0,12,0,29.22876198863091,0.0,0.939926549753032,0.3727101758122444,16.72909758447157,16.72909758447157,0.0,nan,0.0,8,0,4,0,9.0,3.0,0.0,3
173,1,merge_courtesy,fixed,False,1.0,12,0,29.22876198863091,1.3904253113093605,2.757524832547561,2.0657418444752693,15.712969852461852,17.02814689461188,-1.3151770421500282,nan,0.0,4,0,8,0,6.0,6.0,7.148289344130899,5
174,1,merge_courtesy,fixed,False,1.0,12,0,30.0,0.30544804941103304,3.562081995757402,1.4073932990431786,16.8169882203263,17.099291829928735,-0.28230360960243334,nan,0.0,4,0,8,0,9.0,3.0,1.5939065598912616,3
175,1,merge_courtesy,fixed,False,1.0,13,0,27.80128461713882,0.0,0.3751302107301606,0.10208611935377121,18.00525132292587,18.00525132292587,0.0,nan,0.0,11,0,2,0,2.0,11.0,0.0,5
176,1,merge_courtesy,fixed,False,1.0,14,0,25.822505682791753,0.0,0.883826892658695,0.28696341067552567,17.858557207019526,17.858557207019526,0.0,nan,0.0,11,0,3,0,8.0,6.0,0.0,4
177,1,merge_courtesy,fixed,False,1.0,12,0,29.638203017832648,0.0,3.868263164522329,1.1732112616300583,16.82562927848841,16.82562927848841,0.0,nan,0.0,4,0,8,0,10.0,2.0,0.0,2
178,1,merge_courtesy,fixed,False,1.0,12,0,28.86696500646356,1.4154440466305704,2.7499911331805738,2.068653229624033,15.439734076371552,16.755435033031244,-1.315700956659689,nan,0.0,4,0,8,0,7.0,5.0,7.147614298408155,5
179,1,merge_courtesy,fixed,False,1.0,12,0,30.0,4.540048576081505,0.0,3.6846117973327637,14.261859997383379,17.849999999999998,-3.58814000261662,nan,0.0,4,0,8,0,0.0,12.0,13.903320540871922,9
180,1,merge_courtesy,fixed,False,1.0,12,0,30.0,0.33415282973363186,3.7367292773419916,1.3528671935200691,16.887004101381866,17.198583827955115,-0.3115797265732488,nan,0.0,5,0,7,0,8.0,4.0,1.9416385202292095,3
181,1,merge_courtesy,fixed,False,1.0,13,0,26.655102277460422,0.29898645052151124,2.6586798969797547,1.0390315353870392,16.68496407569147,16.958601751728402,-0.2736376760369297,nan,0.0,7,0,6,0,8.0,5.0,2.24632733240675,2
182,1,merge_courtesy,fixed,False,1.0,13,0,27.42333905172183,0.30947799557818106,0.8641045596042863,0.8579117357730865,17.31951201890881,17.608719687685458,-0.28920766877664633,nan,0.0,8,0,5,0,4.0,9.0,1.6728215135844475,3
183,1,merge_courtesy,fixed,False,1.0,12,0,30.0,0.5933388803437585,2.2201266593831113,1.3776627779006958,16.658636083109798,17.199291829928736,-0.5406557468189366,nan,0.0,5,0,7,0,8.0,4.0,2.4557482522722296,4
184,1,merge_courtesy,fixed,False,1.0,12,0,30.0,4.56723195698167,0.0,3.718175157904625,14.145204386763206,17.749291998026376,-3.6040876112631737,nan,0.0,4,0,8,0,1.0,11.0,14.255164850160043,9
185,1,merge_courtesy,fixed,False,1.0,13,0,26.655102277460422,1.384707982832245,0.4948984517727621,1.4426416605710983,16.02923727165144,17.35860175162088,-1.3293644799694437,nan,0.0,8,0,5,0,4.0,9.0,4.838548837323107,6
186,1,merge_courtesy,fixed,False,1.0,13,0,26.655102277460422,1.7540196617157282,0.0,1.3559753559529781,16.48461903623862,17.61065318427942,-1.1260341480407996,nan,0.0,8,0,5,0,0.0,13.0,4.3490511814271615,6
187,1,merge_courtesy,fixed,False,1.0,12,0,30.0,0.7245872057599723,2.6248862890058557,1.6929051652550697,16.51480944741699,17.199291829928736,-0.6844823825117448,nan,0.0,4,0,8,0,8.0,4.0,3.682866042919173,4
188,1,merge_courtesy,fixed,False,1.0,12,0,28.813046846239462,0.9361587288985562,0.5526282025340883,1.7677861228585243,15.807196863944785,16.629554316123677,-0.8223574521788894,nan,0.0,4,0,8,0,8.0,4.0,5.183363648804573,4
189,1,merge_courtesy,fixed,False,1.0,12,0,29.2224878754412,0.0,1.7931480447341412,0.4769650772213936,16.62608601014051,16.62608601014051,0.0,nan,0.0,7,0,5,0,10.0,2.0,0.0,2
190,1,merge_courtesy,fixed,False,1.0,13,0,28.12772015031127,1.7012250875769306,0.5352429440997151,1.7577693909406662,16.16564173109246,17.825706028686227,-1.6600642975937663,nan,0.0,8,0,5,0,7.0,6.0,7.162732304615716,6
191,1,merge_courtesy,fixed,False,1.0,13,0,27.366020591908377,0.0,0.3930244827685725,0.14180325716733932,17.930330707792358,17.930330707792358,0.0,nan,0.0,11,0,2,0,0.0,13.0,0.0,6
192,1,merge_courtesy,fixed,False,1.0,13,0,27.366022562930425,0.0,0.24951104285169118,0.15979932248592377,17.930331732723822,17.930331732723822,0.0,nan,0.0,12,0,1,0,0.0,13.0,0.0,6
193,1,merge_courtesy,fixed,False,1.0,13,0,26.655102277460422,0.0,0.8006546905861667,0.4414609372615814,17.058601751728403,17.058601751728403,0.0,nan,0.0,8,0,5,0,7.0,6.0,0.0,3
194,1,merge_courtesy,fixed,False,1.0,13,0,27.80128461713882,1.508322958508956,1.1808280321486697,1.7788044214248657,16.63513607501037,18.00525132292587,-1.3701152479154963,nan,0.0,7,0,6,0,2.0,11.0,7.419017265766004,5
195,1,merge_courtesy,fixed,False,1.0,12,0,28.757367441959875,0.0,0.9903354560671551,0.32410474121570587,16.602828202069464,16.602828202069464,0.0,nan,0.0,9,0,3,0,8.0,4.0,0.0,4
196,1,merge_courtesy,fixed,False,1.0,12,0,29.638203017832648,0.29431586601584336,2.7120428219389248,1.2163240909576416,16.656241642511176,16.925629278488408,-0.26938763597722937,nan,0.0,5,0,7,0,9.0,3.0,1.451393968348005,3
197,1,merge_courtesy,fixed,False,1.0,13,0,28.135251062216373,0.0,1.3554838278169479,0.3865562677383423,17.87867049310837,17.87867049310837,0.0,nan,0.0,9,0,4,0,6.0,7.0,0.0,3
198,1,merge_courtesy,fixed,False,1.0,13,0,26.982300475863916,0.0,0.8724130690456942,0.2723401412367821,17.03008807737796,17.03008807737796,0.0,nan,0.0,10,0,3,0,9.0,4.0,0.0,4
199,1,merge_courtesy,fixed,False,1.0,13,0,27.039601997206645,2.504599411516806,0.0,1.9793342351913452,16.014670345521257,17.810593038547456,-1.7959226930261987,nan,0.0,7,0,6,0,0.0,13.0,8.330229193468758,6
200,1,merge_courtesy,fixed,False,1.0,12,0,29.2224878754412,0.7223834548219417,1.0281951781111818,1.1723775193095207,16.140867885796293,16.826086010140507,-0.6852181243442161,nan,0.0,7,0,5,0,8.0,4.0,3.6567502061452757,4
201,1,merge_courtesy,fixed,False,1.0,12,0,29.638203017832648,5.442978378949272,0.0,4.468477666378021,13.221526991139694,17.676337448559668,-4.454810457419978,nan,0.0,3,0,9,0,0.0,12.0,18.236877794278392,9
202,1,merge_courtesy,fixed,False,1.0,12,0,29.22166165477424,0.0,3.6774048698672486,0.917878583073616,16.72568942422037,16.72568942422037,0.0,nan,0.0,5,0,7,0,9.0,3.0,0.0,3
203,1,merge_courtesy,fixed,False,1.0,12,0,30.0,0.7044435585377373,3.970241744549578,1.840753585100174,16.44309870280989,17.099291829928735,-0.6561931271188446,nan,0.0,3,0,9,0,9.0,3.0,4.653609775237058,3
204,1,merge_courtesy,fixed,False,1.0,13,0,28.135251062216373,0.3872834428146035,0.3890628357511763,0.5568166822195053,17.717099730030387,18.078000887176213,-0.36090115714582616,nan,0.0,10,0,3,0,3.0,10.0,0.7714199811519981,6
205,1,merge_courtesy,fixed,False,1.0,13,0,26.655102277460422,2.132268595615037,0.0,1.666570633649826,16.06230910504173,17.61065318427942,-1.5483440792376877,nan,0.0,8,0,5,0,0.0,13.0,6.416152564415673,6
206,1,merge_courtesy,fixed,False,1.0,12,0,30.0,0.5090858016161184,3.086567050025492,1.6020454093813896,16.680890629218528,17.099291829928735,-0.41840120071020687,nan,0.0,3,0,9,0,9.0,3.0,2.4971607862724787,3
207,1,merge_courtesy,fixed,False,1.0,12,0,30.0,0.0,1.6447974968056378,0.9358550012111664,16.999291829928737,16.999291829928737,0.0,nan,0.0,4,0,8,0,10.0,2.0,0.0,2
208,1,merge_courtesy,fixed,False,1.0,13,0,27.80783877146805,0.0,2.6714388622665144,0.7806033715605736,17.15936799109212,17.15936799109212,0.0,nan,0.0,6,0,7,0,12.0,1.0,0.0,1
209,1,merge_courtesy,fixed,False,1.0,13,0,28.12772015031127,0.0,0.6853725363924599,0.2052939422428608,17.62570630809059,17.62570630809059,0.0,nan,0.0,10,0,3,0,9.0,4.0,0.0,4
210,1,merge_courtesy,fixed,False,1.0,12,0,30.0,6.199043109481107,0.0,5.153001740574837,12.64414516085317,17.849999999999998,-5.205854839146827,nan,0.0,2,0,10,0,0.0,12.0,21.420776033538335,10
211,1,merge_courtesy,fixed,False,1.0,12,0,29.583458636941597,0.0,2.4672394238363053,1.002964347600937,16.899351975660696,16.899351975660696,0.0,nan,0.0,4,0,8,0,9.0,3.0,0.0,3
212,1,merge_courtesy,fixed,False,1.0,12,0,30.0,0.6295989707517144,3.100194288223413,1.637676626443863,16.530981292589697,17.099291829928735,-0.5683105373390367,nan,0.0,4,0,8,0,9.0,3.0,3.765389136155567,3
213,1,merge_courtesy,fixed,False,1.0,12,0,30.0,3.7368321786987972,0.0,3.0236121863126755,15.051336416209324,17.849999999999998,-2.7986635837906744,nan,0.0,5,0,7,0,0.0,12.0,10.699089161407723,9
214,1,merge_courtesy,fixed,False,1.0,12,0,29.22876198863091,0.0,2.799385743008382,0.8115067780017853,16.82814689461186,16.82814689461186,0.0,nan,0.0,5,0,7,0,8.0,4.0,0.0,3
215,1,merge_courtesy,fixed,False,1.0,12,0,30.0,0.0,3.2357148482100335,0.9702066257596016,17.098583827955117,17.098583827955117,0.0,nan,0.0,4,0,8,0,9.0,3.0,0.0,2
216,1,merge_courtesy,fixed,False,1.0,12,0,30.0,0.756037356602845,3.2110454851063457,1.5827310904860497,16.479994659047566,17.199291829928736,-0.7192971708811677,nan,0.0,5,0,7,0,8.0,4.0,4.018596950126167,4
217,1,merge_courtesy,fixed,False,1.0,12,0,30.0,3.9766120758935033,0.0,3.2288516461849213,14.809610753166483,17.849999999999998,-3.040389246833517,nan,0.0,5,0,7,0,0.0,12.0,12.007105254764753,9
218,1,merge_courtesy,fixed,False,1.0,12,0,29.638203017832648,0.0,3.26363081527332,0.9967285543680191,16.82562927848841,16.82562927848841,0.0,nan,0.0,4,0,8,0,10.0,2.0,0.0,2
219,1,merge_courtesy,fixed,False,1.0,12,0,28.813046846239462,0.12966000093950764,0.6121481703166737,0.3276110589504242,16.971871128749605,17.078846087302693,-0.10697495855309004,nan,0.0,9,0,3,0,2.0,10.0,0.13732370108922395,5
220,1,merge_courtesy,fixed,False,1.0,12,0,29.638203017832648,3.906105904991643,0.0,3.172461152076721,14.702937440301802,17.676337448559668,-2.973400008257868,nan,0.0,5,0,7,0,0.0,12.0,11.544902389376135,9
221,1,merge_courtesy,fixed,False,1.0,12,0,30.0,1.8396746706447087,2.8896792206212942,2.6251103579998016,15.523780530080394,17.299291829928734,-1.7755112998483413,nan,0.0,3,0,9,0,7.0,5.0,10.295583880774458,5
222,1,merge_courtesy,fixed,False,1.0,12,0,30.0,0.841328922374027,4.307773194930901,2.0931435376405716,16.297908601869366,17.099291829928735,-0.8013832280593693,nan,0.0,3,0,9,0,9.0,3.0,6.6947974017292085,3
223,1,merge_courtesy,fixed,False,1.0,12,0,30.0,0.0,2.589553398129449,0.8558166697621346,17.099291829928735,17.099291829928735,0.0,nan,0.0,5,0,7,0,9.0,3.0,0.0,3
224,1,merge_courtesy,fixed,False,1.0,13,0,26.655102277460422,2.1760994947431618,0.0,1.709027037024498,16.053011704367425,17.61065318427942,-1.5576414799119953,nan,0.0,8,0,5,0,0.0,13.0,6.653635341211739,6
225,1,merge_courtesy,fixed,False,1.0,12,0,30.0,0.7866357427411685,3.308447516773634,2.0515442192554474,16.45542891519478,17.198583827955115,-0.7431549127603378,nan,0.0,3,0,9,0,8.0,4.0,5.838267299650529,3
226,1,merge_courtesy,fixed,False,1.0,12,0,30.0,0.3975601138445522,2.7907253608075813,1.281679131090641,16.91826763298801,17.199291829928736,-0.28102419694072733,nan,0.0,4,0,8,0,8.0,4.0,1.1846189889927103,4
227,1,merge_courtesy,fixed,False,1.0,13,0,27.750637683406776,0.23283115333423648,0.756674787352493,0.4907180219888687,17.71039238326289,17.92867153470483,-0.21827915144194218,nan,0.0,10,0,3,0,3.0,10.0,0.571749455450572,5
228,1,merge_courtesy,fixed,False,1.0,12,0,29.58334983422002,6.317157361694933,0.06254848784963574,5.21107916533947,12.316102708574595,17.650007920425608,-5.333905211851015,nan,0.0,2,0,10,0,0.0,12.0,21.829154167692902,10
229,1,merge_courtesy,fixed,False,1.0,13,0,27.316266920941473,0.0,1.3593209332728255,0.39802659302949905,17.1037506288183,17.1037506288183,0.0,nan,0.0,9,0,4,0,10.0,3.0,0.0,3
230,1,merge_courtesy,fixed,False,1.0,12,0,30.0,4.320178195236709,0.0,3.543976552784443,14.559373260259116,17.849999999999998,-3.290626739740881,nan,0.0,4,0,8,0,0.0,12.0,13.39966643323116,9
231,1,merge_courtesy,fixed,False,1.0,12,0,29.638203017832648,0.0,0.30841350632100384,0.21736475825309753,17.5749424566247,17.5749424566247,0.0,nan,0.0,11,0,1,0,1.0,11.0,0.0,6
232,1,merge_courtesy,fixed,False,1.0,13,0,28.135251062216373,1.0271288262888942,1.0470179771880017,1.3039294183254242,17.11354321919164,18.078670492746294,-0.9651272735546539,nan,0.0,8,0,5,0,4.0,9.0,4.235534281879842,5
233,1,merge_courtesy,fixed,False,1.0,12,0,28.813046846239462,0.0,0.7988401623041737,0.7120694816112518,16.429554316123678,16.429554316123678,0.0,nan,0.0,7,0,5,0,10.0,2.0,0.0,2
234,1,merge_courtesy,fixed,False,1.0,12,0,29.638203017832648,4.4226423992375885,0.0,3.583930939435959,14.215127381621905,17.676337448559668,-3.4612100669377663,nan,0.0,4,0,8,0,0.0,12.0,13.319399971589474,9
235,1,merge_courtesy,fixed,False,1.0,13,0,27.80128461713882,0.0,1.5281506076897606,0.5356591418385506,17.60500794166679,17.60500794166679,0.0,nan,0.0,8,0,5,0,7.0,6.0,0.0,2
236,1,merge_courtesy,fixed,False,1.0,12,0,30.0,1.2112162765817858,2.597568139980963,1.8491406738758087,16.12538650621468,17.299291829928734,-1.1739053237140555,nan,0.0,4,0,8,0,7.0,5.0,5.712305534257041,5
237,1,merge_courtesy,fixed,False,1.0,13,0,26.64742353581151,0.13080839919055937,0.919732087443782,0.4450650028884411,17.29976647449296,17.60666023862198,-0.30689376412902325,nan,0.0,9,0,4,0,0.0,13.0,0.47922717988383096,6
238,1,merge_courtesy,fixed,False,1.0,12,0,30.0,0.29745770121054077,2.942773764698482,1.2445307523012161,16.824538258112565,17.099291829928735,-0.2747535718161715,nan,0.0,4,0,8,0,9.0,3.0,1.509790504514882,3
239,1,merge_courtesy,fixed,False,1.0,12,0,30.0,2.2013027256538242,2.1006948887975323,2.6865225434303284,15.261930787258535,17.399291829928735,-2.1373610426702,nan,0.0,3,0,9,0,6.0,6.0,9.87978373790853,6
240,1,merge_courtesy,fixed,False,1.0,13,0,27.415808139816725,0.0,0.6258822036791303,0.1768651343882084,17.255512062633425,17.255512062633425,0.0,nan,0.0,10,0,3,0,9.0,4.0,0.0,4
241,1,merge_courtesy,fixed,False,1.0,12,0,30.0,0.0,2.4106846744485972,0.8155763745307922,17.199291829928736,17.199291829928736,0.0,nan,0.0,6,0,6,0,8.0,4.0,0.0,4
242,1,merge_courtesy,fixed,False,1.0,12,0,30.0,0.17564037211446273,2.0772798376769517,0.7147135064005852,17.238129576140434,17.398583827955147,-0.1604542518147133,nan,0.0,7,0,5,0,6.0,6.0,0.30894680310503303,5
243,1,merge_courtesy,fixed,False,1.0,13,0,27.80793920474951,1.5844600875652521,0.0,1.2096874117851257,17.160039933708557,18.210128386469744,-1.050088452761187,nan,0.0,8,0,5,0,0.0,13.0,3.7954698938957185,6
244,1,merge_courtesy,fixed,False,1.0,13,0,28.135251062216373,0.0,1.2616732635538437,0.45722291618585587,17.87867049310837,17.87867049310837,0.0,nan,0.0,8,0,5,0,6.0,7.0,0.0,3
245,1,merge_courtesy,fixed,False,1.0,12,0,30.0,0.457008870717477,2.189319875723834,1.1798836663365364,16.87972247696128,17.299291829928734,-0.4195693529674558,nan,0.0,5,0,7,0,7.0,5.0,1.18476501342156,5
246,1,merge_courtesy,fixed,False,1.0,12,0,28.86696500646356,0.0,3.7123759400776257,1.1357131451368332,16.455435033031247,16.455435033031247,0.0,nan,0.0,4,0,8,0,10.0,2.0,0.0,2
247,1,merge_courtesy,fixed,False,1.0,12,0,28.813046846239462,0.2724404612671685,1.5401762174186118,1.001399204134941,16.18659578184763,16.429554316123678,-0.2429585342760478,nan,0.0,6,0,6,0,10.0,2.0,1.7708654813269646,2
248,1,merge_courtesy,fixed,False,1.0,13,0,27.366022562930425,0.08842354463635052,0.21349044407465637,0.20461106300354004,17.930331732723822,17.930331732723822,0.0,nan,0.0,12,0,1,0,0.0,13.0,0.0,6
249,1,merge_courtesy,fixed,False,1.0,13,0,26.655102277460422,0.0,2.6349500024181536,0.6613896936178207,16.8586017517284,16.8586017517284,0.0,nan,0.0,7,0,6,0,9.0,4.0,0.0,1
250,1,merge_courtesy,fixed,False,1.0,12,0,28.813046846239462,0.8690765120564214,2.4559926127478833,1.5236285701394081,15.961220374602203,16.729554316123675,-0.7683339415214747,nan,0.0,5,0,7,0,7.0,5.0,3.172343550072088,5
251,1,merge_courtesy,fixed,False,1.0,12,0,29.22876198863091,0.0,0.46311856286447217,0.2748406380414963,16.92909758447157,16.92909758447157,0.0,nan,0.0,9,0,3,0,7.0,5.0,0.0,5
252,1,merge_courtesy,fixed,False,1.0,13,0,27.366137963660552,0.0,0.30241307770992154,0.2075701355934143,17.429683292054168,17.429683292054168,0.0,nan,0.0,12,0,1,0,7.0,6.0,0.0,6
253,1,merge_courtesy,fixed,False,1.0,12,0,29.638203017832648,5.636335975882609,0.0,4.607008129358292,13.026953661779874,17.676337448559668,-4.649383786779795,nan,0.0,3,0,9,0,0.0,12.0,19.63186655753904,9
254,1,merge_courtesy,fixed,False,1.0,12,0,30.0,0.0,4.509345413193958,1.2672198936343193,16.899291829928735,16.899291829928735,0.0,nan,0.0,3,0,9,0,11.0,1.0,0.0,1
255,1,merge_courtesy,fixed,False,1.0,12,0,29.638203017832648,5.631711347749529,0.0,4.5975665003061295,13.070012063795797,17.676337448559668,-4.606325384763872,nan,0.0,3,0,9,0,0.0,12.0,19.96190291808421,9
256,1,merge_courtesy,fixed,False,1.0,12,0,30.0,0.6831736365807989,4.074138614770139,1.8838792592287064,16.469943181915188,17.099291829928735,-0.6293486480135476,nan,0.0,3,0,9,0,9.0,3.0,4.412785103255165,3
257,1,merge_courtesy,fixed,False,1.0,13,0,28.135251062216373,0.0,0.9692573472993363,0.3145483061671257,17.97867049310314,17.97867049310314,0.0,nan,0.0,10,0,3,0,5.0,8.0,0.0,4
258,1,merge_courtesy,fixed,False,1.0,12,0,30.0,0.3372491976301653,2.4769215323735283,1.436729721724987,16.782788593787828,17.099291829928735,-0.3165032361409076,nan,0.0,4,0,8,0,9.0,3.0,2.003485969753342,3
259,1,merge_courtesy,fixed,False,1.0,13,0,28.135251062216373,0.0,1.3200757152946734,0.6794683411717415,17.778670493108354,17.778670493108354,0.0,nan,0.0,8,0,5,0,7.0,6.0,0.0,2
260,1,merge_courtesy,fixed,False,1.0,13,0,27.42420215023432,2.112249360184885,2.0609378097542264,2.4411421418190002,15.416045578381691,17.45987694805057,-2.04383136966888,nan,0.0,5,0,8,0,7.0,6.0,9.15793357653313,6
261,1,merge_courtesy,fixed,False,1.0,12,0,30.0,0.34458816698466427,3.7215093715616567,1.538310892879963,16.776033807577445,17.099291829928735,-0.3232580223512903,nan,0.0,4,0,8,0,9.0,3.0,2.0899149802893455,3
262,1,merge_courtesy,fixed,False,1.0,13,0,27.80128461713882,1.696455256609274,1.2816134490854694,1.9817374497652054,16.297341609651134,17.90500794130473,-1.6076663316535964,nan,0.0,7,0,6,0,4.0,9.0,9.122477034491137,5
263,1,merge_courtesy,fixed,False,1.0,12,0,29.638203017832648,4.168510847256018,0.0,3.3903303742408752,14.452506872834569,17.676337448559668,-3.223830575725101,nan,0.0,5,0,7,0,0.0,12.0,13.25056767402087,9
264,1,merge_courtesy,fixed,False,1.0,13,0,28.135251062216373,0.05753764040723216,0.7164451463361362,0.6697029769420624,17.778670493108354,17.778670493108354,0.0,nan,0.0,7,0,6,0,7.0,6.0,0.0,2
265,1,merge_courtesy,fixed,False,1.0,12,0,30.0,0.4338420497228521,2.113039617961257,1.348771870136261,16.99937424768185,17.398583827955147,-0.3992095802732964,nan,0.0,4,0,8,0,6.0,6.0,1.0689050033024388,5
266,1,merge_courtesy,fixed,False,1.0,13,0,27.42420215023432,0.12045527770884888,1.0398983546278036,0.4375276044011116,17.63752304926267,17.709168771126066,-0.07164572186339864,nan,0.0,9,0,4,0,3.0,10.0,0.07699664191991218,4
267,1,merge_courtesy,fixed,False,1.0,12,0,30.0,4.736662592171836,0.0,3.8981345891952515,14.068218576349835,17.849999999999998,-3.7817814236501657,nan,0.0,4,0,8,0,0.0,12.0,15.220907323064113,9
268,1,merge_courtesy,fixed,False,1.0,12,0,30.0,5.12837152975254,0.0,4.216512590646744,13.801956427170913,17.849999999999998,-4.048043572829087,nan,0.0,3,0,9,0,0.0,12.0,16.88365490206045,9
269,1,merge_courtesy,fixed,False,1.0,12,0,29.22876198863091,0.07732462271204246,2.3646254810351235,0.7584579885005951,16.92814689461186,16.92814689461186,0.0,nan,0.0,5,0,7,0,7.0,5.0,0.0,4
270,1,merge_courtesy,fixed,False,1.0,13,0,26.655102277460422,0.6905639411478803,2.3634771229060076,1.481576219201088,16.417615903313745,17.058601751728403,-0.6409858484146559,nan,0.0,6,0,7,0,7.0,6.0,4.470851991296446,3
271,1,merge_courtesy,fixed,False,1.0,12,0,30.0,3.8499139255699344,0.0,3.1281311213970184,14.849906276819649,17.749291998026376,-2.8993857212067313,nan,0.0,5,0,7,0,1.0,11.0,11.503545241279035,9
272,1,merge_courtesy,fixed,False,1.0,12,0,29.583458636941597,0.0,3.5938811337406555,1.3772965148091316,16.7993519756607,16.7993519756607,0.0,nan,0.0,3,0,9,0,10.0,2.0,0.0,2
273,1,merge_courtesy,fixed,False,1.0,12,0,30.0,0.11260208093820365,2.3116379249233048,1.2727898508310318,16.999291829928737,16.999291829928737,0.0,nan,0.0,3,0,9,0,10.0,2.0,0.0,2
274,1,merge_courtesy,fixed,False,1.0,12,0,30.0,2.685095639444665,0.0,2.21980120241642,16.04705971310452,17.849999999999998,-1.8029402868954794,nan,0.0,8,0,4,0,0.0,12.0,7.9765054369439286,9
275,1,merge_courtesy,fixed,False,1.0,12,0,30.0,0.0,3.6010851260224173,1.1013649329543114,16.999291829928737,16.999291829928737,0.0,nan,0.0,4,0,8,0,10.0,2.0,0.0,2
276,1,merge_courtesy,fixed,False,1.0,12,0,30.0,3.947119459149418,0.0,3.197923332452774,14.737245364110619,17.749291998026376,-3.0120466339157614,nan,0.0,5,0,7,0,1.0,11.0,11.817031318880213,9
277,1,merge_courtesy,fixed,False,1.0,14,0,25.816419682343177,0.0,0.7338374237211,0.2254498042166233,17.656486852040906,17.656486852040906,0.0,nan,0.0,11,0,3,0,10.0,4.0,0.0,4
278,1,merge_courtesy,fixed,False,1.0,12,0,29.638203017832648,4.320461193433889,0.0,3.494276538491249,14.321720541348427,17.676337448559668,-3.354616907211242,nan,0.0,4,0,8,0,0.0,12.0,13.002721405486632,9
279,1,merge_courtesy,fixed,False,1.0,12,0,28.813046846239462,0.08917236947802436,0.5927578099042908,0.29379091784358025,17.034338279939593,17.078846087302693,-0.04450780736309916,nan,0.0,9,0,3,0,2.0,10.0,0.023771338995248924,5
280,1,merge_courtesy,fixed,False,1.0,13,0,27.807825545686136,0.0,0.8471834024262865,0.27557069435715675,17.459361113685514,17.459361113685514,0.0,nan,0.0,10,0,3,0,9.0,4.0,0.0,4
281,1,merge_courtesy,fixed,False,1.0,12,0,30.0,5.543594993643686,0.0,4.570791743695736,13.342009191867136,17.849999999999998,-4.507990808132862,nan,0.0,3,0,9,0,0.0,12.0,19.797512820970514,9
282,1,merge_courtesy,fixed,False,1.0,12,0,30.0,0.8594740270538646,1.9032371320573445,1.4852173179388046,16.58868593938504,17.399291829928735,-0.8106058905436931,nan,0.0,5,0,7,0,6.0,6.0,2.4638271118311885,6
283,1,merge_courtesy,fixed,False,1.0,12,0,29.638203017832648,0.0,3.060281131965211,0.9610491096973419,16.925629278488408,16.925629278488408,0.0,nan,0.0,5,0,7,0,9.0,3.0,0.0,3
284,1,merge_courtesy,fixed,False,1.0,12,0,30.0,4.176689526339953,0.0,3.437229473143816,14.668933377184757,17.849999999999998,-3.181066622815241,nan,0.0,4,0,8,0,0.0,12.0,12.661290603699127,9
285,1,merge_courtesy,fixed,False,1.0,12,0,30.0,0.0,1.7173696558653195,0.5074033169075847,17.199291829928736,17.199291829928736,0.0,nan,0.0,6,0,6,0,8.0,4.0,0.0,4
286,1,merge_courtesy,fixed,False,1.0,12,0,30.0,0.3320362883244138,3.6669057549070585,1.351111739873886,16.789324444867706,17.099291829928735,-0.30996738506102844,nan,0.0,4,0,8,0,9.0,3.0,1.9215955960314375,3
287,1,merge_courtesy,fixed,False,1.0,13,0,27.039601997206645,2.1984628766711998,0.0,1.7236856520175934,16.20066896735134,17.810593038547456,-1.6099240711961134,nan,0.0,8,0,5,0,0.0,13.0,6.851974790795751,6
288,1,merge_courtesy,fixed,False,1.0,12,0,29.638203017832648,0.36604267157160836,4.884356998322152,1.8096619993448257,16.483248557227213,16.82562927848841,-0.34238072126119584,nan,0.0,3,0,9,0,10.0,2.0,3.516736748740101,2
289,1,merge_courtesy,fixed,False,1.0,12,0,28.812220625572504,0.27582511932241566,3.0249443932346765,1.343195602297783,16.37986578605608,16.628209046448546,-0.24834326039246818,nan,0.0,4,0,8,0,8.0,4.0,1.2334874996472251,3
290,1,merge_courtesy,fixed,False,1.0,12,0,29.638203017832648,0.0,2.8574717798578506,0.9138975888490677,16.925629278488408,16.925629278488408,0.0,nan,0.0,5,0,7,0,9.0,3.0,0.0,3
291,1,merge_courtesy,fixed,False,1.0,12,0,30.0,0.0,1.7261599392101905,1.040784329175949,17.098583827955117,17.098583827955117,0.0,nan,0.0,4,0,8,0,9.0,3.0,0.0,2
292,1,merge_courtesy,fixed,False,1.0,14,0,25.465470228741687,0.5141325978536461,0.8026123210946444,0.8637597411870956,17.076758440155032,17.559955158023502,-0.48319671786847096,nan,0.0,9,0,5,0,9.0,5.0,1.4969356203995177,5
293,1,merge_courtesy,fixed,False,1.0,13,0,27.42333905172183,0.0,0.9761074181747946,0.47067298740148544,17.408476246391473,17.408476246391473,0.0,nan,0.0,8,0,5,0,7.0,6.0,0.0,2
294,1,merge_courtesy,fixed,False,1.0,12,0,29.638203017832648,1.226368214025253,3.3467788859670105,2.1692721098661423,15.851783090594882,17.025629278488406,-1.1738461878935225,nan,0.0,3,0,9,0,8.0,4.0,7.343144009906904,4
295,1,merge_courtesy,fixed,False,1.0,12,0,28.813046846239462,0.5319013678883621,3.5377096722510593,1.4606606513261795,16.06191935472363,16.529554316123676,-0.46763496140004435,nan,0.0,4,0,8,0,9.0,3.0,2.616910714719031,3
296,1,merge_courtesy,fixed,False,1.0,12,0,30.0,0.4948168662504647,2.778756339289851,1.3564710915088654,16.75595508265061,17.199291829928736,-0.443336747278125,nan,0.0,4,0,8,0,8.0,4.0,1.6740748298979682,4
297,1,merge_courtesy,fixed,False,1.0,12,0,30.0,4.88657512359349,0.0,4.035852432250977,13.9276268452863,17.849999999999998,-3.922373154713698,nan,0.0,4,0,8,0,0.0,12.0,16.407979581436013,9
298,1,merge_courtesy,fixed,False,1.0,12,0,30.0,0.10233736101456435,2.001159217571649,0.8046916276216507,17.229718291755553,17.299291829928734,-0.06957353817318009,nan,0.0,6,0,6,0,7.0,5.0,0.05808572656721935,5
299,1,merge_courtesy,fixed,False,1.0,12,0,29.638203017832648,5.554066343862956,0.0,4.5526823699474335,13.120825642075133,17.676337448559668,-4.555511806484537,nan,0.0,3,0,9,0,0.0,12.0,19.26318985019517,9
300,1,merge_courtesy,fixed,False,1.0,12,0,28.812111822850934,0.0,1.1957372270062592,0.3386906385421753,16.52910550489718,16.52910550489718,0.0,nan,0.0,8,0,4,0,9.0,3.0,0.0,3
301,1,merge_courtesy,fixed,False,1.0,14,0,25.465470228741687,0.0,2.199200555780328,0.7507552355527878,17.658611895465043,17.658611895465043,0.0,nan,0.0,8,0,6,0,7.0,7.0,0.0,2
302,1,merge_courtesy,fixed,False,1.0,12,0,30.0,0.0,2.2748656970229177,1.1293700858950615,16.999291829928737,16.999291829928737,0.0,nan,0.0,4,0,8,0,10.0,2.0,0.0,2
303,1,merge_courtesy,fixed,False,1.0,12,0,28.813046846239462,0.2766949125929587,0.3873222558593485,0.6890779435634613,16.722693930433273,16.97884613919916,-0.2561522087658858,nan,0.0,8,0,4,0,3.0,9.0,0.984209310834629,4
304,1,merge_courtesy,fixed,False,1.0,12,0,29.58334983422002,0.0,2.3467633740501244,0.9817220941185951,16.799299750354344,16.799299750354344,0.0,nan,0.0,4,0,8,0,10.0,2.0,0.0,2
305,1,merge_courtesy,fixed,False,1.0,12,0,30.0,0.0,1.855591214584747,0.7398614771664143,17.199291829928736,17.199291829928736,0.0,nan,0.0,6,0,6,0,8.0,4.0,0.0,4
306,1,merge_courtesy,fixed,False,1.0,12,0,30.0,0.2559950258190148,4.42870314562807,1.4021806493401527,16.777365579433834,16.999291829928737,-0.22192625049490297,nan,0.0,4,0,8,0,10.0,2.0,1.4775378197617925,2
307,1,merge_courtesy,fixed,False,1.0,13,0,28.135251062216373,0.0,0.0,0.0,18.17939615464052,18.17939615464052,0.0,nan,0.0,13,0,0,0,2.0,11.0,0.0,5
308,1,merge_courtesy,fixed,False,1.0,12,0,30.0,0.34077060642205925,4.634633616774969,1.6800937354564667,16.68284320951939,16.999291829928737,-0.31644862040934846,nan,0.0,3,0,9,0,10.0,2.0,3.0041918807693975,2
309,1,merge_courtesy,fixed,False,1.0,13,0,27.693449821127423,0.0,0.6366624475691556,0.16756914928555489,17.39988573691498,17.39988573691498,0.0,nan,0.0,10,0,3,0,9.0,4.0,0.0,4
310,1,merge_courtesy,fixed,False,1.0,12,0,30.0,4.0354938109551926,0.0,3.329262524843216,14.758472860793836,17.849999999999998,-3.0915271392061636,nan,0.0,5,0,7,0,0.0,12.0,12.465914525559864,9
311,1,merge_courtesy,fixed,False,1.0,12,0,29.590558970798266,0.2288847354637203,3.4005320745419323,1.3227267190814018,16.70689663859207,16.9027601359119,-0.19586349731983266,nan,0.0,4,0,8,0,9.0,3.0,0.7672501916471219,3
312,1,merge_courtesy,fixed,False,1.0,12,0,30.0,0.5115163500275514,2.17888908276865,1.4325214326381683,16.81424357599222,17.299291829928734,-0.48504825393651463,nan,0.0,4,0,8,0,7.0,5.0,1.4859780363500819,5
313,1,merge_courtesy,fixed,False,1.0,12,0,29.638203017832648,1.7234339708275397,2.0815098111702954,2.334491401910782,15.544366335441506,17.225629278488405,-1.6812629430468984,nan,0.0,4,0,8,0,6.0,6.0,7.356131447691159,6
314,1,merge_courtesy,fixed,False,1.0,13,0,26.981407213098784,0.06823017358777904,0.3679412632546092,0.19585949927568436,17.780331750811367,17.780331750811367,0.0,nan,0.0,11,0,2,0,0.0,13.0,0.0,6
315,1,merge_courtesy,fixed,False,1.0,12,0,29.22166165477424,0.0,3.5876819170090943,1.1129300072789192,16.62568942422037,16.62568942422037,0.0,nan,0.0,4,0,8,0,10.0,2.0,0.0,2
316,1,merge_courtesy,fixed,False,1.0,13,0,28.12772015031127,0.0,0.7469805147458128,0.22519608959555626,17.62570630809059,17.62570630809059,0.0,nan,0.0,10,0,3,0,9.0,4.0,0.0,4
317,1,merge_courtesy,fixed,False,1.0,12,0,30.0,0.2194076408311307,2.2085348205964097,0.9662579149007797,17.094307523417516,17.299291829928734,-0.2049843065112184,nan,0.0,6,0,6,0,7.0,5.0,0.5042227909906216,5
318,1,merge_courtesy,fixed,False,1.0,12,0,29.22876198863091,0.7561257008343727,4.044116728133166,1.8097068965435028,16.016545318403068,16.72909758447157,-0.712552266068506,nan,0.0,4,0,8,0,9.0,3.0,5.368729020958516,3
319,1,merge_courtesy,fixed,False,1.0,12,0,29.2224878754412,0.63266128257341,0.9254764565245335,1.0190967246890068,16.2324258482111,16.826086010140507,-0.5936601619294084,nan,0.0,7,0,5,0,8.0,4.0,2.7775604642214518,4
320,1,merge_courtesy,fixed,False,1.0,13,0,27.416784897392592,0.9041254476646898,1.7639488511998334,2.081717759370804,16.678180475805352,17.455100327510333,-0.7769198517049809,nan,0.0,3,0,10,0,7.0,6.0,4.621796241453929,4
321,1,merge_courtesy,fixed,False,1.0,13,0,27.039601997206645,1.1539667833299037,0.0,0.8456386476755142,17.128035105731747,17.810593038547456,-0.6825579328157079,nan,0.0,9,0,4,0,0.0,13.0,1.8933330271398507,6
322,1,merge_courtesy,fixed,False,1.0,12,0,28.813046846239462,2.3727364376891984,0.6026889127723823,2.3605969846248627,14.511149353614975,16.829554316123666,-2.3184049625086924,nan,0.0,6,0,6,0,6.0,6.0,11.324382994896686,6
323,1,merge_courtesy,fixed,False,1.0,13,0,27.416671238329222,0.0,0.9368877833450704,0.3079397901892662,17.655008984324976,17.655008984324976,0.0,nan,0.0,10,0,3,0,4.0,9.0,0.0,4
324,1,merge_courtesy,fixed,False,1.0,12,0,29.22166165477424,0.061102601182650776,2.315105019870072,1.3216035142540932,16.62568942422037,16.62568942422037,0.0,nan,0.0,2,0,10,0,10.0,2.0,0.0,2
325,1,merge_courtesy,fixed,False,1.0,13,0,27.80128461713882,0.0,0.18236820830475398,0.34016069769859314,17.705007941666807,17.705007941666807,0.0,nan,0.0,9,0,4,0,6.0,7.0,0.0,3
326,1,merge_courtesy,fixed,False,1.0,13,0,26.655102277460422,1.307453157721976,0.0,0.9924350455403328,16.819264576832357,17.61065318427942,-0.7913886074470624,nan,0.0,9,0,4,0,0.0,13.0,2.4582158276158594,6
327,1,merge_courtesy,fixed,False,1.0,12,0,29.638203017832648,1.3209303332555695,3.5128098271088395,2.3415409177541733,15.757091343638088,17.025629278488406,-1.268537934850319,nan,0.0,3,0,9,0,8.0,4.0,8.552061056055702,4
328,1,merge_courtesy,fixed,False,1.0,12,0,29.638203017832648,5.94609695138169,0.0,4.888355329632759,12.734112526190675,17.676337448559668,-4.942224922368993,nan,0.0,3,0,9,0,0.0,12.0,21.98318939035323,9
329,1,merge_courtesy,fixed,False,1.0,13,0,27.416784897392592,0.0,4.089204173686348,1.0567276813089848,17.455100327510333,17.455100327510333,0.0,nan,0.0,6,0,7,0,7.0,6.0,0.0,4
330,1,merge_courtesy,fixed,False,1.0,12,0,29.22876198863091,0.0,0.2231256538967029,0.30152031034231186,16.829097584471572,16.829097584471572,0.0,nan,0.0,9,0,3,0,8.0,4.0,0.0,4
331,1,merge_courtesy,fixed,False,1.0,12,0,30.0,1.1364252740413119,1.4630666781960309,1.5864191949367523,16.36253101592994,17.499291829928733,-1.136760813998795,nan,0.0,5,0,7,0,5.0,7.0,3.3937560360855343,7
332,1,merge_courtesy,fixed,False,1.0,12,0,28.86696500646356,0.8099160627902471,2.3950314625037668,1.5825108103454113,15.93875297524915,16.655435033031242,-0.7166820577820932,nan,0.0,4,0,8,0,8.0,4.0,3.9385609571024673,4
333,1,merge_courtesy,fixed,False,1.0,12,0,30.0,0.6468270564192977,2.5300093607569485,1.698003463447094,16.49958240938278,17.099291829928735,-0.5997094205459567,nan,0.0,3,0,9,0,9.0,3.0,3.873242949048939,3
334,1,merge_courtesy,fixed,False,1.0,12,0,29.58428485760855,0.0,1.8628488938181382,0.5741133838891983,16.79974856158084,16.79974856158084,0.0,nan,0.0,6,0,6,0,10.0,2.0,0.0,2
335,1,merge_courtesy,fixed,False,1.0,13,0,27.750637683406776,0.0,1.3879423185797901,0.39872459322214127,17.728671536122153,17.728671536122153,0.0,nan,0.0,9,0,4,0,5.0,8.0,0.0,3
336,1,merge_courtesy,fixed,False,1.0,13,0,27.36600536490125,0.0,0.6668983213740263,0.2549799829721451,17.935913575129206,17.980322789748648,-0.044409214619441695,nan,0.0,10,0,3,0,0.0,13.0,0.019721783431156343,6
337,1,merge_courtesy,fixed,False,1.0,14,0,25.82259500904024,0.05827408527791127,0.7677912161828213,0.3362179845571518,18.379646571108772,18.510653205062532,-0.13100663395375617,nan,0.0,11,0,3,0,0.0,14.0,0.17162738139893463,6
338,1,merge_courtesy,fixed,False,1.0,12,0,30.0,3.811247575508487,0.0,3.0855335742235184,14.970450878253423,17.849999999999998,-2.879549121746577,nan,0.0,5,0,7,0,0.0,12.0,11.00433616908461,9
339,1,merge_courtesy,fixed,False,1.0,12,0,30.0,0.3114857500962373,3.561814715577381,1.3081676959991455,16.909509079160763,17.198583827955115,-0.2890747487943512,nan,0.0,4,0,8,0,8.0,4.0,1.671284207810345,3
340,1,merge_courtesy,fixed,False,1.0,12,0,30.0,3.57837790860855,0.0,2.911933036521077,15.226443055624198,17.849999999999998,-2.6235569443757987,nan,0.0,5,0,7,0,0.0,12.0,10.923716012974772,9
341,1,merge_courtesy,fixed,False,1.0,12,0,29.638203017832648,5.763806344208094,0.0,4.767780736088753,12.911539541659032,17.676337448559668,-4.76479790690064,nan,0.0,3,0,9,0,0.0,12.0,20.41677790523011,9
342,1,merge_courtesy,fixed,False,1.0,13,0,27.750637683406776,0.0,0.925716895023975,0.30236438661813736,17.828671535765306,17.828671535765306,0.0,nan,0.0,10,0,3,0,4.0,9.0,0.0,4
343,1,merge_courtesy,fixed,False,1.0,12,0,30.0,0.07543385436089076,1.597921187895314,0.7634071744978428,17.372178837232624,17.398583827955147,-0.02640499072252142,nan,0.0,6,0,6,0,6.0,6.0,0.008366682420677308,5
344,1,merge_courtesy,fixed,False,1.0,12,0,30.0,0.2967868968168292,2.8787360091030503,1.1108872033655643,17.019539031861516,17.298583827955117,-0.27904479609360117,nan,0.0,5,0,7,0,7.0,5.0,1.1679899734037917,4
345,1,merge_courtesy,fixed,False,1.0,13,0,26.655102277460422,1.0997648334916212,0.0,0.808097317814827,17.028547660000353,17.61065318427942,-0.5821055242790679,nan,0.0,9,0,4,0,0.0,13.0,1.7225616675491153,6
346,1,merge_courtesy,fixed,False,1.0,12,0,30.0,0.6811014843030234,3.1054938413673363,1.7794076800346375,16.469184728066832,17.099291829928735,-0.6301071018619011,nan,0.0,3,0,9,0,9.0,3.0,4.353040871620185,3
347,1,merge_courtesy,fixed,False,1.0,13,0,27.80128461713882,0.976977736675765,0.0,0.7221080958843231,17.681071684515715,18.206668000912188,-0.5255963163964736,nan,0.0,10,0,3,0,0.0,13.0,1.4380118338855965,6
348,1,merge_courtesy,fixed,False,1.0,12,0,30.0,1.7320278736583166,1.9889600547233621,2.4869097769260406,15.639711045225802,17.299291829928734,-1.6595807847029325,nan,0.0,3,0,9,0,7.0,5.0,9.254724080306516,5
349,1,merge_courtesy,fixed,False,1.0,13,0,28.135251062216373,0.0,0.0,0.0,18.38033055235252,18.38033055235252,0.0,nan,0.0,13,0,0,0,0.0,13.0,0.0,5
350,1,merge_courtesy,fixed,False,1.0,12,0,29.638203017832648,0.10912808553352024,2.0420305320782512,0.725003145635128,17.050245351301765,17.125629278488407,-0.07538392718663976,nan,0.0,6,0,6,0,7.0,5.0,0.06819283773696724,5
351,1,merge_courtesy,fixed,False,1.0,13,0,27.80128461713882,0.0,1.1205605197549355,0.2830991595983505,17.705007941666807,17.705007941666807,0.0,nan,0.0,9,0,4,0,6.0,7.0,0.0,3
352,1,merge_courtesy,fixed,False,1.0,12,0,29.22876198863091,0.22148020016202266,1.5128481458180194,0.9529770836234093,16.446573091613146,16.629097584471573,-0.18252449285842587,nan,0.0,6,0,6,0,10.0,2.0,0.9994557147967669,2
353,1,merge_courtesy,fixed,False,1.0,12,0,30.0,0.45247289264827967,2.2702453379601124,1.1965220421552658,16.89440085056431,17.299291829928734,-0.4048909793644244,nan,0.0,5,0,7,0,7.0,5.0,1.171118182147603,5
354,1,merge_courtesy,fixed,False,1.0,13,0,27.80128461713882,0.0,1.4467457232020862,0.5057770013809204,17.60500794166679,17.60500794166679,0.0,nan,0.0,8,0,5,0,7.0,6.0,0.0,2
355,1,merge_courtesy,fixed,False,1.0,12,0,30.0,0.26646439132719163,4.109637326402697,1.4871862158179283,16.76168883515603,16.999291829928737,-0.23760299477270702,nan,0.0,3,0,9,0,10.0,2.0,1.6936554937487713,2
356,1,merge_courtesy,fixed,False,1.0,13,0,28.135251062216373,0.0,1.503288542826399,0.5303091406822205,17.778670493108354,17.778670493108354,0.0,nan,0.0,8,0,5,0,7.0,6.0,0.0,2
357,1,merge_courtesy,fixed,False,1.0,12,0,30.0,0.1236576281503323,2.4416789319548684,1.3501176685094833,16.999291829928737,16.999291829928737,0.0,nan,0.0,3,0,9,0,10.0,2.0,0.0,2
358,1,merge_courtesy,fixed,False,1.0,12,0,30.0,5.178513767078765,0.0,4.295621544122696,13.54918501346666,17.749291998026376,-4.200106984559719,nan,0.0,4,0,8,0,1.0,11.0,18.24104864500977,9
359,1,merge_courtesy,fixed,False,1.0,13,0,27.750637683406776,0.0,0.4396475417638026,0.13957519829273224,17.529623425299683,17.529623425299683,0.0,nan,0.0,11,0,2,0,8.0,5.0,0.0,5
360,1,merge_courtesy,fixed,False,1.0,13,0,27.038708734441514,0.0,0.45677022975195725,0.19083847850561142,17.810128541909588,17.810128541909588,0.0,nan,0.0,11,0,2,0,0.0,13.0,0.0,6
361,1,merge_courtesy,fixed,False,1.0,12,0,30.0,3.807883046083543,0.0,3.1317545771598816,14.989378335868222,17.849999999999998,-2.8606216641317763,nan,0.0,5,0,7,0,0.0,12.0,11.219817800925211,9
362,1,merge_courtesy,fixed,False,1.0,12,0,30.0,1.915229511894676,2.0791892493911823,2.4775191247463226,15.692233053394474,17.4978970071265,-1.8056639537320254,nan,0.0,3,0,9,0,5.0,7.0,7.847333671606987,6
363,1,merge_courtesy,fixed,False,1.0,12,0,30.0,3.6618938546682696,0.0,2.9539863914251328,15.12191518357538,17.849999999999998,-2.728084816424617,nan,0.0,5,0,7,0,0.0,12.0,10.246804224592312,9
364,1,merge_courtesy,fixed,False,1.0,12,0,30.0,0.20102244794468255,0.8889524916437064,0.9591841325163841,16.937282855805776,17.099291829928735,-0.16200897412295867,nan,0.0,5,0,7,0,9.0,3.0,0.5249381539274699,3
365,1,merge_courtesy,fixed,False,1.0,13,0,27.42420215023432,0.0,0.6758366041309105,0.20553628727793694,17.507825528940753,17.507825528940753,0.0,nan,0.0,10,0,3,0,5.0,8.0,0.0,4
366,1,merge_courtesy,fixed,False,1.0,13,0,27.038708734441514,0.06532785477320459,0.3639102594560243,0.18626050651073456,17.810128541909588,17.810128541909588,0.0,nan,0.0,11,0,2,0,0.0,13.0,0.0,6
367,1,merge_courtesy,fixed,False,1.0,14,0,25.822611223350602,1.3103155137807145,0.0,0.9809209257364273,17.632914234697264,18.46066228507634,-0.8277480503790744,nan,0.0,10,0,4,0,0.0,14.0,2.5111899201680408,6
368,1,merge_courtesy,fixed,False,1.0,12,0,30.0,1.002621355931146,3.1582229836913225,1.7720402255654335,16.275612323124502,17.199291829928736,-0.9236795068042307,nan,0.0,4,0,8,0,8.0,4.0,5.092846085537271,4
369,1,merge_courtesy,fixed,False,1.0,12,0,29.638203017832648,0.2729993270112979,2.724967088194245,0.9940329343080521,16.769848509372267,17.025629278488406,-0.25578076911614034,nan,0.0,6,0,6,0,8.0,4.0,0.9813570277446644,4
370,1,merge_courtesy,fixed,False,1.0,12,0,29.22876198863091,0.0,0.9092677177139393,0.29530125111341476,16.829097584471572,16.829097584471572,0.0,nan,0.0,9,0,3,0,8.0,4.0,0.0,4
371,1,merge_courtesy,fixed,False,1.0,12,0,29.22876198863091,0.0,0.3108666237784588,0.21887826919555664,17.02909758447157,17.02909758447157,0.0,nan,0.0,11,0,1,0,6.0,6.0,0.0,6
372,1,merge_courtesy,fixed,False,1.0,12,0,29.22876198863091,0.7830839707339431,3.3250388509503956,1.8086345791816711,15.990218913631171,16.72909758447157,-0.7388786708404036,nan,0.0,4,0,8,0,9.0,3.0,5.789970081539512,3
373,1,merge_courtesy,fixed,False,1.0,12,0,30.0,0.5967518170850037,1.6320665456801708,1.5485034435987473,16.562886373306707,17.099291829928735,-0.5364054566220274,nan,0.0,3,0,9,0,9.0,3.0,3.337275356814738,3
374,1,merge_courtesy,fixed,False,1.0,13,0,27.039601997206645,1.7827818016281327,0.0,1.3766009882092476,16.644532999879267,17.810593038547456,-1.166060038668187,nan,0.0,8,0,5,0,0.0,13.0,4.3772646457542805,6
375,1,merge_courtesy,fixed,False,1.0,12,0,30.0,4.408123421456367,0.0,3.6003392785787582,14.406173819296164,17.849999999999998,-3.4438261807038337,nan,0.0,4,0,8,0,0.0,12.0,13.270531382838776,9
376,1,merge_courtesy,fixed,False,1.0,13,0,27.42420215023432,0.07974627619791483,0.5539042678285172,0.6999634504318237,17.32048587841407,17.35987694805058,-0.03939106963651125,nan,0.0,7,0,6,0,8.0,5.0,0.018619876405301737,5
377,1,merge_courtesy,fixed,False,1.0,12,0,30.0,0.0,3.002752873219102,0.956351213157177,17.099291829928735,17.099291829928735,0.0,nan,0.0,5,0,7,0,9.0,3.0,0.0,3
378,1,merge_courtesy,fixed,False,1.0,12,0,30.0,0.9906160217416224,2.382485716645835,1.924420714378357,16.35460767391863,17.299291829928734,-0.944684156010106,nan,0.0,3,0,9,0,7.0,5.0,3.845938867372638,5
379,1,merge_courtesy,fixed,False,1.0,12,0,29.166669125773563,0.17759436143246626,1.361735194507375,0.78520068526268,16.746293879007798,17.098342002807126,-0.3520481237993276,nan,0.0,6,0,6,0,5.0,7.0,0.6249236428617261,6
380,1,merge_courtesy,fixed,False,1.0,13,0,26.981407213098784,0.0,0.3692701491193413,0.1491299420595169,17.780331750811367,17.780331750811367,0.0,nan,0.0,11,0,2,0,0.0,13.0,0.0,6
381,1,merge_courtesy,fixed,False,1.0,12,0,30.0,4.091847779301525,0.0,3.339032541960478,14.734504778881005,17.849999999999998,-3.115495221118994,nan,0.0,4,0,8,0,0.0,12.0,12.441207757770295,9
382,1,merge_courtesy,fixed,False,1.0,12,0,29.22876198863091,0.2851249658487046,4.2777898651575255,1.370247095823288,16.371710613576823,16.629097584471573,-0.25738697089475016,nan,0.0,4,0,8,0,10.0,2.0,1.9874415835912487,2
383,1,merge_courtesy,fixed,False,1.0,12,0,30.0,0.17971444815651105,3.609175861253915,1.2591522485017776,16.871824927265006,16.999291829928737,-0.12746690266373126,nan,0.0,4,0,8,0,10.0,2.0,0.48743433824055415,2
384,1,merge_courtesy,fixed,False,1.0,12,0,30.0,0.5626436931953407,2.491060394370716,1.6139093711972237,16.59865424111002,17.099291829928735,-0.5006375888187156,nan,0.0,3,0,9,0,9.0,3.0,2.9450340214530875,3
385,1,merge_courtesy,fixed,False,1.0,12,0,29.638203017832648,4.091557480147626,0.0,3.3659882247447968,14.531681664037773,17.676337448559668,-3.144655784521898,nan,0.0,5,0,7,0,0.0,12.0,12.821833203175323,9
386,1,merge_courtesy,fixed,False,1.0,12,0,30.0,0.29326904020964345,3.708028563965807,1.4193627759814262,16.735628674967792,16.999291829928737,-0.26366315496094644,nan,0.0,4,0,8,0,10.0,2.0,2.0855477785188015,2
387,1,merge_courtesy,fixed,False,1.0,12,0,29.22876198863091,0.0,2.828725573438817,0.9068088084459305,16.82814689461186,16.82814689461186,0.0,nan,0.0,5,0,7,0,8.0,4.0,0.0,3
388,1,merge_courtesy,fixed,False,1.0,13,0,27.42420215023432,0.0,2.432701819416516,0.7058940380811691,17.259876948050582,17.259876948050582,0.0,nan,0.0,8,0,5,0,9.0,4.0,0.0,4
389,1,merge_courtesy,fixed,False,1.0,12,0,30.0,0.0,2.7945495689212474,0.8931049704551697,17.099291829928735,17.099291829928735,0.0,nan,0.0,5,0,7,0,9.0,3.0,0.0,3
390,1,merge_courtesy,fixed,False,1.0,13,0,28.12772015031127,0.0,0.8697196836204614,0.2740806117653847,17.62570630809059,17.62570630809059,0.0,nan,0.0,10,0,3,0,9.0,4.0,0.0,4
391,1,merge_courtesy,fixed,False,1.0,13,0,28.136114160728862,0.27290846214857384,2.687351026162282,1.0096552297472954,17.18660567496571,17.430071193507747,-0.24346551854203757,nan,0.0,7,0,6,0,11.0,2.0,1.7782637615682972,2
392,1,merge_courtesy,fixed,False,1.0,14,0,25.465470228741687,3.570224068105884,0.0,2.8914718478918076,15.374018903825945,18.260663328095347,-2.8866444242694014,nan,0.0,7,0,7,0,0.0,14.0,12.71942908104093,7
393,1,merge_courtesy,fixed,False,1.0,12,0,30.0,0.6692314176368327,4.056409223024122,1.8408868163824081,16.48579969999979,17.099291829928735,-0.6134921299289423,nan,0.0,3,0,9,0,9.0,3.0,4.240490037609102,3
394,1,merge_courtesy,fixed,False,1.0,12,0,29.22876198863091,0.21162242492258507,0.6696001420515278,0.411953903734684,17.07639763385435,17.27838935565117,-0.20199172179682234,nan,0.0,9,0,3,0,2.0,10.0,0.48960786809333856,5
395,1,merge_courtesy,fixed,False,1.0,12,0,29.638203017832648,5.207068828618035,0.0,4.301336232572794,13.468998652123656,17.676337448559668,-4.207338796436015,nan,0.0,3,0,9,0,0.0,12.0,18.244754837889076,9
396,1,merge_courtesy,fixed,False,1.0,12,0,30.0,0.43253025609916307,2.284913308407567,1.3870134726166725,16.76404280814936,17.099291829928735,-0.33524902177937693,nan,0.0,4,0,8,0,9.0,3.0,2.247838132080583,3
397,1,merge_courtesy,fixed,False,1.0,12,0,30.0,0.612399662532698,3.755181523765853,1.6140997149050236,16.542676725244803,17.099291829928735,-0.5566151046839303,nan,0.0,3,0,9,0,9.0,3.0,3.4948383974148527,3
398,1,merge_courtesy,fixed,False,1.0,12,0,29.638203017832648,4.170531468068334,0.0,3.398065820336342,14.45832064559847,17.676337448559668,-3.2180168029612015,nan,0.0,5,0,7,0,0.0,12.0,13.355086584921837,9
399,1,merge_courtesy,fixed,False,1.0,13,0,27.415808139816725,0.0,1.1015528661543756,0.29298612102866173,17.155512062633434,17.155512062633434,0.0,nan,0.0,9,0,4,0,10.0,3.0,0.0,3
400,1,merge_courtesy,fixed,False,1.0,12,0,30.0,0.23088137338595421,2.0209623184399885,1.2426117025315762,16.801986448009103,16.999291829928737,-0.1973053819196333,nan,0.0,2,0,10,0,10.0,2.0,1.1678824120335705,2
401,1,merge_courtesy,fixed,False,1.0,12,0,30.0,1.3180776040593076,3.481586062382483,2.2030562348663807,16.031958572718853,17.298583827955117,-1.2666252552362622,nan,0.0,3,0,9,0,7.0,5.0,8.500191000713713,4
402,1,merge_courtesy,fixed,False,1.0,13,0,27.750637683406776,0.0,1.057343073280697,0.2575664222240448,17.728671536122153,17.728671536122153,0.0,nan,0.0,9,0,4,0,5.0,8.0,0.0,3
403,1,merge_courtesy,fixed,False,1.0,12,0,29.22876198863091,0.0,1.8250411217522666,0.5470695160329342,17.02814689461188,17.02814689461188,0.0,nan,0.0,7,0,5,0,6.0,6.0,0.0,5
404,1,merge_courtesy,fixed,False,1.0,12,0,30.0,0.0,0.19320629373825995,0.1916121542453766,17.299291829928734,17.299291829928734,0.0,nan,0.0,10,0,2,0,7.0,5.0,0.0,5
405,1,merge_courtesy,fixed,False,1.0,13,0,27.42420215023432,1.4354591862209711,0.0,1.0920329988002777,17.061064432952136,18.01058511812185,-0.9495206851697116,nan,0.0,9,0,4,0,0.0,13.0,3.1432239087915783,6
406,1,merge_courtesy,fixed,False,1.0,13,0,27.80128461713882,2.2086416334032735,0.0,1.732921540737152,16.57143935213274,18.206668000912188,-1.6352286487794485,nan,0.0,8,0,5,0,0.0,13.0,6.970501576704734,6
407,1,merge_courtesy,fixed,False,1.0,13,0,27.80128461713882,0.5422896978144444,2.0632653940498478,1.1097310706973076,17.228726883190063,17.705007941666807,-0.4762810584767425,nan,0.0,7,0,6,0,6.0,7.0,2.7396630268477034,3
408,1,merge_courtesy,fixed,False,1.0,13,0,27.42333905172183,1.8078443823613966,0.0,1.3977443873882294,16.793186447511026,18.010136306895355,-1.2169498593843255,nan,0.0,8,0,5,0,0.0,13.0,4.480265813446503,6
409,1,merge_courtesy,fixed,False,1.0,12,0,30.0,0.0,2.9835251591879715,0.8400687053799629,17.099291829928735,17.099291829928735,0.0,nan,0.0,5,0,7,0,9.0,3.0,0.0,3
410,1,merge_courtesy,fixed,False,1.0,12,0,30.0,0.30824296296974046,3.768243637385248,1.671616941690445,16.71918769976079,16.999291829928737,-0.2801041301679474,nan,0.0,3,0,9,0,10.0,2.0,2.353749712114272,2
411,1,merge_courtesy,fixed,False,1.0,12,0,28.812220625572504,0.0,3.7497866450465813,0.9489637836813927,16.628209046448546,16.628209046448546,0.0,nan,0.0,5,0,7,0,8.0,4.0,0.0,3
412,1,merge_courtesy,fixed,False,1.0,12,0,29.166808471161616,6.755980205998484,0.0,5.622873350977898,11.567713242328528,17.34936196098391,-5.78164871865538,nan,0.0,2,0,10,0,1.0,11.0,24.637566540925807,10
413,1,merge_courtesy,fixed,False,1.0,13,0,26.655102277460422,1.7041032039744426,0.6508836731050106,1.8195499032735825,15.804050684012958,17.458601602802784,-1.6545509187898264,nan,0.0,7,0,6,0,3.0,10.0,5.732206587191906,7
414,1,merge_courtesy,fixed,False,1.0,12,0,30.0,0.1382431110099511,3.4828116810773686,1.3319857493042946,16.939216010408643,16.999291829928737,-0.06007581952009513,nan,0.0,3,0,9,0,10.0,2.0,0.1082731227303313,2
415,1,merge_courtesy,fixed,False,1.0,13,0,27.42333905172183,1.9346066882620936,0.0,1.5062462985515594,16.682206598374613,18.010136306895355,-1.3279297085207404,nan,0.0,8,0,5,0,0.0,13.0,5.267142908980318,6
416,1,merge_courtesy,fixed,False,1.0,12,0,28.86696500646356,0.0,0.28111505002072457,0.46386466920375824,16.555435033031245,16.555435033031245,0.0,nan,0.0,8,0,4,0,9.0,3.0,0.0,3
417,1,merge_courtesy,fixed,False,1.0,13,0,27.366022562930425,0.057526190765065745,0.23682495320633465,0.19840294122695923,17.930331732723822,17.930331732723822,0.0,nan,0.0,12,0,1,0,0.0,13.0,0.0,6
418,1,merge_courtesy,fixed,False,1.0,13,0,28.135251062216373,0.0,1.0998596158414737,0.3026748262345791,17.87867049310837,17.87867049310837,0.0,nan,0.0,9,0,4,0,6.0,7.0,0.0,3
419,1,merge_courtesy,fixed,False,1.0,13,0,27.03872567291224,0.0,0.5175447039666176,0.29610277712345123,17.4584772903069,17.4584772903069,0.0,nan,0.0,10,0,3,0,4.0,9.0,0.0,4
420,1,merge_courtesy,fixed,False,1.0,13,0,27.03872393124548,0.0,0.25607118064320905,0.1678612381219864,17.810136444247647,17.810136444247647,0.0,nan,0.0,12,0,1,0,0.0,13.0,0.0,6
421,1,merge_courtesy,fixed,False,1.0,13,0,27.80128461713882,1.209103245343161,0.0,0.882105141878128,17.443255543175198,18.206668000912188,-0.7634124577369888,nan,0.0,9,0,4,0,0.0,13.0,2.1310629547021924,6
422,1,merge_courtesy,fixed,False,1.0,12,0,29.638203017832648,0.0,2.575760985142076,0.8077908456325531,16.925629278488408,16.925629278488408,0.0,nan,0.0,5,0,7,0,9.0,3.0,0.0,3
423,1,merge_courtesy,fixed,False,1.0,12,0,29.22876198863091,1.7540788677528718,2.000738053143043,2.366964489221573,15.245666765558369,16.92909758447157,-1.683430818913204,nan,0.0,4,0,8,0,7.0,5.0,9.463698573771595,5
424,1,merge_courtesy,fixed,False,1.0,13,0,27.750637683406776,0.0,1.2398889337964891,0.35512174665927887,17.728671536122153,17.728671536122153,0.0,nan,0.0,9,0,4,0,5.0,8.0,0.0,3
425,1,merge_courtesy,fixed,False,1.0,12,0,28.812220625572504,0.0,2.2133107998938297,0.6984853968024254,16.728209046448548,16.728209046448548,0.0,nan,0.0,6,0,6,0,7.0,5.0,0.0,4
426,1,merge_courtesy,fixed,False,1.0,12,0,30.0,0.6213246984449711,3.2039241278531785,1.7359275296330452,16.533895636864216,17.099291829928735,-0.565396193064518,nan,0.0,3,0,9,0,9.0,3.0,3.6073514687217076,3
427,1,merge_courtesy,fixed,False,1.0,14,0,25.775581927742277,0.0,2.338442244791473,0.6511851400136948,17.43361770946441,17.43361770946441,0.0,nan,0.0,9,0,5,0,12.0,2.0,0.0,2
428,1,merge_courtesy,fixed,False,1.0,14,0,25.775581927742277,0.0,1.3287280180975833,0.3751259818673134,17.53361770946441,17.53361770946441,0.0,nan,0.0,10,0,4,0,11.0,3.0,0.0,3
429,1,merge_courtesy,fixed,False,1.0,13,0,27.75150078191927,0.0,0.45806594267232525,0.16526742279529572,17.530072236526177,17.530072236526177,0.0,nan,0.0,11,0,2,0,8.0,5.0,0.0,5
430,1,merge_courtesy,fixed,False,1.0,12,0,30.0,1.0598462375876874,1.9830576394458144,1.5643246546387672,16.37188760874681,17.399291829928735,-1.0274042211819252,nan,0.0,5,0,7,0,6.0,6.0,3.6598481926294824,6
431,1,merge_courtesy,fixed,False,1.0,12,0,28.812111822850934,0.0,3.62531016770719,1.1443963721394539,16.429105504897183,16.429105504897183,0.0,nan,0.0,4,0,8,0,10.0,2.0,0.0,2
432,1,merge_courtesy,fixed,False,1.0,13,0,27.039601997206645,2.404321826622964,0.0,1.9123816452920437,16.037710636670298,17.810593038547456,-1.772882401877158,nan,0.0,7,0,6,0,0.0,13.0,8.147078294890724,6
433,1,merge_courtesy,fixed,False,1.0,13,0,27.039601997206645,1.3562625995523594,0.0,1.022983193397522,16.953712482789026,17.810593038547456,-0.8568805557584307,nan,0.0,9,0,4,0,0.0,13.0,2.694189164550451,6
434,1,merge_courtesy,fixed,False,1.0,13,0,27.416671238329222,0.0,1.9644819432351466,0.5390455573797226,17.45500898468705,17.45500898468705,0.0,nan,0.0,8,0,5,0,6.0,7.0,0.0,2
435,1,merge_courtesy,fixed,False,1.0,12,0,29.638203017832648,0.3576682619813673,4.782548357707857,1.7611330151557922,16.49155413377358,16.82562927848841,-0.3340751447148281,nan,0.0,3,0,9,0,10.0,2.0,3.3481860694869994,2
436,1,merge_courtesy,fixed,False,1.0,13,0,26.655102277460422,0.2503741724274577,2.6976011814291985,1.2866720259189606,16.441524958736462,16.65994501420816,-0.21842005547169466,nan,0.0,5,0,8,0,11.0,2.0,1.431219618967745,2
437,1,merge_courtesy,fixed,False,1.0,12,0,30.0,2.252458816797669,2.105630972100592,2.7576669305562973,15.205581440817884,17.399291829928735,-2.1937103891108505,nan,0.0,3,0,9,0,6.0,6.0,10.26802809045204,6
438,1,merge_courtesy,fixed,False,1.0,13,0,27.700980733032523,0.317324179072531,1.996620347565821,0.9094382897019386,17.008188863970098,17.303801811105647,-0.29561294713554626,nan,0.0,8,0,5,0,10.0,3.0,1.7477402902832655,3
439,1,merge_courtesy,fixed,False,1.0,12,0,29.638203017832648,5.6681094434536226,0.0,4.63597746193409,13.011539606916198,17.676337448559668,-4.664797841643472,nan,0.0,3,0,9,0,0.0,12.0,20.23581399345573,9
440,1,merge_courtesy,fixed,False,1.0,12,0,30.0,3.8899250507637717,0.0,3.1670298129320145,14.908310725678612,17.849999999999998,-2.941689274321388,nan,0.0,5,0,7,0,0.0,12.0,11.69765412208536,9
441,1,merge_courtesy,fixed,False,1.0,12,0,30.0,0.20487702305871378,3.5160430753760594,1.4451134279370308,16.83976657504813,16.999291829928737,-0.1595252548806067,nan,0.0,3,0,9,0,10.0,2.0,0.763449208341676,2
442,1,merge_courtesy,fixed,False,1.0,12,0,30.0,0.0,2.3264724934562366,0.8048117011785507,17.199291829928736,17.199291829928736,0.0,nan,0.0,6,0,6,0,8.0,4.0,0.0,4
443,1,merge_courtesy,fixed,False,1.0,12,0,30.0,0.2485049500871615,2.788313691974877,1.254991888999939,16.877871646487606,17.099291829928735,-0.22142018344112904,nan,0.0,4,0,8,0,9.0,3.0,0.9805379527020648,3
444,1,merge_courtesy,fixed,False,1.0,12,0,30.0,0.1990760108683255,2.21700786699412,1.2517869994044304,16.846778690344028,16.999291829928737,-0.1525131395847094,nan,0.0,4,0,8,0,10.0,2.0,0.6978077323795517,2
445,1,merge_courtesy,fixed,False,1.0,12,0,29.638203017832648,4.970140065680457,0.0,4.0967258512973785,13.67931925975687,17.676337448559668,-3.9970181888028016,nan,0.0,4,0,8,0,0.0,12.0,16.58499990663127,9
446,1,merge_courtesy,fixed,False,1.0,13,0,26.655102277460422,0.0,1.0331584559183233,0.34539446234703064,17.309236557875824,17.309236557875824,0.0,nan,0.0,10,0,3,0,3.0,10.0,0.0,4
447,1,merge_courtesy,fixed,False,1.0,13,0,26.647571365555322,0.0,1.206738902675573,0.33592814952135086,16.7560289400175,16.7560289400175,0.0,nan,0.0,9,0,4,0,10.0,3.0,0.0,3
448,1,merge_courtesy,fixed,False,1.0,12,0,30.0,3.70893532971517,0.0,2.9990996718406677,14.974128561747328,17.749291998026376,-2.775163436279052,nan,0.0,5,0,7,0,1.0,11.0,10.48995883638968,9
449,1,merge_courtesy,fixed,False,1.0,12,1,27.555840206450494,0.0,0.619403513490214,0.28155770897865295,16.32586956243482,16.32586956243482,0.0,nan,0.0,8,0,4,0,5.0,7.0,0.0,7
450,1,merge_courtesy,fixed,False,1.0,13,0,28.135251062216373,0.18911518396671168,0.6445495020489996,0.3889610394835472,17.900930303289385,18.078670492746294,-0.17774018945690914,nan,0.0,10,0,3,0,4.0,9.0,0.37909889937813546,5
451,1,merge_courtesy,fixed,False,1.0,13,0,28.461686595388827,0.0,0.8209810399705526,0.2634013295173645,17.79936885953092,17.79936885953092,0.0,nan,0.0,10,0,3,0,9.0,4.0,0.0,4
452,1,merge_courtesy,fixed,False,1.0,12,0,29.638203017832648,4.813072013246453,0.0,3.956566959619522,13.823024316972162,17.676337448559668,-3.8533131315875075,nan,0.0,4,0,8,0,0.0,12.0,15.823505278042445,9
453,1,merge_courtesy,fixed,False,1.0,12,0,30.0,0.0,2.1507913146751036,0.7704083733260632,17.29789700721684,17.29789700721684,0.0,nan,0.0,6,0,6,0,7.0,5.0,0.0,4
454,1,merge_courtesy,fixed,False,1.0,13,0,27.42420215023432,0.5793246799103938,1.4081996905132264,0.9745219945907593,17.175718750607093,17.709168771126066,-0.5334500205189754,nan,0.0,8,0,5,0,3.0,10.0,2.3174285616981933,4
455,1,merge_courtesy,fixed,False,1.0,12,0,30.0,1.3606087475246524,2.7023903409706915,2.341170147061348,15.89044338108864,17.199291829928736,-1.308848448840096,nan,0.0,3,0,9,0,8.0,4.0,9.07954775517062,4
456,1,merge_courtesy,fixed,False,1.0,11,1,28.19191344322577,0.0,2.113842219671669,0.7252900376915932,14.803733744948076,14.803733744948076,0.0,nan,0.0,5,0,6,0,9.0,2.0,0.0,2
457,1,merge_courtesy,fixed,False,1.0,12,0,28.86696500646356,0.0,1.1014232238846373,0.5848343968391418,16.455435033031247,16.455435033031247,0.0,nan,0.0,7,0,5,0,10.0,2.0,0.0,2
458,1,merge_courtesy,fixed,False,1.0,13,0,27.42333905172183,1.6840179005139762,0.0,1.2830577790737152,16.88330377325633,18.010136306895355,-1.1268325336390195,nan,0.0,8,0,5,0,0.0,13.0,3.871180653653871,6
459,1,merge_courtesy,fixed,False,1.0,12,0,30.0,0.11889589124071381,1.7693091466400963,1.0598205626010895,17.05727950946575,17.099291829928735,-0.042012320462983976,nan,0.0,4,0,8,0,9.0,3.0,0.03530070141368924,3
460,1,merge_courtesy,fixed,False,1.0,12,0,29.638203017832648,5.170435968379734,0.0,4.243480458855629,13.59286478793242,17.676337448559668,-4.083472660627251,nan,0.0,3,0,9,0,0.0,12.0,17.15894140007843,9
461,1,merge_courtesy,fixed,False,1.0,12,0,30.0,0.26296196902511515,2.85609695084072,1.296755589544773,16.862371954851138,17.099291829928735,-0.2369198750775982,nan,0.0,4,0,8,0,9.0,3.0,1.122620544135695,3
462,1,merge_courtesy,fixed,False,1.0,12,0,29.22876198863091,0.0,0.2081533085640905,0.2816878370940685,17.178389407547623,17.178389407547623,0.0,nan,0.0,9,0,3,0,3.0,9.0,0.0,4
463,1,merge_courtesy,fixed,False,1.0,12,0,28.813046846239462,0.0,0.43011638534023267,0.1549483761191368,17.078846087302693,17.078846087302693,0.0,nan,0.0,10,0,2,0,2.0,10.0,0.0,5
464,1,merge_courtesy,fixed,False,1.0,12,0,30.0,0.0,3.26857280219121,0.9519303068518639,16.999291829928737,16.999291829928737,0.0,nan,0.0,4,0,8,0,10.0,2.0,0.0,2
465,1,merge_courtesy,fixed,False,1.0,12,0,28.86696500646356,0.0,1.9798943878142312,0.6838181875646114,16.655435033031242,16.655435033031242,0.0,nan,0.0,6,0,6,0,8.0,4.0,0.0,4
466,1,merge_courtesy,fixed,False,1.0,12,0,30.0,4.478107284397309,0.0,3.6642836779356003,14.329199111057388,17.849999999999998,-3.5208008889426106,nan,0.0,4,0,8,0,0.0,12.0,13.600858972379699,9
467,1,merge_courtesy,fixed,False,1.0,12,0,29.638203017832648,0.0,2.6862798009199373,1.096139021217823,16.82562927848841,16.82562927848841,0.0,nan,0.0,4,0,8,0,10.0,2.0,0.0,2
468,1,merge_courtesy,fixed,False,1.0,14,0,25.465470228741687,2.2571362473097083,0.5860799397870499,2.2449032366275787,15.46235495661796,17.659954878618137,-2.1975999220001805,nan,0.0,8,0,6,0,8.0,6.0,10.321380546121455,6
469,1,merge_courtesy,fixed,False,1.0,12,0,29.22876198863091,0.01964298839449467,1.4637632814907613,0.46218552254140377,16.72909758447157,16.72909758447157,0.0,nan,0.0,7,0,5,0,9.0,3.0,0.0,3
470,1,merge_courtesy,fixed,False,1.0,13,0,26.981389980889066,0.0,0.8436883173472962,0.31371312215924263,17.78032279006231,17.78032279006231,0.0,nan,0.0,9,0,4,0,0.0,13.0,0.0,6
471,1,merge_courtesy,fixed,False,1.0,12,0,30.0,0.0,3.8859089151935136,1.181524820625782,16.999291829928737,16.999291829928737,0.0,nan,0.0,4,0,8,0,10.0,2.0,0.0,2
472,1,merge_courtesy,fixed,False,1.0,12,0,28.813046846239462,0.0,0.8227640055136634,0.2599947601556778,16.928845866985046,16.928845866985046,0.0,nan,0.0,9,0,3,0,4.0,8.0,0.0,4
473,1,merge_courtesy,fixed,False,1.0,12,0,30.0,0.43138339649177493,1.5442291204625271,1.2822981253266335,16.766280956898473,17.099291829928735,-0.3330108730302625,nan,0.0,4,0,8,0,9.0,3.0,2.217924831127552,3
474,1,merge_courtesy,fixed,False,1.0,13,0,27.80128461713882,0.5401242109411456,0.8396447961907421,0.7852509394288063,17.39691851424076,17.90500794130473,-0.5080894270639702,nan,0.0,9,0,4,0,4.0,9.0,1.6518012101813326,5
475,1,merge_courtesy,fixed,False,1.0,12,0,29.22876198863091,0.0,0.28702177848603144,0.5942923948168755,16.629097584471573,16.629097584471573,0.0,nan,0.0,7,0,5,0,10.0,2.0,0.0,2
476,1,merge_courtesy,fixed,False,1.0,13,0,26.655102277460422,1.0317873308551981,0.0,0.7689804583787918,17.03737800373489,17.61065318427942,-0.5732751805445319,nan,0.0,10,0,3,0,0.0,13.0,1.6870894666431724,6
477,1,merge_courtesy,fixed,False,1.0,12,0,30.0,0.0,3.1737609758256085,0.9047344587743282,16.999291829928737,16.999291829928737,0.0,nan,0.0,4,0,8,0,10.0,2.0,0.0,2
478,1,merge_courtesy,fixed,False,1.0,12,0,30.0,0.34417579173302826,3.931554714034579,1.6785382330417633,16.678896219875973,16.999291829928737,-0.3203956100527634,nan,0.0,3,0,9,0,10.0,2.0,3.079600408232473,2
479,1,merge_courtesy,fixed,False,1.0,12,0,29.22876198863091,0.0,0.5607732504335307,0.4142320156097412,16.72909758447157,16.72909758447157,0.0,nan,0.0,8,0,4,0,9.0,3.0,0.0,3
480,1,merge_courtesy,fixed,False,1.0,12,0,30.0,0.0,2.004014675706449,0.6897767744958401,17.199291829928736,17.199291829928736,0.0,nan,0.0,6,0,6,0,8.0,4.0,0.0,4
481,1,merge_courtesy,fixed,False,1.0,13,0,26.655102277460422,1.6999303175559297,0.0,1.3266624808311462,16.45073770073658,17.61065318427942,-1.1599154835428407,nan,0.0,9,0,4,0,0.0,13.0,4.635019464874172,6
482,1,merge_courtesy,fixed,False,1.0,12,0,30.0,0.401796395819546,3.222318729530853,1.5754385255277157,16.756450791262086,17.099291829928735,-0.3428410386666502,nan,0.0,3,0,9,0,9.0,3.0,2.3507995558805512,3
483,1,merge_courtesy,fixed,False,1.0,13,0,27.039601997206645,0.581945802111106,0.4252953173401928,1.0486044213175774,16.870354865098896,17.408931795059562,-0.5385769299606645,nan,0.0,7,0,6,0,5.0,8.0,2.3364119856646752,4
484,1,merge_courtesy,fixed,False,1.0,13,0,27.80128461713882,1.9863975189719265,0.0,1.5333649963140488,16.754151655850837,18.206668000912188,-1.4525163450613519,nan,0.0,8,0,5,0,0.0,13.0,5.588732868866113,6
485,1,merge_courtesy,fixed,False,1.0,12,0,30.0,1.3047632757497403,3.7038584367041825,2.2199038714170456,16.13275637430258,17.39789700721729,-1.2651406329147048,nan,0.0,4,0,8,0,6.0,6.0,6.642373524838502,5
486,1,merge_courtesy,fixed,False,1.0,12,0,30.0,0.3008934688238056,3.510989872655276,1.3986293002963066,16.821454998279826,17.099291829928735,-0.2778368316489085,nan,0.0,4,0,8,0,9.0,3.0,1.5438661004140783,3
487,1,merge_courtesy,fixed,False,1.0,12,0,28.813046846239462,0.0,0.29807418104658134,0.6123982518911362,16.778846146052352,16.778846146052352,0.0,nan,0.0,7,0,5,0,5.0,7.0,0.0,2
488,1,merge_courtesy,fixed,False,1.0,12,0,30.0,1.0303122633685633,2.519791047906681,1.8706809543073177,16.27360608487078,17.199291829928736,-0.9256857450579539,nan,0.0,3,0,9,0,8.0,4.0,5.611973361502486,4
489,1,merge_courtesy,fixed,False,1.0,12,0,28.86696500646356,4.82792678260714,0.0,3.9598202854394913,13.444019743089545,17.306143203102504,-3.86212346001296,nan,0.0,4,0,8,0,0.0,12.0,16.03726086587629,9
490,1,merge_courtesy,fixed,False,1.0,12,0,29.22876198863091,0.2792745578587104,0.8654058464086872,0.822180338203907,16.47500172036944,16.72909758447157,-0.25409586410213014,nan,0.0,7,0,5,0,9.0,3.0,1.291294163076164,3
491,1,merge_courtesy,fixed,False,1.0,12,0,30.0,5.142330660960989,0.0,4.199766121804714,13.618390296645202,17.749291998026376,-4.130901701381177,nan,0.0,3,0,9,0,1.0,11.0,16.95585712920879,9
492,1,merge_courtesy,fixed,False,1.0,12,0,29.638203017832648,5.543469312888123,0.0,4.521483346819878,13.126710634728745,17.676337448559668,-4.549626813830925,nan,0.0,3,0,9,0,0.0,12.0,19.085209986266605,9
493,1,merge_courtesy,fixed,False,1.0,12,0,30.0,5.070989846588188,0.0,4.158266216516495,13.653934030736183,17.749291998026376,-4.095357967290195,nan,0.0,4,0,8,0,1.0,11.0,17.372253078034973,9
494,1,merge_courtesy,fixed,False,1.0,12,0,30.0,1.8321047835811481,2.168980512331019,2.469193682074547,15.617259012928425,17.399291829928735,-1.7820328170003101,nan,0.0,4,0,8,0,6.0,6.0,8.38127184035684,6
495,1,merge_courtesy,fixed,False,1.0,13,0,27.80128461713882,0.8550757637528175,0.9768431501082482,1.125282607972622,17.286901641850577,18.00525132292587,-0.7183496810752918,nan,0.0,8,0,5,0,2.0,11.0,3.1578817003250266,5
496,1,merge_courtesy,fixed,False,1.0,12,0,30.0,4.001741600274594,0.0,3.2466043680906296,14.694740008679268,17.749291998026376,-3.054551989347111,nan,0.0,5,0,7,0,1.0,11.0,12.312854290581637,9
497,1,merge_courtesy,fixed,False,1.0,12,0,30.0,0.08262131083253758,1.561727762586589,1.1442299578338861,16.999291829928737,16.999291829928737,0.0,nan,0.0,3,0,9,0,10.0,2.0,0.0,2
498,1,merge_courtesy,fixed,False,1.0,13,0,27.42333905172183,1.272155396340783,0.0,0.947351723909378,17.209992117259404,18.010136306895355,-0.80014418963595,nan,0.0,9,0,4,0,0.0,13.0,2.358136516162593,6
499,1,merge_courtesy,fixed,False,1.0,12,0,30.0,0.4273892765524113,2.809530845714299,1.3145691603422165,16.864069032380453,17.199291829928736,-0.3352227975482824,nan,0.0,4,0,8,0,8.0,4.0,1.2850272190495318,4
500,1,merge_courtesy,fixed,False,1.0,12,0,28.812111822850934,0.0,0.3853195670472631,0.29132528975605965,16.52910550489718,16.52910550489718,0.0,nan,0.0,8,0,4,0,9.0,3.0,0.0,3
501,1,merge_courtesy,fixed,False,1.0,12,0,29.2224878754412,0.3032040736841907,1.454586567363607,0.8824451863765717,16.44608508080364,16.72608601014051,-0.2800009293368682,nan,0.0,7,0,5,0,9.0,3.0,1.5680104085901974,3
502,1,merge_courtesy,fixed,False,1.0,13,0,27.750637683406776,0.0,0.8063899247471488,0.25644201412796974,17.828671535765306,17.828671535765306,0.0,nan,0.0,10,0,3,0,4.0,9.0,0.0,4
503,1,merge_courtesy,fixed,False,1.0,13,0,27.416671238329222,0.0,0.3275742118867461,0.24016621708869934,17.766731512184315,17.85500992905422,-0.08827841686990405,nan,0.0,12,0,1,0,2.0,11.0,0.07793078885056559,6
504,1,merge_courtesy,fixed,False,1.0,12,0,30.0,0.33148463738883427,2.508153672931673,1.4329162240028381,16.78974971670597,17.099291829928735,-0.3095421132227664,nan,0.0,4,0,8,0,9.0,3.0,1.9163263971683193,3
505,1,merge_courtesy,fixed,False,1.0,13,0,27.80128461713882,0.0,1.4713282655960764,0.44173913449048996,17.705007941666807,17.705007941666807,0.0,nan,0.0,9,0,4,0,6.0,7.0,0.0,3
506,1,merge_courtesy,fixed,False,1.0,12,0,29.638203017832648,0.0,3.04259055588586,0.9975406304001808,16.925629278488408,16.925629278488408,0.0,nan,0.0,5,0,7,0,9.0,3.0,0.0,3
507,1,merge_courtesy,fixed,False,1.0,13,0,26.655102277460422,1.713962327883512,0.5587472205433512,1.7725346684455872,15.693484969197977,17.35860175162088,-1.6651167824229045,nan,0.0,8,0,5,0,4.0,9.0,7.325348643637487,6
508,1,merge_courtesy,fixed,False,1.0,12,0,30.0,0.02724264305588288,2.3159636936029524,0.9846400022506714,16.999291829928737,16.999291829928737,0.0,nan,0.0,4,0,8,0,10.0,2.0,0.0,2
509,1,merge_courtesy,fixed,False,1.0,12,0,30.0,0.3363405728221134,3.7555187533175025,1.5060181021690369,16.78548192747325,17.099291829928735,-0.3138099024554871,nan,0.0,4,0,8,0,9.0,3.0,1.9695330975824465,3
510,1,merge_courtesy,fixed,False,1.0,12,0,29.638203017832648,0.6912540937334584,3.770761145795897,1.8137052059173584,16.278124091058082,16.925629278488408,-0.6475051874303235,nan,0.0,3,0,9,0,9.0,3.0,4.442299655456201,3
511,1,merge_courtesy,fixed,False,1.0,13,0,26.655102277460422,2.0443142383741737,0.0,1.5989039242267609,16.169272226403514,17.61065318427942,-1.4413809578759063,nan,0.0,8,0,5,0,0.0,13.0,5.862074242376224,6
512,1,merge_courtesy,fixed,False,1.0,13,0,27.416671238329222,0.25526578062144106,0.7743204624192025,0.5182529762387276,17.511800969288387,17.7550089832645,-0.2432080139761114,nan,0.0,10,0,3,0,3.0,10.0,0.7098016567464527,5
513,1,merge_courtesy,fixed,False,1.0,12,0,28.86696500646356,1.4700613953560082,3.747841519309818,2.3817814737558365,15.233237113428004,16.655435033031242,-1.4221979196032373,nan,0.0,4,0,8,0,8.0,4.0,10.576894824196629,4
514,1,merge_courtesy,fixed,False,1.0,13,0,28.135251062216373,0.0,0.7136617108621433,0.625113420188427,17.778670493108354,17.778670493108354,0.0,nan,0.0,8,0,5,0,7.0,6.0,0.0,2
515,1,merge_courtesy,fixed,False,1.0,13,0,26.59679183306397,0.0,0.7979275225983613,0.3703349865972996,17.478528362438773,17.478528362438773,0.0,nan,0.0,9,0,4,0,1.0,12.0,0.0,7
516,1,merge_courtesy,fixed,False,1.0,13,0,26.981407213098784,0.0,0.4005578350276656,0.15654243156313896,17.67939882823031,17.67939882823031,0.0,nan,0.0,11,0,2,0,1.0,12.0,0.0,6
517,1,merge_courtesy,fixed,False,1.0,12,0,30.0,3.607882562580542,0.0,2.9231833666563034,15.1898150562162,17.849999999999998,-2.660184943783797,nan,0.0,5,0,7,0,0.0,12.0,10.518604539674653,9
518,1,merge_courtesy,fixed,False,1.0,12,0,30.0,1.9680613116345584,2.1912951818250095,2.5732729993760586,15.503909703048127,17.399291829928735,-1.8953821268806081,nan,0.0,3,0,9,0,6.0,6.0,9.31292684883202,6
519,1,merge_courtesy,fixed,False,1.0,14,0,25.775581927742277,0.0,0.2982565318185295,0.20581449568271637,17.833617430058467,17.833617430058467,0.0,nan,0.0,13,0,1,0,8.0,6.0,0.0,6
520,1,merge_courtesy,fixed,False,1.0,12,0,29.22876198863091,0.0,3.445057788842842,1.194906786084175,16.52909758447157,16.52909758447157,0.0,nan,0.0,4,0,8,0,11.0,1.0,0.0,1
521,1,merge_courtesy,fixed,False,1.0,13,0,26.655102277460422,0.0,0.7462029004811346,0.2271202839910984,17.309236557875824,17.309236557875824,0.0,nan,0.0,10,0,3,0,3.0,10.0,0.0,4
522,1,merge_courtesy,fixed,False,1.0,14,0,25.465470228741687,1.6992371401369541,0.0,1.291874699294567,17.10919318525818,18.260663328095347,-1.1514701428371663,nan,0.0,9,0,5,0,0.0,14.0,3.9346613752534885,6
523,1,merge_courtesy,fixed,False,1.0,12,0,30.0,4.564388070555721,0.0,3.7563803791999817,14.256543136103234,17.849999999999998,-3.5934568638967654,nan,0.0,4,0,8,0,0.0,12.0,14.361474054451858,9
524,1,merge_courtesy,fixed,False,1.0,13,0,27.807825545686136,0.0,1.1810687518945868,0.454338226467371,17.359361113685523,17.359361113685523,0.0,nan,0.0,8,0,5,0,10.0,3.0,0.0,3
525,1,merge_courtesy,fixed,False,1.0,13,0,28.135251062216373,1.4672559096518967,0.5228996014434732,1.681639090180397,16.782614908911167,18.17867049168582,-1.3960555827746566,nan,0.0,7,0,6,0,3.0,10.0,5.555018990408361,6
526,1,merge_courtesy,fixed,False,1.0,12,0,30.0,1.0133984631730426,2.5631614023037197,1.9089265018701553,16.258819891225844,17.199291829928736,-0.9404719387028908,nan,0.0,3,0,9,0,8.0,4.0,5.14965541754113,4
527,1,merge_courtesy,fixed,False,1.0,12,0,30.0,0.0,2.1270542974069295,0.9381697997450829,16.999291829928737,16.999291829928737,0.0,nan,0.0,4,0,8,0,10.0,2.0,0.0,2
528,1,merge_courtesy,fixed,False,1.0,12,0,28.805011488994264,1.7938450991384218,0.5621718872162871,1.8633425831794739,15.073309805311009,16.825697065668557,-1.7523872603575494,nan,0.0,7,0,5,0,6.0,6.0,7.963282841604922,6
529,1,merge_courtesy,fixed,False,1.0,12,0,30.0,0.0,2.519019180658475,0.7345359139144421,17.199291829928736,17.199291829928736,0.0,nan,0.0,6,0,6,0,8.0,4.0,0.0,4
530,1,merge_courtesy,fixed,False,1.0,13,0,27.80793920474951,0.4530997691444079,0.37888132447262723,0.5915100425481796,17.66697279107589,18.108733394533463,-0.44176060345757456,nan,0.0,10,0,3,0,1.0,12.0,1.0177210097431697,6
531,1,merge_courtesy,fixed,False,1.0,12,0,29.22166165477424,6.306190859696561,0.0,5.247051700949669,12.148716528946322,17.476397594291633,-5.327681065345315,nan,0.0,2,0,10,0,0.0,12.0,22.210640350047406,10
532,1,merge_courtesy,fixed,False,1.0,13,0,28.135251062216373,0.0,0.924218264377259,0.4937206655740738,17.778670493108354,17.778670493108354,0.0,nan,0.0,8,0,5,0,7.0,6.0,0.0,2
533,1,merge_courtesy,fixed,False,1.0,12,0,30.0,0.2187779540430058,4.417126869949332,1.4836542531847954,16.82246262999829,16.999291829928737,-0.17682919993044632,nan,0.0,3,0,9,0,10.0,2.0,0.9380569784412529,2
534,1,merge_courtesy,fixed,False,1.0,13,0,27.42333905172183,1.410804213649811,0.0,1.063040167093277,17.074753111464254,18.010136306895355,-0.9353831954310974,nan,0.0,9,0,4,0,0.0,13.0,3.0429940303670926,6
535,1,merge_courtesy,fixed,False,1.0,12,0,30.0,0.5705719317423216,3.9002306347191866,1.718242384493351,16.60206462501288,17.099291829928735,-0.4972272049158552,nan,0.0,3,0,9,0,9.0,3.0,3.122410552722471,3
536,1,merge_courtesy,fixed,False,1.0,13,0,27.693449821127423,0.0,1.394829576923902,0.539360485970974,17.299885736914995,17.299885736914995,0.0,nan,0.0,8,0,5,0,10.0,3.0,0.0,3
537,1,merge_courtesy,fixed,False,1.0,13,0,27.03872567291224,1.2901086696908506,0.5010828876144279,1.5181137695908546,16.462660541223563,17.658478235036146,-1.1958176938125804,nan,0.0,7,0,6,0,2.0,11.0,4.403131392933659,6
538,1,merge_courtesy,fixed,False,1.0,12,0,28.757367441959875,0.0,1.191436665482957,0.4511994570493698,16.502828202069473,16.502828202069473,0.0,nan,0.0,7,0,5,0,9.0,3.0,0.0,3
539,1,merge_courtesy,fixed,False,1.0,12,0,30.0,4.401325098531283,0.0,3.569674387574196,14.408759908113241,17.849999999999998,-3.4412400918867574,nan,0.0,4,0,8,0,0.0,12.0,13.411015039596274,9
540,1,merge_courtesy,fixed,False,1.0,13,0,27.039601997206645,0.2609252553041666,0.8054711448534408,0.7583844438195229,17.072923665287902,17.308931795064794,-0.23600812977689262,nan,0.0,8,0,5,0,6.0,7.0,1.1139967464157319,3
541,1,merge_courtesy,fixed,False,1.0,12,0,29.166669125773563,3.0848561102265433,0.4068805819923395,2.7198941074311733,15.169557793567211,17.45000118037131,-2.2804433868040945,nan,0.0,6,0,6,0,0.0,12.0,9.9712752112452,10
542,1,merge_courtesy,fixed,False,1.0,13,0,27.42420215023432,0.9624349662934524,1.6209075889911704,1.7054652124643326,16.38945843740281,17.259876948050582,-0.8704185106477718,nan,0.0,5,0,8,0,9.0,4.0,4.771755177486224,4
543,1,merge_courtesy,fixed,False,1.0,13,0,27.750637683406776,0.0,0.7712938504596698,0.23612917587161064,17.828671535765306,17.828671535765306,0.0,nan,0.0,10,0,3,0,4.0,9.0,0.0,4
544,1,merge_courtesy,fixed,False,1.0,13,0,26.655102277460422,0.0,2.2443740129023526,0.61309003084898,16.958601751728402,16.958601751728402,0.0,nan,0.0,8,0,5,0,8.0,5.0,0.0,2
545,1,merge_courtesy,fixed,False,1.0,12,0,30.0,0.2105940600335275,4.181801592586839,1.2989524975419044,16.829735061208986,16.999291829928737,-0.16955676871975214,nan,0.0,4,0,8,0,10.0,2.0,0.8624849345605057,2
546,1,merge_courtesy,fixed,False,1.0,12,0,30.0,0.23230486644503814,4.384135557314329,1.5016588792204857,16.805376194832917,16.999291829928737,-0.1939156350958208,nan,0.0,3,0,9,0,10.0,2.0,1.128098206038466,2
547,1,merge_courtesy,fixed,False,1.0,13,0,27.80128461713882,0.09971812722601318,0.3422048602546796,0.31906646490097046,17.760171937411506,17.904337189991505,-0.1441652525799991,nan,0.0,11,0,2,0,3.0,10.0,0.20783620051454932,6
548,1,merge_courtesy,fixed,False,1.0,12,0,30.0,0.8294428230775247,3.3279387922014125,1.711561232805252,16.40300040599101,17.199291829928736,-0.7962914239377266,nan,0.0,5,0,7,0,8.0,4.0,4.869323172997525,4
549,1,merge_courtesy,fixed,False,1.0,12,0,30.0,0.8006445847714221,3.2080915888908,1.9871412962675095,16.338554673757493,17.099291829928735,-0.7607371561712455,nan,0.0,3,0,9,0,9.0,3.0,6.031466036831323,3
550,1,merge_courtesy,fixed,False,1.0,12,0,28.805011488994264,0.0,1.1325759844970509,0.3047627881169319,16.525697344645977,16.525697344645977,0.0,nan,0.0,8,0,4,0,9.0,3.0,0.0,3
551,1,merge_courtesy,fixed,False,1.0,14,0,25.822598942267394,0.0503908238708168,0.9516674002445875,0.35429884120821953,17.659947237598463,17.659947237598463,0.0,nan,0.0,10,0,4,0,10.0,4.0,0.0,4
552,1,merge_courtesy,fixed,False,1.0,14,0,25.822611223350602,2.5282134749146215,0.0,2.0195782482624054,16.590348849802837,18.46066228507634,-1.8703134352735016,nan,0.0,9,0,5,0,0.0,14.0,9.128772409350143,6
553,1,merge_courtesy,fixed,False,1.0,12,0,29.638203017832648,5.768671664541188,0.0,4.83954219520092,12.915617319264523,17.676337448559668,-4.760720129295148,nan,0.0,3,0,9,0,0.0,12.0,20.663085711374524,9
554,1,merge_courtesy,fixed,False,1.0,13,0,27.80793920474951,0.0,0.5213698473366621,0.2016897201538086,18.0087119875775,18.0087119875775,0.0,nan,0.0,11,0,2,0,2.0,11.0,0.0,5
555,1,merge_courtesy,fixed,False,1.0,13,0,27.80128461713882,2.2464602751043214,0.0,1.7566936910152435,16.559983425342164,18.206668000912188,-1.6466845755700246,nan,0.0,8,0,5,0,0.0,13.0,7.159071070625449,6
556,1,merge_courtesy,fixed,False,1.0,13,0,27.693449821127423,0.0,1.710823707486488,0.4466414898633957,17.199885736914997,17.199885736914997,0.0,nan,0.0,8,0,5,0,11.0,2.0,0.0,2
557,1,merge_courtesy,fixed,False,1.0,12,0,30.0,0.6513351989738057,2.2563525892935,1.4364456236362457,16.59244538376002,17.199291829928736,-0.6068464461687155,nan,0.0,5,0,7,0,8.0,4.0,2.9574798781807417,4
558,1,merge_courtesy,fixed,False,1.0,12,0,30.0,0.36065704239136076,2.2591339254895306,1.220841869711876,16.93154929196818,17.199291829928736,-0.26774253796055486,nan,0.0,4,0,8,0,8.0,4.0,1.0752909995033875,4
559,1,merge_courtesy,fixed,False,1.0,12,0,28.813046846239462,0.19399518416795575,1.269838473398809,0.6965243741869926,16.72346841924487,16.878846145962125,-0.15537772671725492,nan,0.0,7,0,5,0,4.0,8.0,0.4828447591964391,3
560,1,merge_courtesy,fixed,False,1.0,12,0,29.22876198863091,0.0,3.3074480965614694,0.9559967815876007,16.72814689461186,16.72814689461186,0.0,nan,0.0,4,0,8,0,9.0,3.0,0.0,2
561,1,merge_courtesy,fixed,False,1.0,13,0,28.135137403153003,0.0,2.0494343338885024,0.6883001700043678,17.4295632795683,17.4295632795683,0.0,nan,0.0,7,0,6,0,11.0,2.0,0.0,2
562,1,merge_courtesy,fixed,False,1.0,12,0,29.2224878754412,0.0,0.4929186383081767,0.3641396388411522,16.72608601014051,16.72608601014051,0.0,nan,0.0,8,0,4,0,9.0,3.0,0.0,3
563,1,merge_courtesy,fixed,False,1.0,12,0,29.22876198863091,0.0,3.7912860500359797,1.1529331654310226,16.629097584471573,16.629097584471573,0.0,nan,0.0,4,0,8,0,10.0,2.0,0.0,2
564,1,merge_courtesy,fixed,False,1.0,14,0,25.465470228741687,0.0,1.935343446228073,0.6351945996284485,17.25995515802408,17.25995515802408,0.0,nan,0.0,8,0,6,0,12.0,2.0,0.0,2
565,1,merge_courtesy,fixed,False,1.0,12,0,30.0,4.877475559384861,0.0,3.9770404249429703,13.911633866221685,17.749291998026376,-3.8376581318046945,nan,0.0,3,0,9,0,1.0,11.0,15.477755891256155,9
566,1,merge_courtesy,fixed,False,1.0,13,0,28.135251062216373,0.15908728068704586,0.3040517488290839,0.6206404566764832,17.85445792389306,17.97867049310314,-0.12421256921008023,nan,0.0,8,0,5,0,5.0,8.0,0.23143143524653453,4
567,1,merge_courtesy,fixed,False,1.0,12,0,30.0,3.884488300465525,0.0,3.1517461836338043,14.811873371607861,17.749291998026376,-2.9374186264185185,nan,0.0,5,0,7,0,1.0,11.0,11.650074423418674,9
568,1,merge_courtesy,fixed,False,1.0,12,0,29.58428485760855,0.0,5.726666461762649,1.3875605911016464,16.69974856158084,16.69974856158084,0.0,nan,0.0,3,0,9,0,11.0,1.0,0.0,1
569,1,merge_courtesy,fixed,False,1.0,13,0,27.366022562930425,0.0,0.2538328479980986,0.1610351800918579,17.930331732723822,17.930331732723822,0.0,nan,0.0,12,0,1,0,0.0,13.0,0.0,6
570,1,merge_courtesy,fixed,False,1.0,12,0,29.638203017832648,0.0,4.785629160385379,1.3401398956775665,16.72562927848841,16.72562927848841,0.0,nan,0.0,3,0,9,0,11.0,1.0,0.0,1
571,1,merge_courtesy,fixed,False,1.0,12,0,28.86696500646356,0.8238427970535668,1.8236683889327003,1.8165457248687744,15.769984428944019,16.555435033031245,-0.7854506040872256,nan,0.0,4,0,8,0,9.0,3.0,6.3959218972524825,3
572,1,merge_courtesy,fixed,False,1.0,13,0,26.655102277460422,1.9038494422677201,0.0,1.4674509763717651,16.234600209398423,17.61065318427942,-1.376052974880999,nan,0.0,8,0,5,0,0.0,13.0,5.103755564511999,6
573,1,merge_courtesy,fixed,False,1.0,12,0,28.757367441959875,0.0,1.1096799440287035,0.4304345101118088,16.502828202069473,16.502828202069473,0.0,nan,0.0,7,0,5,0,9.0,3.0,0.0,3
574,1,merge_courtesy,fixed,False,1.0,12,0,29.638203017832648,0.0,4.262620287553999,1.1355465650558472,16.72562927848841,16.72562927848841,0.0,nan,0.0,3,0,9,0,11.0,1.0,0.0,1
575,1,merge_courtesy,fixed,False,1.0,13,0,27.039601997206645,1.55177797106127,0.0,1.1891315579414368,16.778521731027194,17.810593038547456,-1.0320713075202594,nan,0.0,9,0,4,0,0.0,13.0,3.701143085661793,6
576,1,merge_courtesy,fixed,False,1.0,12,0,29.22876198863091,0.0,0.8860028057880431,0.2913629189133644,16.829097584471572,16.829097584471572,0.0,nan,0.0,9,0,3,0,8.0,4.0,0.0,4
577,1,merge_courtesy,fixed,False,1.0,12,0,30.0,0.5173350552686053,3.7755594758390103,1.6744393482804298,16.6772007987466,17.099291829928735,-0.4220910311821345,nan,0.0,3,0,9,0,9.0,3.0,2.6111986060829415,3
578,1,merge_courtesy,fixed,False,1.0,13,0,26.981407213098784,0.07336682419878718,0.3528008208495971,0.18361368775367737,17.780331750811367,17.780331750811367,0.0,nan,0.0,11,0,2,0,0.0,13.0,0.0,6
579,1,merge_courtesy,fixed,False,1.0,13,0,27.42420215023432,0.0,3.2272528036801136,0.7982057109475136,17.059876948050583,17.059876948050583,0.0,nan,0.0,6,0,7,0,11.0,2.0,0.0,2
580,1,merge_courtesy,fixed,False,1.0,12,0,28.86696500646356,0.0,2.870977437849364,0.8948081806302071,16.555435033031245,16.555435033031245,0.0,nan,0.0,5,0,7,0,9.0,3.0,0.0,3
581,1,merge_courtesy,fixed,False,1.0,12,0,30.0,0.0,2.858793379811831,0.9447618275880814,17.099291829928735,17.099291829928735,0.0,nan,0.0,5,0,7,0,9.0,3.0,0.0,3
582,1,merge_courtesy,fixed,False,1.0,12,0,29.2224878754412,0.6606225008070981,1.013455149235347,1.24435356259346,16.20976517136362,16.826086010140507,-0.6163208387768894,nan,0.0,6,0,6,0,8.0,4.0,3.045915999427578,4
583,1,merge_courtesy,fixed,False,1.0,12,0,30.0,0.14064589622143972,2.911983840038133,1.3140172734856606,16.930136924558912,16.999291829928737,-0.06915490536982555,nan,0.0,3,0,9,0,10.0,2.0,0.1434720281012858,2
584,1,merge_courtesy,fixed,False,1.0,14,0,25.822611010377823,0.0,0.21813633442668023,0.13932251930236816,18.460662165811584,18.460662165811584,0.0,nan,0.0,13,0,1,0,0.0,14.0,0.0,6
585,1,merge_courtesy,fixed,False,1.0,12,0,29.638203017832648,5.094075946851052,0.0,4.204743355512619,13.560641709496554,17.676337448559668,-4.115695739063114,nan,0.0,4,0,8,0,0.0,12.0,17.601277646315538,9
586,1,merge_courtesy,fixed,False,1.0,12,0,29.22876198863091,0.5524371024111832,0.7944454505205307,0.767889678478241,16.399949341101454,16.92909758447157,-0.5291482433701171,nan,0.0,8,0,4,0,7.0,5.0,1.7396994998708806,5
587,1,merge_courtesy,fixed,False,1.0,12,0,30.0,0.9061200139499329,1.898921565974488,1.521416500210762,16.533203746288226,17.399291829928735,-0.8660880836405085,nan,0.0,5,0,7,0,6.0,6.0,2.6997847072105734,6
588,1,merge_courtesy,fixed,False,1.0,13,0,28.135251062216373,0.1681279382039001,0.6275372644598249,0.36373745650053024,17.924588709079753,18.078670492746294,-0.15408178366653907,nan,0.0,10,0,3,0,4.0,9.0,0.2848943526943458,5
589,1,merge_courtesy,fixed,False,1.0,12,0,30.0,0.8884148419789725,3.3626094518759944,1.7572947703301907,16.39008868256498,17.199291829928736,-0.8092031473637571,nan,0.0,4,0,8,0,8.0,4.0,5.024947808869001,4
590,1,merge_courtesy,fixed,False,1.0,13,0,28.461686595388827,0.0,1.1875215516010709,0.3410659469664097,17.699368859530928,17.699368859530928,0.0,nan,0.0,9,0,4,0,10.0,3.0,0.0,3
591,1,merge_courtesy,fixed,False,1.0,13,0,27.807825545686136,2.5055941547895375,2.229506134813941,2.8784006386995316,15.322524589433701,17.758022902087113,-2.435498312653412,nan,0.0,5,0,8,0,6.0,7.0,12.92684568500277,6
592,1,merge_courtesy,fixed,False,1.0,13,0,27.80128461713882,0.2938187246026202,2.1537833785785105,1.0614859089255333,17.43912403503283,17.705251381792525,-0.2661273467596928,nan,0.0,7,0,6,0,5.0,8.0,2.124712940800613,2
593,1,merge_courtesy,fixed,False,1.0,12,0,29.638203017832648,0.8875665383488671,3.1059357553663216,1.651145227253437,16.2845873997494,17.025629278488406,-0.7410418787390061,nan,0.0,4,0,8,0,8.0,4.0,4.197864728607691,4
594,1,merge_courtesy,fixed,False,1.0,12,0,30.0,0.31036285479144204,3.6757035933807787,1.564691737294197,16.713529669797257,16.999291829928737,-0.28576216013147865,nan,0.0,3,0,9,0,10.0,2.0,2.4498003648902653,2
595,1,merge_courtesy,fixed,False,1.0,12,0,29.583458636941597,0.0,3.3160355045512526,1.0531629994511604,16.7993519756607,16.7993519756607,0.0,nan,0.0,4,0,8,0,10.0,2.0,0.0,2
596,1,merge_courtesy,fixed,False,1.0,12,0,30.0,5.696723622895989,0.0,4.688684403896332,13.151238953477321,17.849999999999998,-4.698761046522678,nan,0.0,3,0,9,0,0.0,12.0,20.33525142488472,9
597,1,merge_courtesy,fixed,False,1.0,12,0,28.86696500646356,6.22073485913659,0.0,5.173002868890762,12.090169910201869,17.306143203102504,-5.215973292900636,nan,0.0,3,0,9,0,0.0,12.0,24.303015403312948,9
598,1,merge_courtesy,fixed,False,1.0,12,0,30.0,4.129491235427003,0.0,3.357610523700714,14.566839309068861,17.749291998026376,-3.1824526889575186,nan,0.0,5,0,7,0,1.0,11.0,13.044870828669872,9
599,1,merge_courtesy,fixed,False,1.0,13,0,26.655102277460422,0.16064261357884618,1.8200851637137252,0.7196908742189407,17.103932357723114,17.20923656464123,-0.10530420691811679,nan,0.0,8,0,5,0,4.0,9.0,0.22177951989307113,3
600,1,merge_courtesy,fixed,False,1.0,13,0,26.65410832185538,0.0,0.12240463550903906,0.06113067455589771,17.560136327364795,17.560136327364795,0.0,nan,0.0,11,0,2,0,0.0,13.0,0.0,6
601,1,merge_courtesy,fixed,False,1.0,12,0,30.0,5.588617235166574,0.0,4.572189450263977,13.19027129778742,17.749291998026376,-4.55902070023896,nan,0.0,3,0,9,0,1.0,11.0,19.694540817684818,9
602,1,merge_courtesy,fixed,False,1.0,12,0,29.638203017832648,5.566827215595337,0.0,4.587871611118317,13.125000746630999,17.676337448559668,-4.551336701928673,nan,0.0,3,0,9,0,0.0,12.0,19.695581380598053,9
603,1,merge_courtesy,fixed,False,1.0,13,0,27.42333905172183,1.6735355859653869,0.0,1.2995639592409134,16.870671565106612,18.010136306895355,-1.1394647417887416,nan,0.0,9,0,4,0,0.0,13.0,4.480640813288308,6
604,1,merge_courtesy,fixed,False,1.0,12,0,28.813046846239462,0.0,0.47881586587487035,0.5971546918153763,16.329554316123676,16.329554316123676,0.0,nan,0.0,6,0,6,0,11.0,1.0,0.0,1
605,1,merge_courtesy,fixed,False,1.0,12,0,29.22876198863091,0.16035529330245643,2.355806435650782,1.205217320472002,16.626429136010312,16.72814689461186,-0.1017177586015479,nan,0.0,3,0,9,0,9.0,3.0,0.31039507244768316,2
606,1,merge_courtesy,fixed,False,1.0,12,0,30.0,5.959564384367921,0.0,5.001550912857056,12.894116700888915,17.849999999999998,-4.955883299111084,nan,0.0,3,0,9,0,0.0,12.0,22.08789169452247,9
607,1,merge_courtesy,fixed,False,1.0,12,0,29.221552852052668,5.349523861577229,0.06751639615410421,4.42919334769249,13.0737476806094,17.476345368985278,-4.402597688375879,nan,0.0,3,0,9,0,0.0,12.0,17.63524376031399,10
608,1,merge_courtesy,fixed,False,1.0,12,0,29.583458636941597,3.6865715785703785,0.052069512480844016,3.138681709766388,14.738044653855761,17.650060145731963,-2.9120154918762062,nan,0.0,7,0,5,0,0.0,12.0,13.557262898372892,10
609,1,merge_courtesy,fixed,False,1.0,12,0,30.0,0.2592592460737346,3.454873132992266,1.328330546617508,16.772262312128753,16.999291829928737,-0.22702951779998315,nan,0.0,4,0,8,0,10.0,2.0,1.546272058574786,2
610,1,merge_courtesy,fixed,False,1.0,12,0,30.0,3.790620247616692,0.0,3.0586728751659393,14.892489712019602,17.749291998026376,-2.8568022860067774,nan,0.0,5,0,7,0,1.0,11.0,10.924729014510497,9
611,1,merge_courtesy,fixed,False,1.0,12,0,29.22876198863091,0.0,0.6822277504268324,0.5994690507650375,16.629097584471573,16.629097584471573,0.0,nan,0.0,7,0,5,0,10.0,2.0,0.0,2
612,1,merge_courtesy,fixed,False,1.0,12,0,30.0,3.5247252872016155,0.0,2.8696207106113434,15.14675953342276,17.749291998026376,-2.602532464603618,nan,0.0,6,0,6,0,1.0,11.0,10.802093504951655,9
613,1,merge_courtesy,fixed,False,1.0,14,0,25.775581927742277,0.0,0.67017030506318,0.19153762608766556,17.6336177094644,17.6336177094644,0.0,nan,0.0,11,0,3,0,10.0,4.0,0.0,4
614,1,merge_courtesy,fixed,False,1.0,13,0,28.135251062216373,0.0,0.9900914296441063,0.3233405724167824,17.97867049310314,17.97867049310314,0.0,nan,0.0,10,0,3,0,5.0,8.0,0.0,4
615,1,merge_courtesy,fixed,False,1.0,13,0,27.42420215023432,0.6834087047389009,0.43610195633895205,0.8271122016012669,17.32580279202855,17.909190126185567,-0.583387334157017,nan,0.0,9,0,4,0,1.0,12.0,1.7357103872138044,6
616,1,merge_courtesy,fixed,False,1.0,12,0,30.0,0.0,1.6714867783935619,0.8769780173897743,17.099291829928735,17.099291829928735,0.0,nan,0.0,5,0,7,0,9.0,3.0,0.0,3
617,1,merge_courtesy,fixed,False,1.0,12,0,29.638203017832648,0.2405650259110711,2.9722266886383655,1.4433294609189034,16.617775973734656,16.82562927848841,-0.2078533047537535,nan,0.0,3,0,9,0,10.0,2.0,1.2960898889117018,2
618,1,merge_courtesy,fixed,False,1.0,13,0,27.42420215023432,1.0198063440648681,0.0,0.7574819028377533,17.43185533796646,18.01058511812185,-0.5787297801553886,nan,0.0,10,0,3,0,0.0,13.0,1.713537220332853,6
619,1,merge_courtesy,fixed,False,1.0,13,0,27.415808139816725,0.0,0.7543374793430199,0.23781156912446022,17.255512062633425,17.255512062633425,0.0,nan,0.0,10,0,3,0,9.0,4.0,0.0,4
620,1,merge_courtesy,fixed,False,1.0,12,0,30.0,0.3488679739960411,3.9021332347616386,1.7102650701999664,16.675058594989448,16.999291829928737,-0.3242332349392891,nan,0.0,3,0,9,0,10.0,2.0,3.1538157191758884,2
621,1,merge_courtesy,fixed,False,1.0,12,0,30.0,5.259433929055353,0.0,4.3135173842310905,13.542626517202656,17.749291998026376,-4.206665480823723,nan,0.0,3,0,9,0,1.0,11.0,18.20685290788109,9
622,1,merge_courtesy,fixed,False,1.0,13,0,26.655102277460422,0.0,1.1494974097950785,0.6042225211858749,16.65994501420816,16.65994501420816,0.0,nan,0.0,8,0,5,0,11.0,2.0,0.0,2
623,1,merge_courtesy,fixed,False,1.0,12,0,29.166808471161616,2.070170180355273,2.1268478051858484,2.8471061065793037,15.073698491973236,16.999359617108887,-1.925661125135651,nan,0.0,2,0,10,0,6.0,6.0,9.581716863541663,6
624,1,merge_courtesy,fixed,False,1.0,13,0,26.655102277460422,2.914529698598473,0.0,2.3156679421663284,15.412510653543341,17.61065318427942,-2.198142530736078,nan,0.0,7,0,6,0,0.0,13.0,10.921939048503319,6
625,1,merge_courtesy,fixed,False,1.0,12,0,30.0,0.22159217606676063,2.6214043585783435,1.1204576939344406,17.013174303114802,17.198583827955115,-0.18540952484031137,nan,0.0,5,0,7,0,8.0,4.0,0.6875338380302006,3
626,1,merge_courtesy,fixed,False,1.0,12,0,30.0,0.0,2.4536294266071126,0.8338468670845032,17.199291829928736,17.199291829928736,0.0,nan,0.0,6,0,6,0,8.0,4.0,0.0,4
627,1,merge_courtesy,fixed,False,1.0,12,0,30.0,0.15131917002535686,3.526833948178181,1.349294975399971,16.91390890204724,16.999291829928737,-0.08538292788149812,nan,0.0,3,0,9,0,10.0,2.0,0.21870733120851327,2
628,1,merge_courtesy,fixed,False,1.0,12,0,30.0,0.2957427759050583,3.6895792974172146,1.4193368330597878,16.732674180553314,16.999291829928737,-0.2666176493754242,nan,0.0,4,0,8,0,10.0,2.0,2.132549128754299,2
629,1,merge_courtesy,fixed,False,1.0,12,0,30.0,3.0639707975035297,0.0,2.489074930548668,15.726181511385416,17.849999999999998,-2.1238184886145834,nan,0.0,6,0,6,0,0.0,12.0,8.712738911561267,9
630,1,merge_courtesy,fixed,False,1.0,13,0,28.135251062216373,0.820365461081682,0.9340562165868544,1.0614638179540634,17.462043947841643,18.178913874366195,-0.7168699265245546,nan,0.0,8,0,5,0,2.0,11.0,2.8197086992453704,5
631,1,merge_courtesy,fixed,False,1.0,14,0,25.822611223350602,2.313039749209165,0.0,1.8228112906217575,16.7586116588098,18.46066228507634,-1.7020506262665365,nan,0.0,9,0,5,0,0.0,14.0,7.609560012723762,6
632,1,merge_courtesy,fixed,False,1.0,14,0,25.822611223350602,1.3177381582290424,0.0,0.9956633150577545,17.6530392607997,18.46066228507634,-0.8076230242766382,nan,0.0,10,0,4,0,0.0,14.0,2.505789603017959,6
633,1,merge_courtesy,fixed,False,1.0,12,0,30.0,0.7094118445042401,2.9327399023518863,1.641602411866188,16.431948009732658,17.099291829928735,-0.667343820196078,nan,0.0,4,0,8,0,9.0,3.0,4.685405995224197,3
634,1,merge_courtesy,fixed,False,1.0,12,0,28.86696500646356,0.11104104701637192,0.840353819354484,0.8238238170742989,16.455435033031247,16.455435033031247,0.0,nan,0.0,6,0,6,0,10.0,2.0,0.0,2
635,1,merge_courtesy,fixed,False,1.0,12,0,30.0,1.8739594974320921,2.040138911567732,2.6310238987207413,15.488215292643751,17.299291829928734,-1.8110765372849853,nan,0.0,3,0,9,0,7.0,5.0,10.661535896219306,5
636,1,merge_courtesy,fixed,False,1.0,13,0,28.135251062216373,0.17077972278242198,0.8717787127972842,0.8897839263081551,17.664376012870108,17.778670493108354,-0.11429448023824575,nan,0.0,7,0,6,0,7.0,6.0,0.39189684638792244,2
637,1,merge_courtesy,fixed,False,1.0,12,0,29.638203017832648,2.3996345031916864,1.6192664905303085,2.9722244441509247,14.884676627404563,17.225629278488405,-2.3409526510838417,nan,0.0,3,0,9,0,6.0,6.0,11.646752938848948,6
638,1,merge_courtesy,fixed,False,1.0,13,0,26.655102277460422,1.7488667568339498,0.0,1.3404655680060387,16.418738777550306,17.61065318427942,-1.1919144067291154,nan,0.0,8,0,5,0,0.0,13.0,4.172147229604453,6
639,1,merge_courtesy,fixed,False,1.0,13,0,27.42420215023432,0.5292693974045224,3.524457096822591,1.420795999467373,16.695009832492932,17.15987694805058,-0.46486711555764915,nan,0.0,5,0,8,0,10.0,3.0,2.589409211454291,3
640,1,merge_courtesy,fixed,False,1.0,12,0,29.638203017832648,4.919137148090154,0.0,4.023297339677811,13.728386189818536,17.676337448559668,-3.9479512587411336,nan,0.0,4,0,8,0,0.0,12.0,16.18420158039683,9
641,1,merge_courtesy,fixed,False,1.0,12,0,30.0,0.327069989091968,3.166200416688676,1.5141005665063858,16.698920196541174,16.999291829928737,-0.30037163338756406,nan,0.0,4,0,8,0,10.0,2.0,2.706693544317396,2
642,1,merge_courtesy,fixed,False,1.0,12,0,29.22166165477424,5.96942811807553,0.0,4.998891770839691,12.453539209724168,17.476397594291633,-5.022858384567469,nan,0.0,3,0,9,0,0.0,12.0,21.347237040666393,10
643,1,merge_courtesy,fixed,False,1.0,13,0,27.750620744936057,0.0,0.33565752536534554,0.107840895652771,18.180322787366748,18.180322787366748,0.0,nan,0.0,11,0,2,0,0.0,13.0,0.0,6
644,1,merge_courtesy,fixed,False,1.0,12,0,29.166808471161616,2.001309966943352,2.998042674793817,2.785802513360977,15.087794152096833,16.999359617108887,-1.9115654650120528,nan,0.0,2,0,10,0,6.0,6.0,8.445164716195585,6
645,1,merge_courtesy,fixed,False,1.0,12,0,29.2224878754412,0.26805513243105744,0.364853953616503,0.6477609202265739,16.576568114535526,16.826086010140507,-0.24951789560498105,nan,0.0,8,0,4,0,8.0,4.0,0.9338877034070734,4
646,1,merge_courtesy,fixed,False,1.0,12,0,29.22876198863091,0.7574034697500125,4.001990671695935,1.7828121334314346,16.014290458052525,16.72909758447157,-0.7148071264190476,nan,0.0,4,0,8,0,9.0,3.0,5.381025941737367,3
647,1,merge_courtesy,fixed,False,1.0,12,0,29.22876198863091,0.0,0.4925587945973243,0.18402954936027527,16.92909758447157,16.92909758447157,0.0,nan,0.0,10,0,2,0,7.0,5.0,0.0,5
648,1,merge_courtesy,fixed,False,1.0,14,0,25.465470228741687,1.7597398091110512,0.55553649075104,1.828127533197403,15.942792080703947,17.659954878618137,-1.7171627979141904,nan,0.0,9,0,5,0,8.0,6.0,7.670933781556561,6
649,1,merge_courtesy,fixed,False,1.0,13,0,26.654988618397052,1.4094287998825241,0.0,1.0643703192472458,16.687108274013063,17.610594081566468,-0.9234858075534027,nan,0.0,9,0,4,0,0.0,13.0,2.9990534165500597,6
650,1,merge_courtesy,fixed,False,1.0,12,0,30.0,5.431186367597599,0.0,4.421051502227783,13.330512663084704,17.749291998026376,-4.418779334941675,nan,0.0,3,0,9,0,1.0,11.0,18.60393264005025,9
651,1,merge_courtesy,fixed,False,1.0,13,0,27.750620744936057,0.0,0.3359635793256571,0.1081022322177887,17.979386369589715,17.979386369589715,0.0,nan,0.0,11,0,2,0,2.0,11.0,0.0,6
652,1,merge_courtesy,fixed,False,1.0,13,0,27.039601997206645,1.3895190161745663,0.0,1.0508697777986526,16.922073379182283,17.810593038547456,-0.8885196593651729,nan,0.0,9,0,4,0,0.0,13.0,2.8530983786114157,6
653,1,merge_courtesy,fixed,False,1.0,12,0,30.0,2.671218496243133,0.0,2.205420732498169,16.059177915720333,17.849999999999998,-1.7908220842796663,nan,0.0,8,0,4,0,0.0,12.0,7.892011440879092,9
654,1,merge_courtesy,fixed,False,1.0,12,0,30.0,0.0,4.952959056062058,1.1388515830039978,16.899291829928735,16.899291829928735,0.0,nan,0.0,3,0,9,0,11.0,1.0,0.0,1
655,1,merge_courtesy,fixed,False,1.0,12,0,30.0,5.9170652634160135,0.0,4.9834166169166565,12.948356100221154,17.849999999999998,-4.901643899778844,nan,0.0,3,0,9,0,0.0,12.0,22.04821871104288,9
656,1,merge_courtesy,fixed,False,1.0,12,0,29.583458636941597,0.0,4.586259930653375,1.1249006390571594,16.899351975660696,16.899351975660696,0.0,nan,0.0,4,0,8,0,9.0,3.0,0.0,3
657,1,merge_courtesy,fixed,False,1.0,12,0,30.0,4.380523502586129,0.0,3.59706524759531,14.445094896466335,17.849999999999998,-3.4049051035336633,nan,0.0,4,0,8,0,0.0,12.0,13.244720685069552,9
658,1,merge_courtesy,fixed,False,1.0,13,0,27.750637683406776,0.0,0.7650906816108916,0.23492055386304855,17.828671535765306,17.828671535765306,0.0,nan,0.0,10,0,3,0,4.0,9.0,0.0,4
659,1,merge_courtesy,fixed,False,1.0,12,0,29.22876198863091,0.0,0.8491192498997178,0.2762421667575836,16.829097584471572,16.829097584471572,0.0,nan,0.0,9,0,3,0,8.0,4.0,0.0,4
660,1,merge_courtesy,fixed,False,1.0,12,0,30.0,3.93509737177209,0.0,3.203368127346039,14.86605282736554,17.849999999999998,-2.9839471726344597,nan,0.0,5,0,7,0,0.0,12.0,11.98716956267543,9
661,1,merge_courtesy,fixed,False,1.0,12,0,30.0,1.1025323132357194,2.6045585316599733,1.749970082193613,16.246750428027006,17.299291829928734,-1.0525414019017272,nan,0.0,4,0,8,0,7.0,5.0,4.788143589927927,5
662,1,merge_courtesy,fixed,False,1.0,13,0,28.135251062216373,1.2057427724959147,1.8478033693476301,1.6780763566493988,16.935217785036492,18.07891392637722,-1.1436961413407223,nan,0.0,7,0,6,0,3.0,10.0,7.223854600459589,4
663,1,merge_courtesy,fixed,False,1.0,13,0,28.135251062216373,0.5710057172595249,0.38133755637243855,0.7902778014540672,17.53088914309695,18.078670492746294,-0.5477813496493446,nan,0.0,9,0,4,0,4.0,9.0,1.8594323355021232,5
664,1,merge_courtesy,fixed,False,1.0,12,0,30.0,0.0,1.6444382139920113,0.8638420775532722,17.099291829928735,17.099291829928735,0.0,nan,0.0,5,0,7,0,9.0,3.0,0.0,3
665,1,merge_courtesy,fixed,False,1.0,13,0,27.416671238329222,1.7271604334909478,0.5401705660229588,1.7862298637628555,16.168101510774388,17.85500992905422,-1.6869084182798297,nan,0.0,8,0,5,0,2.0,11.0,7.377119774770662,6
666,1,merge_courtesy,fixed,False,1.0,14,0,25.822597112032636,0.0,0.2689201711127664,0.1722782552242279,18.46065438273827,18.46065438273827,0.0,nan,0.0,13,0,1,0,0.0,14.0,0.0,6
667,1,merge_courtesy,fixed,False,1.0,12,0,30.0,0.2008179611842589,2.9134067987101773,1.383955866098404,16.839554089474348,16.999291829928737,-0.15973774045439018,nan,0.0,3,0,9,0,10.0,2.0,0.7654843717642237,2
668,1,merge_courtesy,fixed,False,1.0,12,0,30.0,0.0,4.1349228247074645,1.3979844823479652,16.899291829928735,16.899291829928735,0.0,nan,0.0,3,0,9,0,11.0,1.0,0.0,1
669,1,merge_courtesy,fixed,False,1.0,13,0,27.42420215023432,0.35546920543379257,3.9284875496558582,1.5246169157326221,16.728581265837168,17.059876948050583,-0.33129568221341515,nan,0.0,5,0,8,0,11.0,2.0,3.2927048715975644,2
670,1,merge_courtesy,fixed,False,1.0,13,0,27.416671238329222,0.12509048568043094,0.9842220997971168,0.4170718565583229,17.566284024801284,17.655008984324976,-0.08872495952369192,nan,0.0,9,0,4,0,4.0,9.0,0.11808177663721153,4
671,1,merge_courtesy,fixed,False,1.0,12,0,30.0,0.0,2.7381379875986056,0.8713831305503845,17.099291829928735,17.099291829928735,0.0,nan,0.0,5,0,7,0,9.0,3.0,0.0,3
672,1,merge_courtesy,fixed,False,1.0,13,0,26.982300475863916,0.0,0.3204893937967423,0.22832255065441132,17.139188800475814,17.230087797973596,-0.09089899749778425,nan,0.0,12,0,1,0,7.0,6.0,0.08262627746102187,6
673,1,merge_courtesy,fixed,False,1.0,13,0,26.655102277460422,0.0,1.829377986838552,0.5003023743629456,17.109236564731464,17.109236564731464,0.0,nan,0.0,8,0,5,0,5.0,8.0,0.0,2
674,1,merge_courtesy,fixed,False,1.0,12,0,30.0,0.11252831385668731,1.8127866855486061,0.9838591665029526,17.099291829928735,17.099291829928735,0.0,nan,0.0,4,0,8,0,9.0,3.0,0.0,3
675,1,merge_courtesy,fixed,False,1.0,12,0,30.0,0.6498712475673301,2.654521936233343,1.7721414864063263,16.501761592644577,17.099291829928735,-0.5975302372841585,nan,0.0,3,0,9,0,9.0,3.0,3.945154791087551,3
676,1,merge_courtesy,fixed,False,1.0,12,0,30.0,0.03009504298933714,2.4230133690179274,0.8705353774130344,17.199291829928736,17.199291829928736,0.0,nan,0.0,5,0,7,0,8.0,4.0,0.0,4
677,1,merge_courtesy,fixed,False,1.0,12,0,30.0,1.2699280154682484,1.4148633328568783,1.8115173876285553,16.319503765599933,17.59789700045073,-1.2783932348507983,nan,0.0,5,0,7,0,4.0,8.0,3.886705564617659,7
678,1,merge_courtesy,fixed,False,1.0,13,0,27.80128461713882,0.0,1.5826514101710512,0.6113422214984894,17.705007941666807,17.705007941666807,0.0,nan,0.0,8,0,5,0,6.0,7.0,0.0,3
679,1,merge_courtesy,fixed,False,1.0,12,0,30.0,3.7866227347481902,0.0,3.10362608730793,15.00575457805072,17.849999999999998,-2.8442454219492777,nan,0.0,5,0,7,0,0.0,12.0,11.029905980672766,9
680,1,merge_courtesy,fixed,False,1.0,12,0,29.2224878754412,0.6085602211089371,2.1864558727163828,1.2045390754938126,16.17374250165278,16.72608601014051,-0.5523435084877295,nan,0.0,6,0,6,0,9.0,3.0,3.450660654103904,3
681,1,merge_courtesy,fixed,False,1.0,12,0,30.0,0.7912879287513684,4.032950819591471,1.8206537812948227,16.347772610497888,17.099291829928735,-0.7515192194308485,nan,0.0,4,0,8,0,9.0,3.0,5.883723892488983,3
682,1,merge_courtesy,fixed,False,1.0,12,0,29.166808471161616,0.0,0.47958618032508277,0.16063305735588074,16.89935989608573,16.89935989608573,0.0,nan,0.0,10,0,2,0,7.0,5.0,0.0,5
683,1,merge_courtesy,fixed,False,1.0,13,0,27.750637683406776,0.14846609412972467,0.25474382897805087,0.3498518317937851,17.79935212664998,17.92867153470483,-0.12931940805484993,nan,0.0,10,0,3,0,3.0,10.0,0.20068211159588145,5
684,1,merge_courtesy,fixed,False,1.0,13,0,27.750637683406776,0.0,0.705790734743007,0.21435058489441872,17.828671535765306,17.828671535765306,0.0,nan,0.0,10,0,3,0,4.0,9.0,0.0,4
685,1,merge_courtesy,fixed,False,1.0,12,0,30.0,5.30318915811594,0.0,4.323985517024994,13.515366498956004,17.749291998026376,-4.2339254990703745,nan,0.0,3,0,9,0,1.0,11.0,18.417156824815464,9
686,1,merge_courtesy,fixed,False,1.0,12,0,30.0,3.9217896068394897,0.0,3.1849631667137146,14.867606331505174,17.849999999999998,-2.9823936684948267,nan,0.0,5,0,7,0,0.0,12.0,11.743022745439866,9
687,1,merge_courtesy,fixed,False,1.0,12,0,30.0,4.485675026491662,0.0,3.6304548233747482,14.216500118724856,17.749291998026376,-3.532791879301523,nan,0.0,4,0,8,0,1.0,11.0,13.580420426044347,9
688,1,merge_courtesy,fixed,False,1.0,13,0,27.807825545686136,1.7319240722584623,0.5557563968550906,1.8000631481409073,15.973102649791327,17.65936083494835,-1.6862581851570255,nan,0.0,8,0,5,0,7.0,6.0,7.452554370875248,6
689,1,merge_courtesy,fixed,False,1.0,12,0,30.0,0.0,2.290038913037968,0.8165162205696106,17.398583659858623,17.398583659858623,0.0,nan,0.0,6,0,6,0,6.0,6.0,0.0,4
690,1,merge_courtesy,fixed,False,1.0,12,0,30.0,0.38340661985510044,2.960304610799638,1.4073917251080275,16.757112571363237,17.099291829928735,-0.342179258565497,nan,0.0,3,0,9,0,9.0,3.0,2.3417328998486653,3
691,1,merge_courtesy,fixed,False,1.0,13,0,26.655102277460422,1.5563560917168473,0.0,1.186876092106104,16.584272821146357,17.61065318427942,-1.0263803631330628,nan,0.0,8,0,5,0,0.0,13.0,3.6251372250703042,6
692,1,merge_courtesy,fixed,False,1.0,14,0,25.822611223350602,3.192700578197857,0.0,2.5605031698942184,15.97530408682968,18.46066228507634,-2.485358198246657,nan,0.0,8,0,6,0,0.0,14.0,13.041994048864344,6
693,1,merge_courtesy,fixed,False,1.0,12,0,30.0,0.294163657934978,2.701590547573563,1.2122426182031631,16.82992033839892,17.099291829928735,-0.2693714915298129,nan,0.0,5,0,7,0,9.0,3.0,1.4512200089799212,3
694,1,merge_courtesy,fixed,False,1.0,12,0,29.2224878754412,0.0,2.26745582417352,0.6351522281765938,16.62608601014051,16.62608601014051,0.0,nan,0.0,7,0,5,0,10.0,2.0,0.0,2
695,1,merge_courtesy,fixed,False,1.0,12,0,30.0,4.372973103014592,0.0,3.552209325134754,14.36309495463464,17.749291998026376,-3.3861970433917383,nan,0.0,4,0,8,0,1.0,11.0,13.313556345807818,9
696,1,merge_courtesy,fixed,False,1.0,13,0,26.654971679926327,0.4534284570728843,0.4362025087555308,0.46795257925987244,17.43961795842133,17.61058527356169,-0.17096731514035945,nan,0.0,10,0,3,0,0.0,13.0,0.25054133868259704,7
697,1,merge_courtesy,fixed,False,1.0,12,0,28.86696500646356,0.2470240463744497,4.440862442887893,1.4068376496434212,16.244240131267617,16.455435033031247,-0.2111949017636299,nan,0.0,4,0,8,0,10.0,2.0,1.3380985959284786,2
698,1,merge_courtesy,fixed,False,1.0,12,0,30.0,0.29969163196214227,2.9166265764244454,1.55994563549757,16.726864769985156,16.999291829928737,-0.2724270599435813,nan,0.0,3,0,9,0,10.0,2.0,2.226495089685109,2
699,1,merge_courtesy,fixed,False,1.0,13,0,26.654988618397052,3.0124866024657946,0.0,2.395762488245964,15.273825654340044,17.610594081566468,-2.3367684272264237,nan,0.0,7,0,6,0,0.0,13.0,11.59765866639941,6
700,1,merge_courtesy,fixed,False,1.0,13,0,27.750637683406776,0.0,1.32112268853403,0.3729744851589203,17.728671536122153,17.728671536122153,0.0,nan,0.0,9,0,4,0,5.0,8.0,0.0,3
701,1,merge_courtesy,fixed,False,1.0,13,0,27.750637683406776,0.0,0.3097094196587985,0.2146540880203247,17.994811155497533,18.02867248049455,-0.03386132499701716,nan,0.0,12,0,1,0,2.0,11.0,0.011465893305536193,6
702,1,merge_courtesy,fixed,False,1.0,12,0,29.638203017832648,5.70563407819804,0.0,4.701331555843353,12.961698702980016,17.676337448559668,-4.714638745579653,nan,0.0,3,0,9,0,0.0,12.0,20.24432134836804,9
703,1,merge_courtesy,fixed,False,1.0,12,0,29.638203017832648,0.7285096642980728,1.7725380616276825,1.6564006209373474,16.23802466898221,16.925629278488408,-0.6876046095061956,nan,0.0,4,0,8,0,9.0,3.0,4.950610167394255,3
704,1,merge_courtesy,fixed,False,1.0,12,0,29.638203017832648,0.26715409348369373,2.7130839563661517,1.1595927700400352,16.776141968522612,17.025629278488406,-0.24948730996579463,nan,0.0,5,0,7,0,8.0,4.0,0.9336587675095274,4
705,1,merge_courtesy,fixed,False,1.0,12,0,30.0,0.30905874008919787,4.580973688533906,1.6310616359114647,16.717692138423196,16.999291829928737,-0.2815996915055397,nan,0.0,3,0,9,0,10.0,2.0,2.3789515876804543,2
706,1,merge_courtesy,fixed,False,1.0,12,0,30.0,4.827694753346596,0.0,3.9731359034776688,13.985754231750025,17.849999999999998,-3.8642457682499742,nan,0.0,4,0,8,0,0.0,12.0,15.993108804841164,9
707,1,merge_courtesy,fixed,False,1.0,12,0,30.0,1.1998754417634505,3.226989564368436,2.0888308733701706,16.049047000851218,17.199291829928736,-1.1502448290775156,nan,0.0,3,0,9,0,8.0,4.0,6.994038676611382,4
708,1,merge_courtesy,fixed,False,1.0,12,0,30.0,5.733912491858018,0.0,4.729485705494881,13.02272474196059,17.749291998026376,-4.726567256065788,nan,0.0,3,0,9,0,1.0,11.0,20.375487267464038,9
709,1,merge_courtesy,fixed,False,1.0,12,0,30.0,4.380133155505778,0.0,3.558464467525482,14.34803812808745,17.749291998026376,-3.401253869938928,nan,0.0,4,0,8,0,1.0,11.0,13.279401162823465,9
710,1,merge_courtesy,fixed,False,1.0,13,0,27.416671238329222,0.24566991908034566,0.7820415609799529,0.6310528069734573,17.431663854124878,17.655008984324976,-0.22334513020009739,nan,0.0,9,0,4,0,4.0,9.0,0.7482457077614768,4
711,1,merge_courtesy,fixed,False,1.0,13,0,27.80128461713882,0.0,0.44651692063421383,0.3429926186800003,17.705007941666807,17.705007941666807,0.0,nan,0.0,9,0,4,0,6.0,7.0,0.0,3
712,1,merge_courtesy,fixed,False,1.0,13,0,27.42333905172183,0.0,1.2704428515706416,0.42390041798353195,17.408476246391473,17.408476246391473,0.0,nan,0.0,8,0,5,0,7.0,6.0,0.0,2
713,1,merge_courtesy,fixed,False,1.0,12,0,29.22876198863091,0.2098455557393177,0.9006810344697356,0.944983683526516,16.461699019853874,16.629097584471573,-0.16739856461769945,nan,0.0,6,0,6,0,10.0,2.0,0.840668383081983,2
714,1,merge_courtesy,fixed,False,1.0,13,0,27.750637683406776,0.0,0.4105569858822854,0.1238061711192131,17.92867153470483,17.92867153470483,0.0,nan,0.0,11,0,2,0,3.0,10.0,0.0,5
715,1,merge_courtesy,fixed,False,1.0,13,0,28.136114160728862,2.1369897938638616,0.671745196537617,2.2011046558618546,15.801052304020553,17.930071193507167,-2.1290188894866144,nan,0.0,7,0,6,0,6.0,7.0,8.282784060227085,7
716,1,merge_courtesy,fixed,False,1.0,12,0,30.0,2.302991815687365,2.1685264282650136,2.8171935081481934,15.159794597714644,17.399291829928735,-2.23949723221409,nan,0.0,3,0,9,0,6.0,6.0,10.80344944978743,6
717,1,merge_courtesy,fixed,False,1.0,12,0,30.0,0.10439616001420436,3.940380389513131,1.1328399255871773,16.999291829928737,16.999291829928737,0.0,nan,0.0,4,0,8,0,10.0,2.0,0.0,2
718,1,merge_courtesy,fixed,False,1.0,12,0,30.0,1.1791872301868689,3.518047579891351,2.1885434687137604,16.091077285536276,17.199291829928736,-1.1082145443924603,nan,0.0,3,0,9,0,8.0,4.0,7.043928203220528,4
719,1,merge_courtesy,fixed,False,1.0,12,0,29.22876198863091,1.5006677339902688,2.843562912571443,2.178410679101944,15.654153834218478,17.02814689461188,-1.3739930603934005,nan,0.0,4,0,8,0,6.0,6.0,7.786193239216146,5
720,1,merge_courtesy,fixed,False,1.0,14,0,25.822505682791753,0.0,2.2624641630173468,0.619844414293766,17.459895012292115,17.459895012292115,0.0,nan,0.0,9,0,5,0,12.0,2.0,0.0,2
721,1,merge_courtesy,fixed,False,1.0,13,0,26.654988618397052,2.5321647159277574,0.0,2.0109746009111404,15.782015749611656,17.610594081566468,-1.8285783319548103,nan,0.0,7,0,6,0,0.0,13.0,8.648618120764732,6
722,1,merge_courtesy,fixed,False,1.0,12,0,29.22876198863091,0.0,0.31623916674558356,0.22630424797534943,16.964874961958046,17.02909758447157,-0.06422262251352648,nan,0.0,11,0,1,0,6.0,6.0,0.041245452425149175,6
723,1,merge_courtesy,fixed,False,1.0,12,0,29.22876198863091,0.8589698940514789,2.0102279152762077,1.9088506698608398,15.908684507810426,16.72909758447157,-0.8204130766611487,nan,0.0,4,0,8,0,9.0,3.0,6.982053224176927,3
724,1,merge_courtesy,fixed,False,1.0,12,0,30.0,5.951576771716456,0.0,4.987451583147049,12.900818416400599,17.849999999999998,-4.949181583599399,nan,0.0,3,0,9,0,0.0,12.0,21.990227973438827,9
725,1,merge_courtesy,fixed,False,1.0,12,0,29.22876198863091,0.0,2.811601303733338,0.7754516266286373,16.82814689461186,16.82814689461186,0.0,nan,0.0,5,0,7,0,8.0,4.0,0.0,3
726,1,merge_courtesy,fixed,False,1.0,12,0,30.0,5.2385706713344184,0.0,4.270620405673981,13.503084003318682,17.749291998026376,-4.246207994707697,nan,0.0,3,0,9,0,1.0,11.0,16.872745343241238,9
727,1,merge_courtesy,fixed,False,1.0,13,0,27.416671238329222,0.0,1.010691003805373,0.3310234695672989,17.655008984324976,17.655008984324976,0.0,nan,0.0,10,0,3,0,4.0,9.0,0.0,4
728,1,merge_courtesy,fixed,False,1.0,12,0,29.638203017832648,0.0,3.545999529182179,1.0924827009439468,16.82562927848841,16.82562927848841,0.0,nan,0.0,4,0,8,0,10.0,2.0,0.0,2
729,1,merge_courtesy,fixed,False,1.0,14,0,25.465470228741687,0.0,2.311275734030466,0.634729340672493,17.25995515802408,17.25995515802408,0.0,nan,0.0,9,0,5,0,12.0,2.0,0.0,2
730,1,merge_courtesy,fixed,False,1.0,13,0,27.415808139816725,0.0,0.553683331922231,0.1375320367515087,17.255512062633425,17.255512062633425,0.0,nan,0.0,10,0,3,0,9.0,4.0,0.0,4
731,1,merge_courtesy,fixed,False,1.0,12,0,29.638203017832648,2.1393125150773806,2.166123717907944,2.7071064189076424,15.178970688905308,17.225629278488405,-2.0466585895830973,nan,0.0,3,0,9,0,6.0,6.0,9.697220881942846,6
732,1,merge_courtesy,fixed,False,1.0,13,0,27.42333905172183,1.4675570994408773,0.0,1.1187388002872467,17.046627704865557,18.010136306895355,-0.9635086020297949,nan,0.0,9,0,4,0,0.0,13.0,3.261113285306294,6
733,1,merge_courtesy,fixed,False,1.0,12,0,30.0,0.2743959082500653,4.617374872898787,1.604153111577034,16.757323083196816,16.999291829928737,-0.241968746731921,nan,0.0,3,0,9,0,10.0,2.0,1.7564662318504958,2
734,1,merge_courtesy,fixed,False,1.0,12,0,30.0,0.8606980177696427,1.883509289917503,1.478297010064125,16.58347003306662,17.399291829928735,-0.8158217968621109,nan,0.0,5,0,7,0,6.0,6.0,2.4561946532404684,6
735,1,merge_courtesy,fixed,False,1.0,12,0,29.22876198863091,2.0267899663958295,2.1274201207282553,2.63107867538929,15.057785577745282,17.02814689461188,-1.970361316866596,nan,0.0,4,0,8,0,6.0,6.0,12.346319590854748,5
736,1,merge_courtesy,fixed,False,1.0,14,0,25.465470228741687,0.0,2.0034851307181905,0.5469906106591225,17.25995515802408,17.25995515802408,0.0,nan,0.0,9,0,5,0,12.0,2.0,0.0,2
737,1,merge_courtesy,fixed,False,1.0,12,0,30.0,3.6357350188533135,0.0,2.9574501141905785,15.165739185080362,17.849999999999998,-2.684260814919636,nan,0.0,5,0,7,0,0.0,12.0,10.682807324559402,9
738,1,merge_courtesy,fixed,False,1.0,12,0,30.0,0.2338174148647376,4.37735012622794,1.5190637558698654,16.80346891239394,16.999291829928737,-0.19582291753479916,nan,0.0,3,0,9,0,10.0,2.0,1.1503984509552225,2
739,1,merge_courtesy,fixed,False,1.0,12,0,29.58428485760855,0.0,1.2368985138026638,0.4418082907795906,16.89974856158084,16.89974856158084,0.0,nan,0.0,7,0,5,0,9.0,3.0,0.0,3
740,1,merge_courtesy,fixed,False,1.0,12,0,29.22876198863091,1.3079553803853003,2.541893903639865,2.1204318962991238,15.667917831287445,16.92814689461186,-1.2602290633244166,nan,0.0,3,0,9,0,7.0,5.0,8.321976531702898,4
741,1,merge_courtesy,fixed,False,1.0,13,0,26.654988618397052,0.0,2.686205674314727,0.630632895976305,16.95893402106255,16.95893402106255,0.0,nan,0.0,7,0,6,0,7.0,6.0,0.0,1
742,1,merge_courtesy,fixed,False,1.0,12,0,29.22876198863091,1.4623056621957886,2.809813912636187,2.3306774497032166,15.414507645116762,16.829097584471572,-1.4145899393548107,nan,0.0,4,0,8,0,8.0,4.0,10.459937589808803,4
743,1,merge_courtesy,fixed,False,1.0,12,0,30.0,4.076236776874862,0.0,3.310735672712326,14.626057989116816,17.749291998026376,-3.123234008909562,nan,0.0,5,0,7,0,1.0,11.0,12.804567455650677,9
744,1,merge_courtesy,fixed,False,1.0,12,0,29.638203017832648,0.728646174472276,1.8543998423708616,1.6058918312191963,16.24187796583084,16.925629278488408,-0.6837513126575641,nan,0.0,4,0,8,0,9.0,3.0,4.9727215490215,3
745,1,merge_courtesy,fixed,False,1.0,13,0,27.80793920474951,0.9499314200674098,1.0154734245666248,1.22948107868433,17.134653272119884,18.0087119875775,-0.8740587154576145,nan,0.0,8,0,5,0,2.0,11.0,3.7016898860187153,5
746,1,merge_courtesy,fixed,False,1.0,12,0,30.0,4.326987317352868,0.0,3.5116538256406784,14.573363860794167,17.849999999999998,-3.276636139205831,nan,0.0,4,0,8,0,0.0,12.0,13.30817371816627,9
747,1,merge_courtesy,fixed,False,1.0,12,0,29.583458636941597,0.0,3.6715784936721025,0.9324959963560104,16.899351975660696,16.899351975660696,0.0,nan,0.0,5,0,7,0,9.0,3.0,0.0,3
748,1,merge_courtesy,fixed,False,1.0,12,0,30.0,0.7606529477917117,2.6249161461717025,1.7292157039046288,16.474929489561546,17.199291829928736,-0.7243623403671877,nan,0.0,4,0,8,0,8.0,4.0,4.069526287925406,4
749,1,merge_courtesy,fixed,False,1.0,13,0,26.981407213098784,0.0,0.42372829495508785,0.17100496590137482,17.780331750811367,17.780331750811367,0.0,nan,0.0,11,0,2,0,0.0,13.0,0.0,6
750,1,merge_courtesy,fixed,False,1.0,12,0,29.638203017832648,0.8712211060444027,3.059906748171608,1.626435823738575,16.29808663284146,17.025629278488406,-0.7275426456469479,nan,0.0,4,0,8,0,8.0,4.0,4.046528433625674,4
751,1,merge_courtesy,fixed,False,1.0,13,0,27.42333905172183,0.0,0.6251717356687493,0.5573759227991104,17.408476246391473,17.408476246391473,0.0,nan,0.0,8,0,5,0,7.0,6.0,0.0,2
752,1,merge_courtesy,fixed,False,1.0,12,0,29.22876198863091,0.6591711094701211,3.9385444316667577,1.6853970885276794,16.122702814427193,16.72909758447157,-0.6063947700443789,nan,0.0,4,0,8,0,9.0,3.0,4.071898451545313,3
753,1,merge_courtesy,fixed,False,1.0,12,0,29.22876198863091,0.23250171814969148,2.202778316572699,1.1949967294931412,16.524209057328168,16.72909758447157,-0.2048885271434022,nan,0.0,4,0,8,0,9.0,3.0,0.8395861710998531,3
754,1,merge_courtesy,fixed,False,1.0,13,0,27.36600536490125,0.0,0.48757292181480827,0.18410629406571388,17.879389560219746,17.879389560219746,0.0,nan,0.0,10,0,3,0,1.0,12.0,0.0,6
755,1,merge_courtesy,fixed,False,1.0,12,0,30.0,0.0,1.4370217627417239,1.0312518775463104,16.999291829928737,16.999291829928737,0.0,nan,0.0,4,0,8,0,10.0,2.0,0.0,2
756,1,merge_courtesy,fixed,False,1.0,12,0,29.166808471161616,0.0,4.572466886421319,1.1073039397597313,16.59935989608631,16.59935989608631,0.0,nan,0.0,4,0,8,0,10.0,2.0,0.0,2
757,1,merge_courtesy,fixed,False,1.0,12,0,30.0,0.30524329798234673,3.635849824373988,1.4308457151055336,16.818865841258493,17.099291829928735,-0.2804259886702419,nan,0.0,4,0,8,0,9.0,3.0,1.5727747024336527,3
758,1,merge_courtesy,fixed,False,1.0,12,0,30.0,3.5968182086277443,0.0,2.9130170233547688,15.251819130835653,17.849999999999998,-2.598180869164345,nan,0.0,5,0,7,0,0.0,12.0,10.71999631693754,9
759,1,merge_courtesy,fixed,False,1.0,12,0,29.2224878754412,0.17297096411952229,0.31500703916997363,0.6505478248000145,16.685489333051617,16.826086010140507,-0.14059667708889084,nan,0.0,7,0,5,0,8.0,4.0,0.29651138412656763,4
760,1,merge_courtesy,fixed,False,1.0,12,0,28.813046846239462,0.0,1.5905521590977165,0.476701557636261,16.529554316123676,16.529554316123676,0.0,nan,0.0,8,0,4,0,9.0,3.0,0.0,3
761,1,merge_courtesy,fixed,False,1.0,13,0,27.42333905172183,1.261398217620708,0.0,0.9456257373094559,17.254678700240994,18.010136306895355,-0.7554576066543552,nan,0.0,9,0,4,0,0.0,13.0,2.2789222329778718,6
762,1,merge_courtesy,fixed,False,1.0,12,0,29.583458636941597,0.0,4.823442524988804,1.1918979957699776,16.899351975660696,16.899351975660696,0.0,nan,0.0,4,0,8,0,9.0,3.0,0.0,3
763,1,merge_courtesy,fixed,False,1.0,12,0,28.75000249678928,3.1500949631509108,0.7819599913122052,2.8353287912905216,14.82065328824013,17.300001198458855,-2.479347910218725,nan,0.0,4,0,8,0,0.0,12.0,9.196040241420661,10
764,1,merge_courtesy,fixed,False,1.0,12,0,30.0,0.6029135622664388,3.634209009431216,1.6805136501789093,16.54988212259814,17.099291829928735,-0.5494097073305944,nan,0.0,3,0,9,0,9.0,3.0,3.364540001707084,3
765,1,merge_courtesy,fixed,False,1.0,12,0,30.0,0.7663051460376413,2.412475841599134,1.5269234776496887,16.619354471208858,17.299291829928734,-0.6799373587198765,nan,0.0,4,0,8,0,7.0,5.0,2.837727129213789,5
766,1,merge_courtesy,fixed,False,1.0,13,0,28.12772015031127,0.0,2.0412957276601884,0.5551541596651077,17.4257063080906,17.4257063080906,0.0,nan,0.0,8,0,5,0,11.0,2.0,0.0,2
767,1,merge_courtesy,fixed,False,1.0,13,0,26.655102277460422,1.7643127745658327,0.5730929597826309,1.8442731946706772,15.642842801873657,17.35860175162088,-1.7157589497472223,nan,0.0,8,0,5,0,4.0,9.0,7.758135862009728,6
768,1,merge_courtesy,fixed,False,1.0,13,0,27.42420215023432,0.7875651346964323,1.7119987630560936,1.286618173122406,16.508523685043286,17.259876948050582,-0.7513532630072937,nan,0.0,8,0,5,0,9.0,4.0,4.373453691892536,4
769,1,merge_courtesy,fixed,False,1.0,12,0,30.0,4.669005946137301,0.0,3.8036779165267944,14.050472710206508,17.749291998026376,-3.6988192878198696,nan,0.0,4,0,8,0,1.0,11.0,15.041858081942062,9
770,1,merge_courtesy,fixed,False,1.0,13,0,26.654971679926327,0.0,0.30620914477423067,0.097695617005229,17.61058527356169,17.61058527356169,0.0,nan,0.0,11,0,2,0,0.0,13.0,0.0,6
771,1,merge_courtesy,fixed,False,1.0,13,0,27.42420215023432,0.0,1.3480044848872763,0.4637889266014099,17.059876948050583,17.059876948050583,0.0,nan,0.0,8,0,5,0,11.0,2.0,0.0,2
772,1,merge_courtesy,fixed,False,1.0,13,0,28.077949540873643,0.0,0.5785823414802284,0.1376624722033739,17.59982559118302,17.59982559118302,0.0,nan,0.0,10,0,3,0,9.0,4.0,0.0,4
773,1,merge_courtesy,fixed,False,1.0,12,0,29.638203017832648,0.0,0.5343297148310978,0.20670930296182632,17.125629278488407,17.125629278488407,0.0,nan,0.0,10,0,2,0,7.0,5.0,0.0,5
774,1,merge_courtesy,fixed,False,1.0,13,0,27.750637683406776,0.0,1.9024358424122436,0.6352381408214569,17.62867153612738,17.62867153612738,0.0,nan,0.0,7,0,6,0,6.0,7.0,0.0,2
775,1,merge_courtesy,fixed,False,1.0,12,0,30.0,0.6553600748416779,2.5166088800647604,1.5735466927289963,16.584881138982684,17.199291829928736,-0.6144106909460496,nan,0.0,4,0,8,0,8.0,4.0,2.98927555637443,4
776,1,merge_courtesy,fixed,False,1.0,12,0,30.0,0.7160323195545517,3.858667963858201,1.8214683011174202,16.426128869404234,17.099291829928735,-0.6731629605244995,nan,0.0,3,0,9,0,9.0,3.0,4.780988695392139,3
777,1,merge_courtesy,fixed,False,1.0,13,0,27.42420215023432,1.7828677524952035,0.0,1.3670750260353088,16.768337288328503,18.01058511812185,-1.2422478297933468,nan,0.0,8,0,5,0,0.0,13.0,4.33387764057241,6
778,1,merge_courtesy,fixed,False,1.0,12,0,28.86696500646356,0.0,2.578003967684694,0.7014717049896717,16.555435033031245,16.555435033031245,0.0,nan,0.0,5,0,7,0,9.0,3.0,0.0,3
779,1,merge_courtesy,fixed,False,1.0,12,0,29.22876198863091,0.21484021829160904,3.416224104676214,1.2756912484765053,16.45549066476419,16.629097584471573,-0.17360691970738307,nan,0.0,4,0,8,0,10.0,2.0,0.9041808771085726,2
780,1,merge_courtesy,fixed,False,1.0,13,0,27.42420215023432,1.889605594483101,0.0,1.4803161323070526,16.791306928835155,18.01058511812185,-1.2192781892866942,nan,0.0,8,0,5,0,0.0,13.0,5.092036552671824,6
781,1,merge_courtesy,fixed,False,1.0,12,0,30.0,0.2590267854539027,2.4108237396721024,1.4451141208410263,16.77001532246034,16.999291829928737,-0.22927650746839767,nan,0.0,3,0,9,0,10.0,2.0,1.5770315063071862,2
782,1,merge_courtesy,fixed,False,1.0,13,0,27.316266920941473,0.0,1.5730458558384564,0.4695429131388664,17.1037506288183,17.1037506288183,0.0,nan,0.0,9,0,4,0,10.0,3.0,0.0,3
783,1,merge_courtesy,fixed,False,1.0,12,0,29.22876198863091,0.0,0.7024912843141723,0.619137741625309,16.629097584471573,16.629097584471573,0.0,nan,0.0,7,0,5,0,10.0,2.0,0.0,2
784,1,merge_courtesy,fixed,False,1.0,14,0,25.822489713193225,0.0,0.46885074284862754,0.19188906252384186,18.510594239388208,18.510594239388208,0.0,nan,0.0,12,0,2,0,0.0,14.0,0.0,6
785,1,merge_courtesy,fixed,False,1.0,12,0,30.0,4.970240565927993,0.0,4.0506458431482315,13.823053310117936,17.749291998026376,-3.9262386879084405,nan,0.0,3,0,9,0,1.0,11.0,16.146345074468343,9
786,1,merge_courtesy,fixed,False,1.0,13,0,28.135251062216373,0.21957503551032165,0.8545464227692569,0.903389610350132,17.59615785869973,17.778670493108354,-0.18251263440862367,nan,0.0,7,0,6,0,7.0,6.0,0.9993258515632775,2
787,1,merge_courtesy,fixed,False,1.0,12,0,30.0,0.10912124971211741,1.6890273990607372,0.8837329372763634,17.147173087580896,17.199291829928736,-0.052118742347838455,nan,0.0,5,0,7,0,8.0,4.0,0.040745449558805547,4
788,1,merge_courtesy,fixed,False,1.0,12,0,30.0,3.888361659113765,0.0,3.156742036342621,14.812525463894552,17.749291998026376,-2.9367665341318294,nan,0.0,5,0,7,0,1.0,11.0,11.732676876205444,9
789,1,merge_courtesy,fixed,False,1.0,13,0,27.366022562930425,0.0,0.2703276348003609,0.17552441358566284,17.930331732723822,17.930331732723822,0.0,nan,0.0,12,0,1,0,0.0,13.0,0.0,6
790,1,merge_courtesy,fixed,False,1.0,12,0,30.0,2.7052424227721987,0.0,2.2659993320703506,16.030075052083923,17.849999999999998,-1.8199249479160766,nan,0.0,8,0,4,0,0.0,12.0,8.112348912137286,9
791,1,merge_courtesy,fixed,False,1.0,13,0,27.42322539265846,2.218722038010904,0.617443043798458,2.2529652267694473,15.325855938898638,17.459368755133713,-2.1335128162350756,nan,0.0,7,0,6,0,7.0,6.0,10.34855813517379,6
792,1,merge_courtesy,fixed,False,1.0,13,0,28.12772015031127,0.0,1.0597809095953323,0.2742786444723606,17.525706308090598,17.525706308090598,0.0,nan,0.0,9,0,4,0,10.0,3.0,0.0,3
793,1,merge_courtesy,fixed,False,1.0,12,0,30.0,1.008066422946512,2.560710499352306,1.8941347375512123,16.26526126344575,17.199291829928736,-0.9340305664829843,nan,0.0,3,0,9,0,8.0,4.0,5.104165604015158,4
794,1,merge_courtesy,fixed,False,1.0,12,0,30.0,1.675130807256965,1.9386982229765657,2.2862983103841543,15.698613681959847,17.299291829928734,-1.6006781479688876,nan,0.0,3,0,9,0,7.0,5.0,8.679345135627974,5
795,1,merge_courtesy,fixed,False,1.0,12,0,30.0,0.3222348450748549,3.6228704806561667,1.4810174703598022,16.799724645730457,17.099291829928735,-0.29956718419827844,nan,0.0,4,0,8,0,9.0,3.0,1.7948099569697054,3
796,1,merge_courtesy,fixed,False,1.0,13,0,27.42333905172183,0.5130911294194686,0.4031995238193558,0.6622964590787888,17.407253566640193,17.90874103825231,-0.5014874716121138,nan,0.0,10,0,3,0,1.0,12.0,1.2960988975471157,6
797,1,merge_courtesy,fixed,False,1.0,13,0,27.039601997206645,2.09041736899343,0.0,1.6292580664157867,16.277144004381565,17.810593038547456,-1.5334490341658888,nan,0.0,8,0,5,0,0.0,13.0,6.201620962362971,6
798,1,merge_courtesy,fixed,False,1.0,12,0,28.813046846239462,1.3638120796312005,2.000643192259291,1.7884163707494736,15.524414780981843,16.829554316123666,-1.3051395351418233,nan,0.0,5,0,7,0,6.0,6.0,4.716938856139184,6
799,1,merge_courtesy,fixed,False,1.0,12,0,29.22876198863091,0.5076679135444699,1.4489873662927502,1.0428098812699318,16.291845790589846,16.72909758447157,-0.43725179388172414,nan,0.0,6,0,6,0,9.0,3.0,2.390422986949261,3
800,1,merge_courtesy,fixed,False,1.0,13,0,28.461686595388827,0.0,0.960426178319707,0.3138343021273613,17.79936885953092,17.79936885953092,0.0,nan,0.0,10,0,3,0,9.0,4.0,0.0,4
801,1,merge_courtesy,fixed,False,1.0,13,0,27.366005101365417,0.0,0.7205296116039778,0.2982381284236908,17.844980685323826,17.980322652710015,-0.1353419673861892,nan,0.0,10,0,3,0,0.0,13.0,0.18317448135964298,6
802,1,merge_courtesy,fixed,False,1.0,13,0,27.80128461713882,0.16657296926808654,0.2521302465474611,0.35482728481292725,17.85116193038696,18.00525132292587,-0.15408939253890638,nan,0.0,10,0,3,0,2.0,11.0,0.28492249071611014,5
803,1,merge_courtesy,fixed,False,1.0,12,0,29.22876198863091,0.7019944635063216,3.0074839753889426,1.657901108264923,16.07227592563489,16.72909758447157,-0.6568216588366819,nan,0.0,4,0,8,0,9.0,3.0,4.596513924998571,3
804,1,merge_courtesy,fixed,False,1.0,12,0,29.22876198863091,0.0,0.9620089317242958,0.31639059633016586,16.829097584471572,16.829097584471572,0.0,nan,0.0,9,0,3,0,8.0,4.0,0.0,4
805,1,merge_courtesy,fixed,False,1.0,13,0,28.461686595388827,1.931875077374814,0.6135084826624821,2.034635007381439,16.112821275980355,17.999368580126557,-1.886547304146203,nan,0.0,8,0,5,0,7.0,6.0,9.267223430837518,6
806,1,merge_courtesy,fixed,False,1.0,13,0,27.749774584894283,0.0,1.1931604849573523,0.5253034383058548,17.229174614073766,17.229174614073766,0.0,nan,0.0,7,0,6,0,11.0,2.0,0.0,2
807,1,merge_courtesy,fixed,False,1.0,13,0,27.80783877146805,0.0,0.6240229093965118,0.6881116405129433,17.259367991092123,17.259367991092123,0.0,nan,0.0,7,0,6,0,11.0,2.0,0.0,2
808,1,merge_courtesy,fixed,False,1.0,12,0,30.0,0.771235945456929,2.435818254401119,1.8226668909192085,16.369953908696314,17.099291829928735,-0.7293379212324242,nan,0.0,3,0,9,0,9.0,3.0,5.586012205999357,3
809,1,merge_courtesy,fixed,False,1.0,12,0,29.638203017832648,1.7170945319531228,2.0648734765991663,2.3045670986175537,15.549189617995102,17.225629278488405,-1.6764396604933034,nan,0.0,4,0,8,0,6.0,6.0,7.293756926681667,6
810,1,merge_courtesy,fixed,False,1.0,11,1,28.19191344322577,0.0,1.5569097726332726,0.47760823369026184,14.903733744948074,14.903733744948074,0.0,nan,0.0,7,0,4,0,8.0,3.0,0.0,3
811,1,merge_courtesy,fixed,False,1.0,12,0,30.0,5.300331940876316,0.0,4.316609650850296,13.45771565750814,17.749291998026376,-4.2915763405182386,nan,0.0,3,0,9,0,1.0,11.0,17.57959186688017,9
812,1,merge_courtesy,fixed,False,1.0,12,0,28.86696500646356,0.7099059869270912,4.081740548676671,1.7485243380069733,15.895530793676393,16.555435033031245,-0.6599042393548484,nan,0.0,4,0,8,0,9.0,3.0,4.749646362545628,3
813,1,merge_courtesy,fixed,False,1.0,12,0,30.0,0.7630957833203798,3.2199295301912385,1.7636836394667625,16.4724891010247,17.199291829928736,-0.7268027289040375,nan,0.0,4,0,8,0,8.0,4.0,4.096643821267222,4
814,1,merge_courtesy,fixed,False,1.0,13,0,28.135251062216373,0.6959298031189578,0.8627797224758551,0.9172694534063339,17.46840461020012,18.078670492746294,-0.6102658825461722,nan,0.0,8,0,5,0,4.0,9.0,2.2854616924457902,5
815,1,merge_courtesy,fixed,False,1.0,13,0,28.135251062216373,0.0,1.4157754073593847,0.41035648435354233,17.87867049310837,17.87867049310837,0.0,nan,0.0,9,0,4,0,6.0,7.0,0.0,3
816,1,merge_courtesy,fixed,False,1.0,12,0,30.0,0.0,2.2539115516856043,1.1512252762913704,16.999291829928737,16.999291829928737,0.0,nan,0.0,4,0,8,0,10.0,2.0,0.0,2
817,1,merge_courtesy,fixed,False,1.0,13,0,28.135251062216373,0.0,0.6791130458856949,0.5948139354586601,17.778670493108354,17.778670493108354,0.0,nan,0.0,8,0,5,0,7.0,6.0,0.0,2
818,1,merge_courtesy,fixed,False,1.0,12,0,29.22876198863091,1.4415325507832302,2.8231360930262825,2.33378504216671,15.437446204360915,16.829097584471572,-1.3916513801106565,nan,0.0,4,0,8,0,8.0,4.0,10.193690705544988,4
819,1,merge_courtesy,fixed,False,1.0,12,0,30.0,0.0,2.3136129408143224,1.168759785592556,16.999291829928737,16.999291829928737,0.0,nan,0.0,4,0,8,0,10.0,2.0,0.0,2
820,1,merge_courtesy,fixed,False,1.0,12,0,29.22166165477424,6.635911457992348,0.0,5.576447859406471,11.841698457323778,17.476397594291633,-5.634699136967857,nan,0.0,2,0,10,0,0.0,12.0,24.631489898474495,10
821,1,merge_courtesy,fixed,False,1.0,12,0,30.0,4.394160509978986,0.0,3.5575353503227234,14.31828188423985,17.749291998026376,-3.4310101137865274,nan,0.0,4,0,8,0,1.0,11.0,13.168712056301318,9
822,1,merge_courtesy,fixed,False,1.0,12,0,30.0,3.864634949684433,0.0,3.1336171627044678,14.935169145718056,17.849999999999998,-2.9148308542819414,nan,0.0,5,0,7,0,0.0,12.0,11.576949565670914,9
823,1,merge_courtesy,fixed,False,1.0,12,0,30.0,5.001184271503934,0.0,4.089025795459747,13.85295484595936,17.849999999999998,-3.997045154040637,nan,0.0,3,0,9,0,0.0,12.0,15.904586237391426,9
824,1,merge_courtesy,fixed,False,1.0,12,0,29.173908805018286,0.21035426576661795,0.7212705333496181,0.4509473964571953,16.70794718114331,16.90276805633693,-0.19482087519362093,nan,0.0,9,0,3,0,7.0,5.0,0.455462080934501,5
825,1,merge_courtesy,fixed,False,1.0,14,0,25.822611223350602,1.4791347715205654,0.0,1.1268878877162933,17.497686048599007,18.46066228507634,-0.96297623647733,nan,0.0,10,0,4,0,0.0,14.0,3.286845340681481,6
826,1,merge_courtesy,fixed,False,1.0,12,0,29.22876198863091,0.072506348859366,1.9838533307720594,0.604461058974266,17.02814689461188,17.02814689461188,0.0,nan,0.0,7,0,5,0,6.0,6.0,0.0,5
827,1,merge_courtesy,fixed,False,1.0,13,0,26.655102277460422,0.0,2.162890194068101,1.1246056109666824,16.65994501420816,16.65994501420816,0.0,nan,0.0,5,0,8,0,11.0,2.0,0.0,2
828,1,merge_courtesy,fixed,False,1.0,13,0,28.461686595388827,0.0,1.453442399143478,0.42139820009469986,17.699368859530928,17.699368859530928,0.0,nan,0.0,9,0,4,0,10.0,3.0,0.0,3
829,1,merge_courtesy,fixed,False,1.0,12,0,29.22876198863091,0.0,2.5884555759392613,0.8126256614923477,16.82814689461186,16.82814689461186,0.0,nan,0.0,5,0,7,0,8.0,4.0,0.0,3
830,1,merge_courtesy,fixed,False,1.0,12,0,30.0,0.0,2.5297180133048585,0.8568521589040756,17.199291829928736,17.199291829928736,0.0,nan,0.0,6,0,6,0,8.0,4.0,0.0,4
831,1,merge_courtesy,fixed,False,1.0,12,0,30.0,0.0,2.186869238046397,0.6588498912751675,17.199291829928736,17.199291829928736,0.0,nan,0.0,6,0,6,0,8.0,4.0,0.0,4
832,1,merge_courtesy,fixed,False,1.0,13,0,26.655102277460422,0.0,2.022656559761822,0.5268074497580528,16.958601751728402,16.958601751728402,0.0,nan,0.0,8,0,5,0,8.0,5.0,0.0,2
833,1,merge_courtesy,fixed,False,1.0,12,0,30.0,3.916928385417762,0.0,3.176566019654274,14.87643029376486,17.849999999999998,-2.9735697062351383,nan,0.0,5,0,7,0,0.0,12.0,11.778807569043096,9
834,1,merge_courtesy,fixed,False,1.0,13,0,27.415808139816725,0.0,0.5461105279864216,0.12803452461957932,17.255512062633425,17.255512062633425,0.0,nan,0.0,10,0,3,0,9.0,4.0,0.0,4
835,1,merge_courtesy,fixed,False,1.0,13,0,26.655102277460422,0.29473045483218163,0.847173220907766,0.8239580020308495,16.78546663982851,17.058601751728403,-0.2731351118998935,nan,0.0,8,0,5,0,7.0,6.0,1.4920557870513467,3
836,1,merge_courtesy,fixed,False,1.0,14,0,25.822611223350602,1.9357279080055638,0.0,1.4966455101966858,17.061023555651502,18.46066228507634,-1.3996387294248354,nan,0.0,9,0,5,0,0.0,14.0,5.2769801320427705,6
837,1,merge_courtesy,fixed,False,1.0,12,0,30.0,0.43977110293095706,1.8602783598998918,1.1161851063370705,16.985201264174556,17.399291829928735,-0.41409056575417835,nan,0.0,6,0,6,0,6.0,6.0,0.9447441406262698,6
838,1,merge_courtesy,fixed,False,1.0,12,0,30.0,0.593384901032028,3.7614904588109423,1.7179524973034859,16.566133265833,17.099291829928735,-0.5331585640957346,nan,0.0,3,0,9,0,9.0,3.0,3.2952466867886727,3
839,1,merge_courtesy,fixed,False,1.0,12,0,30.0,0.0,2.8393386775022416,0.9469031393527985,17.299291829928734,17.299291829928734,0.0,nan,0.0,6,0,6,0,7.0,5.0,0.0,5
840,1,merge_courtesy,fixed,False,1.0,13,0,27.42333905172183,1.3666378595307482,0.0,1.030615657567978,17.129700179972552,18.010136306895355,-0.8804361269227983,nan,0.0,9,0,4,0,0.0,13.0,2.7744212156371333,6
841,1,merge_courtesy,fixed,False,1.0,12,0,29.590558970798266,0.7021837589523376,3.2276667786986533,1.7165995091199875,16.25257665653046,16.9027601359119,-0.6501834793814407,nan,0.0,4,0,8,0,9.0,3.0,4.661973568815469,3
842,1,merge_courtesy,fixed,False,1.0,12,0,29.638203017832648,0.6922353289116512,1.0975705711405168,1.5513718873262405,16.282273174309356,16.925629278488408,-0.6433561041790503,nan,0.0,4,0,8,0,9.0,3.0,4.487878618281168,3
843,1,merge_courtesy,fixed,False,1.0,13,0,26.982300475863916,0.0,0.8879639784698878,0.2835910692811012,17.03008807737796,17.03008807737796,0.0,nan,0.0,10,0,3,0,9.0,4.0,0.0,4
844,1,merge_courtesy,fixed,False,1.0,13,0,27.03872567291224,2.125240457536726,0.0,1.6482479870319366,16.24032868470607,17.810137349914363,-1.56980866520829,nan,0.0,8,0,5,0,0.0,13.0,6.442071942143556,6
845,1,merge_courtesy,fixed,False,1.0,12,0,30.0,4.775300304009058,0.0,3.878877729177475,13.949759256073696,17.749291998026376,-3.7995327419526816,nan,0.0,4,0,8,0,1.0,11.0,15.84506983179736,9
846,1,merge_courtesy,fixed,False,1.0,12,0,30.0,0.0,2.5534130702422178,1.03553257137537,16.999291829928737,16.999291829928737,0.0,nan,0.0,4,0,8,0,10.0,2.0,0.0,2
847,1,merge_courtesy,fixed,False,1.0,13,0,27.80128461713882,0.0,1.033639053535078,0.6644290387630463,17.60500794166679,17.60500794166679,0.0,nan,0.0,7,0,6,0,7.0,6.0,0.0,2
848,1,merge_courtesy,fixed,False,1.0,12,0,30.0,2.1645972494429278,2.085533326120734,2.666252911090851,15.300602203094424,17.399291829928735,-2.098689626834311,nan,0.0,3,0,9,0,6.0,6.0,9.581256417530431,6
849,1,merge_courtesy,fixed,False,1.0,12,0,30.0,0.4682923371075769,2.2024721079755496,1.1892940774559975,16.86725081553337,17.299291829928734,-0.4320410143953644,nan,0.0,5,0,7,0,7.0,5.0,1.242816191697915,5
850,1,merge_courtesy,fixed,False,1.0,12,0,29.22876198863091,0.22609969918876757,0.8057446119651099,0.7343738451600075,16.535290624884237,16.72909758447157,-0.19380695958733382,nan,0.0,7,0,5,0,9.0,3.0,0.7512227516897289,3
851,1,merge_courtesy,fixed,False,1.0,12,0,30.0,3.0729969467954152,0.0,2.5299617163836956,15.735697724195736,17.849999999999998,-2.114302275804262,nan,0.0,6,0,6,0,0.0,12.0,8.908598368846079,9
852,1,merge_courtesy,fixed,False,1.0,9,1,29.51760402377686,1.9434264897242688,0.0,1.522805005311966,11.890648304910298,13.22633744855967,-1.3356891436493732,nan,0.0,4,0,5,0,0.0,9.0,5.31431723990146,6
853,1,merge_courtesy,fixed,False,1.0,12,0,30.0,5.80333367645002,0.0,4.763684049248695,13.037803869857687,17.849999999999998,-4.812196130142311,nan,0.0,3,0,9,0,0.0,12.0,21.00232562608359,9
854,1,merge_courtesy,fixed,False,1.0,12,0,29.638203017832648,3.6518813075193335,0.0,2.9538957327604294,14.962163955746014,17.676337448559668,-2.7141734928136554,nan,0.0,5,0,7,0,0.0,12.0,10.246048154841182,9
855,1,merge_courtesy,fixed,False,1.0,12,0,30.0,0.5441586615663889,2.351770866396178,1.3026476353406906,16.7898466544115,17.299291829928734,-0.5094451755172328,nan,0.0,5,0,7,0,7.0,5.0,1.6764532007072717,5
856,1,merge_courtesy,fixed,False,1.0,12,0,30.0,0.7576815489724098,3.152285388370069,1.5709050968289375,16.476446802104746,17.199291829928736,-0.7228450278239882,nan,0.0,5,0,7,0,8.0,4.0,4.037456317545377,4
857,1,merge_courtesy,fixed,False,1.0,12,0,30.0,5.0242888959776035,0.0,4.122285649180412,13.705799108957526,17.749291998026376,-4.043492889068852,nan,0.0,4,0,8,0,1.0,11.0,17.133982761514293,9
858,1,merge_courtesy,fixed,False,1.0,12,0,29.22876198863091,0.19794081458110085,3.4574856770500206,1.282634973526001,16.478003213368428,16.629097584471573,-0.15109437110314514,nan,0.0,4,0,8,0,10.0,2.0,0.6848852693716481,2
859,1,merge_courtesy,fixed,False,1.0,13,0,27.415808139816725,0.0,0.8115775669635068,0.2596699371933937,17.255512062633425,17.255512062633425,0.0,nan,0.0,10,0,3,0,9.0,4.0,0.0,4
860,1,merge_courtesy,fixed,False,1.0,13,0,27.750637683406776,0.0,1.4688128342027376,0.435650035738945,17.728671536122153,17.728671536122153,0.0,nan,0.0,9,0,4,0,5.0,8.0,0.0,3
861,1,merge_courtesy,fixed,False,1.0,13,0,27.80128461713882,0.0,2.4949062226884866,0.7287411913275719,17.60500794166679,17.60500794166679,0.0,nan,0.0,8,0,5,0,7.0,6.0,0.0,2
862,1,merge_courtesy,fixed,False,1.0,13,0,27.693449821127423,0.0,1.4103825175663567,0.5526769980788231,17.299885736914995,17.299885736914995,0.0,nan,0.0,8,0,5,0,10.0,3.0,0.0,3
863,1,merge_courtesy,fixed,False,1.0,13,0,27.750637683406776,0.0,0.0,0.0,18.078529588169122,18.078529588169122,0.0,nan,0.0,13,0,0,0,1.0,12.0,0.0,5
864,1,merge_courtesy,fixed,False,1.0,12,0,29.22166165477424,0.0,3.3187140812861937,0.8497916236519814,16.82568942422037,16.82568942422037,0.0,nan,0.0,6,0,6,0,8.0,4.0,0.0,4
865,1,merge_courtesy,fixed,False,1.0,12,0,29.22876198863091,0.3318897364662385,4.534424528360991,1.5112943425774574,16.321776412322723,16.629097584471573,-0.3073211721488498,nan,0.0,4,0,8,0,10.0,2.0,2.833389085528289,2
866,1,merge_courtesy,fixed,False,1.0,12,0,28.813046846239462,0.0,0.9155812947220905,0.3001311123371124,16.777894249812945,16.777894249812945,0.0,nan,0.0,9,0,3,0,5.0,7.0,0.0,4
867,1,merge_courtesy,fixed,False,1.0,13,0,28.135251062216373,0.0,0.2973690855352161,0.20041248202323914,18.278935283709473,18.278935283709473,0.0,nan,0.0,12,0,1,0,1.0,12.0,0.0,6
868,1,merge_courtesy,fixed,False,1.0,13,0,27.039601997206645,0.8813337991403483,1.0481572619351511,1.4265919923782349,16.651155759727313,17.408931795059562,-0.7577760353322487,nan,0.0,6,0,7,0,5.0,8.0,4.397131991287743,4
869,1,merge_courtesy,fixed,False,1.0,12,0,30.0,0.6841443343310424,4.052198850709594,1.873521864414215,16.468282554887917,17.099291829928735,-0.6310092750408163,nan,0.0,3,0,9,0,9.0,3.0,4.418235213867618,3
870,1,merge_courtesy,fixed,False,1.0,12,0,30.0,4.648586730281384,0.0,3.7736064791679382,14.159689156326483,17.849999999999998,-3.690310843673515,nan,0.0,4,0,8,0,0.0,12.0,14.699756405884804,9
871,1,merge_courtesy,fixed,False,1.0,13,0,27.80128461713882,2.207492719238339,0.0,1.7287820875644684,16.603460409956302,18.206668000912188,-1.6032075909558845,nan,0.0,8,0,5,0,0.0,13.0,6.878264549451306,6
872,1,merge_courtesy,fixed,False,1.0,12,0,29.2224878754412,0.600195158008555,0.9124603422220007,0.873894140124321,16.358204627849958,16.92608601014051,-0.5678813822905535,nan,0.0,8,0,4,0,7.0,5.0,2.0425320498185497,5
873,1,merge_courtesy,fixed,False,1.0,13,0,28.461686595388827,0.0,0.5989191203704657,0.167196873575449,17.79936885953092,17.79936885953092,0.0,nan,0.0,10,0,3,0,9.0,4.0,0.0,4
874,1,merge_courtesy,fixed,False,1.0,12,0,29.22876198863091,0.2666748874744994,3.3728241268964374,1.1922008097171783,16.58733261784677,16.82814689461186,-0.24081427676509046,nan,0.0,4,0,8,0,8.0,4.0,1.1598303178778717,3
875,1,merge_courtesy,fixed,False,1.0,13,0,26.654988618397052,1.2743681162450293,0.0,0.947827085852623,16.806167694649336,17.610594081566468,-0.8044263869171318,nan,0.0,9,0,4,0,0.0,13.0,2.37164832233303,6
876,1,merge_courtesy,fixed,False,1.0,12,0,28.813046846239462,0.20695418057283083,0.7054876548653822,0.43736618757247925,16.886387473062005,17.078846087302693,-0.19245861424068766,nan,0.0,9,0,3,0,2.0,10.0,0.44448381834534983,5
877,1,merge_courtesy,fixed,False,1.0,13,0,27.416671238329222,0.9652972643932638,1.6701307815215118,1.4083379954099655,16.798918453561164,17.655008984324976,-0.8560905307638076,nan,0.0,7,0,6,0,4.0,9.0,4.89721464111744,4
878,1,merge_courtesy,fixed,False,1.0,12,0,29.22876198863091,0.2669602714499568,0.35975682372634155,0.6412400081753731,16.92930341726352,17.178389407547623,-0.24908599028410439,nan,0.0,8,0,4,0,3.0,9.0,0.930657458337194,4
879,1,merge_courtesy,fixed,False,1.0,12,0,28.86696500646356,0.0,0.4173378898474663,0.1297914907336235,16.755435033031244,16.755435033031244,0.0,nan,0.0,10,0,2,0,7.0,5.0,0.0,5
880,1,merge_courtesy,fixed,False,1.0,12,0,29.22876198863091,0.45493024033656704,3.7757092325719475,1.6310977041721344,16.385775715101044,16.72909758447157,-0.3433218693705264,nan,0.0,3,0,9,0,9.0,3.0,2.3573981197614557,3
881,1,merge_courtesy,fixed,False,1.0,12,0,29.22876198863091,0.0,0.5634676401428184,0.3385012447834015,16.92909758447157,16.92909758447157,0.0,nan,0.0,9,0,3,0,7.0,5.0,0.0,5
882,1,merge_courtesy,fixed,False,1.0,12,0,29.638203017832648,5.12124984707922,0.0,4.227097988128662,13.534201829598189,17.676337448559668,-4.1421356189614835,nan,0.0,4,0,8,0,0.0,12.0,17.821341559466042,9
883,1,merge_courtesy,fixed,False,1.0,12,0,30.0,0.0,3.484615512563159,1.086405873298645,16.999291829928737,16.999291829928737,0.0,nan,0.0,4,0,8,0,10.0,2.0,0.0,2
884,1,merge_courtesy,fixed,False,1.0,13,0,26.60359224521589,0.0,1.597806626801224,0.579721249639988,16.633159797441,16.633159797441,0.0,nan,0.0,8,0,5,0,11.0,2.0,0.0,2
885,1,merge_courtesy,fixed,False,1.0,14,0,25.465470228741687,0.0,1.47353084814962,0.5095818415284157,17.25995515802408,17.25995515802408,0.0,nan,0.0,9,0,5,0,12.0,2.0,0.0,2
886,1,merge_courtesy,fixed,False,1.0,12,0,29.22876198863091,0.31809142202478974,1.4594831762949498,0.9025123342871666,16.43238489703323,16.72909758447157,-0.2967126874383418,nan,0.0,7,0,5,0,9.0,3.0,1.7607683777376621,3
887,1,merge_courtesy,fixed,False,1.0,13,0,27.750637683406776,0.13085653508200745,0.604697915063285,0.32326728850603104,17.71877041308873,17.828689026415606,-0.10991861332687339,nan,0.0,10,0,3,0,5.0,8.0,0.14498521866843248,5
888,1,merge_courtesy,fixed,False,1.0,13,0,27.42333905172183,1.632699131278244,0.0,1.2335719093680382,16.975878594922506,18.010136306895355,-1.034257711972846,nan,0.0,8,0,5,0,0.0,13.0,3.659815852325598,6
889,1,merge_courtesy,fixed,False,1.0,13,0,26.655102277460422,0.3134069223850972,0.0,0.22577624022960663,17.586576607718687,17.61065318427942,-0.02407657656073249,nan,0.0,12,0,1,0,0.0,13.0,0.005796815388848131,6
890,1,merge_courtesy,fixed,False,1.0,12,0,29.22876198863091,0.0,1.5650793492334953,0.5125664323568344,17.02814689461188,17.02814689461188,0.0,nan,0.0,8,0,4,0,6.0,6.0,0.0,5
891,1,merge_courtesy,fixed,False,1.0,12,0,30.0,0.696916122858605,4.057750224007096,1.7321003079414368,16.453689888723797,17.099291829928735,-0.6456019412049383,nan,0.0,4,0,8,0,9.0,3.0,4.578096859385255,3
892,1,merge_courtesy,fixed,False,1.0,13,0,28.461686595388827,0.0,0.6225330868654436,0.1769413910806179,17.79936885953092,17.79936885953092,0.0,nan,0.0,10,0,3,0,9.0,4.0,0.0,4
893,1,merge_courtesy,fixed,False,1.0,13,0,26.59679183306397,0.0,0.788468187138224,0.3583071455359459,17.478528362438773,17.478528362438773,0.0,nan,0.0,9,0,4,0,1.0,12.0,0.0,7
894,1,merge_courtesy,fixed,False,1.0,12,0,28.813046846239462,0.031281945502511274,3.0706682146617625,0.8513543102890253,16.529554316123676,16.529554316123676,0.0,nan,0.0,5,0,7,0,9.0,3.0,0.0,3
895,1,merge_courtesy,fixed,False,1.0,12,0,29.638203017832648,3.361934055562025,0.0,2.7401099652051926,15.232777544122648,17.676337448559668,-2.443559904437021,nan,0.0,6,0,6,0,0.0,12.0,9.956563543621721,9
896,1,merge_courtesy,fixed,False,1.0,12,0,30.0,3.9196762412624184,0.0,3.2183890640735626,14.868998531585637,17.849999999999998,-2.9810014684143624,nan,0.0,5,0,7,0,0.0,12.0,11.718994824458683,9
897,1,merge_courtesy,fixed,False,1.0,13,0,27.366022562930425,0.0,0.2845237752922206,0.18405714631080627,17.930331732723822,17.930331732723822,0.0,nan,0.0,12,0,1,0,0.0,13.0,0.0,6
898,1,merge_courtesy,fixed,False,1.0,13,0,27.415808139816725,0.11305555196727601,0.5882083664848634,0.30835581570863724,17.268188802904124,17.355512062632858,-0.08732325972873385,nan,0.0,10,0,3,0,8.0,5.0,0.09150422027582295,5
899,1,merge_courtesy,fixed,False,1.0,12,0,30.0,3.9059645467444297,0.0,3.1703168004751205,14.879125628272071,17.849999999999998,-2.9708743717279282,nan,0.0,5,0,7,0,0.0,12.0,11.582301500008988,9
900,1,merge_courtesy,fixed,False,1.0,12,0,30.0,0.3078837298605856,2.373232992620857,1.352605052292347,16.81200850359407,17.099291829928735,-0.2872833263346664,nan,0.0,4,0,8,0,9.0,3.0,1.6506341917982088,3
901,1,merge_courtesy,fixed,False,1.0,12,0,30.0,0.0,2.754851666327424,0.885756641626358,17.099291829928735,17.099291829928735,0.0,nan,0.0,5,0,7,0,9.0,3.0,0.0,3
902,1,merge_courtesy,fixed,False,1.0,12,0,28.813046846239462,0.1981620064388598,0.34828515014168104,0.38906848430633545,16.92862591147164,17.128845808208624,-0.20021989673698143,nan,0.0,10,0,2,0,2.0,10.0,0.4008800704936751,6
903,1,merge_courtesy,fixed,False,1.0,12,0,30.0,1.9082489236352447,2.1817678272130507,2.515438601374626,15.535772170249977,17.399291829928735,-1.863519659678758,nan,0.0,4,0,8,0,6.0,6.0,9.036312364350835,6
904,1,merge_courtesy,fixed,False,1.0,13,0,27.039588771424725,0.0,2.060564944671136,0.6753684729337692,16.85987799106959,16.85987799106959,0.0,nan,0.0,7,0,6,0,11.0,2.0,0.0,2
905,1,merge_courtesy,fixed,False,1.0,13,0,27.42420215023432,1.2505677649382236,3.4386195976326914,2.0871173441410065,16.06597224574752,17.259876948050582,-1.193904702303061,nan,0.0,5,0,8,0,9.0,4.0,7.701577407858412,4
906,1,merge_courtesy,fixed,False,1.0,12,0,28.805837709661215,1.2570051962826851,0.494742009002057,1.4818091541528702,15.68190250978537,16.826093651828938,-1.1441911420435655,nan,0.0,6,0,6,0,6.0,6.0,4.220663864209077,6
907,1,merge_courtesy,fixed,False,1.0,13,0,28.136114160728862,1.400054417950305,1.1665827952648478,1.6846701130270958,16.425659969946107,17.730071193507744,-1.3044112235616363,nan,0.0,7,0,6,0,8.0,5.0,7.026463755473981,5
908,1,merge_courtesy,fixed,False,1.0,12,0,30.0,0.20928979219178687,2.0823082019845183,0.9386098310351372,17.099583498775733,17.299291829928734,-0.19970833115300196,nan,0.0,6,0,6,0,7.0,5.0,0.4786010103830051,5
909,1,merge_courtesy,fixed,False,1.0,12,0,28.86696500646356,0.0,2.7683037208657066,0.8064317889511585,16.555435033031245,16.555435033031245,0.0,nan,0.0,5,0,7,0,9.0,3.0,0.0,3
910,1,merge_courtesy,fixed,False,1.0,13,0,27.42420215023432,0.0,2.9201135452994533,0.750493586063385,16.95987694805058,16.95987694805058,0.0,nan,0.0,7,0,6,0,12.0,1.0,0.0,1
911,1,merge_courtesy,fixed,False,1.0,12,0,29.22876198863091,0.8161694195191704,3.1919978643429046,1.8590522482991219,16.050072434751986,16.82814689461186,-0.7780744598598748,nan,0.0,3,0,9,0,8.0,4.0,6.270715019493356,3
912,1,merge_courtesy,fixed,False,1.0,12,0,30.0,0.0,3.083032531848742,1.0112738385796547,17.198583827955115,17.198583827955115,0.0,nan,0.0,5,0,7,0,8.0,4.0,0.0,3
913,1,merge_courtesy,fixed,False,1.0,13,0,26.655102277460422,2.0645362329893078,0.0,1.6026707142591476,16.106459775720882,17.61065318427942,-1.5041934085585373,nan,0.0,8,0,5,0,0.0,13.0,6.024529049316456,6
914,1,merge_courtesy,fixed,False,1.0,13,0,27.4166542998585,0.12103197540208621,0.575288630638115,0.3882507085800171,17.61859617856265,17.855015267879313,-0.23641908931666278,nan,0.0,10,0,3,0,2.0,11.0,0.2937906483232382,6
915,1,merge_courtesy,fixed,False,1.0,12,0,30.0,5.453931177042181,0.0,4.445862457156181,13.281639818435432,17.749291998026376,-4.467652179590947,nan,0.0,3,0,9,0,1.0,11.0,18.27907026382674,9
916,1,merge_courtesy,fixed,False,1.0,13,0,27.750637683406776,0.0,0.3216224939924664,0.22879788279533386,17.93431005151497,18.02867248049455,-0.09436242897957911,nan,0.0,12,0,1,0,2.0,11.0,0.08904268002926112,6
917,1,merge_courtesy,fixed,False,1.0,13,0,27.80128461713882,0.9864492505529042,1.0226300844258156,1.2554068714380264,16.98464805826756,17.90500794130473,-0.9203598830371698,nan,0.0,8,0,5,0,4.0,9.0,3.9315931387559657,5
918,1,merge_courtesy,fixed,False,1.0,12,0,29.221552852052668,0.0,1.9897729203974979,0.5550572350621223,16.625637198914013,16.625637198914013,0.0,nan,0.0,7,0,5,0,10.0,2.0,0.0,2
919,1,merge_courtesy,fixed,False,1.0,13,0,27.42333905172183,1.9665590661219636,0.5515064577468198,1.9759877920150757,15.933983788106184,17.80847624496894,-1.8744924568627541,nan,0.0,7,0,6,0,3.0,10.0,8.170608224831975,6
920,1,merge_courtesy,fixed,False,1.0,12,0,29.22876198863091,0.0,0.16286551004891775,0.44588544964790344,16.629097584471573,16.629097584471573,0.0,nan,0.0,7,0,5,0,10.0,2.0,0.0,2
921,1,merge_courtesy,fixed,False,1.0,12,0,28.812111822850934,0.0,0.46763917075041833,0.1580839678645134,16.729105504896605,16.729105504896605,0.0,nan,0.0,10,0,2,0,7.0,5.0,0.0,5
922,1,merge_courtesy,fixed,False,1.0,12,0,29.2224878754412,0.0,0.9725057052661599,0.3185204714536667,16.826086010140507,16.826086010140507,0.0,nan,0.0,9,0,3,0,8.0,4.0,0.0,4
923,1,merge_courtesy,fixed,False,1.0,12,0,30.0,0.0,0.10897051419786805,0.14445127546787262,17.299291829928734,17.299291829928734,0.0,nan,0.0,10,0,2,0,7.0,5.0,0.0,5
924,1,merge_courtesy,fixed,False,1.0,13,0,27.750637683406776,0.0,1.1966337852517765,0.34128039330244064,17.728671536122153,17.728671536122153,0.0,nan,0.0,9,0,4,0,5.0,8.0,0.0,3
925,1,merge_courtesy,fixed,False,1.0,13,0,27.42333905172183,0.7197624337122216,1.6428545441107731,1.3165433779358864,16.830208867439715,17.50847624639149,-0.6782673789517697,nan,0.0,7,0,6,0,6.0,7.0,4.8283889466769905,3
926,1,merge_courtesy,fixed,False,1.0,12,0,29.2224878754412,1.1862251651623517,1.7815308100153167,1.6307943910360336,15.69881678678503,16.826086010140507,-1.1272692233554777,nan,0.0,6,0,6,0,8.0,4.0,6.93737534240557,4
927,1,merge_courtesy,fixed,False,1.0,13,0,26.654988618397052,2.357985834467314,0.0,1.8702116906642914,15.868136991670578,17.610594081566468,-1.7424570898958913,nan,0.0,8,0,5,0,0.0,13.0,7.932992605610892,6
928,1,merge_courtesy,fixed,False,1.0,14,0,25.775581927742277,0.0,2.1219320768247503,0.5940281674265862,17.43361770946441,17.43361770946441,0.0,nan,0.0,9,0,5,0,12.0,2.0,0.0,2
929,1,merge_courtesy,fixed,False,1.0,12,0,30.0,1.2384936162065294,2.697997035283824,2.045306012034416,16.106304102051453,17.299291829928734,-1.1929877278772794,nan,0.0,4,0,8,0,7.0,5.0,6.014046428159003,5
930,1,merge_courtesy,fixed,False,1.0,12,0,30.0,4.4945672282834686,0.0,3.662016347050667,14.340636883743942,17.849999999999998,-3.5093631162560572,nan,0.0,4,0,8,0,0.0,12.0,14.096932001955285,9
931,1,merge_courtesy,fixed,False,1.0,13,0,27.80128461713882,2.761841482905158,0.0,2.1913835406303406,16.12377469621928,18.206668000912188,-2.082893304692909,nan,0.0,7,0,6,0,0.0,13.0,9.792554271384418,6
932,1,merge_courtesy,fixed,False,1.0,12,0,29.638203017832648,0.728577881012057,1.9144765240502246,1.650401547551155,16.24582504207508,16.925629278488408,-0.6798042364133272,nan,0.0,4,0,8,0,9.0,3.0,5.008934378883168,3
933,1,merge_courtesy,fixed,False,1.0,13,0,26.655102277460422,2.282859162803547,0.0,1.7908413410186768,15.945944428073178,17.61065318427942,-1.6647087562062417,nan,0.0,8,0,5,0,0.0,13.0,7.371446184765389,6
934,1,merge_courtesy,fixed,False,1.0,13,0,27.42333905172183,1.5746256353141659,1.22578430784784,1.854723185300827,16.25051060208146,17.708476246029413,-1.4579656439479545,nan,0.0,7,0,6,0,4.0,9.0,8.045202135607227,5
935,1,merge_courtesy,fixed,False,1.0,12,0,28.813046846239462,0.3175402865115475,0.0,0.23118899762630463,17.2033805935852,17.28026248619494,-0.07688189260973873,nan,0.0,11,0,1,0,0.0,12.0,0.05910825411255397,6
936,1,merge_courtesy,fixed,False,1.0,12,0,30.0,4.707534492280656,0.0,3.8702748119831085,14.092109044689217,17.849999999999998,-3.7578909553107835,nan,0.0,4,0,8,0,0.0,12.0,14.941487496228056,9
937,1,merge_courtesy,fixed,False,1.0,12,0,29.638203017832648,4.32079788199545,0.0,3.4976308941841125,14.330789315427644,17.676337448559668,-3.345548133132024,nan,0.0,4,0,8,0,0.0,12.0,13.11384338589611,9
938,1,merge_courtesy,fixed,False,1.0,12,0,30.0,3.938412383208246,0.0,3.203340694308281,14.853385651941956,17.849999999999998,-2.9966143480580425,nan,0.0,5,0,7,0,0.0,12.0,11.8775527187263,9
939,1,merge_courtesy,fixed,False,1.0,12,0,29.583458636941597,0.0,3.404616491053852,1.0401758328080177,16.7993519756607,16.7993519756607,0.0,nan,0.0,4,0,8,0,10.0,2.0,0.0,2
940,1,merge_courtesy,fixed,False,1.0,13,0,27.42420215023432,0.0,3.1067194212808023,0.8845159485936165,17.15987694805058,17.15987694805058,0.0,nan,0.0,7,0,6,0,10.0,3.0,0.0,3
941,1,merge_courtesy,fixed,False,1.0,13,0,27.42333905172183,1.2939151662904051,0.0,0.9723813086748123,17.220358966137695,18.010136306895355,-0.7897773407576545,nan,0.0,9,0,4,0,0.0,13.0,2.410731821729589,6
942,1,merge_courtesy,fixed,False,1.0,13,0,27.80128461713882,1.641915454737346,0.0,1.269248515367508,17.102746782388717,18.206668000912188,-1.1039212185234697,nan,0.0,9,0,4,0,0.0,13.0,4.200884228910549,6
943,1,merge_courtesy,fixed,False,1.0,12,0,29.22876198863091,1.5648496393137123,2.859952357264217,2.368409678339958,15.526893767927762,16.92909758447157,-1.4022038165438104,nan,0.0,3,0,9,0,7.0,5.0,8.047398499858264,5
944,1,merge_courtesy,fixed,False,1.0,13,0,26.655102277460422,0.5380967061637701,2.190429497171393,1.1487497463822365,16.60009695743235,17.058601751728403,-0.45850479429605445,nan,0.0,7,0,6,0,7.0,6.0,2.7746152555279244,3
945,1,merge_courtesy,fixed,False,1.0,12,0,29.583458636941597,0.0,4.630264489262472,1.1456045880913734,16.899351975660696,16.899351975660696,0.0,nan,0.0,4,0,8,0,9.0,3.0,0.0,3
946,1,merge_courtesy,fixed,False,1.0,12,0,30.0,0.0,2.2665362715926687,1.0805946364998817,16.999291829928737,16.999291829928737,0.0,nan,0.0,4,0,8,0,10.0,2.0,0.0,2
947,1,merge_courtesy,fixed,False,1.0,12,0,29.22876198863091,0.763487975605591,3.9406676444201962,1.7733836024999619,16.10416786792591,16.82814689461186,-0.7239790266859526,nan,0.0,4,0,8,0,8.0,4.0,5.45778478091916,3
948,1,merge_courtesy,fixed,False,1.0,12,0,29.2224878754412,1.1887249124981416,1.0626649794306897,1.580864429473877,15.777558582048902,16.92608601014051,-1.1485274280916051,nan,0.0,6,0,6,0,7.0,5.0,5.510315553207198,5
949,1,merge_courtesy,fixed,False,1.0,12,0,30.0,0.0,0.9002194668746992,0.7939227446913719,16.999291829928737,16.999291829928737,0.0,nan,0.0,5,0,7,0,10.0,2.0,0.0,2
950,1,merge_courtesy,fixed,False,1.0,12,0,30.0,0.5311570647596946,2.2215134549190863,1.2635165452957153,16.79508369586131,17.299291829928734,-0.5042081340674238,nan,0.0,5,0,7,0,7.0,5.0,1.6016607810401524,5
951,1,merge_courtesy,fixed,False,1.0,13,0,27.750637683406776,0.0,1.9017048819128233,0.5025075897574425,17.62867153612738,17.62867153612738,0.0,nan,0.0,8,0,5,0,6.0,7.0,0.0,2
952,1,merge_courtesy,fixed,False,1.0,11,1,29.092083812236524,0.0,0.6368939518379433,0.17644469067454338,15.399808707312793,15.399808707312793,0.0,nan,0.0,8,0,3,0,7.0,4.0,0.0,4
953,1,merge_courtesy,fixed,False,1.0,13,0,27.80128461713882,0.0,0.3181588337654044,0.22813662886619568,18.053515732434434,18.105272732269142,-0.0517569998347068,nan,0.0,12,0,1,0,1.0,12.0,0.0267878703188984,6
954,1,merge_courtesy,fixed,False,1.0,14,0,25.822489713193225,0.0,0.27720017483443093,0.07552470080554485,18.510594239388208,18.510594239388208,0.0,nan,0.0,12,0,2,0,0.0,14.0,0.0,6
955,1,merge_courtesy,fixed,False,1.0,13,0,27.80793920474951,1.5127161688730886,0.0,1.1529048383235931,17.19363056582974,18.210128386469744,-1.0164978206400028,nan,0.0,9,0,4,0,0.0,13.0,3.5589774726367502,6
956,1,merge_courtesy,fixed,False,1.0,12,0,30.0,0.2722522239046876,1.6060291872847385,1.313168741762638,16.85509071032705,17.099291829928735,-0.24420111960168384,nan,0.0,4,0,8,0,9.0,3.0,1.192683736294318,3
957,1,merge_courtesy,fixed,False,1.0,12,0,30.0,4.028496921778977,0.0,3.2748736143112183,14.757870844574697,17.849999999999998,-3.0921291554253014,nan,0.0,5,0,7,0,0.0,12.0,12.315390738379083,9
958,1,merge_courtesy,fixed,False,1.0,12,0,30.0,0.8184982208448067,1.8964004274026922,1.4762681424617767,16.63825752918493,17.399291829928735,-0.7610343007438027,nan,0.0,5,0,7,0,6.0,6.0,2.2713091020912373,6
959,1,merge_courtesy,fixed,False,1.0,12,0,29.22166165477424,6.099674118562319,0.0,5.080020725727081,12.337248511526335,17.476397594291633,-5.139149082765301,nan,0.0,2,0,10,0,0.0,12.0,21.23997209951711,10
960,1,merge_courtesy,fixed,False,1.0,13,0,27.750637683406776,0.0,0.8036185890026246,0.25060490891337395,17.828671535765306,17.828671535765306,0.0,nan,0.0,10,0,3,0,4.0,9.0,0.0,4
961,1,merge_courtesy,fixed,False,1.0,12,0,30.0,0.21867271665812066,3.508844735438223,1.3194516971707344,16.8222469957349,16.999291829928737,-0.17704483419383515,nan,0.0,4,0,8,0,10.0,2.0,0.9403461994416773,2
962,1,merge_courtesy,fixed,False,1.0,12,0,29.22876198863091,0.7016370204213089,0.9451026096369801,0.9890056923031807,16.252842931047102,16.92909758447157,-0.676254653424468,nan,0.0,8,0,4,0,7.0,5.0,2.812604226941329,5
963,1,merge_courtesy,fixed,False,1.0,12,0,29.22876198863091,0.21424463817725634,0.7298236148756643,0.45633334666490555,16.730460486175755,16.92909758447157,-0.19863709829581777,nan,0.0,9,0,3,0,7.0,5.0,0.4734803618325884,5
964,1,merge_courtesy,fixed,False,1.0,13,0,27.038708734441514,0.0,0.4148167914718502,0.1710042580962181,17.810128541909588,17.810128541909588,0.0,nan,0.0,11,0,2,0,0.0,13.0,0.0,6
965,1,merge_courtesy,fixed,False,1.0,13,0,27.750637683406776,0.0,0.9299527798823823,0.3063214346766472,17.828671535765306,17.828671535765306,0.0,nan,0.0,10,0,3,0,4.0,9.0,0.0,4
966,1,merge_courtesy,fixed,False,1.0,12,0,30.0,0.23684194579199797,3.769735825980142,1.3648378774523735,16.799922065508547,16.999291829928737,-0.19936976442019125,nan,0.0,4,0,8,0,10.0,2.0,1.1924490889488766,2
967,1,merge_courtesy,fixed,False,1.0,13,0,27.032038919823695,0.0,0.79563224514085,0.31193026155233383,17.659051886547424,17.806660238308318,-0.14760835176089412,nan,0.0,10,0,3,0,0.0,13.0,0.21788225509567857,6
968,1,merge_courtesy,fixed,False,1.0,12,0,29.638203017832648,0.0,3.2200521368157893,0.9722106754779816,16.82562927848841,16.82562927848841,0.0,nan,0.0,5,0,7,0,10.0,2.0,0.0,2
969,1,merge_courtesy,fixed,False,1.0,12,0,30.0,1.9897567615541867,2.954998691840389,2.778826132416725,15.364060994846309,17.299291829928734,-1.9352308350824257,nan,0.0,3,0,9,0,7.0,5.0,11.860446925541783,5
970,1,merge_courtesy,fixed,False,1.0,13,0,28.135251062216373,1.487737649000621,0.0,1.1350404620170593,17.41174685075967,18.38033055235252,-0.9685837015928445,nan,0.0,9,0,4,0,0.0,13.0,3.325713910297902,6
971,1,merge_courtesy,fixed,False,1.0,12,0,29.2224878754412,0.6717606214261465,1.588361637637032,1.1245574951171875,16.19776840885573,16.826086010140507,-0.6283176012847771,nan,0.0,7,0,5,0,8.0,4.0,3.1519675444140134,4
972,1,merge_courtesy,fixed,False,1.0,12,0,29.638203017832648,3.5762347081226644,0.0,2.8983689323067665,15.067558945643913,17.676337448559668,-2.608778502915756,nan,0.0,5,0,7,0,0.0,12.0,10.113949668596824,9
973,1,merge_courtesy,fixed,False,1.0,14,0,25.465470228741687,2.9157914221620196,0.0,2.324986070394516,16.081037244767636,18.260663328095347,-2.1796260833277112,nan,0.0,8,0,6,0,0.0,14.0,10.989328017753513,6
974,1,merge_courtesy,fixed,False,1.0,12,0,28.86696500646356,0.8460894479115499,2.5025546203245086,1.7100593447685242,15.842728437057952,16.655435033031242,-0.8127065959732904,nan,0.0,5,0,7,0,8.0,4.0,5.072881919700315,4
975,1,merge_courtesy,fixed,False,1.0,12,0,29.638203017832648,0.0,3.532500682332723,1.091682143509388,16.82562927848841,16.82562927848841,0.0,nan,0.0,4,0,8,0,10.0,2.0,0.0,2
976,1,merge_courtesy,fixed,False,1.0,13,0,28.135251062216373,0.16130428113181672,0.6337570347898527,0.3609336242079735,18.03377444926796,18.178913874366195,-0.1451394250982353,nan,0.0,10,0,3,0,2.0,11.0,0.2527854326141551,5
977,1,merge_courtesy,fixed,False,1.0,12,0,29.638203017832648,0.0,2.8390651170261227,0.9317968338727951,16.925629278488408,16.925629278488408,0.0,nan,0.0,5,0,7,0,9.0,3.0,0.0,3
978,1,merge_courtesy,fixed,False,1.0,13,0,28.127689986058634,0.0,0.8615865141544624,0.44836393371224403,17.759630647284297,17.925462997799144,-0.1658323505148493,nan,0.0,10,0,3,0,6.0,7.0,0.23571744409097,7
979,1,merge_courtesy,fixed,False,1.0,12,0,30.0,4.0338216713894735,0.0,3.3145594000816345,14.66794312149408,17.749291998026376,-3.0813488765322985,nan,0.0,5,0,7,0,1.0,11.0,12.55368298179066,9
980,1,merge_courtesy,fixed,False,1.0,13,0,27.42420215023432,1.872467715019336,0.0,1.4468651413917542,16.690706097664624,18.01058511812185,-1.3198790204572224,nan,0.0,8,0,5,0,0.0,13.0,4.797754427352913,6
981,1,merge_courtesy,fixed,False,1.0,13,0,28.135251062216373,0.3334228190154543,2.1341358936553396,0.9747363552451134,17.667800798253424,17.97891393314262,-0.311113134889199,nan,0.0,8,0,5,0,4.0,9.0,1.9358276540116985,3
982,1,merge_courtesy,fixed,False,1.0,13,0,26.655102277460422,0.944438057726027,0.0,0.6945079267024994,17.099173552864805,17.61065318427942,-0.5114796314146148,nan,0.0,10,0,3,0,0.0,13.0,1.3552815126720834,6
983,1,merge_courtesy,fixed,False,1.0,12,0,28.813046846239462,0.0,2.3585641263453896,0.564311183989048,16.329554316123676,16.329554316123676,0.0,nan,0.0,6,0,6,0,11.0,1.0,0.0,1
984,1,merge_courtesy,fixed,False,1.0,12,0,28.805837709661215,0.0,1.1436175095800114,0.42909369617700577,16.526093930566116,16.526093930566116,0.0,nan,0.0,7,0,5,0,9.0,3.0,0.0,3
985,1,merge_courtesy,fixed,False,1.0,12,0,29.22876198863091,0.0,0.1010397583472228,0.4020926468074322,16.629097584471573,16.629097584471573,0.0,nan,0.0,7,0,5,0,10.0,2.0,0.0,2
986,1,merge_courtesy,fixed,False,1.0,12,0,30.0,0.23564248400805998,2.8922111610315184,1.282541699707508,16.895753836145047,17.099291829928735,-0.2035379937836865,nan,0.0,4,0,8,0,9.0,3.0,0.8285542982697601,3
987,1,merge_courtesy,fixed,False,1.0,13,0,26.59679183306397,0.0,0.31523933467040643,0.12506860680878162,17.580331753193267,17.580331753193267,0.0,nan,0.0,10,0,3,0,0.0,13.0,0.0,6
988,1,merge_courtesy,fixed,False,1.0,13,0,28.135251062216373,0.0,0.7174499137432095,0.43693381547927856,17.97891393314262,17.97891393314262,0.0,nan,0.0,9,0,4,0,4.0,9.0,0.0,3
989,1,merge_courtesy,fixed,False,1.0,12,0,29.638203017832648,1.7228215038482033,2.9139926000423855,2.5295578986406326,15.48063780941575,17.125629278488407,-1.6449914690726546,nan,0.0,3,0,9,0,7.0,5.0,9.245381033168295,5
990,1,merge_courtesy,fixed,False,1.0,12,0,30.0,0.0,3.37784533419551,1.0322428345680237,16.999291829928737,16.999291829928737,0.0,nan,0.0,4,0,8,0,10.0,2.0,0.0,2
991,1,merge_courtesy,fixed,False,1.0,12,0,30.0,4.186887067030172,0.0,3.430563598871231,14.677776417669593,17.849999999999998,-3.1722235823304077,nan,0.0,4,0,8,0,0.0,12.0,12.811128494220993,9
992,1,merge_courtesy,fixed,False,1.0,13,0,28.135236094767702,0.0,0.28841432355556484,0.18477711081504822,18.380322769279203,18.380322769279203,0.0,nan,0.0,12,0,1,0,0.0,13.0,0.0,6
993,1,merge_courtesy,fixed,False,1.0,12,0,29.22876198863091,0.8698046972614777,1.9080122327821036,1.3681877329945564,16.306061408328574,17.128146894606658,-0.8220854862780831,nan,0.0,5,0,7,0,5.0,7.0,2.5175417471632167,6
994,1,merge_courtesy,fixed,False,1.0,12,0,28.805837709661215,1.2404824475846692,0.49750222012746265,1.4738022834062576,15.717517316258679,16.826093651828938,-1.108576335570259,nan,0.0,6,0,6,0,6.0,6.0,4.210130971959221,6
995,1,merge_courtesy,fixed,False,1.0,12,0,29.638203017832648,1.786039982702013,1.50115460056458,2.2801108956336975,15.569847672262247,17.325629278488407,-1.7557816062261584,nan,0.0,4,0,8,0,5.0,7.0,6.103439288615623,7
996,1,merge_courtesy,fixed,False,1.0,13,0,27.039601997206645,1.6759637347997884,0.0,1.294545330107212,16.712055668296717,17.810593038547456,-1.098537370250739,nan,0.0,8,0,5,0,0.0,13.0,4.15069520777629,6
997,1,merge_courtesy,fixed,False,1.0,12,0,30.0,0.29298262060924124,2.404886388306584,1.2185992114245892,16.829555613212438,17.099291829928735,-0.2697362167162956,nan,0.0,4,0,8,0,9.0,3.0,1.4551525321684078,3
998,1,merge_courtesy,fixed,False,1.0,12,0,30.0,4.238873990727397,0.0,3.4852392934262753,14.614095941307095,17.849999999999998,-3.235904058692904,nan,0.0,4,0,8,0,0.0,12.0,13.280299674941622,9
999,1,merge_courtesy,fixed,False,1.0,12,0,30.0,3.331460476100622,0.0,2.7165199518203735,15.42826468832296,17.849999999999998,-2.421735311677038,nan,0.0,6,0,6,0,0.0,12.0,9.715930190647507,9
