episode_id,policy_freq,profile,method,filter,value,episode_length,collision,mean_speed,lane_0_time,lane_1_time,lane_2_time,total_cost,total_avoided_cost,total_reward,total_basic_reward,total_added_reward,mean_iterations_to_converge,convergence_rate,outcome_unchanged_count,outcome_naively_augmented_count,outcome_rcps_augmented_count,outcome_projection_count
0,1,right_lane,adaptive,True,10.0,40,0,21.51895734428684,1.0,1.0,38.0,0.5,5.0,61.478398401643936,42.22839840164393,19.25,nan,0.0,0,0,0,40
1,1,right_lane,adaptive,True,10.0,24,1,20.656595576619274,4.0,4.0,16.0,5.5,8.5,33.928397178825556,24.42839717882555,9.5,nan,0.0,0,0,0,24
2,1,right_lane,adaptive,True,10.0,40,0,20.768957345971565,0.0,0.0,40.0,0.0,0.5,60.280331753554506,40.530331753554506,19.75,nan,0.0,0,0,0,40
3,1,right_lane,adaptive,True,10.0,40,0,21.3939566082395,0.0,0.0,40.0,0.0,8.0,62.03033057318319,42.0303305731832,20.0,nan,0.0,0,0,0,40
4,1,right_lane,adaptive,True,10.0,40,0,21.018919754889087,0.0,1.0,39.0,0.0,1.0,61.429338546940656,41.42933854694065,20.0,nan,0.0,0,0,0,40
5,1,right_lane,adaptive,True,10.0,40,0,23.0189509930675,1.0,1.0,38.0,0.5,1.5,64.37844046573316,44.62844046573316,19.75,nan,0.0,0,0,0,40
6,1,right_lane,adaptive,True,10.0,40,0,21.768951743818228,1.0,1.0,38.0,0.5,6.5,62.378397039131855,42.628397039131855,19.75,nan,0.0,0,0,0,40
7,1,right_lane,adaptive,True,10.0,40,0,20.518957345971565,0.0,1.0,39.0,0.0,9.0,60.62940545081388,40.62940545081388,20.0,nan,0.0,0,0,0,40
8,1,right_lane,adaptive,True,10.0,40,0,21.893957345971565,1.0,1.0,38.0,0.5,2.0,62.578398404340774,42.82839840434077,19.75,nan,0.0,0,0,0,40
9,1,right_lane,adaptive,True,10.0,40,0,21.893957345971554,2.0,6.0,32.0,4.5,2.5,60.57661735756425,42.82661735756426,17.75,18.0,0.05,0,0,2,38
10,1,right_lane,adaptive,True,10.0,40,0,22.268957345971565,0.0,0.0,40.0,0.0,0.5,63.43033175355451,43.43033175355451,20.0,nan,0.0,0,0,0,40
11,1,right_lane,adaptive,True,10.0,40,0,21.393914055586297,1.0,1.0,38.0,0.5,4.5,61.77832791186854,42.02832791186854,19.75,nan,0.0,0,0,0,40
12,1,right_lane,adaptive,True,10.0,40,0,21.018957345971565,1.0,1.0,38.0,0.5,15.5,61.17845854769084,41.42845854769084,19.75,nan,0.0,0,0,0,40
13,1,right_lane,adaptive,True,10.0,40,0,22.643957345971486,0.0,0.0,40.0,0.0,2.0,64.03033175355436,44.03033175355438,20.0,nan,0.0,0,0,0,40
14,1,right_lane,adaptive,True,10.0,40,0,21.393957345971565,0.0,0.0,40.0,0.0,6.0,62.030331753554606,42.030331753554606,20.0,nan,0.0,0,0,0,40
15,1,right_lane,adaptive,True,10.0,40,0,21.01895659544609,1.0,1.0,38.0,0.5,4.0,61.178395975644214,41.42839597564421,19.75,nan,0.0,0,0,0,40
16,1,right_lane,adaptive,True,10.0,40,0,21.768957345971554,1.0,1.0,38.0,0.5,8.0,62.37839944777864,42.62839944777865,19.75,nan,0.0,0,0,0,40
17,1,right_lane,adaptive,True,10.0,40,0,23.143957345971565,1.0,1.0,38.0,0.5,8.5,64.5783991088609,44.82839910886091,19.75,nan,0.0,0,0,0,40
18,1,right_lane,adaptive,True,10.0,19,1,24.776752099171972,0.0,0.0,19.0,0.5,0.0,31.930331595370706,22.430331595370706,9.5,nan,0.0,0,0,0,19
19,1,right_lane,adaptive,True,10.0,10,1,21.07582937702842,0.0,0.0,10.0,0.5,4.5,14.480331750811368,9.73033175081137,4.75,nan,0.0,0,0,0,10
20,1,right_lane,adaptive,True,10.0,40,0,21.893957247111118,1.0,1.0,38.0,0.5,14.0,61.82839701830826,42.32839701830826,19.5,nan,0.0,0,0,0,40
21,1,right_lane,adaptive,True,10.0,40,0,21.14395723434353,1.0,1.0,38.0,0.5,4.0,61.37839713522696,41.62839713522696,19.75,nan,0.0,0,0,0,40
22,1,right_lane,adaptive,True,10.0,40,0,21.518957345971565,5.0,8.0,27.0,8.0,14.5,58.2219313132588,42.221931313258814,16.0,18.0,0.025,0,0,1,39
23,1,right_lane,adaptive,True,10.0,40,0,21.018957345971565,0.0,0.0,40.0,0.0,1.5,61.4303317535545,41.430331753554505,20.0,nan,0.0,0,0,0,40
24,1,right_lane,adaptive,True,10.0,40,0,21.26895733124236,0.0,1.0,39.0,0.0,9.5,61.82939649113504,41.82939649113504,20.0,nan,0.0,0,0,0,40
25,1,right_lane,adaptive,True,10.0,40,0,20.893957345971565,0.0,0.0,40.0,0.0,9.5,61.23033177401779,41.23033177401779,20.0,nan,0.0,0,0,0,40
26,1,right_lane,adaptive,True,10.0,28,1,21.277081922816514,0.0,0.0,28.0,0.5,5.5,43.2303317535545,29.230331753554502,14.0,nan,0.0,0,0,0,28
27,1,right_lane,adaptive,True,10.0,40,0,21.12749644062177,0.0,1.0,39.0,0.0,16.0,60.85306021987104,41.10306021987105,19.75,nan,0.0,0,0,0,40
28,1,right_lane,adaptive,True,10.0,40,0,21.893957345971565,0.0,0.0,40.0,0.0,1.0,63.02686344757135,43.02686344757134,20.0,nan,0.0,0,0,0,40
29,1,right_lane,adaptive,True,10.0,40,0,20.893957345971565,1.0,1.0,38.0,0.5,6.5,60.97839840434078,41.22839840434077,19.75,nan,0.0,0,0,0,40
30,1,right_lane,adaptive,True,10.0,40,0,23.518957345971565,0.0,0.0,40.0,0.0,0.0,65.4303317535545,45.430331753554505,20.0,nan,0.0,0,0,0,40
31,1,right_lane,adaptive,True,10.0,20,1,20.537914691943126,0.0,1.0,19.0,0.5,8.0,30.22939651470176,20.22939651470176,10.0,nan,0.0,0,0,0,20
32,1,right_lane,adaptive,True,10.0,40,0,20.893957345971565,1.0,1.0,38.0,0.5,6.5,60.22839717648496,40.728397176484954,19.5,nan,0.0,0,0,0,40
33,1,right_lane,adaptive,True,10.0,40,0,20.518957345971565,0.0,1.0,39.0,0.0,4.5,60.629397667739944,40.629397667739944,20.0,nan,0.0,0,0,0,40
34,1,right_lane,adaptive,True,10.0,40,0,21.7667895688869,0.0,1.0,39.0,0.0,12.0,62.62592922440636,42.62592922440636,20.0,nan,0.0,0,0,0,40
35,1,right_lane,adaptive,True,10.0,40,0,21.518957345971565,3.0,5.0,32.0,5.5,6.0,59.48055457133569,42.23055457133568,17.25,18.0,0.025,0,0,1,39
36,1,right_lane,adaptive,True,10.0,40,0,21.752495691584983,0.0,0.0,40.0,0.0,2.0,62.60399310653599,42.60399310653599,20.0,nan,0.0,0,0,0,40
37,1,right_lane,adaptive,True,10.0,40,0,23.268957345971494,1.0,1.0,38.0,0.5,12.0,64.97493184351472,45.22493184351472,19.75,nan,0.0,0,0,0,40
38,1,right_lane,adaptive,True,10.0,40,0,21.268957345971565,0.0,0.0,40.0,0.0,6.0,61.830331753554596,41.83033175355459,20.0,nan,0.0,0,0,0,40
39,1,right_lane,adaptive,True,10.0,40,0,21.76895733466685,0.0,1.0,39.0,0.0,6.5,62.629398311598564,42.62939831159856,20.0,nan,0.0,0,0,0,40
40,1,right_lane,adaptive,True,10.0,24,1,22.32326224328594,0.0,0.0,24.0,0.5,8.0,38.030331769260144,26.030331769260144,12.0,nan,0.0,0,0,0,24
41,1,right_lane,adaptive,True,10.0,20,1,20.787914691943126,2.0,2.0,16.0,3.5,3.5,28.180331753554395,19.930331753554395,8.25,nan,0.0,0,0,0,20
42,1,right_lane,adaptive,True,10.0,36,1,22.79884149552396,1.0,1.0,34.0,1.0,5.5,56.8283991088609,39.3283991088609,17.5,nan,0.0,0,0,0,36
43,1,right_lane,adaptive,True,10.0,40,0,22.64395734428684,0.0,1.0,39.0,0.0,12.0,63.279398326990545,43.52939832699053,19.75,nan,0.0,0,0,0,40
44,1,right_lane,adaptive,True,10.0,9,1,21.750921098254235,0.0,1.0,8.0,0.5,4.5,13.929397510678058,9.429397510678058,4.5,nan,0.0,0,0,0,9
45,1,right_lane,adaptive,True,10.0,40,0,21.268957345971565,0.0,1.0,39.0,0.0,6.5,61.07939766774115,41.32939766774115,19.75,nan,0.0,0,0,0,40
46,1,right_lane,adaptive,True,10.0,20,1,21.78791469194299,0.0,1.0,19.0,0.0,5.5,31.229397667741043,21.229397667741036,10.0,nan,0.0,0,0,0,20
47,1,right_lane,adaptive,True,10.0,40,0,22.268957345971565,1.0,1.0,38.0,0.5,0.0,62.678399108860894,42.9283991088609,19.75,nan,0.0,0,0,0,40
48,1,right_lane,adaptive,True,10.0,40,0,20.393957345971565,1.0,1.0,38.0,0.5,15.0,60.17839717648496,40.42839717648496,19.75,nan,0.0,0,0,0,40
49,1,right_lane,adaptive,True,10.0,40,0,22.76891480436816,0.0,1.0,39.0,0.0,5.0,64.22932844813633,44.22932844813632,20.0,nan,0.0,0,0,0,40
50,1,right_lane,adaptive,True,10.0,23,1,23.076447558211395,0.0,0.0,23.0,0.5,7.0,37.1303908566216,25.630390856621602,11.5,nan,0.0,0,0,0,23
51,1,right_lane,adaptive,True,10.0,40,0,20.518957345971565,0.0,0.0,40.0,0.0,17.5,59.88033175355449,40.13033175355449,19.75,nan,0.0,0,0,0,40
52,1,right_lane,adaptive,True,10.0,21,1,20.75039494470774,1.0,1.0,19.0,1.0,10.5,31.678397176484957,21.428397176484957,10.25,nan,0.0,0,0,0,21
53,1,right_lane,adaptive,True,10.0,40,0,21.35637150227509,8.0,10.0,22.0,13.0,7.0,54.71741535182783,41.46741535182783,13.25,18.0,0.025,0,0,1,39
54,1,right_lane,adaptive,True,10.0,40,0,22.393957345971565,0.0,0.0,40.0,0.0,1.0,63.85621233310973,43.85621233310973,20.0,nan,0.0,0,0,0,40
55,1,right_lane,adaptive,True,10.0,40,0,22.518957345971565,1.0,1.0,38.0,0.5,5.5,63.578399108860886,43.82839910886088,19.75,nan,0.0,0,0,0,40
56,1,right_lane,adaptive,True,10.0,40,0,21.143957345945747,1.0,1.0,38.0,0.5,7.0,61.37839717644364,41.62839717644364,19.75,nan,0.0,0,0,0,40
57,1,right_lane,adaptive,True,10.0,40,0,20.75249644062177,0.0,1.0,39.0,0.0,1.0,61.003060219217346,41.003060219217346,20.0,nan,0.0,0,0,0,40
58,1,right_lane,adaptive,True,10.0,40,0,20.393957345971565,0.0,0.0,40.0,0.0,0.0,60.45320089613101,40.45320089613101,20.0,nan,0.0,0,0,0,40
59,1,right_lane,adaptive,True,10.0,40,0,21.516504195735575,1.0,1.0,38.0,0.5,7.0,61.974472136107366,42.224472136107366,19.75,nan,0.0,0,0,0,40
60,1,right_lane,adaptive,True,10.0,40,0,21.643957345971565,0.0,1.0,39.0,0.0,0.5,62.43280649231849,42.43280649231849,20.0,nan,0.0,0,0,0,40
61,1,right_lane,adaptive,True,10.0,40,0,20.768957345971565,0.0,1.0,39.0,0.0,5.0,61.02939651471896,41.029396514718954,20.0,nan,0.0,0,0,0,40
62,1,right_lane,adaptive,True,10.0,40,0,22.268957345971565,1.0,1.0,38.0,0.5,4.5,63.17839840434078,43.42839840434078,19.75,nan,0.0,0,0,0,40
63,1,right_lane,adaptive,True,10.0,40,0,21.143957345971565,1.0,1.0,38.0,0.5,4.0,61.378397181179565,41.62839718117957,19.75,nan,0.0,0,0,0,40
64,1,right_lane,adaptive,True,10.0,40,0,21.393957345971565,3.0,5.0,32.0,5.5,10.5,59.27755075332637,42.02755075332639,17.25,18.0,0.025,0,0,1,39
65,1,right_lane,adaptive,True,10.0,40,0,23.143957345971565,3.0,5.0,32.0,6.0,8.5,62.3293983296861,44.82939832968611,17.5,nan,0.0,0,0,0,40
66,1,right_lane,adaptive,True,10.0,28,1,21.634224779959375,1.0,1.0,26.0,1.0,8.5,42.878398404340764,29.62839840434078,13.25,nan,0.0,0,0,0,28
67,1,right_lane,adaptive,True,10.0,40,0,21.143957345971565,0.0,1.0,39.0,0.0,3.0,60.87939766843067,41.12939766843068,19.75,nan,0.0,0,0,0,40
68,1,right_lane,adaptive,True,10.0,40,0,21.143957345971565,1.0,4.0,35.0,2.5,6.5,60.37528181740762,41.62528181740762,18.75,18.0,0.025,0,0,1,39
69,1,right_lane,adaptive,True,10.0,40,0,20.643957345971565,1.0,1.0,38.0,0.5,1.0,60.578398404339495,40.828398404339495,19.75,nan,0.0,0,0,0,40
70,1,right_lane,adaptive,True,10.0,40,0,20.768957345971565,1.0,1.0,38.0,0.5,17.0,60.77839910880876,41.02839910880877,19.75,nan,0.0,0,0,0,40
71,1,right_lane,adaptive,True,10.0,40,0,22.268957345971057,1.0,1.0,38.0,0.5,3.0,63.17839910886008,43.428399108860084,19.75,nan,0.0,0,0,0,40
72,1,right_lane,adaptive,True,10.0,40,0,21.518957344482878,0.0,1.0,39.0,0.0,5.5,62.40306021557957,42.40306021557957,20.0,nan,0.0,0,0,0,40
73,1,right_lane,adaptive,True,10.0,40,0,20.268957345971565,0.0,0.0,40.0,0.0,17.0,60.230331755622736,40.230331755622736,20.0,nan,0.0,0,0,0,40
74,1,right_lane,adaptive,True,10.0,40,0,22.143957345971565,1.0,1.0,38.0,0.5,0.5,62.978398404341505,43.228398404341505,19.75,nan,0.0,0,0,0,40
75,1,right_lane,adaptive,True,10.0,40,0,20.518957345971565,1.0,1.0,38.0,0.5,16.0,60.37839840304393,40.62839840304393,19.75,nan,0.0,0,0,0,40
76,1,right_lane,adaptive,True,10.0,40,0,20.268957345971565,0.0,0.0,40.0,0.0,7.5,60.2303317535545,40.2303317535545,20.0,nan,0.0,0,0,0,40
77,1,right_lane,adaptive,True,10.0,18,1,23.097682991039065,0.0,0.0,18.0,0.5,4.0,29.030331753548133,20.030331753548136,9.0,nan,0.0,0,0,0,18
78,1,right_lane,adaptive,True,10.0,40,0,21.268957345971565,0.0,1.0,39.0,0.0,3.5,61.07939766774115,41.32939766774114,19.75,nan,0.0,0,0,0,40
79,1,right_lane,adaptive,True,10.0,40,0,21.018957345749705,1.0,1.0,38.0,0.5,7.0,61.17839840398453,41.42839840398452,19.75,nan,0.0,0,0,0,40
80,1,right_lane,adaptive,True,10.0,34,1,23.69877334820184,0.0,0.0,34.0,0.0,7.0,55.83033175386274,38.83033175386273,17.0,nan,0.0,0,0,0,34
81,1,right_lane,adaptive,True,10.0,40,0,21.766466606367043,0.0,1.0,39.0,0.0,2.5,62.12541314631887,42.12541314631887,20.0,nan,0.0,0,0,0,40
82,1,right_lane,adaptive,True,10.0,40,0,21.268957345971565,0.0,0.0,40.0,0.0,3.0,61.83379213911206,41.83379213911206,20.0,nan,0.0,0,0,0,40
83,1,right_lane,adaptive,True,10.0,40,0,22.391789654732086,1.0,1.0,38.0,0.5,11.0,63.374930802877735,43.62493080287773,19.75,nan,0.0,0,0,0,40
84,1,right_lane,adaptive,True,10.0,40,0,22.643957345971565,0.0,0.0,40.0,0.0,1.0,64.03334332788558,44.03334332788558,20.0,nan,0.0,0,0,0,40
85,1,right_lane,adaptive,True,10.0,40,0,20.893957345971565,0.0,0.0,40.0,0.0,7.0,61.2303317535545,41.2303317535545,20.0,nan,0.0,0,0,0,40
86,1,right_lane,adaptive,True,10.0,40,0,21.393957345971554,0.0,0.0,40.0,0.0,7.5,62.030331753554485,42.03033175355448,20.0,nan,0.0,0,0,0,40
87,1,right_lane,adaptive,True,10.0,40,0,21.018957345971565,1.0,1.0,38.0,0.5,1.5,61.178398403043936,41.42839840304394,19.75,nan,0.0,0,0,0,40
88,1,right_lane,adaptive,True,10.0,40,0,22.893671888689,0.0,1.0,39.0,0.0,3.5,64.42893978304966,44.42893978304965,20.0,nan,0.0,0,0,0,40
89,1,right_lane,adaptive,True,10.0,40,0,20.8939573329563,1.0,1.0,38.0,0.5,12.0,60.97879374158068,41.22879374158068,19.75,nan,0.0,0,0,0,40
90,1,right_lane,adaptive,True,10.0,28,1,21.09851049424509,1.0,5.0,22.0,3.5,10.5,41.52660835582054,29.026608355820542,12.5,18.0,0.03571428571428571,0,0,1,27
91,1,right_lane,adaptive,True,10.0,40,0,22.143957345971565,0.0,0.0,40.0,0.0,7.0,62.480331753554516,42.73033175355451,19.75,nan,0.0,0,0,0,40
92,1,right_lane,adaptive,True,10.0,40,0,20.768957345971565,1.0,1.0,38.0,0.5,6.0,60.77839910880876,41.02839910880877,19.75,nan,0.0,0,0,0,40
93,1,right_lane,adaptive,True,10.0,40,0,20.518957345971565,0.0,0.0,40.0,0.0,19.0,60.6303317535545,40.63033175355451,20.0,nan,0.0,0,0,0,40
94,1,right_lane,adaptive,True,10.0,40,0,21.518957345971565,0.0,0.0,40.0,0.0,17.0,62.23033175355451,42.2303317535545,20.0,nan,0.0,0,0,0,40
95,1,right_lane,adaptive,True,10.0,40,0,21.768957345971565,0.0,1.0,39.0,0.0,2.5,62.62939766843071,42.62939766843073,20.0,nan,0.0,0,0,0,40
96,1,right_lane,adaptive,True,10.0,40,0,21.268957345967657,1.0,1.0,38.0,0.5,2.0,61.57839910880253,41.82839910880251,19.75,nan,0.0,0,0,0,40
97,1,right_lane,adaptive,True,10.0,40,0,23.643957345971565,0.0,1.0,39.0,0.0,6.0,65.62939766774726,45.629397667747256,20.0,nan,0.0,0,0,0,40
98,1,right_lane,adaptive,True,10.0,40,0,22.018957345971565,0.0,1.0,39.0,0.0,6.0,63.02939766774115,43.029397667741144,20.0,nan,0.0,0,0,0,40
99,1,right_lane,adaptive,True,10.0,39,1,21.814315226637497,1.0,1.0,37.0,1.0,8.5,60.87839840507329,41.6283984050733,19.25,nan,0.0,0,0,0,39
100,1,right_lane,adaptive,True,10.0,40,0,23.143957345971565,1.0,1.0,38.0,0.5,1.0,63.8283984043415,44.3283984043415,19.5,nan,0.0,0,0,0,40
101,1,right_lane,adaptive,True,10.0,40,0,21.393957345967653,1.0,1.0,38.0,0.5,2.0,61.778398405066994,42.028398405067,19.75,nan,0.0,0,0,0,40
102,1,right_lane,adaptive,True,10.0,40,0,21.393957345971565,0.0,6.0,34.0,3.0,11.0,60.703061449614914,42.20306144961492,18.5,18.0,0.025,0,0,1,39
103,1,right_lane,adaptive,True,10.0,40,0,21.893957345971565,1.0,1.0,38.0,0.5,5.5,62.5783991088088,42.82839910880881,19.75,nan,0.0,0,0,0,40
104,1,right_lane,adaptive,True,10.0,40,0,20.518957345971565,0.0,1.0,39.0,0.0,5.5,60.629397666520454,40.629397666520454,20.0,nan,0.0,0,0,0,40
105,1,right_lane,adaptive,True,10.0,3,1,25.0,1.0,1.0,1.0,1.0,1.5,4.648067887473768,3.3980678874737684,1.25,nan,0.0,0,0,0,3
106,1,right_lane,adaptive,True,10.0,40,0,21.268957345971565,0.0,0.0,40.0,0.0,2.0,61.0803317535545,41.33033175355451,19.75,nan,0.0,0,0,0,40
107,1,right_lane,adaptive,True,10.0,40,0,20.893957345971565,1.0,1.0,38.0,0.5,8.5,60.97839840434078,41.22839840434077,19.75,nan,0.0,0,0,0,40
108,1,right_lane,adaptive,True,10.0,40,0,21.768957345971053,1.0,1.0,38.0,0.5,3.5,62.378398404339954,42.62839840433996,19.75,nan,0.0,0,0,0,40
109,1,right_lane,adaptive,True,10.0,40,0,22.643957345971565,0.0,1.0,39.0,0.0,3.0,64.02939832968683,44.029398329686835,20.0,nan,0.0,0,0,0,40
110,1,right_lane,adaptive,True,10.0,40,0,20.893957345971565,3.0,5.0,32.0,4.5,14.5,58.97560711033656,41.22560711033656,17.75,18.0,0.025,0,0,1,39
111,1,right_lane,adaptive,True,10.0,7,1,25.0,2.0,3.0,2.0,3.0,1.0,10.444339567427738,8.194339567427738,2.25,nan,0.0,0,0,0,7
112,1,right_lane,adaptive,True,10.0,40,0,21.625005701017248,9.0,11.0,20.0,13.5,6.5,54.89529602830186,41.895296028301864,13.0,18.0,0.025,0,0,1,39
113,1,right_lane,adaptive,True,10.0,40,0,21.893957345971565,0.0,1.0,39.0,0.0,13.0,63.02938736188513,43.029387361885135,20.0,nan,0.0,0,0,0,40
114,1,right_lane,adaptive,True,10.0,40,0,20.518957345971565,0.0,1.0,39.0,0.0,11.0,60.629397667739944,40.629397667739944,20.0,nan,0.0,0,0,0,40
115,1,right_lane,adaptive,True,10.0,40,0,21.768957345971565,1.0,1.0,38.0,0.5,5.0,62.37839910886089,42.6283991088609,19.75,nan,0.0,0,0,0,40
116,1,right_lane,adaptive,True,10.0,34,1,20.31642040702537,0.0,1.0,33.0,1.0,13.5,50.9803317535545,34.2303317535545,16.75,nan,0.0,0,0,0,34
117,1,right_lane,adaptive,True,10.0,40,0,22.143957345971494,1.0,1.0,38.0,0.5,7.5,62.228397176503144,42.72839717650314,19.5,nan,0.0,0,0,0,40
118,1,right_lane,adaptive,True,10.0,9,1,21.19536592423284,0.0,1.0,8.0,0.5,4.5,13.729396493871175,9.229396493871175,4.5,nan,0.0,0,0,0,9
119,1,right_lane,adaptive,True,10.0,40,0,22.018957345971565,0.0,0.0,40.0,0.0,10.5,62.2803317535545,42.530331753554506,19.75,nan,0.0,0,0,0,40
120,1,right_lane,adaptive,True,10.0,40,0,22.268957345971565,0.0,0.0,40.0,0.0,1.0,63.430331753554505,43.43033175355449,20.0,nan,0.0,0,0,0,40
121,1,right_lane,adaptive,True,10.0,40,0,21.768957345971565,1.0,1.0,38.0,0.5,4.5,62.3783991088609,42.6283991088609,19.75,nan,0.0,0,0,0,40
122,1,right_lane,adaptive,True,10.0,40,0,21.268957345971565,0.0,0.0,40.0,0.0,0.0,61.8303317535545,41.830331753554496,20.0,nan,0.0,0,0,0,40
123,1,right_lane,adaptive,True,10.0,40,0,20.393957345971565,1.0,1.0,38.0,0.5,18.0,60.17839717648496,40.42839717648496,19.75,nan,0.0,0,0,0,40
124,1,right_lane,adaptive,True,10.0,17,1,22.691664338907657,1.0,1.0,15.0,1.0,5.5,26.87839717340596,18.628397173405965,8.25,nan,0.0,0,0,0,17
125,1,right_lane,adaptive,True,10.0,40,0,22.002496438936525,0.0,0.0,40.0,0.0,4.5,62.25399430229843,42.50399430229844,19.75,nan,0.0,0,0,0,40
126,1,right_lane,adaptive,True,10.0,40,0,21.018957344257622,0.0,0.0,40.0,0.0,3.5,61.453200895730006,41.45320089573,20.0,nan,0.0,0,0,0,40
127,1,right_lane,adaptive,True,10.0,40,0,21.018957345971565,0.0,1.0,39.0,0.0,18.0,61.42939833206728,41.42939833206728,20.0,nan,0.0,0,0,0,40
128,1,right_lane,adaptive,True,10.0,17,1,24.750487838206908,1.0,1.0,15.0,1.0,3.0,28.278399085287095,20.028399085287095,8.25,nan,0.0,0,0,0,17
129,1,right_lane,adaptive,True,10.0,40,0,23.76895734594235,0.0,1.0,39.0,0.0,12.0,65.07939832963936,45.329398329639346,19.75,nan,0.0,0,0,0,40
130,1,right_lane,adaptive,True,10.0,40,0,21.518957345971565,0.0,0.0,40.0,0.0,9.5,62.23033175359509,42.230331753595095,20.0,nan,0.0,0,0,0,40
131,1,right_lane,adaptive,True,10.0,40,0,21.768957345971565,0.0,1.0,39.0,0.0,0.5,62.62939832968611,42.6293983296861,20.0,nan,0.0,0,0,0,40
132,1,right_lane,adaptive,True,10.0,40,0,21.250043292099726,0.0,1.0,39.0,0.0,14.5,61.799135182235744,41.79913518223574,20.0,nan,0.0,0,0,0,40
133,1,right_lane,adaptive,True,10.0,40,0,21.018957345971554,0.0,1.0,39.0,0.0,2.5,61.455674969348124,41.455674969348124,20.0,nan,0.0,0,0,0,40
134,1,right_lane,adaptive,True,10.0,40,0,20.393957345971565,0.0,0.0,40.0,0.0,20.0,60.43033175355452,40.43033175355452,20.0,nan,0.0,0,0,0,40
135,1,right_lane,adaptive,True,10.0,40,0,21.518957345971565,0.0,0.0,40.0,0.0,15.5,62.2303317535545,42.230331753554495,20.0,nan,0.0,0,0,0,40
136,1,right_lane,adaptive,True,10.0,40,0,20.768957345971565,0.0,1.0,39.0,0.0,0.5,61.02939766774115,41.02939766774115,20.0,nan,0.0,0,0,0,40
137,1,right_lane,adaptive,True,10.0,34,1,20.757596877613604,5.0,7.0,22.0,8.5,6.0,47.82939766774115,34.82939766774115,13.0,nan,0.0,0,0,0,34
138,1,right_lane,adaptive,True,10.0,40,0,21.143957345971565,0.0,1.0,39.0,0.0,1.0,60.87939766774183,41.12939766774183,19.75,nan,0.0,0,0,0,40
139,1,right_lane,adaptive,True,10.0,40,0,20.393957345971565,1.0,1.0,38.0,0.5,13.5,60.17839717648496,40.42839717648496,19.75,nan,0.0,0,0,0,40
140,1,right_lane,adaptive,True,10.0,18,1,20.875460768825693,0.0,1.0,17.0,0.5,9.0,27.429397666520444,18.429397666520444,9.0,nan,0.0,0,0,0,18
141,1,right_lane,adaptive,True,10.0,40,0,22.768634297606514,0.0,1.0,39.0,0.0,1.5,63.47888145230203,43.72888145230203,19.75,nan,0.0,0,0,0,40
142,1,right_lane,adaptive,True,10.0,40,0,21.64395734597149,1.0,4.0,35.0,2.5,11.0,61.177059343667715,42.42705934366772,18.75,18.0,0.025,0,0,1,39
143,1,right_lane,adaptive,True,10.0,40,0,21.231377104427974,0.0,1.0,39.0,0.0,3.0,61.94293183149115,41.94293183149114,20.0,nan,0.0,0,0,0,40
144,1,right_lane,adaptive,True,10.0,40,0,21.143957345971565,0.0,0.0,40.0,0.0,13.5,61.85620455003645,41.85620455003646,20.0,nan,0.0,0,0,0,40
145,1,right_lane,adaptive,True,10.0,40,0,20.643957345971565,1.0,1.0,38.0,0.5,17.0,60.57839717648495,40.82839717648495,19.75,nan,0.0,0,0,0,40
146,1,right_lane,adaptive,True,10.0,40,0,21.143919754885687,0.0,1.0,39.0,0.0,1.0,61.62933752078303,41.62933752078304,20.0,nan,0.0,0,0,0,40
147,1,right_lane,adaptive,True,10.0,37,1,21.371845779428718,0.0,1.0,36.0,0.5,3.0,57.329449893052235,38.82944989305223,18.5,nan,0.0,0,0,0,37
148,1,right_lane,adaptive,True,10.0,35,1,20.593094109681786,6.0,12.0,17.0,11.5,10.5,46.62939766773993,35.12939766773994,11.5,18.0,0.11428571428571428,0,0,4,31
149,1,right_lane,adaptive,True,10.0,40,0,22.143957345971565,0.0,0.0,40.0,0.0,7.5,62.73033175355451,42.7303317535545,20.0,nan,0.0,0,0,0,40
150,1,right_lane,adaptive,True,10.0,40,0,20.518957345971565,0.0,0.0,40.0,0.0,17.0,60.6303317535545,40.63033175355451,20.0,nan,0.0,0,0,0,40
151,1,right_lane,adaptive,True,10.0,40,0,23.518957345971565,0.0,0.0,40.0,0.0,11.5,65.43033175355451,45.43033175355451,20.0,nan,0.0,0,0,0,40
152,1,right_lane,adaptive,True,10.0,40,0,22.268957345971565,6.0,8.0,26.0,9.5,11.0,58.928399108860894,43.4283991088609,15.5,18.0,0.05,0,0,2,38
153,1,right_lane,adaptive,True,10.0,40,0,20.893957334666847,1.0,5.0,34.0,3.5,7.5,59.40398901705062,41.40398901705062,18.0,18.0,0.05,0,0,2,38
154,1,right_lane,adaptive,True,10.0,3,1,25.0,1.0,1.0,1.0,0.5,1.5,4.648067903179415,3.398067903179415,1.25,nan,0.0,0,0,0,3
155,1,right_lane,adaptive,True,10.0,40,0,22.518957345971565,0.0,0.0,40.0,0.0,15.0,63.3303317535545,43.3303317535545,20.0,nan,0.0,0,0,0,40
156,1,right_lane,adaptive,True,10.0,40,0,20.268957345971565,0.0,1.0,39.0,0.0,15.5,60.22939651470176,40.22939651470176,20.0,nan,0.0,0,0,0,40
157,1,right_lane,adaptive,True,10.0,40,0,22.127496439133086,0.0,1.0,39.0,0.0,12.0,63.203060216799564,43.20306021679957,20.0,nan,0.0,0,0,0,40
158,1,right_lane,adaptive,True,10.0,40,0,21.143957345971565,0.0,0.0,40.0,0.0,1.0,61.653200898199245,41.653200898199245,20.0,nan,0.0,0,0,0,40
159,1,right_lane,adaptive,True,10.0,40,0,20.893957345971565,1.0,1.0,38.0,0.5,2.5,60.97839840434078,41.22839840434077,19.75,nan,0.0,0,0,0,40
160,1,right_lane,adaptive,True,10.0,40,0,22.643957345971565,1.0,1.0,38.0,0.5,3.0,63.778399108860896,44.028399108860896,19.75,nan,0.0,0,0,0,40
161,1,right_lane,adaptive,True,10.0,40,0,22.000000013019175,1.0,1.0,38.0,0.5,1.0,62.74806544376114,42.99806544376115,19.75,nan,0.0,0,0,0,40
162,1,right_lane,adaptive,True,10.0,40,0,21.518957345971565,0.0,0.0,40.0,0.0,9.5,62.43033173546695,42.43033173546696,20.0,nan,0.0,0,0,0,40
163,1,right_lane,adaptive,True,10.0,40,0,21.393957345971565,0.0,0.0,40.0,0.0,8.0,62.030331753554485,42.030331753554506,20.0,nan,0.0,0,0,0,40
164,1,right_lane,adaptive,True,10.0,3,1,25.0,1.0,1.0,1.0,1.0,1.5,4.821730438914098,3.5717304389140976,1.25,nan,0.0,0,0,0,3
165,1,right_lane,adaptive,True,10.0,40,0,21.0189197534004,0.0,0.0,40.0,0.0,5.0,60.68027160544065,40.93027160544065,19.75,nan,0.0,0,0,0,40
166,1,right_lane,adaptive,True,10.0,40,0,20.393957345971565,0.0,1.0,39.0,0.0,3.5,60.42944989389503,40.42944989389503,20.0,nan,0.0,0,0,0,40
167,1,right_lane,adaptive,True,10.0,40,0,21.26895239570556,0.0,0.0,40.0,0.0,0.0,62.00398638456922,42.003986384569224,20.0,nan,0.0,0,0,0,40
168,1,right_lane,adaptive,True,10.0,32,1,23.304946682464454,0.0,0.0,32.0,0.5,4.0,52.0303386309611,36.030338630961104,16.0,nan,0.0,0,0,0,32
169,1,right_lane,adaptive,True,10.0,40,0,21.268957345971565,0.0,0.0,40.0,0.0,3.5,61.08033175355452,41.33033175355451,19.75,nan,0.0,0,0,0,40
170,1,right_lane,adaptive,True,10.0,40,0,21.643957345971565,0.0,0.0,40.0,0.0,2.0,62.4303317535545,42.430331753554505,20.0,nan,0.0,0,0,0,40
171,1,right_lane,adaptive,True,10.0,40,1,21.518957345971565,0.0,1.0,39.0,0.5,13.0,62.229397668430714,42.229397668430714,20.0,nan,0.0,0,0,0,40
172,1,right_lane,adaptive,True,10.0,40,0,21.518957345971565,0.0,1.0,39.0,0.0,4.5,61.47939766773994,41.729397667739946,19.75,nan,0.0,0,0,0,40
173,1,right_lane,adaptive,True,10.0,40,0,23.14395724713693,2.0,6.0,32.0,4.5,2.5,62.576616186036155,44.826616186036155,17.75,18.0,0.05,0,0,2,38
174,1,right_lane,adaptive,True,10.0,40,0,21.893957345971565,0.0,0.0,40.0,0.0,0.0,62.830331890865494,42.8303318908655,20.0,nan,0.0,0,0,0,40
175,1,right_lane,adaptive,True,10.0,40,0,23.76891480462308,0.0,1.0,39.0,0.0,2.5,65.82932960158425,45.82932960158425,20.0,nan,0.0,0,0,0,40
176,1,right_lane,adaptive,True,10.0,40,0,22.750328749382284,1.0,1.0,38.0,0.5,0.5,63.94865175324341,44.1986517532434,19.75,nan,0.0,0,0,0,40
177,1,right_lane,adaptive,True,10.0,40,0,21.393957345971565,0.0,1.0,39.0,0.0,4.0,62.40260348752939,42.40260348752938,20.0,nan,0.0,0,0,0,40
178,1,right_lane,adaptive,True,10.0,40,0,20.268957345971565,3.0,5.0,32.0,5.0,16.5,57.728870515725006,40.228870515725006,17.5,nan,0.0,0,0,0,40
179,1,right_lane,adaptive,True,10.0,25,1,21.6303317535545,0.0,1.0,24.0,0.5,10.5,38.92939766774183,26.429397667741824,12.5,nan,0.0,0,0,0,25
180,1,right_lane,adaptive,True,10.0,18,1,20.875460768825693,1.0,1.0,16.0,1.0,7.0,26.428397176484957,17.928397176484957,8.5,nan,0.0,0,0,0,18
181,1,right_lane,adaptive,True,10.0,40,0,20.393957345971565,0.0,1.0,39.0,0.0,20.5,59.679397666520444,39.929397666520444,19.75,nan,0.0,0,0,0,40
182,1,right_lane,adaptive,True,10.0,40,0,22.143957345971558,1.0,1.0,38.0,0.5,2.5,62.97839910886088,43.22839910886086,19.75,nan,0.0,0,0,0,40
183,1,right_lane,adaptive,True,10.0,40,0,21.268957345971565,0.0,0.0,40.0,0.0,11.0,61.83033175355452,41.83033175355451,20.0,nan,0.0,0,0,0,40
184,1,right_lane,adaptive,True,10.0,40,0,21.018957345971565,0.0,1.0,39.0,0.0,7.5,61.42939651471897,41.42939651471897,20.0,nan,0.0,0,0,0,40
185,1,right_lane,adaptive,True,10.0,40,1,21.518957345971565,1.0,1.0,38.0,1.0,12.5,61.978398404340766,42.22839840434077,19.75,nan,0.0,0,0,0,40
186,1,right_lane,adaptive,True,10.0,40,0,20.393957345971565,0.0,0.0,40.0,0.0,2.0,59.680331753554505,39.930331753554505,19.75,nan,0.0,0,0,0,40
187,1,right_lane,adaptive,True,10.0,40,0,20.768957345971565,1.0,1.0,38.0,0.5,7.5,60.778397176485036,41.02839717648503,19.75,nan,0.0,0,0,0,40
188,1,right_lane,adaptive,True,10.0,40,0,21.393957345971565,0.0,1.0,39.0,0.0,6.0,62.02939766774115,42.02939766774115,20.0,nan,0.0,0,0,0,40
189,1,right_lane,adaptive,True,10.0,40,0,20.643957345971565,0.0,0.0,40.0,0.0,6.5,60.8303317535545,40.8303317535545,20.0,nan,0.0,0,0,0,40
190,1,right_lane,adaptive,True,10.0,40,0,20.768957345971565,12.0,13.0,15.0,17.5,7.5,52.2783984042932,41.0283984042932,11.25,nan,0.0,0,0,0,40
191,1,right_lane,adaptive,True,10.0,40,0,20.768957345971565,8.0,8.0,24.0,11.5,8.0,55.52839840434078,41.02839840434077,14.5,nan,0.0,0,0,0,40
192,1,right_lane,adaptive,True,10.0,40,0,21.393957345971565,0.0,1.0,39.0,0.0,5.5,61.779397667741144,42.02939766774115,19.75,nan,0.0,0,0,0,40
193,1,right_lane,adaptive,True,10.0,40,0,21.393957345971565,0.0,1.0,39.0,0.0,2.0,62.0293983296861,42.029398329686096,20.0,nan,0.0,0,0,0,40
194,1,right_lane,adaptive,True,10.0,20,1,22.037914691943108,0.0,1.0,19.0,0.5,8.0,31.4293976684307,21.4293976684307,10.0,nan,0.0,0,0,0,20
195,1,right_lane,adaptive,True,10.0,40,0,22.64146660636704,3.0,5.0,32.0,5.5,9.5,60.52356663663224,43.52356663663223,17.0,18.0,0.025,0,0,1,39
196,1,right_lane,adaptive,True,10.0,40,0,22.768957344482818,0.0,1.0,39.0,0.0,8.5,64.23285871286167,44.23285871286168,20.0,nan,0.0,0,0,0,40
197,1,right_lane,adaptive,True,10.0,40,0,21.018957345971565,1.0,1.0,38.0,0.5,1.0,61.1783991109292,41.428399110929206,19.75,nan,0.0,0,0,0,40
198,1,right_lane,adaptive,True,10.0,40,0,21.268957345971565,0.0,1.0,39.0,0.0,8.0,61.82939832968611,41.8293983296861,20.0,nan,0.0,0,0,0,40
199,1,right_lane,adaptive,True,10.0,3,1,25.0,1.0,1.0,1.0,1.0,1.0,4.648067887473768,3.3980678874737684,1.25,nan,0.0,0,0,0,3
200,1,right_lane,adaptive,True,10.0,40,0,20.268957345971565,0.0,0.0,40.0,0.0,14.0,59.48033175355451,39.7303317535545,19.75,nan,0.0,0,0,0,40
201,1,right_lane,adaptive,True,10.0,40,0,20.768957345971565,1.0,1.0,38.0,0.5,7.0,60.778398404339505,41.0283984043395,19.75,nan,0.0,0,0,0,40
202,1,right_lane,adaptive,True,10.0,40,0,22.143957345971565,0.0,0.0,40.0,0.0,15.0,63.230331753554495,43.2303317535545,20.0,nan,0.0,0,0,0,40
203,1,right_lane,adaptive,True,10.0,40,0,20.518957344286836,0.0,1.0,39.0,0.0,4.5,60.629396512006196,40.629396512006196,20.0,nan,0.0,0,0,0,40
204,1,right_lane,adaptive,True,10.0,40,0,23.643957260100045,0.0,0.0,40.0,0.0,2.0,65.63033161850066,45.630331618500676,20.0,nan,0.0,0,0,0,40
205,1,right_lane,adaptive,True,10.0,40,0,20.393957345971565,3.0,31.0,6.0,18.0,1.5,51.678396094584315,40.428396094584315,11.25,18.0,0.7,0,0,28,12
206,1,right_lane,adaptive,True,10.0,40,0,21.26859175625804,0.0,1.0,39.0,0.0,2.0,61.57881272419951,41.82881272419951,19.75,nan,0.0,0,0,0,40
207,1,right_lane,adaptive,True,10.0,40,0,23.143957345971565,1.0,1.0,38.0,0.5,10.0,64.57890631901275,44.82890631901275,19.75,nan,0.0,0,0,0,40
208,1,right_lane,adaptive,True,10.0,40,0,20.393957345971565,0.0,0.0,40.0,0.0,3.5,60.430331753554505,40.430331753554505,20.0,nan,0.0,0,0,0,40
209,1,right_lane,adaptive,True,10.0,40,0,21.89395174381868,1.0,1.0,38.0,0.5,1.0,62.57838944089488,42.82838944089488,19.75,nan,0.0,0,0,0,40
210,1,right_lane,adaptive,True,10.0,40,0,20.393957345971565,1.0,1.0,38.0,0.5,1.5,60.17840495955827,40.42840495955827,19.75,nan,0.0,0,0,0,40
211,1,right_lane,adaptive,True,10.0,40,0,20.393957345971565,1.0,1.0,38.0,0.5,12.5,60.17839717648496,40.42839717648496,19.75,nan,0.0,0,0,0,40
212,1,right_lane,adaptive,True,10.0,40,0,21.268957345971565,0.0,0.0,40.0,0.0,1.0,61.8303317535545,41.83033175355451,20.0,nan,0.0,0,0,0,40
213,1,right_lane,adaptive,True,10.0,40,0,21.018957345971565,0.0,0.0,40.0,0.0,11.0,61.4303317535545,41.430331753554505,20.0,nan,0.0,0,0,0,40
214,1,right_lane,adaptive,True,10.0,40,0,23.143909103635565,0.0,1.0,39.0,0.0,3.5,64.82932114194853,44.82932114194851,20.0,nan,0.0,0,0,0,40
215,1,right_lane,adaptive,True,10.0,7,1,22.251152256881806,1.0,1.0,5.0,1.0,3.5,10.678455077954618,7.428455077954618,3.25,nan,0.0,0,0,0,7
216,1,right_lane,adaptive,True,10.0,40,0,20.393957345971565,1.0,1.0,38.0,0.5,3.0,59.42839717648496,39.92839717648496,19.5,nan,0.0,0,0,0,40
217,1,right_lane,adaptive,True,10.0,40,0,20.268957345971565,0.0,0.0,40.0,0.0,2.5,60.2303317535545,40.2303317535545,20.0,nan,0.0,0,0,0,40
218,1,right_lane,adaptive,True,10.0,40,0,21.76895668109524,1.0,1.0,38.0,0.5,1.5,62.37839734053865,42.62839734053866,19.75,nan,0.0,0,0,0,40
219,1,right_lane,adaptive,True,10.0,40,0,21.018957345971565,0.0,0.0,40.0,0.0,5.0,61.43033267726745,41.43033267726746,20.0,nan,0.0,0,0,0,40
220,1,right_lane,adaptive,True,10.0,40,0,21.768957345967713,1.0,1.0,38.0,0.5,4.0,62.37839840433461,42.62839840433462,19.75,nan,0.0,0,0,0,40
221,1,right_lane,adaptive,True,10.0,38,1,22.651534048391124,7.0,7.0,24.0,11.0,5.5,55.58033175355972,41.830331753559726,13.75,nan,0.0,0,0,0,38
222,1,right_lane,adaptive,True,10.0,40,0,22.643919669043452,0.0,0.0,40.0,0.0,7.5,63.28027147046952,43.53027147046953,19.75,nan,0.0,0,0,0,40
223,1,right_lane,adaptive,True,10.0,40,0,21.393671888689,0.0,1.0,39.0,0.0,8.0,62.02899212762145,42.02899212762145,20.0,nan,0.0,0,0,0,40
224,1,right_lane,adaptive,True,10.0,40,0,20.518957345971565,0.0,1.0,39.0,0.0,4.0,60.6297942524406,40.62979425244059,20.0,nan,0.0,0,0,0,40
225,1,right_lane,adaptive,True,10.0,40,0,21.643957345971565,0.0,1.0,39.0,0.0,0.5,62.42939832968611,42.4293983296861,20.0,nan,0.0,0,0,0,40
226,1,right_lane,adaptive,True,10.0,40,0,21.268957345971565,0.0,0.0,40.0,0.0,2.5,61.8303317535545,41.83033175355451,20.0,nan,0.0,0,0,0,40
227,1,right_lane,adaptive,True,10.0,40,0,23.374963159668763,1.0,3.0,36.0,2.5,2.0,63.946638220725426,45.19663822072543,18.75,18.0,0.025,0,0,1,39
228,1,right_lane,adaptive,True,10.0,40,0,20.768957345971565,0.0,1.0,39.0,0.0,4.0,61.055786298588174,41.05578629858817,20.0,nan,0.0,0,0,0,40
229,1,right_lane,adaptive,True,10.0,40,0,21.018957345971565,0.0,0.0,40.0,0.0,0.5,61.43033175355449,41.43033175355449,20.0,nan,0.0,0,0,0,40
230,1,right_lane,adaptive,True,10.0,40,0,20.393957345971565,0.0,2.0,38.0,0.5,12.5,60.17939766615921,40.42939766615921,19.75,nan,0.0,0,0,0,40
231,1,right_lane,adaptive,True,10.0,40,0,21.518957345971565,0.0,1.0,39.0,0.0,0.5,62.229398329686106,42.229398329686106,20.0,nan,0.0,0,0,0,40
232,1,right_lane,adaptive,True,10.0,40,0,20.393957345971565,0.0,1.0,39.0,0.0,5.0,60.429397666520444,40.429397666520444,20.0,nan,0.0,0,0,0,40
233,1,right_lane,adaptive,True,10.0,40,0,20.518957345971565,3.0,3.0,34.0,4.0,16.5,58.87839840304393,40.62839840304393,18.25,nan,0.0,0,0,0,40
234,1,right_lane,adaptive,True,10.0,40,0,20.393957345971565,1.0,1.0,38.0,0.5,20.5,59.92839717648496,40.42839717648496,19.5,nan,0.0,0,0,0,40
235,1,right_lane,adaptive,True,10.0,40,0,22.768957345971565,1.0,1.0,38.0,0.5,5.0,63.9783991088609,44.22839910886089,19.75,nan,0.0,0,0,0,40
236,1,right_lane,adaptive,True,10.0,40,0,21.268957345971565,0.0,0.0,40.0,0.0,6.5,61.8303317535545,41.83033175355451,20.0,nan,0.0,0,0,0,40
237,1,right_lane,adaptive,True,10.0,40,0,20.393957345971565,1.0,1.0,38.0,0.5,3.5,60.17839717648496,40.42839717648496,19.75,nan,0.0,0,0,0,40
238,1,right_lane,adaptive,True,10.0,40,0,22.01678965473164,1.0,3.0,36.0,1.5,8.0,62.27337053023726,43.02337053023725,19.25,18.0,0.025,0,0,1,39
239,1,right_lane,adaptive,True,10.0,40,0,22.768957345971565,0.0,1.0,39.0,0.0,12.0,64.23240990401779,44.232409904017786,20.0,nan,0.0,0,0,0,40
240,1,right_lane,adaptive,True,10.0,40,0,20.768957345971565,10.0,10.0,20.0,15.5,5.0,53.530331753554506,41.030331753554506,12.5,nan,0.0,0,0,0,40
241,1,right_lane,adaptive,True,10.0,40,0,22.893951657973492,0.0,0.0,40.0,0.0,0.0,64.18032265275758,44.430322652757596,19.75,nan,0.0,0,0,0,40
242,1,right_lane,adaptive,True,10.0,40,0,20.643957345971565,3.0,5.0,32.0,5.0,10.0,58.32940557007921,40.82940557007921,17.5,nan,0.0,0,0,0,40
243,1,right_lane,adaptive,True,10.0,40,0,22.143957345971565,0.0,0.0,40.0,0.0,0.5,63.2303317535545,43.23033175355451,20.0,nan,0.0,0,0,0,40
244,1,right_lane,adaptive,True,10.0,40,0,21.518957345971565,1.0,1.0,38.0,0.5,9.0,61.97839717648496,42.228397176484954,19.75,nan,0.0,0,0,0,40
245,1,right_lane,adaptive,True,10.0,40,0,23.143957345971565,1.0,1.0,38.0,0.5,1.0,64.57839840304875,44.828398403048745,19.75,nan,0.0,0,0,0,40
246,1,right_lane,adaptive,True,10.0,40,0,20.893957331493432,1.0,1.0,38.0,0.5,2.5,60.97839715331995,41.22839715331995,19.75,nan,0.0,0,0,0,40
247,1,right_lane,adaptive,True,10.0,40,0,21.518957345971565,0.0,0.0,40.0,0.0,0.0,62.23033177366898,42.230331773668986,20.0,nan,0.0,0,0,0,40
248,1,right_lane,adaptive,True,10.0,40,0,21.500043292099726,4.0,6.0,30.0,6.0,10.5,59.19635407139627,42.19635407139628,17.0,18.0,0.025,0,0,1,39
249,1,right_lane,adaptive,True,10.0,40,0,20.518956596934782,0.0,0.0,40.0,0.0,15.5,60.82927373521248,40.829273735212475,20.0,nan,0.0,0,0,0,40
250,1,right_lane,adaptive,True,10.0,40,0,20.643957345971565,0.0,0.0,40.0,0.0,3.5,60.83033279419161,40.83033279419162,20.0,nan,0.0,0,0,0,40
251,1,right_lane,adaptive,True,10.0,40,0,20.518957345971565,0.0,0.0,40.0,0.0,6.5,60.6303317535545,40.63033175355451,20.0,nan,0.0,0,0,0,40
252,1,right_lane,adaptive,True,10.0,40,0,20.393957345971558,0.0,1.0,39.0,0.0,10.0,60.42939651470176,40.42939651470176,20.0,nan,0.0,0,0,0,40
253,1,right_lane,adaptive,True,10.0,40,0,21.393957345971494,1.0,1.0,38.0,0.5,6.0,61.77839840304383,42.02839840304382,19.75,nan,0.0,0,0,0,40
254,1,right_lane,adaptive,True,10.0,40,0,22.26895659544609,3.0,6.0,31.0,5.5,6.5,60.67661548750833,43.42661548750833,17.25,18.0,0.025,0,0,1,39
255,1,right_lane,adaptive,True,10.0,40,0,22.393919754659983,0.0,1.0,39.0,0.0,2.0,63.62933922629291,43.62933922629291,20.0,nan,0.0,0,0,0,40
256,1,right_lane,adaptive,True,10.0,40,0,20.393957345971565,0.0,1.0,39.0,0.0,7.0,60.429449892145094,40.429449892145094,20.0,nan,0.0,0,0,0,40
257,1,right_lane,adaptive,True,10.0,40,0,22.393957345971494,2.0,3.0,35.0,2.5,5.5,62.374668865874725,43.624668865874725,18.75,nan,0.0,0,0,0,40
258,1,right_lane,adaptive,True,10.0,40,0,22.143957345971565,1.0,1.0,38.0,0.5,10.5,63.15205973262296,43.40205973262297,19.75,nan,0.0,0,0,0,40
259,1,right_lane,adaptive,True,10.0,20,1,22.537914691883532,0.0,1.0,19.0,0.5,4.5,31.829396514671295,21.829396514671295,10.0,nan,0.0,0,0,0,20
260,1,right_lane,adaptive,True,10.0,40,0,21.143914066891014,0.0,1.0,39.0,0.0,5.5,60.87932842121107,41.12932842121107,19.75,nan,0.0,0,0,0,40
261,1,right_lane,adaptive,True,10.0,40,0,23.1439573329563,0.0,9.0,31.0,4.5,8.0,62.58039049437267,44.83039049437268,17.75,18.0,0.05,0,0,2,38
262,1,right_lane,adaptive,True,10.0,40,0,22.518919754889087,0.0,0.0,40.0,0.0,6.0,63.83027162590464,43.83027162590464,20.0,nan,0.0,0,0,0,40
263,1,right_lane,adaptive,True,10.0,40,0,20.89395734428684,0.0,1.0,39.0,0.0,0.5,61.22944989035194,41.22944989035194,20.0,nan,0.0,0,0,0,40
264,1,right_lane,adaptive,True,10.0,40,0,22.268957345971565,2.0,4.0,34.0,4.0,5.0,61.427541869928476,43.42754186992846,18.0,18.0,0.025,0,0,1,39
265,1,right_lane,adaptive,True,10.0,40,0,21.393957345971565,0.0,1.0,39.0,0.0,6.0,62.029397667741826,42.029397667741826,20.0,nan,0.0,0,0,0,40
266,1,right_lane,adaptive,True,10.0,40,0,21.768957345749705,1.0,1.0,38.0,0.5,3.0,62.37839910850591,42.62839910850592,19.75,nan,0.0,0,0,0,40
267,1,right_lane,adaptive,True,10.0,40,0,21.268957345971565,0.0,1.0,39.0,0.0,3.5,61.82939832999433,41.82939832999433,20.0,nan,0.0,0,0,0,40
268,1,right_lane,adaptive,True,10.0,40,0,21.893957345971565,0.0,0.0,40.0,0.0,11.0,62.8303317535545,42.830331753554496,20.0,nan,0.0,0,0,0,40
269,1,right_lane,adaptive,True,10.0,40,0,22.64395164495432,0.0,0.0,40.0,0.0,1.0,64.0303226319269,44.0303226319269,20.0,nan,0.0,0,0,0,40
270,1,right_lane,adaptive,True,10.0,14,1,21.482735274119527,0.0,0.0,14.0,0.5,4.0,21.63033967393254,14.630339673932541,7.0,nan,0.0,0,0,0,14
271,1,right_lane,adaptive,True,10.0,40,0,21.768957345971565,0.0,0.0,40.0,0.0,0.0,61.8803317535545,42.1303317535545,19.75,nan,0.0,0,0,0,40
272,1,right_lane,adaptive,True,10.0,40,0,21.018957345971565,1.0,1.0,38.0,0.5,10.0,61.178398404341486,41.4283984043415,19.75,nan,0.0,0,0,0,40
273,1,right_lane,adaptive,True,10.0,40,0,21.643957345971565,0.0,0.0,40.0,0.0,5.0,62.43033175355452,42.43033175355451,20.0,nan,0.0,0,0,0,40
274,1,right_lane,adaptive,True,10.0,40,0,21.018957345971565,0.0,0.0,40.0,0.0,4.0,61.4303317535545,41.430331753554505,20.0,nan,0.0,0,0,0,40
275,1,right_lane,adaptive,True,10.0,40,0,21.6439573459385,0.0,0.0,40.0,0.0,1.5,62.43033175350159,42.4303317535016,20.0,nan,0.0,0,0,0,40
276,1,right_lane,adaptive,True,10.0,40,0,21.14395734426102,0.0,1.0,39.0,0.0,3.5,61.62939766505022,41.62939766505021,20.0,nan,0.0,0,0,0,40
277,1,right_lane,adaptive,True,10.0,40,0,21.643957345971565,0.0,0.0,40.0,0.0,1.0,62.43033175593096,42.430331755930965,20.0,nan,0.0,0,0,0,40
278,1,right_lane,adaptive,True,10.0,40,0,20.768957345971565,0.0,0.0,40.0,0.0,11.0,61.030331753554506,41.030331753554506,20.0,nan,0.0,0,0,0,40
279,1,right_lane,adaptive,True,10.0,40,0,20.393957345971565,1.0,1.0,38.0,0.5,9.5,60.17839717648496,40.42839717648496,19.75,nan,0.0,0,0,0,40
280,1,right_lane,adaptive,True,10.0,40,0,21.018957345971565,2.0,5.0,33.0,4.0,11.0,59.4266179039511,41.426617903951104,18.0,18.0,0.025,0,0,1,39
281,1,right_lane,adaptive,True,10.0,40,0,20.393957345971565,4.0,5.0,31.0,6.5,15.5,57.18033175355367,40.43033175355368,16.75,nan,0.0,0,0,0,40
282,1,right_lane,adaptive,True,10.0,40,0,20.893957345971565,1.0,1.0,38.0,0.5,0.5,60.97839840434078,41.22839840434077,19.75,nan,0.0,0,0,0,40
283,1,right_lane,adaptive,True,10.0,40,0,21.393957345971565,0.0,1.0,39.0,0.0,10.0,62.02939766843072,42.029397668430725,20.0,nan,0.0,0,0,0,40
284,1,right_lane,adaptive,True,10.0,40,0,21.393957344286836,0.0,1.0,39.0,0.0,2.0,62.02939832699052,42.029398326990524,20.0,nan,0.0,0,0,0,40
285,1,right_lane,adaptive,True,10.0,40,0,21.143957345971565,1.0,1.0,38.0,0.5,15.0,61.378398406680084,41.628398406680084,19.75,nan,0.0,0,0,0,40
286,1,right_lane,adaptive,True,10.0,40,0,22.393919754889087,1.0,1.0,38.0,0.5,8.0,63.37833825934135,43.62833825934134,19.75,nan,0.0,0,0,0,40
287,1,right_lane,adaptive,True,10.0,29,1,22.095113580650345,1.0,2.0,26.0,2.0,8.5,44.97944874001896,31.22944874001896,13.75,nan,0.0,0,0,0,29
288,1,right_lane,adaptive,True,10.0,40,0,22.768957345971565,0.0,0.0,40.0,0.0,5.5,63.48033175355449,43.7303317535545,19.75,nan,0.0,0,0,0,40
289,1,right_lane,adaptive,True,10.0,40,0,22.643957332952905,3.0,8.0,29.0,6.5,5.0,60.7738303512927,44.02383035129269,16.75,18.0,0.05,0,0,2,38
290,1,right_lane,adaptive,True,10.0,40,0,20.768957345971565,0.0,0.0,40.0,0.0,10.5,61.030331771641336,41.030331771641336,20.0,nan,0.0,0,0,0,40
291,1,right_lane,adaptive,True,10.0,40,0,20.768957345971565,0.0,1.0,39.0,0.0,12.5,61.02939766843068,41.02939766843069,20.0,nan,0.0,0,0,0,40
292,1,right_lane,adaptive,True,10.0,40,0,22.018957345971117,1.0,1.0,38.0,0.5,2.5,62.77839717650252,43.02839717650252,19.75,nan,0.0,0,0,0,40
293,1,right_lane,adaptive,True,10.0,40,0,20.893957345971565,0.0,0.0,40.0,0.0,1.0,61.23033175355512,41.23033175355513,20.0,nan,0.0,0,0,0,40
294,1,right_lane,adaptive,True,10.0,40,0,20.143957345971565,0.0,0.0,40.0,0.0,19.0,60.030331753554506,40.0303317535545,20.0,nan,0.0,0,0,0,40
295,1,right_lane,adaptive,True,10.0,40,0,21.393957345971565,3.0,4.0,33.0,4.0,14.0,60.02839908797802,42.02839908797802,18.0,nan,0.0,0,0,0,40
296,1,right_lane,adaptive,True,10.0,40,0,24.518951657973492,0.0,0.0,40.0,0.0,0.0,67.03032265275758,47.0303226527576,20.0,nan,0.0,0,0,0,40
297,1,right_lane,adaptive,True,10.0,40,0,22.268957345971565,0.0,1.0,39.0,0.0,0.0,63.429406232024164,43.429406232024164,20.0,nan,0.0,0,0,0,40
298,1,right_lane,adaptive,True,10.0,40,0,20.393957345971565,1.0,1.0,38.0,0.5,8.0,60.17839717648496,40.42839717648496,19.75,nan,0.0,0,0,0,40
299,1,right_lane,adaptive,True,10.0,40,0,21.518957345967646,0.0,0.0,40.0,0.0,2.5,62.23033175354824,42.230331753548235,20.0,nan,0.0,0,0,0,40
300,1,right_lane,adaptive,True,10.0,40,0,20.518957345971565,0.0,0.0,40.0,0.0,11.5,60.63033175355994,40.63033175355994,20.0,nan,0.0,0,0,0,40
301,1,right_lane,adaptive,True,10.0,40,0,20.768957345971565,0.0,0.0,40.0,0.0,5.0,61.030331753554506,41.030331753554506,20.0,nan,0.0,0,0,0,40
302,1,right_lane,adaptive,True,10.0,40,0,20.393957345971565,0.0,1.0,39.0,0.0,16.5,60.429397666520444,40.429397666520444,20.0,nan,0.0,0,0,0,40
303,1,right_lane,adaptive,True,10.0,40,0,22.018957345971565,1.0,1.0,38.0,0.5,2.0,62.778398405073304,43.028398405073304,19.75,nan,0.0,0,0,0,40
304,1,right_lane,adaptive,True,10.0,40,0,21.268957345971565,1.0,1.0,38.0,0.5,2.5,61.57839910886089,41.82839910886089,19.75,nan,0.0,0,0,0,40
305,1,right_lane,adaptive,True,10.0,40,0,21.643908464738125,1.0,1.0,38.0,0.5,5.0,62.17832019509976,42.42832019509977,19.75,nan,0.0,0,0,0,40
306,1,right_lane,adaptive,True,10.0,13,1,21.212176449051793,0.0,1.0,12.0,0.5,6.5,19.9294655771906,13.429465577190603,6.5,nan,0.0,0,0,0,13
307,1,right_lane,adaptive,True,10.0,40,0,21.643957345971565,0.0,1.0,39.0,0.0,5.0,61.679397667741824,41.929397667741824,19.75,nan,0.0,0,0,0,40
308,1,right_lane,adaptive,True,10.0,40,0,20.893957345971565,0.0,1.0,39.0,0.0,3.0,61.229397667741154,41.22939766774115,20.0,nan,0.0,0,0,0,40
309,1,right_lane,adaptive,True,10.0,40,0,20.643956608239495,1.0,1.0,38.0,0.5,1.5,60.57839599611365,40.82839599611365,19.75,nan,0.0,0,0,0,40
310,1,right_lane,adaptive,True,10.0,40,0,21.393957345971565,1.0,1.0,38.0,0.5,3.0,61.778398201434726,42.02839820143473,19.75,nan,0.0,0,0,0,40
311,1,right_lane,adaptive,True,10.0,40,0,23.268957234313866,1.0,1.0,38.0,0.5,2.0,64.77839822568917,45.02839822568917,19.75,nan,0.0,0,0,0,40
312,1,right_lane,adaptive,True,10.0,40,0,24.76895723431381,0.0,0.0,40.0,0.0,0.0,67.6039942814685,47.6039942814685,20.0,nan,0.0,0,0,0,40
313,1,right_lane,adaptive,True,10.0,40,0,23.51891395694771,0.0,0.0,40.0,0.0,1.5,65.43026248624251,45.430262486242505,20.0,nan,0.0,0,0,0,40
314,1,right_lane,adaptive,True,10.0,40,0,21.018957345971565,1.0,1.0,38.0,0.5,1.0,61.178457456873666,41.428457456873666,19.75,nan,0.0,0,0,0,40
315,1,right_lane,adaptive,True,10.0,40,0,20.393957345971565,0.0,0.0,40.0,0.0,5.5,60.430331753554505,40.430331753554505,20.0,nan,0.0,0,0,0,40
316,1,right_lane,adaptive,True,10.0,40,0,21.268957235803004,0.0,0.0,40.0,0.0,2.5,61.8303315772848,41.8303315772848,20.0,nan,0.0,0,0,0,40
317,1,right_lane,adaptive,True,10.0,40,0,21.018957345971565,1.0,1.0,38.0,0.5,11.0,61.178398557396726,41.428398557396726,19.75,nan,0.0,0,0,0,40
318,1,right_lane,adaptive,True,10.0,40,0,21.768957345971565,0.0,0.0,40.0,0.0,0.0,62.6303317535545,42.63033175355451,20.0,nan,0.0,0,0,0,40
319,1,right_lane,adaptive,True,10.0,40,0,20.893957345971565,0.0,1.0,39.0,0.0,2.5,61.22939766773996,41.229397667739946,20.0,nan,0.0,0,0,0,40
320,1,right_lane,adaptive,True,10.0,40,0,21.018957345971565,0.0,1.0,39.0,0.0,18.0,61.42939832963659,41.429398329636605,20.0,nan,0.0,0,0,0,40
321,1,right_lane,adaptive,True,10.0,40,0,22.393957345971565,0.0,0.0,40.0,0.0,11.0,63.630331753554486,43.6303317535545,20.0,nan,0.0,0,0,0,40
322,1,right_lane,adaptive,True,10.0,40,0,22.643957234121675,0.0,1.0,39.0,0.0,6.5,64.02939633575913,44.029396335759145,20.0,nan,0.0,0,0,0,40
323,1,right_lane,adaptive,True,10.0,21,1,22.417061611374272,1.0,2.0,18.0,2.0,6.5,32.57939782312856,22.829397823128556,9.75,nan,0.0,0,0,0,21
324,1,right_lane,adaptive,True,10.0,40,0,21.268957345971565,0.0,0.0,40.0,0.0,1.0,61.080331753554496,41.330331753554496,19.75,nan,0.0,0,0,0,40
325,1,right_lane,adaptive,True,10.0,40,0,20.393957345971565,0.0,0.0,40.0,0.0,20.0,60.430331753554505,40.430331753554505,20.0,nan,0.0,0,0,0,40
326,1,right_lane,adaptive,True,10.0,40,0,20.393957345971565,0.0,0.0,40.0,0.0,3.5,60.430331753554505,40.430331753554505,20.0,nan,0.0,0,0,0,40
327,1,right_lane,adaptive,True,10.0,40,0,21.643957345971565,0.0,0.0,40.0,0.0,1.0,62.43033175355449,42.4303317535545,20.0,nan,0.0,0,0,0,40
328,1,right_lane,adaptive,True,10.0,13,1,23.13525106221637,1.0,1.0,11.0,0.5,0.5,20.678397203138786,14.428397203138784,6.25,nan,0.0,0,0,0,13
329,1,right_lane,adaptive,True,10.0,12,1,21.31319115248597,1.0,1.0,10.0,1.0,6.0,17.67839717612372,11.928397176123722,5.75,nan,0.0,0,0,0,12
330,1,right_lane,adaptive,True,10.0,40,0,21.268957345971565,0.0,0.0,40.0,0.0,1.0,61.08033175355451,41.33033175355451,19.75,nan,0.0,0,0,0,40
331,1,right_lane,adaptive,True,10.0,3,1,25.0,1.0,1.0,1.0,1.0,1.0,4.64806788747377,3.39806788747377,1.25,nan,0.0,0,0,0,3
332,1,right_lane,adaptive,True,10.0,3,1,25.0,1.0,1.0,1.0,1.0,1.5,4.097200792566933,3.097200792566933,1.0,nan,0.0,0,0,0,3
333,1,right_lane,adaptive,True,10.0,40,0,21.016461004214154,0.0,1.0,39.0,0.0,2.5,60.675403519708595,40.925403519708595,19.75,nan,0.0,0,0,0,40
334,1,right_lane,adaptive,True,10.0,40,0,22.39395734597156,0.0,1.0,39.0,0.0,4.5,63.63286649831698,43.63286649831697,20.0,nan,0.0,0,0,0,40
335,1,right_lane,adaptive,True,10.0,8,1,25.09293027620395,1.0,1.0,6.0,1.0,2.0,13.177805043691654,9.427805043691654,3.75,nan,0.0,0,0,0,8
336,1,right_lane,adaptive,True,10.0,40,0,21.143957345971494,0.0,0.0,40.0,0.0,10.0,60.88033175355441,41.13033175355441,19.75,nan,0.0,0,0,0,40
337,1,right_lane,adaptive,True,10.0,40,0,21.268957345971565,0.0,0.0,40.0,0.0,12.5,61.830331753554596,41.830331753554596,20.0,nan,0.0,0,0,0,40
338,1,right_lane,adaptive,True,10.0,40,0,20.893957345971565,1.0,1.0,38.0,0.5,9.5,60.978399108808794,41.228399108808794,19.75,nan,0.0,0,0,0,40
339,1,right_lane,adaptive,True,10.0,40,0,21.143957260122527,0.0,1.0,39.0,0.0,9.5,61.62939637734329,41.6293963773433,20.0,nan,0.0,0,0,0,40
340,1,right_lane,adaptive,True,10.0,40,0,20.518957345971565,1.0,1.0,38.0,0.5,10.0,60.37839852231403,40.62839852231403,19.75,nan,0.0,0,0,0,40
341,1,right_lane,adaptive,True,10.0,40,0,21.2689573457458,5.0,7.0,28.0,7.5,11.0,58.075618648082624,41.82561864808264,16.25,18.0,0.025,0,0,1,39
342,1,right_lane,adaptive,True,10.0,21,1,22.655156849469627,0.0,1.0,20.0,0.0,1.0,33.529398329999744,23.029398329999736,10.5,nan,0.0,0,0,0,21
343,1,right_lane,adaptive,True,10.0,40,0,20.768957345971565,0.0,0.0,40.0,0.0,18.5,60.5303317535545,40.530331753554506,20.0,nan,0.0,0,0,0,40
344,1,right_lane,adaptive,True,10.0,40,0,21.018957345971558,0.0,0.0,40.0,0.0,7.0,61.4303317535545,41.4303317535545,20.0,nan,0.0,0,0,0,40
345,1,right_lane,adaptive,True,10.0,40,0,21.643957345971565,0.0,1.0,39.0,0.0,8.0,62.42939832968611,42.42939832968611,20.0,nan,0.0,0,0,0,40
346,1,right_lane,adaptive,True,10.0,40,0,20.268957345971565,7.0,8.0,25.0,11.0,13.0,54.97939651470176,40.22939651470176,14.75,nan,0.0,0,0,0,40
347,1,right_lane,adaptive,True,10.0,40,0,20.643957345967717,1.0,1.0,38.0,0.5,8.0,60.328397176478795,40.82839717647879,19.5,nan,0.0,0,0,0,40
348,1,right_lane,adaptive,True,10.0,40,0,20.518957345971565,0.0,0.0,40.0,0.0,11.0,60.63033175355985,40.63033175355985,20.0,nan,0.0,0,0,0,40
349,1,right_lane,adaptive,True,10.0,40,0,21.393957345971497,4.0,7.0,29.0,7.0,9.0,58.526616687933014,42.02661668793302,16.5,18.0,0.025,0,0,1,39
350,1,right_lane,adaptive,True,10.0,40,0,22.268957345971565,1.0,1.0,38.0,0.5,6.5,63.17839910886099,43.428399108860994,19.75,nan,0.0,0,0,0,40
351,1,right_lane,adaptive,True,10.0,40,0,21.518956692178097,0.0,1.0,39.0,0.0,2.0,62.22939662167161,42.229396621671604,20.0,nan,0.0,0,0,0,40
352,1,right_lane,adaptive,True,10.0,16,1,24.422393085711462,1.0,3.0,12.0,2.0,6.0,25.876839298794483,18.626839298794483,7.25,18.0,0.0625,0,0,1,15
353,1,right_lane,adaptive,True,10.0,40,0,20.518957345971565,12.0,13.0,15.0,18.5,4.0,51.12839840304382,40.12839840304382,11.0,nan,0.0,0,0,0,40
354,1,right_lane,adaptive,True,10.0,40,0,20.752496440425727,0.0,1.0,39.0,0.0,10.5,60.50306021764711,41.00306021764711,19.5,nan,0.0,0,0,0,40
355,1,right_lane,adaptive,True,10.0,40,0,21.018957345971565,1.0,1.0,38.0,0.5,1.5,61.37493009862997,41.62493009862997,19.75,nan,0.0,0,0,0,40
356,1,right_lane,adaptive,True,10.0,40,0,22.268957344257622,3.0,5.0,32.0,4.5,7.0,61.175618140781246,43.42561814078126,17.75,18.0,0.025,0,0,1,39
357,1,right_lane,adaptive,True,10.0,40,0,20.768957345971565,1.0,1.0,38.0,0.5,9.5,60.77839911118994,41.02839911118995,19.75,nan,0.0,0,0,0,40
358,1,right_lane,adaptive,True,10.0,40,0,20.393957345971565,1.0,1.0,38.0,0.5,20.5,60.17839717648496,40.42839717648496,19.75,nan,0.0,0,0,0,40
359,1,right_lane,adaptive,True,10.0,40,0,21.393957345971565,1.0,1.0,38.0,0.5,6.0,61.77839910886091,42.028399108860896,19.75,nan,0.0,0,0,0,40
360,1,right_lane,adaptive,True,10.0,40,0,20.518957345971565,1.0,1.0,38.0,0.5,3.5,60.37839717648497,40.62839717648497,19.75,nan,0.0,0,0,0,40
361,1,right_lane,adaptive,True,10.0,40,0,21.768957345971565,0.0,6.0,34.0,2.5,9.0,61.37846529912345,42.62846529912345,18.75,18.0,0.025,0,0,1,39
362,1,right_lane,adaptive,True,10.0,40,0,22.143952395702158,0.0,0.0,40.0,0.0,2.5,63.23032383312347,43.230323833123464,20.0,nan,0.0,0,0,0,40
363,1,right_lane,adaptive,True,10.0,38,1,21.335744574702787,4.0,6.0,28.0,6.0,9.5,55.825625525898865,39.82562552589887,16.0,18.0,0.02631578947368421,0,0,1,37
364,1,right_lane,adaptive,True,10.0,40,0,21.893957345971565,0.0,1.0,39.0,0.0,3.5,62.32939766774116,42.32939766774115,20.0,nan,0.0,0,0,0,40
365,1,right_lane,adaptive,True,10.0,40,0,20.768957345971565,0.0,1.0,39.0,0.0,0.0,61.029397666520445,41.02939766652044,20.0,nan,0.0,0,0,0,40
366,1,right_lane,adaptive,True,10.0,40,0,21.018957345971565,0.0,1.0,39.0,0.0,7.5,61.42939651470185,41.429396514701835,20.0,nan,0.0,0,0,0,40
367,1,right_lane,adaptive,True,10.0,40,0,21.50249644062177,0.0,0.0,40.0,0.0,2.0,62.203994304994836,42.20399430499483,20.0,nan,0.0,0,0,0,40
368,1,right_lane,adaptive,True,10.0,40,0,21.393957345971565,0.0,1.0,39.0,0.0,3.5,62.39959191197759,42.3995919119776,20.0,nan,0.0,0,0,0,40
369,1,right_lane,adaptive,True,10.0,40,0,22.893957345967657,1.0,1.0,38.0,0.5,1.0,64.17839910885465,44.428399108854656,19.75,nan,0.0,0,0,0,40
370,1,right_lane,adaptive,True,10.0,40,0,20.518956694084682,1.0,1.0,38.0,0.5,1.5,60.37839613347138,40.62839613347138,19.75,nan,0.0,0,0,0,40
371,1,right_lane,adaptive,True,10.0,40,0,22.018957345941836,0.0,0.0,40.0,0.0,1.5,63.203995210613975,43.203995210613975,20.0,nan,0.0,0,0,0,40
372,1,right_lane,adaptive,True,10.0,40,0,22.643952395676344,0.0,1.0,39.0,0.0,5.0,64.02939040925503,44.02939040925505,20.0,nan,0.0,0,0,0,40
373,1,right_lane,adaptive,True,10.0,38,1,24.09890246944375,0.0,0.0,38.0,0.5,5.0,63.03033863100169,44.03033863100169,19.0,nan,0.0,0,0,0,38
374,1,right_lane,adaptive,True,10.0,40,0,24.518957345971565,0.0,0.0,40.0,0.0,12.0,66.28033175355449,46.5303317535545,19.75,nan,0.0,0,0,0,40
375,1,right_lane,adaptive,True,10.0,40,0,22.64395734406113,0.0,0.0,40.0,0.0,0.0,64.03033175049782,44.030331750497815,20.0,nan,0.0,0,0,0,40
376,1,right_lane,adaptive,True,10.0,40,0,22.76617544809696,0.0,0.0,40.0,0.0,2.0,64.22588071960932,44.225880719609314,20.0,nan,0.0,0,0,0,40
377,1,right_lane,adaptive,True,10.0,40,0,20.393957345971565,1.0,1.0,38.0,0.5,20.5,60.18226206834696,40.43226206834696,19.75,nan,0.0,0,0,0,40
378,1,right_lane,adaptive,True,10.0,40,0,21.893957345971565,1.0,1.0,38.0,0.5,3.5,62.5783991088088,42.82839910880878,19.75,nan,0.0,0,0,0,40
379,1,right_lane,adaptive,True,10.0,40,0,21.268909202470194,1.0,1.0,38.0,0.5,1.0,61.578321374738586,41.82832137473858,19.75,nan,0.0,0,0,0,40
380,1,right_lane,adaptive,True,10.0,40,0,20.518634297606518,0.0,1.0,39.0,0.0,20.5,60.62894652310396,40.628946523103956,20.0,nan,0.0,0,0,0,40
381,1,right_lane,adaptive,True,10.0,40,0,20.643957345971565,0.0,1.0,39.0,0.0,1.5,60.829846478967646,40.829846478967646,20.0,nan,0.0,0,0,0,40
382,1,right_lane,adaptive,True,10.0,40,0,21.393957345971565,0.0,1.0,39.0,0.0,6.0,62.0293983296861,42.029398329686096,20.0,nan,0.0,0,0,0,40
383,1,right_lane,adaptive,True,10.0,40,0,22.143957345971565,0.0,0.0,40.0,0.0,0.0,63.23033175355451,43.2303317535545,20.0,nan,0.0,0,0,0,40
384,1,right_lane,adaptive,True,10.0,40,0,22.143957345971565,0.0,1.0,39.0,0.0,5.5,63.2293983296861,43.229398329686106,20.0,nan,0.0,0,0,0,40
385,1,right_lane,adaptive,True,10.0,40,0,20.393957345971565,0.0,1.0,39.0,0.0,2.5,60.429397666520444,40.429397666520444,20.0,nan,0.0,0,0,0,40
386,1,right_lane,adaptive,True,10.0,40,0,20.518957345971565,1.0,1.0,38.0,0.5,8.0,60.37839717648497,40.62839717648495,19.75,nan,0.0,0,0,0,40
387,1,right_lane,adaptive,True,10.0,40,0,21.49754686449713,0.0,1.0,39.0,0.0,4.5,62.368803447601685,42.368803447601685,20.0,nan,0.0,0,0,0,40
388,1,right_lane,adaptive,True,10.0,40,0,21.768957345971554,0.0,0.0,40.0,0.0,8.0,62.66007734427782,42.66007734427782,20.0,nan,0.0,0,0,0,40
389,1,right_lane,adaptive,True,10.0,40,0,20.768957345971565,1.0,1.0,38.0,0.5,1.5,60.77839840433951,41.028398404339505,19.75,nan,0.0,0,0,0,40
390,1,right_lane,adaptive,True,10.0,40,0,20.393957345971565,1.0,1.0,38.0,0.5,4.5,60.17839717648496,40.42839717648496,19.75,nan,0.0,0,0,0,40
391,1,right_lane,adaptive,True,10.0,40,0,21.377496440621762,1.0,1.0,38.0,0.5,9.5,61.75205972792526,42.00205972792527,19.75,nan,0.0,0,0,0,40
392,1,right_lane,adaptive,True,10.0,33,1,21.68964526784432,1.0,1.0,31.0,0.5,4.5,51.474930099090145,35.224930099090145,16.25,nan,0.0,0,0,0,33
393,1,right_lane,adaptive,True,10.0,21,1,22.17896637327171,1.0,1.0,19.0,0.5,2.0,32.37839840304249,22.128398403042482,10.25,nan,0.0,0,0,0,21
394,1,right_lane,adaptive,True,10.0,40,0,21.26895724882166,1.0,1.0,38.0,0.5,3.0,61.07839824963342,41.328398249633416,19.75,nan,0.0,0,0,0,40
395,1,right_lane,adaptive,True,10.0,40,0,21.393957345971565,0.0,1.0,39.0,0.0,9.0,62.02939780271154,42.02939780271155,20.0,nan,0.0,0,0,0,40
396,1,right_lane,adaptive,True,10.0,40,0,20.643957345971565,0.0,1.0,39.0,0.0,18.0,60.82939766774115,40.82939766774115,20.0,nan,0.0,0,0,0,40
397,1,right_lane,adaptive,True,10.0,40,0,23.643957345971565,0.0,1.0,39.0,0.0,5.5,65.62939766774115,45.629397667741145,20.0,nan,0.0,0,0,0,40
398,1,right_lane,adaptive,True,10.0,40,0,21.143957345971565,0.0,1.0,39.0,0.0,1.5,61.62939766774183,41.62939766774183,20.0,nan,0.0,0,0,0,40
399,1,right_lane,adaptive,True,10.0,40,0,20.893957345971565,0.0,0.0,40.0,0.0,1.5,61.2303317535545,41.2303317535545,20.0,nan,0.0,0,0,0,40
400,1,right_lane,adaptive,True,10.0,40,0,20.268957345971565,0.0,0.0,40.0,0.0,13.0,60.40399430499483,40.40399430499483,20.0,nan,0.0,0,0,0,40
401,1,right_lane,adaptive,True,10.0,40,0,20.893957345971565,0.0,1.0,39.0,0.0,2.0,61.229397667741154,41.22939766774115,20.0,nan,0.0,0,0,0,40
402,1,right_lane,adaptive,True,10.0,40,0,21.64395734596714,0.0,0.0,40.0,0.0,8.5,62.43033175354743,42.43033175354743,20.0,nan,0.0,0,0,0,40
403,1,right_lane,adaptive,True,10.0,40,0,21.518957345971565,1.0,1.0,38.0,0.5,9.5,61.978397176491164,42.22839717649117,19.75,nan,0.0,0,0,0,40
404,1,right_lane,adaptive,True,10.0,40,0,22.768956608239495,1.0,1.0,38.0,0.5,3.5,63.97839792848959,44.22839792848958,19.75,nan,0.0,0,0,0,40
405,1,right_lane,adaptive,True,10.0,40,0,21.14395734574971,1.0,1.0,38.0,0.5,7.5,61.37839820106145,41.62839820106145,19.75,nan,0.0,0,0,0,40
406,1,right_lane,adaptive,True,10.0,40,0,22.500043292099726,0.0,1.0,39.0,0.0,1.5,63.79913518185443,43.79913518185443,20.0,nan,0.0,0,0,0,40
407,1,right_lane,adaptive,True,10.0,40,0,21.643957345971565,5.0,5.0,30.0,7.0,2.5,59.37833896312892,42.628338963128925,16.75,nan,0.0,0,0,0,40
408,1,right_lane,adaptive,True,10.0,40,0,22.018957345971565,0.0,0.0,40.0,0.0,11.0,62.780331753554506,43.0303317535545,19.75,nan,0.0,0,0,0,40
409,1,right_lane,adaptive,True,10.0,40,0,21.768957345971565,1.0,1.0,38.0,0.5,2.5,62.37839910880874,42.628399108808765,19.75,nan,0.0,0,0,0,40
410,1,right_lane,adaptive,True,10.0,3,1,25.0,1.0,1.0,1.0,1.0,1.5,4.64806788747377,3.39806788747377,1.25,nan,0.0,0,0,0,3
411,1,right_lane,adaptive,True,10.0,38,1,21.335744574706908,9.0,15.0,14.0,16.0,3.5,50.0793976442149,39.32939764421491,10.75,18.0,0.10526315789473684,0,0,4,34
412,1,right_lane,adaptive,True,10.0,40,0,20.268957345971565,0.0,0.0,40.0,0.0,14.5,59.7303317535545,39.7303317535545,20.0,nan,0.0,0,0,0,40
413,1,right_lane,adaptive,True,10.0,40,0,20.893957345971565,4.0,6.0,30.0,6.0,3.0,58.22554693247397,41.225546932473954,17.0,18.0,0.025,0,0,1,39
414,1,right_lane,adaptive,True,10.0,40,0,21.01895734426102,1.0,1.0,38.0,0.5,10.5,61.17839717374808,41.42839717374808,19.75,nan,0.0,0,0,0,40
415,1,right_lane,adaptive,True,10.0,40,0,20.393957345971565,10.0,10.0,20.0,14.5,12.5,53.42839717886142,40.42839717886142,13.0,nan,0.0,0,0,0,40
416,1,right_lane,adaptive,True,10.0,40,0,21.747510011146723,1.0,1.0,38.0,0.5,11.0,62.094082668621034,42.59408266862103,19.5,nan,0.0,0,0,0,40
417,1,right_lane,adaptive,True,10.0,40,0,21.01895239570556,0.0,0.0,40.0,0.0,10.0,61.46012062422711,41.4601206242271,20.0,nan,0.0,0,0,0,40
418,1,right_lane,adaptive,True,10.0,40,0,20.893957345971565,0.0,0.0,40.0,0.0,1.0,61.23033863096109,41.23033863096111,20.0,nan,0.0,0,0,0,40
419,1,right_lane,adaptive,True,10.0,24,1,23.156595576569625,2.0,3.0,19.0,2.5,4.5,37.57467008659245,26.824670086592448,10.75,nan,0.0,0,0,0,24
420,1,right_lane,adaptive,True,10.0,40,0,20.268957345971565,0.0,1.0,39.0,0.0,3.0,59.72939651470176,39.72939651470176,20.0,nan,0.0,0,0,0,40
421,1,right_lane,adaptive,True,10.0,40,0,22.018957345971565,0.0,1.0,39.0,0.0,2.0,63.02939766774182,43.02939766774183,20.0,nan,0.0,0,0,0,40
422,1,right_lane,adaptive,True,10.0,40,0,22.3939573459385,0.0,0.0,40.0,0.0,3.0,63.63033175350159,43.6303317535016,20.0,nan,0.0,0,0,0,40
423,1,right_lane,adaptive,True,10.0,40,0,21.643957345971565,0.0,0.0,40.0,0.0,6.5,62.430331753600434,42.430331753600434,20.0,nan,0.0,0,0,0,40
424,1,right_lane,adaptive,True,10.0,40,0,21.768957345971565,1.0,1.0,38.0,0.5,8.0,62.37839717648495,42.62839717648497,19.75,nan,0.0,0,0,0,40
425,1,right_lane,adaptive,True,10.0,40,0,20.518957345971565,1.0,1.0,38.0,0.5,0.5,60.37839840304393,40.62839840304393,19.75,nan,0.0,0,0,0,40
426,1,right_lane,adaptive,True,10.0,40,0,22.893957345971565,0.0,1.0,39.0,0.0,0.5,64.42939832968611,44.42939832968611,20.0,nan,0.0,0,0,0,40
427,1,right_lane,adaptive,True,10.0,19,1,22.145173359931892,1.0,1.0,17.0,0.5,0.5,29.67839840433451,20.42839840433451,9.25,nan,0.0,0,0,0,19
428,1,right_lane,adaptive,True,10.0,40,0,20.268957345971565,0.0,1.0,39.0,0.0,10.5,59.72939651470176,39.72939651470176,20.0,nan,0.0,0,0,0,40
429,1,right_lane,adaptive,True,10.0,11,1,20.978026711802876,0.0,0.0,11.0,0.5,5.0,16.730331753193266,11.23033175319327,5.5,nan,0.0,0,0,0,11
430,1,right_lane,adaptive,True,10.0,40,0,21.018957345971565,0.0,0.0,40.0,0.0,13.0,60.6803317535545,40.930331753554505,19.75,nan,0.0,0,0,0,40
431,1,right_lane,adaptive,True,10.0,40,0,22.393957345971565,0.0,0.0,40.0,0.0,5.5,63.630331753554515,43.63033175355451,20.0,nan,0.0,0,0,0,40
432,1,right_lane,adaptive,True,10.0,40,0,21.393957345971565,1.0,1.0,38.0,0.5,11.5,61.77839717648494,42.02839717648495,19.75,nan,0.0,0,0,0,40
433,1,right_lane,adaptive,True,10.0,40,0,20.50032874938229,0.0,1.0,39.0,0.0,4.0,60.599590760158925,40.599590760158925,20.0,nan,0.0,0,0,0,40
434,1,right_lane,adaptive,True,10.0,40,0,23.877496438685522,1.0,1.0,38.0,0.5,2.0,65.95160299787277,46.20160299787276,19.75,nan,0.0,0,0,0,40
435,1,right_lane,adaptive,True,10.0,40,0,21.143957345971565,1.0,1.0,38.0,0.5,0.5,61.57492887319182,41.82492887319182,19.75,nan,0.0,0,0,0,40
436,1,right_lane,adaptive,True,10.0,40,0,21.268957345971565,0.0,0.0,40.0,0.0,11.5,62.00399430499484,42.00399430499483,20.0,nan,0.0,0,0,0,40
437,1,right_lane,adaptive,True,10.0,40,0,20.768957345971565,1.0,1.0,38.0,0.5,9.5,60.77839840434078,41.02839840434077,19.75,nan,0.0,0,0,0,40
438,1,right_lane,adaptive,True,10.0,40,0,22.393957345971565,2.0,4.0,34.0,3.0,5.5,62.12554546252167,43.62554546252167,18.5,18.0,0.025,0,0,1,39
439,1,right_lane,adaptive,True,10.0,6,1,25.0,2.0,3.0,1.0,2.5,1.5,8.745336602891298,6.995336602891298,1.75,nan,0.0,0,0,0,6
440,1,right_lane,adaptive,True,10.0,40,0,21.518957345971565,0.0,1.0,39.0,0.0,7.5,61.72939766774183,41.72939766774182,20.0,nan,0.0,0,0,0,40
441,1,right_lane,adaptive,True,10.0,40,0,21.018957247332974,0.0,1.0,39.0,0.0,12.5,61.42939750991941,41.42939750991941,20.0,nan,0.0,0,0,0,40
442,1,right_lane,adaptive,True,10.0,40,0,20.893957345971565,0.0,0.0,40.0,0.0,4.0,61.230331890593135,41.230331890593135,20.0,nan,0.0,0,0,0,40
443,1,right_lane,adaptive,True,10.0,40,0,22.018957345971565,0.0,1.0,39.0,0.0,4.0,63.0293983296861,43.02939832968611,20.0,nan,0.0,0,0,0,40
444,1,right_lane,adaptive,True,10.0,40,0,23.00249642760311,2.0,4.0,34.0,4.0,11.0,62.601214542378685,44.601214542378685,18.0,18.0,0.025,0,0,1,39
445,1,right_lane,adaptive,True,10.0,40,0,21.893957345971565,1.0,1.0,38.0,0.5,10.5,62.948592668617266,43.19859266861726,19.75,nan,0.0,0,0,0,40
446,1,right_lane,adaptive,True,10.0,40,0,21.518957345971558,1.0,1.0,38.0,0.5,9.5,61.97839840507329,42.2283984050733,19.75,nan,0.0,0,0,0,40
447,1,right_lane,adaptive,True,10.0,40,0,22.018957345971565,0.0,1.0,39.0,0.0,4.5,63.02939651471898,43.02939651471897,20.0,nan,0.0,0,0,0,40
448,1,right_lane,adaptive,True,10.0,40,0,20.518957345971565,0.0,1.0,39.0,0.0,12.0,60.629396514701746,40.62939651470175,20.0,nan,0.0,0,0,0,40
449,1,right_lane,adaptive,True,10.0,17,1,20.92695846110954,0.0,1.0,16.0,0.5,8.5,25.92939766652043,17.42939766652043,8.5,nan,0.0,0,0,0,17
450,1,right_lane,adaptive,True,10.0,40,0,22.643957345971554,1.0,1.0,38.0,0.5,5.0,63.02839840507329,43.52839840507329,19.5,nan,0.0,0,0,0,40
451,1,right_lane,adaptive,True,10.0,40,0,21.143957345971565,0.0,0.0,40.0,0.0,1.0,61.63033175355451,41.630331753554515,20.0,nan,0.0,0,0,0,40
452,1,right_lane,adaptive,True,10.0,40,0,20.643957345971565,0.0,1.0,39.0,0.0,13.5,60.82939651471895,40.82939651471895,20.0,nan,0.0,0,0,0,40
453,1,right_lane,adaptive,True,10.0,40,0,22.76895734425717,2.0,5.0,33.0,4.5,1.5,61.977552002241616,44.227552002241616,17.75,18.0,0.05,0,0,2,38
454,1,right_lane,adaptive,True,10.0,40,0,21.143957345971565,0.0,1.0,39.0,0.0,8.5,61.629396517083556,41.62939651708356,20.0,nan,0.0,0,0,0,40
455,1,right_lane,adaptive,True,10.0,25,1,22.4303317535545,1.0,1.0,23.0,1.0,9.0,39.4783991088609,27.22839910886089,12.25,nan,0.0,0,0,0,25
456,1,right_lane,adaptive,True,10.0,40,0,22.393957345971565,0.0,0.0,40.0,0.0,9.0,62.88033175355452,43.13033175355451,19.75,nan,0.0,0,0,0,40
457,1,right_lane,adaptive,True,10.0,40,0,23.768957345971565,0.0,0.0,40.0,0.0,2.5,65.8303317535545,45.830331753554496,20.0,nan,0.0,0,0,0,40
458,1,right_lane,adaptive,True,10.0,40,0,22.768956693888633,1.0,1.0,38.0,0.5,5.5,63.9783973617406,44.22839736174062,19.75,nan,0.0,0,0,0,40
459,1,right_lane,adaptive,True,10.0,40,0,21.268957345971565,0.0,1.0,39.0,0.0,10.0,61.829398573680905,41.82939857368089,20.0,nan,0.0,0,0,0,40
460,1,right_lane,adaptive,True,10.0,40,0,21.268957345971565,1.0,1.0,38.0,0.5,1.0,61.57839718118255,41.82839718118254,19.75,nan,0.0,0,0,0,40
461,1,right_lane,adaptive,True,10.0,40,0,21.018957345971565,0.0,1.0,39.0,0.0,8.0,61.429397666520444,41.429397666520444,20.0,nan,0.0,0,0,0,40
462,1,right_lane,adaptive,True,10.0,3,1,25.0,1.0,1.0,1.0,1.0,1.0,4.648067887473768,3.3980678874737684,1.25,nan,0.0,0,0,0,3
463,1,right_lane,adaptive,True,10.0,40,0,22.018957345971554,0.0,0.0,40.0,0.0,1.0,62.28033175355449,42.530331753554485,19.75,nan,0.0,0,0,0,40
464,1,right_lane,adaptive,True,10.0,38,1,20.54627089026285,0.0,0.0,38.0,0.0,1.0,57.63033175319954,38.630331753199535,19.0,nan,0.0,0,0,0,38
465,1,right_lane,adaptive,True,10.0,40,0,20.393957345971565,1.0,1.0,38.0,0.5,8.0,59.67839717679318,39.92839717679318,19.75,nan,0.0,0,0,0,40
466,1,right_lane,adaptive,True,10.0,40,0,21.143957345971565,1.0,1.0,38.0,0.5,0.0,61.37839910886089,41.62839910886089,19.75,nan,0.0,0,0,0,40
467,1,right_lane,adaptive,True,10.0,40,0,21.393957345971565,0.0,0.0,40.0,0.0,10.0,62.030331753554506,42.030331753554506,20.0,nan,0.0,0,0,0,40
468,1,right_lane,adaptive,True,10.0,40,0,20.893957345971565,0.0,0.0,40.0,0.0,7.0,61.2303317535545,41.2303317535545,20.0,nan,0.0,0,0,0,40
469,1,right_lane,adaptive,True,10.0,40,0,22.62500001301917,0.0,0.0,40.0,0.0,3.0,64.00000002083068,44.00000002083068,20.0,nan,0.0,0,0,0,40
470,1,right_lane,adaptive,True,10.0,40,0,21.1439573331451,1.0,1.0,38.0,0.5,7.0,61.578397137875065,41.828397137875065,19.75,nan,0.0,0,0,0,40
471,1,right_lane,adaptive,True,10.0,40,0,23.268957345971565,0.0,0.0,40.0,0.0,0.0,65.0303317713743,45.03033177137431,20.0,nan,0.0,0,0,0,40
472,1,right_lane,adaptive,True,10.0,40,0,22.143952395705558,0.0,1.0,39.0,0.0,2.0,63.22938974800511,43.22938974800512,20.0,nan,0.0,0,0,0,40
473,1,right_lane,adaptive,True,10.0,40,0,21.89395724882166,1.0,3.0,36.0,2.5,4.5,61.57755242922445,42.82755242922445,18.75,18.0,0.025,0,0,1,39
474,1,right_lane,adaptive,True,10.0,40,0,21.268957345971565,1.0,14.0,25.0,7.0,2.0,58.32839854003733,41.828398540037334,16.5,nan,0.0,0,0,0,40
475,1,right_lane,adaptive,True,10.0,40,0,20.768957345971565,1.0,1.0,38.0,0.5,3.5,60.77839910880876,41.02839910880877,19.75,nan,0.0,0,0,0,40
476,1,right_lane,adaptive,True,10.0,40,0,23.893585416373085,0.0,0.0,40.0,0.0,3.0,66.02973666619692,46.02973666619693,20.0,nan,0.0,0,0,0,40
477,1,right_lane,adaptive,True,10.0,40,0,20.768957345971565,0.0,0.0,40.0,0.0,2.0,61.03084847549873,41.03084847549873,20.0,nan,0.0,0,0,0,40
478,1,right_lane,adaptive,True,10.0,10,1,21.575829331809555,1.0,1.0,8.0,1.0,5.0,15.178397155654277,10.428397155654277,4.75,nan,0.0,0,0,0,10
479,1,right_lane,adaptive,True,10.0,12,1,25.063169648096153,1.0,1.0,10.0,1.0,3.0,19.22838878639255,13.728388786392546,5.5,nan,0.0,0,0,0,12
480,1,right_lane,adaptive,True,10.0,40,0,20.393957345971565,1.0,1.0,38.0,0.5,9.5,59.42839717648496,39.92839717648496,19.5,nan,0.0,0,0,0,40
481,1,right_lane,adaptive,True,10.0,40,0,20.518957345971565,0.0,1.0,39.0,0.0,14.5,60.629397667739944,40.629397667739944,20.0,nan,0.0,0,0,0,40
482,1,right_lane,adaptive,True,10.0,4,1,22.686285965892733,0.0,1.0,3.0,0.5,1.5,6.228870515724992,4.228870515724992,2.0,nan,0.0,0,0,0,4
483,1,right_lane,adaptive,True,10.0,40,0,20.643957345971565,0.0,1.0,39.0,0.0,4.0,60.07939766774115,40.32939766774115,19.75,nan,0.0,0,0,0,40
484,1,right_lane,adaptive,True,10.0,40,0,21.143957345775526,1.0,1.0,38.0,0.5,1.0,61.3783984047596,41.628398404759594,19.75,nan,0.0,0,0,0,40
485,1,right_lane,adaptive,True,10.0,40,0,21.018957345971565,0.0,1.0,39.0,0.0,0.5,61.4293976680135,41.42939766801351,20.0,nan,0.0,0,0,0,40
486,1,right_lane,adaptive,True,10.0,40,0,21.393957345941836,4.0,6.0,30.0,7.0,5.0,58.52755199761048,42.02755199761048,16.5,18.0,0.025,0,0,1,39
487,1,right_lane,adaptive,True,10.0,40,0,24.518957345971057,0.0,1.0,39.0,0.0,1.5,67.0293983297266,47.02939832972658,20.0,nan,0.0,0,0,0,40
488,1,right_lane,adaptive,True,10.0,40,0,22.00249644062177,3.0,6.0,31.0,6.5,3.0,60.426721104488614,43.17672110448863,17.25,18.0,0.025,0,0,1,39
489,1,right_lane,adaptive,True,10.0,40,0,21.768956498296195,0.0,0.0,40.0,0.0,6.5,62.32595037983607,42.82595037983609,19.5,nan,0.0,0,0,0,40
490,1,right_lane,adaptive,True,10.0,40,0,20.893957345971565,0.0,0.0,40.0,0.0,1.5,61.23033293123026,41.23033293123025,20.0,nan,0.0,0,0,0,40
491,1,right_lane,adaptive,True,10.0,40,0,21.643957345937995,1.0,1.0,38.0,0.5,8.0,62.17839840299022,42.42839840299022,19.75,nan,0.0,0,0,0,40
492,1,right_lane,adaptive,True,10.0,40,0,20.268957345971565,0.0,0.0,40.0,0.0,11.0,60.23033175360114,40.23033175360114,20.0,nan,0.0,0,0,0,40
493,1,right_lane,adaptive,True,10.0,40,0,22.143957345971565,0.0,1.0,39.0,0.0,15.5,63.2293983296861,43.229398329686106,20.0,nan,0.0,0,0,0,40
494,1,right_lane,adaptive,True,10.0,40,0,21.518957345971565,0.0,0.0,40.0,0.0,3.5,62.230331753554495,42.23033175355451,20.0,nan,0.0,0,0,0,40
495,1,right_lane,adaptive,True,10.0,40,0,20.393957345971565,0.0,1.0,39.0,0.0,2.0,60.429397666520444,40.429397666520444,20.0,nan,0.0,0,0,0,40
496,1,right_lane,adaptive,True,10.0,37,1,21.101575509158447,1.0,1.0,35.0,0.5,7.0,56.67839910886089,38.42839910886089,18.25,nan,0.0,0,0,0,37
497,1,right_lane,adaptive,True,10.0,40,0,21.768957345971565,0.0,1.0,39.0,0.0,1.0,62.129398329686104,42.1293983296861,20.0,nan,0.0,0,0,0,40
498,1,right_lane,adaptive,True,10.0,40,0,21.89366628653611,0.0,0.0,40.0,0.0,1.0,62.82986605845779,42.82986605845778,20.0,nan,0.0,0,0,0,40
499,1,right_lane,adaptive,True,10.0,40,0,20.768957345971508,0.0,0.0,40.0,0.0,13.0,61.030736122547864,41.030736122547864,20.0,nan,0.0,0,0,0,40
500,1,right_lane,adaptive,True,10.0,40,0,20.393957345971565,1.0,1.0,38.0,0.5,11.5,60.17839717648504,40.42839717648504,19.75,nan,0.0,0,0,0,40
501,1,right_lane,adaptive,True,10.0,15,1,22.050552921921124,0.0,0.0,15.0,0.5,5.0,23.53033175315268,16.030331753152677,7.5,nan,0.0,0,0,0,15
502,1,right_lane,adaptive,True,10.0,40,0,20.643957345971565,0.0,1.0,39.0,0.0,0.0,60.07939766652498,40.32939766652498,19.75,nan,0.0,0,0,0,40
503,1,right_lane,adaptive,True,10.0,40,0,21.143957345971565,1.0,1.0,38.0,0.5,7.0,61.378398404340764,41.62839840434078,19.75,nan,0.0,0,0,0,40
504,1,right_lane,adaptive,True,10.0,40,0,22.518957345971565,1.0,1.0,38.0,0.5,5.0,63.57839910880877,43.82839910880875,19.75,nan,0.0,0,0,0,40
505,1,right_lane,adaptive,True,10.0,40,0,21.268957345971565,0.0,0.0,40.0,0.0,4.5,61.83033175355449,41.830331753554496,20.0,nan,0.0,0,0,0,40
506,1,right_lane,adaptive,True,10.0,40,0,20.768957345971565,1.0,1.0,38.0,0.5,1.0,60.77839840434078,41.02839840434077,19.75,nan,0.0,0,0,0,40
507,1,right_lane,adaptive,True,10.0,40,0,20.268957345971565,5.0,7.0,28.0,8.0,12.5,56.22754214294555,40.22754214294555,16.0,nan,0.0,0,0,0,40
508,1,right_lane,adaptive,True,10.0,40,0,20.518957345971565,0.0,1.0,39.0,0.0,11.0,60.629397667739944,40.629397667739944,20.0,nan,0.0,0,0,0,40
509,1,right_lane,adaptive,True,10.0,40,0,20.393957345971565,1.0,1.0,38.0,0.5,18.0,60.17839717648496,40.42839717648496,19.75,nan,0.0,0,0,0,40
510,1,right_lane,adaptive,True,10.0,40,0,22.51891975488524,1.0,1.0,38.0,0.5,6.5,63.578338258602656,43.828338258602656,19.75,nan,0.0,0,0,0,40
511,1,right_lane,adaptive,True,10.0,23,1,21.337317123428807,2.0,2.0,19.0,2.5,6.5,34.52845133412046,24.02845133412047,10.5,nan,0.0,0,0,0,23
512,1,right_lane,adaptive,True,10.0,40,0,22.75000570101725,0.0,0.0,40.0,0.0,3.0,63.45000912162758,43.70000912162759,19.75,nan,0.0,0,0,0,40
513,1,right_lane,adaptive,True,10.0,40,0,20.893956694084682,1.0,1.0,38.0,0.5,1.5,61.00472688945583,41.254726889455824,19.75,nan,0.0,0,0,0,40
514,1,right_lane,adaptive,True,10.0,40,0,21.143957345971565,1.0,1.0,38.0,0.5,4.0,61.378399310006195,41.6283993100062,19.75,nan,0.0,0,0,0,40
515,1,right_lane,adaptive,True,10.0,40,0,22.26895659522039,1.0,1.0,38.0,0.5,0.5,63.17839720313889,43.42839720313889,19.75,nan,0.0,0,0,0,40
516,1,right_lane,adaptive,True,10.0,40,0,21.393957345971565,1.0,1.0,38.0,0.5,12.5,61.77839944735841,42.02839944735842,19.75,nan,0.0,0,0,0,40
517,1,right_lane,adaptive,True,10.0,40,0,20.893957345971565,3.0,5.0,32.0,4.5,17.5,58.97561621078722,41.22561621078722,17.75,18.0,0.025,0,0,1,39
518,1,right_lane,adaptive,True,10.0,40,0,21.26895734596765,3.0,5.0,32.0,5.5,5.0,59.07755199770655,41.82755199770655,17.25,18.0,0.025,0,0,1,39
519,1,right_lane,adaptive,True,10.0,40,0,20.768957345971565,1.0,1.0,38.0,0.5,15.0,60.7783991088142,41.028399108814206,19.75,nan,0.0,0,0,0,40
520,1,right_lane,adaptive,True,10.0,40,0,21.268957345971565,0.0,0.0,40.0,0.0,0.0,61.83033175355452,41.8303317535545,20.0,nan,0.0,0,0,0,40
521,1,right_lane,adaptive,True,10.0,40,0,20.768957345971565,0.0,1.0,39.0,0.0,7.0,61.029396514701766,41.02939651470176,20.0,nan,0.0,0,0,0,40
522,1,right_lane,adaptive,True,10.0,40,0,21.250328749382216,0.0,0.0,40.0,0.0,5.0,61.80052599901154,41.80052599901155,20.0,nan,0.0,0,0,0,40
523,1,right_lane,adaptive,True,10.0,23,1,22.424273645167922,1.0,1.0,21.0,0.5,4.5,36.30427789809019,25.05427789809019,11.25,nan,0.0,0,0,0,23
524,1,right_lane,adaptive,True,10.0,40,0,24.89395724713693,0.0,1.0,39.0,0.0,1.5,67.12939817155069,47.12939817155069,20.0,nan,0.0,0,0,0,40
525,1,right_lane,adaptive,True,10.0,40,0,22.018957334641033,0.0,7.0,33.0,3.0,12.0,61.52839235514493,43.02839235514492,18.5,18.0,0.025,0,0,1,39
526,1,right_lane,adaptive,True,10.0,40,0,21.393957345971558,0.0,10.0,30.0,4.5,5.0,59.779398156948346,42.02939815694834,17.75,18.0,0.025,0,0,1,39
527,1,right_lane,adaptive,True,10.0,40,0,20.893956694084675,1.0,1.0,38.0,0.5,3.0,60.97839613346595,41.22839613346595,19.75,nan,0.0,0,0,0,40
528,1,right_lane,adaptive,True,10.0,40,0,21.393957345971565,5.0,6.0,29.0,7.5,9.0,58.5283993100075,42.0283993100075,16.5,18.0,0.025,0,0,1,39
529,1,right_lane,adaptive,True,10.0,40,0,20.768957345971565,1.0,1.0,38.0,0.5,4.5,60.5283984043395,41.02839840433949,19.5,nan,0.0,0,0,0,40
530,1,right_lane,adaptive,True,10.0,40,0,21.643957345941836,0.0,0.0,40.0,0.0,4.0,62.43033175350694,42.43033175350693,20.0,nan,0.0,0,0,0,40
531,1,right_lane,adaptive,True,10.0,40,0,21.393957345971565,0.0,0.0,40.0,0.0,0.5,62.030331753595796,42.03033175359579,20.0,nan,0.0,0,0,0,40
532,1,right_lane,adaptive,True,10.0,40,0,21.75249644062177,0.0,1.0,39.0,0.0,12.5,62.60306021918147,42.60306021918147,20.0,nan,0.0,0,0,0,40
533,1,right_lane,adaptive,True,10.0,40,0,21.893957345971565,0.0,0.0,40.0,0.0,1.0,63.02686344757134,43.026863447571344,20.0,nan,0.0,0,0,0,40
534,1,right_lane,adaptive,True,10.0,40,0,20.643957345968165,1.0,1.0,38.0,0.5,12.0,60.57839840303849,40.82839840303849,19.75,nan,0.0,0,0,0,40
535,1,right_lane,adaptive,True,10.0,31,1,22.282525607705242,2.0,4.0,25.0,3.5,7.0,47.624729221976885,33.6247292219769,14.0,18.0,0.03225806451612903,0,0,1,30
536,1,right_lane,adaptive,True,10.0,40,0,20.750043292099726,1.0,1.0,38.0,0.5,2.0,59.998134690290016,40.498134690290016,19.5,nan,0.0,0,0,0,40
537,1,right_lane,adaptive,True,10.0,40,0,21.018957345971565,2.0,4.0,34.0,4.0,7.5,59.45382931552799,41.453829315528004,18.0,18.0,0.025,0,0,1,39
538,1,right_lane,adaptive,True,10.0,40,0,20.893957345971565,4.0,6.0,30.0,6.0,12.5,58.22560707582552,41.22560707582552,17.0,18.0,0.025,0,0,1,39
539,1,right_lane,adaptive,True,10.0,40,0,20.393957345971565,1.0,1.0,38.0,0.5,10.5,60.17839717648496,40.42839717648496,19.75,nan,0.0,0,0,0,40
540,1,right_lane,adaptive,True,10.0,40,0,21.75032874938229,0.0,0.0,40.0,0.0,4.0,62.60052599901167,42.60052599901167,20.0,nan,0.0,0,0,0,40
541,1,right_lane,adaptive,True,10.0,40,0,22.893957345971565,0.0,0.0,40.0,0.0,13.5,64.6298750219024,44.6298750219024,20.0,nan,0.0,0,0,0,40
542,1,right_lane,adaptive,True,10.0,40,0,23.268957345971565,0.0,1.0,39.0,0.0,11.0,65.0293983296861,45.02939832968612,20.0,nan,0.0,0,0,0,40
543,1,right_lane,adaptive,True,10.0,40,0,22.018957345971565,0.0,1.0,39.0,0.0,9.0,63.0293983296861,43.0293983296861,20.0,nan,0.0,0,0,0,40
544,1,right_lane,adaptive,True,10.0,40,0,20.768957345971565,0.0,1.0,39.0,0.0,3.0,61.02939651470176,41.029396514701766,20.0,nan,0.0,0,0,0,40
545,1,right_lane,adaptive,True,10.0,40,0,23.268957345971565,0.0,1.0,39.0,0.0,1.0,65.02939766843072,45.02939766843072,20.0,nan,0.0,0,0,0,40
546,1,right_lane,adaptive,True,10.0,40,0,22.768957345971565,0.0,1.0,39.0,0.0,0.0,64.2293983296861,44.229398329686106,20.0,nan,0.0,0,0,0,40
547,1,right_lane,adaptive,True,10.0,40,0,21.143957345971565,0.0,1.0,39.0,0.0,11.0,61.6293983296861,41.6293983296861,20.0,nan,0.0,0,0,0,40
548,1,right_lane,adaptive,True,10.0,40,0,21.518957345971565,0.0,0.0,40.0,0.0,2.0,62.2303317535545,42.2303317535545,20.0,nan,0.0,0,0,0,40
549,1,right_lane,adaptive,True,10.0,21,1,21.226585420898214,1.0,1.0,19.0,1.0,8.0,32.078398404339495,21.828398404339495,10.25,nan,0.0,0,0,0,21
550,1,right_lane,adaptive,True,10.0,12,1,21.31319115248597,0.0,0.0,12.0,0.5,5.5,17.68033175319327,11.930331753193268,5.75,nan,0.0,0,0,0,12
551,1,right_lane,adaptive,True,10.0,40,0,20.268957345971565,0.0,1.0,39.0,0.0,8.5,59.47939651470176,39.72939651470176,19.75,nan,0.0,0,0,0,40
552,1,right_lane,adaptive,True,10.0,40,0,21.393956596934782,0.0,1.0,39.0,0.0,1.5,62.02939531626012,42.02939531626012,20.0,nan,0.0,0,0,0,40
553,1,right_lane,adaptive,True,10.0,40,0,22.268628695453636,3.0,8.0,29.0,6.5,8.0,60.17330474839574,43.42330474839575,16.75,18.0,0.05,0,0,2,38
554,1,right_lane,adaptive,True,10.0,40,0,20.518957345971565,0.0,0.0,40.0,0.0,10.5,60.63078834781742,40.63078834781742,20.0,nan,0.0,0,0,0,40
555,1,right_lane,adaptive,True,10.0,40,0,21.393957345971565,0.0,0.0,40.0,0.0,5.5,62.030331753554506,42.03033175355451,20.0,nan,0.0,0,0,0,40
556,1,right_lane,adaptive,True,10.0,40,0,22.143671888689,0.0,1.0,39.0,0.0,4.5,63.228940934872874,43.228940934872874,20.0,nan,0.0,0,0,0,40
557,1,right_lane,adaptive,True,10.0,40,0,23.99783240762488,0.0,0.0,40.0,0.0,3.5,66.19692843811995,46.19692843811995,20.0,nan,0.0,0,0,0,40
558,1,right_lane,adaptive,True,10.0,40,0,22.500005701017244,5.0,8.0,27.0,8.5,4.5,59.749308613784315,43.999308613784315,15.75,18.0,0.025,0,0,1,39
559,1,right_lane,adaptive,True,10.0,40,0,22.627496341983182,0.0,1.0,39.0,0.0,4.5,64.20304975548657,44.20304975548659,20.0,nan,0.0,0,0,0,40
560,1,right_lane,adaptive,True,10.0,40,0,20.518957345971565,3.0,3.0,34.0,4.0,12.0,58.90126768265907,40.65126768265907,18.25,nan,0.0,0,0,0,40
561,1,right_lane,adaptive,True,10.0,40,0,21.143957345971565,1.0,1.0,38.0,0.5,3.5,61.12839840507326,41.62839840507327,19.5,nan,0.0,0,0,0,40
562,1,right_lane,adaptive,True,10.0,40,0,20.268957345971565,7.0,8.0,25.0,11.0,11.0,54.72980575454284,40.22980575454284,14.5,nan,0.0,0,0,0,40
563,1,right_lane,adaptive,True,10.0,40,0,20.893957345971565,2.0,5.0,33.0,4.0,8.5,59.2266167008227,41.22661670082271,18.0,18.0,0.025,0,0,1,39
564,1,right_lane,adaptive,True,10.0,40,0,21.893957345971565,5.0,9.0,26.0,8.5,7.5,58.57193982337401,42.82193982337401,15.75,18.0,0.05,0,0,2,38
565,1,right_lane,adaptive,True,10.0,40,0,20.8939566082395,0.0,0.0,40.0,0.0,0.0,61.230330573183195,41.230330573183195,20.0,nan,0.0,0,0,0,40
566,1,right_lane,adaptive,True,10.0,40,0,21.393957345971565,0.0,0.0,40.0,0.0,0.5,62.03033277848597,42.03033277848597,20.0,nan,0.0,0,0,0,40
567,1,right_lane,adaptive,True,10.0,40,0,20.518957345971565,0.0,1.0,39.0,0.0,16.0,60.629397667739944,40.629397667739944,20.0,nan,0.0,0,0,0,40
568,1,right_lane,adaptive,True,10.0,40,0,20.768957345971565,0.0,1.0,39.0,0.0,10.0,61.02939651471896,41.02939651471896,20.0,nan,0.0,0,0,0,40
569,1,right_lane,adaptive,True,10.0,40,0,21.893957345971565,0.0,1.0,39.0,0.0,1.0,62.8293983296861,42.829398329686114,20.0,nan,0.0,0,0,0,40
570,1,right_lane,adaptive,True,10.0,40,0,20.768957345971565,0.0,0.0,40.0,0.0,2.5,61.030331753554506,41.030331753554506,20.0,nan,0.0,0,0,0,40
571,1,right_lane,adaptive,True,10.0,28,1,25.38422477750942,0.0,1.0,27.0,1.5,4.5,47.58033173271765,33.830331732717646,13.75,nan,0.0,0,0,0,28
572,1,right_lane,adaptive,True,10.0,40,0,20.643957345971565,0.0,1.0,39.0,0.0,1.5,59.82939651470176,40.32939651470177,19.5,nan,0.0,0,0,0,40
573,1,right_lane,adaptive,True,10.0,40,0,22.018957345971565,0.0,1.0,39.0,0.0,5.0,63.0293983296861,43.0293983296861,20.0,nan,0.0,0,0,0,40
574,1,right_lane,adaptive,True,10.0,40,0,20.768957345967653,2.0,5.0,33.0,4.0,11.5,59.02661554935817,41.02661554935817,18.0,18.0,0.025,0,0,1,39
575,1,right_lane,adaptive,True,10.0,40,0,22.018919644945782,0.0,1.0,39.0,0.0,4.5,63.02933734488463,43.02933734488463,20.0,nan,0.0,0,0,0,40
576,1,right_lane,adaptive,True,10.0,40,0,20.268957345971565,0.0,1.0,39.0,0.0,7.0,60.403111444192724,40.403111444192724,20.0,nan,0.0,0,0,0,40
577,1,right_lane,adaptive,True,10.0,40,0,22.893957345971486,3.0,5.0,32.0,5.5,6.0,61.677552678223336,44.42755267822333,17.25,18.0,0.025,0,0,1,39
578,1,right_lane,adaptive,True,10.0,40,0,21.518957345971565,0.0,0.0,40.0,0.0,3.0,62.230331753554616,42.23033175355461,20.0,nan,0.0,0,0,0,40
579,1,right_lane,adaptive,True,10.0,40,0,20.518957345971565,0.0,0.0,40.0,0.0,17.5,60.630331753554515,40.6303317535545,20.0,nan,0.0,0,0,0,40
580,1,right_lane,adaptive,True,10.0,40,0,21.64395734448282,0.0,0.0,40.0,0.0,7.0,62.43033175117251,42.43033175117251,20.0,nan,0.0,0,0,0,40
581,1,right_lane,adaptive,True,10.0,40,0,21.018957345971565,0.0,1.0,39.0,0.0,4.5,61.42939766980946,41.42939766980946,20.0,nan,0.0,0,0,0,40
582,1,right_lane,adaptive,True,10.0,40,0,24.268957345971565,0.0,0.0,40.0,0.0,0.0,66.6303317535545,46.630331753554515,20.0,nan,0.0,0,0,0,40
583,1,right_lane,adaptive,True,10.0,40,0,20.268957345971565,0.0,1.0,39.0,0.0,14.5,60.22939651470176,40.22939651470176,20.0,nan,0.0,0,0,0,40
584,1,right_lane,adaptive,True,10.0,31,1,23.41155786576976,1.0,1.0,29.0,0.5,1.0,50.27839910886089,35.02839910886089,15.25,nan,0.0,0,0,0,31
585,1,right_lane,adaptive,True,10.0,40,0,20.393957345971565,1.0,1.0,38.0,0.5,7.5,59.67839717648496,39.92839717648496,19.75,nan,0.0,0,0,0,40
586,1,right_lane,adaptive,True,10.0,40,0,20.268957345971565,0.0,0.0,40.0,0.0,6.0,60.2303317535545,40.2303317535545,20.0,nan,0.0,0,0,0,40
587,1,right_lane,adaptive,True,10.0,40,0,21.518957345971565,0.0,5.0,35.0,3.0,3.0,60.98033175355451,42.23033175355451,18.75,nan,0.0,0,0,0,40
588,1,right_lane,adaptive,True,10.0,40,0,21.268957345971565,1.0,1.0,38.0,0.5,17.5,61.32839840304394,41.828398403043934,19.5,nan,0.0,0,0,0,40
589,1,right_lane,adaptive,True,10.0,40,0,23.143957332956305,2.0,4.0,34.0,4.0,6.5,62.827550767392644,44.827550767392644,18.0,18.0,0.025,0,0,1,39
590,1,right_lane,adaptive,True,10.0,40,0,22.768957345971565,0.0,1.0,39.0,0.0,4.0,64.22939834776821,44.2293983477682,20.0,nan,0.0,0,0,0,40
591,1,right_lane,adaptive,True,10.0,9,1,21.19536592423284,0.0,1.0,8.0,0.5,4.5,13.72939649387108,9.22939649387108,4.5,nan,0.0,0,0,0,9
592,1,right_lane,adaptive,True,10.0,40,0,21.393671888659334,0.0,1.0,39.0,0.0,4.0,61.27894159798654,41.52894159798654,19.75,nan,0.0,0,0,0,40
593,1,right_lane,adaptive,True,10.0,40,0,23.518957344257114,0.0,1.0,39.0,0.0,1.0,65.42979491290433,45.42979491290433,20.0,nan,0.0,0,0,0,40
594,1,right_lane,adaptive,True,10.0,40,0,22.018957345971565,0.0,1.0,39.0,0.0,0.5,63.029398332067984,43.029398332067984,20.0,nan,0.0,0,0,0,40
595,1,right_lane,adaptive,True,10.0,40,0,21.018957345970993,0.0,1.0,39.0,0.0,5.5,61.429397667739025,41.429397667739025,20.0,nan,0.0,0,0,0,40
596,1,right_lane,adaptive,True,10.0,40,0,20.768957345971565,0.0,1.0,39.0,0.0,1.5,61.02939766774195,41.02939766774195,20.0,nan,0.0,0,0,0,40
597,1,right_lane,adaptive,True,10.0,40,0,20.268957345971565,0.0,1.0,39.0,0.0,5.0,60.22939651470176,40.22939651470176,20.0,nan,0.0,0,0,0,40
598,1,right_lane,adaptive,True,10.0,38,1,20.6778498378648,0.0,0.0,38.0,0.5,0.5,57.8303317535545,38.8303317535545,19.0,nan,0.0,0,0,0,38
599,1,right_lane,adaptive,True,10.0,7,1,22.251152256881806,1.0,1.0,5.0,1.0,3.0,9.928388054857361,6.928388054857361,3.0,nan,0.0,0,0,0,7
600,1,right_lane,adaptive,True,10.0,40,0,20.768956608239495,1.0,4.0,35.0,2.5,16.0,59.02938736574152,40.52938736574152,18.5,18.0,0.025,0,0,1,39
601,1,right_lane,adaptive,True,10.0,40,0,20.518957345971565,1.0,1.0,38.0,0.5,1.0,60.378399427975395,40.628399427975395,19.75,nan,0.0,0,0,0,40
602,1,right_lane,adaptive,True,10.0,40,0,20.89395734596765,0.0,1.0,39.0,0.0,10.5,61.22939766651418,41.229397666514174,20.0,nan,0.0,0,0,0,40
603,1,right_lane,adaptive,True,10.0,40,0,22.143957345945747,1.0,1.0,38.0,0.5,3.0,62.97839910882503,43.22839910882504,19.75,nan,0.0,0,0,0,40
604,1,right_lane,adaptive,True,10.0,40,0,22.26895174381868,0.0,0.0,40.0,0.0,11.0,63.43032279014575,43.43032279014576,20.0,nan,0.0,0,0,0,40
605,1,right_lane,adaptive,True,10.0,40,0,21.393629347340514,0.0,1.0,39.0,0.0,13.5,62.028880653005466,42.028880653005466,20.0,nan,0.0,0,0,0,40
606,1,right_lane,adaptive,True,10.0,40,0,21.87532874938229,1.0,1.0,38.0,0.5,2.5,62.54904833843103,42.79904833843103,19.75,nan,0.0,0,0,0,40
607,1,right_lane,adaptive,True,10.0,40,0,20.643957345971565,0.0,0.0,40.0,0.0,1.5,61.029875021902406,41.029875021902406,20.0,nan,0.0,0,0,0,40
608,1,right_lane,adaptive,True,10.0,40,0,20.643957345971565,1.0,13.0,26.0,7.5,7.0,57.08033175081189,40.83033175081189,16.25,nan,0.0,0,0,0,40
609,1,right_lane,adaptive,True,10.0,40,0,21.768957345971565,0.0,1.0,39.0,0.0,4.5,62.62939766843071,42.62939766843071,20.0,nan,0.0,0,0,0,40
610,1,right_lane,adaptive,True,10.0,40,0,21.0189573329563,0.0,0.0,40.0,0.0,6.5,61.43033173273008,41.43033173273009,20.0,nan,0.0,0,0,0,40
611,1,right_lane,adaptive,True,10.0,40,0,21.518957345971565,0.0,0.0,40.0,0.0,3.5,62.23033177163661,42.230331771636614,20.0,nan,0.0,0,0,0,40
612,1,right_lane,adaptive,True,10.0,40,0,22.393957345971565,1.0,1.0,38.0,0.5,9.5,63.37839840507331,43.628398405073305,19.75,nan,0.0,0,0,0,40
613,1,right_lane,adaptive,True,10.0,40,0,21.268957345971565,1.0,1.0,38.0,0.5,10.5,61.57839840304394,41.82839840304395,19.75,nan,0.0,0,0,0,40
614,1,right_lane,adaptive,True,10.0,40,0,20.518957345971565,0.0,0.0,40.0,0.0,3.5,60.63033175355449,40.6303317535545,20.0,nan,0.0,0,0,0,40
615,1,right_lane,adaptive,True,10.0,40,0,20.518956692595996,0.0,0.0,40.0,0.0,7.0,60.630330708153586,40.630330708153586,20.0,nan,0.0,0,0,0,40
616,1,right_lane,adaptive,True,10.0,40,0,20.643957345749705,1.0,1.0,38.0,0.5,8.0,60.57839808386493,40.82839808386493,19.75,nan,0.0,0,0,0,40
617,1,right_lane,adaptive,True,10.0,40,0,22.518957345971565,0.0,1.0,39.0,0.0,0.5,63.82939832999434,43.82939832999433,20.0,nan,0.0,0,0,0,40
618,1,right_lane,adaptive,True,10.0,40,0,24.143957345971565,0.0,0.0,40.0,0.0,2.0,66.4303317535545,46.430331753554505,20.0,nan,0.0,0,0,0,40
619,1,right_lane,adaptive,True,10.0,40,0,21.268957345971565,1.0,1.0,38.0,0.5,0.5,61.57839840434149,41.8283984043415,19.75,nan,0.0,0,0,0,40
620,1,right_lane,adaptive,True,10.0,40,0,21.768957345971565,0.0,0.0,40.0,0.5,3.0,62.6303317535545,42.63033175355451,20.0,nan,0.0,0,0,0,40
621,1,right_lane,adaptive,True,10.0,40,0,22.643957345971565,2.0,6.0,32.0,4.0,11.0,61.77299989138794,44.02299989138795,17.75,18.0,0.025,0,0,1,39
622,1,right_lane,adaptive,True,10.0,40,0,20.393957345971565,0.0,1.0,39.0,0.0,3.0,60.429397666520444,40.429397666520444,20.0,nan,0.0,0,0,0,40
623,1,right_lane,adaptive,True,10.0,40,0,20.643957345971565,1.0,1.0,38.0,0.5,2.5,60.578397176485026,40.828397176485026,19.75,nan,0.0,0,0,0,40
624,1,right_lane,adaptive,True,10.0,40,0,20.768957345971565,1.0,4.0,35.0,2.5,12.5,59.77615259299968,41.02615259299968,18.75,18.0,0.025,0,0,1,39
625,1,right_lane,adaptive,True,10.0,40,0,21.393957345971565,0.0,1.0,39.0,0.0,7.5,62.0293983296861,42.029398329686096,20.0,nan,0.0,0,0,0,40
626,1,right_lane,adaptive,True,10.0,40,0,21.518957345971565,0.0,1.0,39.0,0.0,9.5,62.22939766774115,42.22939766774115,20.0,nan,0.0,0,0,0,40
627,1,right_lane,adaptive,True,10.0,40,0,22.143957345971565,0.0,0.0,40.0,0.0,0.0,63.23033175355451,43.230331753554495,20.0,nan,0.0,0,0,0,40
628,1,right_lane,adaptive,True,10.0,40,0,22.143628596815045,0.0,0.0,40.0,0.0,3.0,63.22980575490407,43.22980575490408,20.0,nan,0.0,0,0,0,40
629,1,right_lane,adaptive,True,10.0,24,1,23.15659557624299,2.0,2.0,20.0,3.5,2.5,37.33078728369106,26.83078728369106,10.5,nan,0.0,0,0,0,24
630,1,right_lane,adaptive,True,10.0,40,0,20.268957345971565,0.0,0.0,40.0,0.0,18.5,59.48033175355451,39.7303317535545,19.75,nan,0.0,0,0,0,40
631,1,right_lane,adaptive,True,10.0,40,0,20.893957345971565,0.0,1.0,39.0,0.0,16.5,61.22939651471896,41.22939651471895,20.0,nan,0.0,0,0,0,40
632,1,right_lane,adaptive,True,10.0,40,0,26.268957345967635,0.0,0.0,40.0,0.0,0.5,69.83033175354821,49.83033175354822,20.0,nan,0.0,0,0,0,40
633,1,right_lane,adaptive,True,10.0,13,1,25.44281216934526,1.0,1.0,11.0,1.0,2.5,21.878329683371383,15.62832968337138,6.25,nan,0.0,0,0,0,13
634,1,right_lane,adaptive,True,10.0,40,0,21.268957345971494,4.0,6.0,30.0,7.0,4.5,57.5775519976112,41.3275519976112,16.25,18.0,0.025,0,0,1,39
635,1,right_lane,adaptive,True,10.0,40,0,21.143957345971565,1.0,1.0,38.0,0.5,4.0,61.37839717650335,41.628397176503356,19.75,nan,0.0,0,0,0,40
636,1,right_lane,adaptive,True,10.0,40,0,21.143957345971565,1.0,1.0,38.0,0.5,0.0,61.37839910886089,41.62839910886089,19.75,nan,0.0,0,0,0,40
637,1,right_lane,adaptive,True,10.0,40,0,20.643957345971565,0.0,0.0,40.0,0.0,1.5,60.8303317535545,40.8303317535545,20.0,nan,0.0,0,0,0,40
638,1,right_lane,adaptive,True,10.0,33,1,22.598736057135678,2.0,4.0,27.0,4.5,8.5,50.72755063008085,36.22755063008085,14.5,18.0,0.030303030303030304,0,0,1,32
639,1,right_lane,adaptive,True,10.0,39,1,23.86559727791955,2.0,3.0,34.0,3.5,9.0,62.07939832968609,44.32939832968609,17.75,nan,0.0,0,0,0,39
640,1,right_lane,adaptive,True,10.0,40,0,25.252496440617865,0.0,0.0,40.0,0.0,1.0,67.45399430498858,47.70399430498859,19.75,nan,0.0,0,0,0,40
641,1,right_lane,adaptive,True,10.0,8,1,21.344786235536013,0.0,0.0,8.0,0.5,3.5,12.426863289393784,8.426863289393786,4.0,nan,0.0,0,0,0,8
642,1,right_lane,adaptive,True,10.0,40,0,21.268957345971565,0.0,1.0,39.0,0.0,0.0,61.0793983296861,41.32939832968609,19.75,nan,0.0,0,0,0,40
643,1,right_lane,adaptive,True,10.0,40,0,23.518957345971565,0.0,1.0,39.0,0.0,2.5,65.42939832968612,45.42939832968611,20.0,nan,0.0,0,0,0,40
644,1,right_lane,adaptive,True,10.0,40,0,20.393957345971565,4.0,5.0,31.0,6.5,12.0,57.67839717648496,40.42839717648496,17.25,nan,0.0,0,0,0,40
645,1,right_lane,adaptive,True,10.0,40,0,22.14113291973792,0.0,0.0,40.0,0.0,2.0,62.72581267158068,43.225812671580684,19.5,nan,0.0,0,0,0,40
646,1,right_lane,adaptive,True,10.0,40,0,21.643957345971565,0.0,1.0,39.0,0.0,5.5,62.43332230621481,42.43332230621482,20.0,nan,0.0,0,0,0,40
647,1,right_lane,adaptive,True,10.0,40,0,20.768957345971565,3.0,5.0,32.0,5.5,9.0,58.27755075333182,41.02755075333182,17.25,18.0,0.025,0,0,1,39
648,1,right_lane,adaptive,True,10.0,40,0,21.268957345971565,1.0,1.0,38.0,0.5,10.0,61.578398405073315,41.82839840507331,19.75,nan,0.0,0,0,0,40
649,1,right_lane,adaptive,True,10.0,40,0,21.518957345967653,0.0,1.0,39.0,0.0,9.5,62.22939766773488,42.22939766773488,20.0,nan,0.0,0,0,0,40
650,1,right_lane,adaptive,True,10.0,40,0,22.518957344257622,1.0,1.0,38.0,0.5,1.0,63.578399106124024,43.828399106124024,19.75,nan,0.0,0,0,0,40
651,1,right_lane,adaptive,True,10.0,40,0,21.893957345971565,0.0,0.0,40.0,0.0,2.5,62.83033175593568,42.83033175593569,20.0,nan,0.0,0,0,0,40
652,1,right_lane,adaptive,True,10.0,40,0,21.393957345971565,0.0,1.0,39.0,0.0,8.5,62.029397667741144,42.02939766774114,20.0,nan,0.0,0,0,0,40
653,1,right_lane,adaptive,True,10.0,40,0,20.268957345971565,0.0,0.0,40.0,0.0,10.0,60.2303317535545,40.2303317535545,20.0,nan,0.0,0,0,0,40
654,1,right_lane,adaptive,True,10.0,40,0,21.893957345971554,3.0,5.0,32.0,5.5,3.0,60.07755077410783,42.82755077410783,17.25,18.0,0.025,0,0,1,39
655,1,right_lane,adaptive,True,10.0,40,0,21.393957345971565,1.0,2.0,37.0,2.0,9.0,61.528398404340784,42.02839840434079,19.5,nan,0.0,0,0,0,40
656,1,right_lane,adaptive,True,10.0,40,0,22.518957247107274,1.0,1.0,38.0,0.5,4.5,63.078398950678036,43.828398950678036,19.25,nan,0.0,0,0,0,40
657,1,right_lane,adaptive,True,10.0,40,0,21.768957345941836,0.0,0.0,40.0,0.0,0.0,62.63033189085913,42.63033189085913,20.0,nan,0.0,0,0,0,40
658,1,right_lane,adaptive,True,10.0,40,0,21.51895734597105,4.0,8.0,28.0,7.0,14.0,58.728394217652955,42.22839421765296,16.5,18.0,0.075,0,0,3,37
659,1,right_lane,adaptive,True,10.0,13,1,21.212176449051793,1.0,1.0,11.0,1.0,6.5,19.678397176438104,13.428397176438105,6.25,nan,0.0,0,0,0,13
660,1,right_lane,adaptive,True,10.0,40,0,21.643957345941836,0.0,0.0,40.0,0.0,1.0,61.68033175350694,41.930331753506934,19.75,nan,0.0,0,0,0,40
661,1,right_lane,adaptive,True,10.0,40,0,21.768957345971565,1.0,1.0,38.0,0.5,7.5,62.378399108902194,42.6283991089022,19.75,nan,0.0,0,0,0,40
662,1,right_lane,adaptive,True,10.0,40,0,21.518957345971565,0.0,1.0,39.0,0.0,14.0,62.22939651471897,42.229396514718964,20.0,nan,0.0,0,0,0,40
663,1,right_lane,adaptive,True,10.0,40,0,20.768957345971565,1.0,1.0,38.0,0.5,15.5,60.77839717650325,41.02839717650325,19.75,nan,0.0,0,0,0,40
664,1,right_lane,adaptive,True,10.0,38,1,20.6778498378648,1.0,1.0,36.0,1.0,10.0,57.578398404339495,38.828398404339495,18.75,nan,0.0,0,0,0,38
665,1,right_lane,adaptive,True,10.0,40,0,21.518957344286825,0.0,0.0,40.0,0.0,2.0,61.48033175085892,41.73033175085892,19.75,nan,0.0,0,0,0,40
666,1,right_lane,adaptive,True,10.0,40,0,23.48104265403287,0.0,1.0,39.0,0.0,7.5,65.36873300995764,45.36873300995764,20.0,nan,0.0,0,0,0,40
667,1,right_lane,adaptive,True,10.0,40,0,21.643957345971565,1.0,1.0,38.0,0.5,6.5,62.57839840433533,42.82839840433533,19.75,nan,0.0,0,0,0,40
668,1,right_lane,adaptive,True,10.0,40,0,22.018957345971565,1.0,1.0,38.0,0.5,1.5,62.778399108860896,43.0283991088609,19.75,nan,0.0,0,0,0,40
669,1,right_lane,adaptive,True,10.0,40,0,20.393957345971565,0.0,0.0,40.0,0.0,10.5,60.430331753554505,40.430331753554505,20.0,nan,0.0,0,0,0,40
670,1,right_lane,adaptive,True,10.0,40,0,21.268671041013626,1.0,1.0,38.0,0.5,14.5,61.57793908855226,41.82793908855226,19.75,nan,0.0,0,0,0,40
671,1,right_lane,adaptive,True,10.0,40,0,21.518957345971565,2.0,3.0,35.0,2.5,2.0,60.97506855339102,42.22506855339102,18.75,nan,0.0,0,0,0,40
672,1,right_lane,adaptive,True,10.0,40,0,21.893957345941836,3.0,6.0,31.0,5.5,13.0,60.076617912541344,42.826617912541344,17.25,18.0,0.025,0,0,1,39
673,1,right_lane,adaptive,True,10.0,40,0,20.518956608239495,1.0,3.0,36.0,2.0,5.0,59.62886933805135,40.62886933805135,19.0,nan,0.0,0,0,0,40
674,1,right_lane,adaptive,True,10.0,40,0,20.643957345971565,1.0,1.0,38.0,0.5,15.0,60.57839942927096,40.82839942927096,19.75,nan,0.0,0,0,0,40
675,1,right_lane,adaptive,True,10.0,3,1,25.0,1.0,1.0,1.0,1.0,1.0,4.648067887473768,3.3980678874737684,1.25,nan,0.0,0,0,0,3
676,1,right_lane,adaptive,True,10.0,40,0,20.393957345971565,0.0,1.0,39.0,0.0,3.5,59.679397666520444,39.929397666520444,19.75,nan,0.0,0,0,0,40
677,1,right_lane,adaptive,True,10.0,40,0,20.893957345971565,2.0,4.0,34.0,4.0,12.5,59.227552011407894,41.2275520114079,18.0,18.0,0.025,0,0,1,39
678,1,right_lane,adaptive,True,10.0,40,0,20.518957345971565,0.0,1.0,39.0,0.0,5.5,60.629397667739944,40.629397667739944,20.0,nan,0.0,0,0,0,40
679,1,right_lane,adaptive,True,10.0,33,1,20.78055435875341,0.0,2.0,31.0,1.0,1.0,50.07939766774115,33.82939766774115,16.25,nan,0.0,0,0,0,33
680,1,right_lane,adaptive,True,10.0,40,0,22.39395734574963,0.0,1.0,39.0,0.0,4.5,62.87939766807565,43.12939766807565,19.75,nan,0.0,0,0,0,40
681,1,right_lane,adaptive,True,10.0,40,0,24.143957344031918,0.0,1.0,39.0,0.0,1.0,66.42939832689099,46.42939832689099,20.0,nan,0.0,0,0,0,40
682,1,right_lane,adaptive,True,10.0,40,0,23.268957345971565,1.0,1.0,38.0,0.5,3.0,64.77839840703426,45.02839840703425,19.75,nan,0.0,0,0,0,40
683,1,right_lane,adaptive,True,10.0,40,0,21.018957345971565,0.0,0.0,40.0,0.0,0.0,61.4303317535545,41.430331753554505,20.0,nan,0.0,0,0,0,40
684,1,right_lane,adaptive,True,10.0,40,0,20.268957345971565,1.0,2.0,37.0,2.0,6.0,59.230330552353,40.230330552353,19.0,nan,0.0,0,0,0,40
685,1,right_lane,adaptive,True,10.0,40,0,21.768957345971565,0.0,1.0,39.0,0.0,5.0,62.62939766774184,42.62939766774183,20.0,nan,0.0,0,0,0,40
686,1,right_lane,adaptive,True,10.0,40,0,22.268586068259964,0.0,1.0,39.0,0.0,2.0,63.428803623403255,43.42880362340327,20.0,nan,0.0,0,0,0,40
687,1,right_lane,adaptive,True,10.0,40,0,21.768957345971565,0.0,0.0,40.0,0.0,7.0,62.630847569832014,42.630847569832014,20.0,nan,0.0,0,0,0,40
688,1,right_lane,adaptive,True,10.0,40,0,20.768957345971565,0.0,0.0,40.0,0.0,3.0,61.030331753554506,41.030331753554506,20.0,nan,0.0,0,0,0,40
689,1,right_lane,adaptive,True,10.0,40,0,22.643957345971113,0.0,0.0,40.0,0.0,3.5,64.03033175355378,44.03033175355379,20.0,nan,0.0,0,0,0,40
690,1,right_lane,adaptive,True,10.0,40,0,21.268957345971565,9.0,9.0,22.0,13.0,9.0,55.57839910886151,41.82839910886151,13.75,nan,0.0,0,0,0,40
691,1,right_lane,adaptive,True,10.0,40,0,21.518957345971565,0.0,0.0,40.0,0.0,0.5,61.980331753554495,42.230331753554495,19.75,nan,0.0,0,0,0,40
692,1,right_lane,adaptive,True,10.0,18,1,20.875460768825693,4.0,4.0,10.0,6.5,4.5,24.430331732723822,18.430331732723822,6.0,nan,0.0,0,0,0,18
693,1,right_lane,adaptive,True,10.0,12,1,23.39650548318105,2.0,2.0,8.0,2.5,1.5,17.677872405329108,12.927872405329108,4.75,nan,0.0,0,0,0,12
694,1,right_lane,adaptive,True,10.0,40,0,21.393957345971565,0.0,0.0,40.0,0.0,9.5,61.2803317535545,41.530331753554506,19.75,nan,0.0,0,0,0,40
695,1,right_lane,adaptive,True,10.0,40,0,21.122875600860247,0.0,1.0,39.0,0.0,8.5,61.59566687434234,41.59566687434234,20.0,nan,0.0,0,0,0,40
696,1,right_lane,adaptive,True,10.0,40,0,20.62749644062177,1.0,1.0,38.0,0.5,15.5,60.58134860508407,40.83134860508405,19.75,nan,0.0,0,0,0,40
697,1,right_lane,adaptive,True,10.0,40,0,21.51895669385898,2.0,6.0,32.0,4.0,5.0,60.59581010406363,42.59581010406362,18.0,18.0,0.025,0,0,1,39
698,1,right_lane,adaptive,True,10.0,40,0,21.50000000171446,11.0,14.0,15.0,17.5,5.5,53.446287047476,42.196287047476005,11.25,18.0,0.025,0,0,1,39
699,1,right_lane,adaptive,True,10.0,40,0,20.393957345971565,1.0,1.0,38.0,0.5,7.5,60.204734622662734,40.45473462266273,19.75,nan,0.0,0,0,0,40
700,1,right_lane,adaptive,True,10.0,16,1,20.672393364928887,0.0,1.0,15.0,0.5,7.5,24.229396514701747,16.229396514701747,8.0,nan,0.0,0,0,0,16
701,1,right_lane,adaptive,True,10.0,40,0,22.76895724882166,0.0,0.0,40.0,0.0,7.5,63.48033159811466,43.73033159811466,19.75,nan,0.0,0,0,0,40
702,1,right_lane,adaptive,True,10.0,3,1,25.0,1.0,1.0,1.0,1.0,1.0,4.648068022444167,3.398068022444167,1.25,nan,0.0,0,0,0,3
703,1,right_lane,adaptive,True,10.0,40,0,21.268957344286832,1.0,1.0,38.0,0.5,14.0,60.8283984023777,41.3283984023777,19.5,nan,0.0,0,0,0,40
704,1,right_lane,adaptive,True,10.0,40,0,22.143957345971565,0.0,0.0,40.0,0.0,5.5,63.230331755895094,43.230331755895094,20.0,nan,0.0,0,0,0,40
705,1,right_lane,adaptive,True,10.0,40,0,21.393957345971565,1.0,1.0,38.0,0.5,2.0,61.77839717650325,42.02839717650325,19.75,nan,0.0,0,0,0,40
706,1,right_lane,adaptive,True,10.0,40,0,20.768957345971565,5.0,6.0,29.0,8.0,3.0,57.52839910880876,41.02839910880877,16.5,nan,0.0,0,0,0,40
707,1,right_lane,adaptive,True,10.0,40,0,23.143957345971565,0.0,1.0,39.0,0.0,5.5,64.3293983296861,44.82939832968611,19.5,nan,0.0,0,0,0,40
708,1,right_lane,adaptive,True,10.0,40,0,20.893957260126378,1.0,1.0,38.0,0.5,5.0,60.97839703913266,41.228397039132666,19.75,nan,0.0,0,0,0,40
709,1,right_lane,adaptive,True,10.0,40,0,20.768957345971497,0.0,0.0,40.0,0.0,4.5,61.20399442425947,41.20399442425946,20.0,nan,0.0,0,0,0,40
710,1,right_lane,adaptive,True,10.0,40,0,21.518957345971565,2.0,7.0,31.0,5.0,3.5,59.726616914387726,42.22661691438773,17.5,18.0,0.075,0,0,3,37
711,1,right_lane,adaptive,True,10.0,40,0,21.018957345971565,1.0,1.0,38.0,0.5,1.5,61.17839717648503,41.42839717648502,19.75,nan,0.0,0,0,0,40
712,1,right_lane,adaptive,True,10.0,40,0,21.143957345971565,0.0,1.0,39.0,0.0,5.5,61.62939832968609,41.62939832968609,20.0,nan,0.0,0,0,0,40
713,1,right_lane,adaptive,True,10.0,40,0,20.768957345971565,1.0,1.0,38.0,0.5,7.0,60.77839910880876,41.02839910880877,19.75,nan,0.0,0,0,0,40
714,1,right_lane,adaptive,True,10.0,40,0,22.143957345971565,1.0,1.0,38.0,0.5,2.0,62.978397176503265,43.22839717650326,19.75,nan,0.0,0,0,0,40
715,1,right_lane,adaptive,True,10.0,40,0,22.393957345971494,0.0,1.0,39.0,0.0,9.0,63.629396514718835,43.62939651471885,20.0,nan,0.0,0,0,0,40
716,1,right_lane,adaptive,True,10.0,40,0,20.268957345971565,0.0,0.0,40.0,0.0,15.0,60.2303317535546,40.230331753554594,20.0,nan,0.0,0,0,0,40
717,1,right_lane,adaptive,True,10.0,40,0,22.143957345971565,0.0,0.0,40.0,0.0,5.0,63.23033175355452,43.23033175355451,20.0,nan,0.0,0,0,0,40
718,1,right_lane,adaptive,True,10.0,7,1,22.251152256881806,1.0,1.0,5.0,0.5,1.5,10.678388054857361,7.428388054857361,3.25,nan,0.0,0,0,0,7
719,1,right_lane,adaptive,True,10.0,40,0,22.26895659693477,0.0,0.0,40.0,0.0,7.0,62.93033055509564,42.930330555095644,20.0,nan,0.0,0,0,0,40
720,1,right_lane,adaptive,True,10.0,40,0,20.893957345971565,0.0,1.0,39.0,0.0,5.0,61.229398707157564,41.22939870715757,20.0,nan,0.0,0,0,0,40
721,1,right_lane,adaptive,True,10.0,40,0,21.393957345971565,0.0,0.0,40.0,0.0,5.0,62.03033175355449,42.030331753554506,20.0,nan,0.0,0,0,0,40
722,1,right_lane,adaptive,True,10.0,40,0,21.016461004214154,4.0,6.0,30.0,6.0,9.0,58.42162327384124,41.42162327384124,17.0,18.0,0.025,0,0,1,39
723,1,right_lane,adaptive,True,10.0,40,0,22.143627944706306,0.0,0.0,40.0,0.0,3.0,63.4069354315963,43.4069354315963,20.0,nan,0.0,0,0,0,40
724,1,right_lane,adaptive,True,10.0,36,1,23.590053742294288,5.0,4.0,27.0,7.5,8.0,55.46778456022223,40.96778456022222,14.5,18.0,0.05555555555555555,0,0,2,34
725,1,right_lane,adaptive,True,10.0,40,0,22.393957345971565,1.0,1.0,38.0,0.5,0.5,62.628399108860904,43.1283991088609,19.5,nan,0.0,0,0,0,40
726,1,right_lane,adaptive,True,10.0,40,0,21.143957345971565,0.0,0.0,40.0,0.0,6.0,61.63033175355449,41.6303317535545,20.0,nan,0.0,0,0,0,40
727,1,right_lane,adaptive,True,10.0,40,0,20.643957345971565,0.0,1.0,39.0,0.0,1.0,60.82939766774115,40.82939766774115,20.0,nan,0.0,0,0,0,40
728,1,right_lane,adaptive,True,10.0,40,0,21.018957345971565,0.0,0.0,40.0,0.0,2.5,61.43033175355449,41.4303317535545,20.0,nan,0.0,0,0,0,40
729,1,right_lane,adaptive,True,10.0,40,0,21.393957345971565,0.0,1.0,39.0,0.0,0.5,62.02939766843072,42.029397668430725,20.0,nan,0.0,0,0,0,40
730,1,right_lane,adaptive,True,10.0,40,0,21.768957345971565,0.0,0.0,40.0,0.0,1.5,62.63033175355451,42.63033175355451,20.0,nan,0.0,0,0,0,40
731,1,right_lane,adaptive,True,10.0,40,0,20.393957345971565,1.0,1.0,38.0,0.5,18.5,60.17839717648496,40.42839717648496,19.75,nan,0.0,0,0,0,40
732,1,right_lane,adaptive,True,10.0,40,0,20.768957345971565,1.0,1.0,38.0,0.5,6.5,60.77839840434078,41.02839840434077,19.75,nan,0.0,0,0,0,40
733,1,right_lane,adaptive,True,10.0,40,0,21.393957345971565,3.0,5.0,32.0,5.5,5.0,59.27755199626346,42.02755199626346,17.25,18.0,0.025,0,0,1,39
734,1,right_lane,adaptive,True,10.0,40,0,21.893957345971565,1.0,1.0,38.0,0.5,1.0,62.57839840507325,42.82839840507326,19.75,nan,0.0,0,0,0,40
735,1,right_lane,adaptive,True,10.0,21,1,21.940871135183915,1.0,1.0,19.0,1.0,4.5,32.67839840507325,22.428398405073253,10.25,nan,0.0,0,0,0,21
736,1,right_lane,adaptive,True,10.0,19,1,21.61885757046524,0.0,0.0,19.0,0.5,7.0,28.780331753553586,19.530331753553583,9.25,nan,0.0,0,0,0,19
737,1,right_lane,adaptive,True,10.0,40,0,21.768957345971565,1.0,1.0,38.0,0.5,7.5,61.6283991088609,42.1283991088609,19.5,nan,0.0,0,0,0,40
738,1,right_lane,adaptive,True,10.0,40,0,22.268957345971565,0.0,1.0,39.0,0.0,6.5,63.42939832968611,43.42939832968611,20.0,nan,0.0,0,0,0,40
739,1,right_lane,adaptive,True,10.0,40,0,23.37532874938223,0.0,0.0,40.0,0.0,11.5,65.20052599901156,45.20052599901157,20.0,nan,0.0,0,0,0,40
740,1,right_lane,adaptive,True,10.0,40,0,22.393957331493432,0.0,0.0,40.0,0.0,1.5,63.65621244729715,43.65621244729715,20.0,nan,0.0,0,0,0,40
741,1,right_lane,adaptive,True,10.0,40,0,21.37749644062177,0.0,1.0,39.0,0.0,1.5,62.00306090124091,42.00306090124091,20.0,nan,0.0,0,0,0,40
742,1,right_lane,adaptive,True,10.0,40,0,22.393957345971565,0.0,0.0,40.0,0.0,4.5,63.82686344757133,43.826863447571334,20.0,nan,0.0,0,0,0,40
743,1,right_lane,adaptive,True,10.0,23,1,20.467751906037503,0.0,0.0,23.0,0.5,9.5,34.7303317535545,23.230331753554502,11.5,nan,0.0,0,0,0,23
744,1,right_lane,adaptive,True,10.0,40,0,21.518957344482878,0.0,1.0,39.0,0.0,12.0,61.4793983273042,41.7293983273042,19.75,nan,0.0,0,0,0,40
745,1,right_lane,adaptive,True,10.0,40,0,21.768957344482867,1.0,4.0,35.0,2.5,9.0,61.376154520312795,42.626154520312795,18.75,18.0,0.025,0,0,1,39
746,1,right_lane,adaptive,True,10.0,40,0,21.643957345967657,0.0,1.0,39.0,0.0,0.5,62.429397669803144,42.429397669803144,20.0,nan,0.0,0,0,0,40
747,1,right_lane,adaptive,True,10.0,40,0,21.018957345971565,6.0,11.0,23.0,12.5,5.5,55.680331753559926,41.43033175355993,14.25,18.0,0.1,0,0,4,36
748,1,right_lane,adaptive,True,10.0,40,0,20.393957345971565,0.0,1.0,39.0,0.0,15.5,59.929397666520444,40.429397666520444,19.5,nan,0.0,0,0,0,40
749,1,right_lane,adaptive,True,10.0,40,0,21.268957345971565,1.0,1.0,38.0,0.5,0.0,61.57839910886089,41.82839910886089,19.75,nan,0.0,0,0,0,40
750,1,right_lane,adaptive,True,10.0,40,0,21.768957345971554,0.0,0.0,40.0,0.0,5.0,62.630331753554486,42.630331753554486,20.0,nan,0.0,0,0,0,40
751,1,right_lane,adaptive,True,10.0,40,0,21.393957345971565,0.0,1.0,39.0,0.0,0.0,62.02939832968612,42.02939832968612,20.0,nan,0.0,0,0,0,40
752,1,right_lane,adaptive,True,10.0,40,0,21.518957345971554,1.0,1.0,38.0,0.5,7.5,61.97839910886087,42.22839910886086,19.75,nan,0.0,0,0,0,40
753,1,right_lane,adaptive,True,10.0,40,0,21.89391975488909,0.0,1.0,39.0,0.0,1.5,62.829336368987015,42.829336368987015,20.0,nan,0.0,0,0,0,40
754,1,right_lane,adaptive,True,10.0,40,0,23.393957345971558,0.0,0.0,40.0,0.0,2.0,65.23038397886084,45.23038397886084,20.0,nan,0.0,0,0,0,40
755,1,right_lane,adaptive,True,10.0,40,0,22.643957345971565,0.0,1.0,39.0,0.5,8.0,64.02939832968613,44.0293983296861,20.0,nan,0.0,0,0,0,40
756,1,right_lane,adaptive,True,10.0,40,0,20.393957345971565,1.0,1.0,38.0,0.5,12.5,59.92839717648496,40.42839717648496,19.5,nan,0.0,0,0,0,40
757,1,right_lane,adaptive,True,10.0,40,0,20.393957345971565,1.0,1.0,38.0,0.5,5.5,60.17839717648496,40.42839717648496,19.75,nan,0.0,0,0,0,40
758,1,right_lane,adaptive,True,10.0,32,1,21.117446682464454,0.0,1.0,31.0,0.5,9.0,49.40306088112643,33.40306088112643,16.0,nan,0.0,0,0,0,32
759,1,right_lane,adaptive,True,10.0,40,0,21.268957345971565,0.0,1.0,39.0,0.0,0.0,61.07939766774115,41.32939766774115,19.75,nan,0.0,0,0,0,40
760,1,right_lane,adaptive,True,10.0,40,0,21.893909103635565,0.0,0.0,40.0,0.0,2.0,62.8302545658169,42.830254565816915,20.0,nan,0.0,0,0,0,40
761,1,right_lane,adaptive,True,10.0,40,0,20.393957345971565,1.0,1.0,38.0,0.5,18.5,60.178464199582216,40.428464199582216,19.75,nan,0.0,0,0,0,40
762,1,right_lane,adaptive,True,10.0,40,0,22.643957345971565,0.0,1.0,39.0,0.0,9.0,64.20306021987105,44.20306021987105,20.0,nan,0.0,0,0,0,40
763,1,right_lane,adaptive,True,10.0,22,1,23.44355863422119,0.0,1.0,21.0,0.5,1.5,35.82939817424624,24.82939817424624,11.0,nan,0.0,0,0,0,22
764,1,right_lane,adaptive,True,10.0,40,0,21.143957345971565,0.0,1.0,39.0,0.0,0.0,60.8793983296861,41.1293983296861,19.75,nan,0.0,0,0,0,40
765,1,right_lane,adaptive,True,10.0,40,0,20.768957345971565,0.0,0.0,40.0,0.0,10.0,61.0303317535545,41.030331753554506,20.0,nan,0.0,0,0,0,40
766,1,right_lane,adaptive,True,10.0,40,0,20.893957345971565,1.0,1.0,38.0,0.5,15.0,60.97839910880876,41.22839910880876,19.75,nan,0.0,0,0,0,40
767,1,right_lane,adaptive,True,10.0,40,0,21.268956694084682,0.0,0.0,40.0,0.0,10.5,61.830330710535485,41.8303307105355,20.0,nan,0.0,0,0,0,40
768,1,right_lane,adaptive,True,10.0,40,0,20.893956694084682,0.0,0.0,40.0,0.0,0.5,61.230331616202214,41.230331616202214,20.0,nan,0.0,0,0,0,40
769,1,right_lane,adaptive,True,10.0,40,0,20.393957345971565,0.0,1.0,39.0,0.0,5.5,60.42939857218716,40.429398572187154,20.0,nan,0.0,0,0,0,40
770,1,right_lane,adaptive,True,10.0,40,0,20.518957345971565,1.0,1.0,38.0,0.5,3.0,60.37839840304393,40.62839840304393,19.75,nan,0.0,0,0,0,40
771,1,right_lane,adaptive,True,10.0,40,0,21.518957345971565,1.0,1.0,38.0,0.5,3.5,61.97839840507331,42.22839840507331,19.75,nan,0.0,0,0,0,40
772,1,right_lane,adaptive,True,10.0,40,0,21.393957345967713,0.0,1.0,39.0,0.5,12.5,62.029398329679935,42.029398329679935,20.0,nan,0.0,0,0,0,40
773,1,right_lane,adaptive,True,10.0,40,0,23.518909202470194,0.0,1.0,39.0,0.0,1.0,65.1793213000839,45.42932130008391,19.75,nan,0.0,0,0,0,40
774,1,right_lane,adaptive,True,10.0,40,0,21.018957345971565,1.0,1.0,38.0,0.5,6.5,61.178465290127036,41.428465290127036,19.75,nan,0.0,0,0,0,40
775,1,right_lane,adaptive,True,10.0,40,0,21.018957345971565,1.0,1.0,38.0,0.5,6.5,61.17839840434077,41.428398404340776,19.75,nan,0.0,0,0,0,40
776,1,right_lane,adaptive,True,10.0,40,0,24.14113795584911,1.0,1.0,38.0,0.5,4.5,66.17388808466497,46.42388808466497,19.75,nan,0.0,0,0,0,40
777,1,right_lane,adaptive,True,10.0,3,1,23.55281207133059,0.0,1.0,2.0,0.5,0.5,4.729319198567338,3.229319198567338,1.5,nan,0.0,0,0,0,3
778,1,right_lane,adaptive,True,10.0,40,0,20.393957345971565,0.0,1.0,39.0,0.0,11.5,59.679396514701764,39.929396514701764,19.75,nan,0.0,0,0,0,40
779,1,right_lane,adaptive,True,10.0,40,0,21.768957345971565,0.0,1.0,39.0,0.0,0.0,62.62939766774183,42.629397667741834,20.0,nan,0.0,0,0,0,40
780,1,right_lane,adaptive,True,10.0,40,0,20.893957345971565,0.0,1.0,39.0,0.0,5.5,61.22939651470176,41.22939651470176,20.0,nan,0.0,0,0,0,40
781,1,right_lane,adaptive,True,10.0,40,0,21.893957345971565,0.0,0.0,40.0,0.0,2.5,62.8303317535545,42.8303317535545,20.0,nan,0.0,0,0,0,40
782,1,right_lane,adaptive,True,10.0,40,0,21.643957345971565,0.0,0.0,40.0,0.0,6.0,62.43033175355451,42.43033175355451,20.0,nan,0.0,0,0,0,40
783,1,right_lane,adaptive,True,10.0,40,0,21.25249644062177,0.0,14.0,26.0,7.0,1.0,58.477656846288404,41.97765684628841,16.5,18.0,0.1,0,0,4,36
784,1,right_lane,adaptive,True,10.0,40,0,20.89395734594575,0.0,1.0,39.0,0.0,3.5,61.42592820866689,41.425928208666875,20.0,nan,0.0,0,0,0,40
785,1,right_lane,adaptive,True,10.0,40,0,20.518957345971565,5.0,6.0,29.0,7.0,12.0,57.12839840271856,40.62839840271856,16.5,nan,0.0,0,0,0,40
786,1,right_lane,adaptive,True,10.0,40,0,24.01895239570215,1.0,1.0,38.0,0.5,8.0,65.97839118842982,46.228391188429825,19.75,nan,0.0,0,0,0,40
787,1,right_lane,adaptive,True,10.0,40,0,20.768957345971565,0.0,0.0,40.0,0.0,3.0,61.03033863096583,41.03033863096583,20.0,nan,0.0,0,0,0,40
788,1,right_lane,adaptive,True,10.0,40,0,20.643957345971565,1.0,1.0,38.0,0.5,13.0,60.57839717648495,40.82839717648495,19.75,nan,0.0,0,0,0,40
789,1,right_lane,adaptive,True,10.0,40,0,21.143957345971565,1.0,1.0,38.0,0.5,1.5,61.378398404341496,41.6283984043415,19.75,nan,0.0,0,0,0,40
790,1,right_lane,adaptive,True,10.0,40,0,20.643957345971565,0.0,1.0,39.0,0.0,0.0,60.82939832963657,40.829398329636575,20.0,nan,0.0,0,0,0,40
791,1,right_lane,adaptive,True,10.0,40,0,20.87500075075124,5.0,7.0,28.0,8.5,13.0,56.94722144784011,41.19722144784011,15.75,18.0,0.025,0,0,1,39
792,1,right_lane,adaptive,True,10.0,40,0,20.393957345971565,0.0,1.0,39.0,0.0,20.5,60.629396622262355,40.629396622262355,20.0,nan,0.0,0,0,0,40
793,1,right_lane,adaptive,True,10.0,23,1,25.250359296426975,1.0,3.0,19.0,3.0,4.0,37.87702647633279,27.627026476332784,10.25,18.0,0.043478260869565216,0,0,1,22
794,1,right_lane,adaptive,True,10.0,40,0,21.750043292099726,1.0,1.0,38.0,0.5,2.0,61.598135918878356,42.098135918878356,19.5,nan,0.0,0,0,0,40
795,1,right_lane,adaptive,True,10.0,40,0,22.608867844032495,1.0,1.0,38.0,0.5,4.0,63.922195760026426,44.17219576002643,19.75,nan,0.0,0,0,0,40
796,1,right_lane,adaptive,True,10.0,27,1,20.398455327365284,0.0,0.0,27.0,0.5,13.0,40.9527441644789,27.4527441644789,13.5,nan,0.0,0,0,0,27
797,1,right_lane,adaptive,True,10.0,40,0,21.018957345971565,0.0,1.0,39.0,0.0,16.0,60.67939766774114,40.92939766774115,19.75,nan,0.0,0,0,0,40
798,1,right_lane,adaptive,True,10.0,40,0,21.643957345971565,0.0,1.0,39.0,0.0,2.0,62.429398329686094,42.42939832968609,20.0,nan,0.0,0,0,0,40
799,1,right_lane,adaptive,True,10.0,40,0,21.143957345971565,2.0,4.0,34.0,3.0,11.0,60.12561126819189,41.62561126819189,18.5,18.0,0.025,0,0,1,39
800,1,right_lane,adaptive,True,10.0,40,0,21.893957345971057,0.0,0.0,40.0,0.0,3.5,62.83033175355368,42.83033175355368,20.0,nan,0.0,0,0,0,40
801,1,right_lane,adaptive,True,10.0,40,0,21.768957345971565,1.0,1.0,38.0,0.5,7.5,62.3783991088616,42.6283991088616,19.75,nan,0.0,0,0,0,40
802,1,right_lane,adaptive,True,10.0,40,0,20.393957345971565,0.0,0.0,40.0,0.0,6.5,60.603994304994835,40.603994304994835,20.0,nan,0.0,0,0,0,40
803,1,right_lane,adaptive,True,10.0,40,0,22.768957344035247,2.0,5.0,33.0,3.5,4.0,62.475616714585364,44.225616714585364,18.25,18.0,0.025,0,0,1,39
804,1,right_lane,adaptive,True,10.0,40,0,20.393957345971565,1.0,1.0,38.0,0.5,16.0,60.178397179175086,40.428397179175086,19.75,nan,0.0,0,0,0,40
805,1,right_lane,adaptive,True,10.0,40,0,23.37472024373468,0.0,0.0,40.0,0.0,0.5,65.19955238997547,45.19955238997548,20.0,nan,0.0,0,0,0,40
806,1,right_lane,adaptive,True,10.0,40,0,21.75000009886436,1.0,1.0,38.0,0.5,9.5,62.37479292302348,42.62479292302346,19.75,nan,0.0,0,0,0,40
807,1,right_lane,adaptive,True,10.0,40,0,23.518957345971565,0.0,0.0,40.0,0.0,0.0,65.63033161620221,45.63033161620221,20.0,nan,0.0,0,0,0,40
808,1,right_lane,adaptive,True,10.0,40,0,21.391461656101036,0.0,1.0,39.0,0.0,2.0,62.02540522589326,42.02540522589326,20.0,nan,0.0,0,0,0,40
809,1,right_lane,adaptive,True,10.0,40,0,20.393957345971565,1.0,1.0,38.0,0.5,6.0,60.181864439449114,40.431864439449114,19.75,nan,0.0,0,0,0,40
810,1,right_lane,adaptive,True,10.0,40,0,21.268919754863266,0.0,0.0,40.0,0.0,8.0,61.830271607781214,41.83027160778123,20.0,nan,0.0,0,0,0,40
811,1,right_lane,adaptive,True,10.0,40,0,21.87749643910335,0.0,0.0,40.0,0.0,3.0,62.804046527907595,42.80404652790759,20.0,nan,0.0,0,0,0,40
812,1,right_lane,adaptive,True,10.0,40,0,22.518957345971565,2.0,4.0,34.0,4.0,12.0,62.02408235291062,44.02408235291062,18.0,18.0,0.025,0,0,1,39
813,1,right_lane,adaptive,True,10.0,40,0,21.393957345971565,0.0,0.0,40.0,0.0,0.0,62.030331753554506,42.030331753554506,20.0,nan,0.0,0,0,0,40
814,1,right_lane,adaptive,True,10.0,40,0,21.643957345971494,0.0,1.0,39.0,0.0,1.0,62.429397666520345,42.429397666520345,20.0,nan,0.0,0,0,0,40
815,1,right_lane,adaptive,True,10.0,40,0,22.643957345971565,0.0,1.0,39.0,0.0,1.0,64.0293983296862,44.029398329686195,20.0,nan,0.0,0,0,0,40
816,1,right_lane,adaptive,True,10.0,4,1,23.91460905349794,1.0,1.0,2.0,1.0,2.0,6.174402881067836,4.424402881067836,1.75,nan,0.0,0,0,0,4
817,1,right_lane,adaptive,True,10.0,40,0,22.393957345971565,0.0,0.0,40.0,0.0,4.0,62.88247189326793,43.13247189326793,19.75,nan,0.0,0,0,0,40
818,1,right_lane,adaptive,True,10.0,40,0,20.393957345971565,0.0,1.0,39.0,0.0,9.0,60.429397666520444,40.429397666520444,20.0,nan,0.0,0,0,0,40
819,1,right_lane,adaptive,True,10.0,40,0,21.50032874938229,0.0,1.0,39.0,0.0,14.0,62.19959191319831,42.19959191319831,20.0,nan,0.0,0,0,0,40
820,1,right_lane,adaptive,True,10.0,40,0,21.87500570101725,1.0,7.0,32.0,3.5,9.0,61.24668733855978,42.99668733855978,18.25,18.0,0.025,0,0,1,39
821,1,right_lane,adaptive,True,10.0,40,0,21.250328749382287,0.0,1.0,39.0,0.0,0.0,61.999583990387535,41.99958399038755,20.0,nan,0.0,0,0,0,40
822,1,right_lane,adaptive,True,10.0,20,1,20.787914691943126,7.0,7.0,6.0,10.0,3.5,25.877939243630866,20.627939243630866,5.25,nan,0.0,0,0,0,20
823,1,right_lane,adaptive,True,10.0,15,1,22.71721958857754,2.0,2.0,11.0,2.5,3.0,22.178399085334643,15.928399085334647,6.25,nan,0.0,0,0,0,15
824,1,right_lane,adaptive,True,10.0,40,0,20.518957345971565,0.0,0.0,40.0,0.0,10.0,59.8803317535545,40.130331753554486,19.75,nan,0.0,0,0,0,40
825,1,right_lane,adaptive,True,10.0,40,0,20.87532874938229,1.0,1.0,38.0,0.5,5.0,60.94859142194214,41.19859142194213,19.75,nan,0.0,0,0,0,40
826,1,right_lane,adaptive,True,10.0,40,0,20.76895734597149,0.0,0.0,40.0,0.0,7.5,61.229875021902274,41.229875021902274,20.0,nan,0.0,0,0,0,40
827,1,right_lane,adaptive,True,10.0,40,0,20.893957345971565,0.0,1.0,39.0,0.0,4.0,61.22939766652054,41.22939766652055,20.0,nan,0.0,0,0,0,40
828,1,right_lane,adaptive,True,10.0,40,0,20.268957345971565,0.0,0.0,40.0,0.0,20.0,60.2303317535545,40.2303317535545,20.0,nan,0.0,0,0,0,40
829,1,right_lane,adaptive,True,10.0,40,0,21.018957345971565,3.0,5.0,32.0,4.5,14.5,59.17561743469794,41.42561743469794,17.75,18.0,0.025,0,0,1,39
830,1,right_lane,adaptive,True,10.0,40,0,22.268957345971565,1.0,1.0,38.0,0.5,5.5,63.178399108860894,43.4283991088609,19.75,nan,0.0,0,0,0,40
831,1,right_lane,adaptive,True,10.0,40,0,21.141461656101036,0.0,0.0,40.0,0.0,1.0,61.62633864976167,41.626338649761664,20.0,nan,0.0,0,0,0,40
832,1,right_lane,adaptive,True,10.0,40,0,21.50032874938229,8.0,9.0,23.0,12.0,1.5,56.451145873228384,42.201145873228384,14.25,18.0,0.025,0,0,1,39
833,1,right_lane,adaptive,True,10.0,40,0,21.143957345971565,3.0,4.0,33.0,5.0,11.0,59.577072637564214,41.827072637564214,17.75,nan,0.0,0,0,0,40
834,1,right_lane,adaptive,True,10.0,40,0,21.25032874938229,0.0,0.0,40.0,0.0,2.0,61.300525999011654,41.80052599901167,19.5,nan,0.0,0,0,0,40
835,1,right_lane,adaptive,True,10.0,40,0,22.018957345971565,1.0,1.0,38.0,0.5,2.5,62.97794237720879,43.2279423772088,19.75,nan,0.0,0,0,0,40
836,1,right_lane,adaptive,True,10.0,40,0,22.268957345971565,0.0,1.0,39.0,0.0,11.0,63.429398329686116,43.42939832968611,20.0,nan,0.0,0,0,0,40
837,1,right_lane,adaptive,True,10.0,40,0,20.518957345971565,0.0,1.0,39.0,0.0,20.0,60.629397667739944,40.629397667739944,20.0,nan,0.0,0,0,0,40
838,1,right_lane,adaptive,True,10.0,40,0,21.143957345971565,0.0,1.0,39.0,0.0,3.0,61.6293983296861,41.6293983296861,20.0,nan,0.0,0,0,0,40
839,1,right_lane,adaptive,True,10.0,40,0,20.643957345971565,1.0,1.0,38.0,0.5,9.5,60.57839717648495,40.828397176484955,19.75,nan,0.0,0,0,0,40
840,1,right_lane,adaptive,True,10.0,40,0,22.393957345971565,0.0,1.0,39.0,0.0,10.0,63.62939766774182,43.629397667741834,20.0,nan,0.0,0,0,0,40
841,1,right_lane,adaptive,True,10.0,17,1,21.80931140228468,1.0,1.0,15.0,1.0,2.5,26.27839910880784,18.028399108807847,8.25,nan,0.0,0,0,0,17
842,1,right_lane,adaptive,True,10.0,40,0,22.51895733124236,0.0,0.0,40.0,0.0,2.5,63.08033172998778,43.33033172998779,19.75,nan,0.0,0,0,0,40
843,1,right_lane,adaptive,True,10.0,40,0,23.518957345775522,0.0,0.0,40.0,0.0,2.0,65.43033177370411,45.430331773704125,20.0,nan,0.0,0,0,0,40
844,1,right_lane,adaptive,True,10.0,40,0,22.643957345971565,0.0,1.0,39.0,0.0,0.0,64.02939832995847,44.02939832995846,20.0,nan,0.0,0,0,0,40
845,1,right_lane,adaptive,True,10.0,40,0,21.018957345971565,0.0,1.0,39.0,0.0,5.5,61.42939651471896,41.429396514718974,20.0,nan,0.0,0,0,0,40
846,1,right_lane,adaptive,True,10.0,40,0,20.893957345971565,1.0,1.0,38.0,0.5,4.0,60.97839840304394,41.22839840304395,19.75,nan,0.0,0,0,0,40
847,1,right_lane,adaptive,True,10.0,40,0,20.518957345971565,0.0,1.0,39.0,0.0,17.0,60.629397666520454,40.62939766652043,20.0,nan,0.0,0,0,0,40
848,1,right_lane,adaptive,True,10.0,40,0,20.268957345971565,0.0,1.0,39.0,0.0,20.5,60.22939651470176,40.22939651470176,20.0,nan,0.0,0,0,0,40
849,1,right_lane,adaptive,True,10.0,40,0,22.393957345971565,0.0,1.0,39.0,0.0,10.0,63.62939766774114,43.62939766774114,20.0,nan,0.0,0,0,0,40
850,1,right_lane,adaptive,True,10.0,40,0,21.268957345971565,0.0,3.0,37.0,2.0,15.0,61.0803317535545,41.8303317535545,19.25,nan,0.0,0,0,0,40
851,1,right_lane,adaptive,True,10.0,40,0,20.268957345971565,0.0,0.0,40.0,0.0,5.0,59.9803317535545,40.2303317535545,19.75,nan,0.0,0,0,0,40
852,1,right_lane,adaptive,True,10.0,10,1,26.074341270034893,0.0,1.0,9.0,0.0,0.0,17.22880242289017,12.22880242289017,5.0,nan,0.0,0,0,0,10
853,1,right_lane,adaptive,True,10.0,40,0,22.643957345971504,0.0,0.0,40.0,0.0,1.0,63.53084861285094,43.53084861285094,20.0,nan,0.0,0,0,0,40
854,1,right_lane,adaptive,True,10.0,3,1,25.0,1.0,1.0,1.0,1.0,1.0,4.648067887473852,3.398067887473852,1.25,nan,0.0,0,0,0,3
855,1,right_lane,adaptive,True,10.0,40,0,21.268957345971565,0.0,1.0,39.0,0.0,3.0,61.07939766843067,41.329397668430694,19.75,nan,0.0,0,0,0,40
856,1,right_lane,adaptive,True,10.0,40,0,22.518957345971494,0.0,1.0,39.0,0.0,1.5,63.82939832968597,43.82939832968599,20.0,nan,0.0,0,0,0,40
857,1,right_lane,adaptive,True,10.0,40,0,20.393957345971565,0.0,0.0,40.0,0.0,17.0,60.43033175355459,40.4303317535546,20.0,nan,0.0,0,0,0,40
858,1,right_lane,adaptive,True,10.0,40,0,21.143957345971565,0.0,1.0,39.0,0.0,0.5,61.629397667741145,41.62939766774115,20.0,nan,0.0,0,0,0,40
859,1,right_lane,adaptive,True,10.0,40,0,20.893957345971565,1.0,1.0,38.0,0.5,0.5,60.97839840434078,41.22839840434078,19.75,nan,0.0,0,0,0,40
860,1,right_lane,adaptive,True,10.0,10,1,24.075803628889,1.0,1.0,8.0,1.0,2.5,16.178388806861985,11.428388806861985,4.75,nan,0.0,0,0,0,10
861,1,right_lane,adaptive,True,10.0,40,0,23.018957345971565,0.0,1.0,39.0,0.0,12.5,63.8793983296861,44.1293983296861,19.75,nan,0.0,0,0,0,40
862,1,right_lane,adaptive,True,10.0,40,0,25.643957345967134,0.0,0.0,40.0,0.0,1.0,68.8303317535474,48.830331753547405,20.0,nan,0.0,0,0,0,40
863,1,right_lane,adaptive,True,10.0,40,0,22.518957345971497,0.0,1.0,39.0,0.0,1.0,63.82939832969215,43.82939832969214,20.0,nan,0.0,0,0,0,40
864,1,right_lane,adaptive,True,10.0,15,1,22.38388625525327,0.0,0.0,15.0,0.0,3.5,23.73033175315205,16.230331753152054,7.5,nan,0.0,0,0,0,15
865,1,right_lane,adaptive,True,10.0,40,0,20.268957345971565,0.0,1.0,39.0,0.0,3.5,59.72939651470176,39.72939651470176,20.0,nan,0.0,0,0,0,40
866,1,right_lane,adaptive,True,10.0,40,0,21.768957345971565,0.0,0.0,40.0,0.0,12.5,62.63033175355451,42.63033175355451,20.0,nan,0.0,0,0,0,40
867,1,right_lane,adaptive,True,10.0,40,0,22.51895174381867,3.0,6.0,31.0,5.0,8.0,61.32561037518544,43.82561037518545,17.5,18.0,0.05,0,0,2,38
868,1,right_lane,adaptive,True,10.0,40,0,23.393957345971565,0.0,0.0,40.0,0.0,1.5,65.23033953662785,45.23033953662783,20.0,nan,0.0,0,0,0,40
869,1,right_lane,adaptive,True,10.0,40,0,22.143957345971565,0.0,0.0,40.0,0.0,4.5,63.23033175355452,43.230331753554495,20.0,nan,0.0,0,0,0,40
870,1,right_lane,adaptive,True,10.0,40,0,22.14395724711112,0.0,1.0,39.0,0.0,1.5,63.229397510254,43.229397510254,20.0,nan,0.0,0,0,0,40
871,1,right_lane,adaptive,True,10.0,40,0,23.768957345971565,0.0,0.0,40.0,0.0,1.0,65.83033189090138,45.83033189090136,20.0,nan,0.0,0,0,0,40
872,1,right_lane,adaptive,True,10.0,28,1,22.348510494245087,0.0,0.0,28.0,0.5,11.5,44.430331753554505,30.430331753554494,14.0,nan,0.0,0,0,0,28
873,1,right_lane,adaptive,True,10.0,40,0,21.393957345967713,1.0,1.0,38.0,0.5,6.5,61.028397176478805,41.52839717647879,19.5,nan,0.0,0,0,0,40
874,1,right_lane,adaptive,True,10.0,14,1,22.91130669779397,0.0,1.0,13.0,0.5,1.5,22.429398326901563,15.42939832690156,7.0,nan,0.0,0,0,0,14
875,1,right_lane,adaptive,True,10.0,40,0,20.393957345971565,1.0,1.0,38.0,0.5,16.0,59.42839717648496,39.92839717648496,19.5,nan,0.0,0,0,0,40
876,1,right_lane,adaptive,True,10.0,40,0,21.893957345971565,1.0,1.0,38.0,0.5,1.0,62.5783991088609,42.82839910886089,19.75,nan,0.0,0,0,0,40
877,1,right_lane,adaptive,True,10.0,40,0,21.891789568657728,0.0,1.0,39.0,0.0,4.0,62.825929224037814,42.82592922403781,20.0,nan,0.0,0,0,0,40
878,1,right_lane,adaptive,True,10.0,3,1,25.0,1.0,1.0,1.0,1.0,1.0,4.651079581387972,3.4010795813879717,1.25,nan,0.0,0,0,0,3
879,1,right_lane,adaptive,True,10.0,3,1,25.0,1.0,1.0,1.0,1.0,1.5,3.8980678874737684,2.8980678874737684,1.0,nan,0.0,0,0,0,3
880,1,right_lane,adaptive,True,10.0,30,1,20.525276461295423,1.0,1.0,28.0,1.0,11.0,44.42839717648496,29.928397176484957,14.5,nan,0.0,0,0,0,30
881,1,right_lane,adaptive,True,10.0,40,0,20.643957345971565,1.0,1.0,38.0,0.5,18.0,59.828398404339495,40.328398404339495,19.5,nan,0.0,0,0,0,40
882,1,right_lane,adaptive,True,10.0,40,0,21.018671888689,0.0,0.0,40.0,0.0,7.0,61.42987502190238,41.4298750219024,20.0,nan,0.0,0,0,0,40
883,1,right_lane,adaptive,True,10.0,40,0,21.643957345971558,1.0,5.0,34.0,2.5,5.5,61.17786213393161,42.427862133931626,18.75,18.0,0.025,0,0,1,39
884,1,right_lane,adaptive,True,10.0,40,0,20.268957345971565,0.0,0.0,40.0,0.0,20.0,60.230331753554516,40.230331753554516,20.0,nan,0.0,0,0,0,40
885,1,right_lane,adaptive,True,10.0,40,0,21.768957345971565,0.0,0.0,40.0,0.0,11.5,62.63033175355451,42.6303317535545,20.0,nan,0.0,0,0,0,40
886,1,right_lane,adaptive,True,10.0,40,0,21.393957332956305,6.0,8.0,26.0,9.0,9.5,57.52561617620665,42.02561617620665,15.5,18.0,0.025,0,0,1,39
887,1,right_lane,adaptive,True,10.0,40,0,20.393957345971565,0.0,1.0,39.0,0.0,20.5,60.42939768460255,40.42939768460255,20.0,nan,0.0,0,0,0,40
888,1,right_lane,adaptive,True,10.0,40,0,21.643957345745793,4.0,7.0,29.0,7.0,6.5,58.926616764147255,42.42661676414726,16.5,18.0,0.025,0,0,1,39
889,1,right_lane,adaptive,True,10.0,40,0,21.268628695453636,2.0,7.0,31.0,5.0,6.5,59.326090347486456,41.82609034748645,17.5,18.0,0.075,0,0,3,37
890,1,right_lane,adaptive,True,10.0,23,1,20.467751906037503,0.0,1.0,22.0,0.5,11.5,34.729853108964676,23.229853108964676,11.5,nan,0.0,0,0,0,23
891,1,right_lane,adaptive,True,10.0,40,0,21.518957345971565,0.0,1.0,39.0,0.0,13.0,61.47939832968611,41.729398329686106,19.75,nan,0.0,0,0,0,40
892,1,right_lane,adaptive,True,10.0,40,0,24.12467695166469,0.0,1.0,39.0,0.0,2.0,66.3985496987951,46.398549698795094,20.0,nan,0.0,0,0,0,40
893,1,right_lane,adaptive,True,10.0,40,0,20.393957345971565,0.0,1.0,39.0,0.0,20.5,60.629846477705634,40.629846477705634,20.0,nan,0.0,0,0,0,40
894,1,right_lane,adaptive,True,10.0,40,0,21.393957345971565,1.0,1.0,38.0,0.5,3.5,61.778397181182534,42.02839718118254,19.75,nan,0.0,0,0,0,40
895,1,right_lane,adaptive,True,10.0,40,0,22.641497760414666,1.0,1.0,38.0,0.5,3.0,63.77446306744973,44.02446306744973,19.75,nan,0.0,0,0,0,40
896,1,right_lane,adaptive,True,10.0,40,0,20.768957345971565,1.0,1.0,38.0,0.5,6.0,60.78181621203514,41.031816212035146,19.75,nan,0.0,0,0,0,40
897,1,right_lane,adaptive,True,10.0,40,0,21.997875600860247,0.0,13.0,27.0,6.5,9.0,59.746600951225346,42.99660095122534,16.75,nan,0.0,0,0,0,40
898,1,right_lane,adaptive,True,10.0,40,0,22.768957345749705,0.0,0.0,40.0,0.0,4.0,64.2596206303583,44.25962063035829,20.0,nan,0.0,0,0,0,40
899,1,right_lane,adaptive,True,10.0,40,0,20.393957345971565,1.0,1.0,38.0,0.5,20.5,60.17839717679318,40.42839717679318,19.75,nan,0.0,0,0,0,40
900,1,right_lane,adaptive,True,10.0,40,0,21.393957345971565,0.0,0.0,40.0,0.0,0.0,62.030331753554506,42.030331753554506,20.0,nan,0.0,0,0,0,40
901,1,right_lane,adaptive,True,10.0,40,0,21.018957345971565,2.0,5.0,33.0,4.0,3.5,59.42661776691227,41.426617766912265,18.0,18.0,0.025,0,0,1,39
902,1,right_lane,adaptive,True,10.0,40,0,20.393957345971565,1.0,1.0,38.0,0.5,7.5,60.17839717648496,40.42839717648496,19.75,nan,0.0,0,0,0,40
903,1,right_lane,adaptive,True,10.0,40,0,22.518957345971565,0.0,1.0,39.0,0.0,0.5,63.82939832963661,43.8293983296366,20.0,nan,0.0,0,0,0,40
904,1,right_lane,adaptive,True,10.0,40,0,21.3939573442318,0.0,0.0,40.0,0.0,4.5,62.03033175077089,42.030331750770884,20.0,nan,0.0,0,0,0,40
905,1,right_lane,adaptive,True,10.0,40,0,22.018957345971565,0.0,1.0,39.0,0.0,8.0,63.02939651711881,43.02939651711881,20.0,nan,0.0,0,0,0,40
906,1,right_lane,adaptive,True,10.0,40,0,21.50249644062177,6.0,11.0,23.0,12.0,8.0,56.70027693421047,42.20027693421047,14.5,18.0,0.05,0,0,2,38
907,1,right_lane,adaptive,True,10.0,40,0,20.64363429760652,0.0,0.0,40.0,0.0,13.5,60.52543485864594,41.02543485864594,19.5,nan,0.0,0,0,0,40
908,1,right_lane,adaptive,True,10.0,21,1,21.9408711351838,1.0,1.0,19.0,1.0,3.5,32.67884721556716,22.428847215567163,10.25,nan,0.0,0,0,0,21
909,1,right_lane,adaptive,True,10.0,40,0,21.018957345971565,0.0,1.0,39.0,0.0,5.0,60.679397667739934,40.929397667739934,19.75,nan,0.0,0,0,0,40
910,1,right_lane,adaptive,True,10.0,40,0,23.768957345971565,0.0,1.0,39.0,0.0,3.0,65.82939766774113,45.82939766774114,20.0,nan,0.0,0,0,0,40
911,1,right_lane,adaptive,True,10.0,40,0,20.643957345941903,0.0,0.0,40.0,0.0,4.0,60.830331753507046,40.830331753507046,20.0,nan,0.0,0,0,0,40
912,1,right_lane,adaptive,True,10.0,40,0,20.893957345971565,0.0,1.0,39.0,0.0,13.0,61.229397667783026,41.22939766778304,20.0,nan,0.0,0,0,0,40
913,1,right_lane,adaptive,True,10.0,40,0,21.268957345971497,2.0,4.0,34.0,3.0,5.5,60.3247279964507,41.82472799645068,18.5,18.0,0.025,0,0,1,39
914,1,right_lane,adaptive,True,10.0,40,0,21.518957345971565,1.0,1.0,38.0,0.5,8.0,61.97839840434087,42.228398404340865,19.75,nan,0.0,0,0,0,40
915,1,right_lane,adaptive,True,10.0,40,0,21.893957345971565,2.0,4.0,34.0,3.0,5.5,61.32542342540374,42.82542342540374,18.5,18.0,0.025,0,0,1,39
916,1,right_lane,adaptive,True,10.0,40,0,22.768957345971565,1.0,1.0,38.0,0.5,9.5,63.978398403043926,44.228398403043926,19.75,nan,0.0,0,0,0,40
917,1,right_lane,adaptive,True,10.0,40,0,22.018909202470194,0.0,1.0,39.0,0.0,5.5,63.02932063813964,43.02932063813964,20.0,nan,0.0,0,0,0,40
918,1,right_lane,adaptive,True,10.0,40,0,23.25004329209972,0.0,0.0,40.0,0.0,2.0,65.00013615314583,45.00013615314581,20.0,nan,0.0,0,0,0,40
919,1,right_lane,adaptive,True,10.0,27,1,20.583640512550467,1.0,1.0,25.0,1.0,6.0,40.70467447931268,27.45467447931268,13.25,nan,0.0,0,0,0,27
920,1,right_lane,adaptive,True,10.0,39,1,21.686110098432373,0.0,0.0,39.0,0.0,1.5,60.180331753554505,40.930331753554505,19.25,nan,0.0,0,0,0,39
921,1,right_lane,adaptive,True,10.0,40,0,21.893957344482878,0.0,0.0,40.0,0.0,9.0,62.330331751172594,42.330331751172615,20.0,nan,0.0,0,0,0,40
922,1,right_lane,adaptive,True,10.0,38,1,23.309428785233223,0.0,0.0,38.0,0.0,0.0,61.83033175562273,42.83033175562274,19.0,nan,0.0,0,0,0,38
923,1,right_lane,adaptive,True,10.0,40,0,22.268957345971565,1.0,1.0,38.0,0.5,14.0,62.678399108860894,42.9283991088609,19.75,nan,0.0,0,0,0,40
924,1,right_lane,adaptive,True,10.0,40,0,21.143957345971565,0.0,0.0,40.0,0.0,0.5,61.6303317535545,41.63033175355451,20.0,nan,0.0,0,0,0,40
925,1,right_lane,adaptive,True,10.0,40,0,20.893957345971565,0.0,1.0,39.0,0.0,1.5,61.22939766652044,41.22939766652045,20.0,nan,0.0,0,0,0,40
926,1,right_lane,adaptive,True,10.0,38,1,20.414691943127963,1.0,1.0,36.0,1.0,8.0,57.17839717648496,38.42839717648496,18.75,nan,0.0,0,0,0,38
927,1,right_lane,adaptive,True,10.0,40,0,20.518957345971565,1.0,2.0,37.0,1.0,17.0,59.37839840304393,40.12839840304393,19.25,nan,0.0,0,0,0,40
928,1,right_lane,adaptive,True,10.0,40,0,21.266789654732076,1.0,1.0,38.0,0.5,8.5,61.57493080282559,41.82493080282559,19.75,nan,0.0,0,0,0,40
929,1,right_lane,adaptive,True,10.0,40,0,21.51891975488909,0.0,0.0,40.0,0.0,3.0,62.23328318215361,42.23328318215361,20.0,nan,0.0,0,0,0,40
930,1,right_lane,adaptive,True,10.0,34,1,21.34583217173125,1.0,1.0,32.0,0.5,6.5,52.37844940648889,35.6284494064889,16.75,nan,0.0,0,0,0,34
931,1,right_lane,adaptive,True,10.0,40,0,22.268957334666847,0.0,1.0,39.0,0.0,7.0,62.92939650102989,42.9293965010299,20.0,nan,0.0,0,0,0,40
932,1,right_lane,adaptive,True,10.0,40,0,21.268957345971565,0.0,1.0,39.0,0.0,7.5,61.829398345391745,41.82939834539175,20.0,nan,0.0,0,0,0,40
933,1,right_lane,adaptive,True,10.0,40,0,20.643957345971565,0.0,0.0,40.0,0.0,5.5,60.8303317535545,40.8303317535545,20.0,nan,0.0,0,0,0,40
934,1,right_lane,adaptive,True,10.0,40,0,20.768957345971565,0.0,1.0,39.0,0.0,1.5,61.02939651470176,41.02939651470176,20.0,nan,0.0,0,0,0,40
935,1,right_lane,adaptive,True,10.0,40,0,21.268956596934782,1.0,1.0,38.0,0.5,8.5,61.57839720661441,41.828397206614426,19.75,nan,0.0,0,0,0,40
936,1,right_lane,adaptive,True,10.0,40,0,22.518951743818675,0.0,0.0,40.0,0.0,2.5,63.830323830747,43.830323830747005,20.0,nan,0.0,0,0,0,40
937,1,right_lane,adaptive,True,10.0,16,1,23.484891241528494,1.0,1.0,14.0,1.0,5.5,25.778403600582067,18.02840360058207,7.75,nan,0.0,0,0,0,16
938,1,right_lane,adaptive,True,10.0,40,0,21.6439573329529,8.0,5.0,27.0,10.0,5.5,56.677464105239785,41.927464105239785,14.75,18.0,0.1,0,0,4,36
939,1,right_lane,adaptive,True,10.0,15,1,22.38388625135228,0.0,1.0,14.0,0.5,2.5,23.729397683084844,16.22939768308484,7.5,nan,0.0,0,0,0,15
940,1,right_lane,adaptive,True,10.0,40,0,20.768957345971565,0.0,1.0,39.0,0.0,2.0,60.27939651471896,40.52939651471896,19.75,nan,0.0,0,0,0,40
941,1,right_lane,adaptive,True,10.0,40,0,20.268957345971565,0.0,1.0,39.0,0.0,11.5,60.22939651470176,40.22939651470176,20.0,nan,0.0,0,0,0,40
942,1,right_lane,adaptive,True,10.0,40,0,22.768957345971565,1.0,4.0,35.0,2.5,10.5,63.22839910886089,44.22839910886089,19.0,nan,0.0,0,0,0,40
943,1,right_lane,adaptive,True,10.0,40,0,21.643957345971565,0.0,0.0,40.0,0.0,4.5,62.18033175355452,42.430331753554505,19.75,nan,0.0,0,0,0,40
944,1,right_lane,adaptive,True,10.0,40,0,21.268957345971565,0.0,1.0,39.0,0.0,0.5,61.82939766774182,41.82939766774184,20.0,nan,0.0,0,0,0,40
945,1,right_lane,adaptive,True,10.0,40,0,22.643957260122978,1.0,1.0,38.0,0.5,5.0,63.77839703912723,44.02839703912721,19.75,nan,0.0,0,0,0,40
946,1,right_lane,adaptive,True,10.0,40,0,21.518957345971565,2.0,5.0,33.0,4.0,15.0,60.226083742003155,42.226083742003155,18.0,18.0,0.025,0,0,1,39
947,1,right_lane,adaptive,True,10.0,40,0,21.018957345971565,0.0,0.0,40.0,0.0,1.5,61.4303317535545,41.430331753554505,20.0,nan,0.0,0,0,0,40
948,1,right_lane,adaptive,True,10.0,40,0,20.268957345971565,0.0,0.0,40.0,0.0,19.0,60.2303317535545,40.2303317535545,20.0,nan,0.0,0,0,0,40
949,1,right_lane,adaptive,True,10.0,40,0,22.375000750751244,3.0,5.0,32.0,4.5,3.0,61.34528881725614,43.59528881725615,17.75,18.0,0.025,0,0,1,39
950,1,right_lane,adaptive,True,10.0,40,0,20.518957345971565,0.0,0.0,40.0,0.0,2.0,60.65666815657101,40.656668156571016,20.0,nan,0.0,0,0,0,40
951,1,right_lane,adaptive,True,10.0,40,0,21.89395734574971,0.0,0.0,40.0,0.0,2.0,62.83033175319952,42.83033175319952,20.0,nan,0.0,0,0,0,40
952,1,right_lane,adaptive,True,10.0,40,0,22.393957345971565,0.0,0.0,40.0,0.0,0.0,63.630331753862734,43.63033175386273,20.0,nan,0.0,0,0,0,40
953,1,right_lane,adaptive,True,10.0,40,0,21.268957345971565,1.0,5.0,34.0,2.5,8.0,60.577465396961735,41.827465396961735,18.75,18.0,0.025,0,0,1,39
954,1,right_lane,adaptive,True,10.0,37,1,21.912386319969247,0.0,1.0,36.0,0.0,1.0,58.1293983296861,39.6293983296861,18.5,nan,0.0,0,0,0,37
955,1,right_lane,adaptive,True,10.0,40,0,21.768957345971565,1.0,1.0,38.0,0.5,11.5,61.8783991088609,42.1283991088609,19.75,nan,0.0,0,0,0,40
956,1,right_lane,adaptive,True,10.0,40,0,22.143957345971565,1.0,1.0,38.0,0.5,12.0,62.9783991088609,43.22839910886089,19.75,nan,0.0,0,0,0,40
957,1,right_lane,adaptive,True,10.0,40,0,21.518957345971497,4.0,6.0,30.0,6.0,5.5,59.22561742188927,42.22561742188927,17.0,18.0,0.025,0,0,1,39
958,1,right_lane,adaptive,True,10.0,40,0,21.768957345971565,0.0,1.0,39.0,0.0,0.5,62.6293983296862,42.6293983296862,20.0,nan,0.0,0,0,0,40
959,1,right_lane,adaptive,True,10.0,40,0,20.89395734426102,0.0,1.0,39.0,0.0,1.5,61.22939766500308,41.22939766500308,20.0,nan,0.0,0,0,0,40
960,1,right_lane,adaptive,True,10.0,40,0,21.768957345971565,1.0,1.0,38.0,0.5,0.5,62.37839911123736,42.62839911123735,19.75,nan,0.0,0,0,0,40
961,1,right_lane,adaptive,True,10.0,40,0,22.393957345971565,1.0,1.0,38.0,0.5,1.5,63.3783991088609,43.628399108860904,19.75,nan,0.0,0,0,0,40
962,1,right_lane,adaptive,True,10.0,14,1,22.55416384017447,0.0,0.0,14.0,0.0,1.0,22.2303317504977,15.230331750497703,7.0,nan,0.0,0,0,0,14
963,1,right_lane,adaptive,True,10.0,40,0,20.643957345971565,0.0,0.0,40.0,0.0,0.5,60.3303317535545,40.3303317535545,20.0,nan,0.0,0,0,0,40
964,1,right_lane,adaptive,True,10.0,40,0,22.143957345971565,2.0,5.0,33.0,4.0,14.5,61.22661600807233,43.22661600807233,18.0,18.0,0.025,0,0,1,39
965,1,right_lane,adaptive,True,10.0,40,0,20.643629347340514,0.0,1.0,39.0,0.0,19.0,60.82887171689209,40.82887171689209,20.0,nan,0.0,0,0,0,40
966,1,right_lane,adaptive,True,10.0,40,0,21.643957345971565,0.0,1.0,39.0,0.0,8.5,62.42985335706382,42.42985335706382,20.0,nan,0.0,0,0,0,40
967,1,right_lane,adaptive,True,10.0,40,0,22.51859100550731,2.0,11.0,27.0,6.5,2.0,60.575032698312654,43.82503269831266,16.75,18.0,0.075,0,0,3,37
968,1,right_lane,adaptive,True,10.0,40,0,22.143957332956305,3.0,5.0,32.0,4.5,5.0,60.97612620004847,43.22612620004847,17.75,18.0,0.025,0,0,1,39
969,1,right_lane,adaptive,True,10.0,40,0,21.76895174381816,0.0,1.0,39.0,0.0,3.0,62.629387569338434,42.629387569338434,20.0,nan,0.0,0,0,0,40
970,1,right_lane,adaptive,True,10.0,40,0,21.268957345971565,1.0,1.0,38.0,0.5,5.5,61.57840618741552,41.828406187415524,19.75,nan,0.0,0,0,0,40
971,1,right_lane,adaptive,True,10.0,40,0,20.393957345971565,0.0,1.0,39.0,0.0,17.0,60.429397666520444,40.429397666520444,20.0,nan,0.0,0,0,0,40
972,1,right_lane,adaptive,True,10.0,40,0,21.643957236028257,1.0,1.0,38.0,0.5,0.5,62.178398228431504,42.42839822843149,19.75,nan,0.0,0,0,0,40
973,1,right_lane,adaptive,True,10.0,40,0,21.143957345971565,1.0,1.0,38.0,0.5,2.5,61.37839733392681,41.62839733392682,19.75,nan,0.0,0,0,0,40
974,1,right_lane,adaptive,True,10.0,3,1,25.0,1.0,1.0,1.0,1.0,1.0,4.648067887473768,3.3980678874737684,1.25,nan,0.0,0,0,0,3
975,1,right_lane,adaptive,True,10.0,40,0,22.76895239570556,0.0,1.0,39.0,0.0,3.5,63.479390409260496,43.729390409260496,19.75,nan,0.0,0,0,0,40
976,1,right_lane,adaptive,True,10.0,40,0,23.268914152736198,0.0,0.0,40.0,0.0,8.5,65.20393207322485,45.20393207322484,20.0,nan,0.0,0,0,0,40
977,1,right_lane,adaptive,True,10.0,40,0,21.018957345971565,0.0,0.0,40.0,0.0,2.5,61.430391761934175,41.430391761934175,20.0,nan,0.0,0,0,0,40
978,1,right_lane,adaptive,True,10.0,40,0,22.143951657973492,0.0,0.0,40.0,0.0,7.0,63.230322652757586,43.2303226527576,20.0,nan,0.0,0,0,0,40
979,1,right_lane,adaptive,True,10.0,3,1,25.0,1.0,1.0,1.0,1.0,1.0,4.6480757898118314,3.3980757898118314,1.25,nan,0.0,0,0,0,3
980,1,right_lane,adaptive,True,10.0,40,0,20.518957345971565,0.0,1.0,39.0,0.0,5.5,59.87939651470175,40.12939651470176,19.75,nan,0.0,0,0,0,40
981,1,right_lane,adaptive,True,10.0,40,0,21.643957345971565,0.0,1.0,39.0,0.0,12.5,62.42939832968611,42.4293983296861,20.0,nan,0.0,0,0,0,40
982,1,right_lane,adaptive,True,10.0,40,0,20.893957345971565,0.0,1.0,39.0,0.0,3.5,61.2293983296861,41.2293983296861,20.0,nan,0.0,0,0,0,40
983,1,right_lane,adaptive,True,10.0,40,0,22.39395239396195,0.0,0.0,40.0,0.0,8.0,63.803986381779445,43.803986381779445,20.0,nan,0.0,0,0,0,40
984,1,right_lane,adaptive,True,10.0,40,0,21.268957345971565,0.0,1.0,39.0,0.0,9.5,61.8294052095151,41.8294052095151,20.0,nan,0.0,0,0,0,40
985,1,right_lane,adaptive,True,10.0,40,0,21.3939573459419,0.0,0.0,40.0,0.0,0.5,62.03033175350704,42.03033175350705,20.0,nan,0.0,0,0,0,40
986,1,right_lane,adaptive,True,10.0,40,0,21.518957345971565,0.0,1.0,39.0,0.0,1.0,62.22939766778236,42.22939766778236,20.0,nan,0.0,0,0,0,40
987,1,right_lane,adaptive,True,10.0,40,0,20.893957345971565,1.0,1.0,38.0,0.5,0.5,60.97839840434078,41.22839840434077,19.75,nan,0.0,0,0,0,40
988,1,right_lane,adaptive,True,10.0,40,0,20.393957345971565,1.0,1.0,38.0,0.5,1.0,60.17839717648496,40.42839717648496,19.75,nan,0.0,0,0,0,40
989,1,right_lane,adaptive,True,10.0,40,0,22.893957345971565,0.0,1.0,39.0,0.0,1.5,64.42939766843072,44.42939766843071,20.0,nan,0.0,0,0,0,40
990,1,right_lane,adaptive,True,10.0,40,0,21.143957345941843,0.0,0.0,40.0,0.0,7.0,61.630331753506944,41.630331753506944,20.0,nan,0.0,0,0,0,40
991,1,right_lane,adaptive,True,10.0,40,0,21.516789654732076,1.0,1.0,38.0,0.5,6.5,61.9749300983989,42.224930098398886,19.75,nan,0.0,0,0,0,40
992,1,right_lane,adaptive,True,10.0,40,0,20.518957345971565,1.0,1.0,38.0,0.5,16.0,60.381409977375,40.63140997737501,19.75,nan,0.0,0,0,0,40
993,1,right_lane,adaptive,True,10.0,18,1,24.20879410159124,0.0,0.0,18.0,0.5,4.5,29.8303317531457,20.830331753145703,9.0,nan,0.0,0,0,0,18
994,1,right_lane,adaptive,True,10.0,40,0,21.393957345971565,0.0,1.0,39.0,0.0,7.5,61.279397667741144,41.529397667741144,19.75,nan,0.0,0,0,0,40
995,1,right_lane,adaptive,True,10.0,40,0,20.393957345971565,0.0,0.0,40.0,0.0,1.0,60.430331753554505,40.430331753554505,20.0,nan,0.0,0,0,0,40
996,1,right_lane,adaptive,True,10.0,40,0,21.268957345971565,1.0,1.0,38.0,0.5,8.5,61.57839910886089,41.82839910886089,19.75,nan,0.0,0,0,0,40
997,1,right_lane,adaptive,True,10.0,40,0,21.766466606367043,0.0,0.0,40.0,0.0,2.0,62.62634657018727,42.626346570187266,20.0,nan,0.0,0,0,0,40
998,1,right_lane,adaptive,True,10.0,40,0,21.518957345971565,0.0,1.0,39.0,0.0,6.5,62.23285871524365,42.23285871524365,20.0,nan,0.0,0,0,0,40
999,1,right_lane,adaptive,True,10.0,40,0,23.018957345971565,0.0,1.0,39.0,0.0,1.0,64.6293983296861,44.6293983296861,20.0,nan,0.0,0,0,0,40
