episode_id,policy_freq,profile,method,filter,value,episode_length,collision,mean_speed,lane_0_time,lane_1_time,lane_2_time,total_cost,total_avoided_cost,total_reward,total_basic_reward,total_added_reward,mean_iterations_to_converge,convergence_rate,outcome_unchanged_count,outcome_naively_augmented_count,outcome_rcps_augmented_count,outcome_projection_count
0,1,right_lane,adaptive,True,0.1,40,0,21.51895734428684,1.0,1.0,38.0,0.5,5.0,61.478398401643936,42.22839840164393,19.25,18.0,0.925,0,0,37,3
1,1,right_lane,adaptive,True,0.1,40,0,21.12749644062177,1.0,7.0,32.0,3.5,10.0,59.85214088514219,41.60214088514219,18.25,18.0,0.975,0,0,39,1
2,1,right_lane,adaptive,True,0.1,40,0,20.768957345971565,0.0,0.0,40.0,0.0,0.5,61.05320089613101,41.05320089613101,20.0,18.0,0.175,0,0,7,33
3,1,right_lane,adaptive,True,0.1,40,0,21.3939566082395,0.0,0.0,40.0,0.0,8.0,62.03033057318319,42.0303305731832,20.0,18.0,0.9,0,0,36,4
4,1,right_lane,adaptive,True,0.1,40,0,21.018919754889087,0.0,1.0,39.0,0.0,1.0,61.429338546940656,41.42933854694065,20.0,18.0,0.875,0,0,35,5
5,1,right_lane,adaptive,True,0.1,40,0,23.0189509930675,1.0,1.0,38.0,0.5,1.5,64.37844046573316,44.62844046573316,19.75,18.0,0.8,0,0,32,8
6,1,right_lane,adaptive,True,0.1,40,0,21.768951743818228,1.0,1.0,38.0,0.5,6.5,62.378397039131855,42.628397039131855,19.75,18.0,0.95,0,0,38,2
7,1,right_lane,adaptive,True,0.1,40,0,20.518957345971565,0.0,1.0,39.0,0.0,9.0,60.62940545081388,40.62940545081388,20.0,18.0,1.0,0,0,40,0
8,1,right_lane,adaptive,True,0.1,40,0,21.893957345971565,1.0,1.0,38.0,0.5,2.0,62.578398404340774,42.82839840434077,19.75,18.0,0.9,0,0,36,4
9,1,right_lane,adaptive,True,0.1,40,0,21.893957345971565,1.0,6.0,33.0,3.5,2.0,61.07846110750836,42.82846110750837,18.25,18.0,0.675,0,0,27,13
10,1,right_lane,adaptive,True,0.1,40,0,22.268957345971565,0.0,0.0,40.0,0.0,0.5,63.4303317535545,43.430331753554505,20.0,18.0,0.425,0,0,17,23
11,1,right_lane,adaptive,True,0.1,40,0,21.393914055586297,1.0,1.0,38.0,0.5,4.5,61.77832791186854,42.02832791186854,19.75,18.0,0.95,0,0,38,2
12,1,right_lane,adaptive,True,0.1,40,0,21.018957345971565,1.0,1.0,38.0,0.5,15.5,61.17845854769084,41.42845854769084,19.75,18.0,0.875,0,0,35,5
13,1,right_lane,adaptive,True,0.1,40,0,22.643957345971486,0.0,0.0,40.0,0.0,2.0,64.03033175355436,44.03033175355438,20.0,18.0,0.875,0,0,35,5
14,1,right_lane,adaptive,True,0.1,40,0,21.393957345971565,0.0,0.0,40.0,0.0,6.0,62.030331753554606,42.030331753554606,20.0,18.0,0.85,0,0,34,6
15,1,right_lane,adaptive,True,0.1,40,0,21.01895659544609,1.0,1.0,38.0,0.5,4.0,61.178395975644214,41.42839597564421,19.75,18.0,0.925,0,0,37,3
16,1,right_lane,adaptive,True,0.1,40,0,21.768957345971554,1.0,1.0,38.0,0.5,8.0,62.37839944777864,42.62839944777865,19.75,18.0,0.65,0,0,26,14
17,1,right_lane,adaptive,True,0.1,40,0,23.143957345971565,1.0,1.0,38.0,0.5,8.5,64.5783991088609,44.82839910886091,19.75,18.0,0.7,0,0,28,12
18,1,right_lane,adaptive,True,0.1,19,1,24.776752099171972,0.0,0.0,19.0,0.5,0.0,31.930331595370706,22.430331595370706,9.5,18.0,0.3684210526315789,0,0,7,12
19,1,right_lane,adaptive,True,0.1,10,1,21.07582937702842,0.0,0.0,10.0,0.5,4.5,14.480331750811368,9.73033175081137,4.75,18.0,1.0,0,0,10,0
20,1,right_lane,adaptive,True,0.1,40,0,21.768957345941836,1.0,2.0,37.0,1.0,8.5,61.37804908810769,42.12804908810768,19.25,18.0,0.925,0,0,37,3
21,1,right_lane,adaptive,True,0.1,40,0,21.14395723434353,1.0,1.0,38.0,0.5,4.0,61.37839699792141,41.62839699792141,19.75,18.0,0.85,0,0,34,6
22,1,right_lane,adaptive,True,0.1,40,0,22.143628695453636,8.0,7.0,25.0,10.5,16.0,57.97445331388017,43.22445331388017,14.75,18.0,1.0,0,0,40,0
23,1,right_lane,adaptive,True,0.1,40,0,21.018957345971565,0.0,0.0,40.0,0.0,1.5,61.430788347819494,41.430788347819494,20.0,18.0,0.95,0,0,38,2
24,1,right_lane,adaptive,True,0.1,40,0,21.26895733124236,0.0,1.0,39.0,0.0,9.5,61.82939649113504,41.82939649113504,20.0,18.0,0.95,0,0,38,2
25,1,right_lane,adaptive,True,0.1,40,0,20.893957345971565,0.0,0.0,40.0,0.0,9.5,61.23033177401779,41.23033177401779,20.0,18.0,0.975,0,0,39,1
26,1,right_lane,adaptive,True,0.1,28,1,21.277081922816514,0.0,0.0,28.0,0.5,5.5,43.2303317535545,29.230331753554502,14.0,18.0,0.9285714285714286,0,0,26,2
27,1,right_lane,adaptive,True,0.1,40,0,21.12749644062177,0.0,1.0,39.0,0.0,16.0,60.85306021987104,41.10306021987105,19.75,18.0,1.0,0,0,40,0
28,1,right_lane,adaptive,True,0.1,40,0,21.893957345971565,0.0,0.0,40.0,0.0,1.0,63.02686344757135,43.02686344757134,20.0,18.0,0.775,0,0,31,9
29,1,right_lane,adaptive,True,0.1,40,0,20.893957345971565,1.0,1.0,38.0,0.5,6.5,60.97839840434078,41.22839840434077,19.75,18.0,1.0,0,0,40,0
30,1,right_lane,adaptive,True,0.1,40,0,23.518957345971565,0.0,0.0,40.0,0.0,0.0,65.4303317535545,45.430331753554505,20.0,18.0,0.75,0,0,30,10
31,1,right_lane,adaptive,True,0.1,40,0,20.518957345971565,0.0,9.0,31.0,4.0,18.0,58.62939271059105,40.62939271059104,18.0,18.0,1.0,0,0,40,0
32,1,right_lane,adaptive,True,0.1,40,0,20.268957345971565,1.0,2.0,37.0,1.0,9.5,59.901711639595575,40.401711639595575,19.5,18.0,1.0,0,0,40,0
33,1,right_lane,adaptive,True,0.1,40,0,20.518957345971565,0.0,1.0,39.0,0.0,4.5,60.629397667739944,40.629397667739944,20.0,18.0,1.0,0,0,40,0
34,1,right_lane,adaptive,True,0.1,40,0,21.7667895688869,0.0,1.0,39.0,0.0,12.0,62.62592922440636,42.62592922440636,20.0,18.0,0.9,0,0,36,4
35,1,right_lane,adaptive,True,0.1,40,0,21.393957345971565,0.0,3.0,37.0,1.5,10.5,61.28264152209658,42.03264152209658,19.25,18.0,0.925,0,0,37,3
36,1,right_lane,adaptive,True,0.1,40,0,21.752495691584983,0.0,0.0,40.0,0.0,2.0,62.60399310653599,42.60399310653599,20.0,18.0,0.95,0,0,38,2
37,1,right_lane,adaptive,True,0.1,40,0,23.268957345971494,1.0,1.0,38.0,0.5,12.0,64.97493184351472,45.22493184351472,19.75,18.0,0.9,0,0,36,4
38,1,right_lane,adaptive,True,0.1,40,0,21.268957345971565,0.0,0.0,40.0,0.0,6.0,61.830331753554596,41.83033175355459,20.0,18.0,0.925,0,0,37,3
39,1,right_lane,adaptive,True,0.1,40,0,21.76895733466685,0.0,1.0,39.0,0.0,6.5,62.629398311598564,42.62939831159856,20.0,18.0,0.925,0,0,37,3
40,1,right_lane,adaptive,True,0.1,24,1,22.32326224328594,0.0,0.0,24.0,0.5,8.0,38.030331769260144,26.030331769260144,12.0,18.0,0.875,0,0,21,3
41,1,right_lane,adaptive,True,0.1,40,0,21.393957345971565,0.0,3.0,37.0,1.5,9.0,60.52963774912759,41.52963774912758,19.0,18.0,1.0,0,0,40,0
42,1,right_lane,adaptive,True,0.1,36,1,22.79884149552396,1.0,1.0,34.0,1.0,5.5,57.5783991088609,39.8283991088609,17.75,18.0,0.8333333333333334,0,0,30,6
43,1,right_lane,adaptive,True,0.1,40,0,22.64395734428684,0.0,1.0,39.0,0.0,12.0,63.279398326990545,43.52939832699053,19.75,18.0,0.8,0,0,32,8
44,1,right_lane,adaptive,True,0.1,9,1,21.750921098254235,0.0,1.0,8.0,0.5,4.5,13.929397510678058,9.429397510678058,4.5,18.0,1.0,0,0,9,0
45,1,right_lane,adaptive,True,0.1,40,0,22.518956679580736,0.0,21.0,19.0,10.0,10.5,58.077547390294725,43.327547390294725,14.75,18.0,0.8,0,0,32,8
46,1,right_lane,adaptive,True,0.1,40,0,22.143957345971565,0.0,4.0,36.0,1.5,5.5,62.4777589230513,43.2277589230513,19.25,18.0,0.95,0,0,38,2
47,1,right_lane,adaptive,True,0.1,40,0,22.268957345971565,1.0,1.0,38.0,0.5,0.0,63.178399108860894,43.4283991088609,19.75,18.0,0.875,0,0,35,5
48,1,right_lane,adaptive,True,0.1,40,0,20.393957345971565,1.0,1.0,38.0,0.5,15.0,60.17839717648496,40.42839717648496,19.75,18.0,1.0,0,0,40,0
49,1,right_lane,adaptive,True,0.1,40,0,22.752453247386406,0.0,17.0,23.0,8.0,3.0,60.20392517225123,44.20392517225123,16.0,18.0,0.875,0,0,35,5
50,1,right_lane,adaptive,True,0.1,40,0,22.643957345971565,0.0,4.0,36.0,2.0,10.0,63.05159966507168,44.05159966507167,19.0,18.0,0.95,0,0,38,2
51,1,right_lane,adaptive,True,0.1,40,0,22.643957345971565,0.0,8.0,32.0,4.0,12.0,62.02844969429218,44.02844969429218,18.0,18.0,0.85,0,0,34,6
52,1,right_lane,adaptive,True,0.1,21,1,20.75039494470774,1.0,1.0,19.0,1.0,10.5,31.678397176484957,21.428397176484957,10.25,18.0,1.0,0,0,21,0
53,1,right_lane,adaptive,True,0.1,40,0,21.518957332731045,0.0,8.0,32.0,4.0,11.5,59.480325456307696,41.730325456307696,17.75,18.0,0.925,0,0,37,3
54,1,right_lane,adaptive,True,0.1,40,0,22.393957345971565,0.0,0.0,40.0,0.0,1.0,63.63033177194955,43.63033177194956,20.0,18.0,0.85,0,0,34,6
55,1,right_lane,adaptive,True,0.1,40,0,22.518957345971565,1.0,1.0,38.0,0.5,5.5,63.578399108860886,43.82839910886088,19.75,18.0,0.85,0,0,34,6
56,1,right_lane,adaptive,True,0.1,40,0,21.143957345945747,1.0,1.0,38.0,0.5,7.0,61.37839717644364,41.62839717644364,19.75,18.0,1.0,0,0,40,0
57,1,right_lane,adaptive,True,0.1,40,0,20.75249644062177,0.0,1.0,39.0,0.0,1.0,61.003060219217346,41.003060219217346,20.0,18.0,1.0,0,0,40,0
58,1,right_lane,adaptive,True,0.1,40,0,20.393957345971565,0.0,0.0,40.0,0.0,0.0,60.45320089613101,40.45320089613101,20.0,18.0,1.0,0,0,40,0
59,1,right_lane,adaptive,True,0.1,40,0,21.516504195735575,1.0,1.0,38.0,0.5,7.0,61.974472136107366,42.224472136107366,19.75,18.0,1.0,0,0,40,0
60,1,right_lane,adaptive,True,0.1,40,0,21.643957345971565,0.0,1.0,39.0,0.0,0.5,62.43280649231849,42.43280649231849,20.0,18.0,0.95,0,0,38,2
61,1,right_lane,adaptive,True,0.1,40,0,20.768957345971565,0.0,1.0,39.0,0.0,5.0,61.02939651471896,41.029396514718954,20.0,18.0,1.0,0,0,40,0
62,1,right_lane,adaptive,True,0.1,40,0,22.268957345971565,1.0,1.0,38.0,0.5,4.5,63.17839840434078,43.42839840434078,19.75,18.0,0.9,0,0,36,4
63,1,right_lane,adaptive,True,0.1,40,0,21.143957345971565,1.0,1.0,38.0,0.5,4.0,61.378397181179565,41.62839718117957,19.75,18.0,0.925,0,0,37,3
64,1,right_lane,adaptive,True,0.1,40,0,21.643957345971565,0.0,4.0,36.0,2.0,4.5,61.429639938752445,42.429639938752445,19.0,18.0,0.775,0,0,31,9
65,1,right_lane,adaptive,True,0.1,40,0,24.01641846286567,0.0,4.0,36.0,1.5,9.5,65.47464184666525,46.22464184666526,19.25,18.0,0.825,0,0,33,7
66,1,right_lane,adaptive,True,0.1,28,1,21.634224779959375,1.0,1.0,26.0,1.0,8.5,43.381925675684585,29.6319256756846,13.75,18.0,0.8928571428571429,0,0,25,3
67,1,right_lane,adaptive,True,0.1,40,0,21.143957345971565,0.0,1.0,39.0,0.0,3.0,60.87939766843067,41.12939766843068,19.75,18.0,1.0,0,0,40,0
68,1,right_lane,adaptive,True,0.1,40,0,25.266504197445606,0.0,14.0,26.0,6.5,6.0,64.97381773138417,48.22381773138417,16.75,18.0,0.8,0,0,32,8
69,1,right_lane,adaptive,True,0.1,40,0,20.643957345971565,1.0,1.0,38.0,0.5,1.0,60.581806564596135,40.831806564596135,19.75,18.0,1.0,0,0,40,0
70,1,right_lane,adaptive,True,0.1,40,0,20.768957345971565,1.0,1.0,38.0,0.5,17.0,60.77839910880876,41.02839910880877,19.75,18.0,0.975,0,0,39,1
71,1,right_lane,adaptive,True,0.1,40,0,22.268957345971057,1.0,1.0,38.0,0.5,3.0,63.17839910886008,43.428399108860084,19.75,18.0,0.9,0,0,36,4
72,1,right_lane,adaptive,True,0.1,40,0,21.518957344482878,0.0,1.0,39.0,0.0,5.5,62.40306021557957,42.40306021557957,20.0,18.0,0.95,0,0,38,2
73,1,right_lane,adaptive,True,0.1,40,0,20.268957345971565,0.0,0.0,40.0,0.0,17.0,60.230331755622736,40.230331755622736,20.0,18.0,1.0,0,0,40,0
74,1,right_lane,adaptive,True,0.1,40,0,22.143957345971565,1.0,1.0,38.0,0.5,0.5,62.978398404341505,43.228398404341505,19.75,18.0,0.15,0,0,6,34
75,1,right_lane,adaptive,True,0.1,40,0,20.518957345971565,1.0,1.0,38.0,0.5,16.0,60.37839840304393,40.62839840304393,19.75,18.0,0.975,0,0,39,1
76,1,right_lane,adaptive,True,0.1,40,0,20.268957345971565,0.0,0.0,40.0,0.0,7.5,60.2303317535545,40.2303317535545,20.0,18.0,1.0,0,0,40,0
77,1,right_lane,adaptive,True,0.1,40,0,22.393957345971565,0.0,4.0,36.0,2.0,5.0,62.62962286677237,43.62962286677237,19.0,18.0,0.95,0,0,38,2
78,1,right_lane,adaptive,True,0.1,40,0,21.268957345971565,0.0,1.0,39.0,0.0,3.5,61.82939766774115,41.82939766774114,20.0,18.0,0.825,0,0,33,7
79,1,right_lane,adaptive,True,0.1,40,0,21.018957345749705,1.0,1.0,38.0,0.5,7.0,61.17839840398453,41.42839840398452,19.75,18.0,0.65,0,0,26,14
80,1,right_lane,adaptive,True,0.1,40,0,24.143950896143306,0.0,1.0,39.0,0.5,11.5,66.18032143410281,46.430321434102815,19.75,18.0,0.65,0,0,26,14
81,1,right_lane,adaptive,True,0.1,40,0,21.766466606367043,0.0,1.0,39.0,0.0,2.5,62.625422107067926,42.62542210706792,20.0,18.0,0.975,0,0,39,1
82,1,right_lane,adaptive,True,0.1,40,0,21.268957345971565,0.0,0.0,40.0,0.0,3.0,61.83379213911206,41.83379213911206,20.0,18.0,0.875,0,0,35,5
83,1,right_lane,adaptive,True,0.1,40,0,22.391789654732086,1.0,1.0,38.0,0.5,11.0,63.374930802877735,43.62493080287773,19.75,18.0,0.9,0,0,36,4
84,1,right_lane,adaptive,True,0.1,40,0,22.643957345971565,0.0,0.0,40.0,0.0,1.0,64.03334332788558,44.03334332788558,20.0,18.0,0.85,0,0,34,6
85,1,right_lane,adaptive,True,0.1,40,0,20.893957345971565,0.0,0.0,40.0,0.0,7.0,61.2303317535545,41.2303317535545,20.0,18.0,1.0,0,0,40,0
86,1,right_lane,adaptive,True,0.1,40,0,21.393957345971554,0.0,0.0,40.0,0.0,7.5,62.030331753554485,42.03033175355448,20.0,18.0,1.0,0,0,40,0
87,1,right_lane,adaptive,True,0.1,40,0,21.018957345971565,1.0,1.0,38.0,0.5,1.5,61.178398403043936,41.42839840304394,19.75,18.0,0.575,0,0,23,17
88,1,right_lane,adaptive,True,0.1,40,0,22.893671888689,0.0,1.0,39.0,0.0,3.5,64.42893978304966,44.42893978304965,20.0,18.0,0.8,0,0,32,8
89,1,right_lane,adaptive,True,0.1,40,0,20.8939573329563,1.0,1.0,38.0,0.5,12.0,60.97879374158068,41.22879374158068,19.75,18.0,0.95,0,0,38,2
90,1,right_lane,adaptive,True,0.1,40,0,20.393957345971565,0.0,4.0,36.0,1.5,15.0,59.67805542566948,40.42805542566947,19.25,18.0,1.0,0,0,40,0
91,1,right_lane,adaptive,True,0.1,40,0,22.143957345971565,0.0,0.0,40.0,0.0,7.0,63.230331753554516,43.23033175355451,20.0,18.0,0.9,0,0,36,4
92,1,right_lane,adaptive,True,0.1,40,0,20.768957345971565,1.0,1.0,38.0,0.5,6.0,60.77839910880876,41.02839910880877,19.75,18.0,0.95,0,0,38,2
93,1,right_lane,adaptive,True,0.1,40,0,20.518957345971565,0.0,0.0,40.0,0.0,19.0,60.6303317535545,40.63033175355451,20.0,18.0,1.0,0,0,40,0
94,1,right_lane,adaptive,True,0.1,40,0,21.518957345971565,0.0,0.0,40.0,0.0,17.0,62.23033175355451,42.2303317535545,20.0,18.0,0.95,0,0,38,2
95,1,right_lane,adaptive,True,0.1,40,0,21.768957345971565,0.0,1.0,39.0,0.0,2.5,62.62939766843071,42.62939766843073,20.0,18.0,0.85,0,0,34,6
96,1,right_lane,adaptive,True,0.1,40,0,21.268957345967657,1.0,1.0,38.0,0.5,2.0,61.57839910880253,41.82839910880251,19.75,18.0,1.0,0,0,40,0
97,1,right_lane,adaptive,True,0.1,40,0,23.643957345971565,0.0,1.0,39.0,0.0,6.0,65.62939766774726,45.629397667747256,20.0,18.0,0.75,0,0,30,10
98,1,right_lane,adaptive,True,0.1,40,0,22.018957345971565,0.0,1.0,39.0,0.0,6.0,63.02939766774115,43.029397667741144,20.0,18.0,0.9,0,0,36,4
99,1,right_lane,adaptive,True,0.1,39,1,21.814315226637497,1.0,1.0,37.0,1.0,8.5,60.87839840507329,41.6283984050733,19.25,18.0,0.6923076923076923,0,0,27,12
100,1,right_lane,adaptive,True,0.1,40,0,23.143957345971565,1.0,1.0,38.0,0.5,1.0,63.8283984043415,44.3283984043415,19.5,18.0,0.85,0,0,34,6
101,1,right_lane,adaptive,True,0.1,40,0,21.393957345967653,1.0,1.0,38.0,0.5,2.0,61.778398405066994,42.028398405067,19.75,18.0,0.95,0,0,38,2
102,1,right_lane,adaptive,True,0.1,40,0,21.768957345971565,0.0,4.0,36.0,2.0,4.0,61.80330264262909,42.80330264262909,19.0,18.0,0.725,0,0,29,11
103,1,right_lane,adaptive,True,0.1,40,0,21.893957345971565,1.0,1.0,38.0,0.5,5.5,62.5783991088088,42.82839910880881,19.75,18.0,0.925,0,0,37,3
104,1,right_lane,adaptive,True,0.1,40,0,20.518957345971565,0.0,1.0,39.0,0.0,5.5,60.629397666520454,40.629397666520454,20.0,18.0,1.0,0,0,40,0
105,1,right_lane,adaptive,True,0.1,3,1,25.0,1.0,1.0,1.0,1.0,1.5,4.648067887473768,3.3980678874737684,1.25,18.0,1.0,0,0,3,0
106,1,right_lane,adaptive,True,0.1,40,0,21.268957345971565,0.0,0.0,40.0,0.0,2.0,61.0803317535545,41.33033175355451,19.75,18.0,0.95,0,0,38,2
107,1,right_lane,adaptive,True,0.1,40,0,20.893957345971565,1.0,1.0,38.0,0.5,8.5,60.97839840434078,41.22839840434077,19.75,18.0,0.75,0,0,30,10
108,1,right_lane,adaptive,True,0.1,40,0,21.768957345971053,1.0,1.0,38.0,0.5,3.5,62.378398404339954,42.62839840433996,19.75,18.0,0.675,0,0,27,13
109,1,right_lane,adaptive,True,0.1,40,0,22.643957345971565,0.0,1.0,39.0,0.0,3.0,64.02939832968683,44.029398329686835,20.0,18.0,0.9,0,0,36,4
110,1,right_lane,adaptive,True,0.1,40,0,20.643957345971565,1.0,5.0,34.0,2.5,13.5,59.577046477695845,40.827046477695845,18.75,18.0,1.0,0,0,40,0
111,1,right_lane,adaptive,True,0.1,40,0,21.518957345971565,2.0,5.0,33.0,3.5,2.5,60.47706648037412,42.22706648037412,18.25,18.0,1.0,0,0,40,0
112,1,right_lane,adaptive,True,0.1,40,0,22.64395734596713,1.0,5.0,34.0,2.5,8.0,62.77768857234808,44.0276885723481,18.75,18.0,0.875,0,0,35,5
113,1,right_lane,adaptive,True,0.1,40,0,21.893957345971565,0.0,1.0,39.0,0.0,13.0,62.829396514725126,42.829396514725126,20.0,18.0,0.9,0,0,36,4
114,1,right_lane,adaptive,True,0.1,40,0,20.518957345971565,0.0,1.0,39.0,0.0,11.0,60.629397667739944,40.629397667739944,20.0,18.0,1.0,0,0,40,0
115,1,right_lane,adaptive,True,0.1,40,0,21.768957345971565,1.0,1.0,38.0,0.5,5.0,62.37839910886089,42.6283991088609,19.75,18.0,0.95,0,0,38,2
116,1,right_lane,adaptive,True,0.1,40,0,21.518908354794824,0.0,4.0,36.0,2.0,12.0,61.229544758844,42.229544758844,19.0,18.0,1.0,0,0,40,0
117,1,right_lane,adaptive,True,0.1,40,0,22.143957345971494,1.0,2.0,37.0,1.0,8.0,62.72811716174791,43.2281171617479,19.5,18.0,0.9,0,0,36,4
118,1,right_lane,adaptive,True,0.1,9,1,21.19536592423284,0.0,1.0,8.0,0.5,4.5,13.729396493871175,9.229396493871175,4.5,18.0,1.0,0,0,9,0
119,1,right_lane,adaptive,True,0.1,40,0,22.018957345971565,0.0,0.0,40.0,0.0,10.5,62.2803317535545,42.530331753554506,19.75,18.0,0.925,0,0,37,3
120,1,right_lane,adaptive,True,0.1,40,0,22.268957345971565,0.0,0.0,40.0,0.0,1.0,63.430331753554505,43.43033175355449,20.0,18.0,0.875,0,0,35,5
121,1,right_lane,adaptive,True,0.1,40,0,21.768957345971565,1.0,1.0,38.0,0.5,4.5,62.3783991088609,42.6283991088609,19.75,18.0,0.925,0,0,37,3
122,1,right_lane,adaptive,True,0.1,40,0,21.268957345971565,0.0,0.0,40.0,0.0,0.0,61.8303317535545,41.830331753554496,20.0,18.0,0.475,0,0,19,21
123,1,right_lane,adaptive,True,0.1,40,0,20.393957345971565,1.0,1.0,38.0,0.5,18.0,60.17839717648496,40.42839717648496,19.75,18.0,1.0,0,0,40,0
124,1,right_lane,adaptive,True,0.1,40,0,22.518957345968165,2.0,15.0,23.0,8.5,15.5,59.57451933896917,43.824519338969175,15.75,18.0,0.975,0,0,39,1
125,1,right_lane,adaptive,True,0.1,40,0,22.002496438936525,0.0,0.0,40.0,0.0,4.5,63.00399430230315,43.003994302303155,20.0,18.0,0.925,0,0,37,3
126,1,right_lane,adaptive,True,0.1,40,0,21.018957344257622,0.0,0.0,40.0,0.0,3.5,61.453200895730006,41.45320089573,20.0,18.0,1.0,0,0,40,0
127,1,right_lane,adaptive,True,0.1,40,0,21.018957345971565,0.0,1.0,39.0,0.0,18.0,61.42939833206728,41.42939833206728,20.0,18.0,0.95,0,0,38,2
128,1,right_lane,adaptive,True,0.1,17,1,24.750487838206908,1.0,1.0,15.0,1.0,3.0,28.278399085287095,20.028399085287095,8.25,18.0,0.8235294117647058,0,0,14,3
129,1,right_lane,adaptive,True,0.1,40,0,23.76895734594235,0.0,1.0,39.0,0.0,12.0,65.07939832963936,45.329398329639346,19.75,18.0,0.775,0,0,31,9
130,1,right_lane,adaptive,True,0.1,40,0,21.518957345971565,0.0,0.0,40.0,0.0,9.5,62.23033175359509,42.230331753595095,20.0,18.0,0.75,0,0,30,10
131,1,right_lane,adaptive,True,0.1,40,0,21.768957345971565,0.0,1.0,39.0,0.0,0.5,62.62939832968611,42.6293983296861,20.0,18.0,0.9,0,0,36,4
132,1,right_lane,adaptive,True,0.1,40,0,21.250043292099726,0.0,1.0,39.0,0.0,14.5,61.799135182235744,41.79913518223574,20.0,18.0,0.8,0,0,32,8
133,1,right_lane,adaptive,True,0.1,40,0,21.018957345971554,0.0,1.0,39.0,0.0,2.5,61.455674969348124,41.455674969348124,20.0,18.0,0.95,0,0,38,2
134,1,right_lane,adaptive,True,0.1,40,0,20.393957345971565,0.0,0.0,40.0,0.0,20.0,60.43033175355452,40.43033175355452,20.0,18.0,1.0,0,0,40,0
135,1,right_lane,adaptive,True,0.1,40,0,21.518957345971565,0.0,0.0,40.0,0.0,15.5,62.2303317535545,42.230331753554495,20.0,18.0,0.925,0,0,37,3
136,1,right_lane,adaptive,True,0.1,40,0,20.768957345971565,0.0,1.0,39.0,0.0,0.5,61.02939766774115,41.02939766774115,20.0,18.0,1.0,0,0,40,0
137,1,right_lane,adaptive,True,0.1,40,0,21.893957345971565,11.0,6.0,23.0,13.5,7.0,56.07868905663987,42.82868905663987,13.25,18.0,1.0,0,0,40,0
138,1,right_lane,adaptive,True,0.1,40,0,21.143957345971565,0.0,1.0,39.0,0.0,1.0,61.62939766774183,41.62939766774183,20.0,18.0,0.925,0,0,37,3
139,1,right_lane,adaptive,True,0.1,40,0,21.893957345971565,1.0,5.0,34.0,2.5,2.5,61.57844809422429,42.8284480942243,18.75,18.0,0.9,0,0,36,4
140,1,right_lane,adaptive,True,0.1,18,1,20.875460768825693,0.0,1.0,17.0,0.5,9.0,27.429397666520444,18.429397666520444,9.0,18.0,1.0,0,0,18,0
141,1,right_lane,adaptive,True,0.1,40,0,22.768634297606514,0.0,1.0,39.0,0.0,1.5,63.47888145230203,43.72888145230203,19.75,18.0,0.85,0,0,34,6
142,1,right_lane,adaptive,True,0.1,40,0,21.643957345774943,0.0,5.0,35.0,2.0,12.0,61.42944207487695,42.429442074876945,19.0,18.0,0.95,0,0,38,2
143,1,right_lane,adaptive,True,0.1,40,0,21.231377104427974,0.0,1.0,39.0,0.0,3.0,61.76926928032389,41.76926928032387,20.0,18.0,0.925,0,0,37,3
144,1,right_lane,adaptive,True,0.1,40,0,21.143957345971565,0.0,0.0,40.0,0.0,13.5,61.85620455003645,41.85620455003646,20.0,18.0,0.95,0,0,38,2
145,1,right_lane,adaptive,True,0.1,40,0,23.85604835504177,1.0,7.0,32.0,3.5,8.5,64.21446583364161,45.964465833641604,18.25,18.0,0.85,0,0,34,6
146,1,right_lane,adaptive,True,0.1,40,0,21.143919754885687,0.0,1.0,39.0,0.0,1.0,62.02932960036173,42.029329600361734,20.0,18.0,0.95,0,0,38,2
147,1,right_lane,adaptive,True,0.1,37,1,21.371845779428718,0.0,1.0,36.0,0.5,3.0,57.329449893052235,38.82944989305223,18.5,18.0,0.2972972972972973,0,0,11,26
148,1,right_lane,adaptive,True,0.1,40,0,21.356091647145412,0.0,18.0,22.0,8.5,14.0,56.968809924860864,41.46880992486087,15.5,18.0,0.9,0,0,36,4
149,1,right_lane,adaptive,True,0.1,40,0,22.143957345971565,0.0,0.0,40.0,0.0,7.5,63.4566011359566,43.4566011359566,20.0,18.0,0.9,0,0,36,4
150,1,right_lane,adaptive,True,0.1,40,0,20.518957345971565,0.0,0.0,40.0,0.0,17.0,60.6303317535545,40.63033175355451,20.0,18.0,1.0,0,0,40,0
151,1,right_lane,adaptive,True,0.1,40,0,23.518957345971565,0.0,0.0,40.0,0.0,11.5,65.43033175355451,45.43033175355451,20.0,18.0,0.825,0,0,33,7
152,1,right_lane,adaptive,True,0.1,40,0,23.01895724691508,2.0,6.0,32.0,4.0,11.5,62.627447388121226,44.627447388121226,18.0,18.0,0.875,0,0,35,5
153,1,right_lane,adaptive,True,0.1,40,0,20.768957345971565,0.0,7.0,33.0,3.5,7.0,59.28033189117372,41.03033189117372,18.25,18.0,0.975,0,0,39,1
154,1,right_lane,adaptive,True,0.1,40,0,22.518957345971565,4.0,3.0,33.0,4.5,1.5,61.57704529808177,43.82704529808178,17.75,18.0,0.95,0,0,38,2
155,1,right_lane,adaptive,True,0.1,40,0,22.518957345971565,0.0,0.0,40.0,0.0,15.0,63.8303317535545,43.8303317535545,20.0,18.0,0.85,0,0,34,6
156,1,right_lane,adaptive,True,0.1,40,0,20.268957345971565,0.0,1.0,39.0,0.0,15.5,60.22939651470176,40.22939651470176,20.0,18.0,1.0,0,0,40,0
157,1,right_lane,adaptive,True,0.1,40,0,22.127496439133086,0.0,1.0,39.0,0.0,12.0,63.203060216799564,43.20306021679957,20.0,18.0,0.875,0,0,35,5
158,1,right_lane,adaptive,True,0.1,40,0,21.143957345971565,0.0,0.0,40.0,0.0,1.0,61.653200898199245,41.653200898199245,20.0,18.0,0.875,0,0,35,5
159,1,right_lane,adaptive,True,0.1,40,0,20.893957345971565,1.0,1.0,38.0,0.5,2.5,60.97839840434078,41.22839840434077,19.75,18.0,1.0,0,0,40,0
160,1,right_lane,adaptive,True,0.1,40,0,22.643957345971565,1.0,1.0,38.0,0.5,3.0,63.778399108860896,44.028399108860896,19.75,18.0,0.85,0,0,34,6
161,1,right_lane,adaptive,True,0.1,40,0,22.000000013019175,1.0,1.0,38.0,0.5,1.0,62.74806544376114,42.99806544376115,19.75,18.0,0.875,0,0,35,5
162,1,right_lane,adaptive,True,0.1,40,0,21.518957345971565,0.0,0.0,40.0,0.0,9.5,62.43033173546695,42.43033173546696,20.0,18.0,0.725,0,0,29,11
163,1,right_lane,adaptive,True,0.1,40,0,21.393957345971565,0.0,0.0,40.0,0.0,8.0,62.030331753554485,42.030331753554506,20.0,18.0,0.95,0,0,38,2
164,1,right_lane,adaptive,True,0.1,40,0,21.893957345971565,1.0,7.0,32.0,3.5,3.0,61.25210833597523,43.00210833597523,18.25,18.0,1.0,0,0,40,0
165,1,right_lane,adaptive,True,0.1,40,0,21.0189197534004,0.0,0.0,40.0,0.0,5.0,61.43027160544065,41.43027160544065,20.0,18.0,0.75,0,0,30,10
166,1,right_lane,adaptive,True,0.1,40,0,20.393957345971565,0.0,1.0,39.0,0.0,3.5,60.42944989389503,40.42944989389503,20.0,18.0,1.0,0,0,40,0
167,1,right_lane,adaptive,True,0.1,40,0,21.26895239570556,0.0,0.0,40.0,0.0,0.0,62.00398638456922,42.003986384569224,20.0,18.0,0.55,0,0,22,18
168,1,right_lane,adaptive,True,0.1,32,1,23.304946682464454,0.0,0.0,32.0,0.5,4.0,52.0303386309611,36.030338630961104,16.0,18.0,0.84375,0,0,27,5
169,1,right_lane,adaptive,True,0.1,40,0,21.268957345971565,0.0,0.0,40.0,0.0,3.5,61.08033175355452,41.33033175355451,19.75,18.0,0.875,0,0,35,5
170,1,right_lane,adaptive,True,0.1,40,0,21.643957345971565,0.0,0.0,40.0,0.0,2.0,62.4303317535545,42.430331753554505,20.0,18.0,0.825,0,0,33,7
171,1,right_lane,adaptive,True,0.1,40,0,21.62749644062177,1.0,5.0,34.0,3.5,12.0,60.90306021100864,42.40306021100864,18.5,18.0,0.925,0,0,37,3
172,1,right_lane,adaptive,True,0.1,40,0,21.518957345971565,0.0,1.0,39.0,0.0,4.5,62.34959191319334,42.59959191319335,19.75,18.0,0.95,0,0,38,2
173,1,right_lane,adaptive,True,0.1,40,0,23.01895733298212,0.0,8.0,32.0,3.5,3.0,62.87846479534181,44.62846479534181,18.25,18.0,0.875,0,0,35,5
174,1,right_lane,adaptive,True,0.1,40,0,21.893957345971565,0.0,0.0,40.0,0.0,0.0,62.83033177160074,42.830331771600754,20.0,18.0,0.9,0,0,36,4
175,1,right_lane,adaptive,True,0.1,40,0,23.76891480462308,0.0,1.0,39.0,0.0,2.5,65.82932960158425,45.82932960158425,20.0,18.0,0.725,0,0,29,11
176,1,right_lane,adaptive,True,0.1,40,0,22.750328749382284,1.0,1.0,38.0,0.5,0.5,63.94865175324341,44.1986517532434,19.75,18.0,0.625,0,0,25,15
177,1,right_lane,adaptive,True,0.1,40,0,21.393957345971565,0.0,1.0,39.0,0.0,4.0,62.40260348752939,42.40260348752938,20.0,18.0,0.925,0,0,37,3
178,1,right_lane,adaptive,True,0.1,40,0,21.518957345971565,0.0,4.0,36.0,1.5,7.5,61.47824576791041,42.22824576791042,19.25,18.0,1.0,0,0,40,0
179,1,right_lane,adaptive,True,0.1,25,1,21.6303317535545,0.0,1.0,24.0,0.5,10.5,38.92939766774183,26.429397667741824,12.5,18.0,0.88,0,0,22,3
180,1,right_lane,adaptive,True,0.1,18,1,20.875460768825693,1.0,1.0,16.0,1.0,7.0,26.428397176484957,17.928397176484957,8.5,18.0,1.0,0,0,18,0
181,1,right_lane,adaptive,True,0.1,40,0,20.393957345971565,0.0,1.0,39.0,0.0,20.5,59.679397666520444,39.929397666520444,19.75,18.0,1.0,0,0,40,0
182,1,right_lane,adaptive,True,0.1,40,0,22.143957345971558,1.0,1.0,38.0,0.5,2.5,62.97839910886088,43.22839910886086,19.75,18.0,0.9,0,0,36,4
183,1,right_lane,adaptive,True,0.1,40,0,21.268957345971565,0.0,0.0,40.0,0.0,11.0,61.83033175355452,41.83033175355451,20.0,18.0,0.975,0,0,39,1
184,1,right_lane,adaptive,True,0.1,40,0,21.018957345971565,0.0,1.0,39.0,0.0,7.5,61.42939651471897,41.42939651471897,20.0,18.0,0.45,0,0,18,22
185,1,right_lane,adaptive,True,0.1,40,1,21.518957345971565,1.0,1.0,38.0,1.0,12.5,61.978398404340766,42.22839840434077,19.75,18.0,0.825,0,0,33,7
186,1,right_lane,adaptive,True,0.1,40,0,20.393957345971565,0.0,0.0,40.0,0.0,2.0,59.680331753554505,39.930331753554505,19.75,18.0,1.0,0,0,40,0
187,1,right_lane,adaptive,True,0.1,40,0,20.768957345971565,1.0,1.0,38.0,0.5,7.5,60.778397176485036,41.02839717648503,19.75,18.0,1.0,0,0,40,0
188,1,right_lane,adaptive,True,0.1,40,0,21.393957345971565,0.0,1.0,39.0,0.0,6.0,62.02939766774115,42.02939766774115,20.0,18.0,0.875,0,0,35,5
189,1,right_lane,adaptive,True,0.1,40,0,20.643957345971565,0.0,0.0,40.0,0.0,6.5,60.8303317535545,40.8303317535545,20.0,18.0,1.0,0,0,40,0
190,1,right_lane,adaptive,True,0.1,40,0,21.518957345971565,1.0,4.0,35.0,2.0,5.0,61.22770413384559,42.227704133845585,19.0,18.0,0.975,0,0,39,1
191,1,right_lane,adaptive,True,0.1,40,0,21.768957344031914,1.0,4.0,35.0,2.0,11.0,61.62770439681052,42.627704396810515,19.0,18.0,1.0,0,0,40,0
192,1,right_lane,adaptive,True,0.1,40,0,21.393957345971565,0.0,1.0,39.0,0.0,5.5,62.0293976704359,42.029397670435905,20.0,18.0,0.875,0,0,35,5
193,1,right_lane,adaptive,True,0.1,40,0,21.393957345971565,0.0,1.0,39.0,0.0,2.0,62.0293983296861,42.029398329686096,20.0,18.0,0.95,0,0,38,2
194,1,right_lane,adaptive,True,0.1,30,1,22.35860979462875,0.0,5.0,25.0,2.0,2.0,46.62774009368623,32.62774009368624,14.0,18.0,0.5,0,0,15,15
195,1,right_lane,adaptive,True,0.1,40,0,21.893957345971565,0.0,7.0,33.0,3.5,10.5,60.57956472557349,42.32956472557349,18.25,18.0,0.925,0,0,37,3
196,1,right_lane,adaptive,True,0.1,40,0,22.768957344482818,0.0,1.0,39.0,0.0,8.5,64.22939832730411,44.22939832730412,20.0,18.0,0.675,0,0,27,13
197,1,right_lane,adaptive,True,0.1,40,0,21.018957345971565,1.0,1.0,38.0,0.5,1.0,61.1783991109292,41.428399110929206,19.75,18.0,0.975,0,0,39,1
198,1,right_lane,adaptive,True,0.1,40,0,21.268957345971565,0.0,1.0,39.0,0.0,8.0,61.82939832968611,41.8293983296861,20.0,18.0,1.0,0,0,40,0
199,1,right_lane,adaptive,True,0.1,40,0,23.768957345971565,8.0,4.0,28.0,9.0,2.0,61.3258723373107,45.8258723373107,15.5,18.0,0.925,0,0,37,3
200,1,right_lane,adaptive,True,0.1,40,0,20.268957345971565,0.0,0.0,40.0,0.0,14.0,60.2303317535545,40.2303317535545,20.0,18.0,1.0,0,0,40,0
201,1,right_lane,adaptive,True,0.1,40,0,20.768957345971565,1.0,1.0,38.0,0.5,7.0,60.778398404339505,41.0283984043395,19.75,18.0,0.575,0,0,23,17
202,1,right_lane,adaptive,True,0.1,40,0,22.143957345971565,0.0,0.0,40.0,0.0,15.0,63.230331753554495,43.2303317535545,20.0,18.0,0.875,0,0,35,5
203,1,right_lane,adaptive,True,0.1,40,0,20.518957344286836,0.0,1.0,39.0,0.0,4.5,60.629396512006196,40.629396512006196,20.0,18.0,0.4,0,0,16,24
204,1,right_lane,adaptive,True,0.1,40,0,23.643957260100045,0.0,0.0,40.0,0.0,2.0,65.63033161850066,45.630331618500676,20.0,18.0,0.825,0,0,33,7
205,1,right_lane,adaptive,True,0.1,40,0,20.393957345971565,1.0,33.0,6.0,17.0,5.0,52.17839609724986,40.42839609724986,11.75,18.0,1.0,0,0,40,0
206,1,right_lane,adaptive,True,0.1,40,0,21.26859175625804,0.0,1.0,39.0,0.0,2.0,61.57881272419951,41.82881272419951,19.75,18.0,0.225,0,0,9,31
207,1,right_lane,adaptive,True,0.1,40,0,23.143957345971565,1.0,1.0,38.0,0.5,10.0,64.57890631901275,44.82890631901275,19.75,18.0,0.875,0,0,35,5
208,1,right_lane,adaptive,True,0.1,40,0,20.393957345971565,0.0,0.0,40.0,0.0,3.5,60.430331753554505,40.430331753554505,20.0,18.0,1.0,0,0,40,0
209,1,right_lane,adaptive,True,0.1,40,0,21.89395174381868,1.0,1.0,38.0,0.5,1.0,62.57838944089488,42.82838944089488,19.75,18.0,0.925,0,0,37,3
210,1,right_lane,adaptive,True,0.1,40,0,20.393957345971565,1.0,1.0,38.0,0.5,1.5,60.17840495955827,40.42840495955827,19.75,18.0,1.0,0,0,40,0
211,1,right_lane,adaptive,True,0.1,22,1,21.398104265402846,1.0,21.0,0.0,11.5,10.5,28.7793983296366,23.0293983296366,5.75,18.0,1.0,0,0,22,0
212,1,right_lane,adaptive,True,0.1,40,0,21.268957345971565,0.0,0.0,40.0,0.0,1.0,60.8303317535545,41.33033175355451,19.5,18.0,0.95,0,0,38,2
213,1,right_lane,adaptive,True,0.1,40,0,21.018957345971565,0.0,0.0,40.0,0.0,11.0,61.4303317535545,41.430331753554505,20.0,18.0,0.975,0,0,39,1
214,1,right_lane,adaptive,True,0.1,40,0,23.143909103635565,0.0,1.0,39.0,0.0,3.5,64.82932114194853,44.82932114194851,20.0,18.0,0.8,0,0,32,8
215,1,right_lane,adaptive,True,0.1,40,0,21.393957345971565,1.0,4.0,35.0,2.0,2.0,61.026649534205504,42.0266495342055,19.0,18.0,0.95,0,0,38,2
216,1,right_lane,adaptive,True,0.1,40,0,20.393957345971565,1.0,1.0,38.0,0.5,3.0,60.17839717648496,40.42839717648496,19.75,18.0,0.75,0,0,30,10
217,1,right_lane,adaptive,True,0.1,40,0,20.268957345971565,0.0,0.0,40.0,0.0,2.5,60.2303317535545,40.2303317535545,20.0,18.0,0.275,0,0,11,29
218,1,right_lane,adaptive,True,0.1,40,0,21.76895668109524,1.0,1.0,38.0,0.5,1.5,62.37839734053865,42.62839734053866,19.75,18.0,1.0,0,0,40,0
219,1,right_lane,adaptive,True,0.1,40,0,21.018957345971565,0.0,0.0,40.0,0.0,5.0,61.43033267726745,41.43033267726746,20.0,18.0,0.55,0,0,22,18
220,1,right_lane,adaptive,True,0.1,40,0,21.768957345967713,1.0,1.0,38.0,0.5,4.0,62.37839840433461,42.62839840433462,19.75,18.0,0.925,0,0,37,3
221,1,right_lane,adaptive,True,0.1,40,0,23.393957345941327,0.0,3.0,37.0,1.5,6.0,64.47963748345994,45.22963748345994,19.25,18.0,0.875,0,0,35,5
222,1,right_lane,adaptive,True,0.1,40,0,22.643919669043452,0.0,0.0,40.0,0.0,7.5,64.03027147051152,44.030271470511536,20.0,18.0,0.9,0,0,36,4
223,1,right_lane,adaptive,True,0.1,40,0,23.018957345971565,3.0,5.0,32.0,5.0,11.5,62.128238414749404,44.6282384147494,17.5,18.0,0.95,0,0,38,2
224,1,right_lane,adaptive,True,0.1,40,0,20.518957345971565,0.0,1.0,39.0,0.0,4.0,60.629397666520454,40.62939766652045,20.0,18.0,1.0,0,0,40,0
225,1,right_lane,adaptive,True,0.1,40,0,21.643957345971565,0.0,1.0,39.0,0.0,0.5,62.42939832968611,42.4293983296861,20.0,18.0,0.925,0,0,37,3
226,1,right_lane,adaptive,True,0.1,40,0,21.268957345971565,0.0,0.0,40.0,0.0,2.5,61.8303317535545,41.83033175355451,20.0,18.0,0.975,0,0,39,1
227,1,right_lane,adaptive,True,0.1,40,0,23.26646165610096,0.0,3.0,37.0,1.5,2.0,64.27445155157943,45.024451551579425,19.25,18.0,0.85,0,0,34,6
228,1,right_lane,adaptive,True,0.1,40,0,20.768957345971565,0.0,1.0,39.0,0.0,4.0,61.032864930705415,41.03286493070541,20.0,18.0,0.85,0,0,34,6
229,1,right_lane,adaptive,True,0.1,40,0,21.018957345971565,0.0,0.0,40.0,0.0,0.5,61.43033175355449,41.43033175355449,20.0,18.0,0.95,0,0,38,2
230,1,right_lane,adaptive,True,0.1,40,0,22.268957345971565,0.0,5.0,35.0,2.0,6.5,62.42868905737906,43.42868905737907,19.0,18.0,0.875,0,0,35,5
231,1,right_lane,adaptive,True,0.1,40,0,21.518957345971565,0.0,1.0,39.0,0.0,0.5,62.229398329686106,42.229398329686106,20.0,18.0,0.95,0,0,38,2
232,1,right_lane,adaptive,True,0.1,40,0,20.393957345971565,0.0,1.0,39.0,0.0,5.0,60.429397666520444,40.429397666520444,20.0,18.0,1.0,0,0,40,0
233,1,right_lane,adaptive,True,0.1,40,0,21.106414695510452,1.0,4.0,35.0,2.0,17.0,60.56763631495805,41.56763631495805,19.0,18.0,1.0,0,0,40,0
234,1,right_lane,adaptive,True,0.1,40,0,20.393957345971565,1.0,1.0,38.0,0.5,20.5,60.40421732533506,40.654217325335054,19.75,18.0,1.0,0,0,40,0
235,1,right_lane,adaptive,True,0.1,40,0,22.768957345971565,1.0,1.0,38.0,0.5,5.0,63.9783991088609,44.22839910886089,19.75,18.0,0.425,0,0,17,23
236,1,right_lane,adaptive,True,0.1,40,0,21.268957345971565,0.0,0.0,40.0,0.0,6.5,61.8303317535545,41.83033175355451,20.0,18.0,0.9,0,0,36,4
237,1,right_lane,adaptive,True,0.1,40,0,20.393957345971565,1.0,1.0,38.0,0.5,3.5,60.17839717648496,40.42839717648496,19.75,18.0,0.4,0,0,16,24
238,1,right_lane,adaptive,True,0.1,40,0,22.01678965473164,1.0,3.0,36.0,1.5,8.0,62.27337053023726,43.02337053023725,19.25,18.0,0.95,0,0,38,2
239,1,right_lane,adaptive,True,0.1,40,0,22.768957345971565,0.0,1.0,39.0,0.0,12.0,64.23240990401779,44.232409904017786,20.0,18.0,0.725,0,0,29,11
240,1,right_lane,adaptive,True,0.1,40,0,21.76895734597155,0.0,3.0,37.0,1.5,5.5,61.879637749127674,42.62963774912767,19.25,18.0,1.0,0,0,40,0
241,1,right_lane,adaptive,True,0.1,40,0,22.893951657973492,0.0,0.0,40.0,0.0,0.0,64.4303226527576,44.43032265275761,20.0,18.0,0.675,0,0,27,13
242,1,right_lane,adaptive,True,0.1,40,0,22.141132170701137,0.0,5.0,35.0,2.0,9.0,62.22417668081927,43.22417668081927,19.0,18.0,0.925,0,0,37,3
243,1,right_lane,adaptive,True,0.1,40,0,22.143957345971565,0.0,0.0,40.0,0.0,0.5,63.23425677072033,43.234256770720336,20.0,18.0,0.775,0,0,31,9
244,1,right_lane,adaptive,True,0.1,40,0,21.518957345971565,1.0,1.0,38.0,0.5,9.0,61.97839717648496,42.228397176484954,19.75,18.0,0.925,0,0,37,3
245,1,right_lane,adaptive,True,0.1,40,0,23.143957345971565,1.0,1.0,38.0,0.5,1.0,64.57839840304875,44.828398403048745,19.75,18.0,0.825,0,0,33,7
246,1,right_lane,adaptive,True,0.1,40,0,20.893957331493432,1.0,1.0,38.0,0.5,2.5,60.97839715331995,41.22839715331995,19.75,18.0,0.925,0,0,37,3
247,1,right_lane,adaptive,True,0.1,40,0,21.518957345971565,0.0,0.0,40.0,0.0,0.0,62.23033177366898,42.230331773668986,20.0,18.0,0.75,0,0,30,10
248,1,right_lane,adaptive,True,0.1,40,0,21.25249644062177,1.0,9.0,30.0,5.0,9.5,59.552060955779815,41.80206095577982,17.75,18.0,0.95,0,0,38,2
249,1,right_lane,adaptive,True,0.1,40,0,23.643622897512255,0.0,5.0,35.0,2.5,10.5,64.49731270155802,45.997312701558016,18.5,18.0,0.9,0,0,36,4
250,1,right_lane,adaptive,True,0.1,40,0,20.643957345971565,0.0,0.0,40.0,0.0,3.5,60.83079640293665,40.830796402936656,20.0,18.0,1.0,0,0,40,0
251,1,right_lane,adaptive,True,0.1,40,0,20.518957345971565,0.0,0.0,40.0,0.0,6.5,60.6303317535545,40.63033175355451,20.0,18.0,1.0,0,0,40,0
252,1,right_lane,adaptive,True,0.1,40,0,20.393957345971558,0.0,1.0,39.0,0.0,10.0,60.42939651470176,40.42939651470176,20.0,18.0,1.0,0,0,40,0
253,1,right_lane,adaptive,True,0.1,40,0,21.393957345971494,1.0,1.0,38.0,0.5,6.0,61.77839840304383,42.02839840304382,19.75,18.0,1.0,0,0,40,0
254,1,right_lane,adaptive,True,0.1,40,0,22.518957345716643,0.0,4.0,36.0,1.5,6.0,63.07870339688017,43.82870339688017,19.25,18.0,0.925,0,0,37,3
255,1,right_lane,adaptive,True,0.1,40,0,22.393919754659983,0.0,1.0,39.0,0.0,2.0,63.62933818394174,43.629338183941734,20.0,18.0,0.85,0,0,34,6
256,1,right_lane,adaptive,True,0.1,40,0,20.393957345971565,0.0,1.0,39.0,0.0,7.0,60.429449892145094,40.429449892145094,20.0,18.0,1.0,0,0,40,0
257,1,right_lane,adaptive,True,0.1,40,0,22.50000570101718,1.0,9.0,30.0,4.5,3.0,61.54814328636569,43.798143286365665,17.75,18.0,1.0,0,0,40,0
258,1,right_lane,adaptive,True,0.1,40,0,22.143957345971565,1.0,1.0,38.0,0.5,10.5,63.004726709316685,43.2547267093167,19.75,18.0,0.85,0,0,34,6
259,1,right_lane,adaptive,True,0.1,20,1,22.537914691883532,0.0,1.0,19.0,0.5,4.5,31.829396514671295,21.829396514671295,10.0,18.0,0.85,0,0,17,3
260,1,right_lane,adaptive,True,0.1,40,0,21.143914066891014,0.0,1.0,39.0,0.0,5.5,60.87932842121107,41.12932842121107,19.75,18.0,0.55,0,0,22,18
261,1,right_lane,adaptive,True,0.1,40,0,24.643957345971565,3.0,4.0,33.0,5.0,1.0,64.72755903611322,47.22755903611321,17.5,18.0,0.9,0,0,36,4
262,1,right_lane,adaptive,True,0.1,40,0,22.518919754889087,0.0,0.0,40.0,0.0,6.0,63.83027160782254,43.83027160782254,20.0,18.0,0.875,0,0,35,5
263,1,right_lane,adaptive,True,0.1,40,0,20.89395734428684,0.0,1.0,39.0,0.0,0.5,61.22944989035194,41.22944989035194,20.0,18.0,1.0,0,0,40,0
264,1,right_lane,adaptive,True,0.1,40,0,22.393957345971565,0.0,3.0,37.0,1.5,5.0,62.87962865674827,43.62962865674826,19.25,18.0,0.9,0,0,36,4
265,1,right_lane,adaptive,True,0.1,40,0,21.393957345971565,0.0,1.0,39.0,0.0,6.0,62.029397667741826,42.029397667741826,20.0,18.0,0.9,0,0,36,4
266,1,right_lane,adaptive,True,0.1,40,0,21.768957345749705,1.0,1.0,38.0,0.5,3.0,62.37839910850591,42.62839910850592,19.75,18.0,0.75,0,0,30,10
267,1,right_lane,adaptive,True,0.1,40,0,21.268957345971565,0.0,1.0,39.0,0.0,3.5,61.82939832999433,41.82939832999433,20.0,18.0,0.8,0,0,32,8
268,1,right_lane,adaptive,True,0.1,40,0,21.893957345971565,0.0,0.0,40.0,0.0,11.0,62.8303317535545,42.830331753554496,20.0,18.0,0.9,0,0,36,4
269,1,right_lane,adaptive,True,0.1,40,0,22.64395164495432,0.0,0.0,40.0,0.0,1.0,64.0303226319269,44.0303226319269,20.0,18.0,0.775,0,0,31,9
270,1,right_lane,adaptive,True,0.1,40,0,20.643957345971565,0.0,6.0,34.0,3.0,16.5,59.330329241367814,40.8303292413678,18.5,18.0,0.975,0,0,39,1
271,1,right_lane,adaptive,True,0.1,40,0,21.768957345971565,0.0,0.0,40.0,0.0,0.0,62.6303317535545,42.6303317535545,20.0,18.0,0.775,0,0,31,9
272,1,right_lane,adaptive,True,0.1,40,0,21.018957345971565,1.0,1.0,38.0,0.5,10.0,61.178398404341486,41.4283984043415,19.75,18.0,0.575,0,0,23,17
273,1,right_lane,adaptive,True,0.1,40,0,21.643957345971565,0.0,0.0,40.0,0.0,5.0,62.43033175355452,42.43033175355451,20.0,18.0,0.925,0,0,37,3
274,1,right_lane,adaptive,True,0.1,40,0,21.018957345971565,0.0,0.0,40.0,0.0,4.0,61.4303317535545,41.430331753554505,20.0,18.0,1.0,0,0,40,0
275,1,right_lane,adaptive,True,0.1,40,0,21.6439573459385,0.0,0.0,40.0,0.0,1.5,62.43033175350159,42.4303317535016,20.0,18.0,0.925,0,0,37,3
276,1,right_lane,adaptive,True,0.1,40,0,21.14395734426102,0.0,1.0,39.0,0.0,3.5,61.62939766505022,41.62939766505021,20.0,18.0,0.75,0,0,30,10
277,1,right_lane,adaptive,True,0.1,40,0,21.643957345971565,0.0,0.0,40.0,0.0,1.0,62.43033175593096,42.430331755930965,20.0,18.0,0.95,0,0,38,2
278,1,right_lane,adaptive,True,0.1,40,0,20.768957345971565,0.0,0.0,40.0,0.0,11.0,61.030331753554506,41.030331753554506,20.0,18.0,1.0,0,0,40,0
279,1,right_lane,adaptive,True,0.1,40,0,21.768957345971565,1.0,9.0,30.0,4.5,4.0,60.37848189442229,42.628481894422286,17.75,18.0,0.925,0,0,37,3
280,1,right_lane,adaptive,True,0.1,40,0,20.643957345971565,0.0,5.0,35.0,2.0,18.5,59.828054870202706,40.828054870202706,19.0,18.0,1.0,0,0,40,0
281,1,right_lane,adaptive,True,0.1,40,0,21.268957345971565,0.0,4.0,36.0,2.0,14.5,60.82937986121066,41.82937986121066,19.0,18.0,0.975,0,0,39,1
282,1,right_lane,adaptive,True,0.1,40,0,20.893957345971565,1.0,1.0,38.0,0.5,0.5,60.97839840434078,41.22839840434077,19.75,18.0,0.1,0,0,4,36
283,1,right_lane,adaptive,True,0.1,40,0,21.393957345971565,0.0,1.0,39.0,0.0,10.0,62.02939766843072,42.029397668430725,20.0,18.0,0.925,0,0,37,3
284,1,right_lane,adaptive,True,0.1,40,0,21.393957344286836,0.0,1.0,39.0,0.0,2.0,62.02939832699052,42.029398326990524,20.0,18.0,1.0,0,0,40,0
285,1,right_lane,adaptive,True,0.1,40,0,23.018957345971565,9.0,4.0,27.0,10.0,15.5,59.62704234761668,44.62704234761668,15.0,18.0,1.0,0,0,40,0
286,1,right_lane,adaptive,True,0.1,40,0,22.393919754889087,1.0,1.0,38.0,0.5,8.0,63.37833825934135,43.62833825934134,19.75,18.0,0.9,0,0,36,4
287,1,right_lane,adaptive,True,0.1,40,0,22.268957344035762,0.0,4.0,36.0,1.5,11.5,62.67875446646864,43.42875446646864,19.25,18.0,0.925,0,0,37,3
288,1,right_lane,adaptive,True,0.1,40,0,22.768957345971565,0.0,0.0,40.0,0.0,5.5,64.2303317562439,44.230331756243906,20.0,18.0,0.85,0,0,34,6
289,1,right_lane,adaptive,True,0.1,28,1,22.705653351382363,0.0,4.0,24.0,2.0,2.5,44.078461888562366,30.828461888562366,13.25,18.0,0.7142857142857143,0,0,20,8
290,1,right_lane,adaptive,True,0.1,40,0,20.768957345971565,0.0,0.0,40.0,0.0,10.5,60.28033175355451,40.530331753554506,19.75,18.0,1.0,0,0,40,0
291,1,right_lane,adaptive,True,0.1,40,0,20.768957345971565,0.0,1.0,39.0,0.0,12.5,61.02939766843068,41.02939766843069,20.0,18.0,0.95,0,0,38,2
292,1,right_lane,adaptive,True,0.1,6,1,28.206989033637893,1.0,4.0,1.0,2.5,1.5,9.768036196265282,7.768036196265282,2.0,18.0,1.0,0,0,6,0
293,1,right_lane,adaptive,True,0.1,40,0,20.893957345971565,0.0,0.0,40.0,0.0,1.0,60.6382315879944,40.88823158799441,19.75,18.0,0.325,0,0,13,27
294,1,right_lane,adaptive,True,0.1,40,0,20.143957345971565,0.0,0.0,40.0,0.0,19.0,60.030331753554506,40.0303317535545,20.0,18.0,1.0,0,0,40,0
295,1,right_lane,adaptive,True,0.1,40,0,22.89395734597155,1.0,5.0,34.0,2.5,5.0,63.1774478763183,44.4274478763183,18.75,18.0,0.875,0,0,35,5
296,1,right_lane,adaptive,True,0.1,40,0,24.518951657973492,0.0,0.0,40.0,0.0,0.0,67.03032265275759,47.03032265275761,20.0,18.0,0.75,0,0,30,10
297,1,right_lane,adaptive,True,0.1,40,0,22.268957345971565,0.0,1.0,39.0,0.0,0.0,63.429406232024164,43.429406232024164,20.0,18.0,0.9,0,0,36,4
298,1,right_lane,adaptive,True,0.1,40,0,20.393957345971565,1.0,1.0,38.0,0.5,8.0,60.17839717648496,40.42839717648496,19.75,18.0,1.0,0,0,40,0
299,1,right_lane,adaptive,True,0.1,40,0,21.518957345967646,0.0,0.0,40.0,0.0,2.5,62.23033175354824,42.230331753548235,20.0,18.0,0.925,0,0,37,3
300,1,right_lane,adaptive,True,0.1,40,0,20.518957345971565,0.0,0.0,40.0,0.0,11.5,60.63033175355994,40.63033175355994,20.0,18.0,1.0,0,0,40,0
301,1,right_lane,adaptive,True,0.1,40,0,20.768957345971565,0.0,0.0,40.0,0.0,5.0,61.030331753554506,41.030331753554506,20.0,18.0,1.0,0,0,40,0
302,1,right_lane,adaptive,True,0.1,40,0,20.393957345971565,0.0,1.0,39.0,0.0,16.5,60.429397666520444,40.429397666520444,20.0,18.0,1.0,0,0,40,0
303,1,right_lane,adaptive,True,0.1,40,0,22.018957345971565,1.0,1.0,38.0,0.5,2.0,62.778398405073304,43.028398405073304,19.75,18.0,0.925,0,0,37,3
304,1,right_lane,adaptive,True,0.1,40,0,21.268957345971565,1.0,1.0,38.0,0.5,2.5,61.57839910886089,41.82839910886089,19.75,18.0,0.95,0,0,38,2
305,1,right_lane,adaptive,True,0.1,40,0,21.643908464738125,1.0,1.0,38.0,0.5,5.0,62.17832019509976,42.42832019509977,19.75,18.0,0.8,0,0,32,8
306,1,right_lane,adaptive,True,0.1,13,1,21.212176449051793,0.0,1.0,12.0,0.5,6.5,19.9294655771906,13.429465577190603,6.5,18.0,1.0,0,0,13,0
307,1,right_lane,adaptive,True,0.1,40,0,21.643957345971565,0.0,1.0,39.0,0.0,5.0,61.679397667741824,41.929397667741824,19.75,18.0,0.925,0,0,37,3
308,1,right_lane,adaptive,True,0.1,40,0,20.893957345971565,0.0,1.0,39.0,0.0,3.0,61.229397667741154,41.22939766774115,20.0,18.0,1.0,0,0,40,0
309,1,right_lane,adaptive,True,0.1,40,0,20.643956608239495,1.0,1.0,38.0,0.5,1.5,60.57839599611365,40.82839599611365,19.75,18.0,1.0,0,0,40,0
310,1,right_lane,adaptive,True,0.1,40,0,21.393957345971565,1.0,1.0,38.0,0.5,3.0,61.778398201434726,42.02839820143473,19.75,18.0,0.95,0,0,38,2
311,1,right_lane,adaptive,True,0.1,40,0,23.268957234313866,1.0,1.0,38.0,0.5,2.0,64.77839822568917,45.02839822568917,19.75,18.0,0.85,0,0,34,6
312,1,right_lane,adaptive,True,0.1,40,0,24.76895723431381,0.0,0.0,40.0,0.0,0.0,67.6039942814685,47.6039942814685,20.0,18.0,0.775,0,0,31,9
313,1,right_lane,adaptive,True,0.1,40,0,23.51891395694771,0.0,0.0,40.0,0.0,1.5,65.43026248624251,45.430262486242505,20.0,18.0,0.85,0,0,34,6
314,1,right_lane,adaptive,True,0.1,40,0,21.018957345971565,1.0,1.0,38.0,0.5,1.0,61.178457456873666,41.428457456873666,19.75,18.0,1.0,0,0,40,0
315,1,right_lane,adaptive,True,0.1,40,0,20.393957345971565,0.0,0.0,40.0,0.0,5.5,60.430331753554505,40.430331753554505,20.0,18.0,1.0,0,0,40,0
316,1,right_lane,adaptive,True,0.1,40,0,21.268957235803004,0.0,0.0,40.0,0.0,2.5,61.8303315772848,41.8303315772848,20.0,18.0,0.95,0,0,38,2
317,1,right_lane,adaptive,True,0.1,40,0,21.018957345971565,1.0,1.0,38.0,0.5,11.0,61.178398557396726,41.428398557396726,19.75,18.0,0.925,0,0,37,3
318,1,right_lane,adaptive,True,0.1,40,0,21.768957345971565,0.0,0.0,40.0,0.0,0.0,62.6303317535545,42.63033175355451,20.0,18.0,0.875,0,0,35,5
319,1,right_lane,adaptive,True,0.1,40,0,20.893957345971565,0.0,1.0,39.0,0.0,2.5,61.22939766773996,41.229397667739946,20.0,18.0,0.85,0,0,34,6
320,1,right_lane,adaptive,True,0.1,40,0,21.018957345971565,0.0,1.0,39.0,0.0,18.0,61.42939832963659,41.429398329636605,20.0,18.0,1.0,0,0,40,0
321,1,right_lane,adaptive,True,0.1,40,0,22.393957345971565,0.0,0.0,40.0,0.0,11.0,63.630331753554486,43.6303317535545,20.0,18.0,0.825,0,0,33,7
322,1,right_lane,adaptive,True,0.1,40,0,22.643957234121675,0.0,1.0,39.0,0.0,6.5,64.02939633575913,44.029396335759145,20.0,18.0,0.85,0,0,34,6
323,1,right_lane,adaptive,True,0.1,40,0,22.518957331493432,0.0,4.0,36.0,1.5,12.0,63.07870352951051,43.828703529510506,19.25,18.0,0.875,0,0,35,5
324,1,right_lane,adaptive,True,0.1,40,0,21.268957345971565,0.0,0.0,40.0,0.0,1.0,61.83033177366897,41.83033177366897,20.0,18.0,0.95,0,0,38,2
325,1,right_lane,adaptive,True,0.1,40,0,20.393957345971565,0.0,0.0,40.0,0.0,20.0,60.430331753554505,40.430331753554505,20.0,18.0,1.0,0,0,40,0
326,1,right_lane,adaptive,True,0.1,40,0,20.393957345971565,0.0,0.0,40.0,0.0,3.5,60.430331753554505,40.430331753554505,20.0,18.0,1.0,0,0,40,0
327,1,right_lane,adaptive,True,0.1,40,0,21.643957345971565,0.0,0.0,40.0,0.0,1.0,62.43033175355449,42.4303317535545,20.0,18.0,0.95,0,0,38,2
328,1,right_lane,adaptive,True,0.1,13,1,23.13525106221637,1.0,1.0,11.0,0.5,0.5,20.678397203138786,14.428397203138784,6.25,18.0,0.38461538461538464,0,0,5,8
329,1,right_lane,adaptive,True,0.1,40,0,22.252496439132635,1.0,5.0,34.0,2.5,6.5,61.65110849305227,42.90110849305226,18.75,18.0,0.95,0,0,38,2
330,1,right_lane,adaptive,True,0.1,40,0,21.268957345971565,0.0,0.0,40.0,0.0,1.0,61.85320089819987,41.85320089819987,20.0,18.0,0.775,0,0,31,9
331,1,right_lane,adaptive,True,0.1,40,0,22.768951646668775,1.0,7.0,32.0,3.5,3.5,62.478680761904954,44.22868076190494,18.25,18.0,1.0,0,0,40,0
332,1,right_lane,adaptive,True,0.1,40,0,21.393957345971565,1.0,6.0,33.0,3.0,14.5,60.52845255321759,42.0284525532176,18.5,18.0,1.0,0,0,40,0
333,1,right_lane,adaptive,True,0.1,40,0,21.016461004214154,0.0,1.0,39.0,0.0,2.5,61.425403519708595,41.425403519708595,20.0,18.0,1.0,0,0,40,0
334,1,right_lane,adaptive,True,0.1,40,0,22.39395734597156,0.0,1.0,39.0,0.0,4.5,63.63286649831698,43.63286649831697,20.0,18.0,0.375,0,0,15,25
335,1,right_lane,adaptive,True,0.1,14,1,28.56429588394899,1.0,6.0,7.0,3.5,1.5,24.091263587667832,18.591263587667832,5.5,18.0,0.8571428571428571,0,0,12,2
336,1,right_lane,adaptive,True,0.1,40,0,21.143957345971494,0.0,0.0,40.0,0.0,10.0,60.88033175355441,41.13033175355441,19.75,18.0,0.9,0,0,36,4
337,1,right_lane,adaptive,True,0.1,40,0,21.268957345971565,0.0,0.0,40.0,0.0,12.5,61.830331753554596,41.830331753554596,20.0,18.0,0.975,0,0,39,1
338,1,right_lane,adaptive,True,0.1,40,0,20.893957345971565,1.0,1.0,38.0,0.5,9.5,60.978399108808794,41.228399108808794,19.75,18.0,1.0,0,0,40,0
339,1,right_lane,adaptive,True,0.1,40,0,21.143957260122527,0.0,1.0,39.0,0.0,9.5,61.62939637734329,41.6293963773433,20.0,18.0,0.75,0,0,30,10
340,1,right_lane,adaptive,True,0.1,40,0,20.518957345971565,1.0,1.0,38.0,0.5,10.0,60.37839852231403,40.62839852231403,19.75,18.0,1.0,0,0,40,0
341,1,right_lane,adaptive,True,0.1,40,0,21.141466606367043,1.0,16.0,23.0,8.0,12.0,57.624413200646146,41.62441320064614,16.0,18.0,0.975,0,0,39,1
342,1,right_lane,adaptive,True,0.1,21,1,22.655156849469627,0.0,1.0,20.0,0.0,1.0,33.53285871524365,23.03285871524364,10.5,18.0,0.42857142857142855,0,0,9,12
343,1,right_lane,adaptive,True,0.1,40,0,20.768957345971565,0.0,0.0,40.0,0.0,18.5,60.5303317535545,40.530331753554506,20.0,18.0,0.95,0,0,38,2
344,1,right_lane,adaptive,True,0.1,40,0,21.018957345971558,0.0,0.0,40.0,0.0,7.0,61.4303317535545,41.4303317535545,20.0,18.0,1.0,0,0,40,0
345,1,right_lane,adaptive,True,0.1,40,0,21.643957345971565,0.0,1.0,39.0,0.0,8.0,62.42939832968611,42.42939832968611,20.0,18.0,0.625,0,0,25,15
346,1,right_lane,adaptive,True,0.1,40,0,21.01895734425377,0.0,5.0,35.0,2.0,18.0,60.42844461835749,41.42844461835749,19.0,18.0,1.0,0,0,40,0
347,1,right_lane,adaptive,True,0.1,40,0,20.643957345967717,1.0,1.0,38.0,0.5,8.0,60.57839717886532,40.828397178865316,19.75,18.0,1.0,0,0,40,0
348,1,right_lane,adaptive,True,0.1,40,0,20.518957345971565,0.0,0.0,40.0,0.0,11.0,60.63033175355985,40.63033175355985,20.0,18.0,1.0,0,0,40,0
349,1,right_lane,adaptive,True,0.1,40,0,21.893957345971565,0.0,5.0,35.0,2.0,12.0,61.82868864392352,42.82868864392352,19.0,18.0,0.75,0,0,30,10
350,1,right_lane,adaptive,True,0.1,40,0,22.268957345971565,1.0,1.0,38.0,0.5,6.5,63.178399108860894,43.4283991088609,19.75,18.0,0.9,0,0,36,4
351,1,right_lane,adaptive,True,0.1,40,0,21.518956692178097,0.0,1.0,39.0,0.0,2.0,62.22939662167161,42.229396621671604,20.0,18.0,0.85,0,0,34,6
352,1,right_lane,adaptive,True,0.1,40,0,22.893957345971565,1.0,32.0,7.0,16.5,14.5,56.427285581479126,44.427285581479126,12.0,18.0,1.0,0,0,40,0
353,1,right_lane,adaptive,True,0.1,40,0,21.268957345971565,1.0,8.0,31.0,4.0,3.0,59.57746435720902,41.82746435720902,17.75,18.0,0.775,0,0,31,9
354,1,right_lane,adaptive,True,0.1,40,0,20.752496440425727,0.0,1.0,39.0,0.0,10.5,61.00306021764711,41.00306021764711,20.0,18.0,1.0,0,0,40,0
355,1,right_lane,adaptive,True,0.1,40,0,21.018957345971565,1.0,1.0,38.0,0.5,1.5,61.37493009862997,41.62493009862997,19.75,18.0,0.9,0,0,36,4
356,1,right_lane,adaptive,True,0.1,40,0,22.018957345971057,1.0,5.0,34.0,2.5,8.0,61.7770563306302,43.02705633063021,18.75,18.0,0.85,0,0,34,6
357,1,right_lane,adaptive,True,0.1,40,0,20.768957345971565,1.0,1.0,38.0,0.5,9.5,60.77839910880947,41.028399108809474,19.75,18.0,1.0,0,0,40,0
358,1,right_lane,adaptive,True,0.1,40,0,20.393957345971565,1.0,1.0,38.0,0.5,20.5,60.17839717648496,40.42839717648496,19.75,18.0,1.0,0,0,40,0
359,1,right_lane,adaptive,True,0.1,40,0,21.393957345971565,1.0,1.0,38.0,0.5,6.0,61.77839910886091,42.028399108860896,19.75,18.0,0.625,0,0,25,15
360,1,right_lane,adaptive,True,0.1,40,0,20.518957345971565,1.0,1.0,38.0,0.5,3.5,60.37839717648497,40.62839717648497,19.75,18.0,0.65,0,0,26,14
361,1,right_lane,adaptive,True,0.1,40,0,22.893957345941903,0.0,10.0,30.0,4.5,9.5,62.17728304831744,44.42728304831746,17.75,18.0,0.95,0,0,38,2
362,1,right_lane,adaptive,True,0.1,40,0,22.143952395702158,0.0,0.0,40.0,0.0,2.5,63.23032383316468,43.230323833164675,20.0,18.0,0.85,0,0,34,6
363,1,right_lane,adaptive,True,0.1,40,0,20.768957345971565,1.0,5.0,34.0,2.5,18.5,59.777062502224645,41.02706250222465,18.75,18.0,1.0,0,0,40,0
364,1,right_lane,adaptive,True,0.1,40,0,21.893957345971565,0.0,1.0,39.0,0.0,3.5,62.82939766774116,42.82939766774115,20.0,18.0,0.75,0,0,30,10
365,1,right_lane,adaptive,True,0.1,40,0,20.768957345971565,0.0,1.0,39.0,0.0,0.0,61.029397666520445,41.02939766652044,20.0,18.0,0.825,0,0,33,7
366,1,right_lane,adaptive,True,0.1,40,0,21.018957345971565,0.0,1.0,39.0,0.0,7.5,61.42939651470185,41.429396514701835,20.0,18.0,0.675,0,0,27,13
367,1,right_lane,adaptive,True,0.1,40,0,21.50249644062177,0.0,0.0,40.0,0.0,2.0,62.203994304994836,42.20399430499483,20.0,18.0,0.875,0,0,35,5
368,1,right_lane,adaptive,True,0.1,40,0,21.643957345971565,0.0,2.0,38.0,0.5,4.0,62.54819901760479,42.798199017604794,19.75,18.0,0.95,0,0,38,2
369,1,right_lane,adaptive,True,0.1,40,0,22.893957345967657,1.0,1.0,38.0,0.5,1.0,64.17839910885465,44.428399108854656,19.75,18.0,0.7,0,0,28,12
370,1,right_lane,adaptive,True,0.1,40,0,20.518956694084682,1.0,1.0,38.0,0.5,1.5,60.37839613347138,40.62839613347138,19.75,18.0,1.0,0,0,40,0
371,1,right_lane,adaptive,True,0.1,40,0,22.018957345941836,0.0,0.0,40.0,0.0,1.5,63.203995210613975,43.203995210613975,20.0,18.0,0.925,0,0,37,3
372,1,right_lane,adaptive,True,0.1,40,0,22.643952395676344,0.0,1.0,39.0,0.0,5.0,64.02939040925503,44.02939040925505,20.0,18.0,0.875,0,0,35,5
373,1,right_lane,adaptive,True,0.1,38,1,24.09890246944375,0.0,0.0,38.0,0.5,5.0,63.03033863100169,44.03033863100169,19.0,18.0,0.8421052631578947,0,0,32,6
374,1,right_lane,adaptive,True,0.1,40,0,24.518957345971565,0.0,0.0,40.0,0.0,12.0,66.28033175355449,46.5303317535545,19.75,18.0,0.725,0,0,29,11
375,1,right_lane,adaptive,True,0.1,40,0,22.64395734406113,0.0,0.0,40.0,0.0,0.0,64.03033175049782,44.030331750497815,20.0,18.0,0.925,0,0,37,3
376,1,right_lane,adaptive,True,0.1,40,0,22.76617544809696,0.0,0.0,40.0,0.0,2.0,64.22588071960932,44.225880719609314,20.0,18.0,0.85,0,0,34,6
377,1,right_lane,adaptive,True,0.1,40,0,20.393957345971565,1.0,1.0,38.0,0.5,20.5,60.18226206834696,40.43226206834696,19.75,18.0,1.0,0,0,40,0
378,1,right_lane,adaptive,True,0.1,40,0,21.893957345971565,1.0,1.0,38.0,0.5,3.5,62.5783991088088,42.82839910880878,19.75,18.0,0.55,0,0,22,18
379,1,right_lane,adaptive,True,0.1,40,0,21.268909202470194,1.0,1.0,38.0,0.5,1.0,61.578321374738586,41.82832137473858,19.75,18.0,0.825,0,0,33,7
380,1,right_lane,adaptive,True,0.1,40,0,20.518634297606518,0.0,1.0,39.0,0.0,20.5,60.62894652310396,40.628946523103956,20.0,18.0,1.0,0,0,40,0
381,1,right_lane,adaptive,True,0.1,40,0,20.643957345971565,0.0,1.0,39.0,0.0,1.5,60.829846478967646,40.829846478967646,20.0,18.0,1.0,0,0,40,0
382,1,right_lane,adaptive,True,0.1,40,0,21.393957345971565,0.0,1.0,39.0,0.0,6.0,62.0293983296861,42.029398329686096,20.0,18.0,0.95,0,0,38,2
383,1,right_lane,adaptive,True,0.1,40,0,22.143957345971565,0.0,0.0,40.0,0.0,0.0,63.23033175355451,43.2303317535545,20.0,18.0,0.9,0,0,36,4
384,1,right_lane,adaptive,True,0.1,40,0,22.143957345971565,0.0,1.0,39.0,0.0,5.5,63.2293983296861,43.229398329686106,20.0,18.0,0.925,0,0,37,3
385,1,right_lane,adaptive,True,0.1,40,0,20.393957345971565,0.0,1.0,39.0,0.0,2.5,60.429397666520444,40.429397666520444,20.0,18.0,1.0,0,0,40,0
386,1,right_lane,adaptive,True,0.1,40,0,20.518957345971565,1.0,1.0,38.0,0.5,8.0,60.37839717648497,40.62839717648495,19.75,18.0,1.0,0,0,40,0
387,1,right_lane,adaptive,True,0.1,40,0,21.49754686449713,0.0,1.0,39.0,0.0,4.5,62.368803447601685,42.368803447601685,20.0,18.0,0.925,0,0,37,3
388,1,right_lane,adaptive,True,0.1,40,0,21.768957345971554,0.0,0.0,40.0,0.0,8.0,62.66007734427782,42.66007734427782,20.0,18.0,0.925,0,0,37,3
389,1,right_lane,adaptive,True,0.1,40,0,20.768957345971565,1.0,6.0,33.0,3.0,1.5,59.52899052755056,41.02899052755056,18.5,18.0,1.0,0,0,40,0
390,1,right_lane,adaptive,True,0.1,40,0,20.393957345971565,1.0,1.0,38.0,0.5,4.5,60.17839717648496,40.42839717648496,19.75,18.0,1.0,0,0,40,0
391,1,right_lane,adaptive,True,0.1,40,0,21.377496440621762,1.0,1.0,38.0,0.5,9.5,61.75205972792526,42.00205972792527,19.75,18.0,0.925,0,0,37,3
392,1,right_lane,adaptive,True,0.1,33,1,21.68964526784432,1.0,1.0,31.0,0.5,4.5,51.474930099090145,35.224930099090145,16.25,18.0,0.3333333333333333,0,0,11,22
393,1,right_lane,adaptive,True,0.1,21,1,22.17896637327171,1.0,1.0,19.0,0.5,2.0,32.37839840304249,22.128398403042482,10.25,18.0,0.3333333333333333,0,0,7,14
394,1,right_lane,adaptive,True,0.1,40,0,21.26895724882166,1.0,1.0,38.0,0.5,3.0,61.07839824963342,41.328398249633416,19.75,18.0,0.5,0,0,20,20
395,1,right_lane,adaptive,True,0.1,40,0,21.393957345971565,0.0,1.0,39.0,0.0,9.0,62.02939780271154,42.02939780271155,20.0,18.0,0.925,0,0,37,3
396,1,right_lane,adaptive,True,0.1,40,0,22.000043292099726,0.0,7.0,33.0,3.0,5.5,61.49911619464432,42.99911619464432,18.5,18.0,1.0,0,0,40,0
397,1,right_lane,adaptive,True,0.1,40,0,23.643957345971565,0.0,1.0,39.0,0.0,5.5,65.82933752200918,45.82933752200918,20.0,18.0,0.8,0,0,32,8
398,1,right_lane,adaptive,True,0.1,40,0,21.143957345971565,0.0,1.0,39.0,0.0,1.5,61.62939766774183,41.62939766774183,20.0,18.0,0.925,0,0,37,3
399,1,right_lane,adaptive,True,0.1,40,0,20.893957345971565,0.0,0.0,40.0,0.0,1.5,61.2303317535545,41.2303317535545,20.0,18.0,1.0,0,0,40,0
400,1,right_lane,adaptive,True,0.1,40,0,20.268957345971565,0.0,0.0,40.0,0.0,13.0,60.40399430499483,40.40399430499483,20.0,18.0,1.0,0,0,40,0
401,1,right_lane,adaptive,True,0.1,40,0,20.893957345971565,0.0,1.0,39.0,0.0,2.0,61.229397667741154,41.22939766774115,20.0,18.0,1.0,0,0,40,0
402,1,right_lane,adaptive,True,0.1,40,0,21.64395734596714,0.0,0.0,40.0,0.0,8.5,62.43033175354743,42.43033175354743,20.0,18.0,0.9,0,0,36,4
403,1,right_lane,adaptive,True,0.1,40,0,20.268957345971565,1.0,2.0,37.0,1.0,19.5,59.72804908816139,40.228049088161384,19.5,18.0,1.0,0,0,40,0
404,1,right_lane,adaptive,True,0.1,40,0,22.768956608239495,1.0,1.0,38.0,0.5,3.5,63.97839792848959,44.22839792848958,19.75,18.0,0.85,0,0,34,6
405,1,right_lane,adaptive,True,0.1,40,0,21.14395734574971,1.0,1.0,38.0,0.5,7.5,61.37839820106145,41.62839820106145,19.75,18.0,1.0,0,0,40,0
406,1,right_lane,adaptive,True,0.1,40,0,22.500043292099726,0.0,1.0,39.0,0.0,1.5,63.79913518185443,43.79913518185443,20.0,18.0,0.875,0,0,35,5
407,1,right_lane,adaptive,True,0.1,40,0,23.372503574111864,6.0,5.0,29.0,8.0,3.5,61.643304320156915,45.39330432015693,16.25,18.0,0.875,0,0,35,5
408,1,right_lane,adaptive,True,0.1,40,0,22.018957345971565,1.0,2.0,37.0,2.0,14.5,61.9828493493066,43.2328493493066,18.75,18.0,0.85,0,0,34,6
409,1,right_lane,adaptive,True,0.1,40,0,21.768957345971565,1.0,1.0,38.0,0.5,2.5,62.37839910880874,42.628399108808765,19.75,18.0,0.925,0,0,37,3
410,1,right_lane,adaptive,True,0.1,40,0,23.393957345971565,4.0,7.0,29.0,6.5,14.0,61.97704705642043,45.22704705642042,16.75,18.0,0.925,0,0,37,3
411,1,right_lane,adaptive,True,0.1,40,0,22.12283240762488,0.0,19.0,21.0,9.0,3.5,58.69559525648734,43.195595256487344,15.5,18.0,0.875,0,0,35,5
412,1,right_lane,adaptive,True,0.1,40,0,20.268957345971565,0.0,0.0,40.0,0.0,14.5,60.25968063909294,40.259680639092934,20.0,18.0,1.0,0,0,40,0
413,1,right_lane,adaptive,True,0.1,40,0,20.893957345971565,1.0,5.0,34.0,2.5,4.5,59.976612122501685,41.226612122501685,18.75,18.0,1.0,0,0,40,0
414,1,right_lane,adaptive,True,0.1,40,0,21.01895734426102,1.0,1.0,38.0,0.5,10.5,61.17839717374808,41.42839717374808,19.75,18.0,1.0,0,0,40,0
415,1,right_lane,adaptive,True,0.1,40,0,21.143957345971046,1.0,5.0,34.0,2.5,13.0,60.377445285264784,41.627445285264784,18.75,18.0,1.0,0,0,40,0
416,1,right_lane,adaptive,True,0.1,40,0,21.747510011146723,1.0,1.0,38.0,0.5,11.0,62.34408266862175,42.594082668621745,19.75,18.0,0.925,0,0,37,3
417,1,right_lane,adaptive,True,0.1,40,0,21.01895239570556,0.0,0.0,40.0,0.0,10.0,61.46012062422711,41.4601206242271,20.0,18.0,1.0,0,0,40,0
418,1,right_lane,adaptive,True,0.1,40,0,20.893957345971565,0.0,0.0,40.0,0.0,1.0,61.23033863096109,41.23033863096111,20.0,18.0,0.925,0,0,37,3
419,1,right_lane,adaptive,True,0.1,40,0,23.268919754889087,5.0,21.0,14.0,14.5,12.0,57.77549923676687,45.02549923676686,12.75,18.0,0.9,0,0,36,4
420,1,right_lane,adaptive,True,0.1,40,0,20.268957345971565,0.0,1.0,39.0,0.0,3.0,60.22939651470176,40.22939651470176,20.0,18.0,1.0,0,0,40,0
421,1,right_lane,adaptive,True,0.1,40,0,22.018957345971565,0.0,1.0,39.0,0.0,2.0,63.02939766774182,43.02939766774183,20.0,18.0,0.775,0,0,31,9
422,1,right_lane,adaptive,True,0.1,40,0,22.3939573459385,0.0,0.0,40.0,0.0,3.0,63.63033175350159,43.6303317535016,20.0,18.0,0.825,0,0,33,7
423,1,right_lane,adaptive,True,0.1,40,0,21.643957345971565,0.0,0.0,40.0,0.0,6.5,62.430331753600434,42.430331753600434,20.0,18.0,0.8,0,0,32,8
424,1,right_lane,adaptive,True,0.1,40,0,21.768957345971565,1.0,1.0,38.0,0.5,8.0,62.37839717648495,42.62839717648497,19.75,18.0,0.925,0,0,37,3
425,1,right_lane,adaptive,True,0.1,40,0,20.518957345971565,1.0,1.0,38.0,0.5,0.5,60.37839840304393,40.62839840304393,19.75,18.0,0.85,0,0,34,6
426,1,right_lane,adaptive,True,0.1,40,0,22.893957345971565,0.0,1.0,39.0,0.0,0.5,64.42939832968611,44.42939832968611,20.0,18.0,0.775,0,0,31,9
427,1,right_lane,adaptive,True,0.1,19,1,22.145173359931892,1.0,1.0,17.0,0.5,0.5,29.67839840433451,20.42839840433451,9.25,18.0,0.47368421052631576,0,0,9,10
428,1,right_lane,adaptive,True,0.1,40,0,20.268957345971565,0.0,1.0,39.0,0.0,10.5,59.72939651470176,39.72939651470176,20.0,18.0,1.0,0,0,40,0
429,1,right_lane,adaptive,True,0.1,11,1,20.978026711802876,0.0,0.0,11.0,0.5,5.0,16.730331753193266,11.23033175319327,5.5,18.0,1.0,0,0,11,0
430,1,right_lane,adaptive,True,0.1,40,0,21.018957345971565,0.0,0.0,40.0,0.0,13.0,60.6803317535545,40.930331753554505,19.75,18.0,0.95,0,0,38,2
431,1,right_lane,adaptive,True,0.1,40,0,22.393957345971565,0.0,0.0,40.0,0.0,5.5,63.630331753554515,43.63033175355451,20.0,18.0,0.55,0,0,22,18
432,1,right_lane,adaptive,True,0.1,40,0,21.393957345971565,1.0,1.0,38.0,0.5,11.5,61.77839717648494,42.02839717648495,19.75,18.0,0.925,0,0,37,3
433,1,right_lane,adaptive,True,0.1,40,0,20.50032874938229,0.0,1.0,39.0,0.0,4.0,60.599590760158925,40.599590760158925,20.0,18.0,0.775,0,0,31,9
434,1,right_lane,adaptive,True,0.1,40,0,24.00249644036678,1.0,8.0,31.0,4.0,2.0,64.40189570009386,46.401895700093874,18.0,18.0,0.9,0,0,36,4
435,1,right_lane,adaptive,True,0.1,40,0,21.143957345971565,1.0,1.0,38.0,0.5,0.5,61.40126631941572,41.65126631941572,19.75,18.0,0.95,0,0,38,2
436,1,right_lane,adaptive,True,0.1,40,0,21.268957345971565,0.0,0.0,40.0,0.0,11.5,62.00399430499484,42.00399430499483,20.0,18.0,0.925,0,0,37,3
437,1,right_lane,adaptive,True,0.1,40,0,20.768957345971565,1.0,1.0,38.0,0.5,9.5,60.77839840434078,41.02839840434077,19.75,18.0,1.0,0,0,40,0
438,1,right_lane,adaptive,True,0.1,40,0,22.643957345971565,1.0,8.0,31.0,4.5,10.0,62.02511800342515,44.025118003425135,18.0,18.0,0.925,0,0,37,3
439,1,right_lane,adaptive,True,0.1,40,0,23.14395734597155,4.0,8.0,28.0,7.0,6.0,61.250254163867986,45.000254163867986,16.25,18.0,1.0,0,0,40,0
440,1,right_lane,adaptive,True,0.1,40,0,21.518957345971565,0.0,1.0,39.0,0.0,7.5,62.22939766774184,42.229397667741836,20.0,18.0,0.95,0,0,38,2
441,1,right_lane,adaptive,True,0.1,40,0,21.018957247332974,0.0,1.0,39.0,0.0,12.5,61.42939750991941,41.42939750991941,20.0,18.0,1.0,0,0,40,0
442,1,right_lane,adaptive,True,0.1,40,0,20.893957345971565,0.0,0.0,40.0,0.0,4.0,61.230331890593135,41.230331890593135,20.0,18.0,1.0,0,0,40,0
443,1,right_lane,adaptive,True,0.1,40,0,22.018957345971565,0.0,1.0,39.0,0.0,4.0,63.0293983296861,43.02939832968611,20.0,18.0,0.875,0,0,35,5
444,1,right_lane,adaptive,True,0.1,40,0,23.35886784399893,0.0,6.0,34.0,3.0,13.0,63.67349163476409,45.1734916347641,18.5,18.0,0.85,0,0,34,6
445,1,right_lane,adaptive,True,0.1,40,0,21.893957345971565,1.0,1.0,38.0,0.5,10.5,62.97378214489355,43.22378214489354,19.75,18.0,0.9,0,0,36,4
446,1,right_lane,adaptive,True,0.1,40,0,21.518957345971558,1.0,1.0,38.0,0.5,9.5,61.97839840507329,42.2283984050733,19.75,18.0,0.825,0,0,33,7
447,1,right_lane,adaptive,True,0.1,40,0,22.018957345971565,0.0,1.0,39.0,0.0,4.5,63.02939651471898,43.02939651471897,20.0,18.0,0.8,0,0,32,8
448,1,right_lane,adaptive,True,0.1,40,0,20.518957345971565,0.0,1.0,39.0,0.0,12.0,60.629396514701746,40.62939651470175,20.0,18.0,1.0,0,0,40,0
449,1,right_lane,adaptive,True,0.1,17,1,20.92695846110954,0.0,1.0,16.0,0.5,8.5,25.92939766652043,17.42939766652043,8.5,18.0,1.0,0,0,17,0
450,1,right_lane,adaptive,True,0.1,40,0,22.643957345971554,1.0,1.0,38.0,0.5,5.0,63.02839840507329,43.52839840507329,19.5,18.0,0.775,0,0,31,9
451,1,right_lane,adaptive,True,0.1,40,0,21.143957345971565,0.0,0.0,40.0,0.0,1.0,61.63033175355451,41.630331753554515,20.0,18.0,0.925,0,0,37,3
452,1,right_lane,adaptive,True,0.1,40,0,20.643957345971565,0.0,1.0,39.0,0.0,13.5,60.82939651471895,40.82939651471895,20.0,18.0,1.0,0,0,40,0
453,1,right_lane,adaptive,True,0.1,40,0,22.893957345970982,1.0,4.0,35.0,3.0,0.5,62.92963780757422,44.42963780757422,18.5,18.0,0.65,0,0,26,14
454,1,right_lane,adaptive,True,0.1,40,0,21.143957345971565,0.0,1.0,39.0,0.0,8.5,61.629396514702556,41.62939651470256,20.0,18.0,0.6,0,0,24,16
455,1,right_lane,adaptive,True,0.1,25,1,22.4303317535545,1.0,1.0,23.0,1.0,9.0,39.4783991088609,27.22839910886089,12.25,18.0,1.0,0,0,25,0
456,1,right_lane,adaptive,True,0.1,40,0,22.393957345971565,0.0,0.0,40.0,0.0,9.0,62.88033175355452,43.13033175355451,19.75,18.0,0.775,0,0,31,9
457,1,right_lane,adaptive,True,0.1,40,0,23.768957345971565,0.0,0.0,40.0,0.5,2.0,65.8303317535545,45.830331753554496,20.0,18.0,0.625,0,0,25,15
458,1,right_lane,adaptive,True,0.1,40,0,22.768956693888633,1.0,1.0,38.0,0.5,5.5,63.7283973617406,44.22839736174062,19.5,18.0,0.725,0,0,29,11
459,1,right_lane,adaptive,True,0.1,40,0,21.268957345971565,0.0,1.0,39.0,0.0,10.0,61.829398573680905,41.82939857368089,20.0,18.0,1.0,0,0,40,0
460,1,right_lane,adaptive,True,0.1,40,0,21.268957345971565,1.0,1.0,38.0,0.5,1.0,61.57839718118255,41.82839718118254,19.75,18.0,0.925,0,0,37,3
461,1,right_lane,adaptive,True,0.1,40,0,21.018957345971565,0.0,1.0,39.0,0.0,8.0,61.429397666520444,41.429397666520444,20.0,18.0,1.0,0,0,40,0
462,1,right_lane,adaptive,True,0.1,40,0,20.643957345971565,1.0,4.0,35.0,2.0,9.0,59.82847832595549,40.82847832595549,19.0,18.0,1.0,0,0,40,0
463,1,right_lane,adaptive,True,0.1,40,0,22.018957345971554,0.0,0.0,40.0,0.0,1.0,63.20399430499482,43.203994304994815,20.0,18.0,0.775,0,0,31,9
464,1,right_lane,adaptive,True,0.1,38,1,20.54627089026285,0.0,0.0,38.0,0.0,1.0,57.63033175319954,38.630331753199535,19.0,18.0,0.868421052631579,0,0,33,5
465,1,right_lane,adaptive,True,0.1,40,0,21.62532874938229,1.0,5.0,34.0,2.5,11.0,60.64889657627426,41.89889657627426,18.75,18.0,0.975,0,0,39,1
466,1,right_lane,adaptive,True,0.1,40,0,21.143957345971565,1.0,1.0,38.0,0.5,0.0,61.751604928649115,42.001604928649115,19.75,18.0,0.975,0,0,39,1
467,1,right_lane,adaptive,True,0.1,40,0,21.393957345971565,0.0,0.0,40.0,0.0,10.0,62.030331753554506,42.030331753554506,20.0,18.0,0.9,0,0,36,4
468,1,right_lane,adaptive,True,0.1,40,0,20.893957345971565,0.0,0.0,40.0,0.0,7.0,61.2303317535545,41.2303317535545,20.0,18.0,1.0,0,0,40,0
469,1,right_lane,adaptive,True,0.1,40,0,22.62500001301917,0.0,0.0,40.0,0.0,3.0,64.00000002083068,44.00000002083068,20.0,18.0,0.925,0,0,37,3
470,1,right_lane,adaptive,True,0.1,40,0,21.1439573331451,1.0,1.0,38.0,0.5,7.0,61.578397137875065,41.828397137875065,19.75,18.0,0.9,0,0,36,4
471,1,right_lane,adaptive,True,0.1,40,0,23.268957345971565,0.0,0.0,40.0,0.0,0.0,65.0303317713743,45.03033177137431,20.0,18.0,0.775,0,0,31,9
472,1,right_lane,adaptive,True,0.1,40,0,22.143952395705558,0.0,1.0,39.0,0.0,2.0,63.22938974800511,43.22938974800512,20.0,18.0,0.875,0,0,35,5
473,1,right_lane,adaptive,True,0.1,40,0,21.893957334662417,0.0,3.0,37.0,1.5,10.0,62.07940309552289,42.829403095522906,19.25,18.0,0.95,0,0,38,2
474,1,right_lane,adaptive,True,0.1,40,0,23.018957344035254,1.0,4.0,35.0,2.0,4.0,63.62770414722762,44.62770414722762,19.0,18.0,0.875,0,0,35,5
475,1,right_lane,adaptive,True,0.1,40,0,20.768957345971565,1.0,1.0,38.0,0.5,3.5,60.77839911149888,41.028399111498885,19.75,18.0,0.975,0,0,39,1
476,1,right_lane,adaptive,True,0.1,40,0,23.893585416373085,0.0,0.0,40.0,0.0,3.0,66.02973666619692,46.02973666619693,20.0,18.0,0.825,0,0,33,7
477,1,right_lane,adaptive,True,0.1,40,0,20.768957345971565,0.0,0.0,40.0,0.0,2.0,61.03084847549873,41.03084847549873,20.0,18.0,1.0,0,0,40,0
478,1,right_lane,adaptive,True,0.1,10,1,21.575829331809555,1.0,1.0,8.0,1.0,5.0,15.178397155654277,10.428397155654277,4.75,18.0,1.0,0,0,10,0
479,1,right_lane,adaptive,True,0.1,40,0,25.018957345971565,5.0,7.0,28.0,7.5,2.5,63.323681222858895,47.323681222858895,16.0,18.0,0.8,0,0,32,8
480,1,right_lane,adaptive,True,0.1,40,0,20.393957345971565,1.0,1.0,38.0,0.5,9.5,60.352059727925294,40.60205972792529,19.75,18.0,1.0,0,0,40,0
481,1,right_lane,adaptive,True,0.1,40,0,20.518957345971565,0.0,1.0,39.0,0.0,14.5,60.629397667739944,40.629397667739944,20.0,18.0,0.9,0,0,36,4
482,1,right_lane,adaptive,True,0.1,4,1,22.686285965892733,0.0,1.0,3.0,0.5,1.5,6.228870515724992,4.228870515724992,2.0,18.0,1.0,0,0,4,0
483,1,right_lane,adaptive,True,0.1,40,0,20.643957345971565,0.0,1.0,39.0,0.0,4.0,60.07939766774115,40.32939766774115,19.75,18.0,1.0,0,0,40,0
484,1,right_lane,adaptive,True,0.1,40,0,21.143957345775526,1.0,1.0,38.0,0.5,1.0,61.3783984047596,41.628398404759594,19.75,18.0,0.925,0,0,37,3
485,1,right_lane,adaptive,True,0.1,40,0,21.018957345971565,0.0,1.0,39.0,0.0,0.5,61.4293976680135,41.42939766801351,20.0,18.0,0.075,0,0,3,37
486,1,right_lane,adaptive,True,0.1,40,0,21.518957345971565,0.0,3.0,37.0,1.5,4.5,61.479637483099914,42.22963748309991,19.25,18.0,1.0,0,0,40,0
487,1,right_lane,adaptive,True,0.1,40,0,24.518957345971057,0.0,1.0,39.0,0.0,1.5,67.02939832968529,47.02939832968528,20.0,18.0,0.675,0,0,27,13
488,1,right_lane,adaptive,True,0.1,40,0,21.893957345971565,0.0,11.0,29.0,5.5,5.0,60.50306088112713,43.00306088112715,17.5,18.0,0.475,0,0,19,21
489,1,right_lane,adaptive,True,0.1,40,0,21.768956498296195,0.0,0.0,40.0,0.0,6.5,62.38033039727391,42.63033039727391,19.75,18.0,0.9,0,0,36,4
490,1,right_lane,adaptive,True,0.1,40,0,20.893957345971565,0.0,0.0,40.0,0.0,1.5,61.23033293123026,41.23033293123025,20.0,18.0,0.975,0,0,39,1
491,1,right_lane,adaptive,True,0.1,40,0,21.643957345937995,1.0,1.0,38.0,0.5,8.0,62.17839840299022,42.42839840299022,19.75,18.0,0.925,0,0,37,3
492,1,right_lane,adaptive,True,0.1,40,0,20.268957345971565,0.0,0.0,40.0,0.0,11.0,60.23033175360114,40.23033175360114,20.0,18.0,1.0,0,0,40,0
493,1,right_lane,adaptive,True,0.1,40,0,22.143957345971565,0.0,1.0,39.0,0.0,15.5,63.2293983296861,43.229398329686106,20.0,18.0,0.975,0,0,39,1
494,1,right_lane,adaptive,True,0.1,40,0,21.518957345971565,0.0,0.0,40.0,0.0,3.5,62.230331753554495,42.23033175355451,20.0,18.0,0.925,0,0,37,3
495,1,right_lane,adaptive,True,0.1,40,0,20.393957345971565,0.0,1.0,39.0,0.0,2.0,60.429397666520444,40.429397666520444,20.0,18.0,1.0,0,0,40,0
496,1,right_lane,adaptive,True,0.1,37,1,21.101575509158447,1.0,1.0,35.0,0.5,7.0,56.67839910886089,38.42839910886089,18.25,18.0,0.4594594594594595,0,0,17,20
497,1,right_lane,adaptive,True,0.1,40,0,21.768957345971565,0.0,1.0,39.0,0.0,1.0,62.129398329686104,42.1293983296861,20.0,18.0,0.9,0,0,36,4
498,1,right_lane,adaptive,True,0.1,40,0,21.89366628653611,0.0,0.0,40.0,0.0,1.0,62.82986605845779,42.82986605845778,20.0,18.0,0.175,0,0,7,33
499,1,right_lane,adaptive,True,0.1,40,0,20.768957345971508,0.0,0.0,40.0,0.0,13.0,61.030736122547864,41.030736122547864,20.0,18.0,1.0,0,0,40,0
500,1,right_lane,adaptive,True,0.1,40,0,20.393957345971565,1.0,1.0,38.0,0.5,11.5,60.17839717648504,40.42839717648504,19.75,18.0,1.0,0,0,40,0
501,1,right_lane,adaptive,True,0.1,40,0,22.76895723412167,4.0,7.0,29.0,7.5,9.0,60.477584939585185,44.227584939585185,16.25,18.0,0.95,0,0,38,2
502,1,right_lane,adaptive,True,0.1,40,0,20.643957345971565,0.0,1.0,39.0,0.0,0.0,60.82939782191808,40.82939782191808,20.0,18.0,0.95,0,0,38,2
503,1,right_lane,adaptive,True,0.1,40,0,21.143957345971565,1.0,1.0,38.0,0.5,7.0,61.378398404340764,41.62839840434078,19.75,18.0,0.825,0,0,33,7
504,1,right_lane,adaptive,True,0.1,40,0,22.518957345971565,1.0,1.0,38.0,0.5,5.0,63.57839910880877,43.82839910880875,19.75,18.0,0.925,0,0,37,3
505,1,right_lane,adaptive,True,0.1,40,0,21.268957345971565,0.0,0.0,40.0,0.0,4.5,61.83033175355449,41.830331753554496,20.0,18.0,0.65,0,0,26,14
506,1,right_lane,adaptive,True,0.1,40,0,20.768957345971565,1.0,1.0,38.0,0.5,1.0,60.77839840434078,41.02839840434077,19.75,18.0,1.0,0,0,40,0
507,1,right_lane,adaptive,True,0.1,40,0,23.375005701017248,2.0,6.0,32.0,4.5,4.0,62.94763958790681,45.19763958790681,17.75,18.0,0.925,0,0,37,3
508,1,right_lane,adaptive,True,0.1,40,0,20.518957345971565,0.0,1.0,39.0,0.0,11.0,60.82938974731433,40.82938974731434,20.0,18.0,1.0,0,0,40,0
509,1,right_lane,adaptive,True,0.1,40,0,20.393957345971565,1.0,1.0,38.0,0.5,18.0,60.17839717648496,40.42839717648496,19.75,18.0,1.0,0,0,40,0
510,1,right_lane,adaptive,True,0.1,40,0,22.51891975488524,1.0,1.0,38.0,0.5,6.5,63.578338258602656,43.828338258602656,19.75,18.0,0.725,0,0,29,11
511,1,right_lane,adaptive,True,0.1,40,0,21.393957345971565,1.0,5.0,34.0,2.5,6.0,60.77749826217771,42.02749826217771,18.75,18.0,1.0,0,0,40,0
512,1,right_lane,adaptive,True,0.1,40,0,22.75000570101725,0.0,0.0,40.0,0.0,3.0,64.20000912162757,44.200009121627595,20.0,18.0,0.875,0,0,35,5
513,1,right_lane,adaptive,True,0.1,40,0,20.893956694084682,1.0,1.0,38.0,0.5,1.5,61.00472688945583,41.254726889455824,19.75,18.0,0.55,0,0,22,18
514,1,right_lane,adaptive,True,0.1,40,0,21.143957345971565,1.0,1.0,38.0,0.5,4.0,61.378399310006195,41.6283993100062,19.75,18.0,0.925,0,0,37,3
515,1,right_lane,adaptive,True,0.1,40,0,22.26895659522039,1.0,1.0,38.0,0.5,0.5,63.17839720313889,43.42839720313889,19.75,18.0,0.825,0,0,33,7
516,1,right_lane,adaptive,True,0.1,40,0,21.393957345971565,1.0,1.0,38.0,0.5,12.5,61.77839944735841,42.02839944735842,19.75,18.0,0.8,0,0,32,8
517,1,right_lane,adaptive,True,0.1,40,0,20.643957345971565,1.0,5.0,34.0,2.5,16.0,59.5770543979414,40.82705439794141,18.75,18.0,1.0,0,0,40,0
518,1,right_lane,adaptive,True,0.1,40,0,21.143957345941843,0.0,9.0,31.0,4.5,6.0,59.37940004890149,41.62940004890149,17.75,18.0,1.0,0,0,40,0
519,1,right_lane,adaptive,True,0.1,40,0,20.768957345971565,1.0,1.0,38.0,0.5,15.0,60.77839910885005,41.02839910885006,19.75,18.0,1.0,0,0,40,0
520,1,right_lane,adaptive,True,0.1,40,0,21.268957345971565,0.0,0.0,40.0,0.0,0.0,61.83033175355452,41.8303317535545,20.0,18.0,0.9,0,0,36,4
521,1,right_lane,adaptive,True,0.1,40,0,20.768957345971565,0.0,1.0,39.0,0.0,7.0,61.029396514701766,41.02939651470176,20.0,18.0,0.95,0,0,38,2
522,1,right_lane,adaptive,True,0.1,40,0,21.250328749382216,0.0,0.0,40.0,0.0,5.0,61.80052599901154,41.80052599901155,20.0,18.0,0.95,0,0,38,2
523,1,right_lane,adaptive,True,0.1,23,1,22.424273645167922,1.0,1.0,21.0,0.5,4.5,36.30427789809019,25.05427789809019,11.25,18.0,0.8695652173913043,0,0,20,3
524,1,right_lane,adaptive,True,0.1,40,0,24.89395724713693,0.0,1.0,39.0,0.0,1.5,67.12939817155069,47.12939817155069,20.0,18.0,0.675,0,0,27,13
525,1,right_lane,adaptive,True,0.1,40,0,22.018957345971565,0.0,4.0,36.0,1.5,15.0,62.277737255629276,43.02773725562927,19.25,18.0,0.975,0,0,39,1
526,1,right_lane,adaptive,True,0.1,40,0,23.018957345971565,1.0,9.0,30.0,5.0,14.5,62.12422881493812,44.62422881493811,17.5,18.0,0.925,0,0,37,3
527,1,right_lane,adaptive,True,0.1,40,0,20.893956694084675,1.0,1.0,38.0,0.5,3.0,60.978396133465935,41.228396133465935,19.75,18.0,1.0,0,0,40,0
528,1,right_lane,adaptive,True,0.1,40,0,22.268957331268176,3.0,4.0,33.0,4.0,10.5,61.426791024035474,43.426791024035474,18.0,18.0,0.75,0,0,30,10
529,1,right_lane,adaptive,True,0.1,40,0,20.768957345971565,1.0,1.0,38.0,0.5,4.5,60.77839842476692,41.02839842476691,19.75,18.0,0.9,0,0,36,4
530,1,right_lane,adaptive,True,0.1,40,0,21.643957345941836,0.0,0.0,40.0,0.0,4.0,62.43033175350694,42.43033175350693,20.0,18.0,0.875,0,0,35,5
531,1,right_lane,adaptive,True,0.1,40,0,21.393957345971565,0.0,0.0,40.0,0.0,0.5,62.030331753595796,42.03033175359579,20.0,18.0,0.7,0,0,28,12
532,1,right_lane,adaptive,True,0.1,40,0,21.75249644062177,0.0,1.0,39.0,0.0,12.5,62.60306021918147,42.60306021918147,20.0,18.0,0.975,0,0,39,1
533,1,right_lane,adaptive,True,0.1,40,0,21.893957345971565,0.0,0.0,40.0,0.0,1.0,63.02686344757134,43.026863447571344,20.0,18.0,0.925,0,0,37,3
534,1,right_lane,adaptive,True,0.1,40,0,20.643957345968165,1.0,1.0,38.0,0.5,12.0,60.57839840303849,40.82839840303849,19.75,18.0,1.0,0,0,40,0
535,1,right_lane,adaptive,True,0.1,29,1,22.43994116685733,1.0,4.0,24.0,2.5,2.5,45.1284480947147,31.6284480947147,13.5,18.0,0.896551724137931,0,0,26,3
536,1,right_lane,adaptive,True,0.1,40,0,20.750043292099726,1.0,1.0,38.0,0.5,2.0,59.998134690290016,40.498134690290016,19.5,18.0,1.0,0,0,40,0
537,1,right_lane,adaptive,True,0.1,40,0,21.018957345971565,0.0,3.0,37.0,1.5,7.0,60.70567482367649,41.455674823676475,19.25,18.0,1.0,0,0,40,0
538,1,right_lane,adaptive,True,0.1,40,0,20.768957345971565,1.0,7.0,32.0,3.5,3.5,59.278057457645694,41.0280574576457,18.25,18.0,1.0,0,0,40,0
539,1,right_lane,adaptive,True,0.1,40,0,20.393957345971565,1.0,1.0,38.0,0.5,10.5,60.17839717648496,40.42839717648496,19.75,18.0,0.9,0,0,36,4
540,1,right_lane,adaptive,True,0.1,40,0,21.75032874938229,0.0,0.0,40.0,0.0,4.0,62.60052599901167,42.60052599901167,20.0,18.0,0.95,0,0,38,2
541,1,right_lane,adaptive,True,0.1,40,0,22.893957345971565,0.0,0.0,40.0,0.0,13.5,64.6298750219024,44.6298750219024,20.0,18.0,0.875,0,0,35,5
542,1,right_lane,adaptive,True,0.1,40,0,23.268957345971565,0.0,1.0,39.0,0.0,11.0,65.0293983296861,45.02939832968612,20.0,18.0,0.85,0,0,34,6
543,1,right_lane,adaptive,True,0.1,40,0,22.018957345971565,0.0,1.0,39.0,0.0,9.0,63.0293983296861,43.0293983296861,20.0,18.0,0.925,0,0,37,3
544,1,right_lane,adaptive,True,0.1,40,0,20.768957345971565,0.0,1.0,39.0,0.0,3.0,61.02939651470176,41.029396514701766,20.0,18.0,1.0,0,0,40,0
545,1,right_lane,adaptive,True,0.1,40,0,23.268957345971565,0.0,1.0,39.0,0.0,1.0,65.02939766843072,45.02939766843072,20.0,18.0,0.85,0,0,34,6
546,1,right_lane,adaptive,True,0.1,40,0,22.768957345971565,0.0,1.0,39.0,0.0,0.0,64.2293983296861,44.229398329686106,20.0,18.0,0.175,0,0,7,33
547,1,right_lane,adaptive,True,0.1,40,0,21.143957345971565,0.0,1.0,39.0,0.0,11.0,61.6293983296861,41.6293983296861,20.0,18.0,0.95,0,0,38,2
548,1,right_lane,adaptive,True,0.1,40,0,21.518957345971565,0.0,0.0,40.0,0.0,2.0,62.2303317535545,42.2303317535545,20.0,18.0,0.7,0,0,28,12
549,1,right_lane,adaptive,True,0.1,39,1,21.557904970196752,1.0,5.0,33.0,2.5,10.0,59.47747789196744,41.227477891967446,18.25,18.0,0.6666666666666666,0,0,26,13
550,1,right_lane,adaptive,True,0.1,12,1,21.31319115248597,0.0,0.0,12.0,0.5,5.5,17.93033175319327,11.930331753193268,6.0,18.0,1.0,0,0,12,0
551,1,right_lane,adaptive,True,0.1,40,0,20.268957345971565,0.0,1.0,39.0,0.0,8.5,59.47939651470176,39.72939651470176,19.75,18.0,1.0,0,0,40,0
552,1,right_lane,adaptive,True,0.1,40,0,21.393956596934782,0.0,1.0,39.0,0.0,1.5,62.02939531626012,42.02939531626012,20.0,18.0,0.925,0,0,37,3
553,1,right_lane,adaptive,True,0.1,40,0,23.893957331238,4.0,8.0,28.0,7.5,11.5,62.27565135632363,46.02565135632362,16.25,18.0,0.95,0,0,38,2
554,1,right_lane,adaptive,True,0.1,40,0,20.518957345971565,0.0,0.0,40.0,0.0,10.5,60.63033177402385,40.63033177402385,20.0,18.0,1.0,0,0,40,0
555,1,right_lane,adaptive,True,0.1,40,0,21.393957345971565,0.0,0.0,40.0,0.0,5.5,62.030331753554506,42.03033175355451,20.0,18.0,0.675,0,0,27,13
556,1,right_lane,adaptive,True,0.1,40,0,22.143671888689,0.0,1.0,39.0,0.0,4.5,63.228940934872874,43.228940934872874,20.0,18.0,0.625,0,0,25,15
557,1,right_lane,adaptive,True,0.1,40,0,23.99783240762488,0.0,0.0,40.0,0.0,3.5,66.19692843811995,46.19692843811995,20.0,18.0,0.725,0,0,29,11
558,1,right_lane,adaptive,True,0.1,40,0,24.374676852775025,0.0,10.0,30.0,4.5,8.0,64.74895338397805,46.99895338397804,17.75,18.0,0.825,0,0,33,7
559,1,right_lane,adaptive,True,0.1,40,0,22.627496341983182,0.0,1.0,39.0,0.0,4.5,64.20350665940124,44.20350665940126,20.0,18.0,0.875,0,0,35,5
560,1,right_lane,adaptive,True,0.1,40,0,20.518957345971565,1.0,5.0,34.0,3.0,12.5,59.40126768265907,40.65126768265907,18.75,18.0,0.975,0,0,39,1
561,1,right_lane,adaptive,True,0.1,40,0,21.143957345971565,1.0,1.0,38.0,0.5,3.5,61.12839840507326,41.62839840507327,19.5,18.0,1.0,0,0,40,0
562,1,right_lane,adaptive,True,0.1,40,0,21.893957345971565,3.0,5.0,32.0,5.5,6.0,60.07751828323721,42.827518283237204,17.25,18.0,1.0,0,0,40,0
563,1,right_lane,adaptive,True,0.1,40,0,20.768957345971565,0.0,5.0,35.0,2.0,8.0,60.02805488797689,41.02805488797691,19.0,18.0,1.0,0,0,40,0
564,1,right_lane,adaptive,True,0.1,40,0,21.14395659544609,1.0,11.0,28.0,5.5,16.0,58.87795127677489,41.62795127677489,17.25,18.0,1.0,0,0,40,0
565,1,right_lane,adaptive,True,0.1,40,0,20.8939566082395,0.0,0.0,40.0,0.0,0.0,61.23033161588854,41.230331615888545,20.0,18.0,0.675,0,0,27,13
566,1,right_lane,adaptive,True,0.1,40,0,21.393957345971565,0.0,0.0,40.0,0.0,0.5,62.03033277848597,42.03033277848597,20.0,18.0,0.95,0,0,38,2
567,1,right_lane,adaptive,True,0.1,40,0,20.518957345971565,0.0,1.0,39.0,0.0,16.0,60.629397667739944,40.629397667739944,20.0,18.0,0.825,0,0,33,7
568,1,right_lane,adaptive,True,0.1,40,0,20.768957345971565,0.0,1.0,39.0,0.0,10.0,61.02939651471896,41.02939651471896,20.0,18.0,0.95,0,0,38,2
569,1,right_lane,adaptive,True,0.1,40,0,21.893957345971565,0.0,1.0,39.0,0.0,1.0,62.8293983296861,42.829398329686114,20.0,18.0,0.925,0,0,37,3
570,1,right_lane,adaptive,True,0.1,40,0,20.768957345971565,1.0,2.0,37.0,2.0,2.0,60.030331753554506,41.030331753554506,19.0,18.0,0.2,0,0,8,32
571,1,right_lane,adaptive,True,0.1,40,0,24.768957344031914,0.0,4.0,36.0,2.0,8.5,66.42962272659277,47.429622726592754,19.0,18.0,0.7,0,0,28,12
572,1,right_lane,adaptive,True,0.1,40,0,23.51895669408468,0.0,11.0,29.0,5.0,3.5,62.92962254315858,45.42962254315858,17.5,18.0,0.975,0,0,39,1
573,1,right_lane,adaptive,True,0.1,40,0,22.018957345971565,0.0,1.0,39.0,0.0,5.0,63.02939923535282,43.02939923535282,20.0,18.0,0.7,0,0,28,12
574,1,right_lane,adaptive,True,0.1,38,1,21.07258667996542,0.0,4.0,34.0,1.5,5.5,57.678702244240824,39.42870224424082,18.25,18.0,0.7105263157894737,0,0,27,11
575,1,right_lane,adaptive,True,0.1,40,0,22.018919644945782,0.0,1.0,39.0,0.0,4.5,62.52933734487919,42.529337344879195,20.0,18.0,0.875,0,0,35,5
576,1,right_lane,adaptive,True,0.1,40,0,20.268957345971565,0.0,1.0,39.0,0.0,7.0,60.403111444192724,40.403111444192724,20.0,18.0,0.725,0,0,29,11
577,1,right_lane,adaptive,True,0.1,40,0,22.768957345971565,0.0,5.0,35.0,2.5,5.5,62.979413056131385,44.229413056131385,18.75,18.0,0.85,0,0,34,6
578,1,right_lane,adaptive,True,0.1,40,0,21.518957345971565,0.0,0.0,40.0,0.0,3.0,62.23033175355451,42.23033175355451,20.0,18.0,0.9,0,0,36,4
579,1,right_lane,adaptive,True,0.1,40,0,20.518957345971565,0.0,0.0,40.0,0.0,17.5,60.630331753554515,40.6303317535545,20.0,18.0,1.0,0,0,40,0
580,1,right_lane,adaptive,True,0.1,40,0,21.64395734448282,0.0,0.0,40.0,0.0,7.0,62.43033175117251,42.43033175117251,20.0,18.0,0.95,0,0,38,2
581,1,right_lane,adaptive,True,0.1,40,0,21.018957345971565,0.0,1.0,39.0,0.0,4.5,61.42939766980946,41.42939766980946,20.0,18.0,0.525,0,0,21,19
582,1,right_lane,adaptive,True,0.1,40,0,24.268957345971565,0.0,0.0,40.0,0.0,0.0,66.6303317535545,46.630331753554515,20.0,18.0,0.85,0,0,34,6
583,1,right_lane,adaptive,True,0.1,40,0,20.268957345971565,0.0,1.0,39.0,0.0,14.5,60.22939651470176,40.22939651470176,20.0,18.0,1.0,0,0,40,0
584,1,right_lane,adaptive,True,0.1,31,1,23.41155786576976,1.0,1.0,29.0,0.5,1.0,50.27839910886089,35.02839910886089,15.25,18.0,0.7096774193548387,0,0,22,9
585,1,right_lane,adaptive,True,0.1,40,0,20.393957345971565,1.0,1.0,38.0,0.5,7.5,59.67839717648496,39.92839717648496,19.75,18.0,1.0,0,0,40,0
586,1,right_lane,adaptive,True,0.1,40,0,20.268957345971565,0.0,0.0,40.0,0.0,6.0,60.2303317535545,40.2303317535545,20.0,18.0,1.0,0,0,40,0
587,1,right_lane,adaptive,True,0.1,40,0,21.518957345971565,0.0,5.0,35.0,3.0,3.0,60.98033175355451,42.23033175355451,18.75,18.0,0.675,0,0,27,13
588,1,right_lane,adaptive,True,0.1,40,0,21.393957345971565,4.0,3.0,33.0,4.5,17.5,59.52686854162552,42.026868541625525,17.5,18.0,1.0,0,0,40,0
589,1,right_lane,adaptive,True,0.1,40,0,23.393957345937995,0.0,5.0,35.0,3.0,4.5,63.97963748000263,45.22963748000263,18.75,18.0,0.875,0,0,35,5
590,1,right_lane,adaptive,True,0.1,40,0,22.768957345971565,0.0,1.0,39.0,0.0,4.0,63.979398329686106,44.2293983296861,19.75,18.0,0.85,0,0,34,6
591,1,right_lane,adaptive,True,0.1,9,1,21.19536592423284,0.0,1.0,8.0,0.5,4.5,13.72939649387108,9.22939649387108,4.5,18.0,1.0,0,0,9,0
592,1,right_lane,adaptive,True,0.1,40,0,21.393671888659334,0.0,1.0,39.0,0.0,4.0,61.27894159798654,41.52894159798654,19.75,18.0,0.975,0,0,39,1
593,1,right_lane,adaptive,True,0.1,40,0,23.518957344257114,0.0,1.0,39.0,0.0,1.0,65.42979491290433,45.42979491290433,20.0,18.0,0.85,0,0,34,6
594,1,right_lane,adaptive,True,0.1,40,0,22.018957345971565,0.0,1.0,39.0,0.0,0.5,63.029398332067984,43.029398332067984,20.0,18.0,0.925,0,0,37,3
595,1,right_lane,adaptive,True,0.1,40,0,21.018957345970993,0.0,1.0,39.0,0.0,5.5,61.429397667739025,41.429397667739025,20.0,18.0,0.925,0,0,37,3
596,1,right_lane,adaptive,True,0.1,40,0,20.768957345971565,0.0,1.0,39.0,0.0,1.5,61.02939766774195,41.02939766774195,20.0,18.0,1.0,0,0,40,0
597,1,right_lane,adaptive,True,0.1,40,0,20.268957345971565,0.0,1.0,39.0,0.0,5.0,60.22939651470176,40.22939651470176,20.0,18.0,1.0,0,0,40,0
598,1,right_lane,adaptive,True,0.1,38,1,20.6778498378648,0.0,0.0,38.0,0.5,0.5,57.8303317535545,38.8303317535545,19.0,18.0,0.2631578947368421,0,0,10,28
599,1,right_lane,adaptive,True,0.1,40,0,21.14395724564825,1.0,8.0,31.0,4.0,14.5,58.8760437325744,41.12604373257439,17.75,18.0,1.0,0,0,40,0
600,1,right_lane,adaptive,True,0.1,40,0,20.76891480462308,0.0,4.0,36.0,1.5,16.5,60.279320736730305,41.029320736730305,19.25,18.0,1.0,0,0,40,0
601,1,right_lane,adaptive,True,0.1,40,0,20.518957345971565,1.0,1.0,38.0,0.5,1.0,60.378457505756884,40.628457505756884,19.75,18.0,0.15,0,0,6,34
602,1,right_lane,adaptive,True,0.1,40,0,20.89395734596765,0.0,1.0,39.0,0.0,10.5,61.22939766651418,41.229397666514174,20.0,18.0,0.975,0,0,39,1
603,1,right_lane,adaptive,True,0.1,40,0,22.143957345945747,1.0,1.0,38.0,0.5,3.0,62.97839910882503,43.22839910882504,19.75,18.0,0.95,0,0,38,2
604,1,right_lane,adaptive,True,0.1,40,0,22.26895174381868,0.0,0.0,40.0,0.0,11.0,63.43032279014575,43.43032279014576,20.0,18.0,0.85,0,0,34,6
605,1,right_lane,adaptive,True,0.1,40,0,21.393629347340514,0.0,1.0,39.0,0.0,13.5,62.028880653005466,42.028880653005466,20.0,18.0,0.925,0,0,37,3
606,1,right_lane,adaptive,True,0.1,40,0,21.87532874938229,1.0,1.0,38.0,0.5,2.5,62.54904833843103,42.79904833843103,19.75,18.0,0.9,0,0,36,4
607,1,right_lane,adaptive,True,0.1,40,0,20.643957345971565,0.0,0.0,40.0,0.0,1.5,61.029875021902406,41.029875021902406,20.0,18.0,1.0,0,0,40,0
608,1,right_lane,adaptive,True,0.1,40,0,22.016466606367043,0.0,4.0,36.0,2.0,1.0,62.02563768134231,43.0256376813423,19.0,18.0,0.925,0,0,37,3
609,1,right_lane,adaptive,True,0.1,40,0,21.768957345971565,0.0,1.0,39.0,0.0,4.5,62.63285805398827,42.632858053988265,20.0,18.0,0.925,0,0,37,3
610,1,right_lane,adaptive,True,0.1,40,0,21.0189573329563,0.0,0.0,40.0,0.0,6.5,61.43033173273008,41.43033173273009,20.0,18.0,0.875,0,0,35,5
611,1,right_lane,adaptive,True,0.1,40,0,21.518957345971565,0.0,0.0,40.0,0.0,3.5,62.23033177163661,42.230331771636614,20.0,18.0,0.925,0,0,37,3
612,1,right_lane,adaptive,True,0.1,40,0,22.393957345971565,1.0,1.0,38.0,0.5,9.5,63.37839840507331,43.628398405073305,19.75,18.0,0.6,0,0,24,16
613,1,right_lane,adaptive,True,0.1,40,0,21.268957345971565,1.0,1.0,38.0,0.5,10.5,61.57839840304394,41.82839840304395,19.75,18.0,0.95,0,0,38,2
614,1,right_lane,adaptive,True,0.1,40,0,20.518957345971565,0.0,0.0,40.0,0.0,3.5,60.63033175355449,40.6303317535545,20.0,18.0,0.975,0,0,39,1
615,1,right_lane,adaptive,True,0.1,40,0,20.518956692595996,0.0,0.0,40.0,0.0,7.0,60.630330708153586,40.630330708153586,20.0,18.0,1.0,0,0,40,0
616,1,right_lane,adaptive,True,0.1,40,0,23.01895733298212,1.0,4.0,35.0,2.0,9.0,63.62870414761512,44.628704147615124,19.0,18.0,0.925,0,0,37,3
617,1,right_lane,adaptive,True,0.1,40,0,22.518957345971565,0.0,1.0,39.0,0.0,0.5,63.82939834773236,43.82939834773235,20.0,18.0,0.85,0,0,34,6
618,1,right_lane,adaptive,True,0.1,40,0,24.143957345971565,0.0,0.0,40.0,0.0,2.0,66.4303317535545,46.430331753554505,20.0,18.0,0.85,0,0,34,6
619,1,right_lane,adaptive,True,0.1,40,0,21.268957345971565,1.0,1.0,38.0,0.5,0.5,61.57839840434149,41.8283984043415,19.75,18.0,0.925,0,0,37,3
620,1,right_lane,adaptive,True,0.1,40,0,21.768957345971565,0.0,0.0,40.0,0.5,3.0,62.6303317535545,42.63033175355451,20.0,18.0,0.9,0,0,36,4
621,1,right_lane,adaptive,True,0.1,40,0,22.268957345971565,1.0,6.0,33.0,3.0,9.0,61.6747254799822,43.4247254799822,18.25,18.0,0.95,0,0,38,2
622,1,right_lane,adaptive,True,0.1,40,0,20.393957345971565,0.0,1.0,39.0,0.0,3.0,60.429397666520444,40.429397666520444,20.0,18.0,1.0,0,0,40,0
623,1,right_lane,adaptive,True,0.1,40,0,20.643957345971565,1.0,1.0,38.0,0.5,2.5,60.578397176485026,40.828397176485026,19.75,18.0,1.0,0,0,40,0
624,1,right_lane,adaptive,True,0.1,40,0,20.393957345971565,0.0,5.0,35.0,2.0,10.5,59.42853523724091,40.42853523724091,19.0,18.0,1.0,0,0,40,0
625,1,right_lane,adaptive,True,0.1,40,0,21.393957345971565,0.0,1.0,39.0,0.0,7.5,62.0293983296861,42.029398329686096,20.0,18.0,0.95,0,0,38,2
626,1,right_lane,adaptive,True,0.1,40,0,21.518957345971565,0.0,1.0,39.0,0.0,9.5,62.22939766774115,42.22939766774115,20.0,18.0,0.85,0,0,34,6
627,1,right_lane,adaptive,True,0.1,40,0,22.143957345971565,0.0,0.0,40.0,0.0,0.0,63.23033175355451,43.230331753554495,20.0,18.0,0.925,0,0,37,3
628,1,right_lane,adaptive,True,0.1,40,0,22.143628596815045,0.0,0.0,40.0,0.0,3.0,63.22980575490407,43.22980575490408,20.0,18.0,0.95,0,0,38,2
629,1,right_lane,adaptive,True,0.1,40,0,22.643957345971565,0.0,3.0,37.0,1.5,3.5,63.28009317139365,44.03009317139365,19.25,18.0,0.775,0,0,31,9
630,1,right_lane,adaptive,True,0.1,40,0,20.268957345971565,0.0,0.0,40.0,0.0,18.5,60.23033175355451,40.2303317535545,20.0,18.0,1.0,0,0,40,0
631,1,right_lane,adaptive,True,0.1,40,0,20.893957345971565,0.0,1.0,39.0,0.0,16.5,61.22939651471896,41.22939651471895,20.0,18.0,0.975,0,0,39,1
632,1,right_lane,adaptive,True,0.1,40,0,26.268957345967635,0.0,0.0,40.0,0.0,0.5,69.83033175354821,49.83033175354822,20.0,18.0,0.625,0,0,25,15
633,1,right_lane,adaptive,True,0.1,13,1,25.44281216934526,1.0,1.0,11.0,1.0,2.5,21.878329683371383,15.62832968337138,6.25,18.0,0.6923076923076923,0,0,9,4
634,1,right_lane,adaptive,True,0.1,40,0,21.268957345971565,0.0,5.0,35.0,2.5,4.5,59.82939796973335,41.32939796973335,18.5,18.0,1.0,0,0,40,0
635,1,right_lane,adaptive,True,0.1,40,0,21.143957345971565,1.0,1.0,38.0,0.5,4.0,61.378397176503256,41.62839717650326,19.75,18.0,0.95,0,0,38,2
636,1,right_lane,adaptive,True,0.1,40,0,21.143957345971565,1.0,1.0,38.0,0.5,0.0,61.37839910886089,41.62839910886089,19.75,18.0,0.975,0,0,39,1
637,1,right_lane,adaptive,True,0.1,40,0,20.643957345971565,0.0,0.0,40.0,0.0,1.5,60.8303317535545,40.8303317535545,20.0,18.0,1.0,0,0,40,0
638,1,right_lane,adaptive,True,0.1,40,0,22.016789654732083,0.0,7.0,33.0,4.0,11.5,61.27551804017618,43.025518040176166,18.25,18.0,0.975,0,0,39,1
639,1,right_lane,adaptive,True,0.1,40,0,24.766133005583107,0.0,5.0,35.0,2.0,11.0,66.17718207291442,47.42718207291441,18.75,18.0,0.725,0,0,29,11
640,1,right_lane,adaptive,True,0.1,40,0,25.252496440617865,0.0,0.0,40.0,0.0,1.0,68.20791816224937,48.207918162249385,20.0,18.0,0.75,0,0,30,10
641,1,right_lane,adaptive,True,0.1,40,0,20.872875600860247,0.0,8.0,32.0,4.0,14.5,59.392724585050836,41.39272458505083,18.0,18.0,1.0,0,0,40,0
642,1,right_lane,adaptive,True,0.1,40,0,21.268957345971565,0.0,1.0,39.0,0.0,0.0,62.03140168464572,42.03140168464573,20.0,18.0,0.9,0,0,36,4
643,1,right_lane,adaptive,True,0.1,40,0,23.518957345971565,0.0,1.0,39.0,0.0,2.5,65.42939832968612,45.42939832968611,20.0,18.0,0.575,0,0,23,17
644,1,right_lane,adaptive,True,0.1,40,0,21.393908367588224,1.0,5.0,34.0,2.5,14.5,60.77760992460858,42.02760992460858,18.75,18.0,1.0,0,0,40,0
645,1,right_lane,adaptive,True,0.1,40,0,22.14113291973792,0.0,0.0,40.0,0.0,2.0,63.22588071726881,43.22588071726881,20.0,18.0,0.825,0,0,33,7
646,1,right_lane,adaptive,True,0.1,40,0,21.643957345971565,0.0,1.0,39.0,0.0,5.5,62.43332230621481,42.43332230621482,20.0,18.0,0.725,0,0,29,11
647,1,right_lane,adaptive,True,0.1,40,0,21.2689566082395,0.0,10.0,30.0,5.0,15.5,59.32962587521062,41.829625875210624,17.5,18.0,1.0,0,0,40,0
648,1,right_lane,adaptive,True,0.1,40,0,21.268957345971565,1.0,1.0,38.0,0.5,10.0,61.578398405073315,41.82839840507331,19.75,18.0,0.975,0,0,39,1
649,1,right_lane,adaptive,True,0.1,40,0,21.518957345967653,0.0,1.0,39.0,0.0,9.5,62.22939766773488,42.22939766773488,20.0,18.0,0.925,0,0,37,3
650,1,right_lane,adaptive,True,0.1,40,0,22.518957344257622,1.0,1.0,38.0,0.5,1.0,63.578399106124024,43.828399106124024,19.75,18.0,0.9,0,0,36,4
651,1,right_lane,adaptive,True,0.1,40,0,21.893957345971565,0.0,0.0,40.0,0.0,2.5,62.83033175593568,42.83033175593569,20.0,18.0,0.875,0,0,35,5
652,1,right_lane,adaptive,True,0.1,40,0,21.393957345971565,0.0,1.0,39.0,0.0,8.5,62.029397667741144,42.02939766774114,20.0,18.0,0.825,0,0,33,7
653,1,right_lane,adaptive,True,0.1,40,0,20.268957345971565,0.0,0.0,40.0,0.0,10.0,60.2303317535545,40.2303317535545,20.0,18.0,0.775,0,0,31,9
654,1,right_lane,adaptive,True,0.1,40,0,22.018957345971565,0.0,5.0,35.0,2.5,3.0,61.779393929399035,43.02939392939902,18.75,18.0,0.675,0,0,27,13
655,1,right_lane,adaptive,True,0.1,40,0,21.393957345971565,1.0,2.0,37.0,1.5,9.5,61.52839840434077,42.02839840434078,19.5,18.0,0.9,0,0,36,4
656,1,right_lane,adaptive,True,0.1,40,0,22.518957247107274,1.0,1.0,38.0,0.5,4.5,63.50205887847592,44.00205887847592,19.5,18.0,0.95,0,0,38,2
657,1,right_lane,adaptive,True,0.1,40,0,21.768957345941836,0.0,0.0,40.0,0.0,0.0,62.63033189085913,42.63033189085913,20.0,18.0,0.975,0,0,39,1
658,1,right_lane,adaptive,True,0.1,40,0,20.393957345971565,1.0,14.0,25.0,7.0,18.0,56.928397155701546,40.428397155701546,16.5,18.0,0.975,0,0,39,1
659,1,right_lane,adaptive,True,0.1,13,1,21.212176449051793,1.0,1.0,11.0,1.0,6.5,19.678397176437386,13.428397176437388,6.25,18.0,1.0,0,0,13,0
660,1,right_lane,adaptive,True,0.1,40,0,21.643957345941836,0.0,0.0,40.0,0.0,1.0,61.68033175350694,41.930331753506934,19.75,18.0,0.95,0,0,38,2
661,1,right_lane,adaptive,True,0.1,40,0,21.768957345971565,1.0,1.0,38.0,0.5,7.5,62.378399108902194,42.6283991089022,19.75,18.0,0.925,0,0,37,3
662,1,right_lane,adaptive,True,0.1,40,0,21.518957345971565,0.0,1.0,39.0,0.0,14.0,62.22939651471897,42.229396514718964,20.0,18.0,0.95,0,0,38,2
663,1,right_lane,adaptive,True,0.1,40,0,21.518957345971565,1.0,6.0,33.0,3.0,5.0,60.72844526156226,42.22844526156225,18.5,18.0,1.0,0,0,40,0
664,1,right_lane,adaptive,True,0.1,38,1,20.6778498378648,1.0,1.0,36.0,1.0,10.0,57.578398404339495,38.828398404339495,18.75,18.0,1.0,0,0,38,0
665,1,right_lane,adaptive,True,0.1,40,0,21.518957344286825,0.0,0.0,40.0,0.0,2.0,61.48033175085892,41.73033175085892,19.75,18.0,0.925,0,0,37,3
666,1,right_lane,adaptive,True,0.1,40,0,23.48104265403287,0.0,1.0,39.0,0.0,7.5,65.36873300995764,45.36873300995764,20.0,18.0,0.65,0,0,26,14
667,1,right_lane,adaptive,True,0.1,40,0,21.643957345971565,1.0,1.0,38.0,0.5,6.5,62.57839840433533,42.82839840433533,19.75,18.0,0.575,0,0,23,17
668,1,right_lane,adaptive,True,0.1,40,0,22.018957345971565,1.0,1.0,38.0,0.5,1.5,62.778399108860896,43.0283991088609,19.75,18.0,0.925,0,0,37,3
669,1,right_lane,adaptive,True,0.1,40,0,20.393957345971565,0.0,0.0,40.0,0.0,10.5,60.430331753554505,40.430331753554505,20.0,18.0,1.0,0,0,40,0
670,1,right_lane,adaptive,True,0.1,40,0,21.268671041013626,1.0,1.0,38.0,0.5,14.5,61.57793908855226,41.82793908855226,19.75,18.0,0.95,0,0,38,2
671,1,right_lane,adaptive,True,0.1,40,0,21.643957345971565,5.0,3.0,32.0,5.5,3.0,59.67714701870081,42.4271470187008,17.25,18.0,1.0,0,0,40,0
672,1,right_lane,adaptive,True,0.1,40,0,22.01895734597156,0.0,4.0,36.0,1.5,10.0,62.278703397976734,43.02870339797673,19.25,18.0,0.7,0,0,28,12
673,1,right_lane,adaptive,True,0.1,40,0,22.393957345971565,0.0,6.0,34.0,2.5,4.0,62.37962330848554,43.62962330848555,18.75,18.0,0.925,0,0,37,3
674,1,right_lane,adaptive,True,0.1,40,0,20.643957345971565,1.0,1.0,38.0,0.5,15.0,60.578398404339495,40.828398404339495,19.75,18.0,0.95,0,0,38,2
675,1,right_lane,adaptive,True,0.1,40,0,23.268956498296195,1.0,14.0,25.0,7.0,13.0,61.52778476624785,45.027784766247834,16.5,18.0,0.925,0,0,37,3
676,1,right_lane,adaptive,True,0.1,40,0,20.393957345971565,0.0,1.0,39.0,0.0,3.5,60.429398844196186,40.429398844196186,20.0,18.0,1.0,0,0,40,0
677,1,right_lane,adaptive,True,0.1,40,0,20.893957345971565,0.0,4.0,36.0,2.0,14.0,60.228988975049944,41.22898897504995,19.0,18.0,1.0,0,0,40,0
678,1,right_lane,adaptive,True,0.1,40,0,20.518957345971565,0.0,1.0,39.0,0.0,5.5,60.629397667739944,40.629397667739944,20.0,18.0,1.0,0,0,40,0
679,1,right_lane,adaptive,True,0.1,40,0,21.89390835479482,0.0,5.0,35.0,2.0,3.0,61.828610673030646,42.828610673030646,19.0,18.0,1.0,0,0,40,0
680,1,right_lane,adaptive,True,0.1,40,0,22.39395734574963,0.0,1.0,39.0,0.0,4.5,63.62946573153766,43.62946573153766,20.0,18.0,0.9,0,0,36,4
681,1,right_lane,adaptive,True,0.1,40,0,24.143957344031918,0.0,1.0,39.0,0.0,1.0,66.42939832689099,46.42939832689099,20.0,18.0,0.85,0,0,34,6
682,1,right_lane,adaptive,True,0.1,40,0,23.268957345971565,1.0,1.0,38.0,0.5,3.0,64.77839840703426,45.02839840703425,19.75,18.0,0.75,0,0,30,10
683,1,right_lane,adaptive,True,0.1,40,0,21.018957345971565,0.0,0.0,40.0,0.0,0.0,61.4303317535545,41.430331753554505,20.0,18.0,0.375,0,0,15,25
684,1,right_lane,adaptive,True,0.1,40,0,21.768957345971565,0.0,3.0,37.0,1.5,5.0,61.87963670608195,42.62963670608195,19.25,18.0,0.95,0,0,38,2
685,1,right_lane,adaptive,True,0.1,40,0,21.768957345971565,0.0,1.0,39.0,0.0,5.0,62.62939766774184,42.62939766774183,20.0,18.0,0.925,0,0,37,3
686,1,right_lane,adaptive,True,0.1,40,0,22.268586068259964,0.0,1.0,39.0,0.0,2.0,63.428803623403255,43.42880362340327,20.0,18.0,0.875,0,0,35,5
687,1,right_lane,adaptive,True,0.1,40,0,21.768957345971565,0.0,0.0,40.0,0.0,7.0,62.630847569832014,42.630847569832014,20.0,18.0,0.9,0,0,36,4
688,1,right_lane,adaptive,True,0.1,40,0,20.768957345971565,0.0,0.0,40.0,0.0,3.0,61.030331753554506,41.030331753554506,20.0,18.0,1.0,0,0,40,0
689,1,right_lane,adaptive,True,0.1,40,0,22.643957345971113,0.0,0.0,40.0,0.0,3.5,64.03033175355378,44.03033175355379,20.0,18.0,0.875,0,0,35,5
690,1,right_lane,adaptive,True,0.1,40,0,22.01895734596714,1.0,4.0,35.0,2.0,11.0,62.027704838400574,43.027704838400574,19.0,18.0,0.95,0,0,38,2
691,1,right_lane,adaptive,True,0.1,40,0,21.518957345971565,0.0,0.0,40.0,0.0,0.5,62.23033175356063,42.230331753560634,20.0,18.0,0.825,0,0,33,7
692,1,right_lane,adaptive,True,0.1,40,0,21.143957345971565,0.0,4.0,36.0,2.0,10.0,60.62937866352393,41.629378663523916,19.0,18.0,1.0,0,0,40,0
693,1,right_lane,adaptive,True,0.1,34,1,22.08112628937831,1.0,4.0,29.0,2.5,7.5,52.62724739064399,36.62724739064399,16.0,18.0,0.9117647058823529,0,0,31,3
694,1,right_lane,adaptive,True,0.1,40,0,21.393957345971565,0.0,0.0,40.0,0.0,9.5,61.2803317535545,41.530331753554506,19.75,18.0,0.95,0,0,38,2
695,1,right_lane,adaptive,True,0.1,40,0,21.122875600860247,0.0,1.0,39.0,0.0,8.5,61.59566687434234,41.59566687434234,20.0,18.0,0.95,0,0,38,2
696,1,right_lane,adaptive,True,0.1,40,0,20.62749644062177,1.0,1.0,38.0,0.5,15.5,60.58134860508407,40.83134860508405,19.75,18.0,1.0,0,0,40,0
697,1,right_lane,adaptive,True,0.1,40,0,21.39395734596765,1.0,5.0,34.0,2.5,7.5,61.14765510143992,42.397655101439916,18.75,18.0,1.0,0,0,40,0
698,1,right_lane,adaptive,True,0.1,40,0,21.893957345971565,0.0,4.0,36.0,1.5,8.5,62.07870337960633,42.82870337960632,19.25,18.0,0.625,0,0,25,15
699,1,right_lane,adaptive,True,0.1,40,0,20.393957345971565,1.0,1.0,38.0,0.5,7.5,60.17839717648496,40.42839717648496,19.75,18.0,1.0,0,0,40,0
700,1,right_lane,adaptive,True,0.1,16,1,20.672393364928887,0.0,1.0,15.0,0.5,7.5,24.229396514701747,16.229396514701747,8.0,18.0,1.0,0,0,16,0
701,1,right_lane,adaptive,True,0.1,40,0,22.76895724882166,0.0,0.0,40.0,0.0,7.5,63.48033159811466,43.73033159811466,19.75,18.0,0.85,0,0,34,6
702,1,right_lane,adaptive,True,0.1,40,0,23.268957260126378,4.0,3.0,33.0,4.5,2.5,62.777267361546976,45.02726736154697,17.75,18.0,0.975,0,0,39,1
703,1,right_lane,adaptive,True,0.1,40,0,22.518585317538452,1.0,4.0,35.0,2.0,10.5,62.82616599271182,43.826165992711815,19.0,18.0,0.85,0,0,34,6
704,1,right_lane,adaptive,True,0.1,40,0,22.143957345971565,0.0,0.0,40.0,0.0,5.5,63.23084861280972,43.23084861280972,20.0,18.0,0.875,0,0,35,5
705,1,right_lane,adaptive,True,0.1,40,0,21.393957345971565,1.0,1.0,38.0,0.5,2.0,61.77839717650325,42.02839717650325,19.75,18.0,0.875,0,0,35,5
706,1,right_lane,adaptive,True,0.1,40,0,21.768950896143306,4.0,6.0,30.0,6.0,6.5,59.62581951035956,42.62581951035957,17.0,18.0,0.975,0,0,39,1
707,1,right_lane,adaptive,True,0.1,40,0,23.143957345971565,0.0,1.0,39.0,0.0,5.5,64.82940726784801,44.82940726784802,20.0,18.0,0.6,0,0,24,16
708,1,right_lane,adaptive,True,0.1,40,0,20.893957260126378,1.0,1.0,38.0,0.5,5.0,60.97839703913266,41.228397039132666,19.75,18.0,1.0,0,0,40,0
709,1,right_lane,adaptive,True,0.1,40,0,20.768957345971497,0.0,0.0,40.0,0.0,4.5,61.20399442425947,41.20399442425946,20.0,18.0,1.0,0,0,40,0
710,1,right_lane,adaptive,True,0.1,40,0,21.393957345971565,0.0,7.0,33.0,3.0,6.5,60.52848070080194,42.02848070080194,18.5,18.0,0.375,0,0,15,25
711,1,right_lane,adaptive,True,0.1,40,0,20.893957345971565,1.0,2.0,37.0,1.0,2.5,60.7280490881554,41.2280490881554,19.5,18.0,0.9,0,0,36,4
712,1,right_lane,adaptive,True,0.1,40,0,21.143957345971565,0.0,1.0,39.0,0.0,5.5,61.62939832968609,41.62939832968609,20.0,18.0,0.975,0,0,39,1
713,1,right_lane,adaptive,True,0.1,40,0,20.768957345971565,1.0,1.0,38.0,0.5,7.0,60.77839910880876,41.02839910880877,19.75,18.0,1.0,0,0,40,0
714,1,right_lane,adaptive,True,0.1,40,0,22.143957345971565,1.0,1.0,38.0,0.5,2.0,62.978397176503265,43.22839717650326,19.75,18.0,0.875,0,0,35,5
715,1,right_lane,adaptive,True,0.1,40,0,22.393957345971494,0.0,1.0,39.0,0.0,9.0,63.629396514718835,43.62939651471885,20.0,18.0,0.9,0,0,36,4
716,1,right_lane,adaptive,True,0.1,40,0,20.268957345971565,0.0,0.0,40.0,0.0,15.0,60.2303317535546,40.230331753554594,20.0,18.0,1.0,0,0,40,0
717,1,right_lane,adaptive,True,0.1,40,0,23.268957345941317,0.0,3.0,37.0,1.5,3.0,64.2786921190594,45.02869211905939,19.25,18.0,0.725,0,0,29,11
718,1,right_lane,adaptive,True,0.1,7,1,22.251152256881806,1.0,1.0,5.0,0.5,1.5,10.678388054899383,7.428388054899383,3.25,18.0,0.2857142857142857,0,0,2,5
719,1,right_lane,adaptive,True,0.1,40,0,22.26895659693477,0.0,0.0,40.0,0.0,7.0,62.93033055509564,42.930330555095644,20.0,18.0,0.9,0,0,36,4
720,1,right_lane,adaptive,True,0.1,40,0,20.893957345971565,0.0,1.0,39.0,0.0,5.0,61.229398707157564,41.22939870715757,20.0,18.0,1.0,0,0,40,0
721,1,right_lane,adaptive,True,0.1,40,0,21.393957345971565,0.0,0.0,40.0,0.0,5.0,62.03033175355449,42.030331753554506,20.0,18.0,0.7,0,0,28,12
722,1,right_lane,adaptive,True,0.1,40,0,21.26895724542639,1.0,4.0,35.0,2.0,11.5,60.827702745561254,41.827702745561254,19.0,18.0,1.0,0,0,40,0
723,1,right_lane,adaptive,True,0.1,40,0,22.143627944706306,0.0,0.0,40.0,0.0,3.0,63.22980485121755,43.229804851217544,20.0,18.0,0.875,0,0,35,5
724,1,right_lane,adaptive,True,0.1,40,0,22.76613860771018,0.0,8.0,32.0,4.0,12.0,62.22626990733983,44.22626990733982,18.0,18.0,0.825,0,0,33,7
725,1,right_lane,adaptive,True,0.1,40,0,22.393957345971565,1.0,1.0,38.0,0.5,0.5,63.38231518308743,43.632315183087414,19.75,18.0,0.875,0,0,35,5
726,1,right_lane,adaptive,True,0.1,40,0,21.143957345971565,0.0,0.0,40.0,0.0,6.0,61.63033175355449,41.6303317535545,20.0,18.0,0.95,0,0,38,2
727,1,right_lane,adaptive,True,0.1,40,0,20.643957345971565,0.0,1.0,39.0,0.0,1.0,60.82939766774115,40.82939766774115,20.0,18.0,1.0,0,0,40,0
728,1,right_lane,adaptive,True,0.1,40,0,21.018957345971565,0.0,0.0,40.0,0.0,2.5,61.43033175355449,41.4303317535545,20.0,18.0,0.95,0,0,38,2
729,1,right_lane,adaptive,True,0.1,40,0,21.393957345971565,0.0,1.0,39.0,0.0,0.5,62.02939766843072,42.029397668430725,20.0,18.0,0.775,0,0,31,9
730,1,right_lane,adaptive,True,0.1,40,0,21.768957345971565,0.0,0.0,40.0,0.0,1.5,62.63033175355451,42.63033175355451,20.0,18.0,0.925,0,0,37,3
731,1,right_lane,adaptive,True,0.1,40,0,20.393957345971565,1.0,1.0,38.0,0.5,18.5,60.17839717648496,40.42839717648496,19.75,18.0,1.0,0,0,40,0
732,1,right_lane,adaptive,True,0.1,40,0,20.768957345971565,1.0,1.0,38.0,0.5,6.5,60.77839840434078,41.02839840434077,19.75,18.0,1.0,0,0,40,0
733,1,right_lane,adaptive,True,0.1,40,0,21.268957345971565,0.0,3.0,37.0,1.5,5.0,61.07963748071866,41.829637480718674,19.25,18.0,1.0,0,0,40,0
734,1,right_lane,adaptive,True,0.1,40,0,21.893957345971565,1.0,1.0,38.0,0.5,1.0,62.57839840507325,42.82839840507326,19.75,18.0,0.975,0,0,39,1
735,1,right_lane,adaptive,True,0.1,40,0,21.76895734597155,2.0,6.0,32.0,4.0,5.5,60.62744684281762,42.62744684281762,18.0,18.0,0.825,0,0,33,7
736,1,right_lane,adaptive,True,0.1,40,0,21.268957345971565,0.0,6.0,34.0,3.0,10.0,60.32829985359014,41.82829985359014,18.5,18.0,0.95,0,0,38,2
737,1,right_lane,adaptive,True,0.1,40,0,21.768957345971565,1.0,1.0,38.0,0.5,7.5,62.37839910886089,42.6283991088609,19.75,18.0,0.975,0,0,39,1
738,1,right_lane,adaptive,True,0.1,40,0,22.268957345971565,0.0,1.0,39.0,0.0,6.5,63.42939832968611,43.42939832968611,20.0,18.0,0.95,0,0,38,2
739,1,right_lane,adaptive,True,0.1,40,0,23.37532874938223,0.0,0.0,40.0,0.0,11.5,65.20052599901156,45.20052599901157,20.0,18.0,0.7,0,0,28,12
740,1,right_lane,adaptive,True,0.1,40,0,22.393957331493432,0.0,0.0,40.0,0.0,1.5,63.65621244729715,43.65621244729715,20.0,18.0,0.8,0,0,32,8
741,1,right_lane,adaptive,True,0.1,40,0,21.37749644062177,0.0,1.0,39.0,0.0,1.5,62.00306090124091,42.00306090124091,20.0,18.0,0.95,0,0,38,2
742,1,right_lane,adaptive,True,0.1,40,0,22.393957345971565,0.0,0.0,40.0,0.0,4.5,63.82686344757133,43.826863447571334,20.0,18.0,0.85,0,0,34,6
743,1,right_lane,adaptive,True,0.1,23,1,20.467751906037503,0.0,0.0,23.0,0.5,9.5,34.7303317535545,23.230331753554502,11.5,18.0,1.0,0,0,23,0
744,1,right_lane,adaptive,True,0.1,40,0,21.518957344482878,0.0,1.0,39.0,0.0,12.0,61.4793983273042,41.7293983273042,19.75,18.0,0.95,0,0,38,2
745,1,right_lane,adaptive,True,0.1,40,0,25.643957345971565,1.0,16.0,23.0,8.5,4.5,64.57683386720586,48.826833867205856,15.75,18.0,0.925,0,0,37,3
746,1,right_lane,adaptive,True,0.1,40,0,21.643957345967657,0.0,1.0,39.0,0.0,0.5,62.4293976677349,42.4293976677349,20.0,18.0,0.825,0,0,33,7
747,1,right_lane,adaptive,True,0.1,40,0,21.018957345971565,0.0,17.0,23.0,9.0,5.5,57.180331753559926,41.43033175355993,15.75,18.0,0.925,0,0,37,3
748,1,right_lane,adaptive,True,0.1,40,0,20.393957345971565,0.0,1.0,39.0,0.0,15.5,60.179397666520444,40.429397666520444,19.75,18.0,1.0,0,0,40,0
749,1,right_lane,adaptive,True,0.1,40,0,21.268957345971565,1.0,1.0,38.0,0.5,0.0,61.57839910886089,41.82839910886089,19.75,18.0,0.6,0,0,24,16
750,1,right_lane,adaptive,True,0.1,40,0,21.768957345971554,0.0,0.0,40.0,0.0,5.0,62.630331753554486,42.630331753554486,20.0,18.0,0.9,0,0,36,4
751,1,right_lane,adaptive,True,0.1,40,0,21.393957345971565,0.0,1.0,39.0,0.0,0.0,62.02939832968612,42.02939832968612,20.0,18.0,0.8,0,0,32,8
752,1,right_lane,adaptive,True,0.1,40,0,21.518957345971554,1.0,1.0,38.0,0.5,7.5,61.97839910886087,42.22839910886086,19.75,18.0,0.85,0,0,34,6
753,1,right_lane,adaptive,True,0.1,40,0,21.89391975488909,0.0,1.0,39.0,0.0,1.5,62.829336368987015,42.829336368987015,20.0,18.0,0.9,0,0,36,4
754,1,right_lane,adaptive,True,0.1,40,0,23.393957345971558,0.0,0.0,40.0,0.0,2.0,65.23038397886084,45.23038397886084,20.0,18.0,0.825,0,0,33,7
755,1,right_lane,adaptive,True,0.1,40,0,22.643957345971565,0.0,2.0,38.0,0.5,8.5,63.77939832968613,44.0293983296861,19.75,18.0,0.575,0,0,23,17
756,1,right_lane,adaptive,True,0.1,40,0,20.393957345971565,1.0,1.0,38.0,0.5,12.5,60.17839717648496,40.42839717648496,19.75,18.0,1.0,0,0,40,0
757,1,right_lane,adaptive,True,0.1,40,0,20.393957345971565,1.0,1.0,38.0,0.5,5.5,60.17839717648496,40.42839717648496,19.75,18.0,1.0,0,0,40,0
758,1,right_lane,adaptive,True,0.1,32,1,21.117446682464454,0.0,1.0,31.0,0.5,9.0,49.40306088112643,33.40306088112643,16.0,18.0,1.0,0,0,32,0
759,1,right_lane,adaptive,True,0.1,40,0,21.268957345971565,0.0,1.0,39.0,0.0,0.0,61.07939766774115,41.32939766774115,19.75,18.0,0.125,0,0,5,35
760,1,right_lane,adaptive,True,0.1,40,0,21.893909103635565,0.0,0.0,40.0,0.0,2.0,62.8302545658169,42.830254565816915,20.0,18.0,0.925,0,0,37,3
761,1,right_lane,adaptive,True,0.1,40,0,20.393957345971565,1.0,1.0,38.0,0.5,18.5,60.178464199582216,40.428464199582216,19.75,18.0,0.975,0,0,39,1
762,1,right_lane,adaptive,True,0.1,40,0,22.643957345971565,0.0,1.0,39.0,0.0,9.0,64.20306021987105,44.20306021987105,20.0,18.0,0.825,0,0,33,7
763,1,right_lane,adaptive,True,0.1,22,1,23.44355863422119,0.0,1.0,21.0,0.5,1.5,35.82939817424624,24.82939817424624,11.0,18.0,0.5,0,0,11,11
764,1,right_lane,adaptive,True,0.1,40,0,21.143957345971565,0.0,1.0,39.0,0.0,0.0,60.8793983296861,41.1293983296861,19.75,18.0,0.95,0,0,38,2
765,1,right_lane,adaptive,True,0.1,40,0,20.768957345971565,0.0,0.0,40.0,0.0,10.0,61.0303317535545,41.030331753554506,20.0,18.0,0.925,0,0,37,3
766,1,right_lane,adaptive,True,0.1,40,0,20.893957345971565,1.0,1.0,38.0,0.5,15.0,60.97839910880876,41.22839910880876,19.75,18.0,1.0,0,0,40,0
767,1,right_lane,adaptive,True,0.1,40,0,21.268956694084682,0.0,0.0,40.0,0.0,10.5,61.830330710535485,41.8303307105355,20.0,18.0,1.0,0,0,40,0
768,1,right_lane,adaptive,True,0.1,40,0,20.893956694084682,0.0,0.0,40.0,0.0,0.5,61.230331616202214,41.230331616202214,20.0,18.0,1.0,0,0,40,0
769,1,right_lane,adaptive,True,0.1,40,0,20.393957345971565,0.0,1.0,39.0,0.0,5.5,60.42939857218716,40.429398572187154,20.0,18.0,1.0,0,0,40,0
770,1,right_lane,adaptive,True,0.1,40,0,20.518957345971565,1.0,1.0,38.0,0.5,3.0,60.37839840304393,40.62839840304393,19.75,18.0,1.0,0,0,40,0
771,1,right_lane,adaptive,True,0.1,40,0,21.518957345971565,1.0,1.0,38.0,0.5,3.5,61.97839840507331,42.22839840507331,19.75,18.0,0.375,0,0,15,25
772,1,right_lane,adaptive,True,0.1,40,0,21.393957345967713,0.0,1.0,39.0,0.5,12.5,62.029398329679935,42.029398329679935,20.0,18.0,0.95,0,0,38,2
773,1,right_lane,adaptive,True,0.1,40,0,23.518909202470194,0.0,1.0,39.0,0.0,1.0,65.1793213000839,45.42932130008391,19.75,18.0,0.75,0,0,30,10
774,1,right_lane,adaptive,True,0.1,40,0,21.018957345971565,1.0,1.0,38.0,0.5,6.5,61.178465290127036,41.428465290127036,19.75,18.0,0.5,0,0,20,20
775,1,right_lane,adaptive,True,0.1,40,0,21.018957345971565,1.0,1.0,38.0,0.5,6.5,61.17839840434077,41.428398404340776,19.75,18.0,1.0,0,0,40,0
776,1,right_lane,adaptive,True,0.1,40,0,24.14113795584911,1.0,1.0,38.0,0.5,4.5,66.17388808466497,46.42388808466497,19.75,18.0,0.7,0,0,28,12
777,1,right_lane,adaptive,True,0.1,40,0,24.518908464738125,0.0,13.0,27.0,6.0,12.0,64.03276780350791,47.032767803507895,17.0,18.0,0.95,0,0,38,2
778,1,right_lane,adaptive,True,0.1,40,0,20.393957345971565,0.0,1.0,39.0,0.0,11.5,60.429464425419496,40.42946442541949,20.0,18.0,1.0,0,0,40,0
779,1,right_lane,adaptive,True,0.1,40,0,21.768957345971565,0.0,1.0,39.0,0.0,0.0,62.62939766774183,42.629397667741834,20.0,18.0,0.925,0,0,37,3
780,1,right_lane,adaptive,True,0.1,40,0,20.893957345971565,0.0,1.0,39.0,0.0,5.5,61.22939651470176,41.22939651470176,20.0,18.0,1.0,0,0,40,0
781,1,right_lane,adaptive,True,0.1,40,0,21.893957345971565,0.0,0.0,40.0,0.0,2.5,62.8303317535545,42.8303317535545,20.0,18.0,0.925,0,0,37,3
782,1,right_lane,adaptive,True,0.1,40,0,21.643957345971565,0.0,0.0,40.0,0.0,6.0,62.43033175355451,42.43033175355451,20.0,18.0,0.875,0,0,35,5
783,1,right_lane,adaptive,True,0.1,40,0,21.768957345941836,0.0,5.0,35.0,2.5,6.0,61.553060521172846,42.80306052117285,18.75,18.0,0.925,0,0,37,3
784,1,right_lane,adaptive,True,0.1,40,0,20.89395734594575,0.0,1.0,39.0,0.0,3.5,61.229396514701826,41.22939651470181,20.0,18.0,0.3,0,0,12,28
785,1,right_lane,adaptive,True,0.1,40,0,20.518957345971565,1.0,29.0,10.0,14.5,6.5,53.378398400337176,40.62839840033718,12.75,18.0,1.0,0,0,40,0
786,1,right_lane,adaptive,True,0.1,40,0,24.01895239570215,1.0,1.0,38.0,0.5,8.0,65.97839118842982,46.228391188429825,19.75,18.0,0.75,0,0,30,10
787,1,right_lane,adaptive,True,0.1,40,0,20.768957345971565,0.0,0.0,40.0,0.0,3.0,61.03033863096583,41.03033863096583,20.0,18.0,0.55,0,0,22,18
788,1,right_lane,adaptive,True,0.1,40,0,20.643957345971565,1.0,1.0,38.0,0.5,13.0,60.57839717648495,40.82839717648495,19.75,18.0,1.0,0,0,40,0
789,1,right_lane,adaptive,True,0.1,40,0,21.143957345971565,1.0,1.0,38.0,0.5,1.5,61.378398404341496,41.6283984043415,19.75,18.0,0.925,0,0,37,3
790,1,right_lane,adaptive,True,0.1,40,0,20.643957345971565,0.0,1.0,39.0,0.0,0.0,60.82939832963657,40.829398329636575,20.0,18.0,1.0,0,0,40,0
791,1,right_lane,adaptive,True,0.1,40,0,21.26891480290529,0.0,4.0,36.0,2.0,16.0,60.82931179105266,41.82931179105266,19.0,18.0,1.0,0,0,40,0
792,1,right_lane,adaptive,True,0.1,40,0,20.393957345971565,0.0,1.0,39.0,0.0,20.5,60.429456771619925,40.429456771619925,20.0,18.0,1.0,0,0,40,0
793,1,right_lane,adaptive,True,0.1,40,0,23.393957345971486,0.0,3.0,37.0,1.5,4.5,64.47887948214742,45.22887948214741,19.25,18.0,0.825,0,0,33,7
794,1,right_lane,adaptive,True,0.1,40,0,21.750043292099726,1.0,1.0,38.0,0.5,2.0,62.34813591887846,42.59813591887846,19.75,18.0,0.925,0,0,37,3
795,1,right_lane,adaptive,True,0.1,40,0,22.608867844032495,1.0,1.0,38.0,0.5,4.0,63.922195760026426,44.17219576002643,19.75,18.0,0.825,0,0,33,7
796,1,right_lane,adaptive,True,0.1,27,1,20.398455327365284,0.0,0.0,27.0,0.5,13.0,40.9527441644789,27.4527441644789,13.5,18.0,1.0,0,0,27,0
797,1,right_lane,adaptive,True,0.1,40,0,21.018957345971565,0.0,1.0,39.0,0.0,16.0,60.67939766774114,40.92939766774115,19.75,18.0,0.9,0,0,36,4
798,1,right_lane,adaptive,True,0.1,40,0,21.643957345971565,0.0,1.0,39.0,0.0,2.0,62.429398329686094,42.42939832968609,20.0,18.0,0.925,0,0,37,3
799,1,right_lane,adaptive,True,0.1,40,0,20.893957345945743,1.0,6.0,33.0,3.0,16.5,59.72833837022659,41.22833837022658,18.5,18.0,0.975,0,0,39,1
800,1,right_lane,adaptive,True,0.1,40,0,21.893957345971057,0.0,0.0,40.0,0.0,3.5,62.83033175358954,42.83033175358954,20.0,18.0,0.95,0,0,38,2
801,1,right_lane,adaptive,True,0.1,40,0,21.768957345971565,1.0,1.0,38.0,0.5,7.5,62.3783991088616,42.6283991088616,19.75,18.0,0.775,0,0,31,9
802,1,right_lane,adaptive,True,0.1,40,0,20.393957345971565,0.0,0.0,40.0,0.0,6.5,60.603994304994835,40.603994304994835,20.0,18.0,1.0,0,0,40,0
803,1,right_lane,adaptive,True,0.1,40,0,23.018957345716125,1.0,5.0,34.0,2.5,6.0,63.37770552184917,44.62770552184916,18.75,18.0,0.875,0,0,35,5
804,1,right_lane,adaptive,True,0.1,40,0,20.393957345971565,1.0,1.0,38.0,0.5,16.0,60.17839717683984,40.42839717683984,19.75,18.0,1.0,0,0,40,0
805,1,right_lane,adaptive,True,0.1,40,0,23.37472024373468,0.0,0.0,40.0,0.0,0.5,65.19955238997547,45.19955238997548,20.0,18.0,0.825,0,0,33,7
806,1,right_lane,adaptive,True,0.1,40,0,21.75000009886436,1.0,1.0,38.0,0.5,9.5,62.37479292302348,42.62479292302346,19.75,18.0,0.8,0,0,32,8
807,1,right_lane,adaptive,True,0.1,40,0,23.518957345971565,0.0,0.0,40.0,0.0,0.0,65.63033161620221,45.63033161620221,20.0,18.0,0.325,0,0,13,27
808,1,right_lane,adaptive,True,0.1,40,0,21.500000750751244,0.0,2.0,38.0,1.0,1.0,61.94813489600324,42.19813489600324,19.75,18.0,0.8,0,0,32,8
809,1,right_lane,adaptive,True,0.1,40,0,20.393957345971565,1.0,1.0,38.0,0.5,6.0,60.30205818357003,40.802058183570026,19.5,18.0,1.0,0,0,40,0
810,1,right_lane,adaptive,True,0.1,40,0,21.268919754863266,0.0,0.0,40.0,0.0,8.0,61.830271607781214,41.83027160778123,20.0,18.0,0.875,0,0,35,5
811,1,right_lane,adaptive,True,0.1,40,0,21.87749643910335,0.0,0.0,40.0,0.0,3.0,62.804046527907595,42.80404652790759,20.0,18.0,0.925,0,0,37,3
812,1,right_lane,adaptive,True,0.1,40,0,22.518957345971565,0.0,4.0,36.0,2.0,11.5,63.02616164657805,44.02616164657806,19.0,18.0,0.85,0,0,34,6
813,1,right_lane,adaptive,True,0.1,40,0,21.393957345971565,0.0,0.0,40.0,0.0,0.0,62.030331753554506,42.030331753554506,20.0,18.0,0.9,0,0,36,4
814,1,right_lane,adaptive,True,0.1,40,0,21.643957345971494,0.0,1.0,39.0,0.0,1.0,62.429397666520345,42.429397666520345,20.0,18.0,0.9,0,0,36,4
815,1,right_lane,adaptive,True,0.1,40,0,22.643957345971565,0.0,1.0,39.0,0.0,1.0,64.0293983296862,44.029398329686195,20.0,18.0,0.825,0,0,33,7
816,1,right_lane,adaptive,True,0.1,40,0,22.143957345971565,1.0,4.0,35.0,2.0,3.0,62.22869013528878,43.22869013528876,19.0,18.0,0.925,0,0,37,3
817,1,right_lane,adaptive,True,0.1,40,0,22.393957345971565,0.0,0.0,40.0,0.0,4.0,63.6303317535545,43.6303317535545,20.0,18.0,0.825,0,0,33,7
818,1,right_lane,adaptive,True,0.1,40,0,20.393957345971565,0.0,1.0,39.0,0.0,9.0,60.429397666520444,40.429397666520444,20.0,18.0,1.0,0,0,40,0
819,1,right_lane,adaptive,True,0.1,40,0,21.50032874938229,0.0,1.0,39.0,0.0,14.0,62.19959191319831,42.19959191319831,20.0,18.0,0.9,0,0,36,4
820,1,right_lane,adaptive,True,0.1,40,0,22.516417725133607,1.0,5.0,34.0,2.5,10.0,62.77316939330812,44.02316939330812,18.75,18.0,0.925,0,0,37,3
821,1,right_lane,adaptive,True,0.1,40,0,21.250328749382287,0.0,1.0,39.0,0.0,0.0,61.80312020825288,41.80312020825289,20.0,18.0,0.925,0,0,37,3
822,1,right_lane,adaptive,True,0.1,40,0,20.893957345971565,1.0,7.0,32.0,3.5,15.5,59.67887536912659,41.42887536912658,18.25,18.0,1.0,0,0,40,0
823,1,right_lane,adaptive,True,0.1,40,0,22.377496429121017,3.0,14.0,23.0,10.0,13.5,59.10134642609757,43.60134642609757,15.5,18.0,0.95,0,0,38,2
824,1,right_lane,adaptive,True,0.1,40,0,20.518957345971565,0.0,0.0,40.0,0.0,10.0,60.50052601387489,41.00052601387488,19.5,18.0,0.8,0,0,32,8
825,1,right_lane,adaptive,True,0.1,40,0,20.87532874938229,1.0,1.0,38.0,0.5,5.0,60.94859142194214,41.19859142194213,19.75,18.0,1.0,0,0,40,0
826,1,right_lane,adaptive,True,0.1,40,0,20.76895734597149,0.0,0.0,40.0,0.0,7.5,61.229875021902274,41.229875021902274,20.0,18.0,0.95,0,0,38,2
827,1,right_lane,adaptive,True,0.1,40,0,20.893957345971565,0.0,1.0,39.0,0.0,4.0,61.22939766652054,41.22939766652055,20.0,18.0,0.95,0,0,38,2
828,1,right_lane,adaptive,True,0.1,40,0,20.268957345971565,0.0,0.0,40.0,0.0,20.0,60.2303317535545,40.2303317535545,20.0,18.0,1.0,0,0,40,0
829,1,right_lane,adaptive,True,0.1,40,0,21.143957345971565,1.0,4.0,35.0,2.0,14.5,60.627702906030365,41.62770290603036,19.0,18.0,0.975,0,0,39,1
830,1,right_lane,adaptive,True,0.1,40,0,22.268957345971565,1.0,1.0,38.0,0.5,5.5,63.178399108860894,43.4283991088609,19.75,18.0,0.9,0,0,36,4
831,1,right_lane,adaptive,True,0.1,40,0,21.141461656101036,0.0,0.0,40.0,0.0,1.0,61.62633864976167,41.626338649761664,20.0,18.0,1.0,0,0,40,0
832,1,right_lane,adaptive,True,0.1,40,0,22.26895734571614,1.0,5.0,34.0,2.5,10.5,62.18115678043322,43.43115678043322,18.75,18.0,0.9,0,0,36,4
833,1,right_lane,adaptive,True,0.1,40,0,21.143957345971565,1.0,6.0,33.0,3.5,12.5,60.12839717683982,41.628397176839826,18.5,18.0,0.9,0,0,36,4
834,1,right_lane,adaptive,True,0.1,40,0,21.25032874938229,0.0,0.0,40.0,0.0,2.0,61.550525999011654,41.80052599901167,19.75,18.0,1.0,0,0,40,0
835,1,right_lane,adaptive,True,0.1,40,0,22.018957345971565,1.0,1.0,38.0,0.5,2.5,62.97794237720879,43.2279423772088,19.75,18.0,0.925,0,0,37,3
836,1,right_lane,adaptive,True,0.1,40,0,22.268957345971565,0.0,1.0,39.0,0.0,11.0,63.429398329686116,43.42939832968611,20.0,18.0,0.9,0,0,36,4
837,1,right_lane,adaptive,True,0.1,40,0,20.518957345971565,0.0,1.0,39.0,0.0,20.0,60.629397667739944,40.629397667739944,20.0,18.0,1.0,0,0,40,0
838,1,right_lane,adaptive,True,0.1,40,0,21.143957345971565,0.0,1.0,39.0,0.0,3.0,61.6293983296861,41.6293983296861,20.0,18.0,0.95,0,0,38,2
839,1,right_lane,adaptive,True,0.1,40,0,20.643957345971565,1.0,1.0,38.0,0.5,9.5,60.57839717648495,40.828397176484955,19.75,18.0,1.0,0,0,40,0
840,1,right_lane,adaptive,True,0.1,40,0,22.393957345971565,0.0,1.0,39.0,0.0,10.0,63.62939766774182,43.629397667741834,20.0,18.0,0.825,0,0,33,7
841,1,right_lane,adaptive,True,0.1,17,1,21.80931140228468,1.0,1.0,15.0,1.0,2.5,26.27839910880784,18.028399108807847,8.25,18.0,1.0,0,0,17,0
842,1,right_lane,adaptive,True,0.1,40,0,22.51895733124236,0.0,0.0,40.0,0.0,2.5,63.08033172998778,43.33033172998779,19.75,18.0,0.875,0,0,35,5
843,1,right_lane,adaptive,True,0.1,40,0,23.518957345775522,0.0,0.0,40.0,0.0,2.0,65.43033177370411,45.430331773704125,20.0,18.0,0.75,0,0,30,10
844,1,right_lane,adaptive,True,0.1,40,0,22.643957345971565,0.0,1.0,39.0,0.0,0.0,64.02939832995847,44.02939832995846,20.0,18.0,0.85,0,0,34,6
845,1,right_lane,adaptive,True,0.1,40,0,21.018957345971565,0.0,1.0,39.0,0.0,5.5,61.42939651471896,41.429396514718974,20.0,18.0,0.95,0,0,38,2
846,1,right_lane,adaptive,True,0.1,40,0,20.893957345971565,1.0,1.0,38.0,0.5,4.0,60.97839840304394,41.22839840304395,19.75,18.0,1.0,0,0,40,0
847,1,right_lane,adaptive,True,0.1,40,0,20.518957345971565,0.0,1.0,39.0,0.0,17.0,60.629397666520454,40.62939766652043,20.0,18.0,1.0,0,0,40,0
848,1,right_lane,adaptive,True,0.1,40,0,20.268957345971565,0.0,1.0,39.0,0.0,20.5,60.22939651470176,40.22939651470176,20.0,18.0,1.0,0,0,40,0
849,1,right_lane,adaptive,True,0.1,40,0,22.393957345971565,0.0,1.0,39.0,0.0,10.0,63.62939766774114,43.62939766774114,20.0,18.0,0.85,0,0,34,6
850,1,right_lane,adaptive,True,0.1,40,0,21.268957345971565,0.0,3.0,37.0,2.0,15.0,61.0803317535545,41.8303317535545,19.25,18.0,1.0,0,0,40,0
851,1,right_lane,adaptive,True,0.1,40,0,20.268957345971565,0.0,0.0,40.0,0.0,5.0,59.9803317535545,40.2303317535545,19.75,18.0,1.0,0,0,40,0
852,1,right_lane,adaptive,True,0.1,10,1,26.074341270034893,0.0,1.0,9.0,0.0,0.0,17.22880242289017,12.22880242289017,5.0,18.0,0.4,0,0,4,6
853,1,right_lane,adaptive,True,0.1,40,0,22.643957345971504,0.0,0.0,40.0,0.0,1.0,63.53084861285094,43.53084861285094,20.0,18.0,0.85,0,0,34,6
854,1,right_lane,adaptive,True,0.1,35,1,23.450236966824644,1.0,6.0,28.0,3.0,2.0,55.62869016401955,39.62869016401955,16.0,18.0,0.3142857142857143,0,0,11,24
855,1,right_lane,adaptive,True,0.1,40,0,21.268957345971565,0.0,1.0,39.0,0.0,3.0,61.32939766843067,41.329397668430694,20.0,18.0,0.925,0,0,37,3
856,1,right_lane,adaptive,True,0.1,40,0,22.518957345971494,0.0,1.0,39.0,0.0,1.5,63.82939832968597,43.82939832968599,20.0,18.0,0.9,0,0,36,4
857,1,right_lane,adaptive,True,0.1,40,0,20.393957345971565,0.0,0.0,40.0,0.0,17.0,60.43033175355459,40.4303317535546,20.0,18.0,1.0,0,0,40,0
858,1,right_lane,adaptive,True,0.1,40,0,21.143957345971565,0.0,1.0,39.0,0.0,0.5,61.629397667741145,41.62939766774115,20.0,18.0,0.875,0,0,35,5
859,1,right_lane,adaptive,True,0.1,40,0,20.893957345971565,1.0,1.0,38.0,0.5,0.5,60.97839840434078,41.22839840434078,19.75,18.0,1.0,0,0,40,0
860,1,right_lane,adaptive,True,0.1,10,1,24.075803628889,1.0,1.0,8.0,1.0,2.5,16.178388806861985,11.428388806861985,4.75,18.0,0.8,0,0,8,2
861,1,right_lane,adaptive,True,0.1,40,0,24.51895734597149,0.0,4.0,36.0,1.5,2.0,65.52751564979326,46.52751564979326,19.0,18.0,0.675,0,0,27,13
862,1,right_lane,adaptive,True,0.1,40,0,25.643957345967134,0.0,0.0,40.0,0.0,1.0,68.83033175354751,48.83033175354751,20.0,18.0,0.675,0,0,27,13
863,1,right_lane,adaptive,True,0.1,40,0,22.518957345971497,0.0,1.0,39.0,0.0,1.0,63.82939832969215,43.82939832969214,20.0,18.0,0.275,0,0,11,29
864,1,right_lane,adaptive,True,0.1,40,0,21.893957345971565,0.0,3.0,37.0,1.5,1.5,62.07867630458175,42.82867630458174,19.25,18.0,0.95,0,0,38,2
865,1,right_lane,adaptive,True,0.1,40,0,20.268957345971565,0.0,1.0,39.0,0.0,3.5,60.22939651470176,40.22939651470176,20.0,18.0,1.0,0,0,40,0
866,1,right_lane,adaptive,True,0.1,40,0,21.768957345971565,0.0,0.0,40.0,0.0,12.5,62.63033175355451,42.63033175355451,20.0,18.0,0.7,0,0,28,12
867,1,right_lane,adaptive,True,0.1,40,0,22.268957345971565,1.0,4.0,35.0,2.0,7.0,62.42770399419119,43.4277039941912,19.0,18.0,0.925,0,0,37,3
868,1,right_lane,adaptive,True,0.1,40,0,23.393957345971565,0.0,0.0,40.0,0.0,1.5,65.23033175355452,45.23033175355451,20.0,18.0,0.8,0,0,32,8
869,1,right_lane,adaptive,True,0.1,40,0,22.143957345971565,0.0,0.0,40.0,0.0,4.5,63.23033175355452,43.230331753554495,20.0,18.0,0.9,0,0,36,4
870,1,right_lane,adaptive,True,0.1,40,0,22.14395724711112,0.0,1.0,39.0,0.0,1.5,63.229397510254,43.229397510254,20.0,18.0,0.925,0,0,37,3
871,1,right_lane,adaptive,True,0.1,40,0,23.768957345971565,0.0,0.0,40.0,0.0,1.0,65.83033189090138,45.83033189090136,20.0,18.0,0.8,0,0,32,8
872,1,right_lane,adaptive,True,0.1,28,1,22.348510494245087,0.0,0.0,28.0,0.5,11.5,44.430331753554505,30.430331753554494,14.0,18.0,0.9285714285714286,0,0,26,2
873,1,right_lane,adaptive,True,0.1,40,0,21.393957345967713,1.0,1.0,38.0,0.5,6.5,61.028397176478805,41.52839717647879,19.5,18.0,0.925,0,0,37,3
874,1,right_lane,adaptive,True,0.1,14,1,22.91130669779397,0.0,1.0,13.0,0.5,1.5,22.429398326901563,15.42939832690156,7.0,18.0,0.8571428571428571,0,0,12,2
875,1,right_lane,adaptive,True,0.1,40,0,22.393957345971565,1.0,4.0,35.0,2.0,2.5,61.87869143025925,43.12869143025926,18.75,18.0,0.725,0,0,29,11
876,1,right_lane,adaptive,True,0.1,40,0,21.893957345971565,1.0,1.0,38.0,0.5,1.0,62.5783991088609,42.82839910886089,19.75,18.0,0.8,0,0,32,8
877,1,right_lane,adaptive,True,0.1,40,0,21.891789568657728,0.0,1.0,39.0,0.0,4.0,62.825929224037814,42.82592922403781,20.0,18.0,0.925,0,0,37,3
878,1,right_lane,adaptive,True,0.1,40,0,22.768957345971565,3.0,4.0,33.0,4.0,0.5,62.230300699560125,44.23030069956014,18.0,18.0,0.9,0,0,36,4
879,1,right_lane,adaptive,True,0.1,40,0,22.768957345971057,1.0,6.0,33.0,3.0,3.0,62.72868988461631,44.22868988461631,18.5,18.0,0.9,0,0,36,4
880,1,right_lane,adaptive,True,0.1,30,1,20.525276461295423,1.0,1.0,28.0,1.0,11.0,45.17839717648567,30.42839717648566,14.75,18.0,1.0,0,0,30,0
881,1,right_lane,adaptive,True,0.1,40,0,20.643957345971565,1.0,1.0,38.0,0.5,18.0,59.828398404339495,40.328398404339495,19.5,18.0,1.0,0,0,40,0
882,1,right_lane,adaptive,True,0.1,40,0,21.018671888689,0.0,0.0,40.0,0.0,7.0,61.42987502190238,41.4298750219024,20.0,18.0,1.0,0,0,40,0
883,1,right_lane,adaptive,True,0.1,37,1,22.31779172534197,1.0,6.0,30.0,3.5,10.5,57.22783963718503,40.227839637185035,17.0,18.0,1.0,0,0,37,0
884,1,right_lane,adaptive,True,0.1,40,0,20.268957345971565,0.0,0.0,40.0,0.0,20.0,59.48033175355451,39.7303317535545,19.75,18.0,1.0,0,0,40,0
885,1,right_lane,adaptive,True,0.1,40,0,21.768957345971565,0.0,0.0,40.0,0.0,11.5,62.63033175355451,42.6303317535545,20.0,18.0,0.95,0,0,38,2
886,1,right_lane,adaptive,True,0.1,40,0,21.518957345971565,1.0,8.0,31.0,4.0,8.5,60.22751179084458,42.22751179084458,18.0,18.0,1.0,0,0,40,0
887,1,right_lane,adaptive,True,0.1,40,0,20.393957345971565,0.0,1.0,39.0,0.0,20.5,60.429397666520444,40.429397666520444,20.0,18.0,1.0,0,0,40,0
888,1,right_lane,adaptive,True,0.1,3,1,25.0,0.0,2.0,1.0,1.5,0.5,4.648198036970558,3.398198036970558,1.25,18.0,1.0,0,0,3,0
889,1,right_lane,adaptive,True,0.1,40,0,21.143951657973492,0.0,7.0,33.0,3.0,6.0,59.12845571466149,41.12845571466149,18.0,18.0,1.0,0,0,40,0
890,1,right_lane,adaptive,True,0.1,23,1,20.467751906037503,0.0,1.0,22.0,0.5,11.5,34.729404417039824,23.229404417039824,11.5,18.0,1.0,0,0,23,0
891,1,right_lane,adaptive,True,0.1,40,0,21.518957345971565,0.0,1.0,39.0,0.0,13.0,61.47939832968611,41.729398329686106,19.75,18.0,0.9,0,0,36,4
892,1,right_lane,adaptive,True,0.1,40,0,24.12467695166469,0.0,1.0,39.0,0.0,2.0,66.3985496987951,46.398549698795094,20.0,18.0,0.8,0,0,32,8
893,1,right_lane,adaptive,True,0.1,40,0,20.393957345971565,0.0,1.0,39.0,0.0,20.5,60.629846477705634,40.629846477705634,20.0,18.0,1.0,0,0,40,0
894,1,right_lane,adaptive,True,0.1,40,0,21.393957345971565,1.0,1.0,38.0,0.5,3.5,61.778397181182534,42.02839718118254,19.75,18.0,0.95,0,0,38,2
895,1,right_lane,adaptive,True,0.1,40,0,22.641497760414666,1.0,1.0,38.0,0.5,3.0,63.77446306744973,44.02446306744973,19.75,18.0,0.85,0,0,34,6
896,1,right_lane,adaptive,True,0.1,40,0,20.768957345971565,1.0,1.0,38.0,0.5,6.0,60.78181621203514,41.031816212035146,19.75,18.0,1.0,0,0,40,0
897,1,right_lane,adaptive,True,0.1,40,0,22.143957345945683,0.0,4.0,36.0,2.0,9.0,62.2293942051785,43.229394205178494,19.0,18.0,0.95,0,0,38,2
898,1,right_lane,adaptive,True,0.1,40,0,22.768957345749705,0.0,0.0,40.0,0.0,4.0,64.23033175323549,44.23033175323549,20.0,18.0,0.825,0,0,33,7
899,1,right_lane,adaptive,True,0.1,40,0,20.393957345971565,1.0,1.0,38.0,0.5,20.5,60.17839717679318,40.42839717679318,19.75,18.0,1.0,0,0,40,0
900,1,right_lane,adaptive,True,0.1,40,0,21.393957345971565,0.0,0.0,40.0,0.0,0.0,62.030331753554506,42.030331753554506,20.0,18.0,0.6,0,0,24,16
901,1,right_lane,adaptive,True,0.1,40,0,21.143957345971565,0.0,4.0,36.0,1.5,3.0,60.87870325871078,41.628703258710786,19.25,18.0,1.0,0,0,40,0
902,1,right_lane,adaptive,True,0.1,40,0,20.393957345971565,1.0,1.0,38.0,0.5,7.5,60.17839717648496,40.42839717648496,19.75,18.0,1.0,0,0,40,0
903,1,right_lane,adaptive,True,0.1,40,0,22.518957345971565,0.0,1.0,39.0,0.0,0.5,63.82939832963661,43.8293983296366,20.0,18.0,0.875,0,0,35,5
904,1,right_lane,adaptive,True,0.1,40,0,21.3939573442318,0.0,0.0,40.0,0.0,4.5,62.03033175077089,42.030331750770884,20.0,18.0,0.9,0,0,36,4
905,1,right_lane,adaptive,True,0.1,40,0,23.643957345971494,3.0,7.0,30.0,6.0,12.0,62.626977194823354,45.626977194823354,17.0,18.0,0.875,0,0,35,5
906,1,right_lane,adaptive,True,0.1,40,0,22.393908367588224,0.0,8.0,32.0,3.5,10.0,61.8779151011448,43.627915101144794,18.25,18.0,0.975,0,0,39,1
907,1,right_lane,adaptive,True,0.1,40,0,20.64363429760652,0.0,0.0,40.0,0.0,13.5,60.82988292185857,40.82988292185856,20.0,18.0,1.0,0,0,40,0
908,1,right_lane,adaptive,True,0.1,21,1,21.9408711351838,1.0,1.0,19.0,1.0,3.5,32.67884721556716,22.428847215567163,10.25,18.0,0.7142857142857143,0,0,15,6
909,1,right_lane,adaptive,True,0.1,40,0,21.018957345971565,0.0,1.0,39.0,0.0,5.0,60.679397667739934,40.929397667739934,19.75,18.0,0.925,0,0,37,3
910,1,right_lane,adaptive,True,0.1,40,0,23.768957345971565,0.0,1.0,39.0,0.0,3.0,65.82939766774113,45.82939766774114,20.0,18.0,0.35,0,0,14,26
911,1,right_lane,adaptive,True,0.1,40,0,20.643957345941903,0.0,0.0,40.0,0.0,4.0,60.830331753507046,40.830331753507046,20.0,18.0,0.925,0,0,37,3
912,1,right_lane,adaptive,True,0.1,40,0,20.893957345971565,0.0,1.0,39.0,0.0,13.0,61.229397667783026,41.22939766778304,20.0,18.0,0.95,0,0,38,2
913,1,right_lane,adaptive,True,0.1,40,0,21.143957345971565,1.0,7.0,32.0,3.5,6.0,59.878876398948016,41.628876398948016,18.25,18.0,0.5,0,0,20,20
914,1,right_lane,adaptive,True,0.1,40,0,21.518957345971565,1.0,1.0,38.0,0.5,8.0,61.97839840434078,42.22839840434077,19.75,18.0,0.875,0,0,35,5
915,1,right_lane,adaptive,True,0.1,40,0,21.89395724710727,1.0,4.0,35.0,2.0,6.5,61.82658117279408,42.82658117279407,19.0,18.0,0.875,0,0,35,5
916,1,right_lane,adaptive,True,0.1,40,0,22.768957345971565,1.0,1.0,38.0,0.5,9.5,63.97839854039613,44.22839854039613,19.75,18.0,0.775,0,0,31,9
917,1,right_lane,adaptive,True,0.1,40,0,22.018909202470194,0.0,1.0,39.0,0.0,5.5,63.02932063813964,43.02932063813964,20.0,18.0,0.9,0,0,36,4
918,1,right_lane,adaptive,True,0.1,40,0,23.25004329209972,0.0,0.0,40.0,0.0,2.0,65.00013615314583,45.00013615314581,20.0,18.0,0.825,0,0,33,7
919,1,right_lane,adaptive,True,0.1,27,1,20.583640512550467,1.0,1.0,25.0,1.0,6.0,40.70467447931268,27.45467447931268,13.25,18.0,0.7777777777777778,0,0,21,6
920,1,right_lane,adaptive,True,0.1,39,1,21.686110098432373,0.0,0.0,39.0,0.0,1.5,60.180331753554505,40.930331753554505,19.25,18.0,0.41025641025641024,0,0,16,23
921,1,right_lane,adaptive,True,0.1,40,0,21.893957344482878,0.0,0.0,40.0,0.0,9.0,62.330331751172594,42.330331751172615,20.0,18.0,0.925,0,0,37,3
922,1,right_lane,adaptive,True,0.1,38,1,23.309428785233223,0.0,0.0,38.0,0.0,0.0,61.83033175562273,42.83033175562274,19.0,18.0,0.18421052631578946,0,0,7,31
923,1,right_lane,adaptive,True,0.1,40,0,22.268957345971565,1.0,1.0,38.0,0.5,14.0,62.678399108860894,42.9283991088609,19.75,18.0,0.925,0,0,37,3
924,1,right_lane,adaptive,True,0.1,40,0,21.143957345971565,0.0,0.0,40.0,0.0,0.5,61.6303317535545,41.63033175355451,20.0,18.0,0.925,0,0,37,3
925,1,right_lane,adaptive,True,0.1,40,0,20.893957345971565,0.0,1.0,39.0,0.0,1.5,61.22939766652044,41.22939766652045,20.0,18.0,1.0,0,0,40,0
926,1,right_lane,adaptive,True,0.1,40,0,20.393957345971565,1.0,4.0,35.0,2.5,9.0,59.42839717648496,40.42839717648496,19.0,18.0,1.0,0,0,40,0
927,1,right_lane,adaptive,True,0.1,40,0,20.62749644062177,1.0,3.0,36.0,2.0,16.5,59.80205833084182,40.80205833084182,19.0,18.0,1.0,0,0,40,0
928,1,right_lane,adaptive,True,0.1,40,0,21.266789654732076,1.0,1.0,38.0,0.5,8.5,61.69512504716798,42.19512504716799,19.5,18.0,1.0,0,0,40,0
929,1,right_lane,adaptive,True,0.1,40,0,21.51891975488909,0.0,0.0,40.0,0.0,3.0,62.23328318215361,42.23328318215361,20.0,18.0,0.7,0,0,28,12
930,1,right_lane,adaptive,True,0.1,34,1,21.34583217173125,1.0,1.0,32.0,0.5,6.5,52.37844940648889,35.6284494064889,16.75,18.0,0.4117647058823529,0,0,14,20
931,1,right_lane,adaptive,True,0.1,40,0,22.268957334666847,0.0,1.0,39.0,0.0,7.0,62.92939650102989,42.9293965010299,20.0,18.0,0.9,0,0,36,4
932,1,right_lane,adaptive,True,0.1,40,0,21.268957345971565,0.0,1.0,39.0,0.0,7.5,61.829398345391745,41.82939834539175,20.0,18.0,0.675,0,0,27,13
933,1,right_lane,adaptive,True,0.1,40,0,20.643957345971565,0.0,0.0,40.0,0.0,5.5,60.8303317535545,40.8303317535545,20.0,18.0,0.95,0,0,38,2
934,1,right_lane,adaptive,True,0.1,40,0,20.768957345971565,0.0,1.0,39.0,0.0,1.5,61.02939651470176,41.02939651470176,20.0,18.0,1.0,0,0,40,0
935,1,right_lane,adaptive,True,0.1,40,0,21.268956596934782,1.0,1.0,38.0,0.5,8.5,61.57839720661441,41.828397206614426,19.75,18.0,0.7,0,0,28,12
936,1,right_lane,adaptive,True,0.1,40,0,22.518951743818675,0.0,0.0,40.0,0.0,2.5,63.830323830747,43.830323830747005,20.0,18.0,0.675,0,0,27,13
937,1,right_lane,adaptive,True,0.1,40,0,24.62500000168517,5.0,15.0,20.0,11.5,8.0,61.44550006282876,47.19550006282878,14.25,18.0,0.875,0,0,35,5
938,1,right_lane,adaptive,True,0.1,40,0,21.643957345971046,4.0,4.0,32.0,5.5,8.0,59.703798928956985,42.453798928956985,17.25,18.0,0.825,0,0,33,7
939,1,right_lane,adaptive,True,0.1,40,0,21.268957345971565,0.0,4.0,36.0,1.5,3.5,61.07846226966629,41.82846226966629,19.25,18.0,0.875,0,0,35,5
940,1,right_lane,adaptive,True,0.1,40,0,20.768957345971565,0.0,1.0,39.0,0.0,2.0,61.02939651471896,41.02939651471896,20.0,18.0,0.975,0,0,39,1
941,1,right_lane,adaptive,True,0.1,40,0,20.268957345971565,0.0,1.0,39.0,0.0,11.5,60.22939651470176,40.22939651470176,20.0,18.0,1.0,0,0,40,0
942,1,right_lane,adaptive,True,0.1,40,0,23.000328749382295,1.0,4.0,35.0,2.5,10.5,63.598590727966126,44.598590727966126,19.0,18.0,0.875,0,0,35,5
943,1,right_lane,adaptive,True,0.1,40,0,21.643957345971565,0.0,0.0,40.0,0.0,4.5,62.37987502189975,42.629875021899736,19.75,18.0,0.975,0,0,39,1
944,1,right_lane,adaptive,True,0.1,40,0,21.268957345971565,0.0,1.0,39.0,0.0,0.5,61.82939766774182,41.82939766774184,20.0,18.0,0.925,0,0,37,3
945,1,right_lane,adaptive,True,0.1,40,0,22.643957260122978,1.0,1.0,38.0,0.5,5.0,63.77839703912723,44.02839703912721,19.75,18.0,0.8,0,0,32,8
946,1,right_lane,adaptive,True,0.1,40,0,21.643957345971565,0.0,4.0,36.0,1.5,17.0,61.67751194561001,42.427511945610014,19.25,18.0,0.95,0,0,38,2
947,1,right_lane,adaptive,True,0.1,40,0,21.018957345971565,0.0,0.0,40.0,0.0,1.5,61.4303317535545,41.430331753554505,20.0,18.0,0.875,0,0,35,5
948,1,right_lane,adaptive,True,0.1,40,0,20.268957345971565,0.0,0.0,40.0,0.0,19.0,60.2303317535545,40.2303317535545,20.0,18.0,1.0,0,0,40,0
949,1,right_lane,adaptive,True,0.1,40,0,22.39362860960845,1.0,5.0,34.0,2.5,3.5,62.37694142325845,43.62694142325846,18.75,18.0,0.9,0,0,36,4
950,1,right_lane,adaptive,True,0.1,40,0,20.518957345971565,0.0,0.0,40.0,0.0,2.0,60.630788467119054,40.63078846711906,20.0,18.0,1.0,0,0,40,0
951,1,right_lane,adaptive,True,0.1,40,0,21.89395734574971,0.0,0.0,40.0,0.0,2.0,62.83033175319952,42.83033175319952,20.0,18.0,0.95,0,0,38,2
952,1,right_lane,adaptive,True,0.1,40,0,22.393957345971565,0.0,0.0,40.0,0.0,0.0,63.630331753862734,43.63033175386273,20.0,18.0,0.825,0,0,33,7
953,1,right_lane,adaptive,True,0.1,40,0,21.768957345971565,1.0,5.0,34.0,2.5,11.5,61.377689380523144,42.62768938052315,18.75,18.0,1.0,0,0,40,0
954,1,right_lane,adaptive,True,0.1,37,1,21.912386319969247,0.0,1.0,36.0,0.0,1.0,58.1293983296861,39.6293983296861,18.5,18.0,0.8918918918918919,0,0,33,4
955,1,right_lane,adaptive,True,0.1,40,0,21.768957345971565,1.0,1.0,38.0,0.5,11.5,61.8783991088609,42.1283991088609,19.75,18.0,0.9,0,0,36,4
956,1,right_lane,adaptive,True,0.1,40,0,22.143957345971565,1.0,1.0,38.0,0.5,12.0,62.9783991088609,43.22839910886089,19.75,18.0,0.9,0,0,36,4
957,1,right_lane,adaptive,True,0.1,40,0,21.518957345971565,2.0,6.0,32.0,4.0,16.0,60.22770317201045,42.22770317201044,18.0,18.0,0.925,0,0,37,3
958,1,right_lane,adaptive,True,0.1,40,0,21.768957345971565,0.0,1.0,39.0,0.0,0.5,62.629398329686104,42.629398329686104,20.0,18.0,0.95,0,0,38,2
959,1,right_lane,adaptive,True,0.1,40,0,20.89395734426102,0.0,1.0,39.0,0.0,1.5,61.22939766500308,41.22939766500308,20.0,18.0,0.85,0,0,34,6
960,1,right_lane,adaptive,True,0.1,40,0,21.768957345971565,1.0,1.0,38.0,0.5,0.5,62.37839911123736,42.62839911123735,19.75,18.0,0.85,0,0,34,6
961,1,right_lane,adaptive,True,0.1,40,0,22.393957345971565,1.0,1.0,38.0,0.5,1.5,63.3783991088609,43.628399108860904,19.75,18.0,0.475,0,0,19,21
962,1,right_lane,adaptive,True,0.1,14,1,22.55416384017447,0.0,0.0,14.0,0.0,1.0,22.2303317504977,15.230331750497703,7.0,18.0,0.2857142857142857,0,0,4,10
963,1,right_lane,adaptive,True,0.1,40,0,20.643957345971565,0.0,0.0,40.0,0.0,0.5,60.3303317535545,40.3303317535545,20.0,18.0,1.0,0,0,40,0
964,1,right_lane,adaptive,True,0.1,40,0,22.393957345971565,0.0,4.0,36.0,1.5,4.5,62.878702878836386,43.62870287883638,19.25,18.0,0.925,0,0,37,3
965,1,right_lane,adaptive,True,0.1,40,0,20.643629347340514,0.0,1.0,39.0,0.0,19.0,60.82887171689209,40.82887171689209,20.0,18.0,1.0,0,0,40,0
966,1,right_lane,adaptive,True,0.1,40,0,21.643957345971565,0.0,1.0,39.0,0.0,8.5,62.42985335706382,42.42985335706382,20.0,18.0,0.9,0,0,36,4
967,1,right_lane,adaptive,True,0.1,40,0,21.893957345971565,1.0,4.0,35.0,2.0,1.0,61.82770483840692,42.827704838406916,19.0,18.0,0.925,0,0,37,3
968,1,right_lane,adaptive,True,0.1,40,0,22.01895726012253,1.0,5.0,34.0,2.5,7.0,61.777055336504596,43.027055336504596,18.75,18.0,0.925,0,0,37,3
969,1,right_lane,adaptive,True,0.1,40,0,21.76895174381816,0.0,1.0,39.0,0.0,3.0,62.62938767052643,42.62938767052643,20.0,18.0,0.9,0,0,36,4
970,1,right_lane,adaptive,True,0.1,40,0,21.268957345971565,1.0,1.0,38.0,0.5,5.5,61.57840618741552,41.828406187415524,19.75,18.0,0.525,0,0,21,19
971,1,right_lane,adaptive,True,0.1,40,0,20.393957345971565,0.0,1.0,39.0,0.0,17.0,60.429397666520444,40.429397666520444,20.0,18.0,1.0,0,0,40,0
972,1,right_lane,adaptive,True,0.1,40,0,21.643957236028257,1.0,1.0,38.0,0.5,0.5,62.178398228431504,42.42839822843149,19.75,18.0,0.85,0,0,34,6
973,1,right_lane,adaptive,True,0.1,40,0,21.643957345971565,1.0,4.0,35.0,2.0,1.5,61.428690287364866,42.428690287364866,19.0,18.0,0.725,0,0,29,11
974,1,right_lane,adaptive,True,0.1,40,0,20.768957345971565,1.0,3.0,36.0,1.5,8.5,60.2784475665772,41.0284475665772,19.25,18.0,1.0,0,0,40,0
975,1,right_lane,adaptive,True,0.1,40,0,22.76895239570556,0.0,1.0,39.0,0.0,3.5,64.2293904092605,44.229390409260496,20.0,18.0,0.85,0,0,34,6
976,1,right_lane,adaptive,True,0.1,40,0,23.268914152736198,0.0,0.0,40.0,0.0,8.5,65.20393207322485,45.20393207322484,20.0,18.0,0.825,0,0,33,7
977,1,right_lane,adaptive,True,0.1,40,0,21.018957345971565,0.0,0.0,40.0,0.0,2.5,61.430391761934175,41.430391761934175,20.0,18.0,0.775,0,0,31,9
978,1,right_lane,adaptive,True,0.1,40,0,22.143951657973492,0.0,0.0,40.0,0.0,7.0,63.230322652757586,43.2303226527576,20.0,18.0,0.9,0,0,36,4
979,1,right_lane,adaptive,True,0.1,40,0,22.143957345971565,1.0,10.0,29.0,5.0,8.5,60.728062969467,43.228062969467004,17.5,18.0,1.0,0,0,40,0
980,1,right_lane,adaptive,True,0.1,40,0,20.518957345971565,0.0,1.0,39.0,0.0,5.5,60.62939651470175,40.62939651470176,20.0,18.0,1.0,0,0,40,0
981,1,right_lane,adaptive,True,0.1,40,0,21.643957345971565,0.0,1.0,39.0,0.0,12.5,62.42939832968611,42.4293983296861,20.0,18.0,0.975,0,0,39,1
982,1,right_lane,adaptive,True,0.1,40,0,20.893957345971565,0.0,1.0,39.0,0.0,3.5,61.2293983296861,41.2293983296861,20.0,18.0,0.95,0,0,38,2
983,1,right_lane,adaptive,True,0.1,40,0,22.39395239396195,0.0,0.0,40.0,0.0,8.0,63.803986381779445,43.803986381779445,20.0,18.0,0.875,0,0,35,5
984,1,right_lane,adaptive,True,0.1,40,0,21.268957345971565,0.0,1.0,39.0,0.0,9.5,61.8294052095151,41.8294052095151,20.0,18.0,1.0,0,0,40,0
985,1,right_lane,adaptive,True,0.1,40,0,21.3939573459419,0.0,0.0,40.0,0.0,0.5,62.03033175350704,42.03033175350705,20.0,18.0,0.9,0,0,36,4
986,1,right_lane,adaptive,True,0.1,40,0,21.518957345971565,0.0,1.0,39.0,0.0,1.0,62.22939766778236,42.22939766778236,20.0,18.0,0.775,0,0,31,9
987,1,right_lane,adaptive,True,0.1,40,0,20.893957345971565,1.0,1.0,38.0,0.5,0.5,60.97839840434078,41.22839840434077,19.75,18.0,1.0,0,0,40,0
988,1,right_lane,adaptive,True,0.1,40,0,20.393957345971565,1.0,1.0,38.0,0.5,1.0,60.17839717648496,40.42839717648496,19.75,18.0,1.0,0,0,40,0
989,1,right_lane,adaptive,True,0.1,40,0,22.893957345971565,0.0,1.0,39.0,0.0,1.5,64.42939766843072,44.42939766843071,20.0,18.0,0.8,0,0,32,8
990,1,right_lane,adaptive,True,0.1,40,0,21.143957345941843,0.0,0.0,40.0,0.0,7.0,61.630331753506944,41.630331753506944,20.0,18.0,0.55,0,0,22,18
991,1,right_lane,adaptive,True,0.1,40,0,21.516789654732076,1.0,1.0,38.0,0.5,6.5,61.9749300983989,42.224930098398886,19.75,18.0,0.975,0,0,39,1
992,1,right_lane,adaptive,True,0.1,40,0,20.518957345971565,1.0,1.0,38.0,0.5,16.0,60.381409977375,40.63140997737501,19.75,18.0,1.0,0,0,40,0
993,1,right_lane,adaptive,True,0.1,18,1,24.20879410159124,0.0,0.0,18.0,0.5,4.5,29.8303317531457,20.830331753145703,9.0,18.0,0.8333333333333334,0,0,15,3
994,1,right_lane,adaptive,True,0.1,40,0,21.393957345971565,0.0,1.0,39.0,0.0,7.5,61.279397667741144,41.529397667741144,19.75,18.0,0.85,0,0,34,6
995,1,right_lane,adaptive,True,0.1,40,0,20.393957345971565,0.0,0.0,40.0,0.0,1.0,60.430331753554505,40.430331753554505,20.0,18.0,1.0,0,0,40,0
996,1,right_lane,adaptive,True,0.1,40,0,21.268957345971565,1.0,1.0,38.0,0.5,8.5,61.57839910886089,41.82839910886089,19.75,18.0,0.95,0,0,38,2
997,1,right_lane,adaptive,True,0.1,40,0,21.766466606367043,0.0,0.0,40.0,0.0,2.0,62.62634657018727,42.626346570187266,20.0,18.0,0.925,0,0,37,3
998,1,right_lane,adaptive,True,0.1,40,0,21.518957345971565,0.0,1.0,39.0,0.0,6.5,62.23285871524365,42.23285871524365,20.0,18.0,0.95,0,0,38,2
999,1,right_lane,adaptive,True,0.1,40,0,23.018957345971565,0.0,1.0,39.0,0.0,1.0,64.6293983296861,44.6293983296861,20.0,18.0,0.5,0,0,20,20
