episode_id,policy_freq,profile,method,filter,value,episode_length,collision,mean_speed,total_cost,total_avoided_cost,total_expected_cost,total_reward,total_basic_reward,total_added_reward,mean_iterations_to_converge,convergence_rate,outcome_unchanged_count,outcome_naively_augmented_count,outcome_rcps_augmented_count,outcome_projection_count,lane_0_time,lane_1_time,lane_2_time
0,1,right_lane,fixed,False,1.0,40,0,23.268957345971565,7.5,7.5,11.002727855087869,55.75,40.0,15.75,nan,0.0,0,0,40,0,8.0,1.0,31.0
1,1,right_lane,fixed,False,1.0,40,0,21.12749644062177,10.0,4.5,13.146077014505863,55.0,40.0,15.0,nan,0.0,0,0,40,0,6.0,10.0,24.0
2,1,right_lane,fixed,False,1.0,40,0,20.768957345971565,0.0,0.5,0.8450704802044129,60.0,40.0,20.0,nan,0.0,0,0,40,0,0.0,0.0,40.0
3,1,right_lane,fixed,False,1.0,40,0,21.3939566082395,0.0,8.0,3.695234838014585,60.0,40.0,20.0,nan,0.0,0,0,40,0,0.0,0.0,40.0
4,1,right_lane,fixed,False,1.0,40,0,21.018919754889087,0.0,1.0,3.8306188029700934,60.0,40.0,20.0,nan,0.0,0,0,40,0,0.0,1.0,39.0
5,1,right_lane,fixed,False,1.0,40,0,23.018950993067502,2.5,1.0,5.854191924031284,58.75,40.0,18.75,nan,0.0,0,0,40,0,3.0,1.0,36.0
6,1,right_lane,fixed,False,1.0,40,0,24.26895734594184,3.5,0.5,6.143340499020724,58.25,40.0,18.25,nan,0.0,0,0,40,0,3.0,3.0,34.0
7,1,right_lane,fixed,False,1.0,40,0,20.518957345971565,0.0,9.0,4.60807591676712,60.0,40.0,20.0,nan,0.0,0,0,40,0,0.0,1.0,39.0
8,1,right_lane,fixed,False,1.0,40,0,24.00032874938229,6.5,1.5,9.439853618974212,56.75,40.0,16.75,nan,0.0,0,0,40,0,5.0,5.0,30.0
9,1,right_lane,fixed,False,1.0,40,0,21.893957345971565,4.0,2.0,7.3461317348483135,58.0,40.0,18.0,nan,0.0,0,0,40,0,3.0,3.0,34.0
10,1,right_lane,fixed,False,1.0,40,0,22.268957345971565,0.0,0.5,1.8422927508163411,60.0,40.0,20.0,nan,0.0,0,0,40,0,0.0,0.0,40.0
11,1,right_lane,fixed,False,1.0,9,1,25.639592686973558,9.0,0.0,8.753063142299652,9.5,9.0,0.5,nan,0.0,0,0,9,0,9.0,0.0,0.0
12,1,right_lane,fixed,False,1.0,40,0,21.018957345971565,0.5,15.5,5.821319112082165,59.25,40.0,19.25,nan,0.0,0,0,40,0,1.0,1.0,38.0
13,1,right_lane,fixed,False,1.0,40,0,22.643957345971486,0.0,2.0,3.4380056282623173,60.0,40.0,20.0,nan,0.0,0,0,40,0,0.0,0.0,40.0
14,1,right_lane,fixed,False,1.0,40,0,21.393957345971565,0.0,6.0,3.672490268945694,60.0,40.0,20.0,nan,0.0,0,0,40,0,0.0,0.0,40.0
15,1,right_lane,fixed,False,1.0,40,0,24.393914152736198,6.5,0.5,8.267030713741406,56.75,40.0,16.75,nan,0.0,0,0,40,0,7.0,1.0,32.0
16,1,right_lane,fixed,False,1.0,40,0,21.768957345971554,0.5,8.0,4.243992287666515,59.75,40.0,19.75,nan,0.0,0,0,40,0,1.0,1.0,38.0
17,1,right_lane,fixed,False,1.0,40,0,23.143957345971565,0.5,8.5,4.490393891878739,59.75,40.0,19.75,nan,0.0,0,0,40,0,1.0,1.0,38.0
18,1,right_lane,fixed,False,1.0,19,1,24.776752099171972,0.5,0.0,1.0440926465998928,28.5,19.0,9.5,nan,0.0,0,0,19,0,0.0,0.0,19.0
19,1,right_lane,fixed,False,1.0,10,1,21.07582937702842,0.0,5.0,1.6985967755317688,14.75,10.0,4.75,nan,0.0,0,0,10,0,0.0,0.0,10.0
20,1,right_lane,fixed,False,1.0,40,0,24.018957345937995,12.5,1.0,15.11656685057278,53.75,40.0,13.75,nan,0.0,0,0,40,0,13.0,1.0,26.0
21,1,right_lane,fixed,False,1.0,40,0,23.14391406689101,6.5,5.5,10.166435256183831,56.75,40.0,16.75,nan,0.0,0,0,40,0,7.0,1.0,32.0
22,1,right_lane,fixed,False,1.0,40,0,24.143957345971565,16.0,2.0,18.897493436932564,52.0,40.0,12.0,nan,0.0,0,0,40,0,15.0,4.0,21.0
23,1,right_lane,fixed,False,1.0,40,0,21.018957345971565,0.0,1.5,3.809785973069893,60.0,40.0,20.0,nan,0.0,0,0,40,0,0.0,0.0,40.0
24,1,right_lane,fixed,False,1.0,40,0,20.893957345971565,2.5,1.5,6.560039661824703,58.75,40.0,18.75,nan,0.0,0,0,40,0,0.0,6.0,34.0
25,1,right_lane,fixed,False,1.0,40,0,20.893957345971565,0.0,9.5,4.4650467820465565,60.0,40.0,20.0,nan,0.0,0,0,40,0,0.0,0.0,40.0
26,1,right_lane,fixed,False,1.0,28,1,21.277081922816514,0.0,6.0,3.257658118802283,42.0,28.0,14.0,nan,0.0,0,0,28,0,0.0,0.0,28.0
27,1,right_lane,fixed,False,1.0,40,0,21.12749644062177,0.0,16.0,4.885331258177757,60.0,40.0,20.0,nan,0.0,0,0,40,0,0.0,1.0,39.0
28,1,right_lane,fixed,False,1.0,40,0,21.893957345971565,0.0,1.0,2.638877360852348,60.0,40.0,20.0,nan,0.0,0,0,40,0,0.0,0.0,40.0
29,1,right_lane,fixed,False,1.0,40,0,20.893957345971565,0.5,6.5,5.185349054634571,59.75,40.0,19.75,nan,0.0,0,0,40,0,1.0,1.0,38.0
30,1,right_lane,fixed,False,1.0,40,0,23.518957345971565,0.0,0.0,2.417275256211724,60.0,40.0,20.0,nan,0.0,0,0,40,0,0.0,0.0,40.0
31,1,right_lane,fixed,False,1.0,40,0,24.874956720949182,15.0,5.5,17.702148547163233,52.5,40.0,12.5,nan,0.0,0,0,40,0,11.0,9.0,20.0
32,1,right_lane,fixed,False,1.0,40,0,24.018957345971565,12.5,0.0,13.9348470018449,53.75,40.0,13.75,nan,0.0,0,0,40,0,13.0,1.0,26.0
33,1,right_lane,fixed,False,1.0,40,0,20.518957345971565,0.0,4.5,4.697209149599075,60.0,40.0,20.0,nan,0.0,0,0,40,0,0.0,1.0,39.0
34,1,right_lane,fixed,False,1.0,40,0,21.7667895688869,0.0,12.0,4.751743149725371,60.0,40.0,20.0,nan,0.0,0,0,40,0,0.0,1.0,39.0
35,1,right_lane,fixed,False,1.0,5,1,21.15161315963453,0.0,2.5,0.8991883844137192,7.5,5.0,2.5,nan,0.0,0,0,5,0,0.0,0.0,5.0
36,1,right_lane,fixed,False,1.0,40,0,21.752495691584983,0.0,2.0,3.299827500082756,60.0,40.0,20.0,nan,0.0,0,0,40,0,0.0,0.0,40.0
37,1,right_lane,fixed,False,1.0,40,0,23.268957345971494,0.5,12.0,5.130847943538811,59.75,40.0,19.75,nan,0.0,0,0,40,0,1.0,1.0,38.0
38,1,right_lane,fixed,False,1.0,40,0,21.268957345971565,0.0,6.0,4.024512875395885,60.0,40.0,20.0,nan,0.0,0,0,40,0,0.0,0.0,40.0
39,1,right_lane,fixed,False,1.0,40,0,21.76895733466685,0.0,6.5,4.3678765840745655,60.0,40.0,20.0,nan,0.0,0,0,40,0,0.0,1.0,39.0
40,1,right_lane,fixed,False,1.0,24,1,22.32326224328594,0.5,8.0,3.532881748453292,36.0,24.0,12.0,nan,0.0,0,0,24,0,0.0,0.0,24.0
41,1,right_lane,fixed,False,1.0,16,1,20.98489336492874,0.0,4.0,2.2138575986027718,23.75,16.0,7.75,nan,0.0,0,0,16,0,0.0,0.0,16.0
42,1,right_lane,fixed,False,1.0,36,1,22.79884149552396,0.5,6.0,4.873726325109601,53.75,36.0,17.75,nan,0.0,0,0,36,0,1.0,1.0,34.0
43,1,right_lane,fixed,False,1.0,40,0,22.64395734428684,0.0,12.0,3.9976886370968714,60.0,40.0,20.0,nan,0.0,0,0,40,0,0.0,1.0,39.0
44,1,right_lane,fixed,False,1.0,40,0,23.518914152736198,7.0,8.0,10.499137849345061,56.5,40.0,16.5,nan,0.0,0,0,40,0,5.0,5.0,30.0
45,1,right_lane,fixed,False,1.0,40,0,21.268957345971565,0.0,6.5,4.318461827464489,60.0,40.0,20.0,nan,0.0,0,0,40,0,0.0,1.0,39.0
46,1,right_lane,fixed,False,1.0,40,0,21.893957345971565,2.0,6.0,7.192063311162201,59.0,40.0,19.0,nan,0.0,0,0,40,0,0.0,5.0,35.0
47,1,right_lane,fixed,False,1.0,40,0,22.268957345971565,0.5,0.0,4.302285178191596,59.75,40.0,19.75,nan,0.0,0,0,40,0,1.0,1.0,38.0
48,1,right_lane,fixed,False,1.0,40,0,25.268956694084682,15.0,3.5,17.16515947111293,52.5,40.0,12.5,nan,0.0,0,0,40,0,14.0,4.0,22.0
49,1,right_lane,fixed,False,1.0,40,0,22.768914804623083,15.5,3.5,17.420325115323067,52.25,40.0,12.25,nan,0.0,0,0,40,0,10.0,12.0,18.0
50,1,right_lane,fixed,False,1.0,40,0,22.768957345971565,7.5,5.5,10.509985597386276,56.25,40.0,16.25,nan,0.0,0,0,40,0,5.0,5.0,30.0
51,1,right_lane,fixed,False,1.0,40,0,20.518957345971565,0.0,17.5,5.356107277413685,60.0,40.0,20.0,nan,0.0,0,0,40,0,0.0,0.0,40.0
52,1,right_lane,fixed,False,1.0,40,0,21.768957345971565,3.0,3.5,6.659924536943436,58.5,40.0,18.5,nan,0.0,0,0,40,0,3.0,2.0,35.0
53,1,right_lane,fixed,False,1.0,19,1,20.829383886255922,0.0,7.0,2.6004857271909714,28.5,19.0,9.5,nan,0.0,0,0,19,0,0.0,0.0,19.0
54,1,right_lane,fixed,False,1.0,40,0,22.393957345971565,0.0,1.0,3.5010626925284214,60.0,40.0,20.0,nan,0.0,0,0,40,0,0.0,0.0,40.0
55,1,right_lane,fixed,False,1.0,40,0,22.518957345971565,0.5,5.5,4.563425576499867,59.75,40.0,19.75,nan,0.0,0,0,40,0,1.0,1.0,38.0
56,1,right_lane,fixed,False,1.0,40,0,22.983867844032495,9.5,4.0,12.309263813723192,55.25,40.0,15.25,nan,0.0,0,0,40,0,10.0,1.0,29.0
57,1,right_lane,fixed,False,1.0,40,0,20.75249644062177,0.0,1.0,3.4440364129841328,60.0,40.0,20.0,nan,0.0,0,0,40,0,0.0,1.0,39.0
58,1,right_lane,fixed,False,1.0,40,0,20.393957345971565,0.0,0.0,3.847062051296234,60.0,40.0,20.0,nan,0.0,0,0,40,0,0.0,0.0,40.0
59,1,right_lane,fixed,False,1.0,11,1,24.614387259584337,11.0,0.0,10.761364996433258,11.5,11.0,0.5,nan,0.0,0,0,11,0,11.0,0.0,0.0
60,1,right_lane,fixed,False,1.0,40,0,21.643957345971565,0.0,0.5,2.95872393429363,59.5,40.0,19.5,nan,0.0,0,0,40,0,0.0,1.0,39.0
61,1,right_lane,fixed,False,1.0,40,0,22.768957345971565,15.0,0.0,16.140901145059615,52.5,40.0,12.5,nan,0.0,0,0,40,0,14.0,3.0,23.0
62,1,right_lane,fixed,False,1.0,40,0,22.268957345971565,0.5,4.5,4.526154659191889,59.75,40.0,19.75,nan,0.0,0,0,40,0,1.0,1.0,38.0
63,1,right_lane,fixed,False,1.0,40,0,22.018957345971565,21.0,1.0,22.470716170966625,49.5,40.0,9.5,nan,0.0,0,0,40,0,10.0,24.0,6.0
64,1,right_lane,fixed,False,1.0,31,1,22.44381593028514,2.5,5.5,5.557573332735046,45.25,31.0,14.25,nan,0.0,0,0,31,0,0.0,5.0,26.0
65,1,right_lane,fixed,False,1.0,33,1,23.81085738905644,0.0,9.5,3.952912282106354,49.5,33.0,16.5,nan,0.0,0,0,33,0,0.0,1.0,32.0
66,1,right_lane,fixed,False,1.0,40,0,21.643957345971565,24.5,6.5,25.48235934972763,47.75,40.0,7.75,nan,0.0,0,0,40,0,21.0,9.0,10.0
67,1,right_lane,fixed,False,1.0,40,0,21.143957345971565,0.0,3.0,3.7911420315504074,60.0,40.0,20.0,nan,0.0,0,0,40,0,0.0,1.0,39.0
68,1,right_lane,fixed,False,1.0,40,0,24.997510011146723,11.5,8.5,14.311300141796892,54.25,40.0,14.25,nan,0.0,0,0,40,0,10.0,4.0,26.0
69,1,right_lane,fixed,False,1.0,40,0,20.643957345971565,1.5,0.5,5.0860108733177185,59.25,40.0,19.25,nan,0.0,0,0,40,0,2.0,1.0,37.0
70,1,right_lane,fixed,False,1.0,40,0,20.768957345971565,0.5,17.0,6.152665264904499,59.75,40.0,19.75,nan,0.0,0,0,40,0,1.0,1.0,38.0
71,1,right_lane,fixed,False,1.0,40,0,22.268957345971057,0.5,3.0,4.520663284393777,59.75,40.0,19.75,nan,0.0,0,0,40,0,1.0,1.0,38.0
72,1,right_lane,fixed,False,1.0,40,0,21.518957345775522,4.5,2.0,7.195472899824381,57.75,40.0,17.75,nan,0.0,0,0,40,0,3.0,4.0,33.0
73,1,right_lane,fixed,False,1.0,40,0,20.268957345971565,0.0,17.0,5.24168536067009,60.0,40.0,20.0,nan,0.0,0,0,40,0,0.0,0.0,40.0
74,1,right_lane,fixed,False,1.0,40,0,22.143957345971565,1.5,0.5,2.4479752023871697,59.25,40.0,19.25,nan,0.0,0,0,40,0,2.0,1.0,37.0
75,1,right_lane,fixed,False,1.0,40,0,23.643957345971565,17.5,7.0,20.224425710737705,51.25,40.0,11.25,nan,0.0,0,0,40,0,18.0,1.0,21.0
76,1,right_lane,fixed,False,1.0,40,0,20.268957345971565,0.0,7.5,4.221569396555424,60.0,40.0,20.0,nan,0.0,0,0,40,0,0.0,0.0,40.0
77,1,right_lane,fixed,False,1.0,40,0,22.393957345971565,23.0,3.0,22.334035182089792,49.0,40.0,9.0,nan,0.0,0,0,40,0,20.0,4.0,16.0
78,1,right_lane,fixed,False,1.0,40,0,21.268957345971565,0.0,3.5,4.020121841276705,59.5,40.0,19.5,nan,0.0,0,0,40,0,0.0,1.0,39.0
79,1,right_lane,fixed,False,1.0,40,0,23.518957345971554,7.5,2.5,10.43404085981274,56.25,40.0,16.25,nan,0.0,0,0,40,0,8.0,1.0,31.0
80,1,right_lane,fixed,False,1.0,40,0,24.143956496611462,0.5,12.0,4.633190679912559,59.75,40.0,19.75,nan,0.0,0,0,40,0,0.0,1.0,39.0
81,1,right_lane,fixed,False,1.0,40,0,21.766466606367043,0.0,2.5,4.03014550358057,60.0,40.0,20.0,nan,0.0,0,0,40,0,0.0,1.0,39.0
82,1,right_lane,fixed,False,1.0,40,0,21.268957345971565,0.0,3.0,2.8223007610358763,60.0,40.0,20.0,nan,0.0,0,0,40,0,0.0,0.0,40.0
83,1,right_lane,fixed,False,1.0,40,0,22.391789654732086,0.5,11.0,4.986355098197237,59.75,40.0,19.75,nan,0.0,0,0,40,0,1.0,1.0,38.0
84,1,right_lane,fixed,False,1.0,40,0,22.643957345971565,0.0,1.0,3.166259005680331,60.0,40.0,20.0,nan,0.0,0,0,40,0,0.0,0.0,40.0
85,1,right_lane,fixed,False,1.0,40,0,20.893957345971565,0.0,7.0,4.525890946388245,60.0,40.0,20.0,nan,0.0,0,0,40,0,0.0,0.0,40.0
86,1,right_lane,fixed,False,1.0,40,0,21.393957345971554,0.0,7.5,4.1061233058571815,60.0,40.0,20.0,nan,0.0,0,0,40,0,0.0,0.0,40.0
87,1,right_lane,fixed,False,1.0,40,0,21.018957345971565,0.5,1.5,3.7808812272387513,59.75,40.0,19.75,nan,0.0,0,0,40,0,1.0,1.0,38.0
88,1,right_lane,fixed,False,1.0,40,0,22.89391975488909,14.5,2.5,16.286688655614853,52.75,40.0,12.75,nan,0.0,0,0,40,0,14.0,2.0,24.0
89,1,right_lane,fixed,False,1.0,40,0,22.643957345971565,6.5,12.5,10.274250873364508,56.75,40.0,16.75,nan,0.0,0,0,40,0,7.0,1.0,32.0
90,1,right_lane,fixed,False,1.0,40,0,22.143957345971565,15.5,3.5,18.276588521897793,52.25,40.0,12.25,nan,0.0,0,0,40,0,8.0,16.0,16.0
91,1,right_lane,fixed,False,1.0,40,0,22.143957345971565,0.0,7.0,4.253381478716619,60.0,40.0,20.0,nan,0.0,0,0,40,0,0.0,0.0,40.0
92,1,right_lane,fixed,False,1.0,40,0,22.643957345971565,5.5,0.5,7.766412511467934,57.25,40.0,17.25,nan,0.0,0,0,40,0,6.0,1.0,33.0
93,1,right_lane,fixed,False,1.0,40,0,20.518957345971565,0.0,19.0,5.443373270332813,60.0,40.0,20.0,nan,0.0,0,0,40,0,0.0,0.0,40.0
94,1,right_lane,fixed,False,1.0,40,0,21.518957345971565,0.0,17.0,4.575171451368078,60.0,40.0,20.0,nan,0.0,0,0,40,0,0.0,0.0,40.0
95,1,right_lane,fixed,False,1.0,40,0,21.768957345971565,0.0,2.5,3.530526147380442,60.0,40.0,20.0,nan,0.0,0,0,40,0,0.0,1.0,39.0
96,1,right_lane,fixed,False,1.0,40,0,21.268957345967657,0.5,2.0,4.620019152760506,59.75,40.0,19.75,nan,0.0,0,0,40,0,1.0,1.0,38.0
97,1,right_lane,fixed,False,1.0,40,0,23.643957345971565,0.0,6.0,3.499020051927573,60.0,40.0,20.0,nan,0.0,0,0,40,0,0.0,1.0,39.0
98,1,right_lane,fixed,False,1.0,40,0,22.018957345971565,0.0,6.0,3.7471774431342055,60.0,40.0,20.0,nan,0.0,0,0,40,0,0.0,1.0,39.0
99,1,right_lane,fixed,False,1.0,38,1,21.862060364180596,5.0,7.0,9.467690820987627,54.5,38.0,16.5,nan,0.0,0,0,38,0,5.0,2.0,31.0
100,1,right_lane,fixed,False,1.0,40,0,23.143957345971565,0.5,1.0,3.9527427423977315,59.75,40.0,19.75,nan,0.0,0,0,40,0,1.0,1.0,38.0
101,1,right_lane,fixed,False,1.0,40,0,23.518957345971565,13.0,3.0,16.072859063744545,53.5,40.0,13.5,nan,0.0,0,0,40,0,13.0,2.0,25.0
102,1,right_lane,fixed,False,1.0,13,1,23.135253366251842,0.0,0.0,0.3704139977307932,19.5,13.0,6.5,nan,0.0,0,0,13,0,0.0,0.0,13.0
103,1,right_lane,fixed,False,1.0,40,0,21.893957345971565,0.5,5.5,5.172852206035714,59.75,40.0,19.75,nan,0.0,0,0,40,0,1.0,1.0,38.0
104,1,right_lane,fixed,False,1.0,40,0,20.518957345971565,0.0,5.5,4.560338355600834,60.0,40.0,20.0,nan,0.0,0,0,40,0,0.0,1.0,39.0
105,1,right_lane,fixed,False,1.0,40,0,22.768956694084682,9.5,1.0,12.07071279361844,55.25,40.0,15.25,nan,0.0,0,0,40,0,10.0,1.0,29.0
106,1,right_lane,fixed,False,1.0,40,0,21.268957345971565,0.0,2.0,4.095890015340046,60.0,40.0,20.0,nan,0.0,0,0,40,0,0.0,0.0,40.0
107,1,right_lane,fixed,False,1.0,40,0,24.143957345967713,14.0,1.0,16.283171864219184,53.0,40.0,13.0,nan,0.0,0,0,40,0,14.0,2.0,24.0
108,1,right_lane,fixed,False,1.0,40,0,21.768957345971053,0.5,3.5,4.197167962149251,59.75,40.0,19.75,nan,0.0,0,0,40,0,1.0,1.0,38.0
109,1,right_lane,fixed,False,1.0,40,0,22.643957345971565,0.0,3.0,3.778298616678512,60.0,40.0,20.0,nan,0.0,0,0,40,0,0.0,1.0,39.0
110,1,right_lane,fixed,False,1.0,40,0,22.518957345971565,11.0,11.5,14.719633497297764,54.5,40.0,14.5,nan,0.0,0,0,40,0,10.0,4.0,26.0
111,1,right_lane,fixed,False,1.0,40,0,21.768957345971565,26.5,2.5,26.74296785145998,46.75,40.0,6.75,nan,0.0,0,0,40,0,27.0,1.0,12.0
112,1,right_lane,fixed,False,1.0,40,0,22.518956496360392,17.5,1.0,19.20100085069771,51.25,40.0,11.25,nan,0.0,0,0,40,0,7.0,23.0,10.0
113,1,right_lane,fixed,False,1.0,40,0,21.893957345971565,4.5,14.0,8.26218987833181,57.75,40.0,17.75,nan,0.0,0,0,40,0,4.0,2.0,34.0
114,1,right_lane,fixed,False,1.0,40,0,20.643957345971565,3.0,12.0,7.783387199044228,58.5,40.0,18.5,nan,0.0,0,0,40,0,0.0,7.0,33.0
115,1,right_lane,fixed,False,1.0,40,0,21.768957345971565,0.5,5.0,4.925319748239417,59.75,40.0,19.75,nan,0.0,0,0,40,0,1.0,1.0,38.0
116,1,right_lane,fixed,False,1.0,30,1,20.358609794628755,0.0,12.5,4.515569984912872,45.0,30.0,15.0,nan,0.0,0,0,30,0,0.0,0.0,30.0
117,1,right_lane,fixed,False,1.0,40,0,25.518957345971494,16.0,0.5,18.003826919344647,52.0,40.0,12.0,nan,0.0,0,0,40,0,15.0,4.0,21.0
118,1,right_lane,fixed,False,1.0,33,1,23.053281631480683,8.0,1.5,10.515095740556717,45.5,33.0,12.5,nan,0.0,0,0,33,0,6.0,5.0,22.0
119,1,right_lane,fixed,False,1.0,40,0,22.018957345971565,0.0,10.5,4.186088900882169,60.0,40.0,20.0,nan,0.0,0,0,40,0,0.0,0.0,40.0
120,1,right_lane,fixed,False,1.0,40,0,22.268957345971565,0.0,1.0,3.5190633274530683,60.0,40.0,20.0,nan,0.0,0,0,40,0,0.0,0.0,40.0
121,1,right_lane,fixed,False,1.0,40,0,21.768957345971565,0.5,4.5,4.711241111814161,59.75,40.0,19.75,nan,0.0,0,0,40,0,1.0,1.0,38.0
122,1,right_lane,fixed,False,1.0,40,0,21.268957345971565,0.0,0.0,1.5785819019429255,60.0,40.0,20.0,nan,0.0,0,0,40,0,0.0,0.0,40.0
123,1,right_lane,fixed,False,1.0,40,0,22.518957345971565,3.0,4.5,6.760482485895409,58.5,40.0,18.5,nan,0.0,0,0,40,0,3.0,2.0,35.0
124,1,right_lane,fixed,False,1.0,40,0,24.749999901361928,36.5,1.5,35.558529019355774,42.25,40.0,2.25,nan,0.0,0,0,40,0,33.0,7.0,0.0
125,1,right_lane,fixed,False,1.0,40,0,22.002496438936525,0.0,4.5,3.488304898799015,59.5,40.0,19.5,nan,0.0,0,0,40,0,0.0,0.0,40.0
126,1,right_lane,fixed,False,1.0,40,0,21.018957344257622,0.0,3.5,4.186035826802254,60.0,40.0,20.0,nan,0.0,0,0,40,0,0.0,0.0,40.0
127,1,right_lane,fixed,False,1.0,40,0,21.018957345971565,0.0,18.0,5.992830141070044,60.0,40.0,20.0,nan,0.0,0,0,40,0,0.0,1.0,39.0
128,1,right_lane,fixed,False,1.0,17,1,24.750487838206908,1.0,3.0,2.989661200760793,25.25,17.0,8.25,nan,0.0,0,0,17,0,1.0,1.0,15.0
129,1,right_lane,fixed,False,1.0,40,0,23.76895734594235,0.0,12.0,3.800500253633345,59.75,40.0,19.75,nan,0.0,0,0,40,0,0.0,1.0,39.0
130,1,right_lane,fixed,False,1.0,40,0,21.518957345971565,0.0,9.5,3.374348116318288,60.0,40.0,20.0,nan,0.0,0,0,40,0,0.0,0.0,40.0
131,1,right_lane,fixed,False,1.0,40,0,21.768957345971565,0.0,0.5,3.6651245277712405,60.0,40.0,20.0,nan,0.0,0,0,40,0,0.0,1.0,39.0
132,1,right_lane,fixed,False,1.0,40,0,21.250043292099726,0.0,14.5,4.251543629317894,60.0,40.0,20.0,nan,0.0,0,0,40,0,0.0,1.0,39.0
133,1,right_lane,fixed,False,1.0,40,0,21.018957345971554,0.0,2.5,4.222223980783383,60.0,40.0,20.0,nan,0.0,0,0,40,0,0.0,1.0,39.0
134,1,right_lane,fixed,False,1.0,40,0,20.393957345971565,0.0,20.0,5.031148664653301,60.0,40.0,20.0,nan,0.0,0,0,40,0,0.0,0.0,40.0
135,1,right_lane,fixed,False,1.0,40,0,21.518957345971565,0.0,15.5,4.71424856597514,60.0,40.0,20.0,nan,0.0,0,0,40,0,0.0,0.0,40.0
136,1,right_lane,fixed,False,1.0,40,0,20.768957345971565,0.0,0.5,3.1057737097144127,60.0,40.0,20.0,nan,0.0,0,0,40,0,0.0,1.0,39.0
137,1,right_lane,fixed,False,1.0,40,0,21.643957345971565,2.0,10.0,7.065509147942066,59.0,40.0,19.0,nan,0.0,0,0,40,0,0.0,5.0,35.0
138,1,right_lane,fixed,False,1.0,40,0,21.143957345971565,0.0,1.0,3.3405117993647764,60.0,40.0,20.0,nan,0.0,0,0,40,0,0.0,1.0,39.0
139,1,right_lane,fixed,False,1.0,40,0,21.893957345971565,5.5,2.0,8.449035109049419,57.25,40.0,17.25,nan,0.0,0,0,40,0,6.0,1.0,33.0
140,1,right_lane,fixed,False,1.0,40,0,23.018957345971565,9.5,12.0,12.770302176475525,55.25,40.0,15.25,nan,0.0,0,0,40,0,9.0,2.0,29.0
141,1,right_lane,fixed,False,1.0,40,0,22.768634297606514,0.0,1.5,3.6667266815636594,60.0,40.0,20.0,nan,0.0,0,0,40,0,0.0,1.0,39.0
142,1,right_lane,fixed,False,1.0,40,0,22.627496440621705,28.0,4.0,27.889510490000248,46.5,40.0,6.5,nan,0.0,0,0,40,0,26.0,3.0,11.0
143,1,right_lane,fixed,False,1.0,40,0,23.143623745187625,10.5,2.5,12.535630212314572,54.25,40.0,14.25,nan,0.0,0,0,40,0,9.0,4.0,27.0
144,1,right_lane,fixed,False,1.0,40,0,21.143957345971565,0.0,13.5,4.488287933170795,60.0,40.0,20.0,nan,0.0,0,0,40,0,0.0,0.0,40.0
145,1,right_lane,fixed,False,1.0,40,0,22.643957345971494,5.0,11.5,9.282512929717996,57.5,40.0,17.5,nan,0.0,0,0,40,0,5.0,2.0,33.0
146,1,right_lane,fixed,False,1.0,40,0,21.143919754885687,0.0,1.0,3.7869995832443237,60.0,40.0,20.0,nan,0.0,0,0,40,0,0.0,1.0,39.0
147,1,right_lane,fixed,False,1.0,37,1,21.371845779428718,0.5,3.0,2.3371033959547276,55.5,37.0,18.5,nan,0.0,0,0,37,0,0.0,1.0,36.0
148,1,right_lane,fixed,False,1.0,40,0,21.393957345971494,9.5,5.0,13.301770073361695,55.0,40.0,15.0,nan,0.0,0,0,40,0,7.0,6.0,27.0
149,1,right_lane,fixed,False,1.0,40,0,22.143957345971565,0.0,7.5,3.8199440050811972,60.0,40.0,20.0,nan,0.0,0,0,40,0,0.0,0.0,40.0
150,1,right_lane,fixed,False,1.0,40,0,20.518957345971565,0.0,17.0,5.248805940151215,60.0,40.0,20.0,nan,0.0,0,0,40,0,0.0,0.0,40.0
151,1,right_lane,fixed,False,1.0,40,0,23.518957345971565,0.0,11.5,3.749029646253234,60.0,40.0,20.0,nan,0.0,0,0,40,0,0.0,0.0,40.0
152,1,right_lane,fixed,False,1.0,40,0,22.64395734574631,15.0,8.0,17.13091943731888,53.0,40.0,13.0,nan,0.0,0,0,40,0,14.0,2.0,24.0
153,1,right_lane,fixed,False,1.0,25,1,21.230331753554502,0.0,7.0,2.894061151891947,37.0,25.0,12.0,nan,0.0,0,0,25,0,0.0,0.0,25.0
154,1,right_lane,fixed,False,1.0,37,1,25.1556295632125,15.5,7.5,18.32872112467885,47.75,37.0,10.75,nan,0.0,0,0,37,0,16.0,1.0,20.0
155,1,right_lane,fixed,False,1.0,40,0,22.518957345971565,0.0,15.0,5.2797279252472435,60.0,40.0,20.0,nan,0.0,0,0,40,0,0.0,0.0,40.0
156,1,right_lane,fixed,False,1.0,40,0,22.393957258408,23.0,2.0,22.917643451279673,48.5,40.0,8.5,nan,0.0,0,0,40,0,20.0,7.0,13.0
157,1,right_lane,fixed,False,1.0,40,0,22.127496439133086,0.0,12.0,4.206473568829551,60.0,40.0,20.0,nan,0.0,0,0,40,0,0.0,1.0,39.0
158,1,right_lane,fixed,False,1.0,40,0,21.143957345971565,0.0,1.0,2.866009997203946,60.0,40.0,20.0,nan,0.0,0,0,40,0,0.0,0.0,40.0
159,1,right_lane,fixed,False,1.0,40,0,20.893957345971565,0.5,2.5,4.974846787750721,59.75,40.0,19.75,nan,0.0,0,0,40,0,1.0,1.0,38.0
160,1,right_lane,fixed,False,1.0,40,0,22.643957345971565,0.5,3.0,4.7418893224441945,59.75,40.0,19.75,nan,0.0,0,0,40,0,1.0,1.0,38.0
161,1,right_lane,fixed,False,1.0,40,0,22.000000013019175,0.5,1.0,4.486492930533132,59.75,40.0,19.75,nan,0.0,0,0,40,0,1.0,1.0,38.0
162,1,right_lane,fixed,False,1.0,40,0,21.518957345971565,0.0,9.5,3.251173633821054,60.0,40.0,20.0,nan,0.0,0,0,40,0,0.0,0.0,40.0
163,1,right_lane,fixed,False,1.0,40,0,21.393957345971565,0.0,8.0,4.043079056649049,60.0,40.0,20.0,nan,0.0,0,0,40,0,0.0,0.0,40.0
164,1,right_lane,fixed,False,1.0,40,0,21.893957345971565,5.0,1.0,8.112861707806587,57.5,40.0,17.5,nan,0.0,0,0,40,0,5.0,2.0,33.0
165,1,right_lane,fixed,False,1.0,40,0,21.0189197534004,0.0,5.0,3.435568071002308,60.0,40.0,20.0,nan,0.0,0,0,40,0,0.0,0.0,40.0
166,1,right_lane,fixed,False,1.0,40,0,23.143957345971486,5.0,1.5,7.826778882608778,57.5,40.0,17.5,nan,0.0,0,0,40,0,4.0,3.0,33.0
167,1,right_lane,fixed,False,1.0,40,0,21.26895239570556,0.0,0.0,1.8355032577253496,60.0,40.0,20.0,nan,0.0,0,0,40,0,0.0,0.0,40.0
168,1,right_lane,fixed,False,1.0,32,1,23.304946682464454,0.5,4.0,3.4623380987113705,48.0,32.0,16.0,nan,0.0,0,0,32,0,0.0,0.0,32.0
169,1,right_lane,fixed,False,1.0,40,0,21.268957345971565,0.0,3.5,3.501940995743098,59.75,40.0,19.75,nan,0.0,0,0,40,0,0.0,0.0,40.0
170,1,right_lane,fixed,False,1.0,40,0,21.643957345971565,0.0,2.0,3.059256747161271,60.0,40.0,20.0,nan,0.0,0,0,40,0,0.0,0.0,40.0
171,1,right_lane,fixed,False,1.0,40,0,21.997875600860247,4.5,15.0,9.423836074769497,57.75,40.0,17.75,nan,0.0,0,0,40,0,0.0,10.0,30.0
172,1,right_lane,fixed,False,1.0,40,0,21.518957345971565,0.0,4.5,4.163719671436411,60.0,40.0,20.0,nan,0.0,0,0,40,0,0.0,1.0,39.0
173,1,right_lane,fixed,False,1.0,40,0,23.01895733298212,3.5,3.0,7.383212558719606,58.25,40.0,18.25,nan,0.0,0,0,40,0,0.0,8.0,32.0
174,1,right_lane,fixed,False,1.0,40,0,21.893957345971565,0.0,0.0,2.9947242015614393,60.0,40.0,20.0,nan,0.0,0,0,40,0,0.0,0.0,40.0
175,1,right_lane,fixed,False,1.0,40,0,23.76891480462308,0.0,2.5,3.0609440090847784,60.0,40.0,20.0,nan,0.0,0,0,40,0,0.0,1.0,39.0
176,1,right_lane,fixed,False,1.0,40,0,22.750328749382284,0.5,0.5,3.6026150481470722,59.75,40.0,19.75,nan,0.0,0,0,40,0,1.0,1.0,38.0
177,1,right_lane,fixed,False,1.0,40,0,21.393957345971565,4.5,2.0,7.415641903751748,57.75,40.0,17.75,nan,0.0,0,0,40,0,4.0,2.0,34.0
178,1,right_lane,fixed,False,1.0,40,0,21.768957345971565,17.0,5.0,18.944550290703773,51.5,40.0,11.5,nan,0.0,0,0,40,0,16.0,3.0,21.0
179,1,right_lane,fixed,False,1.0,25,1,21.6303317535545,0.0,11.0,4.491639988196766,37.5,25.0,12.5,nan,0.0,0,0,25,0,0.0,1.0,24.0
180,1,right_lane,fixed,False,1.0,40,0,22.643957345971565,10.5,3.5,13.496638335287571,54.75,40.0,14.75,nan,0.0,0,0,40,0,10.0,3.0,27.0
181,1,right_lane,fixed,False,1.0,40,0,23.26895734597156,10.5,5.5,13.597228646278381,54.75,40.0,14.75,nan,0.0,0,0,40,0,4.0,14.0,22.0
182,1,right_lane,fixed,False,1.0,40,0,22.143957345971497,1.0,2.0,4.339082630858684,59.5,40.0,19.5,nan,0.0,0,0,40,0,1.0,2.0,37.0
183,1,right_lane,fixed,False,1.0,40,0,21.268957345971565,0.0,11.0,4.5953012853860855,60.0,40.0,20.0,nan,0.0,0,0,40,0,0.0,0.0,40.0
184,1,right_lane,fixed,False,1.0,40,0,22.393957345971565,5.5,16.5,11.037879191339016,57.25,40.0,17.25,nan,0.0,0,0,40,0,2.0,8.0,30.0
185,1,right_lane,fixed,False,1.0,40,0,24.60637699279994,17.5,4.5,18.979495301273346,51.75,40.0,11.75,nan,0.0,0,0,40,0,14.0,7.0,19.0
186,1,right_lane,fixed,False,1.0,40,0,20.393957345971565,0.0,2.0,4.33589193969965,59.5,40.0,19.5,nan,0.0,0,0,40,0,0.0,0.0,40.0
187,1,right_lane,fixed,False,1.0,40,0,22.518957345971565,10.5,10.5,14.05598896741867,54.75,40.0,14.75,nan,0.0,0,0,40,0,11.0,1.0,28.0
188,1,right_lane,fixed,False,1.0,40,0,21.518957345971565,0.5,6.0,4.862329445171781,59.75,40.0,19.75,nan,0.0,0,0,40,0,0.0,2.0,38.0
189,1,right_lane,fixed,False,1.0,40,0,20.643957345971565,0.0,6.5,4.320844702422619,60.0,40.0,20.0,nan,0.0,0,0,40,0,0.0,0.0,40.0
190,1,right_lane,fixed,False,1.0,16,1,21.922393364854578,1.5,4.0,4.0849869549274445,23.25,16.0,7.25,nan,0.0,0,0,16,0,2.0,1.0,13.0
191,1,right_lane,fixed,False,1.0,26,1,21.183011301494716,1.5,8.5,5.489840239286423,38.25,26.0,12.25,nan,0.0,0,0,26,0,2.0,1.0,23.0
192,1,right_lane,fixed,False,1.0,40,0,21.393957345971565,0.0,5.5,3.8654979262501,60.0,40.0,20.0,nan,0.0,0,0,40,0,0.0,1.0,39.0
193,1,right_lane,fixed,False,1.0,40,0,21.393957345971565,0.0,2.0,3.4022340218812133,60.0,40.0,20.0,nan,0.0,0,0,40,0,0.0,1.0,39.0
194,1,right_lane,fixed,False,1.0,33,1,21.99267557087462,2.5,1.5,5.2342500630511495,48.25,33.0,15.25,nan,0.0,0,0,33,0,0.0,6.0,27.0
195,1,right_lane,fixed,False,1.0,40,0,23.768957345971565,6.0,0.5,7.774461599561619,57.0,40.0,17.0,nan,0.0,0,0,40,0,4.0,4.0,32.0
196,1,right_lane,fixed,False,1.0,40,0,22.768957344482818,0.0,8.5,3.704136304375652,60.0,40.0,20.0,nan,0.0,0,0,40,0,0.0,1.0,39.0
197,1,right_lane,fixed,False,1.0,40,0,21.018957345971565,0.5,1.0,5.260501606477192,59.75,40.0,19.75,nan,0.0,0,0,40,0,1.0,1.0,38.0
198,1,right_lane,fixed,False,1.0,40,0,21.268957345971565,0.0,8.0,4.48451341688633,60.0,40.0,20.0,nan,0.0,0,0,40,0,0.0,1.0,39.0
199,1,right_lane,fixed,False,1.0,40,0,23.768957345971565,11.5,1.5,13.924747442359148,54.25,40.0,14.25,nan,0.0,0,0,40,0,12.0,1.0,27.0
200,1,right_lane,fixed,False,1.0,40,0,20.268957345971565,0.0,14.0,5.009309411048889,60.0,40.0,20.0,nan,0.0,0,0,40,0,0.0,0.0,40.0
201,1,right_lane,fixed,False,1.0,40,0,20.768957345971565,0.5,7.0,3.6519478354075545,59.75,40.0,19.75,nan,0.0,0,0,40,0,1.0,1.0,38.0
202,1,right_lane,fixed,False,1.0,40,0,22.143957345971565,0.0,15.0,4.305214305670233,60.0,40.0,20.0,nan,0.0,0,0,40,0,0.0,0.0,40.0
203,1,right_lane,fixed,False,1.0,40,0,20.518957344286836,0.0,4.5,2.6380844849645655,60.0,40.0,20.0,nan,0.0,0,0,40,0,0.0,1.0,39.0
204,1,right_lane,fixed,False,1.0,40,0,23.643957260100045,0.0,2.0,3.3464847602590453,60.0,40.0,20.0,nan,0.0,0,0,40,0,0.0,0.0,40.0
205,1,right_lane,fixed,False,1.0,40,0,25.893957345971558,23.0,7.0,24.911639839410782,48.5,40.0,8.5,nan,0.0,0,0,40,0,23.0,2.0,15.0
206,1,right_lane,fixed,False,1.0,40,0,21.26859175625804,0.0,2.0,2.4152718570703655,60.0,40.0,20.0,nan,0.0,0,0,40,0,0.0,1.0,39.0
207,1,right_lane,fixed,False,1.0,40,0,23.143957345971565,0.5,10.0,4.938846393348285,59.75,40.0,19.75,nan,0.0,0,0,40,0,1.0,1.0,38.0
208,1,right_lane,fixed,False,1.0,40,0,20.393957345971565,0.0,3.5,4.253891721367836,60.0,40.0,20.0,nan,0.0,0,0,40,0,0.0,0.0,40.0
209,1,right_lane,fixed,False,1.0,40,0,24.018957345971565,5.5,1.5,8.87449431469463,57.25,40.0,17.25,nan,0.0,0,0,40,0,5.0,3.0,32.0
210,1,right_lane,fixed,False,1.0,40,0,20.643957345971565,3.0,1.0,7.166669875383377,58.5,40.0,18.5,nan,0.0,0,0,40,0,3.0,2.0,35.0
211,1,right_lane,fixed,False,1.0,40,0,21.893957345971565,8.0,2.0,11.061176112634712,56.0,40.0,16.0,nan,0.0,0,0,40,0,7.0,4.0,29.0
212,1,right_lane,fixed,False,1.0,40,0,21.268957345971565,0.0,1.0,3.6817211563920864,60.0,40.0,20.0,nan,0.0,0,0,40,0,0.0,0.0,40.0
213,1,right_lane,fixed,False,1.0,40,0,21.018957345971565,0.0,11.0,4.563530474901199,60.0,40.0,20.0,nan,0.0,0,0,40,0,0.0,0.0,40.0
214,1,right_lane,fixed,False,1.0,40,0,23.143909103635565,0.0,3.5,3.375850039095667,60.0,40.0,20.0,nan,0.0,0,0,40,0,0.0,1.0,39.0
215,1,right_lane,fixed,False,1.0,40,0,21.268957345971565,3.5,0.0,7.147861923120217,58.25,40.0,18.25,nan,0.0,0,0,40,0,4.0,1.0,35.0
216,1,right_lane,fixed,False,1.0,40,0,22.893957345971565,4.5,4.5,8.351749134725424,57.75,40.0,17.75,nan,0.0,0,0,40,0,5.0,1.0,34.0
217,1,right_lane,fixed,False,1.0,40,0,20.268957345971565,0.0,2.5,1.2245267090020207,60.0,40.0,20.0,nan,0.0,0,0,40,0,0.0,0.0,40.0
218,1,right_lane,fixed,False,1.0,40,0,21.76895668109524,0.5,1.5,4.453913874924183,59.75,40.0,19.75,nan,0.0,0,0,40,0,1.0,1.0,38.0
219,1,right_lane,fixed,False,1.0,40,0,21.018957345971565,0.0,5.0,2.526211690674245,60.0,40.0,20.0,nan,0.0,0,0,40,0,0.0,0.0,40.0
220,1,right_lane,fixed,False,1.0,40,0,21.768957345967713,1.5,1.5,5.422534511929371,59.25,40.0,19.25,nan,0.0,0,0,40,0,2.0,1.0,37.0
221,1,right_lane,fixed,False,1.0,24,1,24.198262243285814,0.0,6.0,2.7942019826257365,36.0,24.0,12.0,nan,0.0,0,0,24,0,0.0,0.0,24.0
222,1,right_lane,fixed,False,1.0,40,0,22.643919669043452,0.0,7.5,3.6275024418177964,60.0,40.0,20.0,nan,0.0,0,0,40,0,0.0,0.0,40.0
223,1,right_lane,fixed,False,1.0,40,0,23.018957345971565,12.0,0.0,12.411028485468705,54.0,40.0,14.0,nan,0.0,0,0,40,0,11.0,3.0,26.0
224,1,right_lane,fixed,False,1.0,40,0,20.518957345971565,2.0,4.5,6.284599430859089,59.0,40.0,19.0,nan,0.0,0,0,40,0,0.0,5.0,35.0
225,1,right_lane,fixed,False,1.0,40,0,21.643957345971565,0.0,0.5,3.9331392258764026,60.0,40.0,20.0,nan,0.0,0,0,40,0,0.0,1.0,39.0
226,1,right_lane,fixed,False,1.0,40,0,21.268957345971565,0.0,2.5,4.191119901835918,60.0,40.0,20.0,nan,0.0,0,0,40,0,0.0,0.0,40.0
227,1,right_lane,fixed,False,1.0,40,0,23.26646165610096,1.5,2.0,4.531642111977817,59.25,40.0,19.25,nan,0.0,0,0,40,0,0.0,3.0,37.0
228,1,right_lane,fixed,False,1.0,40,0,20.768957345971565,0.0,4.0,3.89841503273783,60.0,40.0,20.0,nan,0.0,0,0,40,0,0.0,1.0,39.0
229,1,right_lane,fixed,False,1.0,40,0,21.018957345971565,0.0,0.5,3.6901564684887944,60.0,40.0,20.0,nan,0.0,0,0,40,0,0.0,0.0,40.0
230,1,right_lane,fixed,False,1.0,40,0,22.268957345971565,10.0,2.0,12.54830298548768,55.0,40.0,15.0,nan,0.0,0,0,40,0,7.0,7.0,26.0
231,1,right_lane,fixed,False,1.0,40,0,21.518957345971565,0.0,0.5,3.3624095831263503,60.0,40.0,20.0,nan,0.0,0,0,40,0,0.0,1.0,39.0
232,1,right_lane,fixed,False,1.0,40,0,20.893957345971565,27.0,1.5,26.87545120716095,46.5,40.0,6.5,nan,0.0,0,0,40,0,25.0,5.0,10.0
233,1,right_lane,fixed,False,1.0,36,1,20.576619273301738,3.0,15.5,8.132124558091164,52.5,36.0,16.5,nan,0.0,0,0,36,0,3.0,2.0,31.0
234,1,right_lane,fixed,False,1.0,40,0,22.143957345971565,3.5,3.0,6.311718221411866,58.25,40.0,18.25,nan,0.0,0,0,40,0,4.0,1.0,35.0
235,1,right_lane,fixed,False,1.0,40,0,22.643957345971565,3.0,2.0,4.204470307950942,58.5,40.0,18.5,nan,0.0,0,0,40,0,3.0,2.0,35.0
236,1,right_lane,fixed,False,1.0,40,0,21.268957345971565,0.0,6.5,4.012703319283901,60.0,40.0,20.0,nan,0.0,0,0,40,0,0.0,0.0,40.0
237,1,right_lane,fixed,False,1.0,40,0,20.518957345971565,4.0,0.0,4.991250930890601,58.0,40.0,18.0,nan,0.0,0,0,40,0,3.0,4.0,33.0
238,1,right_lane,fixed,False,1.0,17,1,27.103413868713115,15.0,0.0,14.920184403657913,18.5,17.0,1.5,nan,0.0,0,0,17,0,13.0,4.0,0.0
239,1,right_lane,fixed,False,1.0,40,0,22.768957345971565,0.0,12.0,4.225895701159914,59.5,40.0,19.5,nan,0.0,0,0,40,0,0.0,1.0,39.0
240,1,right_lane,fixed,False,1.0,20,1,21.53791469194313,0.0,5.5,2.732412524521351,30.0,20.0,10.0,nan,0.0,0,0,20,0,0.0,0.0,20.0
241,1,right_lane,fixed,False,1.0,40,0,22.893951657973492,0.0,0.0,2.1139914434142497,60.0,40.0,20.0,nan,0.0,0,0,40,0,0.0,0.0,40.0
242,1,right_lane,fixed,False,1.0,40,0,22.393957345971565,22.0,2.5,23.483036674559116,49.0,40.0,9.0,nan,0.0,0,0,40,0,15.0,15.0,10.0
243,1,right_lane,fixed,False,1.0,40,0,22.143957345971565,0.0,0.5,2.9031621220419765,60.0,40.0,20.0,nan,0.0,0,0,40,0,0.0,0.0,40.0
244,1,right_lane,fixed,False,1.0,40,0,23.143957345971565,9.5,6.5,12.884770224264685,55.25,40.0,15.25,nan,0.0,0,0,40,0,10.0,1.0,29.0
245,1,right_lane,fixed,False,1.0,40,0,23.143957345971565,0.5,1.0,4.4700263521899615,59.75,40.0,19.75,nan,0.0,0,0,40,0,1.0,1.0,38.0
246,1,right_lane,fixed,False,1.0,40,0,21.018957345942347,15.5,1.0,16.37125700274919,52.25,40.0,12.25,nan,0.0,0,0,40,0,16.0,1.0,23.0
247,1,right_lane,fixed,False,1.0,40,0,21.518957345971565,0.0,0.0,2.751726975913698,60.0,40.0,20.0,nan,0.0,0,0,40,0,0.0,0.0,40.0
248,1,right_lane,fixed,False,1.0,32,1,21.429946682464454,0.5,10.0,5.144729505759642,47.75,32.0,15.75,nan,0.0,0,0,32,0,1.0,1.0,30.0
249,1,right_lane,fixed,False,1.0,40,0,20.518956596934782,0.0,15.5,5.16688197106123,60.0,40.0,20.0,nan,0.0,0,0,40,0,0.0,0.0,40.0
250,1,right_lane,fixed,False,1.0,40,0,20.643957345971565,0.0,3.5,3.8827310651540756,60.0,40.0,20.0,nan,0.0,0,0,40,0,0.0,0.0,40.0
251,1,right_lane,fixed,False,1.0,40,0,20.518957345971565,0.0,6.5,4.209079686552286,60.0,40.0,20.0,nan,0.0,0,0,40,0,0.0,0.0,40.0
252,1,right_lane,fixed,False,1.0,40,0,20.393957345971558,0.0,10.0,5.09320905059576,60.0,40.0,20.0,nan,0.0,0,0,40,0,0.0,1.0,39.0
253,1,right_lane,fixed,False,1.0,40,0,21.393957345971494,10.5,5.0,13.089462652802467,54.75,40.0,14.75,nan,0.0,0,0,40,0,11.0,1.0,28.0
254,1,right_lane,fixed,False,1.0,26,1,22.721472839956245,0.0,6.5,3.495278418666203,39.0,26.0,13.0,nan,0.0,0,0,26,0,0.0,1.0,25.0
255,1,right_lane,fixed,False,1.0,40,0,22.393919754659983,0.0,2.0,3.3934333284882996,60.0,40.0,20.0,nan,0.0,0,0,40,0,0.0,1.0,39.0
256,1,right_lane,fixed,False,1.0,40,0,20.393957345971565,0.0,7.0,5.412843465805054,60.0,40.0,20.0,nan,0.0,0,0,40,0,0.0,1.0,39.0
257,1,right_lane,fixed,False,1.0,40,0,22.518957345971565,24.0,2.0,24.391798421740532,48.0,40.0,8.0,nan,0.0,0,0,40,0,24.0,2.0,14.0
258,1,right_lane,fixed,False,1.0,40,0,22.268957345971565,12.5,5.5,15.533590279519558,53.75,40.0,13.75,nan,0.0,0,0,40,0,13.0,1.0,26.0
259,1,right_lane,fixed,False,1.0,40,0,21.393957345971565,3.0,6.5,7.650346310058012,58.5,40.0,18.5,nan,0.0,0,0,40,0,0.0,7.0,33.0
260,1,right_lane,fixed,False,1.0,40,0,21.143914066891014,0.0,5.5,2.7953554083387644,60.0,40.0,20.0,nan,0.0,0,0,40,0,0.0,1.0,39.0
261,1,right_lane,fixed,False,1.0,18,1,25.87545888079858,0.0,4.0,1.8881266085518291,27.0,18.0,9.0,nan,0.0,0,0,18,0,0.0,0.0,18.0
262,1,right_lane,fixed,False,1.0,40,0,22.518919754889087,0.0,6.0,3.3029720392878517,60.0,40.0,20.0,nan,0.0,0,0,40,0,0.0,0.0,40.0
263,1,right_lane,fixed,False,1.0,40,0,20.89395734428684,0.0,0.5,3.1898327246308327,60.0,40.0,20.0,nan,0.0,0,0,40,0,0.0,1.0,39.0
264,1,right_lane,fixed,False,1.0,13,1,25.058310742636586,0.0,2.5,1.460141227402346,19.5,13.0,6.5,nan,0.0,0,0,13,0,0.0,0.0,13.0
265,1,right_lane,fixed,False,1.0,40,0,21.393957345971565,0.0,6.0,4.387032988906867,60.0,40.0,20.0,nan,0.0,0,0,40,0,0.0,1.0,39.0
266,1,right_lane,fixed,False,1.0,40,0,21.768957345749705,0.5,3.0,4.2149642797314755,59.75,40.0,19.75,nan,0.0,0,0,40,0,1.0,1.0,38.0
267,1,right_lane,fixed,False,1.0,40,0,21.268957345971565,0.0,3.5,3.5474032441525196,60.0,40.0,20.0,nan,0.0,0,0,40,0,0.0,1.0,39.0
268,1,right_lane,fixed,False,1.0,40,0,21.893957345971565,0.0,11.0,4.285323533718838,60.0,40.0,20.0,nan,0.0,0,0,40,0,0.0,0.0,40.0
269,1,right_lane,fixed,False,1.0,40,0,22.64395164495432,0.0,1.0,2.912621791241918,60.0,40.0,20.0,nan,0.0,0,0,40,0,0.0,0.0,40.0
270,1,right_lane,fixed,False,1.0,14,1,21.482735274119527,0.5,4.0,2.1594299860298634,21.0,14.0,7.0,nan,0.0,0,0,14,0,0.0,0.0,14.0
271,1,right_lane,fixed,False,1.0,40,0,21.768957345971565,0.0,0.0,2.4726886656699207,59.75,40.0,19.75,nan,0.0,0,0,40,0,0.0,0.0,40.0
272,1,right_lane,fixed,False,1.0,40,0,22.268957345971565,6.0,1.0,9.323024719953537,57.0,40.0,17.0,nan,0.0,0,0,40,0,6.0,2.0,32.0
273,1,right_lane,fixed,False,1.0,40,0,21.643957345971565,0.0,5.0,4.19459273960274,60.0,40.0,20.0,nan,0.0,0,0,40,0,0.0,0.0,40.0
274,1,right_lane,fixed,False,1.0,40,0,21.018957345971565,0.0,4.0,3.437145099043846,60.0,40.0,20.0,nan,0.0,0,0,40,0,0.0,0.0,40.0
275,1,right_lane,fixed,False,1.0,40,0,21.6439573459385,0.0,1.5,3.6545964619981532,60.0,40.0,20.0,nan,0.0,0,0,40,0,0.0,0.0,40.0
276,1,right_lane,fixed,False,1.0,40,0,21.14395734426102,0.0,3.5,3.5334402014068473,60.0,40.0,20.0,nan,0.0,0,0,40,0,0.0,1.0,39.0
277,1,right_lane,fixed,False,1.0,40,0,21.643957345971565,0.0,1.0,3.205909980184515,60.0,40.0,20.0,nan,0.0,0,0,40,0,0.0,0.0,40.0
278,1,right_lane,fixed,False,1.0,40,0,20.768957345971565,0.0,11.0,4.313260056078434,60.0,40.0,20.0,nan,0.0,0,0,40,0,0.0,0.0,40.0
279,1,right_lane,fixed,False,1.0,40,0,21.893957345971565,5.5,1.0,8.523307619161642,57.25,40.0,17.25,nan,0.0,0,0,40,0,6.0,1.0,33.0
280,1,right_lane,fixed,False,1.0,40,0,22.393957345971565,12.5,1.5,14.689544670283794,53.75,40.0,13.75,nan,0.0,0,0,40,0,10.0,6.0,24.0
281,1,right_lane,fixed,False,1.0,15,1,21.05055292258946,0.0,7.5,2.6284007281064987,22.5,15.0,7.5,nan,0.0,0,0,15,0,0.0,0.0,15.0
282,1,right_lane,fixed,False,1.0,40,0,22.393957345971565,5.5,2.5,9.21458062591546,57.25,40.0,17.25,nan,0.0,0,0,40,0,5.0,3.0,32.0
283,1,right_lane,fixed,False,1.0,40,0,21.37749644062177,4.0,6.0,7.441317198974957,58.0,40.0,18.0,nan,0.0,0,0,40,0,3.0,3.0,34.0
284,1,right_lane,fixed,False,1.0,40,0,21.393957344286836,0.0,2.0,4.052140776067972,60.0,40.0,20.0,nan,0.0,0,0,40,0,0.0,1.0,39.0
285,1,right_lane,fixed,False,1.0,40,0,23.268957345971565,40.0,0.0,37.22761231660843,40.5,40.0,0.5,nan,0.0,0,0,40,0,40.0,0.0,0.0
286,1,right_lane,fixed,False,1.0,40,0,22.39391975488909,5.5,8.5,9.533257507289818,56.75,40.0,16.75,nan,0.0,0,0,40,0,6.0,1.0,33.0
287,1,right_lane,fixed,False,1.0,40,0,22.143957345775522,30.0,6.0,29.31061166524887,45.25,40.0,5.25,nan,0.0,0,0,40,0,20.0,20.0,0.0
288,1,right_lane,fixed,False,1.0,40,0,22.768957345971565,0.0,5.5,3.3963828079140512,59.75,40.0,19.75,nan,0.0,0,0,40,0,0.0,0.0,40.0
289,1,right_lane,fixed,False,1.0,28,1,22.705653351382363,1.5,3.0,4.493957113838405,41.25,28.0,13.25,nan,0.0,0,0,28,0,0.0,4.0,24.0
290,1,right_lane,fixed,False,1.0,40,0,20.768957345971565,0.0,10.5,4.401855040341616,60.0,40.0,20.0,nan,0.0,0,0,40,0,0.0,0.0,40.0
291,1,right_lane,fixed,False,1.0,40,0,23.893957345971565,6.5,0.0,9.387007776647806,56.75,40.0,16.75,nan,0.0,0,0,40,0,5.0,4.0,31.0
292,1,right_lane,fixed,False,1.0,40,0,23.893957345971565,13.5,1.0,15.331145138812644,53.25,40.0,13.25,nan,0.0,0,0,40,0,14.0,1.0,25.0
293,1,right_lane,fixed,False,1.0,40,0,20.893957345971565,0.0,1.0,1.123344421992897,60.0,40.0,20.0,nan,0.0,0,0,40,0,0.0,0.0,40.0
294,1,right_lane,fixed,False,1.0,40,0,20.143957345971565,0.0,19.0,6.1512883603572845,60.0,40.0,20.0,nan,0.0,0,0,40,0,0.0,0.0,40.0
295,1,right_lane,fixed,False,1.0,40,0,22.893957345971565,22.5,0.5,24.483934588730335,48.75,40.0,8.75,nan,0.0,0,0,40,0,23.0,1.0,16.0
296,1,right_lane,fixed,False,1.0,40,0,24.518951657973492,0.0,0.0,2.4126453412577575,60.0,40.0,20.0,nan,0.0,0,0,40,0,0.0,0.0,40.0
297,1,right_lane,fixed,False,1.0,40,0,22.268957345971565,0.0,0.0,3.734600176816002,60.0,40.0,20.0,nan,0.0,0,0,40,0,0.0,1.0,39.0
298,1,right_lane,fixed,False,1.0,40,0,24.768957345971565,9.0,0.0,10.762255869507953,55.5,40.0,15.5,nan,0.0,0,0,40,0,8.0,4.0,28.0
299,1,right_lane,fixed,False,1.0,40,0,21.518957345967646,0.0,2.5,3.2330761115235873,60.0,40.0,20.0,nan,0.0,0,0,40,0,0.0,0.0,40.0
300,1,right_lane,fixed,False,1.0,40,0,20.518957345971565,0.0,11.5,5.4014198035001755,60.0,40.0,20.0,nan,0.0,0,0,40,0,0.0,0.0,40.0
301,1,right_lane,fixed,False,1.0,40,0,20.768957345971565,0.0,5.0,4.037880040705204,60.0,40.0,20.0,nan,0.0,0,0,40,0,0.0,0.0,40.0
302,1,right_lane,fixed,False,1.0,40,0,20.393957345971565,0.0,16.5,5.1586722657084465,60.0,40.0,20.0,nan,0.0,0,0,40,0,0.0,1.0,39.0
303,1,right_lane,fixed,False,1.0,40,0,22.018957345971565,0.5,2.0,4.8027997831086395,59.75,40.0,19.75,nan,0.0,0,0,40,0,1.0,1.0,38.0
304,1,right_lane,fixed,False,1.0,40,0,21.00249644062177,39.5,0.0,39.10070550441742,40.5,40.0,0.5,nan,0.0,0,0,40,0,40.0,0.0,0.0
305,1,right_lane,fixed,False,1.0,40,0,23.377458834839302,6.0,1.5,8.871508609706098,56.75,40.0,16.75,nan,0.0,0,0,40,0,6.0,2.0,32.0
306,1,right_lane,fixed,False,1.0,13,1,21.212176449051793,0.0,7.0,2.899670571088791,19.5,13.0,6.5,nan,0.0,0,0,13,0,0.0,1.0,12.0
307,1,right_lane,fixed,False,1.0,40,0,21.643957345971565,2.5,4.5,6.793391205370426,58.75,40.0,18.75,nan,0.0,0,0,40,0,0.0,6.0,34.0
308,1,right_lane,fixed,False,1.0,40,0,20.893957345971565,0.0,3.0,4.680946357548237,60.0,40.0,20.0,nan,0.0,0,0,40,0,0.0,1.0,39.0
309,1,right_lane,fixed,False,1.0,40,0,22.768957345971565,5.5,0.0,8.04521183623001,57.25,40.0,17.25,nan,0.0,0,0,40,0,6.0,1.0,33.0
310,1,right_lane,fixed,False,1.0,40,0,23.268957345971565,10.5,1.5,12.916105628326477,54.75,40.0,14.75,nan,0.0,0,0,40,0,11.0,1.0,28.0
311,1,right_lane,fixed,False,1.0,40,0,23.268957234313866,0.5,2.0,4.02534407388066,59.75,40.0,19.75,nan,0.0,0,0,40,0,1.0,1.0,38.0
312,1,right_lane,fixed,False,1.0,40,0,24.76895723431381,0.0,0.0,2.507114542797467,60.0,40.0,20.0,nan,0.0,0,0,40,0,0.0,0.0,40.0
313,1,right_lane,fixed,False,1.0,40,0,23.51891395694771,0.0,1.5,3.0887041102323565,60.0,40.0,20.0,nan,0.0,0,0,40,0,0.0,0.0,40.0
314,1,right_lane,fixed,False,1.0,40,0,22.768957345971565,12.5,2.5,14.754832558333874,53.75,40.0,13.75,nan,0.0,0,0,40,0,13.0,1.0,26.0
315,1,right_lane,fixed,False,1.0,40,0,20.393957345971565,0.0,5.5,4.682810343801975,60.0,40.0,20.0,nan,0.0,0,0,40,0,0.0,0.0,40.0
316,1,right_lane,fixed,False,1.0,40,0,21.268957235803004,0.0,2.5,3.564394071922834,60.0,40.0,20.0,nan,0.0,0,0,40,0,0.0,0.0,40.0
317,1,right_lane,fixed,False,1.0,40,0,21.018957345971565,0.5,11.0,5.284893664527772,59.75,40.0,19.75,nan,0.0,0,0,40,0,1.0,1.0,38.0
318,1,right_lane,fixed,False,1.0,40,0,21.768957345971565,0.0,0.0,3.089100274415614,60.0,40.0,20.0,nan,0.0,0,0,40,0,0.0,0.0,40.0
319,1,right_lane,fixed,False,1.0,40,0,20.893957345971565,0.0,2.5,3.724633505679776,60.0,40.0,20.0,nan,0.0,0,0,40,0,0.0,1.0,39.0
320,1,right_lane,fixed,False,1.0,40,0,21.018957345971565,0.0,18.0,5.2028529569506645,60.0,40.0,20.0,nan,0.0,0,0,40,0,0.0,1.0,39.0
321,1,right_lane,fixed,False,1.0,40,0,22.393957345971565,0.0,11.0,3.5882195867488917,60.0,40.0,20.0,nan,0.0,0,0,40,0,0.0,0.0,40.0
322,1,right_lane,fixed,False,1.0,40,0,21.643957345971565,4.5,11.5,8.893130221869797,57.75,40.0,17.75,nan,0.0,0,0,40,0,3.0,4.0,33.0
323,1,right_lane,fixed,False,1.0,30,1,25.858609775028683,14.5,6.0,16.386329697590554,37.75,30.0,7.75,nan,0.0,0,0,30,0,14.0,2.0,14.0
324,1,right_lane,fixed,False,1.0,40,0,21.268957345971565,0.0,1.0,3.7480307354826436,60.0,40.0,20.0,nan,0.0,0,0,40,0,0.0,0.0,40.0
325,1,right_lane,fixed,False,1.0,40,0,20.393957345971565,0.0,20.0,6.199293062090874,60.0,40.0,20.0,nan,0.0,0,0,40,0,0.0,0.0,40.0
326,1,right_lane,fixed,False,1.0,40,0,20.393957345971565,0.0,3.5,4.446751832962036,60.0,40.0,20.0,nan,0.0,0,0,40,0,0.0,0.0,40.0
327,1,right_lane,fixed,False,1.0,40,0,21.643957345971565,0.0,1.0,3.4450349676762926,60.0,40.0,20.0,nan,0.0,0,0,40,0,0.0,0.0,40.0
328,1,right_lane,fixed,False,1.0,40,0,22.018957345967134,18.0,6.0,20.67508688569069,51.0,40.0,11.0,nan,0.0,0,0,40,0,16.0,6.0,18.0
329,1,right_lane,fixed,False,1.0,40,0,25.26895154780493,9.0,1.0,11.768554129280574,55.5,40.0,15.5,nan,0.0,0,0,40,0,7.0,6.0,27.0
330,1,right_lane,fixed,False,1.0,40,0,21.268957345971565,0.0,1.0,2.5422447672749513,60.0,40.0,20.0,nan,0.0,0,0,40,0,0.0,0.0,40.0
331,1,right_lane,fixed,False,1.0,40,0,22.768951646668775,3.5,2.5,7.2507910447857284,58.25,40.0,18.25,nan,0.0,0,0,40,0,4.0,1.0,35.0
332,1,right_lane,fixed,False,1.0,40,0,22.14395734594184,36.0,0.0,34.154559910297394,42.25,40.0,2.25,nan,0.0,0,0,40,0,33.0,7.0,0.0
333,1,right_lane,fixed,False,1.0,40,0,21.016461004214154,0.0,2.5,4.041251435875893,59.75,40.0,19.75,nan,0.0,0,0,40,0,0.0,1.0,39.0
334,1,right_lane,fixed,False,1.0,40,0,22.39395734597156,0.0,4.5,2.2125197946334083,60.0,40.0,20.0,nan,0.0,0,0,40,0,0.0,1.0,39.0
335,1,right_lane,fixed,False,1.0,12,1,26.313027842947736,5.5,2.0,6.741047993302345,15.5,12.0,3.5,nan,0.0,0,0,12,0,5.0,2.0,5.0
336,1,right_lane,fixed,False,1.0,40,0,21.26895734597155,0.0,15.5,4.986983201297335,59.75,40.0,19.75,nan,0.0,0,0,40,0,0.0,0.0,40.0
337,1,right_lane,fixed,False,1.0,40,0,21.268957345971565,0.0,12.5,4.902385086403228,60.0,40.0,20.0,nan,0.0,0,0,40,0,0.0,0.0,40.0
338,1,right_lane,fixed,False,1.0,40,0,22.893957345971565,8.5,4.5,11.851872540839395,55.75,40.0,15.75,nan,0.0,0,0,40,0,9.0,1.0,30.0
339,1,right_lane,fixed,False,1.0,40,0,21.143957345745857,1.0,8.5,4.138867804213078,59.5,40.0,19.5,nan,0.0,0,0,40,0,0.0,3.0,37.0
340,1,right_lane,fixed,False,1.0,40,0,20.518957345971565,0.5,10.0,5.706974245607853,59.75,40.0,19.75,nan,0.0,0,0,40,0,1.0,1.0,38.0
341,1,right_lane,fixed,False,1.0,25,1,20.830331753554507,4.5,6.5,7.684260942041874,35.25,25.0,10.25,nan,0.0,0,0,25,0,5.0,1.0,19.0
342,1,right_lane,fixed,False,1.0,21,1,22.655156849469627,0.0,1.0,1.6269343157373441,31.5,21.0,10.5,nan,0.0,0,0,21,0,0.0,1.0,20.0
343,1,right_lane,fixed,False,1.0,40,0,20.768957345971565,0.0,18.5,4.7979476691252785,60.0,40.0,20.0,nan,0.0,0,0,40,0,0.0,0.0,40.0
344,1,right_lane,fixed,False,1.0,40,0,21.018957345971558,0.0,7.0,4.282748606055975,60.0,40.0,20.0,nan,0.0,0,0,40,0,0.0,0.0,40.0
345,1,right_lane,fixed,False,1.0,40,0,21.643957345971565,0.0,8.0,3.4179519994600014,60.0,40.0,20.0,nan,0.0,0,0,40,0,0.0,1.0,39.0
346,1,right_lane,fixed,False,1.0,40,0,21.393957345971565,4.0,4.0,7.514182446524501,58.0,40.0,18.0,nan,0.0,0,0,40,0,3.0,3.0,34.0
347,1,right_lane,fixed,False,1.0,40,0,24.268957345971565,23.0,5.5,24.628352880477905,48.5,40.0,8.5,nan,0.0,0,0,40,0,17.0,14.0,9.0
348,1,right_lane,fixed,False,1.0,40,0,20.518957345971565,0.0,11.0,4.440080672502518,60.0,40.0,20.0,nan,0.0,0,0,40,0,0.0,0.0,40.0
349,1,right_lane,fixed,False,1.0,40,0,21.768957345971565,2.5,7.5,6.603450437594802,58.75,40.0,18.75,nan,0.0,0,0,40,0,0.0,6.0,34.0
350,1,right_lane,fixed,False,1.0,40,0,22.268957345971565,0.5,6.5,4.785506481013726,59.75,40.0,19.75,nan,0.0,0,0,40,0,1.0,1.0,38.0
351,1,right_lane,fixed,False,1.0,40,0,21.518956692178097,0.0,2.0,3.1872201256287553,60.0,40.0,20.0,nan,0.0,0,0,40,0,0.0,1.0,39.0
352,1,right_lane,fixed,False,1.0,40,0,23.893957345971565,14.5,0.5,17.22446036338806,52.75,40.0,12.75,nan,0.0,0,0,40,0,15.0,1.0,24.0
353,1,right_lane,fixed,False,1.0,40,0,21.268957345971565,4.0,3.0,7.630769102118393,58.0,40.0,18.0,nan,0.0,0,0,40,0,1.0,8.0,31.0
354,1,right_lane,fixed,False,1.0,40,0,20.752496440425727,0.0,10.5,4.829211317002773,60.0,40.0,20.0,nan,0.0,0,0,40,0,0.0,1.0,39.0
355,1,right_lane,fixed,False,1.0,40,0,21.018957345971565,0.5,1.5,3.9464744040742517,59.75,40.0,19.75,nan,0.0,0,0,40,0,1.0,1.0,38.0
356,1,right_lane,fixed,False,1.0,25,1,22.8303317535545,0.5,4.5,3.6309803064796142,37.25,25.0,12.25,nan,0.0,0,0,25,0,1.0,1.0,23.0
357,1,right_lane,fixed,False,1.0,40,0,22.643957345971565,9.5,8.5,13.096155192703009,55.25,40.0,15.25,nan,0.0,0,0,40,0,10.0,1.0,29.0
358,1,right_lane,fixed,False,1.0,40,0,23.768957345971565,12.5,4.5,15.457975957542658,53.75,40.0,13.75,nan,0.0,0,0,40,0,13.0,1.0,26.0
359,1,right_lane,fixed,False,1.0,40,0,21.268957345971565,3.5,4.0,6.367885683598615,58.25,40.0,18.25,nan,0.0,0,0,40,0,4.0,1.0,35.0
360,1,right_lane,fixed,False,1.0,40,0,20.643957345971494,2.5,10.5,5.931732657676548,58.75,40.0,18.75,nan,0.0,0,0,40,0,1.0,5.0,34.0
361,1,right_lane,fixed,False,1.0,40,0,22.8939573459419,10.0,10.5,13.561870909892207,55.0,40.0,15.0,nan,0.0,0,0,40,0,0.0,21.0,19.0
362,1,right_lane,fixed,False,1.0,40,0,22.143952395702158,0.0,2.5,3.0458713725965936,60.0,40.0,20.0,nan,0.0,0,0,40,0,0.0,0.0,40.0
363,1,right_lane,fixed,False,1.0,40,0,22.518957345971565,11.0,6.5,14.526439122855663,54.5,40.0,14.5,nan,0.0,0,0,40,0,7.0,10.0,23.0
364,1,right_lane,fixed,False,1.0,40,0,21.893957345971565,0.0,3.5,3.1285601699973995,60.0,40.0,20.0,nan,0.0,0,0,40,0,0.0,1.0,39.0
365,1,right_lane,fixed,False,1.0,40,0,20.768957345971565,0.0,0.0,3.751059458403688,60.0,40.0,20.0,nan,0.0,0,0,40,0,0.0,1.0,39.0
366,1,right_lane,fixed,False,1.0,40,0,21.14395174381868,3.0,14.0,7.790867417119443,58.5,40.0,18.5,nan,0.0,0,0,40,0,0.0,7.0,33.0
367,1,right_lane,fixed,False,1.0,40,0,21.50249644062177,0.0,2.0,3.508254182966084,60.0,40.0,20.0,nan,0.0,0,0,40,0,0.0,0.0,40.0
368,1,right_lane,fixed,False,1.0,40,0,21.518957345971565,2.0,1.0,5.446841090917587,59.0,40.0,19.0,nan,0.0,0,0,40,0,0.0,5.0,35.0
369,1,right_lane,fixed,False,1.0,40,0,22.893957345967657,0.5,1.0,3.1773874124392023,59.75,40.0,19.75,nan,0.0,0,0,40,0,1.0,1.0,38.0
370,1,right_lane,fixed,False,1.0,40,0,21.018957345971565,27.5,0.5,28.543771535158157,46.5,40.0,6.5,nan,0.0,0,0,40,0,16.0,24.0,0.0
371,1,right_lane,fixed,False,1.0,40,0,22.018957345941836,0.0,1.5,3.113066528294439,59.75,40.0,19.75,nan,0.0,0,0,40,0,0.0,0.0,40.0
372,1,right_lane,fixed,False,1.0,40,0,22.643952395676344,0.0,5.0,3.9311598548838447,60.0,40.0,20.0,nan,0.0,0,0,40,0,0.0,1.0,39.0
373,1,right_lane,fixed,False,1.0,38,1,24.09890246944375,0.5,5.0,4.056831252100892,57.0,38.0,19.0,nan,0.0,0,0,38,0,0.0,0.0,38.0
374,1,right_lane,fixed,False,1.0,40,0,24.518957345971565,0.0,12.0,3.3275850503141555,59.75,40.0,19.75,nan,0.0,0,0,40,0,0.0,0.0,40.0
375,1,right_lane,fixed,False,1.0,40,0,22.64395734406113,0.0,0.0,2.982238827324636,60.0,40.0,20.0,nan,0.0,0,0,40,0,0.0,0.0,40.0
376,1,right_lane,fixed,False,1.0,40,0,22.76617544809696,0.0,2.0,3.3376508490619017,60.0,40.0,20.0,nan,0.0,0,0,40,0,0.0,0.0,40.0
377,1,right_lane,fixed,False,1.0,40,0,23.143957345971565,10.0,10.0,13.207719001919031,55.0,40.0,15.0,nan,0.0,0,0,40,0,10.0,2.0,28.0
378,1,right_lane,fixed,False,1.0,40,0,21.893957345971565,0.5,3.5,3.5490459558968723,59.75,40.0,19.75,nan,0.0,0,0,40,0,1.0,1.0,38.0
379,1,right_lane,fixed,False,1.0,40,0,21.268909202470194,0.5,1.0,3.609744179602785,59.75,40.0,19.75,nan,0.0,0,0,40,0,1.0,1.0,38.0
380,1,right_lane,fixed,False,1.0,40,0,22.76895650937565,9.0,8.5,11.866858879369147,55.5,40.0,15.5,nan,0.0,0,0,40,0,8.0,3.0,29.0
381,1,right_lane,fixed,False,1.0,40,0,20.643957345971565,0.0,1.5,4.3480667024850845,60.0,40.0,20.0,nan,0.0,0,0,40,0,0.0,1.0,39.0
382,1,right_lane,fixed,False,1.0,40,0,21.393957345971565,0.0,6.0,3.7021553688773565,60.0,40.0,20.0,nan,0.0,0,0,40,0,0.0,1.0,39.0
383,1,right_lane,fixed,False,1.0,40,0,22.143957345971565,0.0,0.0,3.1272119093689525,60.0,40.0,20.0,nan,0.0,0,0,40,0,0.0,0.0,40.0
384,1,right_lane,fixed,False,1.0,40,0,22.143957345971565,0.0,5.5,4.126393861035467,60.0,40.0,20.0,nan,0.0,0,0,40,0,0.0,1.0,39.0
385,1,right_lane,fixed,False,1.0,40,0,20.393957345971565,0.0,2.5,4.25907664000988,60.0,40.0,20.0,nan,0.0,0,0,40,0,0.0,1.0,39.0
386,1,right_lane,fixed,False,1.0,40,0,21.768957345971565,3.0,5.5,7.193358235061169,58.5,40.0,18.5,nan,0.0,0,0,40,0,2.0,4.0,34.0
387,1,right_lane,fixed,False,1.0,40,0,21.49754686449713,0.0,4.5,4.268542085530498,60.0,40.0,20.0,nan,0.0,0,0,40,0,0.0,1.0,39.0
388,1,right_lane,fixed,False,1.0,40,0,21.768957345971554,0.0,8.0,3.8640512583006057,60.0,40.0,20.0,nan,0.0,0,0,40,0,0.0,0.0,40.0
389,1,right_lane,fixed,False,1.0,40,0,23.518957345971565,5.0,6.0,8.397844151681056,57.5,40.0,17.5,nan,0.0,0,0,40,0,4.0,4.0,32.0
390,1,right_lane,fixed,False,1.0,40,0,22.518957345971565,4.0,1.0,7.419988876865773,58.0,40.0,18.0,nan,0.0,0,0,40,0,3.0,4.0,33.0
391,1,right_lane,fixed,False,1.0,40,0,21.377496440621762,7.5,8.0,10.604424715042114,56.25,40.0,16.25,nan,0.0,0,0,40,0,8.0,1.0,31.0
392,1,right_lane,fixed,False,1.0,40,0,24.268957345971565,14.5,3.5,16.09300738165257,52.75,40.0,12.75,nan,0.0,0,0,40,0,12.0,7.0,21.0
393,1,right_lane,fixed,False,1.0,40,0,23.518957345971565,13.5,0.0,16.128521963953972,53.25,40.0,13.25,nan,0.0,0,0,40,0,13.0,3.0,24.0
394,1,right_lane,fixed,False,1.0,40,0,24.018957345971565,10.5,12.0,14.206328243017197,54.75,40.0,14.75,nan,0.0,0,0,40,0,8.0,7.0,25.0
395,1,right_lane,fixed,False,1.0,40,0,21.393957345971565,0.0,9.0,4.871129705106796,60.0,40.0,20.0,nan,0.0,0,0,40,0,0.0,1.0,39.0
396,1,right_lane,fixed,False,1.0,40,0,21.768957345971565,7.5,4.0,10.88549406081438,56.25,40.0,16.25,nan,0.0,0,0,40,0,6.0,4.0,30.0
397,1,right_lane,fixed,False,1.0,40,0,23.643957345971565,0.0,5.5,3.7926664185034724,60.0,40.0,20.0,nan,0.0,0,0,40,0,0.0,1.0,39.0
398,1,right_lane,fixed,False,1.0,40,0,21.143957345971565,0.0,1.5,3.2086951985766063,60.0,40.0,20.0,nan,0.0,0,0,40,0,0.0,1.0,39.0
399,1,right_lane,fixed,False,1.0,40,0,20.893957345971565,0.0,1.5,2.82440347597003,60.0,40.0,20.0,nan,0.0,0,0,40,0,0.0,0.0,40.0
400,1,right_lane,fixed,False,1.0,40,0,20.268957345971565,0.0,13.0,4.710238002240658,60.0,40.0,20.0,nan,0.0,0,0,40,0,0.0,0.0,40.0
401,1,right_lane,fixed,False,1.0,40,0,20.893957345971565,0.0,2.0,3.788991790264845,60.0,40.0,20.0,nan,0.0,0,0,40,0,0.0,1.0,39.0
402,1,right_lane,fixed,False,1.0,40,0,21.64395734596714,0.0,8.5,4.009145557553438,60.0,40.0,20.0,nan,0.0,0,0,40,0,0.0,0.0,40.0
403,1,right_lane,fixed,False,1.0,40,0,25.518957345971565,24.0,1.0,25.519292883574963,48.0,40.0,8.0,nan,0.0,0,0,40,0,20.0,10.0,10.0
404,1,right_lane,fixed,False,1.0,40,0,22.768956608239495,0.5,3.5,4.529727148357779,59.75,40.0,19.75,nan,0.0,0,0,40,0,1.0,1.0,38.0
405,1,right_lane,fixed,False,1.0,40,0,21.143957345749705,11.5,5.0,13.818099694755801,54.25,40.0,14.25,nan,0.0,0,0,40,0,12.0,1.0,27.0
406,1,right_lane,fixed,False,1.0,40,0,22.500043292099726,0.0,1.5,3.6594225241674394,60.0,40.0,20.0,nan,0.0,0,0,40,0,0.0,1.0,39.0
407,1,right_lane,fixed,False,1.0,40,0,23.372503574111864,8.0,3.5,11.135794260328794,56.25,40.0,16.25,nan,0.0,0,0,40,0,6.0,5.0,29.0
408,1,right_lane,fixed,False,1.0,40,0,22.018957345971565,0.0,11.0,5.585943647988643,59.75,40.0,19.75,nan,0.0,0,0,40,0,0.0,0.0,40.0
409,1,right_lane,fixed,False,1.0,40,0,21.768957345971565,0.5,2.5,4.156881921160675,59.75,40.0,19.75,nan,0.0,0,0,40,0,1.0,1.0,38.0
410,1,right_lane,fixed,False,1.0,40,0,23.268957245618584,11.0,9.0,14.013040626695329,54.5,40.0,14.5,nan,0.0,0,0,40,0,10.0,4.0,26.0
411,1,right_lane,fixed,False,1.0,40,0,21.625043292099726,10.5,3.0,14.214726774192854,54.75,40.0,14.75,nan,0.0,0,0,40,0,0.0,22.0,18.0
412,1,right_lane,fixed,False,1.0,40,0,20.268957345971565,0.0,14.5,4.75494346767664,60.0,40.0,20.0,nan,0.0,0,0,40,0,0.0,0.0,40.0
413,1,right_lane,fixed,False,1.0,40,0,20.768957345971565,12.5,4.0,15.00641255825758,53.75,40.0,13.75,nan,0.0,0,0,40,0,13.0,1.0,26.0
414,1,right_lane,fixed,False,1.0,40,0,22.018957345971565,9.5,15.0,13.366479016840458,55.25,40.0,15.25,nan,0.0,0,0,40,0,10.0,1.0,29.0
415,1,right_lane,fixed,False,1.0,40,0,21.018957345971565,15.5,0.5,17.60446710884571,52.25,40.0,12.25,nan,0.0,0,0,40,0,16.0,1.0,23.0
416,1,right_lane,fixed,False,1.0,40,0,23.26858615410515,6.0,0.5,9.323681682220922,57.0,40.0,17.0,nan,0.0,0,0,40,0,6.0,2.0,32.0
417,1,right_lane,fixed,False,1.0,40,0,21.01895239570556,0.0,10.0,4.311742678284645,60.0,40.0,20.0,nan,0.0,0,0,40,0,0.0,0.0,40.0
418,1,right_lane,fixed,False,1.0,40,0,20.893957345971565,0.0,1.0,3.9484632760190834,60.0,40.0,20.0,nan,0.0,0,0,40,0,0.0,0.0,40.0
419,1,right_lane,fixed,False,1.0,40,0,22.768957345971565,9.5,4.0,12.975628435611725,55.25,40.0,15.25,nan,0.0,0,0,40,0,7.0,7.0,26.0
420,1,right_lane,fixed,False,1.0,40,0,22.518957345971565,18.5,2.5,20.18338195234537,50.75,40.0,10.75,nan,0.0,0,0,40,0,14.0,10.0,16.0
421,1,right_lane,fixed,False,1.0,40,0,22.018957345971565,0.0,2.0,3.8630998395638017,60.0,40.0,20.0,nan,0.0,0,0,40,0,0.0,1.0,39.0
422,1,right_lane,fixed,False,1.0,40,0,22.3939573459385,0.0,3.0,3.5455041306722705,60.0,40.0,20.0,nan,0.0,0,0,40,0,0.0,0.0,40.0
423,1,right_lane,fixed,False,1.0,40,0,21.643957345971565,0.0,6.5,3.4662800144415087,60.0,40.0,20.0,nan,0.0,0,0,40,0,0.0,0.0,40.0
424,1,right_lane,fixed,False,1.0,40,0,21.768957345971565,4.5,3.0,8.512599259614944,57.75,40.0,17.75,nan,0.0,0,0,40,0,4.0,3.0,33.0
425,1,right_lane,fixed,False,1.0,40,0,21.143957345971565,9.0,11.0,13.02669496461749,55.5,40.0,15.5,nan,0.0,0,0,40,0,8.0,4.0,28.0
426,1,right_lane,fixed,False,1.0,40,0,22.893957345971565,0.0,0.5,2.4751799672068273,60.0,40.0,20.0,nan,0.0,0,0,40,0,0.0,1.0,39.0
427,1,right_lane,fixed,False,1.0,19,1,22.145173359931892,0.5,0.5,1.9284066982072545,28.25,19.0,9.25,nan,0.0,0,0,19,0,1.0,1.0,17.0
428,1,right_lane,fixed,False,1.0,40,0,24.393957345971565,11.0,0.5,13.78177373856306,54.5,40.0,14.5,nan,0.0,0,0,40,0,6.0,11.0,23.0
429,1,right_lane,fixed,False,1.0,11,1,20.978026711802876,0.0,5.5,1.8747646808624268,16.5,11.0,5.5,nan,0.0,0,0,11,0,0.0,0.0,11.0
430,1,right_lane,fixed,False,1.0,40,0,21.018957345971565,0.0,13.0,4.3456516105434275,60.0,40.0,20.0,nan,0.0,0,0,40,0,0.0,0.0,40.0
431,1,right_lane,fixed,False,1.0,40,0,22.393957345971565,0.0,5.5,2.588480510504496,60.0,40.0,20.0,nan,0.0,0,0,40,0,0.0,0.0,40.0
432,1,right_lane,fixed,False,1.0,40,0,23.268957345971565,8.5,0.0,10.804102772480292,55.75,40.0,15.75,nan,0.0,0,0,40,0,9.0,1.0,30.0
433,1,right_lane,fixed,False,1.0,40,0,20.64395733317816,2.0,4.5,5.029641058525158,59.0,40.0,19.0,nan,0.0,0,0,40,0,0.0,5.0,35.0
434,1,right_lane,fixed,False,1.0,40,0,24.00249644036678,10.5,0.0,12.409847048555093,54.75,40.0,14.75,nan,0.0,0,0,40,0,10.0,3.0,27.0
435,1,right_lane,fixed,False,1.0,40,0,21.37749644062177,10.5,2.0,13.59274359792471,54.75,40.0,14.75,nan,0.0,0,0,40,0,11.0,1.0,28.0
436,1,right_lane,fixed,False,1.0,40,0,21.268957345971565,0.0,11.5,4.067310825684217,60.0,40.0,20.0,nan,0.0,0,0,40,0,0.0,0.0,40.0
437,1,right_lane,fixed,False,1.0,40,0,20.768957345971565,7.0,6.5,11.155440792441368,56.5,40.0,16.5,nan,0.0,0,0,40,0,6.0,4.0,30.0
438,1,right_lane,fixed,False,1.0,40,0,24.625043292099726,35.5,0.0,33.92657274007797,42.5,40.0,2.5,nan,0.0,0,0,40,0,32.0,8.0,0.0
439,1,right_lane,fixed,False,1.0,40,0,23.143957345971565,9.0,4.0,12.63903284817934,55.25,40.0,15.25,nan,0.0,0,0,40,0,8.0,4.0,28.0
440,1,right_lane,fixed,False,1.0,40,0,21.518957345971565,3.0,4.5,7.208118222653866,58.5,40.0,18.5,nan,0.0,0,0,40,0,1.0,5.0,34.0
441,1,right_lane,fixed,False,1.0,40,0,21.018957247332974,0.0,12.5,5.0071230083703995,60.0,40.0,20.0,nan,0.0,0,0,40,0,0.0,1.0,39.0
442,1,right_lane,fixed,False,1.0,40,0,20.893957345971565,0.0,4.0,3.810867603868246,60.0,40.0,20.0,nan,0.0,0,0,40,0,0.0,0.0,40.0
443,1,right_lane,fixed,False,1.0,40,0,22.018957345971565,0.0,4.0,3.9363008184254795,60.0,40.0,20.0,nan,0.0,0,0,40,0,0.0,1.0,39.0
444,1,right_lane,fixed,False,1.0,25,1,23.63033175355441,0.0,7.5,2.8071330816528643,37.5,25.0,12.5,nan,0.0,0,0,25,0,0.0,0.0,25.0
445,1,right_lane,fixed,False,1.0,40,0,21.893957345971565,0.5,10.5,5.1508837174192195,59.75,40.0,19.75,nan,0.0,0,0,40,0,1.0,1.0,38.0
446,1,right_lane,fixed,False,1.0,40,0,21.5189573459385,8.5,6.5,11.860587085039697,55.75,40.0,15.75,nan,0.0,0,0,40,0,9.0,1.0,30.0
447,1,right_lane,fixed,False,1.0,40,0,22.39146081973038,34.0,1.0,32.81235648691654,43.0,40.0,3.0,nan,0.0,0,0,40,0,33.0,3.0,4.0
448,1,right_lane,fixed,False,1.0,40,0,20.643957345749705,1.5,12.0,6.314735844731331,59.25,40.0,19.25,nan,0.0,0,0,40,0,0.0,4.0,36.0
449,1,right_lane,fixed,False,1.0,17,1,20.92695846110954,0.0,9.0,2.9676490128040314,25.5,17.0,8.5,nan,0.0,0,0,17,0,0.0,1.0,16.0
450,1,right_lane,fixed,False,1.0,40,0,22.643957345971554,0.5,5.0,4.073253207299786,59.75,40.0,19.75,nan,0.0,0,0,40,0,1.0,1.0,38.0
451,1,right_lane,fixed,False,1.0,40,0,21.143957345971565,0.0,1.0,2.8368527367711067,60.0,40.0,20.0,nan,0.0,0,0,40,0,0.0,0.0,40.0
452,1,right_lane,fixed,False,1.0,40,0,23.750043292099726,11.5,2.5,13.510026733623818,54.25,40.0,14.25,nan,0.0,0,0,40,0,10.0,4.0,26.0
453,1,right_lane,fixed,False,1.0,40,0,22.143957345971565,19.5,0.0,18.5402555317894,50.75,40.0,10.75,nan,0.0,0,0,40,0,18.0,1.0,21.0
454,1,right_lane,fixed,False,1.0,40,0,22.268957345971494,11.5,8.0,14.736618131399155,53.75,40.0,13.75,nan,0.0,0,0,40,0,4.0,16.0,20.0
455,1,right_lane,fixed,False,1.0,25,1,22.4303317535545,0.5,9.5,4.538006480783224,37.25,25.0,12.25,nan,0.0,0,0,25,0,1.0,1.0,23.0
456,1,right_lane,fixed,False,1.0,40,0,22.393957345971565,0.0,9.0,3.2674804531725385,60.0,40.0,20.0,nan,0.0,0,0,40,0,0.0,0.0,40.0
457,1,right_lane,fixed,False,1.0,40,0,23.768957345971565,0.5,2.0,2.8657265866467014,60.0,40.0,20.0,nan,0.0,0,0,40,0,0.0,0.0,40.0
458,1,right_lane,fixed,False,1.0,40,0,22.768956693888633,0.5,5.5,4.399748552375968,59.5,40.0,19.5,nan,0.0,0,0,40,0,1.0,1.0,38.0
459,1,right_lane,fixed,False,1.0,40,0,21.268957345971565,0.0,10.0,4.448887813836336,60.0,40.0,20.0,nan,0.0,0,0,40,0,0.0,1.0,39.0
460,1,right_lane,fixed,False,1.0,40,0,21.268957345971565,6.5,0.5,9.158910177648067,56.75,40.0,16.75,nan,0.0,0,0,40,0,7.0,1.0,32.0
461,1,right_lane,fixed,False,1.0,40,0,21.018957345971565,0.0,8.0,4.724002908915281,60.0,40.0,20.0,nan,0.0,0,0,40,0,0.0,1.0,39.0
462,1,right_lane,fixed,False,1.0,40,0,23.893957345971565,7.5,13.0,11.82141298770921,56.25,40.0,16.25,nan,0.0,0,0,40,0,8.0,1.0,31.0
463,1,right_lane,fixed,False,1.0,40,0,22.018957345971554,0.0,1.0,2.381006443222077,60.0,40.0,20.0,nan,0.0,0,0,40,0,0.0,0.0,40.0
464,1,right_lane,fixed,False,1.0,38,1,20.54627089026285,0.0,1.0,2.6890917614582577,57.0,38.0,19.0,nan,0.0,0,0,38,0,0.0,0.0,38.0
465,1,right_lane,fixed,False,1.0,40,0,22.268957345971494,11.5,1.0,13.509892825879433,54.25,40.0,14.25,nan,0.0,0,0,40,0,12.0,1.0,27.0
466,1,right_lane,fixed,False,1.0,40,0,21.143957345971565,0.5,0.0,4.999698710627854,59.75,40.0,19.75,nan,0.0,0,0,40,0,1.0,1.0,38.0
467,1,right_lane,fixed,False,1.0,40,0,21.393957345971565,0.0,10.0,3.9066026987084115,60.0,40.0,20.0,nan,0.0,0,0,40,0,0.0,0.0,40.0
468,1,right_lane,fixed,False,1.0,40,0,20.893957345971565,0.0,7.0,3.969410389661789,60.0,40.0,20.0,nan,0.0,0,0,40,0,0.0,0.0,40.0
469,1,right_lane,fixed,False,1.0,40,0,22.62500001301917,0.0,3.0,3.5966808749149095,60.0,40.0,20.0,nan,0.0,0,0,40,0,0.0,0.0,40.0
470,1,right_lane,fixed,False,1.0,40,0,22.768957345971565,6.5,0.0,9.734919268784552,56.75,40.0,16.75,nan,0.0,0,0,40,0,7.0,1.0,32.0
471,1,right_lane,fixed,False,1.0,40,0,23.268957345971565,0.0,0.0,3.280277167357781,60.0,40.0,20.0,nan,0.0,0,0,40,0,0.0,0.0,40.0
472,1,right_lane,fixed,False,1.0,40,0,22.14395239570556,2.5,1.0,5.370904524867001,58.75,40.0,18.75,nan,0.0,0,0,40,0,2.0,2.0,36.0
473,1,right_lane,fixed,False,1.0,40,0,20.893957345971565,24.0,3.5,24.087563775479794,48.5,40.0,8.5,nan,0.0,0,0,40,0,15.0,16.0,9.0
474,1,right_lane,fixed,False,1.0,40,0,23.0189573457424,11.0,4.5,13.970963205870248,54.0,40.0,14.0,nan,0.0,0,0,40,0,9.0,6.0,25.0
475,1,right_lane,fixed,False,1.0,40,0,22.268957345971565,11.5,4.0,14.99330810457468,54.25,40.0,14.25,nan,0.0,0,0,40,0,10.0,5.0,25.0
476,1,right_lane,fixed,False,1.0,40,0,23.893585416373085,0.0,3.0,3.3921510541003954,60.0,40.0,20.0,nan,0.0,0,0,40,0,0.0,0.0,40.0
477,1,right_lane,fixed,False,1.0,40,0,20.768957345971565,0.0,2.0,3.899516500532627,60.0,40.0,20.0,nan,0.0,0,0,40,0,0.0,0.0,40.0
478,1,right_lane,fixed,False,1.0,40,0,24.268957345938,29.0,5.0,29.498833514750004,45.5,40.0,5.5,nan,0.0,0,0,40,0,28.0,4.0,8.0
479,1,right_lane,fixed,False,1.0,12,1,25.063169648096153,1.0,3.0,2.749521538146837,17.75,12.0,5.75,nan,0.0,0,0,12,0,1.0,1.0,10.0
480,1,right_lane,fixed,False,1.0,40,0,22.39150419744946,4.5,11.5,8.185847975189972,57.5,40.0,17.5,nan,0.0,0,0,40,0,5.0,1.0,34.0
481,1,right_lane,fixed,False,1.0,40,0,20.518957345971565,0.0,14.5,4.7494427734054625,60.0,40.0,20.0,nan,0.0,0,0,40,0,0.0,1.0,39.0
482,1,right_lane,fixed,False,1.0,40,0,22.39178965473164,6.0,8.5,9.763920960016549,57.0,40.0,17.0,nan,0.0,0,0,40,0,4.0,5.0,31.0
483,1,right_lane,fixed,False,1.0,40,0,20.643957345971565,0.0,4.0,4.407045394182205,60.0,40.0,20.0,nan,0.0,0,0,40,0,0.0,1.0,39.0
484,1,right_lane,fixed,False,1.0,40,0,21.143957345775526,0.5,1.0,4.869267157453578,59.75,40.0,19.75,nan,0.0,0,0,40,0,1.0,1.0,38.0
485,1,right_lane,fixed,False,1.0,40,0,21.018957345971565,0.0,0.5,0.7758244709257269,60.0,40.0,20.0,nan,0.0,0,0,40,0,0.0,1.0,39.0
486,1,right_lane,fixed,False,1.0,18,1,21.70879410215788,0.0,4.0,2.3098684400320053,27.0,18.0,9.0,nan,0.0,0,0,18,0,0.0,0.0,18.0
487,1,right_lane,fixed,False,1.0,40,0,24.518957345971057,0.0,1.5,3.139266015750536,60.0,40.0,20.0,nan,0.0,0,0,40,0,0.0,1.0,39.0
488,1,right_lane,fixed,False,1.0,40,0,22.76646090706425,8.5,1.0,9.888454155770887,55.75,40.0,15.75,nan,0.0,0,0,40,0,7.0,4.0,29.0
489,1,right_lane,fixed,False,1.0,40,0,21.768956498296195,0.0,6.5,3.890795450193764,60.0,40.0,20.0,nan,0.0,0,0,40,0,0.0,0.0,40.0
490,1,right_lane,fixed,False,1.0,40,0,20.893957345971565,0.0,1.5,3.8771734163165092,60.0,40.0,20.0,nan,0.0,0,0,40,0,0.0,0.0,40.0
491,1,right_lane,fixed,False,1.0,40,0,21.643957345937995,0.5,8.0,5.1592975336825475,59.75,40.0,19.75,nan,0.0,0,0,40,0,1.0,1.0,38.0
492,1,right_lane,fixed,False,1.0,40,0,20.268957345971565,0.0,11.0,4.426961503922939,60.0,40.0,20.0,nan,0.0,0,0,40,0,0.0,0.0,40.0
493,1,right_lane,fixed,False,1.0,40,0,22.143957345971565,0.0,15.5,4.678686205777467,60.0,40.0,20.0,nan,0.0,0,0,40,0,0.0,1.0,39.0
494,1,right_lane,fixed,False,1.0,40,0,21.518957345971565,0.0,3.5,3.9736467398947752,60.0,40.0,20.0,nan,0.0,0,0,40,0,0.0,0.0,40.0
495,1,right_lane,fixed,False,1.0,40,0,20.393957345971565,0.0,2.0,4.240342602133751,60.0,40.0,20.0,nan,0.0,0,0,40,0,0.0,1.0,39.0
496,1,right_lane,fixed,False,1.0,37,1,21.101575509158447,0.5,7.0,3.6687516725496607,55.25,37.0,18.25,nan,0.0,0,0,37,0,1.0,1.0,35.0
497,1,right_lane,fixed,False,1.0,40,0,21.768957345971565,0.0,1.0,3.65140099148266,60.0,40.0,20.0,nan,0.0,0,0,40,0,0.0,1.0,39.0
498,1,right_lane,fixed,False,1.0,40,0,21.89366628653611,0.0,1.0,1.3627195808396664,60.0,40.0,20.0,nan,0.0,0,0,40,0,0.0,0.0,40.0
499,1,right_lane,fixed,False,1.0,40,0,20.768957345971508,0.0,13.0,4.603213392198086,60.0,40.0,20.0,nan,0.0,0,0,40,0,0.0,0.0,40.0
500,1,right_lane,fixed,False,1.0,40,0,20.393957345971565,0.5,11.5,5.550509735941887,59.75,40.0,19.75,nan,0.0,0,0,40,0,1.0,1.0,38.0
501,1,right_lane,fixed,False,1.0,40,0,24.143957234117757,23.5,4.0,23.990856033317414,48.75,40.0,8.75,nan,0.0,0,0,40,0,18.0,9.0,13.0
502,1,right_lane,fixed,False,1.0,40,0,20.643957345971565,0.0,0.0,3.5426772125065327,59.5,40.0,19.5,nan,0.0,0,0,40,0,0.0,1.0,39.0
503,1,right_lane,fixed,False,1.0,40,0,21.143957345971565,2.5,7.0,7.045747691627184,58.75,40.0,18.75,nan,0.0,0,0,40,0,3.0,1.0,36.0
504,1,right_lane,fixed,False,1.0,11,1,24.485753733021287,1.0,2.5,2.331599466959233,16.25,11.0,5.25,nan,0.0,0,0,11,0,1.0,1.0,9.0
505,1,right_lane,fixed,False,1.0,40,0,21.268957345971565,0.0,4.5,2.808235606411472,59.75,40.0,19.75,nan,0.0,0,0,40,0,0.0,0.0,40.0
506,1,right_lane,fixed,False,1.0,40,0,20.768957345971565,0.5,1.0,4.795718543231487,59.75,40.0,19.75,nan,0.0,0,0,40,0,1.0,1.0,38.0
507,1,right_lane,fixed,False,1.0,40,0,25.643957345971558,11.5,0.0,12.385274918763571,54.25,40.0,14.25,nan,0.0,0,0,40,0,10.0,4.0,26.0
508,1,right_lane,fixed,False,1.0,40,0,23.268957345942347,4.0,4.0,6.160638615147036,58.0,40.0,18.0,nan,0.0,0,0,40,0,0.0,9.0,31.0
509,1,right_lane,fixed,False,1.0,40,0,22.643956498296195,6.5,5.5,10.343262679351028,56.75,40.0,16.75,nan,0.0,0,0,40,0,7.0,1.0,32.0
510,1,right_lane,fixed,False,1.0,40,0,22.51891975488524,0.5,6.5,4.466596523497401,59.75,40.0,19.75,nan,0.0,0,0,40,0,1.0,1.0,38.0
511,1,right_lane,fixed,False,1.0,40,0,23.143957345971565,10.0,0.5,13.011309705674648,55.0,40.0,15.0,nan,0.0,0,0,40,0,10.0,2.0,28.0
512,1,right_lane,fixed,False,1.0,40,0,22.75000570101725,0.0,3.0,3.620068051131966,60.0,40.0,20.0,nan,0.0,0,0,40,0,0.0,0.0,40.0
513,1,right_lane,fixed,False,1.0,40,0,20.893956694084682,1.5,1.0,4.234424323678468,59.25,40.0,19.25,nan,0.0,0,0,40,0,2.0,1.0,37.0
514,1,right_lane,fixed,False,1.0,40,0,21.143957345971565,0.5,4.0,4.604896608054332,59.75,40.0,19.75,nan,0.0,0,0,40,0,1.0,1.0,38.0
515,1,right_lane,fixed,False,1.0,40,0,22.26891405390157,12.5,0.5,14.248250064184504,53.75,40.0,13.75,nan,0.0,0,0,40,0,13.0,1.0,26.0
516,1,right_lane,fixed,False,1.0,40,0,21.393957345971565,0.5,12.5,4.932815681973807,59.75,40.0,19.75,nan,0.0,0,0,40,0,1.0,1.0,38.0
517,1,right_lane,fixed,False,1.0,40,0,22.518957345971565,8.0,3.0,11.47934590280056,56.0,40.0,16.0,nan,0.0,0,0,40,0,8.0,2.0,30.0
518,1,right_lane,fixed,False,1.0,19,1,21.35569967572959,0.0,4.5,2.33869706094265,28.5,19.0,9.5,nan,0.0,0,0,19,0,0.0,0.0,19.0
519,1,right_lane,fixed,False,1.0,40,0,21.018957345971565,9.5,1.0,11.089912684490628,55.25,40.0,15.25,nan,0.0,0,0,40,0,10.0,1.0,29.0
520,1,right_lane,fixed,False,1.0,40,0,21.268957345971565,0.0,0.0,3.17664997571228,60.0,40.0,20.0,nan,0.0,0,0,40,0,0.0,0.0,40.0
521,1,right_lane,fixed,False,1.0,40,0,20.768957345971565,2.5,6.0,6.814979039132595,58.75,40.0,18.75,nan,0.0,0,0,40,0,0.0,6.0,34.0
522,1,right_lane,fixed,False,1.0,40,0,21.250328749382216,0.0,5.0,4.084363896476134,60.0,40.0,20.0,nan,0.0,0,0,40,0,0.0,0.0,40.0
523,1,right_lane,fixed,False,1.0,40,0,20.518957345971565,5.0,8.0,9.048833914101124,57.5,40.0,17.5,nan,0.0,0,0,40,0,5.0,2.0,33.0
524,1,right_lane,fixed,False,1.0,40,0,24.89395724713693,0.0,1.5,2.748141686011877,60.0,40.0,20.0,nan,0.0,0,0,40,0,0.0,1.0,39.0
525,1,right_lane,fixed,False,1.0,40,0,22.018957345971565,1.5,15.0,6.350926193019404,59.25,40.0,19.25,nan,0.0,0,0,40,0,0.0,4.0,36.0
526,1,right_lane,fixed,False,1.0,11,1,23.250753579322907,0.0,4.5,1.9980371966958046,16.5,11.0,5.5,nan,0.0,0,0,11,0,0.0,1.0,10.0
527,1,right_lane,fixed,False,1.0,40,0,24.766789654732076,14.5,0.0,15.851917021442205,52.75,40.0,12.75,nan,0.0,0,0,40,0,13.0,5.0,22.0
528,1,right_lane,fixed,False,1.0,40,0,23.018914040857094,15.0,6.0,17.225707001937735,53.0,40.0,13.0,nan,0.0,0,0,40,0,14.0,2.0,24.0
529,1,right_lane,fixed,False,1.0,40,0,22.893957345971565,10.0,11.5,14.20668850839138,54.5,40.0,14.5,nan,0.0,0,0,40,0,10.0,2.0,28.0
530,1,right_lane,fixed,False,1.0,40,0,21.643957345941836,0.0,4.0,3.550262725322682,60.0,40.0,20.0,nan,0.0,0,0,40,0,0.0,0.0,40.0
531,1,right_lane,fixed,False,1.0,40,0,21.393957345971565,0.0,0.5,2.694348484729062,60.0,40.0,20.0,nan,0.0,0,0,40,0,0.0,0.0,40.0
532,1,right_lane,fixed,False,1.0,40,0,21.75249644062177,0.0,12.5,5.05427150140531,60.0,40.0,20.0,nan,0.0,0,0,40,0,0.0,1.0,39.0
533,1,right_lane,fixed,False,1.0,40,0,21.893957345971565,0.0,1.0,3.8576079375379777,60.0,40.0,20.0,nan,0.0,0,0,40,0,0.0,0.0,40.0
534,1,right_lane,fixed,False,1.0,40,0,22.268957345971565,3.5,11.5,7.493985686451197,58.25,40.0,18.25,nan,0.0,0,0,40,0,3.0,3.0,34.0
535,1,right_lane,fixed,False,1.0,40,0,20.893957345971565,31.5,3.0,30.234486535191536,44.25,40.0,4.25,nan,0.0,0,0,40,0,32.0,1.0,7.0
536,1,right_lane,fixed,False,1.0,40,0,23.50000000171446,6.5,1.0,9.14428236515505,56.75,40.0,16.75,nan,0.0,0,0,40,0,7.0,1.0,32.0
537,1,right_lane,fixed,False,1.0,11,1,20.978026711802876,0.0,5.0,1.8987640589475632,16.5,11.0,5.5,nan,0.0,0,0,11,0,0.0,0.0,11.0
538,1,right_lane,fixed,False,1.0,40,0,23.018957345971565,13.5,1.0,13.88824482394557,53.25,40.0,13.25,nan,0.0,0,0,40,0,13.0,3.0,24.0
539,1,right_lane,fixed,False,1.0,40,0,20.893957345971565,40.0,0.0,38.14684361219406,40.5,40.0,0.5,nan,0.0,0,0,40,0,40.0,0.0,0.0
540,1,right_lane,fixed,False,1.0,40,0,21.75032874938229,0.0,4.0,3.426375263154114,59.5,40.0,19.5,nan,0.0,0,0,40,0,0.0,0.0,40.0
541,1,right_lane,fixed,False,1.0,40,0,22.893957345971565,0.0,13.5,4.755833969335072,60.0,40.0,20.0,nan,0.0,0,0,40,0,0.0,0.0,40.0
542,1,right_lane,fixed,False,1.0,40,0,23.268957345971565,0.0,11.0,3.9957518642768264,60.0,40.0,20.0,nan,0.0,0,0,40,0,0.0,1.0,39.0
543,1,right_lane,fixed,False,1.0,40,0,22.018957345971565,0.0,9.0,4.333438618197761,60.0,40.0,20.0,nan,0.0,0,0,40,0,0.0,1.0,39.0
544,1,right_lane,fixed,False,1.0,40,0,20.893957345971565,2.5,7.5,6.212752375751734,58.75,40.0,18.75,nan,0.0,0,0,40,0,1.0,4.0,35.0
545,1,right_lane,fixed,False,1.0,40,0,23.268957345971565,0.0,1.0,3.741264704554851,60.0,40.0,20.0,nan,0.0,0,0,40,0,0.0,1.0,39.0
546,1,right_lane,fixed,False,1.0,40,0,22.768957345971565,0.0,0.0,0.9952425314195352,60.0,40.0,20.0,nan,0.0,0,0,40,0,0.0,1.0,39.0
547,1,right_lane,fixed,False,1.0,40,0,21.143957345971565,0.0,11.0,5.442297255067388,60.0,40.0,20.0,nan,0.0,0,0,40,0,0.0,1.0,39.0
548,1,right_lane,fixed,False,1.0,40,0,21.518957345971565,0.0,2.0,2.6173444953315084,60.0,40.0,20.0,nan,0.0,0,0,40,0,0.0,0.0,40.0
549,1,right_lane,fixed,False,1.0,40,0,22.518957345971494,12.0,1.5,15.142283719033003,54.0,40.0,14.0,nan,0.0,0,0,40,0,9.0,8.0,23.0
550,1,right_lane,fixed,False,1.0,12,1,21.31319115248597,0.0,6.0,2.3033739775419235,18.0,12.0,6.0,nan,0.0,0,0,12,0,0.0,0.0,12.0
551,1,right_lane,fixed,False,1.0,40,0,22.893628695453636,9.5,1.0,12.163468606770039,55.25,40.0,15.25,nan,0.0,0,0,40,0,8.0,4.0,28.0
552,1,right_lane,fixed,False,1.0,40,0,21.268957345971565,3.0,0.0,6.36017893999815,58.5,40.0,18.5,nan,0.0,0,0,40,0,0.0,7.0,33.0
553,1,right_lane,fixed,False,1.0,40,0,22.124956806990408,15.0,6.5,17.582054801285267,52.5,40.0,12.5,nan,0.0,0,0,40,0,13.0,5.0,22.0
554,1,right_lane,fixed,False,1.0,40,0,20.518957345971565,0.0,10.5,5.1256663128733635,60.0,40.0,20.0,nan,0.0,0,0,40,0,0.0,0.0,40.0
555,1,right_lane,fixed,False,1.0,40,0,21.393957345971565,0.0,5.5,3.2981203873980576,60.0,40.0,20.0,nan,0.0,0,0,40,0,0.0,0.0,40.0
556,1,right_lane,fixed,False,1.0,40,0,22.018957345971565,0.5,4.5,3.6769760564197895,59.75,40.0,19.75,nan,0.0,0,0,40,0,0.0,2.0,38.0
557,1,right_lane,fixed,False,1.0,40,0,23.99783240762488,0.0,3.5,2.788257228870407,60.0,40.0,20.0,nan,0.0,0,0,40,0,0.0,0.0,40.0
558,1,right_lane,fixed,False,1.0,40,0,24.516132155971935,10.5,6.0,13.129455676695216,55.0,40.0,15.0,nan,0.0,0,0,40,0,6.0,9.0,25.0
559,1,right_lane,fixed,False,1.0,40,0,22.6417896532434,15.5,2.0,16.706395279616117,52.0,40.0,12.0,nan,0.0,0,0,40,0,15.0,2.0,23.0
560,1,right_lane,fixed,False,1.0,17,1,22.1034290492749,17.0,0.0,16.754785120487213,17.5,17.0,0.5,nan,0.0,0,0,17,0,17.0,0.0,0.0
561,1,right_lane,fixed,False,1.0,40,0,21.143957345971565,0.5,3.5,4.706411827355623,59.25,40.0,19.25,nan,0.0,0,0,40,0,1.0,1.0,38.0
562,1,right_lane,fixed,False,1.0,4,1,22.686285965892733,0.0,2.0,0.8608369678258896,6.0,4.0,2.0,nan,0.0,0,0,4,0,0.0,0.0,4.0
563,1,right_lane,fixed,False,1.0,40,0,20.893957345971565,13.5,4.5,16.11183524131775,53.25,40.0,13.25,nan,0.0,0,0,40,0,10.0,8.0,22.0
564,1,right_lane,fixed,False,1.0,40,0,23.518957345971565,9.0,9.5,13.028676517307758,55.5,40.0,15.5,nan,0.0,0,0,40,0,8.0,4.0,28.0
565,1,right_lane,fixed,False,1.0,40,0,20.8939566082395,0.0,0.0,2.7117902099416824,60.0,40.0,20.0,nan,0.0,0,0,40,0,0.0,0.0,40.0
566,1,right_lane,fixed,False,1.0,40,0,21.393957345971565,0.0,0.5,3.718865985994853,60.0,40.0,20.0,nan,0.0,0,0,40,0,0.0,0.0,40.0
567,1,right_lane,fixed,False,1.0,40,0,20.518957345971565,0.0,16.0,5.51214220741349,60.0,40.0,20.0,nan,0.0,0,0,40,0,0.0,1.0,39.0
568,1,right_lane,fixed,False,1.0,40,0,23.643957345971565,7.5,7.5,10.236175974991966,56.25,40.0,16.25,nan,0.0,0,0,40,0,6.0,4.0,30.0
569,1,right_lane,fixed,False,1.0,40,0,21.893957345971565,0.0,1.0,2.6671053573682,60.0,40.0,20.0,nan,0.0,0,0,40,0,0.0,1.0,39.0
570,1,right_lane,fixed,False,1.0,40,0,21.00032874938229,4.5,0.0,4.48019855102757,58.25,40.0,18.25,nan,0.0,0,0,40,0,3.0,1.0,36.0
571,1,right_lane,fixed,False,1.0,40,0,24.518957345716643,7.5,4.5,9.575369524092366,56.0,40.0,16.0,nan,0.0,0,0,40,0,0.0,14.0,26.0
572,1,right_lane,fixed,False,1.0,40,0,25.643956608239495,18.0,1.5,20.158866874873638,50.75,40.0,10.75,nan,0.0,0,0,40,0,17.0,3.0,20.0
573,1,right_lane,fixed,False,1.0,40,0,22.018957345971565,0.0,5.0,3.5156196692378217,60.0,40.0,20.0,nan,0.0,0,0,40,0,0.0,1.0,39.0
574,1,right_lane,fixed,False,1.0,22,1,20.489013356311933,0.0,5.0,3.4037036299705505,33.0,22.0,11.0,nan,0.0,0,0,22,0,0.0,1.0,21.0
575,1,right_lane,fixed,False,1.0,40,0,22.12749147584797,2.5,2.5,5.5837300440441595,58.75,40.0,18.75,nan,0.0,0,0,40,0,1.0,4.0,35.0
576,1,right_lane,fixed,False,1.0,40,0,23.893957345775522,18.5,1.0,19.770450052625165,50.75,40.0,10.75,nan,0.0,0,0,40,0,18.0,2.0,20.0
577,1,right_lane,fixed,False,1.0,15,1,24.71721954996783,0.0,4.0,1.760124828518883,22.5,15.0,7.5,nan,0.0,0,0,15,0,0.0,0.0,15.0
578,1,right_lane,fixed,False,1.0,40,0,21.518957345971565,0.0,3.0,3.3007845343090594,60.0,40.0,20.0,nan,0.0,0,0,40,0,0.0,0.0,40.0
579,1,right_lane,fixed,False,1.0,40,0,20.518957345971565,0.0,17.5,5.020669512450695,60.0,40.0,20.0,nan,0.0,0,0,40,0,0.0,0.0,40.0
580,1,right_lane,fixed,False,1.0,40,0,21.64395734448282,0.0,7.0,4.270873298522929,60.0,40.0,20.0,nan,0.0,0,0,40,0,0.0,0.0,40.0
581,1,right_lane,fixed,False,1.0,40,0,21.018957345971565,0.0,4.5,2.7493016761072795,60.0,40.0,20.0,nan,0.0,0,0,40,0,0.0,1.0,39.0
582,1,right_lane,fixed,False,1.0,40,0,24.268957345971565,0.0,0.0,2.9248913972369337,60.0,40.0,20.0,nan,0.0,0,0,40,0,0.0,0.0,40.0
583,1,right_lane,fixed,False,1.0,40,0,23.518957345971565,19.5,8.5,21.427339382469654,50.25,40.0,10.25,nan,0.0,0,0,40,0,19.0,2.0,19.0
584,1,right_lane,fixed,False,1.0,31,1,23.41155786576976,0.5,1.0,3.5074737087616086,46.25,31.0,15.25,nan,0.0,0,0,31,0,1.0,1.0,29.0
585,1,right_lane,fixed,False,1.0,40,0,22.268957247332974,6.0,3.5,8.348740671339328,57.0,40.0,17.0,nan,0.0,0,0,40,0,6.0,2.0,32.0
586,1,right_lane,fixed,False,1.0,40,0,20.268957345971565,0.0,6.0,4.3649832755327225,60.0,40.0,20.0,nan,0.0,0,0,40,0,0.0,0.0,40.0
587,1,right_lane,fixed,False,1.0,35,1,21.73595125253893,0.0,3.5,2.2600581676797447,52.5,35.0,17.5,nan,0.0,0,0,35,0,0.0,0.0,35.0
588,1,right_lane,fixed,False,1.0,40,0,26.01895734406107,20.5,5.5,22.78078451260808,49.75,40.0,9.75,nan,0.0,0,0,40,0,18.0,7.0,15.0
589,1,right_lane,fixed,False,1.0,38,1,23.57258667793238,1.5,4.0,5.343874976024381,56.25,38.0,18.25,nan,0.0,0,0,38,0,0.0,3.0,35.0
590,1,right_lane,fixed,False,1.0,40,0,22.768957345971565,0.0,4.0,3.6114909543628073,60.0,40.0,20.0,nan,0.0,0,0,40,0,0.0,1.0,39.0
591,1,right_lane,fixed,False,1.0,40,0,22.643957345971565,12.5,4.0,15.207011058926582,53.75,40.0,13.75,nan,0.0,0,0,40,0,11.0,4.0,25.0
592,1,right_lane,fixed,False,1.0,40,0,21.393671888659334,0.0,4.0,4.045430671423674,60.0,40.0,20.0,nan,0.0,0,0,40,0,0.0,1.0,39.0
593,1,right_lane,fixed,False,1.0,40,0,23.518957344257114,0.0,1.0,3.5308238184952643,60.0,40.0,20.0,nan,0.0,0,0,40,0,0.0,1.0,39.0
594,1,right_lane,fixed,False,1.0,40,0,22.018957345971565,0.0,0.5,2.837294090539217,60.0,40.0,20.0,nan,0.0,0,0,40,0,0.0,1.0,39.0
595,1,right_lane,fixed,False,1.0,40,0,21.018957345970993,0.0,5.5,4.372724889458368,60.0,40.0,20.0,nan,0.0,0,0,40,0,0.0,1.0,39.0
596,1,right_lane,fixed,False,1.0,40,0,20.768957345971565,0.0,1.5,4.533565729856491,60.0,40.0,20.0,nan,0.0,0,0,40,0,0.0,1.0,39.0
597,1,right_lane,fixed,False,1.0,40,0,22.518957345971565,10.0,2.0,12.28072651475668,55.0,40.0,15.0,nan,0.0,0,0,40,0,9.0,3.0,28.0
598,1,right_lane,fixed,False,1.0,38,1,20.6778498378648,0.0,1.0,1.2078738735308434,57.0,38.0,19.0,nan,0.0,0,0,38,0,0.0,0.0,38.0
599,1,right_lane,fixed,False,1.0,40,1,23.268957345971565,11.5,10.0,15.823248662054539,54.25,40.0,14.25,nan,0.0,0,0,40,0,9.0,7.0,24.0
600,1,right_lane,fixed,False,1.0,40,0,20.76891480462308,1.5,16.5,6.490884467959404,59.25,40.0,19.25,nan,0.0,0,0,40,0,0.0,4.0,36.0
601,1,right_lane,fixed,False,1.0,40,0,23.768957345971565,11.5,1.5,14.724760919809341,54.25,40.0,14.25,nan,0.0,0,0,40,0,10.0,5.0,25.0
602,1,right_lane,fixed,False,1.0,40,0,20.893957345941843,1.5,8.0,5.726893063634634,59.25,40.0,19.25,nan,0.0,0,0,40,0,0.0,4.0,36.0
603,1,right_lane,fixed,False,1.0,40,0,22.143957345945747,3.5,2.5,7.156488090962284,58.25,40.0,18.25,nan,0.0,0,0,40,0,4.0,1.0,35.0
604,1,right_lane,fixed,False,1.0,40,0,22.26895174381868,0.0,11.0,4.021082553706947,60.0,40.0,20.0,nan,0.0,0,0,40,0,0.0,0.0,40.0
605,1,right_lane,fixed,False,1.0,40,0,21.268957345971565,2.0,5.0,5.8583345506340265,59.0,40.0,19.0,nan,0.0,0,0,40,0,0.0,5.0,35.0
606,1,right_lane,fixed,False,1.0,40,0,21.875328749382295,1.5,1.0,4.805346456421603,59.25,40.0,19.25,nan,0.0,0,0,40,0,2.0,1.0,37.0
607,1,right_lane,fixed,False,1.0,40,0,20.643957345971565,0.0,1.5,3.175330016762018,60.0,40.0,20.0,nan,0.0,0,0,40,0,0.0,0.0,40.0
608,1,right_lane,fixed,False,1.0,13,1,21.981407213098787,0.0,1.0,1.3579340055584908,19.5,13.0,6.5,nan,0.0,0,0,13,0,0.0,0.0,13.0
609,1,right_lane,fixed,False,1.0,40,0,22.018957345971565,14.5,6.0,16.770134396851063,52.75,40.0,12.75,nan,0.0,0,0,40,0,14.0,2.0,24.0
610,1,right_lane,fixed,False,1.0,40,0,21.0189573329563,0.0,6.5,3.6010655196023436,60.0,40.0,20.0,nan,0.0,0,0,40,0,0.0,0.0,40.0
611,1,right_lane,fixed,False,1.0,40,0,21.518957345971565,0.0,3.5,3.231462056053715,60.0,40.0,20.0,nan,0.0,0,0,40,0,0.0,0.0,40.0
612,1,right_lane,fixed,False,1.0,40,0,22.393957345971565,0.5,9.5,4.086703927026065,59.75,40.0,19.75,nan,0.0,0,0,40,0,1.0,1.0,38.0
613,1,right_lane,fixed,False,1.0,40,0,21.268957345971565,1.0,11.0,5.630809944451357,59.5,40.0,19.5,nan,0.0,0,0,40,0,1.0,2.0,37.0
614,1,right_lane,fixed,False,1.0,40,0,20.518957345971565,0.0,3.5,3.4732530207838863,60.0,40.0,20.0,nan,0.0,0,0,40,0,0.0,0.0,40.0
615,1,right_lane,fixed,False,1.0,40,0,20.518956692595996,0.0,7.0,4.524665728211403,60.0,40.0,20.0,nan,0.0,0,0,40,0,0.0,0.0,40.0
616,1,right_lane,fixed,False,1.0,11,1,25.5234577972102,11.0,0.0,10.676449179649353,11.5,11.0,0.5,nan,0.0,0,0,11,0,11.0,0.0,0.0
617,1,right_lane,fixed,False,1.0,40,0,22.518957345971565,0.0,0.5,3.9861197598122544,59.5,40.0,19.5,nan,0.0,0,0,40,0,0.0,1.0,39.0
618,1,right_lane,fixed,False,1.0,40,0,24.143957345971565,0.0,2.0,3.028542980964346,60.0,40.0,20.0,nan,0.0,0,0,40,0,0.0,0.0,40.0
619,1,right_lane,fixed,False,1.0,40,0,21.143957345971565,3.5,1.5,7.152648051414872,58.25,40.0,18.25,nan,0.0,0,0,40,0,4.0,1.0,35.0
620,1,right_lane,fixed,False,1.0,40,1,21.768957345971565,0.0,3.5,3.805973446202188,60.0,40.0,20.0,nan,0.0,0,0,40,0,0.0,0.0,40.0
621,1,right_lane,fixed,False,1.0,40,0,22.01895734596713,18.5,7.5,21.245913617312908,50.75,40.0,10.75,nan,0.0,0,0,40,0,18.0,3.0,19.0
622,1,right_lane,fixed,False,1.0,40,0,21.018957345971565,24.5,1.5,24.481339283287525,47.75,40.0,7.75,nan,0.0,0,0,40,0,22.0,6.0,12.0
623,1,right_lane,fixed,False,1.0,40,0,24.143957345971565,8.5,0.0,11.409193445928395,55.75,40.0,15.75,nan,0.0,0,0,40,0,9.0,1.0,30.0
624,1,right_lane,fixed,False,1.0,40,0,21.143957345971565,3.0,2.5,5.665181904639667,58.5,40.0,18.5,nan,0.0,0,0,40,0,0.0,7.0,33.0
625,1,right_lane,fixed,False,1.0,40,0,21.393957345971565,0.0,7.5,4.420122831212211,60.0,40.0,20.0,nan,0.0,0,0,40,0,0.0,1.0,39.0
626,1,right_lane,fixed,False,1.0,40,0,21.518957345971565,0.0,9.5,3.831685661978554,60.0,40.0,20.0,nan,0.0,0,0,40,0,0.0,1.0,39.0
627,1,right_lane,fixed,False,1.0,40,0,22.143957345971565,0.0,0.0,3.2199636257819293,60.0,40.0,20.0,nan,0.0,0,0,40,0,0.0,0.0,40.0
628,1,right_lane,fixed,False,1.0,40,0,22.143628596815045,0.0,3.0,3.5662869057487114,60.0,40.0,20.0,nan,0.0,0,0,40,0,0.0,0.0,40.0
629,1,right_lane,fixed,False,1.0,20,1,23.787913190440776,0.0,3.0,1.8124090336914378,30.0,20.0,10.0,nan,0.0,0,0,20,0,0.0,0.0,20.0
630,1,right_lane,fixed,False,1.0,40,0,20.268957345971565,0.0,18.5,6.229546695947647,60.0,40.0,20.0,nan,0.0,0,0,40,0,0.0,0.0,40.0
631,1,right_lane,fixed,False,1.0,40,0,21.018957345971565,3.0,17.0,7.663285605609417,58.5,40.0,18.5,nan,0.0,0,0,40,0,0.0,7.0,33.0
632,1,right_lane,fixed,False,1.0,40,0,26.268957345967635,0.0,0.5,2.2827736349404404,60.0,40.0,20.0,nan,0.0,0,0,40,0,0.0,0.0,40.0
633,1,right_lane,fixed,False,1.0,13,1,25.44281216934526,1.0,2.5,2.7511578599696804,19.25,13.0,6.25,nan,0.0,0,0,13,0,1.0,1.0,11.0
634,1,right_lane,fixed,False,1.0,15,1,21.717219589178224,0.0,4.0,2.0264790281653404,22.25,15.0,7.25,nan,0.0,0,0,15,0,0.0,0.0,15.0
635,1,right_lane,fixed,False,1.0,40,0,21.393957345971565,3.0,2.5,7.149746377021074,58.5,40.0,18.5,nan,0.0,0,0,40,0,2.0,4.0,34.0
636,1,right_lane,fixed,False,1.0,40,0,21.143957345971565,0.5,0.0,3.8200216274126433,59.75,40.0,19.75,nan,0.0,0,0,40,0,1.0,1.0,38.0
637,1,right_lane,fixed,False,1.0,40,0,20.643957345971565,0.0,1.5,3.4456100277602673,60.0,40.0,20.0,nan,0.0,0,0,40,0,0.0,0.0,40.0
638,1,right_lane,fixed,False,1.0,40,0,22.875000013019175,17.5,5.5,18.896054051999045,51.5,40.0,11.5,nan,0.0,0,0,40,0,14.0,6.0,20.0
639,1,right_lane,fixed,False,1.0,40,0,25.106043503644038,5.5,9.0,8.820746030021724,57.5,40.0,17.5,nan,0.0,0,0,40,0,2.0,6.0,32.0
640,1,right_lane,fixed,False,1.0,40,0,25.252496440617865,0.0,1.0,2.848875740576659,59.5,40.0,19.5,nan,0.0,0,0,40,0,0.0,0.0,40.0
641,1,right_lane,fixed,False,1.0,40,0,23.143957345971565,11.0,6.0,14.69947536289692,54.5,40.0,14.5,nan,0.0,0,0,40,0,7.0,8.0,25.0
642,1,right_lane,fixed,False,1.0,40,0,21.268957345971565,0.0,0.0,3.175103575098774,60.0,40.0,20.0,nan,0.0,0,0,40,0,0.0,1.0,39.0
643,1,right_lane,fixed,False,1.0,40,0,23.518957345971565,0.0,2.5,3.0675972611820725,60.0,40.0,20.0,nan,0.0,0,0,40,0,0.0,1.0,39.0
644,1,right_lane,fixed,False,1.0,40,0,21.893957345971565,5.5,7.5,7.648751555389936,57.25,40.0,17.25,nan,0.0,0,0,40,0,6.0,1.0,33.0
645,1,right_lane,fixed,False,1.0,40,0,22.14113291973792,0.0,2.0,3.1799504667653764,60.0,40.0,20.0,nan,0.0,0,0,40,0,0.0,0.0,40.0
646,1,right_lane,fixed,False,1.0,40,0,21.643957345971565,0.0,5.5,3.319332342938651,60.0,40.0,20.0,nan,0.0,0,0,40,0,0.0,1.0,39.0
647,1,right_lane,fixed,False,1.0,9,1,21.19536592423284,0.0,4.5,1.6987404823303223,13.5,9.0,4.5,nan,0.0,0,0,9,0,0.0,0.0,9.0
648,1,right_lane,fixed,False,1.0,40,0,21.268957345971565,0.5,10.0,5.306533919181675,59.75,40.0,19.75,nan,0.0,0,0,40,0,1.0,1.0,38.0
649,1,right_lane,fixed,False,1.0,40,0,21.518957345967653,0.0,9.5,4.325165175194343,60.0,40.0,20.0,nan,0.0,0,0,40,0,0.0,1.0,39.0
650,1,right_lane,fixed,False,1.0,40,0,22.518957344257622,0.5,1.0,4.450401090095511,59.75,40.0,19.75,nan,0.0,0,0,40,0,1.0,1.0,38.0
651,1,right_lane,fixed,False,1.0,40,0,21.893957345971565,0.0,2.5,3.5817349222306802,60.0,40.0,20.0,nan,0.0,0,0,40,0,0.0,0.0,40.0
652,1,right_lane,fixed,False,1.0,40,0,21.393957345971565,0.0,8.5,3.7299056872998335,60.0,40.0,20.0,nan,0.0,0,0,40,0,0.0,1.0,39.0
653,1,right_lane,fixed,False,1.0,40,0,20.268957345971565,0.0,10.0,3.701462651602924,60.0,40.0,20.0,nan,0.0,0,0,40,0,0.0,0.0,40.0
654,1,right_lane,fixed,False,1.0,40,0,22.018957345971565,2.5,3.0,5.421486801326864,58.75,40.0,18.75,nan,0.0,0,0,40,0,0.0,5.0,35.0
655,1,right_lane,fixed,False,1.0,39,1,21.429699842022117,0.5,9.5,5.414126037058395,58.25,39.0,19.25,nan,0.0,0,0,39,0,1.0,1.0,37.0
656,1,right_lane,fixed,False,1.0,40,0,22.518957247107274,0.5,4.5,4.789585762047864,59.75,40.0,19.75,nan,0.0,0,0,40,0,1.0,1.0,38.0
657,1,right_lane,fixed,False,1.0,40,0,21.768957345941836,0.0,0.0,3.253332966938615,60.0,40.0,20.0,nan,0.0,0,0,40,0,0.0,0.0,40.0
658,1,right_lane,fixed,False,1.0,40,0,23.518957345971565,11.5,9.5,14.76077878936485,54.25,40.0,14.25,nan,0.0,0,0,40,0,10.0,5.0,25.0
659,1,right_lane,fixed,False,1.0,40,0,25.018956595446095,7.5,0.5,9.419433305845814,56.25,40.0,16.25,nan,0.0,0,0,40,0,7.0,3.0,30.0
660,1,right_lane,fixed,False,1.0,40,0,21.643957345941836,0.0,1.0,3.231299169725389,60.0,40.0,20.0,nan,0.0,0,0,40,0,0.0,0.0,40.0
661,1,right_lane,fixed,False,1.0,40,0,21.768957345971565,0.5,7.5,5.476311926289782,59.75,40.0,19.75,nan,0.0,0,0,40,0,1.0,1.0,38.0
662,1,right_lane,fixed,False,1.0,36,1,21.826619273301738,7.5,14.0,11.737981848418713,50.25,36.0,14.25,nan,0.0,0,0,36,0,6.0,4.0,26.0
663,1,right_lane,fixed,False,1.0,40,0,22.26895734597155,8.5,9.0,12.438404082693523,55.75,40.0,15.75,nan,0.0,0,0,40,0,9.0,1.0,30.0
664,1,right_lane,fixed,False,1.0,38,1,20.6778498378648,0.5,10.5,6.517271317541599,56.75,38.0,18.75,nan,0.0,0,0,38,0,1.0,1.0,36.0
665,1,right_lane,fixed,False,1.0,40,0,21.518957344286825,0.0,2.0,3.2773847588687204,60.0,40.0,20.0,nan,0.0,0,0,40,0,0.0,0.0,40.0
666,1,right_lane,fixed,False,1.0,14,1,24.33987808925142,13.0,0.0,12.045089066028595,15.0,14.0,1.0,nan,0.0,0,0,14,0,11.0,3.0,0.0
667,1,right_lane,fixed,False,1.0,40,0,21.643957345971565,0.5,6.5,4.109314175378586,59.25,40.0,19.25,nan,0.0,0,0,40,0,1.0,1.0,38.0
668,1,right_lane,fixed,False,1.0,40,0,22.018957345971565,0.5,1.5,3.488118057770862,59.75,40.0,19.75,nan,0.0,0,0,40,0,1.0,1.0,38.0
669,1,right_lane,fixed,False,1.0,40,0,20.393957345971565,0.0,10.5,4.556799791753292,60.0,40.0,20.0,nan,0.0,0,0,40,0,0.0,0.0,40.0
670,1,right_lane,fixed,False,1.0,40,0,22.893957345971565,10.0,2.0,12.994787296048344,55.0,40.0,15.0,nan,0.0,0,0,40,0,10.0,2.0,28.0
671,1,right_lane,fixed,False,1.0,40,0,24.518957345971565,14.5,1.5,16.65932995080948,52.75,40.0,12.75,nan,0.0,0,0,40,0,14.0,3.0,23.0
672,1,right_lane,fixed,False,1.0,21,1,22.417061611374262,2.0,6.5,4.6939728560100775,30.5,21.0,9.5,nan,0.0,0,0,21,0,1.0,3.0,17.0
673,1,right_lane,fixed,False,1.0,40,0,22.37749644062177,9.0,0.0,11.895635597407818,55.5,40.0,15.5,nan,0.0,0,0,40,0,8.0,3.0,29.0
674,1,right_lane,fixed,False,1.0,40,0,20.643957345971565,0.5,15.0,6.699486205325229,59.75,40.0,19.75,nan,0.0,0,0,40,0,1.0,1.0,38.0
675,1,right_lane,fixed,False,1.0,40,0,23.018957345971565,18.5,0.0,20.712305523455143,50.75,40.0,10.75,nan,0.0,0,0,40,0,11.0,17.0,12.0
676,1,right_lane,fixed,False,1.0,40,0,20.393957345971565,0.0,3.5,4.627079509198666,60.0,40.0,20.0,nan,0.0,0,0,40,0,0.0,1.0,39.0
677,1,right_lane,fixed,False,1.0,11,1,20.978026711802876,0.0,5.5,1.9723490476608276,16.5,11.0,5.5,nan,0.0,0,0,11,0,0.0,0.0,11.0
678,1,right_lane,fixed,False,1.0,40,0,20.518957345971565,0.0,5.5,4.8009940683841705,60.0,40.0,20.0,nan,0.0,0,0,40,0,0.0,1.0,39.0
679,1,right_lane,fixed,False,1.0,30,1,20.85860979462875,0.0,1.5,3.3113136291503906,45.0,30.0,15.0,nan,0.0,0,0,30,0,0.0,1.0,29.0
680,1,right_lane,fixed,False,1.0,40,0,22.393957345749122,6.0,2.0,8.851811580359936,57.0,40.0,17.0,nan,0.0,0,0,40,0,5.0,3.0,32.0
681,1,right_lane,fixed,False,1.0,40,0,24.143957344031918,0.0,1.0,3.345463884043056,60.0,40.0,20.0,nan,0.0,0,0,40,0,0.0,1.0,39.0
682,1,right_lane,fixed,False,1.0,40,0,23.268957345971565,0.5,3.0,4.155236832686114,59.75,40.0,19.75,nan,0.0,0,0,40,0,1.0,1.0,38.0
683,1,right_lane,fixed,False,1.0,40,0,21.018957345971565,0.0,0.0,1.3839147799594684,60.0,40.0,20.0,nan,0.0,0,0,40,0,0.0,0.0,40.0
684,1,right_lane,fixed,False,1.0,8,1,21.344786235536013,0.0,3.5,1.3628970980644226,12.0,8.0,4.0,nan,0.0,0,0,8,0,0.0,0.0,8.0
685,1,right_lane,fixed,False,1.0,28,1,23.777081922816425,28.0,0.0,26.762503743171692,28.5,28.0,0.5,nan,0.0,0,0,28,0,27.0,1.0,0.0
686,1,right_lane,fixed,False,1.0,40,0,22.268586068259964,0.0,2.0,3.6451960050551406,59.5,40.0,19.5,nan,0.0,0,0,40,0,0.0,1.0,39.0
687,1,right_lane,fixed,False,1.0,40,0,21.768957345971565,0.0,7.0,4.1785060302354395,60.0,40.0,20.0,nan,0.0,0,0,40,0,0.0,0.0,40.0
688,1,right_lane,fixed,False,1.0,40,0,20.768957345971565,0.0,3.0,4.2493710815906525,60.0,40.0,20.0,nan,0.0,0,0,40,0,0.0,0.0,40.0
689,1,right_lane,fixed,False,1.0,40,0,22.643957345971113,0.0,3.5,3.060492361371871,60.0,40.0,20.0,nan,0.0,0,0,40,0,0.0,0.0,40.0
690,1,right_lane,fixed,False,1.0,40,0,22.143957345971565,15.5,4.5,18.41487505659461,52.25,40.0,12.25,nan,0.0,0,0,40,0,12.0,9.0,19.0
691,1,right_lane,fixed,False,1.0,40,0,21.518957345971565,0.0,0.5,2.69104060878135,60.0,40.0,20.0,nan,0.0,0,0,40,0,0.0,0.0,40.0
692,1,right_lane,fixed,False,1.0,10,1,21.575829331809555,0.0,5.0,1.9074779897928238,15.0,10.0,5.0,nan,0.0,0,0,10,0,0.0,0.0,10.0
693,1,right_lane,fixed,False,1.0,40,0,21.518957345971565,9.5,10.0,13.038594707846642,55.25,40.0,15.25,nan,0.0,0,0,40,0,9.0,3.0,28.0
694,1,right_lane,fixed,False,1.0,40,0,21.393957345971565,0.0,9.5,4.134833662166784,60.0,40.0,20.0,nan,0.0,0,0,40,0,0.0,0.0,40.0
695,1,right_lane,fixed,False,1.0,40,0,21.122875600860247,0.0,8.5,4.462832729390357,60.0,40.0,20.0,nan,0.0,0,0,40,0,0.0,1.0,39.0
696,1,right_lane,fixed,False,1.0,40,0,23.643957345971565,13.0,11.0,16.463598787784576,53.5,40.0,13.5,nan,0.0,0,0,40,0,13.0,2.0,25.0
697,1,right_lane,fixed,False,1.0,24,1,21.489928909952607,0.5,3.5,3.580647811293602,35.75,24.0,11.75,nan,0.0,0,0,24,0,1.0,1.0,22.0
698,1,right_lane,fixed,False,1.0,40,0,21.893957345971565,6.5,4.0,9.132728619028512,56.75,40.0,16.75,nan,0.0,0,0,40,0,2.0,10.0,28.0
699,1,right_lane,fixed,False,1.0,40,0,23.268957345971565,5.5,9.0,8.859421812889195,57.25,40.0,17.25,nan,0.0,0,0,40,0,6.0,1.0,33.0
700,1,right_lane,fixed,False,1.0,16,1,20.672393364928887,0.0,8.0,3.6496705561876297,24.0,16.0,8.0,nan,0.0,0,0,16,0,0.0,1.0,15.0
701,1,right_lane,fixed,False,1.0,40,0,22.76895724882166,0.0,7.5,3.323176088440505,60.0,40.0,20.0,nan,0.0,0,0,40,0,0.0,0.0,40.0
702,1,right_lane,fixed,False,1.0,40,0,23.268957260126378,7.5,4.0,10.823136810213327,56.25,40.0,16.25,nan,0.0,0,0,40,0,8.0,1.0,31.0
703,1,right_lane,fixed,False,1.0,40,0,21.268957344286832,0.5,14.0,5.878113092854619,59.75,40.0,19.75,nan,0.0,0,0,40,0,1.0,1.0,38.0
704,1,right_lane,fixed,False,1.0,40,0,22.143957345971565,0.0,5.5,3.852641578807379,60.0,40.0,20.0,nan,0.0,0,0,40,0,0.0,0.0,40.0
705,1,right_lane,fixed,False,1.0,40,0,23.518956694084622,14.5,0.0,16.760242719203234,52.75,40.0,12.75,nan,0.0,0,0,40,0,15.0,1.0,24.0
706,1,right_lane,fixed,False,1.0,40,0,25.143957345971565,18.0,2.0,20.557544194161892,51.0,40.0,11.0,nan,0.0,0,0,40,0,16.0,6.0,18.0
707,1,right_lane,fixed,False,1.0,40,0,23.143957345971565,0.0,5.5,3.08709711690517,60.0,40.0,20.0,nan,0.0,0,0,40,0,0.0,1.0,39.0
708,1,right_lane,fixed,False,1.0,40,0,21.393629347340514,40.0,0.0,36.56216078996658,40.5,40.0,0.5,nan,0.0,0,0,40,0,40.0,0.0,0.0
709,1,right_lane,fixed,False,1.0,40,0,20.768957345971497,0.0,4.5,4.017510734498501,59.5,40.0,19.5,nan,0.0,0,0,40,0,0.0,0.0,40.0
710,1,right_lane,fixed,False,1.0,40,0,21.643957345971565,10.0,4.5,13.295504747176892,55.0,40.0,15.0,nan,0.0,0,0,40,0,8.0,5.0,27.0
711,1,right_lane,fixed,False,1.0,40,0,25.26646090535371,34.5,0.5,33.86264694482088,42.75,40.0,2.75,nan,0.0,0,0,40,0,35.0,1.0,4.0
712,1,right_lane,fixed,False,1.0,40,0,21.143957345971565,0.0,5.5,4.573759053031608,60.0,40.0,20.0,nan,0.0,0,0,40,0,0.0,1.0,39.0
713,1,right_lane,fixed,False,1.0,40,0,20.768957345971565,0.5,7.0,5.280720986425877,59.75,40.0,19.75,nan,0.0,0,0,40,0,1.0,1.0,38.0
714,1,right_lane,fixed,False,1.0,40,0,24.89178321769723,17.5,2.0,19.350511627009837,51.25,40.0,11.25,nan,0.0,0,0,40,0,18.0,1.0,21.0
715,1,right_lane,fixed,False,1.0,40,0,21.518957345971565,2.5,1.5,5.5714021772146225,58.75,40.0,18.75,nan,0.0,0,0,40,0,0.0,6.0,34.0
716,1,right_lane,fixed,False,1.0,40,0,20.268957345971565,0.0,15.0,5.399442858994007,60.0,40.0,20.0,nan,0.0,0,0,40,0,0.0,0.0,40.0
717,1,right_lane,fixed,False,1.0,40,0,22.143957345971565,0.0,5.0,2.508780655443843,60.0,40.0,20.0,nan,0.0,0,0,40,0,0.0,0.0,40.0
718,1,right_lane,fixed,False,1.0,40,0,23.75000000171446,28.0,0.5,27.604555333055032,46.0,40.0,6.0,nan,0.0,0,0,40,0,24.0,10.0,6.0
719,1,right_lane,fixed,False,1.0,40,0,22.26895659693477,0.0,7.0,3.8360208302910905,60.0,40.0,20.0,nan,0.0,0,0,40,0,0.0,0.0,40.0
720,1,right_lane,fixed,False,1.0,40,0,20.893957345971565,3.0,4.5,6.413672935217619,58.5,40.0,18.5,nan,0.0,0,0,40,0,0.0,7.0,33.0
721,1,right_lane,fixed,False,1.0,40,0,21.393957345971565,0.0,5.0,2.685396864108043,60.0,40.0,20.0,nan,0.0,0,0,40,0,0.0,0.0,40.0
722,1,right_lane,fixed,False,1.0,40,0,21.268957345971565,18.5,5.5,20.153034426271915,50.75,40.0,10.75,nan,0.0,0,0,40,0,16.0,7.0,17.0
723,1,right_lane,fixed,False,1.0,40,0,22.143627944706306,0.0,3.0,3.4601321887757877,60.0,40.0,20.0,nan,0.0,0,0,40,0,0.0,0.0,40.0
724,1,right_lane,fixed,False,1.0,26,1,22.913780532263942,0.0,7.0,2.828221782047649,39.0,26.0,13.0,nan,0.0,0,0,26,0,0.0,0.0,26.0
725,1,right_lane,fixed,False,1.0,40,0,22.393957345971565,0.5,0.5,3.6219999959625966,59.75,40.0,19.75,nan,0.0,0,0,40,0,1.0,1.0,38.0
726,1,right_lane,fixed,False,1.0,40,0,21.143957345971565,0.0,6.0,3.832576291649275,60.0,40.0,20.0,nan,0.0,0,0,40,0,0.0,0.0,40.0
727,1,right_lane,fixed,False,1.0,40,0,20.643957345971565,0.0,1.0,3.9204349145293236,60.0,40.0,20.0,nan,0.0,0,0,40,0,0.0,1.0,39.0
728,1,right_lane,fixed,False,1.0,40,0,21.018957345971565,0.0,2.5,3.93631793026816,60.0,40.0,20.0,nan,0.0,0,0,40,0,0.0,0.0,40.0
729,1,right_lane,fixed,False,1.0,40,0,21.393957345971565,0.0,0.5,2.6546816171839964,60.0,40.0,20.0,nan,0.0,0,0,40,0,0.0,1.0,39.0
730,1,right_lane,fixed,False,1.0,40,0,21.768957345971565,0.0,1.5,3.6306679095796426,60.0,40.0,20.0,nan,0.0,0,0,40,0,0.0,0.0,40.0
731,1,right_lane,fixed,False,1.0,40,0,20.393957345971565,0.5,18.5,6.555732659995556,59.75,40.0,19.75,nan,0.0,0,0,40,0,1.0,1.0,38.0
732,1,right_lane,fixed,False,1.0,40,0,20.768957345971565,8.0,3.5,11.305904641747475,56.0,40.0,16.0,nan,0.0,0,0,40,0,5.0,8.0,27.0
733,1,right_lane,fixed,False,1.0,12,1,21.729857814190353,0.0,4.0,1.7333769723773003,18.0,12.0,6.0,nan,0.0,0,0,12,0,0.0,0.0,12.0
734,1,right_lane,fixed,False,1.0,40,0,21.893957345971565,0.5,1.0,4.394968103762949,59.75,40.0,19.75,nan,0.0,0,0,40,0,1.0,1.0,38.0
735,1,right_lane,fixed,False,1.0,40,0,21.625328749382287,23.0,3.0,23.165020334010478,49.0,40.0,9.0,nan,0.0,0,0,40,0,22.0,2.0,16.0
736,1,right_lane,fixed,False,1.0,40,0,23.393957344482875,7.0,1.5,10.069495853533226,56.0,40.0,16.0,nan,0.0,0,0,40,0,5.0,4.0,31.0
737,1,right_lane,fixed,False,1.0,40,0,21.768957345971565,0.5,7.5,5.200016634509666,59.75,40.0,19.75,nan,0.0,0,0,40,0,1.0,1.0,38.0
738,1,right_lane,fixed,False,1.0,40,0,22.268957345971565,0.0,6.5,4.125329249953666,60.0,40.0,20.0,nan,0.0,0,0,40,0,0.0,1.0,39.0
739,1,right_lane,fixed,False,1.0,40,0,23.37532874938223,0.0,11.5,3.5830568419435167,60.0,40.0,20.0,nan,0.0,0,0,40,0,0.0,0.0,40.0
740,1,right_lane,fixed,False,1.0,40,0,22.393957331493432,0.0,1.5,2.8684232145515125,60.0,40.0,20.0,nan,0.0,0,0,40,0,0.0,0.0,40.0
741,1,right_lane,fixed,False,1.0,40,0,21.37749644062177,0.0,1.5,4.034369390289612,60.0,40.0,20.0,nan,0.0,0,0,40,0,0.0,1.0,39.0
742,1,right_lane,fixed,False,1.0,40,0,22.393957345971565,0.0,4.5,3.7490334682370303,60.0,40.0,20.0,nan,0.0,0,0,40,0,0.0,0.0,40.0
743,1,right_lane,fixed,False,1.0,23,1,20.467751906037503,0.0,10.0,3.462924361228943,34.5,23.0,11.5,nan,0.0,0,0,23,0,0.0,0.0,23.0
744,1,right_lane,fixed,False,1.0,40,0,21.518957344482878,0.0,12.0,4.507726242182457,60.0,40.0,20.0,nan,0.0,0,0,40,0,0.0,1.0,39.0
745,1,right_lane,fixed,False,1.0,40,0,25.768957345971046,16.0,4.5,18.15985130352783,52.0,40.0,12.0,nan,0.0,0,0,40,0,15.0,3.0,22.0
746,1,right_lane,fixed,False,1.0,40,0,21.643957345967657,0.0,0.5,3.393793847952111,60.0,40.0,20.0,nan,0.0,0,0,40,0,0.0,1.0,39.0
747,1,right_lane,fixed,False,1.0,40,0,21.018957345971565,9.0,5.5,13.06307448773714,55.75,40.0,15.75,nan,0.0,0,0,40,0,0.0,17.0,23.0
748,1,right_lane,fixed,False,1.0,40,0,20.393957345971565,0.0,15.5,5.2836504355072975,59.75,40.0,19.75,nan,0.0,0,0,40,0,0.0,1.0,39.0
749,1,right_lane,fixed,False,1.0,40,0,21.268957345971565,0.5,0.0,3.3788098436780274,59.75,40.0,19.75,nan,0.0,0,0,40,0,1.0,1.0,38.0
750,1,right_lane,fixed,False,1.0,40,0,21.768957345971554,0.0,5.0,3.7197273618676263,60.0,40.0,20.0,nan,0.0,0,0,40,0,0.0,0.0,40.0
751,1,right_lane,fixed,False,1.0,40,0,21.393957345971565,0.0,0.0,2.8016873498287396,60.0,40.0,20.0,nan,0.0,0,0,40,0,0.0,1.0,39.0
752,1,right_lane,fixed,False,1.0,40,0,21.518957345945243,8.0,6.0,11.29759772144098,56.0,40.0,16.0,nan,0.0,0,0,40,0,8.0,2.0,30.0
753,1,right_lane,fixed,False,1.0,40,0,21.12749644062177,5.0,15.5,9.102886743843555,57.5,40.0,17.5,nan,0.0,0,0,40,0,4.0,3.0,33.0
754,1,right_lane,fixed,False,1.0,40,0,23.393957345971558,0.0,2.0,3.134990338061016,60.0,40.0,20.0,nan,0.0,0,0,40,0,0.0,0.0,40.0
755,1,right_lane,fixed,False,1.0,40,0,23.12500570101725,5.0,5.5,7.474021788500977,57.5,40.0,17.5,nan,0.0,0,0,40,0,4.0,3.0,33.0
756,1,right_lane,fixed,False,1.0,40,0,22.268957345971565,10.0,2.5,13.385202199220657,55.0,40.0,15.0,nan,0.0,0,0,40,0,10.0,2.0,28.0
757,1,right_lane,fixed,False,1.0,40,0,21.768957345971565,20.0,2.5,22.443829387426376,50.0,40.0,10.0,nan,0.0,0,0,40,0,19.0,4.0,17.0
758,1,right_lane,fixed,False,1.0,32,1,21.117446682464454,0.0,9.5,5.7738523334264755,48.0,32.0,16.0,nan,0.0,0,0,32,0,0.0,1.0,31.0
759,1,right_lane,fixed,False,1.0,40,0,21.268957345971565,0.0,0.0,1.0451636576053716,60.0,40.0,20.0,nan,0.0,0,0,40,0,0.0,1.0,39.0
760,1,right_lane,fixed,False,1.0,40,0,21.893909103635565,0.0,2.0,3.069508247427848,60.0,40.0,20.0,nan,0.0,0,0,40,0,0.0,0.0,40.0
761,1,right_lane,fixed,False,1.0,40,0,22.893957345971565,5.5,9.0,9.118707642890513,57.25,40.0,17.25,nan,0.0,0,0,40,0,6.0,1.0,33.0
762,1,right_lane,fixed,False,1.0,40,0,22.643957345971565,0.0,9.0,3.863331537682825,60.0,40.0,20.0,nan,0.0,0,0,40,0,0.0,1.0,39.0
763,1,right_lane,fixed,False,1.0,22,1,23.44355863422119,0.0,2.0,1.9365836855631642,33.0,22.0,11.0,nan,0.0,0,0,22,0,0.0,1.0,21.0
764,1,right_lane,fixed,False,1.0,40,0,21.143957345971565,0.0,0.0,4.489630046262391,60.0,40.0,20.0,nan,0.0,0,0,40,0,0.0,1.0,39.0
765,1,right_lane,fixed,False,1.0,40,0,20.768957345971565,0.0,10.0,4.154952809059523,60.0,40.0,20.0,nan,0.0,0,0,40,0,0.0,0.0,40.0
766,1,right_lane,fixed,False,1.0,40,0,20.893957345971565,0.5,15.0,6.226032551378012,59.75,40.0,19.75,nan,0.0,0,0,40,0,1.0,1.0,38.0
767,1,right_lane,fixed,False,1.0,40,0,21.268956694084682,0.0,10.5,4.2384948171675205,60.0,40.0,20.0,nan,0.0,0,0,40,0,0.0,0.0,40.0
768,1,right_lane,fixed,False,1.0,40,0,20.893956694084682,0.0,0.5,3.3551190569996834,60.0,40.0,20.0,nan,0.0,0,0,40,0,0.0,0.0,40.0
769,1,right_lane,fixed,False,1.0,40,0,20.393957345971565,0.0,5.5,4.891425549983978,60.0,40.0,20.0,nan,0.0,0,0,40,0,0.0,1.0,39.0
770,1,right_lane,fixed,False,1.0,31,1,21.31478367222137,30.5,0.5,28.74681329727173,31.75,31.0,0.75,nan,0.0,0,0,31,0,30.0,1.0,0.0
771,1,right_lane,fixed,False,1.0,40,0,21.518957345971565,0.5,3.5,2.9372524492268894,59.25,40.0,19.25,nan,0.0,0,0,40,0,1.0,1.0,38.0
772,1,right_lane,fixed,False,1.0,40,1,21.393957345967713,0.0,13.0,4.48689568628879,60.0,40.0,20.0,nan,0.0,0,0,40,0,0.0,1.0,39.0
773,1,right_lane,fixed,False,1.0,40,0,23.518909202470194,0.0,1.0,3.3321734944427135,60.0,40.0,20.0,nan,0.0,0,0,40,0,0.0,1.0,39.0
774,1,right_lane,fixed,False,1.0,40,0,21.018957345971565,0.5,6.5,3.904455450689511,59.75,40.0,19.75,nan,0.0,0,0,40,0,1.0,1.0,38.0
775,1,right_lane,fixed,False,1.0,40,0,21.018957345971565,0.5,6.5,4.932729247957468,59.75,40.0,19.75,nan,0.0,0,0,40,0,1.0,1.0,38.0
776,1,right_lane,fixed,False,1.0,40,0,24.14113795584911,0.5,4.5,4.044715376035583,59.75,40.0,19.75,nan,0.0,0,0,40,0,1.0,1.0,38.0
777,1,right_lane,fixed,False,1.0,30,1,25.191943127961995,12.0,4.0,14.573955327272415,39.0,30.0,9.0,nan,0.0,0,0,30,0,9.0,7.0,14.0
778,1,right_lane,fixed,False,1.0,40,0,20.393957345971565,0.0,11.5,4.722997583448887,60.0,40.0,20.0,nan,0.0,0,0,40,0,0.0,1.0,39.0
779,1,right_lane,fixed,False,1.0,40,0,21.768957345971565,0.0,0.0,2.8797443797811866,60.0,40.0,20.0,nan,0.0,0,0,40,0,0.0,1.0,39.0
780,1,right_lane,fixed,False,1.0,40,0,20.893957345971565,0.0,5.5,4.489447977393866,60.0,40.0,20.0,nan,0.0,0,0,40,0,0.0,1.0,39.0
781,1,right_lane,fixed,False,1.0,40,0,21.893957345971565,0.0,2.5,3.6978695799298293,60.0,40.0,20.0,nan,0.0,0,0,40,0,0.0,0.0,40.0
782,1,right_lane,fixed,False,1.0,40,0,21.643957345971565,0.0,6.0,3.591272323271369,60.0,40.0,20.0,nan,0.0,0,0,40,0,0.0,0.0,40.0
783,1,right_lane,fixed,False,1.0,23,1,21.989491036472284,0.0,0.5,2.008204024939232,34.5,23.0,11.5,nan,0.0,0,0,23,0,0.0,0.0,23.0
784,1,right_lane,fixed,False,1.0,40,0,20.87749644062177,2.5,5.5,6.746318727731705,58.75,40.0,18.75,nan,0.0,0,0,40,0,0.0,6.0,34.0
785,1,right_lane,fixed,False,1.0,40,0,20.518957345971565,15.0,6.0,20.116294413805008,52.75,40.0,12.75,nan,0.0,0,0,40,0,1.0,29.0,10.0
786,1,right_lane,fixed,False,1.0,40,0,24.01895239570215,0.5,8.0,4.475134110548481,59.5,40.0,19.5,nan,0.0,0,0,40,0,1.0,1.0,38.0
787,1,right_lane,fixed,False,1.0,40,0,20.768957345971565,0.0,3.0,2.1514825810099865,60.0,40.0,20.0,nan,0.0,0,0,40,0,0.0,0.0,40.0
788,1,right_lane,fixed,False,1.0,40,0,21.518957345971565,10.5,0.5,13.278825387358665,54.75,40.0,14.75,nan,0.0,0,0,40,0,11.0,1.0,28.0
789,1,right_lane,fixed,False,1.0,40,0,21.143957345971565,4.5,1.0,7.83750224671121,57.75,40.0,17.75,nan,0.0,0,0,40,0,4.0,3.0,33.0
790,1,right_lane,fixed,False,1.0,40,0,20.643957345971565,0.0,0.0,3.2096425145864487,60.0,40.0,20.0,nan,0.0,0,0,40,0,0.0,1.0,39.0
791,1,right_lane,fixed,False,1.0,26,1,20.41378053226395,0.0,13.0,3.993525415658951,39.0,26.0,13.0,nan,0.0,0,0,26,0,0.0,0.0,26.0
792,1,right_lane,fixed,False,1.0,35,1,22.87880839539607,2.0,0.5,4.540256533743559,51.5,35.0,16.5,nan,0.0,0,0,35,0,0.0,5.0,30.0
793,1,right_lane,fixed,False,1.0,40,0,23.393957345971486,1.5,4.5,5.328813889914272,59.25,40.0,19.25,nan,0.0,0,0,40,0,0.0,3.0,37.0
794,1,right_lane,fixed,False,1.0,40,0,21.62749644062177,14.5,0.0,16.329769879579544,52.75,40.0,12.75,nan,0.0,0,0,40,0,15.0,1.0,24.0
795,1,right_lane,fixed,False,1.0,40,0,22.76895734426102,1.0,4.0,4.47175510492707,59.5,40.0,19.5,nan,0.0,0,0,40,0,1.0,2.0,37.0
796,1,right_lane,fixed,False,1.0,27,1,20.398455327365284,0.0,13.5,4.893389493227005,40.5,27.0,13.5,nan,0.0,0,0,27,0,0.0,0.0,27.0
797,1,right_lane,fixed,False,1.0,40,0,21.018957345971565,0.0,16.0,4.709926422236094,60.0,40.0,20.0,nan,0.0,0,0,40,0,0.0,1.0,39.0
798,1,right_lane,fixed,False,1.0,40,0,21.643957345971565,0.0,2.0,4.215794627692503,60.0,40.0,20.0,nan,0.0,0,0,40,0,0.0,1.0,39.0
799,1,right_lane,fixed,False,1.0,40,0,24.143957345971565,35.5,1.0,34.38181433826685,42.25,40.0,2.25,nan,0.0,0,0,40,0,36.0,1.0,3.0
800,1,right_lane,fixed,False,1.0,40,0,21.893957345971057,0.0,3.5,3.8592173844663193,60.0,40.0,20.0,nan,0.0,0,0,40,0,0.0,0.0,40.0
801,1,right_lane,fixed,False,1.0,40,0,21.768957345971565,0.5,7.5,4.391005373161647,59.75,40.0,19.75,nan,0.0,0,0,40,0,1.0,1.0,38.0
802,1,right_lane,fixed,False,1.0,40,0,20.393957345971565,0.0,6.5,4.433271989226341,60.0,40.0,20.0,nan,0.0,0,0,40,0,0.0,0.0,40.0
803,1,right_lane,fixed,False,1.0,40,0,23.018957345971046,15.5,3.5,18.017004005610943,52.25,40.0,12.25,nan,0.0,0,0,40,0,7.0,19.0,14.0
804,1,right_lane,fixed,False,1.0,40,0,21.768957345971565,14.5,10.5,17.692288272082806,52.75,40.0,12.75,nan,0.0,0,0,40,0,11.0,9.0,20.0
805,1,right_lane,fixed,False,1.0,40,0,23.37472024373468,0.0,0.5,2.880545460956,60.0,40.0,20.0,nan,0.0,0,0,40,0,0.0,0.0,40.0
806,1,right_lane,fixed,False,1.0,40,0,23.877496354776582,5.5,0.5,8.178298747109466,57.25,40.0,17.25,nan,0.0,0,0,40,0,6.0,1.0,33.0
807,1,right_lane,fixed,False,1.0,40,0,23.518957345971565,0.0,0.0,1.24010549979198,60.0,40.0,20.0,nan,0.0,0,0,40,0,0.0,0.0,40.0
808,1,right_lane,fixed,False,1.0,40,0,21.500000750751244,1.0,1.0,4.108757489735581,59.75,40.0,19.75,nan,0.0,0,0,40,0,0.0,2.0,38.0
809,1,right_lane,fixed,False,1.0,40,0,22.018957345971565,10.0,12.0,13.65205967053771,54.75,40.0,14.75,nan,0.0,0,0,40,0,10.0,2.0,28.0
810,1,right_lane,fixed,False,1.0,40,0,21.268919754863266,0.0,8.0,4.4880873137153685,60.0,40.0,20.0,nan,0.0,0,0,40,0,0.0,0.0,40.0
811,1,right_lane,fixed,False,1.0,40,0,21.87749643910335,0.0,3.0,3.4536759188096084,60.0,40.0,20.0,nan,0.0,0,0,40,0,0.0,0.0,40.0
812,1,right_lane,fixed,False,1.0,40,0,22.518957345971565,2.0,11.5,6.604702377384456,59.0,40.0,19.0,nan,0.0,0,0,40,0,0.0,4.0,36.0
813,1,right_lane,fixed,False,1.0,40,0,21.393957345971565,0.0,0.0,3.365974563668715,60.0,40.0,20.0,nan,0.0,0,0,40,0,0.0,0.0,40.0
814,1,right_lane,fixed,False,1.0,40,0,21.643957345971494,1.5,2.0,5.176863163243979,59.25,40.0,19.25,nan,0.0,0,0,40,0,0.0,4.0,36.0
815,1,right_lane,fixed,False,1.0,40,0,22.643957345971565,0.0,1.0,3.409969886672343,60.0,40.0,20.0,nan,0.0,0,0,40,0,0.0,1.0,39.0
816,1,right_lane,fixed,False,1.0,40,0,24.51895733317816,13.5,0.0,14.739251085021351,53.25,40.0,13.25,nan,0.0,0,0,40,0,14.0,1.0,25.0
817,1,right_lane,fixed,False,1.0,40,0,22.393957345971565,0.0,4.0,3.066374413589074,60.0,40.0,20.0,nan,0.0,0,0,40,0,0.0,0.0,40.0
818,1,right_lane,fixed,False,1.0,40,0,25.124999249253186,36.5,1.5,34.011916518211365,42.25,40.0,2.25,nan,0.0,0,0,40,0,32.0,8.0,0.0
819,1,right_lane,fixed,False,1.0,40,0,21.50032874938229,0.0,14.0,4.4737918760092725,59.5,40.0,19.5,nan,0.0,0,0,40,0,0.0,1.0,39.0
820,1,right_lane,fixed,False,1.0,32,1,21.742446682464454,0.5,8.5,4.465695420498378,47.75,32.0,15.75,nan,0.0,0,0,32,0,1.0,1.0,30.0
821,1,right_lane,fixed,False,1.0,40,0,21.250328749382287,0.0,0.0,3.5746869739987233,60.0,40.0,20.0,nan,0.0,0,0,40,0,0.0,1.0,39.0
822,1,right_lane,fixed,False,1.0,40,0,24.643957345971565,15.0,1.0,17.561533890664577,52.5,40.0,12.5,nan,0.0,0,0,40,0,13.0,6.0,21.0
823,1,right_lane,fixed,False,1.0,40,0,23.268957345971565,27.0,3.0,26.576537240896187,47.0,40.0,7.0,nan,0.0,0,0,40,0,24.0,6.0,10.0
824,1,right_lane,fixed,False,1.0,40,0,20.518957345971565,0.0,10.0,3.735721734828985,59.5,40.0,19.5,nan,0.0,0,0,40,0,0.0,0.0,40.0
825,1,right_lane,fixed,False,1.0,40,0,21.016466606367043,2.0,5.5,6.262716852128506,59.0,40.0,19.0,nan,0.0,0,0,40,0,1.0,4.0,35.0
826,1,right_lane,fixed,False,1.0,40,0,20.76895734597149,0.0,7.5,3.8339203375444413,60.0,40.0,20.0,nan,0.0,0,0,40,0,0.0,0.0,40.0
827,1,right_lane,fixed,False,1.0,40,0,20.893957345971565,0.0,4.0,4.0644591880436565,60.0,40.0,20.0,nan,0.0,0,0,40,0,0.0,1.0,39.0
828,1,right_lane,fixed,False,1.0,40,0,20.268957345971565,0.0,20.0,7.480177074670792,60.0,40.0,20.0,nan,0.0,0,0,40,0,0.0,0.0,40.0
829,1,right_lane,fixed,False,1.0,40,0,22.518957345971565,14.0,0.0,15.696143627166748,53.0,40.0,13.0,nan,0.0,0,0,40,0,14.0,2.0,24.0
830,1,right_lane,fixed,False,1.0,40,0,22.268957345971565,0.5,5.5,4.858878417981259,59.75,40.0,19.75,nan,0.0,0,0,40,0,1.0,1.0,38.0
831,1,right_lane,fixed,False,1.0,40,0,21.141461656101036,0.0,1.0,3.6953662894666195,60.0,40.0,20.0,nan,0.0,0,0,40,0,0.0,0.0,40.0
832,1,right_lane,fixed,False,1.0,40,0,20.518957345971565,4.5,13.5,8.939811758697033,57.75,40.0,17.75,nan,0.0,0,0,40,0,5.0,1.0,34.0
833,1,right_lane,fixed,False,1.0,40,0,27.018957345716068,23.5,6.5,24.802322208881378,48.25,40.0,8.25,nan,0.0,0,0,40,0,20.0,9.0,11.0
834,1,right_lane,fixed,False,1.0,40,0,21.25032874938229,0.0,2.0,3.492734007537365,60.0,40.0,20.0,nan,0.0,0,0,40,0,0.0,0.0,40.0
835,1,right_lane,fixed,False,1.0,40,0,22.018957345971565,0.5,2.5,4.895946387834556,59.75,40.0,19.75,nan,0.0,0,0,40,0,1.0,1.0,38.0
836,1,right_lane,fixed,False,1.0,40,0,22.268957345971565,0.0,11.0,4.406840564626009,60.0,40.0,20.0,nan,0.0,0,0,40,0,0.0,1.0,39.0
837,1,right_lane,fixed,False,1.0,40,0,23.018957345719976,12.0,5.5,14.290265457399073,54.0,40.0,14.0,nan,0.0,0,0,40,0,10.0,5.0,25.0
838,1,right_lane,fixed,False,1.0,40,0,21.143957345971565,0.0,3.0,4.396289880821314,60.0,40.0,20.0,nan,0.0,0,0,40,0,0.0,1.0,39.0
839,1,right_lane,fixed,False,1.0,40,0,20.643957345971565,4.0,7.5,8.135319612920284,58.0,40.0,18.0,nan,0.0,0,0,40,0,3.0,4.0,33.0
840,1,right_lane,fixed,False,1.0,40,0,22.268957345971565,5.5,2.0,9.14367600530386,57.25,40.0,17.25,nan,0.0,0,0,40,0,1.0,10.0,29.0
841,1,right_lane,fixed,False,1.0,40,0,21.518957345971565,10.0,9.5,13.997175723314285,55.0,40.0,15.0,nan,0.0,0,0,40,0,8.0,6.0,26.0
842,1,right_lane,fixed,False,1.0,40,0,22.51895733124236,0.0,2.5,3.4051056099388006,60.0,40.0,20.0,nan,0.0,0,0,40,0,0.0,0.0,40.0
843,1,right_lane,fixed,False,1.0,40,0,23.518957345775522,0.0,2.0,2.979189312479207,60.0,40.0,20.0,nan,0.0,0,0,40,0,0.0,0.0,40.0
844,1,right_lane,fixed,False,1.0,40,0,22.643957345971565,0.0,0.0,3.4557620743356665,60.0,40.0,20.0,nan,0.0,0,0,40,0,0.0,1.0,39.0
845,1,right_lane,fixed,False,1.0,40,0,21.37749644062177,5.0,6.0,9.743251264095306,57.75,40.0,17.75,nan,0.0,0,0,40,0,0.0,10.0,30.0
846,1,right_lane,fixed,False,1.0,40,0,23.00000570101725,6.5,4.5,10.016193585002839,56.5,40.0,16.5,nan,0.0,0,0,40,0,7.0,1.0,32.0
847,1,right_lane,fixed,False,1.0,40,0,20.518957345971565,0.0,17.0,4.917861431837082,60.0,40.0,20.0,nan,0.0,0,0,40,0,0.0,1.0,39.0
848,1,right_lane,fixed,False,1.0,40,0,22.018957345971565,5.5,1.5,8.150158460380453,57.25,40.0,17.25,nan,0.0,0,0,40,0,5.0,2.0,33.0
849,1,right_lane,fixed,False,1.0,40,0,22.39395734597099,2.0,7.0,5.612361062998389,59.0,40.0,19.0,nan,0.0,0,0,40,0,0.0,5.0,35.0
850,1,right_lane,fixed,False,1.0,37,1,21.371845779428718,0.0,15.5,5.188546717166901,55.5,37.0,18.5,nan,0.0,0,0,37,0,0.0,0.0,37.0
851,1,right_lane,fixed,False,1.0,40,0,20.268957345971565,0.0,5.0,3.8265795409679413,60.0,40.0,20.0,nan,0.0,0,0,40,0,0.0,0.0,40.0
852,1,right_lane,fixed,False,1.0,10,1,26.074341270034893,0.0,0.0,0.7372086644973024,15.0,10.0,5.0,nan,0.0,0,0,10,0,0.0,1.0,9.0
853,1,right_lane,fixed,False,1.0,40,0,22.643957345971504,0.0,1.0,2.956511912564906,60.0,40.0,20.0,nan,0.0,0,0,40,0,0.0,0.0,40.0
854,1,right_lane,fixed,False,1.0,35,1,23.450236966824644,5.0,1.0,5.967006932900404,50.25,35.0,15.25,nan,0.0,0,0,35,0,4.0,3.0,28.0
855,1,right_lane,fixed,False,1.0,40,0,21.268957345971565,0.0,3.0,4.0739893222926185,59.75,40.0,19.75,nan,0.0,0,0,40,0,0.0,1.0,39.0
856,1,right_lane,fixed,False,1.0,40,0,22.518957345971494,0.0,1.5,3.833702725961757,60.0,40.0,20.0,nan,0.0,0,0,40,0,0.0,1.0,39.0
857,1,right_lane,fixed,False,1.0,40,0,20.393957345971565,0.0,17.0,5.081030435860157,60.0,40.0,20.0,nan,0.0,0,0,40,0,0.0,0.0,40.0
858,1,right_lane,fixed,False,1.0,40,0,21.143957345971565,0.0,0.5,3.8497450161867164,60.0,40.0,20.0,nan,0.0,0,0,40,0,0.0,1.0,39.0
859,1,right_lane,fixed,False,1.0,40,0,20.893957345971565,0.5,0.5,3.6480200588703156,59.75,40.0,19.75,nan,0.0,0,0,40,0,1.0,1.0,38.0
860,1,right_lane,fixed,False,1.0,40,0,22.518957345971565,12.0,5.0,15.048351176083088,54.0,40.0,14.0,nan,0.0,0,0,40,0,10.0,6.0,24.0
861,1,right_lane,fixed,False,1.0,40,0,24.518957345970982,2.0,2.5,5.070432109561352,59.0,40.0,19.0,nan,0.0,0,0,40,0,0.0,5.0,35.0
862,1,right_lane,fixed,False,1.0,40,0,25.643957345967134,0.0,1.0,2.203365326890662,60.0,40.0,20.0,nan,0.0,0,0,40,0,0.0,0.0,40.0
863,1,right_lane,fixed,False,1.0,40,0,22.518957345971497,0.0,1.0,1.5571169636041304,60.0,40.0,20.0,nan,0.0,0,0,40,0,0.0,1.0,39.0
864,1,right_lane,fixed,False,1.0,40,0,21.893957345971565,1.5,1.5,4.257642223435141,59.25,40.0,19.25,nan,0.0,0,0,40,0,0.0,3.0,37.0
865,1,right_lane,fixed,False,1.0,40,0,20.268957345971565,0.0,3.5,4.193060889840126,60.0,40.0,20.0,nan,0.0,0,0,40,0,0.0,1.0,39.0
866,1,right_lane,fixed,False,1.0,40,0,21.768957345971565,0.0,12.5,4.210931100973767,60.0,40.0,20.0,nan,0.0,0,0,40,0,0.0,0.0,40.0
867,1,right_lane,fixed,False,1.0,40,0,22.393957345971565,13.0,10.0,16.064555808901787,53.5,40.0,13.5,nan,0.0,0,0,40,0,11.0,6.0,23.0
868,1,right_lane,fixed,False,1.0,40,0,23.393957345971565,0.0,1.5,2.6817305641268376,60.0,40.0,20.0,nan,0.0,0,0,40,0,0.0,0.0,40.0
869,1,right_lane,fixed,False,1.0,40,0,22.143957345971565,0.0,4.5,3.6348097455199877,60.0,40.0,20.0,nan,0.0,0,0,40,0,0.0,0.0,40.0
870,1,right_lane,fixed,False,1.0,40,0,21.893957345971565,8.5,1.0,11.536061398684978,55.75,40.0,15.75,nan,0.0,0,0,40,0,7.0,4.0,29.0
871,1,right_lane,fixed,False,1.0,40,0,23.768957345971565,0.0,1.0,3.4637545079912115,60.0,40.0,20.0,nan,0.0,0,0,40,0,0.0,0.0,40.0
872,1,right_lane,fixed,False,1.0,28,1,22.348510494245087,0.0,12.0,4.0151908307013855,42.0,28.0,14.0,nan,0.0,0,0,28,0,0.0,0.0,28.0
873,1,right_lane,fixed,False,1.0,40,0,22.768957345971565,11.5,13.5,15.008819565176964,54.25,40.0,14.25,nan,0.0,0,0,40,0,10.0,5.0,25.0
874,1,right_lane,fixed,False,1.0,14,1,22.91130669779397,0.5,1.5,1.9438369711861014,21.0,14.0,7.0,nan,0.0,0,0,14,0,0.0,1.0,13.0
875,1,right_lane,fixed,False,1.0,40,0,22.268957345971565,3.5,1.5,5.907414422740658,58.0,40.0,18.0,nan,0.0,0,0,40,0,4.0,1.0,35.0
876,1,right_lane,fixed,False,1.0,40,0,21.893957345971565,0.5,1.0,4.611453744975734,59.75,40.0,19.75,nan,0.0,0,0,40,0,1.0,1.0,38.0
877,1,right_lane,fixed,False,1.0,40,0,21.891789568657728,0.0,4.0,4.176840113115759,60.0,40.0,20.0,nan,0.0,0,0,40,0,0.0,1.0,39.0
878,1,right_lane,fixed,False,1.0,40,0,22.768957345971565,7.5,0.0,10.508969787530532,56.25,40.0,16.25,nan,0.0,0,0,40,0,8.0,1.0,31.0
879,1,right_lane,fixed,False,1.0,10,1,25.075803577715384,10.0,0.0,9.87728875875473,10.5,10.0,0.5,nan,0.0,0,0,10,0,10.0,0.0,0.0
880,1,right_lane,fixed,False,1.0,40,0,22.018957345971565,4.5,7.0,8.798304587425264,57.25,40.0,17.25,nan,0.0,0,0,40,0,5.0,1.0,34.0
881,1,right_lane,fixed,False,1.0,40,0,22.516504197449517,5.5,0.5,8.58792917327537,57.25,40.0,17.25,nan,0.0,0,0,40,0,6.0,1.0,33.0
882,1,right_lane,fixed,False,1.0,40,0,21.018671888689,0.0,7.0,4.05207259953022,60.0,40.0,20.0,nan,0.0,0,0,40,0,0.0,0.0,40.0
883,1,right_lane,fixed,False,1.0,21,1,22.417061611374262,0.5,4.5,3.34124892950058,31.25,21.0,10.25,nan,0.0,0,0,21,0,1.0,1.0,19.0
884,1,right_lane,fixed,False,1.0,40,0,20.268957345971565,0.0,20.0,6.834094971418381,60.0,40.0,20.0,nan,0.0,0,0,40,0,0.0,0.0,40.0
885,1,right_lane,fixed,False,1.0,40,0,21.768957345971565,0.0,11.5,4.098857096053052,60.0,40.0,20.0,nan,0.0,0,0,40,0,0.0,0.0,40.0
886,1,right_lane,fixed,False,1.0,40,0,22.018957345971565,33.5,0.5,34.06978789716959,43.25,40.0,3.25,nan,0.0,0,0,40,0,34.0,1.0,5.0
887,1,right_lane,fixed,False,1.0,40,0,20.393957345971565,0.0,20.5,6.925749778747559,60.0,40.0,20.0,nan,0.0,0,0,40,0,0.0,1.0,39.0
888,1,right_lane,fixed,False,1.0,40,0,21.893957345971565,4.0,12.5,8.517820712178946,58.0,40.0,18.0,nan,0.0,0,0,40,0,2.0,5.0,33.0
889,1,right_lane,fixed,False,1.0,29,1,21.060630822029747,0.0,4.5,3.5530945658683777,43.5,29.0,14.5,nan,0.0,0,0,29,0,0.0,1.0,28.0
890,1,right_lane,fixed,False,1.0,32,1,22.054946682464458,5.5,0.5,5.93102464329786,45.25,32.0,13.25,nan,0.0,0,0,32,0,5.0,2.0,25.0
891,1,right_lane,fixed,False,1.0,40,0,21.518957345971565,0.0,13.0,5.060063059499953,60.0,40.0,20.0,nan,0.0,0,0,40,0,0.0,1.0,39.0
892,1,right_lane,fixed,False,1.0,40,0,24.12467695166469,0.0,2.0,3.4233010230891523,60.0,40.0,20.0,nan,0.0,0,0,40,0,0.0,1.0,39.0
893,1,right_lane,fixed,False,1.0,40,0,20.393957345971565,0.0,20.5,5.922635041177273,60.0,40.0,20.0,nan,0.0,0,0,40,0,0.0,1.0,39.0
894,1,right_lane,fixed,False,1.0,40,0,21.393957345971565,4.5,1.0,7.586119845509529,57.75,40.0,17.75,nan,0.0,0,0,40,0,5.0,1.0,34.0
895,1,right_lane,fixed,False,1.0,40,0,22.641497760414666,0.5,3.0,4.690035759776947,59.75,40.0,19.75,nan,0.0,0,0,40,0,1.0,1.0,38.0
896,1,right_lane,fixed,False,1.0,40,0,23.893957345971565,8.5,12.5,12.575987888837062,55.75,40.0,15.75,nan,0.0,0,0,40,0,9.0,1.0,30.0
897,1,right_lane,fixed,False,1.0,22,1,22.761740629039203,0.0,7.5,2.4765663313701225,33.0,22.0,11.0,nan,0.0,0,0,22,0,0.0,0.0,22.0
898,1,right_lane,fixed,False,1.0,40,0,22.768957345749705,0.0,4.0,3.507685856151511,60.0,40.0,20.0,nan,0.0,0,0,40,0,0.0,0.0,40.0
899,1,right_lane,fixed,False,1.0,40,0,22.018957345971565,3.0,2.0,6.171264820965007,58.5,40.0,18.5,nan,0.0,0,0,40,0,3.0,2.0,35.0
900,1,right_lane,fixed,False,1.0,40,0,21.393957345971565,0.0,0.0,1.991642761377534,60.0,40.0,20.0,nan,0.0,0,0,40,0,0.0,0.0,40.0
901,1,right_lane,fixed,False,1.0,40,0,21.143957345971565,1.5,3.0,5.563198529183865,59.25,40.0,19.25,nan,0.0,0,0,40,0,0.0,4.0,36.0
902,1,right_lane,fixed,False,1.0,40,0,21.893957345971565,12.0,6.0,14.876138754189014,54.0,40.0,14.0,nan,0.0,0,0,40,0,12.0,2.0,26.0
903,1,right_lane,fixed,False,1.0,40,0,22.518957345971565,0.0,0.5,3.0496514506758103,60.0,40.0,20.0,nan,0.0,0,0,40,0,0.0,1.0,39.0
904,1,right_lane,fixed,False,1.0,40,0,21.3939573442318,0.0,4.5,3.4779251990885314,60.0,40.0,20.0,nan,0.0,0,0,40,0,0.0,0.0,40.0
905,1,right_lane,fixed,False,1.0,40,0,25.518957345971565,21.5,2.0,23.637337915599346,49.25,40.0,9.25,nan,0.0,0,0,40,0,19.0,6.0,15.0
906,1,right_lane,fixed,False,1.0,40,0,23.62500075075124,13.5,5.0,15.814095607958734,53.25,40.0,13.25,nan,0.0,0,0,40,0,9.0,10.0,21.0
907,1,right_lane,fixed,False,1.0,40,0,20.64363429760652,0.0,13.5,4.715614780783653,60.0,40.0,20.0,nan,0.0,0,0,40,0,0.0,0.0,40.0
908,1,right_lane,fixed,False,1.0,40,0,21.518957345971053,25.5,3.0,26.017270483076572,47.25,40.0,7.25,nan,0.0,0,0,40,0,26.0,1.0,13.0
909,1,right_lane,fixed,False,1.0,40,0,21.018957345971565,0.0,5.0,4.314212041939754,60.0,40.0,20.0,nan,0.0,0,0,40,0,0.0,1.0,39.0
910,1,right_lane,fixed,False,1.0,40,0,23.768957345971565,0.0,3.0,2.218318407962215,60.0,40.0,20.0,nan,0.0,0,0,40,0,0.0,1.0,39.0
911,1,right_lane,fixed,False,1.0,40,0,20.643957345941903,0.0,4.0,3.9684504102915525,60.0,40.0,20.0,nan,0.0,0,0,40,0,0.0,0.0,40.0
912,1,right_lane,fixed,False,1.0,40,0,20.893957345971565,0.0,13.0,5.049547362399608,60.0,40.0,20.0,nan,0.0,0,0,40,0,0.0,1.0,39.0
913,1,right_lane,fixed,False,1.0,40,0,23.393957345971565,7.5,1.0,10.58719111699611,56.25,40.0,16.25,nan,0.0,0,0,40,0,8.0,1.0,31.0
914,1,right_lane,fixed,False,1.0,40,0,24.143957345971565,10.5,0.0,13.146688644308597,54.75,40.0,14.75,nan,0.0,0,0,40,0,11.0,1.0,28.0
915,1,right_lane,fixed,False,1.0,40,0,25.51895734597104,10.0,0.0,11.927507364827761,55.0,40.0,15.0,nan,0.0,0,0,40,0,8.0,6.0,26.0
916,1,right_lane,fixed,False,1.0,40,0,22.768957345971565,0.5,9.5,4.614337996281392,59.75,40.0,19.75,nan,0.0,0,0,40,0,1.0,1.0,38.0
917,1,right_lane,fixed,False,1.0,40,0,22.018909202470194,0.0,5.5,4.023575866294323,60.0,40.0,20.0,nan,0.0,0,0,40,0,0.0,1.0,39.0
918,1,right_lane,fixed,False,1.0,40,0,23.25004329209972,0.0,2.0,3.1097789299055876,60.0,40.0,20.0,nan,0.0,0,0,40,0,0.0,0.0,40.0
919,1,right_lane,fixed,False,1.0,25,1,22.830331753548244,8.0,2.5,9.950160417705774,33.75,25.0,8.75,nan,0.0,0,0,25,0,8.0,1.0,16.0
920,1,right_lane,fixed,False,1.0,39,1,21.686110098432373,0.0,1.5,1.6734785815451687,58.25,39.0,19.25,nan,0.0,0,0,39,0,0.0,0.0,39.0
921,1,right_lane,fixed,False,1.0,40,0,21.893957344482878,0.0,9.0,3.7463881705116364,60.0,40.0,20.0,nan,0.0,0,0,40,0,0.0,0.0,40.0
922,1,right_lane,fixed,False,1.0,38,1,23.309428785233223,0.0,0.0,0.9181895857357176,57.0,38.0,19.0,nan,0.0,0,0,38,0,0.0,0.0,38.0
923,1,right_lane,fixed,False,1.0,40,0,22.268957345971565,0.5,14.0,5.341292302306101,59.75,40.0,19.75,nan,0.0,0,0,40,0,1.0,1.0,38.0
924,1,right_lane,fixed,False,1.0,40,0,21.143957345971565,0.0,0.5,2.6858448790596867,60.0,40.0,20.0,nan,0.0,0,0,40,0,0.0,0.0,40.0
925,1,right_lane,fixed,False,1.0,40,0,20.768957345971565,3.0,1.5,6.602227307856083,58.5,40.0,18.5,nan,0.0,0,0,40,0,0.0,7.0,33.0
926,1,right_lane,fixed,False,1.0,40,0,23.26895163216143,15.5,6.0,18.06374734979272,52.5,40.0,12.5,nan,0.0,0,0,40,0,13.0,6.0,21.0
927,1,right_lane,fixed,False,1.0,40,0,21.643957345971565,6.5,3.0,9.877613395156004,56.5,40.0,16.5,nan,0.0,0,0,40,0,7.0,1.0,32.0
928,1,right_lane,fixed,False,1.0,40,0,21.393957345971558,25.0,6.5,25.498873740434647,47.5,40.0,7.5,nan,0.0,0,0,40,0,25.0,2.0,13.0
929,1,right_lane,fixed,False,1.0,40,0,21.51891975488909,0.0,3.0,3.3605068267843308,60.0,40.0,20.0,nan,0.0,0,0,40,0,0.0,0.0,40.0
930,1,right_lane,fixed,False,1.0,40,0,24.143957345971565,14.0,0.5,16.080194547772408,53.0,40.0,13.0,nan,0.0,0,0,40,0,14.0,2.0,24.0
931,1,right_lane,fixed,False,1.0,40,0,22.268957334666844,1.5,5.5,5.365336625291093,59.25,40.0,19.25,nan,0.0,0,0,40,0,0.0,4.0,36.0
932,1,right_lane,fixed,False,1.0,40,0,21.268957345971565,0.0,7.5,3.3799162358500325,60.0,40.0,20.0,nan,0.0,0,0,40,0,0.0,1.0,39.0
933,1,right_lane,fixed,False,1.0,40,0,20.643957345971565,0.0,5.5,3.892713417299092,60.0,40.0,20.0,nan,0.0,0,0,40,0,0.0,0.0,40.0
934,1,right_lane,fixed,False,1.0,40,0,22.643957345971565,5.0,7.0,8.919933486026821,57.5,40.0,17.5,nan,0.0,0,0,40,0,2.0,7.0,31.0
935,1,right_lane,fixed,False,1.0,40,0,23.268957345971508,9.5,2.5,12.59118950569291,55.25,40.0,15.25,nan,0.0,0,0,40,0,10.0,1.0,29.0
936,1,right_lane,fixed,False,1.0,40,0,22.518951743818675,0.0,2.5,2.8688190364650836,60.0,40.0,20.0,nan,0.0,0,0,40,0,0.0,0.0,40.0
937,1,right_lane,fixed,False,1.0,40,0,23.768957345967713,29.5,5.5,29.621480628848076,45.25,40.0,5.25,nan,0.0,0,0,40,0,30.0,1.0,9.0
938,1,right_lane,fixed,False,1.0,20,1,22.037914691943108,0.0,0.0,1.679105706862174,30.0,20.0,10.0,nan,0.0,0,0,20,0,0.0,1.0,19.0
939,1,right_lane,fixed,False,1.0,40,0,21.268957345971565,1.5,3.5,5.6468267067248235,59.25,40.0,19.25,nan,0.0,0,0,40,0,0.0,4.0,36.0
940,1,right_lane,fixed,False,1.0,40,0,22.643957345971565,6.0,7.5,9.995470069348812,57.0,40.0,17.0,nan,0.0,0,0,40,0,0.0,13.0,27.0
941,1,right_lane,fixed,False,1.0,40,0,21.268957345971565,23.0,4.0,24.474777683615685,48.5,40.0,8.5,nan,0.0,0,0,40,0,22.0,3.0,15.0
942,1,right_lane,fixed,False,1.0,37,1,22.993467401050342,0.5,11.0,4.9301309873762875,55.25,37.0,18.25,nan,0.0,0,0,37,0,1.0,1.0,35.0
943,1,right_lane,fixed,False,1.0,40,0,21.643957345971565,0.0,4.5,4.09331986037796,60.0,40.0,20.0,nan,0.0,0,0,40,0,0.0,0.0,40.0
944,1,right_lane,fixed,False,1.0,40,0,21.268957345971565,0.0,0.5,3.2252933550398666,60.0,40.0,20.0,nan,0.0,0,0,40,0,0.0,1.0,39.0
945,1,right_lane,fixed,False,1.0,40,0,22.643957260122978,0.5,5.0,4.326550153912649,59.75,40.0,19.75,nan,0.0,0,0,40,0,1.0,1.0,38.0
946,1,right_lane,fixed,False,1.0,40,0,22.768957345971565,7.0,4.0,10.100426833927486,56.5,40.0,16.5,nan,0.0,0,0,40,0,0.0,15.0,25.0
947,1,right_lane,fixed,False,1.0,40,0,21.018957345971565,0.0,1.5,3.118698377162218,60.0,40.0,20.0,nan,0.0,0,0,40,0,0.0,0.0,40.0
948,1,right_lane,fixed,False,1.0,40,0,20.268957345971565,0.0,19.0,7.867107726633549,60.0,40.0,20.0,nan,0.0,0,0,40,0,0.0,0.0,40.0
949,1,right_lane,fixed,False,1.0,40,0,22.39362860960845,2.0,4.0,6.397705374536599,59.0,40.0,19.0,nan,0.0,0,0,40,0,1.0,4.0,35.0
950,1,right_lane,fixed,False,1.0,40,0,20.518957345971565,0.0,2.0,3.625735905021429,60.0,40.0,20.0,nan,0.0,0,0,40,0,0.0,0.0,40.0
951,1,right_lane,fixed,False,1.0,40,0,21.89395734574971,0.0,2.0,3.8514793347867453,60.0,40.0,20.0,nan,0.0,0,0,40,0,0.0,0.0,40.0
952,1,right_lane,fixed,False,1.0,40,0,22.393957345971565,0.0,0.0,2.422502112635584,60.0,40.0,20.0,nan,0.0,0,0,40,0,0.0,0.0,40.0
953,1,right_lane,fixed,False,1.0,12,1,22.56319082369068,0.5,2.0,2.436305858194828,17.75,12.0,5.75,nan,0.0,0,0,12,0,1.0,1.0,10.0
954,1,right_lane,fixed,False,1.0,37,1,21.912386319969247,0.0,1.0,3.527929193805903,55.5,37.0,18.5,nan,0.0,0,0,37,0,0.0,1.0,36.0
955,1,right_lane,fixed,False,1.0,40,0,21.768957345971565,0.5,11.5,5.271712098270655,59.75,40.0,19.75,nan,0.0,0,0,40,0,1.0,1.0,38.0
956,1,right_lane,fixed,False,1.0,40,0,22.143957345971565,0.5,12.0,5.422771992387254,59.75,40.0,19.75,nan,0.0,0,0,40,0,1.0,1.0,38.0
957,1,right_lane,fixed,False,1.0,26,1,22.52916514764856,7.0,9.5,10.279382884502411,35.5,26.0,9.5,nan,0.0,0,0,26,0,7.0,2.0,17.0
958,1,right_lane,fixed,False,1.0,40,0,21.768957345971565,0.0,0.5,4.189468923450477,60.0,40.0,20.0,nan,0.0,0,0,40,0,0.0,1.0,39.0
959,1,right_lane,fixed,False,1.0,40,0,20.89395734426102,0.0,1.5,3.7754321407919633,60.0,40.0,20.0,nan,0.0,0,0,40,0,0.0,1.0,39.0
960,1,right_lane,fixed,False,1.0,40,0,21.768957345971565,0.5,0.5,4.3610261984813405,59.75,40.0,19.75,nan,0.0,0,0,40,0,1.0,1.0,38.0
961,1,right_lane,fixed,False,1.0,40,0,22.393957345971565,0.5,1.5,2.929363775307138,59.75,40.0,19.75,nan,0.0,0,0,40,0,1.0,1.0,38.0
962,1,right_lane,fixed,False,1.0,14,1,22.55416384017447,0.0,1.0,0.5834148245430697,21.0,14.0,7.0,nan,0.0,0,0,14,0,0.0,0.0,14.0
963,1,right_lane,fixed,False,1.0,40,0,20.643957345971565,0.0,0.5,3.1549443900585175,60.0,40.0,20.0,nan,0.0,0,0,40,0,0.0,0.0,40.0
964,1,right_lane,fixed,False,1.0,13,1,25.058327681107308,0.0,3.0,1.7802442764905209,19.5,13.0,6.5,nan,0.0,0,0,13,0,0.0,1.0,12.0
965,1,right_lane,fixed,False,1.0,40,0,23.893957345971565,13.5,9.0,16.1931956037879,53.25,40.0,13.25,nan,0.0,0,0,40,0,6.0,16.0,18.0
966,1,right_lane,fixed,False,1.0,40,0,21.643957345971565,0.0,8.5,4.222262474265335,60.0,40.0,20.0,nan,0.0,0,0,40,0,0.0,1.0,39.0
967,1,right_lane,fixed,False,1.0,20,1,22.287914691942987,0.5,1.0,2.869803768795691,29.75,20.0,9.75,nan,0.0,0,0,20,0,1.0,1.0,18.0
968,1,right_lane,fixed,False,1.0,40,0,23.00000001279347,12.5,4.5,15.26768411649391,54.25,40.0,14.25,nan,0.0,0,0,40,0,9.0,7.0,24.0
969,1,right_lane,fixed,False,1.0,40,0,21.76895174381816,0.0,3.0,3.926846878818651,59.5,40.0,19.5,nan,0.0,0,0,40,0,0.0,1.0,39.0
970,1,right_lane,fixed,False,1.0,40,0,20.393957345971565,5.5,12.5,9.958681426942348,57.25,40.0,17.25,nan,0.0,0,0,40,0,4.0,5.0,31.0
971,1,right_lane,fixed,False,1.0,40,0,21.75249644062177,10.0,5.5,12.636507995426655,55.0,40.0,15.0,nan,0.0,0,0,40,0,9.0,3.0,28.0
972,1,right_lane,fixed,False,1.0,40,0,23.268957345971565,6.5,2.0,8.858206678053648,56.75,40.0,16.75,nan,0.0,0,0,40,0,7.0,1.0,32.0
973,1,right_lane,fixed,False,1.0,40,0,23.518957345971565,17.5,0.0,19.49792629480362,51.25,40.0,11.25,nan,0.0,0,0,40,0,18.0,1.0,21.0
974,1,right_lane,fixed,False,1.0,40,0,23.518957345775522,11.5,1.5,14.198011294931348,54.25,40.0,14.25,nan,0.0,0,0,40,0,12.0,1.0,27.0
975,1,right_lane,fixed,False,1.0,40,0,22.76895239570556,0.0,3.5,4.061997585453355,60.0,40.0,20.0,nan,0.0,0,0,40,0,0.0,1.0,39.0
976,1,right_lane,fixed,False,1.0,40,0,23.268914152736198,0.0,8.5,3.7242302219642625,60.0,40.0,20.0,nan,0.0,0,0,40,0,0.0,0.0,40.0
977,1,right_lane,fixed,False,1.0,40,0,21.018957345971565,0.0,2.5,3.2635934427089524,60.0,40.0,20.0,nan,0.0,0,0,40,0,0.0,0.0,40.0
978,1,right_lane,fixed,False,1.0,40,0,22.143951657973492,0.0,7.0,3.8008801228434095,60.0,40.0,20.0,nan,0.0,0,0,40,0,0.0,0.0,40.0
979,1,right_lane,fixed,False,1.0,40,0,22.268957345971565,24.0,2.0,25.087044037878513,48.0,40.0,8.0,nan,0.0,0,0,40,0,22.0,6.0,12.0
980,1,right_lane,fixed,False,1.0,40,0,20.518957345971565,0.0,5.5,4.589017249643803,60.0,40.0,20.0,nan,0.0,0,0,40,0,0.0,1.0,39.0
981,1,right_lane,fixed,False,1.0,40,0,21.643957345971565,0.0,12.5,5.068521123848882,60.0,40.0,20.0,nan,0.0,0,0,40,0,0.0,1.0,39.0
982,1,right_lane,fixed,False,1.0,40,0,20.893957345971565,0.0,3.5,3.900045312881957,60.0,40.0,20.0,nan,0.0,0,0,40,0,0.0,1.0,39.0
983,1,right_lane,fixed,False,1.0,40,0,22.39395239396195,0.0,8.0,3.6863555089225883,60.0,40.0,20.0,nan,0.0,0,0,40,0,0.0,0.0,40.0
984,1,right_lane,fixed,False,1.0,40,0,21.268957345971565,0.0,9.5,5.014206513762474,60.0,40.0,20.0,nan,0.0,0,0,40,0,0.0,1.0,39.0
985,1,right_lane,fixed,False,1.0,40,0,21.3939573459419,0.0,0.5,2.874521728605032,60.0,40.0,20.0,nan,0.0,0,0,40,0,0.0,0.0,40.0
986,1,right_lane,fixed,False,1.0,40,0,24.018951743818675,12.5,3.5,14.717007260836908,53.75,40.0,13.75,nan,0.0,0,0,40,0,12.0,2.0,26.0
987,1,right_lane,fixed,False,1.0,40,0,20.893957345971565,0.5,0.5,4.89370259642601,59.75,40.0,19.75,nan,0.0,0,0,40,0,1.0,1.0,38.0
988,1,right_lane,fixed,False,1.0,40,0,21.768957345971565,3.0,1.5,7.0012242360014625,58.5,40.0,18.5,nan,0.0,0,0,40,0,1.0,6.0,33.0
989,1,right_lane,fixed,False,1.0,40,0,22.893957345971565,0.0,1.5,3.449046143320629,60.0,40.0,20.0,nan,0.0,0,0,40,0,0.0,1.0,39.0
990,1,right_lane,fixed,False,1.0,40,0,21.143957345941843,0.0,7.0,2.7285770205890003,60.0,40.0,20.0,nan,0.0,0,0,40,0,0.0,0.0,40.0
991,1,right_lane,fixed,False,1.0,40,0,21.516789654732076,1.5,6.0,6.195467929821461,59.25,40.0,19.25,nan,0.0,0,0,40,0,2.0,1.0,37.0
992,1,right_lane,fixed,False,1.0,40,0,22.893957345971565,5.5,6.0,9.167098519188585,57.25,40.0,17.25,nan,0.0,0,0,40,0,6.0,1.0,33.0
993,1,right_lane,fixed,False,1.0,18,1,24.20879410159124,0.0,5.0,2.223786117193413,27.0,18.0,9.0,nan,0.0,0,0,18,0,0.0,0.0,18.0
994,1,right_lane,fixed,False,1.0,40,0,21.393957345971565,0.0,7.5,4.676651813904755,60.0,40.0,20.0,nan,0.0,0,0,40,0,0.0,1.0,39.0
995,1,right_lane,fixed,False,1.0,40,0,20.393957345971565,0.0,1.0,3.390998724848032,60.0,40.0,20.0,nan,0.0,0,0,40,0,0.0,0.0,40.0
996,1,right_lane,fixed,False,1.0,40,0,21.268957345971565,4.5,9.0,8.840534117891366,57.75,40.0,17.75,nan,0.0,0,0,40,0,5.0,1.0,34.0
997,1,right_lane,fixed,False,1.0,40,0,21.766466606367043,0.0,2.0,3.3418086913225125,60.0,40.0,20.0,nan,0.0,0,0,40,0,0.0,0.0,40.0
998,1,right_lane,fixed,False,1.0,40,0,21.518957345971565,0.0,6.5,4.483140190062841,60.0,40.0,20.0,nan,0.0,0,0,40,0,0.0,1.0,39.0
999,1,right_lane,fixed,False,1.0,40,0,26.26891975488901,15.0,1.5,15.667172668105195,52.5,40.0,12.5,nan,0.0,0,0,40,0,7.0,17.0,16.0
