episode_id,policy_freq,profile,method,filter,value,episode_length,collision,mean_speed,total_cost,total_avoided_cost,total_expected_cost,total_reward,total_basic_reward,total_added_reward,mean_iterations_to_converge,convergence_rate,outcome_unchanged_count,outcome_naively_augmented_count,outcome_rcps_augmented_count,outcome_projection_count,lane_0_time,lane_1_time,lane_2_time
0,1,right_lane,adaptive,True,1e-05,40,0,24.143956595220835,28.5,0.0,28.291650898754597,51.878418998102696,46.628418998102696,5.25,18.0,1.0,0,0,40,0,29.0,1.0,10.0
1,1,right_lane,adaptive,True,1e-05,40,0,22.39391909147172,0.0,0.5,3.272515425167512,63.5793364593207,43.8293364593207,19.75,18.0,1.0,0,0,39,1,0.0,1.0,39.0
2,1,right_lane,adaptive,True,1e-05,40,0,21.51862859830373,28.5,0.0,26.397048365324736,48.67980455608451,42.429804556084505,6.25,18.0,1.0,0,0,40,0,26.0,3.0,11.0
3,1,right_lane,adaptive,True,1e-05,40,0,21.643957345971565,9.5,0.0,10.837912721774956,58.130331753152795,42.630331753152795,15.5,18.0,1.0,0,0,40,0,0.0,18.0,22.0
4,1,right_lane,adaptive,True,1e-05,40,0,22.643957345971565,5.0,2.0,8.28304788537389,61.47796543136529,44.22796543136528,17.25,18.0,1.0,0,0,40,0,2.0,7.0,31.0
5,1,right_lane,adaptive,True,1e-05,40,0,21.393957345971565,40.0,0.0,37.15131676197052,42.23033175355451,42.23033175355451,0.0,18.0,1.0,0,0,40,0,40.0,0.0,0.0
6,1,right_lane,adaptive,True,1e-05,40,0,24.64395734597105,34.5,0.0,32.29526100214571,50.1765930291903,47.4265930291903,2.75,18.0,1.0,0,0,40,0,33.0,3.0,4.0
7,1,right_lane,adaptive,True,1e-05,40,0,23.768957345971565,27.0,0.0,26.488907155844572,52.27642530299664,46.026425302996635,6.25,18.0,1.0,0,0,39,1,22.0,11.0,7.0
8,1,right_lane,adaptive,True,1e-05,40,0,23.018957345971565,28.0,0.0,25.37705072388053,51.32447522301589,44.824475223015895,6.5,18.0,1.0,0,0,40,0,20.0,14.0,6.0
9,1,right_lane,adaptive,True,1e-05,40,0,22.26895733124236,3.0,0.0,6.161811182042584,62.128991116710566,43.628991116710566,18.5,18.0,1.0,0,0,40,0,0.0,6.0,34.0
10,1,right_lane,adaptive,True,1e-05,40,0,26.14395734425319,25.5,0.0,23.42018496187154,57.57223354417151,49.82223354417151,7.75,18.0,1.0,0,0,39,1,20.0,9.0,11.0
11,1,right_lane,adaptive,True,1e-05,40,0,24.51895659522084,28.0,0.0,26.298769196573403,53.72891623221356,47.22891623221356,6.5,18.0,1.0,0,0,39,1,26.0,2.0,12.0
12,1,right_lane,adaptive,True,1e-05,40,0,21.768957345971565,27.5,0.5,26.063642024993896,49.077349527955775,42.82734952795578,6.25,18.0,1.0,0,0,40,0,15.0,25.0,0.0
13,1,right_lane,adaptive,True,1e-05,40,0,21.518957345971565,15.0,0.0,16.497984379529953,54.928329819637284,42.428329819637284,12.5,18.0,1.0,0,0,40,0,10.0,10.0,20.0
14,1,right_lane,adaptive,True,1e-05,40,0,22.018957345971565,10.5,0.0,11.828466974198818,57.727464318527424,43.22746431852742,14.5,18.0,1.0,0,0,40,0,10.0,2.0,28.0
15,1,right_lane,adaptive,True,1e-05,13,1,27.634110598197594,9.0,0.0,8.731796309351921,18.96709841315159,16.96709841315159,2.0,18.0,1.0,0,0,13,0,8.0,2.0,3.0
16,1,right_lane,adaptive,True,1e-05,40,0,23.143957345971565,21.5,0.5,20.435261987695412,54.277464319200924,45.02746431920093,9.25,18.0,1.0,0,0,40,0,18.0,7.0,15.0
17,1,right_lane,adaptive,True,1e-05,40,0,22.518957345971565,27.5,0.0,24.692713731722506,50.77839840433756,44.02839840433756,6.75,18.0,1.0,0,0,39,1,26.0,1.0,13.0
18,1,right_lane,adaptive,True,1e-05,40,0,22.893957345971565,19.0,1.0,19.329236041754484,55.12504870714584,44.62504870714583,10.5,18.0,1.0,0,0,40,0,16.0,6.0,18.0
19,1,right_lane,adaptive,True,1e-05,40,0,22.375005701017248,40.0,0.0,36.43088001012802,44.04907569775921,43.79907569775921,0.25,18.0,1.0,0,0,40,0,39.0,1.0,0.0
20,1,right_lane,adaptive,True,1e-05,40,0,21.393957345971565,39.5,0.0,35.70541900396347,42.729320104804216,42.229320104804216,0.5,18.0,1.0,0,0,40,0,38.0,2.0,0.0
21,1,right_lane,adaptive,True,1e-05,3,1,26.44718792866941,0.5,0.0,0.6619744300842285,5.022729127577893,3.7727291275778936,1.25,18.0,1.0,0,0,3,0,0.0,1.0,2.0
22,1,right_lane,adaptive,True,1e-05,40,0,21.393957345971565,37.5,0.5,34.43658250570297,43.72963719102206,42.22963719102206,1.5,18.0,1.0,0,0,40,0,34.0,6.0,0.0
23,1,right_lane,adaptive,True,1e-05,24,1,23.15659557661927,2.5,0.0,3.2268132029494154,37.27869019306331,27.02869019306332,10.25,18.0,1.0,0,0,24,0,1.0,5.0,18.0
24,1,right_lane,adaptive,True,1e-05,40,0,21.768957345971565,38.5,0.0,35.14988026022911,43.828704849618894,42.828704849618894,1.0,18.0,1.0,0,0,40,0,37.0,2.0,1.0
25,1,right_lane,adaptive,True,1e-05,40,0,22.268957345971565,12.0,0.0,13.322448605853424,57.62477779153953,43.62477779153953,14.0,18.0,1.0,0,0,40,0,9.0,6.0,25.0
26,1,right_lane,adaptive,True,1e-05,40,0,23.018957345941395,38.0,0.0,35.254575312137604,46.07570621051028,44.82570621051028,1.25,18.0,1.0,0,0,40,0,35.0,5.0,0.0
27,1,right_lane,adaptive,True,1e-05,40,0,22.768957345971565,15.0,0.0,16.874410562217236,56.67867019068755,44.428670190687555,12.25,18.0,1.0,0,0,40,0,9.0,13.0,18.0
28,1,right_lane,adaptive,True,1e-05,4,1,25.0,1.5,0.0,1.3998289853334427,6.049067077512926,4.799067077512926,1.25,18.0,1.0,0,0,4,0,0.0,3.0,1.0
29,1,right_lane,adaptive,True,1e-05,40,0,23.893957345971565,23.0,0.0,21.122132978189256,55.22700218378032,46.22700218378032,9.0,18.0,1.0,0,0,40,0,21.0,2.0,17.0
30,1,right_lane,adaptive,True,1e-05,40,0,20.76895734597105,0.0,0.5,4.109722673892975,61.230331753553685,41.230331753553685,20.0,18.0,1.0,0,0,40,0,0.0,0.0,40.0
31,1,right_lane,adaptive,True,1e-05,40,0,24.266503545532895,2.5,0.0,4.678817243384856,65.57506135117853,46.82506135117854,18.75,18.0,1.0,0,0,40,0,0.0,5.0,35.0
32,1,right_lane,adaptive,True,1e-05,40,0,23.268957345971554,9.5,0.0,10.833923988142487,59.97485508225962,45.22485508225961,14.75,18.0,1.0,0,0,40,0,8.0,5.0,27.0
33,1,right_lane,adaptive,True,1e-05,40,0,21.018957345971565,0.5,0.5,3.488014083355665,61.129397667741145,41.629397667741145,19.5,18.0,1.0,0,0,40,0,0.0,2.0,38.0
34,1,right_lane,adaptive,True,1e-05,40,0,21.500043292099726,4.5,0.0,7.037218915795165,59.8986124669729,42.39861246697289,17.5,18.0,1.0,0,0,40,0,4.0,2.0,34.0
35,1,right_lane,adaptive,True,1e-05,40,0,22.39395733298212,7.0,0.5,10.036230182275176,59.828298429170125,43.828298429170125,16.0,18.0,1.0,0,0,40,0,6.0,4.0,30.0
36,1,right_lane,adaptive,True,1e-05,40,0,25.143914053842693,25.5,0.5,23.967188920095055,55.973385697264405,48.223385697264405,7.75,18.0,1.0,0,0,39,1,22.0,5.0,13.0
37,1,right_lane,adaptive,True,1e-05,40,0,21.37749644062177,21.0,0.0,21.180081009864807,51.70321286832773,42.20321286832773,9.5,18.0,1.0,0,0,40,0,18.0,6.0,16.0
38,1,right_lane,adaptive,True,1e-05,40,0,23.89395660823892,13.5,0.5,13.522228971450204,59.72148520601384,46.22148520601384,13.5,18.0,1.0,0,0,40,0,6.0,14.0,20.0
39,1,right_lane,adaptive,True,1e-05,40,0,23.518957345971565,18.5,0.0,19.696475438773632,55.87750067422396,45.62750067422397,10.25,18.0,1.0,0,0,40,0,13.0,13.0,14.0
40,1,right_lane,adaptive,True,1e-05,40,0,24.877496440621762,17.5,2.5,17.02570792066399,59.5490039388625,47.799003938862505,11.75,18.0,1.0,0,0,40,0,12.0,9.0,19.0
41,1,right_lane,adaptive,True,1e-05,40,0,21.268957345971565,9.5,0.0,11.157405786216259,57.5303317535545,42.0303317535545,15.5,18.0,1.0,0,0,40,0,0.0,18.0,22.0
42,1,right_lane,adaptive,True,1e-05,40,0,21.89395734596759,38.5,0.0,35.11803859472275,44.02531232625463,43.02531232625463,1.0,18.0,1.0,0,0,40,0,36.0,4.0,0.0
43,1,right_lane,adaptive,True,1e-05,40,0,21.018956608239495,0.0,0.0,3.2594313248991966,61.6303305731832,41.630330573183194,20.0,18.0,1.0,0,0,40,0,0.0,0.0,40.0
44,1,right_lane,adaptive,True,1e-05,40,0,22.64395734426102,24.0,0.0,21.91667689953465,52.72870135136866,44.22870135136866,8.5,18.0,1.0,0,0,40,0,21.0,4.0,15.0
45,1,right_lane,adaptive,True,1e-05,40,0,24.768957345971565,25.0,0.0,23.171774468406056,55.377740850298096,47.62774085029809,7.75,18.0,1.0,0,0,39,1,21.0,7.0,12.0
46,1,right_lane,adaptive,True,1e-05,40,0,24.62499990307587,6.0,0.0,8.185202645661775,64.14386851590439,47.39386851590439,16.75,18.0,1.0,0,0,40,0,3.0,7.0,30.0
47,1,right_lane,adaptive,True,1e-05,40,0,21.393957260126378,0.0,0.0,3.4589388454642176,62.23033161620221,42.23033161620221,20.0,18.0,1.0,0,0,40,0,0.0,0.0,40.0
48,1,right_lane,adaptive,True,1e-05,40,0,21.643957345971565,3.5,0.5,6.778220672890484,60.62574616869618,42.62574616869619,18.0,18.0,1.0,0,0,39,1,0.0,8.0,32.0
49,1,right_lane,adaptive,True,1e-05,40,0,23.018957345971565,21.5,0.5,21.349512676359154,54.3283933856953,44.8283933856953,9.5,18.0,1.0,0,0,40,0,7.0,28.0,5.0
50,1,right_lane,adaptive,True,1e-05,40,0,22.122503658272326,11.5,0.0,12.65731757452886,57.39336032327062,43.39336032327062,14.0,18.0,1.0,0,0,40,0,4.0,16.0,20.0
51,1,right_lane,adaptive,True,1e-05,40,0,25.7475035593783,25.5,0.5,25.432572826743126,56.44008158408554,49.19008158408553,7.25,18.0,1.0,0,0,40,0,16.0,19.0,5.0
52,1,right_lane,adaptive,True,1e-05,40,0,23.268957345941836,25.0,0.5,23.741948867592328,52.72866897022634,45.228668970226344,7.5,18.0,1.0,0,0,40,0,23.0,4.0,13.0
53,1,right_lane,adaptive,True,1e-05,40,0,25.018957345967642,22.5,0.0,21.0332752693663,57.02413961666136,48.02413961666136,9.0,18.0,1.0,0,0,38,2,19.0,6.0,15.0
54,1,right_lane,adaptive,True,1e-05,40,0,20.768957345971565,39.5,0.0,37.199454724788666,41.97839840434077,41.22839840434077,0.75,18.0,1.0,0,0,40,0,38.0,1.0,1.0
55,1,right_lane,adaptive,True,1e-05,40,0,22.393957345971565,8.0,0.0,10.154969656607136,59.32866900641274,43.82866900641273,15.5,18.0,1.0,0,0,40,0,8.0,2.0,30.0
56,1,right_lane,adaptive,True,1e-05,40,0,23.893957345971565,27.5,0.5,25.602394046024983,52.72634205443189,46.22634205443188,6.5,18.0,1.0,0,0,39,1,22.0,10.0,8.0
57,1,right_lane,adaptive,True,1e-05,40,0,25.141789654732086,6.0,0.0,6.843160666448966,65.47349249854572,48.223492498545696,17.25,18.0,1.0,0,0,40,0,3.0,5.0,32.0
58,1,right_lane,adaptive,True,1e-05,40,0,23.143957345971565,8.0,0.5,9.764303789665064,61.02673748942172,45.02673748942173,16.0,18.0,1.0,0,0,40,0,6.0,4.0,30.0
59,1,right_lane,adaptive,True,1e-05,40,0,24.12499999997085,36.5,0.0,34.80313515663147,48.09765056211143,46.59765056211143,1.5,18.0,1.0,0,0,40,0,34.0,6.0,0.0
60,1,right_lane,adaptive,True,1e-05,40,0,21.502496440621705,29.5,0.0,27.567280752999068,47.9029910874191,42.4029910874191,5.5,18.0,1.0,0,0,40,0,28.0,2.0,10.0
61,1,right_lane,adaptive,True,1e-05,40,0,22.768957345971565,33.0,0.0,30.68364675431576,48.17820063395592,44.42820063395592,3.75,18.0,1.0,0,0,39,1,31.0,3.0,6.0
62,1,right_lane,adaptive,True,1e-05,40,0,20.768957345971565,39.5,0.0,35.31709939241409,41.97839840434077,41.22839840434077,0.75,18.0,1.0,0,0,40,0,38.0,1.0,1.0
63,1,right_lane,adaptive,True,1e-05,40,0,21.018957345971565,40.0,0.0,38.05464547872543,41.630331753554515,41.630331753554515,0.0,18.0,1.0,0,0,40,0,40.0,0.0,0.0
64,1,right_lane,adaptive,True,1e-05,40,0,25.893957344031342,23.5,0.0,23.027311447107422,57.92680973021861,49.42680973021861,8.5,18.0,1.0,0,0,40,0,16.0,14.0,10.0
65,1,right_lane,adaptive,True,1e-05,40,0,21.768957345971565,40.0,0.0,36.75478208065033,42.8303317535545,42.8303317535545,0.0,18.0,1.0,0,0,40,0,40.0,0.0,0.0
66,1,right_lane,adaptive,True,1e-05,40,0,23.75248998888693,24.5,0.5,24.909185886383057,53.25142014786999,46.00142014786999,7.25,18.0,1.0,0,0,40,0,22.0,7.0,11.0
67,1,right_lane,adaptive,True,1e-05,40,0,25.49750431035133,5.5,0.0,6.926212660451597,66.2934335342831,48.79343353428309,17.5,18.0,1.0,0,0,39,1,2.0,6.0,32.0
68,1,right_lane,adaptive,True,1e-05,40,0,26.983501404703894,31.5,0.5,30.268995480042122,55.420304944771054,51.170304944771054,4.25,18.0,1.0,0,0,39,1,29.0,5.0,6.0
69,1,right_lane,adaptive,True,1e-05,40,0,22.393957345971565,31.0,0.5,30.676964404061437,48.07637675193149,43.82637675193149,4.25,18.0,1.0,0,0,40,0,28.0,7.0,5.0
70,1,right_lane,adaptive,True,1e-05,40,0,22.49754686449712,12.0,0.0,14.052113010140602,57.99344871763013,43.99344871763012,14.0,18.0,1.0,0,0,40,0,3.0,18.0,19.0
71,1,right_lane,adaptive,True,1e-05,40,0,22.768957345971565,30.0,0.0,29.240381013914885,49.42646571050748,44.42646571050748,5.0,18.0,1.0,0,0,40,0,29.0,2.0,9.0
72,1,right_lane,adaptive,True,1e-05,40,0,24.268957345971565,28.0,0.0,27.64490535771256,52.325045500225606,46.825045500225606,5.5,18.0,1.0,0,0,40,0,27.0,4.0,9.0
73,1,right_lane,adaptive,True,1e-05,40,0,21.893957345971565,10.5,0.0,12.410876050591469,57.52746431852614,43.02746431852614,14.5,18.0,1.0,0,0,40,0,10.0,2.0,28.0
74,1,right_lane,adaptive,True,1e-05,40,0,23.518957345971565,3.0,1.0,5.685788212601437,63.62729448334846,45.62729448334845,18.0,18.0,1.0,0,0,40,0,1.0,6.0,33.0
75,1,right_lane,adaptive,True,1e-05,40,0,22.393957345971565,10.5,0.0,12.853070683428086,58.077379991145364,43.827379991145364,14.25,18.0,1.0,0,0,40,0,9.0,5.0,26.0
76,1,right_lane,adaptive,True,1e-05,40,0,23.266138607735993,15.0,0.0,15.539873227429098,57.97486726367279,45.2248672636728,12.75,18.0,1.0,0,0,39,1,6.0,17.0,17.0
77,1,right_lane,adaptive,True,1e-05,33,1,20.932069510268562,3.0,0.0,3.587501182120832,48.9802664303898,34.230266430389804,14.75,18.0,1.0,0,0,33,0,0.0,7.0,26.0
78,1,right_lane,adaptive,True,1e-05,40,0,25.393957345971565,38.0,0.0,35.44110110402107,49.628428954687756,48.628428954687756,1.0,18.0,1.0,0,0,40,0,36.0,4.0,0.0
79,1,right_lane,adaptive,True,1e-05,40,0,23.85609164714541,11.0,0.5,13.58156004767443,60.16833033369847,46.168330333698464,14.0,18.0,1.0,0,0,40,0,11.0,2.0,27.0
80,1,right_lane,adaptive,True,1e-05,40,0,22.143956496389606,38.0,0.0,34.377248987555504,44.9263457520542,43.4263457520542,1.5,18.0,1.0,0,0,40,0,35.0,4.0,1.0
81,1,right_lane,adaptive,True,1e-05,40,0,22.500000750751177,12.0,0.0,14.524278618395329,57.49848120718972,43.99848120718972,13.5,18.0,1.0,0,0,40,0,9.0,8.0,23.0
82,1,right_lane,adaptive,True,1e-05,40,0,24.39395733295283,17.0,0.0,17.760328558520996,58.52839610693186,47.02839610693186,11.5,18.0,1.0,0,0,40,0,16.0,2.0,22.0
83,1,right_lane,adaptive,True,1e-05,40,0,22.50249644062177,37.0,0.0,33.594263166189194,45.751210649326914,44.001210649326914,1.75,18.0,1.0,0,0,40,0,33.0,7.0,0.0
84,1,right_lane,adaptive,True,1e-05,40,0,24.018957345971565,0.5,0.0,3.728628341366857,65.6783991088609,46.428399108860894,19.25,18.0,1.0,0,0,40,0,1.0,1.0,38.0
85,1,right_lane,adaptive,True,1e-05,40,0,26.231042654028943,20.0,0.0,19.57510931844331,60.21512404760608,49.96512404760608,10.25,18.0,1.0,0,0,38,2,16.0,7.0,17.0
86,1,right_lane,adaptive,True,1e-05,40,0,24.268950894232873,7.0,0.0,8.771909232430971,63.32798580640159,46.8279858064016,16.5,18.0,1.0,0,0,40,0,4.0,6.0,30.0
87,1,right_lane,adaptive,True,1e-05,40,0,21.875043292099726,26.5,0.5,25.672188945114613,49.49421742823806,42.99421742823806,6.5,18.0,1.0,0,0,40,0,21.0,12.0,7.0
88,1,right_lane,adaptive,True,1e-05,14,1,21.839878130702264,0.5,0.0,1.3421457782387733,22.03033175319327,15.030331753193268,7.0,18.0,1.0,0,0,14,0,0.0,0.0,14.0
89,1,right_lane,adaptive,True,1e-05,40,0,23.518957345971565,25.5,0.0,24.821871802210808,52.87528647107102,45.62528647107101,7.25,18.0,1.0,0,0,40,0,14.0,23.0,3.0
90,1,right_lane,adaptive,True,1e-05,40,0,24.643957345971565,0.0,0.0,2.6631371931534886,67.43033175355451,47.43033175355451,20.0,18.0,1.0,0,0,37,3,0.0,0.0,40.0
91,1,right_lane,adaptive,True,1e-05,40,0,23.768957345771092,9.5,0.0,11.497519544576335,61.027347118157174,46.02734711815719,15.0,18.0,1.0,0,0,40,0,4.0,12.0,24.0
92,1,right_lane,adaptive,True,1e-05,40,0,21.268957345971565,11.0,0.5,12.946467824280262,56.527020714089026,42.02702071408903,14.5,18.0,1.0,0,0,40,0,7.0,8.0,25.0
93,1,right_lane,adaptive,True,1e-05,40,0,24.518957345971565,14.5,0.0,15.187208636251853,60.225797568316224,47.225797568316224,13.0,18.0,1.0,0,0,40,0,6.0,16.0,18.0
94,1,right_lane,adaptive,True,1e-05,40,0,25.518957345716064,14.5,0.0,15.266967734860373,61.57372169198904,48.82372169198904,12.75,18.0,1.0,0,0,40,0,10.0,9.0,21.0
95,1,right_lane,adaptive,True,1e-05,40,0,23.393957345971565,34.5,0.0,32.80427145212889,47.92939766774114,45.42939766774114,2.5,18.0,1.0,0,0,40,0,34.0,2.0,4.0
96,1,right_lane,adaptive,True,1e-05,40,0,24.89395734597105,6.0,0.5,7.986445595260761,64.5755305002643,47.82553050026431,16.75,18.0,1.0,0,0,37,3,3.0,7.0,30.0
97,1,right_lane,adaptive,True,1e-05,40,0,23.893957344286775,8.5,1.0,9.850316303493855,61.975184280740145,46.22518428074014,15.75,18.0,1.0,0,0,40,0,2.0,13.0,25.0
98,1,right_lane,adaptive,True,1e-05,40,0,21.643957345967717,15.5,0.5,16.14776714373147,54.62841161991405,42.62841161991405,12.0,18.0,1.0,0,0,40,0,11.0,10.0,19.0
99,1,right_lane,adaptive,True,1e-05,40,0,25.268957234088543,16.0,0.0,16.761822545025552,60.425336942008265,48.42533694200826,12.0,18.0,1.0,0,0,39,1,8.0,16.0,16.0
100,1,right_lane,adaptive,True,1e-05,40,0,21.268957345971565,2.0,0.5,5.744419950991869,60.528461515194806,42.028461515194806,18.5,18.0,1.0,0,0,40,0,1.0,4.0,35.0
101,1,right_lane,adaptive,True,1e-05,40,0,22.143957345971565,30.5,0.0,27.587027625861083,48.67839878479677,43.428398784796784,5.25,18.0,1.0,0,0,39,1,29.0,1.0,10.0
102,1,right_lane,adaptive,True,1e-05,40,0,23.393957345971565,15.5,0.0,17.407591953873634,57.17889399314261,45.42889399314261,11.75,18.0,1.0,0,0,40,0,16.0,1.0,23.0
103,1,right_lane,adaptive,True,1e-05,40,0,22.393957345971565,22.0,0.0,21.209824804216623,53.07652682154188,43.826526821541876,9.25,18.0,1.0,0,0,40,0,15.0,13.0,12.0
104,1,right_lane,adaptive,True,1e-05,40,0,22.268957345971565,17.0,0.5,16.45411174075889,55.376349752748084,43.62634975274809,11.75,18.0,1.0,0,0,40,0,3.0,27.0,10.0
105,1,right_lane,adaptive,True,1e-05,40,0,24.518957345971565,21.5,0.0,22.000819880668132,55.97693937969527,47.22693937969527,8.75,18.0,1.0,0,0,40,0,21.0,3.0,16.0
106,1,right_lane,adaptive,True,1e-05,40,0,23.75032874938229,16.0,0.0,17.807746719568968,57.49824329124548,45.99824329124548,11.5,18.0,1.0,0,0,40,0,16.0,2.0,22.0
107,1,right_lane,adaptive,True,1e-05,40,0,21.393957345971565,17.5,0.0,17.681253969669342,53.22705585253841,42.22705585253841,11.0,18.0,1.0,0,0,40,0,2.0,32.0,6.0
108,1,right_lane,adaptive,True,1e-05,40,0,24.018957345971565,9.5,0.0,12.023824238555335,61.42567045559219,46.42567045559218,15.0,18.0,1.0,0,0,39,1,6.0,8.0,26.0
109,1,right_lane,adaptive,True,1e-05,40,0,22.893957345971565,2.0,0.0,4.817658729294635,63.62963992101912,44.62963992101912,19.0,18.0,1.0,0,0,40,0,0.0,4.0,36.0
110,1,right_lane,adaptive,True,1e-05,40,0,22.018957344482867,5.0,0.5,7.15730518922237,60.72962523611528,43.22962523611528,17.5,18.0,1.0,0,0,40,0,0.0,10.0,30.0
111,1,right_lane,adaptive,True,1e-05,40,0,23.625043292099726,17.0,0.0,19.265436626970768,57.29678342079632,45.796783420796324,11.5,18.0,1.0,0,0,40,0,7.0,20.0,13.0
112,1,right_lane,adaptive,True,1e-05,40,0,23.518957345971565,31.5,0.0,29.22838354117266,49.87812517115399,45.62812517115398,4.25,18.0,1.0,0,0,40,0,30.0,3.0,7.0
113,1,right_lane,adaptive,True,1e-05,40,0,21.393957345971565,3.0,0.0,6.615022675134242,60.22846082186077,42.22846082186077,18.0,18.0,1.0,0,0,40,0,1.0,6.0,33.0
114,1,right_lane,adaptive,True,1e-05,40,0,21.768957345971554,17.0,0.0,16.421953632549048,54.82670234729116,42.82670234729116,12.0,18.0,1.0,0,0,40,0,13.0,6.0,21.0
115,1,right_lane,adaptive,True,1e-05,40,0,23.018957345971565,15.5,0.0,15.89778415707633,56.82622078820014,44.82622078820014,12.0,18.0,1.0,0,0,39,1,2.0,28.0,10.0
116,1,right_lane,adaptive,True,1e-05,40,0,22.643957345971565,37.5,0.0,34.652544260025024,45.72749301542437,44.22749301542436,1.5,18.0,1.0,0,0,40,0,34.0,6.0,0.0
117,1,right_lane,adaptive,True,1e-05,40,0,21.143957345971554,4.5,0.0,6.097820460076036,59.577522471335456,41.827522471335456,17.75,18.0,1.0,0,0,40,0,1.0,7.0,32.0
118,1,right_lane,adaptive,True,1e-05,40,0,26.143957345967646,14.0,0.0,15.653543680748953,62.32701321704032,49.82701321704031,12.5,18.0,1.0,0,0,40,0,11.0,8.0,21.0
119,1,right_lane,adaptive,True,1e-05,40,0,24.26895164517964,10.5,0.0,10.464428418983516,62.07675287343174,46.82675287343173,15.25,18.0,1.0,0,0,39,1,7.0,5.0,28.0
120,1,right_lane,adaptive,True,1e-05,40,0,21.39395734594184,0.0,0.0,3.801214980777331,61.97939766769359,42.22939766769358,19.75,18.0,1.0,0,0,40,0,0.0,1.0,39.0
121,1,right_lane,adaptive,True,1e-05,40,0,21.643957345971565,18.5,0.5,18.638787731528282,53.37751346212743,42.627513462127425,10.75,18.0,1.0,0,0,40,0,5.0,27.0,8.0
122,1,right_lane,adaptive,True,1e-05,40,0,23.893951743818675,10.0,0.0,11.131052151627955,60.97817686511603,46.22817686511603,14.75,18.0,1.0,0,0,40,0,5.0,11.0,24.0
123,1,right_lane,adaptive,True,1e-05,40,0,22.393957345971565,14.0,0.0,12.622393817644024,56.82805775795232,43.82805775795232,13.0,18.0,1.0,0,0,39,1,0.0,28.0,12.0
124,1,right_lane,adaptive,True,1e-05,40,0,22.143957345971565,39.5,0.0,36.2393998503685,44.178398405073295,43.428398405073295,0.75,18.0,1.0,0,0,40,0,38.0,1.0,1.0
125,1,right_lane,adaptive,True,1e-05,40,0,22.49999999997085,15.5,0.0,16.9740833863616,56.24811553284261,43.99811553284261,12.25,18.0,1.0,0,0,40,0,8.0,15.0,17.0
126,1,right_lane,adaptive,True,1e-05,40,0,21.893957345971565,34.5,0.0,31.51443560163898,46.02796032626492,43.02796032626492,3.0,18.0,1.0,0,0,39,1,33.0,2.0,5.0
127,1,right_lane,adaptive,True,1e-05,40,0,25.25000000002973,23.5,0.0,23.49620956255933,56.64643974702727,48.396439747027266,8.25,18.0,1.0,0,0,39,1,22.0,3.0,15.0
128,1,right_lane,adaptive,True,1e-05,40,0,22.393957345971565,33.5,0.0,31.048884078860283,47.57768995612278,43.82768995612278,3.75,18.0,1.0,0,0,40,0,26.0,13.0,1.0
129,1,right_lane,adaptive,True,1e-05,40,0,22.268957345971565,16.5,0.0,16.15695424916339,55.88033175355449,43.630331753554486,12.25,18.0,1.0,0,0,40,0,15.0,1.0,24.0
130,1,right_lane,adaptive,True,1e-05,40,0,21.268957345971565,0.5,0.0,4.088585095423014,61.5293983296861,42.02939832968611,19.5,18.0,1.0,0,0,39,1,0.0,2.0,38.0
131,1,right_lane,adaptive,True,1e-05,40,0,22.64362860960845,27.0,0.5,24.584280664237667,51.22788381568738,44.22788381568739,7.0,18.0,1.0,0,0,39,1,22.0,8.0,10.0
132,1,right_lane,adaptive,True,1e-05,40,0,24.143957345971565,24.5,0.0,23.507413131989097,54.626397355776476,46.62639735577646,8.0,18.0,1.0,0,0,39,1,17.0,14.0,9.0
133,1,right_lane,adaptive,True,1e-05,40,0,21.893957345971565,1.5,0.0,4.192111150377968,62.27844876552232,43.028448765522334,19.25,18.0,1.0,0,0,40,0,0.0,3.0,37.0
134,1,right_lane,adaptive,True,1e-05,40,0,20.768957345971565,8.5,0.0,11.342484146356583,56.480330397233224,41.230330397233224,15.25,18.0,1.0,0,0,40,0,9.0,1.0,30.0
135,1,right_lane,adaptive,True,1e-05,40,0,22.768957345971558,17.5,0.0,17.088559918599458,55.67430672230159,44.42430672230159,11.25,18.0,1.0,0,0,40,0,14.0,7.0,19.0
136,1,right_lane,adaptive,True,1e-05,40,0,22.643957345971565,10.5,0.0,13.05548993498087,58.72487273304263,44.22487273304263,14.5,18.0,1.0,0,0,40,0,3.0,16.0,21.0
137,1,right_lane,adaptive,True,1e-05,40,0,22.893957345716068,21.5,0.0,21.117403286561512,53.87468240849157,44.62468240849159,9.25,18.0,1.0,0,0,40,0,19.0,5.0,16.0
138,1,right_lane,adaptive,True,1e-05,19,1,23.724120728351856,19.0,0.0,18.76635843515396,21.83033175354742,21.83033175354742,0.0,18.0,1.0,0,0,19,0,19.0,0.0,0.0
139,1,right_lane,adaptive,True,1e-05,40,0,21.375291158299813,39.5,0.0,35.07025572657585,42.94853250406597,42.19853250406597,0.75,18.0,1.0,0,0,40,0,38.0,1.0,1.0
140,1,right_lane,adaptive,True,1e-05,40,0,22.393957345971565,0.5,0.0,1.204713332661413,63.57893648969725,43.82893648969726,19.75,18.0,1.0,0,0,40,0,0.0,1.0,39.0
141,1,right_lane,adaptive,True,1e-05,40,0,27.64395733123793,26.5,0.0,27.153880387544632,58.97560765421926,52.22560765421926,6.75,18.0,1.0,0,0,40,0,23.0,7.0,10.0
142,1,right_lane,adaptive,True,1e-05,40,0,26.643957345967134,13.0,0.0,13.633162518009158,64.12446211309502,50.624462113095035,13.5,18.0,1.0,0,0,40,0,4.0,18.0,18.0
143,1,right_lane,adaptive,True,1e-05,40,0,24.74999999999948,23.5,0.5,22.592922093975858,55.84572957024664,47.595729570246625,8.25,18.0,1.0,0,0,39,1,18.0,11.0,11.0
144,1,right_lane,adaptive,True,1e-05,40,0,24.018957247332963,40.0,0.0,36.98108333349228,46.430331595732746,46.430331595732746,0.0,18.0,1.0,0,0,40,0,40.0,0.0,0.0
145,1,right_lane,adaptive,True,1e-05,40,0,23.249994397847114,27.5,0.0,26.042403258521517,51.69716162579542,45.19716162579541,6.5,18.0,1.0,0,0,39,1,23.0,8.0,9.0
146,1,right_lane,adaptive,True,1e-05,40,0,21.750000750751244,13.5,0.0,14.95978868752718,55.795732221375474,42.795732221375474,13.0,18.0,1.0,0,0,40,0,8.0,12.0,20.0
147,1,right_lane,adaptive,True,1e-05,40,0,21.14395734597155,0.0,0.5,3.3741016561307333,61.579397666520435,41.82939766652043,19.75,18.0,1.0,0,0,40,0,0.0,1.0,39.0
148,1,right_lane,adaptive,True,1e-05,40,0,23.89395734593792,27.0,0.0,25.880401735922078,52.724865168597546,46.22486516859755,6.5,18.0,1.0,0,0,40,0,23.0,8.0,9.0
149,1,right_lane,adaptive,True,1e-05,40,0,23.018957345971565,8.0,0.0,10.80374426022172,60.32891519335194,44.828915193351946,15.5,18.0,1.0,0,0,40,0,8.0,2.0,30.0
150,1,right_lane,adaptive,True,1e-05,40,0,20.768957345971565,11.5,0.0,12.87396331601849,55.73033175355438,41.23033175355439,14.5,18.0,1.0,0,0,40,0,0.0,22.0,18.0
151,1,right_lane,adaptive,True,1e-05,40,0,23.268957345971565,23.0,0.5,22.612886682152748,53.9779817689809,45.2279817689809,8.75,18.0,1.0,0,0,40,0,19.0,7.0,14.0
152,1,right_lane,adaptive,True,1e-05,40,0,24.393957345970982,11.5,0.0,12.297754308489175,61.525183219440486,47.025183219440486,14.5,18.0,1.0,0,0,39,1,9.0,4.0,27.0
153,1,right_lane,adaptive,True,1e-05,40,0,22.643957345971565,8.5,0.0,10.651301644214527,59.47870484651516,44.22870484651516,15.25,18.0,1.0,0,0,40,0,1.0,17.0,22.0
154,1,right_lane,adaptive,True,1e-05,40,0,23.87254694862786,35.0,0.0,33.58635565638542,48.44513987968539,46.19513987968539,2.25,18.0,1.0,0,0,40,0,31.0,9.0,0.0
155,1,right_lane,adaptive,True,1e-05,40,0,24.625043292099715,35.0,0.0,32.55273772776127,50.39446038983321,47.39446038983321,3.0,18.0,1.0,0,0,40,0,29.0,10.0,1.0
156,1,right_lane,adaptive,True,1e-05,40,0,22.997552552495204,38.0,0.0,35.52351474761963,46.04333914817739,44.79333914817739,1.25,18.0,1.0,0,0,40,0,35.0,5.0,0.0
157,1,right_lane,adaptive,True,1e-05,40,0,23.106091647145412,23.5,1.0,23.17766787148139,53.21771001428014,44.96771001428014,8.25,18.0,1.0,0,0,40,0,9.0,29.0,2.0
158,1,right_lane,adaptive,True,1e-05,40,0,24.018957247107267,34.0,0.5,32.38134956359863,49.42416011218942,46.42416011218942,3.0,18.0,1.0,0,0,40,0,31.0,6.0,3.0
159,1,right_lane,adaptive,True,1e-05,40,0,21.768957345971565,37.0,0.5,33.79959660768509,44.32898846744269,42.82898846744269,1.5,18.0,1.0,0,0,40,0,34.0,6.0,0.0
160,1,right_lane,adaptive,True,1e-05,40,0,22.393666176367102,29.5,0.0,28.965121273288332,48.57793361074293,43.82793361074293,4.75,18.0,1.0,0,0,39,1,30.0,1.0,9.0
161,1,right_lane,adaptive,True,1e-05,40,0,23.51891480462308,38.5,0.5,35.7078692317009,46.37757035317921,45.62757035317921,0.75,18.0,1.0,0,0,40,0,37.0,3.0,0.0
162,1,right_lane,adaptive,True,1e-05,40,0,22.268957345971565,0.0,0.0,3.012428010158146,63.6303317535545,43.63033175355451,20.0,18.0,1.0,0,0,40,0,0.0,0.0,40.0
163,1,right_lane,adaptive,True,1e-05,40,0,23.268957234088028,22.0,0.5,21.674320602731314,54.4791617713604,45.2291617713604,9.25,18.0,1.0,0,0,40,0,14.0,15.0,11.0
164,1,right_lane,adaptive,True,1e-05,40,0,24.268957345971565,18.0,0.0,18.46994567805268,57.57455429073597,46.82455429073597,10.75,18.0,1.0,0,0,39,1,11.0,15.0,14.0
165,1,right_lane,adaptive,True,1e-05,40,0,22.018957345971565,29.0,0.0,26.885475292983756,48.72652696670625,43.22652696670626,5.5,18.0,1.0,0,0,40,0,25.0,8.0,7.0
166,1,right_lane,adaptive,True,1e-05,40,0,26.768956593505862,14.5,0.0,15.47152591739723,63.5735276415931,50.82352764159309,12.75,18.0,1.0,0,0,40,0,9.0,11.0,20.0
167,1,right_lane,adaptive,True,1e-05,40,0,21.268957345971494,21.5,1.0,21.54112419486046,51.78032879382038,42.030328793820395,9.75,18.0,1.0,0,0,40,0,20.0,1.0,19.0
168,1,right_lane,adaptive,True,1e-05,40,0,22.2689523954837,7.0,0.0,9.661632269620895,59.62843614136825,43.62843614136825,16.0,18.0,1.0,0,0,40,0,3.0,10.0,27.0
169,1,right_lane,adaptive,True,1e-05,40,0,23.768914152706476,40.0,0.0,37.365942299366,46.03026264433035,46.03026264433035,0.0,18.0,1.0,0,0,40,0,40.0,0.0,0.0
170,1,right_lane,adaptive,True,1e-05,40,0,22.018957345971565,31.0,1.0,29.48755495995283,47.72828030186333,43.228280301863336,4.5,18.0,1.0,0,0,40,0,28.0,6.0,6.0
171,1,right_lane,adaptive,True,1e-05,40,0,21.143957345971565,22.0,0.0,22.4331718608737,50.57853389883617,41.82853389883617,8.75,18.0,1.0,0,0,40,0,10.0,25.0,5.0
172,1,right_lane,adaptive,True,1e-05,40,0,21.018957345971565,1.5,0.0,4.676894225180149,60.37839840434078,41.62839840434078,18.75,18.0,1.0,0,0,40,0,2.0,1.0,37.0
173,1,right_lane,adaptive,True,1e-05,40,0,21.393957345971565,39.5,0.0,35.724328726530075,42.97839840434077,42.22839840434077,0.75,18.0,1.0,0,0,40,0,38.0,1.0,1.0
174,1,right_lane,adaptive,True,1e-05,40,0,23.127496440621247,38.5,0.0,35.14996026456356,46.249776355734625,44.999776355734625,1.25,18.0,1.0,0,0,40,0,36.0,3.0,1.0
175,1,right_lane,adaptive,True,1e-05,40,0,24.25000001301917,21.0,0.0,21.279692417941988,56.295693328012256,46.795693328012256,9.5,18.0,1.0,0,0,40,0,19.0,4.0,17.0
176,1,right_lane,adaptive,True,1e-05,40,0,21.518957345775075,7.5,0.5,9.279288742819972,58.4285310694833,42.42853106948331,16.0,18.0,1.0,0,0,40,0,0.0,16.0,24.0
177,1,right_lane,adaptive,True,1e-05,40,0,21.143957332760266,11.5,0.0,13.063879588185955,55.57899120829191,41.82899120829191,13.75,18.0,1.0,0,0,40,0,5.0,15.0,20.0
178,1,right_lane,adaptive,True,1e-05,40,0,22.768957345971565,9.0,0.0,10.200399246274173,59.92696106615654,44.42696106615654,15.5,18.0,1.0,0,0,40,0,8.0,2.0,30.0
179,1,right_lane,adaptive,True,1e-05,40,0,20.893957345971565,32.0,1.5,32.398800283670425,45.17939766774115,41.42939766774115,3.75,18.0,1.0,0,0,40,0,31.0,3.0,6.0
180,1,right_lane,adaptive,True,1e-05,40,0,25.518908367588217,22.5,1.5,23.009831634905822,57.82331735838021,48.82331735838021,9.0,18.0,1.0,0,0,40,0,14.0,16.0,10.0
181,1,right_lane,adaptive,True,1e-05,40,0,23.518957345971565,14.0,0.0,16.352836651261896,58.377729056605816,45.62772905660581,12.75,18.0,1.0,0,0,40,0,10.0,9.0,21.0
182,1,right_lane,adaptive,True,1e-05,40,0,23.268957345971565,0.5,0.0,3.1726021764685584,64.98033175355451,45.2303317535545,19.75,18.0,1.0,0,0,38,2,0.0,1.0,39.0
183,1,right_lane,adaptive,True,1e-05,40,0,21.875291158299813,3.0,0.0,5.375952363004217,61.750463224104315,43.000463224104315,18.75,18.0,1.0,0,0,40,0,0.0,5.0,35.0
184,1,right_lane,adaptive,True,1e-05,40,0,22.377496440617797,30.5,0.0,28.146432147254018,49.04991219204226,43.79991219204226,5.25,18.0,1.0,0,0,40,0,28.0,3.0,9.0
185,1,right_lane,adaptive,True,1e-05,40,0,23.643957345971565,8.0,0.0,9.94906461828009,61.575513789757615,45.825513789757615,15.75,18.0,1.0,0,0,39,1,7.0,3.0,30.0
186,1,right_lane,adaptive,True,1e-05,40,0,22.26895733317816,31.5,0.0,29.686461254954338,48.12619148167159,43.62619148167159,4.5,18.0,1.0,0,0,40,0,23.0,16.0,1.0
187,1,right_lane,adaptive,True,1e-05,11,1,25.52332347286258,10.5,0.0,10.074841320514679,13.929568969465805,13.429568969465805,0.5,18.0,1.0,0,0,11,0,9.0,2.0,0.0
188,1,right_lane,adaptive,True,1e-05,14,1,23.26844955437671,0.5,0.0,1.9730715453624725,22.579398326582556,15.829398326582556,6.75,18.0,1.0,0,0,14,0,0.0,1.0,13.0
189,1,right_lane,adaptive,True,1e-05,40,0,21.143957345971565,17.5,0.5,18.869790017604828,52.58033175314582,41.83033175314582,10.75,18.0,1.0,0,0,40,0,15.0,7.0,18.0
190,1,right_lane,adaptive,True,1e-05,40,0,23.768956596934782,24.5,0.0,23.085604815052875,54.02710135845563,46.02710135845563,8.0,18.0,1.0,0,0,39,1,19.0,10.0,11.0
191,1,right_lane,adaptive,True,1e-05,40,0,20.518957345971565,0.5,0.0,4.574063002384719,60.07839840304393,40.828398403043934,19.25,18.0,1.0,0,0,40,0,1.0,1.0,38.0
192,1,right_lane,adaptive,True,1e-05,40,0,22.143950895947263,14.5,0.0,15.714686259627342,56.42618184839259,43.42618184839258,13.0,18.0,1.0,0,0,40,0,9.0,10.0,21.0
193,1,right_lane,adaptive,True,1e-05,40,0,21.643957345971565,34.5,0.0,31.688149943947792,45.877137306950104,42.627137306950104,3.25,18.0,1.0,0,0,40,0,30.0,7.0,3.0
194,1,right_lane,adaptive,True,1e-05,40,0,21.768957345971565,38.0,0.5,34.65256088972092,44.07938868151467,42.82938868151467,1.25,18.0,1.0,0,0,40,0,35.0,5.0,0.0
195,1,right_lane,adaptive,True,1e-05,40,0,23.35849580258072,4.5,0.5,5.9884828128970184,63.37059624209826,45.370596242098244,18.0,18.0,1.0,0,0,40,0,0.0,8.0,32.0
196,1,right_lane,adaptive,True,1e-05,40,0,21.518957345971565,9.5,0.5,12.561640620231628,57.67839825882618,42.428398258826185,15.25,18.0,1.0,0,0,40,0,0.0,19.0,21.0
197,1,right_lane,adaptive,True,1e-05,40,0,24.518957345941836,13.0,0.0,13.771613753497604,60.72417500675201,47.22417500675201,13.5,18.0,1.0,0,0,39,1,11.0,4.0,25.0
198,1,right_lane,adaptive,True,1e-05,40,0,23.141504197449517,16.5,0.0,16.61315187383525,57.02501686724596,45.02501686724595,12.0,18.0,1.0,0,0,40,0,1.0,30.0,9.0
199,1,right_lane,adaptive,True,1e-05,40,0,23.499999999970278,29.0,0.0,27.068389591810956,51.34537229270888,45.59537229270888,5.75,18.0,1.0,0,0,40,0,25.0,7.0,8.0
200,1,right_lane,adaptive,True,1e-05,40,0,24.64395239570556,10.5,0.0,10.917994049632739,62.4293730391745,47.4293730391745,15.0,18.0,1.0,0,0,38,2,0.0,20.0,20.0
201,1,right_lane,adaptive,True,1e-05,40,0,20.518957345971565,1.0,0.5,4.673292338848114,60.329809134703176,40.82980913470318,19.5,18.0,1.0,0,0,40,0,0.0,2.0,38.0
202,1,right_lane,adaptive,True,1e-05,40,0,22.518957345971565,31.0,0.0,28.753982578472232,49.02828032110697,44.028280321106976,5.0,18.0,1.0,0,0,39,1,28.0,4.0,8.0
203,1,right_lane,adaptive,True,1e-05,40,0,22.768956608239428,34.0,0.0,31.90012986212969,47.926185745955664,44.426185745955664,3.5,18.0,1.0,0,0,40,0,29.0,8.0,3.0
204,1,right_lane,adaptive,True,1e-05,40,0,21.893957345971558,19.0,0.0,18.257888646563515,54.03032894921125,43.03032894921125,11.0,18.0,1.0,0,0,40,0,16.0,4.0,20.0
205,1,right_lane,adaptive,True,1e-05,40,0,21.268957345971565,28.0,0.0,27.78441170603037,47.780331753547415,42.030331753547415,5.75,18.0,1.0,0,0,40,0,21.0,15.0,4.0
206,1,right_lane,adaptive,True,1e-05,40,0,22.018957345971565,23.0,0.0,22.2388646960826,51.47748639357267,43.227486393572676,8.25,18.0,1.0,0,0,40,0,21.0,5.0,14.0
207,1,right_lane,adaptive,True,1e-05,40,0,23.14146090535031,33.5,0.0,31.84229574352503,48.27073275187911,45.02073275187911,3.25,18.0,1.0,0,0,40,0,32.0,3.0,5.0
208,1,right_lane,adaptive,True,1e-05,40,0,20.768957345971565,6.0,0.0,8.890764281153679,57.978925953480264,41.22892595348026,16.75,18.0,1.0,0,0,40,0,0.0,13.0,27.0
209,1,right_lane,adaptive,True,1e-05,40,0,21.372832407624884,10.0,0.0,11.755807281786588,56.94653169402277,42.19653169402277,14.75,18.0,1.0,0,0,39,1,10.0,1.0,29.0
210,1,right_lane,adaptive,True,1e-05,40,0,22.76895174381868,11.0,0.0,11.037508878543122,59.17986881023933,44.42986881023932,14.75,18.0,1.0,0,0,38,2,9.0,3.0,28.0
211,1,right_lane,adaptive,True,1e-05,40,0,22.500328749382295,15.0,0.5,15.581399292190667,56.74867528728603,43.99867528728604,12.75,18.0,1.0,0,0,39,1,1.0,27.0,12.0
212,1,right_lane,adaptive,True,1e-05,40,0,23.768957345971565,15.5,0.0,17.440439328551292,57.77839835388945,46.02839835388944,11.75,18.0,1.0,0,0,40,0,16.0,1.0,23.0
213,1,right_lane,adaptive,True,1e-05,40,0,22.393957345971565,30.5,0.0,28.423238404401218,48.576375050350464,43.82637505035047,4.75,18.0,1.0,0,0,40,0,28.0,5.0,7.0
214,1,right_lane,adaptive,True,1e-05,40,0,20.893957345971565,17.5,0.0,18.48368313908577,52.42846358273061,41.42846358273061,11.0,18.0,1.0,0,0,40,0,4.0,28.0,8.0
215,1,right_lane,adaptive,True,1e-05,40,0,22.375328736363116,30.0,1.5,28.82497763633728,49.04438225052895,43.79438225052895,5.25,18.0,1.0,0,0,40,0,26.0,7.0,7.0
216,1,right_lane,adaptive,True,1e-05,40,0,24.768957345971565,10.5,0.0,12.45118887186436,62.12297175207994,47.62297175207994,14.5,18.0,1.0,0,0,39,1,6.0,10.0,24.0
217,1,right_lane,adaptive,True,1e-05,40,0,25.3939573444828,32.0,0.0,30.58292495225396,52.626395306271206,48.626395306271206,4.0,18.0,1.0,0,0,39,1,27.0,10.0,3.0
218,1,right_lane,adaptive,True,1e-05,40,0,21.518957345967646,17.5,0.0,17.217931549996138,54.178420199297584,42.4284201992976,11.75,18.0,1.0,0,0,40,0,16.0,1.0,23.0
219,1,right_lane,adaptive,True,1e-05,40,0,21.143957345971565,0.0,0.0,3.845197072461815,61.57939766774115,41.82939766774115,19.75,18.0,1.0,0,0,40,0,0.0,1.0,39.0
220,1,right_lane,adaptive,True,1e-05,40,0,21.518957345971565,39.5,0.0,35.508740320801735,43.178398404340776,42.428398404340776,0.75,18.0,1.0,0,0,40,0,38.0,1.0,1.0
221,1,right_lane,adaptive,True,1e-05,40,0,22.893957345971565,10.5,0.0,11.266650337209285,59.62845233056221,44.62845233056221,15.0,18.0,1.0,0,0,40,0,0.0,20.0,20.0
222,1,right_lane,adaptive,True,1e-05,40,0,25.766455204332555,28.0,0.5,26.953533728074035,55.21996808392332,49.21996808392332,6.0,18.0,1.0,0,0,40,0,23.0,10.0,7.0
223,1,right_lane,adaptive,True,1e-05,40,0,21.893957345971565,0.0,0.0,2.6141057767526945,63.030331753554506,43.0303317535545,20.0,18.0,1.0,0,0,39,1,0.0,0.0,40.0
224,1,right_lane,adaptive,True,1e-05,40,0,20.768957345971565,0.0,1.0,4.5087025463581085,60.979397667741154,41.22939766774115,19.75,18.0,1.0,0,0,40,0,0.0,1.0,39.0
225,1,right_lane,adaptive,True,1e-05,40,0,21.375043292099726,34.0,0.0,31.112631924450397,45.447792113838325,42.19779211383833,3.25,18.0,1.0,0,0,40,0,30.0,7.0,3.0
226,1,right_lane,adaptive,True,1e-05,40,0,22.768957345971565,39.5,0.0,35.64577563107014,45.1783991088609,44.428399108860894,0.75,18.0,1.0,0,0,40,0,38.0,1.0,1.0
227,1,right_lane,adaptive,True,1e-05,40,0,23.87500009886436,23.0,0.5,21.99662862837431,55.197474058192576,46.197474058192576,9.0,18.0,1.0,0,0,40,0,13.0,18.0,9.0
228,1,right_lane,adaptive,True,1e-05,40,0,21.018957345971565,0.0,0.0,3.8961155275255805,61.379397666520426,41.62939766652045,19.75,18.0,1.0,0,0,40,0,0.0,1.0,39.0
229,1,right_lane,adaptive,True,1e-05,14,1,22.19702098359173,13.0,0.0,12.116511970758438,16.226660402083485,15.226660402083485,1.0,18.0,1.0,0,0,14,0,11.0,2.0,1.0
230,1,right_lane,adaptive,True,1e-05,40,0,21.143957345971554,35.5,0.0,32.83574005961418,44.07807433933437,41.82807433933438,2.25,18.0,1.0,0,0,40,0,31.0,9.0,0.0
231,1,right_lane,adaptive,True,1e-05,40,0,23.26895734426102,31.0,0.0,29.396875619888306,49.7266040144067,45.22660401440671,4.5,18.0,1.0,0,0,40,0,30.0,2.0,8.0
232,1,right_lane,adaptive,True,1e-05,40,0,25.518957247107203,30.5,0.0,29.804683782160282,53.57490471636497,48.82490471636497,4.75,18.0,1.0,0,0,40,0,23.0,15.0,2.0
233,1,right_lane,adaptive,True,1e-05,40,0,20.893957345971565,10.0,0.0,12.987482598051429,55.9280494091843,41.428049409184304,14.5,18.0,1.0,0,0,40,0,9.0,4.0,27.0
234,1,right_lane,adaptive,True,1e-05,40,0,20.393957345971565,11.5,0.5,12.305761181225535,54.88032277007035,40.63032277007034,14.25,18.0,1.0,0,0,40,0,0.0,23.0,17.0
235,1,right_lane,adaptive,True,1e-05,40,0,20.643957345971565,40.0,0.0,36.28548860549927,41.030331753554506,41.030331753554506,0.0,18.0,1.0,0,0,40,0,40.0,0.0,0.0
236,1,right_lane,adaptive,True,1e-05,40,0,24.393957345971565,17.5,0.5,17.886501763834417,58.02704786316254,47.027047863162544,11.0,18.0,1.0,0,0,39,1,7.0,22.0,11.0
237,1,right_lane,adaptive,True,1e-05,40,0,23.893957345971565,26.5,0.0,24.47864399509126,52.97820290685483,46.228202906854825,6.75,18.0,1.0,0,0,40,0,25.0,3.0,12.0
238,1,right_lane,adaptive,True,1e-05,40,0,22.768957345971565,22.5,0.0,22.341396033443743,53.176123794402905,44.426123794402905,8.75,18.0,1.0,0,0,40,0,13.0,19.0,8.0
239,1,right_lane,adaptive,True,1e-05,40,0,22.143957345971565,19.5,0.0,20.03582326322794,53.42939815100368,43.42939815100368,10.0,18.0,1.0,0,0,40,0,15.0,10.0,15.0
240,1,right_lane,adaptive,True,1e-05,40,0,25.01895734596758,26.0,0.0,24.542432467897243,55.52315060556496,48.02315060556496,7.5,18.0,1.0,0,0,39,1,22.0,6.0,12.0
241,1,right_lane,adaptive,True,1e-05,40,0,23.125043292099726,8.0,0.5,9.31630856791162,60.997502846195445,44.99750284619543,16.0,18.0,1.0,0,0,40,0,6.0,4.0,30.0
242,1,right_lane,adaptive,True,1e-05,40,0,22.768957345971565,10.0,0.0,13.225822538137436,58.926984591200835,44.426984591200835,14.5,18.0,1.0,0,0,40,0,10.0,2.0,28.0
243,1,right_lane,adaptive,True,1e-05,40,0,21.768919754889083,6.5,0.5,8.172039177808756,59.829320813953835,42.829320813953835,17.0,18.0,1.0,0,0,39,1,0.0,12.0,28.0
244,1,right_lane,adaptive,True,1e-05,40,0,24.000005688027805,36.5,0.5,34.60804581642151,48.14953925920552,46.39953925920552,1.75,18.0,1.0,0,0,40,0,33.0,7.0,0.0
245,1,right_lane,adaptive,True,1e-05,40,0,23.51895659693478,39.5,0.0,36.136914029717445,46.378397205881924,45.628397205881924,0.75,18.0,1.0,0,0,40,0,38.0,1.0,1.0
246,1,right_lane,adaptive,True,1e-05,40,0,21.268957345971565,40.0,0.0,36.53433668613434,42.0303317535545,42.0303317535545,0.0,18.0,1.0,0,0,40,0,40.0,0.0,0.0
247,1,right_lane,adaptive,True,1e-05,40,0,24.018957345971565,28.0,0.0,26.172998829341054,52.676288889294774,46.426288889294774,6.25,18.0,1.0,0,0,39,1,24.0,7.0,9.0
248,1,right_lane,adaptive,True,1e-05,40,0,23.643957345971565,26.5,0.0,26.09750137478113,52.07696027013639,45.82696027013638,6.25,18.0,1.0,0,0,40,0,26.0,3.0,11.0
249,1,right_lane,adaptive,True,1e-05,40,0,21.518957345971565,33.5,0.0,30.705951339178455,45.674705548581606,42.424705548581606,3.25,18.0,1.0,0,0,39,1,32.0,3.0,5.0
250,1,right_lane,adaptive,True,1e-05,40,0,22.14391480462308,39.0,0.5,35.28510783612728,44.428393448346355,43.42839344834634,1.0,18.0,1.0,0,0,40,0,37.0,2.0,1.0
251,1,right_lane,adaptive,True,1e-05,40,0,24.51895734403133,25.5,0.0,26.494205590337515,53.97725502982512,47.22725502982512,6.75,18.0,1.0,0,0,40,0,24.0,5.0,11.0
252,1,right_lane,adaptive,True,1e-05,40,0,22.143956595416878,14.5,0.5,14.73302746837635,56.17718590082148,43.42718590082148,12.75,18.0,1.0,0,0,40,0,12.0,5.0,23.0
253,1,right_lane,adaptive,True,1e-05,40,0,22.518957345971565,2.0,0.0,4.916901239146682,62.5272898771785,44.027289877178504,18.5,18.0,1.0,0,0,40,0,1.0,4.0,35.0
254,1,right_lane,adaptive,True,1e-05,40,0,24.51895734403141,35.5,0.0,33.29339385032654,49.47839044640204,47.22839044640204,2.25,18.0,1.0,0,0,40,0,31.0,9.0,0.0
255,1,right_lane,adaptive,True,1e-05,40,0,22.768957345971486,18.0,0.0,19.049434161161116,54.92481645873661,44.4248164587366,10.5,18.0,1.0,0,0,40,0,17.0,4.0,19.0
256,1,right_lane,adaptive,True,1e-05,40,0,21.26895733317816,24.5,0.0,22.577258508905288,50.02847777397127,42.02847777397127,8.0,18.0,1.0,0,0,40,0,19.0,10.0,11.0
257,1,right_lane,adaptive,True,1e-05,40,0,24.768914053842632,27.0,0.5,25.214000144595047,54.623471529583135,47.623471529583135,7.0,18.0,1.0,0,0,40,0,20.0,12.0,8.0
258,1,right_lane,adaptive,True,1e-05,40,0,25.893957345971565,18.0,0.0,19.129337860244277,60.17891547213486,49.42891547213486,10.75,18.0,1.0,0,0,39,1,17.0,3.0,20.0
259,1,right_lane,adaptive,True,1e-05,40,0,22.643957345971565,12.0,0.5,13.821183621883392,58.22889371085014,44.228893710850144,14.0,18.0,1.0,0,0,40,0,11.0,2.0,27.0
260,1,right_lane,adaptive,True,1e-05,32,1,21.42994668246437,5.0,0.0,6.030008369376446,47.3278785613042,33.82787856130422,13.5,18.0,1.0,0,0,32,0,4.0,2.0,26.0
261,1,right_lane,adaptive,True,1e-05,40,0,21.018957345971565,22.5,0.0,22.315165102481842,50.37759283248286,41.62759283248287,8.75,18.0,1.0,0,0,40,0,8.0,29.0,3.0
262,1,right_lane,adaptive,True,1e-05,40,0,21.62749644062177,9.0,0.0,9.776056379079819,58.60139820815456,42.60139820815456,16.0,18.0,1.0,0,0,40,0,0.0,16.0,24.0
263,1,right_lane,adaptive,True,1e-05,40,0,22.641466606367043,32.5,0.0,30.424500644207,47.9742958177232,44.2242958177232,3.75,18.0,1.0,0,0,40,0,28.0,9.0,3.0
264,1,right_lane,adaptive,True,1e-05,40,0,21.518957345971565,4.5,0.0,6.89760985699013,60.17939647136773,42.42939647136773,17.75,18.0,1.0,0,0,40,0,0.0,9.0,31.0
265,1,right_lane,adaptive,True,1e-05,40,0,25.518957345967202,13.0,0.0,13.829297404518911,62.32535987576536,48.82535987576536,13.5,18.0,1.0,0,0,40,0,8.0,10.0,22.0
266,1,right_lane,adaptive,True,1e-05,40,0,21.018957345971565,3.0,0.0,4.476224628211639,59.88026898053476,41.630268980534765,18.25,18.0,1.0,0,0,40,0,0.0,7.0,33.0
267,1,right_lane,adaptive,True,1e-05,40,0,21.643957345971554,6.5,0.0,9.256184000521898,59.12735277442613,42.627352774426114,16.5,18.0,1.0,0,0,40,0,0.0,14.0,26.0
268,1,right_lane,adaptive,True,1e-05,40,0,23.26890835456905,23.0,0.5,23.087717241141945,53.22726782791389,45.22726782791389,8.0,18.0,1.0,0,0,40,0,20.0,8.0,12.0
269,1,right_lane,adaptive,True,1e-05,40,0,21.768957345971565,33.5,0.0,30.43378825305581,46.32744372467644,42.82744372467644,3.5,18.0,1.0,0,0,39,1,32.0,2.0,6.0
270,1,right_lane,adaptive,True,1e-05,40,0,23.391504197449517,11.5,0.0,13.982540139666526,59.17447619856812,45.42447619856812,13.75,18.0,1.0,0,0,40,0,12.0,1.0,27.0
271,1,right_lane,adaptive,True,1e-05,40,0,23.643957345971565,30.5,0.5,28.777130216360092,50.328689880449545,45.828689880449545,4.5,18.0,1.0,0,0,40,0,22.0,18.0,0.0
272,1,right_lane,adaptive,True,1e-05,40,0,21.625042530269543,6.0,0.0,7.268625582129971,59.847348659145815,42.59734865914582,17.25,18.0,1.0,0,0,39,1,2.0,7.0,31.0
273,1,right_lane,adaptive,True,1e-05,40,0,25.00249644062177,40.0,0.0,36.74780547618866,48.25306021918147,48.00306021918147,0.25,18.0,1.0,0,0,40,0,39.0,1.0,0.0
274,1,right_lane,adaptive,True,1e-05,40,0,22.768957345971565,39.0,0.0,36.086004823446274,44.928915307720416,44.428915307720416,0.5,18.0,1.0,0,0,40,0,38.0,2.0,0.0
275,1,right_lane,adaptive,True,1e-05,40,0,22.01895733123851,11.5,0.0,12.622618408272047,57.22954549350682,43.22954549350682,14.0,18.0,1.0,0,0,39,1,7.0,10.0,23.0
276,1,right_lane,adaptive,True,1e-05,40,0,24.00000570101725,30.0,0.0,27.928448616257583,51.3943908941002,46.394390894100205,5.0,18.0,1.0,0,0,39,1,28.0,4.0,8.0
277,1,right_lane,adaptive,True,1e-05,40,0,21.62749644062177,11.5,1.5,13.387454086325306,56.85257970698521,42.60257970698521,14.25,18.0,1.0,0,0,40,0,10.0,3.0,27.0
278,1,right_lane,adaptive,True,1e-05,5,1,28.84838684036547,3.5,0.0,3.677176132798195,7.018969619973083,6.768969619973083,0.25,18.0,1.0,0,0,5,0,4.0,1.0,0.0
279,1,right_lane,adaptive,True,1e-05,40,0,23.643957345971565,40.0,0.0,37.214846670627594,46.0793983296861,45.8293983296861,0.25,18.0,1.0,0,0,40,0,39.0,1.0,0.0
280,1,right_lane,adaptive,True,1e-05,40,0,23.51895724882166,11.5,0.0,12.392663848430857,59.623806199764836,45.623806199764836,14.0,18.0,1.0,0,0,40,0,8.0,8.0,24.0
281,1,right_lane,adaptive,True,1e-05,40,0,20.768957345971565,22.5,0.0,21.376164227724075,50.480331753553685,41.23033175355368,9.25,18.0,1.0,0,0,40,0,21.0,1.0,18.0
282,1,right_lane,adaptive,True,1e-05,40,0,22.518957345971565,14.5,0.0,15.65686869982892,56.52746460576188,44.02746460576188,12.5,18.0,1.0,0,0,40,0,13.0,4.0,23.0
283,1,right_lane,adaptive,True,1e-05,40,0,21.14395165797304,19.0,0.0,18.72357078641653,52.32806010600525,41.82806010600525,10.5,18.0,1.0,0,0,40,0,15.0,8.0,17.0
284,1,right_lane,adaptive,True,1e-05,40,0,21.64395734426102,40.0,0.0,36.33151090145111,42.63033175081764,42.63033175081764,0.0,18.0,1.0,0,0,40,0,40.0,0.0,0.0
285,1,right_lane,adaptive,True,1e-05,40,0,22.268957345941832,22.0,0.0,22.0477095246315,52.37462392361091,43.62462392361091,8.75,18.0,1.0,0,0,40,0,18.0,9.0,13.0
286,1,right_lane,adaptive,True,1e-05,40,0,27.625,31.0,0.0,30.39503641906049,56.19424136873549,52.1942413687355,4.0,18.0,1.0,0,0,40,0,30.0,4.0,6.0
287,1,right_lane,adaptive,True,1e-05,40,0,22.393957345971565,12.0,0.0,13.93782877177,57.827937786571475,43.827937786571475,14.0,18.0,1.0,0,0,40,0,9.0,6.0,25.0
288,1,right_lane,adaptive,True,1e-05,40,0,22.018957345971565,28.5,0.0,27.08441523462534,49.22746486946827,43.22746486946827,6.0,18.0,1.0,0,0,40,0,24.0,8.0,8.0
289,1,right_lane,adaptive,True,1e-05,40,0,26.018914053875744,21.5,0.5,21.62314500152911,58.37371457677373,49.62371457677373,8.75,18.0,1.0,0,0,39,1,19.0,7.0,14.0
290,1,right_lane,adaptive,True,1e-05,40,0,22.143957345971565,32.5,0.0,29.45178968329037,47.427337432114456,43.42733743211446,4.0,18.0,1.0,0,0,39,1,30.0,4.0,6.0
291,1,right_lane,adaptive,True,1e-05,40,0,21.018957345971565,9.5,0.0,11.178999022174594,56.380331574911445,41.63033157491145,14.75,18.0,1.0,0,0,40,0,10.0,1.0,29.0
292,1,right_lane,adaptive,True,1e-05,40,0,21.518957345971565,0.0,0.0,3.661680567937765,62.17939832968611,42.42939832968611,19.75,18.0,1.0,0,0,39,1,0.0,1.0,39.0
293,1,right_lane,adaptive,True,1e-05,40,0,22.518957345971558,3.5,0.0,6.241675186053953,62.02839910844839,44.02839910844838,18.0,18.0,1.0,0,0,38,2,1.0,6.0,33.0
294,1,right_lane,adaptive,True,1e-05,40,0,23.76895734574631,35.5,1.0,32.528613686561584,48.528014282214684,46.02801428221469,2.5,18.0,1.0,0,0,40,0,30.0,10.0,0.0
295,1,right_lane,adaptive,True,1e-05,40,0,20.893957345971565,13.0,0.0,14.220352545380592,54.42714185600387,41.42714185600387,13.0,18.0,1.0,0,0,40,0,11.0,6.0,23.0
296,1,right_lane,adaptive,True,1e-05,40,0,22.999956722633392,26.0,0.5,24.971120266942307,52.048751700741484,44.798751700741484,7.25,18.0,1.0,0,0,40,0,18.0,15.0,7.0
297,1,right_lane,adaptive,True,1e-05,40,0,21.393957247332974,28.0,0.5,26.719397649168968,48.22838924228774,42.22838924228774,6.0,18.0,1.0,0,0,40,0,26.0,4.0,10.0
298,1,right_lane,adaptive,True,1e-05,40,0,25.893957345971558,19.5,0.0,20.946074560284615,59.425853978322905,49.42585397832291,10.0,18.0,1.0,0,0,40,0,16.0,8.0,16.0
299,1,right_lane,adaptive,True,1e-05,40,0,22.893957345971494,27.5,0.0,25.28155680076634,51.37844647934585,44.62844647934585,6.75,18.0,1.0,0,0,39,1,24.0,5.0,11.0
300,1,right_lane,adaptive,True,1e-05,40,0,21.768957345971565,5.5,0.5,7.738440111423415,60.07941321940463,42.82941321940463,17.25,18.0,1.0,0,0,39,1,0.0,11.0,29.0
301,1,right_lane,adaptive,True,1e-05,11,1,23.705299033155487,11.0,0.0,10.813870370388031,12.630331574588414,12.630331574588414,0.0,18.0,1.0,0,0,11,0,11.0,0.0,0.0
302,1,right_lane,adaptive,True,1e-05,40,0,20.768957345971565,11.0,0.0,13.72616695612669,55.230258647089684,41.23025864708969,14.0,18.0,1.0,0,0,40,0,7.0,10.0,23.0
303,1,right_lane,adaptive,True,1e-05,40,0,23.018914151025655,21.5,0.0,21.4921978674829,54.07790680040274,44.82790680040274,9.25,18.0,1.0,0,0,40,0,20.0,3.0,17.0
304,1,right_lane,adaptive,True,1e-05,40,0,21.393957345971565,0.5,0.0,4.125293739140034,61.72963839496077,42.22963839496078,19.5,18.0,1.0,0,0,40,0,0.0,2.0,38.0
305,1,right_lane,adaptive,True,1e-05,40,0,21.893956596934782,14.5,0.0,14.259786965070816,56.02859298283077,43.02859298283078,13.0,18.0,1.0,0,0,40,0,9.0,10.0,21.0
306,1,right_lane,adaptive,True,1e-05,40,0,24.518585416342905,7.0,0.0,9.091297939153378,63.477159008562325,47.227159008562325,16.25,18.0,1.0,0,0,38,2,1.0,13.0,26.0
307,1,right_lane,adaptive,True,1e-05,40,0,22.518957345971565,35.5,0.0,34.29416701197624,46.778896265538705,44.028896265538705,2.75,18.0,1.0,0,0,40,0,34.0,1.0,5.0
308,1,right_lane,adaptive,True,1e-05,40,0,21.893957345970982,23.0,1.0,23.150385365439433,51.27664006600621,43.02664006600621,8.25,18.0,1.0,0,0,40,0,15.0,17.0,8.0
309,1,right_lane,adaptive,True,1e-05,40,0,22.624999915869275,28.0,0.0,27.15273869356497,49.94516246462609,44.19516246462608,5.75,18.0,1.0,0,0,40,0,27.0,3.0,10.0
310,1,right_lane,adaptive,True,1e-05,40,0,22.643957345971565,19.0,0.0,18.955494715577515,54.72674073036272,44.22674073036273,10.5,18.0,1.0,0,0,40,0,15.0,8.0,17.0
311,1,right_lane,adaptive,True,1e-05,40,0,23.518957345971565,14.5,0.0,14.959739202488322,58.378672410007496,45.6286724100075,12.75,18.0,1.0,0,0,39,1,12.0,5.0,23.0
312,1,right_lane,adaptive,True,1e-05,40,0,26.143956595220253,17.0,0.0,15.785947753219261,61.82509195259547,49.82509195259546,12.0,18.0,1.0,0,0,40,0,11.0,10.0,19.0
313,1,right_lane,adaptive,True,1e-05,40,0,22.643957345971565,28.0,0.5,25.66916114417836,50.47709740252867,44.22709740252867,6.25,18.0,1.0,0,0,40,0,26.0,3.0,11.0
314,1,right_lane,adaptive,True,1e-05,40,0,21.26895734596765,28.0,0.0,26.053246455696353,48.02620243555422,42.02620243555422,6.0,18.0,1.0,0,0,40,0,26.0,4.0,10.0
315,1,right_lane,adaptive,True,1e-05,40,0,23.856414695510455,14.5,0.0,14.676475223925536,58.916328136613956,46.166328136613956,12.75,18.0,1.0,0,0,39,1,0.0,29.0,11.0
316,1,right_lane,adaptive,True,1e-05,40,0,21.268957345971565,30.5,0.0,27.883216163563702,47.27829676420163,42.028296764201635,5.25,18.0,1.0,0,0,40,0,28.0,3.0,9.0
317,1,right_lane,adaptive,True,1e-05,40,0,23.39395724713693,19.0,0.0,19.422872193157673,55.92791035317276,45.42791035317277,10.5,18.0,1.0,0,0,40,0,16.0,6.0,18.0
318,1,right_lane,adaptive,True,1e-05,40,0,21.87500000171446,28.5,1.0,27.239260114729404,48.99660394423615,42.99660394423615,6.0,18.0,1.0,0,0,40,0,17.0,22.0,1.0
319,1,right_lane,adaptive,True,1e-05,40,0,20.518957345971565,4.5,0.5,5.066109029668951,58.57803996926284,40.82803996926283,17.75,18.0,1.0,0,0,40,0,3.0,3.0,34.0
320,1,right_lane,adaptive,True,1e-05,40,0,21.018957345971565,8.0,0.5,10.508310653269291,57.62828167196247,41.628281671962476,16.0,18.0,1.0,0,0,40,0,5.0,6.0,29.0
321,1,right_lane,adaptive,True,1e-05,40,0,23.018957345971565,40.0,0.0,37.12460935115814,44.830331753554496,44.830331753554496,0.0,18.0,1.0,0,0,40,0,40.0,0.0,0.0
322,1,right_lane,adaptive,True,1e-05,40,0,26.018957345745783,6.0,0.0,6.543963633046928,66.37373408617687,49.62373408617689,16.75,18.0,1.0,0,0,39,1,2.0,9.0,29.0
323,1,right_lane,adaptive,True,1e-05,40,0,22.268957345971565,12.5,0.0,14.535488941100994,57.129154544968024,43.629154544968024,13.5,18.0,1.0,0,0,40,0,8.0,10.0,22.0
324,1,right_lane,adaptive,True,1e-05,40,0,21.518957345971565,35.5,0.0,32.7918700799346,44.67664261643918,42.42664261643919,2.25,18.0,1.0,0,0,40,0,32.0,7.0,1.0
325,1,right_lane,adaptive,True,1e-05,40,0,25.643585317508656,28.0,0.5,26.52146428823471,55.52486922559112,49.02486922559112,6.5,18.0,1.0,0,0,40,0,20.0,14.0,6.0
326,1,right_lane,adaptive,True,1e-05,40,0,25.106042752670938,6.5,0.5,7.259792913694923,65.41582450113138,48.165824501131375,17.25,18.0,1.0,0,0,38,2,1.0,9.0,30.0
327,1,right_lane,adaptive,True,1e-05,40,0,20.393957345971565,33.5,0.0,31.924091778695583,44.12839717648496,40.62839717648496,3.5,18.0,1.0,0,0,40,0,27.0,12.0,1.0
328,1,right_lane,adaptive,True,1e-05,40,0,20.893957345971565,39.5,0.0,35.47724533081055,41.92939766774115,41.42939766774115,0.5,18.0,1.0,0,0,40,0,38.0,2.0,0.0
329,1,right_lane,adaptive,True,1e-05,40,0,25.393957345971554,6.5,0.0,8.360323398346736,65.37541974676746,48.62541974676747,16.75,18.0,1.0,0,0,40,0,4.0,5.0,31.0
330,1,right_lane,adaptive,True,1e-05,40,0,21.893957345971565,40.0,0.0,36.46851050853729,43.27939766774183,43.02939766774183,0.25,18.0,1.0,0,0,40,0,39.0,1.0,0.0
331,1,right_lane,adaptive,True,1e-05,40,0,21.268957345971565,15.0,0.5,16.98784787207842,54.27962415627544,42.02962415627543,12.25,18.0,1.0,0,0,40,0,8.0,15.0,17.0
332,1,right_lane,adaptive,True,1e-05,40,0,22.39395734596719,2.0,1.0,4.967036664063926,62.8303227288401,43.8303227288401,19.0,18.0,1.0,0,0,40,0,0.0,4.0,36.0
333,1,right_lane,adaptive,True,1e-05,40,0,22.393957345971565,30.0,0.0,27.86030452778141,48.8261213383456,43.826121338345594,5.0,18.0,1.0,0,0,40,0,26.0,8.0,6.0
334,1,right_lane,adaptive,True,1e-05,40,0,21.018957345971565,3.5,0.0,6.2560027419040125,59.87939766843071,41.62939766843072,18.25,18.0,1.0,0,0,40,0,0.0,7.0,33.0
335,1,right_lane,adaptive,True,1e-05,40,0,25.518957345745793,6.0,0.0,7.3269522729456185,65.82696031249469,48.8269603124947,17.0,18.0,1.0,0,0,38,2,5.0,2.0,33.0
336,1,right_lane,adaptive,True,1e-05,40,0,22.39395723409246,10.0,0.5,11.920443633606737,58.82733545565988,43.82733545565988,15.0,18.0,1.0,0,0,39,1,4.0,12.0,24.0
337,1,right_lane,adaptive,True,1e-05,40,0,22.393957345971565,1.5,0.0,4.801131431003341,63.078692083045624,43.82869208304563,19.25,18.0,1.0,0,0,40,0,0.0,3.0,37.0
338,1,right_lane,adaptive,True,1e-05,40,0,22.018957345971565,12.0,0.0,12.755324414596544,57.47559621088433,43.22559621088433,14.25,18.0,1.0,0,0,40,0,9.0,5.0,26.0
339,1,right_lane,adaptive,True,1e-05,40,0,21.766504197449517,33.5,0.5,30.460795380607124,46.57445487573145,42.82445487573145,3.75,18.0,1.0,0,0,40,0,32.0,1.0,7.0
340,1,right_lane,adaptive,True,1e-05,40,0,22.143957248821216,1.5,0.5,4.967048439145856,62.17743032578475,43.427430325784755,18.75,18.0,1.0,0,0,39,1,1.0,3.0,36.0
341,1,right_lane,adaptive,True,1e-05,40,0,20.768957345971565,7.0,0.0,9.085854988894425,57.47839840304875,41.22839840304875,16.25,18.0,1.0,0,0,40,0,1.0,13.0,26.0
342,1,right_lane,adaptive,True,1e-05,40,0,21.73353910766938,19.5,1.0,20.483372800052166,52.52125871024095,42.77125871024095,9.75,18.0,1.0,0,0,40,0,18.0,5.0,17.0
343,1,right_lane,adaptive,True,1e-05,40,0,24.125000098863843,32.5,0.0,31.25765574723482,50.34641036863178,46.59641036863178,3.75,18.0,1.0,0,0,40,0,30.0,5.0,5.0
344,1,right_lane,adaptive,True,1e-05,40,0,22.643957345971565,15.0,0.5,16.143017916632743,56.47744304331575,44.22744304331575,12.25,18.0,1.0,0,0,40,0,12.0,7.0,21.0
345,1,right_lane,adaptive,True,1e-05,40,0,21.76895734597105,15.0,0.0,16.135733176022768,55.329379047219064,42.829379047219064,12.5,18.0,1.0,0,0,40,0,10.0,10.0,20.0
346,1,right_lane,adaptive,True,1e-05,40,0,24.143957344035314,34.0,0.0,31.95307550564712,49.87798207920939,46.62798207920939,3.25,18.0,1.0,0,0,39,1,32.0,3.0,5.0
347,1,right_lane,adaptive,True,1e-05,40,0,21.893957345971565,4.5,1.0,7.7213926978292875,60.2774382197591,43.027438219759105,17.25,18.0,1.0,0,0,40,0,2.0,7.0,31.0
348,1,right_lane,adaptive,True,1e-05,40,0,22.39395734426101,27.5,0.0,25.994732096791267,50.32801038586338,43.82801038586338,6.5,18.0,1.0,0,0,40,0,25.0,4.0,11.0
349,1,right_lane,adaptive,True,1e-05,40,0,23.018957345971565,34.5,0.0,31.82887727022171,47.576760210672425,44.82676021067243,2.75,18.0,1.0,0,0,40,0,31.0,7.0,2.0
350,1,right_lane,adaptive,True,1e-05,40,0,23.018957345971565,3.5,0.0,6.065289117807879,63.07885861200956,44.828858612009554,18.25,18.0,1.0,0,0,40,0,0.0,7.0,33.0
351,1,right_lane,adaptive,True,1e-05,40,0,24.01895733317816,26.0,0.0,23.944049112829816,53.92700271161749,46.42700271161749,7.5,18.0,1.0,0,0,40,0,24.0,2.0,14.0
352,1,right_lane,adaptive,True,1e-05,40,0,24.62532874938229,39.5,0.0,37.09245818853378,47.64913128307523,47.39913128307523,0.25,18.0,1.0,0,0,40,0,39.0,1.0,0.0
353,1,right_lane,adaptive,True,1e-05,40,0,22.125328749382287,1.5,0.0,4.854435773777368,62.39730727214008,43.39730727214009,19.0,18.0,1.0,0,0,40,0,0.0,4.0,36.0
354,1,right_lane,adaptive,True,1e-05,16,1,23.484893364290173,0.0,0.0,0.6770643089239456,25.979398329277316,18.22939832927731,7.75,18.0,1.0,0,0,16,0,0.0,1.0,15.0
355,1,right_lane,adaptive,True,1e-05,40,0,22.268957345971565,23.5,0.0,21.673181895901507,52.37898849095588,43.62898849095588,8.75,18.0,1.0,0,0,40,0,18.0,9.0,13.0
356,1,right_lane,adaptive,True,1e-05,40,0,22.893951559138863,34.5,0.0,31.80377347767353,47.87576055708036,44.62576055708036,3.25,18.0,1.0,0,0,40,0,28.0,11.0,1.0
357,1,right_lane,adaptive,True,1e-05,40,0,22.268957345971565,38.5,0.0,35.3744730502367,44.87690066943978,43.62690066943978,1.25,18.0,1.0,0,0,40,0,36.0,3.0,1.0
358,1,right_lane,adaptive,True,1e-05,40,0,23.89395734428684,12.5,0.0,12.329822876654362,60.47941485965075,46.22941485965075,14.25,18.0,1.0,0,0,40,0,9.0,5.0,26.0
359,1,right_lane,adaptive,True,1e-05,40,0,23.893951657973492,28.5,0.0,26.596919616404193,52.22516305288565,46.22516305288564,6.0,18.0,1.0,0,0,39,1,23.0,10.0,7.0
360,1,right_lane,adaptive,True,1e-05,40,0,23.502167691243393,9.0,0.0,9.677017781550603,61.35212241707603,45.60212241707603,15.75,18.0,1.0,0,0,40,0,0.0,17.0,23.0
361,1,right_lane,adaptive,True,1e-05,40,0,22.64395734596765,18.5,0.0,18.246144643058642,55.22744649032765,44.22744649032765,11.0,18.0,1.0,0,0,39,1,17.0,2.0,21.0
362,1,right_lane,adaptive,True,1e-05,40,0,23.393957345971565,27.0,0.0,26.426865253804408,52.428915226886396,45.4289152268864,7.0,18.0,1.0,0,0,40,0,25.0,2.0,13.0
363,1,right_lane,adaptive,True,1e-05,40,0,22.768957234088553,34.0,0.5,32.28554759174585,47.42653461685594,44.42653461685594,3.0,18.0,1.0,0,0,40,0,30.0,8.0,2.0
364,1,right_lane,adaptive,True,1e-05,40,0,23.143957247332974,9.5,0.0,11.171806475267658,60.27671776604987,45.02671776604987,15.25,18.0,1.0,0,0,40,0,8.0,3.0,29.0
365,1,right_lane,adaptive,True,1e-05,40,0,24.268957345971494,25.5,0.0,24.840863329951844,54.07677150029283,46.82677150029282,7.25,18.0,1.0,0,0,39,1,24.0,3.0,13.0
366,1,right_lane,adaptive,True,1e-05,40,0,25.266423215432685,20.5,0.0,20.962399159804136,57.92061951073596,48.42061951073596,9.5,18.0,1.0,0,0,40,0,16.0,10.0,14.0
367,1,right_lane,adaptive,True,1e-05,40,0,23.893957345971565,34.5,0.0,32.34635548319852,48.977455949666684,46.22745594966668,2.75,18.0,1.0,0,0,39,1,33.0,3.0,4.0
368,1,right_lane,adaptive,True,1e-05,40,0,25.268957345971558,36.5,0.0,33.58845663070679,50.427983226440745,48.427983226440745,2.0,18.0,1.0,0,0,40,0,32.0,8.0,0.0
369,1,right_lane,adaptive,True,1e-05,40,0,20.893957345971565,39.0,0.0,35.676243394613266,41.9280628930581,41.4280628930581,0.5,18.0,1.0,0,0,40,0,38.0,2.0,0.0
370,1,right_lane,adaptive,True,1e-05,40,0,23.268957345971565,22.5,0.0,23.018083106726408,53.97744533093493,45.22744533093493,8.75,18.0,1.0,0,0,40,0,16.0,13.0,11.0
371,1,right_lane,adaptive,True,1e-05,40,0,21.893957345967717,17.5,0.0,17.35219426324693,54.27408795988687,43.02408795988686,11.25,18.0,1.0,0,0,40,0,14.0,7.0,19.0
372,1,right_lane,adaptive,True,1e-05,40,0,26.374671250817595,15.5,0.0,16.30785884051511,62.445479515742235,50.19547951574224,12.25,18.0,1.0,0,0,40,0,11.0,9.0,20.0
373,1,right_lane,adaptive,True,1e-05,40,0,22.981085946132076,36.5,0.5,33.81211730837822,46.516953604682314,44.766953604682314,1.75,18.0,1.0,0,0,40,0,33.0,7.0,0.0
374,1,right_lane,adaptive,True,1e-05,40,0,22.018957345971565,12.0,0.0,13.61073157089595,56.977464160344454,43.227464160344454,13.75,18.0,1.0,0,0,40,0,10.0,5.0,25.0
375,1,right_lane,adaptive,True,1e-05,40,0,23.143957345971565,34.5,0.0,32.35359662771225,47.77931757487243,45.02931757487243,2.75,18.0,1.0,0,0,40,0,29.0,11.0,0.0
376,1,right_lane,adaptive,True,1e-05,40,0,22.268957345971558,18.5,0.5,18.035498808132502,54.62606203311862,43.62606203311861,11.0,18.0,1.0,0,0,39,1,16.0,4.0,20.0
377,1,right_lane,adaptive,True,1e-05,40,0,21.643957345971565,39.0,0.0,36.245995581150055,43.62870484961889,42.62870484961889,1.0,18.0,1.0,0,0,40,0,37.0,2.0,1.0
378,1,right_lane,adaptive,True,1e-05,40,0,22.893957345971565,34.0,0.0,31.405808955430984,47.87662969522011,44.626629695220096,3.25,18.0,1.0,0,0,40,0,30.0,7.0,3.0
379,1,right_lane,adaptive,True,1e-05,40,0,24.393957345971565,17.0,0.5,18.893877811729908,58.02345709182987,47.02345709182987,11.0,18.0,1.0,0,0,40,0,14.0,8.0,18.0
380,1,right_lane,adaptive,True,1e-05,40,0,23.877496440366276,38.0,0.0,36.01082509756088,47.20233643218374,46.20233643218374,1.0,18.0,1.0,0,0,40,0,36.0,4.0,0.0
381,1,right_lane,adaptive,True,1e-05,40,0,21.89395734425717,5.0,1.5,7.525077888491069,60.278478289840834,43.028478289840834,17.25,18.0,1.0,0,0,40,0,0.0,11.0,29.0
382,1,right_lane,adaptive,True,1e-05,40,0,22.768957345745857,40.0,0.0,37.89379423856735,44.43033175319337,44.43033175319337,0.0,18.0,1.0,0,0,40,0,40.0,0.0,0.0
383,1,right_lane,adaptive,True,1e-05,40,0,24.893957345971565,13.5,0.5,15.81836607757623,60.826337084624925,47.826337084624925,13.0,18.0,1.0,0,0,40,0,1.0,26.0,13.0
384,1,right_lane,adaptive,True,1e-05,40,0,21.268957345971565,12.5,0.5,14.670324936509132,55.279809679975216,42.029809679975216,13.25,18.0,1.0,0,0,40,0,8.0,11.0,21.0
385,1,right_lane,adaptive,True,1e-05,40,0,26.393957345716057,20.5,0.0,19.019482963621215,60.477027048270266,50.22702704827028,10.25,18.0,1.0,0,0,39,1,17.0,5.0,18.0
386,1,right_lane,adaptive,True,1e-05,40,0,21.75249644062177,36.0,0.0,35.14977749437094,44.30259635526714,42.80259635526714,1.5,18.0,1.0,0,0,40,0,36.0,2.0,2.0
387,1,right_lane,adaptive,True,1e-05,40,0,22.143957345971565,40.0,0.0,36.92492914199829,43.4303317535545,43.4303317535545,0.0,18.0,1.0,0,0,40,0,40.0,0.0,0.0
388,1,right_lane,adaptive,True,1e-05,40,0,22.143957345971565,28.5,0.0,26.811802439391613,49.17709488283289,43.42709488283289,5.75,18.0,1.0,0,0,40,0,27.0,3.0,10.0
389,1,right_lane,adaptive,True,1e-05,40,0,22.893957345971565,30.5,0.0,27.98610637523234,49.878419766327426,44.62841976632742,5.25,18.0,1.0,0,0,40,0,29.0,1.0,10.0
390,1,right_lane,adaptive,True,1e-05,19,1,24.25043628276588,4.0,0.0,4.616119411872205,29.976754661082733,22.226754661082733,7.75,18.0,1.0,0,0,19,0,2.0,3.0,14.0
391,1,right_lane,adaptive,True,1e-05,40,0,21.018957345971565,35.0,0.5,33.08770641684532,44.12852615611924,41.62852615611924,2.5,18.0,1.0,0,0,40,0,30.0,10.0,0.0
392,1,right_lane,adaptive,True,1e-05,40,0,24.893957345971494,10.0,0.5,11.862099808821313,62.82353165410015,47.82353165410016,15.0,18.0,1.0,0,0,39,1,6.0,8.0,26.0
393,1,right_lane,adaptive,True,1e-05,40,0,22.14395734596765,40.0,0.0,36.23974746465683,43.67939766773489,43.42939766773489,0.25,18.0,1.0,0,0,40,0,39.0,1.0,0.0
394,1,right_lane,adaptive,True,1e-05,40,0,23.143957345971565,11.0,0.0,12.068036901791857,59.52648394806129,45.0264839480613,14.5,18.0,1.0,0,0,40,0,10.0,2.0,28.0
395,1,right_lane,adaptive,True,1e-05,40,0,22.268957345971565,4.5,0.0,7.960823696106672,61.126029393147036,43.62602939314704,17.5,18.0,1.0,0,0,40,0,3.0,4.0,33.0
396,1,right_lane,adaptive,True,1e-05,40,0,23.856334562857636,27.5,0.5,26.493579491972923,52.66688303350317,46.166883033503176,6.5,18.0,1.0,0,0,40,0,15.0,24.0,1.0
397,1,right_lane,adaptive,True,1e-05,40,0,20.893957345971565,26.5,1.0,25.633773908019066,48.1780571297715,41.4280571297715,6.75,18.0,1.0,0,0,40,0,18.0,17.0,5.0
398,1,right_lane,adaptive,True,1e-05,40,0,24.268957345971046,16.5,0.0,17.653927156858572,58.07393726909666,46.82393726909666,11.25,18.0,1.0,0,0,40,0,14.0,7.0,19.0
399,1,right_lane,adaptive,True,1e-05,40,0,22.018957345971565,31.5,0.0,31.144222497940063,47.72805229160321,43.22805229160321,4.5,18.0,1.0,0,0,40,0,28.0,6.0,6.0
400,1,right_lane,adaptive,True,1e-05,40,0,23.018957345971565,33.5,0.0,30.945185601711273,48.323753788961795,44.823753788961795,3.5,18.0,1.0,0,0,40,0,28.0,10.0,2.0
401,1,right_lane,adaptive,True,1e-05,40,0,22.143957344257046,6.5,1.5,9.721970806072932,59.67744983782754,43.42744983782754,16.25,18.0,1.0,0,0,40,0,1.0,13.0,26.0
402,1,right_lane,adaptive,True,1e-05,40,0,20.768957345971565,31.5,0.5,29.57003378123045,45.72839840434077,41.22839840434077,4.5,18.0,1.0,0,0,40,0,23.0,16.0,1.0
403,1,right_lane,adaptive,True,1e-05,40,0,24.518957345971494,28.0,0.0,26.736902841086703,53.226963433152534,47.22696343315253,6.0,18.0,1.0,0,0,40,0,27.0,2.0,11.0
404,1,right_lane,adaptive,True,1e-05,40,0,24.768957345971565,23.5,1.0,24.377887651324272,55.37962358348229,47.62962358348229,7.75,18.0,1.0,0,0,40,0,16.0,17.0,7.0
405,1,right_lane,adaptive,True,1e-05,40,0,22.018957345971554,34.0,0.0,31.940388686954975,46.22753143519495,43.22753143519495,3.0,18.0,1.0,0,0,40,0,30.0,8.0,2.0
406,1,right_lane,adaptive,True,1e-05,40,0,21.125043292099726,0.0,0.0,2.637206044048071,61.80006926735957,41.80006926735956,20.0,18.0,1.0,0,0,40,0,0.0,0.0,40.0
407,1,right_lane,adaptive,True,1e-05,40,0,21.000043292099726,4.5,0.0,7.3982996344566345,59.347137489000225,41.597137489000225,17.75,18.0,1.0,0,0,40,0,2.0,5.0,33.0
408,1,right_lane,adaptive,True,1e-05,40,0,24.268957345971565,39.5,0.0,37.75744980573654,47.07893676640492,46.82893676640492,0.25,18.0,1.0,0,0,40,0,39.0,1.0,0.0
409,1,right_lane,adaptive,True,1e-05,40,0,21.268957334666847,7.0,0.5,8.146230185618151,59.02987471132442,42.02987471132442,17.0,18.0,1.0,0,0,39,1,3.0,6.0,31.0
410,1,right_lane,adaptive,True,1e-05,40,0,25.51895734597155,18.0,0.0,17.802360618484272,60.076337034621375,48.826337034621375,11.25,18.0,1.0,0,0,40,0,9.0,17.0,14.0
411,1,right_lane,adaptive,True,1e-05,40,0,22.643957345967713,4.0,1.5,6.00034135013766,62.228081962476985,44.228081962476985,18.0,18.0,1.0,0,0,39,1,0.0,8.0,32.0
412,1,right_lane,adaptive,True,1e-05,40,0,21.768957345971565,0.5,0.0,4.184687466536218,62.32963839496078,42.82963839496079,19.5,18.0,1.0,0,0,39,1,0.0,2.0,38.0
413,1,right_lane,adaptive,True,1e-05,40,0,22.393957345971565,0.0,0.0,0.5783292396063189,63.8303317535545,43.830331753554496,20.0,18.0,1.0,0,0,40,0,0.0,0.0,40.0
414,1,right_lane,adaptive,True,1e-05,40,0,22.018957345971565,0.0,0.0,1.0295538588579802,62.979398329686106,43.22939832968609,19.75,18.0,1.0,0,0,40,0,0.0,1.0,39.0
415,1,right_lane,adaptive,True,1e-05,40,0,21.268957345971565,9.0,0.0,10.76764912258318,57.52853680474925,42.028536804749244,15.5,18.0,1.0,0,0,39,1,8.0,2.0,30.0
416,1,right_lane,adaptive,True,1e-05,40,0,25.26895734597098,25.0,0.0,23.91175338599669,55.92725426439092,48.42725426439093,7.5,18.0,1.0,0,0,39,1,22.0,6.0,12.0
417,1,right_lane,adaptive,True,1e-05,40,0,22.518956694084682,19.0,0.5,19.155876861012075,54.526914476447175,44.02691447644717,10.5,18.0,1.0,0,0,40,0,7.0,24.0,9.0
418,1,right_lane,adaptive,True,1e-05,40,0,20.893957345971565,11.0,0.0,12.591074954718351,55.928398404340776,41.428398404340776,14.5,18.0,1.0,0,0,40,0,10.0,2.0,28.0
419,1,right_lane,adaptive,True,1e-05,40,0,21.143957345971565,39.5,0.0,35.11139076948166,42.57839840434076,41.82839840434076,0.75,18.0,1.0,0,0,40,0,38.0,1.0,1.0
420,1,right_lane,adaptive,True,1e-05,40,0,23.393957345941832,24.5,0.0,24.484626337885857,52.92753046996474,45.42753046996474,7.5,18.0,1.0,0,0,40,0,22.0,6.0,12.0
421,1,right_lane,adaptive,True,1e-05,40,0,26.14395734597149,12.5,0.0,14.158418539136619,63.574227134929764,49.824227134929764,13.75,18.0,1.0,0,0,40,0,7.0,11.0,22.0
422,1,right_lane,adaptive,True,1e-05,40,0,23.64391480462308,33.5,0.0,31.03430315495325,49.07666773737782,45.82666773737781,3.25,18.0,1.0,0,0,39,1,31.0,5.0,4.0
423,1,right_lane,adaptive,True,1e-05,40,0,22.768957234121675,14.5,0.0,14.448702903204321,57.17821070827382,44.428210708273824,12.75,18.0,1.0,0,0,40,0,11.0,7.0,22.0
424,1,right_lane,adaptive,True,1e-05,40,0,24.00000009886436,35.0,0.0,32.25496559926614,49.146517166323264,46.396517166323264,2.75,18.0,1.0,0,0,40,0,32.0,5.0,3.0
425,1,right_lane,adaptive,True,1e-05,40,0,25.62500000000052,30.5,0.0,30.006086744368076,53.246650536485994,48.996650536485994,4.25,18.0,1.0,0,0,40,0,28.0,7.0,5.0
426,1,right_lane,adaptive,True,1e-05,40,0,20.893957345971565,19.5,0.5,19.594396337866783,51.67805365854723,41.42805365854723,10.25,18.0,1.0,0,0,40,0,14.0,11.0,15.0
427,1,right_lane,adaptive,True,1e-05,40,0,24.268957345971053,18.0,0.5,19.594558384269476,57.328469847298585,46.828469847298585,10.5,18.0,1.0,0,0,40,0,15.0,8.0,17.0
428,1,right_lane,adaptive,True,1e-05,40,0,22.768957345971565,24.0,0.5,22.20916119425283,52.924277471386574,44.424277471386574,8.5,18.0,1.0,0,0,39,1,21.0,4.0,15.0
429,1,right_lane,adaptive,True,1e-05,40,0,21.768957345971565,40.0,0.0,37.07695358991623,42.8303317535545,42.8303317535545,0.0,18.0,1.0,0,0,40,0,40.0,0.0,0.0
430,1,right_lane,adaptive,True,1e-05,40,0,21.768957345971565,12.0,1.5,13.798343796283007,56.578471046163436,42.82847104616344,13.75,18.0,1.0,0,0,40,0,9.0,7.0,24.0
431,1,right_lane,adaptive,True,1e-05,40,0,20.893956596934782,12.0,0.0,13.597619283944368,54.930330534265444,41.43033053426545,13.5,18.0,1.0,0,0,40,0,11.0,4.0,25.0
432,1,right_lane,adaptive,True,1e-05,40,0,21.393671888689,39.5,0.0,36.789733588695526,42.47801562466184,42.22801562466184,0.25,18.0,1.0,0,0,40,0,39.0,1.0,0.0
433,1,right_lane,adaptive,True,1e-05,40,0,24.62467200136896,29.5,0.0,27.52214783177442,52.89470243424374,47.39470243424373,5.5,18.0,1.0,0,0,40,0,25.0,8.0,7.0
434,1,right_lane,adaptive,True,1e-05,40,0,23.518957345967646,21.5,0.0,21.161496481247013,55.376882217940754,45.626882217940754,9.75,18.0,1.0,0,0,40,0,18.0,5.0,17.0
435,1,right_lane,adaptive,True,1e-05,40,0,21.768914066891014,15.0,0.0,15.841568686068058,55.577407746698235,42.82740774669825,12.75,18.0,1.0,0,0,40,0,12.0,5.0,23.0
436,1,right_lane,adaptive,True,1e-05,40,0,24.018957345971565,30.0,0.0,28.414127378811827,51.425614649916604,46.42561464991661,5.0,18.0,1.0,0,0,40,0,27.0,6.0,7.0
437,1,right_lane,adaptive,True,1e-05,29,1,24.50890666614123,22.5,0.0,20.935603460267885,37.97839555440914,34.22839555440913,3.75,18.0,1.0,0,0,29,0,21.0,1.0,7.0
438,1,right_lane,adaptive,True,1e-05,40,0,25.893628596392716,20.5,0.0,20.18617761497626,59.169321444561334,49.41932144456134,9.75,18.0,1.0,0,0,40,0,17.0,7.0,16.0
439,1,right_lane,adaptive,True,1e-05,40,0,22.643957345971565,36.0,0.0,33.22243369370699,46.4760292449355,44.2260292449355,2.25,18.0,1.0,0,0,40,0,34.0,3.0,3.0
440,1,right_lane,adaptive,True,1e-05,40,0,20.893957345971565,40.0,0.0,36.9457271695137,41.430331753554505,41.430331753554505,0.0,18.0,1.0,0,0,40,0,40.0,0.0,0.0
441,1,right_lane,adaptive,True,1e-05,14,1,28.51726473006011,2.0,0.0,2.573326842550898,24.767027602232883,18.767027602232883,6.0,18.0,1.0,0,0,13,1,1.0,2.0,11.0
442,1,right_lane,adaptive,True,1e-05,40,0,24.018957345971554,24.0,0.5,23.712670259410515,54.67342900978128,46.42342900978129,8.25,18.0,1.0,0,0,40,0,17.0,13.0,10.0
443,1,right_lane,adaptive,True,1e-05,40,0,22.500000001714447,28.5,0.0,27.258415165462793,49.74626933821292,43.996269338212926,5.75,18.0,1.0,0,0,40,0,27.0,3.0,10.0
444,1,right_lane,adaptive,True,1e-05,40,0,24.14395733317816,34.5,0.0,31.692856906149245,49.62626761271994,46.626267612719936,3.0,18.0,1.0,0,0,40,0,32.0,4.0,4.0
445,1,right_lane,adaptive,True,1e-05,40,0,22.393957345971565,19.5,0.5,19.40526782544248,53.828408082271295,43.8284080822713,10.0,18.0,1.0,0,0,39,1,16.0,8.0,16.0
446,1,right_lane,adaptive,True,1e-05,40,0,22.518957345971565,10.5,0.0,11.706375832095546,58.77835339945952,44.02835339945951,14.75,18.0,1.0,0,0,40,0,4.0,13.0,23.0
447,1,right_lane,adaptive,True,1e-05,40,0,25.14395734425377,3.0,0.0,4.456912911577774,66.98026631075493,48.23026631075494,18.75,18.0,1.0,0,0,38,2,0.0,5.0,35.0
448,1,right_lane,adaptive,True,1e-05,40,0,21.893919753400397,3.0,0.5,6.406451930684852,61.27841700275733,43.02841700275734,18.25,18.0,1.0,0,0,40,0,0.0,7.0,33.0
449,1,right_lane,adaptive,True,1e-05,40,0,23.75000009886436,3.0,0.0,5.940418269066868,64.24929202156055,45.999292021560564,18.25,18.0,1.0,0,0,40,0,0.0,7.0,33.0
450,1,right_lane,adaptive,True,1e-05,40,0,21.643957345971565,29.0,0.0,26.17693253270022,48.6289884675367,42.62898846753671,6.0,18.0,1.0,0,0,39,1,25.0,6.0,9.0
451,1,right_lane,adaptive,True,1e-05,40,0,24.89391405390157,22.5,0.5,21.673151526939364,57.07425681958723,47.82425681958724,9.25,18.0,1.0,0,0,39,1,17.0,9.0,14.0
452,1,right_lane,adaptive,True,1e-05,40,0,21.143957345971565,18.5,0.0,18.952433846890926,52.32939832968516,41.82939832968517,10.5,18.0,1.0,0,0,40,0,17.0,4.0,19.0
453,1,right_lane,adaptive,True,1e-05,40,0,25.51895734425659,7.0,0.0,9.084030760655878,64.82725434949973,48.827254349499725,16.0,18.0,1.0,0,0,40,0,6.0,4.0,30.0
454,1,right_lane,adaptive,True,1e-05,40,0,21.393957345971565,40.0,0.0,36.74467796087265,42.23033175355451,42.23033175355451,0.0,18.0,1.0,0,0,40,0,40.0,0.0,0.0
455,1,right_lane,adaptive,True,1e-05,40,0,22.50249644062177,24.5,0.0,24.067657001316547,51.753991348263185,44.003991348263185,7.75,18.0,1.0,0,0,40,0,23.0,3.0,14.0
456,1,right_lane,adaptive,True,1e-05,40,0,25.143957345941836,39.0,0.0,36.72731822729111,48.979638394913216,48.229638394913216,0.75,18.0,1.0,0,0,40,0,37.0,3.0,0.0
457,1,right_lane,adaptive,True,1e-05,40,0,22.018957345971565,39.5,0.0,35.589626491069794,43.978399108860906,43.228399108860906,0.75,18.0,1.0,0,0,40,0,38.0,1.0,1.0
458,1,right_lane,adaptive,True,1e-05,40,0,23.12749644062176,40.0,0.0,36.67217218875885,45.253060881126416,45.00306088112641,0.25,18.0,1.0,0,0,40,0,39.0,1.0,0.0
459,1,right_lane,adaptive,True,1e-05,40,0,22.143957345971565,10.5,0.0,12.526121586561203,58.17673569100354,43.42673569100354,14.75,18.0,1.0,0,0,40,0,7.0,7.0,26.0
460,1,right_lane,adaptive,True,1e-05,40,0,23.518957345971565,30.5,0.5,28.131994859568294,50.37728823116919,45.62728823116919,4.75,18.0,1.0,0,0,40,0,26.0,9.0,5.0
461,1,right_lane,adaptive,True,1e-05,40,0,22.518957345971554,29.0,0.0,28.59388566017151,49.028922120773665,44.028922120773665,5.0,18.0,1.0,0,0,40,0,27.0,6.0,7.0
462,1,right_lane,adaptive,True,1e-05,40,0,21.143957345971565,18.5,0.0,17.96659629046917,53.0803317535545,41.83033175355451,11.25,18.0,1.0,0,0,40,0,17.0,1.0,22.0
463,1,right_lane,adaptive,True,1e-05,40,0,23.643957345967713,31.0,0.0,28.65101770077854,50.824803753618696,45.824803753618696,5.0,18.0,1.0,0,0,40,0,28.0,4.0,8.0
464,1,right_lane,adaptive,True,1e-05,40,0,23.10853910766938,32.5,0.0,29.52374197302038,48.96971373310254,44.969713733102544,4.0,18.0,1.0,0,0,39,1,30.0,4.0,6.0
465,1,right_lane,adaptive,True,1e-05,40,0,21.893957345971565,15.5,0.5,17.156633108854294,55.27870484651463,43.02870484651463,12.25,18.0,1.0,0,0,40,0,12.0,7.0,21.0
466,1,right_lane,adaptive,True,1e-05,40,0,21.393957345971565,7.0,0.5,9.539882849901915,58.477060729382444,42.22706072938245,16.25,18.0,1.0,0,0,40,0,4.0,7.0,29.0
467,1,right_lane,adaptive,True,1e-05,40,0,23.500328749382295,9.5,0.0,10.271931636170848,60.84653836006554,45.59653836006554,15.25,18.0,1.0,0,0,39,1,1.0,17.0,22.0
468,1,right_lane,adaptive,True,1e-05,40,0,24.5189573459419,33.0,0.0,30.670891249770648,50.72497045459506,47.22497045459505,3.5,18.0,1.0,0,0,40,0,30.0,6.0,4.0
469,1,right_lane,adaptive,True,1e-05,40,0,20.893957345967657,39.5,0.0,35.95989055931568,42.17839840303769,41.42839840303769,0.75,18.0,1.0,0,0,40,0,38.0,1.0,1.0
470,1,right_lane,adaptive,True,1e-05,40,0,23.768957345971565,30.0,0.0,27.84575613213201,51.275712869739145,46.025712869739145,5.25,18.0,1.0,0,0,40,0,27.0,5.0,8.0
471,1,right_lane,adaptive,True,1e-05,40,0,24.266789654732086,28.0,0.0,25.306266856752245,53.322094530611956,46.822094530611956,6.5,18.0,1.0,0,0,40,0,25.0,4.0,11.0
472,1,right_lane,adaptive,True,1e-05,40,0,21.893957345971565,12.0,0.0,13.372037146240473,57.028320172874345,43.028320172874345,14.0,18.0,1.0,0,0,40,0,11.0,2.0,27.0
473,1,right_lane,adaptive,True,1e-05,40,0,23.393957345971565,11.5,0.0,14.15559708327055,59.17837714353317,45.42837714353317,13.75,18.0,1.0,0,0,40,0,12.0,1.0,27.0
474,1,right_lane,adaptive,True,1e-05,40,0,23.643957345971565,26.5,0.5,26.086838806935702,52.075469032429304,45.82546903242931,6.25,18.0,1.0,0,0,40,0,24.0,7.0,9.0
475,1,right_lane,adaptive,True,1e-05,40,0,23.481042654280035,35.5,0.0,35.4434877038002,47.56638542420378,45.56638542420378,2.0,18.0,1.0,0,0,40,0,32.0,8.0,0.0
476,1,right_lane,adaptive,True,1e-05,40,0,23.143957345971046,16.0,0.0,17.366329833690543,56.526179493046236,45.02617949304624,11.5,18.0,1.0,0,0,40,0,15.0,4.0,21.0
477,1,right_lane,adaptive,True,1e-05,40,0,21.39395239570556,5.5,0.0,6.828385673736193,59.478272506583174,42.228272506583174,17.25,18.0,1.0,0,0,40,0,0.0,11.0,29.0
478,1,right_lane,adaptive,True,1e-05,40,0,25.643957345941317,7.5,0.0,9.969655179000256,64.77510282258888,49.02510282258887,15.75,18.0,1.0,0,0,39,1,7.0,3.0,30.0
479,1,right_lane,adaptive,True,1e-05,11,1,26.43239401048844,11.0,0.0,10.73291164636612,13.830253364614917,13.830253364614917,0.0,18.0,1.0,0,0,11,0,11.0,0.0,0.0
480,1,right_lane,adaptive,True,1e-05,40,0,23.893957345971554,21.0,0.5,19.725098848581297,55.97727799305781,46.227277993057825,9.75,18.0,1.0,0,0,39,1,13.0,15.0,12.0
481,1,right_lane,adaptive,True,1e-05,40,0,23.393956595216483,14.5,0.5,14.704868024120515,58.17674825170121,45.426748251701206,12.75,18.0,1.0,0,0,40,0,10.0,9.0,21.0
482,1,right_lane,adaptive,True,1e-05,40,0,22.393957246911167,14.5,0.0,15.253539031517448,56.57439907004971,43.824399070049715,12.75,18.0,1.0,0,0,39,1,11.0,7.0,22.0
483,1,right_lane,adaptive,True,1e-05,40,0,23.768957345971565,15.5,0.5,16.898383274674416,58.525565405863105,46.025565405863105,12.5,18.0,1.0,0,0,40,0,13.0,4.0,23.0
484,1,right_lane,adaptive,True,1e-05,40,0,23.39395734597155,16.5,0.0,16.447175285837147,57.424794261067696,45.42479426106771,12.0,18.0,1.0,0,0,40,0,9.0,14.0,17.0
485,1,right_lane,adaptive,True,1e-05,40,0,21.768957260126378,0.0,0.5,2.6255737740184486,62.8303316162022,42.83033161620221,20.0,18.0,1.0,0,0,40,0,0.0,0.0,40.0
486,1,right_lane,adaptive,True,1e-05,40,0,20.643957345971565,40.0,0.0,37.80033653974533,41.030331753554506,41.030331753554506,0.0,18.0,1.0,0,0,40,0,40.0,0.0,0.0
487,1,right_lane,adaptive,True,1e-05,40,0,20.768957345971565,5.0,0.0,8.12099514901638,58.4783984043395,41.228398404339494,17.25,18.0,1.0,0,0,40,0,2.0,7.0,31.0
488,1,right_lane,adaptive,True,1e-05,40,0,24.143957345971565,29.0,0.0,27.25096496850165,52.12677584579609,46.626775845796104,5.5,18.0,1.0,0,0,40,0,26.0,6.0,8.0
489,1,right_lane,adaptive,True,1e-05,40,0,23.143957258411987,21.0,0.0,20.512949847287018,54.77579361090095,45.02579361090095,9.75,18.0,1.0,0,0,40,0,19.0,3.0,18.0
490,1,right_lane,adaptive,True,1e-05,40,0,22.643914152736198,25.5,0.5,23.53871111308763,51.98026128531435,44.23026128531435,7.75,18.0,1.0,0,0,40,0,24.0,1.0,15.0
491,1,right_lane,adaptive,True,1e-05,40,0,24.14145530322664,22.0,0.0,21.714173310825572,55.370827957969205,46.6208279579692,8.75,18.0,1.0,0,0,40,0,17.0,11.0,12.0
492,1,right_lane,adaptive,True,1e-05,40,0,23.143957345971554,9.0,0.0,10.786215814291154,60.52787253156555,45.02787253156554,15.5,18.0,1.0,0,0,39,1,7.0,4.0,29.0
493,1,right_lane,adaptive,True,1e-05,40,0,26.26646090534639,18.5,0.5,19.111051041751352,60.518842702677304,50.018842702677304,10.5,18.0,1.0,0,0,39,1,15.0,8.0,17.0
494,1,right_lane,adaptive,True,1e-05,40,0,23.518957345971046,18.5,0.0,17.757306952049476,56.87838027867992,45.62838027867992,11.25,18.0,1.0,0,0,39,1,17.0,1.0,22.0
495,1,right_lane,adaptive,True,1e-05,40,0,23.858867844032495,17.0,0.0,18.50099347723335,57.17185996387705,46.17185996387706,11.0,18.0,1.0,0,0,40,0,10.0,16.0,14.0
496,1,right_lane,adaptive,True,1e-05,40,0,23.268957345971565,40.0,0.0,36.816786885261536,45.23033175355451,45.23033175355451,0.0,18.0,1.0,0,0,40,0,40.0,0.0,0.0
497,1,right_lane,adaptive,True,1e-05,40,0,23.51613225463589,28.5,0.0,27.50894086433891,50.87018733508516,45.62018733508516,5.25,18.0,1.0,0,0,40,0,26.0,7.0,7.0
498,1,right_lane,adaptive,True,1e-05,40,0,21.8939573329563,25.0,0.5,24.135055471444502,50.52839890940139,43.02839890940138,7.5,18.0,1.0,0,0,40,0,21.0,8.0,11.0
499,1,right_lane,adaptive,True,1e-05,40,0,22.393957345971565,39.0,0.0,35.32775580883026,44.57963839496079,43.82963839496079,0.75,18.0,1.0,0,0,40,0,37.0,3.0,0.0
500,1,right_lane,adaptive,True,1e-05,40,0,22.10604910579648,31.5,0.5,28.712325280364894,47.86389408126987,43.36389408126987,4.5,18.0,1.0,0,0,40,0,27.0,8.0,5.0
501,1,right_lane,adaptive,True,1e-05,40,0,22.268957345971565,0.0,0.0,3.0751189963957586,63.63033175355451,43.6303317535545,20.0,18.0,1.0,0,0,39,1,0.0,0.0,40.0
502,1,right_lane,adaptive,True,1e-05,40,0,22.643957345971565,1.5,0.0,4.868037489053677,62.97673881118749,44.22673881118749,18.75,18.0,1.0,0,0,40,0,1.0,3.0,36.0
503,1,right_lane,adaptive,True,1e-05,40,0,24.143957345937917,9.5,-0.5,10.83426883824086,61.87725165537711,46.62725165537711,15.25,18.0,1.0,0,0,39,1,5.0,9.0,26.0
504,1,right_lane,adaptive,True,1e-05,40,0,21.250328749382287,40.0,0.0,36.93830418586731,42.000525999011664,42.000525999011664,0.0,18.0,1.0,0,0,40,0,40.0,0.0,0.0
505,1,right_lane,adaptive,True,1e-05,40,0,23.606049105796927,7.0,-0.5,8.53550186969369,62.2659626912247,45.765962691224715,16.5,18.0,1.0,0,0,40,0,4.0,6.0,30.0
506,1,right_lane,adaptive,True,1e-05,40,0,22.893957345971565,25.5,0.0,23.784338124125497,51.878929655045106,44.62892965504511,7.25,18.0,1.0,0,0,40,0,20.0,11.0,9.0
507,1,right_lane,adaptive,True,1e-05,40,0,21.768957345971565,30.5,0.0,28.278001263464375,47.828436118052984,42.828436118052984,5.0,18.0,1.0,0,0,40,0,27.0,6.0,7.0
508,1,right_lane,adaptive,True,1e-05,40,0,21.51895724713693,34.5,0.0,31.3967357952738,45.67847103126643,42.42847103126644,3.25,18.0,1.0,0,0,40,0,33.0,1.0,6.0
509,1,right_lane,adaptive,True,1e-05,40,0,23.2689573329529,17.0,-0.5,17.948728947073505,56.22613173410769,45.22613173410769,11.0,18.0,1.0,0,0,40,0,15.0,6.0,19.0
510,1,right_lane,adaptive,True,1e-05,40,0,24.643956593539507,13.0,0.0,13.637071195668,60.671798744522704,47.421798744522704,13.25,18.0,1.0,0,0,39,1,9.0,9.0,22.0
511,1,right_lane,adaptive,True,1e-05,40,0,20.893957345971565,40.0,0.0,38.505160093307495,41.67939766774115,41.42939766774115,0.25,18.0,1.0,0,0,40,0,39.0,1.0,0.0
512,1,right_lane,adaptive,True,1e-05,40,0,20.518957345971565,20.0,0.0,19.387233018875122,51.08026643038966,40.830266430389656,10.25,18.0,1.0,0,0,40,0,14.0,11.0,15.0
513,1,right_lane,adaptive,True,1e-05,40,0,23.393671888689,20.5,1.0,20.29561436106451,55.42197479140633,45.42197479140633,10.0,18.0,1.0,0,0,40,0,10.0,20.0,10.0
514,1,right_lane,adaptive,True,1e-05,40,0,22.018957345971565,36.5,0.5,33.407277166843414,45.227544586829644,43.227544586829644,2.0,18.0,1.0,0,0,40,0,32.0,8.0,0.0
515,1,right_lane,adaptive,True,1e-05,40,0,25.766460892330628,17.0,0.0,16.620990266750937,60.96987249291006,49.21987249291006,11.75,18.0,1.0,0,0,39,1,11.0,11.0,18.0
516,1,right_lane,adaptive,True,1e-05,40,0,24.518957345745722,21.0,0.0,20.23030102377129,56.97773861032387,47.22773861032387,9.75,18.0,1.0,0,0,39,1,15.0,11.0,14.0
517,1,right_lane,adaptive,True,1e-05,40,0,23.391461656101036,39.0,0.0,35.92051410675049,45.92405169483727,45.42405169483727,0.5,18.0,1.0,0,0,40,0,38.0,2.0,0.0
518,1,right_lane,adaptive,True,1e-05,40,0,22.51895734597105,32.0,0.0,29.052930846118443,48.52860469187467,44.02860469187467,4.5,18.0,1.0,0,0,39,1,28.0,6.0,6.0
519,1,right_lane,adaptive,True,1e-05,40,0,23.250043292099726,31.5,0.0,29.294991123054388,49.44672159602851,45.19672159602852,4.25,18.0,1.0,0,0,39,1,30.0,3.0,7.0
520,1,right_lane,adaptive,True,1e-05,40,0,21.64395734426102,12.5,0.5,14.164934195578098,56.12804396740189,42.62804396740189,13.5,18.0,1.0,0,0,40,0,7.0,12.0,21.0
521,1,right_lane,adaptive,True,1e-05,40,0,22.268957345971565,14.0,0.0,15.575954455069223,56.126048804149704,43.626048804149704,12.5,18.0,1.0,0,0,39,1,7.0,16.0,17.0
522,1,right_lane,adaptive,True,1e-05,40,0,24.143957345971497,11.0,0.0,12.790197716583862,60.6245368689601,46.624536868960114,14.0,18.0,1.0,0,0,40,0,8.0,8.0,24.0
523,1,right_lane,adaptive,True,1e-05,40,0,22.143951646668775,21.0,0.0,20.264024511321622,53.42897674586456,43.42897674586457,10.0,18.0,1.0,0,0,40,0,9.0,22.0,9.0
524,1,right_lane,adaptive,True,1e-05,40,0,23.12749644062177,27.5,0.0,26.45659064715619,51.5004072754561,45.0004072754561,6.5,18.0,1.0,0,0,39,1,21.0,12.0,7.0
525,1,right_lane,adaptive,True,1e-05,40,0,23.768957345971565,16.5,0.0,18.784503370523453,57.27847104583558,46.02847104583557,11.25,18.0,1.0,0,0,40,0,17.0,1.0,22.0
526,1,right_lane,adaptive,True,1e-05,40,0,22.268957345971565,39.0,0.0,36.80739498138428,44.628704849618906,43.628704849618906,1.0,18.0,1.0,0,0,40,0,37.0,2.0,1.0
527,1,right_lane,adaptive,True,1e-05,40,0,23.752496429317056,20.5,0.0,21.2502485178411,55.25399410790038,46.003994107900375,9.25,18.0,1.0,0,0,40,0,21.0,1.0,18.0
528,1,right_lane,adaptive,True,1e-05,40,0,21.518957345971565,38.5,0.0,36.5604787170887,42.680331753554505,42.430331753554505,0.25,18.0,1.0,0,0,40,0,39.0,1.0,0.0
529,1,right_lane,adaptive,True,1e-05,40,0,21.518957345971558,17.5,0.5,17.357192393392324,53.92752774515401,42.42752774515401,11.5,18.0,1.0,0,0,40,0,6.0,22.0,12.0
530,1,right_lane,adaptive,True,1e-05,40,0,22.768957345971565,13.5,0.0,15.261330704860939,57.42726724815074,44.427267248150734,13.0,18.0,1.0,0,0,39,1,3.0,22.0,15.0
531,1,right_lane,adaptive,True,1e-05,40,0,23.500000013019175,25.0,0.0,23.89658229767042,53.096207207341706,45.59620720734171,7.5,18.0,1.0,0,0,39,1,24.0,2.0,14.0
532,1,right_lane,adaptive,True,1e-05,40,0,22.393957345971565,40.0,0.0,36.61901116371155,43.8303317535545,43.8303317535545,0.0,18.0,1.0,0,0,40,0,40.0,0.0,0.0
533,1,right_lane,adaptive,True,1e-05,40,0,21.768957345971565,15.5,0.5,15.944223212748511,55.32938099990211,42.829380999902114,12.5,18.0,1.0,0,0,40,0,2.0,26.0,12.0
534,1,right_lane,adaptive,True,1e-05,40,0,27.6249999013614,21.5,0.0,21.88758072886708,60.94311329162906,52.19311329162906,8.75,18.0,1.0,0,0,39,1,19.0,7.0,14.0
535,1,right_lane,adaptive,True,1e-05,40,0,23.768957345971558,18.5,0.0,18.534234678521898,56.77486770226575,46.024867702265745,10.75,18.0,1.0,0,0,40,0,8.0,21.0,11.0
536,1,right_lane,adaptive,True,1e-05,40,0,20.393957345971565,3.5,0.0,5.904197499155998,58.88032277006408,40.63032277006408,18.25,18.0,1.0,0,0,40,0,0.0,7.0,33.0
537,1,right_lane,adaptive,True,1e-05,40,0,22.768957345971565,18.5,1.0,17.442694599556944,55.67939413707096,44.429394137070965,11.25,18.0,1.0,0,0,39,1,7.0,21.0,12.0
538,1,right_lane,adaptive,True,1e-05,40,0,22.518957345971565,9.5,0.0,12.23141661286354,58.77511379603386,44.02511379603385,14.75,18.0,1.0,0,0,40,0,9.0,3.0,28.0
539,1,right_lane,adaptive,True,1e-05,40,0,23.018957345971565,6.0,0.0,9.111079803701614,61.328915476617,44.82891547661699,16.5,18.0,1.0,0,0,40,0,6.0,2.0,32.0
540,1,right_lane,adaptive,True,1e-05,40,0,23.268957345971565,3.0,0.0,5.047890267936054,63.72725550686936,45.22725550686937,18.5,18.0,1.0,0,0,40,0,1.0,4.0,35.0
541,1,right_lane,adaptive,True,1e-05,40,0,22.518957345971565,37.5,0.0,34.75083723664284,45.27869019306348,44.02869019306348,1.25,18.0,1.0,0,0,40,0,35.0,5.0,0.0
542,1,right_lane,adaptive,True,1e-05,40,0,22.518957345971565,37.5,0.5,34.98926883935928,45.27690032928333,44.026900329283336,1.25,18.0,1.0,0,0,40,0,35.0,5.0,0.0
543,1,right_lane,adaptive,True,1e-05,40,0,23.51895733317816,28.0,0.5,26.656163219419568,51.376547092636216,45.62654709263622,5.75,18.0,1.0,0,0,39,1,24.0,9.0,7.0
544,1,right_lane,adaptive,True,1e-05,40,0,21.518957345971565,36.5,0.5,33.4778059348464,44.67981191500685,42.42981191500686,2.25,18.0,1.0,0,0,40,0,35.0,1.0,4.0
545,1,right_lane,adaptive,True,1e-05,40,0,21.518957345971565,19.5,0.5,18.81376092701248,53.18033175355449,42.43033175355449,10.75,18.0,1.0,0,0,40,0,18.0,1.0,21.0
546,1,right_lane,adaptive,True,1e-05,40,0,21.268957345971565,27.0,0.0,26.713769614696503,48.280331753145724,42.030331753145724,6.25,18.0,1.0,0,0,40,0,15.0,25.0,0.0
547,1,right_lane,adaptive,True,1e-05,40,0,24.768957345971565,18.5,0.5,18.768563864381576,58.12799560102158,47.62799560102159,10.5,18.0,1.0,0,0,40,0,15.0,8.0,17.0
548,1,right_lane,adaptive,True,1e-05,40,0,21.00249644062177,17.5,0.0,17.620519895106554,52.60306021643835,41.60306021643835,11.0,18.0,1.0,0,0,40,0,14.0,8.0,18.0
549,1,right_lane,adaptive,True,1e-05,40,0,21.141789654732086,2.0,0.5,5.669018844142556,60.324856359824366,41.824856359824366,18.5,18.0,1.0,0,0,40,0,1.0,4.0,35.0
550,1,right_lane,adaptive,True,1e-05,40,0,22.143957345971565,1.5,0.0,3.6036276318901628,62.67963839496079,43.429638394960776,19.25,18.0,1.0,0,0,39,1,0.0,3.0,37.0
551,1,right_lane,adaptive,True,1e-05,40,0,21.018957345971565,37.0,0.5,32.899499483406544,43.62839224714436,41.628392247144355,2.0,18.0,1.0,0,0,40,0,33.0,6.0,1.0
552,1,right_lane,adaptive,True,1e-05,40,0,21.893957344257622,13.0,0.0,13.130057690574176,56.778475129116075,43.028475129116075,13.75,18.0,1.0,0,0,40,0,11.0,3.0,26.0
553,1,right_lane,adaptive,True,1e-05,40,0,21.768957345971565,28.0,0.0,26.012858191390478,49.07839840304393,42.828398403043934,6.25,18.0,1.0,0,0,40,0,26.0,3.0,11.0
554,1,right_lane,adaptive,True,1e-05,40,0,25.01895734425319,15.5,1.0,16.354010802715493,60.5262626999891,48.0262626999891,12.5,18.0,1.0,0,0,40,0,8.0,14.0,18.0
555,1,right_lane,adaptive,True,1e-05,40,0,23.143957234092458,15.5,0.0,15.633090681298654,57.77439083526786,45.024390835267866,12.75,18.0,1.0,0,0,39,1,12.0,5.0,23.0
556,1,right_lane,adaptive,True,1e-05,40,0,22.393957345971494,32.0,1.0,30.165573686361313,47.828041752907986,43.82804175290799,4.0,18.0,1.0,0,0,40,0,24.0,16.0,0.0
557,1,right_lane,adaptive,True,1e-05,40,0,22.143957345971565,12.0,0.0,14.052669532597065,57.42704908445825,43.427049084458254,14.0,18.0,1.0,0,0,40,0,10.0,4.0,26.0
558,1,right_lane,adaptive,True,1e-05,40,0,22.768957345971508,21.0,0.5,21.236069819164186,53.92634915832498,44.426349158324975,9.5,18.0,1.0,0,0,40,0,18.0,6.0,16.0
559,1,right_lane,adaptive,True,1e-05,40,0,22.768957345716643,40.0,0.0,36.88482666015625,44.43033175314664,44.43033175314664,0.0,18.0,1.0,0,0,40,0,40.0,0.0,0.0
560,1,right_lane,adaptive,True,1e-05,40,0,21.018957345971565,2.5,0.5,6.534515775740147,59.87839840434149,41.628398404341496,18.25,18.0,1.0,0,0,40,0,1.0,5.0,34.0
561,1,right_lane,adaptive,True,1e-05,21,1,24.083728089728,8.5,0.0,9.199683675815777,30.175994731128306,24.42599473112831,5.75,18.0,1.0,0,0,21,0,7.0,5.0,9.0
562,1,right_lane,adaptive,True,1e-05,40,0,25.393951547804928,2.0,0.0,4.285790432053545,67.37792014801182,48.6279201480118,18.75,18.0,1.0,0,0,40,0,1.0,3.0,36.0
563,1,right_lane,adaptive,True,1e-05,40,0,23.018957345971565,31.0,0.0,28.468329107565296,49.32646292980844,44.826462929808436,4.5,18.0,1.0,0,0,40,0,30.0,2.0,8.0
564,1,right_lane,adaptive,True,1e-05,40,0,22.393957345971565,24.0,0.0,22.129047456855915,52.32550771974373,43.82550771974373,8.5,18.0,1.0,0,0,40,0,19.0,8.0,13.0
565,1,right_lane,adaptive,True,1e-05,40,0,21.643957345971565,0.5,2.0,4.091023779230454,62.37853519056678,42.62853519056677,19.75,18.0,1.0,0,0,40,0,0.0,1.0,39.0
566,1,right_lane,adaptive,True,1e-05,40,0,22.87749644062177,14.5,0.0,15.17251481115818,57.60110698518746,44.60110698518746,13.0,18.0,1.0,0,0,40,0,6.0,16.0,18.0
567,1,right_lane,adaptive,True,1e-05,40,0,23.018957345971565,32.0,0.0,29.139420449733734,49.32805678228472,44.828056782284705,4.5,18.0,1.0,0,0,40,0,23.0,16.0,1.0
568,1,right_lane,adaptive,True,1e-05,40,0,23.268957345971565,28.0,0.0,26.845424823462963,50.978445253484374,45.228445253484374,5.75,18.0,1.0,0,0,40,0,23.0,11.0,6.0
569,1,right_lane,adaptive,True,1e-05,40,0,21.643957345971565,4.0,0.0,4.517383240309755,60.62644727848594,42.62644727848594,18.0,18.0,1.0,0,0,40,0,3.0,2.0,35.0
570,1,right_lane,adaptive,True,1e-05,40,0,26.5024964389034,17.5,0.0,16.529380984431782,62.149166729092684,50.39916672909267,11.75,18.0,1.0,0,0,39,1,13.0,7.0,20.0
571,1,right_lane,adaptive,True,1e-05,40,0,28.87250355940797,28.0,0.5,27.133756362251006,60.43985670614606,54.18985670614606,6.25,18.0,1.0,0,0,40,0,21.0,13.0,6.0
572,1,right_lane,adaptive,True,1e-05,40,0,25.23109164714541,17.0,0.0,17.07195781492942,60.114003500267785,48.36400350026779,11.75,18.0,1.0,0,0,38,2,11.0,11.0,18.0
573,1,right_lane,adaptive,True,1e-05,40,0,21.018957345971565,29.0,0.0,27.1895287707448,47.6261157389594,41.6261157389594,6.0,18.0,1.0,0,0,40,0,26.0,4.0,10.0
574,1,right_lane,adaptive,True,1e-05,40,0,23.250043292099726,0.5,0.0,3.310330076697028,64.69774061554762,45.19774061554761,19.5,18.0,1.0,0,0,39,1,0.0,2.0,38.0
575,1,right_lane,adaptive,True,1e-05,40,0,24.233495815569654,9.5,0.0,11.219396865432373,61.76912142284384,46.76912142284385,15.0,18.0,1.0,0,0,39,1,8.0,4.0,28.0
576,1,right_lane,adaptive,True,1e-05,40,0,24.268957345971565,36.0,1.0,34.371543765068054,48.578280171991494,46.8282801719915,1.75,18.0,1.0,0,0,40,0,33.0,7.0,0.0
577,1,right_lane,adaptive,True,1e-05,40,0,22.893957345971565,7.0,0.0,9.29339826629257,60.876011238397766,44.626011238397766,16.25,18.0,1.0,0,0,40,0,0.0,15.0,25.0
578,1,right_lane,adaptive,True,1e-05,40,0,21.643957345971565,31.5,0.0,29.33548280596733,47.1283991088609,42.6283991088609,4.5,18.0,1.0,0,0,40,0,23.0,16.0,1.0
579,1,right_lane,adaptive,True,1e-05,40,0,21.893957345971565,4.5,0.0,7.169611319899559,60.278894010221805,43.02889401022181,17.25,18.0,1.0,0,0,40,0,5.0,1.0,34.0
580,1,right_lane,adaptive,True,1e-05,40,0,25.143957344031342,15.5,2.5,16.351321334950626,60.22410208834589,48.22410208834589,12.0,18.0,1.0,0,0,40,0,11.0,10.0,19.0
581,1,right_lane,adaptive,True,1e-05,40,0,21.874677702386197,1.5,0.0,3.876094665378332,62.74853397780288,42.998533977802886,19.75,18.0,1.0,0,0,40,0,0.0,1.0,39.0
582,1,right_lane,adaptive,True,1e-05,40,0,22.98104350364404,13.0,0.0,14.274954256454293,58.01704557743781,44.76704557743782,13.25,18.0,1.0,0,0,40,0,5.0,17.0,18.0
583,1,right_lane,adaptive,True,1e-05,40,0,24.018957345971494,25.0,0.0,22.877955282972835,54.177097366745556,46.427097366745556,7.75,18.0,1.0,0,0,40,0,23.0,3.0,14.0
584,1,right_lane,adaptive,True,1e-05,40,0,22.518957345971565,30.5,0.0,28.294953122448533,49.27837954811478,44.02837954811478,5.25,18.0,1.0,0,0,39,1,29.0,1.0,10.0
585,1,right_lane,adaptive,True,1e-05,40,0,24.518957345971565,17.0,0.5,18.185991302132607,58.72818582757262,47.22818582757262,11.5,18.0,1.0,0,0,40,0,7.0,20.0,13.0
586,1,right_lane,adaptive,True,1e-05,40,0,25.268957345971565,37.5,0.0,35.168633460998535,49.67868988030993,48.428689880309925,1.25,18.0,1.0,0,0,40,0,35.0,5.0,0.0
587,1,right_lane,adaptive,True,1e-05,40,0,22.393957345971565,6.5,0.0,8.555148625563106,60.57452098216281,43.8245209821628,16.75,18.0,1.0,0,0,38,2,4.0,5.0,31.0
588,1,right_lane,adaptive,True,1e-05,40,0,23.393957345971565,20.5,0.0,21.023560613393784,54.92610319553316,45.426103195533166,9.5,18.0,1.0,0,0,40,0,11.0,20.0,9.0
589,1,right_lane,adaptive,True,1e-05,40,0,21.64395733317816,28.5,0.0,26.48407788714576,48.37732197321317,42.62732197321317,5.75,18.0,1.0,0,0,40,0,26.0,5.0,9.0
590,1,right_lane,adaptive,True,1e-05,40,0,22.266460905379525,14.0,0.0,14.647316046059132,56.87147074311561,43.62147074311561,13.25,18.0,1.0,0,0,40,0,11.0,5.0,24.0
591,1,right_lane,adaptive,True,1e-05,40,0,22.518957345971565,4.0,0.0,6.699049510376881,61.7796293910009,44.0296293910009,17.75,18.0,1.0,0,0,39,1,0.0,9.0,31.0
592,1,right_lane,adaptive,True,1e-05,9,1,29.360189581079535,8.0,0.0,7.729529976844788,13.118266888697658,12.368266888697658,0.75,18.0,1.0,0,0,9,0,6.0,3.0,0.0
593,1,right_lane,adaptive,True,1e-05,40,0,26.124999998319186,32.5,0.0,30.9581780731678,54.044784560105626,49.794784560105626,4.25,18.0,1.0,0,0,40,0,24.0,15.0,1.0
594,1,right_lane,adaptive,True,1e-05,40,0,24.643957345716572,17.5,0.5,18.612059636634058,58.17846351677291,47.42846351677291,10.75,18.0,1.0,0,0,39,1,17.0,3.0,20.0
595,1,right_lane,adaptive,True,1e-05,40,0,25.768956594994563,12.0,0.0,13.215486609426534,62.72537545906896,49.22537545906896,13.5,18.0,1.0,0,0,40,0,10.0,6.0,24.0
596,1,right_lane,adaptive,True,1e-05,40,0,21.518957344256666,11.5,0.0,11.372439388738712,57.17838027474445,42.42838027474445,14.75,18.0,1.0,0,0,40,0,10.0,1.0,29.0
597,1,right_lane,adaptive,True,1e-05,40,0,20.893957345971565,29.0,1.0,27.248214326798916,46.928398404340776,41.428398404340776,5.5,18.0,1.0,0,0,40,0,22.0,14.0,4.0
598,1,right_lane,adaptive,True,1e-05,17,1,22.39754669587245,16.0,0.0,15.089648976922035,19.628461514142682,18.62846151414268,1.0,18.0,1.0,0,0,17,0,14.0,2.0,1.0
599,1,right_lane,adaptive,True,1e-05,40,0,25.393957345971565,18.5,0.5,19.176240533273813,59.377256285785066,48.62725628578505,10.75,18.0,1.0,0,0,39,1,13.0,11.0,16.0
600,1,right_lane,adaptive,True,1e-05,40,0,23.893957345971486,23.0,0.0,23.61903891339898,54.22870458225231,46.22870458225231,8.0,18.0,1.0,0,0,40,0,23.0,2.0,15.0
601,1,right_lane,adaptive,True,1e-05,40,0,20.643957345971565,14.0,0.0,14.85705491900444,54.029397664998534,41.029397664998534,13.0,18.0,1.0,0,0,40,0,0.0,28.0,12.0
602,1,right_lane,adaptive,True,1e-05,40,0,26.26890835456904,18.5,0.5,19.05206873267889,60.77105475075342,50.02105475075342,10.75,18.0,1.0,0,0,40,0,9.0,19.0,12.0
603,1,right_lane,adaptive,True,1e-05,40,0,23.268957345971565,28.0,0.5,26.64632807502676,51.22702885095385,45.22702885095385,6.0,18.0,1.0,0,0,40,0,21.0,14.0,5.0
604,1,right_lane,adaptive,True,1e-05,40,0,21.518957345971565,7.0,0.0,9.038122199411418,58.67939832968611,42.42939832968611,16.25,18.0,1.0,0,0,39,1,0.0,15.0,25.0
605,1,right_lane,adaptive,True,1e-05,40,0,23.893957344257096,24.5,0.0,25.088114473968744,53.47703529855247,46.22703529855247,7.25,18.0,1.0,0,0,40,0,23.0,5.0,12.0
606,1,right_lane,adaptive,True,1e-05,40,0,21.018957334666784,10.5,0.5,12.261389281600714,56.12899121133607,41.62899121133606,14.5,18.0,1.0,0,0,40,0,6.0,10.0,24.0
607,1,right_lane,adaptive,True,1e-05,40,0,21.89395659522039,25.5,0.0,24.054546143859625,50.52746595257388,43.027465952573884,7.5,18.0,1.0,0,0,40,0,20.0,10.0,10.0
608,1,right_lane,adaptive,True,1e-05,15,1,24.38388621663466,10.5,0.5,9.813870839774609,20.128917135075515,17.628917135075515,2.5,18.0,1.0,0,0,15,0,9.0,2.0,4.0
609,1,right_lane,adaptive,True,1e-05,40,0,21.393956595250053,12.5,0.0,13.587508365511894,56.48032759266607,42.23032759266607,14.25,18.0,1.0,0,0,40,0,11.0,1.0,28.0
610,1,right_lane,adaptive,True,1e-05,40,0,25.268914055360522,19.5,0.0,18.59412463205956,58.9221523143061,48.42215231430611,10.5,18.0,1.0,0,0,39,1,16.0,6.0,18.0
611,1,right_lane,adaptive,True,1e-05,40,0,22.500043292099726,38.0,0.0,34.798703491687775,44.99883875454126,43.99883875454126,1.0,18.0,1.0,0,0,40,0,36.0,4.0,0.0
612,1,right_lane,adaptive,True,1e-05,40,0,20.393957345971565,9.5,0.5,12.174533367156982,55.377992101020034,40.62799210102003,14.75,18.0,1.0,0,0,40,0,3.0,15.0,22.0
613,1,right_lane,adaptive,True,1e-05,40,0,25.393957345937917,11.0,0.0,12.873083407258719,62.62568673909425,48.62568673909424,14.0,18.0,1.0,0,0,39,1,6.0,12.0,22.0
614,1,right_lane,adaptive,True,1e-05,40,0,26.268913303120666,15.0,0.0,15.351764947477477,62.5238917104738,50.02389171047379,12.5,18.0,1.0,0,0,39,1,7.0,16.0,17.0
615,1,right_lane,adaptive,True,1e-05,40,0,24.247504310355243,32.5,0.5,31.003378711474397,50.04297187952374,46.79297187952374,3.25,18.0,1.0,0,0,40,0,30.0,7.0,3.0
616,1,right_lane,adaptive,True,1e-05,40,0,23.018957345971565,7.0,0.0,9.426073205657303,61.07531648216152,44.825316482161526,16.25,18.0,1.0,0,0,40,0,4.0,7.0,29.0
617,1,right_lane,adaptive,True,1e-05,40,0,24.018957345937917,10.5,0.0,12.542465971928323,61.17358851777363,46.42358851777362,14.75,18.0,1.0,0,0,40,0,4.0,13.0,23.0
618,1,right_lane,adaptive,True,1e-05,40,0,21.643957345971565,39.5,0.0,36.22205477952957,43.128003336475714,42.628003336475714,0.5,18.0,1.0,0,0,40,0,38.0,2.0,0.0
619,1,right_lane,adaptive,True,1e-05,40,0,22.12749644062177,3.0,0.0,5.391192752435018,61.40002398596631,43.4000239859663,18.0,18.0,1.0,0,0,40,0,2.0,4.0,34.0
620,1,right_lane,adaptive,True,1e-05,40,0,24.76895734574971,17.0,0.0,16.878228516861327,59.37521798432262,47.62521798432262,11.75,18.0,1.0,0,0,39,1,6.0,21.0,13.0
621,1,right_lane,adaptive,True,1e-05,40,0,20.643957345971565,4.5,0.0,6.680552594363689,59.030331753554506,41.030331753554506,18.0,18.0,1.0,0,0,40,0,0.0,8.0,32.0
622,1,right_lane,adaptive,True,1e-05,40,0,25.018956595220327,28.5,0.5,28.07733789458871,53.52547468796265,48.02547468796266,5.5,18.0,1.0,0,0,40,0,26.0,6.0,8.0
623,1,right_lane,adaptive,True,1e-05,40,0,23.768629347340514,17.5,0.0,16.646068680352073,57.77980693455341,46.02980693455341,11.75,18.0,1.0,0,0,39,1,16.0,1.0,23.0
624,1,right_lane,adaptive,True,1e-05,40,0,22.893957345971565,9.0,0.0,10.217925177550569,60.377475635407855,44.627475635407855,15.75,18.0,1.0,0,0,40,0,4.0,9.0,27.0
625,1,right_lane,adaptive,True,1e-05,40,0,24.268951644728546,31.0,0.0,29.2280792593956,51.57587963080023,46.82587963080022,4.75,18.0,1.0,0,0,40,0,25.0,11.0,4.0
626,1,right_lane,adaptive,True,1e-05,40,0,23.143951546119695,26.0,0.5,25.267895584591315,51.77586918124681,45.02586918124681,6.75,18.0,1.0,0,0,40,0,24.0,5.0,11.0
627,1,right_lane,adaptive,True,1e-05,40,0,23.625005701017237,1.0,0.0,3.675467936314817,65.29860331048674,45.79860331048673,19.5,18.0,1.0,0,0,40,0,0.0,2.0,38.0
628,1,right_lane,adaptive,True,1e-05,40,0,20.393957345971565,34.5,0.0,32.347446620464325,43.37892678271133,40.62892678271133,2.75,18.0,1.0,0,0,40,0,29.0,11.0,0.0
629,1,right_lane,adaptive,True,1e-05,40,0,25.393957345971494,12.5,0.0,14.873905180817019,61.8770454375364,48.627045437536395,13.25,18.0,1.0,0,0,40,0,8.0,11.0,21.0
630,1,right_lane,adaptive,True,1e-05,40,0,21.518957345971565,9.5,0.0,11.132643315941095,57.67712658920736,42.42712658920736,15.25,18.0,1.0,0,0,40,0,7.0,5.0,28.0
631,1,right_lane,adaptive,True,1e-05,40,0,21.143957345971565,31.0,0.5,30.71141016483307,46.328398404340774,41.828398404340774,4.5,18.0,1.0,0,0,40,0,28.0,6.0,6.0
632,1,right_lane,adaptive,True,1e-05,40,0,21.625005701017248,13.0,0.5,13.03735225694254,56.600009090645756,42.60000909064576,14.0,18.0,1.0,0,0,40,0,6.0,12.0,22.0
633,1,right_lane,adaptive,True,1e-05,40,0,23.01895734597149,10.5,0.0,12.881325207650661,59.32439389110303,44.82439389110302,14.5,18.0,1.0,0,0,40,0,5.0,12.0,23.0
634,1,right_lane,adaptive,True,1e-05,40,0,21.018957345971565,8.0,0.0,9.845911178333154,57.62839840434077,41.62839840434077,16.0,18.0,1.0,0,0,40,0,1.0,14.0,25.0
635,1,right_lane,adaptive,True,1e-05,40,0,21.518957345971565,0.5,0.0,4.486343559779925,61.67839840507327,42.42839840507327,19.25,18.0,1.0,0,0,40,0,1.0,1.0,38.0
636,1,right_lane,adaptive,True,1e-05,40,0,24.643957345971565,15.0,0.5,16.226615730673075,60.176321963820165,47.426321963820165,12.75,18.0,1.0,0,0,40,0,9.0,11.0,20.0
637,1,right_lane,adaptive,True,1e-05,40,0,24.64395723434353,23.5,0.0,21.9746773260282,55.92410365782457,47.42410365782457,8.5,18.0,1.0,0,0,39,1,13.0,20.0,7.0
638,1,right_lane,adaptive,True,1e-05,40,0,22.393957345971565,4.0,0.0,7.027613584269602,61.82844883501846,43.82844883501846,18.0,18.0,1.0,0,0,39,1,0.0,8.0,32.0
639,1,right_lane,adaptive,True,1e-05,40,0,24.518957345716128,19.0,0.0,17.403610492252255,58.22806792310436,47.22806792310435,11.0,18.0,1.0,0,0,39,1,14.0,8.0,18.0
640,1,right_lane,adaptive,True,1e-05,40,0,25.76895734597098,26.0,0.0,24.69396050182695,56.47579963835006,49.225799638350054,7.25,18.0,1.0,0,0,40,0,19.0,13.0,8.0
641,1,right_lane,adaptive,True,1e-05,40,0,26.766132169212447,24.5,0.5,24.649908596649766,58.56918817332154,50.81918817332154,7.75,18.0,1.0,0,0,40,0,22.0,5.0,13.0
642,1,right_lane,adaptive,True,1e-05,40,0,26.106414596645642,19.0,0.0,19.471370098630814,59.76158593503766,49.76158593503766,10.0,18.0,1.0,0,0,39,1,16.0,8.0,16.0
643,1,right_lane,adaptive,True,1e-05,40,0,22.499999915869275,23.0,0.0,21.63867765499799,52.996645070025565,43.996645070025565,9.0,18.0,1.0,0,0,39,1,18.0,8.0,14.0
644,1,right_lane,adaptive,True,1e-05,40,0,22.64395724713693,22.5,0.0,20.78500417480018,53.478988332861775,44.228988332861775,9.25,18.0,1.0,0,0,39,1,14.0,15.0,11.0
645,1,right_lane,adaptive,True,1e-05,40,0,21.643957345971565,11.0,0.0,12.31207923591137,57.378353031649084,42.628353031649084,14.75,18.0,1.0,0,0,40,0,1.0,19.0,20.0
646,1,right_lane,adaptive,True,1e-05,40,0,21.643957345971565,2.0,0.0,5.0346492704120465,61.12833362756532,42.628333627565326,18.5,18.0,1.0,0,0,40,0,1.0,4.0,35.0
647,1,right_lane,adaptive,True,1e-05,40,0,26.516460905379454,29.5,0.0,28.795294771363842,55.67070209088891,50.420702090888916,5.25,18.0,1.0,0,0,40,0,23.0,13.0,4.0
648,1,right_lane,adaptive,True,1e-05,40,0,22.143957345971565,7.0,0.0,8.92294892296195,59.926443843008244,43.42644384300824,16.5,18.0,1.0,0,0,40,0,6.0,2.0,32.0
649,1,right_lane,adaptive,True,1e-05,40,0,21.768957345971554,40.0,0.0,36.24500012397766,42.83033175355449,42.83033175355449,0.0,18.0,1.0,0,0,40,0,40.0,0.0,0.0
650,1,right_lane,adaptive,True,1e-05,40,0,24.51895733317816,5.5,0.0,6.923286255195308,64.22293846736834,47.22293846736835,17.0,18.0,1.0,0,0,40,0,1.0,10.0,29.0
651,1,right_lane,adaptive,True,1e-05,40,0,21.768957345971565,39.0,0.5,35.62223418056965,43.828461514503914,42.828461514503914,1.0,18.0,1.0,0,0,40,0,37.0,2.0,1.0
652,1,right_lane,adaptive,True,1e-05,40,0,24.64395734597149,31.5,0.0,29.189730815903545,52.17467674615202,47.42467674615202,4.75,18.0,1.0,0,0,39,1,28.0,5.0,7.0
653,1,right_lane,adaptive,True,1e-05,40,0,23.268957345971565,31.0,0.0,28.962983884170626,49.726531221398716,45.22653122139873,4.5,18.0,1.0,0,0,40,0,29.0,4.0,7.0
654,1,right_lane,adaptive,True,1e-05,40,0,23.76646025517737,23.5,0.5,23.702362783253193,54.021084771053836,46.021084771053836,8.0,18.0,1.0,0,0,40,0,15.0,18.0,7.0
655,1,right_lane,adaptive,True,1e-05,40,0,23.268957345971565,1.0,0.0,3.763378526433371,64.7286726733522,45.22867267335219,19.5,18.0,1.0,0,0,40,0,0.0,2.0,38.0
656,1,right_lane,adaptive,True,1e-05,40,0,22.393957247332974,27.5,0.0,25.342580711192397,50.58026506927442,43.83026506927442,6.75,18.0,1.0,0,0,39,1,25.0,3.0,12.0
657,1,right_lane,adaptive,True,1e-05,40,0,21.37749644062177,8.0,0.5,9.883098866790533,58.198357027952,42.198357027951985,16.0,18.0,1.0,0,0,40,0,2.0,12.0,26.0
658,1,right_lane,adaptive,True,1e-05,40,0,20.768957345971565,0.5,0.5,3.8636399507522583,60.47839840434077,41.22839840434077,19.25,18.0,1.0,0,0,40,0,1.0,1.0,38.0
659,1,right_lane,adaptive,True,1e-05,40,0,21.518957345971565,39.0,0.0,36.05757224559784,42.928062893047006,42.428062893047006,0.5,18.0,1.0,0,0,40,0,38.0,2.0,0.0
660,1,right_lane,adaptive,True,1e-05,40,0,21.018957345971565,2.5,0.5,5.312653152511302,60.12839840304875,41.628398403048756,18.5,18.0,1.0,0,0,40,0,1.0,4.0,35.0
661,1,right_lane,adaptive,True,1e-05,40,0,21.393957345971565,25.0,0.0,22.970116624857837,50.230331732676376,42.23033173267637,8.0,18.0,1.0,0,0,40,0,23.0,2.0,15.0
662,1,right_lane,adaptive,True,1e-05,40,0,24.393957332952397,25.0,0.0,24.36101467325352,54.77661371250801,47.026613712508,7.75,18.0,1.0,0,0,40,0,22.0,5.0,13.0
663,1,right_lane,adaptive,True,1e-05,40,0,23.500328749382284,14.5,0.0,16.583508409559727,57.845681506591795,45.59568150659179,12.25,18.0,1.0,0,0,40,0,8.0,15.0,17.0
664,1,right_lane,adaptive,True,1e-05,40,0,22.893957345971565,29.0,0.5,29.554708208190277,50.378894291462544,44.628894291462544,5.75,18.0,1.0,0,0,40,0,21.0,15.0,4.0
665,1,right_lane,adaptive,True,1e-05,40,0,23.497832308986293,21.5,0.0,22.015969526410117,54.3455426821083,45.5955426821083,8.75,18.0,1.0,0,0,40,0,13.0,19.0,8.0
666,1,right_lane,adaptive,True,1e-05,40,0,20.518957345971565,6.5,0.0,9.419191591441631,57.32939764690926,40.829397646909264,16.5,18.0,1.0,0,0,40,0,5.0,4.0,31.0
667,1,right_lane,adaptive,True,1e-05,40,0,21.481091647145412,35.0,0.5,31.74963880330324,45.36711894884254,42.36711894884254,3.0,18.0,1.0,0,0,40,0,32.0,4.0,4.0
668,1,right_lane,adaptive,True,1e-05,40,0,20.893957345971565,12.0,1.0,13.207746483385563,55.429397509841834,41.42939750984183,14.0,18.0,1.0,0,0,40,0,0.0,24.0,16.0
669,1,right_lane,adaptive,True,1e-05,40,0,21.018957345967713,10.0,0.0,11.539738025516272,56.87846333227963,41.62846333227964,15.25,18.0,1.0,0,0,40,0,1.0,17.0,22.0
670,1,right_lane,adaptive,True,1e-05,40,0,20.643957345971565,14.0,0.0,14.655620969831944,53.530330555017244,41.03033055501725,12.5,18.0,1.0,0,0,40,0,10.0,10.0,20.0
671,1,right_lane,adaptive,True,1e-05,40,0,22.268629347340514,6.5,0.0,8.987822486443974,60.12980433098689,43.62980433098689,16.5,18.0,1.0,0,0,39,1,0.0,14.0,26.0
672,1,right_lane,adaptive,True,1e-05,40,0,24.35850150356427,4.0,0.0,5.517282322531173,65.22078854701539,46.97078854701538,18.25,18.0,1.0,0,0,40,0,0.0,7.0,33.0
673,1,right_lane,adaptive,True,1e-05,40,0,21.268957345971565,26.5,0.0,24.807729575724807,49.02746593058902,42.02746593058901,7.0,18.0,1.0,0,0,40,0,25.0,2.0,13.0
674,1,right_lane,adaptive,True,1e-05,40,0,23.875043292099726,35.0,0.0,32.70572003722191,48.94913253162458,46.19913253162458,2.75,18.0,1.0,0,0,40,0,29.0,11.0,0.0
675,1,right_lane,adaptive,True,1e-05,40,0,22.893957345971565,12.5,0.0,15.125992722809315,57.87699565600988,44.62699565600988,13.25,18.0,1.0,0,0,40,0,12.0,3.0,25.0
676,1,right_lane,adaptive,True,1e-05,40,0,21.268957345971565,15.5,1.5,15.827935176439496,54.52754624984478,42.02754624984479,12.5,18.0,1.0,0,0,40,0,5.0,20.0,15.0
677,1,right_lane,adaptive,True,1e-05,40,0,23.268957345971565,7.0,0.0,9.671953633202065,61.47938020963092,45.22938020963093,16.25,18.0,1.0,0,0,40,0,0.0,15.0,25.0
678,1,right_lane,adaptive,True,1e-05,40,0,22.250043292099726,38.5,0.0,34.756546795368195,44.84813591814655,43.59813591814655,1.25,18.0,1.0,0,0,40,0,37.0,1.0,2.0
679,1,right_lane,adaptive,True,1e-05,40,0,21.393957345971565,37.5,0.0,36.92746391147375,43.727466449259424,42.227466449259424,1.5,18.0,1.0,0,0,40,0,36.0,2.0,2.0
680,1,right_lane,adaptive,True,1e-05,40,0,21.393957345971565,15.0,0.0,15.851701740175486,54.72938816308216,42.22938816308216,12.5,18.0,1.0,0,0,40,0,10.0,10.0,20.0
681,1,right_lane,adaptive,True,1e-05,40,0,25.268957345971565,8.0,0.0,9.475015292916396,64.4261044228283,48.42610442282831,16.0,18.0,1.0,0,0,40,0,5.0,6.0,29.0
682,1,right_lane,adaptive,True,1e-05,40,0,22.01895164498405,0.5,0.0,4.1614273655213765,62.47838928349324,43.228389283493236,19.25,18.0,1.0,0,0,40,0,1.0,1.0,38.0
683,1,right_lane,adaptive,True,1e-05,40,0,23.393957345971565,40.0,0.0,36.84231036901474,45.430331753554505,45.430331753554505,0.0,18.0,1.0,0,0,40,0,40.0,0.0,0.0
684,1,right_lane,adaptive,True,1e-05,40,0,23.268957345971565,19.0,0.0,19.686611846089363,55.22729086312225,45.22729086312225,10.0,18.0,1.0,0,0,40,0,18.0,4.0,18.0
685,1,right_lane,adaptive,True,1e-05,40,0,21.8939573329563,18.5,0.0,18.493029847311846,53.778929132567455,43.028929132567455,10.75,18.0,1.0,0,0,40,0,16.0,5.0,19.0
686,1,right_lane,adaptive,True,1e-05,40,0,24.76645520455839,29.0,0.0,29.013674807908046,53.12307483690585,47.62307483690586,5.5,18.0,1.0,0,0,39,1,27.0,4.0,9.0
687,1,right_lane,adaptive,True,1e-05,40,0,24.268957345971565,10.0,0.0,11.594199231287348,61.328915472136224,46.828915472136224,14.5,18.0,1.0,0,0,40,0,10.0,2.0,28.0
688,1,right_lane,adaptive,True,1e-05,40,0,22.87500570101725,8.0,0.5,9.247922221533372,60.59711177641683,44.59711177641684,16.0,18.0,1.0,0,0,40,0,5.0,6.0,29.0
689,1,right_lane,adaptive,True,1e-05,40,0,22.76891975488909,3.5,0.0,5.214047578516215,62.679338173785965,44.42933817378596,18.25,18.0,1.0,0,0,39,1,0.0,7.0,33.0
690,1,right_lane,adaptive,True,1e-05,40,0,21.643957345971565,37.5,0.5,34.38084927201271,43.87898831242202,42.62898831242202,1.25,18.0,1.0,0,0,40,0,35.0,5.0,0.0
691,1,right_lane,adaptive,True,1e-05,40,0,22.893957345971565,26.0,0.0,25.41157555580139,51.87794384393917,44.627943843939164,7.25,18.0,1.0,0,0,40,0,15.0,21.0,4.0
692,1,right_lane,adaptive,True,1e-05,40,0,21.00249644062177,40.0,0.0,38.70824319124222,41.603994304994835,41.603994304994835,0.0,18.0,1.0,0,0,40,0,40.0,0.0,0.0
693,1,right_lane,adaptive,True,1e-05,40,0,23.518957345971565,14.5,0.0,16.301207177340984,57.87846147247413,45.62846147247412,12.25,18.0,1.0,0,0,40,0,14.0,3.0,23.0
694,1,right_lane,adaptive,True,1e-05,40,0,23.518957345971565,25.5,0.0,26.780166149139404,52.62962330450561,45.629623304505614,7.0,18.0,1.0,0,0,40,0,12.0,28.0,0.0
695,1,right_lane,adaptive,True,1e-05,40,0,22.50000009886436,33.0,0.0,31.430453345179558,46.99813234842279,43.99813234842279,3.0,18.0,1.0,0,0,40,0,30.0,8.0,2.0
696,1,right_lane,adaptive,True,1e-05,40,0,21.893957345971565,18.5,0.0,18.961774848401546,53.776869055323985,43.02686905532399,10.75,18.0,1.0,0,0,40,0,0.0,37.0,3.0
697,1,right_lane,adaptive,True,1e-05,40,0,23.60641469551045,12.0,0.5,13.73872335627675,59.76740767536065,45.76740767536065,14.0,18.0,1.0,0,0,40,0,5.0,14.0,21.0
698,1,right_lane,adaptive,True,1e-05,40,0,24.64395734597099,10.0,0.0,12.59358735920614,61.92470823350507,47.42470823350506,14.5,18.0,1.0,0,0,40,0,8.0,6.0,26.0
699,1,right_lane,adaptive,True,1e-05,40,0,22.018957345971565,2.0,0.5,4.923310394084183,61.97887166671992,43.22887166671992,18.75,18.0,1.0,0,0,39,1,0.0,5.0,35.0
700,1,right_lane,adaptive,True,1e-05,40,0,21.14395734597105,6.0,0.0,8.94138284262317,58.57627647691191,41.8262764769119,16.75,18.0,1.0,0,0,40,0,0.0,13.0,27.0
701,1,right_lane,adaptive,True,1e-05,40,0,22.143957345971565,35.5,0.0,32.75265944749117,45.928221861966314,43.428221861966314,2.5,18.0,1.0,0,0,40,0,33.0,4.0,3.0
702,1,right_lane,adaptive,True,1e-05,40,0,26.39395733295239,10.0,0.0,10.875688789574724,65.2238420908903,50.223842090890294,15.0,18.0,1.0,0,0,39,1,6.0,8.0,26.0
703,1,right_lane,adaptive,True,1e-05,40,0,23.00000075075124,0.0,0.0,2.7662429790379974,64.80000120120198,44.800001201201994,20.0,18.0,1.0,0,0,40,0,0.0,0.0,40.0
704,1,right_lane,adaptive,True,1e-05,40,0,24.643957345971497,7.5,0.0,8.8176736651792,63.42557281935938,47.42557281935939,16.0,18.0,1.0,0,0,38,2,6.0,4.0,30.0
705,1,right_lane,adaptive,True,1e-05,40,0,24.393951644954328,29.5,0.0,29.17287865281105,51.77838933187046,47.02838933187046,4.75,18.0,1.0,0,0,40,0,30.0,1.0,9.0
706,1,right_lane,adaptive,True,1e-05,40,0,22.018957345971565,4.0,0.5,6.650082663716603,60.97798372658935,43.22798372658936,17.75,18.0,1.0,0,0,40,0,3.0,3.0,34.0
707,1,right_lane,adaptive,True,1e-05,40,0,22.768957345971565,33.0,0.0,30.47561967556794,47.92881576508546,44.42881576508547,3.5,18.0,1.0,0,0,40,0,32.0,2.0,6.0
708,1,right_lane,adaptive,True,1e-05,40,0,21.643957345971565,35.0,0.5,32.07474645972252,45.379397667741145,42.629397667741145,2.75,18.0,1.0,0,0,40,0,29.0,11.0,0.0
709,1,right_lane,adaptive,True,1e-05,40,0,23.268957345941764,13.0,0.0,13.828073612544244,58.97820295604566,45.22820295604566,13.75,18.0,1.0,0,0,39,1,5.0,15.0,20.0
710,1,right_lane,adaptive,True,1e-05,40,0,23.268957345971565,15.0,0.0,15.850327167659998,57.977960287320386,45.227960287320386,12.75,18.0,1.0,0,0,40,0,13.0,3.0,24.0
711,1,right_lane,adaptive,True,1e-05,40,0,21.518957345971565,17.0,0.0,17.769333849942996,53.675662798925096,42.425662798925096,11.25,18.0,1.0,0,0,40,0,1.0,33.0,6.0
712,1,right_lane,adaptive,True,1e-05,40,0,22.268957345971565,32.0,0.0,29.354160614311695,47.877762880105045,43.62776288010504,4.25,18.0,1.0,0,0,40,0,27.0,9.0,4.0
713,1,right_lane,adaptive,True,1e-05,40,0,21.643957345971565,12.0,1.0,14.249182783067226,56.378055066826434,42.628055066826434,13.75,18.0,1.0,0,0,40,0,8.0,9.0,23.0
714,1,right_lane,adaptive,True,1e-05,40,0,26.231085947842622,24.0,0.5,23.92941859940288,57.96606219256116,49.96606219256115,8.0,18.0,1.0,0,0,39,1,20.0,8.0,12.0
715,1,right_lane,adaptive,True,1e-05,40,0,21.768957345971565,38.5,0.0,35.08705063164234,44.07691656707859,42.826916567078584,1.25,18.0,1.0,0,0,40,0,36.0,3.0,1.0
716,1,right_lane,adaptive,True,1e-05,40,0,21.643957345971494,39.5,0.0,35.05655686557293,43.37839910886079,42.62839910886079,0.75,18.0,1.0,0,0,40,0,38.0,1.0,1.0
717,1,right_lane,adaptive,True,1e-05,40,0,22.25000495026992,3.5,0.0,4.979808709918871,62.34809346616295,43.59809346616296,18.75,18.0,1.0,0,0,40,0,2.0,1.0,37.0
718,1,right_lane,adaptive,True,1e-05,40,0,23.641461004214154,11.5,0.0,14.064985200762749,59.57428576422625,45.82428576422625,13.75,18.0,1.0,0,0,40,0,11.0,3.0,26.0
719,1,right_lane,adaptive,True,1e-05,40,0,21.893957345971565,3.0,0.0,3.6633560321361074,62.02893676050463,43.02893676050462,19.0,18.0,1.0,0,0,40,0,1.0,2.0,37.0
720,1,right_lane,adaptive,True,1e-05,40,0,24.391460907064253,5.0,0.5,7.438139280304313,64.52294776785082,47.02294776785081,17.5,18.0,1.0,0,0,40,0,2.0,6.0,32.0
721,1,right_lane,adaptive,True,1e-05,40,0,20.643957345971565,6.5,0.5,8.37099889714591,58.02805572015992,41.028055720159905,17.0,18.0,1.0,0,0,40,0,4.0,4.0,32.0
722,1,right_lane,adaptive,True,1e-05,40,0,21.393957345775522,6.0,0.5,7.768518205732107,59.2264650535837,42.2264650535837,17.0,18.0,1.0,0,0,40,0,5.0,2.0,33.0
723,1,right_lane,adaptive,True,1e-05,40,0,22.268957345942347,34.0,0.0,31.07673195429834,47.128686538268994,43.628686538268994,3.5,18.0,1.0,0,0,40,0,32.0,2.0,6.0
724,1,right_lane,adaptive,True,1e-05,40,0,21.768957345971565,6.5,0.0,7.956730714417063,59.57940004893053,42.82940004893054,16.75,18.0,1.0,0,0,40,0,0.0,13.0,27.0
725,1,right_lane,adaptive,True,1e-05,40,0,21.143957345971565,22.0,0.0,21.961901426315308,51.080331753554496,41.8303317535545,9.25,18.0,1.0,0,0,40,0,3.0,37.0,0.0
726,1,right_lane,adaptive,True,1e-05,40,0,22.268957345971565,25.0,0.0,24.300166998058558,51.128399108860904,43.628399108860904,7.5,18.0,1.0,0,0,40,0,24.0,2.0,14.0
727,1,right_lane,adaptive,True,1e-05,40,0,24.00000000171446,38.5,0.0,36.33792495727539,47.14813183300214,46.39813183300215,0.75,18.0,1.0,0,0,40,0,37.0,3.0,0.0
728,1,right_lane,adaptive,True,1e-05,40,0,23.893957345971565,10.5,0.0,11.999996460828697,60.97651339687762,46.226513396877635,14.75,18.0,1.0,0,0,40,0,8.0,5.0,27.0
729,1,right_lane,adaptive,True,1e-05,40,0,21.893957331241847,1.5,0.0,4.7113066343936225,62.027757735872,43.027757735872,19.0,18.0,1.0,0,0,40,0,0.0,4.0,36.0
730,1,right_lane,adaptive,True,1e-05,40,0,21.25249644062177,11.5,0.0,13.666362404823303,55.7507182664131,42.00071826641311,13.75,18.0,1.0,0,0,40,0,6.0,13.0,21.0
731,1,right_lane,adaptive,True,1e-05,40,0,23.643957345971565,9.5,1.0,9.821101424555309,61.32646384960083,45.82646384960081,15.5,18.0,1.0,0,0,40,0,4.0,10.0,26.0
732,1,right_lane,adaptive,True,1e-05,40,0,25.018957247107203,23.5,0.0,22.042235875943334,56.52362195765011,48.02362195765011,8.5,18.0,1.0,0,0,40,0,20.0,6.0,14.0
733,1,right_lane,adaptive,True,1e-05,40,0,26.12500000022526,14.5,0.0,14.579969106202043,63.043571465710684,49.7935714657107,13.25,18.0,1.0,0,0,40,0,10.0,7.0,23.0
734,1,right_lane,adaptive,True,1e-05,40,0,22.393957345967202,0.0,0.0,2.948676840250755,63.830331753547526,43.83033175354751,20.0,18.0,1.0,0,0,39,1,0.0,0.0,40.0
735,1,right_lane,adaptive,True,1e-05,40,0,22.643957345971565,5.5,0.0,6.671712374870367,61.730331753554495,44.2303317535545,17.5,18.0,1.0,0,0,39,1,0.0,10.0,30.0
736,1,right_lane,adaptive,True,1e-05,40,0,25.643957345971046,17.0,0.5,16.682122510934278,61.02578211196957,49.02578211196956,12.0,18.0,1.0,0,0,40,0,7.0,18.0,15.0
737,1,right_lane,adaptive,True,1e-05,40,0,22.643957345971565,25.0,0.5,22.85897599432019,52.22734891366162,44.227348913661615,8.0,18.0,1.0,0,0,39,1,15.0,18.0,7.0
738,1,right_lane,adaptive,True,1e-05,40,0,25.518585319223185,16.5,0.0,17.146836795434524,60.57667645657783,48.82667645657782,11.75,18.0,1.0,0,0,39,1,6.0,21.0,13.0
739,1,right_lane,adaptive,True,1e-05,40,0,22.893957345971565,32.0,0.0,29.174401495449274,49.12867083765522,44.62867083765522,4.5,18.0,1.0,0,0,40,0,27.0,8.0,5.0
740,1,right_lane,adaptive,True,1e-05,40,0,24.24967126386266,23.5,0.0,22.921992230891192,54.54424522126513,46.79424522126513,7.75,18.0,1.0,0,0,39,1,23.0,3.0,14.0
741,1,right_lane,adaptive,True,1e-05,40,0,23.018956595250053,27.5,0.5,25.602301307745506,51.579377318353934,44.829377318353934,6.75,18.0,1.0,0,0,39,1,23.0,7.0,10.0
742,1,right_lane,adaptive,True,1e-05,40,0,24.14395734597105,7.0,0.0,8.86689452769133,63.12646629023912,46.62646629023912,16.5,18.0,1.0,0,0,40,0,6.0,2.0,32.0
