episode_id,policy_freq,profile,method,filter,value,episode_length,collision,mean_speed,total_cost,total_avoided_cost,total_expected_cost,total_reward,total_basic_reward,total_added_reward,mean_iterations_to_converge,convergence_rate,outcome_unchanged_count,outcome_naively_augmented_count,outcome_rcps_augmented_count,outcome_projection_count,lane_0_time,lane_1_time,lane_2_time
0,1,right_lane,adaptive,True,0.001,40,0,24.143956595220835,28.5,0.0,28.291650898754597,51.878418998102696,46.628418998102696,5.25,18.0,1.0,0,0,40,0,29.0,1.0,10.0
1,1,right_lane,adaptive,True,0.001,40,0,22.39391909147172,0.0,0.5,3.272515425167512,63.5793364593207,43.8293364593207,19.75,18.0,1.0,0,0,39,1,0.0,1.0,39.0
2,1,right_lane,adaptive,True,0.001,40,0,21.641460907064253,25.5,2.0,24.52486489340663,50.12540102362677,42.62540102362677,7.5,18.0,1.0,0,0,40,0,21.0,8.0,11.0
3,1,right_lane,adaptive,True,0.001,40,0,21.643957345971565,4.5,5.0,6.9717560915569265,60.63033175355449,42.63033175355449,18.0,18.0,1.0,0,0,39,1,0.0,8.0,32.0
4,1,right_lane,adaptive,True,0.001,40,0,22.643957345971565,4.0,3.0,7.649663121043886,61.978228641023186,44.22822864102319,17.75,18.0,1.0,0,0,39,1,1.0,7.0,32.0
5,1,right_lane,adaptive,True,0.001,40,0,21.393957345971565,40.0,0.0,37.15131676197052,42.23033175355451,42.23033175355451,0.0,18.0,1.0,0,0,40,0,40.0,0.0,0.0
6,1,right_lane,adaptive,True,0.001,40,0,24.768956595220327,28.5,5.0,27.823207176290452,53.374755088546905,47.624755088546905,5.75,18.0,1.0,0,0,40,0,21.0,15.0,4.0
7,1,right_lane,adaptive,True,0.001,40,0,23.768957345971565,27.0,0.0,26.488907155844572,52.27642530299664,46.026425302996635,6.25,18.0,1.0,0,0,39,1,22.0,11.0,7.0
8,1,right_lane,adaptive,True,0.001,40,0,23.143957345971565,24.0,2.0,22.950527291744947,53.024561934805625,45.02456193480563,8.0,18.0,1.0,0,0,40,0,17.0,14.0,9.0
9,1,right_lane,adaptive,True,0.001,40,0,22.26895733124236,2.5,0.5,6.161811182042584,62.128991116710566,43.628991116710566,18.5,18.0,1.0,0,0,39,1,0.0,6.0,34.0
10,1,right_lane,adaptive,True,0.001,40,0,22.76895734596765,14.5,6.5,14.858022565593615,57.676161022328756,44.426161022328756,13.25,18.0,1.0,0,0,38,2,11.0,5.0,24.0
11,1,right_lane,adaptive,True,0.001,40,0,24.51895659522084,28.0,0.0,26.298769196573403,53.72891623221356,47.22891623221356,6.5,18.0,1.0,0,0,37,3,26.0,2.0,12.0
12,1,right_lane,adaptive,True,0.001,40,0,21.768957345971565,7.5,5.0,11.14380693435669,58.57688429943807,42.82688429943807,15.75,18.0,1.0,0,0,40,0,6.0,5.0,29.0
13,1,right_lane,adaptive,True,0.001,40,0,21.518957345971565,13.5,1.5,15.390885144472122,55.678329819637284,42.428329819637284,13.25,18.0,1.0,0,0,40,0,10.0,7.0,23.0
14,1,right_lane,adaptive,True,0.001,40,0,21.01895239570549,2.0,1.5,3.326306188622766,60.3771802604088,41.62718026040879,18.75,18.0,1.0,0,0,36,4,0.0,5.0,35.0
15,1,right_lane,adaptive,True,0.001,40,0,22.643957345971565,7.5,0.5,10.380385344324168,59.9783987358324,44.22839873583241,15.75,18.0,1.0,0,0,36,4,8.0,1.0,31.0
16,1,right_lane,adaptive,True,0.001,40,0,23.143957345971565,20.0,2.0,19.359937780151085,55.02746431645779,45.027464316457795,10.0,18.0,1.0,0,0,39,1,15.0,10.0,15.0
17,1,right_lane,adaptive,True,0.001,40,0,22.518957345971565,17.0,4.5,18.30880838056055,55.77707520338755,44.02707520338754,11.75,18.0,1.0,0,0,37,3,6.0,21.0,13.0
18,1,right_lane,adaptive,True,0.001,40,0,21.018957345971565,1.5,6.0,5.7625476606190205,60.378389146093944,41.62838914609395,18.75,18.0,1.0,0,0,40,0,1.0,3.0,36.0
19,1,right_lane,adaptive,True,0.001,40,0,22.00249644062177,18.5,1.0,19.705187924206257,53.70306088071763,43.203060880717636,10.5,18.0,1.0,0,0,40,0,17.0,4.0,19.0
20,1,right_lane,adaptive,True,0.001,40,0,21.393957345971565,32.5,3.0,30.55250658839941,46.229047632454005,42.229047632454005,4.0,18.0,1.0,0,0,40,0,29.0,6.0,5.0
21,1,right_lane,adaptive,True,0.001,3,1,26.44718792866941,0.5,0.0,0.6619744300842285,5.022729127577893,3.7727291275778936,1.25,18.0,1.0,0,0,3,0,0.0,1.0,2.0
22,1,right_lane,adaptive,True,0.001,40,0,21.393957345971565,18.5,1.5,19.66169762611389,52.97963719129668,42.22963719129668,10.75,18.0,1.0,0,0,40,0,10.0,17.0,13.0
23,1,right_lane,adaptive,True,0.001,24,1,23.15659557661927,2.5,0.0,3.2268132029494154,37.27869019306331,27.02869019306332,10.25,18.0,1.0,0,0,23,1,1.0,5.0,18.0
24,1,right_lane,adaptive,True,0.001,40,0,21.768957345971565,35.5,0.5,32.80234840512276,45.328704849618894,42.828704849618894,2.5,18.0,1.0,0,0,40,0,31.0,8.0,1.0
25,1,right_lane,adaptive,True,0.001,40,0,22.268957345971565,12.0,0.0,13.322448605853424,57.62477779153953,43.62477779153953,14.0,18.0,1.0,0,0,39,1,9.0,6.0,25.0
26,1,right_lane,adaptive,True,0.001,40,0,23.143957345971565,18.0,1.0,19.510359999825596,55.77799299216552,45.02799299216553,10.75,18.0,1.0,0,0,39,1,17.0,3.0,20.0
27,1,right_lane,adaptive,True,0.001,40,0,22.768957345971565,15.0,0.0,16.874410562217236,56.67867019068755,44.428670190687555,12.25,18.0,1.0,0,0,40,0,9.0,13.0,18.0
28,1,right_lane,adaptive,True,0.001,40,0,22.893957345971565,9.0,7.5,11.767842362711235,59.87660505575528,44.62660505575528,15.25,18.0,1.0,0,0,38,2,7.0,5.0,28.0
29,1,right_lane,adaptive,True,0.001,40,0,23.643957345971565,0.5,1.0,3.6928942788126733,65.57893676170251,45.828936761702515,19.75,18.0,1.0,0,0,36,4,0.0,1.0,39.0
30,1,right_lane,adaptive,True,0.001,40,0,20.76895734597105,0.0,0.5,4.109722673892975,61.230331753553685,41.230331753553685,20.0,18.0,1.0,0,0,40,0,0.0,0.0,40.0
31,1,right_lane,adaptive,True,0.001,40,0,24.127496427824447,2.5,1.5,4.470805831119378,65.6039299863173,46.603929986317304,19.0,18.0,1.0,0,0,37,3,0.0,4.0,36.0
32,1,right_lane,adaptive,True,0.001,40,0,23.268957345971554,8.5,0.5,10.065147132681886,60.47491817670121,45.22491817670121,15.25,18.0,1.0,0,0,37,3,8.0,3.0,29.0
33,1,right_lane,adaptive,True,0.001,40,0,21.018957345971565,0.0,0.5,3.108307134360075,61.379397667741145,41.629397667741145,19.75,18.0,1.0,0,0,40,0,0.0,1.0,39.0
34,1,right_lane,adaptive,True,0.001,40,0,21.39395724882166,1.0,0.5,4.384221794241967,61.4789910739903,42.2289910739903,19.25,18.0,1.0,0,0,39,1,0.0,3.0,37.0
35,1,right_lane,adaptive,True,0.001,40,0,22.51895659544609,6.0,4.0,9.37906496040523,60.52888219820457,44.02888219820457,16.5,18.0,1.0,0,0,40,0,6.0,2.0,32.0
36,1,right_lane,adaptive,True,0.001,40,0,23.643957345971565,32.5,1.0,30.335008770113404,50.0761161253306,45.82611612533059,4.25,18.0,1.0,0,0,39,1,29.0,5.0,6.0
37,1,right_lane,adaptive,True,0.001,40,0,21.268957345971565,6.0,4.5,10.093261450529099,58.529101508290765,42.029101508290765,16.5,18.0,1.0,0,0,40,0,4.0,6.0,30.0
38,1,right_lane,adaptive,True,0.001,40,0,24.000043292066593,6.0,1.0,8.392917911362929,63.39679215798229,46.39679215798229,17.0,18.0,1.0,0,0,37,3,0.0,12.0,28.0
39,1,right_lane,adaptive,True,0.001,40,0,24.018957345971565,17.0,1.5,18.361708749085665,57.4275007907292,46.4275007907292,11.0,18.0,1.0,0,0,40,0,11.0,14.0,15.0
40,1,right_lane,adaptive,True,0.001,40,0,26.518957234092447,17.0,4.5,17.750627715722658,62.17248785306987,50.42248785306987,11.75,18.0,1.0,0,0,40,0,10.0,13.0,17.0
41,1,right_lane,adaptive,True,0.001,40,0,21.268957345971565,9.5,0.0,11.157405786216259,57.5303317535545,42.0303317535545,15.5,18.0,1.0,0,0,40,0,0.0,18.0,22.0
42,1,right_lane,adaptive,True,0.001,40,0,22.018957345971565,7.0,0.5,9.653646828028286,59.47566326929945,43.225663269299446,16.25,18.0,1.0,0,0,38,2,6.0,3.0,31.0
43,1,right_lane,adaptive,True,0.001,40,0,21.018956608239495,0.0,0.0,3.2594313248991966,61.6303305731832,41.630330573183194,20.0,18.0,1.0,0,0,40,0,0.0,0.0,40.0
44,1,right_lane,adaptive,True,0.001,40,0,22.643957344257622,23.5,3.5,23.102969281375408,52.728988251864635,44.228988251864635,8.5,18.0,1.0,0,0,40,0,19.0,8.0,13.0
45,1,right_lane,adaptive,True,0.001,40,0,24.643957345971565,19.0,2.0,19.928989618106698,57.67696106609394,47.42696106609393,10.25,18.0,1.0,0,0,37,3,14.0,11.0,15.0
46,1,right_lane,adaptive,True,0.001,40,0,24.516460808425666,4.0,1.0,6.660276894981507,64.97201149731565,47.22201149731565,17.75,18.0,1.0,0,0,39,1,3.0,3.0,34.0
47,1,right_lane,adaptive,True,0.001,40,0,21.393957260126378,0.0,0.0,3.4589388454642176,62.23033161620221,42.23033161620221,20.0,18.0,1.0,0,0,39,1,0.0,0.0,40.0
48,1,right_lane,adaptive,True,0.001,40,0,21.64395734574971,1.5,1.0,5.202553645506441,61.628481487667784,42.62848148766779,19.0,18.0,1.0,0,0,39,1,0.0,4.0,36.0
49,1,right_lane,adaptive,True,0.001,40,0,21.268957345971565,0.0,0.5,3.6539949948200956,62.0303317535545,42.0303317535545,20.0,18.0,1.0,0,0,39,1,0.0,0.0,40.0
50,1,right_lane,adaptive,True,0.001,40,0,22.122503658272326,5.5,1.5,7.785570242199356,60.392906874088766,43.392906874088766,17.0,18.0,1.0,0,0,38,2,3.0,6.0,31.0
51,1,right_lane,adaptive,True,0.001,40,0,23.018957345941395,15.0,5.5,16.757645688951015,57.578447881715626,44.828447881715626,12.75,18.0,1.0,0,0,40,0,0.0,29.0,11.0
52,1,right_lane,adaptive,True,0.001,40,0,21.6439573457458,18.0,3.5,18.645568562734297,53.62748263552775,42.62748263552775,11.0,18.0,1.0,0,0,39,1,14.0,8.0,18.0
53,1,right_lane,adaptive,True,0.001,40,0,25.518957345967646,19.5,0.5,19.208735423764324,59.32636320176377,48.82636320176377,10.5,18.0,1.0,0,0,36,4,17.0,4.0,19.0
54,1,right_lane,adaptive,True,0.001,40,0,20.768957345971565,39.5,0.0,37.199454724788666,41.97839840434077,41.22839840434077,0.75,18.0,1.0,0,0,40,0,38.0,1.0,1.0
55,1,right_lane,adaptive,True,0.001,40,0,22.393957345971565,8.0,0.0,10.154969656607136,59.32866900641274,43.82866900641273,15.5,18.0,1.0,0,0,40,0,8.0,2.0,30.0
56,1,right_lane,adaptive,True,0.001,40,0,23.768957334633278,19.0,3.0,18.451035368083467,56.774826549208804,46.02482654920882,10.75,18.0,1.0,0,0,38,2,7.0,23.0,10.0
57,1,right_lane,adaptive,True,0.001,40,0,25.141789654732086,5.5,0.5,6.843160666448966,65.47349249854572,48.223492498545696,17.25,18.0,1.0,0,0,35,5,3.0,5.0,32.0
58,1,right_lane,adaptive,True,0.001,40,0,23.018957345971565,10.5,2.0,12.248804800070502,59.576462721102835,44.826462721102835,14.75,18.0,1.0,0,0,37,3,8.0,5.0,27.0
59,1,right_lane,adaptive,True,0.001,40,0,23.268957345971565,20.0,3.0,21.90683639794588,54.72630941629849,45.22630941629849,9.5,18.0,1.0,0,0,40,0,17.0,8.0,15.0
60,1,right_lane,adaptive,True,0.001,40,0,21.502496440621705,27.5,1.0,26.033957524639845,48.903059018253195,42.40305901825319,6.5,18.0,1.0,0,0,38,2,26.0,2.0,12.0
61,1,right_lane,adaptive,True,0.001,40,0,22.768957345971565,33.0,0.0,30.68364675431576,48.17820063395592,44.42820063395592,3.75,18.0,1.0,0,0,39,1,31.0,3.0,6.0
62,1,right_lane,adaptive,True,0.001,40,0,20.768957345971565,17.0,0.5,17.781943172216415,52.72839840433995,41.22839840433995,11.5,18.0,1.0,0,0,40,0,16.0,2.0,22.0
63,1,right_lane,adaptive,True,0.001,40,0,24.143957248821653,0.5,2.5,3.440054886828193,65.87839824890165,46.62839824890164,19.25,18.0,1.0,0,0,34,6,1.0,1.0,38.0
64,1,right_lane,adaptive,True,0.001,40,0,26.76645530297113,12.0,0.5,13.709940495116825,64.5708813439544,50.82088134395441,13.75,18.0,1.0,0,0,36,4,5.0,15.0,20.0
65,1,right_lane,adaptive,True,0.001,40,0,21.768957345971565,40.0,0.0,36.75478208065033,42.8303317535545,42.8303317535545,0.0,18.0,1.0,0,0,40,0,40.0,0.0,0.0
66,1,right_lane,adaptive,True,0.001,40,0,22.375328749382287,16.5,6.0,18.651753172278404,55.050525975752095,43.800525975752095,11.25,18.0,1.0,0,0,40,0,17.0,1.0,22.0
67,1,right_lane,adaptive,True,0.001,40,0,25.49750431035133,5.5,0.0,6.926212660451597,66.2934335342831,48.79343353428309,17.5,18.0,1.0,0,0,36,4,2.0,6.0,32.0
68,1,right_lane,adaptive,True,0.001,40,0,24.268957345971565,24.5,5.5,25.122571006417274,54.32759983131044,46.82759983131044,7.5,18.0,1.0,0,0,40,0,22.0,6.0,12.0
69,1,right_lane,adaptive,True,0.001,40,0,23.14367188866261,8.0,2.0,10.446999768724027,60.775329240722144,45.025329240722144,15.75,18.0,1.0,0,0,39,1,5.0,7.0,28.0
70,1,right_lane,adaptive,True,0.001,40,0,22.49754686449712,12.0,0.0,14.052113010140602,57.99344871763013,43.99344871763012,14.0,18.0,1.0,0,0,40,0,3.0,18.0,19.0
71,1,right_lane,adaptive,True,0.001,40,0,23.018957345971565,28.0,2.0,27.8480479832142,50.827402207268015,44.827402207268015,6.0,18.0,1.0,0,0,39,1,25.0,6.0,9.0
72,1,right_lane,adaptive,True,0.001,40,0,24.268957345971565,13.0,1.5,15.5343875504077,59.82473008345655,46.824730083456544,13.0,18.0,1.0,0,0,39,1,12.0,4.0,24.0
73,1,right_lane,adaptive,True,0.001,40,0,22.018957345971565,6.5,0.5,8.441976271569729,59.72962387098927,43.229623870989265,16.5,18.0,1.0,0,0,40,0,0.0,14.0,26.0
74,1,right_lane,adaptive,True,0.001,40,0,23.518957345971565,1.0,1.5,3.8178698354295193,64.62700383979957,45.62700383979955,19.0,18.0,1.0,0,0,36,4,1.0,2.0,37.0
75,1,right_lane,adaptive,True,0.001,40,0,22.518957345971565,6.0,1.5,9.417943895125063,60.52700314896636,44.027003148966365,16.5,18.0,1.0,0,0,39,1,6.0,2.0,32.0
76,1,right_lane,adaptive,True,0.001,40,0,22.518957345971565,8.5,1.5,10.747430931728786,59.52937986960692,44.02937986960693,15.5,18.0,1.0,0,0,39,1,0.0,18.0,22.0
77,1,right_lane,adaptive,True,0.001,40,0,21.125000750751244,15.5,3.5,15.72824610452517,54.29953665423184,41.79953665423183,12.5,18.0,1.0,0,0,37,3,8.0,14.0,18.0
78,1,right_lane,adaptive,True,0.001,40,0,25.393957345971565,30.5,0.5,29.99719986319542,53.127088431451405,48.627088431451405,4.5,18.0,1.0,0,0,40,0,22.0,18.0,0.0
79,1,right_lane,adaptive,True,0.001,40,0,23.85609164714541,11.0,0.5,13.58156004767443,60.16833033369847,46.168330333698464,14.0,18.0,1.0,0,0,39,1,11.0,2.0,27.0
80,1,right_lane,adaptive,True,0.001,40,0,22.143956496389606,37.0,0.5,33.88004843890667,45.424939965216105,43.424939965216105,2.0,18.0,1.0,0,0,40,0,33.0,6.0,1.0
81,1,right_lane,adaptive,True,0.001,40,0,21.893957345971494,9.5,2.5,12.691766180098057,57.779736490258095,43.029736490258095,14.75,18.0,1.0,0,0,40,0,9.0,3.0,28.0
82,1,right_lane,adaptive,True,0.001,40,0,24.39395733295283,17.0,0.0,17.760328558520996,58.52839610693186,47.02839610693186,11.5,18.0,1.0,0,0,39,1,16.0,2.0,22.0
83,1,right_lane,adaptive,True,0.001,40,0,22.143957345971565,12.5,7.0,15.35256876051426,56.92653508029702,43.42653508029703,13.5,18.0,1.0,0,0,40,0,6.0,14.0,20.0
84,1,right_lane,adaptive,True,0.001,40,0,24.018957345971565,0.5,0.0,3.728628341366857,65.6783991088609,46.428399108860894,19.25,18.0,1.0,0,0,38,2,1.0,1.0,38.0
85,1,right_lane,adaptive,True,0.001,40,0,26.106042654032287,19.5,1.0,19.204506919332516,60.26448197701034,49.764481977010334,10.5,18.0,1.0,0,0,38,2,15.0,8.0,17.0
86,1,right_lane,adaptive,True,0.001,40,0,22.518957345971565,0.5,2.0,3.581948149197615,63.780331753554485,44.03033175355449,19.75,18.0,1.0,0,0,39,1,0.0,1.0,39.0
87,1,right_lane,adaptive,True,0.001,40,0,22.01895724713693,15.5,6.0,17.08478149212897,55.228009648476515,43.228009648476515,12.0,18.0,1.0,0,0,40,0,10.0,12.0,18.0
88,1,right_lane,adaptive,True,0.001,14,1,21.839878130702264,0.5,0.0,1.3421457782387733,22.03033175319327,15.030331753193268,7.0,18.0,1.0,0,0,14,0,0.0,0.0,14.0
89,1,right_lane,adaptive,True,0.001,40,0,23.518957345971565,26.0,2.5,25.57645657658577,52.62730928077191,45.62730928077192,7.0,18.0,1.0,0,0,40,0,14.0,24.0,2.0
90,1,right_lane,adaptive,True,0.001,40,0,24.643957345971565,0.0,0.0,2.6631371931534886,67.43033175355451,47.43033175355451,20.0,18.0,1.0,0,0,37,3,0.0,0.0,40.0
91,1,right_lane,adaptive,True,0.001,40,0,20.518957345971565,12.5,3.5,14.354330629110336,54.5789822252874,40.8289822252874,13.75,18.0,1.0,0,0,40,0,3.0,19.0,18.0
92,1,right_lane,adaptive,True,0.001,40,0,21.518957345971565,6.0,4.5,8.925007451325655,59.426465055194214,42.426465055194214,17.0,18.0,1.0,0,0,40,0,5.0,2.0,33.0
93,1,right_lane,adaptive,True,0.001,40,0,24.518957345971565,14.0,0.5,15.187208636251853,60.225797568316224,47.225797568316224,13.0,18.0,1.0,0,0,38,2,6.0,16.0,18.0
94,1,right_lane,adaptive,True,0.001,40,0,23.893951546119688,15.0,3.0,16.18333306403656,58.725617454595294,46.225617454595294,12.5,18.0,1.0,0,0,39,1,8.0,14.0,18.0
95,1,right_lane,adaptive,True,0.001,40,0,23.393957345971565,29.0,1.0,28.79532950371504,50.67939750948141,45.42939750948141,5.25,18.0,1.0,0,0,40,0,24.0,11.0,5.0
96,1,right_lane,adaptive,True,0.001,40,0,24.89395734597105,6.0,0.5,7.986445595260761,64.5755305002643,47.82553050026431,16.75,18.0,1.0,0,0,36,4,3.0,7.0,30.0
97,1,right_lane,adaptive,True,0.001,40,0,23.893956693888583,2.5,1.5,5.482763233306287,64.72751135144154,46.22751135144154,18.5,18.0,1.0,0,0,37,3,0.0,6.0,34.0
98,1,right_lane,adaptive,True,0.001,40,0,21.643957345967717,14.0,1.0,15.00858424830949,55.378402812287234,42.628402812287234,12.75,18.0,1.0,0,0,33,7,11.0,7.0,22.0
99,1,right_lane,adaptive,True,0.001,40,0,25.518956496356473,12.0,0.5,14.03089531609794,62.57460617421717,48.824606174217166,13.75,18.0,1.0,0,0,35,5,8.0,9.0,23.0
100,1,right_lane,adaptive,True,0.001,40,0,21.268957345971565,0.5,4.0,4.665882742032409,61.27839840434149,42.028398404341495,19.25,18.0,1.0,0,0,40,0,1.0,1.0,38.0
101,1,right_lane,adaptive,True,0.001,40,0,22.518957345971565,5.5,5.0,8.18757259261838,61.276139204383945,44.02613920438396,17.25,18.0,1.0,0,0,38,2,4.0,3.0,33.0
102,1,right_lane,adaptive,True,0.001,40,0,23.393957345971565,15.5,0.0,17.407591953873634,57.17889399314261,45.42889399314261,11.75,18.0,1.0,0,0,40,0,16.0,1.0,23.0
103,1,right_lane,adaptive,True,0.001,40,0,22.393957345971565,7.5,1.0,10.308704665862024,59.82744371919296,43.82744371919296,16.0,18.0,1.0,0,0,40,0,7.0,2.0,31.0
104,1,right_lane,adaptive,True,0.001,40,0,22.143957345971565,15.0,1.0,15.098567173650736,56.178399233604814,43.42839923360482,12.75,18.0,1.0,0,0,33,7,0.0,29.0,11.0
105,1,right_lane,adaptive,True,0.001,40,0,24.518957345971565,21.0,0.5,21.77040706507978,56.22696085937925,47.22696085937925,9.0,18.0,1.0,0,0,38,2,20.0,4.0,16.0
106,1,right_lane,adaptive,True,0.001,40,0,23.75032874938229,16.0,0.0,17.807746719568968,57.49824329124548,45.99824329124548,11.5,18.0,1.0,0,0,40,0,16.0,2.0,22.0
107,1,right_lane,adaptive,True,0.001,40,0,21.893957345971565,0.5,1.0,1.6228839243658513,62.278399108860896,43.028399108860896,19.25,18.0,1.0,0,0,11,29,1.0,1.0,38.0
108,1,right_lane,adaptive,True,0.001,40,0,24.01895734597155,8.5,1.5,11.027510290371083,61.9249275273934,46.4249275273934,15.5,18.0,1.0,0,0,39,1,5.0,8.0,27.0
109,1,right_lane,adaptive,True,0.001,40,0,22.893957345971565,2.0,0.0,4.817658729294635,63.62963992101912,44.62963992101912,19.0,18.0,1.0,0,0,38,2,0.0,4.0,36.0
110,1,right_lane,adaptive,True,0.001,40,0,22.01895734448237,1.0,1.5,4.219934955984627,62.72804510644586,43.22804510644585,19.5,18.0,1.0,0,0,38,2,0.0,2.0,38.0
111,1,right_lane,adaptive,True,0.001,40,0,23.625043292099726,16.0,1.0,18.701435945928097,57.79678342080256,45.79678342080257,12.0,18.0,1.0,0,0,40,0,7.0,18.0,15.0
112,1,right_lane,adaptive,True,0.001,40,0,23.518957345971554,26.5,2.5,25.335244045105355,52.377993510870134,45.627993510870134,6.75,18.0,1.0,0,0,39,1,24.0,5.0,11.0
113,1,right_lane,adaptive,True,0.001,40,0,21.393957345971565,1.5,1.5,5.508165851002559,60.97839838150577,42.22839838150577,18.75,18.0,1.0,0,0,40,0,1.0,3.0,36.0
114,1,right_lane,adaptive,True,0.001,40,0,21.643957345971554,0.0,1.0,3.8131325356662273,62.630331753554486,42.630331753554486,20.0,18.0,1.0,0,0,40,0,0.0,0.0,40.0
115,1,right_lane,adaptive,True,0.001,40,0,23.14395734596713,12.0,3.5,13.058487724895485,58.77670118519894,45.02670118519894,13.75,18.0,1.0,0,0,39,1,1.0,23.0,16.0
116,1,right_lane,adaptive,True,0.001,40,0,22.018957345971565,9.0,2.0,11.652046881616116,58.47750812802684,43.22750812802684,15.25,18.0,1.0,0,0,40,0,8.0,3.0,29.0
117,1,right_lane,adaptive,True,0.001,40,0,21.268957344035258,0.5,7.5,4.301545117617479,61.780331750095186,42.030331750095186,19.75,18.0,1.0,0,0,38,2,0.0,1.0,39.0
118,1,right_lane,adaptive,True,0.001,40,0,24.643957345749705,11.0,0.5,12.05875765845235,61.428915134170374,47.428915134170374,14.0,18.0,1.0,0,0,37,3,10.0,4.0,26.0
119,1,right_lane,adaptive,True,0.001,40,0,24.26895164517964,10.5,0.0,10.464428418983516,62.07675287343174,46.82675287343173,15.25,18.0,1.0,0,0,39,1,7.0,5.0,28.0
120,1,right_lane,adaptive,True,0.001,40,0,21.39395734594184,0.0,0.0,3.801214980777331,61.97939766769359,42.22939766769358,19.75,18.0,1.0,0,0,37,3,0.0,1.0,39.0
121,1,right_lane,adaptive,True,0.001,40,0,21.643957345971565,18.0,1.0,18.26633470505476,53.62751346408647,42.62751346408646,11.0,18.0,1.0,0,0,40,0,4.0,28.0,8.0
122,1,right_lane,adaptive,True,0.001,40,0,23.893951743818675,10.0,0.0,11.131052151627955,60.97817686511603,46.22817686511603,14.75,18.0,1.0,0,0,37,3,5.0,11.0,24.0
123,1,right_lane,adaptive,True,0.001,40,0,22.393957345971565,14.0,0.0,12.622393817644024,56.82805775795232,43.82805775795232,13.0,18.0,1.0,0,0,39,1,0.0,28.0,12.0
124,1,right_lane,adaptive,True,0.001,40,0,22.143957345971565,39.5,0.0,36.2393998503685,44.178398405073295,43.428398405073295,0.75,18.0,1.0,0,0,40,0,38.0,1.0,1.0
125,1,right_lane,adaptive,True,0.001,40,0,21.51895734422796,10.0,2.0,12.13041853159666,57.6780451461145,42.4280451461145,15.25,18.0,1.0,0,0,40,0,0.0,19.0,21.0
126,1,right_lane,adaptive,True,0.001,40,0,21.893957345971565,34.5,0.0,31.51443560163898,46.02796032626492,43.02796032626492,3.0,18.0,1.0,0,0,39,1,33.0,2.0,5.0
127,1,right_lane,adaptive,True,0.001,40,0,25.25000000002973,23.5,0.0,23.49620956255933,56.64643974702727,48.396439747027266,8.25,18.0,1.0,0,0,39,1,22.0,3.0,15.0
128,1,right_lane,adaptive,True,0.001,40,0,22.393957345971565,14.0,1.0,16.34765961766243,56.82768995576782,43.82768995576782,13.0,18.0,1.0,0,0,40,0,8.0,12.0,20.0
129,1,right_lane,adaptive,True,0.001,40,0,22.268957345971565,16.5,0.0,16.15695424916339,55.88033175355449,43.630331753554486,12.25,18.0,1.0,0,0,36,4,15.0,1.0,24.0
130,1,right_lane,adaptive,True,0.001,40,0,21.268957345971565,0.5,0.0,4.088585095423014,61.5293983296861,42.02939832968611,19.5,18.0,1.0,0,0,39,1,0.0,2.0,38.0
131,1,right_lane,adaptive,True,0.001,40,0,22.018957345971565,3.5,9.5,6.687599452348877,61.47752363146203,43.22752363146204,18.25,18.0,1.0,0,0,37,3,0.0,7.0,33.0
132,1,right_lane,adaptive,True,0.001,40,0,24.143957345971565,24.5,0.0,23.507413131989097,54.626397355776476,46.62639735577646,8.0,18.0,1.0,0,0,39,1,17.0,14.0,9.0
133,1,right_lane,adaptive,True,0.001,40,0,21.893957345971565,0.5,0.5,3.5546626221498627,62.778528698231504,43.02852869823152,19.75,18.0,1.0,0,0,38,2,0.0,1.0,39.0
134,1,right_lane,adaptive,True,0.001,40,0,20.768957345971565,8.5,0.0,11.342484146356583,56.480330397233224,41.230330397233224,15.25,18.0,1.0,0,0,40,0,9.0,1.0,30.0
135,1,right_lane,adaptive,True,0.001,40,0,21.643957345971565,22.5,0.5,21.801237102597952,51.87839877769845,42.62839877769845,9.25,18.0,1.0,0,0,40,0,21.0,1.0,18.0
136,1,right_lane,adaptive,True,0.001,40,0,22.518957345971565,11.0,1.0,13.441521748900414,58.27893039648507,44.02893039648507,14.25,18.0,1.0,0,0,40,0,2.0,19.0,19.0
137,1,right_lane,adaptive,True,0.001,40,0,22.76863421175691,10.5,2.0,12.052108916506313,59.17560116624628,44.425601166246295,14.75,18.0,1.0,0,0,38,2,9.0,3.0,28.0
138,1,right_lane,adaptive,True,0.001,19,1,23.724120728351856,19.0,0.0,18.76635843515396,21.83033175354742,21.83033175354742,0.0,18.0,1.0,0,0,19,0,19.0,0.0,0.0
139,1,right_lane,adaptive,True,0.001,40,0,23.268957345716068,17.5,2.0,18.583514534047026,56.47263993356767,45.22263993356767,11.25,18.0,1.0,0,0,38,2,10.0,15.0,15.0
140,1,right_lane,adaptive,True,0.001,40,0,22.393957345971565,0.5,0.0,1.204713332661413,63.57893648969725,43.82893648969726,19.75,18.0,1.0,0,0,35,5,0.0,1.0,39.0
141,1,right_lane,adaptive,True,0.001,40,0,27.64395733123793,26.5,0.0,27.153880387544632,58.97560765421926,52.22560765421926,6.75,18.0,1.0,0,0,40,0,23.0,7.0,10.0
142,1,right_lane,adaptive,True,0.001,40,0,26.643957345967134,8.0,3.0,10.006218840345355,66.62311898125877,50.6231189812588,16.0,18.0,1.0,0,0,37,3,4.0,8.0,28.0
143,1,right_lane,adaptive,True,0.001,40,0,21.643957345971565,0.5,3.0,5.038240842978212,61.87839910886088,42.62839910886088,19.25,18.0,1.0,0,0,39,1,1.0,1.0,38.0
144,1,right_lane,adaptive,True,0.001,40,0,24.141461004214154,27.0,3.0,26.869766250252724,53.12264066322276,46.62264066322276,6.5,18.0,1.0,0,0,40,0,17.0,20.0,3.0
145,1,right_lane,adaptive,True,0.001,40,0,23.14358540335391,23.0,2.0,22.571055218715628,53.775823423330884,45.02582342333088,8.75,18.0,1.0,0,0,39,1,18.0,9.0,13.0
146,1,right_lane,adaptive,True,0.001,40,0,22.893628596364085,10.0,1.0,11.468943990672415,59.875826625699375,44.625826625699375,15.25,18.0,1.0,0,0,39,1,6.0,7.0,27.0
147,1,right_lane,adaptive,True,0.001,40,0,21.14395734597155,0.0,0.5,3.3741016561307333,61.579397666520435,41.82939766652043,19.75,18.0,1.0,0,0,39,1,0.0,1.0,39.0
148,1,right_lane,adaptive,True,0.001,40,0,23.768957345971486,21.0,2.5,20.721571029477218,55.52698278432925,46.02698278432926,9.5,18.0,1.0,0,0,38,2,19.0,4.0,17.0
149,1,right_lane,adaptive,True,0.001,40,0,23.018957345971565,8.0,0.0,10.80374426022172,60.32891519335194,44.828915193351946,15.5,18.0,1.0,0,0,40,0,8.0,2.0,30.0
150,1,right_lane,adaptive,True,0.001,40,0,20.768957345971565,11.5,0.0,12.87396331601849,55.73033175355438,41.23033175355439,14.5,18.0,1.0,0,0,39,1,0.0,22.0,18.0
151,1,right_lane,adaptive,True,0.001,40,0,23.268957345971565,23.0,0.5,22.687790259718895,53.97798176898705,45.22798176898705,8.75,18.0,1.0,0,0,40,0,19.0,7.0,14.0
152,1,right_lane,adaptive,True,0.001,40,0,24.39395734597105,9.0,0.5,10.432171898243041,62.775031232951335,47.02503123295134,15.75,18.0,1.0,0,0,38,2,6.0,5.0,29.0
153,1,right_lane,adaptive,True,0.001,40,0,22.643957345971565,8.0,0.5,10.28492922283067,59.72870484651516,44.22870484651516,15.5,18.0,1.0,0,0,39,1,1.0,16.0,23.0
154,1,right_lane,adaptive,True,0.001,40,0,23.981086044766748,24.5,6.5,25.448494248092175,53.86586536142189,46.36586536142189,7.5,18.0,1.0,0,0,40,0,14.0,22.0,4.0
155,1,right_lane,adaptive,True,0.001,40,0,24.6439140555863,35.0,0.5,32.7409001737833,50.42465361141337,47.42465361141337,3.0,18.0,1.0,0,0,40,0,29.0,10.0,1.0
156,1,right_lane,adaptive,True,0.001,40,0,22.250328749382287,14.5,3.0,15.828787468835799,56.597251949457686,43.59725194945769,13.0,18.0,1.0,0,0,39,1,9.0,10.0,21.0
157,1,right_lane,adaptive,True,0.001,40,0,23.51895089592145,11.0,9.0,13.776835319416023,59.8768142455258,45.62681424552581,14.25,18.0,1.0,0,0,39,1,8.0,7.0,25.0
158,1,right_lane,adaptive,True,0.001,40,0,24.018957247107267,32.0,1.5,30.910077445209026,50.42549277440644,46.42549277440644,4.0,18.0,1.0,0,0,40,0,27.0,10.0,3.0
159,1,right_lane,adaptive,True,0.001,40,0,21.768957345971565,9.0,1.0,12.318005360662937,57.82891522749019,42.82891522749019,15.0,18.0,1.0,0,0,40,0,9.0,2.0,29.0
160,1,right_lane,adaptive,True,0.001,40,0,22.393666176367102,29.5,0.0,28.965121273288332,48.57793361074293,43.82793361074293,4.75,18.0,1.0,0,0,38,2,30.0,1.0,9.0
161,1,right_lane,adaptive,True,0.001,40,0,23.393957344482878,34.5,1.0,33.08520817756653,47.93032910394007,45.43032910394007,2.5,18.0,1.0,0,0,40,0,30.0,10.0,0.0
162,1,right_lane,adaptive,True,0.001,40,0,22.268957345971565,0.0,0.0,3.012428010158146,63.6303317535545,43.63033175355451,20.0,18.0,1.0,0,0,38,2,0.0,0.0,40.0
163,1,right_lane,adaptive,True,0.001,40,0,23.268950894206988,15.5,2.0,16.325396563121785,57.476630261498116,45.22663026149811,12.25,18.0,1.0,0,0,37,3,10.0,11.0,19.0
164,1,right_lane,adaptive,True,0.001,40,0,21.518957345971565,13.0,1.0,15.32736898213625,55.678930135571825,42.428930135571825,13.25,18.0,1.0,0,0,40,0,2.0,23.0,15.0
165,1,right_lane,adaptive,True,0.001,33,1,21.538130116329167,0.5,1.0,3.0843985678366153,50.77839840434078,35.02839840434078,15.75,18.0,1.0,0,0,32,1,1.0,1.0,31.0
166,1,right_lane,adaptive,True,0.001,40,0,26.768956593505862,14.5,0.0,15.47152591739723,63.5735276415931,50.82352764159309,12.75,18.0,1.0,0,0,38,2,9.0,11.0,20.0
167,1,right_lane,adaptive,True,0.001,40,0,20.518957345971565,0.0,5.5,4.355799399316311,60.8303317535545,40.8303317535545,20.0,18.0,1.0,0,0,40,0,0.0,0.0,40.0
168,1,right_lane,adaptive,True,0.001,40,0,22.143957345749705,7.5,1.5,10.208043359220028,59.17884868959431,43.42884868959431,15.75,18.0,1.0,0,0,40,0,3.0,11.0,26.0
169,1,right_lane,adaptive,True,0.001,40,0,23.143957345971565,16.5,4.5,19.16750182211399,56.278397182832755,45.028397182832755,11.25,18.0,1.0,0,0,40,0,17.0,1.0,22.0
170,1,right_lane,adaptive,True,0.001,40,0,22.018957345971565,29.5,1.5,28.326546549797058,48.47828032502832,43.22828032502833,5.25,18.0,1.0,0,0,40,0,27.0,5.0,8.0
171,1,right_lane,adaptive,True,0.001,40,0,21.143957345971565,21.5,0.5,22.219854652881622,50.82673084351974,41.826730843519734,9.0,18.0,1.0,0,0,40,0,9.0,26.0,5.0
172,1,right_lane,adaptive,True,0.001,40,0,21.018957345971565,0.5,1.0,3.9388971030712128,60.87839840434077,41.62839840434077,19.25,18.0,1.0,0,0,40,0,1.0,1.0,38.0
173,1,right_lane,adaptive,True,0.001,40,0,21.393957345971565,31.0,3.0,29.54588010907173,46.978398404340666,42.228398404340666,4.75,18.0,1.0,0,0,40,0,22.0,17.0,1.0
174,1,right_lane,adaptive,True,0.001,40,0,23.268957234117828,30.5,1.5,28.815449759364128,50.475005298259475,45.225005298259475,5.25,18.0,1.0,0,0,40,0,20.0,19.0,1.0
175,1,right_lane,adaptive,True,0.001,40,0,24.25000001301917,21.0,0.0,21.279692417941988,56.295693328012256,46.795693328012256,9.5,18.0,1.0,0,0,40,0,19.0,4.0,17.0
176,1,right_lane,adaptive,True,0.001,40,0,21.64395724882166,4.0,4.5,7.020922982786487,60.377619424303035,42.627619424303035,17.75,18.0,1.0,0,0,36,4,0.0,9.0,31.0
177,1,right_lane,adaptive,True,0.001,40,0,20.768957345971565,39.5,0.5,39.384139478206635,41.478528698231514,41.228528698231514,0.25,18.0,1.0,0,0,40,0,39.0,1.0,0.0
178,1,right_lane,adaptive,True,0.001,40,0,22.768957345971565,9.0,0.0,10.200399246274173,59.92696106615654,44.42696106615654,15.5,18.0,1.0,0,0,34,6,8.0,2.0,30.0
179,1,right_lane,adaptive,True,0.001,40,0,20.893957345971565,32.0,1.5,32.398800283670425,45.17939766774115,41.42939766774115,3.75,18.0,1.0,0,0,40,0,31.0,3.0,6.0
180,1,right_lane,adaptive,True,0.001,40,0,25.518627859082976,26.5,0.5,25.462420684841163,55.82764453602996,48.827644536029965,7.0,18.0,1.0,0,0,38,2,22.0,8.0,10.0
181,1,right_lane,adaptive,True,0.001,40,0,23.518957345971565,14.0,0.0,16.352836651261896,58.377729056605816,45.62772905660581,12.75,18.0,1.0,0,0,40,0,10.0,9.0,21.0
182,1,right_lane,adaptive,True,0.001,40,0,23.268957345971565,0.0,1.5,2.32489641986524,65.23033175355451,45.2303317535545,20.0,18.0,1.0,0,0,32,8,0.0,0.0,40.0
183,1,right_lane,adaptive,True,0.001,40,0,21.62749644062177,0.0,2.5,3.4419061727721783,62.603994304994835,42.603994304994835,20.0,18.0,1.0,0,0,38,2,0.0,0.0,40.0
184,1,right_lane,adaptive,True,0.001,40,0,22.268957345971046,17.5,2.5,17.878615730334786,55.12713239852198,43.62713239852198,11.5,18.0,1.0,0,0,38,2,11.0,12.0,17.0
185,1,right_lane,adaptive,True,0.001,40,0,23.643957345971565,8.0,0.0,9.94906461828009,61.575513789757615,45.825513789757615,15.75,18.0,1.0,0,0,38,2,7.0,3.0,30.0
186,1,right_lane,adaptive,True,0.001,40,0,22.26895733317816,31.0,0.5,29.463543102145195,48.37618253869642,43.62618253869642,4.75,18.0,1.0,0,0,40,0,22.0,17.0,1.0
187,1,right_lane,adaptive,True,0.001,11,1,25.52332347286258,10.5,0.0,10.074841320514679,13.929568969465805,13.429568969465805,0.5,18.0,1.0,0,0,11,0,9.0,2.0,0.0
188,1,right_lane,adaptive,True,0.001,14,1,23.26844955437671,0.5,0.0,1.9730715453624725,22.579398326582556,15.829398326582556,6.75,18.0,1.0,0,0,14,0,0.0,1.0,13.0
189,1,right_lane,adaptive,True,0.001,40,0,21.143957345971565,11.0,2.5,13.760030321776867,55.830253385666396,41.830253385666396,14.0,18.0,1.0,0,0,40,0,10.0,4.0,26.0
190,1,right_lane,adaptive,True,0.001,40,0,23.768956596934782,24.5,0.0,23.085604815052875,54.02710135845563,46.02710135845563,8.0,18.0,1.0,0,0,38,2,19.0,10.0,11.0
191,1,right_lane,adaptive,True,0.001,40,0,20.518957345971565,0.5,0.0,4.574063002384719,60.07839840304393,40.828398403043934,19.25,18.0,1.0,0,0,39,1,1.0,1.0,38.0
192,1,right_lane,adaptive,True,0.001,40,0,22.14395649829619,15.5,1.5,16.321283094584942,55.92609885609633,43.42609885609633,12.5,18.0,1.0,0,0,40,0,9.0,12.0,19.0
193,1,right_lane,adaptive,True,0.001,40,0,25.981371403414574,12.0,0.5,12.607164535489574,63.55910655997832,49.559106559978304,14.0,18.0,1.0,0,0,38,2,7.0,10.0,23.0
194,1,right_lane,adaptive,True,0.001,40,0,21.768957345971565,35.0,2.0,32.32726129889488,45.5780571408735,42.8280571408735,2.75,18.0,1.0,0,0,40,0,29.0,11.0,0.0
195,1,right_lane,adaptive,True,0.001,40,0,21.731091647145398,3.0,4.5,5.164403216062965,61.51974401036184,42.76974401036184,18.75,18.0,1.0,0,0,39,1,0.0,5.0,35.0
196,1,right_lane,adaptive,True,0.001,40,0,25.393957345971565,22.0,0.5,22.623158633708954,57.62423720719336,48.62423720719336,9.0,18.0,1.0,0,0,40,0,8.0,28.0,4.0
197,1,right_lane,adaptive,True,0.001,40,0,24.752496440395998,21.0,1.5,19.771216749310497,57.59784211381294,47.59784211381294,10.0,18.0,1.0,0,0,39,1,18.0,4.0,18.0
198,1,right_lane,adaptive,True,0.001,40,0,21.893957345971565,0.0,7.0,3.204065989144965,63.0303317535545,43.030331753554506,20.0,18.0,1.0,0,0,39,1,0.0,0.0,40.0
199,1,right_lane,adaptive,True,0.001,40,0,25.268957345970982,24.5,0.5,24.204198370960057,56.42493752533935,48.42493752533935,8.0,18.0,1.0,0,0,38,2,21.0,6.0,13.0
200,1,right_lane,adaptive,True,0.001,40,0,24.64395239570556,10.5,0.0,10.917994049632739,62.4293730391745,47.4293730391745,15.0,18.0,1.0,0,0,37,3,0.0,20.0,20.0
201,1,right_lane,adaptive,True,0.001,40,0,20.518957345971565,0.0,3.5,4.002301372587681,60.8303317535545,40.8303317535545,20.0,18.0,1.0,0,0,40,0,0.0,0.0,40.0
202,1,right_lane,adaptive,True,0.001,40,0,22.518957345971565,31.0,0.0,28.753982578472232,49.02828032110697,44.028280321106976,5.0,18.0,1.0,0,0,39,1,28.0,4.0,8.0
203,1,right_lane,adaptive,True,0.001,40,0,22.64395734594234,33.5,1.0,31.82516408711672,47.97579889599055,44.22579889599055,3.75,18.0,1.0,0,0,40,0,28.0,9.0,3.0
204,1,right_lane,adaptive,True,0.001,40,0,21.893957345971558,18.0,1.0,17.81510958238505,54.53032894921125,43.03032894921125,11.5,18.0,1.0,0,0,40,0,14.0,6.0,20.0
205,1,right_lane,adaptive,True,0.001,40,0,21.268957345971565,23.5,4.0,24.563761051744223,50.03033175350067,42.03033175350067,8.0,18.0,1.0,0,0,40,0,18.0,12.0,10.0
206,1,right_lane,adaptive,True,0.001,40,0,22.018957345971565,17.5,1.5,17.945757044908532,54.2274863935664,43.22748639356641,11.0,18.0,1.0,0,0,39,1,15.0,6.0,19.0
207,1,right_lane,adaptive,True,0.001,40,0,23.14146090535031,33.5,0.0,31.84229574352503,48.27073275187911,45.02073275187911,3.25,18.0,1.0,0,0,40,0,32.0,3.0,5.0
208,1,right_lane,adaptive,True,0.001,12,1,22.14652444317463,1.0,0.5,1.9600299373269081,18.529397646909263,13.029397646909262,5.5,18.0,1.0,0,0,12,0,0.0,2.0,10.0
209,1,right_lane,adaptive,True,0.001,40,0,21.372832407624884,9.0,0.5,10.978102410065162,57.44653065127164,42.19653065127164,15.25,18.0,1.0,0,0,38,2,9.0,1.0,30.0
210,1,right_lane,adaptive,True,0.001,40,0,22.76895174381868,11.0,0.0,11.037508878543122,59.17986881023933,44.42986881023932,14.75,18.0,1.0,0,0,31,9,9.0,3.0,28.0
211,1,right_lane,adaptive,True,0.001,40,0,22.391789654476646,9.0,6.5,11.147848152061101,59.57592739694123,43.82592739694123,15.75,18.0,1.0,0,0,39,1,0.0,17.0,23.0
212,1,right_lane,adaptive,True,0.001,40,0,23.768957345971565,15.5,0.0,17.440439328551292,57.77839835388945,46.02839835388944,11.75,18.0,1.0,0,0,40,0,16.0,1.0,23.0
213,1,right_lane,adaptive,True,0.001,40,0,22.393957345971565,30.0,0.5,28.032762416013156,48.82725407913933,43.82725407913934,5.0,18.0,1.0,0,0,39,1,27.0,6.0,7.0
214,1,right_lane,adaptive,True,0.001,40,0,20.893957345971565,16.0,0.5,17.346580374985933,53.17846358273061,41.42846358273061,11.75,18.0,1.0,0,0,40,0,4.0,25.0,11.0
215,1,right_lane,adaptive,True,0.001,40,0,22.14395733295239,28.0,3.5,27.48928654193878,49.424198551972026,43.424198551972026,6.0,18.0,1.0,0,0,40,0,26.0,4.0,10.0
216,1,right_lane,adaptive,True,0.001,40,0,24.768957345971565,9.0,2.0,11.508647879812997,62.875933472581714,47.62593347258172,15.25,18.0,1.0,0,0,39,1,4.0,11.0,25.0
217,1,right_lane,adaptive,True,0.001,40,0,25.3939573444828,32.0,0.0,30.58292495225396,52.626395306271206,48.626395306271206,4.0,18.0,1.0,0,0,39,1,27.0,10.0,3.0
218,1,right_lane,adaptive,True,0.001,40,0,20.89391975488909,1.0,1.0,3.7093717269599438,61.1798750219024,41.4298750219024,19.75,18.0,1.0,0,0,40,0,0.0,1.0,39.0
219,1,right_lane,adaptive,True,0.001,40,0,21.143957345971565,0.0,0.0,3.845197072461815,61.57939766774115,41.82939766774115,19.75,18.0,1.0,0,0,38,2,0.0,1.0,39.0
220,1,right_lane,adaptive,True,0.001,40,0,21.999994300726943,9.5,8.0,12.469639353454113,58.448136780564944,43.198136780564944,15.25,18.0,1.0,0,0,40,0,8.0,3.0,29.0
221,1,right_lane,adaptive,True,0.001,40,0,22.893957345971565,10.0,0.5,11.266650337209285,59.62845233056221,44.62845233056221,15.0,18.0,1.0,0,0,37,3,0.0,20.0,20.0
222,1,right_lane,adaptive,True,0.001,40,0,23.99754695031215,13.5,4.0,15.171588713169513,59.38952910107264,46.38952910107264,13.0,18.0,1.0,0,0,39,1,10.0,8.0,22.0
223,1,right_lane,adaptive,True,0.001,40,0,21.893957345971565,0.0,0.0,2.6141057767526945,63.030331753554506,43.0303317535545,20.0,18.0,1.0,0,0,39,1,0.0,0.0,40.0
224,1,right_lane,adaptive,True,0.001,40,0,20.768957345971565,0.0,1.0,4.5087025463581085,60.979397667741154,41.22939766774115,19.75,18.0,1.0,0,0,40,0,0.0,1.0,39.0
225,1,right_lane,adaptive,True,0.001,40,0,21.375043292099726,30.5,3.0,28.57921727001667,47.19687889591029,42.19687889591029,5.0,18.0,1.0,0,0,40,0,24.0,12.0,4.0
226,1,right_lane,adaptive,True,0.001,40,0,23.143957345971565,9.5,0.5,11.853482097387314,60.27726680682618,45.02726680682618,15.25,18.0,1.0,0,0,40,0,8.0,3.0,29.0
227,1,right_lane,adaptive,True,0.001,40,0,23.87500009886436,21.5,0.5,20.78420357525465,55.94701347306116,46.19701347306116,9.75,18.0,1.0,0,0,39,1,10.0,21.0,9.0
228,1,right_lane,adaptive,True,0.001,40,0,21.018957345971565,0.0,0.0,3.8961155275255805,61.379397666520426,41.62939766652045,19.75,18.0,1.0,0,0,39,1,0.0,1.0,39.0
229,1,right_lane,adaptive,True,0.001,40,0,21.516504197449514,13.0,3.5,13.332815373306403,56.42281365154122,42.422813651541226,14.0,18.0,1.0,0,0,39,1,2.0,20.0,18.0
230,1,right_lane,adaptive,True,0.001,40,0,21.143957345971565,35.0,0.5,32.50260040163994,44.3276534579359,41.82765345793591,2.5,18.0,1.0,0,0,40,0,30.0,10.0,0.0
231,1,right_lane,adaptive,True,0.001,40,0,21.268957345971565,1.0,4.5,5.1974156983196735,61.27839910886089,42.02839910886089,19.25,18.0,1.0,0,0,40,0,1.0,1.0,38.0
232,1,right_lane,adaptive,True,0.001,40,0,25.518951644954317,32.0,0.5,31.422719836235046,52.82629457879172,48.82629457879172,4.0,18.0,1.0,0,0,40,0,24.0,16.0,0.0
233,1,right_lane,adaptive,True,0.001,40,0,20.893957345971565,10.0,0.0,12.987482598051429,55.9280494091843,41.428049409184304,14.5,18.0,1.0,0,0,40,0,9.0,4.0,27.0
234,1,right_lane,adaptive,True,0.001,40,0,20.393957345971565,4.0,6.5,7.46723959967494,58.38026643038966,40.63026643038965,17.75,18.0,1.0,0,0,40,0,0.0,9.0,31.0
235,1,right_lane,adaptive,True,0.001,40,0,21.000043292099726,33.5,0.5,31.574944440857507,44.35006663975244,41.60006663975244,2.75,18.0,1.0,0,0,40,0,33.0,3.0,4.0
236,1,right_lane,adaptive,True,0.001,40,0,24.393957345971565,11.5,1.0,13.267478910161913,61.0266041139856,47.0266041139856,14.0,18.0,1.0,0,0,39,1,7.0,10.0,23.0
237,1,right_lane,adaptive,True,0.001,40,0,21.393957345971565,0.0,0.5,3.8562044758873526,61.979398329686106,42.2293983296861,19.75,18.0,1.0,0,0,39,1,0.0,1.0,39.0
238,1,right_lane,adaptive,True,0.001,40,0,22.768957345971565,21.5,1.0,21.567787065781886,53.67739899536257,44.427398995362566,9.25,18.0,1.0,0,0,39,1,13.0,17.0,10.0
239,1,right_lane,adaptive,True,0.001,40,0,22.268957345971565,13.0,1.0,14.789019882678986,56.87844523510077,43.62844523510078,13.25,18.0,1.0,0,0,40,0,9.0,9.0,22.0
240,1,right_lane,adaptive,True,0.001,40,0,25.393957234117757,18.0,1.5,18.85420362230093,59.62113242971506,48.62113242971506,11.0,18.0,1.0,0,0,38,2,14.0,8.0,18.0
241,1,right_lane,adaptive,True,0.001,40,0,23.25000009886436,7.0,0.5,9.132962824747665,61.44665505370559,45.19665505370559,16.25,18.0,1.0,0,0,38,2,6.0,3.0,31.0
242,1,right_lane,adaptive,True,0.001,40,0,22.768957345971565,10.0,0.0,13.225822538137436,58.926984591200835,44.426984591200835,14.5,18.0,1.0,0,0,40,0,10.0,2.0,28.0
243,1,right_lane,adaptive,True,0.001,40,0,21.76895174381868,0.5,1.0,3.498251706901783,62.83032279010988,42.83032279010989,20.0,18.0,1.0,0,0,39,1,0.0,0.0,40.0
244,1,right_lane,adaptive,True,0.001,40,0,23.51895733298212,32.5,3.0,31.693084180355072,49.12765037034217,45.62765037034217,3.5,18.0,1.0,0,0,40,0,26.0,14.0,0.0
245,1,right_lane,adaptive,True,0.001,40,0,23.51895659693478,39.5,0.0,36.136914029717445,46.378397205881924,45.628397205881924,0.75,18.0,1.0,0,0,40,0,38.0,1.0,1.0
246,1,right_lane,adaptive,True,0.001,40,0,21.268957345971565,40.0,0.0,36.53433668613434,42.0303317535545,42.0303317535545,0.0,18.0,1.0,0,0,40,0,40.0,0.0,0.0
247,1,right_lane,adaptive,True,0.001,40,0,24.518957345971565,8.5,6.0,10.949073048836112,62.724355608834856,47.224355608834856,15.5,18.0,1.0,0,0,38,2,5.0,8.0,27.0
248,1,right_lane,adaptive,True,0.001,40,0,23.643957345971565,26.0,0.5,25.735400795936584,52.326951151693834,45.826951151693834,6.5,18.0,1.0,0,0,40,0,25.0,4.0,11.0
249,1,right_lane,adaptive,True,0.001,40,0,21.768957345971565,26.0,5.0,25.640520161562335,49.575705632501986,42.82570563250199,6.75,18.0,1.0,0,0,39,1,18.0,17.0,5.0
250,1,right_lane,adaptive,True,0.001,40,0,22.14391480462308,39.0,0.5,35.28510783612728,44.428393448346355,43.42839344834634,1.0,18.0,1.0,0,0,40,0,37.0,2.0,1.0
251,1,right_lane,adaptive,True,0.001,40,0,24.51895734403133,25.0,0.5,26.21957242116332,54.22727650950092,47.22727650950092,7.0,18.0,1.0,0,0,40,0,23.0,6.0,11.0
252,1,right_lane,adaptive,True,0.001,40,0,22.143956595416878,14.5,0.5,14.73302746837635,56.17718590082148,43.42718590082148,12.75,18.0,1.0,0,0,38,2,12.0,5.0,23.0
253,1,right_lane,adaptive,True,0.001,40,0,22.518957345971565,1.5,0.5,4.723589473847824,62.77698243492561,44.02698243492561,18.75,18.0,1.0,0,0,38,2,1.0,3.0,36.0
254,1,right_lane,adaptive,True,0.001,40,0,24.268957345937928,26.5,4.5,26.598912328481674,53.579623303668626,46.829623303668626,6.75,18.0,1.0,0,0,40,0,13.0,27.0,0.0
255,1,right_lane,adaptive,True,0.001,40,0,21.018957345971565,4.5,4.5,8.05830377188795,59.12839910886089,41.62839910886089,17.5,18.0,1.0,0,0,39,1,1.0,8.0,31.0
256,1,right_lane,adaptive,True,0.001,40,0,21.25249644059595,20.5,1.0,19.520758372053024,52.00159042947868,42.00159042947867,10.0,18.0,1.0,0,0,38,2,12.0,16.0,12.0
257,1,right_lane,adaptive,True,0.001,40,0,24.143957345741946,18.0,1.5,18.595869887139997,57.62541227037219,46.62541227037219,11.0,18.0,1.0,0,0,38,2,13.0,10.0,17.0
258,1,right_lane,adaptive,True,0.001,40,0,25.893957345971565,17.0,1.0,18.727513452964786,60.428915472134875,49.428915472134875,11.0,18.0,1.0,0,0,39,1,17.0,2.0,21.0
259,1,right_lane,adaptive,True,0.001,40,0,22.643957345971565,8.0,3.0,11.568319261074066,59.72891519343647,44.22891519343648,15.5,18.0,1.0,0,0,40,0,8.0,2.0,30.0
260,1,right_lane,adaptive,True,0.001,40,0,22.127496440617854,20.5,1.5,19.831323578577212,53.64744663570112,43.397446635701115,10.25,18.0,1.0,0,0,39,1,16.0,7.0,17.0
261,1,right_lane,adaptive,True,0.001,40,0,21.018957345971565,20.5,2.0,20.958215452730656,51.376560055577954,41.626560055577954,9.75,18.0,1.0,0,0,40,0,7.0,27.0,6.0
262,1,right_lane,adaptive,True,0.001,40,0,21.268957345971565,0.0,2.5,3.123394626381014,62.03033175355449,42.0303317535545,20.0,18.0,1.0,0,0,39,1,0.0,0.0,40.0
263,1,right_lane,adaptive,True,0.001,40,0,22.268957345971565,13.5,3.5,16.082880705595016,56.379552250825235,43.629552250825235,12.75,18.0,1.0,0,0,40,0,9.0,11.0,20.0
264,1,right_lane,adaptive,True,0.001,40,0,21.518957345971565,0.0,0.5,3.2989637228520223,62.4303317535545,42.4303317535545,20.0,18.0,1.0,0,0,38,2,0.0,0.0,40.0
265,1,right_lane,adaptive,True,0.001,40,0,25.518957345745793,13.0,1.5,14.09619052313883,62.57367841317524,48.82367841317523,13.75,18.0,1.0,0,0,39,1,9.0,7.0,24.0
266,1,right_lane,adaptive,True,0.001,40,0,21.0189573329563,6.5,3.5,9.545924492180347,58.1298674815805,41.62986748158049,16.5,18.0,1.0,0,0,40,0,0.0,14.0,26.0
267,1,right_lane,adaptive,True,0.001,40,0,21.643957345971554,5.0,1.5,8.219442501664162,59.87728990765479,42.62728990765479,17.25,18.0,1.0,0,0,40,0,0.0,11.0,29.0
268,1,right_lane,adaptive,True,0.001,40,0,23.268957234091886,19.5,2.0,21.335405175732376,54.978674071044296,45.228674071044296,9.75,18.0,1.0,0,0,38,2,18.0,5.0,17.0
269,1,right_lane,adaptive,True,0.001,40,0,21.643957345971565,17.0,11.5,17.999600721584557,54.12844644453176,42.62844644453177,11.5,18.0,1.0,0,0,39,1,0.0,34.0,6.0
270,1,right_lane,adaptive,True,0.001,40,0,23.391504197449517,11.5,0.0,13.982540139666526,59.17447619856812,45.42447619856812,13.75,18.0,1.0,0,0,39,1,12.0,1.0,27.0
271,1,right_lane,adaptive,True,0.001,40,0,22.268957345971565,7.5,3.0,10.365362837910652,59.378685650863474,43.628685650863474,15.75,18.0,1.0,0,0,40,0,7.0,3.0,30.0
272,1,right_lane,adaptive,True,0.001,40,0,21.51613291973792,2.0,2.0,4.915359859739965,61.424472147456164,42.424472147456164,19.0,18.0,1.0,0,0,39,1,0.0,4.0,36.0
273,1,right_lane,adaptive,True,0.001,40,0,25.393957345971046,23.5,5.0,24.438621908426285,56.62773958281996,48.62773958281995,8.0,18.0,1.0,0,0,40,0,20.0,8.0,12.0
274,1,right_lane,adaptive,True,0.001,40,0,22.768957345971565,39.0,0.0,36.086004823446274,44.928915307720416,44.428915307720416,0.5,18.0,1.0,0,0,40,0,38.0,2.0,0.0
275,1,right_lane,adaptive,True,0.001,40,0,22.01895733123851,11.5,0.0,12.622618408272047,57.22954549350682,43.22954549350682,14.0,18.0,1.0,0,0,39,1,7.0,10.0,23.0
276,1,right_lane,adaptive,True,0.001,40,0,23.87532874938229,25.0,0.5,23.892227194002544,53.695232935958174,46.19523293595818,7.5,18.0,1.0,0,0,39,1,23.0,4.0,13.0
277,1,right_lane,adaptive,True,0.001,40,0,21.62749644062177,7.5,3.0,10.251637718429265,58.85250628798015,42.60250628798014,16.25,18.0,1.0,0,0,39,1,5.0,5.0,30.0
278,1,right_lane,adaptive,True,0.001,5,1,28.84838684036547,3.5,0.0,3.677176132798195,7.018969619973083,6.768969619973083,0.25,18.0,1.0,0,0,5,0,4.0,1.0,0.0
279,1,right_lane,adaptive,True,0.001,40,0,22.893957345971565,8.5,5.0,11.541813537478447,60.128218265313066,44.628218265313066,15.5,18.0,1.0,0,0,40,0,0.0,18.0,22.0
280,1,right_lane,adaptive,True,0.001,40,0,23.50032874938229,0.5,3.0,3.9816785756465833,64.84859335431807,45.59859335431806,19.25,18.0,1.0,0,0,38,2,1.0,1.0,38.0
281,1,right_lane,adaptive,True,0.001,40,0,20.768957345971565,2.5,4.0,5.707248464226723,60.48033175355451,41.2303317535545,19.25,18.0,1.0,0,0,40,0,1.0,1.0,38.0
282,1,right_lane,adaptive,True,0.001,40,0,22.143957345971565,0.5,0.5,4.027847936002672,62.9293983296861,43.42939832968611,19.5,18.0,1.0,0,0,38,2,0.0,2.0,38.0
283,1,right_lane,adaptive,True,0.001,40,0,20.768957345971117,9.0,6.5,11.626081015914679,56.23026640956453,41.23026640956453,15.0,18.0,1.0,0,0,40,0,8.0,4.0,28.0
284,1,right_lane,adaptive,True,0.001,40,0,21.64395734597105,32.5,2.0,30.488166972994804,46.37507847005349,42.62507847005349,3.75,18.0,1.0,0,0,40,0,29.0,7.0,4.0
285,1,right_lane,adaptive,True,0.001,40,0,22.268957345941832,20.0,2.0,20.550013933330774,53.37462512213992,43.6246251221399,9.75,18.0,1.0,0,0,40,0,14.0,13.0,13.0
286,1,right_lane,adaptive,True,0.001,40,0,26.143957344482807,20.5,0.5,21.573054061409493,59.07837784892032,49.82837784892033,9.25,18.0,1.0,0,0,39,1,21.0,1.0,18.0
287,1,right_lane,adaptive,True,0.001,40,0,22.393957345971565,10.0,1.0,12.352762557566166,58.82666785695546,43.82666785695546,15.0,18.0,1.0,0,0,40,0,8.0,4.0,28.0
288,1,right_lane,adaptive,True,0.001,40,0,22.018957345971565,11.5,2.0,14.211591899394989,57.22746502736832,43.22746502736831,14.0,18.0,1.0,0,0,40,0,11.0,2.0,27.0
289,1,right_lane,adaptive,True,0.001,40,0,26.018914053875744,20.5,1.5,20.92734997212733,58.87369973174855,49.62369973174855,9.25,18.0,1.0,0,0,38,2,17.0,9.0,14.0
290,1,right_lane,adaptive,True,0.001,40,0,22.518957345971565,10.0,1.5,11.96409392226542,58.77583572665794,44.02583572665794,14.75,18.0,1.0,0,0,39,1,6.0,9.0,25.0
291,1,right_lane,adaptive,True,0.001,40,0,21.018957345971565,6.5,1.5,9.089377372023137,57.88025367881688,41.63025367881688,16.25,18.0,1.0,0,0,38,2,7.0,1.0,32.0
292,1,right_lane,adaptive,True,0.001,40,0,21.518957345971565,0.0,0.0,3.661680567937765,62.17939832968611,42.42939832968611,19.75,18.0,1.0,0,0,39,1,0.0,1.0,39.0
293,1,right_lane,adaptive,True,0.001,40,0,22.518957345971558,0.5,3.0,4.361960548059187,63.27839910880879,44.028399108808784,19.25,18.0,1.0,0,0,37,3,1.0,1.0,38.0
294,1,right_lane,adaptive,True,0.001,40,0,23.518957345971565,30.5,2.0,29.202487744390965,50.62543475551473,45.625434755514725,5.0,18.0,1.0,0,0,40,0,23.0,14.0,3.0
295,1,right_lane,adaptive,True,0.001,40,0,20.89395239570556,0.5,2.0,4.420043632388115,60.678390483915166,41.428390483915166,19.25,18.0,1.0,0,0,40,0,1.0,1.0,38.0
296,1,right_lane,adaptive,True,0.001,40,0,22.643956593535655,27.0,2.0,26.148670937865973,50.97839542073626,44.22839542073626,6.75,18.0,1.0,0,0,40,0,19.0,15.0,6.0
297,1,right_lane,adaptive,True,0.001,40,0,21.393957247332974,25.0,3.5,24.7652448117733,49.72698868090499,42.22698868090499,7.5,18.0,1.0,0,0,40,0,22.0,6.0,12.0
298,1,right_lane,adaptive,True,0.001,40,0,25.893957345971558,18.0,3.0,20.213341437280178,59.92585397873159,49.425853978731595,10.5,18.0,1.0,0,0,40,0,16.0,6.0,18.0
299,1,right_lane,adaptive,True,0.001,40,0,22.893957345971565,25.0,0.5,23.279386953277935,52.62848255491383,44.62848255491382,8.0,18.0,1.0,0,0,37,3,19.0,10.0,11.0
300,1,right_lane,adaptive,True,0.001,40,0,21.893957345971565,0.0,0.5,3.525860041523856,63.03033175355449,43.030331753554506,20.0,18.0,1.0,0,0,39,1,0.0,0.0,40.0
301,1,right_lane,adaptive,True,0.001,11,1,23.705299033155487,11.0,0.0,10.813870370388031,12.630331574588414,12.630331574588414,0.0,18.0,1.0,0,0,11,0,11.0,0.0,0.0
302,1,right_lane,adaptive,True,0.001,40,0,20.768957345971565,11.0,0.0,13.72616695612669,55.230258647089684,41.23025864708969,14.0,18.0,1.0,0,0,40,0,7.0,10.0,23.0
303,1,right_lane,adaptive,True,0.001,40,0,22.64395734426102,19.0,2.5,19.72495925053954,54.729320510867865,44.229320510867865,10.5,18.0,1.0,0,0,40,0,15.0,8.0,17.0
304,1,right_lane,adaptive,True,0.001,40,0,21.393957345971565,0.0,0.5,3.8560559969928363,61.979398329686106,42.2293983296861,19.75,18.0,1.0,0,0,39,1,0.0,1.0,39.0
305,1,right_lane,adaptive,True,0.001,40,0,22.625000000225775,8.5,3.5,10.313462564467045,59.9490096572607,44.1990096572607,15.75,18.0,1.0,0,0,39,1,1.0,15.0,24.0
306,1,right_lane,adaptive,True,0.001,40,0,24.518585416342905,6.0,0.5,8.70674477490968,63.72582104179129,47.22582104179129,16.5,18.0,1.0,0,0,38,2,1.0,12.0,27.0
307,1,right_lane,adaptive,True,0.001,40,0,22.518957345971565,35.5,0.0,34.29416701197624,46.778896265538705,44.028896265538705,2.75,18.0,1.0,0,0,40,0,34.0,1.0,5.0
308,1,right_lane,adaptive,True,0.001,40,0,21.643957345971565,28.5,2.0,27.629145632676227,48.6260054934015,42.6260054934015,6.0,18.0,1.0,0,0,39,1,20.0,16.0,4.0
309,1,right_lane,adaptive,True,0.001,40,0,22.768957345971565,3.5,2.5,6.5277411055103585,62.42749919528194,44.42749919528194,18.0,18.0,1.0,0,0,38,2,0.0,8.0,32.0
310,1,right_lane,adaptive,True,0.001,40,0,22.393957345941324,15.5,2.0,16.321428200906666,56.07744637041331,43.827446370413305,12.25,18.0,1.0,0,0,39,1,12.0,7.0,21.0
311,1,right_lane,adaptive,True,0.001,40,0,23.518957345971565,14.5,0.0,14.959739202488322,58.378672410007496,45.6286724100075,12.75,18.0,1.0,0,0,39,1,12.0,5.0,23.0
312,1,right_lane,adaptive,True,0.001,40,0,21.393957345971565,0.0,10.5,3.960100966232858,62.2303317535545,42.230331753554495,20.0,18.0,1.0,0,0,38,2,0.0,0.0,40.0
313,1,right_lane,adaptive,True,0.001,40,0,22.893957345942347,6.0,2.0,8.345676134806126,61.628481439543975,44.628481439543975,17.0,18.0,1.0,0,0,39,1,0.0,12.0,28.0
314,1,right_lane,adaptive,True,0.001,40,0,20.768957345971565,3.5,3.0,7.275991753776907,58.977993781631604,41.22799378163161,17.75,18.0,1.0,0,0,39,1,3.0,3.0,34.0
315,1,right_lane,adaptive,True,0.001,40,0,25.74999429898666,8.0,3.0,8.90653881414596,65.44366700862767,49.193667008627685,16.25,18.0,1.0,0,0,37,3,1.0,13.0,26.0
316,1,right_lane,adaptive,True,0.001,40,0,21.268957345971565,30.5,0.0,27.883216163563702,47.27829676420163,42.028296764201635,5.25,18.0,1.0,0,0,39,1,28.0,3.0,9.0
317,1,right_lane,adaptive,True,0.001,40,0,23.26895734428684,15.5,1.5,17.04833998158574,57.227105238515676,45.22710523851568,12.0,18.0,1.0,0,0,40,0,13.0,6.0,21.0
318,1,right_lane,adaptive,True,0.001,40,0,22.50249644061734,13.0,2.0,13.750461992967757,58.00276600140909,44.00276600140909,14.0,18.0,1.0,0,0,39,1,9.0,6.0,25.0
319,1,right_lane,adaptive,True,0.001,40,0,23.393957345971565,12.0,1.5,14.096479576081038,59.42727204238441,45.42727204238441,14.0,18.0,1.0,0,0,40,0,5.0,14.0,21.0
320,1,right_lane,adaptive,True,0.001,40,0,21.018957345971565,7.0,1.5,9.77622615545988,58.128281671969205,41.628281671969205,16.5,18.0,1.0,0,0,40,0,5.0,4.0,31.0
321,1,right_lane,adaptive,True,0.001,40,0,23.018957345971565,40.0,0.0,37.12460935115814,44.830331753554496,44.830331753554496,0.0,18.0,1.0,0,0,40,0,40.0,0.0,0.0
322,1,right_lane,adaptive,True,0.001,40,0,22.143957345971554,0.5,1.0,3.936725440709779,62.92939832968607,43.42939832968609,19.5,18.0,1.0,0,0,39,1,0.0,2.0,38.0
323,1,right_lane,adaptive,True,0.001,40,0,22.268957345971565,12.0,1.0,14.142918616858879,57.379743870929666,43.629743870929666,13.75,18.0,1.0,0,0,38,2,8.0,9.0,23.0
324,1,right_lane,adaptive,True,0.001,40,0,23.643957345971565,33.0,1.0,31.674134515225887,49.32675827981363,45.826758279813646,3.5,18.0,1.0,0,0,40,0,28.0,10.0,2.0
325,1,right_lane,adaptive,True,0.001,40,0,25.51895733123793,17.5,2.5,18.983481734991074,60.073368952400294,48.8233689524003,11.25,18.0,1.0,0,0,40,0,11.0,13.0,16.0
326,1,right_lane,adaptive,True,0.001,40,0,23.606371502274573,6.5,1.0,7.471362003484273,63.01774325698556,45.767743256985554,17.25,18.0,1.0,0,0,38,2,3.0,5.0,32.0
327,1,right_lane,adaptive,True,0.001,40,0,20.268957345971565,24.5,2.5,23.81305092573166,48.430331753506934,40.430331753506934,8.0,18.0,1.0,0,0,40,0,20.0,8.0,12.0
328,1,right_lane,adaptive,True,0.001,40,0,20.893957345971565,33.0,0.5,30.560238659381866,44.92939766774115,41.42939766774115,3.5,18.0,1.0,0,0,40,0,26.0,14.0,0.0
329,1,right_lane,adaptive,True,0.001,40,0,25.393957345971554,6.5,0.0,8.360323398346736,65.37541974676746,48.62541974676747,16.75,18.0,1.0,0,0,37,3,4.0,5.0,31.0
330,1,right_lane,adaptive,True,0.001,40,0,21.893957345971565,40.0,0.0,36.46851050853729,43.27939766774183,43.02939766774183,0.25,18.0,1.0,0,0,40,0,39.0,1.0,0.0
331,1,right_lane,adaptive,True,0.001,40,0,21.268957345971565,10.5,5.0,13.611068204045296,56.52903475570279,42.02903475570279,14.5,18.0,1.0,0,0,40,0,5.0,12.0,23.0
332,1,right_lane,adaptive,True,0.001,40,0,22.50032874937786,0.0,3.5,3.4096908964532417,64.00052599900458,44.00052599900458,20.0,18.0,1.0,0,0,39,1,0.0,0.0,40.0
333,1,right_lane,adaptive,True,0.001,40,0,22.393957345971565,27.5,2.0,26.066831404936238,50.07635781713763,43.82635781713763,6.25,18.0,1.0,0,0,39,1,23.0,9.0,8.0
334,1,right_lane,adaptive,True,0.001,40,0,21.018957345971565,1.0,0.5,4.714952337593786,60.87939766843071,41.62939766843072,19.25,18.0,1.0,0,0,39,1,0.0,3.0,37.0
335,1,right_lane,adaptive,True,0.001,40,0,25.518957345745793,5.5,0.5,6.914608063095784,66.07702315386138,48.82702315386138,17.25,18.0,1.0,0,0,36,4,4.0,3.0,33.0
336,1,right_lane,adaptive,True,0.001,40,0,21.750328000345508,3.0,2.5,5.818118712395972,61.548214592423186,42.79821459242319,18.75,18.0,1.0,0,0,38,2,1.0,3.0,36.0
337,1,right_lane,adaptive,True,0.001,40,0,22.393957345971565,1.5,0.0,4.801131431003341,63.078692083045624,43.82869208304563,19.25,18.0,1.0,0,0,38,2,0.0,3.0,37.0
338,1,right_lane,adaptive,True,0.001,40,0,22.143957345971565,8.5,1.0,9.959725784734474,59.4277577193875,43.42775771938749,16.0,18.0,1.0,0,0,38,2,5.0,6.0,29.0
339,1,right_lane,adaptive,True,0.001,40,0,21.766504197449517,33.5,0.5,30.460795380607124,46.57445487573145,42.82445487573145,3.75,18.0,1.0,0,0,39,1,32.0,1.0,7.0
340,1,right_lane,adaptive,True,0.001,40,0,22.143957248821216,1.5,0.5,4.967048439145856,62.17743032578475,43.427430325784755,18.75,18.0,1.0,0,0,39,1,1.0,3.0,36.0
341,1,right_lane,adaptive,True,0.001,40,0,20.768957345971565,0.5,3.5,4.450220030150376,60.47839840304875,41.22839840304875,19.25,18.0,1.0,0,0,40,0,1.0,1.0,38.0
342,1,right_lane,adaptive,True,0.001,40,0,21.50000009886436,13.0,3.5,15.431335754692554,55.39759334304753,42.39759334304753,13.0,18.0,1.0,0,0,40,0,12.0,4.0,24.0
343,1,right_lane,adaptive,True,0.001,40,0,24.39113300387256,30.0,0.5,28.637263540178537,52.02068605362805,47.02068605362805,5.0,18.0,1.0,0,0,40,0,26.0,8.0,6.0
344,1,right_lane,adaptive,True,0.001,40,0,22.643957345971565,8.0,4.0,10.618975325180145,59.976920350430326,44.22692035043033,15.75,18.0,1.0,0,0,39,1,7.0,3.0,30.0
345,1,right_lane,adaptive,True,0.001,40,0,21.893957345970982,1.0,6.0,4.975717592053115,62.277144897714486,43.027144897714486,19.25,18.0,1.0,0,0,40,0,0.0,3.0,37.0
346,1,right_lane,adaptive,True,0.001,40,0,24.143957344035314,34.0,0.0,31.95307550564712,49.87798207920939,46.62798207920939,3.25,18.0,1.0,0,0,39,1,32.0,3.0,5.0
347,1,right_lane,adaptive,True,0.001,40,0,21.893957345971565,2.5,1.5,6.161973447728883,61.276106701625636,43.026106701625636,18.25,18.0,1.0,0,0,39,1,1.0,5.0,34.0
348,1,right_lane,adaptive,True,0.001,40,0,22.26895734594234,20.5,1.5,20.54272894281894,53.62519890812393,43.62519890812393,10.0,18.0,1.0,0,0,40,0,18.0,4.0,18.0
349,1,right_lane,adaptive,True,0.001,40,0,23.018957345971565,34.5,0.0,31.82887727022171,47.576760210672425,44.82676021067243,2.75,18.0,1.0,0,0,40,0,31.0,7.0,2.0
350,1,right_lane,adaptive,True,0.001,40,0,23.018957345971565,3.5,0.0,6.065289117807879,63.07885861200956,44.828858612009554,18.25,18.0,1.0,0,0,39,1,0.0,7.0,33.0
351,1,right_lane,adaptive,True,0.001,40,0,25.518957247110595,16.0,2.5,15.070731269526732,61.32135742992107,48.821357429921065,12.5,18.0,1.0,0,0,37,3,11.0,8.0,21.0
352,1,right_lane,adaptive,True,0.001,40,0,24.62532874938229,39.5,0.0,37.09245818853378,47.64913128307523,47.39913128307523,0.25,18.0,1.0,0,0,40,0,39.0,1.0,0.0
353,1,right_lane,adaptive,True,0.001,40,0,22.125328749382287,1.0,0.5,4.486246438907983,62.64730727213941,43.397307272139415,19.25,18.0,1.0,0,0,39,1,0.0,3.0,37.0
354,1,right_lane,adaptive,True,0.001,16,1,23.484893364290173,0.0,0.0,0.6770643089239456,25.979398329277316,18.22939832927731,7.75,18.0,1.0,0,0,8,8,0.0,1.0,15.0
355,1,right_lane,adaptive,True,0.001,40,0,22.268957345971565,14.0,3.5,14.678510551144427,56.87898849100971,43.628988491009714,13.25,18.0,1.0,0,0,39,1,0.0,27.0,13.0
356,1,right_lane,adaptive,True,0.001,40,0,22.893951559138863,33.0,1.5,30.711462274193764,48.627094404142554,44.627094404142554,4.0,18.0,1.0,0,0,40,0,25.0,14.0,1.0
357,1,right_lane,adaptive,True,0.001,40,0,22.143957345971565,37.0,1.5,34.12126840651035,45.427704244016695,43.4277042440167,2.0,18.0,1.0,0,0,40,0,33.0,6.0,1.0
358,1,right_lane,adaptive,True,0.001,40,0,23.643957345971565,0.0,1.0,3.2240930732114066,65.8303317535545,45.8303317535545,20.0,18.0,1.0,0,0,38,2,0.0,0.0,40.0
359,1,right_lane,adaptive,True,0.001,40,0,24.233539845401445,20.0,2.5,20.593721231165546,56.51800056167157,46.768000561671556,9.75,18.0,1.0,0,0,38,2,8.0,25.0,7.0
360,1,right_lane,adaptive,True,0.001,40,0,23.768957332956298,5.5,6.0,7.8446039388436475,63.27619984749484,46.02619984749482,17.25,18.0,1.0,0,0,38,2,4.0,3.0,33.0
361,1,right_lane,adaptive,True,0.001,40,0,22.64395734596765,18.5,0.0,18.246144643058642,55.22744649032765,44.22744649032765,11.0,18.0,1.0,0,0,38,2,17.0,2.0,21.0
362,1,right_lane,adaptive,True,0.001,40,0,23.393957345971565,27.0,0.0,26.426865253804408,52.428915226886396,45.4289152268864,7.0,18.0,1.0,0,0,38,2,25.0,2.0,13.0
363,1,right_lane,adaptive,True,0.001,40,0,22.768957345741875,30.0,3.5,29.570783272385597,49.17733713565525,44.42733713565525,4.75,18.0,1.0,0,0,40,0,26.0,9.0,5.0
364,1,right_lane,adaptive,True,0.001,40,0,23.143957247332974,8.0,0.5,10.019320429597428,61.02642278788139,45.02642278788139,16.0,18.0,1.0,0,0,38,2,7.0,2.0,31.0
365,1,right_lane,adaptive,True,0.001,40,0,21.893957345971565,15.0,1.5,16.329785753184296,55.025739514387524,43.02573951438753,12.0,18.0,1.0,0,0,38,2,13.0,6.0,21.0
366,1,right_lane,adaptive,True,0.001,40,0,25.249713792191965,20.5,0.5,21.012747881248742,57.89393676652693,48.39393676652694,9.5,18.0,1.0,0,0,39,1,16.0,10.0,14.0
367,1,right_lane,adaptive,True,0.001,40,0,23.518957344286836,8.5,7.5,11.220947404763137,61.125335193398406,45.625335193398406,15.5,18.0,1.0,0,0,38,2,6.0,6.0,28.0
368,1,right_lane,adaptive,True,0.001,40,0,23.143957345971565,10.5,3.0,13.174407064914703,59.5279811078001,45.0279811078001,14.5,18.0,1.0,0,0,40,0,9.0,4.0,27.0
369,1,right_lane,adaptive,True,0.001,40,0,20.768957345971565,1.5,3.0,6.387492746114731,59.9783984043395,41.228398404339494,18.75,18.0,1.0,0,0,40,0,2.0,1.0,37.0
370,1,right_lane,adaptive,True,0.001,40,0,23.393957345971565,17.5,1.5,18.963380586355925,56.67799639703733,45.42799639703733,11.25,18.0,1.0,0,0,40,0,10.0,15.0,15.0
371,1,right_lane,adaptive,True,0.001,40,0,21.768957345971113,11.0,1.0,12.416426083651459,57.075950038609925,42.825950038609925,14.25,18.0,1.0,0,0,39,1,4.0,15.0,21.0
372,1,right_lane,adaptive,True,0.001,40,0,26.374671250817595,15.5,0.0,16.30785884051511,62.445479515742235,50.19547951574224,12.25,18.0,1.0,0,0,37,3,11.0,9.0,20.0
373,1,right_lane,adaptive,True,0.001,40,0,23.481043404780195,20.5,3.5,21.318407498300076,55.0634227414257,45.5634227414257,9.5,18.0,1.0,0,0,40,0,16.0,10.0,14.0
374,1,right_lane,adaptive,True,0.001,40,0,22.268957345971565,5.0,2.0,7.992713420566361,60.875009443070326,43.625009443070326,17.25,18.0,1.0,0,0,39,1,3.0,5.0,32.0
375,1,right_lane,adaptive,True,0.001,40,0,23.018957345971565,23.0,1.5,23.5156991481781,53.07687891895105,44.826878918951046,8.25,18.0,1.0,0,0,40,0,10.0,27.0,3.0
376,1,right_lane,adaptive,True,0.001,40,0,22.266461004214158,6.5,6.5,8.680273744272085,60.37448267204626,43.624482672046256,16.75,18.0,1.0,0,0,39,1,5.0,3.0,32.0
377,1,right_lane,adaptive,True,0.001,40,0,21.643957345971565,39.0,0.0,36.245995581150055,43.62870484961889,42.62870484961889,1.0,18.0,1.0,0,0,40,0,37.0,2.0,1.0
378,1,right_lane,adaptive,True,0.001,40,0,22.893957345971565,14.0,1.0,15.921663448214531,57.376629695239444,44.62662969523943,12.75,18.0,1.0,0,0,40,0,11.0,7.0,22.0
379,1,right_lane,adaptive,True,0.001,40,0,22.768957345941836,17.0,1.0,18.896763130153317,55.42425575456517,44.42425575456517,11.0,18.0,1.0,0,0,39,1,15.0,6.0,19.0
380,1,right_lane,adaptive,True,0.001,40,0,24.749957557260384,29.5,0.5,29.434846887731965,52.3464164167688,47.5964164167688,4.75,18.0,1.0,0,0,39,1,28.0,5.0,7.0
381,1,right_lane,adaptive,True,0.001,40,0,21.893951646668775,7.0,1.5,9.746245324611664,59.27733834320482,43.02733834320482,16.25,18.0,1.0,0,0,40,0,4.0,7.0,29.0
382,1,right_lane,adaptive,True,0.001,40,0,23.893586055240853,30.5,1.0,30.427120247650464,50.47780438832959,46.22780438832959,4.25,18.0,1.0,0,0,38,2,31.0,1.0,8.0
383,1,right_lane,adaptive,True,0.001,40,0,24.518957345971565,11.0,2.0,11.714166762902096,61.726984417004424,47.22698441700443,14.5,18.0,1.0,0,0,37,3,7.0,8.0,25.0
384,1,right_lane,adaptive,True,0.001,40,0,21.268957345971565,6.5,7.5,10.28341045230627,58.27847106474142,42.028471064741424,16.25,18.0,1.0,0,0,40,0,7.0,1.0,32.0
385,1,right_lane,adaptive,True,0.001,40,0,26.268957345937917,20.5,0.5,19.28485260943222,60.277294156567045,50.027294156567045,10.25,18.0,1.0,0,0,37,3,18.0,3.0,19.0
386,1,right_lane,adaptive,True,0.001,40,0,21.875328749382287,35.0,0.5,34.35132902674377,44.99912804623079,42.99912804623079,2.0,18.0,1.0,0,0,40,0,35.0,2.0,3.0
387,1,right_lane,adaptive,True,0.001,40,0,22.143957345971565,39.0,0.5,36.26673370599747,43.92806048137433,43.42806048137433,0.5,18.0,1.0,0,0,40,0,38.0,2.0,0.0
388,1,right_lane,adaptive,True,0.001,40,0,22.14395734597105,24.0,3.0,23.561512671411037,51.42613088023135,43.42613088023135,8.0,18.0,1.0,0,0,40,0,21.0,6.0,13.0
389,1,right_lane,adaptive,True,0.001,40,0,21.768957345971565,2.5,5.0,5.45709334127605,61.58033159806082,42.83033159806082,18.75,18.0,1.0,0,0,40,0,0.0,5.0,35.0
390,1,right_lane,adaptive,True,0.001,40,0,22.018957345971565,12.0,0.0,13.17627493022519,57.728675481706404,43.228675481706404,14.5,18.0,1.0,0,0,39,1,5.0,12.0,23.0
391,1,right_lane,adaptive,True,0.001,40,0,24.391461655845532,25.0,1.5,24.51433317383635,54.521722139402186,47.02172213940219,7.5,18.0,1.0,0,0,38,2,17.0,16.0,7.0
392,1,right_lane,adaptive,True,0.001,40,0,24.768957345971565,8.0,6.5,10.47603130824291,63.625302739782605,47.62530273978262,16.0,18.0,1.0,0,0,39,1,4.0,8.0,28.0
393,1,right_lane,adaptive,True,0.001,40,0,22.143957345971046,34.0,1.5,31.9041945040226,46.42531568363893,43.42531568363893,3.0,18.0,1.0,0,0,40,0,28.0,12.0,0.0
394,1,right_lane,adaptive,True,0.001,40,0,21.518957345971565,3.0,7.5,6.2364729261298635,60.93033159568518,42.43033159568518,18.5,18.0,1.0,0,0,39,1,0.0,6.0,34.0
395,1,right_lane,adaptive,True,0.001,40,0,22.268957345971565,4.5,0.0,7.960823696106672,61.126029393147036,43.62602939314704,17.5,18.0,1.0,0,0,40,0,3.0,4.0,33.0
396,1,right_lane,adaptive,True,0.001,40,0,24.233581634513918,16.0,4.0,16.620416790246964,59.26725256851476,46.76725256851478,12.5,18.0,1.0,0,0,40,0,9.0,12.0,19.0
397,1,right_lane,adaptive,True,0.001,40,0,20.893957345971565,22.0,2.5,22.286625184118748,50.42671436109119,41.42671436109119,9.0,18.0,1.0,0,0,40,0,12.0,20.0,8.0
398,1,right_lane,adaptive,True,0.001,40,0,24.143957345971565,18.0,0.5,19.330797418020666,57.123650156482334,46.62365015648233,10.5,18.0,1.0,0,0,40,0,13.0,12.0,15.0
399,1,right_lane,adaptive,True,0.001,40,0,22.018957345971565,31.5,0.0,31.144222497940063,47.72805229160321,43.22805229160321,4.5,18.0,1.0,0,0,40,0,28.0,6.0,6.0
400,1,right_lane,adaptive,True,0.001,40,0,21.518957345971565,4.5,1.5,7.711203582584858,59.92635640821395,42.42635640821395,17.5,18.0,1.0,0,0,40,0,2.0,6.0,32.0
401,1,right_lane,adaptive,True,0.001,40,0,22.143957344257046,6.0,2.0,9.342221433471423,59.92744983814654,43.42744983814654,16.5,18.0,1.0,0,0,40,0,1.0,12.0,27.0
402,1,right_lane,adaptive,True,0.001,40,0,20.768957345971565,28.0,1.5,27.27162366360426,47.47839840433948,41.22839840433948,6.25,18.0,1.0,0,0,40,0,17.0,21.0,2.0
403,1,right_lane,adaptive,True,0.001,40,0,23.893957345971565,18.5,9.5,19.42810196494611,56.727961098701016,46.227961098701016,10.5,18.0,1.0,0,0,39,1,9.0,20.0,11.0
404,1,right_lane,adaptive,True,0.001,40,0,24.768957345971565,22.0,2.5,23.261414140462875,56.12962358342939,47.62962358342939,8.5,18.0,1.0,0,0,40,0,16.0,14.0,10.0
405,1,right_lane,adaptive,True,0.001,40,0,22.018957345971554,33.5,1.0,31.587798565626144,46.47745336582665,43.22745336582665,3.25,18.0,1.0,0,0,40,0,29.0,9.0,2.0
406,1,right_lane,adaptive,True,0.001,40,0,21.125043292099726,0.0,0.0,2.637206044048071,61.80006926735957,41.80006926735956,20.0,18.0,1.0,0,0,40,0,0.0,0.0,40.0
407,1,right_lane,adaptive,True,0.001,40,0,21.000043292099726,2.5,1.0,5.890076264739037,60.34867326093082,41.59867326093082,18.75,18.0,1.0,0,0,40,0,0.0,5.0,35.0
408,1,right_lane,adaptive,True,0.001,40,0,24.268957345971565,39.5,0.0,37.75744980573654,47.07893676640492,46.82893676640492,0.25,18.0,1.0,0,0,40,0,39.0,1.0,0.0
409,1,right_lane,adaptive,True,0.001,40,0,21.143957345971565,0.0,5.0,3.587154055227984,61.830331753554496,41.830331753554496,20.0,18.0,1.0,0,0,39,1,0.0,0.0,40.0
410,1,right_lane,adaptive,True,0.001,40,0,25.393957345971554,23.0,0.5,22.01749454624678,57.37734721742978,48.62734721742977,8.75,18.0,1.0,0,0,38,2,13.0,19.0,8.0
411,1,right_lane,adaptive,True,0.001,40,0,22.643957345749705,3.0,1.5,5.222955265938708,62.72808080483954,44.22808080483954,18.5,18.0,1.0,0,0,38,2,0.0,6.0,34.0
412,1,right_lane,adaptive,True,0.001,3,1,25.0,0.5,0.5,0.9100803434848785,4.598198036970558,3.598198036970558,1.0,18.0,1.0,0,0,3,0,0.0,2.0,1.0
413,1,right_lane,adaptive,True,0.001,40,0,22.393957345971565,0.0,0.0,0.5783292396063189,63.8303317535545,43.830331753554496,20.0,18.0,1.0,0,0,23,17,0.0,0.0,40.0
414,1,right_lane,adaptive,True,0.001,40,0,22.018957345971565,0.0,0.0,1.0295538588579802,62.979398329686106,43.22939832968609,19.75,18.0,1.0,0,0,28,12,0.0,1.0,39.0
415,1,right_lane,adaptive,True,0.001,40,0,21.268957345971565,3.5,1.5,7.221079842256813,59.77853680474925,42.028536804749244,17.75,18.0,1.0,0,0,39,1,4.0,1.0,35.0
416,1,right_lane,adaptive,True,0.001,40,0,25.26895734597098,24.5,0.5,23.648339320722016,56.17728854180826,48.42728854180826,7.75,18.0,1.0,0,0,38,2,21.0,7.0,12.0
417,1,right_lane,adaptive,True,0.001,40,0,22.518956694084682,16.5,2.0,17.204418041801546,55.775583593115684,44.02558359311568,11.75,18.0,1.0,0,0,38,2,7.0,19.0,14.0
418,1,right_lane,adaptive,True,0.001,40,0,20.893957345971565,10.0,1.0,11.831194750964642,56.428398404340776,41.428398404340776,15.0,18.0,1.0,0,0,40,0,9.0,2.0,29.0
419,1,right_lane,adaptive,True,0.001,40,0,20.893957345971565,23.0,0.5,22.269165635108948,50.177057880223245,41.427057880223245,8.75,18.0,1.0,0,0,40,0,6.0,33.0,1.0
420,1,right_lane,adaptive,True,0.001,40,0,22.983582386749873,30.0,2.5,28.926406264305115,49.77188150483599,44.77188150483599,5.0,18.0,1.0,0,0,40,0,20.0,20.0,0.0
421,1,right_lane,adaptive,True,0.001,40,0,26.14395734597098,13.0,0.5,14.601550251394656,63.323923131306664,49.823923131306664,13.5,18.0,1.0,0,0,38,2,8.0,10.0,22.0
422,1,right_lane,adaptive,True,0.001,40,0,21.393957345971554,23.5,1.5,23.023449085652828,50.47754391046931,42.22754391046931,8.25,18.0,1.0,0,0,40,0,17.0,13.0,10.0
423,1,right_lane,adaptive,True,0.001,40,0,22.018957345942347,3.0,0.5,5.571591606103539,61.228917158602464,43.22891715860247,18.0,18.0,1.0,0,0,37,3,3.0,2.0,35.0
424,1,right_lane,adaptive,True,0.001,40,0,23.518957345971565,14.5,6.5,16.38136991047145,58.1260478786736,45.62604787867359,12.5,18.0,1.0,0,0,39,1,13.0,4.0,23.0
425,1,right_lane,adaptive,True,0.001,40,0,25.50000000171446,31.0,0.5,30.91329049319029,52.79521292305333,48.79521292305333,4.0,18.0,1.0,0,0,40,0,30.0,4.0,6.0
426,1,right_lane,adaptive,True,0.001,40,0,20.893957345971565,12.0,5.0,14.894624665379524,55.42805365854723,41.42805365854723,14.0,18.0,1.0,0,0,40,0,5.0,14.0,21.0
427,1,right_lane,adaptive,True,0.001,40,0,24.268957345971053,15.5,3.0,17.75375210866332,58.57847102500506,46.82847102500506,11.75,18.0,1.0,0,0,40,0,15.0,3.0,22.0
428,1,right_lane,adaptive,True,0.001,40,0,22.12749644062177,0.5,1.0,3.2657214530772762,63.40399430499484,43.40399430499483,20.0,18.0,1.0,0,0,39,1,0.0,0.0,40.0
429,1,right_lane,adaptive,True,0.001,40,0,21.768957345971565,40.0,0.0,37.07695358991623,42.8303317535545,42.8303317535545,0.0,18.0,1.0,0,0,40,0,40.0,0.0,0.0
430,1,right_lane,adaptive,True,0.001,40,0,21.768957345971565,8.5,5.0,11.579735469073057,58.078471046163436,42.82847104616344,15.25,18.0,1.0,0,0,40,0,9.0,1.0,30.0
431,1,right_lane,adaptive,True,0.001,40,0,20.893951657973492,10.0,1.5,12.190826445817947,55.93032249458053,41.43032249458053,14.5,18.0,1.0,0,0,40,0,10.0,2.0,28.0
432,1,right_lane,adaptive,True,0.001,40,0,22.018957345971565,6.5,1.0,9.645353734493256,59.47847394930154,43.228473949301545,16.25,18.0,1.0,0,0,40,0,7.0,1.0,32.0
433,1,right_lane,adaptive,True,0.001,40,0,24.62467200136896,27.0,1.5,26.39382636294431,53.64470243417608,47.394702434176075,6.25,18.0,1.0,0,0,39,1,23.0,9.0,8.0
434,1,right_lane,adaptive,True,0.001,40,0,23.893956595220324,11.0,2.0,12.517720741372614,60.728393344588014,46.22839334458802,14.5,18.0,1.0,0,0,37,3,9.0,4.0,27.0
435,1,right_lane,adaptive,True,0.001,40,0,21.518956608239495,3.5,3.0,7.417864196002483,60.426739958026936,42.42673995802693,18.0,18.0,1.0,0,0,40,0,0.0,8.0,32.0
436,1,right_lane,adaptive,True,0.001,40,0,23.893957345971565,29.5,0.5,28.102343026956078,51.47727576321374,46.22727576321374,5.25,18.0,1.0,0,0,40,0,27.0,5.0,8.0
437,1,right_lane,adaptive,True,0.001,29,1,24.50890666614123,22.5,0.0,20.935603460267885,37.97839555440914,34.22839555440913,3.75,18.0,1.0,0,0,28,1,21.0,1.0,7.0
438,1,right_lane,adaptive,True,0.001,40,0,25.893628596392716,20.5,0.0,20.18617761497626,59.169321444561334,49.41932144456134,9.75,18.0,1.0,0,0,38,2,17.0,7.0,16.0
439,1,right_lane,adaptive,True,0.001,40,0,22.393957345971565,35.0,1.0,32.318917997181416,46.57541511195234,43.82541511195234,2.75,18.0,1.0,0,0,40,0,32.0,5.0,3.0
440,1,right_lane,adaptive,True,0.001,40,0,20.893957345971565,37.5,1.5,34.980851233005524,42.680331592959405,41.430331592959405,1.25,18.0,1.0,0,0,40,0,35.0,5.0,0.0
441,1,right_lane,adaptive,True,0.001,40,0,25.731042654032866,16.5,2.5,16.86022167822813,60.91631666997457,49.166316669974556,11.75,18.0,1.0,0,0,35,5,12.0,9.0,19.0
442,1,right_lane,adaptive,True,0.001,40,0,24.018957345971554,20.0,3.0,21.04593522869982,56.42342900739033,46.42342900739034,10.0,18.0,1.0,0,0,39,1,17.0,6.0,17.0
443,1,right_lane,adaptive,True,0.001,40,0,22.500000001714447,27.5,0.5,26.517061102309526,50.246275345765866,43.99627534576587,6.25,18.0,1.0,0,0,39,1,26.0,3.0,11.0
444,1,right_lane,adaptive,True,0.001,40,0,24.14395733317816,26.5,2.0,25.827246596129157,53.37407540134757,46.624075401347575,6.75,18.0,1.0,0,0,39,1,21.0,11.0,8.0
445,1,right_lane,adaptive,True,0.001,40,0,22.393957247332974,2.5,4.0,5.913226856011079,62.32848039394659,43.82848039394659,18.5,18.0,1.0,0,0,39,1,0.0,6.0,34.0
446,1,right_lane,adaptive,True,0.001,40,0,22.518957345971565,7.0,0.5,8.864686685040397,60.526743680248615,44.02674368024863,16.5,18.0,1.0,0,0,38,2,0.0,14.0,26.0
447,1,right_lane,adaptive,True,0.001,40,0,25.14395734425377,0.0,1.0,2.4453201285439263,68.23033175080603,48.230331750806045,20.0,18.0,1.0,0,0,35,5,0.0,0.0,40.0
448,1,right_lane,adaptive,True,0.001,40,0,21.893919753400397,1.0,1.0,4.820016985220718,62.277084786189384,43.02708478618939,19.25,18.0,1.0,0,0,39,1,0.0,3.0,37.0
449,1,right_lane,adaptive,True,0.001,40,0,23.75000009886436,3.0,0.0,5.940418269066868,64.24929202156055,45.999292021560564,18.25,18.0,1.0,0,0,38,2,0.0,7.0,33.0
450,1,right_lane,adaptive,True,0.001,40,0,21.643957345971565,28.5,0.5,25.826049048813502,48.87898846752993,42.628988467529936,6.25,18.0,1.0,0,0,39,1,24.0,7.0,9.0
451,1,right_lane,adaptive,True,0.001,40,0,24.89391405390157,20.0,2.5,20.424818966876956,58.07290142492452,47.82290142492453,10.25,18.0,1.0,0,0,38,2,13.0,13.0,14.0
452,1,right_lane,adaptive,True,0.001,40,0,21.143957345971565,18.0,0.5,18.6047091037035,52.57939832968516,41.82939832968517,10.75,18.0,1.0,0,0,40,0,17.0,3.0,20.0
453,1,right_lane,adaptive,True,0.001,40,0,25.51895734425659,7.0,0.0,9.084030760655878,64.82725434949973,48.827254349499725,16.0,18.0,1.0,0,0,37,3,6.0,4.0,30.0
454,1,right_lane,adaptive,True,0.001,40,0,21.393957345971565,40.0,0.0,36.74467796087265,42.23033175355451,42.23033175355451,0.0,18.0,1.0,0,0,40,0,40.0,0.0,0.0
455,1,right_lane,adaptive,True,0.001,40,0,23.268665548804044,14.0,0.5,15.878103664610535,57.72657559658728,45.226575596587274,12.5,18.0,1.0,0,0,39,1,11.0,8.0,21.0
456,1,right_lane,adaptive,True,0.001,40,0,25.01895734596765,38.0,0.5,36.0063818693161,49.277369535184356,48.027369535184356,1.25,18.0,1.0,0,0,40,0,35.0,5.0,0.0
457,1,right_lane,adaptive,True,0.001,40,0,22.018957345971565,39.5,0.0,35.589626491069794,43.978399108860906,43.228399108860906,0.75,18.0,1.0,0,0,40,0,38.0,1.0,1.0
458,1,right_lane,adaptive,True,0.001,40,0,23.893956595020377,22.5,2.5,22.669860598107334,54.72639510155521,46.22639510155521,8.5,18.0,1.0,0,0,40,0,14.0,18.0,8.0
459,1,right_lane,adaptive,True,0.001,40,0,22.893956595220835,10.5,1.0,12.129893831908703,59.37484621778002,44.62484621778001,14.75,18.0,1.0,0,0,40,0,5.0,11.0,24.0
460,1,right_lane,adaptive,True,0.001,40,0,23.518957345971565,20.5,1.5,21.111680277876076,54.87704544222798,45.627045442227995,9.25,18.0,1.0,0,0,39,1,18.0,7.0,15.0
461,1,right_lane,adaptive,True,0.001,40,0,23.01891406689101,21.5,2.5,22.60697592049837,53.57659613091646,44.82659613091647,8.75,18.0,1.0,0,0,40,0,16.0,13.0,11.0
462,1,right_lane,adaptive,True,0.001,40,0,21.143957345971565,18.5,0.0,17.96659629046917,53.0803317535545,41.83033175355451,11.25,18.0,1.0,0,0,40,0,17.0,1.0,22.0
463,1,right_lane,adaptive,True,0.001,40,0,23.643957345967713,31.0,0.0,28.65101770077854,50.824803753618696,45.824803753618696,5.0,18.0,1.0,0,0,39,1,28.0,4.0,8.0
464,1,right_lane,adaptive,True,0.001,40,0,23.10853910766938,30.0,0.5,27.636499383927685,50.22044647743676,44.97044647743676,5.25,18.0,1.0,0,0,37,3,28.0,3.0,9.0
465,1,right_lane,adaptive,True,0.001,40,0,21.893957345971565,14.0,2.5,16.111329659819603,56.02870484651464,43.02870484651464,13.0,18.0,1.0,0,0,40,0,12.0,4.0,24.0
466,1,right_lane,adaptive,True,0.001,40,0,21.393957345971565,7.0,0.5,9.539882849901915,58.477060729382444,42.22706072938245,16.25,18.0,1.0,0,0,40,0,4.0,7.0,29.0
467,1,right_lane,adaptive,True,0.001,40,0,23.500328749382295,8.5,0.5,9.51772436036299,61.346538357370605,45.596538357370605,15.75,18.0,1.0,0,0,37,3,1.0,15.0,24.0
468,1,right_lane,adaptive,True,0.001,40,0,24.64395734574586,29.5,2.0,28.17781185566855,52.67485539731737,47.424855397317366,5.25,18.0,1.0,0,0,39,1,23.0,13.0,4.0
469,1,right_lane,adaptive,True,0.001,40,0,21.01895734594184,38.5,1.0,35.179394379258156,42.8761298607622,41.6261298607622,1.25,18.0,1.0,0,0,40,0,36.0,3.0,1.0
470,1,right_lane,adaptive,True,0.001,40,0,23.768957345971565,19.0,7.0,19.806067723757224,56.52704649587852,46.02704649587852,10.5,18.0,1.0,0,0,38,2,6.0,26.0,8.0
471,1,right_lane,adaptive,True,0.001,40,0,24.87500009886436,20.5,2.0,20.32010107897213,57.541909916204894,47.7919099162049,9.75,18.0,1.0,0,0,39,1,16.0,9.0,15.0
472,1,right_lane,adaptive,True,0.001,40,0,21.893957345971565,12.0,0.0,13.372037146240473,57.028320172874345,43.028320172874345,14.0,18.0,1.0,0,0,40,0,11.0,2.0,27.0
473,1,right_lane,adaptive,True,0.001,40,0,23.393957345971565,11.5,0.0,14.15559708327055,59.17837714353317,45.42837714353317,13.75,18.0,1.0,0,0,40,0,12.0,1.0,27.0
474,1,right_lane,adaptive,True,0.001,40,0,23.893957345971565,23.0,2.5,23.527558425441384,54.2228863215416,46.222886321541594,8.0,18.0,1.0,0,0,40,0,21.0,6.0,13.0
475,1,right_lane,adaptive,True,0.001,40,0,22.143956496607558,32.0,2.5,32.57593737542629,47.17653176286249,43.42653176286249,3.75,18.0,1.0,0,0,40,0,27.0,11.0,2.0
476,1,right_lane,adaptive,True,0.001,40,0,23.143957345971046,16.0,0.0,17.366329833690543,56.526179493046236,45.02617949304624,11.5,18.0,1.0,0,0,38,2,15.0,4.0,21.0
477,1,right_lane,adaptive,True,0.001,40,0,21.39395239570556,2.5,2.5,4.596900851640385,60.978272506583174,42.228272506583174,18.75,18.0,1.0,0,0,32,8,0.0,5.0,35.0
478,1,right_lane,adaptive,True,0.001,40,0,25.643957345941317,7.5,0.0,9.969655179000256,64.77510282258888,49.02510282258887,15.75,18.0,1.0,0,0,37,3,7.0,3.0,30.0
479,1,right_lane,adaptive,True,0.001,11,1,26.43239401048844,11.0,0.0,10.73291164636612,13.830253364614917,13.830253364614917,0.0,18.0,1.0,0,0,11,0,11.0,0.0,0.0
480,1,right_lane,adaptive,True,0.001,40,0,23.893957345971554,5.5,1.5,8.103410221874697,63.22729571544359,46.227295715443596,17.0,18.0,1.0,0,0,38,2,1.0,10.0,29.0
481,1,right_lane,adaptive,True,0.001,40,0,23.393914055552727,7.0,2.5,8.901393495254979,61.924151179449474,45.424151179449474,16.5,18.0,1.0,0,0,38,2,5.0,4.0,31.0
482,1,right_lane,adaptive,True,0.001,40,0,22.268957332756354,9.5,2.5,11.627533352148475,58.625400328254436,43.62540032825444,15.0,18.0,1.0,0,0,39,1,4.0,12.0,24.0
483,1,right_lane,adaptive,True,0.001,40,0,23.768957345971565,17.5,1.0,18.896858610212803,57.524705795968906,46.024705795968906,11.5,18.0,1.0,0,0,40,0,15.0,4.0,21.0
484,1,right_lane,adaptive,True,0.001,40,0,23.39395734597155,6.5,1.0,9.07606322976062,61.924794261067696,45.42479426106771,16.5,18.0,1.0,0,0,38,2,0.0,14.0,26.0
485,1,right_lane,adaptive,True,0.001,40,0,21.768957260126378,0.0,0.5,2.6255737740184486,62.8303316162022,42.83033161620221,20.0,18.0,1.0,0,0,39,1,0.0,0.0,40.0
486,1,right_lane,adaptive,True,0.001,40,0,20.643957345971565,39.5,0.5,37.348059237003326,41.280331753554506,41.030331753554506,0.25,18.0,1.0,0,0,40,0,39.0,1.0,0.0
487,1,right_lane,adaptive,True,0.001,40,0,20.768957345971565,4.0,0.5,7.362780995666981,58.97839840434077,41.22839840434077,17.75,18.0,1.0,0,0,40,0,1.0,7.0,32.0
488,1,right_lane,adaptive,True,0.001,40,0,24.143957345971565,29.0,0.0,27.25096496850165,52.12677584579609,46.626775845796104,5.5,18.0,1.0,0,0,39,1,26.0,6.0,8.0
489,1,right_lane,adaptive,True,0.001,40,0,23.143957345971565,14.5,1.0,16.344351161857958,57.527443064771106,45.027443064771106,12.5,18.0,1.0,0,0,38,2,14.0,2.0,24.0
490,1,right_lane,adaptive,True,0.001,40,0,22.643914152736198,25.5,0.5,23.53871111308763,51.98026128531435,44.23026128531435,7.75,18.0,1.0,0,0,36,4,24.0,1.0,15.0
491,1,right_lane,adaptive,True,0.001,40,0,24.141455217577494,15.5,6.0,16.88834180069898,58.62182129860982,46.6218212986098,12.0,18.0,1.0,0,0,38,2,4.0,24.0,12.0
492,1,right_lane,adaptive,True,0.001,40,0,21.643957345971565,3.0,4.5,5.654662495939647,61.13033175355358,42.63033175355357,18.5,18.0,1.0,0,0,39,1,0.0,6.0,34.0
493,1,right_lane,adaptive,True,0.001,40,0,26.26646090534639,18.5,0.5,19.111051041751352,60.518842702677304,50.018842702677304,10.5,18.0,1.0,0,0,38,2,15.0,8.0,17.0
494,1,right_lane,adaptive,True,0.001,40,0,23.518957345971046,18.5,0.0,17.757306952049476,56.87838027867992,45.62838027867992,11.25,18.0,1.0,0,0,37,3,17.0,1.0,22.0
495,1,right_lane,adaptive,True,0.001,40,0,24.016181149084478,13.5,1.5,15.802183581682584,59.17402213252502,46.42402213252501,12.75,18.0,1.0,0,0,39,1,10.0,9.0,21.0
496,1,right_lane,adaptive,True,0.001,40,0,23.268957345971565,26.5,0.5,26.7223996296525,51.48026366679744,45.23026366679745,6.25,18.0,1.0,0,0,40,0,20.0,15.0,5.0
497,1,right_lane,adaptive,True,0.001,40,0,23.51613225463589,28.0,0.5,27.15481529075805,51.121008790652596,45.621008790652596,5.5,18.0,1.0,0,0,37,3,25.0,8.0,7.0
498,1,right_lane,adaptive,True,0.001,40,0,21.518957345971565,22.5,3.5,21.80843599372656,51.178399108452105,42.428399108452105,8.75,18.0,1.0,0,0,37,3,20.0,5.0,15.0
499,1,right_lane,adaptive,True,0.001,40,0,22.393957345971565,25.0,2.0,24.9987109079957,51.07823237053378,43.82823237053378,7.25,18.0,1.0,0,0,40,0,19.0,13.0,8.0
500,1,right_lane,adaptive,True,0.001,40,0,21.893957345971565,5.0,0.5,6.776094311848283,60.5264650572762,43.0264650572762,17.5,18.0,1.0,0,0,40,0,4.0,2.0,34.0
501,1,right_lane,adaptive,True,0.001,40,0,22.268957345971565,0.0,0.0,3.0751189963957586,63.63033175355451,43.6303317535545,20.0,18.0,1.0,0,0,38,2,0.0,0.0,40.0
502,1,right_lane,adaptive,True,0.001,40,0,22.643957345971565,1.5,0.0,4.868037489053677,62.97673881118749,44.22673881118749,18.75,18.0,1.0,0,0,38,2,1.0,3.0,36.0
503,1,right_lane,adaptive,True,0.001,40,0,23.481049105796927,10.5,3.0,11.759374771340845,60.56803763760478,45.56803763760476,15.0,18.0,1.0,0,0,39,1,6.0,8.0,26.0
504,1,right_lane,adaptive,True,0.001,40,0,21.143957345971565,35.0,3.0,33.065389305353165,44.32938130566399,41.829381305664,2.5,18.0,1.0,0,0,40,0,30.0,10.0,0.0
505,1,right_lane,adaptive,True,0.001,40,0,23.26858615410515,2.5,0.5,5.215097301953165,63.47577313695117,45.225773136951176,18.25,18.0,1.0,0,0,39,1,1.0,5.0,34.0
506,1,right_lane,adaptive,True,0.001,40,0,22.893957345971565,10.5,7.5,12.500484834268718,59.12868988021022,44.62868988021022,14.5,18.0,1.0,0,0,37,3,0.0,22.0,18.0
507,1,right_lane,adaptive,True,0.001,40,0,21.768957345971565,30.5,0.0,28.278001263464375,47.828436118052984,42.828436118052984,5.0,18.0,1.0,0,0,39,1,27.0,6.0,7.0
508,1,right_lane,adaptive,True,0.001,40,0,21.51895724713693,34.5,0.0,31.3967357952738,45.67847103126643,42.42847103126644,3.25,18.0,1.0,0,0,39,1,33.0,1.0,6.0
509,1,right_lane,adaptive,True,0.001,40,0,23.51895734597098,11.0,0.5,13.922623477259549,59.62643903927127,45.62643903927127,14.0,18.0,1.0,0,0,39,1,7.0,10.0,23.0
510,1,right_lane,adaptive,True,0.001,40,0,24.518957332731045,7.5,2.5,9.892565701551462,62.973337834649676,47.223337834649676,15.75,18.0,1.0,0,0,36,4,6.0,5.0,29.0
511,1,right_lane,adaptive,True,0.001,40,0,20.893957345971565,40.0,0.0,38.505160093307495,41.67939766774115,41.42939766774115,0.25,18.0,1.0,0,0,40,0,39.0,1.0,0.0
512,1,right_lane,adaptive,True,0.001,40,0,20.518957345971565,13.5,3.5,15.137485854327679,53.83026643038966,40.830266430389656,13.0,18.0,1.0,0,0,40,0,8.0,12.0,20.0
513,1,right_lane,adaptive,True,0.001,40,0,23.393957260126378,20.0,1.5,20.26422434975393,55.42237139500631,45.42237139500631,10.0,18.0,1.0,0,0,40,0,10.0,20.0,10.0
514,1,right_lane,adaptive,True,0.001,40,0,21.893957345971565,22.5,12.5,23.043015003204346,51.77846424393594,43.02846424393594,8.75,18.0,1.0,0,0,40,0,5.0,35.0,0.0
515,1,right_lane,adaptive,True,0.001,40,0,25.766460892330628,17.0,0.0,16.620990266750937,60.96987249291006,49.21987249291006,11.75,18.0,1.0,0,0,38,2,11.0,11.0,18.0
516,1,right_lane,adaptive,True,0.001,40,0,24.518957345745722,21.0,0.0,20.23030102377129,56.97773861032387,47.22773861032387,9.75,18.0,1.0,0,0,37,3,15.0,11.0,14.0
517,1,right_lane,adaptive,True,0.001,40,0,23.391461656101036,39.0,0.0,35.92051410675049,45.92405169483727,45.42405169483727,0.5,18.0,1.0,0,0,40,0,38.0,2.0,0.0
518,1,right_lane,adaptive,True,0.001,40,0,23.01895733295246,9.0,1.0,10.566141299211495,60.32770693752699,44.827706937526976,15.5,18.0,1.0,0,0,39,1,7.0,4.0,29.0
519,1,right_lane,adaptive,True,0.001,40,0,23.268957345971565,15.0,2.0,15.966732176516416,57.47720425839074,45.22720425839074,12.25,18.0,1.0,0,0,38,2,3.0,25.0,12.0
520,1,right_lane,adaptive,True,0.001,40,0,21.643956692399954,9.5,3.0,11.875126078724861,57.62748671494501,42.62748671494501,15.0,18.0,1.0,0,0,40,0,7.0,6.0,27.0
521,1,right_lane,adaptive,True,0.001,40,0,22.518957345937928,2.5,0.5,5.772351409426847,62.27769022234405,44.02769022234405,18.25,18.0,1.0,0,0,39,1,1.0,5.0,34.0
522,1,right_lane,adaptive,True,0.001,40,0,24.018957345971565,6.5,0.5,8.651758032084103,62.67450873943905,46.42450873943905,16.25,18.0,1.0,0,0,37,3,6.0,3.0,31.0
523,1,right_lane,adaptive,True,0.001,40,0,22.143628695453636,17.0,4.0,17.317885913296777,55.42888878843139,43.42888878843139,12.0,18.0,1.0,0,0,38,2,5.0,22.0,13.0
524,1,right_lane,adaptive,True,0.001,40,0,23.268957345967713,17.0,1.0,18.594647074396562,56.725408228573954,45.225408228573954,11.5,18.0,1.0,0,0,38,2,6.0,22.0,12.0
525,1,right_lane,adaptive,True,0.001,40,0,23.768957345971565,16.5,0.0,18.784503370523453,57.27847104583558,46.02847104583557,11.25,18.0,1.0,0,0,40,0,17.0,1.0,22.0
526,1,right_lane,adaptive,True,0.001,40,0,22.268957345971565,39.0,0.0,36.80739498138428,44.628704849618906,43.628704849618906,1.0,18.0,1.0,0,0,40,0,37.0,2.0,1.0
527,1,right_lane,adaptive,True,0.001,40,0,23.752496429317056,17.5,1.5,18.927142571657896,56.75340217025336,46.00340217025336,10.75,18.0,1.0,0,0,40,0,17.0,3.0,20.0
528,1,right_lane,adaptive,True,0.001,40,0,21.62749644062177,36.5,0.5,34.839829947771136,43.85399134831702,42.60399134831702,1.25,18.0,1.0,0,0,39,1,37.0,1.0,2.0
529,1,right_lane,adaptive,True,0.001,40,0,21.518957345971558,16.5,1.5,16.577146001160145,54.427525121920844,42.427525121920844,12.0,18.0,1.0,0,0,40,0,4.0,24.0,12.0
530,1,right_lane,adaptive,True,0.001,40,0,22.768957345971565,10.5,0.5,13.014610822968734,58.927258129109084,44.42725812910908,14.5,18.0,1.0,0,0,39,1,3.0,16.0,21.0
531,1,right_lane,adaptive,True,0.001,40,0,22.643957345971565,0.0,7.0,3.7391215187187754,64.23033175355451,44.23033175355451,20.0,18.0,1.0,0,0,38,2,0.0,0.0,40.0
532,1,right_lane,adaptive,True,0.001,40,0,22.393957345971565,25.5,0.5,25.159406006336212,50.82899086800375,43.82899086800375,7.0,18.0,1.0,0,0,40,0,12.0,28.0,0.0
533,1,right_lane,adaptive,True,0.001,40,0,21.643957345971565,0.0,1.0,3.7151501129565077,62.63033175355449,42.6303317535545,20.0,18.0,1.0,0,0,38,2,0.0,0.0,40.0
534,1,right_lane,adaptive,True,0.001,40,0,25.768957344482807,13.0,1.0,14.654660578453331,62.22870244138183,49.22870244138184,13.0,18.0,1.0,0,0,38,2,13.0,2.0,25.0
535,1,right_lane,adaptive,True,0.001,40,0,21.893957345971565,0.5,0.5,1.7660323848454027,62.52939832968608,43.02939832968609,19.5,18.0,1.0,0,0,32,8,0.0,2.0,38.0
536,1,right_lane,adaptive,True,0.001,40,0,20.393957345971565,0.5,3.0,3.719158049672842,60.38033159537752,40.63033159537753,19.75,18.0,1.0,0,0,40,0,0.0,1.0,39.0
537,1,right_lane,adaptive,True,0.001,40,0,22.768957345971565,3.5,0.5,6.132145735251925,62.67939397881123,44.429393978811234,18.25,18.0,1.0,0,0,38,2,0.0,7.0,33.0
538,1,right_lane,adaptive,True,0.001,40,0,20.893957345971565,10.0,9.5,12.724330388009548,56.1779445405043,41.4279445405043,14.75,18.0,1.0,0,0,40,0,1.0,19.0,20.0
539,1,right_lane,adaptive,True,0.001,40,0,23.018957345971565,6.0,0.0,9.111079803701614,61.328915476617,44.82891547661699,16.5,18.0,1.0,0,0,38,2,6.0,2.0,32.0
540,1,right_lane,adaptive,True,0.001,40,0,23.268957345971565,3.0,0.0,5.047890267936054,63.72725550686936,45.22725550686937,18.5,18.0,1.0,0,0,39,1,1.0,4.0,35.0
541,1,right_lane,adaptive,True,0.001,40,0,23.26895734596714,15.5,7.0,18.191163454204798,56.9770454702412,45.2270454702412,11.75,18.0,1.0,0,0,40,0,6.0,21.0,13.0
542,1,right_lane,adaptive,True,0.001,40,0,21.393957345971565,6.0,2.0,8.933078822252355,58.728398036317195,42.228398036317195,16.5,18.0,1.0,0,0,36,4,6.0,2.0,32.0
543,1,right_lane,adaptive,True,0.001,40,0,23.51895733317816,32.0,1.0,30.364763543009758,49.624977246893984,45.62497724689399,4.0,18.0,1.0,0,0,40,0,27.0,10.0,3.0
544,1,right_lane,adaptive,True,0.001,40,0,21.518957345971565,34.5,1.5,32.054246969521046,45.67797381400766,42.42797381400765,3.25,18.0,1.0,0,0,40,0,32.0,3.0,5.0
545,1,right_lane,adaptive,True,0.001,40,0,21.518957345971565,0.0,1.5,3.8696278539209743,62.430331753554505,42.430331753554505,20.0,18.0,1.0,0,0,39,1,0.0,0.0,40.0
546,1,right_lane,adaptive,True,0.001,40,0,21.268957345971565,24.0,2.5,24.45380875468254,49.78033175045088,42.03033175045088,7.75,18.0,1.0,0,0,40,0,14.0,21.0,5.0
547,1,right_lane,adaptive,True,0.001,40,0,24.768957345971565,15.0,1.0,16.057663416118885,59.87799542234026,47.62799542234027,12.25,18.0,1.0,0,0,38,2,11.0,9.0,20.0
548,1,right_lane,adaptive,True,0.001,40,0,21.87532240949734,14.0,0.5,13.692940152675419,55.99730742807203,42.99730742807203,13.0,18.0,1.0,0,0,39,1,6.0,16.0,18.0
549,1,right_lane,adaptive,True,0.001,40,0,21.141789654732086,0.5,2.5,4.61955731920898,61.074930802877724,41.824930802877724,19.25,18.0,1.0,0,0,40,0,1.0,1.0,38.0
550,1,right_lane,adaptive,True,0.001,40,0,22.143957345971565,0.5,1.0,3.2323498898023217,62.92963839496079,43.429638394960776,19.5,18.0,1.0,0,0,39,1,0.0,2.0,38.0
551,1,right_lane,adaptive,True,0.001,40,0,21.643957345971494,0.0,2.0,3.3786100900315432,62.6303317535544,42.630331753554394,20.0,18.0,1.0,0,0,39,1,0.0,0.0,40.0
552,1,right_lane,adaptive,True,0.001,40,0,21.89395724713693,11.0,1.0,11.55558322919751,57.77847598100009,43.02847598100008,14.75,18.0,1.0,0,0,39,1,9.0,3.0,28.0
553,1,right_lane,adaptive,True,0.001,40,0,21.516789654732086,8.5,0.5,10.283784257133448,58.42686344757123,42.42686344757123,16.0,18.0,1.0,0,0,38,2,0.0,16.0,24.0
554,1,right_lane,adaptive,True,0.001,40,0,22.500005701017248,5.5,2.0,8.803188157289696,61.24907741940333,43.99907741940333,17.25,18.0,1.0,0,0,39,1,0.0,11.0,29.0
555,1,right_lane,adaptive,True,0.001,40,0,23.393914052161808,15.5,0.5,15.642146638496797,58.174418742205766,45.42441874220578,12.75,18.0,1.0,0,0,39,1,13.0,3.0,24.0
556,1,right_lane,adaptive,True,0.001,40,0,24.018957345971565,28.0,4.0,26.83006714908015,52.42523670122095,46.425236701220946,6.0,18.0,1.0,0,0,39,1,21.0,14.0,5.0
557,1,right_lane,adaptive,True,0.001,40,0,22.143957345971565,11.0,0.5,13.24984896183014,57.926592994521954,43.426592994521954,14.5,18.0,1.0,0,0,40,0,10.0,2.0,28.0
558,1,right_lane,adaptive,True,0.001,40,0,22.768957345971508,21.0,0.5,21.236069819164186,53.92634915832498,44.426349158324975,9.5,18.0,1.0,0,0,39,1,18.0,6.0,16.0
559,1,right_lane,adaptive,True,0.001,40,0,22.018957345971565,10.5,1.5,13.126582309603691,57.479740973729186,43.22974097372919,14.25,18.0,1.0,0,0,40,0,11.0,1.0,28.0
560,1,right_lane,adaptive,True,0.001,40,0,21.018957345971565,2.0,1.0,6.157821238040924,60.12839840434149,41.628398404341496,18.5,18.0,1.0,0,0,40,0,1.0,4.0,35.0
561,1,right_lane,adaptive,True,0.001,21,1,24.083728089728,6.5,1.0,7.752201014640832,31.17472979430122,24.424729794301225,6.75,18.0,1.0,0,0,19,2,5.0,5.0,11.0
562,1,right_lane,adaptive,True,0.001,40,0,25.393951547804928,1.5,0.5,3.919675800758341,67.62832866113631,48.628328661136294,19.0,18.0,1.0,0,0,36,4,1.0,2.0,37.0
563,1,right_lane,adaptive,True,0.001,40,0,23.518957345971565,3.0,1.0,5.463758354455422,63.625566052128555,45.62556605212854,18.0,18.0,1.0,0,0,34,6,2.0,4.0,34.0
564,1,right_lane,adaptive,True,0.001,40,0,22.393957345971565,23.0,1.0,21.41068647481734,52.8255725327497,43.8255725327497,9.0,18.0,1.0,0,0,39,1,17.0,10.0,13.0
565,1,right_lane,adaptive,True,0.001,40,0,21.643957345971565,0.0,1.5,3.7289030987194565,62.6303317535545,42.6303317535545,20.0,18.0,1.0,0,0,38,2,0.0,0.0,40.0
566,1,right_lane,adaptive,True,0.001,40,0,22.893957345971565,29.5,2.5,27.279867628458305,50.1272521583414,44.6272521583414,5.5,18.0,1.0,0,0,39,1,22.0,14.0,4.0
567,1,right_lane,adaptive,True,0.001,40,0,23.018957345971565,32.0,0.0,29.139420449733734,49.32805678228472,44.828056782284705,4.5,18.0,1.0,0,0,40,0,23.0,16.0,1.0
568,1,right_lane,adaptive,True,0.001,40,0,23.268957345971565,15.5,1.0,17.158705785870552,57.22843611735051,45.22843611735051,12.0,18.0,1.0,0,0,40,0,13.0,6.0,21.0
569,1,right_lane,adaptive,True,0.001,40,0,21.643957345971565,4.0,0.0,4.517383240309755,60.62644727848594,42.62644727848594,18.0,18.0,1.0,0,0,27,13,3.0,2.0,35.0
570,1,right_lane,adaptive,True,0.001,40,0,26.39395734425319,15.0,2.5,14.545963533050099,63.22596712148561,50.225967121485596,13.0,18.0,1.0,0,0,37,3,8.0,12.0,20.0
571,1,right_lane,adaptive,True,0.001,40,0,28.87250355940797,27.5,1.0,27.133756362251006,60.43985670614606,54.18985670614606,6.25,18.0,1.0,0,0,40,0,21.0,13.0,6.0
572,1,right_lane,adaptive,True,0.001,40,0,24.14395734597155,17.5,4.5,18.12340860390418,57.877574519075466,46.627574519075466,11.25,18.0,1.0,0,0,38,2,15.0,5.0,20.0
573,1,right_lane,adaptive,True,0.001,40,0,22.893957345971565,33.0,0.5,30.825677432119846,48.62255226932453,44.62255226932453,4.0,18.0,1.0,0,0,40,0,27.0,10.0,3.0
574,1,right_lane,adaptive,True,0.001,40,0,23.250043292099726,0.5,0.0,3.310330076697028,64.69774061554762,45.19774061554761,19.5,18.0,1.0,0,0,39,1,0.0,2.0,38.0
575,1,right_lane,adaptive,True,0.001,40,0,21.643957345971565,1.0,3.0,4.371338877390372,61.879398329685294,42.62939832968528,19.25,18.0,1.0,0,0,38,2,0.0,3.0,37.0
576,1,right_lane,adaptive,True,0.001,40,0,24.268957345971565,33.0,3.0,32.22014129161835,50.07828017194475,46.828280171944755,3.25,18.0,1.0,0,0,40,0,27.0,13.0,0.0
577,1,right_lane,adaptive,True,0.001,40,0,22.893957345971565,4.5,2.5,7.507081498957632,62.12683434096589,44.6268343409659,17.5,18.0,1.0,0,0,39,1,0.0,10.0,30.0
578,1,right_lane,adaptive,True,0.001,40,0,22.143957345971565,19.5,6.5,19.77076628804207,53.926446901497975,43.42644690149797,10.5,18.0,1.0,0,0,40,0,10.0,18.0,12.0
579,1,right_lane,adaptive,True,0.001,40,0,21.893957345971565,4.5,0.0,7.169611319899559,60.278894010221805,43.02889401022181,17.25,18.0,1.0,0,0,40,0,5.0,1.0,34.0
580,1,right_lane,adaptive,True,0.001,40,0,25.143951646635138,16.0,1.0,17.417566920630634,59.97610120485913,48.226101204859134,11.75,18.0,1.0,0,0,40,0,11.0,11.0,18.0
581,1,right_lane,adaptive,True,0.001,40,0,21.874677702386197,1.5,0.0,3.876094665378332,62.74853397780288,42.998533977802886,19.75,18.0,1.0,0,0,40,0,0.0,1.0,39.0
582,1,right_lane,adaptive,True,0.001,40,0,22.98104350364404,11.5,1.5,13.700061482230012,58.767045577757024,44.767045577757024,14.0,18.0,1.0,0,0,33,7,5.0,14.0,21.0
583,1,right_lane,adaptive,True,0.001,40,0,24.01895734597155,19.5,1.0,18.946744161592505,56.67753642347837,46.42753642347836,10.25,18.0,1.0,0,0,35,5,14.0,11.0,15.0
584,1,right_lane,adaptive,True,0.001,40,0,22.64395734425717,21.5,5.0,21.430662728559582,53.9802567863344,44.2302567863344,9.75,18.0,1.0,0,0,38,2,14.0,13.0,13.0
585,1,right_lane,adaptive,True,0.001,40,0,24.518957345971565,17.0,0.5,18.185991302132607,58.72818582757262,47.22818582757262,11.5,18.0,1.0,0,0,40,0,7.0,20.0,13.0
586,1,right_lane,adaptive,True,0.001,40,0,23.50249644062177,15.0,3.5,17.48212567716837,57.85205795764463,45.60205795764463,12.25,18.0,1.0,0,0,40,0,14.0,3.0,23.0
587,1,right_lane,adaptive,True,0.001,40,0,22.268957345971565,4.5,1.0,7.2153942330537575,61.375083595265046,43.62508359526505,17.75,18.0,1.0,0,0,37,3,2.0,5.0,33.0
588,1,right_lane,adaptive,True,0.001,40,0,23.393957345971565,11.5,1.5,14.188934937119484,59.42744371966499,45.427443719664986,14.0,18.0,1.0,0,0,40,0,11.0,2.0,27.0
589,1,right_lane,adaptive,True,0.001,40,0,21.64395733317816,22.5,2.0,22.082121127752544,51.127253932503315,42.62725393250332,8.5,18.0,1.0,0,0,37,3,19.0,8.0,13.0
590,1,right_lane,adaptive,True,0.001,40,0,24.108539193514503,12.5,3.0,14.255758621036875,60.31741234257072,46.567412342570734,13.75,18.0,1.0,0,0,37,3,4.0,17.0,19.0
591,1,right_lane,adaptive,True,0.001,40,0,22.518957345971565,4.0,0.0,6.699049510376881,61.7796293910009,44.0296293910009,17.75,18.0,1.0,0,0,39,1,0.0,9.0,31.0
592,1,right_lane,adaptive,True,0.001,40,0,22.768634297602606,9.0,3.0,11.187756448984146,59.92544542582386,44.42544542582387,15.5,18.0,1.0,0,0,40,0,2.0,14.0,24.0
593,1,right_lane,adaptive,True,0.001,40,0,25.750005699080997,28.0,0.5,27.191088140010834,55.69651523139837,49.19651523139838,6.5,18.0,1.0,0,0,40,0,15.0,24.0,1.0
594,1,right_lane,adaptive,True,0.001,40,0,24.643957345716572,17.5,0.5,18.612059636634058,58.17846351677291,47.42846351677291,10.75,18.0,1.0,0,0,38,2,17.0,3.0,20.0
595,1,right_lane,adaptive,True,0.001,40,0,25.768956594994563,12.0,0.0,13.215486609426534,62.72537545906896,49.22537545906896,13.5,18.0,1.0,0,0,38,2,10.0,6.0,24.0
596,1,right_lane,adaptive,True,0.001,40,0,21.268957345941395,6.0,1.0,7.333487991796574,59.27938130598227,42.02938130598227,17.25,18.0,1.0,0,0,39,1,0.0,11.0,29.0
597,1,right_lane,adaptive,True,0.001,40,0,22.875000001459032,25.5,1.0,23.877298385094377,52.34614917165246,44.59614917165246,7.75,18.0,1.0,0,0,39,1,18.0,13.0,9.0
598,1,right_lane,adaptive,True,0.001,40,0,20.875043292099726,2.5,3.5,5.432449501007795,60.150069246534024,41.400069246534024,18.75,18.0,1.0,0,0,40,0,0.0,5.0,35.0
599,1,right_lane,adaptive,True,0.001,40,0,25.393957345971565,18.0,1.5,18.856458820086118,59.627256285785066,48.62725628578505,11.0,18.0,1.0,0,0,37,3,13.0,10.0,17.0
600,1,right_lane,adaptive,True,0.001,40,0,22.268957345971565,11.0,6.0,14.17814502120018,57.628915227435606,43.628915227435606,14.0,18.0,1.0,0,0,40,0,11.0,2.0,27.0
601,1,right_lane,adaptive,True,0.001,40,0,20.643957345971565,2.0,9.5,6.3591461181640625,59.779397664998015,41.029397664998015,18.75,18.0,1.0,0,0,40,0,0.0,5.0,35.0
602,1,right_lane,adaptive,True,0.001,40,0,20.518957345971565,1.5,3.0,5.620413661003113,59.82753642724906,40.82753642724906,19.0,18.0,1.0,0,0,40,0,0.0,4.0,36.0
603,1,right_lane,adaptive,True,0.001,40,0,23.268957345971565,25.0,3.5,24.73699534424668,52.476735142382324,45.22673514238231,7.25,18.0,1.0,0,0,38,2,17.0,17.0,6.0
604,1,right_lane,adaptive,True,0.001,40,0,21.518957345971565,5.5,2.0,7.994726076657798,59.42939832968611,42.42939832968611,17.0,18.0,1.0,0,0,39,1,0.0,12.0,28.0
605,1,right_lane,adaptive,True,0.001,40,0,23.89395734594132,23.0,1.5,23.899978272616863,54.22756771911082,46.22756771911082,8.0,18.0,1.0,0,0,40,0,21.0,6.0,13.0
606,1,right_lane,adaptive,True,0.001,40,0,21.018957345775014,8.0,1.0,10.779612209647894,57.128475103690036,41.62847510369003,15.5,18.0,1.0,0,0,40,0,6.0,6.0,28.0
607,1,right_lane,adaptive,True,0.001,40,0,21.143957332956305,14.0,4.5,16.06520503759384,54.579869811753014,41.829869811753014,12.75,18.0,1.0,0,0,40,0,7.0,15.0,18.0
608,1,right_lane,adaptive,True,0.001,40,0,21.643957345971565,13.0,2.5,14.159864485263824,56.128916979967485,42.62891697996749,13.5,18.0,1.0,0,0,40,0,8.0,10.0,22.0
609,1,right_lane,adaptive,True,0.001,40,0,21.375000750751244,7.5,2.5,9.591620557010174,58.94999824146798,42.19999824146798,16.75,18.0,1.0,0,0,40,0,6.0,1.0,33.0
610,1,right_lane,adaptive,True,0.001,40,0,25.01895659670901,19.0,0.5,18.231439786135184,58.77187072559245,48.02187072559246,10.75,18.0,1.0,0,0,35,5,15.0,7.0,18.0
611,1,right_lane,adaptive,True,0.001,40,0,22.51863364571964,28.5,2.0,27.772514268755913,49.77542460586091,44.025424605860906,5.75,18.0,1.0,0,0,40,0,19.0,19.0,2.0
612,1,right_lane,adaptive,True,0.001,40,0,24.643628596589274,15.5,0.5,17.020504556788183,59.17388724679747,47.42388724679748,11.75,18.0,1.0,0,0,38,2,14.0,5.0,21.0
613,1,right_lane,adaptive,True,0.001,40,0,25.393957345937917,11.0,0.0,12.873083407258719,62.62568673909425,48.62568673909424,14.0,18.0,1.0,0,0,37,3,6.0,12.0,22.0
614,1,right_lane,adaptive,True,0.001,40,0,26.268913303120666,14.0,1.0,14.649810491836888,63.02361458034646,50.023614580346454,13.0,18.0,1.0,0,0,36,4,7.0,14.0,19.0
615,1,right_lane,adaptive,True,0.001,40,0,25.643957345716057,32.5,2.0,31.766852527856827,52.52572655667478,49.02572655667479,3.5,18.0,1.0,0,0,40,0,27.0,12.0,1.0
616,1,right_lane,adaptive,True,0.001,40,0,23.268957345971565,6.5,0.5,9.123593729920685,61.72570676189843,45.22570676189842,16.5,18.0,1.0,0,0,40,0,4.0,6.0,30.0
617,1,right_lane,adaptive,True,0.001,40,0,24.018957345937917,10.0,0.5,12.176095063012326,61.42358955846388,46.42358955846387,15.0,18.0,1.0,0,0,39,1,4.0,12.0,24.0
618,1,right_lane,adaptive,True,0.001,40,0,21.143957248821664,6.0,5.5,9.38553449138999,58.57841731094714,41.82841731094714,16.75,18.0,1.0,0,0,40,0,0.0,13.0,27.0
619,1,right_lane,adaptive,True,0.001,40,0,22.12749644062177,2.0,1.0,4.623097449087254,61.9000239852345,43.40002398523449,18.5,18.0,1.0,0,0,38,2,1.0,4.0,35.0
620,1,right_lane,adaptive,True,0.001,40,0,22.752491490355766,1.5,1.0,3.6174408286656217,63.6526537449962,44.4026537449962,19.25,18.0,1.0,0,0,39,1,0.0,3.0,37.0
621,1,right_lane,adaptive,True,0.001,40,0,20.643957345971565,4.5,0.0,6.680552594363689,59.030331753554506,41.030331753554506,18.0,18.0,1.0,0,0,40,0,0.0,8.0,32.0
622,1,right_lane,adaptive,True,0.001,40,0,25.018956595220327,27.0,2.0,27.071261949837208,54.27537935673027,48.02537935673027,6.25,18.0,1.0,0,0,40,0,23.0,9.0,8.0
623,1,right_lane,adaptive,True,0.001,40,0,23.7689141527362,14.0,2.0,13.938818733459811,59.5302603315041,46.030260331504095,13.5,18.0,1.0,0,0,38,2,12.0,2.0,26.0
624,1,right_lane,adaptive,True,0.001,40,0,22.893957345971565,8.0,1.0,9.477446118033185,60.877475635407855,44.627475635407855,16.25,18.0,1.0,0,0,38,2,4.0,7.0,29.0
625,1,right_lane,adaptive,True,0.001,40,0,22.893957345971565,11.0,3.0,13.82563878595829,58.87707453021401,44.62707453021402,14.25,18.0,1.0,0,0,40,0,9.0,5.0,26.0
626,1,right_lane,adaptive,True,0.001,40,0,23.143951546119695,26.0,0.5,25.267895584591315,51.77586918124681,45.02586918124681,6.75,18.0,1.0,0,0,38,2,24.0,5.0,11.0
627,1,right_lane,adaptive,True,0.001,40,0,23.641461004214086,0.5,0.5,3.459110962219711,65.57454091939152,45.824540919391545,19.75,18.0,1.0,0,0,39,1,0.0,1.0,39.0
628,1,right_lane,adaptive,True,0.001,40,0,23.002496440396065,31.5,1.0,30.548443511128426,48.79892571293456,44.79892571293456,4.0,18.0,1.0,0,0,40,0,27.0,10.0,3.0
629,1,right_lane,adaptive,True,0.001,40,0,25.393957345967646,13.0,0.5,15.286668292110335,61.62664294603065,48.62664294603065,13.0,18.0,1.0,0,0,38,2,8.0,12.0,20.0
630,1,right_lane,adaptive,True,0.001,40,0,21.393957345971565,9.0,2.0,10.70313960686326,57.72889580506985,42.22889580506985,15.5,18.0,1.0,0,0,40,0,8.0,2.0,30.0
631,1,right_lane,adaptive,True,0.001,40,0,20.50032874938229,5.5,2.5,8.17369195818901,58.55052337140721,40.80052337140721,17.75,18.0,1.0,0,0,40,0,3.0,3.0,34.0
632,1,right_lane,adaptive,True,0.001,40,0,21.25249644062177,9.5,3.5,10.43296141223982,57.75399430225223,42.00399430225223,15.75,18.0,1.0,0,0,40,0,0.0,17.0,23.0
633,1,right_lane,adaptive,True,0.001,40,0,21.393957345971565,2.5,1.5,5.910798415541649,60.72684779651724,42.22684779651724,18.5,18.0,1.0,0,0,40,0,0.0,6.0,34.0
634,1,right_lane,adaptive,True,0.001,40,0,21.018957345971565,7.5,0.5,9.845911178333154,57.62839840434077,41.62839840434077,16.0,18.0,1.0,0,0,29,11,1.0,14.0,25.0
635,1,right_lane,adaptive,True,0.001,40,0,21.518957345971565,0.5,0.0,4.486343559779925,61.67839840507327,42.42839840507327,19.25,18.0,1.0,0,0,39,1,1.0,1.0,38.0
636,1,right_lane,adaptive,True,0.001,40,0,24.643957345971565,15.0,0.5,16.226615730673075,60.176321963820165,47.426321963820165,12.75,18.0,1.0,0,0,40,0,9.0,11.0,20.0
637,1,right_lane,adaptive,True,0.001,40,0,22.00249644062177,6.0,2.0,6.955520811311544,59.9507152238522,43.2007152238522,16.75,18.0,1.0,0,0,18,22,0.0,13.0,27.0
638,1,right_lane,adaptive,True,0.001,40,0,22.393957345971565,4.0,0.0,7.027613584269602,61.82844883501846,43.82844883501846,18.0,18.0,1.0,0,0,39,1,0.0,8.0,32.0
639,1,right_lane,adaptive,True,0.001,40,0,24.76895089443276,13.5,2.0,13.100856403015996,61.375933151876204,47.62593315187619,13.75,18.0,1.0,0,0,37,3,7.0,11.0,22.0
640,1,right_lane,adaptive,True,0.001,40,0,25.76895734597098,16.5,1.0,17.49244736043329,60.974978313483895,49.224978313483895,11.75,18.0,1.0,0,0,38,2,12.0,9.0,19.0
641,1,right_lane,adaptive,True,0.001,40,0,25.143957345971565,19.0,5.0,20.258175490424037,58.72515811242249,48.22515811242249,10.5,18.0,1.0,0,0,40,0,16.0,6.0,18.0
642,1,right_lane,adaptive,True,0.001,40,0,21.875000000225775,9.0,3.5,9.937218751561886,58.49713067157324,42.99713067157324,15.5,18.0,1.0,0,0,29,11,5.0,8.0,27.0
643,1,right_lane,adaptive,True,0.001,40,0,22.125322409497336,15.0,4.0,15.419391165289426,56.396320219087016,43.39632021908701,13.0,18.0,1.0,0,0,39,1,8.0,12.0,20.0
644,1,right_lane,adaptive,True,0.001,40,0,22.143957345971565,3.0,3.5,5.965154363305828,61.9298096823977,43.4298096823977,18.5,18.0,1.0,0,0,39,1,0.0,6.0,34.0
645,1,right_lane,adaptive,True,0.001,40,0,21.643957345971565,8.5,1.5,10.40606252849102,58.62974432339888,42.62974432339888,16.0,18.0,1.0,0,0,40,0,0.0,16.0,24.0
646,1,right_lane,adaptive,True,0.001,40,0,21.643957345971565,1.0,1.0,4.338419939216692,61.62838999037253,42.628389990372526,19.0,18.0,1.0,0,0,38,2,1.0,2.0,37.0
647,1,right_lane,adaptive,True,0.001,40,0,23.268957345971565,19.0,0.5,18.96974135230812,55.72773800702951,45.22773800702951,10.5,18.0,1.0,0,0,39,1,10.0,18.0,12.0
648,1,right_lane,adaptive,True,0.001,40,0,22.143957345971565,7.0,0.0,8.92294892296195,59.926443843008244,43.42644384300824,16.5,18.0,1.0,0,0,40,0,6.0,2.0,32.0
649,1,right_lane,adaptive,True,0.001,40,0,21.768957345967646,32.5,1.5,30.55033814907074,46.579405823938714,42.82940582393871,3.75,18.0,1.0,0,0,40,0,25.0,15.0,0.0
650,1,right_lane,adaptive,True,0.001,40,0,24.01895734597156,5.0,1.0,7.605181084692049,63.6743120278948,46.4243120278948,17.25,18.0,1.0,0,0,38,2,1.0,9.0,30.0
651,1,right_lane,adaptive,True,0.001,40,0,21.768957345971565,39.0,0.5,35.62223418056965,43.828461514503914,42.828461514503914,1.0,18.0,1.0,0,0,40,0,37.0,2.0,1.0
652,1,right_lane,adaptive,True,0.001,40,0,24.64395734594234,30.0,1.0,28.349880592173008,52.92408449922939,47.42408449922938,5.5,18.0,1.0,0,0,38,2,25.0,8.0,7.0
653,1,right_lane,adaptive,True,0.001,40,0,23.018957345971565,8.0,8.0,11.492163777604674,60.32423029965895,44.82423029965895,15.5,18.0,1.0,0,0,39,1,6.0,6.0,28.0
654,1,right_lane,adaptive,True,0.001,40,0,23.76646025517737,23.0,1.0,23.329709239304066,54.2710847710148,46.0210847710148,8.25,18.0,1.0,0,0,40,0,14.0,19.0,7.0
655,1,right_lane,adaptive,True,0.001,40,0,23.268957345971565,1.0,0.0,3.763378526433371,64.7286726733522,45.22867267335219,19.5,18.0,1.0,0,0,38,2,0.0,2.0,38.0
656,1,right_lane,adaptive,True,0.001,40,0,22.393957247332974,27.5,0.0,25.342580711192397,50.58026506927442,43.83026506927442,6.75,18.0,1.0,0,0,39,1,25.0,3.0,12.0
657,1,right_lane,adaptive,True,0.001,40,0,21.268957345971565,3.0,3.5,6.141795631498098,60.525805209933935,42.025805209933935,18.5,18.0,1.0,0,0,40,0,0.0,6.0,34.0
658,1,right_lane,adaptive,True,0.001,40,0,20.768957345971565,0.5,0.5,3.8636399507522583,60.47839840434077,41.22839840434077,19.25,18.0,1.0,0,0,40,0,1.0,1.0,38.0
659,1,right_lane,adaptive,True,0.001,40,0,21.518957345971565,39.0,0.0,36.05757224559784,42.928062893047006,42.428062893047006,0.5,18.0,1.0,0,0,40,0,38.0,2.0,0.0
660,1,right_lane,adaptive,True,0.001,40,0,21.375043292099726,0.5,1.0,4.031486334518377,61.44813591685381,42.198135916853815,19.25,18.0,1.0,0,0,37,3,1.0,1.0,38.0
661,1,right_lane,adaptive,True,0.001,40,0,21.393957345971565,24.5,0.5,22.611771354700977,50.48033173267636,42.230331732676355,8.25,18.0,1.0,0,0,39,1,22.0,3.0,15.0
662,1,right_lane,adaptive,True,0.001,40,0,21.143957345971565,17.5,2.0,18.343531608581543,52.827133810891354,41.827133810891354,11.0,18.0,1.0,0,0,40,0,11.0,14.0,15.0
663,1,right_lane,adaptive,True,0.001,40,0,24.37283231047497,9.0,2.5,11.777538757118236,61.99306362863796,46.993063628637955,15.0,18.0,1.0,0,0,38,2,8.0,4.0,28.0
664,1,right_lane,adaptive,True,0.001,40,0,22.893957345971565,28.0,1.0,28.846182490931824,50.87889428871941,44.62889428871941,6.25,18.0,1.0,0,0,40,0,19.0,17.0,4.0
665,1,right_lane,adaptive,True,0.001,40,0,22.768957345967653,15.5,4.0,17.78640403598547,56.18025850967413,44.43025850967413,11.75,18.0,1.0,0,0,40,0,13.0,7.0,20.0
666,1,right_lane,adaptive,True,0.001,40,0,20.518957345971565,0.5,1.5,4.667312644422054,60.32939766499682,40.82939766499682,19.5,18.0,1.0,0,0,40,0,0.0,2.0,38.0
667,1,right_lane,adaptive,True,0.001,40,0,21.143909202470194,31.0,1.0,29.03623542562127,46.32831841680323,41.82831841680323,4.5,18.0,1.0,0,0,40,0,30.0,2.0,8.0
668,1,right_lane,adaptive,True,0.001,40,0,20.893957345971565,5.5,8.0,8.780433848500252,58.42939766774032,41.42939766774032,17.0,18.0,1.0,0,0,40,0,0.0,12.0,28.0
669,1,right_lane,adaptive,True,0.001,40,0,23.518957247107274,9.5,0.5,10.605252045313591,61.12526163530253,45.625261635302536,15.5,18.0,1.0,0,0,38,2,7.0,4.0,29.0
670,1,right_lane,adaptive,True,0.001,40,0,20.643957345971565,12.5,3.0,14.008371748030186,54.28032277006408,41.03032277006408,13.25,18.0,1.0,0,0,40,0,9.0,9.0,22.0
671,1,right_lane,adaptive,True,0.001,40,0,22.268629347340514,6.5,0.0,8.987822486443974,60.12980433098689,43.62980433098689,16.5,18.0,1.0,0,0,39,1,0.0,14.0,26.0
672,1,right_lane,adaptive,True,0.001,40,0,23.356085947842622,5.5,1.5,7.341050106679177,62.61717650410988,45.367176504109885,17.25,18.0,1.0,0,0,38,2,3.0,5.0,32.0
673,1,right_lane,adaptive,True,0.001,40,0,21.018957345971565,0.0,3.5,4.2248934581293724,61.37939766774114,41.629397667741145,19.75,18.0,1.0,0,0,38,2,0.0,1.0,39.0
674,1,right_lane,adaptive,True,0.001,40,0,23.87532874938229,32.5,2.0,31.258979737758636,50.195907874582915,46.19590787458292,4.0,18.0,1.0,0,0,40,0,24.0,16.0,0.0
675,1,right_lane,adaptive,True,0.001,40,0,22.768957345971565,12.0,0.5,14.86210185289383,57.92703347093724,44.42703347093724,13.5,18.0,1.0,0,0,40,0,11.0,4.0,25.0
676,1,right_lane,adaptive,True,0.001,40,0,21.143957345971565,10.0,3.0,11.589516768701287,57.07718720104875,41.827187201048766,15.25,18.0,1.0,0,0,39,1,0.0,19.0,21.0
677,1,right_lane,adaptive,True,0.001,40,0,23.268957345971565,7.0,0.0,9.671953633202065,61.47938020963092,45.22938020963093,16.25,18.0,1.0,0,0,38,2,0.0,15.0,25.0
678,1,right_lane,adaptive,True,0.001,40,0,22.127496341983182,36.5,0.5,33.2331914678216,45.652199196561156,43.402199196561156,2.25,18.0,1.0,0,0,40,0,35.0,1.0,4.0
679,1,right_lane,adaptive,True,0.001,40,0,20.518957345971565,19.0,0.5,19.401953749358654,51.328464498517,40.828464498517,10.5,18.0,1.0,0,0,40,0,0.0,38.0,2.0
680,1,right_lane,adaptive,True,0.001,40,0,21.62504329187447,4.0,1.0,6.150860676120374,60.84821263073473,42.59821263073473,18.25,18.0,1.0,0,0,39,1,2.0,3.0,35.0
681,1,right_lane,adaptive,True,0.001,40,0,25.1439133031206,9.0,1.5,11.158465024172983,63.728117248852975,48.22811724885297,15.5,18.0,1.0,0,0,37,3,6.0,6.0,28.0
682,1,right_lane,adaptive,True,0.001,40,0,22.01895164498405,0.5,0.0,4.1614273655213765,62.47838928349324,43.228389283493236,19.25,18.0,1.0,0,0,39,1,1.0,1.0,38.0
683,1,right_lane,adaptive,True,0.001,40,0,23.50249644062177,39.0,0.5,36.0659966468811,46.103994304941004,45.603994304941004,0.5,18.0,1.0,0,0,40,0,38.0,2.0,0.0
684,1,right_lane,adaptive,True,0.001,40,0,23.268957345971565,17.5,1.5,18.87971903383732,55.978467085655204,45.228467085655204,10.75,18.0,1.0,0,0,40,0,17.0,3.0,20.0
685,1,right_lane,adaptive,True,0.001,40,0,21.8939573329563,14.0,2.5,15.659142806696764,55.529389735863724,43.029389735863724,12.5,18.0,1.0,0,0,30,10,11.0,8.0,21.0
686,1,right_lane,adaptive,True,0.001,40,0,24.76645520455839,29.0,0.0,29.013674807908046,53.12307483690585,47.62307483690586,5.5,18.0,1.0,0,0,39,1,27.0,4.0,9.0
687,1,right_lane,adaptive,True,0.001,40,0,24.268957345971565,10.0,0.0,11.594199231287348,61.328915472136224,46.828915472136224,14.5,18.0,1.0,0,0,37,3,10.0,2.0,28.0
688,1,right_lane,adaptive,True,0.001,40,0,21.143951743818675,0.5,8.5,3.744682341992302,61.32938936619198,41.82938936619199,19.5,18.0,1.0,0,0,38,2,0.0,2.0,38.0
689,1,right_lane,adaptive,True,0.001,40,0,22.76891975488909,2.5,1.0,4.47624056542179,63.178000443596424,44.42800044359642,18.75,18.0,1.0,0,0,37,3,0.0,5.0,35.0
690,1,right_lane,adaptive,True,0.001,40,0,21.87749644062177,17.0,3.0,18.969868294894695,54.25099649515912,43.00099649515912,11.25,18.0,1.0,0,0,40,0,11.0,13.0,16.0
691,1,right_lane,adaptive,True,0.001,40,0,23.018957345971565,7.0,6.0,10.128294485279184,61.32703358379289,44.82703358379289,16.5,18.0,1.0,0,0,39,1,6.0,2.0,32.0
692,1,right_lane,adaptive,True,0.001,40,0,21.00249644062177,40.0,0.0,38.70824319124222,41.603994304994835,41.603994304994835,0.0,18.0,1.0,0,0,40,0,40.0,0.0,0.0
693,1,right_lane,adaptive,True,0.001,40,0,23.518957345971565,14.0,1.5,15.958974123001099,58.12846147247413,45.62846147247412,12.5,18.0,1.0,0,0,40,0,14.0,2.0,24.0
694,1,right_lane,adaptive,True,0.001,40,0,23.518957345971565,25.5,0.0,26.780166149139404,52.62962330450561,45.629623304505614,7.0,18.0,1.0,0,0,40,0,12.0,28.0,0.0
695,1,right_lane,adaptive,True,0.001,40,0,21.893957345971565,32.5,2.5,30.7642402946949,46.7793962011016,43.0293962011016,3.75,18.0,1.0,0,0,40,0,25.0,15.0,0.0
696,1,right_lane,adaptive,True,0.001,40,0,22.143957345971554,6.5,3.5,9.718867229297757,59.92690497580883,43.42690497580883,16.5,18.0,1.0,0,0,40,0,0.0,14.0,26.0
697,1,right_lane,adaptive,True,0.001,40,0,23.606414695510455,12.0,2.0,13.973898477852345,59.766911270517845,45.766911270517866,14.0,18.0,1.0,0,0,40,0,6.0,12.0,22.0
698,1,right_lane,adaptive,True,0.001,40,0,24.64395734597099,10.0,0.0,12.59358735920614,61.92470823350507,47.42470823350506,14.5,18.0,1.0,0,0,39,1,8.0,6.0,26.0
699,1,right_lane,adaptive,True,0.001,40,0,22.018957345971565,1.5,1.0,4.710993653779951,62.228931692792294,43.2289316927923,19.0,18.0,1.0,0,0,39,1,0.0,4.0,36.0
700,1,right_lane,adaptive,True,0.001,40,0,20.768957345971565,4.0,0.5,7.313031936549123,58.97986981480981,41.22986981480981,17.75,18.0,1.0,0,0,39,1,0.0,9.0,31.0
701,1,right_lane,adaptive,True,0.001,40,0,22.143957345971565,35.0,0.5,32.53371850630356,46.17658877241358,43.42658877241358,2.75,18.0,1.0,0,0,39,1,33.0,3.0,4.0
702,1,right_lane,adaptive,True,0.001,40,0,27.39362859661502,16.5,0.5,16.463453948896586,63.82056675145242,51.820566751452425,12.0,18.0,1.0,0,0,38,2,11.0,10.0,19.0
703,1,right_lane,adaptive,True,0.001,40,0,23.00000075075124,0.0,0.0,2.7662429790379974,64.80000120120198,44.800001201201994,20.0,18.0,1.0,0,0,36,4,0.0,0.0,40.0
704,1,right_lane,adaptive,True,0.001,40,0,24.643957345971494,4.0,2.0,6.40082189877171,65.17566642582584,47.42566642582586,17.75,18.0,1.0,0,0,37,3,1.0,7.0,32.0
705,1,right_lane,adaptive,True,0.001,40,0,24.393957345741885,21.0,1.0,21.935649778835796,56.02851413619815,47.02851413619815,9.0,18.0,1.0,0,0,39,1,20.0,4.0,16.0
706,1,right_lane,adaptive,True,0.001,40,0,22.018957345971565,4.0,0.5,6.650082663716603,60.97798372658935,43.22798372658936,17.75,18.0,1.0,0,0,39,1,3.0,3.0,34.0
707,1,right_lane,adaptive,True,0.001,40,0,22.768957345971565,31.0,1.0,29.047182219079332,48.9288838103068,44.4288838103068,4.5,18.0,1.0,0,0,39,1,29.0,4.0,7.0
708,1,right_lane,adaptive,True,0.001,40,0,23.643957345971494,11.0,1.5,12.645878628312857,60.325937166939575,45.82593716693958,14.5,18.0,1.0,0,0,38,2,1.0,20.0,19.0
709,1,right_lane,adaptive,True,0.001,40,0,23.393957345745722,6.5,0.5,9.087224892470545,62.17724984316531,45.42724984316531,16.75,18.0,1.0,0,0,38,2,5.0,3.0,32.0
710,1,right_lane,adaptive,True,0.001,40,0,23.268957345971565,15.0,0.0,15.850327167659998,57.977960287320386,45.227960287320386,12.75,18.0,1.0,0,0,40,0,13.0,3.0,24.0
711,1,right_lane,adaptive,True,0.001,40,0,21.518957345971565,1.0,1.5,5.3279099495175615,61.42700593003641,42.42700593003641,19.0,18.0,1.0,0,0,38,2,1.0,2.0,37.0
712,1,right_lane,adaptive,True,0.001,40,0,22.268957345971565,4.0,3.5,8.007670350372791,61.37776417167815,43.62776417167815,17.75,18.0,1.0,0,0,40,0,0.0,9.0,31.0
713,1,right_lane,adaptive,True,0.001,40,0,21.643957345971565,12.0,1.0,14.249182783067226,56.378055066826434,42.628055066826434,13.75,18.0,1.0,0,0,40,0,8.0,9.0,23.0
714,1,right_lane,adaptive,True,0.001,40,0,26.231085947842622,24.0,0.5,23.92941859940288,57.96606219256116,49.96606219256115,8.0,18.0,1.0,0,0,37,3,20.0,8.0,12.0
715,1,right_lane,adaptive,True,0.001,40,0,23.018957345771607,11.0,1.5,12.79289083663025,59.327121547824575,44.82712154782458,14.5,18.0,1.0,0,0,39,1,10.0,2.0,28.0
716,1,right_lane,adaptive,True,0.001,40,0,22.768956595220324,25.0,2.5,23.630748143619712,51.9265286933025,44.4265286933025,7.5,18.0,1.0,0,0,36,4,20.0,10.0,10.0
717,1,right_lane,adaptive,True,0.001,40,0,22.25000495026992,3.5,0.0,4.979808709918871,62.34809346616295,43.59809346616296,18.75,18.0,1.0,0,0,38,2,2.0,1.0,37.0
718,1,right_lane,adaptive,True,0.001,40,0,23.641461004214154,11.5,0.0,14.064985200762749,59.57428576422625,45.82428576422625,13.75,18.0,1.0,0,0,40,0,11.0,3.0,26.0
719,1,right_lane,adaptive,True,0.001,40,0,21.893957345971494,0.0,2.0,2.225103749397931,63.030331753554414,43.030331753554414,20.0,18.0,1.0,0,0,36,4,0.0,0.0,40.0
720,1,right_lane,adaptive,True,0.001,40,0,24.391460907064253,3.5,1.5,6.665102595463395,65.0216662485872,47.02166624858718,18.0,18.0,1.0,0,0,40,0,2.0,4.0,34.0
721,1,right_lane,adaptive,True,0.001,40,0,20.643957345971565,4.5,2.0,7.234600972995395,58.77892664697048,41.02892664697049,17.75,18.0,1.0,0,0,38,2,2.0,5.0,33.0
722,1,right_lane,adaptive,True,0.001,40,0,21.393957345775522,6.0,0.5,7.768518205732107,59.2264650535837,42.2264650535837,17.0,18.0,1.0,0,0,40,0,5.0,2.0,33.0
723,1,right_lane,adaptive,True,0.001,40,0,22.268957345942347,34.0,0.0,31.07673195429834,47.128686538268994,43.628686538268994,3.5,18.0,1.0,0,0,38,2,32.0,2.0,6.0
724,1,right_lane,adaptive,True,0.001,40,0,21.768957345971565,4.5,0.5,6.419836810207926,60.579400028118336,42.82940002811834,17.75,18.0,1.0,0,0,36,4,0.0,9.0,31.0
725,1,right_lane,adaptive,True,0.001,40,0,21.143957345971565,20.0,2.0,20.781111478805542,51.830331753554496,41.8303317535545,10.0,18.0,1.0,0,0,40,0,0.0,40.0,0.0
726,1,right_lane,adaptive,True,0.001,40,0,22.268957345971565,24.0,0.5,23.540467210114002,51.62839910886089,43.62839910886089,8.0,18.0,1.0,0,0,40,0,23.0,2.0,15.0
727,1,right_lane,adaptive,True,0.001,40,0,24.00000000171446,37.5,0.5,35.96845739334822,47.39713380525575,46.397133805255756,1.0,18.0,1.0,0,0,40,0,37.0,2.0,1.0
728,1,right_lane,adaptive,True,0.001,40,0,23.893957345971565,10.5,0.0,11.999996460828697,60.97651339687762,46.226513396877635,14.75,18.0,1.0,0,0,39,1,8.0,5.0,27.0
729,1,right_lane,adaptive,True,0.001,40,0,21.893957331241847,1.5,0.0,4.7113066343936225,62.027757735872,43.027757735872,19.0,18.0,1.0,0,0,39,1,0.0,4.0,36.0
730,1,right_lane,adaptive,True,0.001,40,0,21.268957345971565,11.5,2.0,13.522495109587908,55.777055852484594,42.027055852484594,13.75,18.0,1.0,0,0,40,0,7.0,11.0,22.0
731,1,right_lane,adaptive,True,0.001,40,0,23.643957345971565,5.5,6.0,7.825380352596767,63.076528225544415,45.82652822554441,17.25,18.0,1.0,0,0,38,2,3.0,5.0,32.0
732,1,right_lane,adaptive,True,0.001,40,0,21.393957345971565,0.5,0.5,3.75548585614888,61.72939766774115,42.22939766774115,19.5,18.0,1.0,0,0,40,0,0.0,2.0,38.0
733,1,right_lane,adaptive,True,0.001,40,0,26.12500000022526,14.5,0.0,14.579969106202043,63.043571465710684,49.7935714657107,13.25,18.0,1.0,0,0,37,3,10.0,7.0,23.0
734,1,right_lane,adaptive,True,0.001,40,0,22.393957345967202,0.0,0.0,2.948676840250755,63.830331753547526,43.83033175354751,20.0,18.0,1.0,0,0,38,2,0.0,0.0,40.0
735,1,right_lane,adaptive,True,0.001,40,0,22.643957345971565,3.0,2.5,4.769551745240278,62.980331753554495,44.2303317535545,18.75,18.0,1.0,0,0,36,4,0.0,5.0,35.0
736,1,right_lane,adaptive,True,0.001,40,0,25.893957345967134,10.5,1.0,12.185786294288846,64.1754272483674,49.4254272483674,14.75,18.0,1.0,0,0,36,4,5.0,11.0,24.0
737,1,right_lane,adaptive,True,0.001,40,0,22.643957345971565,12.0,6.0,13.30849892172364,58.22734891366162,44.227348913661615,14.0,18.0,1.0,0,0,39,1,3.0,18.0,19.0
738,1,right_lane,adaptive,True,0.001,40,0,25.518585319223185,16.5,0.0,17.146836795434524,60.57667645657783,48.82667645657782,11.75,18.0,1.0,0,0,39,1,6.0,21.0,13.0
739,1,right_lane,adaptive,True,0.001,40,0,22.893957345971565,20.5,0.5,20.49478420972082,54.62732757507438,44.62732757507438,10.0,18.0,1.0,0,0,39,1,5.0,30.0,5.0
740,1,right_lane,adaptive,True,0.001,40,0,22.62749644062177,13.5,4.0,15.056504229074562,56.950191991788984,44.200191991788984,12.75,18.0,1.0,0,0,38,2,13.0,3.0,24.0
741,1,right_lane,adaptive,True,0.001,40,0,22.393957345971565,0.0,3.5,3.825388119347622,63.8303317535545,43.8303317535545,20.0,18.0,1.0,0,0,39,1,0.0,0.0,40.0
742,1,right_lane,adaptive,True,0.001,40,0,24.143957345745726,8.0,0.5,9.631882130521262,62.626465303330285,46.626465303330285,16.0,18.0,1.0,0,0,39,1,7.0,2.0,31.0
743,1,right_lane,adaptive,True,0.001,40,0,22.231414695510452,2.0,0.0,3.3054857051279214,62.56957227658948,43.56957227658948,19.0,18.0,1.0,0,0,27,13,0.0,4.0,36.0
744,1,right_lane,adaptive,True,0.001,40,0,21.643957247332974,6.0,0.0,8.837276551019386,59.129328562162854,42.62932856216286,16.5,18.0,1.0,0,0,39,1,5.0,4.0,31.0
745,1,right_lane,adaptive,True,0.001,40,0,21.643957345971565,20.0,0.5,19.623892944021918,52.880322590834176,42.630322590834176,10.25,18.0,1.0,0,0,39,1,12.0,15.0,13.0
746,1,right_lane,adaptive,True,0.001,40,0,22.000000750751244,5.0,2.0,8.028113473280428,60.44713308170031,43.19713308170032,17.25,18.0,1.0,0,0,38,2,4.0,3.0,33.0
747,1,right_lane,adaptive,True,0.001,40,0,21.143957345971565,0.0,0.0,3.023157128596722,61.57939832968609,41.82939832968609,19.75,18.0,1.0,0,0,39,1,0.0,1.0,39.0
748,1,right_lane,adaptive,True,0.001,40,0,21.518957345971565,15.0,1.5,16.70284416526556,54.679092680246455,42.42909268024647,12.25,18.0,1.0,0,0,40,0,4.0,23.0,13.0
749,1,right_lane,adaptive,True,0.001,40,0,23.643957245392755,22.5,0.5,23.074663227929705,54.078706819968325,45.828706819968325,8.25,18.0,1.0,0,0,39,1,18.0,11.0,11.0
750,1,right_lane,adaptive,True,0.001,40,0,22.643957345745793,15.0,0.5,16.69023909178486,56.727375329467996,44.22737532946801,12.5,18.0,1.0,0,0,39,1,10.0,10.0,20.0
751,1,right_lane,adaptive,True,0.001,40,0,21.643957345971565,30.5,0.0,28.669738139028595,47.62932664346113,42.62932664346111,5.0,18.0,1.0,0,0,38,2,29.0,2.0,9.0
752,1,right_lane,adaptive,True,0.001,40,0,20.643957345971554,0.0,5.5,4.342023588716984,61.03033175355448,41.03033175355447,20.0,18.0,1.0,0,0,40,0,0.0,0.0,40.0
753,1,right_lane,adaptive,True,0.001,40,0,21.893957345971565,3.0,0.0,6.4879805466975995,61.52915377570133,43.029153775701324,18.5,18.0,1.0,0,0,39,1,0.0,6.0,34.0
754,1,right_lane,adaptive,True,0.001,40,0,21.643957345971565,40.0,0.0,37.00455164909363,42.63033175355451,42.63033175355451,0.0,18.0,1.0,0,0,40,0,40.0,0.0,0.0
755,1,right_lane,adaptive,True,0.001,40,0,28.356042654028435,19.5,1.0,19.525282449310453,63.86411294393279,53.3641129439328,10.5,18.0,1.0,0,0,37,3,11.0,16.0,13.0
756,1,right_lane,adaptive,True,0.001,40,0,22.89390845343341,0.5,0.5,3.5247728307340367,64.12956016689975,44.62956016689975,19.5,18.0,1.0,0,0,38,2,0.0,2.0,38.0
757,1,right_lane,adaptive,True,0.001,40,0,23.143957345971554,7.5,1.5,9.142678987354088,61.27802793391284,45.02802793391285,16.25,18.0,1.0,0,0,39,1,0.0,15.0,25.0
758,1,right_lane,adaptive,True,0.001,40,0,22.143957345971565,33.5,2.5,32.57758495211601,46.1803317535545,43.4303317535545,2.75,18.0,1.0,0,0,40,0,34.0,1.0,5.0
759,1,right_lane,adaptive,True,0.001,40,0,26.856042654283943,16.5,1.5,17.733550054957504,62.463394776810546,50.963394776810546,11.5,18.0,1.0,0,0,38,2,12.0,10.0,18.0
760,1,right_lane,adaptive,True,0.001,40,0,20.768957345971565,5.0,4.0,8.097091909497976,58.479415504247186,41.22941550424719,17.25,18.0,1.0,0,0,40,0,0.0,11.0,29.0
761,1,right_lane,adaptive,True,0.001,40,0,23.518957345971565,31.0,0.0,29.485065673487497,50.62891547221205,45.62891547221205,5.0,18.0,1.0,0,0,39,1,29.0,2.0,9.0
762,1,right_lane,adaptive,True,0.001,40,0,21.893957345971565,13.0,1.5,14.505054523863691,56.27734635511591,43.02734635511591,13.25,18.0,1.0,0,0,39,1,10.0,7.0,23.0
763,1,right_lane,adaptive,True,0.001,40,0,23.143957345971565,7.0,0.5,9.17963442907012,61.026771521278505,45.026771521278505,16.0,18.0,1.0,0,0,38,2,1.0,14.0,25.0
764,1,right_lane,adaptive,True,0.001,40,0,21.518957345971565,7.5,1.5,10.014165036267059,58.679397667741824,42.42939766774183,16.25,18.0,1.0,0,0,37,3,0.0,15.0,25.0
765,1,right_lane,adaptive,True,0.001,40,0,22.268957345971565,23.0,0.0,23.40849620103836,52.12868986002594,43.62868986002595,8.5,18.0,1.0,0,0,40,0,7.0,32.0,1.0
766,1,right_lane,adaptive,True,0.001,40,0,22.143957345971565,12.5,2.0,14.077770628035069,57.176520563312174,43.426520563312174,13.75,18.0,1.0,0,0,40,0,9.0,7.0,24.0
767,1,right_lane,adaptive,True,0.001,40,0,24.393628695453636,40.0,0.0,36.700321078300476,47.27887248885741,47.02887248885741,0.25,18.0,1.0,0,0,40,0,39.0,1.0,0.0
768,1,right_lane,adaptive,True,0.001,40,0,24.768956595220388,20.5,1.0,20.547543535094974,57.374338849539505,47.6243388495395,9.75,18.0,1.0,0,0,39,1,15.0,11.0,14.0
769,1,right_lane,adaptive,True,0.001,40,0,22.393957345971565,8.0,1.5,10.72214599698782,59.32657149652754,43.82657149652755,15.5,18.0,1.0,0,0,40,0,7.0,4.0,29.0
770,1,right_lane,adaptive,True,0.001,40,0,23.268957345971565,0.0,0.5,2.705779096995684,65.2303317535545,45.230331753554495,20.0,18.0,1.0,0,0,38,2,0.0,0.0,40.0
771,1,right_lane,adaptive,True,0.001,40,0,24.268957345971565,20.0,1.0,20.06427640721995,56.82470854856547,46.824708548565475,10.0,18.0,1.0,0,0,39,1,9.0,22.0,9.0
772,1,right_lane,adaptive,True,0.001,40,0,20.768957345971494,35.5,0.0,33.41324207186699,43.478991229382316,41.228991229382316,2.25,18.0,1.0,0,0,40,0,31.0,9.0,0.0
773,1,right_lane,adaptive,True,0.001,24,1,29.13508042696887,9.5,0.0,9.189228132076778,40.51591691535193,32.76591691535194,7.75,18.0,1.0,0,0,22,2,5.0,7.0,12.0
774,1,right_lane,adaptive,True,0.001,40,0,23.89395734596713,14.0,1.0,14.882172011813964,58.72698406832054,46.22698406832054,12.5,18.0,1.0,0,0,37,3,13.0,4.0,23.0
775,1,right_lane,adaptive,True,0.001,40,0,20.768957345971565,0.0,5.5,4.326406411826611,61.23033175355451,41.2303317535545,20.0,18.0,1.0,0,0,40,0,0.0,0.0,40.0
776,1,right_lane,adaptive,True,0.001,40,0,22.143914053872354,14.5,1.0,15.704635608941317,55.92739110577978,43.42739110577978,12.5,18.0,1.0,0,0,40,0,6.0,18.0,16.0
777,1,right_lane,adaptive,True,0.001,40,0,23.39113860773599,14.0,0.0,14.260078680912557,58.675113577216536,45.42511357721655,13.25,18.0,1.0,0,0,38,2,0.0,27.0,13.0
778,1,right_lane,adaptive,True,0.001,40,0,21.518957345971565,21.0,8.5,21.73211147636175,51.679638394960755,42.429638394960755,9.25,18.0,1.0,0,0,40,0,18.0,7.0,15.0
779,1,right_lane,adaptive,True,0.001,40,0,25.12495670815578,18.0,1.5,19.57284393758846,58.946562065371985,48.196562065371985,10.75,18.0,1.0,0,0,39,1,17.0,3.0,20.0
780,1,right_lane,adaptive,True,0.001,40,0,21.518957345971565,1.0,1.5,4.513737890691573,61.93033175076381,42.43033175076381,19.5,18.0,1.0,0,0,39,1,0.0,2.0,38.0
781,1,right_lane,adaptive,True,0.001,40,0,24.856091647145412,13.0,0.0,14.701700609568206,61.017624258125295,47.767624258125295,13.25,18.0,1.0,0,0,39,1,12.0,3.0,25.0
782,1,right_lane,adaptive,True,0.001,40,0,23.018957345971565,7.0,1.5,9.276581396348774,61.3269609422502,44.82696094225021,16.5,18.0,1.0,0,0,40,0,6.0,2.0,32.0
783,1,right_lane,adaptive,True,0.001,40,0,25.51895659693478,28.5,0.5,27.422916400374334,54.57434437623054,48.82434437623054,5.75,18.0,1.0,0,0,39,1,22.0,13.0,5.0
784,1,right_lane,adaptive,True,0.001,13,1,26.21215659754951,0.5,1.0,1.1536102093923546,22.730321430725745,16.230321430725745,6.5,18.0,1.0,0,0,12,1,0.0,0.0,13.0
785,1,right_lane,adaptive,True,0.001,40,0,24.268957345971565,18.5,0.0,19.514955818653107,57.078398404326,46.828398404325995,10.25,18.0,1.0,0,0,40,0,19.0,1.0,20.0
786,1,right_lane,adaptive,True,0.001,40,0,23.874956709840507,3.5,1.5,7.04182571213687,63.94728705512948,46.197287055129486,17.75,18.0,1.0,0,0,37,3,1.0,7.0,32.0
787,1,right_lane,adaptive,True,0.001,40,0,21.518957345971565,4.5,1.0,6.587185299678822,60.17803716511422,42.42803716511422,17.75,18.0,1.0,0,0,39,1,3.0,3.0,34.0
788,1,right_lane,adaptive,True,0.001,40,0,21.643957345971565,3.5,1.5,7.673361070454121,60.37892998571786,42.62892998571786,17.75,18.0,1.0,0,0,40,0,3.0,3.0,34.0
789,1,right_lane,adaptive,True,0.001,40,0,23.62532874935256,13.5,3.0,15.291056020871565,58.54819999237036,45.79819999237035,12.75,18.0,1.0,0,0,38,2,9.0,11.0,20.0
790,1,right_lane,adaptive,True,0.001,40,0,23.62720528232247,11.0,0.5,12.495502178351671,60.55004084006711,45.80004084006712,14.75,18.0,1.0,0,0,39,1,9.0,3.0,28.0
791,1,right_lane,adaptive,True,0.001,40,0,24.606370751523915,10.5,0.0,12.536731307602167,61.86730381697339,47.36730381697339,14.5,18.0,1.0,0,0,38,2,9.0,4.0,27.0
792,1,right_lane,adaptive,True,0.001,40,0,22.518957345971565,0.5,1.0,3.165589888800241,63.778526153848084,44.02852615384808,19.75,18.0,1.0,0,0,37,3,0.0,1.0,39.0
793,1,right_lane,adaptive,True,0.001,4,1,25.0,2.0,0.5,1.7035750895738602,5.797200792566933,4.797200792566933,1.0,18.0,1.0,0,0,4,0,1.0,2.0,1.0
794,1,right_lane,adaptive,True,0.001,40,0,23.018957345941843,7.0,0.0,9.04511902305876,61.3284818992436,44.8284818992436,16.5,18.0,1.0,0,0,39,1,0.0,14.0,26.0
795,1,right_lane,adaptive,True,0.001,40,0,22.125043292099726,5.5,10.5,8.084279298615002,60.89913222181221,43.399132221812195,17.5,18.0,1.0,0,0,38,2,4.0,2.0,34.0
796,1,right_lane,adaptive,True,0.001,40,0,22.266461004210758,39.5,0.0,36.762480556964874,43.87447820949665,43.62447820949665,0.25,18.0,1.0,0,0,40,0,39.0,1.0,0.0
797,1,right_lane,adaptive,True,0.001,40,0,23.143957332952397,18.5,2.0,17.67941803179201,56.279331168818075,45.02933116881808,11.25,18.0,1.0,0,0,37,3,15.0,5.0,20.0
798,1,right_lane,adaptive,True,0.001,17,1,22.9857819905109,17.0,0.0,16.56010866165161,19.03033175354741,19.03033175354741,0.0,18.0,1.0,0,0,17,0,17.0,0.0,0.0
799,1,right_lane,adaptive,True,0.001,40,0,22.26895724713693,3.0,2.0,5.893329411745071,62.12547230220564,43.62547230220563,18.5,18.0,1.0,0,0,40,0,0.0,6.0,34.0
800,1,right_lane,adaptive,True,0.001,40,0,22.143957345971565,28.0,2.5,26.088235232449733,49.67748316243399,43.42748316243399,6.25,18.0,1.0,0,0,38,2,24.0,7.0,9.0
801,1,right_lane,adaptive,True,0.001,10,1,22.075828988428814,9.5,0.0,8.623090863227844,11.578398244860951,10.828398244860951,0.75,18.0,1.0,0,0,10,0,8.0,1.0,1.0
802,1,right_lane,adaptive,True,0.001,40,0,22.268957345971565,0.0,1.0,3.1666349309325597,63.3793983296861,43.6293983296861,19.75,18.0,1.0,0,0,38,2,0.0,1.0,39.0
803,1,right_lane,adaptive,True,0.001,40,0,22.018957345971565,10.0,0.0,12.708545178174973,57.72962312597539,43.22962312597539,14.5,18.0,1.0,0,0,40,0,7.0,8.0,25.0
804,1,right_lane,adaptive,True,0.001,40,0,24.393957345971486,16.0,0.0,16.639051301172003,58.77415449968043,47.02415449968043,11.75,18.0,1.0,0,0,40,0,14.0,5.0,21.0
805,1,right_lane,adaptive,True,0.001,40,0,22.518957345971565,3.5,0.5,6.5317761125043035,61.778536804749265,44.02853680474925,17.75,18.0,1.0,0,0,40,0,4.0,1.0,35.0
806,1,right_lane,adaptive,True,0.001,40,0,23.39395723434353,7.0,1.0,9.957219333316061,61.428915019152086,45.4289150191521,16.0,18.0,1.0,0,0,39,1,7.0,2.0,31.0
807,1,right_lane,adaptive,True,0.001,40,0,24.768957345971565,16.0,0.0,15.723393050183176,60.126423238063374,47.62642323806338,12.5,18.0,1.0,0,0,39,1,12.0,6.0,22.0
808,1,right_lane,adaptive,True,0.001,40,0,20.768957345971565,21.5,1.5,21.06347146630287,50.72939766774104,41.22939766774104,9.5,18.0,1.0,0,0,40,0,20.0,2.0,18.0
809,1,right_lane,adaptive,True,0.001,40,0,23.643957345971565,7.5,1.0,10.277202112960367,61.575616851103746,45.82561685110374,15.75,18.0,1.0,0,0,39,1,7.0,3.0,30.0
810,1,right_lane,adaptive,True,0.001,40,0,23.51891480462308,34.5,1.5,32.96641506999731,48.125039021250096,45.6250390212501,2.5,18.0,1.0,0,0,40,0,33.0,4.0,3.0
811,1,right_lane,adaptive,True,0.001,40,0,22.016461656101036,24.5,3.0,24.071257770061493,50.97446838988635,43.224468389886354,7.75,18.0,1.0,0,0,40,0,20.0,9.0,11.0
812,1,right_lane,adaptive,True,0.001,40,0,20.643957345971565,5.0,0.5,8.130505850727786,58.02937978331945,41.029379783319456,17.0,18.0,1.0,0,0,39,1,3.0,6.0,31.0
813,1,right_lane,adaptive,True,0.001,40,0,22.768957345971565,9.5,4.5,11.25852400493386,60.178912941198014,44.42891294119802,15.75,18.0,1.0,0,0,36,4,6.0,5.0,29.0
814,1,right_lane,adaptive,True,0.001,40,0,20.768957345971565,0.0,0.5,4.290030017495155,60.979397667741154,41.22939766774115,19.75,18.0,1.0,0,0,40,0,0.0,1.0,39.0
815,1,right_lane,adaptive,True,0.001,40,0,22.018957345971565,32.5,0.0,29.059106013572546,47.47837991336801,43.22837991336801,4.25,18.0,1.0,0,0,38,2,31.0,1.0,8.0
816,1,right_lane,adaptive,True,0.001,40,0,21.268957345971565,38.5,0.0,35.94032943248749,42.77828042700971,42.02828042700971,0.75,18.0,1.0,0,0,40,0,37.0,3.0,0.0
817,1,right_lane,adaptive,True,0.001,40,0,22.893957345971565,8.0,7.5,11.503782607614994,60.12868921705463,44.628689217054614,15.5,18.0,1.0,0,0,40,0,1.0,16.0,23.0
818,1,right_lane,adaptive,True,0.001,40,0,22.018957345971565,15.0,2.5,16.751272700726986,55.72612030933349,43.226120309333496,12.5,18.0,1.0,0,0,40,0,9.0,12.0,19.0
819,1,right_lane,adaptive,True,0.001,40,0,22.64391975488524,13.0,0.5,13.26768421381712,57.72762978996741,44.22762978996741,13.5,18.0,1.0,0,0,37,3,8.0,10.0,22.0
820,1,right_lane,adaptive,True,0.001,40,0,21.749715194830088,10.5,2.0,12.683599663898349,57.798593007928574,42.798593007928574,15.0,18.0,1.0,0,0,40,0,9.0,2.0,29.0
821,1,right_lane,adaptive,True,0.001,40,0,22.143957345971554,12.0,1.5,13.960451992747267,57.17777291152801,43.427772911527995,13.75,18.0,1.0,0,0,39,1,11.0,3.0,26.0
822,1,right_lane,adaptive,True,0.001,40,0,21.268957345971565,0.0,6.0,4.5266741754018085,61.7793983296861,42.02939832968611,19.75,18.0,1.0,0,0,39,1,0.0,1.0,39.0
823,1,right_lane,adaptive,True,0.001,40,0,21.393957345971565,40.0,0.0,39.55495101213455,42.23033175355451,42.23033175355451,0.0,18.0,1.0,0,0,40,0,40.0,0.0,0.0
824,1,right_lane,adaptive,True,0.001,40,0,21.018957345971565,3.5,2.0,6.597553383558989,59.88033039805862,41.63033039805862,18.25,18.0,1.0,0,0,40,0,0.0,7.0,33.0
825,1,right_lane,adaptive,True,0.001,40,0,23.643957345971565,8.5,4.0,10.933637168384848,61.327028974528794,45.827028974528794,15.5,18.0,1.0,0,0,39,1,3.0,12.0,25.0
826,1,right_lane,adaptive,True,0.001,20,1,24.03791469187583,19.5,0.0,18.80926012992859,23.72939832963227,23.22939832963227,0.5,18.0,1.0,0,0,20,0,18.0,2.0,0.0
827,1,right_lane,adaptive,True,0.001,40,0,23.268957345971565,7.5,2.0,9.782359089575039,61.2279817218358,45.2279817218358,16.0,18.0,1.0,0,0,38,2,6.0,4.0,30.0
828,1,right_lane,adaptive,True,0.001,40,0,22.143957345971565,0.0,4.5,3.6862513618282264,63.4303317535545,43.43033175355451,20.0,18.0,1.0,0,0,38,2,0.0,0.0,40.0
829,1,right_lane,adaptive,True,0.001,40,0,21.518957345971565,3.5,0.0,6.69571681399384,60.428399108860894,42.428399108860894,18.0,18.0,1.0,0,0,39,1,1.0,6.0,33.0
830,1,right_lane,adaptive,True,0.001,40,0,23.374999988699198,34.5,0.5,32.4654458463192,48.143914101190795,45.3939141011908,2.75,18.0,1.0,0,0,40,0,32.0,5.0,3.0
831,1,right_lane,adaptive,True,0.001,40,0,24.2310426542542,9.0,2.5,11.120784422514589,61.76795647814808,46.76795647814808,15.0,18.0,1.0,0,0,38,2,7.0,6.0,27.0
832,1,right_lane,adaptive,True,0.001,40,0,22.516466606367043,33.5,2.0,32.9286085665226,47.272563531412615,44.022563531412615,3.25,18.0,1.0,0,0,40,0,30.0,7.0,3.0
833,1,right_lane,adaptive,True,0.001,40,0,22.393957345971565,11.5,1.0,13.391673535108566,58.076113300985575,43.82611330098558,14.25,18.0,1.0,0,0,40,0,10.0,3.0,27.0
834,1,right_lane,adaptive,True,0.001,40,0,22.37532874938229,16.5,3.0,18.02784500271082,55.2983553654629,43.7983553654629,11.5,18.0,1.0,0,0,40,0,11.0,12.0,17.0
835,1,right_lane,adaptive,True,0.001,40,0,21.143957345971565,9.5,4.0,11.001928561991917,57.32831291637034,41.82831291637034,15.5,18.0,1.0,0,0,39,1,4.0,10.0,26.0
836,1,right_lane,adaptive,True,0.001,40,0,22.518951646668775,22.5,1.0,21.583410628517868,53.28032263157184,44.03032263157184,9.25,18.0,1.0,0,0,38,2,21.0,1.0,18.0
837,1,right_lane,adaptive,True,0.001,40,0,23.393957344286836,17.0,2.0,18.047986927567763,56.42571155935655,45.42571155935655,11.0,18.0,1.0,0,0,36,4,15.0,6.0,19.0
838,1,right_lane,adaptive,True,0.001,40,0,22.518957345971565,0.0,0.0,2.1396797364257054,64.0303317535545,44.030331753554506,20.0,18.0,1.0,0,0,37,3,0.0,0.0,40.0
839,1,right_lane,adaptive,True,0.001,40,0,24.268666200690927,6.5,1.0,8.066678003416541,63.325369146729734,46.82536914672973,16.5,18.0,1.0,0,0,37,3,5.0,4.0,31.0
840,1,right_lane,adaptive,True,0.001,40,0,22.51863429760594,8.5,0.5,10.25917422722523,59.52694518673299,44.02694518673299,15.5,18.0,1.0,0,0,33,7,7.0,4.0,29.0
841,1,right_lane,adaptive,True,0.001,40,0,21.893957345971565,4.0,1.0,6.509100125895202,61.02933265779956,43.02933265779956,18.0,18.0,1.0,0,0,38,2,0.0,8.0,32.0
842,1,right_lane,adaptive,True,0.001,40,0,21.268629347340514,0.0,0.0,3.3329680811148137,61.77887286993146,42.02887286993147,19.75,18.0,1.0,0,0,40,0,0.0,1.0,39.0
843,1,right_lane,adaptive,True,0.001,40,0,22.518957345971565,6.5,2.5,9.30087619567712,60.275409150560286,44.02540915056029,16.25,18.0,1.0,0,0,37,3,5.0,5.0,30.0
844,1,right_lane,adaptive,True,0.001,40,0,22.643957345971565,4.5,3.5,7.076037847090447,61.97886563662821,44.22886563662821,17.75,18.0,1.0,0,0,38,2,0.0,9.0,31.0
845,1,right_lane,adaptive,True,0.001,40,0,21.643957345971565,15.0,1.0,16.693345561623573,55.128704846514545,42.628704846514545,12.5,18.0,1.0,0,0,40,0,13.0,4.0,23.0
846,1,right_lane,adaptive,True,0.001,40,0,23.893957345971565,5.5,0.0,7.236925696994376,63.47805472836324,46.22805472836324,17.25,18.0,1.0,0,0,38,2,0.0,11.0,29.0
847,1,right_lane,adaptive,True,0.001,40,0,24.26895090893671,8.0,0.5,10.308145519868049,62.57464840062032,46.82464840062032,15.75,18.0,1.0,0,0,37,3,6.0,5.0,29.0
848,1,right_lane,adaptive,True,0.001,40,0,21.768957345971565,12.0,0.5,13.780060477554798,56.32962330848463,42.82962330848463,13.5,18.0,1.0,0,0,40,0,6.0,14.0,20.0
849,1,right_lane,adaptive,True,0.001,40,0,22.643957345937984,20.0,2.0,19.597619604493275,54.22287686465192,44.22287686465192,10.0,18.0,1.0,0,0,39,1,16.0,8.0,16.0
850,1,right_lane,adaptive,True,0.001,40,0,22.518957345971565,8.5,0.5,10.732940845191479,59.526295172140905,44.0262951721409,15.5,18.0,1.0,0,0,40,0,6.0,6.0,28.0
851,1,right_lane,adaptive,True,0.001,40,0,26.516132155971423,18.0,1.5,18.934491860029084,61.17128119954364,50.42128119954364,10.75,18.0,1.0,0,0,36,4,15.0,7.0,18.0
852,1,right_lane,adaptive,True,0.001,40,0,22.26895734406498,29.0,0.5,27.572145380079746,49.37805506231062,43.628055062310615,5.75,18.0,1.0,0,0,40,0,23.0,11.0,6.0
853,1,right_lane,adaptive,True,0.001,4,1,25.0,1.0,0.5,1.681095689535141,6.0481980369705575,4.7981980369705575,1.25,18.0,1.0,0,0,4,0,0.0,3.0,1.0
854,1,right_lane,adaptive,True,0.001,40,0,21.143957345971565,33.0,0.5,31.07044792175293,45.32939832968609,41.82939832968609,3.5,18.0,1.0,0,0,40,0,26.0,14.0,0.0
855,1,right_lane,adaptive,True,0.001,40,0,21.268957345971565,10.5,1.0,11.26304172880009,56.27932158258016,42.029321582580145,14.25,18.0,1.0,0,0,21,19,6.0,11.0,23.0
856,1,right_lane,adaptive,True,0.001,40,0,22.018628512458545,27.0,6.5,27.25537008792162,49.47885635196223,43.22885635196223,6.25,18.0,1.0,0,0,40,0,20.0,15.0,5.0
857,1,right_lane,adaptive,True,0.001,40,0,21.750043292099726,15.5,4.0,16.736116759479046,55.29821297478395,42.79821297478395,12.5,18.0,1.0,0,0,40,0,13.0,4.0,23.0
858,1,right_lane,adaptive,True,0.001,40,0,24.76890836758822,8.0,1.0,9.345252126739524,63.377383483338434,47.627383483338434,15.75,18.0,1.0,0,0,36,4,4.0,9.0,27.0
859,1,right_lane,adaptive,True,0.001,40,0,21.018957345971565,33.5,2.0,31.754812613129616,44.629397667741145,41.629397667741145,3.0,18.0,1.0,0,0,40,0,32.0,4.0,4.0
860,1,right_lane,adaptive,True,0.001,40,0,23.643957345971565,7.0,0.5,8.056489400821192,62.57674788402734,45.82674788402733,16.75,18.0,1.0,0,0,38,2,3.0,7.0,30.0
861,1,right_lane,adaptive,True,0.001,40,0,22.018957345971565,0.0,0.0,2.4813162068518295,63.2303317535545,43.23033175355451,20.0,18.0,1.0,0,0,39,1,0.0,0.0,40.0
862,1,right_lane,adaptive,True,0.001,40,0,21.768957345971565,7.5,1.0,9.006204074488323,59.580331753554496,42.8303317535545,16.75,18.0,1.0,0,0,39,1,6.0,1.0,33.0
863,1,right_lane,adaptive,True,0.001,40,0,22.143957345971565,4.0,0.5,6.851865388453007,61.17822230794908,43.428222307949085,17.75,18.0,1.0,0,0,40,0,2.0,5.0,33.0
864,1,right_lane,adaptive,True,0.001,40,0,21.731049105796927,8.0,1.0,10.102238271269016,59.01851066496798,42.768510664967984,16.25,18.0,1.0,0,0,40,0,2.0,11.0,27.0
865,1,right_lane,adaptive,True,0.001,40,0,21.268957345971565,6.5,0.5,7.363707205184255,58.52712543167203,42.027125431672026,16.5,18.0,1.0,0,0,24,16,5.0,4.0,31.0
866,1,right_lane,adaptive,True,0.001,40,0,23.893957345971565,0.0,0.5,1.9539885537196824,66.23033175355452,46.23033175355451,20.0,18.0,1.0,0,0,35,5,0.0,0.0,40.0
867,1,right_lane,adaptive,True,0.001,40,0,23.875043292099726,17.0,0.5,17.818480191752315,57.69581940369693,46.19581940369693,11.5,18.0,1.0,0,0,40,0,15.0,4.0,21.0
868,1,right_lane,adaptive,True,0.001,40,0,22.356091647145412,7.0,5.5,9.419734725853232,60.269744010675424,43.769744010675424,16.5,18.0,1.0,0,0,38,2,0.0,14.0,26.0
869,1,right_lane,adaptive,True,0.001,40,0,24.14395734597149,4.0,1.5,5.965860061076455,64.62646795657223,46.62646795657221,18.0,18.0,1.0,0,0,36,4,3.0,2.0,35.0
870,1,right_lane,adaptive,True,0.001,40,0,25.768957345971565,17.0,0.0,18.637337336316705,60.47820063386584,49.22820063386584,11.25,18.0,1.0,0,0,40,0,16.0,3.0,21.0
871,1,right_lane,adaptive,True,0.001,40,0,22.268957345941836,20.0,-0.5,19.066967564998777,53.62839613130535,43.62839613130535,10.0,18.0,1.0,0,0,35,5,19.0,2.0,19.0
872,1,right_lane,adaptive,True,0.001,40,0,25.252453148522044,16.0,0.5,17.165831892796632,60.39510185572039,48.39510185572039,12.0,18.0,1.0,0,0,38,2,9.0,14.0,17.0
873,1,right_lane,adaptive,True,0.001,40,0,22.018957345971565,0.0,0.0,2.8847331409676826,63.23033175355448,43.23033175355449,20.0,18.0,1.0,0,0,38,2,0.0,0.0,40.0
874,1,right_lane,adaptive,True,0.001,40,0,22.643957345971565,0.0,0.0,2.8883084628532742,64.23033175355451,44.230331753554495,20.0,18.0,1.0,0,0,38,2,0.0,0.0,40.0
875,1,right_lane,adaptive,True,0.001,40,0,22.268957345749705,32.0,0.5,29.17941290519434,48.12910123621845,43.62910123621845,4.5,18.0,1.0,0,0,39,1,29.0,4.0,7.0
876,1,right_lane,adaptive,True,0.001,40,0,22.268957345971565,29.0,0.0,27.432163398480043,49.62846151450391,43.62846151450392,6.0,18.0,1.0,0,0,39,1,27.0,2.0,11.0
877,1,right_lane,adaptive,True,0.001,40,0,21.518957345971565,6.5,0.5,7.612609566422179,58.92746431852946,42.42746431852946,16.5,18.0,1.0,0,0,40,0,6.0,2.0,32.0
878,1,right_lane,adaptive,True,0.001,40,0,22.643957345971565,9.0,1.0,10.922316839015366,59.475825961458604,44.225825961458604,15.25,18.0,1.0,0,0,39,1,5.0,9.0,26.0
879,1,right_lane,adaptive,True,0.001,40,0,21.768957345971565,13.0,1.0,15.228943912312388,55.82634729992927,42.826347299929274,13.0,18.0,1.0,0,0,40,0,11.0,6.0,23.0
880,1,right_lane,adaptive,True,0.001,40,0,23.268957345971565,1.0,1.0,3.627179592097491,64.72867145580341,45.22867145580341,19.5,18.0,1.0,0,0,36,4,0.0,2.0,38.0
881,1,right_lane,adaptive,True,0.001,40,0,24.018957345971558,22.5,0.5,22.415543084484398,55.42176334013307,46.42176334013307,9.0,18.0,1.0,0,0,39,1,11.0,22.0,7.0
882,1,right_lane,adaptive,True,0.001,40,0,24.518957345971565,36.0,0.0,33.85319301486015,49.476771398512845,47.226771398512845,2.25,18.0,1.0,0,0,40,0,32.0,7.0,1.0
883,1,right_lane,adaptive,True,0.001,40,0,25.768957345971565,26.5,1.0,26.514081813395023,55.7288923549103,49.2288923549103,6.5,18.0,1.0,0,0,40,0,21.0,12.0,7.0
884,1,right_lane,adaptive,True,0.001,40,0,21.768957345971565,0.0,2.0,2.8179749770247327,62.8303317535545,42.830331753554496,20.0,18.0,1.0,0,0,39,1,0.0,0.0,40.0
885,1,right_lane,adaptive,True,0.001,40,0,21.018957345971565,13.0,0.0,14.683102674782276,55.12938217878774,41.62938217878774,13.5,18.0,1.0,0,0,40,0,0.0,26.0,14.0
886,1,right_lane,adaptive,True,0.001,40,0,22.518957345971565,19.5,2.0,20.75542554963613,53.77962330408724,44.02962330408724,9.75,18.0,1.0,0,0,38,2,9.0,23.0,8.0
887,1,right_lane,adaptive,True,0.001,40,0,23.143957345941836,21.0,0.5,22.045225119612724,54.02481844131904,45.02481844131904,9.0,18.0,1.0,0,0,39,1,20.0,4.0,16.0
888,1,right_lane,adaptive,True,0.001,40,0,21.768957345971565,0.5,0.0,3.855232580403026,62.078398404340774,42.82839840434077,19.25,18.0,1.0,0,0,39,1,1.0,1.0,38.0
889,1,right_lane,adaptive,True,0.001,40,0,23.643957345971565,0.5,0.0,3.0115524144264896,65.57893679795798,45.82893679795799,19.75,18.0,1.0,0,0,36,4,0.0,1.0,39.0
890,1,right_lane,adaptive,True,0.001,40,0,23.768957345971554,18.0,0.5,20.384823836386204,56.52796130467779,46.02796130467779,10.5,18.0,1.0,0,0,40,0,13.0,12.0,15.0
891,1,right_lane,adaptive,True,0.001,40,0,23.5189573459419,12.0,5.0,12.83236061606749,59.628826518599354,45.62882651859934,14.0,18.0,1.0,0,0,37,3,9.0,6.0,25.0
892,1,right_lane,adaptive,True,0.001,40,0,20.768957345971565,0.0,0.0,3.170781511813402,60.979397667741154,41.22939766774115,19.75,18.0,1.0,0,0,40,0,0.0,1.0,39.0
893,1,right_lane,adaptive,True,0.001,40,0,20.518957345971565,0.0,0.0,3.6635347679257393,60.8303317535545,40.8303317535545,20.0,18.0,1.0,0,0,40,0,0.0,0.0,40.0
894,1,right_lane,adaptive,True,0.001,40,0,22.268957345971565,8.0,1.5,9.43014520202928,59.62803315009577,43.62803315009577,16.0,18.0,1.0,0,0,39,1,6.0,4.0,30.0
895,1,right_lane,adaptive,True,0.001,40,0,21.393957344257174,15.5,3.5,15.993650645017624,54.98032879107747,42.23032879107747,12.75,18.0,1.0,0,0,40,0,14.0,1.0,25.0
896,1,right_lane,adaptive,True,0.001,40,0,25.643957333173727,22.0,1.5,22.98430839928369,57.52683838274157,49.02683838274157,8.5,18.0,1.0,0,0,39,1,20.0,6.0,14.0
897,1,right_lane,adaptive,True,0.001,40,0,22.26895164498405,18.5,2.0,18.984714575111866,54.37881022675836,43.62881022675836,10.75,18.0,1.0,0,0,40,0,17.0,3.0,20.0
898,1,right_lane,adaptive,True,0.001,40,0,22.01891406689101,0.5,1.0,4.040211272324086,62.729327062528924,43.22932706252893,19.5,18.0,1.0,0,0,38,2,0.0,2.0,38.0
899,1,right_lane,adaptive,True,0.001,40,0,22.018951646668775,29.0,2.0,29.473972469568253,48.22465000009115,43.224650000091145,5.0,18.0,1.0,0,0,40,0,23.0,14.0,3.0
900,1,right_lane,adaptive,True,0.001,40,0,22.268957345971565,18.5,3.0,19.656098529696465,54.37828035441283,43.62828035441283,10.75,18.0,1.0,0,0,40,0,15.0,7.0,18.0
901,1,right_lane,adaptive,True,0.001,40,0,21.6439573457458,26.0,1.0,25.657454147934914,49.37605155687258,42.62605155687259,6.75,18.0,1.0,0,0,40,0,24.0,5.0,11.0
902,1,right_lane,adaptive,True,0.001,40,0,23.393951547804484,13.5,2.5,15.72537399083376,58.425241740393204,45.425241740393204,13.0,18.0,1.0,0,0,40,0,10.0,8.0,22.0
903,1,right_lane,adaptive,True,0.001,40,0,22.518957345971565,0.0,0.0,1.3403208963441102,64.0303317535545,44.030331753554506,20.0,18.0,1.0,0,0,39,1,0.0,0.0,40.0
904,1,right_lane,adaptive,True,0.001,40,0,21.893957345971565,0.0,0.5,4.011009012408067,62.77939766843072,43.02939766843071,19.75,18.0,1.0,0,0,39,1,0.0,1.0,39.0
905,1,right_lane,adaptive,True,0.001,40,0,21.143957345745857,5.5,3.0,9.146263107657433,58.57853391929976,41.82853391929976,16.75,18.0,1.0,0,0,40,0,6.0,1.0,33.0
906,1,right_lane,adaptive,True,0.001,40,0,22.643957247107274,26.0,1.0,25.111657213419676,50.97768219376739,44.2276821937674,6.75,18.0,1.0,0,0,40,0,22.0,9.0,9.0
907,1,right_lane,adaptive,True,0.001,40,0,20.768957345971565,12.5,2.0,14.130874276161194,54.9793975306187,41.22939753061869,13.75,18.0,1.0,0,0,40,0,0.0,25.0,15.0
908,1,right_lane,adaptive,True,0.001,40,0,20.643957345971565,0.0,1.0,4.087489880621433,61.030331753554506,41.030331753554506,20.0,18.0,1.0,0,0,40,0,0.0,0.0,40.0
909,1,right_lane,adaptive,True,0.001,40,0,21.018957345971554,5.5,2.5,8.429852429777384,58.87793879992826,41.62793879992826,17.25,18.0,1.0,0,0,40,0,4.0,3.0,33.0
910,1,right_lane,adaptive,True,0.001,40,0,25.981371403410797,15.5,0.0,15.712246626504566,61.81356636316833,49.56356636316832,12.25,18.0,1.0,0,0,37,3,11.0,9.0,20.0
911,1,right_lane,adaptive,True,0.001,40,0,20.893957345971565,25.5,3.5,24.43743596225977,49.18033174210069,41.43033174210069,7.75,18.0,1.0,0,0,40,0,24.0,1.0,15.0
912,1,right_lane,adaptive,True,0.001,40,0,21.143957345971565,0.0,0.0,1.9801028428482823,61.830331753554496,41.830331753554496,20.0,18.0,1.0,0,0,37,3,0.0,0.0,40.0
913,1,right_lane,adaptive,True,0.001,40,0,21.1439573459419,24.5,1.5,22.976292648347226,49.578398404245746,41.82839840424574,7.75,18.0,1.0,0,0,32,8,23.0,3.0,14.0
914,1,right_lane,adaptive,True,0.001,40,0,21.143957345971565,8.0,2.0,10.75456677377224,57.57752760372688,41.82752760372687,15.75,18.0,1.0,0,0,40,0,6.0,5.0,29.0
915,1,right_lane,adaptive,True,0.001,40,0,21.143957345971565,8.0,0.5,10.017049166709512,57.82712949918427,41.82712949918427,16.0,18.0,1.0,0,0,39,1,0.0,16.0,24.0
916,1,right_lane,adaptive,True,0.001,40,0,23.89395659522424,4.0,2.5,6.862399503753977,63.9756706550151,46.22567065501511,17.75,18.0,1.0,0,0,39,1,1.0,7.0,32.0
917,1,right_lane,adaptive,True,0.001,40,0,22.39395734574579,22.0,0.5,22.635549549013376,52.32245275825869,43.82245275825869,8.5,18.0,1.0,0,0,40,0,20.0,6.0,14.0
918,1,right_lane,adaptive,True,0.001,40,0,21.893957344035762,8.0,0.5,9.318956457174863,59.02939765449268,43.0293976544927,16.0,18.0,1.0,0,0,37,3,0.0,16.0,24.0
919,1,right_lane,adaptive,True,0.001,40,0,25.518957345941317,24.5,3.5,24.86359986379921,56.32580235285922,48.82580235285922,7.5,18.0,1.0,0,0,38,2,18.0,14.0,8.0
920,1,right_lane,adaptive,True,0.001,40,0,22.893957345971486,18.0,3.0,18.583885524130892,55.62538997630752,44.62538997630752,11.0,18.0,1.0,0,0,39,1,12.0,12.0,16.0
921,1,right_lane,adaptive,True,0.001,26,1,21.183011301494716,0.5,1.0,2.271416850948299,39.47839840434077,27.228398404340773,12.25,18.0,1.0,0,0,17,9,1.0,1.0,24.0
922,1,right_lane,adaptive,True,0.001,40,0,21.768957345971565,17.5,0.5,18.701775643974543,53.57734883757893,42.82734883757893,10.75,18.0,1.0,0,0,40,0,4.0,29.0,7.0
923,1,right_lane,adaptive,True,0.001,40,0,20.768957345971565,0.5,1.0,4.712011851370335,60.729397667741154,41.22939766774115,19.5,18.0,1.0,0,0,40,0,0.0,2.0,38.0
924,1,right_lane,adaptive,True,0.001,40,0,23.231366453174452,2.0,0.0,4.002201398598345,64.4192374299246,45.16923742992461,19.25,18.0,1.0,0,0,38,2,0.0,3.0,37.0
925,1,right_lane,adaptive,True,0.001,40,0,21.643957345971565,5.5,1.5,8.556965859606862,59.37870484961904,42.62870484961904,16.75,18.0,1.0,0,0,40,0,5.0,3.0,32.0
926,1,right_lane,adaptive,True,0.001,40,0,24.018957345971046,16.5,0.5,17.657543523761888,57.9275369600215,46.4275369600215,11.5,18.0,1.0,0,0,39,1,16.0,2.0,22.0
927,1,right_lane,adaptive,True,0.001,40,0,21.518957345971565,23.5,1.0,23.98464696109295,50.180331753554505,42.430331753554505,7.75,18.0,1.0,0,0,40,0,24.0,1.0,15.0
928,1,right_lane,adaptive,True,0.001,40,0,23.37749644062177,19.0,1.5,19.46819611850151,55.8997456907132,45.39974569071321,10.5,18.0,1.0,0,0,39,1,5.0,28.0,7.0
929,1,right_lane,adaptive,True,0.001,40,0,22.141138607735993,0.5,2.0,4.644768567406572,62.67388842316386,43.423888423163866,19.25,18.0,1.0,0,0,39,1,1.0,1.0,38.0
930,1,right_lane,adaptive,True,0.001,40,0,24.375043292099726,12.5,2.0,15.150196016895734,60.246740067999966,46.99674006799997,13.25,18.0,1.0,0,0,39,1,12.0,3.0,25.0
931,1,right_lane,adaptive,True,0.001,40,0,21.518957345971565,27.5,0.5,25.46295952796936,48.43033175076435,42.43033175076435,6.0,18.0,1.0,0,0,40,0,16.0,24.0,0.0
932,1,right_lane,adaptive,True,0.001,40,0,24.393957345970982,28.0,0.5,26.839042210386197,53.024685517558396,47.024685517558396,6.0,18.0,1.0,0,0,38,2,21.0,14.0,5.0
933,1,right_lane,adaptive,True,0.001,40,0,22.393957331238514,2.5,1.0,4.497906884957047,62.57962094347966,43.829620943479675,18.75,18.0,1.0,0,0,38,2,0.0,5.0,35.0
934,1,right_lane,adaptive,True,0.001,40,0,21.00032874938229,39.5,0.5,37.70461142063141,41.85052599895794,41.60052599895794,0.25,18.0,1.0,0,0,40,0,39.0,1.0,0.0
935,1,right_lane,adaptive,True,0.001,40,0,21.643957247332974,11.5,1.5,12.646498284560948,57.38032863599875,42.63032863599875,14.75,18.0,1.0,0,0,39,1,10.0,1.0,29.0
936,1,right_lane,adaptive,True,0.001,40,0,25.26890835288433,31.0,0.5,31.49974773824215,52.428611808576896,48.428611808576896,4.0,18.0,1.0,0,0,40,0,29.0,6.0,5.0
937,1,right_lane,adaptive,True,0.001,40,0,22.268957345971565,0.0,0.0,2.247841822794385,63.63033175355451,43.63033175355451,20.0,18.0,1.0,0,0,39,1,0.0,0.0,40.0
938,1,right_lane,adaptive,True,0.001,40,0,24.87532874938229,13.0,3.0,14.940859471482327,60.79888081968688,47.79888081968688,13.0,18.0,1.0,0,0,39,1,13.0,2.0,25.0
939,1,right_lane,adaptive,True,0.001,40,0,22.893957345971565,35.5,1.5,33.49007025361061,47.12521200339484,44.62521200339484,2.5,18.0,1.0,0,0,40,0,31.0,8.0,1.0
940,1,right_lane,adaptive,True,0.001,40,0,21.893957345971554,0.0,0.0,3.621958719100803,62.77939766774113,43.02939766774113,19.75,18.0,1.0,0,0,40,0,0.0,1.0,39.0
941,1,right_lane,adaptive,True,0.001,40,0,27.481043404749947,21.0,0.5,20.701789408026798,61.46043073637122,51.96043073637122,9.5,18.0,1.0,0,0,37,3,17.0,8.0,15.0
942,1,right_lane,adaptive,True,0.001,40,0,22.393957345971565,34.0,1.5,33.88062344491482,46.82706569029835,43.82706569029834,3.0,18.0,1.0,0,0,40,0,29.0,10.0,1.0
943,1,right_lane,adaptive,True,0.001,40,0,21.268957345937928,0.0,0.5,3.891228523949394,61.77939651464796,42.02939651464794,19.75,18.0,1.0,0,0,38,2,0.0,1.0,39.0
944,1,right_lane,adaptive,True,0.001,40,0,22.393957345971565,5.5,1.5,7.490934594563441,60.82633669186506,43.82633669186506,17.0,18.0,1.0,0,0,39,1,3.0,6.0,31.0
945,1,right_lane,adaptive,True,0.001,40,0,22.39146091836897,15.5,0.5,17.195758938789368,55.574050514805066,43.824050514805066,11.75,18.0,1.0,0,0,40,0,15.0,3.0,22.0
946,1,right_lane,adaptive,True,0.001,40,0,22.768957345971565,39.5,0.5,37.1091502904892,44.678472337408756,44.428472337408756,0.25,18.0,1.0,0,0,40,0,39.0,1.0,0.0
947,1,right_lane,adaptive,True,0.001,27,1,22.991047919957868,2.5,2.5,4.565404456336182,42.728673648625005,30.228673648625005,12.5,18.0,1.0,0,0,26,1,0.0,4.0,23.0
948,1,right_lane,adaptive,True,0.001,40,0,22.768957345971565,4.0,0.5,7.3878108933568,62.42747761360414,44.42747761360414,18.0,18.0,1.0,0,0,40,0,2.0,4.0,34.0
949,1,right_lane,adaptive,True,0.001,40,0,25.01895734597099,22.0,0.5,23.362070433795452,56.77570768926241,48.02570768926242,8.75,18.0,1.0,0,0,40,0,16.0,13.0,11.0
950,1,right_lane,adaptive,True,0.001,40,0,23.268957345971565,10.5,8.0,13.532988213002682,59.478325690981436,45.22832569098144,14.25,18.0,1.0,0,0,40,0,10.0,3.0,27.0
951,1,right_lane,adaptive,True,0.001,40,0,20.768957345971565,0.0,0.5,3.935469374060631,60.979397667741154,41.22939766774115,19.75,18.0,1.0,0,0,40,0,0.0,1.0,39.0
952,1,right_lane,adaptive,True,0.001,40,0,27.999714542491667,16.0,0.0,15.797690612845088,65.0471785489806,52.7971785489806,12.25,18.0,1.0,0,0,34,6,13.0,5.0,22.0
953,1,right_lane,adaptive,True,0.001,40,0,22.89395734597105,5.0,1.0,7.3405612858055065,62.127033285278195,44.627033285278195,17.5,18.0,1.0,0,0,39,1,4.0,2.0,34.0
954,1,right_lane,adaptive,True,0.001,40,0,22.768957345971565,0.0,0.0,2.600201298245338,64.43033175355451,44.43033175355451,20.0,18.0,1.0,0,0,37,3,0.0,0.0,40.0
955,1,right_lane,adaptive,True,0.001,40,0,22.89395164518009,26.0,1.5,25.031981409993023,51.624586899823484,44.62458689982348,7.0,18.0,1.0,0,0,40,0,24.0,4.0,12.0
956,1,right_lane,adaptive,True,0.001,40,0,22.393957344482818,12.0,1.0,13.614185363054276,58.07793881881661,43.82793881881662,14.25,18.0,1.0,0,0,40,0,4.0,15.0,21.0
957,1,right_lane,adaptive,True,0.001,40,0,23.375000013019175,31.5,4.0,29.840664193034172,50.14581074132459,45.39581074132459,4.75,18.0,1.0,0,0,40,0,22.0,17.0,1.0
958,1,right_lane,adaptive,True,0.001,40,0,22.643957345971565,21.0,1.5,20.379552376167112,53.728399105756544,44.228399105756544,9.5,18.0,1.0,0,0,38,2,20.0,2.0,18.0
959,1,right_lane,adaptive,True,0.001,40,0,23.391466606367032,18.0,0.5,16.996997482700863,56.92542505781962,45.42542505781962,11.5,18.0,1.0,0,0,39,1,16.0,2.0,22.0
960,1,right_lane,adaptive,True,0.001,40,0,20.768957345971565,7.0,0.5,9.55689388513565,57.47619078383619,41.22619078383619,16.25,18.0,1.0,0,0,40,0,4.0,7.0,29.0
961,1,right_lane,adaptive,True,0.001,40,0,21.393957345971565,0.5,0.5,2.317218534155927,61.47839840434077,42.22839840434077,19.25,18.0,1.0,0,0,25,15,1.0,1.0,38.0
962,1,right_lane,adaptive,True,0.001,40,0,21.643957345971565,7.5,9.5,9.76721653220011,59.12992878369779,42.629928783697785,16.5,18.0,1.0,0,0,39,1,0.0,14.0,26.0
963,1,right_lane,adaptive,True,0.001,40,0,23.393957345971565,12.5,5.5,14.402775690015233,58.92556138846001,45.42556138846001,13.5,18.0,1.0,0,0,37,3,9.0,8.0,23.0
964,1,right_lane,adaptive,True,0.001,40,0,24.268957345971565,6.0,3.5,7.799509934886828,63.8288030633149,46.82880306331489,17.0,18.0,1.0,0,0,38,2,0.0,12.0,28.0
965,1,right_lane,adaptive,True,0.001,40,0,23.768957345971565,4.0,2.0,6.4717023131338465,63.77839840433533,46.02839840433533,17.75,18.0,1.0,0,0,37,3,1.0,7.0,32.0
966,1,right_lane,adaptive,True,0.001,40,0,22.018957345971565,9.5,2.5,11.12696455176956,58.47939832968054,43.22939832968054,15.25,18.0,1.0,0,0,39,1,0.0,19.0,21.0
967,1,right_lane,adaptive,True,0.001,40,0,21.643957345971565,4.5,3.5,7.10336923221621,60.37898717514385,42.62898717514385,17.75,18.0,1.0,0,0,39,1,0.0,9.0,31.0
968,1,right_lane,adaptive,True,0.001,40,0,22.768957345971565,5.5,0.0,7.7145439693033495,61.68032277011709,44.430322770117094,17.25,18.0,1.0,0,0,38,2,0.0,11.0,29.0
969,1,right_lane,adaptive,True,0.001,40,0,24.518957345971565,20.5,6.0,21.70504181832075,56.475111574278614,47.22511157427861,9.25,18.0,1.0,0,0,40,0,15.0,13.0,12.0
970,1,right_lane,adaptive,True,0.001,40,0,22.268957345971565,22.0,1.5,21.989368125796318,52.87757417535154,43.62757417535154,9.25,18.0,1.0,0,0,40,0,6.0,31.0,3.0
971,1,right_lane,adaptive,True,0.001,40,0,22.643951743818675,6.0,0.0,7.891533105623239,60.72890623431193,44.22890623431192,16.5,18.0,1.0,0,0,37,3,6.0,2.0,32.0
972,1,right_lane,adaptive,True,0.001,40,0,21.143957345971565,4.5,0.5,7.105851374566555,59.57939766774182,41.82939766774183,17.75,18.0,1.0,0,0,40,0,0.0,9.0,31.0
973,1,right_lane,adaptive,True,0.001,15,1,24.38388621663466,0.0,0.5,0.9649599279327958,24.879398306112396,17.629398306112396,7.25,18.0,1.0,0,0,13,2,0.0,1.0,14.0
974,1,right_lane,adaptive,True,0.001,40,0,23.268914053901057,21.5,4.5,22.04829366875265,54.4752781283883,45.22527812838831,9.25,18.0,1.0,0,0,39,1,16.0,11.0,13.0
975,1,right_lane,adaptive,True,0.001,40,0,21.893957345971565,18.5,5.0,18.74062417820096,54.278911220773374,43.028911220773374,11.25,18.0,1.0,0,0,40,0,12.0,11.0,17.0
976,1,right_lane,adaptive,True,0.001,40,0,23.143951644958232,22.0,1.0,21.9494068211352,54.02471426056879,45.02471426056879,9.0,18.0,1.0,0,0,39,1,20.0,4.0,16.0
977,1,right_lane,adaptive,True,0.001,40,0,23.268957345971565,23.0,1.5,22.814282734598464,53.72586531783236,45.225865317832366,8.5,18.0,1.0,0,0,39,1,11.0,24.0,5.0
978,1,right_lane,adaptive,True,0.001,40,0,24.51891395504112,1.5,1.0,3.9868324943454354,66.47721061141318,47.22721061141318,19.25,18.0,1.0,0,0,36,4,0.0,3.0,37.0
979,1,right_lane,adaptive,True,0.001,40,0,22.518957345971565,40.0,0.0,37.22899949550629,44.030331753554506,44.030331753554506,0.0,18.0,1.0,0,0,40,0,40.0,0.0,0.0
980,1,right_lane,adaptive,True,0.001,40,0,23.377496440395998,12.5,0.0,12.956888288505525,59.152111374320285,45.40211137432028,13.75,18.0,1.0,0,0,38,2,11.0,3.0,26.0
981,1,right_lane,adaptive,True,0.001,40,0,22.39395734597105,17.5,4.0,18.852854244076298,54.5803287937728,43.83032879377281,10.75,18.0,1.0,0,0,39,1,18.0,1.0,21.0
982,1,right_lane,adaptive,True,0.001,40,0,23.516789654732076,0.0,0.0,2.8738806947385456,65.3759300237029,45.62593002370292,19.75,18.0,1.0,0,0,38,2,0.0,1.0,39.0
983,1,right_lane,adaptive,True,0.001,40,0,22.393629347340514,5.5,0.5,7.568202996605578,61.076003369567815,43.82600336956782,17.25,18.0,1.0,0,0,38,2,4.0,3.0,33.0
984,1,right_lane,adaptive,True,0.001,40,0,20.983867844032495,0.5,3.0,4.025917006780219,61.073254464638644,41.573254464638644,19.5,18.0,1.0,0,0,39,1,0.0,2.0,38.0
985,1,right_lane,adaptive,True,0.001,40,0,24.518585306203995,13.0,1.0,14.46858804114936,60.97431801338466,47.22431801338466,13.75,18.0,1.0,0,0,38,2,10.0,5.0,25.0
986,1,right_lane,adaptive,True,0.001,40,0,21.643957345971565,28.5,4.5,28.86510329693556,48.129397667741145,42.629397667741145,5.5,18.0,1.0,0,0,40,0,28.0,2.0,10.0
987,1,right_lane,adaptive,True,0.001,40,0,23.643957345971565,31.5,0.5,30.203159660100937,50.07938866378754,45.82938866378754,4.25,18.0,1.0,0,0,40,0,23.0,17.0,0.0
988,1,right_lane,adaptive,True,0.001,40,0,21.143957345971565,0.0,4.0,4.108074608789593,61.57939832968609,41.82939832968609,19.75,18.0,1.0,0,0,39,1,0.0,1.0,39.0
989,1,right_lane,adaptive,True,0.001,40,0,23.393956596934782,28.5,0.5,26.71156377904117,51.42206236197347,45.422062361973474,6.0,18.0,1.0,0,0,40,0,23.0,10.0,7.0
990,1,right_lane,adaptive,True,0.001,40,0,22.643957345971565,26.5,0.5,25.607805341482162,51.228055067127094,44.228055067127094,7.0,18.0,1.0,0,0,40,0,12.0,28.0,0.0
991,1,right_lane,adaptive,True,0.001,40,0,22.018957345971565,14.5,1.0,16.508911818265915,55.72963821594777,43.22963821594777,12.5,18.0,1.0,0,0,40,0,13.0,4.0,23.0
992,1,right_lane,adaptive,True,0.001,40,0,22.893957345971565,18.5,0.0,19.064659734838642,55.377274560274174,44.62727456027417,10.75,18.0,1.0,0,0,39,1,1.0,35.0,4.0
993,1,right_lane,adaptive,True,0.001,40,0,22.2524964406217,14.5,3.0,15.517353979374093,56.100672179701625,43.600672179701625,12.5,18.0,1.0,0,0,39,1,11.0,8.0,21.0
994,1,right_lane,adaptive,True,0.001,40,0,21.497552552495204,3.0,2.5,6.127466835081577,60.89514737342176,42.39514737342175,18.5,18.0,1.0,0,0,40,0,0.0,6.0,34.0
995,1,right_lane,adaptive,True,0.001,40,0,23.39395734597105,30.0,1.0,28.61379597336054,50.42743480459652,45.427434804596516,5.0,18.0,1.0,0,0,40,0,25.0,10.0,5.0
996,1,right_lane,adaptive,True,0.001,40,0,23.768957345971565,5.0,2.5,7.444615482885638,63.27678446318607,46.026784463186075,17.25,18.0,1.0,0,0,37,3,2.0,7.0,31.0
997,1,right_lane,adaptive,True,0.001,40,0,21.518957345971565,5.5,0.5,8.968522876501083,59.42744376630867,42.42744376630867,17.0,18.0,1.0,0,0,40,0,5.0,2.0,33.0
998,1,right_lane,adaptive,True,0.001,40,0,22.50249644062177,11.0,9.5,13.424412436783314,58.25203968361065,44.002039683610654,14.25,18.0,1.0,0,0,40,0,9.0,5.0,26.0
999,1,right_lane,adaptive,True,0.001,40,0,23.518957246911675,18.5,0.0,18.677657820284367,56.87749609105542,45.62749609105542,11.25,18.0,1.0,0,0,40,0,8.0,19.0,13.0
