episode_id,policy_freq,profile,method,filter,value,episode_length,collision,mean_speed,total_cost,total_avoided_cost,total_expected_cost,total_reward,total_basic_reward,total_added_reward,mean_iterations_to_converge,convergence_rate,outcome_unchanged_count,outcome_naively_augmented_count,outcome_rcps_augmented_count,outcome_projection_count,lane_0_time,lane_1_time,lane_2_time
0,1,right_lane,adaptive,True,0.0001,40,0,24.143956595220835,28.5,0.0,28.291650898754597,51.878418998102696,46.628418998102696,5.25,18.0,1.0,0,0,40,0,29.0,1.0,10.0
1,1,right_lane,adaptive,True,0.0001,40,0,22.39391909147172,0.0,0.5,3.272515425167512,63.5793364593207,43.8293364593207,19.75,18.0,1.0,0,0,39,1,0.0,1.0,39.0
2,1,right_lane,adaptive,True,0.0001,40,0,21.51862859830373,28.0,0.5,26.02023757621646,48.92846930779404,42.42846930779403,6.5,18.0,1.0,0,0,40,0,25.0,4.0,11.0
3,1,right_lane,adaptive,True,0.0001,40,0,21.643957345971565,9.5,0.0,10.837912721774956,58.130331753152795,42.630331753152795,15.5,18.0,1.0,0,0,39,1,0.0,18.0,22.0
4,1,right_lane,adaptive,True,0.0001,40,0,22.643957345971565,5.0,2.0,8.28304788537389,61.47796543136529,44.22796543136528,17.25,18.0,1.0,0,0,38,2,2.0,7.0,31.0
5,1,right_lane,adaptive,True,0.0001,40,0,21.393957345971565,40.0,0.0,37.15131676197052,42.23033175355451,42.23033175355451,0.0,18.0,1.0,0,0,40,0,40.0,0.0,0.0
6,1,right_lane,adaptive,True,0.0001,40,0,24.64395734597105,34.5,0.0,32.29526100214571,50.1765930291903,47.4265930291903,2.75,18.0,1.0,0,0,40,0,33.0,3.0,4.0
7,1,right_lane,adaptive,True,0.0001,40,0,23.768957345971565,27.0,0.0,26.488907155844572,52.27642530299664,46.026425302996635,6.25,18.0,1.0,0,0,39,1,22.0,11.0,7.0
8,1,right_lane,adaptive,True,0.0001,40,0,23.018957345971565,28.0,0.0,25.37705072388053,51.32447522301589,44.824475223015895,6.5,18.0,1.0,0,0,40,0,20.0,14.0,6.0
9,1,right_lane,adaptive,True,0.0001,40,0,22.26895733124236,3.0,0.0,6.161811182042584,62.128991116710566,43.628991116710566,18.5,18.0,1.0,0,0,40,0,0.0,6.0,34.0
10,1,right_lane,adaptive,True,0.0001,40,0,26.018957345741875,25.0,0.5,23.077616385535634,57.62188842696067,49.62188842696067,8.0,18.0,1.0,0,0,38,2,19.0,10.0,11.0
11,1,right_lane,adaptive,True,0.0001,40,0,24.51895659522084,28.0,0.0,26.298769196573403,53.72891623221356,47.22891623221356,6.5,18.0,1.0,0,0,38,2,26.0,2.0,12.0
12,1,right_lane,adaptive,True,0.0001,40,0,21.768957345971565,27.5,0.5,26.063642024993896,49.077349527955775,42.82734952795578,6.25,18.0,1.0,0,0,40,0,15.0,25.0,0.0
13,1,right_lane,adaptive,True,0.0001,40,0,21.518957345971565,15.0,0.0,16.497984379529953,54.928329819637284,42.428329819637284,12.5,18.0,1.0,0,0,40,0,10.0,10.0,20.0
14,1,right_lane,adaptive,True,0.0001,40,0,22.018957345971565,10.5,0.0,11.828466974198818,57.727464318527424,43.22746431852742,14.5,18.0,1.0,0,0,40,0,10.0,2.0,28.0
15,1,right_lane,adaptive,True,0.0001,13,1,27.634110598197594,9.0,0.0,8.731796309351921,18.96709841315159,16.96709841315159,2.0,18.0,1.0,0,0,13,0,8.0,2.0,3.0
16,1,right_lane,adaptive,True,0.0001,40,0,23.143957345971565,21.5,0.5,20.435261987695412,54.277464319200924,45.02746431920093,9.25,18.0,1.0,0,0,40,0,18.0,7.0,15.0
17,1,right_lane,adaptive,True,0.0001,40,0,22.518957345971565,27.5,0.0,24.692713731722506,50.77839840433756,44.02839840433756,6.75,18.0,1.0,0,0,38,2,26.0,1.0,13.0
18,1,right_lane,adaptive,True,0.0001,40,0,22.893957345971565,18.5,1.5,18.921058136969805,55.37504870714665,44.62504870714664,10.75,18.0,1.0,0,0,40,0,16.0,5.0,19.0
19,1,right_lane,adaptive,True,0.0001,40,0,22.375005701017248,40.0,0.0,36.43088001012802,44.04907569775921,43.79907569775921,0.25,18.0,1.0,0,0,40,0,39.0,1.0,0.0
20,1,right_lane,adaptive,True,0.0001,40,0,21.393957345971565,38.5,0.5,35.13981765508652,43.229560170078884,42.229560170078884,1.0,18.0,1.0,0,0,40,0,36.0,4.0,0.0
21,1,right_lane,adaptive,True,0.0001,3,1,26.44718792866941,0.5,0.0,0.6619744300842285,5.022729127577893,3.7727291275778936,1.25,18.0,1.0,0,0,3,0,0.0,1.0,2.0
22,1,right_lane,adaptive,True,0.0001,40,0,21.393957345971565,37.0,1.0,34.056689620018005,43.97963719102206,42.22963719102206,1.75,18.0,1.0,0,0,40,0,33.0,7.0,0.0
23,1,right_lane,adaptive,True,0.0001,24,1,23.15659557661927,2.5,0.0,3.2268132029494154,37.27869019306331,27.02869019306332,10.25,18.0,1.0,0,0,23,1,1.0,5.0,18.0
24,1,right_lane,adaptive,True,0.0001,40,0,21.768957345971565,37.5,0.5,34.368747383356094,44.328704849618894,42.828704849618894,1.5,18.0,1.0,0,0,40,0,35.0,4.0,1.0
25,1,right_lane,adaptive,True,0.0001,40,0,22.268957345971565,12.0,0.0,13.322448605853424,57.62477779153953,43.62477779153953,14.0,18.0,1.0,0,0,40,0,9.0,6.0,25.0
26,1,right_lane,adaptive,True,0.0001,40,0,23.018957345941395,37.5,0.5,34.835828959941864,46.3257020742828,44.8257020742828,1.5,18.0,1.0,0,0,40,0,34.0,6.0,0.0
27,1,right_lane,adaptive,True,0.0001,40,0,22.768957345971565,15.0,0.0,16.874410562217236,56.67867019068755,44.428670190687555,12.25,18.0,1.0,0,0,40,0,9.0,13.0,18.0
28,1,right_lane,adaptive,True,0.0001,40,0,23.018957345971565,19.0,1.0,19.020640018818085,55.32316451693645,44.823164516936465,10.5,18.0,1.0,0,0,39,1,9.0,20.0,11.0
29,1,right_lane,adaptive,True,0.0001,40,0,23.893957345971565,23.0,0.0,21.122132978189256,55.22700218378032,46.22700218378032,9.0,18.0,1.0,0,0,38,2,21.0,2.0,17.0
30,1,right_lane,adaptive,True,0.0001,40,0,20.76895734597105,0.0,0.5,4.109722673892975,61.230331753553685,41.230331753553685,20.0,18.0,1.0,0,0,40,0,0.0,0.0,40.0
31,1,right_lane,adaptive,True,0.0001,40,0,24.266503545532895,2.5,0.0,4.678817243384856,65.57506135117853,46.82506135117854,18.75,18.0,1.0,0,0,39,1,0.0,5.0,35.0
32,1,right_lane,adaptive,True,0.0001,40,0,23.268957345971554,9.5,0.0,10.833923988142487,59.97485508225962,45.22485508225961,14.75,18.0,1.0,0,0,38,2,8.0,5.0,27.0
33,1,right_lane,adaptive,True,0.0001,40,0,21.018957345971565,0.0,0.5,3.108307134360075,61.379397667741145,41.629397667741145,19.75,18.0,1.0,0,0,40,0,0.0,1.0,39.0
34,1,right_lane,adaptive,True,0.0001,40,0,21.39395724882166,1.0,0.5,4.384221794241967,61.4789910739903,42.2289910739903,19.25,18.0,1.0,0,0,39,1,0.0,3.0,37.0
35,1,right_lane,adaptive,True,0.0001,40,0,22.51895659544609,7.5,1.0,10.455709224566817,59.77702269222739,44.02702269222739,15.75,18.0,1.0,0,0,40,0,6.0,5.0,29.0
36,1,right_lane,adaptive,True,0.0001,40,0,25.143914053842693,25.5,0.5,23.967188920095055,55.973385697264405,48.223385697264405,7.75,18.0,1.0,0,0,38,2,22.0,5.0,13.0
37,1,right_lane,adaptive,True,0.0001,40,0,21.37749644062177,19.0,1.5,19.643337726593018,52.70321286832773,42.20321286832773,10.5,18.0,1.0,0,0,40,0,14.0,10.0,16.0
38,1,right_lane,adaptive,True,0.0001,40,0,23.89395660823892,13.5,0.5,13.522228971450204,59.72148520601384,46.22148520601384,13.5,18.0,1.0,0,0,38,2,6.0,14.0,20.0
39,1,right_lane,adaptive,True,0.0001,40,0,23.518957345971565,18.5,0.0,19.696475438773632,55.87750067422396,45.62750067422397,10.25,18.0,1.0,0,0,40,0,13.0,13.0,14.0
40,1,right_lane,adaptive,True,0.0001,40,0,24.768957345971554,14.0,3.5,15.061895346851088,60.62355325475044,47.62355325475044,13.0,18.0,1.0,0,0,40,0,10.0,8.0,22.0
41,1,right_lane,adaptive,True,0.0001,40,0,21.268957345971565,9.5,0.0,11.157405786216259,57.5303317535545,42.0303317535545,15.5,18.0,1.0,0,0,40,0,0.0,18.0,22.0
42,1,right_lane,adaptive,True,0.0001,40,0,21.89395734596759,38.5,0.0,35.11803859472275,44.02531232625463,43.02531232625463,1.0,18.0,1.0,0,0,40,0,36.0,4.0,0.0
43,1,right_lane,adaptive,True,0.0001,40,0,21.018956608239495,0.0,0.0,3.2594313248991966,61.6303305731832,41.630330573183194,20.0,18.0,1.0,0,0,40,0,0.0,0.0,40.0
44,1,right_lane,adaptive,True,0.0001,40,0,22.643957344257622,28.0,1.5,26.418100580573082,50.47979000027267,44.22979000027267,6.25,18.0,1.0,0,0,40,0,24.0,7.0,9.0
45,1,right_lane,adaptive,True,0.0001,40,0,24.768957345971565,24.5,0.5,22.775837144835805,55.627740850298096,47.62774085029809,8.0,18.0,1.0,0,0,38,2,20.0,8.0,12.0
46,1,right_lane,adaptive,True,0.0001,40,0,24.516460808425666,4.0,1.0,6.660276894981507,64.97201149731565,47.22201149731565,17.75,18.0,1.0,0,0,39,1,3.0,3.0,34.0
47,1,right_lane,adaptive,True,0.0001,40,0,21.393957260126378,0.0,0.0,3.4589388454642176,62.23033161620221,42.23033161620221,20.0,18.0,1.0,0,0,39,1,0.0,0.0,40.0
48,1,right_lane,adaptive,True,0.0001,40,0,21.62749644062177,5.0,1.0,7.963492058947622,59.85213470570037,42.602134705700365,17.25,18.0,1.0,0,0,39,1,0.0,11.0,29.0
49,1,right_lane,adaptive,True,0.0001,40,0,23.018957345971565,21.5,0.5,21.349512676359154,54.3283933856953,44.8283933856953,9.5,18.0,1.0,0,0,39,1,7.0,28.0,5.0
50,1,right_lane,adaptive,True,0.0001,40,0,22.122503658272326,11.5,0.0,12.65731757452886,57.39336032327062,43.39336032327062,14.0,18.0,1.0,0,0,38,2,4.0,16.0,20.0
51,1,right_lane,adaptive,True,0.0001,40,0,24.356086683859793,23.5,3.5,23.333104744553566,55.71746734143932,46.96746734143932,8.75,18.0,1.0,0,0,40,0,6.0,33.0,1.0
52,1,right_lane,adaptive,True,0.0001,40,0,21.643957334666847,34.0,0.5,31.79721351532953,45.62644654607272,42.62644654607272,3.0,18.0,1.0,0,0,39,1,33.0,2.0,5.0
53,1,right_lane,adaptive,True,0.0001,40,0,25.018957345967642,22.5,0.0,21.0332752693663,57.02413961666136,48.02413961666136,9.0,18.0,1.0,0,0,38,2,19.0,6.0,15.0
54,1,right_lane,adaptive,True,0.0001,40,0,20.768957345971565,39.5,0.0,37.199454724788666,41.97839840434077,41.22839840434077,0.75,18.0,1.0,0,0,40,0,38.0,1.0,1.0
55,1,right_lane,adaptive,True,0.0001,40,0,22.393957345971565,8.0,0.0,10.154969656607136,59.32866900641274,43.82866900641273,15.5,18.0,1.0,0,0,40,0,8.0,2.0,30.0
56,1,right_lane,adaptive,True,0.0001,40,0,23.893957345971565,22.5,1.0,21.629269296066468,55.22580981938692,46.22580981938691,9.0,18.0,1.0,0,0,38,2,15.0,14.0,11.0
57,1,right_lane,adaptive,True,0.0001,40,0,25.141789654732086,5.5,0.5,6.843160666448966,65.47349249854572,48.223492498545696,17.25,18.0,1.0,0,0,38,2,3.0,5.0,32.0
58,1,right_lane,adaptive,True,0.0001,40,0,23.143957345971565,8.0,0.5,9.764303789665064,61.02673748942172,45.02673748942173,16.0,18.0,1.0,0,0,39,1,6.0,4.0,30.0
59,1,right_lane,adaptive,True,0.0001,40,0,24.018914053871335,37.0,0.5,35.29513069987297,47.92791304835219,46.42791304835219,1.5,18.0,1.0,0,0,40,0,34.0,6.0,0.0
60,1,right_lane,adaptive,True,0.0001,40,0,21.502496440621705,27.5,1.0,26.033957524639845,48.903059018253195,42.40305901825319,6.5,18.0,1.0,0,0,39,1,26.0,2.0,12.0
61,1,right_lane,adaptive,True,0.0001,40,0,22.768957345971565,33.0,0.0,30.68364675431576,48.17820063395592,44.42820063395592,3.75,18.0,1.0,0,0,39,1,31.0,3.0,6.0
62,1,right_lane,adaptive,True,0.0001,40,0,20.768957345971565,39.5,0.0,35.31709939241409,41.97839840434077,41.22839840434077,0.75,18.0,1.0,0,0,40,0,38.0,1.0,1.0
63,1,right_lane,adaptive,True,0.0001,40,0,24.143957248821653,4.5,0.5,6.204015099297294,64.12748135870942,46.627481358709424,17.5,18.0,1.0,0,0,37,3,1.0,8.0,31.0
64,1,right_lane,adaptive,True,0.0001,40,0,25.893957344031342,23.5,0.0,23.027311447107422,57.92680973021861,49.42680973021861,8.5,18.0,1.0,0,0,39,1,16.0,14.0,10.0
65,1,right_lane,adaptive,True,0.0001,40,0,21.768957345971565,40.0,0.0,36.75478208065033,42.8303317535545,42.8303317535545,0.0,18.0,1.0,0,0,40,0,40.0,0.0,0.0
66,1,right_lane,adaptive,True,0.0001,40,0,23.643585306429777,24.5,2.0,24.589402347803116,53.32768988532125,45.82768988532125,7.5,18.0,1.0,0,0,40,0,22.0,6.0,12.0
67,1,right_lane,adaptive,True,0.0001,40,0,25.49750431035133,5.5,0.0,6.926212660451597,66.2934335342831,48.79343353428309,17.5,18.0,1.0,0,0,37,3,2.0,6.0,32.0
68,1,right_lane,adaptive,True,0.0001,40,0,26.983501404703894,31.5,0.5,30.268995480042122,55.420304944771054,51.170304944771054,4.25,18.0,1.0,0,0,39,1,29.0,5.0,6.0
69,1,right_lane,adaptive,True,0.0001,40,0,23.268957345745733,19.5,0.5,19.280450883318963,55.47389909993909,45.22389909993909,10.25,18.0,1.0,0,0,39,1,15.0,9.0,16.0
70,1,right_lane,adaptive,True,0.0001,40,0,22.49754686449712,12.0,0.0,14.052113010140602,57.99344871763013,43.99344871763012,14.0,18.0,1.0,0,0,40,0,3.0,18.0,19.0
71,1,right_lane,adaptive,True,0.0001,40,0,22.768957345971565,30.0,0.0,29.240381013914885,49.42646571050748,44.42646571050748,5.0,18.0,1.0,0,0,40,0,29.0,2.0,9.0
72,1,right_lane,adaptive,True,0.0001,40,0,24.268957345971565,28.0,0.0,27.64490535771256,52.325045500225606,46.825045500225606,5.5,18.0,1.0,0,0,39,1,27.0,4.0,9.0
73,1,right_lane,adaptive,True,0.0001,40,0,21.893957345971565,10.5,0.0,12.410876050591469,57.52746431852614,43.02746431852614,14.5,18.0,1.0,0,0,40,0,10.0,2.0,28.0
74,1,right_lane,adaptive,True,0.0001,40,0,23.518957345971565,3.0,1.0,5.685788212601437,63.62729448334846,45.62729448334845,18.0,18.0,1.0,0,0,38,2,1.0,6.0,33.0
75,1,right_lane,adaptive,True,0.0001,40,0,22.393957345971565,10.5,0.0,12.853070683428086,58.077379991145364,43.827379991145364,14.25,18.0,1.0,0,0,40,0,9.0,5.0,26.0
76,1,right_lane,adaptive,True,0.0001,40,0,23.266138607735993,15.0,0.0,15.539873227429098,57.97486726367279,45.2248672636728,12.75,18.0,1.0,0,0,39,1,6.0,17.0,17.0
77,1,right_lane,adaptive,True,0.0001,40,0,20.518957345971565,21.0,1.0,19.59492973666056,50.57986983293866,40.829869832938655,9.75,18.0,1.0,0,0,40,0,17.0,7.0,16.0
78,1,right_lane,adaptive,True,0.0001,40,0,25.393957345971565,30.5,0.5,29.99719986319542,53.127088431451405,48.627088431451405,4.5,18.0,1.0,0,0,40,0,22.0,18.0,0.0
79,1,right_lane,adaptive,True,0.0001,40,0,23.85609164714541,11.0,0.5,13.58156004767443,60.16833033369847,46.168330333698464,14.0,18.0,1.0,0,0,39,1,11.0,2.0,27.0
80,1,right_lane,adaptive,True,0.0001,40,0,22.143956496389606,38.0,0.0,34.377248987555504,44.9263457520542,43.4263457520542,1.5,18.0,1.0,0,0,40,0,35.0,4.0,1.0
81,1,right_lane,adaptive,True,0.0001,40,0,22.500000750751177,12.0,0.0,14.524278618395329,57.49848120718972,43.99848120718972,13.5,18.0,1.0,0,0,40,0,9.0,8.0,23.0
82,1,right_lane,adaptive,True,0.0001,40,0,24.39395733295283,17.0,0.0,17.760328558520996,58.52839610693186,47.02839610693186,11.5,18.0,1.0,0,0,40,0,16.0,2.0,22.0
83,1,right_lane,adaptive,True,0.0001,40,0,22.625328749382223,34.0,0.5,31.36684215068817,47.44867002847738,44.19867002847738,3.25,18.0,1.0,0,0,40,0,27.0,13.0,0.0
84,1,right_lane,adaptive,True,0.0001,40,0,24.018957345971565,0.5,0.0,3.728628341366857,65.6783991088609,46.428399108860894,19.25,18.0,1.0,0,0,39,1,1.0,1.0,38.0
85,1,right_lane,adaptive,True,0.0001,40,0,26.231042654028943,20.0,0.0,19.57510931844331,60.21512404760608,49.96512404760608,10.25,18.0,1.0,0,0,38,2,16.0,7.0,17.0
86,1,right_lane,adaptive,True,0.0001,40,0,24.143627847553006,8.0,0.5,9.672163098298824,62.62722393719898,46.62722393719898,16.0,18.0,1.0,0,0,39,1,5.0,6.0,29.0
87,1,right_lane,adaptive,True,0.0001,40,0,21.875043292099726,26.0,1.0,25.301204919815063,49.745096025010525,42.995096025010525,6.75,18.0,1.0,0,0,40,0,21.0,11.0,8.0
88,1,right_lane,adaptive,True,0.0001,14,1,21.839878130702264,0.5,0.0,1.3421457782387733,22.03033175319327,15.030331753193268,7.0,18.0,1.0,0,0,14,0,0.0,0.0,14.0
89,1,right_lane,adaptive,True,0.0001,40,0,23.518957345971565,25.5,0.0,24.821871802210808,52.87528647107102,45.62528647107101,7.25,18.0,1.0,0,0,40,0,14.0,23.0,3.0
90,1,right_lane,adaptive,True,0.0001,40,0,24.643957345971565,0.0,0.0,2.6631371931534886,67.43033175355451,47.43033175355451,20.0,18.0,1.0,0,0,37,3,0.0,0.0,40.0
91,1,right_lane,adaptive,True,0.0001,40,0,23.768957345771092,9.5,0.0,11.497519544576335,61.027347118157174,46.02734711815719,15.0,18.0,1.0,0,0,37,3,4.0,12.0,24.0
92,1,right_lane,adaptive,True,0.0001,40,0,21.268957345971565,11.0,0.5,12.946467824280262,56.527020714089026,42.02702071408903,14.5,18.0,1.0,0,0,40,0,7.0,8.0,25.0
93,1,right_lane,adaptive,True,0.0001,40,0,24.518957345971565,14.5,0.0,15.187208636251853,60.225797568316224,47.225797568316224,13.0,18.0,1.0,0,0,39,1,6.0,16.0,18.0
94,1,right_lane,adaptive,True,0.0001,40,0,25.518957345716064,14.5,0.0,15.266967734860373,61.57372169198904,48.82372169198904,12.75,18.0,1.0,0,0,40,0,10.0,9.0,21.0
95,1,right_lane,adaptive,True,0.0001,40,0,23.393957345971565,34.5,0.0,32.80427145212889,47.92939766774114,45.42939766774114,2.5,18.0,1.0,0,0,40,0,34.0,2.0,4.0
96,1,right_lane,adaptive,True,0.0001,40,0,24.89395734597105,6.0,0.5,7.986445595260761,64.5755305002643,47.82553050026431,16.75,18.0,1.0,0,0,37,3,3.0,7.0,30.0
97,1,right_lane,adaptive,True,0.0001,40,0,23.893956693888583,3.0,1.0,5.482763233306287,64.72751135144154,46.22751135144154,18.5,18.0,1.0,0,0,38,2,0.0,6.0,34.0
98,1,right_lane,adaptive,True,0.0001,40,0,21.643957345967717,15.0,1.0,15.77111894119298,54.87841148521419,42.62841148521419,12.25,18.0,1.0,0,0,39,1,11.0,9.0,20.0
99,1,right_lane,adaptive,True,0.0001,40,0,25.268957234088543,16.0,0.0,16.761822545025552,60.425336942008265,48.42533694200826,12.0,18.0,1.0,0,0,38,2,8.0,16.0,16.0
100,1,right_lane,adaptive,True,0.0001,40,0,21.268957345971565,1.5,2.5,5.038365622982383,61.02839840434149,42.028398404341495,19.0,18.0,1.0,0,0,40,0,1.0,2.0,37.0
101,1,right_lane,adaptive,True,0.0001,40,0,22.143957345971565,30.5,0.0,27.587027625861083,48.67839878479677,43.428398784796784,5.25,18.0,1.0,0,0,39,1,29.0,1.0,10.0
102,1,right_lane,adaptive,True,0.0001,40,0,23.393957345971565,15.5,0.0,17.407591953873634,57.17889399314261,45.42889399314261,11.75,18.0,1.0,0,0,40,0,16.0,1.0,23.0
103,1,right_lane,adaptive,True,0.0001,40,0,22.393957345971565,22.0,0.0,21.209824804216623,53.07652682154188,43.826526821541876,9.25,18.0,1.0,0,0,40,0,15.0,13.0,12.0
104,1,right_lane,adaptive,True,0.0001,40,0,22.268957345971565,17.0,0.5,16.45411174075889,55.376349752748084,43.62634975274809,11.75,18.0,1.0,0,0,33,7,3.0,27.0,10.0
105,1,right_lane,adaptive,True,0.0001,40,0,24.518957345971565,21.5,0.0,22.000819880668132,55.97693937969527,47.22693937969527,8.75,18.0,1.0,0,0,40,0,21.0,3.0,16.0
106,1,right_lane,adaptive,True,0.0001,40,0,23.75032874938229,16.0,0.0,17.807746719568968,57.49824329124548,45.99824329124548,11.5,18.0,1.0,0,0,40,0,16.0,2.0,22.0
107,1,right_lane,adaptive,True,0.0001,40,0,21.393957345971565,17.5,0.0,17.681253969669342,53.22705585253841,42.22705585253841,11.0,18.0,1.0,0,0,40,0,2.0,32.0,6.0
108,1,right_lane,adaptive,True,0.0001,40,0,24.018957345971565,9.5,0.0,12.023824238555335,61.42567045559219,46.42567045559218,15.0,18.0,1.0,0,0,39,1,6.0,8.0,26.0
109,1,right_lane,adaptive,True,0.0001,40,0,22.893957345971565,2.0,0.0,4.817658729294635,63.62963992101912,44.62963992101912,19.0,18.0,1.0,0,0,38,2,0.0,4.0,36.0
110,1,right_lane,adaptive,True,0.0001,40,0,22.018957344482867,4.5,1.0,6.78656366914538,60.97962521565744,43.22962521565744,17.75,18.0,1.0,0,0,39,1,0.0,9.0,31.0
111,1,right_lane,adaptive,True,0.0001,40,0,23.625043292099726,17.0,0.0,19.265436626970768,57.29678342079632,45.796783420796324,11.5,18.0,1.0,0,0,40,0,7.0,20.0,13.0
112,1,right_lane,adaptive,True,0.0001,40,0,23.518957345971565,31.5,0.0,29.22838354117266,49.87812517115399,45.62812517115398,4.25,18.0,1.0,0,0,40,0,30.0,3.0,7.0
113,1,right_lane,adaptive,True,0.0001,40,0,21.393957345971565,2.5,0.5,6.2331647435203195,60.478461998798025,42.22846199879803,18.25,18.0,1.0,0,0,40,0,1.0,5.0,34.0
114,1,right_lane,adaptive,True,0.0001,40,0,21.643957345971565,2.0,0.5,4.899293498188854,61.62898469087874,42.62898469087875,19.0,18.0,1.0,0,0,39,1,0.0,4.0,36.0
115,1,right_lane,adaptive,True,0.0001,40,0,23.018957345971565,14.5,1.0,15.169239588464507,57.32622008441263,44.826220084412626,12.5,18.0,1.0,0,0,39,1,1.0,28.0,11.0
116,1,right_lane,adaptive,True,0.0001,40,0,22.643957345971565,37.5,0.0,34.652544260025024,45.72749301542437,44.22749301542436,1.5,18.0,1.0,0,0,40,0,34.0,6.0,0.0
117,1,right_lane,adaptive,True,0.0001,40,0,21.143957345971554,4.5,0.0,6.097820460076036,59.577522471335456,41.827522471335456,17.75,18.0,1.0,0,0,35,5,1.0,7.0,32.0
118,1,right_lane,adaptive,True,0.0001,40,0,26.143957345967646,14.0,0.0,15.653543680748953,62.32701321704032,49.82701321704031,12.5,18.0,1.0,0,0,39,1,11.0,8.0,21.0
119,1,right_lane,adaptive,True,0.0001,40,0,24.26895164517964,10.5,0.0,10.464428418983516,62.07675287343174,46.82675287343173,15.25,18.0,1.0,0,0,39,1,7.0,5.0,28.0
120,1,right_lane,adaptive,True,0.0001,40,0,21.39395734594184,0.0,0.0,3.801214980777331,61.97939766769359,42.22939766769358,19.75,18.0,1.0,0,0,39,1,0.0,1.0,39.0
121,1,right_lane,adaptive,True,0.0001,40,0,21.643957345971565,18.5,0.5,18.638787731528282,53.37751346212743,42.627513462127425,10.75,18.0,1.0,0,0,40,0,5.0,27.0,8.0
122,1,right_lane,adaptive,True,0.0001,40,0,23.893951743818675,10.0,0.0,11.131052151627955,60.97817686511603,46.22817686511603,14.75,18.0,1.0,0,0,40,0,5.0,11.0,24.0
123,1,right_lane,adaptive,True,0.0001,40,0,22.393957345971565,14.0,0.0,12.622393817644024,56.82805775795232,43.82805775795232,13.0,18.0,1.0,0,0,39,1,0.0,28.0,12.0
124,1,right_lane,adaptive,True,0.0001,40,0,22.143957345971565,39.5,0.0,36.2393998503685,44.178398405073295,43.428398405073295,0.75,18.0,1.0,0,0,40,0,38.0,1.0,1.0
125,1,right_lane,adaptive,True,0.0001,40,0,21.502496440366848,12.5,0.5,13.34345730394125,56.65399430458614,42.40399430458613,14.25,18.0,1.0,0,0,40,0,0.0,23.0,17.0
126,1,right_lane,adaptive,True,0.0001,40,0,21.893957345971565,34.5,0.0,31.51443560163898,46.02796032626492,43.02796032626492,3.0,18.0,1.0,0,0,39,1,33.0,2.0,5.0
127,1,right_lane,adaptive,True,0.0001,40,0,25.25000000002973,23.5,0.0,23.49620956255933,56.64643974702727,48.396439747027266,8.25,18.0,1.0,0,0,39,1,22.0,3.0,15.0
128,1,right_lane,adaptive,True,0.0001,40,0,22.393957345971565,33.0,0.5,30.657758697867393,47.82768995616952,43.82768995616952,4.0,18.0,1.0,0,0,40,0,25.0,14.0,1.0
129,1,right_lane,adaptive,True,0.0001,40,0,22.268957345971565,16.5,0.0,16.15695424916339,55.88033175355449,43.630331753554486,12.25,18.0,1.0,0,0,40,0,15.0,1.0,24.0
130,1,right_lane,adaptive,True,0.0001,40,0,21.268957345971565,0.5,0.0,4.088585095423014,61.5293983296861,42.02939832968611,19.5,18.0,1.0,0,0,39,1,0.0,2.0,38.0
131,1,right_lane,adaptive,True,0.0001,40,0,22.64362860960845,27.0,0.5,24.584280664237667,51.22788381568738,44.22788381568739,7.0,18.0,1.0,0,0,39,1,22.0,8.0,10.0
132,1,right_lane,adaptive,True,0.0001,40,0,24.143957345971565,24.5,0.0,23.507413131989097,54.626397355776476,46.62639735577646,8.0,18.0,1.0,0,0,39,1,17.0,14.0,9.0
133,1,right_lane,adaptive,True,0.0001,40,0,21.893957345971565,1.5,0.0,4.192111150377968,62.27844876552232,43.028448765522334,19.25,18.0,1.0,0,0,39,1,0.0,3.0,37.0
134,1,right_lane,adaptive,True,0.0001,40,0,20.768957345971565,8.5,0.0,11.342484146356583,56.480330397233224,41.230330397233224,15.25,18.0,1.0,0,0,40,0,9.0,1.0,30.0
135,1,right_lane,adaptive,True,0.0001,40,0,21.643957345971565,22.5,0.5,21.801237102597952,51.87839877769845,42.62839877769845,9.25,18.0,1.0,0,0,40,0,21.0,1.0,18.0
136,1,right_lane,adaptive,True,0.0001,40,0,22.518957345971565,11.0,1.0,13.441521748900414,58.27893039648507,44.02893039648507,14.25,18.0,1.0,0,0,40,0,2.0,19.0,19.0
137,1,right_lane,adaptive,True,0.0001,40,0,22.893957345716068,21.5,0.0,21.117403286561512,53.87468240849157,44.62468240849159,9.25,18.0,1.0,0,0,38,2,19.0,5.0,16.0
138,1,right_lane,adaptive,True,0.0001,19,1,23.724120728351856,19.0,0.0,18.76635843515396,21.83033175354742,21.83033175354742,0.0,18.0,1.0,0,0,19,0,19.0,0.0,0.0
139,1,right_lane,adaptive,True,0.0001,40,0,21.375291158299813,39.5,0.0,35.07025572657585,42.94853250406597,42.19853250406597,0.75,18.0,1.0,0,0,40,0,38.0,1.0,1.0
140,1,right_lane,adaptive,True,0.0001,40,0,22.393957345971565,0.5,0.0,1.204713332661413,63.57893648969725,43.82893648969726,19.75,18.0,1.0,0,0,38,2,0.0,1.0,39.0
141,1,right_lane,adaptive,True,0.0001,40,0,27.64395733123793,26.5,0.0,27.153880387544632,58.97560765421926,52.22560765421926,6.75,18.0,1.0,0,0,40,0,23.0,7.0,10.0
142,1,right_lane,adaptive,True,0.0001,40,0,26.643957345967134,13.0,0.0,13.633162518009158,64.12446211309502,50.624462113095035,13.5,18.0,1.0,0,0,38,2,4.0,18.0,18.0
143,1,right_lane,adaptive,True,0.0001,40,0,21.893957345971565,22.5,1.5,22.821765728801438,51.77870233500494,43.02870233500493,8.75,18.0,1.0,0,0,39,1,10.0,25.0,5.0
144,1,right_lane,adaptive,True,0.0001,40,0,24.141461004214158,28.5,3.0,28.168155677616596,52.37213255954092,46.62213255954092,5.75,18.0,1.0,0,0,40,0,19.0,19.0,2.0
145,1,right_lane,adaptive,True,0.0001,40,0,23.249994397847114,26.5,0.5,25.28014060123678,52.19717058416329,45.19717058416328,7.0,18.0,1.0,0,0,39,1,22.0,8.0,10.0
146,1,right_lane,adaptive,True,0.0001,40,0,21.750000750751244,13.5,0.0,14.95978868752718,55.795732221375474,42.795732221375474,13.0,18.0,1.0,0,0,40,0,8.0,12.0,20.0
147,1,right_lane,adaptive,True,0.0001,40,0,21.14395734597155,0.0,0.5,3.3741016561307333,61.579397666520435,41.82939766652043,19.75,18.0,1.0,0,0,39,1,0.0,1.0,39.0
148,1,right_lane,adaptive,True,0.0001,40,0,23.8939573440314,24.5,1.5,24.084017274698,53.975053310968526,46.22505331096854,7.75,18.0,1.0,0,0,39,1,21.0,7.0,12.0
149,1,right_lane,adaptive,True,0.0001,40,0,23.018957345971565,8.0,0.0,10.80374426022172,60.32891519335194,44.828915193351946,15.5,18.0,1.0,0,0,40,0,8.0,2.0,30.0
150,1,right_lane,adaptive,True,0.0001,40,0,20.768957345971565,11.5,0.0,12.87396331601849,55.73033175355438,41.23033175355439,14.5,18.0,1.0,0,0,39,1,0.0,22.0,18.0
151,1,right_lane,adaptive,True,0.0001,40,0,23.268957345971565,23.0,0.5,22.687790259718895,53.97798176898705,45.22798176898705,8.75,18.0,1.0,0,0,40,0,19.0,7.0,14.0
152,1,right_lane,adaptive,True,0.0001,40,0,24.393957345970982,11.5,0.0,12.297754308489175,61.525183219440486,47.025183219440486,14.5,18.0,1.0,0,0,38,2,9.0,4.0,27.0
153,1,right_lane,adaptive,True,0.0001,40,0,22.643957345971565,8.5,0.0,10.651301644214527,59.47870484651516,44.22870484651516,15.25,18.0,1.0,0,0,39,1,1.0,17.0,22.0
154,1,right_lane,adaptive,True,0.0001,40,0,23.87254694862786,35.0,0.0,33.58635565638542,48.44513987968539,46.19513987968539,2.25,18.0,1.0,0,0,40,0,31.0,9.0,0.0
155,1,right_lane,adaptive,True,0.0001,40,0,24.625043292099715,34.5,0.5,32.18548680841923,50.645281453848916,47.395281453848916,3.25,18.0,1.0,0,0,40,0,28.0,11.0,1.0
156,1,right_lane,adaptive,True,0.0001,40,0,22.997552552495204,36.5,0.5,34.67360407114029,46.54281285815377,44.79281285815377,1.75,18.0,1.0,0,0,40,0,33.0,7.0,0.0
157,1,right_lane,adaptive,True,0.0001,40,0,23.106091647145412,23.5,1.0,23.17766787148139,53.21771001428014,44.96771001428014,8.25,18.0,1.0,0,0,40,0,9.0,29.0,2.0
158,1,right_lane,adaptive,True,0.0001,40,0,24.018957247107267,34.0,0.5,32.38134956359863,49.42416011218942,46.42416011218942,3.0,18.0,1.0,0,0,40,0,31.0,6.0,3.0
159,1,right_lane,adaptive,True,0.0001,40,0,21.768957345971565,37.0,0.5,33.79959660768509,44.32898846744269,42.82898846744269,1.5,18.0,1.0,0,0,40,0,34.0,6.0,0.0
160,1,right_lane,adaptive,True,0.0001,40,0,22.393666176367102,29.5,0.0,28.965121273288332,48.57793361074293,43.82793361074293,4.75,18.0,1.0,0,0,39,1,30.0,1.0,9.0
161,1,right_lane,adaptive,True,0.0001,40,0,23.51895733317816,36.5,0.5,34.19311827421188,47.37808180945923,45.62808180945923,1.75,18.0,1.0,0,0,40,0,33.0,7.0,0.0
162,1,right_lane,adaptive,True,0.0001,40,0,22.268957345971565,0.0,0.0,3.012428010158146,63.6303317535545,43.63033175355451,20.0,18.0,1.0,0,0,39,1,0.0,0.0,40.0
163,1,right_lane,adaptive,True,0.0001,40,0,23.268957234088028,22.0,0.5,21.674320602731314,54.4791617713604,45.2291617713604,9.25,18.0,1.0,0,0,40,0,14.0,15.0,11.0
164,1,right_lane,adaptive,True,0.0001,40,0,21.518957345971565,17.5,1.0,18.80380380153656,53.428930135571825,42.428930135571825,11.0,18.0,1.0,0,0,40,0,2.0,32.0,6.0
165,1,right_lane,adaptive,True,0.0001,40,0,22.018957345971565,29.0,0.0,26.885475292983756,48.72652696670625,43.22652696670626,5.5,18.0,1.0,0,0,40,0,25.0,8.0,7.0
166,1,right_lane,adaptive,True,0.0001,40,0,26.768956593505862,14.5,0.0,15.47152591739723,63.5735276415931,50.82352764159309,12.75,18.0,1.0,0,0,39,1,9.0,11.0,20.0
167,1,right_lane,adaptive,True,0.0001,40,0,21.268957345745793,18.0,1.5,18.87629397213459,53.52941598469712,42.02941598469711,11.5,18.0,1.0,0,0,40,0,14.0,6.0,20.0
168,1,right_lane,adaptive,True,0.0001,40,0,22.2689523954837,7.0,0.0,9.661632269620895,59.62843614136825,43.62843614136825,16.0,18.0,1.0,0,0,40,0,3.0,10.0,27.0
169,1,right_lane,adaptive,True,0.0001,40,0,23.768957247111118,34.0,1.0,32.546622924506664,49.02838790569029,46.02838790569029,3.0,18.0,1.0,0,0,40,0,33.0,2.0,5.0
170,1,right_lane,adaptive,True,0.0001,40,0,22.018957345971565,31.0,1.0,29.48755495995283,47.72828030186333,43.228280301863336,4.5,18.0,1.0,0,0,40,0,28.0,6.0,6.0
171,1,right_lane,adaptive,True,0.0001,40,0,21.143957345971565,22.0,0.0,22.4331718608737,50.57853389883617,41.82853389883617,8.75,18.0,1.0,0,0,40,0,10.0,25.0,5.0
172,1,right_lane,adaptive,True,0.0001,40,0,21.018957345971565,1.0,0.5,4.2829570807516575,60.62846151450392,41.62846151450392,19.0,18.0,1.0,0,0,40,0,1.0,2.0,37.0
173,1,right_lane,adaptive,True,0.0001,40,0,21.393957345971565,39.5,0.0,35.724328726530075,42.97839840434077,42.22839840434077,0.75,18.0,1.0,0,0,40,0,38.0,1.0,1.0
174,1,right_lane,adaptive,True,0.0001,40,0,23.127496440621247,38.5,0.0,35.14996026456356,46.249776355734625,44.999776355734625,1.25,18.0,1.0,0,0,40,0,36.0,3.0,1.0
175,1,right_lane,adaptive,True,0.0001,40,0,24.25000001301917,21.0,0.0,21.279692417941988,56.295693328012256,46.795693328012256,9.5,18.0,1.0,0,0,40,0,19.0,4.0,17.0
176,1,right_lane,adaptive,True,0.0001,40,0,21.518957345775075,7.5,0.5,9.279288742819972,58.4285310694833,42.42853106948331,16.0,18.0,1.0,0,0,36,4,0.0,16.0,24.0
177,1,right_lane,adaptive,True,0.0001,40,0,21.143957332760266,11.5,0.0,13.063879588185955,55.57899120829191,41.82899120829191,13.75,18.0,1.0,0,0,39,1,5.0,15.0,20.0
178,1,right_lane,adaptive,True,0.0001,40,0,22.768957345971565,9.0,0.0,10.200399246274173,59.92696106615654,44.42696106615654,15.5,18.0,1.0,0,0,36,4,8.0,2.0,30.0
179,1,right_lane,adaptive,True,0.0001,40,0,20.893957345971565,32.0,1.5,32.398800283670425,45.17939766774115,41.42939766774115,3.75,18.0,1.0,0,0,40,0,31.0,3.0,6.0
180,1,right_lane,adaptive,True,0.0001,40,0,25.518627859082976,26.5,0.5,25.462420684841163,55.82764453602996,48.827644536029965,7.0,18.0,1.0,0,0,38,2,22.0,8.0,10.0
181,1,right_lane,adaptive,True,0.0001,40,0,23.518957345971565,14.0,0.0,16.352836651261896,58.377729056605816,45.62772905660581,12.75,18.0,1.0,0,0,40,0,10.0,9.0,21.0
182,1,right_lane,adaptive,True,0.0001,40,0,23.268957345971565,0.0,1.5,2.32489641986524,65.23033175355451,45.2303317535545,20.0,18.0,1.0,0,0,35,5,0.0,0.0,40.0
183,1,right_lane,adaptive,True,0.0001,40,0,21.752210983339204,2.5,0.5,4.979603253294954,61.80353494416735,42.80353494416735,19.0,18.0,1.0,0,0,39,1,0.0,4.0,36.0
184,1,right_lane,adaptive,True,0.0001,40,0,22.268957345971494,25.5,1.5,23.901659541656045,51.377081801442024,43.62708180144203,7.75,18.0,1.0,0,0,38,2,20.0,9.0,11.0
185,1,right_lane,adaptive,True,0.0001,40,0,23.643957345971565,8.0,0.0,9.94906461828009,61.575513789757615,45.825513789757615,15.75,18.0,1.0,0,0,38,2,7.0,3.0,30.0
186,1,right_lane,adaptive,True,0.0001,40,0,22.26895733317816,31.5,0.0,29.686461254954338,48.12619148167159,43.62619148167159,4.5,18.0,1.0,0,0,40,0,23.0,16.0,1.0
187,1,right_lane,adaptive,True,0.0001,11,1,25.52332347286258,10.5,0.0,10.074841320514679,13.929568969465805,13.429568969465805,0.5,18.0,1.0,0,0,11,0,9.0,2.0,0.0
188,1,right_lane,adaptive,True,0.0001,14,1,23.26844955437671,0.5,0.0,1.9730715453624725,22.579398326582556,15.829398326582556,6.75,18.0,1.0,0,0,14,0,0.0,1.0,13.0
189,1,right_lane,adaptive,True,0.0001,40,0,21.143957345971565,16.0,0.5,17.654872678220272,53.330331753145806,41.830331753145806,11.5,18.0,1.0,0,0,40,0,15.0,4.0,21.0
190,1,right_lane,adaptive,True,0.0001,40,0,23.768956596934782,24.5,0.0,23.085604815052875,54.02710135845563,46.02710135845563,8.0,18.0,1.0,0,0,38,2,19.0,10.0,11.0
191,1,right_lane,adaptive,True,0.0001,40,0,20.518957345971565,0.5,0.0,4.574063002384719,60.07839840304393,40.828398403043934,19.25,18.0,1.0,0,0,39,1,1.0,1.0,38.0
192,1,right_lane,adaptive,True,0.0001,40,0,22.143950895947263,14.5,0.0,15.714686259627342,56.42618184839259,43.42618184839258,13.0,18.0,1.0,0,0,40,0,9.0,10.0,21.0
193,1,right_lane,adaptive,True,0.0001,40,0,21.643957345971565,34.5,0.0,31.688149943947792,45.877137306950104,42.627137306950104,3.25,18.0,1.0,0,0,40,0,30.0,7.0,3.0
194,1,right_lane,adaptive,True,0.0001,40,0,21.768957345971565,37.5,0.5,34.24717861413956,44.329332341833684,42.82933234183368,1.5,18.0,1.0,0,0,40,0,34.0,6.0,0.0
195,1,right_lane,adaptive,True,0.0001,40,0,23.35849580258072,4.5,0.5,5.9884828128970184,63.37059624209826,45.370596242098244,18.0,18.0,1.0,0,0,38,2,0.0,8.0,32.0
196,1,right_lane,adaptive,True,0.0001,40,0,21.518957345971565,9.5,0.5,12.561640620231628,57.67839825882618,42.428398258826185,15.25,18.0,1.0,0,0,40,0,0.0,19.0,21.0
197,1,right_lane,adaptive,True,0.0001,40,0,24.768957344257103,22.5,0.5,20.89991759425402,56.87450922306428,47.62450922306428,9.25,18.0,1.0,0,0,39,1,20.0,3.0,17.0
198,1,right_lane,adaptive,True,0.0001,40,0,23.141504197449517,16.0,0.5,16.340239267238303,57.27501958918477,45.02501958918478,12.25,18.0,1.0,0,0,39,1,1.0,29.0,10.0
199,1,right_lane,adaptive,True,0.0001,40,0,23.499999999970278,29.0,0.0,27.068389591810956,51.34537229270888,45.59537229270888,5.75,18.0,1.0,0,0,39,1,25.0,7.0,8.0
200,1,right_lane,adaptive,True,0.0001,40,0,24.64395239570556,10.5,0.0,10.917994049632739,62.4293730391745,47.4293730391745,15.0,18.0,1.0,0,0,37,3,0.0,20.0,20.0
201,1,right_lane,adaptive,True,0.0001,40,0,20.518957345971565,0.5,1.5,4.330458961427212,60.57981031796406,40.82981031796406,19.75,18.0,1.0,0,0,40,0,0.0,1.0,39.0
202,1,right_lane,adaptive,True,0.0001,40,0,22.518957345971565,31.0,0.0,28.753982578472232,49.02828032110697,44.028280321106976,5.0,18.0,1.0,0,0,39,1,28.0,4.0,8.0
203,1,right_lane,adaptive,True,0.0001,40,0,22.64395734594234,33.5,1.0,31.82516408711672,47.97579889599055,44.22579889599055,3.75,18.0,1.0,0,0,40,0,28.0,9.0,3.0
204,1,right_lane,adaptive,True,0.0001,40,0,21.893957345971558,18.5,0.5,18.045247526606545,54.28032894921125,43.03032894921125,11.25,18.0,1.0,0,0,40,0,15.0,5.0,20.0
205,1,right_lane,adaptive,True,0.0001,40,0,21.268957345971565,27.5,0.5,27.434013217687607,48.030331753547415,42.030331753547415,6.0,18.0,1.0,0,0,40,0,21.0,14.0,5.0
206,1,right_lane,adaptive,True,0.0001,40,0,22.018957345971565,23.0,0.0,22.2388646960826,51.47748639357267,43.227486393572676,8.25,18.0,1.0,0,0,40,0,21.0,5.0,14.0
207,1,right_lane,adaptive,True,0.0001,40,0,23.14146090535031,33.5,0.0,31.84229574352503,48.27073275187911,45.02073275187911,3.25,18.0,1.0,0,0,40,0,32.0,3.0,5.0
208,1,right_lane,adaptive,True,0.0001,40,0,20.768957345971565,6.0,0.0,8.890764281153679,57.978925953480264,41.22892595348026,16.75,18.0,1.0,0,0,40,0,0.0,13.0,27.0
209,1,right_lane,adaptive,True,0.0001,40,0,21.372832407624884,10.0,0.0,11.755807281786588,56.94653169402277,42.19653169402277,14.75,18.0,1.0,0,0,39,1,10.0,1.0,29.0
210,1,right_lane,adaptive,True,0.0001,40,0,22.76895174381868,11.0,0.0,11.037508878543122,59.17986881023933,44.42986881023932,14.75,18.0,1.0,0,0,37,3,9.0,3.0,28.0
211,1,right_lane,adaptive,True,0.0001,40,0,22.518634297606525,10.0,2.5,11.720452167530652,59.27568103205946,44.02568103205946,15.25,18.0,1.0,0,0,39,1,2.0,15.0,23.0
212,1,right_lane,adaptive,True,0.0001,40,0,23.768957345971565,15.5,0.0,17.440439328551292,57.77839835388945,46.02839835388944,11.75,18.0,1.0,0,0,40,0,16.0,1.0,23.0
213,1,right_lane,adaptive,True,0.0001,40,0,22.393957345971565,30.5,0.0,28.423238404401218,48.576375050350464,43.82637505035047,4.75,18.0,1.0,0,0,39,1,28.0,5.0,7.0
214,1,right_lane,adaptive,True,0.0001,40,0,20.893957345971565,17.0,0.5,18.127710707485676,52.67846358273061,41.42846358273061,11.25,18.0,1.0,0,0,40,0,4.0,27.0,9.0
215,1,right_lane,adaptive,True,0.0001,40,0,22.252496427602594,29.5,2.0,28.32915323972702,49.09785743673475,43.59785743673475,5.5,18.0,1.0,0,0,40,0,26.0,6.0,8.0
216,1,right_lane,adaptive,True,0.0001,40,0,24.768957345971565,10.5,0.0,12.45118887186436,62.12297175207994,47.62297175207994,14.5,18.0,1.0,0,0,39,1,6.0,10.0,24.0
217,1,right_lane,adaptive,True,0.0001,40,0,25.3939573444828,32.0,0.0,30.58292495225396,52.626395306271206,48.626395306271206,4.0,18.0,1.0,0,0,39,1,27.0,10.0,3.0
218,1,right_lane,adaptive,True,0.0001,40,0,21.002458849539295,2.0,0.5,4.128458347171545,61.102598980405844,41.602598980405844,19.5,18.0,1.0,0,0,40,0,0.0,2.0,38.0
219,1,right_lane,adaptive,True,0.0001,40,0,21.143957345971565,0.0,0.0,3.845197072461815,61.57939766774115,41.82939766774115,19.75,18.0,1.0,0,0,39,1,0.0,1.0,39.0
220,1,right_lane,adaptive,True,0.0001,40,0,21.643957345971565,35.5,2.0,32.56938852369785,45.37746314466332,42.62746314466332,2.75,18.0,1.0,0,0,40,0,30.0,9.0,1.0
221,1,right_lane,adaptive,True,0.0001,40,0,22.893957345971565,10.5,0.0,11.266650337209285,59.62845233056221,44.62845233056221,15.0,18.0,1.0,0,0,40,0,0.0,20.0,20.0
222,1,right_lane,adaptive,True,0.0001,40,0,25.766455204332555,28.0,0.5,26.953533728074035,55.21996808392332,49.21996808392332,6.0,18.0,1.0,0,0,39,1,23.0,10.0,7.0
223,1,right_lane,adaptive,True,0.0001,40,0,21.893957345971565,0.0,0.0,2.6141057767526945,63.030331753554506,43.0303317535545,20.0,18.0,1.0,0,0,39,1,0.0,0.0,40.0
224,1,right_lane,adaptive,True,0.0001,40,0,20.768957345971565,0.0,1.0,4.5087025463581085,60.979397667741154,41.22939766774115,19.75,18.0,1.0,0,0,40,0,0.0,1.0,39.0
225,1,right_lane,adaptive,True,0.0001,40,0,21.375043292099726,34.0,0.0,31.112631924450397,45.447792113838325,42.19779211383833,3.25,18.0,1.0,0,0,40,0,30.0,7.0,3.0
226,1,right_lane,adaptive,True,0.0001,40,0,23.143957345971565,10.0,0.5,12.052297558635473,60.02696106650545,45.02696106650545,15.0,18.0,1.0,0,0,40,0,9.0,2.0,29.0
227,1,right_lane,adaptive,True,0.0001,40,0,23.87500009886436,22.5,0.5,21.595548586250516,55.447466275576495,46.197466275576495,9.25,18.0,1.0,0,0,40,0,12.0,19.0,9.0
228,1,right_lane,adaptive,True,0.0001,40,0,21.018957345971565,0.0,0.0,3.8961155275255805,61.379397666520426,41.62939766652045,19.75,18.0,1.0,0,0,39,1,0.0,1.0,39.0
229,1,right_lane,adaptive,True,0.0001,14,1,22.19702098359173,13.0,0.0,12.116511970758438,16.226660402083485,15.226660402083485,1.0,18.0,1.0,0,0,14,0,11.0,2.0,1.0
230,1,right_lane,adaptive,True,0.0001,40,0,21.143957345971554,35.5,0.0,32.83574005961418,44.07807433933437,41.82807433933438,2.25,18.0,1.0,0,0,40,0,31.0,9.0,0.0
231,1,right_lane,adaptive,True,0.0001,40,0,21.625043292099726,6.0,2.0,8.946802120655775,59.34627439034726,42.59627439034726,16.75,18.0,1.0,0,0,40,0,5.0,3.0,32.0
232,1,right_lane,adaptive,True,0.0001,40,0,25.518956606525038,30.0,0.5,29.4258828535676,53.82490254402767,48.82490254402767,5.0,18.0,1.0,0,0,40,0,22.0,16.0,2.0
233,1,right_lane,adaptive,True,0.0001,40,0,20.893957345971565,10.0,0.0,12.987482598051429,55.9280494091843,41.428049409184304,14.5,18.0,1.0,0,0,40,0,9.0,4.0,27.0
234,1,right_lane,adaptive,True,0.0001,40,0,20.393957345971565,11.0,0.5,11.86339254718041,55.13032277007035,40.63032277007034,14.5,18.0,1.0,0,0,40,0,0.0,22.0,18.0
235,1,right_lane,adaptive,True,0.0001,40,0,20.643957345971565,40.0,0.0,36.28548860549927,41.030331753554506,41.030331753554506,0.0,18.0,1.0,0,0,40,0,40.0,0.0,0.0
236,1,right_lane,adaptive,True,0.0001,40,0,24.393957345971565,17.0,0.5,17.50141266442722,58.277047863157094,47.0270478631571,11.25,18.0,1.0,0,0,39,1,7.0,21.0,12.0
237,1,right_lane,adaptive,True,0.0001,40,0,21.393957345971565,0.0,0.5,3.8562044758873526,61.979398329686106,42.2293983296861,19.75,18.0,1.0,0,0,40,0,0.0,1.0,39.0
238,1,right_lane,adaptive,True,0.0001,40,0,22.768957345971565,22.0,0.5,21.953234165586764,53.42700239791157,44.427002397911565,9.0,18.0,1.0,0,0,40,0,13.0,18.0,9.0
239,1,right_lane,adaptive,True,0.0001,40,0,22.143957345971565,18.0,1.0,18.90132761001587,54.17939697383616,43.42939697383616,10.75,18.0,1.0,0,0,40,0,14.0,9.0,17.0
240,1,right_lane,adaptive,True,0.0001,40,0,25.01895734596758,26.0,0.0,24.542432467897243,55.52315060556496,48.02315060556496,7.5,18.0,1.0,0,0,38,2,22.0,6.0,12.0
241,1,right_lane,adaptive,True,0.0001,40,0,23.125043292099726,8.0,0.5,9.31630856791162,60.997502846195445,44.99750284619543,16.0,18.0,1.0,0,0,40,0,6.0,4.0,30.0
242,1,right_lane,adaptive,True,0.0001,40,0,22.768957345971565,10.0,0.0,13.225822538137436,58.926984591200835,44.426984591200835,14.5,18.0,1.0,0,0,40,0,10.0,2.0,28.0
243,1,right_lane,adaptive,True,0.0001,40,0,21.768919754889083,4.5,0.5,6.579185236785406,60.82932079282108,42.829320792821086,18.0,18.0,1.0,0,0,39,1,0.0,8.0,32.0
244,1,right_lane,adaptive,True,0.0001,40,0,24.000005688027805,36.5,0.5,34.60804581642151,48.14953925920552,46.39953925920552,1.75,18.0,1.0,0,0,40,0,33.0,7.0,0.0
245,1,right_lane,adaptive,True,0.0001,40,0,23.51895659693478,39.5,0.0,36.136914029717445,46.378397205881924,45.628397205881924,0.75,18.0,1.0,0,0,40,0,38.0,1.0,1.0
246,1,right_lane,adaptive,True,0.0001,40,0,21.268957345971565,40.0,0.0,36.53433668613434,42.0303317535545,42.0303317535545,0.0,18.0,1.0,0,0,40,0,40.0,0.0,0.0
247,1,right_lane,adaptive,True,0.0001,40,0,24.018957345971565,28.0,0.0,26.172998829341054,52.676288889294774,46.426288889294774,6.25,18.0,1.0,0,0,38,2,24.0,7.0,9.0
248,1,right_lane,adaptive,True,0.0001,40,0,23.643957345971565,26.5,0.0,26.09750137478113,52.07696027013639,45.82696027013638,6.25,18.0,1.0,0,0,40,0,26.0,3.0,11.0
249,1,right_lane,adaptive,True,0.0001,40,0,21.518957345971565,33.5,0.0,30.705951339178455,45.674705548581606,42.424705548581606,3.25,18.0,1.0,0,0,39,1,32.0,3.0,5.0
250,1,right_lane,adaptive,True,0.0001,40,0,22.14391480462308,39.0,0.5,35.28510783612728,44.428393448346355,43.42839344834634,1.0,18.0,1.0,0,0,40,0,37.0,2.0,1.0
251,1,right_lane,adaptive,True,0.0001,40,0,24.51895734403133,25.5,0.0,26.494205590337515,53.97725502982512,47.22725502982512,6.75,18.0,1.0,0,0,40,0,24.0,5.0,11.0
252,1,right_lane,adaptive,True,0.0001,40,0,22.143956595416878,14.5,0.5,14.73302746837635,56.17718590082148,43.42718590082148,12.75,18.0,1.0,0,0,39,1,12.0,5.0,23.0
253,1,right_lane,adaptive,True,0.0001,40,0,22.518957345971565,2.0,0.0,4.916901239146682,62.5272898771785,44.027289877178504,18.5,18.0,1.0,0,0,39,1,1.0,4.0,35.0
254,1,right_lane,adaptive,True,0.0001,40,0,24.51895734403141,35.5,0.0,33.29339385032654,49.47839044640204,47.22839044640204,2.25,18.0,1.0,0,0,40,0,31.0,9.0,0.0
255,1,right_lane,adaptive,True,0.0001,40,0,22.768957345971486,18.0,0.0,19.049434161161116,54.92481645873661,44.4248164587366,10.5,18.0,1.0,0,0,39,1,17.0,4.0,19.0
256,1,right_lane,adaptive,True,0.0001,40,0,21.268957345749705,21.5,0.5,20.23704556773555,51.52528689793508,42.02528689793507,9.5,18.0,1.0,0,0,39,1,14.0,14.0,12.0
257,1,right_lane,adaptive,True,0.0001,40,0,24.143957344227896,19.0,1.0,19.261788369709393,57.125413409851205,46.625413409851205,10.5,18.0,1.0,0,0,40,0,14.0,10.0,16.0
258,1,right_lane,adaptive,True,0.0001,40,0,25.893957345971565,18.0,0.0,19.129337860244277,60.17891547213486,49.42891547213486,10.75,18.0,1.0,0,0,39,1,17.0,3.0,20.0
259,1,right_lane,adaptive,True,0.0001,40,0,22.643957345971565,10.0,1.5,12.229561656713486,59.22889371085014,44.228893710850144,15.0,18.0,1.0,0,0,40,0,9.0,2.0,29.0
260,1,right_lane,adaptive,True,0.0001,32,1,21.42994668246437,5.0,0.0,6.030008369376446,47.3278785613042,33.82787856130422,13.5,18.0,1.0,0,0,31,1,4.0,2.0,26.0
261,1,right_lane,adaptive,True,0.0001,40,0,21.018957345971565,22.5,0.0,22.315165102481842,50.37759283248286,41.62759283248287,8.75,18.0,1.0,0,0,40,0,8.0,29.0,3.0
262,1,right_lane,adaptive,True,0.0001,40,0,21.62749644062177,9.0,0.0,9.776056379079819,58.60139820815456,42.60139820815456,16.0,18.0,1.0,0,0,40,0,0.0,16.0,24.0
263,1,right_lane,adaptive,True,0.0001,40,0,22.268957345971565,26.0,2.0,25.53485006093979,50.37828235653893,43.62828235653894,6.75,18.0,1.0,0,0,40,0,16.0,21.0,3.0
264,1,right_lane,adaptive,True,0.0001,40,0,21.518957345971565,4.5,0.0,6.89760985699013,60.17939647136773,42.42939647136773,17.75,18.0,1.0,0,0,39,1,0.0,9.0,31.0
265,1,right_lane,adaptive,True,0.0001,40,0,25.518957345967202,13.0,0.0,13.829297404518911,62.32535987576536,48.82535987576536,13.5,18.0,1.0,0,0,39,1,8.0,10.0,22.0
266,1,right_lane,adaptive,True,0.0001,40,0,22.518957247332974,9.0,1.0,10.709677216756972,59.27845215425052,44.028452154250516,15.25,18.0,1.0,0,0,39,1,5.0,9.0,26.0
267,1,right_lane,adaptive,True,0.0001,40,0,21.643957345971554,5.5,1.0,8.605536878108978,59.62728990527339,42.62728990527339,17.0,18.0,1.0,0,0,40,0,0.0,12.0,28.0
268,1,right_lane,adaptive,True,0.0001,40,0,23.26890835456905,22.5,1.0,22.826925246839437,53.47726782904719,45.22726782904719,8.25,18.0,1.0,0,0,38,2,19.0,9.0,12.0
269,1,right_lane,adaptive,True,0.0001,40,0,21.768957345971565,33.5,0.0,30.43378825305581,46.32744372467644,42.82744372467644,3.5,18.0,1.0,0,0,39,1,32.0,2.0,6.0
270,1,right_lane,adaptive,True,0.0001,40,0,23.391504197449517,11.5,0.0,13.982540139666526,59.17447619856812,45.42447619856812,13.75,18.0,1.0,0,0,40,0,12.0,1.0,27.0
271,1,right_lane,adaptive,True,0.0001,40,0,23.643957345971565,28.5,0.5,27.18513423204422,51.32868970186839,45.82868970186839,5.5,18.0,1.0,0,0,40,0,18.0,22.0,0.0
272,1,right_lane,adaptive,True,0.0001,40,0,21.625042530269543,6.0,0.0,7.268625582129971,59.847348659145815,42.59734865914582,17.25,18.0,1.0,0,0,39,1,2.0,7.0,31.0
273,1,right_lane,adaptive,True,0.0001,40,0,25.018957345971554,39.0,1.0,36.11364412307739,48.77773855286291,48.02773855286291,0.75,18.0,1.0,0,0,40,0,37.0,3.0,0.0
274,1,right_lane,adaptive,True,0.0001,40,0,22.768957345971565,39.0,0.0,36.086004823446274,44.928915307720416,44.428915307720416,0.5,18.0,1.0,0,0,40,0,38.0,2.0,0.0
275,1,right_lane,adaptive,True,0.0001,40,0,22.01895733123851,11.5,0.0,12.622618408272047,57.22954549350682,43.22954549350682,14.0,18.0,1.0,0,0,39,1,7.0,10.0,23.0
276,1,right_lane,adaptive,True,0.0001,40,0,23.627496440621773,24.0,0.5,23.268199502221023,53.79837591956813,45.79837591956814,8.0,18.0,1.0,0,0,39,1,16.0,16.0,8.0
277,1,right_lane,adaptive,True,0.0001,40,0,21.62749644062177,11.0,1.5,12.980727227277384,57.10257968651586,42.60257968651586,14.5,18.0,1.0,0,0,39,1,9.0,4.0,27.0
278,1,right_lane,adaptive,True,0.0001,5,1,28.84838684036547,3.5,0.0,3.677176132798195,7.018969619973083,6.768969619973083,0.25,18.0,1.0,0,0,5,0,4.0,1.0,0.0
279,1,right_lane,adaptive,True,0.0001,40,0,23.643957345971565,40.0,0.0,37.214846670627594,46.0793983296861,45.8293983296861,0.25,18.0,1.0,0,0,40,0,39.0,1.0,0.0
280,1,right_lane,adaptive,True,0.0001,40,0,23.51895733317816,10.5,0.5,11.610179279775366,60.12381396736825,45.62381396736825,14.5,18.0,1.0,0,0,37,3,7.0,8.0,25.0
281,1,right_lane,adaptive,True,0.0001,40,0,20.768957345971565,22.5,0.0,21.376164227724075,50.480331753553685,41.23033175355368,9.25,18.0,1.0,0,0,40,0,21.0,1.0,18.0
282,1,right_lane,adaptive,True,0.0001,40,0,22.143957345971565,0.5,0.5,4.027847936002672,62.9293983296861,43.42939832968611,19.5,18.0,1.0,0,0,39,1,0.0,2.0,38.0
283,1,right_lane,adaptive,True,0.0001,40,0,21.14395165797304,18.5,0.5,18.328453958034515,52.578996093091476,41.828996093091476,10.75,18.0,1.0,0,0,40,0,15.0,7.0,18.0
284,1,right_lane,adaptive,True,0.0001,40,0,21.64395734426102,40.0,0.0,36.33151090145111,42.63033175081764,42.63033175081764,0.0,18.0,1.0,0,0,40,0,40.0,0.0,0.0
285,1,right_lane,adaptive,True,0.0001,40,0,22.268957345941832,20.0,2.0,20.550013933330774,53.37462512213992,43.6246251221399,9.75,18.0,1.0,0,0,40,0,14.0,13.0,13.0
286,1,right_lane,adaptive,True,0.0001,40,0,26.143957344482807,20.5,0.5,21.573054061409493,59.07837784892032,49.82837784892033,9.25,18.0,1.0,0,0,39,1,21.0,1.0,18.0
287,1,right_lane,adaptive,True,0.0001,40,0,22.393957345971565,11.0,0.5,13.14301884919405,58.32666785695546,43.82666785695546,14.5,18.0,1.0,0,0,40,0,8.0,6.0,26.0
288,1,right_lane,adaptive,True,0.0001,40,0,22.018957345971565,11.5,2.0,14.211591899394989,57.22746502736832,43.22746502736831,14.0,18.0,1.0,0,0,40,0,11.0,2.0,27.0
289,1,right_lane,adaptive,True,0.0001,40,0,26.018914053875744,21.0,1.0,21.257253515122784,58.62370170059052,49.62370170059052,9.0,18.0,1.0,0,0,38,2,18.0,8.0,14.0
290,1,right_lane,adaptive,True,0.0001,40,0,22.143957345971565,32.5,0.0,29.45178968329037,47.427337432114456,43.42733743211446,4.0,18.0,1.0,0,0,39,1,30.0,4.0,6.0
291,1,right_lane,adaptive,True,0.0001,40,0,21.018957345971565,9.5,0.0,11.178999022174594,56.380331574911445,41.63033157491145,14.75,18.0,1.0,0,0,38,2,10.0,1.0,29.0
292,1,right_lane,adaptive,True,0.0001,40,0,21.518957345971565,0.0,0.0,3.661680567937765,62.17939832968611,42.42939832968611,19.75,18.0,1.0,0,0,39,1,0.0,1.0,39.0
293,1,right_lane,adaptive,True,0.0001,40,0,22.518957345971558,3.5,0.0,6.241675186053953,62.02839910844839,44.02839910844838,18.0,18.0,1.0,0,0,37,3,1.0,6.0,33.0
294,1,right_lane,adaptive,True,0.0001,40,0,23.518957345971565,30.5,2.0,29.202487744390965,50.62543475551473,45.625434755514725,5.0,18.0,1.0,0,0,40,0,23.0,14.0,3.0
295,1,right_lane,adaptive,True,0.0001,40,0,20.893957345971554,11.0,1.0,12.750622030347586,55.4280628903148,41.4280628903148,14.0,18.0,1.0,0,0,40,0,10.0,4.0,26.0
296,1,right_lane,adaptive,True,0.0001,40,0,22.999956722633392,26.0,0.5,24.971120266942307,52.048751700741484,44.798751700741484,7.25,18.0,1.0,0,0,40,0,18.0,15.0,7.0
297,1,right_lane,adaptive,True,0.0001,40,0,21.393957247332974,28.0,0.5,26.719397649168968,48.22838924228774,42.22838924228774,6.0,18.0,1.0,0,0,40,0,26.0,4.0,10.0
298,1,right_lane,adaptive,True,0.0001,40,0,25.893957345971558,19.0,1.5,20.57894679903984,59.67585397872452,49.425853978724525,10.25,18.0,1.0,0,0,40,0,16.0,7.0,17.0
299,1,right_lane,adaptive,True,0.0001,40,0,22.893957345971494,27.5,0.0,25.28155680076634,51.37844647934585,44.62844647934585,6.75,18.0,1.0,0,0,39,1,24.0,5.0,11.0
300,1,right_lane,adaptive,True,0.0001,40,0,21.768957345971565,5.0,0.5,7.334167845691127,60.32941320132715,42.82941320132716,17.5,18.0,1.0,0,0,39,1,0.0,10.0,30.0
301,1,right_lane,adaptive,True,0.0001,11,1,23.705299033155487,11.0,0.0,10.813870370388031,12.630331574588414,12.630331574588414,0.0,18.0,1.0,0,0,11,0,11.0,0.0,0.0
302,1,right_lane,adaptive,True,0.0001,40,0,20.768957345971565,11.0,0.0,13.72616695612669,55.230258647089684,41.23025864708969,14.0,18.0,1.0,0,0,40,0,7.0,10.0,23.0
303,1,right_lane,adaptive,True,0.0001,40,0,23.018914151025655,21.5,0.0,21.4921978674829,54.07790680040274,44.82790680040274,9.25,18.0,1.0,0,0,40,0,20.0,3.0,17.0
304,1,right_lane,adaptive,True,0.0001,40,0,21.393957345971565,0.5,0.0,4.125293739140034,61.72963839496077,42.22963839496078,19.5,18.0,1.0,0,0,40,0,0.0,2.0,38.0
305,1,right_lane,adaptive,True,0.0001,40,0,21.893956596934782,13.0,1.0,13.165365101514908,56.77898911652795,43.02898911652795,13.75,18.0,1.0,0,0,39,1,6.0,13.0,21.0
306,1,right_lane,adaptive,True,0.0001,40,0,24.518585416342905,7.0,0.0,9.091297939153378,63.477159008562325,47.227159008562325,16.25,18.0,1.0,0,0,38,2,1.0,13.0,26.0
307,1,right_lane,adaptive,True,0.0001,40,0,22.518957345971565,35.5,0.0,34.29416701197624,46.778896265538705,44.028896265538705,2.75,18.0,1.0,0,0,40,0,34.0,1.0,5.0
308,1,right_lane,adaptive,True,0.0001,40,0,21.893957345970982,22.5,2.5,22.775116622411588,51.52664006722472,43.02664006722471,8.5,18.0,1.0,0,0,39,1,14.0,18.0,8.0
309,1,right_lane,adaptive,True,0.0001,40,0,22.624999915869275,28.0,0.0,27.15273869356497,49.94516246462609,44.19516246462608,5.75,18.0,1.0,0,0,39,1,27.0,3.0,10.0
310,1,right_lane,adaptive,True,0.0001,40,0,22.643957345971565,19.0,0.0,18.955494715577515,54.72674073036272,44.22674073036273,10.5,18.0,1.0,0,0,39,1,15.0,8.0,17.0
311,1,right_lane,adaptive,True,0.0001,40,0,23.518957345971565,14.5,0.0,14.959739202488322,58.378672410007496,45.6286724100075,12.75,18.0,1.0,0,0,39,1,12.0,5.0,23.0
312,1,right_lane,adaptive,True,0.0001,40,0,26.143956595220253,17.0,0.0,15.785947753219261,61.82509195259547,49.82509195259546,12.0,18.0,1.0,0,0,37,3,11.0,10.0,19.0
313,1,right_lane,adaptive,True,0.0001,40,0,22.643957345971565,28.0,0.5,25.66916114417836,50.47709740252867,44.22709740252867,6.25,18.0,1.0,0,0,40,0,26.0,3.0,11.0
314,1,right_lane,adaptive,True,0.0001,40,0,20.768957345971565,4.5,2.5,8.063507104721793,58.47805377416474,41.22805377416474,17.25,18.0,1.0,0,0,39,1,4.0,3.0,33.0
315,1,right_lane,adaptive,True,0.0001,40,0,23.856414695510455,14.5,0.0,14.676475223925536,58.916328136613956,46.166328136613956,12.75,18.0,1.0,0,0,39,1,0.0,29.0,11.0
316,1,right_lane,adaptive,True,0.0001,40,0,21.268957345971565,30.5,0.0,27.883216163563702,47.27829676420163,42.028296764201635,5.25,18.0,1.0,0,0,39,1,28.0,3.0,9.0
317,1,right_lane,adaptive,True,0.0001,40,0,23.39395724713693,18.0,0.5,18.64391501620412,56.42739780586018,45.42739780586018,11.0,18.0,1.0,0,0,40,0,15.0,6.0,19.0
318,1,right_lane,adaptive,True,0.0001,40,0,21.87500000171446,28.5,1.0,27.239260114729404,48.99660394423615,42.99660394423615,6.0,18.0,1.0,0,0,40,0,17.0,22.0,1.0
319,1,right_lane,adaptive,True,0.0001,40,0,20.518957345971565,4.5,0.5,5.066109029668951,58.57803996926284,40.82803996926283,17.75,18.0,1.0,0,0,39,1,3.0,3.0,34.0
320,1,right_lane,adaptive,True,0.0001,40,0,21.018957345971565,7.5,1.0,10.142822727560997,57.87828167196309,41.62828167196309,16.25,18.0,1.0,0,0,40,0,5.0,5.0,30.0
321,1,right_lane,adaptive,True,0.0001,40,0,23.018957345971565,40.0,0.0,37.12460935115814,44.830331753554496,44.830331753554496,0.0,18.0,1.0,0,0,40,0,40.0,0.0,0.0
322,1,right_lane,adaptive,True,0.0001,40,0,22.143957345971554,0.5,1.0,3.936725440709779,62.92939832968607,43.42939832968609,19.5,18.0,1.0,0,0,39,1,0.0,2.0,38.0
323,1,right_lane,adaptive,True,0.0001,40,0,22.268957345971565,12.5,0.0,14.535488941100994,57.129154544968024,43.629154544968024,13.5,18.0,1.0,0,0,39,1,8.0,10.0,22.0
324,1,right_lane,adaptive,True,0.0001,40,0,21.518957345971565,35.5,0.0,32.7918700799346,44.67664261643918,42.42664261643919,2.25,18.0,1.0,0,0,40,0,32.0,7.0,1.0
325,1,right_lane,adaptive,True,0.0001,40,0,25.106085957211537,24.0,1.0,23.327072501182556,56.66717358521827,48.16717358521827,8.5,18.0,1.0,0,0,40,0,12.0,22.0,6.0
326,1,right_lane,adaptive,True,0.0001,40,0,23.606371502274573,6.5,1.0,7.471362003484273,63.01774325698556,45.767743256985554,17.25,18.0,1.0,0,0,38,2,3.0,5.0,32.0
327,1,right_lane,adaptive,True,0.0001,40,0,20.393957345971565,33.0,0.5,31.672225020825863,44.37839717648496,40.62839717648496,3.75,18.0,1.0,0,0,40,0,26.0,13.0,1.0
328,1,right_lane,adaptive,True,0.0001,40,0,20.893957345971565,35.5,0.5,32.61963406205177,43.67939766774115,41.42939766774115,2.25,18.0,1.0,0,0,40,0,31.0,9.0,0.0
329,1,right_lane,adaptive,True,0.0001,40,0,25.393957345971554,6.5,0.0,8.360323398346736,65.37541974676746,48.62541974676747,16.75,18.0,1.0,0,0,39,1,4.0,5.0,31.0
330,1,right_lane,adaptive,True,0.0001,40,0,21.893957345971565,40.0,0.0,36.46851050853729,43.27939766774183,43.02939766774183,0.25,18.0,1.0,0,0,40,0,39.0,1.0,0.0
331,1,right_lane,adaptive,True,0.0001,40,0,21.268957345971565,13.5,1.0,15.804977588355541,55.02955225009359,42.02955225009358,13.0,18.0,1.0,0,0,40,0,6.0,16.0,18.0
332,1,right_lane,adaptive,True,0.0001,40,0,22.39395734596719,1.5,1.5,4.6019416416711465,63.08033054960866,43.83033054960866,19.25,18.0,1.0,0,0,39,1,0.0,3.0,37.0
333,1,right_lane,adaptive,True,0.0001,40,0,22.393957345971565,30.0,0.0,27.86030452778141,48.8261213383456,43.826121338345594,5.0,18.0,1.0,0,0,39,1,26.0,8.0,6.0
334,1,right_lane,adaptive,True,0.0001,40,0,21.018957345971565,3.5,0.0,6.2560027419040125,59.87939766843071,41.62939766843072,18.25,18.0,1.0,0,0,39,1,0.0,7.0,33.0
335,1,right_lane,adaptive,True,0.0001,40,0,25.518957345745793,5.5,0.5,6.914608063095784,66.07702315386138,48.82702315386138,17.25,18.0,1.0,0,0,38,2,4.0,3.0,33.0
336,1,right_lane,adaptive,True,0.0001,40,0,22.12500000171446,4.0,2.0,7.344039595217055,61.14620008531841,43.39620008531842,17.75,18.0,1.0,0,0,38,2,3.0,3.0,34.0
337,1,right_lane,adaptive,True,0.0001,40,0,22.393957345971565,1.5,0.0,4.801131431003341,63.078692083045624,43.82869208304563,19.25,18.0,1.0,0,0,39,1,0.0,3.0,37.0
338,1,right_lane,adaptive,True,0.0001,40,0,22.143957345971565,8.5,1.0,9.959725784734474,59.4277577193875,43.42775771938749,16.0,18.0,1.0,0,0,39,1,5.0,6.0,29.0
339,1,right_lane,adaptive,True,0.0001,40,0,21.766504197449517,33.5,0.5,30.460795380607124,46.57445487573145,42.82445487573145,3.75,18.0,1.0,0,0,39,1,32.0,1.0,7.0
340,1,right_lane,adaptive,True,0.0001,40,0,22.143957248821216,1.5,0.5,4.967048439145856,62.17743032578475,43.427430325784755,18.75,18.0,1.0,0,0,39,1,1.0,3.0,36.0
341,1,right_lane,adaptive,True,0.0001,40,0,20.768957345971565,7.0,0.0,9.085854988894425,57.47839840304875,41.22839840304875,16.25,18.0,1.0,0,0,40,0,1.0,13.0,26.0
342,1,right_lane,adaptive,True,0.0001,40,0,21.50000009886436,15.0,2.5,16.981543883681297,54.397596299375245,42.397596299375245,12.0,18.0,1.0,0,0,40,0,14.0,4.0,22.0
343,1,right_lane,adaptive,True,0.0001,40,0,24.125000098863843,32.5,0.0,31.25765574723482,50.34641036863178,46.59641036863178,3.75,18.0,1.0,0,0,40,0,30.0,5.0,5.0
344,1,right_lane,adaptive,True,0.0001,40,0,22.643957345971565,14.0,1.0,15.394042311860176,56.977441865603225,44.22744186560324,12.75,18.0,1.0,0,0,39,1,10.0,9.0,21.0
345,1,right_lane,adaptive,True,0.0001,40,0,21.893957345970982,5.5,1.5,8.00815428327769,60.27713475702392,43.02713475702392,17.25,18.0,1.0,0,0,40,0,0.0,11.0,29.0
346,1,right_lane,adaptive,True,0.0001,40,0,24.143957344035314,34.0,0.0,31.95307550564712,49.87798207920939,46.62798207920939,3.25,18.0,1.0,0,0,39,1,32.0,3.0,5.0
347,1,right_lane,adaptive,True,0.0001,40,0,21.893957345971565,4.5,1.0,7.7213926978292875,60.2774382197591,43.027438219759105,17.25,18.0,1.0,0,0,40,0,2.0,7.0,31.0
348,1,right_lane,adaptive,True,0.0001,40,0,22.39395734426101,25.5,1.0,24.470786161720753,51.32574790774265,43.825747907742645,7.5,18.0,1.0,0,0,40,0,22.0,6.0,12.0
349,1,right_lane,adaptive,True,0.0001,40,0,23.018957345971565,34.5,0.0,31.82887727022171,47.576760210672425,44.82676021067243,2.75,18.0,1.0,0,0,40,0,31.0,7.0,2.0
350,1,right_lane,adaptive,True,0.0001,40,0,23.018957345971565,3.5,0.0,6.065289117807879,63.07885861200956,44.828858612009554,18.25,18.0,1.0,0,0,39,1,0.0,7.0,33.0
351,1,right_lane,adaptive,True,0.0001,40,0,24.01895733317816,26.0,0.0,23.944049112829816,53.92700271161749,46.42700271161749,7.5,18.0,1.0,0,0,40,0,24.0,2.0,14.0
352,1,right_lane,adaptive,True,0.0001,40,0,24.62532874938229,39.5,0.0,37.09245818853378,47.64913128307523,47.39913128307523,0.25,18.0,1.0,0,0,40,0,39.0,1.0,0.0
353,1,right_lane,adaptive,True,0.0001,40,0,22.125328749382287,1.5,0.0,4.854435773777368,62.39730727214008,43.39730727214009,19.0,18.0,1.0,0,0,39,1,0.0,4.0,36.0
354,1,right_lane,adaptive,True,0.0001,16,1,23.484893364290173,0.0,0.0,0.6770643089239456,25.979398329277316,18.22939832927731,7.75,18.0,1.0,0,0,12,4,0.0,1.0,15.0
355,1,right_lane,adaptive,True,0.0001,40,0,22.268957345971565,23.5,0.0,21.673181895901507,52.37898849095588,43.62898849095588,8.75,18.0,1.0,0,0,40,0,18.0,9.0,13.0
356,1,right_lane,adaptive,True,0.0001,40,0,22.893951559138863,34.5,0.0,31.80377347767353,47.87576055708036,44.62576055708036,3.25,18.0,1.0,0,0,40,0,28.0,11.0,1.0
357,1,right_lane,adaptive,True,0.0001,40,0,22.268957345971565,38.5,0.0,35.3744730502367,44.87690066943978,43.62690066943978,1.25,18.0,1.0,0,0,40,0,36.0,3.0,1.0
358,1,right_lane,adaptive,True,0.0001,40,0,23.643957345971565,0.0,1.0,3.2240930732114066,65.8303317535545,45.8303317535545,20.0,18.0,1.0,0,0,38,2,0.0,0.0,40.0
359,1,right_lane,adaptive,True,0.0001,40,0,23.893951657973492,28.5,0.0,26.596919616404193,52.22516305288565,46.22516305288564,6.0,18.0,1.0,0,0,38,2,23.0,10.0,7.0
360,1,right_lane,adaptive,True,0.0001,40,0,23.502167691243393,9.0,0.0,9.677017781550603,61.35212241707603,45.60212241707603,15.75,18.0,1.0,0,0,38,2,0.0,17.0,23.0
361,1,right_lane,adaptive,True,0.0001,40,0,22.64395734596765,18.5,0.0,18.246144643058642,55.22744649032765,44.22744649032765,11.0,18.0,1.0,0,0,39,1,17.0,2.0,21.0
362,1,right_lane,adaptive,True,0.0001,40,0,23.393957345971565,27.0,0.0,26.426865253804408,52.428915226886396,45.4289152268864,7.0,18.0,1.0,0,0,39,1,25.0,2.0,13.0
363,1,right_lane,adaptive,True,0.0001,40,0,22.768957331238,33.5,1.0,31.917026862502098,47.67653477229475,44.42653477229475,3.25,18.0,1.0,0,0,40,0,29.0,9.0,2.0
364,1,right_lane,adaptive,True,0.0001,40,0,23.143957247332974,9.5,0.0,11.171806475267658,60.27671776604987,45.02671776604987,15.25,18.0,1.0,0,0,40,0,8.0,3.0,29.0
365,1,right_lane,adaptive,True,0.0001,40,0,24.268957345971494,25.5,0.0,24.840863329951844,54.07677150029283,46.82677150029282,7.25,18.0,1.0,0,0,38,2,24.0,3.0,13.0
366,1,right_lane,adaptive,True,0.0001,40,0,25.266423215432685,20.5,0.0,20.962399159804136,57.92061951073596,48.42061951073596,9.5,18.0,1.0,0,0,39,1,16.0,10.0,14.0
367,1,right_lane,adaptive,True,0.0001,40,0,23.393957344482878,14.0,5.0,15.561656576952373,58.17533534640248,45.42533534640248,12.75,18.0,1.0,0,0,40,0,6.0,17.0,17.0
368,1,right_lane,adaptive,True,0.0001,40,0,25.268957345971558,36.5,0.0,33.58845663070679,50.427983226440745,48.427983226440745,2.0,18.0,1.0,0,0,40,0,32.0,8.0,0.0
369,1,right_lane,adaptive,True,0.0001,40,0,20.893957345971565,39.0,0.0,35.676243394613266,41.9280628930581,41.4280628930581,0.5,18.0,1.0,0,0,40,0,38.0,2.0,0.0
370,1,right_lane,adaptive,True,0.0001,40,0,23.268957345971565,22.0,0.5,22.636999737471342,54.227445330892905,45.227445330892905,9.0,18.0,1.0,0,0,40,0,16.0,12.0,12.0
371,1,right_lane,adaptive,True,0.0001,40,0,21.893957345967717,17.5,0.0,17.35219426324693,54.27408795988687,43.02408795988686,11.25,18.0,1.0,0,0,40,0,14.0,7.0,19.0
372,1,right_lane,adaptive,True,0.0001,40,0,26.374671250817595,15.5,0.0,16.30785884051511,62.445479515742235,50.19547951574224,12.25,18.0,1.0,0,0,38,2,11.0,9.0,20.0
373,1,right_lane,adaptive,True,0.0001,40,0,22.981085946132076,36.5,0.5,33.81211730837822,46.516953604682314,44.766953604682314,1.75,18.0,1.0,0,0,40,0,33.0,7.0,0.0
374,1,right_lane,adaptive,True,0.0001,40,0,22.018957345971565,12.0,0.0,13.61073157089595,56.977464160344454,43.227464160344454,13.75,18.0,1.0,0,0,39,1,10.0,5.0,25.0
375,1,right_lane,adaptive,True,0.0001,40,0,23.143957345971565,33.0,0.5,31.225007474422455,48.5268711024576,45.0268711024576,3.5,18.0,1.0,0,0,40,0,29.0,8.0,3.0
376,1,right_lane,adaptive,True,0.0001,40,0,22.268957345971558,18.0,1.0,17.793118129478785,54.8760580519588,43.62605805195878,11.25,18.0,1.0,0,0,39,1,15.0,5.0,20.0
377,1,right_lane,adaptive,True,0.0001,40,0,21.643957345971565,39.0,0.0,36.245995581150055,43.62870484961889,42.62870484961889,1.0,18.0,1.0,0,0,40,0,37.0,2.0,1.0
378,1,right_lane,adaptive,True,0.0001,40,0,22.893957345971565,34.0,0.0,31.405808955430984,47.87662969522011,44.626629695220096,3.25,18.0,1.0,0,0,40,0,30.0,7.0,3.0
379,1,right_lane,adaptive,True,0.0001,40,0,22.14395733317816,35.0,1.0,33.20363715940766,45.92644484216082,43.42644484216082,2.5,18.0,1.0,0,0,39,1,34.0,2.0,4.0
380,1,right_lane,adaptive,True,0.0001,40,0,23.877496440366276,38.0,0.0,36.01082509756088,47.20233643218374,46.20233643218374,1.0,18.0,1.0,0,0,40,0,36.0,4.0,0.0
381,1,right_lane,adaptive,True,0.0001,40,0,21.893951646668775,12.0,1.0,13.733514621853828,56.77733969943147,43.02733969943148,13.75,18.0,1.0,0,0,40,0,7.0,11.0,22.0
382,1,right_lane,adaptive,True,0.0001,40,0,22.768957345745857,40.0,0.0,37.89379423856735,44.43033175319337,44.43033175319337,0.0,18.0,1.0,0,0,40,0,40.0,0.0,0.0
383,1,right_lane,adaptive,True,0.0001,40,0,24.893957345971565,13.5,0.5,15.81836607757623,60.826337084624925,47.826337084624925,13.0,18.0,1.0,0,0,39,1,1.0,26.0,13.0
384,1,right_lane,adaptive,True,0.0001,40,0,21.268957345971565,11.5,2.5,14.025686644017696,55.779809524541115,42.029809524541115,13.75,18.0,1.0,0,0,40,0,8.0,9.0,23.0
385,1,right_lane,adaptive,True,0.0001,40,0,26.393957345716057,20.5,0.0,19.019482963621215,60.477027048270266,50.22702704827028,10.25,18.0,1.0,0,0,38,2,17.0,5.0,18.0
386,1,right_lane,adaptive,True,0.0001,40,0,21.75249644062177,36.0,0.0,35.14977749437094,44.30259635526714,42.80259635526714,1.5,18.0,1.0,0,0,40,0,36.0,2.0,2.0
387,1,right_lane,adaptive,True,0.0001,40,0,22.143957345971565,40.0,0.0,36.92492914199829,43.4303317535545,43.4303317535545,0.0,18.0,1.0,0,0,40,0,40.0,0.0,0.0
388,1,right_lane,adaptive,True,0.0001,40,0,22.143957345971554,27.5,0.5,26.017862983047962,49.67749060975682,43.42749060975682,6.25,18.0,1.0,0,0,40,0,26.0,3.0,11.0
389,1,right_lane,adaptive,True,0.0001,40,0,23.518957345971565,9.0,0.5,10.963863091543317,61.12648641711396,45.626486417113945,15.5,18.0,1.0,0,0,40,0,8.0,2.0,30.0
390,1,right_lane,adaptive,True,0.0001,19,1,24.25043628276588,4.0,0.0,4.616119411872205,29.976754661082733,22.226754661082733,7.75,18.0,1.0,0,0,18,1,2.0,3.0,14.0
391,1,right_lane,adaptive,True,0.0001,40,0,21.018957345971565,34.5,1.5,32.7959226667881,44.3798091216503,41.6298091216503,2.75,18.0,1.0,0,0,40,0,29.0,11.0,0.0
392,1,right_lane,adaptive,True,0.0001,40,0,24.893957345971494,10.0,0.5,11.862099808821313,62.82353165410015,47.82353165410016,15.0,18.0,1.0,0,0,39,1,6.0,8.0,26.0
393,1,right_lane,adaptive,True,0.0001,40,0,22.14395734596765,40.0,0.0,36.23974746465683,43.67939766773489,43.42939766773489,0.25,18.0,1.0,0,0,40,0,39.0,1.0,0.0
394,1,right_lane,adaptive,True,0.0001,40,0,23.143957345971565,10.0,0.5,11.278441171189115,60.02646751982129,45.02646751982129,15.0,18.0,1.0,0,0,39,1,9.0,2.0,29.0
395,1,right_lane,adaptive,True,0.0001,40,0,22.268957345971565,4.5,0.0,7.960823696106672,61.126029393147036,43.62602939314704,17.5,18.0,1.0,0,0,40,0,3.0,4.0,33.0
396,1,right_lane,adaptive,True,0.0001,40,0,23.62496315944691,23.0,4.0,23.420911721885204,54.29665410448066,45.796654104480666,8.5,18.0,1.0,0,0,40,0,9.0,28.0,3.0
397,1,right_lane,adaptive,True,0.0001,40,0,20.893957345971565,22.0,3.0,22.118824757635593,50.42753444431938,41.42753444431938,9.0,18.0,1.0,0,0,40,0,13.0,18.0,9.0
398,1,right_lane,adaptive,True,0.0001,40,0,24.268957345971046,16.5,0.0,17.653927156858572,58.07393726909666,46.82393726909666,11.25,18.0,1.0,0,0,39,1,14.0,7.0,19.0
399,1,right_lane,adaptive,True,0.0001,40,0,22.018957345971565,31.5,0.0,31.144222497940063,47.72805229160321,43.22805229160321,4.5,18.0,1.0,0,0,40,0,28.0,6.0,6.0
400,1,right_lane,adaptive,True,0.0001,40,0,23.018957345971565,33.0,0.5,30.567383229732513,48.57420261320515,44.82420261320516,3.75,18.0,1.0,0,0,40,0,27.0,11.0,2.0
401,1,right_lane,adaptive,True,0.0001,40,0,22.143957344257046,6.5,1.5,9.721970806072932,59.67744983782754,43.42744983782754,16.25,18.0,1.0,0,0,40,0,1.0,13.0,26.0
402,1,right_lane,adaptive,True,0.0001,40,0,20.768957345971565,31.0,0.5,29.254957251250744,45.97839840434077,41.22839840434077,4.75,18.0,1.0,0,0,40,0,22.0,17.0,1.0
403,1,right_lane,adaptive,True,0.0001,40,0,24.518957345971494,28.0,0.0,26.736902841086703,53.226963433152534,47.22696343315253,6.0,18.0,1.0,0,0,39,1,27.0,2.0,11.0
404,1,right_lane,adaptive,True,0.0001,40,0,24.768957345971565,23.0,1.0,24.000894472002983,55.62962358347614,47.62962358347614,8.0,18.0,1.0,0,0,40,0,16.0,16.0,8.0
405,1,right_lane,adaptive,True,0.0001,40,0,22.018957345971554,34.0,0.0,31.940388686954975,46.22753143519495,43.22753143519495,3.0,18.0,1.0,0,0,40,0,30.0,8.0,2.0
406,1,right_lane,adaptive,True,0.0001,40,0,21.125043292099726,0.0,0.0,2.637206044048071,61.80006926735957,41.80006926735956,20.0,18.0,1.0,0,0,40,0,0.0,0.0,40.0
407,1,right_lane,adaptive,True,0.0001,40,0,21.000043292099726,4.0,0.5,7.0016659796237946,59.596740890029686,41.59674089002969,18.0,18.0,1.0,0,0,40,0,2.0,4.0,34.0
408,1,right_lane,adaptive,True,0.0001,40,0,24.268957345971565,39.5,0.0,37.75744980573654,47.07893676640492,46.82893676640492,0.25,18.0,1.0,0,0,40,0,39.0,1.0,0.0
409,1,right_lane,adaptive,True,0.0001,40,0,21.268957334666847,6.0,1.5,7.75509455262636,59.28026896028104,42.03026896028104,17.25,18.0,1.0,0,0,39,1,2.0,7.0,31.0
410,1,right_lane,adaptive,True,0.0001,40,0,25.393957345971554,23.0,0.5,22.01749454624678,57.37734721742978,48.62734721742977,8.75,18.0,1.0,0,0,38,2,13.0,19.0,8.0
411,1,right_lane,adaptive,True,0.0001,40,0,22.643957345749705,3.0,1.5,5.222955265938708,62.72808080483954,44.22808080483954,18.5,18.0,1.0,0,0,39,1,0.0,6.0,34.0
412,1,right_lane,adaptive,True,0.0001,40,0,21.768957345971565,0.5,0.0,4.184687466536218,62.32963839496078,42.82963839496079,19.5,18.0,1.0,0,0,39,1,0.0,2.0,38.0
413,1,right_lane,adaptive,True,0.0001,40,0,22.393957345971565,0.0,0.0,0.5783292396063189,63.8303317535545,43.830331753554496,20.0,18.0,1.0,0,0,34,6,0.0,0.0,40.0
414,1,right_lane,adaptive,True,0.0001,40,0,22.018957345971565,0.0,0.0,1.0295538588579802,62.979398329686106,43.22939832968609,19.75,18.0,1.0,0,0,38,2,0.0,1.0,39.0
415,1,right_lane,adaptive,True,0.0001,40,0,21.268957345971565,9.0,0.0,10.76764912258318,57.52853680474925,42.028536804749244,15.5,18.0,1.0,0,0,39,1,8.0,2.0,30.0
416,1,right_lane,adaptive,True,0.0001,40,0,25.26895734597098,25.0,0.0,23.91175338599669,55.92725426439092,48.42725426439093,7.5,18.0,1.0,0,0,38,2,22.0,6.0,12.0
417,1,right_lane,adaptive,True,0.0001,40,0,22.518956694084682,18.5,0.5,19.154012874758337,54.52686225114082,44.02686225114081,10.5,18.0,1.0,0,0,39,1,7.0,24.0,9.0
418,1,right_lane,adaptive,True,0.0001,40,0,20.893957345971565,11.0,0.0,12.591074954718351,55.928398404340776,41.428398404340776,14.5,18.0,1.0,0,0,40,0,10.0,2.0,28.0
419,1,right_lane,adaptive,True,0.0001,40,0,21.143957345971565,31.0,0.5,28.6824412047863,46.57705824188869,41.82705824188869,4.75,18.0,1.0,0,0,40,0,22.0,17.0,1.0
420,1,right_lane,adaptive,True,0.0001,40,0,23.393957345941832,24.5,0.0,24.484626337885857,52.92753046996474,45.42753046996474,7.5,18.0,1.0,0,0,40,0,22.0,6.0,12.0
421,1,right_lane,adaptive,True,0.0001,40,0,26.14395734597149,12.5,0.0,14.158418539136619,63.574227134929764,49.824227134929764,13.75,18.0,1.0,0,0,39,1,7.0,11.0,22.0
422,1,right_lane,adaptive,True,0.0001,40,0,23.64391480462308,33.5,0.0,31.03430315495325,49.07666773737782,45.82666773737781,3.25,18.0,1.0,0,0,39,1,31.0,5.0,4.0
423,1,right_lane,adaptive,True,0.0001,40,0,22.768957234121675,14.5,0.0,14.448702903204321,57.17821070827382,44.428210708273824,12.75,18.0,1.0,0,0,39,1,11.0,7.0,22.0
424,1,right_lane,adaptive,True,0.0001,40,0,24.016461656101036,33.5,0.5,30.817072327819915,49.920581581989026,46.420581581989026,3.5,18.0,1.0,0,0,39,1,29.0,8.0,3.0
425,1,right_lane,adaptive,True,0.0001,40,0,25.50000000171446,31.0,0.5,30.91329049319029,52.79521292305333,48.79521292305333,4.0,18.0,1.0,0,0,40,0,30.0,4.0,6.0
426,1,right_lane,adaptive,True,0.0001,40,0,20.893957345971565,19.5,0.5,19.594396337866783,51.67805365854723,41.42805365854723,10.25,18.0,1.0,0,0,40,0,14.0,11.0,15.0
427,1,right_lane,adaptive,True,0.0001,40,0,24.268957345971053,18.0,0.5,19.594558384269476,57.328469847298585,46.828469847298585,10.5,18.0,1.0,0,0,40,0,15.0,8.0,17.0
428,1,right_lane,adaptive,True,0.0001,40,0,22.768957345971565,24.0,0.5,22.20916119425283,52.924277471386574,44.424277471386574,8.5,18.0,1.0,0,0,39,1,21.0,4.0,15.0
429,1,right_lane,adaptive,True,0.0001,40,0,21.768957345971565,40.0,0.0,37.07695358991623,42.8303317535545,42.8303317535545,0.0,18.0,1.0,0,0,40,0,40.0,0.0,0.0
430,1,right_lane,adaptive,True,0.0001,40,0,21.768957345971565,11.5,2.0,13.425290834158659,56.828471046163436,42.82847104616344,14.0,18.0,1.0,0,0,40,0,9.0,6.0,25.0
431,1,right_lane,adaptive,True,0.0001,40,0,20.893956596934782,12.0,0.0,13.597619283944368,54.930330534265444,41.43033053426545,13.5,18.0,1.0,0,0,40,0,11.0,4.0,25.0
432,1,right_lane,adaptive,True,0.0001,40,0,22.018957345971565,6.5,1.0,9.645353734493256,59.47847394930154,43.228473949301545,16.25,18.0,1.0,0,0,40,0,7.0,1.0,32.0
433,1,right_lane,adaptive,True,0.0001,40,0,24.62467200136896,29.5,0.0,27.52214783177442,52.89470243424374,47.39470243424373,5.5,18.0,1.0,0,0,39,1,25.0,8.0,7.0
434,1,right_lane,adaptive,True,0.0001,40,0,23.518957345941836,19.5,0.5,19.133367044072656,56.38032879072317,45.63032879072318,10.75,18.0,1.0,0,0,40,0,18.0,1.0,21.0
435,1,right_lane,adaptive,True,0.0001,40,0,21.76891406689101,10.0,2.0,11.90194072574377,58.074760336328424,42.82476033632842,15.25,18.0,1.0,0,0,40,0,5.0,9.0,26.0
436,1,right_lane,adaptive,True,0.0001,40,0,24.018957345971565,30.0,0.0,28.414127378811827,51.425614649916604,46.42561464991661,5.0,18.0,1.0,0,0,40,0,27.0,6.0,7.0
437,1,right_lane,adaptive,True,0.0001,29,1,24.50890666614123,22.5,0.0,20.935603460267885,37.97839555440914,34.22839555440913,3.75,18.0,1.0,0,0,29,0,21.0,1.0,7.0
438,1,right_lane,adaptive,True,0.0001,40,0,25.893628596392716,20.5,0.0,20.18617761497626,59.169321444561334,49.41932144456134,9.75,18.0,1.0,0,0,38,2,17.0,7.0,16.0
439,1,right_lane,adaptive,True,0.0001,40,0,22.643957345971565,36.0,0.0,33.22243369370699,46.4760292449355,44.2260292449355,2.25,18.0,1.0,0,0,40,0,34.0,3.0,3.0
440,1,right_lane,adaptive,True,0.0001,40,0,20.893957345971565,40.0,0.0,36.9457271695137,41.430331753554505,41.430331753554505,0.0,18.0,1.0,0,0,40,0,40.0,0.0,0.0
441,1,right_lane,adaptive,True,0.0001,14,1,28.51726473006011,2.0,0.0,2.573326842550898,24.767027602232883,18.767027602232883,6.0,18.0,1.0,0,0,13,1,1.0,2.0,11.0
442,1,right_lane,adaptive,True,0.0001,40,0,24.018957345971554,23.5,1.5,23.359841481084004,54.92342900977584,46.423429009775845,8.5,18.0,1.0,0,0,40,0,17.0,12.0,11.0
443,1,right_lane,adaptive,True,0.0001,40,0,22.500000001714447,28.5,0.0,27.258415165462793,49.74626933821292,43.996269338212926,5.75,18.0,1.0,0,0,39,1,27.0,3.0,10.0
444,1,right_lane,adaptive,True,0.0001,40,0,24.14395733317816,34.5,0.0,31.692856906149245,49.62626761271994,46.626267612719936,3.0,18.0,1.0,0,0,39,1,32.0,4.0,4.0
445,1,right_lane,adaptive,True,0.0001,40,0,22.393957345971565,19.5,0.5,19.40526782544248,53.828408082271295,43.8284080822713,10.0,18.0,1.0,0,0,39,1,16.0,8.0,16.0
446,1,right_lane,adaptive,True,0.0001,40,0,22.518957345971565,10.5,0.0,11.706375832095546,58.77835339945952,44.02835339945951,14.75,18.0,1.0,0,0,39,1,4.0,13.0,23.0
447,1,right_lane,adaptive,True,0.0001,40,0,25.14395734425377,4.5,0.5,5.335670470340801,66.48032261420059,48.230322614200595,18.25,18.0,1.0,0,0,36,4,3.0,1.0,36.0
448,1,right_lane,adaptive,True,0.0001,40,0,21.893919753400397,2.5,1.0,6.010024858100223,61.5284093347338,43.02840933473381,18.5,18.0,1.0,0,0,40,0,0.0,6.0,34.0
449,1,right_lane,adaptive,True,0.0001,40,0,23.75000009886436,3.0,0.0,5.940418269066868,64.24929202156055,45.999292021560564,18.25,18.0,1.0,0,0,39,1,0.0,7.0,33.0
450,1,right_lane,adaptive,True,0.0001,40,0,21.643957345971565,28.5,0.5,25.826049048813502,48.87898846752993,42.628988467529936,6.25,18.0,1.0,0,0,39,1,24.0,7.0,9.0
451,1,right_lane,adaptive,True,0.0001,40,0,24.89391405390157,22.5,0.5,21.673151526939364,57.07425681958723,47.82425681958724,9.25,18.0,1.0,0,0,39,1,17.0,9.0,14.0
452,1,right_lane,adaptive,True,0.0001,40,0,21.143957345971565,18.5,0.0,18.952433846890926,52.32939832968516,41.82939832968517,10.5,18.0,1.0,0,0,40,0,17.0,4.0,19.0
453,1,right_lane,adaptive,True,0.0001,40,0,25.51895734425659,7.0,0.0,9.084030760655878,64.82725434949973,48.827254349499725,16.0,18.0,1.0,0,0,38,2,6.0,4.0,30.0
454,1,right_lane,adaptive,True,0.0001,40,0,21.393957345971565,40.0,0.0,36.74467796087265,42.23033175355451,42.23033175355451,0.0,18.0,1.0,0,0,40,0,40.0,0.0,0.0
455,1,right_lane,adaptive,True,0.0001,40,0,22.50249644062177,24.0,0.5,23.695473670959473,52.003991348263185,44.003991348263185,8.0,18.0,1.0,0,0,40,0,23.0,2.0,15.0
456,1,right_lane,adaptive,True,0.0001,40,0,25.143957345941836,39.0,0.0,36.72731822729111,48.979638394913216,48.229638394913216,0.75,18.0,1.0,0,0,40,0,37.0,3.0,0.0
457,1,right_lane,adaptive,True,0.0001,40,0,22.018957345971565,39.5,0.0,35.589626491069794,43.978399108860906,43.228399108860906,0.75,18.0,1.0,0,0,40,0,38.0,1.0,1.0
458,1,right_lane,adaptive,True,0.0001,40,0,23.12749644062176,40.0,0.0,36.67217218875885,45.253060881126416,45.00306088112641,0.25,18.0,1.0,0,0,40,0,39.0,1.0,0.0
459,1,right_lane,adaptive,True,0.0001,40,0,22.143957345971565,10.5,0.0,12.526121586561203,58.17673569100354,43.42673569100354,14.75,18.0,1.0,0,0,40,0,7.0,7.0,26.0
460,1,right_lane,adaptive,True,0.0001,40,0,23.518957345971565,25.0,2.0,24.760881380430874,52.62704544222879,45.627045442228805,7.0,18.0,1.0,0,0,39,1,20.0,12.0,8.0
461,1,right_lane,adaptive,True,0.0001,40,0,22.518957345971554,23.5,1.5,23.92595325410366,51.7775822938248,44.0275822938248,7.75,18.0,1.0,0,0,40,0,19.0,11.0,10.0
462,1,right_lane,adaptive,True,0.0001,40,0,21.143957345971565,18.5,0.0,17.96659629046917,53.0803317535545,41.83033175355451,11.25,18.0,1.0,0,0,40,0,17.0,1.0,22.0
463,1,right_lane,adaptive,True,0.0001,40,0,23.643957345967713,31.0,0.0,28.65101770077854,50.824803753618696,45.824803753618696,5.0,18.0,1.0,0,0,39,1,28.0,4.0,8.0
464,1,right_lane,adaptive,True,0.0001,40,0,23.10853910766938,32.5,0.0,29.52374197302038,48.96971373310254,44.969713733102544,4.0,18.0,1.0,0,0,39,1,30.0,4.0,6.0
465,1,right_lane,adaptive,True,0.0001,40,0,21.893957345971565,15.0,1.0,16.789297446608543,55.52870484651463,43.02870484651463,12.5,18.0,1.0,0,0,40,0,12.0,6.0,22.0
466,1,right_lane,adaptive,True,0.0001,40,0,21.393957345971565,7.0,0.5,9.539882849901915,58.477060729382444,42.22706072938245,16.25,18.0,1.0,0,0,40,0,4.0,7.0,29.0
467,1,right_lane,adaptive,True,0.0001,40,0,23.500328749382295,9.0,0.5,9.874544627056821,61.0965383597519,45.5965383597519,15.5,18.0,1.0,0,0,39,1,1.0,16.0,23.0
468,1,right_lane,adaptive,True,0.0001,40,0,24.5189573459419,33.0,0.0,30.670891249770648,50.72497045459506,47.22497045459505,3.5,18.0,1.0,0,0,40,0,30.0,6.0,4.0
469,1,right_lane,adaptive,True,0.0001,40,0,20.893957345967657,39.5,0.0,35.95989055931568,42.17839840303769,41.42839840303769,0.75,18.0,1.0,0,0,40,0,38.0,1.0,1.0
470,1,right_lane,adaptive,True,0.0001,40,0,23.768957345971565,23.5,2.5,22.874154228693442,54.52704649587851,46.02704649587851,8.5,18.0,1.0,0,0,38,2,14.0,18.0,8.0
471,1,right_lane,adaptive,True,0.0001,40,0,24.266789654732086,28.0,0.0,25.306266856752245,53.322094530611956,46.822094530611956,6.5,18.0,1.0,0,0,39,1,25.0,4.0,11.0
472,1,right_lane,adaptive,True,0.0001,40,0,21.893957345971565,12.0,0.0,13.372037146240473,57.028320172874345,43.028320172874345,14.0,18.0,1.0,0,0,40,0,11.0,2.0,27.0
473,1,right_lane,adaptive,True,0.0001,40,0,23.393957345971565,11.5,0.0,14.15559708327055,59.17837714353317,45.42837714353317,13.75,18.0,1.0,0,0,40,0,12.0,1.0,27.0
474,1,right_lane,adaptive,True,0.0001,40,0,23.643957345971565,25.5,0.5,25.28793424642936,52.575469032429304,45.82546903242931,6.75,18.0,1.0,0,0,40,0,23.0,7.0,10.0
475,1,right_lane,adaptive,True,0.0001,40,0,23.481042654280035,35.5,0.0,35.4434877038002,47.56638542420378,45.56638542420378,2.0,18.0,1.0,0,0,40,0,32.0,8.0,0.0
476,1,right_lane,adaptive,True,0.0001,40,0,23.143957345971046,16.0,0.0,17.366329833690543,56.526179493046236,45.02617949304624,11.5,18.0,1.0,0,0,39,1,15.0,4.0,21.0
477,1,right_lane,adaptive,True,0.0001,40,0,21.39395239570556,5.5,0.0,6.828385673736193,59.478272506583174,42.228272506583174,17.25,18.0,1.0,0,0,39,1,0.0,11.0,29.0
478,1,right_lane,adaptive,True,0.0001,40,0,25.643957345941317,7.5,0.0,9.969655179000256,64.77510282258888,49.02510282258887,15.75,18.0,1.0,0,0,37,3,7.0,3.0,30.0
479,1,right_lane,adaptive,True,0.0001,11,1,26.43239401048844,11.0,0.0,10.73291164636612,13.830253364614917,13.830253364614917,0.0,18.0,1.0,0,0,11,0,11.0,0.0,0.0
480,1,right_lane,adaptive,True,0.0001,40,0,23.893957345971554,8.0,1.0,10.030364342272264,61.97727797313167,46.227277973131685,15.75,18.0,1.0,0,0,39,1,2.0,13.0,25.0
481,1,right_lane,adaptive,True,0.0001,40,0,23.393956595216483,14.5,0.5,14.704868024120515,58.17674825170121,45.426748251701206,12.75,18.0,1.0,0,0,38,2,10.0,9.0,21.0
482,1,right_lane,adaptive,True,0.0001,40,0,22.268957332756354,14.0,0.5,14.856603508961143,56.624053697756736,43.62405369775674,13.0,18.0,1.0,0,0,39,1,10.0,8.0,22.0
483,1,right_lane,adaptive,True,0.0001,40,0,23.768957345971565,15.5,0.5,16.898383274674416,58.525565405863105,46.025565405863105,12.5,18.0,1.0,0,0,40,0,13.0,4.0,23.0
484,1,right_lane,adaptive,True,0.0001,40,0,23.39395734597155,16.5,0.0,16.447175285837147,57.424794261067696,45.42479426106771,12.0,18.0,1.0,0,0,40,0,9.0,14.0,17.0
485,1,right_lane,adaptive,True,0.0001,40,0,21.768957260126378,0.0,0.5,2.6255737740184486,62.8303316162022,42.83033161620221,20.0,18.0,1.0,0,0,39,1,0.0,0.0,40.0
486,1,right_lane,adaptive,True,0.0001,40,0,20.643957345971565,40.0,0.0,37.80033653974533,41.030331753554506,41.030331753554506,0.0,18.0,1.0,0,0,40,0,40.0,0.0,0.0
487,1,right_lane,adaptive,True,0.0001,40,0,20.768957345971565,5.0,0.0,8.12099514901638,58.4783984043395,41.228398404339494,17.25,18.0,1.0,0,0,40,0,2.0,7.0,31.0
488,1,right_lane,adaptive,True,0.0001,40,0,24.143957345971565,29.0,0.0,27.25096496850165,52.12677584579609,46.626775845796104,5.5,18.0,1.0,0,0,40,0,26.0,6.0,8.0
489,1,right_lane,adaptive,True,0.0001,40,0,23.143957258411987,15.5,0.5,16.908022136098225,57.02753683883275,45.02753683883275,12.0,18.0,1.0,0,0,39,1,15.0,2.0,23.0
490,1,right_lane,adaptive,True,0.0001,40,0,22.643914152736198,25.5,0.5,23.53871111308763,51.98026128531435,44.23026128531435,7.75,18.0,1.0,0,0,39,1,24.0,1.0,15.0
491,1,right_lane,adaptive,True,0.0001,40,0,24.124999914184546,21.5,0.0,21.402946600148425,55.59424556746195,46.59424556746193,9.0,18.0,1.0,0,0,39,1,16.0,12.0,12.0
492,1,right_lane,adaptive,True,0.0001,40,0,23.143957345971554,8.5,0.5,10.380438870279704,60.778321354822815,45.02832135482281,15.75,18.0,1.0,0,0,39,1,7.0,3.0,30.0
493,1,right_lane,adaptive,True,0.0001,40,0,26.26646090534639,18.5,0.5,19.111051041751352,60.518842702677304,50.018842702677304,10.5,18.0,1.0,0,0,38,2,15.0,8.0,17.0
494,1,right_lane,adaptive,True,0.0001,40,0,23.518957345971046,18.5,0.0,17.757306952049476,56.87838027867992,45.62838027867992,11.25,18.0,1.0,0,0,38,2,17.0,1.0,22.0
495,1,right_lane,adaptive,True,0.0001,40,0,24.016181149084478,13.5,1.5,15.802183581682584,59.17402213252502,46.42402213252501,12.75,18.0,1.0,0,0,39,1,10.0,9.0,21.0
496,1,right_lane,adaptive,True,0.0001,40,0,23.268957345971565,35.5,0.5,33.967901326715946,46.98033175355451,45.23033175355451,1.75,18.0,1.0,0,0,40,0,36.0,1.0,3.0
497,1,right_lane,adaptive,True,0.0001,40,0,23.51613225463589,28.0,0.5,27.15481529075805,51.121008790652596,45.621008790652596,5.5,18.0,1.0,0,0,39,1,25.0,8.0,7.0
498,1,right_lane,adaptive,True,0.0001,40,0,21.8939573329563,25.0,0.5,24.135055471444502,50.52839890940139,43.02839890940138,7.5,18.0,1.0,0,0,40,0,21.0,8.0,11.0
499,1,right_lane,adaptive,True,0.0001,40,0,22.393957345971565,26.0,1.0,25.743579730391502,50.578228764922265,43.82822876492227,6.75,18.0,1.0,0,0,40,0,19.0,15.0,6.0
500,1,right_lane,adaptive,True,0.0001,40,0,21.893957345971565,7.0,1.0,8.496710674402038,59.52660345373579,43.0266034537358,16.5,18.0,1.0,0,0,39,1,6.0,2.0,32.0
501,1,right_lane,adaptive,True,0.0001,40,0,22.268957345971565,0.0,0.0,3.0751189963957586,63.63033175355451,43.6303317535545,20.0,18.0,1.0,0,0,38,2,0.0,0.0,40.0
502,1,right_lane,adaptive,True,0.0001,40,0,22.643957345971565,1.5,0.0,4.868037489053677,62.97673881118749,44.22673881118749,18.75,18.0,1.0,0,0,40,0,1.0,3.0,36.0
503,1,right_lane,adaptive,True,0.0001,40,0,23.874956722633907,13.0,1.5,13.645813848896978,59.94822191423281,46.198221914232796,13.75,18.0,1.0,0,0,39,1,9.0,7.0,24.0
504,1,right_lane,adaptive,True,0.0001,40,0,21.143957345971565,38.0,1.0,35.36200425028801,42.829315095365224,41.829315095365224,1.0,18.0,1.0,0,0,40,0,36.0,4.0,0.0
505,1,right_lane,adaptive,True,0.0001,40,0,23.606049105796927,7.0,-0.5,8.53550186969369,62.2659626912247,45.765962691224715,16.5,18.0,1.0,0,0,40,0,4.0,6.0,30.0
506,1,right_lane,adaptive,True,0.0001,40,0,22.893957345971565,25.5,0.0,23.784338124125497,51.878929655045106,44.62892965504511,7.25,18.0,1.0,0,0,39,1,20.0,11.0,9.0
507,1,right_lane,adaptive,True,0.0001,40,0,21.768957345971565,30.5,0.0,28.278001263464375,47.828436118052984,42.828436118052984,5.0,18.0,1.0,0,0,39,1,27.0,6.0,7.0
508,1,right_lane,adaptive,True,0.0001,40,0,21.51895724713693,34.5,0.0,31.3967357952738,45.67847103126643,42.42847103126644,3.25,18.0,1.0,0,0,39,1,33.0,1.0,6.0
509,1,right_lane,adaptive,True,0.0001,40,0,23.2689573329529,16.5,0.0,17.567244624823616,56.476131754494396,45.22613175449439,11.25,18.0,1.0,0,0,39,1,14.0,7.0,19.0
510,1,right_lane,adaptive,True,0.0001,40,0,24.643956593539507,13.0,0.0,13.637071195668,60.671798744522704,47.421798744522704,13.25,18.0,1.0,0,0,38,2,9.0,9.0,22.0
511,1,right_lane,adaptive,True,0.0001,40,0,20.893957345971565,40.0,0.0,38.505160093307495,41.67939766774115,41.42939766774115,0.25,18.0,1.0,0,0,40,0,39.0,1.0,0.0
512,1,right_lane,adaptive,True,0.0001,40,0,20.518957345971565,19.0,1.0,18.624713219702244,51.58026643038966,40.830266430389656,10.75,18.0,1.0,0,0,40,0,14.0,9.0,17.0
513,1,right_lane,adaptive,True,0.0001,40,0,23.393671888689,20.5,1.0,20.29561436106451,55.42197479140633,45.42197479140633,10.0,18.0,1.0,0,0,40,0,10.0,20.0,10.0
514,1,right_lane,adaptive,True,0.0001,40,0,21.893957345971565,33.5,1.5,31.504871726036072,46.27846317970753,43.02846317970752,3.25,18.0,1.0,0,0,40,0,27.0,13.0,0.0
515,1,right_lane,adaptive,True,0.0001,40,0,25.766460892330628,17.0,0.0,16.620990266750937,60.96987249291006,49.21987249291006,11.75,18.0,1.0,0,0,38,2,11.0,11.0,18.0
516,1,right_lane,adaptive,True,0.0001,40,0,24.518957345745722,21.0,0.0,20.23030102377129,56.97773861032387,47.22773861032387,9.75,18.0,1.0,0,0,37,3,15.0,11.0,14.0
517,1,right_lane,adaptive,True,0.0001,40,0,23.391461656101036,39.0,0.0,35.92051410675049,45.92405169483727,45.42405169483727,0.5,18.0,1.0,0,0,40,0,38.0,2.0,0.0
518,1,right_lane,adaptive,True,0.0001,40,0,22.51895734597105,32.0,0.0,29.052930846118443,48.52860469187467,44.02860469187467,4.5,18.0,1.0,0,0,39,1,28.0,6.0,6.0
519,1,right_lane,adaptive,True,0.0001,40,0,23.250043292099726,31.5,0.0,29.294991123054388,49.44672159602851,45.19672159602852,4.25,18.0,1.0,0,0,39,1,30.0,3.0,7.0
520,1,right_lane,adaptive,True,0.0001,40,0,21.64395734426102,12.0,1.0,13.76535527408123,56.37805173469429,42.62805173469429,13.75,18.0,1.0,0,0,40,0,7.0,11.0,22.0
521,1,right_lane,adaptive,True,0.0001,40,0,22.268957345971565,14.0,0.0,15.575954455069223,56.126048804149704,43.626048804149704,12.5,18.0,1.0,0,0,39,1,7.0,16.0,17.0
522,1,right_lane,adaptive,True,0.0001,40,0,24.143957345971497,11.0,0.0,12.790197716583862,60.6245368689601,46.624536868960114,14.0,18.0,1.0,0,0,39,1,8.0,8.0,24.0
523,1,right_lane,adaptive,True,0.0001,40,0,22.14391406689101,20.5,0.5,19.89562375877722,53.67891661822014,43.42891661822015,10.25,18.0,1.0,0,0,40,0,8.0,23.0,9.0
524,1,right_lane,adaptive,True,0.0001,40,0,23.268957345967713,17.0,1.0,18.594647074396562,56.725408228573954,45.225408228573954,11.5,18.0,1.0,0,0,39,1,6.0,22.0,12.0
525,1,right_lane,adaptive,True,0.0001,40,0,23.768957345971565,16.5,0.0,18.784503370523453,57.27847104583558,46.02847104583557,11.25,18.0,1.0,0,0,40,0,17.0,1.0,22.0
526,1,right_lane,adaptive,True,0.0001,40,0,22.268957345971565,39.0,0.0,36.80739498138428,44.628704849618906,43.628704849618906,1.0,18.0,1.0,0,0,40,0,37.0,2.0,1.0
527,1,right_lane,adaptive,True,0.0001,40,0,23.752496429317056,20.5,0.0,21.2502485178411,55.25399410790038,46.003994107900375,9.25,18.0,1.0,0,0,40,0,21.0,1.0,18.0
528,1,right_lane,adaptive,True,0.0001,40,0,21.518957345971565,38.5,0.0,36.5604787170887,42.680331753554505,42.430331753554505,0.25,18.0,1.0,0,0,40,0,39.0,1.0,0.0
529,1,right_lane,adaptive,True,0.0001,40,0,21.518957345971558,17.5,0.5,17.357192393392324,53.92752774515401,42.42752774515401,11.5,18.0,1.0,0,0,40,0,6.0,22.0,12.0
530,1,right_lane,adaptive,True,0.0001,40,0,22.768957345971565,13.5,0.0,15.261330704860939,57.42726724815074,44.427267248150734,13.0,18.0,1.0,0,0,39,1,3.0,22.0,15.0
531,1,right_lane,adaptive,True,0.0001,40,0,23.500000013019175,25.0,0.0,23.89658229767042,53.096207207341706,45.59620720734171,7.5,18.0,1.0,0,0,38,2,24.0,2.0,14.0
532,1,right_lane,adaptive,True,0.0001,40,0,22.393957345971565,40.0,0.0,36.61901116371155,43.8303317535545,43.8303317535545,0.0,18.0,1.0,0,0,40,0,40.0,0.0,0.0
533,1,right_lane,adaptive,True,0.0001,40,0,21.643957345971565,0.0,1.0,3.7151501129565077,62.63033175355449,42.6303317535545,20.0,18.0,1.0,0,0,38,2,0.0,0.0,40.0
534,1,right_lane,adaptive,True,0.0001,40,0,27.6249999013614,21.5,0.0,21.88758072886708,60.94311329162906,52.19311329162906,8.75,18.0,1.0,0,0,39,1,19.0,7.0,14.0
535,1,right_lane,adaptive,True,0.0001,40,0,23.768957345971565,17.0,1.0,17.95010340815861,57.273466955044725,46.02346695504473,11.25,18.0,1.0,0,0,39,1,8.0,19.0,13.0
536,1,right_lane,adaptive,True,0.0001,40,0,20.393957345971565,3.5,0.0,5.904197499155998,58.88032277006408,40.63032277006408,18.25,18.0,1.0,0,0,40,0,0.0,7.0,33.0
537,1,right_lane,adaptive,True,0.0001,40,0,22.768957345971565,16.0,3.5,15.903888757157347,56.67939413707096,44.429394137070965,12.25,18.0,1.0,0,0,39,1,3.0,25.0,12.0
538,1,right_lane,adaptive,True,0.0001,40,0,22.518957345971565,9.5,0.0,12.23141661286354,58.77511379603386,44.02511379603385,14.75,18.0,1.0,0,0,40,0,9.0,3.0,28.0
539,1,right_lane,adaptive,True,0.0001,40,0,23.018957345971565,6.0,0.0,9.111079803701614,61.328915476617,44.82891547661699,16.5,18.0,1.0,0,0,39,1,6.0,2.0,32.0
540,1,right_lane,adaptive,True,0.0001,40,0,23.268957345971565,3.0,0.0,5.047890267936054,63.72725550686936,45.22725550686937,18.5,18.0,1.0,0,0,39,1,1.0,4.0,35.0
541,1,right_lane,adaptive,True,0.0001,40,0,22.518957345971565,36.0,0.5,33.72203317284584,46.026638604729875,44.026638604729875,2.0,18.0,1.0,0,0,40,0,32.0,8.0,0.0
542,1,right_lane,adaptive,True,0.0001,40,0,21.393957345971565,17.0,0.5,18.165309607982635,53.728398036317195,42.228398036317195,11.5,18.0,1.0,0,0,40,0,15.0,4.0,21.0
543,1,right_lane,adaptive,True,0.0001,40,0,23.518956596934782,29.5,2.0,28.610672265291214,50.62845210517327,45.628452105173274,5.0,18.0,1.0,0,0,40,0,20.0,20.0,0.0
544,1,right_lane,adaptive,True,0.0001,40,0,21.518957345971565,36.5,0.5,33.4778059348464,44.67981191500685,42.42981191500686,2.25,18.0,1.0,0,0,40,0,35.0,1.0,4.0
545,1,right_lane,adaptive,True,0.0001,40,0,21.518957345971565,0.0,1.5,3.8696278539209743,62.430331753554505,42.430331753554505,20.0,18.0,1.0,0,0,39,1,0.0,0.0,40.0
546,1,right_lane,adaptive,True,0.0001,40,0,21.268957345971565,27.0,0.0,26.713769614696503,48.280331753145724,42.030331753145724,6.25,18.0,1.0,0,0,40,0,15.0,25.0,0.0
547,1,right_lane,adaptive,True,0.0001,40,0,24.768957345971565,17.5,0.5,17.99369664266851,58.62799560102158,47.62799560102159,11.0,18.0,1.0,0,0,39,1,15.0,6.0,19.0
548,1,right_lane,adaptive,True,0.0001,40,0,20.893957345971565,15.0,2.5,15.812687668949366,53.67939766499802,41.42939766499802,12.25,18.0,1.0,0,0,40,0,14.0,3.0,23.0
549,1,right_lane,adaptive,True,0.0001,40,0,21.141789654732086,1.5,1.5,5.307620363309979,60.574920501209824,41.824920501209824,18.75,18.0,1.0,0,0,40,0,1.0,3.0,36.0
550,1,right_lane,adaptive,True,0.0001,40,0,22.143957345971565,0.5,1.0,3.2323498898023217,62.92963839496079,43.429638394960776,19.5,18.0,1.0,0,0,39,1,0.0,2.0,38.0
551,1,right_lane,adaptive,True,0.0001,40,0,21.752167691465253,15.5,3.0,16.352529302239418,55.30161375658361,42.80161375658361,12.5,18.0,1.0,0,0,40,0,7.0,16.0,17.0
552,1,right_lane,adaptive,True,0.0001,40,0,21.893957344257622,13.0,0.0,13.130057690574176,56.778475129116075,43.028475129116075,13.75,18.0,1.0,0,0,39,1,11.0,3.0,26.0
553,1,right_lane,adaptive,True,0.0001,40,0,21.768957345971565,28.0,0.0,26.012858191390478,49.07839840304393,42.828398403043934,6.25,18.0,1.0,0,0,39,1,26.0,3.0,11.0
554,1,right_lane,adaptive,True,0.0001,40,0,22.500005701017248,6.5,1.0,9.396938365905953,60.74907741940333,43.99907741940333,16.75,18.0,1.0,0,0,39,1,0.0,13.0,27.0
555,1,right_lane,adaptive,True,0.0001,40,0,23.143957234092458,15.5,0.0,15.633090681298654,57.77439083526786,45.024390835267866,12.75,18.0,1.0,0,0,39,1,12.0,5.0,23.0
556,1,right_lane,adaptive,True,0.0001,40,0,24.018957345971565,31.5,0.5,29.432411542810314,50.67443337963404,46.424433379634024,4.25,18.0,1.0,0,0,39,1,28.0,7.0,5.0
557,1,right_lane,adaptive,True,0.0001,40,0,22.143957345971565,12.0,0.0,14.052669532597065,57.42704908445825,43.427049084458254,14.0,18.0,1.0,0,0,40,0,10.0,4.0,26.0
558,1,right_lane,adaptive,True,0.0001,40,0,22.768957345971508,21.0,0.5,21.236069819164186,53.92634915832498,44.426349158324975,9.5,18.0,1.0,0,0,39,1,18.0,6.0,16.0
559,1,right_lane,adaptive,True,0.0001,40,0,22.768957345716643,40.0,0.0,36.88482666015625,44.43033175314664,44.43033175314664,0.0,18.0,1.0,0,0,40,0,40.0,0.0,0.0
560,1,right_lane,adaptive,True,0.0001,40,0,21.018957345971565,2.5,0.5,6.534515775740147,59.87839840434149,41.628398404341496,18.25,18.0,1.0,0,0,40,0,1.0,5.0,34.0
561,1,right_lane,adaptive,True,0.0001,21,1,24.083728089728,8.0,0.5,8.80085705544343,30.426057800031515,24.42605780003152,6.0,18.0,1.0,0,0,20,1,6.0,6.0,9.0
562,1,right_lane,adaptive,True,0.0001,40,0,25.393951547804928,2.0,0.0,4.285790432053545,67.37792014801182,48.6279201480118,18.75,18.0,1.0,0,0,38,2,1.0,3.0,36.0
563,1,right_lane,adaptive,True,0.0001,40,0,23.018957345971565,31.0,0.0,28.468329107565296,49.32646292980844,44.826462929808436,4.5,18.0,1.0,0,0,39,1,30.0,2.0,8.0
564,1,right_lane,adaptive,True,0.0001,40,0,22.393957345971565,24.0,0.0,22.129047456855915,52.32550771974373,43.82550771974373,8.5,18.0,1.0,0,0,39,1,19.0,8.0,13.0
565,1,right_lane,adaptive,True,0.0001,40,0,21.643957345971565,0.5,2.0,4.091023779230454,62.37853519056678,42.62853519056677,19.75,18.0,1.0,0,0,39,1,0.0,1.0,39.0
566,1,right_lane,adaptive,True,0.0001,40,0,22.87749644062177,14.5,0.0,15.17251481115818,57.60110698518746,44.60110698518746,13.0,18.0,1.0,0,0,40,0,6.0,16.0,18.0
567,1,right_lane,adaptive,True,0.0001,40,0,23.018957345971565,32.0,0.0,29.139420449733734,49.32805678228472,44.828056782284705,4.5,18.0,1.0,0,0,40,0,23.0,16.0,1.0
568,1,right_lane,adaptive,True,0.0001,40,0,23.268957345971565,17.5,1.0,18.40268460661173,56.2284452350887,45.2284452350887,11.0,18.0,1.0,0,0,40,0,13.0,10.0,17.0
569,1,right_lane,adaptive,True,0.0001,40,0,21.643957345971565,4.0,0.0,4.517383240309755,60.62644727848594,42.62644727848594,18.0,18.0,1.0,0,0,33,7,3.0,2.0,35.0
570,1,right_lane,adaptive,True,0.0001,40,0,26.5024964389034,17.0,0.5,16.1306848598781,62.399564230638056,50.39956423063804,12.0,18.0,1.0,0,0,39,1,12.0,8.0,20.0
571,1,right_lane,adaptive,True,0.0001,40,0,28.87250355940797,28.0,0.5,27.133756362251006,60.43985670614606,54.18985670614606,6.25,18.0,1.0,0,0,40,0,21.0,13.0,6.0
572,1,right_lane,adaptive,True,0.0001,40,0,24.981372154161892,24.5,1.0,23.45125949704402,55.9682966932368,47.9682966932368,8.0,18.0,1.0,0,0,38,2,23.0,2.0,15.0
573,1,right_lane,adaptive,True,0.0001,40,0,21.018957345971565,29.0,0.0,27.1895287707448,47.6261157389594,41.6261157389594,6.0,18.0,1.0,0,0,40,0,26.0,4.0,10.0
574,1,right_lane,adaptive,True,0.0001,40,0,23.250043292099726,0.5,0.0,3.310330076697028,64.69774061554762,45.19774061554761,19.5,18.0,1.0,0,0,39,1,0.0,2.0,38.0
575,1,right_lane,adaptive,True,0.0001,40,0,24.233495815569654,9.5,0.0,11.219396865432373,61.76912142284384,46.76912142284385,15.0,18.0,1.0,0,0,39,1,8.0,4.0,28.0
576,1,right_lane,adaptive,True,0.0001,40,0,24.268957345971565,35.5,2.5,34.02626442909241,48.828280171991494,46.8282801719915,2.0,18.0,1.0,0,0,40,0,32.0,8.0,0.0
577,1,right_lane,adaptive,True,0.0001,40,0,22.893957345971565,7.0,0.0,9.29339826629257,60.876011238397766,44.626011238397766,16.25,18.0,1.0,0,0,39,1,0.0,15.0,25.0
578,1,right_lane,adaptive,True,0.0001,40,0,21.643957345971565,31.5,0.0,29.33548280596733,47.1283991088609,42.6283991088609,4.5,18.0,1.0,0,0,40,0,23.0,16.0,1.0
579,1,right_lane,adaptive,True,0.0001,40,0,21.893957345971565,4.5,0.0,7.169611319899559,60.278894010221805,43.02889401022181,17.25,18.0,1.0,0,0,40,0,5.0,1.0,34.0
580,1,right_lane,adaptive,True,0.0001,40,0,25.143951646635138,16.5,0.5,17.689214675687253,59.72528038922238,48.225280389222384,11.5,18.0,1.0,0,0,40,0,11.0,12.0,17.0
581,1,right_lane,adaptive,True,0.0001,40,0,21.874677702386197,1.5,0.0,3.876094665378332,62.74853397780288,42.998533977802886,19.75,18.0,1.0,0,0,40,0,0.0,1.0,39.0
582,1,right_lane,adaptive,True,0.0001,40,0,22.98104350364404,13.0,0.0,14.274954256454293,58.01704557743781,44.76704557743782,13.25,18.0,1.0,0,0,35,5,5.0,17.0,18.0
583,1,right_lane,adaptive,True,0.0001,40,0,24.018957345971494,25.0,0.0,22.877955282972835,54.177097366745556,46.427097366745556,7.75,18.0,1.0,0,0,37,3,23.0,3.0,14.0
584,1,right_lane,adaptive,True,0.0001,40,0,22.518957345971565,30.5,0.0,28.294953122448533,49.27837954811478,44.02837954811478,5.25,18.0,1.0,0,0,38,2,29.0,1.0,10.0
585,1,right_lane,adaptive,True,0.0001,40,0,24.518957345971565,17.0,0.5,18.185991302132607,58.72818582757262,47.22818582757262,11.5,18.0,1.0,0,0,40,0,7.0,20.0,13.0
586,1,right_lane,adaptive,True,0.0001,40,0,23.393957345971565,16.5,2.0,18.521570667624474,56.92839802984675,45.42839802984675,11.5,18.0,1.0,0,0,40,0,14.0,6.0,20.0
587,1,right_lane,adaptive,True,0.0001,40,0,22.393957345971565,6.5,0.0,8.555148625563106,60.57452098216281,43.8245209821628,16.75,18.0,1.0,0,0,38,2,4.0,5.0,31.0
588,1,right_lane,adaptive,True,0.0001,40,0,23.393957345971565,11.5,1.5,14.188934937119484,59.42744371966499,45.427443719664986,14.0,18.0,1.0,0,0,40,0,11.0,2.0,27.0
589,1,right_lane,adaptive,True,0.0001,40,0,21.64395733317816,27.5,1.0,25.681430840400935,48.87860303030927,42.62860303030928,6.25,18.0,1.0,0,0,39,1,26.0,3.0,11.0
590,1,right_lane,adaptive,True,0.0001,40,0,25.252130100156936,13.0,2.0,15.135570484681466,61.64843470906505,48.398434709065064,13.25,18.0,1.0,0,0,39,1,4.0,19.0,17.0
591,1,right_lane,adaptive,True,0.0001,40,0,22.518957345971565,4.0,0.0,6.699049510376881,61.7796293910009,44.0296293910009,17.75,18.0,1.0,0,0,39,1,0.0,9.0,31.0
592,1,right_lane,adaptive,True,0.0001,9,1,29.360189581079535,8.0,0.0,7.729529976844788,13.118266888697658,12.368266888697658,0.75,18.0,1.0,0,0,9,0,6.0,3.0,0.0
593,1,right_lane,adaptive,True,0.0001,40,0,25.87500074881499,30.0,1.0,28.988342344760895,54.894806108149915,49.394806108149915,5.5,18.0,1.0,0,0,40,0,19.0,20.0,1.0
594,1,right_lane,adaptive,True,0.0001,40,0,24.643957345716572,17.5,0.5,18.612059636634058,58.17846351677291,47.42846351677291,10.75,18.0,1.0,0,0,39,1,17.0,3.0,20.0
595,1,right_lane,adaptive,True,0.0001,40,0,25.768956594994563,12.0,0.0,13.215486609426534,62.72537545906896,49.22537545906896,13.5,18.0,1.0,0,0,39,1,10.0,6.0,24.0
596,1,right_lane,adaptive,True,0.0001,40,0,21.268957345941395,6.0,1.0,7.333487991796574,59.27938130598227,42.02938130598227,17.25,18.0,1.0,0,0,40,0,0.0,11.0,29.0
597,1,right_lane,adaptive,True,0.0001,40,0,22.481042765911972,27.5,1.5,25.23667850672382,50.716294901932926,43.966294901932926,6.75,18.0,1.0,0,0,39,1,20.0,13.0,7.0
598,1,right_lane,adaptive,True,0.0001,17,1,22.39754669587245,16.0,0.0,15.089648976922035,19.628461514142682,18.62846151414268,1.0,18.0,1.0,0,0,17,0,14.0,2.0,1.0
599,1,right_lane,adaptive,True,0.0001,40,0,25.393957345971565,18.5,0.5,19.176240533273813,59.377256285785066,48.62725628578505,10.75,18.0,1.0,0,0,38,2,13.0,11.0,16.0
600,1,right_lane,adaptive,True,0.0001,40,0,22.268957345971565,14.0,4.0,16.60234721750021,56.12897816824552,43.62897816824552,12.5,18.0,1.0,0,0,40,0,11.0,8.0,21.0
601,1,right_lane,adaptive,True,0.0001,40,0,20.643957345971565,14.0,0.0,14.85705491900444,54.029397664998534,41.029397664998534,13.0,18.0,1.0,0,0,40,0,0.0,28.0,12.0
602,1,right_lane,adaptive,True,0.0001,40,0,20.518957345971565,3.0,1.5,6.357413209974766,59.327536639600034,40.827536639600034,18.5,18.0,1.0,0,0,40,0,0.0,6.0,34.0
603,1,right_lane,adaptive,True,0.0001,40,0,23.268957345971565,26.5,2.0,25.904883725737818,51.72702885095385,45.22702885095385,6.5,18.0,1.0,0,0,39,1,19.0,16.0,5.0
604,1,right_lane,adaptive,True,0.0001,40,0,21.518957345971565,7.0,0.5,9.0416233091903,58.67939832968611,42.42939832968611,16.25,18.0,1.0,0,0,39,1,0.0,15.0,25.0
605,1,right_lane,adaptive,True,0.0001,40,0,23.893957344257096,24.0,0.5,24.746571633964777,53.72703647571907,46.22703647571907,7.5,18.0,1.0,0,0,40,0,22.0,6.0,12.0
606,1,right_lane,adaptive,True,0.0001,40,0,21.018957334666784,10.5,0.5,12.261389281600714,56.12899121133607,41.62899121133606,14.5,18.0,1.0,0,0,40,0,6.0,10.0,24.0
607,1,right_lane,adaptive,True,0.0001,40,0,21.89395659522039,23.5,1.0,22.649723451584578,51.52752745585465,43.02752745585465,8.5,18.0,1.0,0,0,40,0,16.0,14.0,10.0
608,1,right_lane,adaptive,True,0.0001,15,1,24.38388621663466,10.5,0.5,9.813870839774609,20.128917135075515,17.628917135075515,2.5,18.0,1.0,0,0,15,0,9.0,2.0,4.0
609,1,right_lane,adaptive,True,0.0001,40,0,21.3939140555863,10.5,1.0,11.982792742550373,57.48025952920407,42.23025952920407,15.25,18.0,1.0,0,0,40,0,9.0,1.0,30.0
610,1,right_lane,adaptive,True,0.0001,40,0,25.268914055360522,19.5,0.0,18.59412463205956,58.9221523143061,48.42215231430611,10.5,18.0,1.0,0,0,37,3,16.0,6.0,18.0
611,1,right_lane,adaptive,True,0.0001,40,0,22.500043292099726,38.0,0.0,34.798703491687775,44.99883875454126,43.99883875454126,1.0,18.0,1.0,0,0,40,0,36.0,4.0,0.0
612,1,right_lane,adaptive,True,0.0001,40,0,20.393957345971565,9.0,0.5,11.795988723635674,55.62799210102002,40.62799210102002,15.0,18.0,1.0,0,0,40,0,3.0,14.0,23.0
613,1,right_lane,adaptive,True,0.0001,40,0,25.393957345937917,11.0,0.0,12.873083407258719,62.62568673909425,48.62568673909424,14.0,18.0,1.0,0,0,38,2,6.0,12.0,22.0
614,1,right_lane,adaptive,True,0.0001,40,0,26.268913303120666,15.0,0.0,15.351764947477477,62.5238917104738,50.02389171047379,12.5,18.0,1.0,0,0,38,2,7.0,16.0,17.0
615,1,right_lane,adaptive,True,0.0001,40,0,24.247504310355243,32.5,0.5,31.003378711474397,50.04297187952374,46.79297187952374,3.25,18.0,1.0,0,0,39,1,30.0,7.0,3.0
616,1,right_lane,adaptive,True,0.0001,40,0,23.018957345971565,7.0,0.0,9.426073205657303,61.07531648216152,44.825316482161526,16.25,18.0,1.0,0,0,40,0,4.0,7.0,29.0
617,1,right_lane,adaptive,True,0.0001,40,0,24.018957345937917,10.5,0.0,12.542465971928323,61.17358851777363,46.42358851777362,14.75,18.0,1.0,0,0,40,0,4.0,13.0,23.0
618,1,right_lane,adaptive,True,0.0001,40,0,21.643957345971565,39.5,0.0,36.22205477952957,43.128003336475714,42.628003336475714,0.5,18.0,1.0,0,0,40,0,38.0,2.0,0.0
619,1,right_lane,adaptive,True,0.0001,40,0,22.12749644062177,3.0,0.0,5.391192752435018,61.40002398596631,43.4000239859663,18.0,18.0,1.0,0,0,39,1,2.0,4.0,34.0
620,1,right_lane,adaptive,True,0.0001,40,0,22.752491490355766,1.5,1.0,3.6174408286656217,63.6526537449962,44.4026537449962,19.25,18.0,1.0,0,0,39,1,0.0,3.0,37.0
621,1,right_lane,adaptive,True,0.0001,40,0,20.643957345971565,4.5,0.0,6.680552594363689,59.030331753554506,41.030331753554506,18.0,18.0,1.0,0,0,40,0,0.0,8.0,32.0
622,1,right_lane,adaptive,True,0.0001,40,0,25.018956595220327,28.5,0.5,28.07733789458871,53.52547468796265,48.02547468796266,5.5,18.0,1.0,0,0,40,0,26.0,6.0,8.0
623,1,right_lane,adaptive,True,0.0001,40,0,23.768629347340514,15.5,1.0,15.092114727264743,58.77980695537733,46.029806955377325,12.75,18.0,1.0,0,0,38,2,14.0,1.0,25.0
624,1,right_lane,adaptive,True,0.0001,40,0,22.893957345971565,9.0,0.0,10.217925177550569,60.377475635407855,44.627475635407855,15.75,18.0,1.0,0,0,39,1,4.0,9.0,27.0
625,1,right_lane,adaptive,True,0.0001,40,0,24.268951644728546,30.0,1.0,28.505990743637085,52.07634154772633,46.82634154772632,5.25,18.0,1.0,0,0,40,0,23.0,13.0,4.0
626,1,right_lane,adaptive,True,0.0001,40,0,23.143951546119695,26.0,0.5,25.267895584591315,51.77586918124681,45.02586918124681,6.75,18.0,1.0,0,0,40,0,24.0,5.0,11.0
627,1,right_lane,adaptive,True,0.0001,40,0,23.625005701017237,1.0,0.0,3.675467936314817,65.29860331048674,45.79860331048673,19.5,18.0,1.0,0,0,40,0,0.0,2.0,38.0
628,1,right_lane,adaptive,True,0.0001,40,0,23.01895724713693,28.0,1.0,27.693227730691433,50.57543733564513,44.82543733564513,5.75,18.0,1.0,0,0,40,0,19.0,19.0,2.0
629,1,right_lane,adaptive,True,0.0001,40,0,25.393957345971494,12.5,0.0,14.873905180817019,61.8770454375364,48.627045437536395,13.25,18.0,1.0,0,0,39,1,8.0,11.0,21.0
630,1,right_lane,adaptive,True,0.0001,40,0,21.393957345971565,9.0,2.0,10.70313960686326,57.72889580506985,42.22889580506985,15.5,18.0,1.0,0,0,40,0,8.0,2.0,30.0
631,1,right_lane,adaptive,True,0.0001,40,0,21.143957345971565,30.5,1.0,30.3596326187253,46.578398404340774,41.828398404340774,4.75,18.0,1.0,0,0,40,0,28.0,5.0,7.0
632,1,right_lane,adaptive,True,0.0001,40,0,21.625005701017248,13.0,0.5,13.03735225694254,56.600009090645756,42.60000909064576,14.0,18.0,1.0,0,0,40,0,6.0,12.0,22.0
633,1,right_lane,adaptive,True,0.0001,40,0,23.01895734597149,10.5,0.0,12.881325207650661,59.32439389110303,44.82439389110302,14.5,18.0,1.0,0,0,40,0,5.0,12.0,23.0
634,1,right_lane,adaptive,True,0.0001,40,0,21.018957345971565,7.5,0.5,9.845911178333154,57.62839840434077,41.62839840434077,16.0,18.0,1.0,0,0,34,6,1.0,14.0,25.0
635,1,right_lane,adaptive,True,0.0001,40,0,21.518957345971565,0.5,0.0,4.486343559779925,61.67839840507327,42.42839840507327,19.25,18.0,1.0,0,0,40,0,1.0,1.0,38.0
636,1,right_lane,adaptive,True,0.0001,40,0,24.643957345971565,15.0,0.5,16.226615730673075,60.176321963820165,47.426321963820165,12.75,18.0,1.0,0,0,40,0,9.0,11.0,20.0
637,1,right_lane,adaptive,True,0.0001,40,0,22.00249644062177,10.5,0.5,10.570289620623953,57.69932805328233,43.19932805328233,14.5,18.0,1.0,0,0,29,11,7.0,8.0,25.0
638,1,right_lane,adaptive,True,0.0001,40,0,22.393957345971565,4.0,0.0,7.027613584269602,61.82844883501846,43.82844883501846,18.0,18.0,1.0,0,0,39,1,0.0,8.0,32.0
639,1,right_lane,adaptive,True,0.0001,40,0,24.518957345716128,19.0,0.0,17.403610492252255,58.22806792310436,47.22806792310435,11.0,18.0,1.0,0,0,39,1,14.0,8.0,18.0
640,1,right_lane,adaptive,True,0.0001,40,0,25.76895734597098,25.5,0.5,24.308658971465775,56.72624846232228,49.226248462322275,7.5,18.0,1.0,0,0,39,1,18.0,14.0,8.0
641,1,right_lane,adaptive,True,0.0001,40,0,26.766132169212447,24.5,0.5,24.649908596649766,58.56918817332154,50.81918817332154,7.75,18.0,1.0,0,0,40,0,22.0,5.0,13.0
642,1,right_lane,adaptive,True,0.0001,40,0,23.393957345971565,32.0,0.5,29.934482417891104,49.42665341767578,45.42665341767578,4.0,18.0,1.0,0,0,39,1,29.0,6.0,5.0
643,1,right_lane,adaptive,True,0.0001,16,1,24.952608516235173,8.0,1.0,8.032237936742604,23.166882895359812,19.166882895359812,4.0,18.0,1.0,0,0,16,0,6.0,4.0,6.0
644,1,right_lane,adaptive,True,0.0001,40,0,22.143957345971565,3.0,3.5,5.965154363305828,61.9298096823977,43.4298096823977,18.5,18.0,1.0,0,0,39,1,0.0,6.0,34.0
645,1,right_lane,adaptive,True,0.0001,40,0,21.643957345971565,10.0,0.5,11.533861875534058,57.877953018665565,42.627953018665565,15.25,18.0,1.0,0,0,40,0,1.0,17.0,22.0
646,1,right_lane,adaptive,True,0.0001,40,0,21.643957345971565,1.5,1.0,4.708403686818201,61.37832984143876,42.62832984143877,18.75,18.0,1.0,0,0,39,1,1.0,3.0,36.0
647,1,right_lane,adaptive,True,0.0001,40,0,23.268957345971565,19.0,0.5,18.96974135230812,55.72773800702951,45.22773800702951,10.5,18.0,1.0,0,0,39,1,10.0,18.0,12.0
648,1,right_lane,adaptive,True,0.0001,40,0,22.143957345971565,7.0,0.0,8.92294892296195,59.926443843008244,43.42644384300824,16.5,18.0,1.0,0,0,40,0,6.0,2.0,32.0
649,1,right_lane,adaptive,True,0.0001,40,0,21.768957345967646,32.5,1.5,30.55033814907074,46.579405823938714,42.82940582393871,3.75,18.0,1.0,0,0,40,0,25.0,15.0,0.0
650,1,right_lane,adaptive,True,0.0001,40,0,24.01895734597156,5.0,1.0,7.605181084692049,63.6743120278948,46.4243120278948,17.25,18.0,1.0,0,0,38,2,1.0,9.0,30.0
651,1,right_lane,adaptive,True,0.0001,40,0,21.768957345971565,39.0,0.5,35.62223418056965,43.828461514503914,42.828461514503914,1.0,18.0,1.0,0,0,40,0,37.0,2.0,1.0
652,1,right_lane,adaptive,True,0.0001,40,0,24.64395734594234,30.5,0.5,28.682953767792583,52.67406301948873,47.42406301948872,5.25,18.0,1.0,0,0,39,1,26.0,7.0,7.0
653,1,right_lane,adaptive,True,0.0001,40,0,23.268957345971565,24.0,1.0,24.32446383710203,52.72653120056179,45.2265312005618,7.5,18.0,1.0,0,0,39,1,18.0,14.0,8.0
654,1,right_lane,adaptive,True,0.0001,40,0,23.76646025517737,23.5,0.5,23.702362783253193,54.021084771053836,46.021084771053836,8.0,18.0,1.0,0,0,40,0,15.0,18.0,7.0
655,1,right_lane,adaptive,True,0.0001,40,0,23.268957345971565,1.0,0.0,3.763378526433371,64.7286726733522,45.22867267335219,19.5,18.0,1.0,0,0,39,1,0.0,2.0,38.0
656,1,right_lane,adaptive,True,0.0001,40,0,22.393957247332974,27.5,0.0,25.342580711192397,50.58026506927442,43.83026506927442,6.75,18.0,1.0,0,0,39,1,25.0,3.0,12.0
657,1,right_lane,adaptive,True,0.0001,40,0,21.39395734597105,6.5,1.0,8.789687905460596,58.97607865482262,42.22607865482262,16.75,18.0,1.0,0,0,40,0,2.0,9.0,29.0
658,1,right_lane,adaptive,True,0.0001,40,0,20.768957345971565,0.5,0.5,3.8636399507522583,60.47839840434077,41.22839840434077,19.25,18.0,1.0,0,0,40,0,1.0,1.0,38.0
659,1,right_lane,adaptive,True,0.0001,40,0,21.518957345971565,39.0,0.0,36.05757224559784,42.928062893047006,42.428062893047006,0.5,18.0,1.0,0,0,40,0,38.0,2.0,0.0
660,1,right_lane,adaptive,True,0.0001,40,0,21.375043292099726,0.5,1.0,4.031486334518377,61.44813591685381,42.198135916853815,19.25,18.0,1.0,0,0,38,2,1.0,1.0,38.0
661,1,right_lane,adaptive,True,0.0001,40,0,21.393957345971565,25.0,0.0,22.970116624857837,50.230331732676376,42.23033173267637,8.0,18.0,1.0,0,0,39,1,23.0,2.0,15.0
662,1,right_lane,adaptive,True,0.0001,40,0,21.143957345971565,20.5,1.5,20.357499986886978,51.57713381089215,41.82713381089215,9.75,18.0,1.0,0,0,40,0,13.0,15.0,12.0
663,1,right_lane,adaptive,True,0.0001,40,0,23.500328749382284,14.5,0.0,16.583508409559727,57.845681506591795,45.59568150659179,12.25,18.0,1.0,0,0,40,0,8.0,15.0,17.0
664,1,right_lane,adaptive,True,0.0001,40,0,22.893957345971565,29.5,1.0,29.711983288871124,50.12889429110203,44.62889429110203,5.5,18.0,1.0,0,0,40,0,22.0,14.0,4.0
665,1,right_lane,adaptive,True,0.0001,40,0,23.391460905379525,20.5,0.5,21.163252927650774,54.67534843638124,45.42534843638124,9.25,18.0,1.0,0,0,39,1,13.0,17.0,10.0
666,1,right_lane,adaptive,True,0.0001,40,0,20.518957345971565,5.5,0.5,8.628002427518368,57.82939764690926,40.829397646909264,17.0,18.0,1.0,0,0,40,0,4.0,4.0,32.0
667,1,right_lane,adaptive,True,0.0001,40,0,21.731049105796927,35.0,0.5,31.872166130691767,45.76634323261837,42.76634323261837,3.0,18.0,1.0,0,0,40,0,32.0,4.0,4.0
668,1,right_lane,adaptive,True,0.0001,40,0,20.893957345971565,11.0,2.5,12.851098954677582,55.679397509841834,41.42939750984183,14.25,18.0,1.0,0,0,40,0,0.0,23.0,17.0
669,1,right_lane,adaptive,True,0.0001,40,0,21.018957345967713,9.5,0.5,11.153423395007849,57.12846333232022,41.62846333232023,15.5,18.0,1.0,0,0,40,0,0.0,18.0,22.0
670,1,right_lane,adaptive,True,0.0001,40,0,20.643957345971565,14.0,0.0,14.655620969831944,53.530330555017244,41.03033055501725,12.5,18.0,1.0,0,0,40,0,10.0,10.0,20.0
671,1,right_lane,adaptive,True,0.0001,40,0,22.268629347340514,6.5,0.0,8.987822486443974,60.12980433098689,43.62980433098689,16.5,18.0,1.0,0,0,39,1,0.0,14.0,26.0
672,1,right_lane,adaptive,True,0.0001,40,0,24.35850150356427,4.0,0.0,5.517282322531173,65.22078854701539,46.97078854701538,18.25,18.0,1.0,0,0,37,3,0.0,7.0,33.0
673,1,right_lane,adaptive,True,0.0001,40,0,21.143957345971565,26.0,0.5,24.456706974597182,49.077117449977145,41.82711744997714,7.25,18.0,1.0,0,0,39,1,24.0,3.0,13.0
674,1,right_lane,adaptive,True,0.0001,40,0,23.627496440621773,33.0,2.0,31.20490375161171,49.55306019561444,45.80306019561444,3.75,18.0,1.0,0,0,40,0,25.0,15.0,0.0
675,1,right_lane,adaptive,True,0.0001,40,0,22.768957345971565,12.0,0.5,14.86210185289383,57.92703347093724,44.42703347093724,13.5,18.0,1.0,0,0,40,0,11.0,4.0,25.0
676,1,right_lane,adaptive,True,0.0001,40,0,21.268957345971565,15.5,1.5,15.827935176439496,54.52754624984478,42.02754624984479,12.5,18.0,1.0,0,0,39,1,5.0,20.0,15.0
677,1,right_lane,adaptive,True,0.0001,40,0,23.268957345971565,7.0,0.0,9.671953633202065,61.47938020963092,45.22938020963093,16.25,18.0,1.0,0,0,40,0,0.0,15.0,25.0
678,1,right_lane,adaptive,True,0.0001,40,0,22.250043292099726,38.5,0.0,34.756546795368195,44.84813591814655,43.59813591814655,1.25,18.0,1.0,0,0,40,0,37.0,1.0,2.0
679,1,right_lane,adaptive,True,0.0001,40,0,20.518957345971565,19.0,0.5,19.401953749358654,51.328464498517,40.828464498517,10.5,18.0,1.0,0,0,40,0,0.0,38.0,2.0
680,1,right_lane,adaptive,True,0.0001,40,0,21.393957345971565,15.0,0.5,15.864867698401213,54.72938816308216,42.22938816308216,12.5,18.0,1.0,0,0,40,0,10.0,10.0,20.0
681,1,right_lane,adaptive,True,0.0001,40,0,25.14146089233062,10.0,1.0,12.011327974587402,63.22367682392364,48.22367682392363,15.0,18.0,1.0,0,0,38,2,7.0,6.0,27.0
682,1,right_lane,adaptive,True,0.0001,40,0,22.01895164498405,0.5,0.0,4.1614273655213765,62.47838928349324,43.228389283493236,19.25,18.0,1.0,0,0,40,0,1.0,1.0,38.0
683,1,right_lane,adaptive,True,0.0001,40,0,23.393957345971565,40.0,0.0,36.84231036901474,45.430331753554505,45.430331753554505,0.0,18.0,1.0,0,0,40,0,40.0,0.0,0.0
684,1,right_lane,adaptive,True,0.0001,40,0,23.268957345971565,18.5,1.0,19.375451922416687,55.477061284753546,45.22706128475354,10.25,18.0,1.0,0,0,40,0,17.0,5.0,18.0
685,1,right_lane,adaptive,True,0.0001,40,0,21.8939573329563,17.5,1.0,17.670958891081682,54.27938193516905,43.02938193516905,11.25,18.0,1.0,0,0,40,0,14.0,7.0,19.0
686,1,right_lane,adaptive,True,0.0001,40,0,24.76645520455839,29.0,0.0,29.013674807908046,53.12307483690585,47.62307483690586,5.5,18.0,1.0,0,0,39,1,27.0,4.0,9.0
687,1,right_lane,adaptive,True,0.0001,40,0,24.268957345971565,10.0,0.0,11.594199231287348,61.328915472136224,46.828915472136224,14.5,18.0,1.0,0,0,39,1,10.0,2.0,28.0
688,1,right_lane,adaptive,True,0.0001,40,0,22.87500570101725,8.0,0.5,9.247922221533372,60.59711177641683,44.59711177641684,16.0,18.0,1.0,0,0,40,0,5.0,6.0,29.0
689,1,right_lane,adaptive,True,0.0001,40,0,22.76891975488909,2.5,1.0,4.47624056542179,63.178000443596424,44.42800044359642,18.75,18.0,1.0,0,0,38,2,0.0,5.0,35.0
690,1,right_lane,adaptive,True,0.0001,40,0,21.643957345971565,37.5,0.5,34.38084927201271,43.87898831242202,42.62898831242202,1.25,18.0,1.0,0,0,40,0,35.0,5.0,0.0
691,1,right_lane,adaptive,True,0.0001,40,0,22.893957345971565,26.0,0.0,25.41157555580139,51.87794384393917,44.627943843939164,7.25,18.0,1.0,0,0,40,0,15.0,21.0,4.0
692,1,right_lane,adaptive,True,0.0001,40,0,21.00249644062177,40.0,0.0,38.70824319124222,41.603994304994835,41.603994304994835,0.0,18.0,1.0,0,0,40,0,40.0,0.0,0.0
693,1,right_lane,adaptive,True,0.0001,40,0,23.518957345971565,14.5,1.0,15.958974123001099,58.12846147247413,45.62846147247412,12.5,18.0,1.0,0,0,40,0,14.0,2.0,24.0
694,1,right_lane,adaptive,True,0.0001,40,0,23.518957345971565,25.5,0.0,26.780166149139404,52.62962330450561,45.629623304505614,7.0,18.0,1.0,0,0,40,0,12.0,28.0,0.0
695,1,right_lane,adaptive,True,0.0001,40,0,21.893957345971565,34.0,1.0,31.89886048436165,46.02939620109534,43.029396201095345,3.0,18.0,1.0,0,0,40,0,28.0,12.0,0.0
696,1,right_lane,adaptive,True,0.0001,40,0,21.893957345971565,18.5,0.0,18.961774848401546,53.776869055323985,43.02686905532399,10.75,18.0,1.0,0,0,40,0,0.0,37.0,3.0
697,1,right_lane,adaptive,True,0.0001,40,0,23.606414695510455,12.5,1.5,14.34394695609808,59.516911270162886,45.76691127016291,13.75,18.0,1.0,0,0,40,0,6.0,13.0,21.0
698,1,right_lane,adaptive,True,0.0001,40,0,24.64395734597099,10.0,0.0,12.59358735920614,61.92470823350507,47.42470823350506,14.5,18.0,1.0,0,0,39,1,8.0,6.0,26.0
699,1,right_lane,adaptive,True,0.0001,40,0,22.018957345971565,2.0,0.5,4.923310394084183,61.97887166671992,43.22887166671992,18.75,18.0,1.0,0,0,39,1,0.0,5.0,35.0
700,1,right_lane,adaptive,True,0.0001,40,0,21.14395734597105,6.0,0.0,8.94138284262317,58.57627647691191,41.8262764769119,16.75,18.0,1.0,0,0,39,1,0.0,13.0,27.0
701,1,right_lane,adaptive,True,0.0001,40,0,22.143957345971565,35.0,0.5,32.53371850630356,46.17658877241358,43.42658877241358,2.75,18.0,1.0,0,0,40,0,33.0,3.0,4.0
702,1,right_lane,adaptive,True,0.0001,40,0,26.39395733295239,10.0,0.0,10.875688789574724,65.2238420908903,50.223842090890294,15.0,18.0,1.0,0,0,39,1,6.0,8.0,26.0
703,1,right_lane,adaptive,True,0.0001,40,0,23.00000075075124,0.0,0.0,2.7662429790379974,64.80000120120198,44.800001201201994,20.0,18.0,1.0,0,0,37,3,0.0,0.0,40.0
704,1,right_lane,adaptive,True,0.0001,40,0,24.643957345971497,7.5,0.0,8.8176736651792,63.42557281935938,47.42557281935939,16.0,18.0,1.0,0,0,38,2,6.0,4.0,30.0
705,1,right_lane,adaptive,True,0.0001,40,0,24.393951644954328,29.5,0.0,29.17287865281105,51.77838933187046,47.02838933187046,4.75,18.0,1.0,0,0,40,0,30.0,1.0,9.0
706,1,right_lane,adaptive,True,0.0001,40,0,22.018957345971565,4.0,0.5,6.650082663716603,60.97798372658935,43.22798372658936,17.75,18.0,1.0,0,0,39,1,3.0,3.0,34.0
707,1,right_lane,adaptive,True,0.0001,40,0,22.768957345971565,33.0,0.0,30.47561967556794,47.92881576508546,44.42881576508547,3.5,18.0,1.0,0,0,39,1,32.0,2.0,6.0
708,1,right_lane,adaptive,True,0.0001,40,0,21.643957345971565,30.0,0.5,27.912005841732025,47.87939764691643,42.62939764691643,5.25,18.0,1.0,0,0,40,0,19.0,21.0,0.0
709,1,right_lane,adaptive,True,0.0001,40,0,23.393957345745722,6.5,0.5,9.087224892470545,62.17724984316531,45.42724984316531,16.75,18.0,1.0,0,0,39,1,5.0,3.0,32.0
710,1,right_lane,adaptive,True,0.0001,40,0,23.268957345971565,15.0,0.0,15.850327167659998,57.977960287320386,45.227960287320386,12.75,18.0,1.0,0,0,40,0,13.0,3.0,24.0
711,1,right_lane,adaptive,True,0.0001,40,0,21.518957345971565,1.0,1.5,5.3279099495175615,61.42700593003641,42.42700593003641,19.0,18.0,1.0,0,0,39,1,1.0,2.0,37.0
712,1,right_lane,adaptive,True,0.0001,40,0,22.268957345971565,6.5,2.0,9.621593356132507,60.37776417167815,43.62776417167815,16.75,18.0,1.0,0,0,40,0,0.0,13.0,27.0
713,1,right_lane,adaptive,True,0.0001,40,0,21.643957345971565,12.0,1.0,14.249182783067226,56.378055066826434,42.628055066826434,13.75,18.0,1.0,0,0,40,0,8.0,9.0,23.0
714,1,right_lane,adaptive,True,0.0001,40,0,26.231085947842622,24.0,0.5,23.92941859940288,57.96606219256116,49.96606219256115,8.0,18.0,1.0,0,0,38,2,20.0,8.0,12.0
715,1,right_lane,adaptive,True,0.0001,40,0,21.768957345971565,38.5,0.0,35.08705063164234,44.07691656707859,42.826916567078584,1.25,18.0,1.0,0,0,40,0,36.0,3.0,1.0
716,1,right_lane,adaptive,True,0.0001,40,0,21.643957345971494,39.5,0.0,35.05655686557293,43.37839910886079,42.62839910886079,0.75,18.0,1.0,0,0,40,0,38.0,1.0,1.0
717,1,right_lane,adaptive,True,0.0001,40,0,22.25000495026992,3.5,0.0,4.979808709918871,62.34809346616295,43.59809346616296,18.75,18.0,1.0,0,0,39,1,2.0,1.0,37.0
718,1,right_lane,adaptive,True,0.0001,40,0,23.641461004214154,11.5,0.0,14.064985200762749,59.57428576422625,45.82428576422625,13.75,18.0,1.0,0,0,40,0,11.0,3.0,26.0
719,1,right_lane,adaptive,True,0.0001,40,0,21.893957345971565,0.5,1.0,2.451188076201106,62.77893676050463,43.02893676050462,19.75,18.0,1.0,0,0,39,1,0.0,1.0,39.0
720,1,right_lane,adaptive,True,0.0001,40,0,24.391460907064253,4.0,1.0,6.665102595463395,65.0216662485872,47.02166624858718,18.0,18.0,1.0,0,0,40,0,2.0,4.0,34.0
721,1,right_lane,adaptive,True,0.0001,40,0,20.643957345971565,6.0,1.0,8.37099889714591,58.02805572015992,41.028055720159905,17.0,18.0,1.0,0,0,40,0,4.0,4.0,32.0
722,1,right_lane,adaptive,True,0.0001,40,0,21.393957345775522,6.0,0.5,7.768518205732107,59.2264650535837,42.2264650535837,17.0,18.0,1.0,0,0,40,0,5.0,2.0,33.0
723,1,right_lane,adaptive,True,0.0001,40,0,22.268957345942347,34.0,0.0,31.07673195429834,47.128686538268994,43.628686538268994,3.5,18.0,1.0,0,0,39,1,32.0,2.0,6.0
724,1,right_lane,adaptive,True,0.0001,40,0,21.768957345971565,6.0,0.5,7.574129386222921,59.829400048889234,42.82940004888924,17.0,18.0,1.0,0,0,40,0,0.0,12.0,28.0
725,1,right_lane,adaptive,True,0.0001,40,0,21.143957345971565,21.5,0.5,21.571101367473602,51.330331753554496,41.8303317535545,9.5,18.0,1.0,0,0,40,0,2.0,38.0,0.0
726,1,right_lane,adaptive,True,0.0001,40,0,22.268957345971565,25.0,0.0,24.300166998058558,51.128399108860904,43.628399108860904,7.5,18.0,1.0,0,0,40,0,24.0,2.0,14.0
727,1,right_lane,adaptive,True,0.0001,40,0,24.00000000171446,38.5,0.0,36.33792495727539,47.14813183300214,46.39813183300215,0.75,18.0,1.0,0,0,40,0,37.0,3.0,0.0
728,1,right_lane,adaptive,True,0.0001,40,0,23.893957345971565,10.5,0.0,11.999996460828697,60.97651339687762,46.226513396877635,14.75,18.0,1.0,0,0,40,0,8.0,5.0,27.0
729,1,right_lane,adaptive,True,0.0001,40,0,21.893957331241847,1.5,0.0,4.7113066343936225,62.027757735872,43.027757735872,19.0,18.0,1.0,0,0,39,1,0.0,4.0,36.0
730,1,right_lane,adaptive,True,0.0001,40,0,21.25249644062177,11.5,0.0,13.666362404823303,55.7507182664131,42.00071826641311,13.75,18.0,1.0,0,0,40,0,6.0,13.0,21.0
731,1,right_lane,adaptive,True,0.0001,40,0,23.643957345971565,8.5,2.0,9.285137658278472,61.82646489262026,45.826464892620244,16.0,18.0,1.0,0,0,39,1,4.0,8.0,28.0
732,1,right_lane,adaptive,True,0.0001,40,0,21.393957345971565,0.5,0.5,3.75548585614888,61.72939766774115,42.22939766774115,19.5,18.0,1.0,0,0,40,0,0.0,2.0,38.0
733,1,right_lane,adaptive,True,0.0001,40,0,26.12500000022526,14.5,0.0,14.579969106202043,63.043571465710684,49.7935714657107,13.25,18.0,1.0,0,0,38,2,10.0,7.0,23.0
734,1,right_lane,adaptive,True,0.0001,40,0,22.393957345967202,0.0,0.0,2.948676840250755,63.830331753547526,43.83033175354751,20.0,18.0,1.0,0,0,39,1,0.0,0.0,40.0
735,1,right_lane,adaptive,True,0.0001,40,0,22.643957345971565,5.0,0.5,6.2891653018041325,61.980331753554495,44.2303317535545,17.75,18.0,1.0,0,0,36,4,0.0,9.0,31.0
736,1,right_lane,adaptive,True,0.0001,40,0,25.893957345967134,15.5,0.5,15.648542689628812,61.92594931638983,49.425949316389826,12.5,18.0,1.0,0,0,38,2,5.0,20.0,15.0
737,1,right_lane,adaptive,True,0.0001,40,0,22.643957345971565,18.5,2.5,17.657048898668563,55.47734891366162,44.227348913661615,11.25,18.0,1.0,0,0,39,1,8.0,19.0,13.0
738,1,right_lane,adaptive,True,0.0001,40,0,25.518585319223185,16.5,0.0,17.146836795434524,60.57667645657783,48.82667645657782,11.75,18.0,1.0,0,0,39,1,6.0,21.0,13.0
739,1,right_lane,adaptive,True,0.0001,40,0,22.893957345971565,32.0,0.0,29.174401495449274,49.12867083765522,44.62867083765522,4.5,18.0,1.0,0,0,39,1,27.0,8.0,5.0
740,1,right_lane,adaptive,True,0.0001,40,0,24.24967126386266,23.5,0.0,22.921992230891192,54.54424522126513,46.79424522126513,7.75,18.0,1.0,0,0,38,2,23.0,3.0,14.0
741,1,right_lane,adaptive,True,0.0001,40,0,22.768957345941903,15.5,2.0,15.664835476108124,57.180328793773015,44.430328793773015,12.75,18.0,1.0,0,0,39,1,14.0,1.0,25.0
742,1,right_lane,adaptive,True,0.0001,40,0,24.143957345745726,8.0,0.5,9.631882130521262,62.626465303330285,46.626465303330285,16.0,18.0,1.0,0,0,39,1,7.0,2.0,31.0
743,1,right_lane,adaptive,True,0.0001,40,0,22.231414695510452,2.0,0.0,3.3054857051279214,62.56957227658948,43.56957227658948,19.0,18.0,1.0,0,0,35,5,0.0,4.0,36.0
744,1,right_lane,adaptive,True,0.0001,40,0,21.643957247332974,6.0,0.0,8.837276551019386,59.129328562162854,42.62932856216286,16.5,18.0,1.0,0,0,39,1,5.0,4.0,31.0
745,1,right_lane,adaptive,True,0.0001,40,0,21.643957345971565,28.5,0.0,25.98664087401221,48.880331574553864,42.630331574553864,6.25,18.0,1.0,0,0,39,1,27.0,1.0,12.0
746,1,right_lane,adaptive,True,0.0001,40,0,22.125000098864362,5.0,1.5,7.9700262137494065,60.647130803342776,43.39713080334279,17.25,18.0,1.0,0,0,38,2,4.0,3.0,33.0
747,1,right_lane,adaptive,True,0.0001,40,0,21.143957345971565,0.0,0.0,3.023157128596722,61.57939832968609,41.82939832968609,19.75,18.0,1.0,0,0,39,1,0.0,1.0,39.0
748,1,right_lane,adaptive,True,0.0001,40,0,21.518957345971565,16.0,0.5,17.49335016310215,54.178647508330464,42.428647508330464,11.75,18.0,1.0,0,0,40,0,4.0,25.0,11.0
749,1,right_lane,adaptive,True,0.0001,40,0,23.643957245392755,22.5,0.5,23.074663227929705,54.078706819968325,45.828706819968325,8.25,18.0,1.0,0,0,39,1,18.0,11.0,11.0
750,1,right_lane,adaptive,True,0.0001,40,0,22.643957345745793,21.0,0.5,21.05370979514828,53.97837459414593,44.22837459414595,9.75,18.0,1.0,0,0,39,1,10.0,21.0,9.0
751,1,right_lane,adaptive,True,0.0001,40,0,21.643957345971565,30.5,0.0,28.669738139028595,47.62932664346113,42.62932664346111,5.0,18.0,1.0,0,0,39,1,29.0,2.0,9.0
752,1,right_lane,adaptive,True,0.0001,40,0,21.018957345971565,21.0,2.0,20.292018949985504,51.628418223736155,41.62841822373616,10.0,18.0,1.0,0,0,40,0,16.0,8.0,16.0
753,1,right_lane,adaptive,True,0.0001,40,0,21.893957345971565,3.0,0.0,6.4879805466975995,61.52915377570133,43.029153775701324,18.5,18.0,1.0,0,0,39,1,0.0,6.0,34.0
754,1,right_lane,adaptive,True,0.0001,40,0,21.643957345971565,40.0,0.0,37.00455164909363,42.63033175355451,42.63033175355451,0.0,18.0,1.0,0,0,40,0,40.0,0.0,0.0
755,1,right_lane,adaptive,True,0.0001,40,0,28.356042654028435,19.5,1.0,19.525282449310453,63.86411294393279,53.3641129439328,10.5,18.0,1.0,0,0,38,2,11.0,16.0,13.0
756,1,right_lane,adaptive,True,0.0001,40,0,22.89390845343341,0.5,0.5,3.5247728307340367,64.12956016689975,44.62956016689975,19.5,18.0,1.0,0,0,38,2,0.0,2.0,38.0
757,1,right_lane,adaptive,True,0.0001,40,0,23.018957345971565,10.0,0.0,10.99144112703209,59.829395682098784,44.82939568209879,15.0,18.0,1.0,0,0,39,1,0.0,20.0,20.0
758,1,right_lane,adaptive,True,0.0001,40,0,22.143957345971565,35.0,1.0,33.30621403455734,45.6803317535545,43.4303317535545,2.25,18.0,1.0,0,0,40,0,34.0,3.0,3.0
759,1,right_lane,adaptive,True,0.0001,40,0,25.51858541637308,17.0,2.0,18.025463227895216,60.07731578119378,48.827315781193775,11.25,18.0,1.0,0,0,38,2,11.0,13.0,16.0
760,1,right_lane,adaptive,True,0.0001,40,0,22.768957345971565,11.5,0.5,13.49130316823721,58.426186511786895,44.42618651178688,14.0,18.0,1.0,0,0,40,0,8.0,8.0,24.0
761,1,right_lane,adaptive,True,0.0001,40,0,23.518957345971565,31.0,0.0,29.485065673487497,50.62891547221205,45.62891547221205,5.0,18.0,1.0,0,0,39,1,29.0,2.0,9.0
762,1,right_lane,adaptive,True,0.0001,40,0,21.893957345971565,14.0,1.0,15.283489716865915,55.77734635780611,43.02734635780611,12.75,18.0,1.0,0,0,39,1,11.0,7.0,22.0
763,1,right_lane,adaptive,True,0.0001,40,0,23.143957345971565,7.0,0.5,9.17963442907012,61.026771521278505,45.026771521278505,16.0,18.0,1.0,0,0,39,1,1.0,14.0,25.0
764,1,right_lane,adaptive,True,0.0001,40,0,21.518957345971565,8.5,0.5,10.75516867626311,58.17939766774181,42.429397667741824,15.75,18.0,1.0,0,0,38,2,0.0,17.0,23.0
765,1,right_lane,adaptive,True,0.0001,40,0,22.268957345971565,23.0,0.0,23.40849620103836,52.12868986002594,43.62868986002595,8.5,18.0,1.0,0,0,40,0,7.0,32.0,1.0
766,1,right_lane,adaptive,True,0.0001,40,0,22.143957345971565,7.5,0.0,9.433112986385822,59.67673882044295,43.42673882044295,16.25,18.0,1.0,0,0,40,0,6.0,3.0,31.0
767,1,right_lane,adaptive,True,0.0001,40,0,24.393628695453636,40.0,0.0,36.700321078300476,47.27887248885741,47.02887248885741,0.25,18.0,1.0,0,0,40,0,39.0,1.0,0.0
768,1,right_lane,adaptive,True,0.0001,40,0,26.393628609574797,20.0,0.0,19.669869304274016,60.223474811782324,50.22347481178234,10.0,18.0,1.0,0,0,38,2,15.0,10.0,15.0
769,1,right_lane,adaptive,True,0.0001,40,0,22.393957345971565,8.5,1.0,10.9960220977664,59.076970176207006,43.826970176207006,15.25,18.0,1.0,0,0,40,0,7.0,5.0,28.0
770,1,right_lane,adaptive,True,0.0001,40,0,23.268957345971565,0.0,0.5,2.705779096995684,65.2303317535545,45.230331753554495,20.0,18.0,1.0,0,0,39,1,0.0,0.0,40.0
771,1,right_lane,adaptive,True,0.0001,40,0,24.26895734597105,24.5,0.5,23.902125294067446,54.577049144670205,46.8270491446702,7.75,18.0,1.0,0,0,39,1,16.0,17.0,7.0
772,1,right_lane,adaptive,True,0.0001,40,0,20.768957345971494,35.5,0.0,33.41324207186699,43.478991229382316,41.228991229382316,2.25,18.0,1.0,0,0,40,0,31.0,9.0,0.0
773,1,right_lane,adaptive,True,0.0001,24,1,29.13508042696887,9.5,0.0,9.189228132076778,40.51591691535193,32.76591691535194,7.75,18.0,1.0,0,0,22,2,5.0,7.0,12.0
774,1,right_lane,adaptive,True,0.0001,40,0,23.75004328079161,3.5,0.5,5.983702835121221,63.74452783347122,45.9945278334712,17.75,18.0,1.0,0,0,38,2,2.0,5.0,33.0
775,1,right_lane,adaptive,True,0.0001,40,0,20.768957345971565,25.5,0.0,23.690058805048466,48.98033175319327,41.23033175319327,7.75,18.0,1.0,0,0,40,0,24.0,1.0,15.0
776,1,right_lane,adaptive,True,0.0001,40,0,22.143914053872354,15.0,0.5,15.988310016691685,55.677382422912224,43.427382422912224,12.25,18.0,1.0,0,0,40,0,6.0,19.0,15.0
777,1,right_lane,adaptive,True,0.0001,40,0,23.39113860773599,14.0,0.0,14.260078680912557,58.675113577216536,45.42511357721655,13.25,18.0,1.0,0,0,39,1,0.0,27.0,13.0
778,1,right_lane,adaptive,True,0.0001,40,0,21.393957345971565,37.5,0.5,34.782203018665314,43.22939766774115,42.22939766774115,1.0,18.0,1.0,0,0,40,0,36.0,4.0,0.0
779,1,right_lane,adaptive,True,0.0001,40,0,25.002124399395257,19.5,0.0,20.469216428063646,58.249963851254876,47.999963851254876,10.25,18.0,1.0,0,0,39,1,17.0,5.0,18.0
780,1,right_lane,adaptive,True,0.0001,40,0,21.518957345971565,3.0,1.5,6.001307319671923,60.93033175076433,42.43033175076434,18.5,18.0,1.0,0,0,39,1,0.0,6.0,34.0
781,1,right_lane,adaptive,True,0.0001,40,0,24.856091647145412,13.0,0.0,14.701700609568206,61.017624258125295,47.767624258125295,13.25,18.0,1.0,0,0,39,1,12.0,3.0,25.0
782,1,right_lane,adaptive,True,0.0001,40,0,22.893957345971565,10.5,0.5,11.965665777213871,59.37600770819887,44.62600770819887,14.75,18.0,1.0,0,0,40,0,6.0,9.0,25.0
783,1,right_lane,adaptive,True,0.0001,40,0,25.51895659693478,31.0,0.0,28.932333159388463,53.57568485274118,48.82568485274118,4.75,18.0,1.0,0,0,39,1,26.0,9.0,5.0
784,1,right_lane,adaptive,True,0.0001,40,0,25.74999924924876,24.5,0.5,24.04381139056568,57.44688362014131,49.1968836201413,8.25,18.0,1.0,0,0,39,1,19.0,9.0,12.0
785,1,right_lane,adaptive,True,0.0001,40,0,24.268957345971565,18.5,0.0,19.514955818653107,57.078398404326,46.828398404325995,10.25,18.0,1.0,0,0,40,0,19.0,1.0,20.0
786,1,right_lane,adaptive,True,0.0001,40,0,23.874956709840507,4.0,1.0,7.210637527806284,63.69759279588748,46.19759279588748,17.5,18.0,1.0,0,0,37,3,1.0,8.0,31.0
787,1,right_lane,adaptive,True,0.0001,40,0,23.26895734597105,13.0,0.5,14.052416435166379,58.724230833581636,45.22423083358162,13.5,18.0,1.0,0,0,39,1,10.0,6.0,24.0
788,1,right_lane,adaptive,True,0.0001,40,0,21.643957345971565,4.0,1.0,7.889747694134712,60.12891715864922,42.62891715864922,17.5,18.0,1.0,0,0,40,0,4.0,2.0,34.0
789,1,right_lane,adaptive,True,0.0001,40,0,23.750328652232376,21.0,0.5,21.727947464245517,54.99632356974725,45.99632356974725,9.0,18.0,1.0,0,0,39,1,14.0,16.0,10.0
790,1,right_lane,adaptive,True,0.0001,40,0,23.37500000171446,28.5,0.5,27.23955749102788,51.14837013907352,45.39837013907352,5.75,18.0,1.0,0,0,39,1,27.0,3.0,10.0
791,1,right_lane,adaptive,True,0.0001,40,0,24.606370751523915,10.5,0.0,12.536731307602167,61.86730381697339,47.36730381697339,14.5,18.0,1.0,0,0,38,2,9.0,4.0,27.0
792,1,right_lane,adaptive,True,0.0001,40,0,22.643957345971565,13.0,1.0,13.376563218642332,57.726261976968104,44.22626197696809,13.5,18.0,1.0,0,0,38,2,11.0,4.0,25.0
793,1,right_lane,adaptive,True,0.0001,40,0,25.73104265403241,28.5,0.0,27.143797397613525,55.411788889570154,49.161788889570154,6.25,18.0,1.0,0,0,40,0,19.0,17.0,4.0
794,1,right_lane,adaptive,True,0.0001,40,0,23.018957345941843,7.0,0.0,9.04511902305876,61.3284818992436,44.8284818992436,16.5,18.0,1.0,0,0,39,1,0.0,14.0,26.0
795,1,right_lane,adaptive,True,0.0001,40,0,22.375043292099726,26.0,0.5,24.6654258368726,51.04773290773439,43.7977329077344,7.25,18.0,1.0,0,0,39,1,22.0,7.0,11.0
796,1,right_lane,adaptive,True,0.0001,40,0,22.266461004210758,39.5,0.0,36.762480556964874,43.87447820949665,43.62447820949665,0.25,18.0,1.0,0,0,40,0,39.0,1.0,0.0
797,1,right_lane,adaptive,True,0.0001,40,0,23.143957332952397,20.0,1.0,18.80739988825735,55.52893455510107,45.02893455510107,10.5,18.0,1.0,0,0,38,2,17.0,4.0,19.0
798,1,right_lane,adaptive,True,0.0001,17,1,22.9857819905109,17.0,0.0,16.56010866165161,19.03033175354741,19.03033175354741,0.0,18.0,1.0,0,0,17,0,17.0,0.0,0.0
799,1,right_lane,adaptive,True,0.0001,40,0,22.125328749382287,12.0,0.5,13.262430466711521,57.393763285377865,43.39376328537786,14.0,18.0,1.0,0,0,40,0,5.0,14.0,21.0
800,1,right_lane,adaptive,True,0.0001,40,0,22.143957345971565,30.5,0.0,27.889419052220546,48.42748316279522,43.42748316279522,5.0,18.0,1.0,0,0,39,1,29.0,2.0,9.0
801,1,right_lane,adaptive,True,0.0001,10,1,22.075828988428814,9.5,0.0,8.623090863227844,11.578398244860951,10.828398244860951,0.75,18.0,1.0,0,0,10,0,8.0,1.0,1.0
802,1,right_lane,adaptive,True,0.0001,40,0,21.50249644062177,22.0,2.5,21.998038738965988,51.65125933526979,42.40125933526979,9.25,18.0,1.0,0,0,40,0,10.0,23.0,7.0
803,1,right_lane,adaptive,True,0.0001,40,0,22.018957345971565,10.0,0.0,12.708545178174973,57.72962312597539,43.22962312597539,14.5,18.0,1.0,0,0,40,0,7.0,8.0,25.0
804,1,right_lane,adaptive,True,0.0001,40,0,24.393957345971486,16.0,0.0,16.639051301172003,58.77415449968043,47.02415449968043,11.75,18.0,1.0,0,0,40,0,14.0,5.0,21.0
805,1,right_lane,adaptive,True,0.0001,40,0,22.518957345971565,4.0,0.0,6.9389921659603715,61.52714154152039,44.02714154152038,17.5,18.0,1.0,0,0,40,0,4.0,2.0,34.0
806,1,right_lane,adaptive,True,0.0001,40,0,23.39395723434353,7.0,1.0,9.957219333316061,61.428915019152086,45.4289150191521,16.0,18.0,1.0,0,0,39,1,7.0,2.0,31.0
807,1,right_lane,adaptive,True,0.0001,40,0,24.768957345971565,16.0,0.0,15.723393050183176,60.126423238063374,47.62642323806338,12.5,18.0,1.0,0,0,39,1,12.0,6.0,22.0
808,1,right_lane,adaptive,True,0.0001,40,0,20.768957345971565,24.0,0.0,22.801291957497597,49.479397667693576,41.229397667693576,8.25,18.0,1.0,0,0,40,0,22.0,3.0,15.0
809,1,right_lane,adaptive,True,0.0001,40,0,23.643957345971565,8.0,0.5,10.4270236141856,61.325639858355274,45.82563985835527,15.5,18.0,1.0,0,0,40,0,7.0,4.0,29.0
810,1,right_lane,adaptive,True,0.0001,40,0,23.393957345749705,38.0,0.0,35.03874337673187,46.42844670307728,45.42844670307728,1.0,18.0,1.0,0,0,40,0,36.0,4.0,0.0
811,1,right_lane,adaptive,True,0.0001,40,0,22.016461656101036,27.5,0.0,26.37011719495058,49.473127886803745,43.223127886803745,6.25,18.0,1.0,0,0,40,0,20.0,15.0,5.0
812,1,right_lane,adaptive,True,0.0001,40,0,20.643957345971565,5.0,0.5,8.130505850727786,58.02937978331945,41.029379783319456,17.0,18.0,1.0,0,0,40,0,3.0,6.0,31.0
813,1,right_lane,adaptive,True,0.0001,40,0,22.768957345971565,23.5,0.0,22.592223808169365,53.174484014959994,44.424484014959994,8.75,18.0,1.0,0,0,40,0,19.0,7.0,14.0
814,1,right_lane,adaptive,True,0.0001,40,0,20.768957345971565,0.5,0.0,4.666818641126156,60.729397667741154,41.22939766774115,19.5,18.0,1.0,0,0,40,0,0.0,2.0,38.0
815,1,right_lane,adaptive,True,0.0001,40,0,22.018957345971565,32.5,0.0,29.059106013572546,47.47837991336801,43.22837991336801,4.25,18.0,1.0,0,0,39,1,31.0,1.0,8.0
816,1,right_lane,adaptive,True,0.0001,40,0,21.268957345971565,38.5,0.0,35.94032943248749,42.77828042700971,42.02828042700971,0.75,18.0,1.0,0,0,40,0,37.0,3.0,0.0
817,1,right_lane,adaptive,True,0.0001,40,0,22.893957345971565,9.0,4.5,12.188599824905396,59.628689217047544,44.62868921704753,15.0,18.0,1.0,0,0,40,0,1.0,18.0,21.0
818,1,right_lane,adaptive,True,0.0001,40,0,25.51895734571606,25.0,1.0,25.067698936909437,56.57369454714354,48.82369454714354,7.75,18.0,1.0,0,0,40,0,21.0,7.0,12.0
819,1,right_lane,adaptive,True,0.0001,40,0,24.768628607893987,15.5,0.0,16.26557551859878,59.87622756551889,47.62622756551889,12.25,18.0,1.0,0,0,39,1,8.0,15.0,17.0
820,1,right_lane,adaptive,True,0.0001,40,0,21.749715293468675,38.0,0.5,35.3084474503994,44.046316074563286,42.796316074563286,1.25,18.0,1.0,0,0,40,0,36.0,3.0,1.0
821,1,right_lane,adaptive,True,0.0001,40,0,22.89395724710771,25.0,0.5,24.342845963832815,52.375513219976426,44.62551321997642,7.75,18.0,1.0,0,0,39,1,22.0,5.0,13.0
822,1,right_lane,adaptive,True,0.0001,40,0,21.893957345941836,18.0,1.5,18.260546907782555,54.27963543517919,43.029635435179195,11.25,18.0,1.0,0,0,40,0,16.0,3.0,21.0
823,1,right_lane,adaptive,True,0.0001,40,0,21.393957345971565,40.0,0.0,39.55495101213455,42.23033175355451,42.23033175355451,0.0,18.0,1.0,0,0,40,0,40.0,0.0,0.0
824,1,right_lane,adaptive,True,0.0001,40,0,21.018957345971565,11.0,0.0,11.742871779948473,56.63033039805862,41.63033039805862,15.0,18.0,1.0,0,0,40,0,6.0,8.0,26.0
825,1,right_lane,adaptive,True,0.0001,40,0,26.141460806711205,18.5,0.5,18.697076457797266,60.32053853444055,49.820538534440544,10.5,18.0,1.0,0,0,38,2,16.0,6.0,18.0
826,1,right_lane,adaptive,True,0.0001,20,1,24.03791469187583,19.5,0.0,18.80926012992859,23.72939832963227,23.22939832963227,0.5,18.0,1.0,0,0,20,0,18.0,2.0,0.0
827,1,right_lane,adaptive,True,0.0001,40,0,23.268957345971565,8.0,1.5,10.019319733344673,60.977981769996106,45.22798176999611,15.75,18.0,1.0,0,0,39,1,7.0,3.0,30.0
828,1,right_lane,adaptive,True,0.0001,40,0,22.143957345971565,4.5,0.0,6.6321759866289085,61.4303317535545,43.43033175355451,18.0,18.0,1.0,0,0,39,1,0.0,8.0,32.0
829,1,right_lane,adaptive,True,0.0001,40,0,21.518957345971565,3.5,0.0,6.69571681399384,60.428399108860894,42.428399108860894,18.0,18.0,1.0,0,0,39,1,1.0,6.0,33.0
830,1,right_lane,adaptive,True,0.0001,40,0,23.374999988699198,34.5,0.5,32.4654458463192,48.143914101190795,45.3939141011908,2.75,18.0,1.0,0,0,40,0,32.0,5.0,3.0
831,1,right_lane,adaptive,True,0.0001,40,0,24.481042654032343,10.5,0.5,12.309494624521221,61.41795440423906,47.167954404239055,14.25,18.0,1.0,0,0,39,1,7.0,9.0,24.0
832,1,right_lane,adaptive,True,0.0001,40,0,22.266504197449517,36.5,1.0,34.31023985147476,45.62403779568499,43.624037795685,2.0,18.0,1.0,0,0,40,0,35.0,2.0,3.0
833,1,right_lane,adaptive,True,0.0001,40,0,22.268957345971565,15.0,0.5,16.597567036747932,56.12838912796683,43.62838912796683,12.5,18.0,1.0,0,0,40,0,14.0,2.0,24.0
834,1,right_lane,adaptive,True,0.0001,40,0,22.518956595250053,23.0,1.5,23.256534062325954,52.274411625950556,44.02441162595056,8.25,18.0,1.0,0,0,40,0,20.0,7.0,13.0
835,1,right_lane,adaptive,True,0.0001,40,0,21.143957345971565,12.5,2.0,12.760975094205605,56.07831291875654,41.82831291875654,14.25,18.0,1.0,0,0,39,1,5.0,13.0,22.0
836,1,right_lane,adaptive,True,0.0001,40,0,22.518951646668775,22.5,1.0,21.583410628517868,53.28032263157184,44.03032263157184,9.25,18.0,1.0,0,0,38,2,21.0,1.0,18.0
837,1,right_lane,adaptive,True,0.0001,40,0,23.393629347340514,16.5,0.5,17.528926960058016,56.67654148346882,45.42654148346882,11.25,18.0,1.0,0,0,39,1,16.0,3.0,21.0
838,1,right_lane,adaptive,True,0.0001,40,0,22.518957345971565,0.0,0.0,2.1396797364257054,64.0303317535545,44.030331753554506,20.0,18.0,1.0,0,0,38,2,0.0,0.0,40.0
839,1,right_lane,adaptive,True,0.0001,40,0,24.268666200690927,6.5,1.0,8.066678003416541,63.325369146729734,46.82536914672973,16.5,18.0,1.0,0,0,37,3,5.0,4.0,31.0
840,1,right_lane,adaptive,True,0.0001,40,0,22.393957345967586,18.5,0.5,17.599184575932668,54.82650807629596,43.82650807629596,11.0,18.0,1.0,0,0,37,3,13.0,10.0,17.0
841,1,right_lane,adaptive,True,0.0001,40,0,21.893957345971565,5.0,0.0,7.263385269583523,60.528057456839846,43.028057456839846,17.5,18.0,1.0,0,0,38,2,0.0,10.0,30.0
842,1,right_lane,adaptive,True,0.0001,40,0,21.268629347340514,0.0,0.0,3.3329680811148137,61.77887286993146,42.02887286993147,19.75,18.0,1.0,0,0,40,0,0.0,1.0,39.0
843,1,right_lane,adaptive,True,0.0001,40,0,22.518957345971565,6.5,0.0,8.994046730884293,60.27705961974482,44.02705961974482,16.25,18.0,1.0,0,0,39,1,6.0,3.0,31.0
844,1,right_lane,adaptive,True,0.0001,40,0,22.643957345971554,10.5,0.0,11.358005501456319,59.22841296673443,44.22841296673443,15.0,18.0,1.0,0,0,39,1,0.0,20.0,20.0
845,1,right_lane,adaptive,True,0.0001,40,0,21.643957345971565,16.5,0.5,17.851152770221233,54.37870484956507,42.62870484956507,11.75,18.0,1.0,0,0,40,0,15.0,3.0,22.0
846,1,right_lane,adaptive,True,0.0001,40,0,23.893957345971565,5.5,0.0,7.236925696994376,63.47805472836324,46.22805472836324,17.25,18.0,1.0,0,0,38,2,0.0,11.0,29.0
847,1,right_lane,adaptive,True,0.0001,40,0,24.26895090893671,8.0,0.5,10.308145519868049,62.57464840062032,46.82464840062032,15.75,18.0,1.0,0,0,38,2,6.0,5.0,29.0
848,1,right_lane,adaptive,True,0.0001,40,0,21.768957345971565,12.5,0.0,14.106584645807743,56.07962330848544,42.82962330848544,13.25,18.0,1.0,0,0,40,0,6.0,15.0,19.0
849,1,right_lane,adaptive,True,0.0001,40,0,22.643957345937984,20.0,2.0,19.597619604493275,54.22287686465192,44.22287686465192,10.0,18.0,1.0,0,0,39,1,16.0,8.0,16.0
850,1,right_lane,adaptive,True,0.0001,40,0,22.518957345971565,9.0,0.0,11.090127158910036,59.277217803014665,44.027217803014665,15.25,18.0,1.0,0,0,40,0,7.0,5.0,28.0
851,1,right_lane,adaptive,True,0.0001,40,0,26.516132155971423,18.5,1.0,18.934491860029084,61.17128119954364,50.42128119954364,10.75,18.0,1.0,0,0,39,1,15.0,7.0,18.0
852,1,right_lane,adaptive,True,0.0001,40,0,22.268957345745857,27.0,0.5,25.914044186472893,50.37578079975629,43.62578079975629,6.75,18.0,1.0,0,0,40,0,21.0,11.0,8.0
853,1,right_lane,adaptive,True,0.0001,4,1,25.0,1.0,0.5,1.681095689535141,6.0481980369705575,4.7981980369705575,1.25,18.0,1.0,0,0,4,0,0.0,3.0,1.0
854,1,right_lane,adaptive,True,0.0001,40,0,21.143957345971565,33.0,0.5,31.07044792175293,45.32939832968609,41.82939832968609,3.5,18.0,1.0,0,0,40,0,26.0,14.0,0.0
855,1,right_lane,adaptive,True,0.0001,40,0,24.499672100229397,19.5,0.0,19.524376611225307,56.945523627283045,47.195523627283045,9.75,18.0,1.0,0,0,40,0,7.0,27.0,6.0
856,1,right_lane,adaptive,True,0.0001,40,0,21.143957345971565,39.5,0.5,36.48198467493057,42.08033175354826,41.83033175354826,0.25,18.0,1.0,0,0,40,0,39.0,1.0,0.0
857,1,right_lane,adaptive,True,0.0001,40,0,22.250000013019175,17.5,2.0,18.976195514202118,54.59720964989991,43.59720964989991,11.0,18.0,1.0,0,0,40,0,15.0,6.0,19.0
858,1,right_lane,adaptive,True,0.0001,40,0,23.768957345971565,20.0,0.0,18.70593075404986,56.27752834236875,46.02752834236874,10.25,18.0,1.0,0,0,37,3,16.0,7.0,17.0
859,1,right_lane,adaptive,True,0.0001,40,0,21.018957345971565,38.0,0.0,34.71444562077522,42.629397667741145,41.629397667741145,1.0,18.0,1.0,0,0,40,0,36.0,4.0,0.0
860,1,right_lane,adaptive,True,0.0001,16,1,27.4527129927917,3.5,0.0,3.4510587121121716,27.268091403706592,20.768091403706592,6.5,18.0,1.0,0,0,15,1,2.0,2.0,12.0
861,1,right_lane,adaptive,True,0.0001,40,0,22.018957345971565,0.0,0.0,2.4813162068518295,63.2303317535545,43.23033175355451,20.0,18.0,1.0,0,0,39,1,0.0,0.0,40.0
862,1,right_lane,adaptive,True,0.0001,40,0,21.768957345971565,9.0,0.0,10.121864101157826,58.830331753554496,42.8303317535545,16.0,18.0,1.0,0,0,39,1,7.0,2.0,31.0
863,1,right_lane,adaptive,True,0.0001,40,0,22.143957345971565,4.5,0.0,7.094795297831297,60.928200666394964,43.42820066639497,17.5,18.0,1.0,0,0,40,0,3.0,4.0,33.0
864,1,right_lane,adaptive,True,0.0001,40,0,21.731049105796927,8.5,0.5,10.360930863651447,58.76851066500499,42.76851066500499,16.0,18.0,1.0,0,0,40,0,2.0,12.0,26.0
865,1,right_lane,adaptive,True,0.0001,40,0,20.768957345971565,36.5,0.0,33.47133785486221,42.72939766774115,41.22939766774115,1.5,18.0,1.0,0,0,40,0,36.0,2.0,2.0
866,1,right_lane,adaptive,True,0.0001,40,0,24.018957345971565,10.5,0.0,10.880652915915562,61.429412095715946,46.42941209571595,15.0,18.0,1.0,0,0,37,3,0.0,20.0,20.0
867,1,right_lane,adaptive,True,0.0001,40,0,24.000005701017244,18.0,0.0,18.616330539807677,57.39575925679421,46.39575925679421,11.0,18.0,1.0,0,0,40,0,16.0,4.0,20.0
868,1,right_lane,adaptive,True,0.0001,40,0,21.518957345971565,21.0,0.0,19.996346718239693,52.42846969257943,42.42846969257943,10.0,18.0,1.0,0,0,39,1,8.0,24.0,8.0
869,1,right_lane,adaptive,True,0.0001,40,0,23.393957345971565,17.0,0.5,16.67238693442505,57.17734354405848,45.42734354405847,11.75,18.0,1.0,0,0,38,2,4.0,25.0,11.0
870,1,right_lane,adaptive,True,0.0001,40,0,25.768957345971565,17.0,0.0,18.637337336316705,60.47820063386584,49.22820063386584,11.25,18.0,1.0,0,0,40,0,16.0,3.0,21.0
871,1,right_lane,adaptive,True,0.0001,40,0,22.268957345941836,20.0,-0.5,19.066967564998777,53.62839613130535,43.62839613130535,10.0,18.0,1.0,0,0,40,0,19.0,2.0,19.0
872,1,right_lane,adaptive,True,0.0001,40,0,25.252453148522044,16.5,0.0,17.4618880851649,60.14684330333798,48.39684330333798,11.75,18.0,1.0,0,0,39,1,10.0,13.0,17.0
873,1,right_lane,adaptive,True,0.0001,40,0,22.018957345971565,0.0,0.0,2.8847331409676826,63.23033175355448,43.23033175355449,20.0,18.0,1.0,0,0,39,1,0.0,0.0,40.0
874,1,right_lane,adaptive,True,0.0001,40,0,22.643957345971565,0.0,0.0,2.8883084628532742,64.23033175355451,44.230331753554495,20.0,18.0,1.0,0,0,38,2,0.0,0.0,40.0
875,1,right_lane,adaptive,True,0.0001,40,0,22.268957345749705,32.5,0.0,29.56714153669077,47.87827991126549,43.62827991126549,4.25,18.0,1.0,0,0,39,1,30.0,3.0,7.0
876,1,right_lane,adaptive,True,0.0001,40,0,22.268957345971565,29.0,0.0,27.432163398480043,49.62846151450391,43.62846151450392,6.0,18.0,1.0,0,0,40,0,27.0,2.0,11.0
877,1,right_lane,adaptive,True,0.0001,40,0,21.518957345971565,6.5,0.5,7.612609566422179,58.92746431852946,42.42746431852946,16.5,18.0,1.0,0,0,40,0,6.0,2.0,32.0
878,1,right_lane,adaptive,True,0.0001,40,0,22.643957345971565,9.0,1.0,10.922316839015366,59.475825961458604,44.225825961458604,15.25,18.0,1.0,0,0,39,1,5.0,9.0,26.0
879,1,right_lane,adaptive,True,0.0001,40,0,21.768957345971565,14.5,0.5,16.394523350521922,55.07634729993624,42.82634729993624,12.25,18.0,1.0,0,0,40,0,13.0,5.0,22.0
880,1,right_lane,adaptive,True,0.0001,40,0,23.64395734426102,2.0,0.5,4.225128038967341,64.82775617290092,45.82775617290092,19.0,18.0,1.0,0,0,38,2,0.0,4.0,36.0
881,1,right_lane,adaptive,True,0.0001,40,0,24.018957345971558,22.5,0.5,22.415543084484398,55.42176334013307,46.42176334013307,9.0,18.0,1.0,0,0,39,1,11.0,22.0,7.0
882,1,right_lane,adaptive,True,0.0001,40,0,24.518957345971565,36.0,0.0,33.85319301486015,49.476771398512845,47.226771398512845,2.25,18.0,1.0,0,0,40,0,32.0,7.0,1.0
883,1,right_lane,adaptive,True,0.0001,40,0,25.768957345971565,27.5,0.0,27.2903508618474,55.228820466941166,49.228820466941166,6.0,18.0,1.0,0,0,40,0,21.0,14.0,5.0
884,1,right_lane,adaptive,True,0.0001,40,0,21.768957345971565,8.5,0.5,10.364640317857265,58.576950136520836,42.82695013652084,15.75,18.0,1.0,0,0,40,0,0.0,17.0,23.0
885,1,right_lane,adaptive,True,0.0001,40,0,21.018957345971565,13.0,0.0,14.683102674782276,55.12938217878774,41.62938217878774,13.5,18.0,1.0,0,0,40,0,0.0,26.0,14.0
886,1,right_lane,adaptive,True,0.0001,40,0,22.518957345971565,27.5,0.5,26.820425032638013,49.779613140231795,44.029613140231795,5.75,18.0,1.0,0,0,40,0,23.0,11.0,6.0
887,1,right_lane,adaptive,True,0.0001,40,0,23.143957345941836,21.0,0.5,22.045225119612724,54.02481844131904,45.02481844131904,9.0,18.0,1.0,0,0,39,1,20.0,4.0,16.0
888,1,right_lane,adaptive,True,0.0001,40,0,21.768957345971565,0.5,0.0,3.855232580403026,62.078398404340774,42.82839840434077,19.25,18.0,1.0,0,0,39,1,1.0,1.0,38.0
889,1,right_lane,adaptive,True,0.0001,40,0,23.643957345971565,0.5,0.0,3.0115524144264896,65.57893679795798,45.82893679795799,19.75,18.0,1.0,0,0,38,2,0.0,1.0,39.0
890,1,right_lane,adaptive,True,0.0001,40,0,23.893957345942347,20.0,0.5,21.966821640729904,55.727997094797644,46.227997094797644,9.5,18.0,1.0,0,0,40,0,13.0,16.0,11.0
891,1,right_lane,adaptive,True,0.0001,40,0,23.393957345971565,17.0,1.0,16.524505628386578,56.92841696033121,45.4284169603312,11.5,18.0,1.0,0,0,38,2,13.0,8.0,19.0
892,1,right_lane,adaptive,True,0.0001,40,0,20.768957345971565,0.0,0.0,3.170781511813402,60.979397667741154,41.22939766774115,19.75,18.0,1.0,0,0,40,0,0.0,1.0,39.0
893,1,right_lane,adaptive,True,0.0001,40,0,20.518957345971565,0.0,0.0,3.6635347679257393,60.8303317535545,40.8303317535545,20.0,18.0,1.0,0,0,40,0,0.0,0.0,40.0
894,1,right_lane,adaptive,True,0.0001,40,0,22.643919754889087,6.0,0.5,6.830149592410862,61.227451618934886,44.22745161893489,17.0,18.0,1.0,0,0,35,5,1.0,10.0,29.0
895,1,right_lane,adaptive,True,0.0001,40,0,21.76895733295239,12.0,2.5,13.406045325100422,57.07525773670179,42.82525773670179,14.25,18.0,1.0,0,0,40,0,7.0,9.0,24.0
896,1,right_lane,adaptive,True,0.0001,40,0,25.893957332951874,26.0,0.0,26.0340834781764,56.427236106233906,49.427236106233906,7.0,18.0,1.0,0,0,39,1,24.0,4.0,12.0
897,1,right_lane,adaptive,True,0.0001,40,0,22.268957345967646,29.0,0.5,27.651669580489397,49.12839988471747,43.62839988471746,5.5,18.0,1.0,0,0,40,0,27.0,4.0,9.0
898,1,right_lane,adaptive,True,0.0001,40,0,21.87749644062177,3.5,0.0,6.278412972475053,61.00041868130321,43.00041868130321,18.0,18.0,1.0,0,0,40,0,1.0,6.0,33.0
899,1,right_lane,adaptive,True,0.0001,40,0,21.268957345971565,40.0,0.0,37.36320525407791,42.0303317535545,42.0303317535545,0.0,18.0,1.0,0,0,40,0,40.0,0.0,0.0
900,1,right_lane,adaptive,True,0.0001,40,0,24.143957345971565,5.5,0.0,7.040468865074217,63.87509572332606,46.62509572332606,17.25,18.0,1.0,0,0,40,0,3.0,5.0,32.0
901,1,right_lane,adaptive,True,0.0001,40,0,21.643957345971565,6.5,1.0,8.855556983500719,59.12753776557579,42.62753776557578,16.5,18.0,1.0,0,0,40,0,6.0,2.0,32.0
902,1,right_lane,adaptive,True,0.0001,40,0,23.143956509375204,20.0,1.0,20.441031500697136,55.027807039579095,45.0278070395791,10.0,18.0,1.0,0,0,40,0,19.0,2.0,19.0
903,1,right_lane,adaptive,True,0.0001,40,0,22.518957345971565,0.0,0.0,1.3403208963441102,64.0303317535545,44.030331753554506,20.0,18.0,1.0,0,0,39,1,0.0,0.0,40.0
904,1,right_lane,adaptive,True,0.0001,40,0,21.893957345971565,4.0,0.0,7.242127329111099,60.77798396535144,43.02798396535144,17.75,18.0,1.0,0,0,40,0,1.0,7.0,32.0
905,1,right_lane,adaptive,True,0.0001,40,0,21.143957345745857,6.5,0.5,9.8560611307621,58.07847392535437,41.82847392535437,16.25,18.0,1.0,0,0,40,0,6.0,3.0,31.0
906,1,right_lane,adaptive,True,0.0001,40,0,22.643956595220835,28.0,0.5,26.639956280589104,49.977691159041264,44.22769115904127,5.75,18.0,1.0,0,0,40,0,25.0,7.0,8.0
907,1,right_lane,adaptive,True,0.0001,40,0,21.018957345971565,15.0,0.0,15.461034152656794,54.12487961147967,41.62487961147967,12.5,18.0,1.0,0,0,40,0,1.0,28.0,11.0
908,1,right_lane,adaptive,True,0.0001,40,0,21.143628695453636,25.5,0.0,23.87636448442936,49.57980591267825,41.82980591267825,7.75,18.0,1.0,0,0,40,0,24.0,1.0,15.0
909,1,right_lane,adaptive,True,0.0001,40,0,21.268914804623073,23.5,0.0,21.911297842860222,50.77653343656424,42.02653343656424,8.75,18.0,1.0,0,0,40,0,21.0,3.0,16.0
910,1,right_lane,adaptive,True,0.0001,40,0,25.981371403410797,15.5,0.0,15.712246626504566,61.81356636316833,49.56356636316832,12.25,18.0,1.0,0,0,37,3,11.0,9.0,20.0
911,1,right_lane,adaptive,True,0.0001,40,0,20.893957345971565,26.5,3.0,25.200035013258457,48.68033175346263,41.43033175346264,7.25,18.0,1.0,0,0,40,0,25.0,1.0,14.0
912,1,right_lane,adaptive,True,0.0001,40,0,21.143957345971565,0.0,0.0,1.9801028428482823,61.830331753554496,41.830331753554496,20.0,18.0,1.0,0,0,40,0,0.0,0.0,40.0
913,1,right_lane,adaptive,True,0.0001,40,0,21.143957345967657,24.0,0.5,22.294471516945123,49.82839840433243,41.82839840433242,8.0,18.0,1.0,0,0,37,3,23.0,2.0,15.0
914,1,right_lane,adaptive,True,0.0001,40,0,21.143957345971565,8.5,1.5,11.100408859550953,57.32747102934153,41.82747102934153,15.5,18.0,1.0,0,0,40,0,6.0,6.0,28.0
915,1,right_lane,adaptive,True,0.0001,40,0,21.143957345971565,9.0,1.0,10.423563491829555,57.32581394617721,41.82581394617721,15.5,18.0,1.0,0,0,39,1,0.0,18.0,22.0
916,1,right_lane,adaptive,True,0.0001,40,0,23.393957345971497,5.5,1.0,8.229570862071114,62.424328536587915,45.424328536587915,17.0,18.0,1.0,0,0,39,1,1.0,10.0,29.0
917,1,right_lane,adaptive,True,0.0001,40,0,22.39395734574579,22.0,0.5,22.635549549013376,52.32245275825869,43.82245275825869,8.5,18.0,1.0,0,0,40,0,20.0,6.0,14.0
918,1,right_lane,adaptive,True,0.0001,40,0,21.893957344035762,8.0,0.5,9.318956457174863,59.02939765449268,43.0293976544927,16.0,18.0,1.0,0,0,39,1,0.0,16.0,24.0
919,1,right_lane,adaptive,True,0.0001,40,0,25.518957345941317,27.0,0.5,26.770848122389907,55.07446831071182,48.82446831071182,6.25,18.0,1.0,0,0,39,1,23.0,9.0,8.0
920,1,right_lane,adaptive,True,0.0001,40,0,24.768951657973492,23.0,0.0,21.861480616845938,56.123017835839946,47.62301783583993,8.5,18.0,1.0,0,0,38,2,18.0,10.0,12.0
921,1,right_lane,adaptive,True,0.0001,27,1,21.139196068106024,3.0,0.0,4.3566401173884515,39.72833292335308,28.22833292335308,11.5,18.0,1.0,0,0,27,0,2.0,4.0,21.0
922,1,right_lane,adaptive,True,0.0001,40,0,21.768957345971565,18.0,0.0,19.075236473232508,53.32734883757893,42.82734883757893,10.5,18.0,1.0,0,0,40,0,4.0,30.0,6.0
923,1,right_lane,adaptive,True,0.0001,40,0,20.768957345971565,1.0,0.5,5.0542178601026535,60.479397667739946,41.229397667739946,19.25,18.0,1.0,0,0,40,0,0.0,3.0,37.0
924,1,right_lane,adaptive,True,0.0001,40,0,23.231366453174452,2.0,0.0,4.002201398598345,64.4192374299246,45.16923742992461,19.25,18.0,1.0,0,0,38,2,0.0,3.0,37.0
925,1,right_lane,adaptive,True,0.0001,40,0,21.643957345971565,5.5,1.5,8.556965859606862,59.37870484961904,42.62870484961904,16.75,18.0,1.0,0,0,40,0,5.0,3.0,32.0
926,1,right_lane,adaptive,True,0.0001,40,0,24.018957345971046,16.5,0.5,17.657543523761888,57.9275369600215,46.4275369600215,11.5,18.0,1.0,0,0,39,1,16.0,2.0,22.0
927,1,right_lane,adaptive,True,0.0001,40,0,21.518957345971565,30.0,1.0,29.207860462367535,46.930331753554505,42.430331753554505,4.5,18.0,1.0,0,0,40,0,25.0,12.0,3.0
928,1,right_lane,adaptive,True,0.0001,40,0,23.393957345971565,23.0,0.0,22.994570940732956,53.92828060401605,45.428280604016045,8.5,18.0,1.0,0,0,40,0,6.0,34.0,0.0
929,1,right_lane,adaptive,True,0.0001,40,0,22.141461656101036,3.5,1.0,7.052817816846073,61.17581881121224,43.42581881121223,17.75,18.0,1.0,0,0,40,0,4.0,1.0,35.0
930,1,right_lane,adaptive,True,0.0001,40,0,22.768957345971565,35.5,0.5,35.47272998839617,46.180331753554505,44.430331753554505,1.75,18.0,1.0,0,0,40,0,36.0,1.0,3.0
931,1,right_lane,adaptive,True,0.0001,40,0,21.518957345971565,28.0,0.5,25.73253807425499,48.18033175318702,42.43033175318702,5.75,18.0,1.0,0,0,40,0,17.0,23.0,0.0
932,1,right_lane,adaptive,True,0.0001,40,0,22.393957345971565,33.0,0.0,30.881389170885086,47.578057141570525,43.828057141570525,3.75,18.0,1.0,0,0,40,0,25.0,15.0,0.0
933,1,right_lane,adaptive,True,0.0001,40,0,22.39395734403141,2.5,0.5,4.40029360990593,62.57962096394769,43.8296209639477,18.75,18.0,1.0,0,0,38,2,0.0,5.0,35.0
934,1,right_lane,adaptive,True,0.0001,40,0,21.00032874938229,39.0,0.0,37.77600574493408,41.84961135797335,41.59961135797335,0.25,18.0,1.0,0,0,40,0,39.0,1.0,0.0
935,1,right_lane,adaptive,True,0.0001,40,0,21.643957247332974,13.5,0.5,14.19769021056345,56.38033159568845,42.63033159568845,13.75,18.0,1.0,0,0,39,1,12.0,1.0,27.0
936,1,right_lane,adaptive,True,0.0001,40,0,25.018950894232812,34.5,0.5,33.523484230041504,50.77938831980212,48.02938831980212,2.75,18.0,1.0,0,0,40,0,29.0,11.0,0.0
937,1,right_lane,adaptive,True,0.0001,40,0,22.268957345971565,0.0,0.0,2.247841822794385,63.63033175355451,43.63033175355451,20.0,18.0,1.0,0,0,39,1,0.0,0.0,40.0
938,1,right_lane,adaptive,True,0.0001,40,0,24.75249644062177,14.5,1.5,16.04233588374882,59.85093134105539,47.60093134105539,12.25,18.0,1.0,0,0,39,1,13.0,5.0,22.0
939,1,right_lane,adaptive,True,0.0001,40,0,22.893957345971565,36.5,0.5,33.983121901750565,46.62514914253015,44.62514914253015,2.0,18.0,1.0,0,0,40,0,33.0,6.0,1.0
940,1,right_lane,adaptive,True,0.0001,40,0,21.893957345971554,0.0,0.0,3.621958719100803,62.77939766774113,43.02939766774113,19.75,18.0,1.0,0,0,40,0,0.0,1.0,39.0
941,1,right_lane,adaptive,True,0.0001,40,0,27.481043404749947,21.5,0.0,20.701789408026798,61.46043073637122,51.96043073637122,9.5,18.0,1.0,0,0,38,2,17.0,8.0,15.0
942,1,right_lane,adaptive,True,0.0001,40,0,21.893957345971565,21.0,1.0,20.829908526976396,52.276053074869246,43.02605307486923,9.25,18.0,1.0,0,0,39,1,7.0,29.0,4.0
943,1,right_lane,adaptive,True,0.0001,40,0,23.8774964406217,9.0,0.0,10.588154614903033,61.447455330695604,46.197455330695604,15.25,18.0,1.0,0,0,40,0,7.0,5.0,28.0
944,1,right_lane,adaptive,True,0.0001,40,0,21.768957345971565,22.0,0.0,21.882399312249618,51.57775090048703,42.82775090048703,8.75,18.0,1.0,0,0,39,1,20.0,5.0,15.0
945,1,right_lane,adaptive,True,0.0001,40,0,22.39146091836897,23.5,0.5,23.700295992195606,51.57405051517256,43.82405051517256,7.75,18.0,1.0,0,0,40,0,23.0,3.0,14.0
946,1,right_lane,adaptive,True,0.0001,40,0,22.768957345971565,40.0,0.0,37.3975984454155,44.430331753554505,44.430331753554505,0.0,18.0,1.0,0,0,40,0,40.0,0.0,0.0
947,1,right_lane,adaptive,True,0.0001,40,0,25.64395734597104,16.5,0.0,17.352893412340563,60.77512115387986,49.02512115387986,11.75,18.0,1.0,0,0,39,1,13.0,7.0,20.0
948,1,right_lane,adaptive,True,0.0001,40,0,22.768957345971565,8.0,1.5,10.572589598596096,60.42688677000189,44.42688677000189,16.0,18.0,1.0,0,0,40,0,2.0,12.0,26.0
949,1,right_lane,adaptive,True,0.0001,40,0,27.249999249252614,33.5,0.0,32.1721351146698,55.097406039069575,51.597406039069575,3.5,18.0,1.0,0,0,40,0,26.0,14.0,0.0
950,1,right_lane,adaptive,True,0.0001,40,0,24.002496440617854,22.0,1.0,22.647165149450302,54.898899394618404,46.398899394618404,8.5,18.0,1.0,0,0,40,0,15.0,16.0,9.0
951,1,right_lane,adaptive,True,0.0001,40,0,20.768957345971565,1.0,0.0,4.671450555324554,60.479397667739946,41.229397667739946,19.25,18.0,1.0,0,0,40,0,0.0,3.0,37.0
952,1,right_lane,adaptive,True,0.0001,40,0,27.999714542491667,16.0,0.0,15.797690612845088,65.0471785489806,52.7971785489806,12.25,18.0,1.0,0,0,36,4,13.0,5.0,22.0
953,1,right_lane,adaptive,True,0.0001,40,0,22.89395734597105,5.0,1.0,7.3405612858055065,62.127033285278195,44.627033285278195,17.5,18.0,1.0,0,0,39,1,4.0,2.0,34.0
954,1,right_lane,adaptive,True,0.0001,40,0,22.768957345971565,0.0,0.0,2.600201298245338,64.43033175355451,44.43033175355451,20.0,18.0,1.0,0,0,38,2,0.0,0.0,40.0
955,1,right_lane,adaptive,True,0.0001,40,0,22.606042667051526,24.0,1.5,23.330927789211273,52.41661364554762,44.16661364554763,8.25,18.0,1.0,0,0,40,0,10.0,27.0,3.0
956,1,right_lane,adaptive,True,0.0001,40,0,22.393957344482818,13.5,0.5,14.759513836354017,57.327594610094096,43.8275946100941,13.5,18.0,1.0,0,0,40,0,4.0,18.0,18.0
957,1,right_lane,adaptive,True,0.0001,40,0,23.62500000171446,36.0,0.5,33.522967889904976,48.04481063375707,45.79481063375707,2.25,18.0,1.0,0,0,40,0,32.0,7.0,1.0
958,1,right_lane,adaptive,True,0.0001,40,0,22.893957345971565,30.5,0.0,30.585446886718273,48.87316389185825,44.623163891858255,4.25,18.0,1.0,0,0,40,0,29.0,5.0,6.0
959,1,right_lane,adaptive,True,0.0001,40,0,23.143957345971558,18.5,0.0,17.370485201104202,56.27767078447243,45.02767078447242,11.25,18.0,1.0,0,0,39,1,16.0,3.0,21.0
960,1,right_lane,adaptive,True,0.0001,40,0,20.768957345971565,7.0,0.5,9.55689388513565,57.47619078383619,41.22619078383619,16.25,18.0,1.0,0,0,40,0,4.0,7.0,29.0
961,1,right_lane,adaptive,True,0.0001,40,0,21.393957345971565,1.5,0.0,3.084014310940347,60.97839840434077,42.22839840434077,18.75,18.0,1.0,0,0,29,11,2.0,1.0,37.0
962,1,right_lane,adaptive,True,0.0001,40,0,23.39395734597105,9.5,1.5,11.237702588259708,60.67796575845121,45.42796575845121,15.25,18.0,1.0,0,0,40,0,8.0,3.0,29.0
963,1,right_lane,adaptive,True,0.0001,40,0,24.891455217381456,20.0,0.0,20.253662243541157,57.56989856026806,47.81989856026806,9.75,18.0,1.0,0,0,38,2,16.0,9.0,15.0
964,1,right_lane,adaptive,True,0.0001,40,0,24.268957345971565,7.0,2.0,8.445361561879054,63.32797669862059,46.827976698620574,16.5,18.0,1.0,0,0,39,1,0.0,14.0,26.0
965,1,right_lane,adaptive,True,0.0001,40,0,23.768957345971565,5.0,3.0,7.293802073308598,63.27614534496705,46.02614534496706,17.25,18.0,1.0,0,0,38,2,1.0,9.0,30.0
966,1,right_lane,adaptive,True,0.0001,40,0,22.268957345971565,9.5,0.5,11.509591286443538,58.62610221784893,43.62610221784893,15.0,18.0,1.0,0,0,39,1,3.0,14.0,23.0
967,1,right_lane,adaptive,True,0.0001,40,0,21.75249644062177,5.5,1.5,7.389276735317708,60.052651083579335,42.802651083579335,17.25,18.0,1.0,0,0,39,1,0.0,11.0,29.0
968,1,right_lane,adaptive,True,0.0001,40,0,22.768957345971565,5.5,0.0,7.7145439693033495,61.68032277011709,44.430322770117094,17.25,18.0,1.0,0,0,38,2,0.0,11.0,29.0
969,1,right_lane,adaptive,True,0.0001,40,0,20.268957345971565,21.0,2.5,21.089512661099434,49.680331732724206,40.430331732724206,9.25,18.0,1.0,0,0,40,0,9.0,25.0,6.0
970,1,right_lane,adaptive,True,0.0001,40,0,22.37749644062177,23.0,0.5,22.311641916632652,52.80123654778504,43.80123654778504,9.0,18.0,1.0,0,0,40,0,7.0,30.0,3.0
971,1,right_lane,adaptive,True,0.0001,40,0,22.643951743818675,6.0,0.0,7.891533105623239,60.72890623431193,44.22890623431192,16.5,18.0,1.0,0,0,38,2,6.0,2.0,32.0
972,1,right_lane,adaptive,True,0.0001,40,0,22.893957345971565,20.0,0.0,20.219651628285646,54.62651610614934,44.62651610614934,10.0,18.0,1.0,0,0,40,0,12.0,16.0,12.0
973,1,right_lane,adaptive,True,0.0001,15,1,24.38388621663466,0.0,0.5,0.9649599279327958,24.879398306112396,17.629398306112396,7.25,18.0,1.0,0,0,14,1,0.0,1.0,14.0
974,1,right_lane,adaptive,True,0.0001,40,0,23.266466606367043,21.5,1.5,21.00717923604043,54.7202939259266,45.220293925926605,9.5,18.0,1.0,0,0,38,2,16.0,10.0,14.0
975,1,right_lane,adaptive,True,0.0001,40,0,21.893957345971565,27.0,0.0,25.450827211141586,50.028704826051765,43.02870482605177,7.0,18.0,1.0,0,0,40,0,15.0,22.0,3.0
976,1,right_lane,adaptive,True,0.0001,40,0,21.518957332948997,19.0,0.0,19.20668177306652,52.92417682910859,42.42417682910859,10.5,18.0,1.0,0,0,40,0,8.0,22.0,10.0
977,1,right_lane,adaptive,True,0.0001,40,0,23.268957345971565,23.0,1.5,22.814282734598464,53.72586531783236,45.225865317832366,8.5,18.0,1.0,0,0,39,1,11.0,24.0,5.0
978,1,right_lane,adaptive,True,0.0001,40,0,24.268956496389603,2.0,0.5,4.504285151568183,65.82688620770095,46.82688620770095,19.0,18.0,1.0,0,0,37,3,0.0,4.0,36.0
979,1,right_lane,adaptive,True,0.0001,40,0,22.518957345971565,40.0,0.0,37.22899949550629,44.030331753554506,44.030331753554506,0.0,18.0,1.0,0,0,40,0,40.0,0.0,0.0
980,1,right_lane,adaptive,True,0.0001,40,0,23.377496440395998,13.0,-0.5,13.317794370143474,58.902050270093795,45.4020502700938,13.5,18.0,1.0,0,0,39,1,12.0,2.0,26.0
981,1,right_lane,adaptive,True,0.0001,40,0,21.393957345971565,40.0,0.0,37.05355364084244,42.230331753554495,42.230331753554495,0.0,18.0,1.0,0,0,40,0,40.0,0.0,0.0
982,1,right_lane,adaptive,True,0.0001,40,0,23.516789654732076,0.0,0.0,2.8738806947385456,65.3759300237029,45.62593002370292,19.75,18.0,1.0,0,0,38,2,0.0,1.0,39.0
983,1,right_lane,adaptive,True,0.0001,40,0,22.143957345971565,8.0,0.0,9.370459029430094,59.42375542218032,43.42375542218032,16.0,18.0,1.0,0,0,39,1,5.0,6.0,29.0
984,1,right_lane,adaptive,True,0.0001,40,0,20.75249644062177,1.5,2.5,4.58017876334543,60.20306021918148,41.20306021918148,19.0,18.0,1.0,0,0,39,1,0.0,4.0,36.0
985,1,right_lane,adaptive,True,0.0001,40,0,24.518585306203995,13.0,1.0,14.46858804114936,60.97431801338466,47.22431801338466,13.75,18.0,1.0,0,0,39,1,10.0,5.0,25.0
986,1,right_lane,adaptive,True,0.0001,40,0,21.643957345971565,31.5,1.0,31.060664005577564,46.629397667741145,42.629397667741145,4.0,18.0,1.0,0,0,40,0,29.0,6.0,5.0
987,1,right_lane,adaptive,True,0.0001,40,0,23.643957345971565,36.5,0.5,34.25052961707115,47.57939766774113,45.82939766774113,1.75,18.0,1.0,0,0,40,0,33.0,7.0,0.0
988,1,right_lane,adaptive,True,0.0001,40,0,21.518957345971558,2.5,2.0,5.993751931534916,60.92666527636773,42.426665276367736,18.5,18.0,1.0,0,0,39,1,0.0,6.0,34.0
989,1,right_lane,adaptive,True,0.0001,40,0,23.393956596934782,29.0,0.0,27.10636047832668,51.172941960995345,45.42294196099535,5.75,18.0,1.0,0,0,40,0,24.0,9.0,7.0
990,1,right_lane,adaptive,True,0.0001,40,0,22.643957345971565,30.0,0.5,28.21493688225746,49.47939832658236,44.22939832658236,5.25,18.0,1.0,0,0,40,0,19.0,21.0,0.0
991,1,right_lane,adaptive,True,0.0001,40,0,22.018957345971565,39.5,0.0,35.793908059597015,43.72963839496079,43.22963839496079,0.5,18.0,1.0,0,0,40,0,38.0,2.0,0.0
992,1,right_lane,adaptive,True,0.0001,40,0,22.893957345971565,18.5,0.0,19.064659734838642,55.377274560274174,44.62727456027417,10.75,18.0,1.0,0,0,40,0,1.0,35.0,4.0
993,1,right_lane,adaptive,True,0.0001,40,0,22.143957345971565,18.0,0.5,18.23123060675971,54.17648754675107,43.426487546751076,10.75,18.0,1.0,0,0,39,1,16.0,5.0,19.0
994,1,right_lane,adaptive,True,0.0001,40,0,23.874999263982392,13.5,0.0,14.190660521388054,59.69689865880644,46.19689865880645,13.5,18.0,1.0,0,0,40,0,7.0,12.0,21.0
995,1,right_lane,adaptive,True,0.0001,40,0,23.625328749381776,32.5,0.5,30.432819671928883,49.797723676899324,45.79772367689931,4.0,18.0,1.0,0,0,40,0,29.0,6.0,5.0
996,1,right_lane,adaptive,True,0.0001,40,0,24.768957345971494,26.0,0.0,24.740097023148337,54.87487033263113,47.62487033263113,7.25,18.0,1.0,0,0,38,2,22.0,7.0,11.0
997,1,right_lane,adaptive,True,0.0001,40,0,21.518957345971565,5.5,0.5,8.968522876501083,59.42744376630867,42.42744376630867,17.0,18.0,1.0,0,0,40,0,5.0,2.0,33.0
998,1,right_lane,adaptive,True,0.0001,40,0,22.733867844032495,20.5,0.5,21.411597535014153,53.87223274024482,44.372232740244826,9.5,18.0,1.0,0,0,40,0,9.0,24.0,7.0
999,1,right_lane,adaptive,True,0.0001,40,0,23.518957246911675,18.5,0.0,18.677657820284367,56.87749609105542,45.62749609105542,11.25,18.0,1.0,0,0,40,0,8.0,19.0,13.0
