episode_id,policy_freq,profile,method,filter,value,episode_length,collision,mean_speed,total_cost,total_avoided_cost,total_expected_cost,total_reward,total_basic_reward,total_added_reward,mean_iterations_to_converge,convergence_rate,outcome_unchanged_count,outcome_naively_augmented_count,outcome_rcps_augmented_count,outcome_projection_count,lane_0_time,lane_1_time,lane_2_time
0,1,right_lane,adaptive,True,0.1,40,0,22.268957345971565,0.5,6.0,4.608472113156722,62.878397181182535,43.62839718118255,19.25,18.0,1.0,0,0,34,6,1.0,1.0,38.0
1,1,right_lane,adaptive,True,0.1,40,0,22.39391909147172,0.0,0.5,3.272515425167512,63.5793364593207,43.8293364593207,19.75,18.0,1.0,0,0,33,7,0.0,1.0,39.0
2,1,right_lane,adaptive,True,0.1,40,0,20.768957345971565,7.5,14.5,13.004538517445326,57.73033175355451,41.2303317535545,16.5,18.0,1.0,0,0,39,1,0.0,14.0,26.0
3,1,right_lane,adaptive,True,0.1,40,0,21.643957345971565,0.0,9.5,3.9092843963126143,62.63033175355449,42.63033175355449,20.0,18.0,1.0,0,0,38,2,0.0,0.0,40.0
4,1,right_lane,adaptive,True,0.1,40,0,20.893957345971565,0.0,2.0,4.230959185224492,61.17939651911743,41.42939651911743,19.75,18.0,1.0,0,0,36,4,0.0,1.0,39.0
5,1,right_lane,adaptive,True,0.1,40,0,20.393957345971565,0.5,10.0,5.670478284358978,59.87839717648496,40.62839717648496,19.25,18.0,1.0,0,0,40,0,1.0,1.0,38.0
6,1,right_lane,adaptive,True,0.1,19,1,20.829383886255922,1.0,9.0,4.719804637134075,28.37839717648496,19.62839717648496,8.75,18.0,1.0,0,0,19,0,1.0,1.0,17.0
7,1,right_lane,adaptive,True,0.1,40,0,21.143957260126378,0.5,5.5,3.959839956428823,61.078398267720964,41.82839826772097,19.25,18.0,1.0,0,0,23,17,1.0,1.0,38.0
8,1,right_lane,adaptive,True,0.1,40,0,20.893957345971565,0.0,12.5,4.6425478011369705,61.4303317535545,41.43033175355451,20.0,18.0,1.0,0,0,40,0,0.0,0.0,40.0
9,1,right_lane,adaptive,True,0.1,40,0,22.26895733124236,0.0,1.5,3.74158443448232,63.37939649115224,43.62939649115225,19.75,18.0,1.0,0,0,35,5,0.0,1.0,39.0
10,1,right_lane,adaptive,True,0.1,40,0,22.39395726012593,0.0,7.0,3.6006728055084523,63.830331616201484,43.83033161620149,20.0,18.0,1.0,0,0,35,5,0.0,0.0,40.0
11,1,right_lane,adaptive,True,0.1,40,0,23.643957345971053,5.0,8.5,8.386312013569977,63.32987393069775,45.82987393069777,17.5,18.0,1.0,0,0,32,8,0.0,10.0,30.0
12,1,right_lane,adaptive,True,0.1,40,0,21.356377104427974,0.5,2.0,4.315519545335974,61.41827001786976,42.16827001786976,19.25,18.0,1.0,0,0,36,4,1.0,1.0,38.0
13,1,right_lane,adaptive,True,0.1,40,0,20.268957345971565,0.0,20.0,5.834715612232685,60.430331753554505,40.430331753554505,20.0,18.0,1.0,0,0,40,0,0.0,0.0,40.0
14,1,right_lane,adaptive,True,0.1,40,0,20.393957345971565,0.0,16.5,4.863426066935062,60.37939766652045,40.62939766652045,19.75,18.0,1.0,0,0,40,0,0.0,1.0,39.0
15,1,right_lane,adaptive,True,0.1,40,0,21.018957331493432,0.5,9.0,5.2195020943568124,60.878398379878924,41.62839837987893,19.25,18.0,1.0,0,0,38,2,1.0,1.0,38.0
16,1,right_lane,adaptive,True,0.1,40,0,22.893956692596,0.0,7.5,3.976097859987931,64.37939662302982,44.6293966230298,19.75,18.0,1.0,0,0,31,9,0.0,1.0,39.0
17,1,right_lane,adaptive,True,0.1,40,0,22.018957345971565,0.0,10.5,4.3769309947356305,63.2303317535545,43.2303317535545,20.0,18.0,1.0,0,0,32,8,0.0,0.0,40.0
18,1,right_lane,adaptive,True,0.1,40,0,21.018957345971565,0.5,11.0,5.369916092604399,60.87839840507327,41.62839840507326,19.25,18.0,1.0,0,0,40,0,1.0,1.0,38.0
19,1,right_lane,adaptive,True,0.1,40,0,20.518957345971565,0.0,9.0,5.0957490131258965,60.57939766773994,40.82939766773995,19.75,18.0,1.0,0,0,40,0,0.0,1.0,39.0
20,1,right_lane,adaptive,True,0.1,40,0,20.893957344482878,0.0,18.0,5.935258528683335,61.17939651231986,41.429396512319855,19.75,18.0,1.0,0,0,38,2,0.0,1.0,39.0
21,1,right_lane,adaptive,True,0.1,40,0,20.893957345971565,0.0,4.0,4.365846265107393,61.17939832963656,41.42939832963656,19.75,18.0,1.0,0,0,39,1,0.0,1.0,39.0
22,1,right_lane,adaptive,True,0.1,40,0,21.643957345971565,0.0,8.0,4.644821341793431,62.37939651471895,42.62939651471895,19.75,18.0,1.0,0,0,38,2,0.0,1.0,39.0
23,1,right_lane,adaptive,True,0.1,40,0,21.268957345971565,3.0,11.0,8.069123037159443,60.02746056245117,42.02746056245116,18.0,18.0,1.0,0,0,40,0,1.0,6.0,33.0
24,1,right_lane,adaptive,True,0.1,40,0,21.643957345971565,3.0,3.0,7.6035537123680115,61.128285634494745,42.628285634494745,18.5,18.0,1.0,0,0,40,0,0.0,6.0,34.0
25,1,right_lane,adaptive,True,0.1,40,0,21.143957345971565,0.0,12.0,4.463740135439366,61.8303317535545,41.8303317535545,20.0,18.0,1.0,0,0,29,11,0.0,0.0,40.0
26,1,right_lane,adaptive,True,0.1,40,0,21.39395734574631,0.0,3.0,3.6662090119607456,61.97939651434136,42.22939651434135,19.75,18.0,1.0,0,0,33,7,0.0,1.0,39.0
27,1,right_lane,adaptive,True,0.1,40,0,21.393957345971565,2.5,18.5,8.436252363026142,60.477445284143066,42.227445284143066,18.25,18.0,1.0,0,0,40,0,1.0,5.0,34.0
28,1,right_lane,adaptive,True,0.1,40,0,21.26895734597149,6.0,4.5,9.909724121058389,58.77870601797856,42.02870601797856,16.75,18.0,1.0,0,0,36,4,0.0,13.0,27.0
29,1,right_lane,adaptive,True,0.1,40,0,23.643957345971565,0.0,1.5,3.4530125166184007,65.8303317535545,45.83033175355451,20.0,18.0,1.0,0,0,32,8,0.0,0.0,40.0
30,1,right_lane,adaptive,True,0.1,40,0,20.76895734597105,0.0,0.5,4.109722673892975,61.230331753553685,41.230331753553685,20.0,18.0,1.0,0,0,40,0,0.0,0.0,40.0
31,1,right_lane,adaptive,True,0.1,40,0,24.266504184652195,0.0,3.5,2.9327611251324015,66.8264066954435,46.82640669544351,20.0,18.0,1.0,0,0,33,7,0.0,0.0,40.0
32,1,right_lane,adaptive,True,0.1,40,0,21.51895733126767,0.5,6.5,4.982129213403823,61.67839715295873,42.42839715295872,19.25,18.0,1.0,0,0,37,3,1.0,1.0,38.0
33,1,right_lane,adaptive,True,0.1,40,0,21.018957345971565,0.0,0.5,3.108307134360075,61.379397667741145,41.629397667741145,19.75,18.0,1.0,0,0,39,1,0.0,1.0,39.0
34,1,right_lane,adaptive,True,0.1,40,0,21.268957345971565,0.0,2.0,3.463618596215383,61.77939651470176,42.02939651470176,19.75,18.0,1.0,0,0,38,2,0.0,1.0,39.0
35,1,right_lane,adaptive,True,0.1,40,0,20.393957345971565,0.5,4.5,5.419654808938503,59.87839717648496,40.62839717648496,19.25,18.0,1.0,0,0,40,0,1.0,1.0,38.0
36,1,right_lane,adaptive,True,0.1,40,0,21.393957345971565,0.0,5.5,4.26638685155433,62.2303317535545,42.2303317535545,20.0,18.0,1.0,0,0,37,3,0.0,0.0,40.0
37,1,right_lane,adaptive,True,0.1,40,0,21.143957334666847,2.5,5.5,7.361552871763706,60.07846562945345,41.82846562945345,18.25,18.0,1.0,0,0,40,0,1.0,5.0,34.0
38,1,right_lane,adaptive,True,0.1,40,0,21.393957345971565,1.5,11.0,6.190765984356403,61.47963774912696,42.22963774912696,19.25,18.0,1.0,0,0,40,0,0.0,3.0,37.0
39,1,right_lane,adaptive,True,0.1,40,0,22.643957345971565,14.5,15.0,20.81264889240265,56.72729447557249,44.2272944755725,12.5,18.0,1.0,0,0,40,0,1.0,28.0,11.0
40,1,right_lane,adaptive,True,0.1,40,0,21.143957345968158,0.0,9.0,4.366750314700994,61.83033175354905,41.83033175354905,20.0,18.0,1.0,0,0,36,4,0.0,0.0,40.0
41,1,right_lane,adaptive,True,0.1,40,0,21.268957345971565,0.0,9.5,4.2884408459067345,62.0303317535545,42.0303317535545,20.0,18.0,1.0,0,0,38,2,0.0,0.0,40.0
42,1,right_lane,adaptive,True,0.1,40,0,20.641789654728687,0.0,20.5,5.3577840104699135,60.77592936053184,41.02592936053184,19.75,18.0,1.0,0,0,40,0,0.0,1.0,39.0
43,1,right_lane,adaptive,True,0.1,40,0,21.018956608239495,0.0,0.0,3.2594313248991966,61.6303305731832,41.630330573183194,20.0,18.0,1.0,0,0,36,4,0.0,0.0,40.0
44,1,right_lane,adaptive,True,0.1,40,0,21.25249644062177,5.0,6.0,8.752949547255412,59.50399168135238,42.00399168135238,17.5,18.0,1.0,0,0,39,1,0.0,10.0,30.0
45,1,right_lane,adaptive,True,0.1,40,0,23.768914804622565,2.0,4.5,5.199947710495962,64.77839386375886,46.02839386375886,18.75,18.0,1.0,0,0,20,20,0.0,5.0,35.0
46,1,right_lane,adaptive,True,0.1,40,0,24.49995672263391,0.0,1.5,3.093550619405505,66.94899733234584,47.19899733234586,19.75,18.0,1.0,0,0,29,11,0.0,1.0,39.0
47,1,right_lane,adaptive,True,0.1,40,0,21.393957260126378,0.0,0.0,3.4589388454642176,62.23033161620221,42.23033161620221,20.0,18.0,1.0,0,0,38,2,0.0,0.0,40.0
48,1,right_lane,adaptive,True,0.1,40,0,21.893957247136935,0.0,3.5,4.068759017422735,62.779398171550675,43.02939817155068,19.75,18.0,1.0,0,0,39,1,0.0,1.0,39.0
49,1,right_lane,adaptive,True,0.1,40,0,21.268957345971565,0.0,0.5,3.6539949948200956,62.0303317535545,42.0303317535545,20.0,18.0,1.0,0,0,38,2,0.0,0.0,40.0
50,1,right_lane,adaptive,True,0.1,40,0,20.64395734426102,0.0,7.5,3.7758498514740495,60.7793965119649,41.02939651196489,19.75,18.0,1.0,0,0,30,10,0.0,1.0,39.0
51,1,right_lane,adaptive,True,0.1,40,0,20.768957345971565,1.5,3.5,5.021458933129907,60.73033175355451,41.2303317535545,19.5,18.0,1.0,0,0,38,2,0.0,2.0,38.0
52,1,right_lane,adaptive,True,0.1,40,0,21.018957345971565,0.5,13.0,5.366053430426291,60.87839840434149,41.628398404341496,19.25,18.0,1.0,0,0,37,3,1.0,1.0,38.0
53,1,right_lane,adaptive,True,0.1,40,0,24.518957345971565,0.0,1.5,3.1680385644045828,66.9793983296861,47.22939832968609,19.75,18.0,1.0,0,0,27,13,0.0,1.0,39.0
54,1,right_lane,adaptive,True,0.1,40,0,23.518957344286836,0.0,4.5,2.4698895032630617,65.63033175085893,45.63033175085893,20.0,18.0,1.0,0,0,25,15,0.0,0.0,40.0
55,1,right_lane,adaptive,True,0.1,40,0,22.018957345971565,4.0,12.5,9.865571327507496,60.725818020677806,43.225818020677806,17.5,18.0,1.0,0,0,40,0,1.0,8.0,31.0
56,1,right_lane,adaptive,True,0.1,40,0,20.268957345971565,0.0,6.0,3.346411638893187,60.179396514701764,40.42939651470176,19.75,18.0,1.0,0,0,24,16,0.0,1.0,39.0
57,1,right_lane,adaptive,True,0.1,40,0,23.143957345971565,0.0,0.5,3.214598555041448,65.0303317535545,45.0303317535545,20.0,18.0,1.0,0,0,32,8,0.0,0.0,40.0
58,1,right_lane,adaptive,True,0.1,40,0,21.64395660823559,0.0,11.0,3.8031635066167837,62.63033057317695,42.63033057317695,20.0,18.0,1.0,0,0,33,7,0.0,0.0,40.0
59,1,right_lane,adaptive,True,0.1,40,0,21.268957345971565,0.5,3.5,4.884626056453271,61.27839717648503,42.02839717648503,19.25,18.0,1.0,0,0,38,2,1.0,1.0,38.0
60,1,right_lane,adaptive,True,0.1,38,1,21.072586679970065,0.5,13.5,5.8272097096269135,58.379397667741145,39.629397667741145,18.75,18.0,1.0,0,0,32,6,0.0,1.0,37.0
61,1,right_lane,adaptive,True,0.1,40,0,21.893957345971565,0.0,5.0,4.117657462214538,62.7793983296861,43.02939832968611,19.75,18.0,1.0,0,0,36,4,0.0,1.0,39.0
62,1,right_lane,adaptive,True,0.1,40,0,21.516461656101036,1.5,6.0,6.104626685380936,61.67564437692583,42.42564437692583,19.25,18.0,1.0,0,0,40,0,0.0,3.0,37.0
63,1,right_lane,adaptive,True,0.1,40,0,24.143957248821653,0.5,2.5,3.440054886828193,65.87839824890165,46.62839824890164,19.25,18.0,1.0,0,0,25,15,1.0,1.0,38.0
64,1,right_lane,adaptive,True,0.1,31,1,20.347041736737506,0.5,13.0,5.2056411653757095,46.679396514701764,31.429396514701757,15.25,18.0,1.0,0,0,31,0,0.0,1.0,30.0
65,1,right_lane,adaptive,True,0.1,40,0,20.516789654732086,2.5,20.0,9.830294117331505,59.32492624133733,40.82492624133733,18.5,18.0,1.0,0,0,40,0,1.0,4.0,35.0
66,1,right_lane,adaptive,True,0.1,7,1,27.748847743118194,2.5,1.0,3.851434886455536,10.91735055871658,9.16735055871658,1.75,18.0,1.0,0,0,7,0,1.0,5.0,1.0
67,1,right_lane,adaptive,True,0.1,40,0,24.143957333174246,0.0,2.0,2.629333179975106,66.3793983092104,46.629398309210394,19.75,18.0,1.0,0,0,22,18,0.0,1.0,39.0
68,1,right_lane,adaptive,True,0.1,40,0,23.518957345971565,0.0,10.5,4.286818534583517,65.37939651470175,45.62939651470175,19.75,18.0,1.0,0,0,30,10,0.0,1.0,39.0
69,1,right_lane,adaptive,True,0.1,40,0,21.393957345967717,0.0,5.5,3.2864179481111933,61.97939766773497,42.22939766773498,19.75,18.0,1.0,0,0,29,11,0.0,1.0,39.0
70,1,right_lane,adaptive,True,0.1,40,0,21.268957345971565,0.5,8.5,5.147080939786974,61.27839910886089,42.02839910886089,19.25,18.0,1.0,0,0,36,4,1.0,1.0,38.0
71,1,right_lane,adaptive,True,0.1,40,0,22.143957345775522,0.5,7.5,4.8856404166072025,62.67839910854722,43.428399108547225,19.25,18.0,1.0,0,0,34,6,1.0,1.0,38.0
72,1,right_lane,adaptive,True,0.1,40,0,20.393957345971565,0.5,6.0,5.616508550941944,59.87839717648496,40.62839717648496,19.25,18.0,1.0,0,0,40,0,1.0,1.0,38.0
73,1,right_lane,adaptive,True,0.1,40,0,20.393957345971565,0.0,9.0,5.118664778769016,60.37939766652045,40.62939766652045,19.75,18.0,1.0,0,0,40,0,0.0,1.0,39.0
74,1,right_lane,adaptive,True,0.1,40,0,23.518957345971565,0.5,2.0,3.4688839740824733,64.8783991088609,45.628399108860904,19.25,18.0,1.0,0,0,28,12,1.0,1.0,38.0
75,1,right_lane,adaptive,True,0.1,40,0,21.01895174379286,0.5,9.5,5.546781107783318,60.87838821299904,41.628388212999035,19.25,18.0,1.0,0,0,40,0,1.0,1.0,38.0
76,1,right_lane,adaptive,True,0.1,40,0,20.518919754889087,0.0,7.5,4.7283066883683205,60.579337520788485,40.829337520788485,19.75,18.0,1.0,0,0,40,0,0.0,1.0,39.0
77,1,right_lane,adaptive,True,0.1,40,0,20.393957345971565,0.0,13.0,5.253914147615433,60.37939766652045,40.62939766652045,19.75,18.0,1.0,0,0,40,0,0.0,1.0,39.0
78,1,right_lane,adaptive,True,0.1,40,0,22.39395723409201,13.0,7.0,16.11736987772747,57.32632889363666,43.82632889363666,13.5,18.0,1.0,0,0,38,2,10.0,6.0,24.0
79,1,right_lane,adaptive,True,0.1,40,0,21.143957345971565,2.0,10.0,7.601080566644669,60.32770288794308,41.82770288794309,18.5,18.0,1.0,0,0,40,0,1.0,4.0,35.0
80,1,right_lane,adaptive,True,0.1,40,0,20.268957345971565,0.0,18.5,4.88530720770359,60.430331753554505,40.430331753554505,20.0,18.0,1.0,0,0,40,0,0.0,0.0,40.0
81,1,right_lane,adaptive,True,0.1,40,0,21.893957345971494,2.5,6.5,7.320799566805363,61.278447310292194,43.02844731029219,18.25,18.0,1.0,0,0,40,0,1.0,5.0,34.0
82,1,right_lane,adaptive,True,0.1,40,0,21.766461656101036,0.0,2.5,3.6826729703798264,62.82633864976167,42.82633864976167,20.0,18.0,1.0,0,0,38,2,0.0,0.0,40.0
83,1,right_lane,adaptive,True,0.1,40,0,22.143957345971565,1.5,9.5,6.581683824327229,62.428703663314195,43.428703663314195,19.0,18.0,1.0,0,0,37,3,0.0,4.0,36.0
84,1,right_lane,adaptive,True,0.1,40,0,24.018957345971565,0.5,0.0,3.728628341366857,65.6783991088609,46.428399108860894,19.25,18.0,1.0,0,0,31,9,1.0,1.0,38.0
85,1,right_lane,adaptive,True,0.1,40,0,21.268957345971565,0.0,4.5,3.5249992465458035,61.77939766774114,42.02939766774114,19.75,18.0,1.0,0,0,34,6,0.0,1.0,39.0
86,1,right_lane,adaptive,True,0.1,40,0,22.518957345971565,0.0,4.0,3.2402991682224638,64.0303317535545,44.030331753554506,20.0,18.0,1.0,0,0,35,5,0.0,0.0,40.0
87,1,right_lane,adaptive,True,0.1,40,0,20.768957345971565,0.0,15.0,5.293662793934345,60.979397667741154,41.22939766774115,19.75,18.0,1.0,0,0,40,0,0.0,1.0,39.0
88,1,right_lane,adaptive,True,0.1,14,1,21.839878130702264,0.5,0.0,1.3421457782387733,22.03033175319327,15.030331753193268,7.0,18.0,1.0,0,0,14,0,0.0,0.0,14.0
89,1,right_lane,adaptive,True,0.1,40,0,21.01895724564825,2.0,16.0,8.075690381228924,60.3784444340604,41.6284444340604,18.75,18.0,1.0,0,0,40,0,0.0,5.0,35.0
90,1,right_lane,adaptive,True,0.1,40,0,24.643957345971565,0.0,0.0,2.6631371931534886,67.43033175355451,47.43033175355451,20.0,18.0,1.0,0,0,28,12,0.0,0.0,40.0
91,1,right_lane,adaptive,True,0.1,40,0,21.643908451722865,0.0,8.0,4.294167181402372,62.379319435722536,42.629319435722536,19.75,18.0,1.0,0,0,37,3,0.0,1.0,39.0
92,1,right_lane,adaptive,True,0.1,40,0,20.393957345971565,0.0,20.0,6.800167292356491,60.6303317535545,40.6303317535545,20.0,18.0,1.0,0,0,40,0,0.0,0.0,40.0
93,1,right_lane,adaptive,True,0.1,40,0,22.89395723434353,3.0,3.0,6.447644718510674,62.87870420546233,44.62870420546233,18.25,18.0,1.0,0,0,28,12,1.0,5.0,34.0
94,1,right_lane,adaptive,True,0.1,40,0,22.108867844032495,1.5,13.0,6.448251361565781,62.624185925694775,43.37418592569478,19.25,18.0,1.0,0,0,38,2,0.0,3.0,37.0
95,1,right_lane,adaptive,True,0.1,40,0,20.268957345971565,0.0,18.5,5.567706562578678,60.179396514701764,40.42939651470176,19.75,18.0,1.0,0,0,40,0,0.0,1.0,39.0
96,1,right_lane,adaptive,True,0.1,40,0,23.87749644062177,0.0,8.5,3.4412277655043226,65.95306088112643,46.20306088112644,19.75,18.0,1.0,0,0,23,17,0.0,1.0,39.0
97,1,right_lane,adaptive,True,0.1,40,0,22.018956608209834,0.0,6.5,3.9481140266898365,62.97939648732237,43.22939648732237,19.75,18.0,1.0,0,0,33,7,0.0,1.0,39.0
98,1,right_lane,adaptive,True,0.1,40,0,21.76895734422789,0.0,3.5,3.879988690825485,62.57939651191188,42.82939651191187,19.75,18.0,1.0,0,0,38,2,0.0,1.0,39.0
99,1,right_lane,adaptive,True,0.1,3,1,25.0,0.5,1.5,1.3433753848075867,4.598198036970558,3.598198036970558,1.0,18.0,1.0,0,0,3,0,0.0,2.0,1.0
100,1,right_lane,adaptive,True,0.1,40,0,21.268957345971565,0.5,4.0,4.665882742032409,61.27839840434149,42.028398404341495,19.25,18.0,1.0,0,0,39,1,1.0,1.0,38.0
101,1,right_lane,adaptive,True,0.1,40,0,22.268957345941327,3.0,10.0,7.01201463651887,62.129379015104156,43.629379015104156,18.5,18.0,1.0,0,0,35,5,0.0,6.0,34.0
102,1,right_lane,adaptive,True,0.1,17,1,20.92695846110954,1.0,5.5,3.998282440006733,25.378397176484945,17.628397176484945,7.75,18.0,1.0,0,0,17,0,1.0,1.0,15.0
103,1,right_lane,adaptive,True,0.1,40,0,20.518957345971565,0.0,7.0,5.0265932604670525,60.57939766773994,40.82939766773995,19.75,18.0,1.0,0,0,40,0,0.0,1.0,39.0
104,1,right_lane,adaptive,True,0.1,40,0,20.268957345971565,0.0,3.0,4.031612992286682,60.430331753554505,40.430331753554505,20.0,18.0,1.0,0,0,40,0,0.0,0.0,40.0
105,1,right_lane,adaptive,True,0.1,40,0,24.268957345971113,5.5,4.5,9.48660132707937,63.575404055470536,46.825404055470536,16.75,18.0,1.0,0,0,34,6,3.0,7.0,30.0
106,1,right_lane,adaptive,True,0.1,40,0,21.768957345971565,2.0,3.5,6.578497931361198,61.328690134620594,42.82869013462058,18.5,18.0,1.0,0,0,40,0,1.0,4.0,35.0
107,1,right_lane,adaptive,True,0.1,40,0,21.893957345971565,0.5,1.0,1.6228839243658513,62.278399108860896,43.028399108860896,19.25,18.0,1.0,0,0,5,35,1.0,1.0,38.0
108,1,right_lane,adaptive,True,0.1,40,0,22.268957345971565,1.5,4.5,6.052249071525239,62.62870432494017,43.62870432494018,19.0,18.0,1.0,0,0,38,2,0.0,4.0,36.0
109,1,right_lane,adaptive,True,0.1,40,0,22.893957345971565,2.0,0.0,4.817658729294635,63.62963992101912,44.62963992101912,19.0,18.0,1.0,0,0,30,10,0.0,4.0,36.0
110,1,right_lane,adaptive,True,0.1,40,0,22.018957344482878,0.0,2.0,3.139088024199282,63.2303317511726,43.23033175117259,20.0,18.0,1.0,0,0,37,3,0.0,0.0,40.0
111,1,right_lane,adaptive,True,0.1,40,0,21.141133005583107,2.0,16.0,8.151794712990522,60.82510392247313,41.825103922473126,19.0,18.0,1.0,0,0,40,0,0.0,4.0,36.0
112,1,right_lane,adaptive,True,0.1,40,0,21.018957345971565,0.5,2.0,5.144564285986689,60.87839840434149,41.628398404341496,19.25,18.0,1.0,0,0,38,2,1.0,1.0,38.0
113,1,right_lane,adaptive,True,0.1,40,0,21.768957345971565,0.5,2.0,4.743742324179038,62.0783984050733,42.8283984050733,19.25,18.0,1.0,0,0,38,2,1.0,1.0,38.0
114,1,right_lane,adaptive,True,0.1,40,0,21.643957345971554,0.0,1.0,3.8131325356662273,62.630331753554486,42.630331753554486,20.0,18.0,1.0,0,0,39,1,0.0,0.0,40.0
115,1,right_lane,adaptive,True,0.1,40,0,21.643957345971565,0.5,10.5,5.064010098959216,61.87839840507333,42.6283984050733,19.25,18.0,1.0,0,0,37,3,1.0,1.0,38.0
116,1,right_lane,adaptive,True,0.1,40,0,20.393957345971565,0.0,8.5,4.966586276888847,60.37939766652045,40.62939766652045,19.75,18.0,1.0,0,0,40,0,0.0,1.0,39.0
117,1,right_lane,adaptive,True,0.1,40,0,21.143957345716583,0.0,7.5,3.7352229697207804,61.83033175314654,41.83033175314653,20.0,18.0,1.0,0,0,36,4,0.0,0.0,40.0
118,1,right_lane,adaptive,True,0.1,40,0,23.000043292099726,2.0,11.5,6.223592166634262,63.298428944063836,44.798428944063836,18.5,18.0,1.0,0,0,34,6,1.0,4.0,35.0
119,1,right_lane,adaptive,True,0.1,40,0,23.643957345971113,0.0,5.0,3.2110127375617594,65.83033175355378,45.83033175355378,20.0,18.0,1.0,0,0,33,7,0.0,0.0,40.0
120,1,right_lane,adaptive,True,0.1,40,0,21.39395734594184,0.0,0.0,3.801214980777331,61.97939766769359,42.22939766769358,19.75,18.0,1.0,0,0,37,3,0.0,1.0,39.0
121,1,right_lane,adaptive,True,0.1,40,0,20.393957345971565,0.0,12.5,4.765896089375019,60.37939766652045,40.62939766652045,19.75,18.0,1.0,0,0,40,0,0.0,1.0,39.0
122,1,right_lane,adaptive,True,0.1,40,0,21.143957345971565,0.0,2.0,2.8232170697301626,61.57939766774115,41.82939766774115,19.75,18.0,1.0,0,0,32,8,0.0,1.0,39.0
123,1,right_lane,adaptive,True,0.1,40,0,22.393957345971565,0.0,11.5,4.586144947450066,63.5793983296861,43.82939832968611,19.75,18.0,1.0,0,0,36,4,0.0,1.0,39.0
124,1,right_lane,adaptive,True,0.1,40,0,21.518957334666847,0.0,11.5,3.931719973042277,62.430331735466964,42.43033173546696,20.0,18.0,1.0,0,0,33,7,0.0,0.0,40.0
125,1,right_lane,adaptive,True,0.1,40,0,21.643957344031914,3.0,8.0,7.526515938341618,61.129625489119924,42.62962548911992,18.5,18.0,1.0,0,0,40,0,0.0,6.0,34.0
126,1,right_lane,adaptive,True,0.1,40,0,21.393957345971565,0.0,1.0,4.422642116653151,61.979398329686106,42.2293983296861,19.75,18.0,1.0,0,0,38,2,0.0,1.0,39.0
127,1,right_lane,adaptive,True,0.1,40,0,22.018957345971565,0.0,0.5,3.5283785246207344,63.2303317535545,43.2303317535545,20.0,18.0,1.0,0,0,36,4,0.0,0.0,40.0
128,1,right_lane,adaptive,True,0.1,40,0,20.393957345971565,0.0,16.0,5.186774589121342,60.6303317535545,40.6303317535545,20.0,18.0,1.0,0,0,40,0,0.0,0.0,40.0
129,1,right_lane,adaptive,True,0.1,40,0,22.268957345971565,13.5,3.0,15.224755903502228,57.38033175355449,43.630331753554486,13.75,18.0,1.0,0,0,31,9,9.0,7.0,24.0
130,1,right_lane,adaptive,True,0.1,40,0,21.268957345971565,0.0,1.0,3.8377806562359638,61.7793983296861,42.02939832968611,19.75,18.0,1.0,0,0,39,1,0.0,1.0,39.0
131,1,right_lane,adaptive,True,0.1,40,0,22.502447460553704,9.5,9.0,13.780857579185977,59.50229365621197,44.002293656211975,15.5,18.0,1.0,0,0,38,2,4.0,10.0,26.0
132,1,right_lane,adaptive,True,0.1,40,0,22.377496440621762,0.0,7.0,4.28512072190108,63.55306021918145,43.80306021918146,19.75,18.0,1.0,0,0,35,5,0.0,1.0,39.0
133,1,right_lane,adaptive,True,0.1,40,0,21.893957345971565,0.0,0.5,3.196034863456134,63.0303317535545,43.03033175355449,20.0,18.0,1.0,0,0,34,6,0.0,0.0,40.0
134,1,right_lane,adaptive,True,0.1,40,0,20.393957345971565,0.5,1.5,4.762583993375301,59.87839717648496,40.62839717648496,19.25,18.0,1.0,0,0,40,0,1.0,1.0,38.0
135,1,right_lane,adaptive,True,0.1,40,0,21.018957345971565,0.0,3.0,4.072248887270689,61.63033175355451,41.63033175355451,20.0,18.0,1.0,0,0,40,0,0.0,0.0,40.0
136,1,right_lane,adaptive,True,0.1,40,0,21.64359175625804,0.0,18.0,5.059968932842821,62.37881157117732,42.62881157117732,19.75,18.0,1.0,0,0,38,2,0.0,1.0,39.0
137,1,right_lane,adaptive,True,0.1,40,0,22.768634282877322,0.0,3.0,3.4297151621394733,64.42981485260371,44.42981485260371,20.0,18.0,1.0,0,0,36,4,0.0,0.0,40.0
138,1,right_lane,adaptive,True,0.1,40,0,20.643957345971565,0.5,1.0,4.399257592856884,60.2783984043395,41.0283984043395,19.25,18.0,1.0,0,0,40,0,1.0,1.0,38.0
139,1,right_lane,adaptive,True,0.1,40,0,20.268957345971565,0.0,20.0,5.307352133095264,60.430331753554505,40.430331753554505,20.0,18.0,1.0,0,0,40,0,0.0,0.0,40.0
140,1,right_lane,adaptive,True,0.1,40,0,22.018957345971565,0.0,0.5,2.521046383324574,63.230331753554495,43.23033175355451,20.0,18.0,1.0,0,0,26,14,0.0,0.0,40.0
141,1,right_lane,adaptive,True,0.1,40,0,21.393957344231296,0.5,10.0,4.217996095043418,62.230331750770084,42.230331750770084,20.0,18.0,1.0,0,0,35,5,0.0,0.0,40.0
142,1,right_lane,adaptive,True,0.1,40,0,24.518957260126378,0.0,2.0,3.244672265812369,66.9793981923338,47.22939819233379,19.75,18.0,1.0,0,0,29,11,0.0,1.0,39.0
143,1,right_lane,adaptive,True,0.1,40,0,21.643957345971565,0.5,3.0,5.038240842978212,61.87839910886088,42.62839910886088,19.25,18.0,1.0,0,0,36,4,1.0,1.0,38.0
144,1,right_lane,adaptive,True,0.1,40,0,20.893957345971565,2.0,13.5,7.898340426385403,59.92746075345035,41.427460753450326,18.5,18.0,1.0,0,0,40,0,1.0,4.0,35.0
145,1,right_lane,adaptive,True,0.1,40,0,21.143957345971565,9.0,14.5,14.848218493301829,57.32939832968609,41.8293983296861,15.5,18.0,1.0,0,0,38,2,0.0,18.0,22.0
146,1,right_lane,adaptive,True,0.1,40,0,21.893957345716643,0.0,2.0,3.6445174207801756,62.779397667333264,43.029397667333264,19.75,18.0,1.0,0,0,37,3,0.0,1.0,39.0
147,1,right_lane,adaptive,True,0.1,40,0,21.14395734597155,0.0,0.5,3.3741016561307333,61.579397666520435,41.82939766652043,19.75,18.0,1.0,0,0,37,3,0.0,1.0,39.0
148,1,right_lane,adaptive,True,0.1,40,0,23.268956694084615,0.5,3.0,4.281891075202566,64.47839806584179,45.22839806584179,19.25,18.0,1.0,0,0,34,6,1.0,1.0,38.0
149,1,right_lane,adaptive,True,0.1,40,0,21.643957345971565,2.0,19.0,7.574017041377374,61.12870326066336,42.62870326066335,18.5,18.0,1.0,0,0,37,3,1.0,4.0,35.0
150,1,right_lane,adaptive,True,0.1,40,0,20.768957345971565,0.0,2.5,4.198606808717159,61.2303317535545,41.23033175355451,20.0,18.0,1.0,0,0,38,2,0.0,0.0,40.0
151,1,right_lane,adaptive,True,0.1,40,0,23.143957345716135,2.5,12.0,8.246859442440268,63.77868944281439,45.0286894428144,18.75,18.0,1.0,0,0,36,4,0.0,5.0,35.0
152,1,right_lane,adaptive,True,0.1,40,0,22.893957344035314,2.5,12.5,6.891349845194782,63.37963837412384,44.62963837412384,18.75,18.0,1.0,0,0,35,5,0.0,5.0,35.0
153,1,right_lane,adaptive,True,0.1,40,0,22.768957345971565,0.5,5.0,4.386991170245892,63.6783991088609,44.42839910886089,19.25,18.0,1.0,0,0,32,8,1.0,1.0,38.0
154,1,right_lane,adaptive,True,0.1,40,0,21.643957345971565,0.5,8.5,5.49819987219189,61.87839717648497,42.62839717648497,19.25,18.0,1.0,0,0,37,3,1.0,1.0,38.0
155,1,right_lane,adaptive,True,0.1,26,1,23.106088201956272,2.0,8.5,5.34259194975084,41.479637304182894,29.229637304182884,12.25,18.0,1.0,0,0,24,2,0.0,3.0,23.0
156,1,right_lane,adaptive,True,0.1,40,0,22.018957345971565,2.5,6.5,7.188340822172904,61.72962330848554,43.22962330848555,18.5,18.0,1.0,0,0,36,4,0.0,6.0,34.0
157,1,right_lane,adaptive,True,0.1,40,0,23.39391480462308,5.0,6.0,8.959918699856644,62.679345155894524,45.429345155894545,17.25,18.0,1.0,0,0,34,6,0.0,11.0,29.0
158,1,right_lane,adaptive,True,0.1,40,0,23.25027977099895,5.0,14.0,10.788575388491154,62.1967325502911,45.19673255029111,17.0,18.0,1.0,0,0,40,0,2.0,8.0,30.0
159,1,right_lane,adaptive,True,0.1,40,0,21.518957345971565,3.0,8.0,8.338938184082508,60.42844526156225,42.42844526156225,18.0,18.0,1.0,0,0,40,0,1.0,6.0,33.0
160,1,right_lane,adaptive,True,0.1,40,0,20.393957345971565,0.5,13.5,5.736340761184692,59.87839717648496,40.62839717648496,19.25,18.0,1.0,0,0,40,0,1.0,1.0,38.0
161,1,right_lane,adaptive,True,0.1,40,0,22.143908464738125,3.5,10.0,9.047070872038603,61.175810030680886,43.42581003068088,17.75,18.0,1.0,0,0,40,0,1.0,7.0,32.0
162,1,right_lane,adaptive,True,0.1,40,0,22.268957345971565,0.0,0.0,3.012428010158146,63.6303317535545,43.63033175355451,20.0,18.0,1.0,0,0,36,4,0.0,0.0,40.0
163,1,right_lane,adaptive,True,0.1,40,0,21.393957345971486,1.0,8.5,5.7511613530869,61.72939766651954,42.229397666519525,19.5,18.0,1.0,0,0,37,3,0.0,2.0,38.0
164,1,right_lane,adaptive,True,0.1,40,0,21.768671888689,0.0,4.5,3.3985137491254136,62.578940936089715,42.828940936089715,19.75,18.0,1.0,0,0,29,11,0.0,1.0,39.0
165,1,right_lane,adaptive,True,0.1,33,1,21.538130116329167,0.5,1.0,3.0843985678366153,50.77839840434078,35.02839840434078,15.75,18.0,1.0,0,0,19,14,1.0,1.0,31.0
166,1,right_lane,adaptive,True,0.1,40,0,21.518957345971565,0.0,11.0,4.257552369711902,62.430331753554505,42.430331753554505,20.0,18.0,1.0,0,0,36,4,0.0,0.0,40.0
167,1,right_lane,adaptive,True,0.1,40,0,20.518957345971565,0.0,5.5,4.355799399316311,60.8303317535545,40.8303317535545,20.0,18.0,1.0,0,0,40,0,0.0,0.0,40.0
168,1,right_lane,adaptive,True,0.1,40,0,20.518957345971565,0.5,10.0,5.911894001066685,60.07839840304393,40.828398403043934,19.25,18.0,1.0,0,0,40,0,1.0,1.0,38.0
169,1,right_lane,adaptive,True,0.1,40,0,22.018957345971565,9.0,10.5,13.661096401512623,58.477747397728294,43.2277473977283,15.25,18.0,1.0,0,0,40,0,1.0,17.0,22.0
170,1,right_lane,adaptive,True,0.1,40,0,21.39395734593844,0.5,10.5,5.459109872885165,61.47839840428777,42.22839840428777,19.25,18.0,1.0,0,0,35,5,1.0,1.0,38.0
171,1,right_lane,adaptive,True,0.1,40,0,21.018957345971565,2.0,14.5,7.92271064221859,60.12658133097694,41.62658133097694,18.5,18.0,1.0,0,0,40,0,1.0,4.0,35.0
172,1,right_lane,adaptive,True,0.1,40,0,21.018957345971565,0.5,1.0,3.9388971030712128,60.87839840434077,41.62839840434077,19.25,18.0,1.0,0,0,40,0,1.0,1.0,38.0
173,1,right_lane,adaptive,True,0.1,40,0,20.62749644062177,0.0,4.0,3.9797560460865498,61.00399430499483,41.00399430499483,20.0,18.0,1.0,0,0,39,1,0.0,0.0,40.0
174,1,right_lane,adaptive,True,0.1,40,0,22.018957345971565,1.5,15.5,7.2485387792166875,62.47869153855835,43.228691538558365,19.25,18.0,1.0,0,0,38,2,0.0,3.0,37.0
175,1,right_lane,adaptive,True,0.1,40,0,21.518628695453636,0.0,6.5,3.2152502879871463,62.42980591272582,42.429805912725826,20.0,18.0,1.0,0,0,31,9,0.0,0.0,40.0
176,1,right_lane,adaptive,True,0.1,40,0,21.64150418272032,0.0,6.0,4.277893228440917,62.37547260531846,42.62547260531846,19.75,18.0,1.0,0,0,37,3,0.0,1.0,39.0
177,1,right_lane,adaptive,True,0.1,40,0,21.018957345971565,0.5,4.0,4.625133910402383,60.87839840434149,41.628398404341496,19.25,18.0,1.0,0,0,37,3,1.0,1.0,38.0
178,1,right_lane,adaptive,True,0.1,9,1,21.750921098254235,0.5,4.0,1.6310206651687622,14.130331595371523,9.630331595371525,4.5,18.0,1.0,0,0,9,0,0.0,0.0,9.0
179,1,right_lane,adaptive,True,0.1,40,0,21.393957345971565,0.0,7.0,4.215705552211148,61.97939766774182,42.22939766774182,19.75,18.0,1.0,0,0,37,3,0.0,1.0,39.0
180,1,right_lane,adaptive,True,0.1,40,0,23.12500009886436,4.5,9.0,9.300168964636214,62.497438008778445,44.997438008778445,17.5,18.0,1.0,0,0,34,6,0.0,10.0,30.0
181,1,right_lane,adaptive,True,0.1,40,0,20.768957345971565,0.0,0.5,3.143255677074194,60.979396514718964,41.22939651471896,19.75,18.0,1.0,0,0,40,0,0.0,1.0,39.0
182,1,right_lane,adaptive,True,0.1,40,0,23.268957345971565,0.0,1.5,2.32489641986524,65.23033175355451,45.2303317535545,20.0,18.0,1.0,0,0,24,16,0.0,0.0,40.0
183,1,right_lane,adaptive,True,0.1,40,0,21.62749644062177,0.0,2.5,3.4419061727721783,62.603994304994835,42.603994304994835,20.0,18.0,1.0,0,0,36,4,0.0,0.0,40.0
184,1,right_lane,adaptive,True,0.1,40,0,21.018957345971565,0.0,7.0,3.8124362015023507,61.6303317535545,41.6303317535545,20.0,18.0,1.0,0,0,36,4,0.0,0.0,40.0
185,1,right_lane,adaptive,True,0.1,40,0,22.018957345971565,0.0,1.0,4.170594485780157,62.979398329686106,43.229398329686106,19.75,18.0,1.0,0,0,36,4,0.0,1.0,39.0
186,1,right_lane,adaptive,True,0.1,40,0,21.393913305060828,0.0,15.5,5.194506872971033,61.97932604924459,42.229326049244584,19.75,18.0,1.0,0,0,38,2,0.0,1.0,39.0
187,1,right_lane,adaptive,True,0.1,40,0,23.64395164498405,3.0,3.5,6.902229122817516,64.07961446248324,45.82961446248323,18.25,18.0,1.0,0,0,38,2,0.0,7.0,33.0
188,1,right_lane,adaptive,True,0.1,14,1,23.26844955437671,0.5,0.0,1.9730715453624725,22.579398326582556,15.829398326582556,6.75,18.0,1.0,0,0,14,0,0.0,1.0,13.0
189,1,right_lane,adaptive,True,0.1,40,0,21.018957345971565,0.5,5.0,5.1446168422698975,60.87839910880876,41.628399108808765,19.25,18.0,1.0,0,0,40,0,1.0,1.0,38.0
190,1,right_lane,adaptive,True,0.1,40,0,23.268957345971565,0.0,9.0,3.901486336373864,64.97939766774114,45.229397667741154,19.75,18.0,1.0,0,0,31,9,0.0,1.0,39.0
191,1,right_lane,adaptive,True,0.1,40,0,20.518957345971565,0.5,0.0,4.574063002384719,60.07839840304393,40.828398403043934,19.25,18.0,1.0,0,0,32,8,1.0,1.0,38.0
192,1,right_lane,adaptive,True,0.1,40,0,22.14395723434353,3.0,6.5,7.358844635622518,61.678050502402016,43.428050502402016,18.25,18.0,1.0,0,0,38,2,0.0,7.0,33.0
193,1,right_lane,adaptive,True,0.1,40,0,22.643957334666847,0.0,6.0,3.431004855781339,64.23033173546696,44.230331735466955,20.0,18.0,1.0,0,0,34,6,0.0,0.0,40.0
194,1,right_lane,adaptive,True,0.1,40,0,20.268957345971565,0.0,10.0,4.873882859945297,60.179396514701764,40.42939651470176,19.75,18.0,1.0,0,0,40,0,0.0,1.0,39.0
195,1,right_lane,adaptive,True,0.1,40,0,20.893957345971554,0.0,7.5,3.33378869396347,61.43033175355448,41.43033175355448,20.0,18.0,1.0,0,0,32,8,0.0,0.0,40.0
196,1,right_lane,adaptive,True,0.1,40,0,21.643957345971565,8.0,3.5,11.479788299649954,58.62870405608892,42.62870405608893,16.0,18.0,1.0,0,0,40,0,0.0,16.0,24.0
197,1,right_lane,adaptive,True,0.1,40,0,22.768957345971565,0.0,7.5,3.732181645095352,64.4303317535545,44.43033175355449,20.0,18.0,1.0,0,0,34,6,0.0,0.0,40.0
198,1,right_lane,adaptive,True,0.1,40,0,21.893957345971565,0.0,7.0,3.204065989144965,63.0303317535545,43.030331753554506,20.0,18.0,1.0,0,0,29,11,0.0,0.0,40.0
199,1,right_lane,adaptive,True,0.1,40,0,22.877496354776138,0.0,11.5,4.145192723062337,64.35306008182846,44.60306008182847,19.75,18.0,1.0,0,0,35,5,0.0,1.0,39.0
200,1,right_lane,adaptive,True,0.1,40,0,24.393957345971565,0.0,0.5,1.4015463062318076,67.0303317535545,47.0303317535545,20.0,18.0,1.0,0,0,12,28,0.0,0.0,40.0
201,1,right_lane,adaptive,True,0.1,40,0,20.518957345971565,0.0,3.5,4.002301372587681,60.8303317535545,40.8303317535545,20.0,18.0,1.0,0,0,40,0,0.0,0.0,40.0
202,1,right_lane,adaptive,True,0.1,40,0,22.018957345971565,0.0,14.0,4.624854561940765,63.2303317535545,43.23033175355451,20.0,18.0,1.0,0,0,36,4,0.0,0.0,40.0
203,1,right_lane,adaptive,True,0.1,40,0,21.893951547834142,0.0,8.0,3.8001420899536242,63.03032247653465,43.030322476534636,20.0,18.0,1.0,0,0,37,3,0.0,0.0,40.0
204,1,right_lane,adaptive,True,0.1,40,0,21.518957345971565,0.0,6.0,4.163922311505303,62.430331753554505,42.430331753554505,20.0,18.0,1.0,0,0,36,4,0.0,0.0,40.0
205,1,right_lane,adaptive,True,0.1,40,0,20.518957345971565,0.5,14.5,6.190581113100052,60.07839840304393,40.828398403043934,19.25,18.0,1.0,0,0,40,0,1.0,1.0,38.0
206,1,right_lane,adaptive,True,0.1,40,0,21.643957345971565,0.0,5.5,3.969779206869134,62.37939832968611,42.629398329686104,19.75,18.0,1.0,0,0,36,4,0.0,1.0,39.0
207,1,right_lane,adaptive,True,0.1,40,0,21.518957345971565,0.0,7.5,4.287295749253758,62.43033175355451,42.43033175355451,20.0,18.0,1.0,0,0,38,2,0.0,0.0,40.0
208,1,right_lane,adaptive,True,0.1,12,1,22.14652444317463,0.5,0.5,1.5941296964883804,18.779397646910468,13.029397646910466,5.75,18.0,1.0,0,0,12,0,0.0,1.0,11.0
209,1,right_lane,adaptive,True,0.1,40,0,21.247832407624884,0.5,1.0,4.361675606700601,61.244597275130275,41.994597275130275,19.25,18.0,1.0,0,0,37,3,1.0,1.0,38.0
210,1,right_lane,adaptive,True,0.1,40,0,22.62749644062177,6.5,5.5,8.803501460387452,61.203994304994836,44.20399430499483,17.0,18.0,1.0,0,0,17,23,0.0,12.0,28.0
211,1,right_lane,adaptive,True,0.1,40,0,21.143957345971565,0.0,14.0,4.8217691261965,61.57939832968609,41.8293983296861,19.75,18.0,1.0,0,0,38,2,0.0,1.0,39.0
212,1,right_lane,adaptive,True,0.1,40,0,20.518957345971565,0.5,4.0,5.652829606086016,60.07839840304393,40.828398403043934,19.25,18.0,1.0,0,0,39,1,1.0,1.0,38.0
213,1,right_lane,adaptive,True,0.1,40,0,20.518957345971565,0.5,3.0,5.3713366612792015,60.07839717648497,40.82839717648497,19.25,18.0,1.0,0,0,40,0,1.0,1.0,38.0
214,1,right_lane,adaptive,True,0.1,40,0,20.518957345971565,0.0,2.5,4.425305001437664,60.57939766773994,40.82939766773995,19.75,18.0,1.0,0,0,40,0,0.0,1.0,39.0
215,1,right_lane,adaptive,True,0.1,40,0,20.893957345971565,0.0,6.0,4.287890080476245,61.4303317535545,41.430331753554505,20.0,18.0,1.0,0,0,37,3,0.0,0.0,40.0
216,1,right_lane,adaptive,True,0.1,40,0,21.893957345971497,0.0,6.0,2.9221971808674425,62.779398329686,43.029398329685996,19.75,18.0,1.0,0,0,25,15,0.0,1.0,39.0
217,1,right_lane,adaptive,True,0.1,40,0,23.018919754888504,3.5,3.5,7.531017802612041,62.576991576781914,44.826991576781914,17.75,18.0,1.0,0,0,38,2,1.0,7.0,32.0
218,1,right_lane,adaptive,True,0.1,40,0,20.89391975488909,0.0,2.0,3.332147788256407,61.43027160782254,41.43027160782254,20.0,18.0,1.0,0,0,39,1,0.0,0.0,40.0
219,1,right_lane,adaptive,True,0.1,40,0,21.143957345971565,0.0,0.0,3.845197072461815,61.57939766774115,41.82939766774115,19.75,18.0,1.0,0,0,37,3,0.0,1.0,39.0
220,1,right_lane,adaptive,True,0.1,40,0,20.268957345971565,0.0,12.5,5.183564014732838,60.430331753554505,40.430331753554505,20.0,18.0,1.0,0,0,40,0,0.0,0.0,40.0
221,1,right_lane,adaptive,True,0.1,40,0,24.14150336085361,0.0,6.5,3.203959616762404,66.62640537736577,46.626405377365785,20.0,18.0,1.0,0,0,28,12,0.0,0.0,40.0
222,1,right_lane,adaptive,True,0.1,40,0,21.018957345775455,0.5,1.0,2.69088054355052,60.878398404025724,41.62839840402571,19.25,18.0,1.0,0,0,13,27,1.0,1.0,38.0
223,1,right_lane,adaptive,True,0.1,40,0,21.893957345971565,0.0,0.0,2.6141057767526945,63.030331753554506,43.0303317535545,20.0,18.0,1.0,0,0,36,4,0.0,0.0,40.0
224,1,right_lane,adaptive,True,0.1,40,0,20.768957345971565,0.0,1.0,4.5087025463581085,60.979397667741154,41.22939766774115,19.75,18.0,1.0,0,0,40,0,0.0,1.0,39.0
225,1,right_lane,adaptive,True,0.1,26,1,20.798395916879333,0.5,7.0,3.9365799874067307,39.57939766773994,26.829397667739947,12.75,18.0,1.0,0,0,26,0,0.0,1.0,25.0
226,1,right_lane,adaptive,True,0.1,40,0,20.268957345971565,0.0,20.0,6.088596627116203,60.430331753554505,40.430331753554505,20.0,18.0,1.0,0,0,40,0,0.0,0.0,40.0
227,1,right_lane,adaptive,True,0.1,40,0,23.26895734596758,3.0,8.5,7.871927530766698,63.72797672539316,45.22797672539315,18.5,18.0,1.0,0,0,35,5,0.0,6.0,34.0
228,1,right_lane,adaptive,True,0.1,40,0,21.018957345971565,0.0,0.0,3.8961155275255805,61.379397666520426,41.62939766652045,19.75,18.0,1.0,0,0,38,2,0.0,1.0,39.0
229,1,right_lane,adaptive,True,0.1,40,0,21.39395724882166,0.0,11.0,4.221689825025351,62.230331598114645,42.23033159811465,20.0,18.0,1.0,0,0,36,4,0.0,0.0,40.0
230,1,right_lane,adaptive,True,0.1,40,0,20.643957345971565,0.5,4.5,5.750392034649849,60.2783984043395,41.0283984043395,19.25,18.0,1.0,0,0,40,0,1.0,1.0,38.0
231,1,right_lane,adaptive,True,0.1,40,0,21.268957345971565,0.5,5.0,5.1974156983196735,61.27839910886089,42.02839910886089,19.25,18.0,1.0,0,0,40,0,1.0,1.0,38.0
232,1,right_lane,adaptive,True,0.1,40,0,22.268956584141378,2.0,14.5,7.582772073474189,62.3784422238472,43.62844222384719,18.75,18.0,1.0,0,0,35,5,0.0,5.0,35.0
233,1,right_lane,adaptive,True,0.1,40,0,23.01895734597149,11.5,5.5,15.95678609517472,58.57607264854459,44.82607264854459,13.75,18.0,1.0,0,0,38,2,6.0,13.0,21.0
234,1,right_lane,adaptive,True,0.1,40,0,20.393957345971565,0.0,9.5,4.774808019399643,60.37939766652045,40.62939766652045,19.75,18.0,1.0,0,0,40,0,0.0,1.0,39.0
235,1,right_lane,adaptive,True,0.1,40,0,21.14395090893671,2.0,8.5,7.803934548050165,60.32769260677533,41.82769260677533,18.5,18.0,1.0,0,0,40,0,1.0,4.0,35.0
236,1,right_lane,adaptive,True,0.1,40,0,20.393957345971565,0.0,17.0,6.288220547139645,60.37939766652045,40.62939766652045,19.75,18.0,1.0,0,0,40,0,0.0,1.0,39.0
237,1,right_lane,adaptive,True,0.1,40,0,21.393957345971565,0.0,0.5,3.8562044758873526,61.979398329686106,42.2293983296861,19.75,18.0,1.0,0,0,36,4,0.0,1.0,39.0
238,1,right_lane,adaptive,True,0.1,40,0,21.1439573329563,0.0,3.5,3.635446810629219,61.57939649387734,41.82939649387734,19.75,18.0,1.0,0,0,34,6,0.0,1.0,39.0
239,1,right_lane,adaptive,True,0.1,8,1,21.344786235536013,0.5,4.0,2.197659954428673,12.179396356518783,8.429396356518783,3.75,18.0,1.0,0,0,8,0,0.0,1.0,7.0
240,1,right_lane,adaptive,True,0.1,40,0,21.76895724862562,0.0,4.0,2.686348511233973,62.830331597801,42.830331597801,20.0,18.0,1.0,0,0,28,12,0.0,0.0,40.0
241,1,right_lane,adaptive,True,0.1,40,0,20.393957345971565,0.5,3.5,4.735538877546787,59.87839717648496,40.62839717648496,19.25,18.0,1.0,0,0,33,7,1.0,1.0,38.0
242,1,right_lane,adaptive,True,0.1,40,0,21.018957345971565,0.5,2.5,4.494445934891701,60.87839840507327,41.62839840507326,19.25,18.0,1.0,0,0,40,0,1.0,1.0,38.0
243,1,right_lane,adaptive,True,0.1,40,0,21.76895174381868,0.0,1.5,3.498251706901783,62.83032279010988,42.83032279010989,20.0,18.0,1.0,0,0,37,3,0.0,0.0,40.0
244,1,right_lane,adaptive,True,0.1,40,0,23.358867844032495,3.5,5.5,8.133245972694112,63.121550366016315,45.37155036601632,17.75,18.0,1.0,0,0,35,5,1.0,7.0,32.0
245,1,right_lane,adaptive,True,0.1,40,0,21.268957345971565,3.0,4.0,7.422098446357268,60.529636630212096,42.02963663021209,18.5,18.0,1.0,0,0,36,4,1.0,4.0,35.0
246,1,right_lane,adaptive,True,0.1,11,1,27.331389664298047,3.5,1.5,4.785756818950176,17.47416892210162,14.224168922101619,3.25,18.0,1.0,0,0,9,2,1.0,7.0,3.0
247,1,right_lane,adaptive,True,0.1,40,0,20.893957345945747,0.0,4.5,4.0686743746282445,61.179396514677656,41.429396514677656,19.75,18.0,1.0,0,0,37,3,0.0,1.0,39.0
248,1,right_lane,adaptive,True,0.1,40,0,20.518957345971565,0.5,1.5,4.647957731038332,60.07839840304393,40.828398403043934,19.25,18.0,1.0,0,0,40,0,1.0,1.0,38.0
249,1,right_lane,adaptive,True,0.1,40,0,21.268957345971565,0.5,4.5,4.992221274415442,61.27839840434149,42.028398404341495,19.25,18.0,1.0,0,0,37,3,1.0,1.0,38.0
250,1,right_lane,adaptive,True,0.1,40,0,21.231091647145412,0.0,12.5,5.25224740186809,61.96974663543266,41.96974663543266,20.0,18.0,1.0,0,0,37,3,0.0,0.0,40.0
251,1,right_lane,adaptive,True,0.1,40,0,23.268957345941836,5.5,9.5,9.411563880080848,61.97744522249394,45.227445222493934,16.75,18.0,1.0,0,0,23,17,1.0,11.0,28.0
252,1,right_lane,adaptive,True,0.1,40,0,21.89395733146377,0.5,6.0,4.669781929358805,62.278398381129016,43.02839838112902,19.25,18.0,1.0,0,0,34,6,1.0,1.0,38.0
253,1,right_lane,adaptive,True,0.1,40,0,22.268957345971565,0.5,1.5,4.6200595176560455,62.8783991088609,43.628399108860904,19.25,18.0,1.0,0,0,37,3,1.0,1.0,38.0
254,1,right_lane,adaptive,True,0.1,40,1,21.768957345971565,3.0,10.5,7.331157677766896,61.07770674103244,42.82770674103244,18.25,18.0,1.0,0,0,33,7,1.0,5.0,34.0
255,1,right_lane,adaptive,True,0.1,40,0,21.018957345971565,0.5,11.0,5.313644020234278,60.87839910886089,41.62839910886089,19.25,18.0,1.0,0,0,39,1,1.0,1.0,38.0
256,1,right_lane,adaptive,True,0.1,20,1,21.287914691943122,0.5,4.0,2.092397356357651,30.77939766774115,21.02939766774115,9.75,18.0,1.0,0,0,10,10,0.0,1.0,19.0
257,1,right_lane,adaptive,True,0.1,40,0,20.268957345971565,0.0,0.5,4.679014854133129,60.430331753554505,40.430331753554505,20.0,18.0,1.0,0,0,40,0,0.0,0.0,40.0
258,1,right_lane,adaptive,True,0.1,40,0,20.393957345971565,0.5,7.0,5.564904406666756,59.87839717648496,40.62839717648496,19.25,18.0,1.0,0,0,40,0,1.0,1.0,38.0
259,1,right_lane,adaptive,True,0.1,40,0,22.51895733124236,4.5,6.0,8.930684011284029,61.27847688127329,44.02847688127329,17.25,18.0,1.0,0,0,30,10,2.0,7.0,31.0
260,1,right_lane,adaptive,True,0.1,40,0,20.393957345971565,0.0,6.5,4.1565491035580635,60.6303317535545,40.6303317535545,20.0,18.0,1.0,0,0,40,0,0.0,0.0,40.0
261,1,right_lane,adaptive,True,0.1,40,0,20.999720243734682,2.0,10.5,7.718929082155228,60.34766760454467,41.59766760454467,18.75,18.0,1.0,0,0,40,0,0.0,5.0,35.0
262,1,right_lane,adaptive,True,0.1,40,0,21.268957345971565,0.0,2.5,3.123394626381014,62.03033175355449,42.0303317535545,20.0,18.0,1.0,0,0,36,4,0.0,0.0,40.0
263,1,right_lane,adaptive,True,0.1,40,0,21.143957345971565,0.5,8.0,3.973770676485401,61.07839840507329,41.82839840507327,19.25,18.0,1.0,0,0,24,16,1.0,1.0,38.0
264,1,right_lane,adaptive,True,0.1,40,0,21.518957345971565,0.0,0.5,3.2989637228520223,62.4303317535545,42.4303317535545,20.0,18.0,1.0,0,0,37,3,0.0,0.0,40.0
265,1,right_lane,adaptive,True,0.1,20,1,23.787914691934265,0.0,2.5,1.1645645471717216,33.030331753547415,23.030331753547422,10.0,18.0,1.0,0,0,10,10,0.0,0.0,20.0
266,1,right_lane,adaptive,True,0.1,40,0,20.8939573329563,0.0,12.0,4.48308726772666,61.17939764569603,41.42939764569603,19.75,18.0,1.0,0,0,40,0,0.0,1.0,39.0
267,1,right_lane,adaptive,True,0.1,40,0,21.643957345971554,1.5,5.0,6.051144316792488,61.62870339728725,42.628703397287246,19.0,18.0,1.0,0,0,40,0,0.0,4.0,36.0
268,1,right_lane,adaptive,True,0.1,40,0,20.518957345971565,0.5,12.5,6.757006622850895,60.07839840304393,40.828398403043934,19.25,18.0,1.0,0,0,40,0,1.0,1.0,38.0
269,1,right_lane,adaptive,True,0.1,40,0,21.393957345971565,0.0,1.0,4.086553013013599,61.979398329686106,42.2293983296861,19.75,18.0,1.0,0,0,38,2,0.0,1.0,39.0
270,1,right_lane,adaptive,True,0.1,40,0,20.643957345971565,0.5,2.0,4.236621577292681,60.2783984043395,41.0283984043395,19.25,18.0,1.0,0,0,40,0,1.0,1.0,38.0
271,1,right_lane,adaptive,True,0.1,40,0,21.01895100608661,0.5,13.0,6.217431761324406,60.878387032669046,41.62838703266903,19.25,18.0,1.0,0,0,40,0,1.0,1.0,38.0
272,1,right_lane,adaptive,True,0.1,40,0,21.51858540506837,0.0,4.0,3.973181019653566,62.178802561075344,42.428802561075344,19.75,18.0,1.0,0,0,37,3,0.0,1.0,39.0
273,1,right_lane,adaptive,True,0.1,26,1,20.41378053226395,0.5,12.5,4.943658508360386,39.179396514701764,26.429396514701757,12.75,18.0,1.0,0,0,26,0,0.0,1.0,25.0
274,1,right_lane,adaptive,True,0.1,40,0,22.393957333178104,0.5,14.0,5.813367804430527,63.07839715603372,43.828397156033716,19.25,18.0,1.0,0,0,38,2,1.0,1.0,38.0
275,1,right_lane,adaptive,True,0.1,40,0,21.643957345971565,0.5,2.0,4.850271345483634,61.87839717648495,42.62839717648497,19.25,18.0,1.0,0,0,38,2,1.0,1.0,38.0
276,1,right_lane,adaptive,True,0.1,40,0,21.143957345971565,0.5,2.5,2.2460262019849324,61.07839717648498,41.82839717648497,19.25,18.0,1.0,0,0,9,31,1.0,1.0,38.0
277,1,right_lane,adaptive,True,0.1,40,0,20.768957345971565,0.0,6.0,4.213994517922401,61.2303317535545,41.23033175355451,20.0,18.0,1.0,0,0,40,0,0.0,0.0,40.0
278,1,right_lane,adaptive,True,0.1,40,0,21.14391975486327,0.5,7.0,5.263968694489449,61.07833825856623,41.82833825856623,19.25,18.0,1.0,0,0,39,1,1.0,1.0,38.0
279,1,right_lane,adaptive,True,0.1,40,0,22.643957345971565,0.0,1.0,3.377573902927452,63.9793983296861,44.229398329686106,19.75,18.0,1.0,0,0,34,6,0.0,1.0,39.0
280,1,right_lane,adaptive,True,0.1,40,0,23.50032874938229,0.5,3.0,3.9816785756465833,64.84859335431807,45.59859335431806,19.25,18.0,1.0,0,0,29,11,1.0,1.0,38.0
281,1,right_lane,adaptive,True,0.1,40,0,20.768957345971565,0.0,5.5,4.529481157660484,61.23033175355451,41.2303317535545,20.0,18.0,1.0,0,0,40,0,0.0,0.0,40.0
282,1,right_lane,adaptive,True,0.1,40,0,22.143957345971565,0.0,1.0,3.656599090727468,63.17939766843072,43.42939766843072,19.75,18.0,1.0,0,0,34,6,0.0,1.0,39.0
283,1,right_lane,adaptive,True,0.1,40,0,20.768957345971117,1.5,8.5,6.068982206285,59.97805692104399,41.22805692104399,18.75,18.0,1.0,0,0,40,0,1.0,3.0,36.0
284,1,right_lane,adaptive,True,0.1,40,0,20.643957345971565,0.5,11.0,5.782639183104038,60.2783984043395,41.0283984043395,19.25,18.0,1.0,0,0,40,0,1.0,1.0,38.0
285,1,right_lane,adaptive,True,0.1,40,0,21.143957345971565,0.0,9.0,4.295506321152288,61.579397666520435,41.82939766652044,19.75,18.0,1.0,0,0,27,13,0.0,1.0,39.0
286,1,right_lane,adaptive,True,0.1,40,0,22.500005701017244,0.5,5.0,4.994955113510969,63.2480745445581,43.998074544558115,19.25,18.0,1.0,0,0,37,3,1.0,1.0,38.0
287,1,right_lane,adaptive,True,0.1,40,0,21.143957345971565,4.5,6.0,8.436224274337292,59.8303317535545,41.83033175355451,18.0,18.0,1.0,0,0,40,0,0.0,8.0,32.0
288,1,right_lane,adaptive,True,0.1,40,0,20.768957345971565,1.5,8.5,6.860230550169945,60.22846226844488,41.228462268444865,19.0,18.0,1.0,0,0,40,0,0.0,4.0,36.0
289,1,right_lane,adaptive,True,0.1,40,0,21.39395734597149,2.0,6.5,6.956891022622585,60.72846357868345,42.22846357868345,18.5,18.0,1.0,0,0,40,0,1.0,4.0,35.0
290,1,right_lane,adaptive,True,0.1,40,0,22.643957345971565,1.5,8.0,6.337559691518436,63.228704038762274,44.22870403876228,19.0,18.0,1.0,0,0,37,3,0.0,4.0,36.0
291,1,right_lane,adaptive,True,0.1,40,0,21.018957345971565,0.5,3.0,4.853736382938223,60.87839840304392,41.62839840304393,19.25,18.0,1.0,0,0,37,3,1.0,1.0,38.0
292,1,right_lane,adaptive,True,0.1,40,0,21.518957345971565,0.0,0.0,3.661680567937765,62.17939832968611,42.42939832968611,19.75,18.0,1.0,0,0,38,2,0.0,1.0,39.0
293,1,right_lane,adaptive,True,0.1,40,0,22.518957345971558,0.5,3.0,4.361960548059187,63.27839910880879,44.028399108808784,19.25,18.0,1.0,0,0,36,4,1.0,1.0,38.0
294,1,right_lane,adaptive,True,0.1,40,0,20.268957345971565,1.0,10.5,6.115409426391125,59.929396514701764,40.42939651470176,19.5,18.0,1.0,0,0,40,0,0.0,2.0,38.0
295,1,right_lane,adaptive,True,0.1,40,0,20.89395239570556,0.5,2.0,4.420043632388115,60.678390483915166,41.428390483915166,19.25,18.0,1.0,0,0,37,3,1.0,1.0,38.0
296,1,right_lane,adaptive,True,0.1,40,0,21.143957331271576,1.5,9.0,6.956982001662254,60.8287033725466,41.8287033725466,19.0,18.0,1.0,0,0,40,0,0.0,4.0,36.0
297,1,right_lane,adaptive,True,0.1,40,1,21.018957345971565,1.0,14.5,6.794636711478233,60.87839840434077,41.62839840434077,19.25,18.0,1.0,0,0,40,0,1.0,1.0,38.0
298,1,right_lane,adaptive,True,0.1,40,0,20.768957345971565,0.5,2.5,5.1387094631791115,60.47839717648497,41.22839717648497,19.25,18.0,1.0,0,0,40,0,1.0,1.0,38.0
299,1,right_lane,adaptive,True,0.1,40,0,22.518957345971565,1.5,8.0,5.0199896253780025,63.278691805200864,44.02869180520086,19.25,18.0,1.0,0,0,35,5,0.0,3.0,37.0
300,1,right_lane,adaptive,True,0.1,40,0,21.893957345971565,0.0,0.5,3.525860041523856,63.03033175355449,43.030331753554506,20.0,18.0,1.0,0,0,37,3,0.0,0.0,40.0
301,1,right_lane,adaptive,True,0.1,40,0,22.018957345971565,3.0,1.5,6.908780537545681,61.22868988461712,43.228689884617125,18.0,18.0,1.0,0,0,40,0,1.0,6.0,33.0
302,1,right_lane,adaptive,True,0.1,40,0,20.643957345971565,0.5,3.5,5.254217728972435,60.278397176484944,41.02839717648495,19.25,18.0,1.0,0,0,40,0,1.0,1.0,38.0
303,1,right_lane,adaptive,True,0.1,40,0,22.518957344283436,0.5,5.0,4.717435902167836,63.27839717378403,44.02839717378403,19.25,18.0,1.0,0,0,36,4,1.0,1.0,38.0
304,1,right_lane,adaptive,True,0.1,40,0,21.393957345971565,0.0,0.5,3.8560559969928363,61.979398329686106,42.2293983296861,19.75,18.0,1.0,0,0,39,1,0.0,1.0,39.0
305,1,right_lane,adaptive,True,0.1,40,0,21.62749644062177,0.0,2.5,1.9995429699556553,62.603994304994835,42.60399430499484,20.0,18.0,1.0,0,0,16,24,0.0,0.0,40.0
306,1,right_lane,adaptive,True,0.1,40,0,23.518957345941384,0.5,7.0,4.6858021036309765,64.8783991088126,45.6283991088126,19.25,18.0,1.0,0,0,34,6,1.0,1.0,38.0
307,1,right_lane,adaptive,True,0.1,28,1,21.455653351387948,0.5,8.0,4.3911464884877205,43.6303317535545,29.6303317535545,14.0,18.0,1.0,0,0,28,0,0.0,0.0,28.0
308,1,right_lane,adaptive,True,0.1,40,0,21.143957345971565,0.0,2.0,3.3632619783325026,61.57939766774114,41.82939766774115,19.75,18.0,1.0,0,0,36,4,0.0,1.0,39.0
309,1,right_lane,adaptive,True,0.1,40,0,21.018957345971565,0.0,3.0,4.403790402620871,61.37939766774114,41.62939766774115,19.75,18.0,1.0,0,0,38,2,0.0,1.0,39.0
310,1,right_lane,adaptive,True,0.1,40,0,22.518957345937928,3.0,6.5,7.24560411155835,62.02769283733993,44.02769283733992,18.0,18.0,1.0,0,0,39,1,1.0,6.0,33.0
311,1,right_lane,adaptive,True,0.1,40,0,21.143957345971565,2.5,8.5,8.043344177305698,60.07844490002139,41.82844490002139,18.25,18.0,1.0,0,0,40,0,1.0,5.0,34.0
312,1,right_lane,adaptive,True,0.1,40,0,21.393957345971565,0.0,10.5,3.960100966232858,62.2303317535545,42.230331753554495,20.0,18.0,1.0,0,0,38,2,0.0,0.0,40.0
313,1,right_lane,adaptive,True,0.1,40,0,22.768957345968165,0.0,2.0,3.873791884165257,64.17939832968067,44.429398329680666,19.75,18.0,1.0,0,0,34,6,0.0,1.0,39.0
314,1,right_lane,adaptive,True,0.1,40,0,20.643957345971565,0.5,9.5,4.099902812178698,60.27839717648495,41.02839717648496,19.25,18.0,1.0,0,0,26,14,1.0,1.0,38.0
315,1,right_lane,adaptive,True,0.1,40,0,21.143957345971565,0.0,14.5,4.738356334804848,61.57939766774183,41.82939766774182,19.75,18.0,1.0,0,0,38,2,0.0,1.0,39.0
316,1,right_lane,adaptive,True,0.1,40,0,21.018957345971565,0.0,4.0,3.9274539113521314,61.63033175355449,41.6303317535545,20.0,18.0,1.0,0,0,36,4,0.0,0.0,40.0
317,1,right_lane,adaptive,True,0.1,40,0,21.143957345971565,2.0,2.0,5.285066559910774,60.578460101301545,41.828460101301545,18.75,18.0,1.0,0,0,40,0,0.0,5.0,35.0
318,1,right_lane,adaptive,True,0.1,40,0,21.768957345971494,0.0,3.0,3.564307821143302,62.83033175355441,42.830331753554404,20.0,18.0,1.0,0,0,37,3,0.0,0.0,40.0
319,1,right_lane,adaptive,True,0.1,40,0,20.518957345971565,0.0,0.5,1.314277085836693,60.8303317535545,40.8303317535545,20.0,18.0,1.0,0,0,14,26,0.0,0.0,40.0
320,1,right_lane,adaptive,True,0.1,40,0,20.893957345971565,0.0,3.0,4.086887814104557,61.43033175355451,41.4303317535545,20.0,18.0,1.0,0,0,40,0,0.0,0.0,40.0
321,1,right_lane,adaptive,True,0.1,40,0,21.393957345971565,3.5,14.0,9.356629930436611,59.97805506794847,42.22805506794847,17.75,18.0,1.0,0,0,40,0,1.0,7.0,32.0
322,1,right_lane,adaptive,True,0.1,40,0,22.143957345971554,0.0,1.0,3.5850179937951907,63.17939766843069,43.42939766843071,19.75,18.0,1.0,0,0,37,3,0.0,1.0,39.0
323,1,right_lane,adaptive,True,0.1,40,0,20.64395734594575,0.5,16.5,6.048480570316315,60.27839717644365,41.02839717644365,19.25,18.0,1.0,0,0,40,0,1.0,1.0,38.0
324,1,right_lane,adaptive,True,0.1,40,0,22.893957345971565,0.5,6.0,4.751513213084081,63.87839840434078,44.62839840434077,19.25,18.0,1.0,0,0,32,8,1.0,1.0,38.0
325,1,right_lane,adaptive,True,0.1,40,0,21.393957345971565,0.0,5.0,3.4734640864112407,62.2303317535545,42.230331753554495,20.0,18.0,1.0,0,0,30,10,0.0,0.0,40.0
326,1,right_lane,adaptive,True,0.1,40,0,22.893914804623012,0.0,2.5,2.8961043256601897,64.63026368739682,44.63026368739682,20.0,18.0,1.0,0,0,30,10,0.0,0.0,40.0
327,1,right_lane,adaptive,True,0.1,40,0,20.268957345971565,0.0,14.5,5.848277270793915,60.430331753554505,40.430331753554505,20.0,18.0,1.0,0,0,40,0,0.0,0.0,40.0
328,1,right_lane,adaptive,True,0.1,40,0,21.018957345971565,1.5,8.0,6.897325433790684,60.62870224424788,41.628702244247876,19.0,18.0,1.0,0,0,40,0,0.0,4.0,36.0
329,1,right_lane,adaptive,True,0.1,40,0,22.393957345971565,0.0,8.0,3.92565906382697,63.8303317535545,43.830331753554496,20.0,18.0,1.0,0,0,34,6,0.0,0.0,40.0
330,1,right_lane,adaptive,True,0.1,40,0,20.643957345971565,2.0,18.5,9.431661412119865,59.77893450242939,41.02893450242939,18.75,18.0,1.0,0,0,40,0,0.0,5.0,35.0
331,1,right_lane,adaptive,True,0.1,40,0,21.374720243734682,0.0,2.0,3.6490739680593833,61.948617151139956,42.198617151139956,19.75,18.0,1.0,0,0,37,3,0.0,1.0,39.0
332,1,right_lane,adaptive,True,0.1,40,0,22.50032874937786,0.0,3.5,3.4096908964532417,64.00052599900458,44.00052599900458,20.0,18.0,1.0,0,0,36,4,0.0,0.0,40.0
333,1,right_lane,adaptive,True,0.1,40,0,22.268957260126317,0.5,11.0,5.056217158296818,62.87839897150849,43.62839897150852,19.25,18.0,1.0,0,0,35,5,1.0,1.0,38.0
334,1,right_lane,adaptive,True,0.1,40,0,21.018957345971565,0.0,2.0,3.9850995121905726,61.37939766843071,41.62939766843072,19.75,18.0,1.0,0,0,36,4,0.0,1.0,39.0
335,1,right_lane,adaptive,True,0.1,40,0,24.733544795667456,1.5,5.5,4.191498381470865,67.07274062914968,47.57274062914967,19.5,18.0,1.0,0,0,27,13,0.0,2.0,38.0
336,1,right_lane,adaptive,True,0.1,40,0,21.518956596934782,0.0,4.0,4.259220919102972,62.17939646928298,42.429396469282985,19.75,18.0,1.0,0,0,35,5,0.0,1.0,39.0
337,1,right_lane,adaptive,True,0.1,40,0,22.393957345971565,1.5,0.0,4.801131431003341,63.078692083045624,43.82869208304563,19.25,18.0,1.0,0,0,37,3,0.0,3.0,37.0
338,1,right_lane,adaptive,True,0.1,40,0,22.143957345971565,1.5,2.5,5.546214329675422,62.4277577193875,43.42775771938749,19.0,18.0,1.0,0,0,36,4,0.0,4.0,36.0
339,1,right_lane,adaptive,True,0.1,40,0,21.768957345971565,3.0,2.5,7.075257790241267,61.329636472437784,42.82963647243778,18.5,18.0,1.0,0,0,34,6,1.0,4.0,35.0
340,1,right_lane,adaptive,True,0.1,40,0,21.893957345971117,0.5,1.0,4.266786890984349,62.27839910886018,43.028399108860185,19.25,18.0,1.0,0,0,35,5,1.0,1.0,38.0
341,1,right_lane,adaptive,True,0.1,40,0,20.768957345971565,0.5,3.5,4.450220030150376,60.47839840304875,41.22839840304875,19.25,18.0,1.0,0,0,38,2,1.0,1.0,38.0
342,1,right_lane,adaptive,True,0.1,40,0,20.518957345971565,0.5,11.0,5.5702125281095505,60.07839840304393,40.828398403043934,19.25,18.0,1.0,0,0,40,0,1.0,1.0,38.0
343,1,right_lane,adaptive,True,0.1,40,0,21.393957345971565,7.0,10.0,11.422944528632797,58.98033175355451,42.23033175355451,16.75,18.0,1.0,0,0,36,4,0.0,13.0,27.0
344,1,right_lane,adaptive,True,0.1,35,1,22.16452268111036,0.5,3.0,3.5371414783130604,55.27939766773994,38.02939766773995,17.25,18.0,1.0,0,0,30,5,0.0,1.0,34.0
345,1,right_lane,adaptive,True,0.1,40,0,21.893957345970982,0.0,7.5,4.222196648828685,62.779397668429745,43.029397668429745,19.75,18.0,1.0,0,0,38,2,0.0,1.0,39.0
346,1,right_lane,adaptive,True,0.1,36,1,21.54884149552396,0.5,9.5,5.456419907364307,55.979398329686106,38.2293983296861,17.75,18.0,1.0,0,0,35,1,0.0,1.0,35.0
347,1,right_lane,adaptive,True,0.1,40,0,22.143957345971494,0.5,2.5,4.345044900853168,62.678399108860795,43.42839910886078,19.25,18.0,1.0,0,0,37,3,1.0,1.0,38.0
348,1,right_lane,adaptive,True,0.1,40,0,20.393957345971565,0.0,13.0,5.295160032808781,60.37939766652045,40.62939766652045,19.75,18.0,1.0,0,0,40,0,0.0,1.0,39.0
349,1,right_lane,adaptive,True,0.1,40,0,21.643957345971565,0.5,5.5,4.788828026910778,61.878398404340764,42.62839840434077,19.25,18.0,1.0,0,0,35,5,1.0,1.0,38.0
350,1,right_lane,adaptive,True,0.1,40,0,23.14395734597155,2.5,5.0,6.493082210833563,63.779377583798386,45.0293775837984,18.75,18.0,1.0,0,0,36,4,0.0,5.0,35.0
351,1,right_lane,adaptive,True,0.1,40,0,23.393951742329993,0.0,5.5,3.637306829989029,65.43032278772797,45.43032278772797,20.0,18.0,1.0,0,0,34,6,0.0,0.0,40.0
352,1,right_lane,adaptive,True,0.1,11,1,22.341662716753465,0.5,1.5,1.4862226479062883,16.778398246156517,12.028398246156515,4.75,18.0,1.0,0,0,2,9,1.0,1.0,9.0
353,1,right_lane,adaptive,True,0.1,40,0,22.00249644062177,0.0,1.0,3.7717168389135622,62.95306021918147,43.203060219181474,19.75,18.0,1.0,0,0,36,4,0.0,1.0,39.0
354,1,right_lane,adaptive,True,0.1,16,1,23.484893364290173,0.0,0.0,0.6770643089239456,25.979398329277316,18.22939832927731,7.75,18.0,1.0,0,0,2,14,0.0,1.0,15.0
355,1,right_lane,adaptive,True,0.1,40,0,22.268957345971565,0.0,8.0,3.8967884525554837,63.6303317535545,43.63033175355451,20.0,18.0,1.0,0,0,37,3,0.0,0.0,40.0
356,1,right_lane,adaptive,True,0.1,40,0,21.393957345749705,0.0,13.5,4.3108253634231914,62.230331753199536,42.23033175319953,20.0,18.0,1.0,0,0,37,3,0.0,0.0,40.0
357,1,right_lane,adaptive,True,0.1,40,0,20.268957345971565,0.0,2.5,4.4870889857411385,60.430331753554505,40.430331753554505,20.0,18.0,1.0,0,0,40,0,0.0,0.0,40.0
358,1,right_lane,adaptive,True,0.1,40,0,23.643957345971565,0.0,1.0,3.2240930732114066,65.8303317535545,45.8303317535545,20.0,18.0,1.0,0,0,31,9,0.0,0.0,40.0
359,1,right_lane,adaptive,True,0.1,40,0,20.393957345971565,0.0,20.5,5.959745794534683,60.37939766652045,40.62939766652045,19.75,18.0,1.0,0,0,40,0,0.0,1.0,39.0
360,1,right_lane,adaptive,True,0.1,40,0,23.518957345749698,0.0,6.0,3.295318620141188,65.63033175319954,45.630331753199535,20.0,18.0,1.0,0,0,33,7,0.0,0.0,40.0
361,1,right_lane,adaptive,True,0.1,40,0,21.891789654732086,0.0,9.5,4.23306225054489,62.77593002370291,43.025930023702934,19.75,18.0,1.0,0,0,38,2,0.0,1.0,39.0
362,1,right_lane,adaptive,True,0.1,40,0,22.643957345971565,0.0,7.0,3.048861462829791,64.2303317535545,44.2303317535545,20.0,18.0,1.0,0,0,31,9,0.0,0.0,40.0
363,1,right_lane,adaptive,True,0.1,40,0,20.393957345971565,0.0,13.5,5.257653318345547,60.37939651470177,40.62939651470176,19.75,18.0,1.0,0,0,40,0,0.0,1.0,39.0
364,1,right_lane,adaptive,True,0.1,40,0,21.143957345971565,0.0,6.5,4.084932290017605,61.8303317535545,41.83033175355451,20.0,18.0,1.0,0,0,40,0,0.0,0.0,40.0
365,1,right_lane,adaptive,True,0.1,40,0,23.393957345971508,0.5,5.0,4.485127178996663,64.6783991088608,45.42839910886081,19.25,18.0,1.0,0,0,31,9,1.0,1.0,38.0
366,1,right_lane,adaptive,True,0.1,40,0,20.518957345971565,0.0,2.0,4.1238699071109295,60.57939766773994,40.82939766773995,19.75,18.0,1.0,0,0,39,1,0.0,1.0,39.0
367,1,right_lane,adaptive,True,0.1,40,0,20.768957345971565,0.5,1.5,4.378097828477621,60.478399108808766,41.228399108808766,19.25,18.0,1.0,0,0,40,0,1.0,1.0,38.0
368,1,right_lane,adaptive,True,0.1,40,0,21.393957345971565,0.0,6.0,4.442788829685924,61.979397667741154,42.22939766774115,19.75,18.0,1.0,0,0,38,2,0.0,1.0,39.0
369,1,right_lane,adaptive,True,0.1,40,0,20.768957345971565,0.5,3.0,5.611187405884266,60.47839840434077,41.22839840434077,19.25,18.0,1.0,0,0,40,0,1.0,1.0,38.0
370,1,right_lane,adaptive,True,0.1,3,1,25.0,0.5,1.0,1.0453848391771317,4.849067077512926,3.599067077512926,1.25,18.0,1.0,0,0,3,0,0.0,1.0,2.0
371,1,right_lane,adaptive,True,0.1,40,0,21.8917890028452,0.5,4.5,4.815020165053284,62.274929759806604,43.024929759806604,19.25,18.0,1.0,0,0,38,2,1.0,1.0,38.0
372,1,right_lane,adaptive,True,0.1,40,0,21.268957345971565,0.0,5.0,3.267916754099133,62.0303317535545,42.0303317535545,20.0,18.0,1.0,0,0,37,3,0.0,0.0,40.0
373,1,right_lane,adaptive,True,0.1,40,0,20.893957345971565,0.0,11.0,5.569900802045595,61.179397666520444,41.429397666520444,19.75,18.0,1.0,0,0,39,1,0.0,1.0,39.0
374,1,right_lane,adaptive,True,0.1,35,1,21.593094109681786,0.5,12.0,5.538379340347092,54.47939766774115,37.22939766774115,17.25,18.0,1.0,0,0,29,6,0.0,1.0,34.0
375,1,right_lane,adaptive,True,0.1,40,0,20.518957345971565,0.5,14.0,6.610770672559738,60.07839840304393,40.828398403043934,19.25,18.0,1.0,0,0,40,0,1.0,1.0,38.0
376,1,right_lane,adaptive,True,0.1,40,0,21.643957345971565,0.0,10.0,3.9368186471928084,62.3793983296861,42.62939832968609,19.75,18.0,1.0,0,0,39,1,0.0,1.0,39.0
377,1,right_lane,adaptive,True,0.1,40,0,21.01895733466685,0.0,13.0,4.295455603074515,61.63033173546696,41.63033173546696,20.0,18.0,1.0,0,0,39,1,0.0,0.0,40.0
378,1,right_lane,adaptive,True,0.1,40,0,21.143957345971046,2.0,12.0,8.32162885274738,60.578445772923814,41.828445772923814,18.75,18.0,1.0,0,0,39,1,0.0,5.0,35.0
379,1,right_lane,adaptive,True,0.1,32,1,22.21119666408947,4.0,11.5,8.922568886603017,48.577705139721054,34.82770513972104,13.75,18.0,1.0,0,0,30,2,2.0,5.0,25.0
380,1,right_lane,adaptive,True,0.1,40,0,22.14395734571614,2.5,14.0,8.325320758965972,61.67768951820159,43.42768951820159,18.25,18.0,1.0,0,0,37,3,1.0,5.0,34.0
381,1,right_lane,adaptive,True,0.1,40,0,21.76895734597105,0.0,1.5,3.449143830948742,62.579398329685276,42.82939832968526,19.75,18.0,1.0,0,0,36,4,0.0,1.0,39.0
382,1,right_lane,adaptive,True,0.1,40,0,22.143951646668775,0.5,7.0,4.844777239247378,62.678389286188796,43.4283892861888,19.25,18.0,1.0,0,0,37,3,1.0,1.0,38.0
383,1,right_lane,adaptive,True,0.1,40,0,23.893914042792893,2.5,7.5,7.0399923049317294,64.47737793143189,46.227377931431896,18.25,18.0,1.0,0,0,33,7,1.0,5.0,34.0
384,1,right_lane,adaptive,True,0.1,40,0,21.018957345971565,2.0,10.5,6.9207616075873375,60.12844809345536,41.62844809345537,18.5,18.0,1.0,0,0,40,0,1.0,4.0,35.0
385,1,right_lane,adaptive,True,0.1,40,0,24.89358615410515,1.5,5.0,4.2551900941880945,67.07904357611429,47.829043576114294,19.25,18.0,1.0,0,0,28,12,0.0,3.0,37.0
386,1,right_lane,adaptive,True,0.1,40,0,21.518957345971565,0.5,3.5,4.914645008742809,61.67839910880879,42.4283991088088,19.25,18.0,1.0,0,0,40,0,1.0,1.0,38.0
387,1,right_lane,adaptive,True,0.1,40,0,21.393957345968165,0.5,9.5,5.432239679304985,61.47839840303848,42.2283984030385,19.25,18.0,1.0,0,0,37,3,1.0,1.0,38.0
388,1,right_lane,adaptive,True,0.1,40,0,21.391789654732083,0.5,11.0,5.5480135306715965,61.47492887050186,42.22492887050186,19.25,18.0,1.0,0,0,40,0,1.0,1.0,38.0
389,1,right_lane,adaptive,True,0.1,40,0,21.768957345971565,0.0,7.5,3.7407661620527506,62.830331753554496,42.830331753554496,20.0,18.0,1.0,0,0,38,2,0.0,0.0,40.0
390,1,right_lane,adaptive,True,0.1,16,1,22.23489336484608,0.5,5.0,2.4625881808860868,25.43033175350149,17.43033175350149,8.0,18.0,1.0,0,0,15,1,0.0,0.0,16.0
391,1,right_lane,adaptive,True,0.1,40,0,20.643957345967717,2.5,4.5,5.977021149679786,59.279332343346134,41.02933234334613,18.25,18.0,1.0,0,0,28,12,1.0,5.0,34.0
392,1,right_lane,adaptive,True,0.1,40,0,23.018957345971565,0.0,2.5,2.867010476930318,64.8303317535545,44.830331753554496,20.0,18.0,1.0,0,0,34,6,0.0,0.0,40.0
393,1,right_lane,adaptive,True,0.1,15,1,23.05055291742733,0.5,5.0,2.448672711524523,24.079397664643718,16.82939766464372,7.25,18.0,1.0,0,0,12,3,0.0,1.0,14.0
394,1,right_lane,adaptive,True,0.1,40,0,21.518957345971565,0.0,13.5,4.131515993763969,62.43033175355451,42.430331753554505,20.0,18.0,1.0,0,0,35,5,0.0,0.0,40.0
395,1,right_lane,adaptive,True,0.1,40,0,22.268957345971565,1.5,2.5,5.707019803114235,62.627760765711685,43.627760765711685,19.0,18.0,1.0,0,0,38,2,0.0,4.0,36.0
396,1,right_lane,adaptive,True,0.1,40,0,21.018957345971565,2.0,17.0,7.420127853751183,60.62937868612874,41.629378686128724,19.0,18.0,1.0,0,0,40,0,0.0,4.0,36.0
397,1,right_lane,adaptive,True,0.1,11,1,23.705296356619712,0.0,1.5,1.0073007923460864,17.879396311788888,12.629396311788888,5.25,18.0,1.0,0,0,5,6,0.0,1.0,10.0
398,1,right_lane,adaptive,True,0.1,40,0,22.768957345971565,3.5,11.5,8.585484486073256,62.178689502764136,44.428689502764136,17.75,18.0,1.0,0,0,37,3,1.0,7.0,32.0
399,1,right_lane,adaptive,True,0.1,40,0,21.143957345971565,2.0,10.0,6.887691028416157,60.82939832968609,41.8293983296861,19.0,18.0,1.0,0,0,39,1,0.0,4.0,36.0
400,1,right_lane,adaptive,True,0.1,40,0,21.518957345968165,0.0,17.0,5.2105308624454665,62.17939832968066,42.42939832968066,19.75,18.0,1.0,0,0,37,3,0.0,1.0,39.0
401,1,right_lane,adaptive,True,0.1,27,1,21.694751623661574,1.0,6.5,4.5762790610897355,41.57839910886089,28.828399108860893,12.75,18.0,1.0,0,0,26,1,1.0,1.0,25.0
402,1,right_lane,adaptive,True,0.1,40,0,20.268957345971565,0.0,2.0,4.18266499042511,60.430331753554505,40.430331753554505,20.0,18.0,1.0,0,0,40,0,0.0,0.0,40.0
403,1,right_lane,adaptive,True,0.1,40,0,22.127490752623697,0.5,2.5,4.834624897584035,62.652052559504305,43.402052559504305,19.25,18.0,1.0,0,0,38,2,1.0,1.0,38.0
404,1,right_lane,adaptive,True,0.1,40,0,20.768957345971565,2.5,13.5,8.618735700845718,59.47888418219753,41.22888418219753,18.25,18.0,1.0,0,0,40,0,1.0,5.0,34.0
405,1,right_lane,adaptive,True,0.1,40,0,20.268957345971565,0.0,19.5,5.434525176882744,60.179396514701764,40.42939651470176,19.75,18.0,1.0,0,0,40,0,0.0,1.0,39.0
406,1,right_lane,adaptive,True,0.1,40,0,21.125043292099726,0.0,0.0,2.637206044048071,61.80006926735957,41.80006926735956,20.0,18.0,1.0,0,0,40,0,0.0,0.0,40.0
407,1,right_lane,adaptive,True,0.1,40,0,21.018957345971565,0.0,1.5,3.2086086980998516,61.6303317535545,41.6303317535545,20.0,18.0,1.0,0,0,40,0,0.0,0.0,40.0
408,1,right_lane,adaptive,True,0.1,40,0,21.893957345775522,2.5,8.0,7.395176489846563,61.27870575656375,43.02870575656376,18.25,18.0,1.0,0,0,36,4,1.0,5.0,34.0
409,1,right_lane,adaptive,True,0.1,40,0,21.143957345971565,0.0,5.0,3.587154055227984,61.830331753554496,41.830331753554496,20.0,18.0,1.0,0,0,37,3,0.0,0.0,40.0
410,1,right_lane,adaptive,True,0.1,40,0,20.893957345971565,0.0,3.5,4.2657875762051845,61.17939766774182,41.42939766774183,19.75,18.0,1.0,0,0,37,3,0.0,1.0,39.0
411,1,right_lane,adaptive,True,0.1,40,0,23.250000750722027,0.0,4.5,2.753399336635539,65.20000120115525,45.200001201155246,20.0,18.0,1.0,0,0,26,14,0.0,0.0,40.0
412,1,right_lane,adaptive,True,0.1,40,0,21.643957345971565,0.0,1.0,4.042478843212848,62.379398329686104,42.629398329686104,19.75,18.0,1.0,0,0,36,4,0.0,1.0,39.0
413,1,right_lane,adaptive,True,0.1,40,0,22.393957345971565,0.0,0.0,0.5783292396063189,63.8303317535545,43.830331753554496,20.0,18.0,1.0,0,0,4,36,0.0,0.0,40.0
414,1,right_lane,adaptive,True,0.1,40,0,22.018957345971565,0.0,0.0,1.0295538588579802,62.979398329686106,43.22939832968609,19.75,18.0,1.0,0,0,5,35,0.0,1.0,39.0
415,1,right_lane,adaptive,True,0.1,40,0,21.268957345971565,0.5,2.5,4.678877123740676,61.278398405073304,42.028398405073304,19.25,18.0,1.0,0,0,37,3,1.0,1.0,38.0
416,1,right_lane,adaptive,True,0.1,40,0,20.393957345971565,0.5,10.0,6.170635536313057,59.87839717648496,40.62839717648496,19.25,18.0,1.0,0,0,40,0,1.0,1.0,38.0
417,1,right_lane,adaptive,True,0.1,40,0,20.393957345968165,0.0,7.5,3.8593891374766827,60.379396514696325,40.62939651469632,19.75,18.0,1.0,0,0,40,0,0.0,1.0,39.0
418,1,right_lane,adaptive,True,0.1,40,0,20.893957345971565,0.5,6.0,5.211450181901455,60.678398404340776,41.428398404340776,19.25,18.0,1.0,0,0,40,0,1.0,1.0,38.0
419,1,right_lane,adaptive,True,0.1,31,1,20.347041736737506,0.5,15.0,5.396142348647118,46.930331753554505,31.430331753554505,15.5,18.0,1.0,0,0,31,0,0.0,0.0,31.0
420,1,right_lane,adaptive,True,0.1,40,0,20.893957345971565,2.0,18.0,7.697436258196831,60.17805476100561,41.42805476100561,18.75,18.0,1.0,0,0,40,0,0.0,5.0,35.0
421,1,right_lane,adaptive,True,0.1,40,0,21.018957345971565,0.0,12.5,3.580839094996918,61.63033175355449,41.6303317535545,20.0,18.0,1.0,0,0,27,13,0.0,0.0,40.0
422,1,right_lane,adaptive,True,0.1,40,0,21.018957345971504,0.5,8.0,5.547093793749809,60.87839717648487,41.62839717648486,19.25,18.0,1.0,0,0,40,0,1.0,1.0,38.0
423,1,right_lane,adaptive,True,0.1,40,0,20.393957345971565,0.5,18.5,6.231988660991192,59.87839717648496,40.62839717648496,19.25,18.0,1.0,0,0,40,0,1.0,1.0,38.0
424,1,right_lane,adaptive,True,0.1,40,0,22.01895659544609,2.5,3.5,6.356111324660787,61.728462193794535,43.228462193794535,18.5,18.0,1.0,0,0,38,2,0.0,6.0,34.0
425,1,right_lane,adaptive,True,0.1,40,0,22.643957345971565,4.0,10.0,9.1570308431983,61.727034921401824,44.227034921401824,17.5,18.0,1.0,0,0,40,0,1.0,8.0,31.0
426,1,right_lane,adaptive,True,0.1,40,0,21.143957345971565,6.5,3.5,10.698707008734345,58.07769498540758,41.827694985407575,16.25,18.0,1.0,0,0,39,1,1.0,13.0,26.0
427,1,right_lane,adaptive,True,0.1,40,0,20.893957345968165,0.5,6.0,5.050957914441824,60.678399108803326,41.428399108803326,19.25,18.0,1.0,0,0,40,0,1.0,1.0,38.0
428,1,right_lane,adaptive,True,0.1,40,0,22.12749644062177,0.0,1.5,3.2657214530772762,63.40399430499484,43.40399430499483,20.0,18.0,1.0,0,0,37,3,0.0,0.0,40.0
429,1,right_lane,adaptive,True,0.1,40,0,21.393919754885683,0.5,15.5,5.973528526723385,61.47833896312349,42.22833896312349,19.25,18.0,1.0,0,0,40,0,1.0,1.0,38.0
430,1,right_lane,adaptive,True,0.1,40,0,20.768957345971565,0.5,3.0,2.118496352294642,60.47839840434077,41.22839840434077,19.25,18.0,1.0,0,0,8,32,1.0,1.0,38.0
431,1,right_lane,adaptive,True,0.1,40,0,20.893951646668775,0.5,3.5,4.718909002840519,60.6783880576005,41.4283880576005,19.25,18.0,1.0,0,0,38,2,1.0,1.0,38.0
432,1,right_lane,adaptive,True,0.1,40,0,21.268957344257174,0.5,3.5,4.957147002220154,61.27839717374193,42.028397173741936,19.25,18.0,1.0,0,0,38,2,1.0,1.0,38.0
433,1,right_lane,adaptive,True,0.1,40,0,21.643957345971565,0.0,13.5,4.776881140924161,62.379398329686104,42.629398329686104,19.75,18.0,1.0,0,0,36,4,0.0,1.0,39.0
434,1,right_lane,adaptive,True,0.1,40,0,23.768957345937984,0.0,2.0,2.9974387268316605,66.03033175350076,46.03033175350077,20.0,18.0,1.0,0,0,30,10,0.0,0.0,40.0
435,1,right_lane,adaptive,True,0.1,40,0,21.518951743818675,0.0,2.5,4.109433707798871,62.17938870429721,42.42938870429722,19.75,18.0,1.0,0,0,38,2,0.0,1.0,39.0
436,1,right_lane,adaptive,True,0.1,40,0,20.393957345971565,0.5,8.5,5.3957584872841835,59.87839717648496,40.62839717648496,19.25,18.0,1.0,0,0,40,0,1.0,1.0,38.0
437,1,right_lane,adaptive,True,0.1,40,0,21.393957345971565,0.0,12.0,4.662943640694721,62.23033175355451,42.23033175355451,20.0,18.0,1.0,0,0,36,4,0.0,0.0,40.0
438,1,right_lane,adaptive,True,0.1,40,0,20.89395733317816,0.0,11.5,4.534224025905132,61.43033173308505,41.43033173308505,20.0,18.0,1.0,0,0,40,0,0.0,0.0,40.0
439,1,right_lane,adaptive,True,0.1,40,0,20.268957345971565,0.0,9.0,4.806490398943424,60.179396514701764,40.42939651470176,19.75,18.0,1.0,0,0,40,0,0.0,1.0,39.0
440,1,right_lane,adaptive,True,0.1,40,0,21.143957345971565,0.5,12.5,5.9357096120438655,61.07839718118254,41.82839718118254,19.25,18.0,1.0,0,0,38,2,1.0,1.0,38.0
441,1,right_lane,adaptive,True,0.1,39,1,22.968161380483654,1.0,8.5,5.260221117944468,62.3783991088609,43.6283991088609,18.75,18.0,1.0,0,0,27,12,1.0,1.0,37.0
442,1,right_lane,adaptive,True,0.1,40,0,21.268957345971565,0.0,0.5,2.8648645284119993,62.0303317535545,42.0303317535545,20.0,18.0,1.0,0,0,39,1,0.0,0.0,40.0
443,1,right_lane,adaptive,True,0.1,13,1,22.75063798164691,0.5,2.0,1.6429434224155557,20.930331750456396,14.430331750456398,6.5,18.0,1.0,0,0,12,1,0.0,0.0,13.0
444,1,right_lane,adaptive,True,0.1,40,0,23.393957345971565,4.0,14.5,8.867601099067542,63.17937986439365,45.42937986439365,17.75,18.0,1.0,0,0,36,4,0.0,9.0,31.0
445,1,right_lane,adaptive,True,0.1,40,0,22.018957345971565,0.0,5.5,4.041938116866277,62.979397668430714,43.22939766843072,19.75,18.0,1.0,0,0,34,6,0.0,1.0,39.0
446,1,right_lane,adaptive,True,0.1,40,0,22.518957345971565,0.0,6.5,3.51525284571926,64.0303317535545,44.030331753554506,20.0,18.0,1.0,0,0,36,4,0.0,0.0,40.0
447,1,right_lane,adaptive,True,0.1,40,0,25.14395734425377,0.0,1.0,2.4453201285439263,68.23033175080603,48.230331750806045,20.0,18.0,1.0,0,0,26,14,0.0,0.0,40.0
448,1,right_lane,adaptive,True,0.1,40,0,21.768957334666844,0.0,1.0,4.062669751627254,62.579397649653586,42.82939764965359,19.75,18.0,1.0,0,0,38,2,0.0,1.0,39.0
449,1,right_lane,adaptive,True,0.1,40,0,20.393957345971565,0.0,4.5,4.850219830870628,60.37939766652045,40.62939766652045,19.75,18.0,1.0,0,0,40,0,0.0,1.0,39.0
450,1,right_lane,adaptive,True,0.1,40,0,21.643957345971565,0.0,5.0,4.0757094811522165,62.63033175355451,42.6303317535545,20.0,18.0,1.0,0,0,34,6,0.0,0.0,40.0
451,1,right_lane,adaptive,True,0.1,40,0,21.893957345971497,0.0,4.5,3.7446094160363828,63.0303317535544,43.03033175355439,20.0,18.0,1.0,0,0,36,4,0.0,0.0,40.0
452,1,right_lane,adaptive,True,0.1,40,0,20.393957345971565,0.0,20.5,5.163618840277195,60.37939766652045,40.62939766652045,19.75,18.0,1.0,0,0,40,0,0.0,1.0,39.0
453,1,right_lane,adaptive,True,0.1,40,0,23.12500009886436,2.0,5.5,5.789407569594914,63.496427138525966,44.99642713852597,18.5,18.0,1.0,0,0,32,8,1.0,4.0,35.0
454,1,right_lane,adaptive,True,0.1,40,0,21.643957345971565,19.5,15.0,26.508612394332886,52.62800449860868,42.62800449860869,10.0,18.0,1.0,0,0,40,0,1.0,38.0,1.0
455,1,right_lane,adaptive,True,0.1,40,0,21.643957345971565,4.5,8.5,9.681065242737532,59.8765492578782,42.6265492578782,17.25,18.0,1.0,0,0,40,0,1.0,9.0,30.0
456,1,right_lane,adaptive,True,0.1,40,0,23.518957345971565,0.0,7.0,4.013690889123836,65.37939651471895,45.62939651471895,19.75,18.0,1.0,0,0,30,10,0.0,1.0,39.0
457,1,right_lane,adaptive,True,0.1,40,0,21.518957345971565,1.5,18.5,7.168660566210747,61.67963774881377,42.429637748813775,19.25,18.0,1.0,0,0,40,0,0.0,3.0,37.0
458,1,right_lane,adaptive,True,0.1,40,0,21.268957345971565,0.0,14.5,5.574440465590669,61.77939766652045,42.02939766652043,19.75,18.0,1.0,0,0,38,2,0.0,1.0,39.0
459,1,right_lane,adaptive,True,0.1,40,0,22.51895734596765,0.0,3.5,3.5711385748072644,64.03033175354824,44.030331753548246,20.0,18.0,1.0,0,0,38,2,0.0,0.0,40.0
460,1,right_lane,adaptive,True,0.1,40,0,21.768957345971565,6.5,7.5,10.848957090927797,59.07839910885996,42.82839910885997,16.25,18.0,1.0,0,0,26,14,1.0,13.0,26.0
461,1,right_lane,adaptive,True,0.1,40,0,21.893957345971486,3.0,15.5,9.212144736837672,61.02833837107885,43.028338371078846,18.0,18.0,1.0,0,0,37,3,1.0,6.0,33.0
462,1,right_lane,adaptive,True,0.1,40,0,21.143957345971565,0.0,1.5,4.155587203800678,61.8303317535545,41.83033175355451,20.0,18.0,1.0,0,0,40,0,0.0,0.0,40.0
463,1,right_lane,adaptive,True,0.1,40,0,20.750043292099726,1.0,8.0,4.598271198570728,60.94913872256238,41.19913872256238,19.75,18.0,1.0,0,0,40,0,0.0,1.0,39.0
464,1,right_lane,adaptive,True,0.1,40,0,22.393957345971483,1.5,10.5,6.207587891699177,62.828704059231406,43.82870405923139,19.0,18.0,1.0,0,0,34,6,0.0,4.0,36.0
465,1,right_lane,adaptive,True,0.1,40,0,20.643957345971565,0.0,0.5,2.5538926464287215,61.030331753554506,41.030331753554506,20.0,18.0,1.0,0,0,32,8,0.0,0.0,40.0
466,1,right_lane,adaptive,True,0.1,40,0,21.143957345971565,0.0,1.5,3.834146431508998,61.57939651911744,41.82939651911743,19.75,18.0,1.0,0,0,38,2,0.0,1.0,39.0
467,1,right_lane,adaptive,True,0.1,40,0,20.893957345971565,0.0,2.5,1.4877956709005957,61.430331753554505,41.430331753554505,20.0,18.0,1.0,0,0,15,25,0.0,0.0,40.0
468,1,right_lane,adaptive,True,0.1,40,0,20.768957345971565,5.5,11.5,10.21594332123641,58.22839840304393,41.228398403043926,17.0,18.0,1.0,0,0,37,3,1.0,10.0,29.0
469,1,right_lane,adaptive,True,0.1,40,0,20.268957345971565,6.0,12.5,11.824555568397045,57.680331753554505,40.430331753554505,17.25,18.0,1.0,0,0,40,0,0.0,11.0,29.0
470,1,right_lane,adaptive,True,0.1,40,0,22.268957345971565,0.0,1.0,3.5150466449322266,63.37939832968611,43.629398329686104,19.75,18.0,1.0,0,0,37,3,0.0,1.0,39.0
471,1,right_lane,adaptive,True,0.1,40,0,21.393957345971565,0.0,14.5,4.365160967246538,62.2303317535545,42.2303317535545,20.0,18.0,1.0,0,0,37,3,0.0,0.0,40.0
472,1,right_lane,adaptive,True,0.1,40,0,21.75249644062177,0.0,1.5,3.642422368298412,62.80399430499483,42.80399430499483,20.0,18.0,1.0,0,0,38,2,0.0,0.0,40.0
473,1,right_lane,adaptive,True,0.1,40,0,21.768957345971565,2.5,1.5,6.571434911340475,61.07868975240875,42.82868975240875,18.25,18.0,1.0,0,0,40,0,1.0,5.0,34.0
474,1,right_lane,adaptive,True,0.1,40,0,21.37749644062177,0.5,11.5,5.482326711060523,61.45206095448425,42.20206095448427,19.25,18.0,1.0,0,0,37,3,1.0,1.0,38.0
475,1,right_lane,adaptive,True,0.1,40,0,20.393957345971565,5.0,16.0,10.958276621589903,57.87939386504654,40.629393865046545,17.25,18.0,1.0,0,0,39,1,0.0,11.0,29.0
476,1,right_lane,adaptive,True,0.1,40,0,22.268957345971565,11.5,13.5,17.79567299301459,57.62700384416568,43.627003844165685,14.0,18.0,1.0,0,0,36,4,1.0,22.0,17.0
477,1,right_lane,adaptive,True,0.1,40,0,21.018957345971565,0.0,9.5,4.10134513322555,61.63033175355449,41.6303317535545,20.0,18.0,1.0,0,0,38,2,0.0,0.0,40.0
478,1,right_lane,adaptive,True,0.1,40,0,23.768957345971565,0.5,1.0,4.316883289068301,65.2783984050733,46.028398405073304,19.25,18.0,1.0,0,0,33,7,1.0,1.0,38.0
479,1,right_lane,adaptive,True,0.1,40,0,21.01895734445706,2.0,7.0,6.37323771417141,60.128055423410295,41.62805542341029,18.5,18.0,1.0,0,0,40,0,1.0,4.0,35.0
480,1,right_lane,adaptive,True,0.1,40,0,24.01895659673534,0.0,3.0,3.8974066975116557,66.17939713090814,46.42939713090816,19.75,18.0,1.0,0,0,33,7,0.0,1.0,39.0
481,1,right_lane,adaptive,True,0.1,40,0,23.01895724878809,0.5,3.0,4.424351498239503,64.07839895336734,44.82839895336735,19.25,18.0,1.0,0,0,33,7,1.0,1.0,38.0
482,1,right_lane,adaptive,True,0.1,40,0,22.01859175625804,0.5,1.5,3.8670714658858287,62.47781416526715,43.227814165267155,19.25,18.0,1.0,0,0,28,12,1.0,1.0,38.0
483,1,right_lane,adaptive,True,0.1,40,0,21.768957345971565,0.0,4.0,3.656840891662796,62.83033175355449,42.83033175355449,20.0,18.0,1.0,0,0,38,2,0.0,0.0,40.0
484,1,right_lane,adaptive,True,0.1,40,0,22.518957345941836,0.0,3.5,3.144360999282071,63.77939832963854,44.02939832963854,19.75,18.0,1.0,0,0,27,13,0.0,1.0,39.0
485,1,right_lane,adaptive,True,0.1,40,0,21.768957260126378,0.0,0.5,2.6255737740184486,62.8303316162022,42.83033161620221,20.0,18.0,1.0,0,0,37,3,0.0,0.0,40.0
486,1,right_lane,adaptive,True,0.1,40,0,20.393957345971565,0.5,2.0,5.498127721250057,59.87839717648496,40.62839717648496,19.25,18.0,1.0,0,0,40,0,1.0,1.0,38.0
487,1,right_lane,adaptive,True,0.1,40,0,20.768957345971565,0.5,4.0,5.115336500108242,60.47839840434077,41.22839840434077,19.25,18.0,1.0,0,0,40,0,1.0,1.0,38.0
488,1,right_lane,adaptive,True,0.1,40,0,22.018957345945747,2.5,12.5,7.410233300228356,61.478448491569914,43.22844849156991,18.25,18.0,1.0,0,0,34,6,1.0,5.0,34.0
489,1,right_lane,adaptive,True,0.1,40,0,20.518957345971565,0.0,3.0,4.517185129225254,60.57939766652046,40.82939766652044,19.75,18.0,1.0,0,0,40,0,0.0,1.0,39.0
490,1,right_lane,adaptive,True,0.1,40,0,22.768957345971565,1.5,6.0,5.612602246157621,63.67939751846228,44.429397518462274,19.25,18.0,1.0,0,0,35,5,0.0,3.0,37.0
491,1,right_lane,adaptive,True,0.1,40,0,21.518957345971565,0.0,8.0,3.970509467766533,62.17939832968611,42.4293983296861,19.75,18.0,1.0,0,0,28,12,0.0,1.0,39.0
492,1,right_lane,adaptive,True,0.1,40,0,21.643957345971565,0.0,7.5,3.652678518085395,62.63033175355451,42.6303317535545,20.0,18.0,1.0,0,0,36,4,0.0,0.0,40.0
493,1,right_lane,adaptive,True,0.1,40,0,20.393957345971565,0.5,4.5,5.173823982477188,59.87839717648496,40.62839717648496,19.25,18.0,1.0,0,0,40,0,1.0,1.0,38.0
494,1,right_lane,adaptive,True,0.1,40,0,22.768957345971565,0.0,9.5,3.6914938427707966,64.4303317535545,44.43033175355449,20.0,18.0,1.0,0,0,33,7,0.0,0.0,40.0
495,1,right_lane,adaptive,True,0.1,40,0,20.643957345971565,0.5,2.0,4.315701127052307,60.2783984043395,41.0283984043395,19.25,18.0,1.0,0,0,40,0,1.0,1.0,38.0
496,1,right_lane,adaptive,True,0.1,3,1,25.0,1.0,1.5,1.8842704892158508,4.348067887473769,3.5980678874737686,0.75,18.0,1.0,0,0,3,0,1.0,1.0,1.0
497,1,right_lane,adaptive,True,0.1,19,1,22.145173359939974,1.0,5.0,3.5191415354202036,29.37839910886077,20.62839910886077,8.75,18.0,1.0,0,0,18,1,1.0,1.0,17.0
498,1,right_lane,adaptive,True,0.1,40,0,21.518957345971565,0.5,14.0,5.332360731895278,61.678399108860894,42.428399108860894,19.25,18.0,1.0,0,0,33,7,1.0,1.0,38.0
499,1,right_lane,adaptive,True,0.1,40,0,21.518957345971565,1.5,16.5,7.659517671523645,61.428702243916256,42.428702243916256,19.0,18.0,1.0,0,0,38,2,0.0,4.0,36.0
500,1,right_lane,adaptive,True,0.1,28,1,20.38422477995938,0.5,13.5,5.036623254418373,42.430331753554505,28.430331753554505,14.0,18.0,1.0,0,0,28,0,0.0,0.0,28.0
501,1,right_lane,adaptive,True,0.1,40,0,22.268957345971565,0.0,0.0,3.0751189963957586,63.63033175355451,43.6303317535545,20.0,18.0,1.0,0,0,33,7,0.0,0.0,40.0
502,1,right_lane,adaptive,True,0.1,40,0,22.643957345971565,0.5,0.5,4.291273039576481,63.4783991088609,44.228399108860906,19.25,18.0,1.0,0,0,34,6,1.0,1.0,38.0
503,1,right_lane,adaptive,True,0.1,40,0,22.393957345971565,1.5,8.0,5.36182253442621,62.82870405918549,43.828704059185476,19.0,18.0,1.0,0,0,34,6,0.0,4.0,36.0
504,1,right_lane,adaptive,True,0.1,40,0,21.268957345971565,0.5,10.5,5.814338010335632,61.278397176503276,42.02839717650326,19.25,18.0,1.0,0,0,38,2,1.0,1.0,38.0
505,1,right_lane,adaptive,True,0.1,40,0,23.26858615410515,2.0,1.0,4.84725832318577,63.72711093142078,45.22711093142079,18.5,18.0,1.0,0,0,33,7,1.0,4.0,35.0
506,1,right_lane,adaptive,True,0.1,40,0,22.768957345971565,0.0,1.5,4.0053665142804675,64.17939832968611,44.4293983296861,19.75,18.0,1.0,0,0,35,5,0.0,1.0,39.0
507,1,right_lane,adaptive,True,0.1,40,0,21.643957345971565,1.5,13.5,6.6175875064977845,61.879398329686104,42.629398329686104,19.25,18.0,1.0,0,0,36,4,0.0,3.0,37.0
508,1,right_lane,adaptive,True,0.1,40,0,21.018957345971565,0.0,7.0,4.670009643270987,61.63033175355449,41.6303317535545,20.0,18.0,1.0,0,0,39,1,0.0,0.0,40.0
509,1,right_lane,adaptive,True,0.1,40,0,21.393957345971565,5.0,7.5,8.502944731946627,59.478397176484954,42.228397176484954,17.25,18.0,1.0,0,0,37,3,1.0,9.0,30.0
510,1,right_lane,adaptive,True,0.1,40,0,22.893957345971565,0.5,9.0,4.6664043068667524,63.87839910886088,44.62839910886088,19.25,18.0,1.0,0,0,30,10,1.0,1.0,38.0
511,1,right_lane,adaptive,True,0.1,40,0,20.393957345971565,0.0,7.5,4.724594362080097,60.37939766652045,40.62939766652045,19.75,18.0,1.0,0,0,40,0,0.0,1.0,39.0
512,1,right_lane,adaptive,True,0.1,40,0,20.393957345971565,0.0,3.5,4.758441597223282,60.37939766652045,40.62939766652045,19.75,18.0,1.0,0,0,40,0,0.0,1.0,39.0
513,1,right_lane,adaptive,True,0.1,40,0,21.768957345971565,0.0,16.5,4.9133449115324765,62.57939766843071,42.82939766843071,19.75,18.0,1.0,0,0,37,3,0.0,1.0,39.0
514,1,right_lane,adaptive,True,0.1,40,0,21.768957345971565,1.5,3.5,5.598766500718739,61.82870224421845,42.82870224421845,19.0,18.0,1.0,0,0,38,2,0.0,4.0,36.0
515,1,right_lane,adaptive,True,0.1,40,0,20.268957345971565,0.0,1.5,4.719928085803986,60.179396514701764,40.42939651470176,19.75,18.0,1.0,0,0,40,0,0.0,1.0,39.0
516,1,right_lane,adaptive,True,0.1,31,1,23.73413851093105,0.0,3.5,1.9047879430702324,50.87939766774116,35.629397667741145,15.25,18.0,1.0,0,0,14,17,0.0,1.0,30.0
517,1,right_lane,adaptive,True,0.1,40,0,20.393957345971565,0.5,20.5,6.828557267785072,59.87839717648496,40.62839717648496,19.25,18.0,1.0,0,0,40,0,1.0,1.0,38.0
518,1,right_lane,adaptive,True,0.1,29,1,23.129595170063716,2.0,4.5,4.324214189552777,46.379636126819236,32.62963612681923,13.75,18.0,1.0,0,0,26,3,0.0,3.0,26.0
519,1,right_lane,adaptive,True,0.1,40,0,20.393957345971565,0.5,15.5,8.225318804383278,59.87839717648496,40.62839717648496,19.25,18.0,1.0,0,0,40,0,1.0,1.0,38.0
520,1,right_lane,adaptive,True,0.1,40,0,21.518957344286836,2.0,8.5,7.222715802490711,60.92658250841144,42.42658250841144,18.5,18.0,1.0,0,0,40,0,1.0,4.0,35.0
521,1,right_lane,adaptive,True,0.1,40,0,22.518957344031914,2.5,2.0,6.033895122936883,62.27769021929443,44.02769021929443,18.25,18.0,1.0,0,0,37,3,1.0,5.0,34.0
522,1,right_lane,adaptive,True,0.1,40,0,22.768957345971565,0.5,13.5,5.413552368224259,63.67839840507332,44.42839840507331,19.25,18.0,1.0,0,0,31,9,1.0,1.0,38.0
523,1,right_lane,adaptive,True,0.1,40,0,21.643957345971565,0.0,15.0,4.694700092419225,62.63033175355451,42.6303317535545,20.0,18.0,1.0,0,0,38,2,0.0,0.0,40.0
524,1,right_lane,adaptive,True,0.1,40,1,20.893957345971565,0.5,17.0,5.896288074553013,61.17939651471895,41.42939651471895,19.75,18.0,1.0,0,0,38,2,0.0,1.0,39.0
525,1,right_lane,adaptive,True,0.1,40,0,22.518957345971565,1.0,7.5,4.7327653158567955,63.02804908815541,44.0280490881554,19.0,18.0,1.0,0,0,25,15,1.0,2.0,37.0
526,1,right_lane,adaptive,True,0.1,40,0,21.518957345971508,1.5,2.5,5.1946543008089066,61.67918100588822,42.42918100588822,19.25,18.0,1.0,0,0,40,0,0.0,3.0,37.0
527,1,right_lane,adaptive,True,0.1,40,0,21.268957345971497,2.5,10.0,7.20498378564389,60.277445284141734,42.027445284141734,18.25,18.0,1.0,0,0,24,16,1.0,5.0,34.0
528,1,right_lane,adaptive,True,0.1,40,0,22.643957345971565,4.0,3.0,8.822074852883816,61.728690159690636,44.22869015969064,17.5,18.0,1.0,0,0,40,0,1.0,8.0,31.0
529,1,right_lane,adaptive,True,0.1,40,0,20.268957345971565,0.0,17.5,5.179944984614849,60.430331753554505,40.430331753554505,20.0,18.0,1.0,0,0,40,0,0.0,0.0,40.0
530,1,right_lane,adaptive,True,0.1,20,1,24.287914691875834,0.5,0.0,2.015038814120544,33.17939832963227,23.429398329632274,9.75,18.0,1.0,0,0,16,4,0.0,1.0,19.0
531,1,right_lane,adaptive,True,0.1,40,0,22.643957345971565,0.0,7.0,3.7391215187187754,64.23033175355451,44.23033175355451,20.0,18.0,1.0,0,0,35,5,0.0,0.0,40.0
532,1,right_lane,adaptive,True,0.1,3,1,25.0,1.0,0.5,1.8125004768371582,4.348067887473769,3.5980678874737686,0.75,18.0,1.0,0,0,3,0,1.0,1.0,1.0
533,1,right_lane,adaptive,True,0.1,40,0,21.643957345971565,0.0,1.0,3.7151501129565077,62.63033175355449,42.6303317535545,20.0,18.0,1.0,0,0,38,2,0.0,0.0,40.0
534,1,right_lane,adaptive,True,0.1,40,0,22.518957345971565,5.5,3.5,9.634988508027163,60.77665327685083,44.02665327685084,16.75,18.0,1.0,0,0,35,5,4.0,5.0,31.0
535,1,right_lane,adaptive,True,0.1,40,0,20.518957345971565,0.0,5.0,4.581789744122943,60.57939766773994,40.82939766773995,19.75,18.0,1.0,0,0,37,3,0.0,1.0,39.0
536,1,right_lane,adaptive,True,0.1,40,0,20.393957345971565,0.0,3.5,3.3315935991704464,60.6303317535545,40.6303317535545,20.0,18.0,1.0,0,0,36,4,0.0,0.0,40.0
537,1,right_lane,adaptive,True,0.1,40,0,23.018957345971565,0.0,0.5,2.589238993640265,64.8303317535545,44.830331753554496,20.0,18.0,1.0,0,0,28,12,0.0,0.0,40.0
538,1,right_lane,adaptive,True,0.1,40,0,20.893957345971565,0.5,16.0,6.325300857424736,60.678399108808776,41.42839910880876,19.25,18.0,1.0,0,0,40,0,1.0,1.0,38.0
539,1,right_lane,adaptive,True,0.1,40,0,21.268957345971508,0.5,4.5,5.020901201300148,61.278398405073176,42.028398405073176,19.25,18.0,1.0,0,0,36,4,1.0,1.0,38.0
540,1,right_lane,adaptive,True,0.1,40,0,22.018957345971565,0.0,14.5,3.851232140926186,63.230331753554495,43.230331753554495,20.0,18.0,1.0,0,0,35,5,0.0,0.0,40.0
541,1,right_lane,adaptive,True,0.1,40,0,20.643957345971565,0.5,1.0,5.179387025535107,60.2783984043395,41.0283984043395,19.25,18.0,1.0,0,0,40,0,1.0,1.0,38.0
542,1,right_lane,adaptive,True,0.1,40,0,21.393957345971565,0.5,3.5,4.314065433636642,61.4783984050733,42.2283984050733,19.25,18.0,1.0,0,0,31,9,1.0,1.0,38.0
543,1,right_lane,adaptive,True,0.1,40,0,21.518957345971565,2.5,9.5,7.34118563145239,60.67747787263225,42.42747787263225,18.25,18.0,1.0,0,0,24,16,1.0,5.0,34.0
544,1,right_lane,adaptive,True,0.1,40,0,22.018908352888236,11.5,13.5,17.29370517283678,57.47883893314208,43.22883893314207,14.25,18.0,1.0,0,0,40,0,5.0,13.0,22.0
545,1,right_lane,adaptive,True,0.1,40,0,21.518957345971565,0.0,1.5,3.8696278539209743,62.430331753554505,42.430331753554505,20.0,18.0,1.0,0,0,37,3,0.0,0.0,40.0
546,1,right_lane,adaptive,True,0.1,40,0,20.393957345971565,0.5,17.5,7.91179234534502,59.87839717648496,40.62839717648496,19.25,18.0,1.0,0,0,40,0,1.0,1.0,38.0
547,1,right_lane,adaptive,True,0.1,40,0,23.018957345971565,0.0,4.0,2.322658863478864,64.57939766843072,44.829397668430715,19.75,18.0,1.0,0,0,14,26,0.0,1.0,39.0
548,1,right_lane,adaptive,True,0.1,40,0,21.018957345941832,0.0,2.0,4.024857494980097,61.379396514654196,41.62939651465418,19.75,18.0,1.0,0,0,39,1,0.0,1.0,39.0
549,1,right_lane,adaptive,True,0.1,40,0,21.141789654732086,0.5,2.5,4.61955731920898,61.074930802877724,41.824930802877724,19.25,18.0,1.0,0,0,39,1,1.0,1.0,38.0
550,1,right_lane,adaptive,True,0.1,40,0,22.143957345971565,0.0,1.5,3.1225707073645026,63.1793983296861,43.42939832968611,19.75,18.0,1.0,0,0,38,2,0.0,1.0,39.0
551,1,right_lane,adaptive,True,0.1,40,0,21.643957345971494,0.0,2.0,3.3786100900315432,62.6303317535544,42.630331753554394,20.0,18.0,1.0,0,0,37,3,0.0,0.0,40.0
552,1,right_lane,adaptive,True,0.1,40,0,21.6417895688869,0.0,6.5,3.644632881416328,62.37592922440447,42.62592922440446,19.75,18.0,1.0,0,0,32,8,0.0,1.0,39.0
553,1,right_lane,adaptive,True,0.1,40,0,21.518919754889087,0.0,7.0,4.111419150491201,62.43027160782254,42.43027160782254,20.0,18.0,1.0,0,0,36,4,0.0,0.0,40.0
554,1,right_lane,adaptive,True,0.1,40,0,22.500005701017248,4.0,3.5,7.842088800876809,61.99907741940342,43.99907741940342,18.0,18.0,1.0,0,0,36,4,0.0,8.0,32.0
555,1,right_lane,adaptive,True,0.1,40,0,20.766181149084478,0.0,14.5,4.500134498252805,61.22588983853517,41.22588983853517,20.0,18.0,1.0,0,0,38,2,0.0,0.0,40.0
556,1,right_lane,adaptive,True,0.1,40,0,20.393957345971565,0.5,10.0,5.981910489499569,59.87839717648496,40.62839717648496,19.25,18.0,1.0,0,0,40,0,1.0,1.0,38.0
557,1,right_lane,adaptive,True,0.1,40,0,23.018957344257107,11.0,9.5,14.910375984967686,59.32745517690597,44.82745517690597,14.5,18.0,1.0,0,0,34,6,6.0,10.0,24.0
558,1,right_lane,adaptive,True,0.1,40,0,22.143957345971565,0.5,6.5,4.849262198638826,62.678398404340754,43.42839840434077,19.25,18.0,1.0,0,0,38,2,1.0,1.0,38.0
559,1,right_lane,adaptive,True,0.1,40,0,20.768957345971565,0.5,4.0,5.45499561727047,60.47839840433951,41.2283984043395,19.25,18.0,1.0,0,0,40,0,1.0,1.0,38.0
560,1,right_lane,adaptive,True,0.1,40,0,21.018957345971565,0.5,2.0,5.011293917894363,60.87839840434149,41.628398404341496,19.25,18.0,1.0,0,0,40,0,1.0,1.0,38.0
561,1,right_lane,adaptive,True,0.1,40,0,21.643957345971565,22.0,5.5,23.441885468844703,51.628398384241805,42.62839838424181,9.0,18.0,1.0,0,0,37,3,20.0,4.0,16.0
562,1,right_lane,adaptive,True,0.1,40,0,25.393951547804928,0.5,1.5,3.5589017903384956,67.8783898317943,48.62838983179429,19.25,18.0,1.0,0,0,29,11,1.0,1.0,38.0
563,1,right_lane,adaptive,True,0.1,40,0,22.268957345971565,0.5,16.5,6.152251164425252,62.8783991088609,43.628399108860904,19.25,18.0,1.0,0,0,35,5,1.0,1.0,38.0
564,1,right_lane,adaptive,True,0.1,40,0,20.268957345971565,0.0,17.5,5.303548708558083,60.430331753554505,40.430331753554505,20.0,18.0,1.0,0,0,40,0,0.0,0.0,40.0
565,1,right_lane,adaptive,True,0.1,40,0,21.643957345971565,0.0,1.5,3.7289030987194565,62.6303317535545,42.6303317535545,20.0,18.0,1.0,0,0,38,2,0.0,0.0,40.0
566,1,right_lane,adaptive,True,0.1,40,0,20.893957345971565,0.0,9.0,4.654977166474964,61.17939766652044,41.429397666520444,19.75,18.0,1.0,0,0,37,3,0.0,1.0,39.0
567,1,right_lane,adaptive,True,0.1,40,0,21.141138607735993,0.0,12.0,5.639890755703959,61.825821772377594,41.825821772377594,20.0,18.0,1.0,0,0,37,3,0.0,0.0,40.0
568,1,right_lane,adaptive,True,0.1,40,0,20.268957345971565,12.0,3.0,14.806199096143246,54.429396514701764,40.42939651470176,14.0,18.0,1.0,0,0,39,1,0.0,24.0,16.0
569,1,right_lane,adaptive,True,0.1,40,0,21.76891480462308,0.0,2.5,1.6514686144964799,62.83026368739694,42.83026368739693,20.0,18.0,1.0,0,0,7,33,0.0,0.0,40.0
570,1,right_lane,adaptive,True,0.1,40,0,24.393957345971565,0.0,5.5,2.8606082456522017,67.0303317535545,47.03033175355449,20.0,18.0,1.0,0,0,26,14,0.0,0.0,40.0
571,1,right_lane,adaptive,True,0.1,40,0,20.643957345971565,0.0,13.0,4.86663306504488,60.77939651470182,41.02939651470182,19.75,18.0,1.0,0,0,37,3,0.0,1.0,39.0
572,1,right_lane,adaptive,True,0.1,40,0,23.143957334666847,1.5,7.0,4.7098280544976205,64.27939531242664,45.02939531242663,19.25,18.0,1.0,0,0,23,17,0.0,3.0,37.0
573,1,right_lane,adaptive,True,0.1,40,0,22.0189573329529,7.0,7.0,9.154133025890587,59.7303277508751,43.2303277508751,16.5,18.0,1.0,0,0,32,8,0.0,14.0,26.0
574,1,right_lane,adaptive,True,0.1,40,0,23.250043292099726,0.0,1.0,3.0190481642212035,64.94913584349115,45.199135843491156,19.75,18.0,1.0,0,0,30,10,0.0,1.0,39.0
575,1,right_lane,adaptive,True,0.1,40,0,21.643957345971565,0.0,5.0,3.6364120352372993,62.379398329686104,42.62939832968609,19.75,18.0,1.0,0,0,35,5,0.0,1.0,39.0
576,1,right_lane,adaptive,True,0.1,40,0,20.643957345971565,0.5,8.5,5.199318820874396,60.27839717648495,41.02839717648496,19.25,18.0,1.0,0,0,39,1,1.0,1.0,38.0
577,1,right_lane,adaptive,True,0.1,40,0,23.018950896143302,2.0,2.0,4.982514047629593,63.57867912349788,44.828679123497864,18.75,18.0,1.0,0,0,36,4,0.0,5.0,35.0
578,1,right_lane,adaptive,True,0.1,40,0,20.393957345971565,0.0,14.0,4.554958872497082,60.6303317535545,40.6303317535545,20.0,18.0,1.0,0,0,40,0,0.0,0.0,40.0
579,1,right_lane,adaptive,True,0.1,40,0,21.643956582234793,0.5,14.5,6.081523731271318,61.8783971810651,42.628397181065104,19.25,18.0,1.0,0,0,37,3,1.0,1.0,38.0
580,1,right_lane,adaptive,True,0.1,40,0,22.268957345971565,0.0,13.5,4.586008361540735,63.37939832968612,43.62939832968611,19.75,18.0,1.0,0,0,36,4,0.0,1.0,39.0
581,1,right_lane,adaptive,True,0.1,40,0,21.76613860773599,0.0,0.5,3.4269183464348316,62.82582177237759,42.825821772377594,20.0,18.0,1.0,0,0,38,2,0.0,0.0,40.0
582,1,right_lane,adaptive,True,0.1,40,0,22.98104350364404,7.0,3.0,10.10364648940481,60.767045577757024,44.767045577757024,16.0,18.0,1.0,0,0,24,16,1.0,14.0,25.0
583,1,right_lane,adaptive,True,0.1,40,0,23.393957345971565,0.0,8.5,4.033958035455726,65.17939832968611,45.4293983296861,19.75,18.0,1.0,0,0,31,9,0.0,1.0,39.0
584,1,right_lane,adaptive,True,0.1,40,0,22.018957345971565,0.0,5.5,3.8212508258338858,63.2303317535545,43.2303317535545,20.0,18.0,1.0,0,0,36,4,0.0,0.0,40.0
585,1,right_lane,adaptive,True,0.1,23,1,23.511230166900372,3.0,8.0,6.0415176302194595,36.47870605338757,26.22870605338757,10.25,18.0,1.0,0,0,20,3,0.0,5.0,18.0
586,1,right_lane,adaptive,True,0.1,40,0,21.518957345971565,2.5,5.5,6.8958169835896115,60.67805954133545,42.42805954133545,18.25,18.0,1.0,0,0,38,2,1.0,5.0,34.0
587,1,right_lane,adaptive,True,0.1,40,0,22.500043292099726,0.0,1.0,3.0380529956273676,64.00006926735956,44.00006926735954,20.0,18.0,1.0,0,0,35,5,0.0,0.0,40.0
588,1,right_lane,adaptive,True,0.1,40,0,21.643957345970982,2.0,7.0,6.580159351229668,61.37868878127719,42.628688781277205,18.75,18.0,1.0,0,0,40,0,0.0,5.0,35.0
589,1,right_lane,adaptive,True,0.1,40,0,21.143957345971565,2.5,11.0,7.8192857299736716,60.07706953425533,41.82706953425533,18.25,18.0,1.0,0,0,38,2,1.0,5.0,34.0
590,1,right_lane,adaptive,True,0.1,10,1,22.075828988428814,0.5,2.0,1.833753578364849,15.579397509556964,10.829397509556964,4.75,18.0,1.0,0,0,10,0,0.0,1.0,9.0
591,1,right_lane,adaptive,True,0.1,40,0,22.518957345971565,0.0,4.5,3.8723058860459787,63.7793983296861,44.02939832968611,19.75,18.0,1.0,0,0,34,6,0.0,1.0,39.0
592,1,right_lane,adaptive,True,0.1,40,0,21.018671888689,0.0,8.5,5.709350790239114,61.37894093608971,41.62894093608973,19.75,18.0,1.0,0,0,38,2,0.0,1.0,39.0
593,1,right_lane,adaptive,True,0.1,40,0,20.483867844032495,0.0,9.0,4.897973653194867,60.774188550452,40.774188550451996,20.0,18.0,1.0,0,0,36,4,0.0,0.0,40.0
594,1,right_lane,adaptive,True,0.1,40,0,22.018957345971558,2.5,5.0,6.461667934085199,61.478691429301364,43.228691429301364,18.25,18.0,1.0,0,0,34,6,1.0,5.0,34.0
595,1,right_lane,adaptive,True,0.1,40,0,21.89359175625804,0.5,4.0,3.490652906961259,62.277814165319256,43.027814165319256,19.25,18.0,1.0,0,0,19,21,1.0,1.0,38.0
596,1,right_lane,adaptive,True,0.1,40,0,21.391504197445165,0.0,1.5,2.8088691575394478,62.22640671591227,42.22640671591227,20.0,18.0,1.0,0,0,30,10,0.0,0.0,40.0
597,1,right_lane,adaptive,True,0.1,40,0,20.268957345971565,0.0,3.0,4.5082003101706505,60.430331753554505,40.430331753554505,20.0,18.0,1.0,0,0,40,0,0.0,0.0,40.0
598,1,right_lane,adaptive,True,0.1,40,0,20.75032874938229,0.0,6.0,3.682616028934717,61.20052599901167,41.20052599901167,20.0,18.0,1.0,0,0,37,3,0.0,0.0,40.0
599,1,right_lane,adaptive,True,0.1,40,0,23.606377007278073,3.0,8.0,6.601178012720993,64.26928514372335,45.769285143723344,18.5,18.0,1.0,0,0,23,17,0.0,6.0,34.0
600,1,right_lane,adaptive,True,0.1,3,1,25.0,1.0,1.5,1.9171835482120514,4.348067887473769,3.5980678874737686,0.75,18.0,1.0,0,0,3,0,1.0,1.0,1.0
601,1,right_lane,adaptive,True,0.1,40,0,20.643957345971565,0.0,9.0,4.856747053563595,60.77939766774115,41.02939766774115,19.75,18.0,1.0,0,0,40,0,0.0,1.0,39.0
602,1,right_lane,adaptive,True,0.1,40,0,20.518957345971565,0.0,8.0,4.629748225212097,60.57939766773994,40.82939766773995,19.75,18.0,1.0,0,0,40,0,0.0,1.0,39.0
603,1,right_lane,adaptive,True,0.1,40,0,21.268951657973492,0.5,11.5,5.713343918323517,61.27838807568805,42.02838807568805,19.25,18.0,1.0,0,0,40,0,1.0,1.0,38.0
604,1,right_lane,adaptive,True,0.1,40,0,21.518957345971565,0.0,7.5,3.8839896171641612,62.17939832968611,42.42939832968611,19.75,18.0,1.0,0,0,37,3,0.0,1.0,39.0
605,1,right_lane,adaptive,True,0.1,40,0,22.018957345971117,2.0,3.5,6.098906328208614,61.726191145100394,43.226191145100394,18.5,18.0,1.0,0,0,38,2,1.0,4.0,35.0
606,1,right_lane,adaptive,True,0.1,40,0,21.018956694084615,0.5,3.5,4.698156375437975,60.878397361320374,41.62839736132037,19.25,18.0,1.0,0,0,40,0,1.0,1.0,38.0
607,1,right_lane,adaptive,True,0.1,40,0,21.14178965469902,0.0,1.5,4.3158711567521095,61.57592936170388,41.825929361703885,19.75,18.0,1.0,0,0,40,0,0.0,1.0,39.0
608,1,right_lane,adaptive,True,0.1,40,0,21.018957345971565,0.0,1.0,3.5249043970834464,61.630331753554515,41.63033175355451,20.0,18.0,1.0,0,0,37,3,0.0,0.0,40.0
609,1,right_lane,adaptive,True,0.1,40,0,20.768957345971565,0.0,6.5,4.494255848228931,61.23033175355451,41.2303317535545,20.0,18.0,1.0,0,0,40,0,0.0,0.0,40.0
610,1,right_lane,adaptive,True,0.1,40,0,20.627496354776582,0.0,13.0,5.006317727267742,60.75306008060848,41.00306008060848,19.75,18.0,1.0,0,0,40,0,0.0,1.0,39.0
611,1,right_lane,adaptive,True,0.1,40,0,20.893957345971565,8.5,15.5,14.70411785133183,56.678446914520414,41.428446914520414,15.25,18.0,1.0,0,0,38,2,3.0,13.0,24.0
612,1,right_lane,adaptive,True,0.1,40,0,22.518957345971565,0.5,4.5,4.627024267060733,63.27839840434077,44.028398404340784,19.25,18.0,1.0,0,0,34,6,1.0,1.0,38.0
613,1,right_lane,adaptive,True,0.1,40,0,20.643957345971565,0.5,0.5,5.076094158284832,60.2783984043395,41.0283984043395,19.25,18.0,1.0,0,0,38,2,1.0,1.0,38.0
614,1,right_lane,adaptive,True,0.1,40,0,22.018957345971508,0.5,9.5,4.875998673043341,62.47839840434067,43.22839840434068,19.25,18.0,1.0,0,0,32,8,1.0,1.0,38.0
615,1,right_lane,adaptive,True,0.1,40,0,22.018957345775522,9.0,9.0,13.156085799837456,58.228703904855095,43.22870390485509,15.0,18.0,1.0,0,0,25,15,1.0,18.0,21.0
616,1,right_lane,adaptive,True,0.1,40,0,21.268957345971565,0.0,0.5,3.4441350558772683,61.77939766774115,42.02939766774115,19.75,18.0,1.0,0,0,35,5,0.0,1.0,39.0
617,1,right_lane,adaptive,True,0.1,40,0,22.125005701017248,5.5,5.0,9.46958874088159,60.648382952628296,43.398382952628296,17.25,18.0,1.0,0,0,36,4,0.0,11.0,29.0
618,1,right_lane,adaptive,True,0.1,40,0,20.893957345971565,0.0,6.5,2.309462251257173,61.17939766774182,41.42939766774183,19.75,18.0,1.0,0,0,14,26,0.0,1.0,39.0
619,1,right_lane,adaptive,True,0.1,40,0,22.018957344286836,0.5,2.0,4.3469961951605,62.478398401645926,43.22839840164593,19.25,18.0,1.0,0,0,35,5,1.0,1.0,38.0
620,1,right_lane,adaptive,True,0.1,40,0,22.64395239570556,0.0,2.0,2.8139140322650746,63.979390409260496,44.229390409260496,19.75,18.0,1.0,0,0,34,6,0.0,1.0,39.0
621,1,right_lane,adaptive,True,0.1,40,0,20.875328749382287,0.0,4.0,3.5399198457598686,61.40052599901167,41.40052599901167,20.0,18.0,1.0,0,0,40,0,0.0,0.0,40.0
622,1,right_lane,adaptive,True,0.1,12,1,20.896524486472774,0.5,6.0,2.6665483117103577,18.17939651465419,12.429396514654192,5.75,18.0,1.0,0,0,12,0,0.0,1.0,11.0
623,1,right_lane,adaptive,True,0.1,40,0,23.518671888689,2.5,8.0,6.148126262492042,64.62987239271658,45.629872392716564,19.0,18.0,1.0,0,0,31,9,0.0,4.0,36.0
624,1,right_lane,adaptive,True,0.1,40,0,20.768957345971565,0.0,1.5,3.00506670383038,61.2303317535545,41.230331753554495,20.0,18.0,1.0,0,0,34,6,0.0,0.0,40.0
625,1,right_lane,adaptive,True,0.1,40,0,21.143634297606518,0.0,0.5,3.6080058589577675,61.57888079035775,41.828880790357765,19.75,18.0,1.0,0,0,38,2,0.0,1.0,39.0
626,1,right_lane,adaptive,True,0.1,40,0,21.643957345971565,2.0,12.5,6.983206053861068,61.37846062593316,42.62846062593316,18.75,18.0,1.0,0,0,38,2,0.0,5.0,35.0
627,1,right_lane,adaptive,True,0.1,40,0,23.641461004214086,0.0,0.5,3.054069085039373,65.82633760674254,45.82633760674255,20.0,18.0,1.0,0,0,33,7,0.0,0.0,40.0
628,1,right_lane,adaptive,True,0.1,40,0,20.643957345971565,6.0,14.5,12.62633316963911,57.52832938782265,41.02832938782265,16.5,18.0,1.0,0,0,40,0,1.0,12.0,27.0
629,1,right_lane,adaptive,True,0.1,40,0,20.893952395702158,0.5,7.0,5.978746421635151,60.67838925605391,41.428389256053904,19.25,18.0,1.0,0,0,40,0,1.0,1.0,38.0
630,1,right_lane,adaptive,True,0.1,40,0,21.393957344257622,0.0,3.0,3.6749201267957687,62.23033175081219,42.23033175081219,20.0,18.0,1.0,0,0,39,1,0.0,0.0,40.0
631,1,right_lane,adaptive,True,0.1,40,0,20.268957345971565,0.0,5.0,4.778715670108795,60.430331753554505,40.430331753554505,20.0,18.0,1.0,0,0,40,0,0.0,0.0,40.0
632,1,right_lane,adaptive,True,0.1,40,0,21.143957345971565,0.0,7.5,3.6308152084238827,61.830331753554496,41.83033175355451,20.0,18.0,1.0,0,0,37,3,0.0,0.0,40.0
633,1,right_lane,adaptive,True,0.1,40,0,21.393957345971565,1.5,4.0,5.532932724803686,61.22870339490531,42.22870339490532,19.0,18.0,1.0,0,0,40,0,0.0,4.0,36.0
634,1,right_lane,adaptive,True,0.1,40,0,21.018957345971565,7.5,0.5,9.845911178333154,57.62839840434077,41.62839840434077,16.0,18.0,1.0,0,0,22,18,1.0,14.0,25.0
635,1,right_lane,adaptive,True,0.1,40,0,21.518957345971565,0.5,0.0,4.486343559779925,61.67839840507327,42.42839840507327,19.25,18.0,1.0,0,0,39,1,1.0,1.0,38.0
636,1,right_lane,adaptive,True,0.1,40,0,20.643634297606518,5.0,20.5,11.975926414132118,58.27881697895706,41.028816978957046,17.25,18.0,1.0,0,0,40,0,0.0,11.0,29.0
637,1,right_lane,adaptive,True,0.1,40,0,21.518957345971565,0.0,12.0,4.565597507394159,62.17939832968611,42.4293983296861,19.75,18.0,1.0,0,0,38,2,0.0,1.0,39.0
638,1,right_lane,adaptive,True,0.1,40,0,22.393957345971565,2.5,1.0,6.092453684975226,62.576414688001506,43.826414688001506,18.75,18.0,1.0,0,0,39,1,0.0,5.0,35.0
639,1,right_lane,adaptive,True,0.1,40,0,23.393957345971565,0.0,9.0,4.68551595708027,65.4303317535545,45.4303317535545,20.0,18.0,1.0,0,0,33,7,0.0,0.0,40.0
640,1,right_lane,adaptive,True,0.1,40,0,21.893957345971565,0.0,0.5,3.448627403951832,63.0303317535545,43.03033175355451,20.0,18.0,1.0,0,0,37,3,0.0,0.0,40.0
641,1,right_lane,adaptive,True,0.1,40,0,21.768957345749698,0.0,11.0,3.5642340741469525,62.83033175319954,42.83033175319953,20.0,18.0,1.0,0,0,29,11,0.0,0.0,40.0
642,1,right_lane,adaptive,True,0.1,40,0,20.393957345971565,0.5,3.5,5.312482409179211,59.87839717648496,40.62839717648496,19.25,18.0,1.0,0,0,40,0,1.0,1.0,38.0
643,1,right_lane,adaptive,True,0.1,40,0,21.89395723602825,2.0,10.5,6.0041173837180395,62.029622691182176,43.02962269118218,19.0,18.0,1.0,0,0,36,4,0.0,4.0,36.0
644,1,right_lane,adaptive,True,0.1,40,0,22.143957345971565,0.0,7.0,3.7939607114508362,63.4303317535545,43.430331753554505,20.0,18.0,1.0,0,0,35,5,0.0,0.0,40.0
645,1,right_lane,adaptive,True,0.1,40,0,21.518957345971565,0.0,10.0,4.401993490755558,62.43033175355449,42.430331753554505,20.0,18.0,1.0,0,0,40,0,0.0,0.0,40.0
646,1,right_lane,adaptive,True,0.1,40,0,21.643957345971565,0.5,1.5,4.024686622258741,61.8783991088609,42.62839910886089,19.25,18.0,1.0,0,0,34,6,1.0,1.0,38.0
647,1,right_lane,adaptive,True,0.1,40,0,23.018957345745726,8.5,6.0,13.04003531485796,60.0760457938581,44.82604579385809,15.25,18.0,1.0,0,0,40,0,5.0,9.0,26.0
648,1,right_lane,adaptive,True,0.1,40,0,20.393957345971565,0.0,1.5,4.359543889760971,60.6303317535545,40.6303317535545,20.0,18.0,1.0,0,0,40,0,0.0,0.0,40.0
649,1,right_lane,adaptive,True,0.1,40,0,20.893957345971565,0.5,13.5,6.455032326613946,60.67839717648495,41.42839717648495,19.25,18.0,1.0,0,0,37,3,1.0,1.0,38.0
650,1,right_lane,adaptive,True,0.1,40,0,20.768957345971565,0.0,12.5,4.468772804740183,60.97939766773993,41.22939766773994,19.75,18.0,1.0,0,0,36,4,0.0,1.0,39.0
651,1,right_lane,adaptive,True,0.1,40,0,20.643957345971565,0.0,0.5,2.291254583746195,61.0303317535545,41.030331753554506,20.0,18.0,1.0,0,0,40,0,0.0,0.0,40.0
652,1,right_lane,adaptive,True,0.1,40,0,20.518957345971565,2.0,15.0,7.628249555826187,59.82992733325794,40.82992733325794,19.0,18.0,1.0,0,0,40,0,0.0,4.0,36.0
653,1,right_lane,adaptive,True,0.1,40,0,21.518957345971565,0.5,4.5,5.060825445011233,61.678399108860894,42.428399108860894,19.25,18.0,1.0,0,0,38,2,1.0,1.0,38.0
654,1,right_lane,adaptive,True,0.1,40,0,22.127496440621773,0.0,6.5,4.457013043663437,63.153060219181484,43.40306021918147,19.75,18.0,1.0,0,0,36,4,0.0,1.0,39.0
655,1,right_lane,adaptive,True,0.1,40,0,23.268957345971565,0.0,0.5,2.94491654203739,65.23033175355451,45.2303317535545,20.0,18.0,1.0,0,0,32,8,0.0,0.0,40.0
656,1,right_lane,adaptive,True,0.1,40,0,21.643957345971565,0.0,14.5,4.159413253611831,62.630331753554515,42.63033175355451,20.0,18.0,1.0,0,0,36,4,0.0,0.0,40.0
657,1,right_lane,adaptive,True,0.1,40,0,21.2689573459715,0.0,4.5,3.805433437228203,62.03033175355437,42.03033175355438,20.0,18.0,1.0,0,0,40,0,0.0,0.0,40.0
658,1,right_lane,adaptive,True,0.1,40,0,20.768957345971565,0.5,0.5,3.8636399507522583,60.47839840434077,41.22839840434077,19.25,18.0,1.0,0,0,40,0,1.0,1.0,38.0
659,1,right_lane,adaptive,True,0.1,40,0,20.393957345971565,0.5,14.5,6.611447840929031,59.87839717648496,40.62839717648496,19.25,18.0,1.0,0,0,40,0,1.0,1.0,38.0
660,1,right_lane,adaptive,True,0.1,40,0,21.375043292099726,0.5,1.0,4.031486334518377,61.44813591685381,42.198135916853815,19.25,18.0,1.0,0,0,36,4,1.0,1.0,38.0
661,1,right_lane,adaptive,True,0.1,28,1,21.991367637102233,0.5,6.5,3.936963672067577,44.2303317535545,30.230331753554495,14.0,18.0,1.0,0,0,26,2,0.0,0.0,28.0
662,1,right_lane,adaptive,True,0.1,40,0,21.516466606363643,0.0,2.5,4.1463319605682045,62.17541314631342,42.42541314631343,19.75,18.0,1.0,0,0,37,3,0.0,1.0,39.0
663,1,right_lane,adaptive,True,0.1,40,0,22.500043292069996,2.5,8.0,7.093676972623143,62.24679177465791,43.996791774657915,18.25,18.0,1.0,0,0,29,11,1.0,5.0,34.0
664,1,right_lane,adaptive,True,0.1,30,1,22.025276461295416,0.0,6.0,2.046260257938684,47.4303317535545,32.430331753554505,15.0,18.0,1.0,0,0,14,16,0.0,0.0,30.0
665,1,right_lane,adaptive,True,0.1,40,0,22.76895734596765,0.5,6.0,4.936080283045385,63.67839840506705,44.42839840506704,19.25,18.0,1.0,0,0,34,6,1.0,1.0,38.0
666,1,right_lane,adaptive,True,0.1,40,0,20.518957345971565,0.0,2.0,4.295720249414444,60.57939766773994,40.82939766773995,19.75,18.0,1.0,0,0,40,0,0.0,1.0,39.0
667,1,right_lane,adaptive,True,0.1,17,1,20.632840814050734,0.5,7.0,2.726855419576168,25.930331753554505,17.430331753554505,8.5,18.0,1.0,0,0,17,0,0.0,0.0,17.0
668,1,right_lane,adaptive,True,0.1,40,0,20.893957345971565,0.0,14.0,4.755355097353458,61.17939766774115,41.42939766774115,19.75,18.0,1.0,0,0,40,0,0.0,1.0,39.0
669,1,right_lane,adaptive,True,0.1,40,0,23.268952382716115,0.0,4.5,3.8073621851076496,64.97938972653245,45.22938972653242,19.75,18.0,1.0,0,0,34,6,0.0,1.0,39.0
670,1,right_lane,adaptive,True,0.1,40,0,20.393957345971565,2.5,4.0,6.659876622259617,58.879332343352296,40.62933234335229,18.25,18.0,1.0,0,0,40,0,1.0,5.0,34.0
671,1,right_lane,adaptive,True,0.1,40,0,22.266461004214154,0.0,1.0,3.8185767331196985,63.375402367889905,43.625402367889905,19.75,18.0,1.0,0,0,37,3,0.0,1.0,39.0
672,1,right_lane,adaptive,True,0.1,40,0,22.143956694084682,0.0,5.0,3.3001385234492773,63.43033071053549,43.4303307105355,20.0,18.0,1.0,0,0,36,4,0.0,0.0,40.0
673,1,right_lane,adaptive,True,0.1,40,0,21.018957345971565,0.0,3.5,4.2248934581293724,61.37939766774114,41.629397667741145,19.75,18.0,1.0,0,0,37,3,0.0,1.0,39.0
674,1,right_lane,adaptive,True,0.1,40,0,20.268957345971565,0.0,14.0,4.917589534074068,60.179396514701764,40.42939651470176,19.75,18.0,1.0,0,0,38,2,0.0,1.0,39.0
675,1,right_lane,adaptive,True,0.1,40,0,21.643957345971565,2.0,14.0,6.844484293718779,61.12870404214773,42.62870404214772,18.5,18.0,1.0,0,0,33,7,1.0,4.0,35.0
676,1,right_lane,adaptive,True,0.1,40,0,21.39395734426102,0.0,10.5,4.1484149126936245,62.23033175081764,42.230331750817626,20.0,18.0,1.0,0,0,37,3,0.0,0.0,40.0
677,1,right_lane,adaptive,True,0.1,40,0,21.643627957721566,0.0,3.0,3.499636810386164,62.37886949351896,42.62886949351898,19.75,18.0,1.0,0,0,36,4,0.0,1.0,39.0
678,1,right_lane,adaptive,True,0.1,40,0,20.733867844032495,0.0,18.0,5.1028572206738545,61.174188550451994,41.174188550451994,20.0,18.0,1.0,0,0,39,1,0.0,0.0,40.0
679,1,right_lane,adaptive,True,0.1,40,0,20.518957345971565,0.0,7.0,4.723907299339771,60.57939766773994,40.82939766773995,19.75,18.0,1.0,0,0,40,0,0.0,1.0,39.0
680,1,right_lane,adaptive,True,0.1,40,0,21.268957345746305,0.0,3.5,3.7464712351070375,61.77939766738074,42.02939766738074,19.75,18.0,1.0,0,0,36,4,0.0,1.0,39.0
681,1,right_lane,adaptive,True,0.1,40,0,23.266133005583107,3.5,7.5,7.7951293700334645,63.47510425527789,45.22510425527788,18.25,18.0,1.0,0,0,35,5,1.0,5.0,34.0
682,1,right_lane,adaptive,True,0.1,40,0,22.01895164498405,0.5,0.0,4.1614273655213765,62.47838928349324,43.228389283493236,19.25,18.0,1.0,0,0,32,8,1.0,1.0,38.0
683,1,right_lane,adaptive,True,0.1,40,0,22.518957345971565,4.5,5.5,8.825927606706273,61.52743397054974,44.02743397054974,17.5,18.0,1.0,0,0,37,3,1.0,8.0,31.0
684,1,right_lane,adaptive,True,0.1,34,1,20.904655701143017,1.0,3.5,4.733542382717133,51.478399108808766,35.228399108808766,16.25,18.0,1.0,0,0,34,0,1.0,1.0,32.0
685,1,right_lane,adaptive,True,0.1,40,0,21.518957345945747,0.5,1.5,4.638926662791846,61.67839910881959,42.42839910881959,19.25,18.0,1.0,0,0,38,2,1.0,1.0,38.0
686,1,right_lane,adaptive,True,0.1,40,0,22.018957345971565,0.0,6.5,4.168661975343639,63.23033175355451,43.23033175355451,20.0,18.0,1.0,0,0,38,2,0.0,0.0,40.0
687,1,right_lane,adaptive,True,0.1,40,0,20.643957345971565,2.5,16.0,8.285304762423038,59.27805714339965,41.02805714339964,18.25,18.0,1.0,0,0,40,0,1.0,5.0,34.0
688,1,right_lane,adaptive,True,0.1,40,0,21.143951743818675,0.0,8.5,3.3811493790199165,61.579388704986066,41.829388704986066,19.75,18.0,1.0,0,0,27,13,0.0,1.0,39.0
689,1,right_lane,adaptive,True,0.1,40,0,22.643957345971565,0.0,2.0,3.0553541159059705,63.9793983296861,44.22939832968609,19.75,18.0,1.0,0,0,29,11,0.0,1.0,39.0
690,1,right_lane,adaptive,True,0.1,25,1,21.4303317535545,0.5,4.5,2.7352150947881455,38.1783991088088,26.428399108808797,11.75,18.0,1.0,0,0,13,12,1.0,1.0,23.0
691,1,right_lane,adaptive,True,0.1,40,0,21.268957345971565,0.0,1.5,3.1320129831292434,62.030331753554485,42.03033175355449,20.0,18.0,1.0,0,0,33,7,0.0,0.0,40.0
692,1,right_lane,adaptive,True,0.1,40,0,20.393957345971565,0.5,9.5,5.520199149847031,59.87839717648496,40.62839717648496,19.25,18.0,1.0,0,0,40,0,1.0,1.0,38.0
693,1,right_lane,adaptive,True,0.1,40,0,20.893956693888644,0.5,9.0,5.61775366961956,60.678397361006816,41.428397361006816,19.25,18.0,1.0,0,0,40,0,1.0,1.0,38.0
694,1,right_lane,adaptive,True,0.1,40,0,21.143957345971565,3.0,6.0,8.245046243071556,59.82805507336556,41.82805507336557,18.0,18.0,1.0,0,0,40,0,1.0,6.0,33.0
695,1,right_lane,adaptive,True,0.1,40,0,21.641137772854027,2.5,18.0,9.456654361289111,60.87293464509433,42.62293464509433,18.25,18.0,1.0,0,0,38,2,1.0,5.0,34.0
696,1,right_lane,adaptive,True,0.1,40,0,20.518957345971565,0.0,11.0,5.180994585156441,60.57939766773994,40.82939766773995,19.75,18.0,1.0,0,0,40,0,0.0,1.0,39.0
697,1,right_lane,adaptive,True,0.1,40,0,21.018957345971565,0.0,8.0,3.991282641887665,61.63033175355451,41.6303317535545,20.0,18.0,1.0,0,0,39,1,0.0,0.0,40.0
698,1,right_lane,adaptive,True,0.1,40,0,22.375000013019175,0.5,2.5,4.295495064674469,63.04806737613708,43.79806737613708,19.25,18.0,1.0,0,0,34,6,1.0,1.0,38.0
699,1,right_lane,adaptive,True,0.1,40,0,21.893957345971565,0.0,2.0,3.4637143673953688,62.7793983296861,43.02939832968611,19.75,18.0,1.0,0,0,36,4,0.0,1.0,39.0
700,1,right_lane,adaptive,True,0.1,40,0,21.26895734597105,0.0,2.0,4.1935447826981544,61.77939766651963,42.02939766651963,19.75,18.0,1.0,0,0,40,0,0.0,1.0,39.0
701,1,right_lane,adaptive,True,0.1,40,0,22.018957345971565,17.5,17.0,23.135562548843154,54.4772969310267,43.22729693102669,11.25,18.0,1.0,0,0,39,1,0.0,35.0,5.0
702,1,right_lane,adaptive,True,0.1,10,1,24.57580358367013,0.5,2.0,1.482632104307413,16.830321433468054,11.83032143346805,5.0,18.0,1.0,0,0,9,1,0.0,0.0,10.0
703,1,right_lane,adaptive,True,0.1,40,0,23.00000075075124,0.0,0.0,2.7662429790379974,64.80000120120198,44.800001201201994,20.0,18.0,1.0,0,0,31,9,0.0,0.0,40.0
704,1,right_lane,adaptive,True,0.1,40,0,23.268957345971565,0.0,9.0,4.0260209112300345,64.97939766843072,45.22939766843072,19.75,18.0,1.0,0,0,32,8,0.0,1.0,39.0
705,1,right_lane,adaptive,True,0.1,40,0,20.518957345971565,4.5,18.0,10.4129076898098,58.079388578331,40.829388578331,17.25,18.0,1.0,0,0,40,0,1.0,9.0,30.0
706,1,right_lane,adaptive,True,0.1,40,0,20.393957345971565,0.0,4.5,4.740520350635052,60.37939766652045,40.62939766652045,19.75,18.0,1.0,0,0,40,0,0.0,1.0,39.0
707,1,right_lane,adaptive,True,0.1,40,0,22.018957345971565,4.0,11.5,8.95738323777914,60.7284487160345,43.22844871603449,17.5,18.0,1.0,0,0,40,0,1.0,8.0,31.0
708,1,right_lane,adaptive,True,0.1,40,0,20.518957345971565,0.0,15.0,5.3550717905163765,60.57939651470175,40.829396514701756,19.75,18.0,1.0,0,0,40,0,0.0,1.0,39.0
709,1,right_lane,adaptive,True,0.1,40,0,21.268957345971565,0.0,10.5,3.8690256468388498,62.03033175355448,42.0303317535545,20.0,18.0,1.0,0,0,37,3,0.0,0.0,40.0
710,1,right_lane,adaptive,True,0.1,40,0,21.393957245397175,0.0,16.0,5.224524275920885,61.97939635378275,42.22939635378274,19.75,18.0,1.0,0,0,38,2,0.0,1.0,39.0
711,1,right_lane,adaptive,True,0.1,40,0,21.268957345971565,0.5,1.5,4.764397996759726,61.27839910886089,42.02839910886089,19.25,18.0,1.0,0,0,38,2,1.0,1.0,38.0
712,1,right_lane,adaptive,True,0.1,40,0,21.481414695510455,3.5,4.5,7.661600314610041,60.3693282783795,42.36932827837951,18.0,18.0,1.0,0,0,30,10,0.0,8.0,32.0
713,1,right_lane,adaptive,True,0.1,40,0,20.393957345971565,0.0,20.5,5.990049973130226,60.37939766652045,40.62939766652045,19.75,18.0,1.0,0,0,40,0,0.0,1.0,39.0
714,1,right_lane,adaptive,True,0.1,40,0,23.393957345971565,3.0,8.0,7.499265877699827,63.92870403876225,45.42870403876225,18.5,18.0,1.0,0,0,35,5,0.0,6.0,34.0
715,1,right_lane,adaptive,True,0.1,40,0,20.768957345971565,0.0,8.5,4.659129310399294,61.2303317535545,41.23033175355451,20.0,18.0,1.0,0,0,39,1,0.0,0.0,40.0
716,1,right_lane,adaptive,True,0.1,40,0,21.268957260126378,0.0,9.5,4.386714654043317,62.03033161620221,42.03033161620222,20.0,18.0,1.0,0,0,37,3,0.0,0.0,40.0
717,1,right_lane,adaptive,True,0.1,40,0,21.893919004141758,0.0,0.5,2.908926128744497,63.03027040662682,43.030270406626826,20.0,18.0,1.0,0,0,31,9,0.0,0.0,40.0
718,1,right_lane,adaptive,True,0.1,40,0,20.893957345971565,0.5,2.5,4.851950218997445,60.67839717648496,41.428397176484964,19.25,18.0,1.0,0,0,36,4,1.0,1.0,38.0
719,1,right_lane,adaptive,True,0.1,40,0,21.893957345971494,0.0,2.0,2.225103749397931,63.030331753554414,43.030331753554414,20.0,18.0,1.0,0,0,27,13,0.0,0.0,40.0
720,1,right_lane,adaptive,True,0.1,40,0,23.643957345971565,0.0,2.5,3.0393588445303976,65.5793983296861,45.8293983296861,19.75,18.0,1.0,0,0,33,7,0.0,1.0,39.0
721,1,right_lane,adaptive,True,0.1,40,0,20.643957345971565,0.0,2.5,3.562822641997627,61.03033175355451,41.030331753554506,20.0,18.0,1.0,0,0,34,6,0.0,0.0,40.0
722,1,right_lane,adaptive,True,0.1,40,0,21.393956694084682,0.0,1.0,2.723552813875358,62.2303307105355,42.2303307105355,20.0,18.0,1.0,0,0,38,2,0.0,0.0,40.0
723,1,right_lane,adaptive,True,0.1,40,0,21.518957345971565,0.0,7.5,3.7596964655140255,62.4303317535545,42.430331753554505,20.0,18.0,1.0,0,0,36,4,0.0,0.0,40.0
724,1,right_lane,adaptive,True,0.1,40,0,21.768957345971565,0.0,0.5,2.7835462040966377,62.83033175355449,42.83033175355449,20.0,18.0,1.0,0,0,27,13,0.0,0.0,40.0
725,1,right_lane,adaptive,True,0.1,40,0,21.268957345971565,3.5,14.5,9.8519531711936,60.02784223017985,42.027842230179836,18.0,18.0,1.0,0,0,40,0,0.0,8.0,32.0
726,1,right_lane,adaptive,True,0.1,40,0,21.893957345971565,0.0,6.5,4.112014747737703,63.03033175355451,43.030331753554506,20.0,18.0,1.0,0,0,37,3,0.0,0.0,40.0
727,1,right_lane,adaptive,True,0.1,40,0,20.76895723602826,0.0,12.5,4.740982070565224,60.97939633879248,41.229396338792476,19.75,18.0,1.0,0,0,40,0,0.0,1.0,39.0
728,1,right_lane,adaptive,True,0.1,40,0,22.143956595442237,0.0,7.0,3.630060932920969,63.430330552707574,43.43033055270757,20.0,18.0,1.0,0,0,37,3,0.0,0.0,40.0
729,1,right_lane,adaptive,True,0.1,40,0,21.643586154104636,1.5,3.0,5.771740133908679,61.628108446347674,42.628108446347674,19.0,18.0,1.0,0,0,33,7,0.0,4.0,36.0
730,1,right_lane,adaptive,True,0.1,40,0,21.268957345971565,0.5,6.5,4.926876090466976,61.27839910886089,42.02839910886089,19.25,18.0,1.0,0,0,39,1,1.0,1.0,38.0
731,1,right_lane,adaptive,True,0.1,40,0,22.268957345971565,0.0,6.0,2.128976143852924,63.6303317535545,43.6303317535545,20.0,18.0,1.0,0,0,17,23,0.0,0.0,40.0
732,1,right_lane,adaptive,True,0.1,40,0,21.393957345971565,0.0,1.0,3.36919953225879,61.97939766774115,42.22939766774115,19.75,18.0,1.0,0,0,35,5,0.0,1.0,39.0
733,1,right_lane,adaptive,True,0.1,40,0,21.518957345971565,0.0,10.5,4.169544513606525,62.4303317535545,42.430331753554505,20.0,18.0,1.0,0,0,37,3,0.0,0.0,40.0
734,1,right_lane,adaptive,True,0.1,40,0,22.393957345967202,0.0,0.0,2.948676840250755,63.830331753547526,43.83033175354751,20.0,18.0,1.0,0,0,31,9,0.0,0.0,40.0
735,1,right_lane,adaptive,True,0.1,40,0,22.75249644062177,0.0,4.5,2.8175495924397183,64.40399430499482,44.40399430499483,20.0,18.0,1.0,0,0,31,9,0.0,0.0,40.0
736,1,right_lane,adaptive,True,0.1,40,0,22.268957345971565,0.0,5.0,3.8630921385301917,63.63033175355451,43.63033175355451,20.0,18.0,1.0,0,0,37,3,0.0,0.0,40.0
737,1,right_lane,adaptive,True,0.1,40,0,22.643950908936706,2.0,2.5,4.630130442710197,63.229629794977306,44.22962979497731,19.0,18.0,1.0,0,0,36,4,0.0,4.0,36.0
738,1,right_lane,adaptive,True,0.1,40,0,23.00249644062177,3.0,7.5,6.818568476066162,63.5532293430181,44.803229343018096,18.75,18.0,1.0,0,0,35,5,0.0,5.0,35.0
739,1,right_lane,adaptive,True,0.1,12,1,23.396524437472817,0.5,3.5,1.889381218545168,19.63033172998695,13.63033172998695,6.0,18.0,1.0,0,0,10,2,0.0,0.0,12.0
740,1,right_lane,adaptive,True,0.1,40,0,22.268957345971565,0.5,5.5,4.765937322401442,62.8783991088609,43.628399108860904,19.25,18.0,1.0,0,0,35,5,1.0,1.0,38.0
741,1,right_lane,adaptive,True,0.1,40,0,22.393957345971565,0.0,3.5,3.825388119347622,63.8303317535545,43.8303317535545,20.0,18.0,1.0,0,0,35,5,0.0,0.0,40.0
742,1,right_lane,adaptive,True,0.1,40,0,22.643957344482875,0.0,6.0,3.3962882378873473,64.2303317511726,44.2303317511726,20.0,18.0,1.0,0,0,29,11,0.0,0.0,40.0
743,1,right_lane,adaptive,True,0.1,40,0,22.231414695510452,2.0,0.0,3.3054857051279214,62.56957227658948,43.56957227658948,19.0,18.0,1.0,0,0,9,31,0.0,4.0,36.0
744,1,right_lane,adaptive,True,0.1,40,0,21.643957247332974,0.5,3.5,4.954852004603254,61.878398246517754,42.62839824651776,19.25,18.0,1.0,0,0,38,2,1.0,1.0,38.0
745,1,right_lane,adaptive,True,0.1,40,0,21.893957247329126,3.0,8.0,7.447737510963179,61.52941288321048,43.02941288321048,18.5,18.0,1.0,0,0,38,2,0.0,6.0,34.0
746,1,right_lane,adaptive,True,0.1,40,0,21.393957345971565,0.5,5.5,4.776007141991613,61.97939832968609,42.229398329686106,19.75,18.0,1.0,0,0,36,4,0.0,1.0,39.0
747,1,right_lane,adaptive,True,0.1,40,0,21.143957345971565,0.0,0.0,3.023157128596722,61.57939832968609,41.82939832968609,19.75,18.0,1.0,0,0,39,1,0.0,1.0,39.0
748,1,right_lane,adaptive,True,0.1,40,0,21.518957345971565,2.0,14.0,7.271378867328167,60.92844556168122,42.42844556168122,18.5,18.0,1.0,0,0,40,0,1.0,4.0,35.0
749,1,right_lane,adaptive,True,0.1,40,0,23.518957345971565,5.5,5.5,10.274140737950802,62.3772948820167,45.6272948820167,16.75,18.0,1.0,0,0,40,0,1.0,11.0,28.0
750,1,right_lane,adaptive,True,0.1,40,0,21.268957345971565,2.5,5.0,6.650591669053938,60.77898836004171,42.028988360041716,18.75,18.0,1.0,0,0,37,3,0.0,5.0,35.0
751,1,right_lane,adaptive,True,0.1,12,1,22.97985531740107,2.0,0.5,3.1863598478985296,18.429328400381586,13.429328400381586,5.0,18.0,1.0,0,0,9,3,1.0,2.0,9.0
752,1,right_lane,adaptive,True,0.1,40,0,20.643957345971554,0.0,5.5,4.342023588716984,61.03033175355448,41.03033175355447,20.0,18.0,1.0,0,0,40,0,0.0,0.0,40.0
753,1,right_lane,adaptive,True,0.1,23,1,22.20688234082011,0.5,7.5,3.0820834508981534,36.5303317535545,25.0303317535545,11.5,18.0,1.0,0,0,20,3,0.0,0.0,23.0
754,1,right_lane,adaptive,True,0.1,40,0,20.893957345971565,0.5,11.5,5.415721096920606,60.67839840507326,41.428398405073274,19.25,18.0,1.0,0,0,38,2,1.0,1.0,38.0
755,1,right_lane,adaptive,True,0.1,40,0,24.518957234088106,5.0,8.0,8.774557965010445,64.72680640988466,47.22680640988467,17.5,18.0,1.0,0,0,27,13,2.0,6.0,32.0
756,1,right_lane,adaptive,True,0.1,40,0,22.893908453433408,0.0,2.0,3.6333203508734186,64.37932010162507,44.629320101625076,19.75,18.0,1.0,0,0,36,4,0.0,1.0,39.0
757,1,right_lane,adaptive,True,0.1,40,0,23.14395734574971,0.0,8.0,3.794660378366757,64.77939832933113,45.02939832933114,19.75,18.0,1.0,0,0,36,4,0.0,1.0,39.0
758,1,right_lane,adaptive,True,0.1,40,0,21.518957345971565,0.5,14.0,6.287992105870217,61.678398403043936,42.42839840304393,19.25,18.0,1.0,0,0,37,3,1.0,1.0,38.0
759,1,right_lane,adaptive,True,0.1,40,0,21.643957345971565,0.0,6.0,2.9802180097044584,62.379398329686104,42.629398329686104,19.75,18.0,1.0,0,0,24,16,0.0,1.0,39.0
760,1,right_lane,adaptive,True,0.1,40,0,20.768957345971565,0.0,1.0,4.047828520106577,60.97939651471894,41.22939651471896,19.75,18.0,1.0,0,0,37,3,0.0,1.0,39.0
761,1,right_lane,adaptive,True,0.1,40,0,23.143957345971486,4.0,2.5,7.476510387854887,63.027608693787954,45.02760869378796,18.0,18.0,1.0,0,0,37,3,1.0,6.0,33.0
762,1,right_lane,adaptive,True,0.1,40,0,21.893957345971494,0.0,2.0,4.002921243600213,62.77939766652033,43.02939766652033,19.75,18.0,1.0,0,0,36,4,0.0,1.0,39.0
763,1,right_lane,adaptive,True,0.1,40,0,21.76895164518009,0.5,2.5,4.808540528640151,62.0783899875424,42.82838998754241,19.25,18.0,1.0,0,0,39,1,1.0,1.0,38.0
764,1,right_lane,adaptive,True,0.1,40,0,21.518957345971565,1.0,8.0,5.594992481058853,61.929397667741824,42.42939766774183,19.5,18.0,1.0,0,0,32,8,0.0,2.0,38.0
765,1,right_lane,adaptive,True,0.1,40,0,21.981414695510455,3.0,12.0,7.406840099799183,61.91932680102535,43.16932680102534,18.75,18.0,1.0,0,0,37,3,0.0,5.0,35.0
766,1,right_lane,adaptive,True,0.1,40,0,20.518957345971565,0.0,12.5,5.70448499917984,60.8303317535545,40.8303317535545,20.0,18.0,1.0,0,0,40,0,0.0,0.0,40.0
767,1,right_lane,adaptive,True,0.1,40,0,21.268957345971565,1.5,13.5,7.52665526419878,61.02870224465069,42.028702244650695,19.0,18.0,1.0,0,0,40,0,0.0,4.0,36.0
768,1,right_lane,adaptive,True,0.1,40,0,22.26895239570556,0.5,6.0,4.534629443746326,62.87839118843528,43.62839118843527,19.25,18.0,1.0,0,0,37,3,1.0,1.0,38.0
769,1,right_lane,adaptive,True,0.1,40,0,20.393957345971565,0.5,15.0,6.632262051105499,59.87839717648496,40.62839717648496,19.25,18.0,1.0,0,0,40,0,1.0,1.0,38.0
770,1,right_lane,adaptive,True,0.1,40,0,23.268957345971565,0.0,0.5,2.705779096995684,65.2303317535545,45.230331753554495,20.0,18.0,1.0,0,0,27,13,0.0,0.0,40.0
771,1,right_lane,adaptive,True,0.1,27,1,24.102159030728824,3.0,7.5,6.479925836183611,43.42837490910526,31.428374909105262,12.0,18.0,1.0,0,0,23,4,0.0,6.0,21.0
772,1,right_lane,adaptive,True,0.1,40,0,20.518957345971565,9.0,17.5,15.282169744372368,56.07839840304393,40.828398403043934,15.25,18.0,1.0,0,0,40,0,1.0,17.0,22.0
773,1,right_lane,adaptive,True,0.1,40,0,22.643957345971565,0.0,2.5,1.5341701159784407,64.23033175355451,44.2303317535545,20.0,18.0,1.0,0,0,16,24,0.0,0.0,40.0
774,1,right_lane,adaptive,True,0.1,40,0,23.51895174381527,0.5,2.5,3.8244452761173306,64.87838944089069,45.62838944089069,19.25,18.0,1.0,0,0,31,9,1.0,1.0,38.0
775,1,right_lane,adaptive,True,0.1,40,0,20.768957345971565,0.0,5.5,4.326406411826611,61.23033175355451,41.2303317535545,20.0,18.0,1.0,0,0,40,0,0.0,0.0,40.0
776,1,right_lane,adaptive,True,0.1,40,0,20.893957345971565,0.0,13.5,4.82716416195035,61.17939766774182,41.42939766774183,19.75,18.0,1.0,0,0,40,0,0.0,1.0,39.0
777,1,right_lane,adaptive,True,0.1,40,0,22.643957345971565,0.0,2.0,3.079230155075493,64.2303317535545,44.2303317535545,20.0,18.0,1.0,0,0,29,11,0.0,0.0,40.0
778,1,right_lane,adaptive,True,0.1,40,0,20.768957345971565,0.0,4.0,4.127550885081291,60.97939651911743,41.22939651911743,19.75,18.0,1.0,0,0,40,0,0.0,1.0,39.0
779,1,right_lane,adaptive,True,0.1,40,0,20.393957345971565,0.5,20.5,6.313900738954544,59.87839717648496,40.62839717648496,19.25,18.0,1.0,0,0,40,0,1.0,1.0,38.0
780,1,right_lane,adaptive,True,0.1,40,0,21.518957345971565,0.0,2.0,3.708126829759294,62.43033175355451,42.430331753554505,20.0,18.0,1.0,0,0,36,4,0.0,0.0,40.0
781,1,right_lane,adaptive,True,0.1,40,0,20.393957345971565,0.5,12.5,5.586115017533302,59.87839717648496,40.62839717648496,19.25,18.0,1.0,0,0,40,0,1.0,1.0,38.0
782,1,right_lane,adaptive,True,0.1,40,0,20.268957345971565,0.0,16.5,5.053527362644672,60.430331753554505,40.430331753554505,20.0,18.0,1.0,0,0,40,0,0.0,0.0,40.0
783,1,right_lane,adaptive,True,0.1,40,0,21.643957345971565,0.0,1.0,3.780969339550893,62.379398329686104,42.629398329686104,19.75,18.0,1.0,0,0,38,2,0.0,1.0,39.0
784,1,right_lane,adaptive,True,0.1,13,1,26.21215659754951,0.5,1.0,1.1536102093923546,22.730321430725745,16.230321430725745,6.5,18.0,1.0,0,0,7,6,0.0,0.0,13.0
785,1,right_lane,adaptive,True,0.1,40,0,22.643957345971565,4.0,13.0,8.664212987228893,61.72704254558659,44.22704254558659,17.5,18.0,1.0,0,0,37,3,3.0,4.0,33.0
786,1,right_lane,adaptive,True,0.1,40,0,22.143957345971565,0.5,6.5,5.054729205921376,62.678399108860894,43.4283991088609,19.25,18.0,1.0,0,0,38,2,1.0,1.0,38.0
787,1,right_lane,adaptive,True,0.1,40,0,21.518957345971558,0.0,0.5,1.9330359717569081,62.430331753554505,42.43033175355449,20.0,18.0,1.0,0,0,21,19,0.0,0.0,40.0
788,1,right_lane,adaptive,True,0.1,40,0,21.518957260126378,0.5,8.0,5.284353507446895,61.67839703913267,42.428397039132655,19.25,18.0,1.0,0,0,36,4,1.0,1.0,38.0
789,1,right_lane,adaptive,True,0.1,40,0,20.893957345971565,0.5,11.0,6.369318927638233,60.678398404340776,41.428398404340776,19.25,18.0,1.0,0,0,39,1,1.0,1.0,38.0
790,1,right_lane,adaptive,True,0.1,40,0,21.12532874938229,0.0,3.0,3.651389706879854,61.80052599901166,41.80052599901167,20.0,18.0,1.0,0,0,39,1,0.0,0.0,40.0
791,1,right_lane,adaptive,True,0.1,40,0,21.01895733317816,0.5,5.5,5.021353542804718,60.87839838257448,41.628398382574495,19.25,18.0,1.0,0,0,40,0,1.0,1.0,38.0
792,1,right_lane,adaptive,True,0.1,40,0,22.643957345967713,0.0,2.0,3.4654235557700304,64.23033175354833,44.23033175354834,20.0,18.0,1.0,0,0,37,3,0.0,0.0,40.0
793,1,right_lane,adaptive,True,0.1,40,0,21.875043292099726,2.0,8.0,5.866179149857089,62.00006664100498,43.00006664100498,19.0,18.0,1.0,0,0,38,2,0.0,4.0,36.0
794,1,right_lane,adaptive,True,0.1,40,0,22.893914804623023,0.0,1.5,3.8781439271906493,64.37932960158415,44.62932960158415,19.75,18.0,1.0,0,0,32,8,0.0,1.0,39.0
795,1,right_lane,adaptive,True,0.1,40,0,21.768957345971565,0.0,13.5,4.4660050718302955,62.579397667741155,42.82939766774115,19.75,18.0,1.0,0,0,36,4,0.0,1.0,39.0
796,1,right_lane,adaptive,True,0.1,40,0,20.62532874938229,0.5,18.0,6.548763759434223,60.24859142194212,40.99859142194212,19.25,18.0,1.0,0,0,40,0,1.0,1.0,38.0
797,1,right_lane,adaptive,True,0.1,40,0,22.268957345971565,5.0,7.0,8.427356098512973,61.38033175355449,43.63033175355451,17.75,18.0,1.0,0,0,30,10,0.0,9.0,31.0
798,1,right_lane,adaptive,True,0.1,40,0,20.393957345971565,0.5,4.5,5.274156577885151,59.87839717648496,40.62839717648496,19.25,18.0,1.0,0,0,40,0,1.0,1.0,38.0
799,1,right_lane,adaptive,True,0.1,16,1,21.922393364854578,0.0,2.0,1.2001830028693803,25.230331753506935,17.23033175350693,8.0,18.0,1.0,0,0,12,4,0.0,0.0,16.0
800,1,right_lane,adaptive,True,0.1,40,0,21.768957345971565,0.0,13.5,4.698275785363876,62.579397668430744,42.82939766843073,19.75,18.0,1.0,0,0,38,2,0.0,1.0,39.0
801,1,right_lane,adaptive,True,0.1,40,0,21.51895734597155,2.0,9.0,6.059247620636597,61.429623144726776,42.42962314472678,19.0,18.0,1.0,0,0,38,2,0.0,4.0,36.0
802,1,right_lane,adaptive,True,0.1,40,0,22.268957345971565,0.0,1.0,3.1666349309325597,63.3793983296861,43.6293983296861,19.75,18.0,1.0,0,0,32,8,0.0,1.0,39.0
803,1,right_lane,adaptive,True,0.1,40,0,22.018957345971565,0.5,2.0,4.126578126106324,62.47839910886089,43.2283991088609,19.25,18.0,1.0,0,0,32,8,1.0,1.0,38.0
804,1,right_lane,adaptive,True,0.1,40,0,20.643956694081282,0.0,11.5,5.0508429035544395,60.779396623496,41.029396623496,19.75,18.0,1.0,0,0,40,0,0.0,1.0,39.0
805,1,right_lane,adaptive,True,0.1,40,0,22.518957345971565,0.5,1.0,4.066404927781605,63.2783991088609,44.0283991088609,19.25,18.0,1.0,0,0,36,4,1.0,1.0,38.0
806,1,right_lane,adaptive,True,0.1,40,0,21.268957345749705,2.0,7.5,5.063812525602771,60.528704608560844,42.02870460856085,18.5,18.0,1.0,0,0,17,23,1.0,4.0,35.0
807,1,right_lane,adaptive,True,0.1,40,0,23.018957345971565,0.0,2.0,3.003471383054375,64.8303317535545,44.83033175355451,20.0,18.0,1.0,0,0,33,7,0.0,0.0,40.0
808,1,right_lane,adaptive,True,0.1,21,1,21.464680658993444,0.5,2.5,2.7525979578495026,32.479397667741154,22.229397667741146,10.25,18.0,1.0,0,0,21,0,0.0,1.0,20.0
809,1,right_lane,adaptive,True,0.1,40,0,20.393957345971565,0.5,9.5,5.643069423735142,59.87839717648496,40.62839717648496,19.25,18.0,1.0,0,0,40,0,1.0,1.0,38.0
810,1,right_lane,adaptive,True,0.1,40,0,20.64395239570556,0.5,12.5,5.677846185863018,60.27838925605936,41.028389256059356,19.25,18.0,1.0,0,0,40,0,1.0,1.0,38.0
811,1,right_lane,adaptive,True,0.1,25,1,20.630331753554504,1.0,12.5,5.792004570364952,37.37839717648496,25.62839717648496,11.75,18.0,1.0,0,0,25,0,1.0,1.0,23.0
812,1,right_lane,adaptive,True,0.1,40,0,20.643957345971565,0.5,3.5,4.6541095304746705,60.278397176484944,41.02839717648495,19.25,18.0,1.0,0,0,31,9,1.0,1.0,38.0
813,1,right_lane,adaptive,True,0.1,40,0,22.768957345971565,7.0,6.5,10.41948230993512,60.927999929010404,44.42799992901041,16.5,18.0,1.0,0,0,33,7,4.0,6.0,30.0
814,1,right_lane,adaptive,True,0.1,40,0,20.768957345971565,0.0,0.5,4.290030017495155,60.979397667741154,41.22939766774115,19.75,18.0,1.0,0,0,40,0,0.0,1.0,39.0
815,1,right_lane,adaptive,True,0.1,40,0,21.143957345971565,0.0,9.5,3.8729025040033775,61.83033175355449,41.8303317535545,20.0,18.0,1.0,0,0,37,3,0.0,0.0,40.0
816,1,right_lane,adaptive,True,0.1,40,0,20.643957345971565,2.5,18.0,7.711555004119873,59.27805714339965,41.02805714339964,18.25,18.0,1.0,0,0,40,0,1.0,5.0,34.0
817,1,right_lane,adaptive,True,0.1,40,0,21.393957345971565,0.5,16.5,5.41322421122095,61.478398404340766,42.22839840434077,19.25,18.0,1.0,0,0,35,5,1.0,1.0,38.0
818,1,right_lane,adaptive,True,0.1,40,0,20.518957345971565,3.5,14.5,8.745099999010563,59.08032808364847,40.83032808364846,18.25,18.0,1.0,0,0,37,3,0.0,7.0,33.0
819,1,right_lane,adaptive,True,0.1,40,0,22.643956608239495,0.0,4.5,3.536009521913911,64.23033057318318,44.23033057318319,20.0,18.0,1.0,0,0,33,7,0.0,0.0,40.0
820,1,right_lane,adaptive,True,0.1,40,0,20.643957345971565,4.5,3.5,8.157530365511775,59.0303317535545,41.0303317535545,18.0,18.0,1.0,0,0,39,1,0.0,8.0,32.0
821,1,right_lane,adaptive,True,0.1,40,0,22.127490089432097,0.0,2.0,3.04329952786793,63.153050057278676,43.403050057278676,19.75,18.0,1.0,0,0,27,13,0.0,1.0,39.0
822,1,right_lane,adaptive,True,0.1,40,0,21.268957345971565,0.0,6.0,4.5266741754018085,61.7793983296861,42.02939832968611,19.75,18.0,1.0,0,0,38,2,0.0,1.0,39.0
823,1,right_lane,adaptive,True,0.1,40,0,20.393957345971565,0.5,9.0,5.6509061977267265,59.87839717648496,40.62839717648496,19.25,18.0,1.0,0,0,40,0,1.0,1.0,38.0
824,1,right_lane,adaptive,True,0.1,40,0,21.018957345971565,3.5,2.0,6.597553383558989,59.88033039805862,41.63033039805862,18.25,18.0,1.0,0,0,40,0,0.0,7.0,33.0
825,1,right_lane,adaptive,True,0.1,40,0,23.768957345971565,2.0,10.0,6.311554033435641,64.77654371729162,46.02654371729162,18.75,18.0,1.0,0,0,34,6,1.0,3.0,36.0
826,1,right_lane,adaptive,True,0.1,40,0,23.122875600860247,0.0,6.0,3.9514064820878048,64.745667537508,44.99566753750799,19.75,18.0,1.0,0,0,34,6,0.0,1.0,39.0
827,1,right_lane,adaptive,True,0.1,40,0,20.518957345971565,3.0,20.0,9.071817874908447,59.07932960822832,40.82932960822833,18.25,18.0,1.0,0,0,40,0,0.0,7.0,33.0
828,1,right_lane,adaptive,True,0.1,40,0,22.143957345971565,0.0,4.5,3.6862513618282264,63.4303317535545,43.43033175355451,20.0,18.0,1.0,0,0,36,4,0.0,0.0,40.0
829,1,right_lane,adaptive,True,0.1,40,0,21.518957345971565,0.5,2.0,4.788204380166917,61.678399108860894,42.428399108860894,19.25,18.0,1.0,0,0,39,1,1.0,1.0,38.0
830,1,right_lane,adaptive,True,0.1,17,1,24.162250583695105,1.5,3.5,3.318002706065272,27.828703468171945,19.828703468171945,8.0,18.0,1.0,0,0,13,4,0.0,2.0,15.0
831,1,right_lane,adaptive,True,0.1,40,0,22.50032313249975,0.5,5.5,4.869789122240036,63.24858243493007,43.99858243493007,19.25,18.0,1.0,0,0,35,5,1.0,1.0,38.0
832,1,right_lane,adaptive,True,0.1,40,0,21.393957345971565,0.0,9.5,4.910073828626082,61.9793983296861,42.2293983296861,19.75,18.0,1.0,0,0,35,5,0.0,1.0,39.0
833,1,right_lane,adaptive,True,0.1,40,0,22.518957345971565,0.0,1.0,3.2336696120910347,64.0303317535545,44.0303317535545,20.0,18.0,1.0,0,0,36,4,0.0,0.0,40.0
834,1,right_lane,adaptive,True,0.1,40,0,20.643957345971565,2.0,15.0,7.3078152015805244,59.77899324740505,41.02899324740504,18.75,18.0,1.0,0,0,40,0,0.0,5.0,35.0
835,1,right_lane,adaptive,True,0.1,40,0,20.893957345971565,0.0,5.0,4.067670100993382,61.430331753554505,41.430331753554505,20.0,18.0,1.0,0,0,37,3,0.0,0.0,40.0
836,1,right_lane,adaptive,True,0.1,40,0,22.018957345971565,0.0,5.0,4.127578176935913,63.2303317535545,43.2303317535545,20.0,18.0,1.0,0,0,34,6,0.0,0.0,40.0
837,1,right_lane,adaptive,True,0.1,40,0,21.643957345971486,2.0,7.0,6.379986552607079,61.12770413461927,42.62770413461928,18.5,18.0,1.0,0,0,34,6,1.0,4.0,35.0
838,1,right_lane,adaptive,True,0.1,40,0,22.518957345971565,0.0,0.0,2.1396797364257054,64.0303317535545,44.030331753554506,20.0,18.0,1.0,0,0,32,8,0.0,0.0,40.0
839,1,right_lane,adaptive,True,0.1,40,0,22.518957345971565,0.0,1.5,3.851315632671117,63.779398329686124,44.029398329686124,19.75,18.0,1.0,0,0,36,4,0.0,1.0,39.0
840,1,right_lane,adaptive,True,0.1,40,0,20.643957345971565,0.0,6.5,3.939795548965776,60.77939766774115,41.02939766774115,19.75,18.0,1.0,0,0,29,11,0.0,1.0,39.0
841,1,right_lane,adaptive,True,0.1,40,0,21.893957345971565,2.0,3.0,5.173639263750374,62.02939533960689,43.02939533960689,19.0,18.0,1.0,0,0,33,7,0.0,4.0,36.0
842,1,right_lane,adaptive,True,0.1,40,0,21.268629347340514,0.0,0.0,3.3329680811148137,61.77887286993146,42.02887286993147,19.75,18.0,1.0,0,0,36,4,0.0,1.0,39.0
843,1,right_lane,adaptive,True,0.1,40,0,22.393957345971565,3.5,2.5,7.796159610152245,61.5786901601943,43.828690160194306,17.75,18.0,1.0,0,0,40,0,1.0,7.0,32.0
844,1,right_lane,adaptive,True,0.1,40,0,22.768957345942347,0.0,8.0,3.770669747164675,64.43033175350776,44.43033175350776,20.0,18.0,1.0,0,0,35,5,0.0,0.0,40.0
845,1,right_lane,adaptive,True,0.1,40,0,20.143957345971565,0.0,20.0,7.710475832223892,60.23033175355451,40.2303317535545,20.0,18.0,1.0,0,0,40,0,0.0,0.0,40.0
846,1,right_lane,adaptive,True,0.1,33,1,23.507827086026136,0.0,3.5,1.5505875346755147,54.1303317535545,37.6303317535545,16.5,18.0,1.0,0,0,13,20,0.0,0.0,33.0
847,1,right_lane,adaptive,True,0.1,40,0,21.518957345971565,0.0,2.5,3.5813116464178165,62.17939832968612,42.4293983296861,19.75,18.0,1.0,0,0,39,1,0.0,1.0,39.0
848,1,right_lane,adaptive,True,0.1,40,0,20.518957345971565,0.5,18.5,7.008952587842941,60.07839840304393,40.828398403043934,19.25,18.0,1.0,0,0,39,1,1.0,1.0,38.0
849,1,right_lane,adaptive,True,0.1,40,0,21.393957345971565,0.0,15.5,4.263126495628967,62.230331753554495,42.2303317535545,20.0,18.0,1.0,0,0,36,4,0.0,0.0,40.0
850,1,right_lane,adaptive,True,0.1,40,0,20.518957345971565,6.5,18.0,13.663523137569427,57.32939766616741,40.8293976661674,16.5,18.0,1.0,0,0,40,0,0.0,14.0,26.0
851,1,right_lane,adaptive,True,0.1,40,0,21.50249644062177,0.0,5.0,3.9281320698501077,62.15306021796077,42.40306021796077,19.75,18.0,1.0,0,0,38,2,0.0,1.0,39.0
852,1,right_lane,adaptive,True,0.1,40,0,21.143957345971565,4.0,5.0,7.717606648802757,59.82939832968609,41.8293983296861,18.0,18.0,1.0,0,0,40,0,0.0,8.0,32.0
853,1,right_lane,adaptive,True,0.1,40,0,21.393957345971565,0.0,8.0,4.68260122492984,61.979398329686106,42.2293983296861,19.75,18.0,1.0,0,0,38,2,0.0,1.0,39.0
854,1,right_lane,adaptive,True,0.1,40,0,20.518957345775522,0.0,7.5,4.620119586586952,60.57939766620678,40.82939766620678,19.75,18.0,1.0,0,0,40,0,0.0,1.0,39.0
855,1,right_lane,adaptive,True,0.1,40,0,21.268957345971565,3.0,13.5,8.796671234071255,60.02869115241789,42.02869115241789,18.0,18.0,1.0,0,0,40,0,1.0,6.0,33.0
856,1,right_lane,adaptive,True,0.1,40,0,20.518957345971565,0.5,1.0,4.834893252700567,60.07839840304393,40.828398403043934,19.25,18.0,1.0,0,0,40,0,1.0,1.0,38.0
857,1,right_lane,adaptive,True,0.1,40,0,20.393957345971565,0.0,10.5,5.565458983182907,60.37939766652045,40.62939766652045,19.75,18.0,1.0,0,0,40,0,0.0,1.0,39.0
858,1,right_lane,adaptive,True,0.1,40,0,23.018957345971565,0.0,0.5,2.734500519438825,64.57939766774115,44.829397667741155,19.75,18.0,1.0,0,0,30,10,0.0,1.0,39.0
859,1,right_lane,adaptive,True,0.1,40,0,20.64395733317816,0.0,4.5,4.612530037760735,60.779397646051,41.029397646051,19.75,18.0,1.0,0,0,40,0,0.0,1.0,39.0
860,1,right_lane,adaptive,True,0.1,40,0,22.393957345971565,0.0,7.0,2.68899561962553,63.830331753554496,43.8303317535545,20.0,18.0,1.0,0,0,22,18,0.0,0.0,40.0
861,1,right_lane,adaptive,True,0.1,40,0,22.018957345971565,0.0,0.0,2.4813162068518295,63.2303317535545,43.23033175355451,20.0,18.0,1.0,0,0,37,3,0.0,0.0,40.0
862,1,right_lane,adaptive,True,0.1,40,0,21.768957345971565,0.0,5.0,4.288759848342579,62.830331753554496,42.8303317535545,20.0,18.0,1.0,0,0,37,3,0.0,0.0,40.0
863,1,right_lane,adaptive,True,0.1,40,0,22.0189573442532,2.0,10.0,7.244328218618648,61.97868877964317,43.228688779643186,18.75,18.0,1.0,0,0,37,3,0.0,5.0,35.0
864,1,right_lane,adaptive,True,0.1,40,0,20.608867844032495,0.0,5.5,4.279739560901362,60.72325331159926,40.97325331159925,19.75,18.0,1.0,0,0,38,2,0.0,1.0,39.0
865,1,right_lane,adaptive,True,0.1,40,0,21.143957345937995,1.5,13.0,6.742454864084721,60.82870339601287,41.82870339601287,19.0,18.0,1.0,0,0,40,0,0.0,4.0,36.0
866,1,right_lane,adaptive,True,0.1,40,0,23.893957345971565,0.0,0.5,1.9539885537196824,66.23033175355452,46.23033175355451,20.0,18.0,1.0,0,0,15,25,0.0,0.0,40.0
867,1,right_lane,adaptive,True,0.1,40,0,21.268957345971565,0.5,2.5,4.690314614683302,61.27839718118254,42.02839718118254,19.25,18.0,1.0,0,0,38,2,1.0,1.0,38.0
868,1,right_lane,adaptive,True,0.1,40,0,22.26895723434353,0.0,7.0,3.6635283775476637,63.63033157494965,43.63033157494965,20.0,18.0,1.0,0,0,36,4,0.0,0.0,40.0
869,1,right_lane,adaptive,True,0.1,40,0,22.643957345971565,0.0,13.5,4.387683217789345,64.23033175355451,44.230331753554495,20.0,18.0,1.0,0,0,36,4,0.0,0.0,40.0
870,1,right_lane,adaptive,True,0.1,40,0,25.76895734597155,8.0,5.0,12.424757337663323,64.97796746015622,49.22796746015623,15.75,18.0,1.0,0,0,35,5,0.0,17.0,23.0
871,1,right_lane,adaptive,True,0.1,40,0,21.643957345971554,3.0,8.0,6.905405524550588,60.62747699090648,42.627476990906494,18.0,18.0,1.0,0,0,26,14,2.0,4.0,34.0
872,1,right_lane,adaptive,True,0.1,25,1,21.230331753554506,0.5,9.0,3.189283479237929,38.7303317535545,26.23033175355451,12.5,18.0,1.0,0,0,22,3,0.0,0.0,25.0
873,1,right_lane,adaptive,True,0.1,40,0,22.018957345971565,0.0,0.0,2.8847331409676826,63.23033175355448,43.23033175355449,20.0,18.0,1.0,0,0,35,5,0.0,0.0,40.0
874,1,right_lane,adaptive,True,0.1,40,0,22.643957345971565,0.0,0.0,2.8883084628532742,64.23033175355451,44.230331753554495,20.0,18.0,1.0,0,0,34,6,0.0,0.0,40.0
875,1,right_lane,adaptive,True,0.1,40,0,21.768957345971565,0.0,2.5,4.014537621357022,62.8303317535545,42.83033175355451,20.0,18.0,1.0,0,0,37,3,0.0,0.0,40.0
876,1,right_lane,adaptive,True,0.1,40,0,21.393957345971565,0.0,0.5,2.5057745610829443,62.2303317535545,42.2303317535545,20.0,18.0,1.0,0,0,34,6,0.0,0.0,40.0
877,1,right_lane,adaptive,True,0.1,26,1,20.60608822457164,0.5,13.0,4.794811904430389,39.37939766652045,26.629397666520447,12.75,18.0,1.0,0,0,26,0,0.0,1.0,25.0
878,1,right_lane,adaptive,True,0.1,40,0,21.393957345971565,0.0,0.5,1.8601730909967955,61.979398329686106,42.2293983296861,19.75,18.0,1.0,0,0,15,25,0.0,1.0,39.0
879,1,right_lane,adaptive,True,0.1,40,0,22.018914066891014,0.5,0.5,4.704007165506482,62.47832986233202,43.22832986233202,19.25,18.0,1.0,0,0,39,1,1.0,1.0,38.0
880,1,right_lane,adaptive,True,0.1,40,0,23.268957345971565,0.0,1.5,3.0526784278399646,65.23033175355451,45.23033175355451,20.0,18.0,1.0,0,0,35,5,0.0,0.0,40.0
881,1,right_lane,adaptive,True,0.1,40,0,21.393957345971565,0.0,11.5,3.054688564621756,62.230331753554495,42.230331753554495,20.0,18.0,1.0,0,0,24,16,0.0,0.0,40.0
882,1,right_lane,adaptive,True,0.1,40,0,21.393957345971554,4.0,13.5,9.610429383814335,60.228296627599114,42.22829662759912,18.0,18.0,1.0,0,0,40,0,0.0,8.0,32.0
883,1,right_lane,adaptive,True,0.1,40,0,21.268957345971565,2.5,9.0,6.034871559586463,60.52839717648503,42.02839717648503,18.5,18.0,1.0,0,0,19,21,1.0,4.0,35.0
884,1,right_lane,adaptive,True,0.1,40,0,21.768957345971565,0.0,2.0,2.8179749770247327,62.8303317535545,42.830331753554496,20.0,18.0,1.0,0,0,30,10,0.0,0.0,40.0
885,1,right_lane,adaptive,True,0.1,5,1,22.151312430974706,0.5,1.0,1.1737642288208008,7.679327247342335,5.429327247342335,2.25,18.0,1.0,0,0,5,0,0.0,1.0,4.0
886,1,right_lane,adaptive,True,0.1,40,0,20.643957345971565,0.5,2.0,4.527368102222681,60.2783984043395,41.0283984043395,19.25,18.0,1.0,0,0,39,1,1.0,1.0,38.0
887,1,right_lane,adaptive,True,0.1,40,0,21.518957345971565,0.5,7.0,4.685693829186903,61.67839910886089,42.428399108860894,19.25,18.0,1.0,0,0,37,3,1.0,1.0,38.0
888,1,right_lane,adaptive,True,0.1,40,0,21.768957345971565,0.5,0.0,3.855232580403026,62.078398404340774,42.82839840434077,19.25,18.0,1.0,0,0,38,2,1.0,1.0,38.0
889,1,right_lane,adaptive,True,0.1,40,0,23.643957345971565,0.0,1.0,2.740838494910605,65.8303317535545,45.8303317535545,20.0,18.0,1.0,0,0,31,9,0.0,0.0,40.0
890,1,right_lane,adaptive,True,0.1,40,0,21.393957345971497,0.5,2.5,4.762666663095388,61.478397176503144,42.22839717650316,19.25,18.0,1.0,0,0,37,3,1.0,1.0,38.0
891,1,right_lane,adaptive,True,0.1,40,0,23.26895734594234,0.0,3.5,3.0453537089024394,65.23033175350776,45.230331753507755,20.0,18.0,1.0,0,0,31,9,0.0,0.0,40.0
892,1,right_lane,adaptive,True,0.1,40,0,20.768957345971565,0.0,0.0,3.170781511813402,60.979397667741154,41.22939766774115,19.75,18.0,1.0,0,0,40,0,0.0,1.0,39.0
893,1,right_lane,adaptive,True,0.1,40,0,20.518957345971565,0.0,0.0,3.6635347679257393,60.8303317535545,40.8303317535545,20.0,18.0,1.0,0,0,40,0,0.0,0.0,40.0
894,1,right_lane,adaptive,True,0.1,40,0,22.5189523954837,0.0,1.5,3.2714227715616744,64.03032383277392,44.030323832773924,20.0,18.0,1.0,0,0,34,6,0.0,0.0,40.0
895,1,right_lane,adaptive,True,0.1,40,0,20.768957345971565,0.0,11.5,4.813409432768822,61.23033175355451,41.2303317535545,20.0,18.0,1.0,0,0,40,0,0.0,0.0,40.0
896,1,right_lane,adaptive,True,0.1,40,0,22.997552552495204,5.5,8.5,10.022755528931157,61.54305340305933,44.79305340305934,16.75,18.0,1.0,0,0,38,2,4.0,5.0,31.0
897,1,right_lane,adaptive,True,0.1,40,0,21.643957345945747,3.0,4.5,7.779678583145142,60.62805507332426,42.62805507332427,18.0,18.0,1.0,0,0,40,0,1.0,6.0,33.0
898,1,right_lane,adaptive,True,0.1,40,0,22.01891406689101,0.0,1.0,3.637979940409423,62.979328421212266,43.229328421212266,19.75,18.0,1.0,0,0,35,5,0.0,1.0,39.0
899,1,right_lane,adaptive,True,0.1,40,1,21.268957345971565,12.5,16.0,18.59025863527495,55.77839840428777,42.02839840428777,13.75,18.0,1.0,0,0,37,3,1.0,23.0,16.0
900,1,right_lane,adaptive,True,0.1,40,0,22.268957345942347,0.0,7.5,4.299871534109116,63.63033175350775,43.63033175350775,20.0,18.0,1.0,0,0,39,1,0.0,0.0,40.0
901,1,right_lane,adaptive,True,0.1,40,0,21.643957332922735,0.0,13.5,4.569749831332274,62.379397645642335,42.62939764564233,19.75,18.0,1.0,0,0,38,2,0.0,1.0,39.0
902,1,right_lane,adaptive,True,0.1,40,0,22.00000009866492,8.5,12.0,13.101939617837388,58.44715100271394,43.19715100271393,15.25,18.0,1.0,0,0,27,13,1.0,17.0,22.0
903,1,right_lane,adaptive,True,0.1,40,0,22.518957345971565,0.0,0.0,1.3403208963441102,64.0303317535545,44.030331753554506,20.0,18.0,1.0,0,0,6,34,0.0,0.0,40.0
904,1,right_lane,adaptive,True,0.1,40,0,21.893957345971565,0.0,0.5,4.011009012408067,62.77939766843072,43.02939766843071,19.75,18.0,1.0,0,0,37,3,0.0,1.0,39.0
905,1,right_lane,adaptive,True,0.1,40,0,21.14395734596765,0.5,6.0,5.212492056190968,61.07839840303767,41.82839840303767,19.25,18.0,1.0,0,0,40,0,1.0,1.0,38.0
906,1,right_lane,adaptive,True,0.1,40,0,21.518957345971565,0.0,10.0,4.110758180069752,62.17939766774114,42.429397667741135,19.75,18.0,1.0,0,0,28,12,0.0,1.0,39.0
907,1,right_lane,adaptive,True,0.1,40,0,21.018957345971057,0.0,14.0,4.7024377435445786,61.379397667740335,41.62939766774032,19.75,18.0,1.0,0,0,39,1,0.0,1.0,39.0
908,1,right_lane,adaptive,True,0.1,40,0,20.643957345971565,0.0,1.0,4.087489880621433,61.030331753554506,41.030331753554506,20.0,18.0,1.0,0,0,40,0,0.0,0.0,40.0
909,1,right_lane,adaptive,True,0.1,40,0,20.893957345971558,0.0,1.0,3.3104712679050863,61.43033175355448,41.43033175355448,20.0,18.0,1.0,0,0,32,8,0.0,0.0,40.0
910,1,right_lane,adaptive,True,0.1,40,0,22.393957345971565,0.0,0.5,3.3058112060571148,63.57939832968612,43.82939832968612,19.75,18.0,1.0,0,0,35,5,0.0,1.0,39.0
911,1,right_lane,adaptive,True,0.1,40,0,20.518957345971565,0.0,16.5,5.54139568656683,60.8303317535545,40.8303317535545,20.0,18.0,1.0,0,0,40,0,0.0,0.0,40.0
912,1,right_lane,adaptive,True,0.1,40,0,21.143957345971565,0.0,0.0,1.9801028428482823,61.830331753554496,41.830331753554496,20.0,18.0,1.0,0,0,28,12,0.0,0.0,40.0
913,1,right_lane,adaptive,True,0.1,40,0,20.768957345971565,0.5,13.5,5.2488319063504605,60.47839840434077,41.22839840434077,19.25,18.0,1.0,0,0,29,11,1.0,1.0,38.0
914,1,right_lane,adaptive,True,0.1,40,0,21.39395724713693,0.0,4.0,3.9818484596908092,61.979398171550685,42.22939817155069,19.75,18.0,1.0,0,0,40,0,0.0,1.0,39.0
915,1,right_lane,adaptive,True,0.1,40,0,21.143957345971565,0.0,3.0,4.000444048281224,61.579397666520435,41.82939766652044,19.75,18.0,1.0,0,0,38,2,0.0,1.0,39.0
916,1,right_lane,adaptive,True,0.1,40,0,22.518628695453636,0.0,14.5,4.896727468983727,63.778872488857424,44.02887248885743,19.75,18.0,1.0,0,0,36,4,0.0,1.0,39.0
917,1,right_lane,adaptive,True,0.1,40,0,20.393957345971565,8.5,19.0,15.641646578907967,55.87839717648496,40.62839717648496,15.25,18.0,1.0,0,0,40,0,1.0,17.0,22.0
918,1,right_lane,adaptive,True,0.1,40,0,22.01895733273105,3.0,1.5,5.676525119788494,61.478444908154344,43.22844490815435,18.25,18.0,1.0,0,0,21,19,0.0,7.0,33.0
919,1,right_lane,adaptive,True,0.1,40,0,21.143957345971565,2.0,2.0,5.689623065292835,60.3280554258726,41.8280554258726,18.5,18.0,1.0,0,0,40,0,1.0,4.0,35.0
920,1,right_lane,adaptive,True,0.1,37,1,21.642116049698988,1.0,13.0,6.287050030834507,57.178399108860894,39.428399108860894,17.75,18.0,1.0,0,0,35,2,1.0,1.0,35.0
921,1,right_lane,adaptive,True,0.1,26,1,21.183011301494716,0.5,1.0,2.271416850948299,39.47839840434077,27.228398404340773,12.25,18.0,1.0,0,0,12,14,1.0,1.0,24.0
922,1,right_lane,adaptive,True,0.1,40,0,20.393957345971565,0.5,20.0,8.40849494934082,59.87839717648496,40.62839717648496,19.25,18.0,1.0,0,0,40,0,1.0,1.0,38.0
923,1,right_lane,adaptive,True,0.1,40,0,20.893957345971565,0.0,2.5,4.480248905718327,61.179398329686094,41.4293983296861,19.75,18.0,1.0,0,0,40,0,0.0,1.0,39.0
924,1,right_lane,adaptive,True,0.1,40,0,22.999995049763726,0.0,1.0,2.81377444951454,64.79999207962197,44.799992079621966,20.0,18.0,1.0,0,0,35,5,0.0,0.0,40.0
925,1,right_lane,adaptive,True,0.1,18,1,20.875460768825693,1.0,8.0,4.472700551152229,26.87839717648496,18.62839717648496,8.25,18.0,1.0,0,0,18,0,1.0,1.0,16.0
926,1,right_lane,adaptive,True,0.1,40,0,21.266504197449517,2.5,13.0,7.583912919649265,60.77546885072631,42.02546885072631,18.75,18.0,1.0,0,0,37,3,0.0,5.0,35.0
927,1,right_lane,adaptive,True,0.1,40,0,21.393957345971508,0.5,3.0,4.991804028759361,61.478399108860806,42.228399108860806,19.25,18.0,1.0,0,0,38,2,1.0,1.0,38.0
928,1,right_lane,adaptive,True,0.1,40,0,20.768957345971565,1.5,14.0,6.93838407844305,60.228461134400554,41.22846113440056,19.0,18.0,1.0,0,0,40,0,0.0,4.0,36.0
929,1,right_lane,adaptive,True,0.1,40,0,22.141138607735993,0.5,2.0,4.644768567406572,62.67388842316386,43.423888423163866,19.25,18.0,1.0,0,0,35,5,1.0,1.0,38.0
930,1,right_lane,adaptive,True,0.1,40,0,20.518957345971565,0.5,5.0,5.6547747533768415,60.07839840304393,40.828398403043934,19.25,18.0,1.0,0,0,39,1,1.0,1.0,38.0
931,1,right_lane,adaptive,True,0.1,40,0,20.893957345971565,0.5,1.5,4.995291791856289,60.678398404340776,41.428398404340776,19.25,18.0,1.0,0,0,39,1,1.0,1.0,38.0
932,1,right_lane,adaptive,True,0.1,40,0,21.89395733298212,0.0,8.0,4.1497916440303015,62.77939649391866,43.029396493918654,19.75,18.0,1.0,0,0,37,3,0.0,1.0,39.0
933,1,right_lane,adaptive,True,0.1,40,0,21.143957345971565,0.0,1.5,1.8771792550905957,61.83033175355449,41.830331753554496,20.0,18.0,1.0,0,0,20,20,0.0,0.0,40.0
934,1,right_lane,adaptive,True,0.1,40,0,20.393957345971565,5.0,11.0,11.126845970749855,57.62839717648496,40.62839717648496,17.0,18.0,1.0,0,0,40,0,1.0,10.0,29.0
935,1,right_lane,adaptive,True,0.1,40,0,21.268957345971565,0.0,5.0,4.498496360403806,62.030331753554506,42.030331753554506,20.0,18.0,1.0,0,0,38,2,0.0,0.0,40.0
936,1,right_lane,adaptive,True,0.1,40,0,21.268957345971565,0.5,10.0,4.4994714097538235,61.27839840434078,42.02839840434078,19.25,18.0,1.0,0,0,22,18,1.0,1.0,38.0
937,1,right_lane,adaptive,True,0.1,40,0,22.268957345971565,0.0,0.0,2.247841822794385,63.63033175355451,43.63033175355451,20.0,18.0,1.0,0,0,36,4,0.0,0.0,40.0
938,1,right_lane,adaptive,True,0.1,40,0,20.393957345971565,0.5,9.0,5.626353561878204,59.87839717648496,40.62839717648496,19.25,18.0,1.0,0,0,40,0,1.0,1.0,38.0
939,1,right_lane,adaptive,True,0.1,40,0,20.643957345971565,0.0,13.0,4.7826928108988795,60.77939766774115,41.02939766774115,19.75,18.0,1.0,0,0,38,2,0.0,1.0,39.0
940,1,right_lane,adaptive,True,0.1,40,0,21.893957345971554,0.0,0.0,3.621958719100803,62.77939766774113,43.02939766774113,19.75,18.0,1.0,0,0,36,4,0.0,1.0,39.0
941,1,right_lane,adaptive,True,0.1,40,0,21.893957345971558,0.0,3.5,3.1493405182077367,62.7793983296861,43.02939832968609,19.75,18.0,1.0,0,0,31,9,0.0,1.0,39.0
942,1,right_lane,adaptive,True,0.1,40,0,21.643957345971565,0.5,7.5,4.98141830379609,61.87839840434078,42.628398404340786,19.25,18.0,1.0,0,0,35,5,1.0,1.0,38.0
943,1,right_lane,adaptive,True,0.1,40,0,21.268957345937928,0.0,0.5,3.891228523949394,61.77939651464796,42.02939651464794,19.75,18.0,1.0,0,0,37,3,0.0,1.0,39.0
944,1,right_lane,adaptive,True,0.1,28,1,21.991367637102233,0.5,11.0,4.455563412355332,43.9793983296861,30.2293983296861,13.75,18.0,1.0,0,0,24,4,0.0,1.0,27.0
945,1,right_lane,adaptive,True,0.1,40,0,22.250043292099726,0.5,1.5,4.674017745305491,62.84813591887836,43.59813591887836,19.25,18.0,1.0,0,0,37,3,1.0,1.0,38.0
946,1,right_lane,adaptive,True,0.1,40,0,20.518957345971565,0.5,5.5,5.080058924020705,60.07839840304393,40.828398403043934,19.25,18.0,1.0,0,0,34,6,1.0,1.0,38.0
947,1,right_lane,adaptive,True,0.1,40,0,21.643957345971565,1.5,7.0,6.56832799710719,61.87963748309983,42.62963748309982,19.25,18.0,1.0,0,0,38,2,0.0,3.0,37.0
948,1,right_lane,adaptive,True,0.1,40,0,21.518957345971565,0.0,15.5,4.527188436186407,62.4303317535545,42.430331753554505,20.0,18.0,1.0,0,0,36,4,0.0,0.0,40.0
949,1,right_lane,adaptive,True,0.1,40,0,20.893957345971565,0.0,6.0,4.235514987260103,61.17939651470177,41.42939651470177,19.75,18.0,1.0,0,0,39,1,0.0,1.0,39.0
950,1,right_lane,adaptive,True,0.1,40,0,21.26895734596714,2.5,16.5,8.320295111519954,60.27793260953616,42.02793260953616,18.25,18.0,1.0,0,0,38,2,1.0,5.0,34.0
951,1,right_lane,adaptive,True,0.1,40,0,20.768957345971565,0.0,0.5,3.935469374060631,60.979397667741154,41.22939766774115,19.75,18.0,1.0,0,0,40,0,0.0,1.0,39.0
952,1,right_lane,adaptive,True,0.1,40,0,24.643957345971565,0.0,9.5,3.6292493321224697,67.43033175355448,47.4303317535545,20.0,18.0,1.0,0,0,26,14,0.0,0.0,40.0
953,1,right_lane,adaptive,True,0.1,40,0,21.768957345971565,0.0,12.5,3.957020953313531,62.8303317535545,42.83033175355451,20.0,18.0,1.0,0,0,32,8,0.0,0.0,40.0
954,1,right_lane,adaptive,True,0.1,40,0,22.768957345971565,0.0,0.0,2.600201298245338,64.43033175355451,44.43033175355451,20.0,18.0,1.0,0,0,34,6,0.0,0.0,40.0
955,1,right_lane,adaptive,True,0.1,40,0,21.518957345971565,0.0,9.0,4.116440211117151,62.430331753554505,42.4303317535545,20.0,18.0,1.0,0,0,31,9,0.0,0.0,40.0
956,1,right_lane,adaptive,True,0.1,40,0,22.39395239570555,1.5,7.5,5.243401493586134,63.07844084509741,43.828440845097404,19.25,18.0,1.0,0,0,37,3,0.0,3.0,37.0
957,1,right_lane,adaptive,True,0.1,8,1,21.969782976101605,0.5,3.5,1.6411422789096832,12.630330552352513,8.630330552352515,4.0,18.0,1.0,0,0,8,0,0.0,0.0,8.0
958,1,right_lane,adaptive,True,0.1,40,0,22.643957345971565,7.5,8.5,12.16117026164386,60.22839840507329,44.22839840507329,16.0,18.0,1.0,0,0,31,9,1.0,14.0,25.0
959,1,right_lane,adaptive,True,0.1,40,0,22.643957345971565,0.0,10.0,3.473214506729164,64.2303317535545,44.230331753554495,20.0,18.0,1.0,0,0,32,8,0.0,0.0,40.0
960,1,right_lane,adaptive,True,0.1,40,0,20.768957345971565,0.0,1.0,4.075017215684056,60.97939651470177,41.22939651470176,19.75,18.0,1.0,0,0,38,2,0.0,1.0,39.0
961,1,right_lane,adaptive,True,0.1,40,0,21.393957345971565,0.5,0.5,2.317218534155927,61.47839840434077,42.22839840434077,19.25,18.0,1.0,0,0,12,28,1.0,1.0,38.0
962,1,right_lane,adaptive,True,0.1,40,0,21.643957345971565,0.0,14.5,4.836982286244165,62.63033175355452,42.63033175355451,20.0,18.0,1.0,0,0,37,3,0.0,0.0,40.0
963,1,right_lane,adaptive,True,0.1,31,1,21.637364317382662,0.5,11.5,5.180120561217564,48.2793983296861,33.02939832968611,15.25,18.0,1.0,0,0,30,1,0.0,1.0,30.0
964,1,right_lane,adaptive,True,0.1,40,0,24.268957345971565,0.0,10.0,3.7974894938911348,66.57939832968611,46.8293983296861,19.75,18.0,1.0,0,0,29,11,0.0,1.0,39.0
965,1,right_lane,adaptive,True,0.1,40,0,24.143914152736198,0.5,2.0,3.9070585054246294,65.87832929516419,46.6283292951642,19.25,18.0,1.0,0,0,28,12,1.0,1.0,38.0
966,1,right_lane,adaptive,True,0.1,40,0,22.018957345971565,0.0,12.0,4.2833982160318556,62.979398329686106,43.2293983296861,19.75,18.0,1.0,0,0,36,4,0.0,1.0,39.0
967,1,right_lane,adaptive,True,0.1,40,0,22.24972024373468,0.0,8.0,3.4346016926474476,63.59955238997549,43.599552389975486,20.0,18.0,1.0,0,0,31,9,0.0,0.0,40.0
968,1,right_lane,adaptive,True,0.1,40,0,23.000328749382287,0.0,3.5,3.3914235168397227,64.80052599901165,44.80052599901167,20.0,18.0,1.0,0,0,36,4,0.0,0.0,40.0
969,1,right_lane,adaptive,True,0.1,24,1,22.114928909902957,1.0,9.0,4.248956790543161,37.278398402996274,26.02839840299627,11.25,18.0,1.0,0,0,20,4,1.0,1.0,22.0
970,1,right_lane,adaptive,True,0.1,40,0,20.768957345971565,0.0,1.0,3.7567025423049927,61.2303317535545,41.23033175355451,20.0,18.0,1.0,0,0,40,0,0.0,0.0,40.0
971,1,right_lane,adaptive,True,0.1,40,0,22.64395174381868,4.0,2.0,6.841209833448374,61.728680256517286,44.228680256517286,17.5,18.0,1.0,0,0,23,17,1.0,8.0,31.0
972,1,right_lane,adaptive,True,0.1,40,0,21.143957345971565,0.0,5.0,4.212072990834713,61.57939766774182,41.82939766774183,19.75,18.0,1.0,0,0,40,0,0.0,1.0,39.0
973,1,right_lane,adaptive,True,0.1,15,1,24.38388621663466,0.0,0.5,0.9649599279327958,24.879398306112396,17.629398306112396,7.25,18.0,1.0,0,0,4,11,0.0,1.0,14.0
974,1,right_lane,adaptive,True,0.1,40,0,22.39395733466634,3.5,12.5,8.343375038331487,61.82713762889879,43.82713762889879,18.0,18.0,1.0,0,0,37,3,0.0,8.0,32.0
975,1,right_lane,adaptive,True,0.1,40,0,20.893957345971565,0.0,3.0,3.15721407905221,61.4303317535545,41.430331753554505,20.0,18.0,1.0,0,0,40,0,0.0,0.0,40.0
976,1,right_lane,adaptive,True,0.1,40,0,21.518957345971565,0.0,1.0,2.685194408266625,62.430331753554505,42.43033175355451,20.0,18.0,1.0,0,0,36,4,0.0,0.0,40.0
977,1,right_lane,adaptive,True,0.1,40,0,21.393957345971565,7.5,4.0,11.928405727329164,58.229398329686106,42.2293983296861,16.0,18.0,1.0,0,0,38,2,0.0,16.0,24.0
978,1,right_lane,adaptive,True,0.1,40,0,24.518628583603743,0.0,2.5,3.2187910655266023,67.22980573376599,47.229805733765986,20.0,18.0,1.0,0,0,33,7,0.0,0.0,40.0
979,1,right_lane,adaptive,True,0.1,40,0,21.643951560823588,4.5,17.5,11.218273386359215,59.87609194279056,42.62609194279055,17.25,18.0,1.0,0,0,40,0,1.0,9.0,30.0
980,1,right_lane,adaptive,True,0.1,40,0,21.268957345971565,5.0,10.5,9.302609232893246,59.5303215896451,42.030321589645105,17.5,18.0,1.0,0,0,36,4,2.0,6.0,32.0
981,1,right_lane,adaptive,True,0.1,40,0,20.89395734572049,0.5,12.5,5.719200774012734,60.678397176083244,41.428397176083244,19.25,18.0,1.0,0,0,39,1,1.0,1.0,38.0
982,1,right_lane,adaptive,True,0.1,40,0,23.516789654732076,0.0,0.0,2.8738806947385456,65.3759300237029,45.62593002370292,19.75,18.0,1.0,0,0,31,9,0.0,1.0,39.0
983,1,right_lane,adaptive,True,0.1,40,0,20.268957345971565,0.0,13.5,4.596065238118172,60.430331753554505,40.430331753554505,20.0,18.0,1.0,0,0,40,0,0.0,0.0,40.0
984,1,right_lane,adaptive,True,0.1,40,0,21.122875600860247,0.0,4.5,3.7762283245633625,61.54566687556304,41.79566687556304,19.75,18.0,1.0,0,0,38,2,0.0,1.0,39.0
985,1,right_lane,adaptive,True,0.1,40,0,22.018957345971565,0.0,5.5,4.113574953757507,62.9793983296861,43.2293983296861,19.75,18.0,1.0,0,0,37,3,0.0,1.0,39.0
986,1,right_lane,adaptive,True,0.1,40,0,21.39395733298212,0.0,5.0,4.0110235176980495,61.979396493918635,42.22939649391864,19.75,18.0,1.0,0,0,36,4,0.0,1.0,39.0
987,1,right_lane,adaptive,True,0.1,21,1,20.512299706612502,0.5,4.5,3.346906393766403,31.679396514701764,21.429396514701757,10.25,18.0,1.0,0,0,21,0,0.0,1.0,20.0
988,1,right_lane,adaptive,True,0.1,40,0,21.143957345971565,0.0,4.0,4.108074608789593,61.57939832968609,41.82939832968609,19.75,18.0,1.0,0,0,39,1,0.0,1.0,39.0
989,1,right_lane,adaptive,True,0.1,40,0,20.64391480462308,2.5,9.0,7.54990017414093,59.77981224981304,41.02981224981304,18.75,18.0,1.0,0,0,40,0,0.0,5.0,35.0
990,1,right_lane,adaptive,True,0.1,40,0,21.01646660636704,0.0,2.5,4.476786725223064,61.375412483153205,41.62541248315321,19.75,18.0,1.0,0,0,40,0,0.0,1.0,39.0
991,1,right_lane,adaptive,True,0.1,40,0,22.018957345970982,3.0,6.0,7.439719490706921,61.4775514974555,43.22755149745551,18.25,18.0,1.0,0,0,40,0,0.0,7.0,33.0
992,1,right_lane,adaptive,True,0.1,40,0,20.393957345971565,0.0,18.5,5.045670971274376,60.37939766652045,40.62939766652045,19.75,18.0,1.0,0,0,40,0,0.0,1.0,39.0
993,1,right_lane,adaptive,True,0.1,40,0,22.018957344482867,0.5,6.5,4.941550945366544,62.47839910647898,43.228399106478975,19.25,18.0,1.0,0,0,37,3,1.0,1.0,38.0
994,1,right_lane,adaptive,True,0.1,40,0,21.108867844032495,2.0,3.5,5.695881403982639,60.77325183988143,41.773251839881425,19.0,18.0,1.0,0,0,40,0,0.0,4.0,36.0
995,1,right_lane,adaptive,True,0.1,40,0,22.016461656101036,4.5,6.0,8.941271126270294,60.723540665242794,43.223540665242794,17.5,18.0,1.0,0,0,40,0,0.0,10.0,30.0
996,1,right_lane,adaptive,True,0.1,40,0,21.768914152736198,0.0,1.5,3.37955505711534,62.57932922050953,42.82932922050952,19.75,18.0,1.0,0,0,35,5,0.0,1.0,39.0
997,1,right_lane,adaptive,True,0.1,40,0,21.518957345971565,0.0,3.0,4.306307400519472,62.179397667741824,42.42939766774183,19.75,18.0,1.0,0,0,38,2,0.0,1.0,39.0
998,1,right_lane,adaptive,True,0.1,40,0,21.143957345971565,2.0,14.0,8.733018830418587,60.327702903649126,41.827702903649126,18.5,18.0,1.0,0,0,40,0,1.0,4.0,35.0
999,1,right_lane,adaptive,True,0.1,40,0,21.018957345971565,1.5,8.0,5.496241953613207,61.13033175355449,41.63033175355451,19.5,18.0,1.0,0,0,38,2,0.0,2.0,38.0
