episode_id,policy_freq,profile,method,filter,value,episode_length,collision,mean_speed,total_cost,total_avoided_cost,total_expected_cost,total_reward,total_basic_reward,total_added_reward,mean_iterations_to_converge,convergence_rate,outcome_unchanged_count,outcome_naively_augmented_count,outcome_rcps_augmented_count,outcome_projection_count,lane_0_time,lane_1_time,lane_2_time
0,1,right_lane,adaptive,True,0.01,40,0,24.018957345971565,13.5,0.5,15.843418136239052,59.17837714353314,46.42837714353314,12.75,18.0,1.0,0,0,40,0,14.0,1.0,25.0
1,1,right_lane,adaptive,True,0.01,40,0,22.39391909147172,0.0,0.5,3.272515425167512,63.5793364593207,43.8293364593207,19.75,18.0,1.0,0,0,38,2,0.0,1.0,39.0
2,1,right_lane,adaptive,True,0.01,40,0,21.75000000171446,12.0,8.5,15.19663779065013,56.79806555624906,42.79806555624905,14.0,18.0,1.0,0,0,40,0,9.0,6.0,25.0
3,1,right_lane,adaptive,True,0.01,40,0,21.643957345971565,0.0,9.5,3.9092843963126143,62.63033175355449,42.63033175355449,20.0,18.0,1.0,0,0,39,1,0.0,0.0,40.0
4,1,right_lane,adaptive,True,0.01,40,0,22.518957345971565,4.5,4.0,7.642569724805071,61.529625233278466,44.02962523327846,17.5,18.0,1.0,0,0,37,3,0.0,10.0,30.0
5,1,right_lane,adaptive,True,0.01,40,0,22.018957345971565,7.5,1.5,10.262963276356459,58.97852852511265,43.22852852511265,15.75,18.0,1.0,0,0,40,0,8.0,1.0,31.0
6,1,right_lane,adaptive,True,0.01,40,0,23.891466606367043,13.5,6.5,15.820063366554677,59.473118644005204,46.223118644005204,13.25,18.0,1.0,0,0,40,0,11.0,5.0,24.0
7,1,right_lane,adaptive,True,0.01,40,0,23.8939572487886,12.0,2.0,14.439832973301236,59.72797396337965,46.227973963379654,13.5,18.0,1.0,0,0,39,1,9.0,8.0,23.0
8,1,right_lane,adaptive,True,0.01,40,0,20.893957345971565,0.0,12.5,4.6425478011369705,61.4303317535545,41.43033175355451,20.0,18.0,1.0,0,0,40,0,0.0,0.0,40.0
9,1,right_lane,adaptive,True,0.01,40,0,22.143957344031854,2.0,1.0,5.791644845623523,62.17937898202733,43.42937898202733,18.75,18.0,1.0,0,0,40,0,0.0,5.0,35.0
10,1,right_lane,adaptive,True,0.01,40,0,22.39395726012593,0.0,7.0,3.6006728055084523,63.830331616201484,43.83033161620149,20.0,18.0,1.0,0,0,37,3,0.0,0.0,40.0
11,1,right_lane,adaptive,True,0.01,40,0,24.51895164495438,19.0,2.0,19.59750804871669,58.225944294282954,47.22594429428296,11.0,18.0,1.0,0,0,37,3,15.0,6.0,19.0
12,1,right_lane,adaptive,True,0.01,40,0,21.356377104427974,0.5,2.0,4.315519545335974,61.41827001786976,42.16827001786976,19.25,18.0,1.0,0,0,38,2,1.0,1.0,38.0
13,1,right_lane,adaptive,True,0.01,40,0,21.518957345971565,9.5,4.5,12.507387768477201,57.678635560395435,42.428635560395435,15.25,18.0,1.0,0,0,40,0,8.0,3.0,29.0
14,1,right_lane,adaptive,True,0.01,40,0,20.393957345971565,0.0,16.5,4.863426066935062,60.37939766652045,40.62939766652045,19.75,18.0,1.0,0,0,40,0,0.0,1.0,39.0
15,1,right_lane,adaptive,True,0.01,40,0,22.643957345971565,7.0,0.5,10.137984038810828,60.227019823652256,44.22701982365226,16.0,18.0,1.0,0,0,36,4,7.0,2.0,31.0
16,1,right_lane,adaptive,True,0.01,40,0,22.893957345971057,1.0,6.0,4.685153045305924,63.87848127095703,44.628481270957025,19.25,18.0,1.0,0,0,38,2,0.0,3.0,37.0
17,1,right_lane,adaptive,True,0.01,40,0,22.51895723602826,4.5,7.0,7.759486088351878,61.78032779298605,44.03032779298605,17.75,18.0,1.0,0,0,36,4,0.0,9.0,31.0
18,1,right_lane,adaptive,True,0.01,40,0,21.018957345971565,0.5,11.0,5.369916092604399,60.87839840507327,41.62839840507326,19.25,18.0,1.0,0,0,40,0,1.0,1.0,38.0
19,1,right_lane,adaptive,True,0.01,40,0,22.143957345971565,11.5,7.0,14.472398482263088,57.42704365534002,43.42704365534002,14.0,18.0,1.0,0,0,40,0,10.0,4.0,26.0
20,1,right_lane,adaptive,True,0.01,40,0,21.268957345971565,5.5,4.5,9.599307402968407,59.025975276627456,42.02597527662746,17.0,18.0,1.0,0,0,40,0,4.0,4.0,32.0
21,1,right_lane,adaptive,True,0.01,40,0,20.893957345971565,0.0,4.0,4.365846265107393,61.17939832963656,41.42939832963656,19.75,18.0,1.0,0,0,40,0,0.0,1.0,39.0
22,1,right_lane,adaptive,True,0.01,40,0,21.393957345971565,10.5,8.5,13.944191344082355,56.72962925521216,42.22962925521216,14.5,18.0,1.0,0,0,40,0,9.0,4.0,27.0
23,1,right_lane,adaptive,True,0.01,40,0,21.268957345971565,3.0,11.0,8.069123037159443,60.02746056245117,42.02746056245116,18.0,18.0,1.0,0,0,40,0,1.0,6.0,33.0
24,1,right_lane,adaptive,True,0.01,40,0,21.768957345971565,8.5,1.5,11.600204221904278,58.57689873556467,42.826898735564676,15.75,18.0,1.0,0,0,40,0,7.0,3.0,30.0
25,1,right_lane,adaptive,True,0.01,40,0,22.268957345971565,5.0,3.5,8.20537388221237,61.1266288829787,43.62662888297869,17.5,18.0,1.0,0,0,39,1,1.0,8.0,31.0
26,1,right_lane,adaptive,True,0.01,40,0,22.73137140341124,6.5,1.5,8.597903392899752,61.11739181014762,44.367391810147616,16.75,18.0,1.0,0,0,35,5,3.0,7.0,30.0
27,1,right_lane,adaptive,True,0.01,40,0,22.768957345971565,12.0,3.0,14.970262572169304,57.92889371077206,44.428893710772066,13.5,18.0,1.0,0,0,40,0,9.0,8.0,23.0
28,1,right_lane,adaptive,True,0.01,40,0,22.893957345971565,9.0,7.5,11.767842362711235,59.87660505575528,44.62660505575528,15.25,18.0,1.0,0,0,37,3,7.0,5.0,28.0
29,1,right_lane,adaptive,True,0.01,40,0,23.643957345971565,0.5,1.0,3.6928942788126733,65.57893676170251,45.828936761702515,19.75,18.0,1.0,0,0,33,7,0.0,1.0,39.0
30,1,right_lane,adaptive,True,0.01,40,0,20.76895734597105,0.0,0.5,4.109722673892975,61.230331753553685,41.230331753553685,20.0,18.0,1.0,0,0,40,0,0.0,0.0,40.0
31,1,right_lane,adaptive,True,0.01,40,0,24.266504184652195,0.0,3.5,2.9327611251324015,66.8264066954435,46.82640669544351,20.0,18.0,1.0,0,0,37,3,0.0,0.0,40.0
32,1,right_lane,adaptive,True,0.01,40,0,22.643957345971565,7.0,8.0,10.677456453908235,60.22701982365226,44.22701982365226,16.0,18.0,1.0,0,0,39,1,7.0,2.0,31.0
33,1,right_lane,adaptive,True,0.01,40,0,21.018957345971565,0.0,0.5,3.108307134360075,61.379397667741145,41.629397667741145,19.75,18.0,1.0,0,0,40,0,0.0,1.0,39.0
34,1,right_lane,adaptive,True,0.01,40,0,21.518957345971565,2.5,4.0,5.9807333323551575,60.9273496823512,42.42734968235119,18.5,18.0,1.0,0,0,38,2,0.0,6.0,34.0
35,1,right_lane,adaptive,True,0.01,40,0,22.393957247332974,5.5,2.5,8.957928216084838,60.578893558123355,43.828893558123355,16.75,18.0,1.0,0,0,40,0,6.0,1.0,33.0
36,1,right_lane,adaptive,True,0.01,40,0,23.518957345971565,27.0,6.5,27.483763322120126,52.37539363036321,45.62539363036321,6.75,18.0,1.0,0,0,39,1,20.0,13.0,7.0
37,1,right_lane,adaptive,True,0.01,40,0,21.268957345971565,4.5,4.5,8.945387065410614,59.27828016617177,42.02828016617177,17.25,18.0,1.0,0,0,40,0,4.0,3.0,33.0
38,1,right_lane,adaptive,True,0.01,40,0,21.393957345971565,2.0,9.5,6.124868139624596,61.22937986089895,42.229379860898945,19.0,18.0,1.0,0,0,40,0,0.0,4.0,36.0
39,1,right_lane,adaptive,True,0.01,40,0,23.768957345971565,12.5,2.0,14.274792861193419,59.27711434929673,46.02711434929674,13.25,18.0,1.0,0,0,40,0,10.0,7.0,23.0
40,1,right_lane,adaptive,True,0.01,40,0,25.018957345971565,11.5,4.5,14.008959872182459,62.275628300973075,48.025628300973075,14.25,18.0,1.0,0,0,39,1,8.0,7.0,25.0
41,1,right_lane,adaptive,True,0.01,40,0,21.268957345971565,0.0,9.5,4.2884408459067345,62.0303317535545,42.0303317535545,20.0,18.0,1.0,0,0,40,0,0.0,0.0,40.0
42,1,right_lane,adaptive,True,0.01,40,0,21.893957345971565,3.5,3.0,6.762707022813629,61.02757773466029,43.027577734660284,18.0,18.0,1.0,0,0,39,1,1.0,6.0,33.0
43,1,right_lane,adaptive,True,0.01,40,0,21.018956608239495,0.0,0.0,3.2594313248991966,61.6303305731832,41.630330573183194,20.0,18.0,1.0,0,0,40,0,0.0,0.0,40.0
44,1,right_lane,adaptive,True,0.01,40,0,21.25249644062177,5.0,6.0,8.752949547255412,59.50399168135238,42.00399168135238,17.5,18.0,1.0,0,0,39,1,0.0,10.0,30.0
45,1,right_lane,adaptive,True,0.01,40,0,25.018951646446915,4.5,5.5,7.43063166310003,65.52681023568101,48.02681023568101,17.5,18.0,1.0,0,0,27,13,0.0,10.0,30.0
46,1,right_lane,adaptive,True,0.01,40,0,24.39395165603718,0.5,2.0,3.4744448789710987,66.52799423448629,47.02799423448627,19.5,18.0,1.0,0,0,34,6,0.0,2.0,38.0
47,1,right_lane,adaptive,True,0.01,40,0,21.393957260126378,0.0,0.0,3.4589388454642176,62.23033161620221,42.23033161620221,20.0,18.0,1.0,0,0,38,2,0.0,0.0,40.0
48,1,right_lane,adaptive,True,0.01,40,0,21.893957247136935,0.0,3.5,4.068759017422735,62.779398171550675,43.02939817155068,19.75,18.0,1.0,0,0,39,1,0.0,1.0,39.0
49,1,right_lane,adaptive,True,0.01,40,0,21.268957345971565,0.0,0.5,3.6539949948200956,62.0303317535545,42.0303317535545,20.0,18.0,1.0,0,0,38,2,0.0,0.0,40.0
50,1,right_lane,adaptive,True,0.01,40,0,22.768957345971565,5.5,11.0,9.21608936699613,61.427517143178655,44.42751714317864,17.0,18.0,1.0,0,0,37,3,0.0,12.0,28.0
51,1,right_lane,adaptive,True,0.01,40,0,20.768957345971565,2.0,3.0,5.355476358905435,60.48033175355451,41.2303317535545,19.25,18.0,1.0,0,0,40,0,0.0,3.0,37.0
52,1,right_lane,adaptive,True,0.01,40,0,21.018957345971565,0.5,13.0,5.366053430426291,60.87839840434149,41.628398404341496,19.25,18.0,1.0,0,0,39,1,1.0,1.0,38.0
53,1,right_lane,adaptive,True,0.01,40,0,24.768957345971565,2.0,7.0,5.157301115473842,66.37597318394783,47.625973183947835,18.75,18.0,1.0,0,0,34,6,0.0,5.0,35.0
54,1,right_lane,adaptive,True,0.01,40,0,23.518957344286836,0.0,4.5,2.4698895032630617,65.63033175085893,45.63033175085893,20.0,18.0,1.0,0,0,26,14,0.0,0.0,40.0
55,1,right_lane,adaptive,True,0.01,40,0,22.393957345971565,7.5,0.5,9.886230947449803,59.57867051207677,43.82867051207676,15.75,18.0,1.0,0,0,36,4,7.0,3.0,30.0
56,1,right_lane,adaptive,True,0.01,40,0,23.768908367588224,8.0,7.0,11.160674230924997,61.77885117724556,46.02885117724556,15.75,18.0,1.0,0,0,38,2,0.0,17.0,23.0
57,1,right_lane,adaptive,True,0.01,40,0,23.143957345971565,0.0,0.5,3.214598555041448,65.0303317535545,45.0303317535545,20.0,18.0,1.0,0,0,35,5,0.0,0.0,40.0
58,1,right_lane,adaptive,True,0.01,40,0,22.002453161537314,3.5,7.5,6.242119543780518,61.70300928443432,43.20300928443432,18.5,18.0,1.0,0,0,34,6,0.0,6.0,34.0
59,1,right_lane,adaptive,True,0.01,40,0,22.143957345971565,39.0,0.5,38.48958820104599,43.928671456394476,43.428671456394476,0.5,18.0,1.0,0,0,40,0,38.0,2.0,0.0
60,1,right_lane,adaptive,True,0.01,40,0,21.018957345971565,4.0,12.5,8.689561216575385,59.629397667741145,41.629397667741145,18.0,18.0,1.0,0,0,38,2,0.0,8.0,32.0
61,1,right_lane,adaptive,True,0.01,40,0,21.893957345971565,0.0,5.0,4.117657462214538,62.7793983296861,43.02939832968611,19.75,18.0,1.0,0,0,39,1,0.0,1.0,39.0
62,1,right_lane,adaptive,True,0.01,40,0,21.143957345971565,4.5,0.5,7.4855354353785515,59.57652823084368,41.826528230843685,17.75,18.0,1.0,0,0,40,0,3.0,3.0,34.0
63,1,right_lane,adaptive,True,0.01,40,0,24.143957248821653,0.5,2.5,3.440054886828193,65.87839824890165,46.62839824890164,19.25,18.0,1.0,0,0,34,6,1.0,1.0,38.0
64,1,right_lane,adaptive,True,0.01,40,0,26.481086694939172,14.0,3.5,16.379684006426714,63.11230936734451,50.36230936734451,12.75,18.0,1.0,0,0,36,4,6.0,17.0,17.0
65,1,right_lane,adaptive,True,0.01,40,0,21.768957345971565,5.5,9.0,9.708501583758334,59.578474075766984,42.82847407576699,16.75,18.0,1.0,0,0,39,1,6.0,1.0,33.0
66,1,right_lane,adaptive,True,0.01,40,0,22.393957345971565,8.0,1.0,11.094254240393639,59.326982425939704,43.82698242593971,15.5,18.0,1.0,0,0,40,0,8.0,2.0,30.0
67,1,right_lane,adaptive,True,0.01,40,0,25.49750431035133,5.0,0.5,6.926212660451597,66.2934335342831,48.79343353428309,17.5,18.0,1.0,0,0,31,9,2.0,6.0,32.0
68,1,right_lane,adaptive,True,0.01,40,0,26.124956707900857,12.5,5.5,14.410200139722292,63.294953430066734,49.79495343006672,13.5,18.0,1.0,0,0,36,4,9.0,8.0,23.0
69,1,right_lane,adaptive,True,0.01,40,0,21.393957345967717,0.0,5.5,3.2864179481111933,61.97939766773497,42.22939766773498,19.75,18.0,1.0,0,0,34,6,0.0,1.0,39.0
70,1,right_lane,adaptive,True,0.01,40,0,21.268957345971565,0.5,8.5,5.147080939786974,61.27839910886089,42.02839910886089,19.25,18.0,1.0,0,0,39,1,1.0,1.0,38.0
71,1,right_lane,adaptive,True,0.01,40,0,22.143957345775522,0.5,7.5,4.8856404166072025,62.67839910854722,43.428399108547225,19.25,18.0,1.0,0,0,39,1,1.0,1.0,38.0
72,1,right_lane,adaptive,True,0.01,40,0,24.393951743818224,16.5,1.5,18.681675717467442,58.2762604336307,47.0262604336307,11.25,18.0,1.0,0,0,39,1,16.0,3.0,21.0
73,1,right_lane,adaptive,True,0.01,40,0,20.393957345971565,0.0,9.0,5.118664778769016,60.37939766652045,40.62939766652045,19.75,18.0,1.0,0,0,40,0,0.0,1.0,39.0
74,1,right_lane,adaptive,True,0.01,40,0,23.518957345971565,0.5,2.0,3.4688839740824733,64.8783991088609,45.628399108860904,19.25,18.0,1.0,0,0,34,6,1.0,1.0,38.0
75,1,right_lane,adaptive,True,0.01,40,0,22.393957345971565,3.0,1.5,6.615243014879525,61.82893022938036,43.82893022938036,18.0,18.0,1.0,0,0,40,0,2.0,4.0,34.0
76,1,right_lane,adaptive,True,0.01,40,0,23.018629347340514,3.0,2.0,5.950213289910607,63.07909881912183,44.82909881912183,18.25,18.0,1.0,0,0,35,5,0.0,7.0,33.0
77,1,right_lane,adaptive,True,0.01,40,0,20.393957345971565,0.0,13.0,5.253914147615433,60.37939766652045,40.62939766652045,19.75,18.0,1.0,0,0,40,0,0.0,1.0,39.0
78,1,right_lane,adaptive,True,0.01,40,0,28.24999990116537,20.5,2.5,21.846134466256444,62.4467007096969,53.1967007096969,9.25,18.0,1.0,0,0,37,3,18.0,7.0,15.0
79,1,right_lane,adaptive,True,0.01,40,0,23.85609164714541,11.0,0.5,13.58156004767443,60.16833033369847,46.168330333698464,14.0,18.0,1.0,0,0,37,3,11.0,2.0,27.0
80,1,right_lane,adaptive,True,0.01,40,0,20.268957345971565,0.0,18.5,4.88530720770359,60.430331753554505,40.430331753554505,20.0,18.0,1.0,0,0,40,0,0.0,0.0,40.0
81,1,right_lane,adaptive,True,0.01,40,0,21.893957345971494,3.0,5.0,7.337500236928463,61.02867098413031,43.0286709841303,18.0,18.0,1.0,0,0,40,0,3.0,2.0,35.0
82,1,right_lane,adaptive,True,0.01,40,0,23.893957345971113,14.0,2.0,15.944310432838392,59.227055519582514,46.22705551958252,13.0,18.0,1.0,0,0,39,1,12.0,4.0,24.0
83,1,right_lane,adaptive,True,0.01,40,0,22.143957345971565,8.5,8.0,12.047844760119915,58.92675418612278,43.42675418612277,15.5,18.0,1.0,0,0,40,0,6.0,6.0,28.0
84,1,right_lane,adaptive,True,0.01,40,0,24.018957345971565,0.5,0.0,3.728628341366857,65.6783991088609,46.428399108860894,19.25,18.0,1.0,0,0,38,2,1.0,1.0,38.0
85,1,right_lane,adaptive,True,0.01,40,0,22.393957345971565,4.5,9.0,7.950892948158753,61.32527822756868,43.825278227568674,17.5,18.0,1.0,0,0,37,3,1.0,8.0,31.0
86,1,right_lane,adaptive,True,0.01,40,0,22.518957345971565,0.0,4.0,3.2402991682224638,64.0303317535545,44.030331753554506,20.0,18.0,1.0,0,0,39,1,0.0,0.0,40.0
87,1,right_lane,adaptive,True,0.01,40,0,20.768957345971565,1.5,13.0,6.323116280138493,60.229397667741154,41.22939766774115,19.0,18.0,1.0,0,0,40,0,0.0,4.0,36.0
88,1,right_lane,adaptive,True,0.01,14,1,21.839878130702264,0.5,0.0,1.3421457782387733,22.03033175319327,15.030331753193268,7.0,18.0,1.0,0,0,14,0,0.0,0.0,14.0
89,1,right_lane,adaptive,True,0.01,40,0,21.018957345941836,5.0,15.0,9.781272791326046,58.8766021031138,41.6266021031138,17.25,18.0,1.0,0,0,40,0,2.0,7.0,31.0
90,1,right_lane,adaptive,True,0.01,40,0,24.643957345971565,0.0,0.0,2.6631371931534886,67.43033175355451,47.43033175355451,20.0,18.0,1.0,0,0,35,5,0.0,0.0,40.0
91,1,right_lane,adaptive,True,0.01,40,0,21.497832321779697,2.0,6.5,6.056051891735478,61.145191190723004,42.395191190723004,18.75,18.0,1.0,0,0,37,3,0.0,5.0,35.0
92,1,right_lane,adaptive,True,0.01,40,0,21.518957345971565,2.0,6.0,6.165179196745157,61.428448095128736,42.42844809512873,19.0,18.0,1.0,0,0,40,0,0.0,4.0,36.0
93,1,right_lane,adaptive,True,0.01,40,0,24.518957345971565,7.5,3.0,10.409519343224929,63.225798766858894,47.225798766858894,16.0,18.0,1.0,0,0,38,2,6.0,4.0,30.0
94,1,right_lane,adaptive,True,0.01,40,0,22.625000013019175,8.0,9.5,10.564561838822556,60.699078510003396,44.19907851000341,16.5,18.0,1.0,0,0,39,1,6.0,2.0,32.0
95,1,right_lane,adaptive,True,0.01,40,0,22.268957345971565,7.5,1.0,9.479286968708038,59.62572436154815,43.62572436154814,16.0,18.0,1.0,0,0,40,0,6.0,4.0,30.0
96,1,right_lane,adaptive,True,0.01,40,0,25.018957345971565,1.5,3.0,4.5902040272318345,67.02775865846154,48.02775865846152,19.0,18.0,1.0,0,0,34,6,0.0,4.0,36.0
97,1,right_lane,adaptive,True,0.01,40,0,23.893956693888583,2.5,1.5,5.482763233306287,64.72751135144154,46.22751135144154,18.5,18.0,1.0,0,0,35,5,0.0,6.0,34.0
98,1,right_lane,adaptive,True,0.01,40,0,21.893914066891014,2.0,4.5,5.355588232210721,61.7789219829011,43.0289219829011,18.75,18.0,1.0,0,0,35,5,0.0,5.0,35.0
99,1,right_lane,adaptive,True,0.01,40,0,23.518957345971565,5.0,6.0,8.145113118980134,62.87797851214771,45.6279785121477,17.25,18.0,1.0,0,0,34,6,2.0,7.0,31.0
100,1,right_lane,adaptive,True,0.01,40,0,21.268957345971565,0.5,4.0,4.665882742032409,61.27839840434149,42.028398404341495,19.25,18.0,1.0,0,0,40,0,1.0,1.0,38.0
101,1,right_lane,adaptive,True,0.01,40,0,22.393957345971554,3.0,9.5,6.332493500533019,62.32939155857462,43.82939155857463,18.5,18.0,1.0,0,0,38,2,0.0,6.0,34.0
102,1,right_lane,adaptive,True,0.01,40,0,23.393957345971565,14.5,1.0,16.70317443832755,57.67889399764544,45.42889399764544,12.25,18.0,1.0,0,0,40,0,15.0,1.0,24.0
103,1,right_lane,adaptive,True,0.01,40,0,22.393957345971565,0.5,1.5,4.263730388134718,63.329397668430715,43.829397668430715,19.5,18.0,1.0,0,0,40,0,0.0,2.0,38.0
104,1,right_lane,adaptive,True,0.01,40,0,20.268957345971565,0.0,3.0,4.031612992286682,60.430331753554505,40.430331753554505,20.0,18.0,1.0,0,0,40,0,0.0,0.0,40.0
105,1,right_lane,adaptive,True,0.01,40,0,24.143957345971565,9.0,1.5,12.024984143004986,61.62891547214511,46.62891547214511,15.0,18.0,1.0,0,0,38,2,9.0,2.0,29.0
106,1,right_lane,adaptive,True,0.01,40,0,23.75032874938229,16.0,0.0,17.807746719568968,57.49824329124548,45.99824329124548,11.5,18.0,1.0,0,0,40,0,16.0,2.0,22.0
107,1,right_lane,adaptive,True,0.01,40,0,21.893957345971565,0.5,1.0,1.6228839243658513,62.278399108860896,43.028399108860896,19.25,18.0,1.0,0,0,7,33,1.0,1.0,38.0
108,1,right_lane,adaptive,True,0.01,40,0,22.268957345971565,2.0,2.5,5.82034120463004,62.37868930349197,43.62868930349198,18.75,18.0,1.0,0,0,39,1,0.0,5.0,35.0
109,1,right_lane,adaptive,True,0.01,40,0,22.893957345971565,2.0,0.0,4.817658729294635,63.62963992101912,44.62963992101912,19.0,18.0,1.0,0,0,36,4,0.0,4.0,36.0
110,1,right_lane,adaptive,True,0.01,40,0,22.018957344482878,0.0,2.0,3.139088024199282,63.2303317511726,43.23033175117259,20.0,18.0,1.0,0,0,38,2,0.0,0.0,40.0
111,1,right_lane,adaptive,True,0.01,40,0,23.625043292099726,16.0,1.0,18.701435945928097,57.79678342080256,45.79678342080257,12.0,18.0,1.0,0,0,40,0,7.0,18.0,15.0
112,1,right_lane,adaptive,True,0.01,40,0,22.768957345971565,5.5,13.5,9.40110452517547,61.17891517481475,44.42891517481475,16.75,18.0,1.0,0,0,38,2,5.0,3.0,32.0
113,1,right_lane,adaptive,True,0.01,40,0,21.768957345971565,0.5,2.0,4.743742324179038,62.0783984050733,42.8283984050733,19.25,18.0,1.0,0,0,39,1,1.0,1.0,38.0
114,1,right_lane,adaptive,True,0.01,40,0,21.643957345971554,0.0,1.0,3.8131325356662273,62.630331753554486,42.630331753554486,20.0,18.0,1.0,0,0,40,0,0.0,0.0,40.0
115,1,right_lane,adaptive,True,0.01,40,0,21.893957345971565,1.0,5.0,4.963125698651083,62.02661382686473,43.02661382686473,19.0,18.0,1.0,0,0,39,1,1.0,2.0,37.0
116,1,right_lane,adaptive,True,0.01,40,0,25.87250926210993,18.5,4.5,19.806952682110932,59.887815025409346,49.387815025409346,10.5,18.0,1.0,0,0,35,5,11.0,16.0,13.0
117,1,right_lane,adaptive,True,0.01,40,0,21.143957345716583,0.0,7.5,3.7352229697207804,61.83033175314654,41.83033175314653,20.0,18.0,1.0,0,0,37,3,0.0,0.0,40.0
118,1,right_lane,adaptive,True,0.01,40,0,24.643957345749705,11.0,0.5,12.05875765845235,61.428915134170374,47.428915134170374,14.0,18.0,1.0,0,0,37,3,10.0,4.0,26.0
119,1,right_lane,adaptive,True,0.01,40,0,23.768957334666403,1.0,4.0,3.3748927951946825,65.77893880546131,46.02893880546131,19.75,18.0,1.0,0,0,38,2,0.0,1.0,39.0
120,1,right_lane,adaptive,True,0.01,40,0,21.39395734594184,0.0,0.0,3.801214980777331,61.97939766769359,42.22939766769358,19.75,18.0,1.0,0,0,37,3,0.0,1.0,39.0
121,1,right_lane,adaptive,True,0.01,40,0,21.893957345971565,3.0,3.0,6.435330466367304,61.277757454019984,43.027757454019984,18.25,18.0,1.0,0,0,40,0,0.0,7.0,33.0
122,1,right_lane,adaptive,True,0.01,40,0,21.143957345971565,0.0,2.0,2.8232170697301626,61.57939766774115,41.82939766774115,19.75,18.0,1.0,0,0,40,0,0.0,1.0,39.0
123,1,right_lane,adaptive,True,0.01,40,0,22.393957345971565,1.0,12.0,5.309629858474636,63.0793983296861,43.82939832968611,19.25,18.0,1.0,0,0,39,1,0.0,3.0,37.0
124,1,right_lane,adaptive,True,0.01,40,0,22.37500000171446,4.5,10.0,7.946987912814734,61.54621944716893,43.79621944716892,17.75,18.0,1.0,0,0,38,2,3.0,3.0,34.0
125,1,right_lane,adaptive,True,0.01,40,0,21.51895734422796,4.5,7.5,8.588124595582485,60.17937902251527,42.42937902251527,17.75,18.0,1.0,0,0,40,0,0.0,9.0,31.0
126,1,right_lane,adaptive,True,0.01,40,0,21.393957345971565,0.0,1.0,4.422642116653151,61.979398329686106,42.2293983296861,19.75,18.0,1.0,0,0,39,1,0.0,1.0,39.0
127,1,right_lane,adaptive,True,0.01,40,0,22.018957345971565,0.0,0.5,3.5283785246207344,63.2303317535545,43.2303317535545,20.0,18.0,1.0,0,0,37,3,0.0,0.0,40.0
128,1,right_lane,adaptive,True,0.01,40,0,22.393957345971565,11.0,2.0,14.266679011285305,58.32774356501263,43.82774356501263,14.5,18.0,1.0,0,0,40,0,7.0,8.0,25.0
129,1,right_lane,adaptive,True,0.01,40,0,22.268957345971565,16.5,0.0,16.15695424916339,55.88033175355449,43.630331753554486,12.25,18.0,1.0,0,0,36,4,15.0,1.0,24.0
130,1,right_lane,adaptive,True,0.01,40,0,21.268957345971565,0.0,1.0,3.8377806562359638,61.7793983296861,42.02939832968611,19.75,18.0,1.0,0,0,39,1,0.0,1.0,39.0
131,1,right_lane,adaptive,True,0.01,40,0,22.143957345971565,3.0,4.0,6.220613451811005,61.92793094193658,43.42793094193658,18.5,18.0,1.0,0,0,35,5,0.0,6.0,34.0
132,1,right_lane,adaptive,True,0.01,40,0,24.143957345971565,10.0,2.0,12.79579192946062,61.3772592817261,46.62725928172608,14.75,18.0,1.0,0,0,39,1,7.0,7.0,26.0
133,1,right_lane,adaptive,True,0.01,40,0,21.893957345971565,0.5,0.5,3.5546626221498627,62.778528698231504,43.02852869823152,19.75,18.0,1.0,0,0,38,2,0.0,1.0,39.0
134,1,right_lane,adaptive,True,0.01,40,0,21.018957345971565,9.0,1.0,11.658708568662405,56.62895120691477,41.62895120691477,15.0,18.0,1.0,0,0,40,0,9.0,2.0,29.0
135,1,right_lane,adaptive,True,0.01,40,0,21.018957345971565,0.0,3.0,4.072248887270689,61.63033175355451,41.63033175355451,20.0,18.0,1.0,0,0,40,0,0.0,0.0,40.0
136,1,right_lane,adaptive,True,0.01,40,0,22.518957345971565,5.0,4.0,8.97322266548872,61.27801737977786,44.02801737977786,17.25,18.0,1.0,0,0,40,0,0.0,11.0,29.0
137,1,right_lane,adaptive,True,0.01,40,0,22.768634282877322,0.0,3.0,3.4297151621394733,64.42981485260371,44.42981485260371,20.0,18.0,1.0,0,0,37,3,0.0,0.0,40.0
138,1,right_lane,adaptive,True,0.01,19,1,23.724120728351856,19.0,0.0,18.76635843515396,21.83033175354742,21.83033175354742,0.0,18.0,1.0,0,0,19,0,19.0,0.0,0.0
139,1,right_lane,adaptive,True,0.01,40,0,22.143957245618505,3.0,11.5,6.79449553953782,61.929377387192424,43.42937738719242,18.5,18.0,1.0,0,0,38,2,0.0,6.0,34.0
140,1,right_lane,adaptive,True,0.01,40,0,22.393957345971565,0.5,0.0,1.204713332661413,63.57893648969725,43.82893648969726,19.75,18.0,1.0,0,0,26,14,0.0,1.0,39.0
141,1,right_lane,adaptive,True,0.01,40,0,27.64395733123793,26.0,1.0,26.877360247075558,59.2256291363142,52.2256291363142,7.0,18.0,1.0,0,0,40,0,22.0,8.0,10.0
142,1,right_lane,adaptive,True,0.01,40,0,24.518957260126378,0.0,2.0,3.244672265812369,66.9793981923338,47.22939819233379,19.75,18.0,1.0,0,0,34,6,0.0,1.0,39.0
143,1,right_lane,adaptive,True,0.01,40,0,21.643957345971565,0.5,3.0,5.038240842978212,61.87839910886088,42.62839910886088,19.25,18.0,1.0,0,0,39,1,1.0,1.0,38.0
144,1,right_lane,adaptive,True,0.01,40,0,23.518957345971565,12.5,12.0,15.905546270310879,58.87836149909246,45.62836149909246,13.25,18.0,1.0,0,0,40,0,12.0,3.0,25.0
145,1,right_lane,adaptive,True,0.01,40,0,22.891455955083796,11.5,7.0,14.815702907879313,58.62351243417025,44.62351243417025,14.0,18.0,1.0,0,0,39,1,8.0,8.0,24.0
146,1,right_lane,adaptive,True,0.01,40,0,21.893957345716643,0.0,2.0,3.6445174207801756,62.779397667333264,43.029397667333264,19.75,18.0,1.0,0,0,38,2,0.0,1.0,39.0
147,1,right_lane,adaptive,True,0.01,40,0,21.14395734597155,0.0,0.5,3.3741016561307333,61.579397666520435,41.82939766652043,19.75,18.0,1.0,0,0,39,1,0.0,1.0,39.0
148,1,right_lane,adaptive,True,0.01,40,0,23.268956694081282,1.5,0.5,4.803076222379332,63.97839806583645,45.22839806583646,18.75,18.0,1.0,0,0,36,4,2.0,1.0,37.0
149,1,right_lane,adaptive,True,0.01,40,0,23.018957345971565,7.5,0.5,10.535495638847351,60.578915141870795,44.8289151418708,15.75,18.0,1.0,0,0,40,0,7.0,3.0,30.0
150,1,right_lane,adaptive,True,0.01,40,0,20.768957345971565,0.0,2.5,4.198606808717159,61.2303317535545,41.23033175355451,20.0,18.0,1.0,0,0,39,1,0.0,0.0,40.0
151,1,right_lane,adaptive,True,0.01,40,0,23.393957345971565,11.0,5.5,13.757256697860953,60.17798333084472,45.42798333084471,14.75,18.0,1.0,0,0,39,1,3.0,15.0,22.0
152,1,right_lane,adaptive,True,0.01,40,0,22.87504329209972,4.0,11.0,7.612383464631648,62.59600545236644,44.596005452366434,18.0,18.0,1.0,0,0,36,4,0.0,8.0,32.0
153,1,right_lane,adaptive,True,0.01,40,0,22.768957345971565,0.5,5.0,4.386991170245892,63.6783991088609,44.42839910886089,19.25,18.0,1.0,0,0,37,3,1.0,1.0,38.0
154,1,right_lane,adaptive,True,0.01,40,0,23.731043405005448,16.0,5.0,18.789675019681454,57.71554237998401,45.96554237998401,11.75,18.0,1.0,0,0,40,0,12.0,9.0,19.0
155,1,right_lane,adaptive,True,0.01,40,0,22.6439573329529,7.5,7.5,10.149813500245273,60.727754375692086,44.227754375692086,16.5,18.0,1.0,0,0,38,2,0.0,14.0,26.0
156,1,right_lane,adaptive,True,0.01,40,0,22.018957345971565,6.0,5.0,9.786149488325464,59.977586556781034,43.22758655678104,16.75,18.0,1.0,0,0,37,3,4.0,5.0,31.0
157,1,right_lane,adaptive,True,0.01,40,0,23.268957345971565,8.5,5.5,11.457141889000923,60.72628950437157,45.22628950437157,15.5,18.0,1.0,0,0,38,2,7.0,4.0,29.0
158,1,right_lane,adaptive,True,0.01,40,0,23.143957345971565,15.0,9.0,17.83466836065054,57.02867241886478,45.02867241886477,12.0,18.0,1.0,0,0,40,0,9.0,14.0,17.0
159,1,right_lane,adaptive,True,0.01,40,0,21.518957345971565,5.0,6.5,9.514143206179142,59.42828057518431,42.42828057518431,17.0,18.0,1.0,0,0,40,0,4.0,4.0,32.0
160,1,right_lane,adaptive,True,0.01,40,0,22.51895734425717,6.5,2.0,9.009527662633445,60.274853434156235,44.02485343415624,16.25,18.0,1.0,0,0,36,4,6.0,3.0,31.0
161,1,right_lane,adaptive,True,0.01,40,0,22.018957345971565,10.0,10.5,13.507875509560108,57.72847104587876,43.22847104587876,14.5,18.0,1.0,0,0,40,0,10.0,2.0,28.0
162,1,right_lane,adaptive,True,0.01,40,0,22.268957345971565,0.0,0.0,3.012428010158146,63.6303317535545,43.63033175355451,20.0,18.0,1.0,0,0,38,2,0.0,0.0,40.0
163,1,right_lane,adaptive,True,0.01,40,0,23.643913955007477,7.0,4.5,10.293931051513027,62.0762523669546,45.82625236695459,16.25,18.0,1.0,0,0,38,2,5.0,5.0,30.0
164,1,right_lane,adaptive,True,0.01,40,0,21.768957345971053,1.5,2.5,5.255707712727599,61.82734802513482,42.82734802513482,19.0,18.0,1.0,0,0,38,2,0.0,4.0,36.0
165,1,right_lane,adaptive,True,0.01,33,1,21.538130116329167,0.5,1.0,3.0843985678366153,50.77839840434078,35.02839840434078,15.75,18.0,1.0,0,0,32,1,1.0,1.0,31.0
166,1,right_lane,adaptive,True,0.01,40,0,27.016460154598555,12.5,2.0,14.307851080307955,64.96983290813819,51.219832908138194,13.75,18.0,1.0,0,0,37,3,8.0,9.0,23.0
167,1,right_lane,adaptive,True,0.01,40,0,20.518957345971565,0.0,5.5,4.355799399316311,60.8303317535545,40.8303317535545,20.0,18.0,1.0,0,0,40,0,0.0,0.0,40.0
168,1,right_lane,adaptive,True,0.01,40,0,22.143957345749705,2.5,5.5,6.607067454606295,61.67893026473872,43.42893026473872,18.25,18.0,1.0,0,0,40,0,2.0,3.0,35.0
169,1,right_lane,adaptive,True,0.01,40,0,23.750005701017237,31.5,7.5,30.94183248281479,50.24640432704088,45.99640432704088,4.25,18.0,1.0,0,0,40,0,23.0,17.0,0.0
170,1,right_lane,adaptive,True,0.01,40,0,22.143957345971565,21.0,8.5,23.440197117626667,52.928670515911136,43.428670515911136,9.5,18.0,1.0,0,0,40,0,15.0,12.0,13.0
171,1,right_lane,adaptive,True,0.01,40,0,21.018957345971565,15.0,2.0,17.187523297965527,53.878447566570834,41.628447566570834,12.25,18.0,1.0,0,0,40,0,3.0,25.0,12.0
172,1,right_lane,adaptive,True,0.01,40,0,21.018957345971565,0.5,1.0,3.9388971030712128,60.87839840434077,41.62839840434077,19.25,18.0,1.0,0,0,40,0,1.0,1.0,38.0
173,1,right_lane,adaptive,True,0.01,40,0,20.62749644062177,0.0,4.0,3.9797560460865498,61.00399430499483,41.00399430499483,20.0,18.0,1.0,0,0,40,0,0.0,0.0,40.0
174,1,right_lane,adaptive,True,0.01,40,0,23.247504408993834,14.0,11.0,16.476244375109673,58.44170159974191,45.191701599741904,13.25,18.0,1.0,0,0,40,0,10.0,7.0,23.0
175,1,right_lane,adaptive,True,0.01,40,0,24.999994300697146,9.5,5.0,11.256978270034779,63.49340954703373,47.99340954703373,15.5,18.0,1.0,0,0,37,3,3.0,12.0,25.0
176,1,right_lane,adaptive,True,0.01,40,0,21.64150418272032,0.0,6.0,4.277893228440917,62.37547260531846,42.62547260531846,19.75,18.0,1.0,0,0,37,3,0.0,1.0,39.0
177,1,right_lane,adaptive,True,0.01,40,0,20.768957345971565,39.5,0.5,39.384139478206635,41.478528698231514,41.228528698231514,0.25,18.0,1.0,0,0,40,0,39.0,1.0,0.0
178,1,right_lane,adaptive,True,0.01,40,0,22.89395734596765,9.5,3.5,12.202140695588241,59.877365466674476,44.627365466674476,15.25,18.0,1.0,0,0,38,2,7.0,5.0,28.0
179,1,right_lane,adaptive,True,0.01,40,0,21.518957345971565,2.0,8.0,6.804962754249573,61.1778211235985,42.4278211235985,18.75,18.0,1.0,0,0,40,0,0.0,5.0,35.0
180,1,right_lane,adaptive,True,0.01,40,0,26.374999998289447,12.0,3.0,14.138594418356206,63.94505180142869,50.19505180142869,13.75,18.0,1.0,0,0,35,5,5.0,15.0,20.0
181,1,right_lane,adaptive,True,0.01,40,0,23.518957345971565,14.0,0.0,16.352836651261896,58.377729056605816,45.62772905660581,12.75,18.0,1.0,0,0,40,0,10.0,9.0,21.0
182,1,right_lane,adaptive,True,0.01,40,0,23.268957345971565,0.0,1.5,2.32489641986524,65.23033175355451,45.2303317535545,20.0,18.0,1.0,0,0,28,12,0.0,0.0,40.0
183,1,right_lane,adaptive,True,0.01,40,0,21.62749644062177,0.0,2.5,3.4419061727721783,62.603994304994835,42.603994304994835,20.0,18.0,1.0,0,0,38,2,0.0,0.0,40.0
184,1,right_lane,adaptive,True,0.01,40,0,21.018957345971565,0.0,7.0,3.8124362015023507,61.6303317535545,41.6303317535545,20.0,18.0,1.0,0,0,38,2,0.0,0.0,40.0
185,1,right_lane,adaptive,True,0.01,40,0,22.018957345971565,0.0,1.0,4.170594485780157,62.979398329686106,43.229398329686106,19.75,18.0,1.0,0,0,37,3,0.0,1.0,39.0
186,1,right_lane,adaptive,True,0.01,31,1,22.605106252866538,11.0,4.5,13.580918975174427,44.22643956672192,34.22643956672192,10.0,18.0,1.0,0,0,31,0,7.0,8.0,16.0
187,1,right_lane,adaptive,True,0.01,40,0,23.64395164498405,4.5,3.5,7.880423359572887,63.327976698660336,45.82797669866032,17.5,18.0,1.0,0,0,40,0,0.0,10.0,30.0
188,1,right_lane,adaptive,True,0.01,14,1,23.26844955437671,0.5,0.0,1.9730715453624725,22.579398326582556,15.829398326582556,6.75,18.0,1.0,0,0,14,0,0.0,1.0,13.0
189,1,right_lane,adaptive,True,0.01,40,0,21.143957345971565,6.5,2.5,10.137231707572937,58.078471189401846,41.828471189401846,16.25,18.0,1.0,0,0,40,0,7.0,1.0,32.0
190,1,right_lane,adaptive,True,0.01,40,0,23.393957345971565,14.5,10.0,16.115176527069934,58.178445818652364,45.428445818652364,12.75,18.0,1.0,0,0,37,3,0.0,29.0,11.0
191,1,right_lane,adaptive,True,0.01,40,0,20.518957345971565,0.5,0.0,4.574063002384719,60.07839840304393,40.828398403043934,19.25,18.0,1.0,0,0,39,1,1.0,1.0,38.0
192,1,right_lane,adaptive,True,0.01,40,0,22.268957345971565,15.5,9.5,18.565032124519348,55.628228400366396,43.6282284003664,12.0,18.0,1.0,0,0,40,0,12.0,8.0,20.0
193,1,right_lane,adaptive,True,0.01,40,0,24.12250365995705,2.0,2.5,4.813723396509431,65.59438281879385,46.594382818793854,19.0,18.0,1.0,0,0,37,3,0.0,4.0,36.0
194,1,right_lane,adaptive,True,0.01,40,0,20.268957345971565,0.0,10.0,4.873882859945297,60.179396514701764,40.42939651470176,19.75,18.0,1.0,0,0,40,0,0.0,1.0,39.0
195,1,right_lane,adaptive,True,0.01,40,0,20.893957345971554,0.0,7.5,3.33378869396347,61.43033175355448,41.43033175355448,20.0,18.0,1.0,0,0,38,2,0.0,0.0,40.0
196,1,right_lane,adaptive,True,0.01,40,0,25.393957345971565,14.0,1.0,16.58836505562067,61.37289394463487,48.62289394463487,12.75,18.0,1.0,0,0,40,0,8.0,13.0,19.0
197,1,right_lane,adaptive,True,0.01,40,0,22.768957345971565,0.0,7.5,3.732181645095352,64.4303317535545,44.43033175355449,20.0,18.0,1.0,0,0,38,2,0.0,0.0,40.0
198,1,right_lane,adaptive,True,0.01,40,0,21.893957345971565,0.0,7.0,3.204065989144965,63.0303317535545,43.030331753554506,20.0,18.0,1.0,0,0,39,1,0.0,0.0,40.0
199,1,right_lane,adaptive,True,0.01,40,0,22.877496354776138,0.0,11.5,4.145192723062337,64.35306008182846,44.60306008182847,19.75,18.0,1.0,0,0,38,2,0.0,1.0,39.0
200,1,right_lane,adaptive,True,0.01,40,0,24.393957345971565,0.0,0.5,1.4015463062318076,67.0303317535545,47.0303317535545,20.0,18.0,1.0,0,0,29,11,0.0,0.0,40.0
201,1,right_lane,adaptive,True,0.01,40,0,20.518957345971565,0.0,3.5,4.002301372587681,60.8303317535545,40.8303317535545,20.0,18.0,1.0,0,0,40,0,0.0,0.0,40.0
202,1,right_lane,adaptive,True,0.01,40,0,22.891466606367043,13.5,6.5,17.489259001750497,57.8756357738372,44.62563577383721,13.25,18.0,1.0,0,0,37,3,0.0,27.0,13.0
203,1,right_lane,adaptive,True,0.01,40,0,22.76613215771169,6.0,5.0,8.068856897881233,61.924397170834304,44.4243971708343,17.5,18.0,1.0,0,0,38,2,4.0,2.0,34.0
204,1,right_lane,adaptive,True,0.01,40,0,21.518957345971565,0.0,6.0,4.163922311505303,62.430331753554505,42.430331753554505,20.0,18.0,1.0,0,0,39,1,0.0,0.0,40.0
205,1,right_lane,adaptive,True,0.01,40,0,21.268957345971565,18.0,10.0,21.025995645672083,52.53033175350067,42.03033175350067,10.5,18.0,1.0,0,0,40,0,18.0,2.0,20.0
206,1,right_lane,adaptive,True,0.01,40,0,21.643957345971565,0.0,5.5,3.969779206869134,62.37939832968611,42.629398329686104,19.75,18.0,1.0,0,0,36,4,0.0,1.0,39.0
207,1,right_lane,adaptive,True,0.01,40,0,21.893957345971565,13.5,4.0,15.968047894537449,56.276337238178144,43.02633723817814,13.25,18.0,1.0,0,0,40,0,10.0,7.0,23.0
208,1,right_lane,adaptive,True,0.01,12,1,22.14652444317463,0.5,0.5,1.5941296964883804,18.779397646910468,13.029397646910466,5.75,18.0,1.0,0,0,12,0,0.0,1.0,11.0
209,1,right_lane,adaptive,True,0.01,40,0,21.372832407624884,6.5,1.0,9.389850208531016,58.446462720437545,42.196462720437545,16.25,18.0,1.0,0,0,38,2,7.0,1.0,32.0
210,1,right_lane,adaptive,True,0.01,40,0,22.76895174381868,11.0,0.0,11.037508878543122,59.17986881023933,44.42986881023932,14.75,18.0,1.0,0,0,26,14,9.0,3.0,28.0
211,1,right_lane,adaptive,True,0.01,40,0,21.143957345971565,0.0,14.0,4.8217691261965,61.57939832968609,41.8293983296861,19.75,18.0,1.0,0,0,39,1,0.0,1.0,39.0
212,1,right_lane,adaptive,True,0.01,40,0,26.268957331493358,11.5,2.5,14.324008490678352,63.77086845355774,50.02086845355773,13.75,18.0,1.0,0,0,37,3,8.0,9.0,23.0
213,1,right_lane,adaptive,True,0.01,40,0,20.518957345971565,0.5,3.0,5.3713366612792015,60.07839717648497,40.82839717648497,19.25,18.0,1.0,0,0,40,0,1.0,1.0,38.0
214,1,right_lane,adaptive,True,0.01,40,0,20.518957345971565,0.0,2.5,4.425305001437664,60.57939766773994,40.82939766773995,19.75,18.0,1.0,0,0,40,0,0.0,1.0,39.0
215,1,right_lane,adaptive,True,0.01,40,0,20.893957345971565,0.5,5.0,4.464124139512023,61.1803317535545,41.430331753554505,19.75,18.0,1.0,0,0,39,1,0.0,1.0,39.0
216,1,right_lane,adaptive,True,0.01,40,0,22.768957345971565,4.0,8.5,7.568797644455117,62.177139304808,44.42713930480799,17.75,18.0,1.0,0,0,37,3,0.0,9.0,31.0
217,1,right_lane,adaptive,True,0.01,40,0,23.018919754889087,10.0,1.5,12.322852147870435,59.32797064488371,44.82797064488371,14.5,18.0,1.0,0,0,38,2,10.0,2.0,28.0
218,1,right_lane,adaptive,True,0.01,40,0,20.89391975488909,0.0,2.0,3.332147788256407,61.43027160782254,41.43027160782254,20.0,18.0,1.0,0,0,40,0,0.0,0.0,40.0
219,1,right_lane,adaptive,True,0.01,40,0,21.143957345971565,0.0,0.0,3.845197072461815,61.57939766774115,41.82939766774115,19.75,18.0,1.0,0,0,37,3,0.0,1.0,39.0
220,1,right_lane,adaptive,True,0.01,40,0,21.3563714164299,7.5,9.0,10.782217748463154,58.66927275546057,42.16927275546057,16.5,18.0,1.0,0,0,40,0,6.0,2.0,32.0
221,1,right_lane,adaptive,True,0.01,40,0,24.14150336085361,0.0,6.5,3.203959616762404,66.62640537736577,46.626405377365785,20.0,18.0,1.0,0,0,34,6,0.0,0.0,40.0
222,1,right_lane,adaptive,True,0.01,40,0,23.606042765911972,7.0,7.5,10.395587098080568,62.01681434923713,45.76681434923713,16.25,18.0,1.0,0,0,39,1,6.0,3.0,31.0
223,1,right_lane,adaptive,True,0.01,40,0,21.893957345971565,0.0,0.0,2.6141057767526945,63.030331753554506,43.0303317535545,20.0,18.0,1.0,0,0,39,1,0.0,0.0,40.0
224,1,right_lane,adaptive,True,0.01,40,0,20.768957345971565,0.0,1.0,4.5087025463581085,60.979397667741154,41.22939766774115,19.75,18.0,1.0,0,0,40,0,0.0,1.0,39.0
225,1,right_lane,adaptive,True,0.01,40,0,21.39395734597105,2.0,10.5,6.628530398011208,60.978445775396,42.22844577539601,18.75,18.0,1.0,0,0,40,0,0.0,5.0,35.0
226,1,right_lane,adaptive,True,0.01,40,0,23.143957345971565,9.5,0.5,11.853482097387314,60.27726680682618,45.02726680682618,15.25,18.0,1.0,0,0,40,0,8.0,3.0,29.0
227,1,right_lane,adaptive,True,0.01,40,0,23.143957345971565,7.0,7.0,10.172758975328179,61.52804269573298,45.028042695732964,16.5,18.0,1.0,0,0,39,1,0.0,14.0,26.0
228,1,right_lane,adaptive,True,0.01,40,0,21.018957345971565,0.0,0.0,3.8961155275255805,61.379397666520426,41.62939766652045,19.75,18.0,1.0,0,0,39,1,0.0,1.0,39.0
229,1,right_lane,adaptive,True,0.01,40,0,21.500328749378447,2.0,10.5,5.650629013413891,61.39734298120208,42.39734298120208,19.0,18.0,1.0,0,0,39,1,0.0,4.0,36.0
230,1,right_lane,adaptive,True,0.01,40,0,20.643957345971565,2.5,3.5,7.245976343750954,59.27833190139212,41.02833190139212,18.25,18.0,1.0,0,0,40,0,2.0,3.0,35.0
231,1,right_lane,adaptive,True,0.01,40,0,21.268957345971565,0.5,5.0,5.1974156983196735,61.27839910886089,42.02839910886089,19.25,18.0,1.0,0,0,40,0,1.0,1.0,38.0
232,1,right_lane,adaptive,True,0.01,40,0,22.39395669408071,5.5,15.0,10.594565890729427,60.8270316733629,43.8270316733629,17.0,18.0,1.0,0,0,40,0,1.0,10.0,29.0
233,1,right_lane,adaptive,True,0.01,40,0,21.141789654732086,8.5,1.5,11.257941074445625,57.07492924310125,41.82492924310126,15.25,18.0,1.0,0,0,33,7,9.0,1.0,30.0
234,1,right_lane,adaptive,True,0.01,40,0,20.393957345971565,1.5,11.5,6.150199271738529,59.628991229429985,40.628991229429985,19.0,18.0,1.0,0,0,40,0,0.0,4.0,36.0
235,1,right_lane,adaptive,True,0.01,40,0,22.768957332952397,7.0,8.5,10.431273488412444,60.4268207425371,44.42682074253711,16.0,18.0,1.0,0,0,39,1,4.0,8.0,28.0
236,1,right_lane,adaptive,True,0.01,40,0,24.75245316154122,7.5,2.5,10.23192554035245,63.60180248680443,47.601802486804445,16.0,18.0,1.0,0,0,38,2,5.0,6.0,29.0
237,1,right_lane,adaptive,True,0.01,40,0,21.393957345971565,0.0,0.5,3.8562044758873526,61.979398329686106,42.2293983296861,19.75,18.0,1.0,0,0,39,1,0.0,1.0,39.0
238,1,right_lane,adaptive,True,0.01,40,0,21.01895724713693,2.0,5.0,5.5542151758563705,60.37899107129458,41.62899107129458,18.75,18.0,1.0,0,0,39,1,0.0,5.0,35.0
239,1,right_lane,adaptive,True,0.01,40,0,22.268957345971565,10.0,2.0,12.484837174415588,58.377097366758065,43.62709736675805,14.75,18.0,1.0,0,0,40,0,9.0,3.0,28.0
240,1,right_lane,adaptive,True,0.01,40,0,23.893919754889087,8.0,9.5,10.92219216110675,62.22628976282139,46.22628976282139,16.0,18.0,1.0,0,0,36,4,6.0,4.0,30.0
241,1,right_lane,adaptive,True,0.01,40,0,22.893914152736198,5.5,2.5,8.031500400946243,61.62791519759465,44.62791519759465,17.0,18.0,1.0,0,0,37,3,3.0,6.0,31.0
242,1,right_lane,adaptive,True,0.01,40,0,22.768957345971565,10.0,0.0,13.225822538137436,58.926984591200835,44.426984591200835,14.5,18.0,1.0,0,0,40,0,10.0,2.0,28.0
243,1,right_lane,adaptive,True,0.01,40,0,21.76895174381868,0.0,1.5,3.498251706901783,62.83032279010988,42.83032279010989,20.0,18.0,1.0,0,0,38,2,0.0,0.0,40.0
244,1,right_lane,adaptive,True,0.01,40,0,23.51895733317816,21.5,7.5,23.530495420098305,54.62791924326501,45.62791924326501,9.0,18.0,1.0,0,0,40,0,18.0,8.0,14.0
245,1,right_lane,adaptive,True,0.01,40,0,23.393957345971565,27.5,9.0,29.77054353058338,51.92768995494001,45.427689954940014,6.5,18.0,1.0,0,0,40,0,15.0,24.0,1.0
246,1,right_lane,adaptive,True,0.01,12,1,26.7286176823844,5.0,0.5,5.56029418669641,18.47669267974506,15.22669267974506,3.25,18.0,1.0,0,0,12,0,3.0,5.0,4.0
247,1,right_lane,adaptive,True,0.01,40,0,24.393957345971565,6.5,7.0,9.64826656371963,63.526338579870554,47.02633857987056,16.5,18.0,1.0,0,0,37,3,2.0,10.0,28.0
248,1,right_lane,adaptive,True,0.01,40,0,23.393957345775522,9.5,5.0,12.529829874634743,60.177551195876894,45.4275511958769,14.75,18.0,1.0,0,0,40,0,8.0,5.0,27.0
249,1,right_lane,adaptive,True,0.01,40,0,21.268957345971565,0.5,4.5,4.992221274415442,61.27839840434149,42.028398404341495,19.25,18.0,1.0,0,0,39,1,1.0,1.0,38.0
250,1,right_lane,adaptive,True,0.01,40,0,22.018957332922668,17.0,5.5,18.197981297969818,55.22941086691605,43.22941086691604,12.0,18.0,1.0,0,0,40,0,15.0,2.0,23.0
251,1,right_lane,adaptive,True,0.01,40,0,24.893957344257036,15.0,4.0,17.152220614487305,59.822884219809595,47.82288421980958,12.0,18.0,1.0,0,0,39,1,12.0,8.0,20.0
252,1,right_lane,adaptive,True,0.01,40,0,21.76895734445366,5.5,4.0,8.51218282364971,59.57828016374312,42.82828016374312,16.75,18.0,1.0,0,0,38,2,5.0,3.0,32.0
253,1,right_lane,adaptive,True,0.01,40,0,22.268957345971565,0.5,1.5,4.6200595176560455,62.8783991088609,43.628399108860904,19.25,18.0,1.0,0,0,38,2,1.0,1.0,38.0
254,1,right_lane,adaptive,True,0.01,40,0,24.76895733292273,17.5,9.0,20.293066933751106,58.37616467305237,47.62616467305237,10.75,18.0,1.0,0,0,40,0,14.0,9.0,17.0
255,1,right_lane,adaptive,True,0.01,40,0,21.018957345971565,0.5,11.0,5.313644020234278,60.87839910886089,41.62839910886089,19.25,18.0,1.0,0,0,39,1,1.0,1.0,38.0
256,1,right_lane,adaptive,True,0.01,40,0,21.143957345971494,4.0,5.5,7.653917903032379,59.57847814578833,41.82847814578832,17.75,18.0,1.0,0,0,35,5,0.0,9.0,31.0
257,1,right_lane,adaptive,True,0.01,40,0,20.268957345971565,0.0,0.5,4.679014854133129,60.430331753554505,40.430331753554505,20.0,18.0,1.0,0,0,40,0,0.0,0.0,40.0
258,1,right_lane,adaptive,True,0.01,40,0,24.268957344031918,9.0,4.0,11.993471858381781,61.827258845380946,46.82725884538095,15.0,18.0,1.0,0,0,39,1,7.0,6.0,27.0
259,1,right_lane,adaptive,True,0.01,40,0,22.643957345971565,8.0,3.0,11.568319261074066,59.72891519343647,44.22891519343648,15.5,18.0,1.0,0,0,40,0,8.0,2.0,30.0
260,1,right_lane,adaptive,True,0.01,40,0,20.393957345971565,0.0,6.5,4.1565491035580635,60.6303317535545,40.6303317535545,20.0,18.0,1.0,0,0,40,0,0.0,0.0,40.0
261,1,right_lane,adaptive,True,0.01,40,0,21.14395724691508,2.5,9.5,7.342323869466782,60.328436495992534,41.828436495992534,18.5,18.0,1.0,0,0,40,0,0.0,6.0,34.0
262,1,right_lane,adaptive,True,0.01,40,0,21.268957345971565,0.0,2.5,3.123394626381014,62.03033175355449,42.0303317535545,20.0,18.0,1.0,0,0,39,1,0.0,0.0,40.0
263,1,right_lane,adaptive,True,0.01,40,0,21.143957345971565,0.5,8.0,3.973770676485401,61.07839840507329,41.82839840507327,19.25,18.0,1.0,0,0,31,9,1.0,1.0,38.0
264,1,right_lane,adaptive,True,0.01,40,0,21.518957345971565,0.0,0.5,3.2989637228520223,62.4303317535545,42.4303317535545,20.0,18.0,1.0,0,0,37,3,0.0,0.0,40.0
265,1,right_lane,adaptive,True,0.01,40,0,24.018957345971565,4.0,9.5,7.5322866325886935,64.42561057567782,46.42561057567782,18.0,18.0,1.0,0,0,38,2,1.0,6.0,33.0
266,1,right_lane,adaptive,True,0.01,40,0,20.8939573329563,0.0,12.0,4.48308726772666,61.17939764569603,41.42939764569603,19.75,18.0,1.0,0,0,40,0,0.0,1.0,39.0
267,1,right_lane,adaptive,True,0.01,40,0,21.643957345971554,3.5,3.0,7.4022729732096195,60.628706018293585,42.62870601829358,18.0,18.0,1.0,0,0,40,0,0.0,8.0,32.0
268,1,right_lane,adaptive,True,0.01,40,0,21.356091647145412,2.5,9.5,7.639933407306671,60.41710484272251,42.167104842722516,18.25,18.0,1.0,0,0,40,0,1.0,5.0,34.0
269,1,right_lane,adaptive,True,0.01,40,0,21.393957345971565,0.0,1.0,4.086553013013599,61.979398329686106,42.2293983296861,19.75,18.0,1.0,0,0,39,1,0.0,1.0,39.0
270,1,right_lane,adaptive,True,0.01,40,0,23.391504197449517,11.5,0.0,13.982540139666526,59.17447619856812,45.42447619856812,13.75,18.0,1.0,0,0,39,1,12.0,1.0,27.0
271,1,right_lane,adaptive,True,0.01,40,0,23.643957345971565,14.0,6.0,16.984176501631737,58.325188853464624,45.825188853464624,12.5,18.0,1.0,0,0,40,0,11.0,8.0,21.0
272,1,right_lane,adaptive,True,0.01,40,0,21.51858540506837,0.0,4.0,3.973181019653566,62.178802561075344,42.428802561075344,19.75,18.0,1.0,0,0,37,3,0.0,1.0,39.0
273,1,right_lane,adaptive,True,0.01,40,0,25.393957345937984,19.0,6.5,21.182986199855804,58.8761082444584,48.6261082444584,10.25,18.0,1.0,0,0,40,0,11.0,17.0,12.0
274,1,right_lane,adaptive,True,0.01,40,0,23.768957345971565,9.0,2.5,11.988123011036805,61.02535331588106,46.02535331588106,15.0,18.0,1.0,0,0,37,3,6.0,8.0,26.0
275,1,right_lane,adaptive,True,0.01,40,0,22.01895733123851,4.5,5.5,7.759826707895627,60.47706578578519,43.22706578578519,17.25,18.0,1.0,0,0,38,2,2.0,7.0,31.0
276,1,right_lane,adaptive,True,0.01,40,0,23.643957345971565,10.5,4.5,13.206488686519378,60.07366854295371,45.8236685429537,14.25,18.0,1.0,0,0,38,2,9.0,5.0,26.0
277,1,right_lane,adaptive,True,0.01,40,0,21.393957345971565,31.0,6.0,30.89619292318821,47.227874402981655,42.22787440298166,5.0,18.0,1.0,0,0,40,0,23.0,14.0,3.0
278,1,right_lane,adaptive,True,0.01,5,1,28.84838684036547,3.5,0.0,3.677176132798195,7.018969619973083,6.768969619973083,0.25,18.0,1.0,0,0,5,0,4.0,1.0,0.0
279,1,right_lane,adaptive,True,0.01,40,0,22.643957345971565,0.0,1.0,3.377573902927452,63.9793983296861,44.229398329686106,19.75,18.0,1.0,0,0,37,3,0.0,1.0,39.0
280,1,right_lane,adaptive,True,0.01,40,0,23.50032874938229,0.5,3.0,3.9816785756465833,64.84859335431807,45.59859335431806,19.25,18.0,1.0,0,0,36,4,1.0,1.0,38.0
281,1,right_lane,adaptive,True,0.01,40,0,20.768957345971565,0.0,5.5,4.529481157660484,61.23033175355451,41.2303317535545,20.0,18.0,1.0,0,0,40,0,0.0,0.0,40.0
282,1,right_lane,adaptive,True,0.01,40,0,22.143957345971565,0.0,1.0,3.656599090727468,63.17939766843072,43.42939766843072,19.75,18.0,1.0,0,0,38,2,0.0,1.0,39.0
283,1,right_lane,adaptive,True,0.01,40,0,20.768957345971117,2.5,9.5,6.906369369477034,59.479332343351565,41.22933234335156,18.25,18.0,1.0,0,0,40,0,1.0,5.0,34.0
284,1,right_lane,adaptive,True,0.01,40,0,20.643957345971565,1.5,10.5,6.146546073257923,60.0283984043395,41.0283984043395,19.0,18.0,1.0,0,0,40,0,1.0,2.0,37.0
285,1,right_lane,adaptive,True,0.01,40,0,22.26891330486479,4.0,6.5,8.41743744816631,61.37557694187654,43.625576941876524,17.75,18.0,1.0,0,0,40,0,0.0,9.0,31.0
286,1,right_lane,adaptive,True,0.01,40,0,26.14395734597149,19.0,1.5,20.52147833814888,59.8286701926508,49.82867019265079,10.0,18.0,1.0,0,0,37,3,19.0,2.0,19.0
287,1,right_lane,adaptive,True,0.01,40,0,21.143957345971565,4.5,6.0,8.436224274337292,59.8303317535545,41.83033175355451,18.0,18.0,1.0,0,0,40,0,0.0,8.0,32.0
288,1,right_lane,adaptive,True,0.01,40,0,20.643957345971565,2.5,8.5,7.2811220698058605,59.528939997128894,41.0289399971289,18.5,18.0,1.0,0,0,40,0,0.0,6.0,34.0
289,1,right_lane,adaptive,True,0.01,40,0,25.250328749382284,12.5,3.0,13.777605915962113,62.144899499185115,48.394899499185115,13.75,18.0,1.0,0,0,38,2,10.0,5.0,25.0
290,1,right_lane,adaptive,True,0.01,40,0,22.643957345971565,2.5,3.0,6.003470088243375,62.72775460109415,44.22775460109414,18.5,18.0,1.0,0,0,38,2,0.0,6.0,34.0
291,1,right_lane,adaptive,True,0.01,40,0,21.018957345971565,3.0,2.0,6.701524004841758,59.62911710231382,41.62911710231383,18.0,18.0,1.0,0,0,38,2,2.0,4.0,34.0
292,1,right_lane,adaptive,True,0.01,40,0,21.518957345971565,0.0,0.0,3.661680567937765,62.17939832968611,42.42939832968611,19.75,18.0,1.0,0,0,39,1,0.0,1.0,39.0
293,1,right_lane,adaptive,True,0.01,40,0,22.518957345971558,0.5,3.0,4.361960548059187,63.27839910880879,44.028399108808784,19.25,18.0,1.0,0,0,37,3,1.0,1.0,38.0
294,1,right_lane,adaptive,True,0.01,40,0,24.26895734596765,13.5,3.5,15.936103384941816,59.826568400387465,46.826568400387465,13.0,18.0,1.0,0,0,40,0,8.0,12.0,20.0
295,1,right_lane,adaptive,True,0.01,40,0,20.89395239570556,0.5,2.0,4.420043632388115,60.678390483915166,41.428390483915166,19.25,18.0,1.0,0,0,40,0,1.0,1.0,38.0
296,1,right_lane,adaptive,True,0.01,40,0,20.89395734597099,2.5,7.5,7.2254395335912704,59.92805218645129,41.42805218645128,18.5,18.0,1.0,0,0,40,0,0.0,6.0,34.0
297,1,right_lane,adaptive,True,0.01,40,0,21.12749644062177,2.0,14.5,7.656487688422203,60.55205833213866,41.80205833213866,18.75,18.0,1.0,0,0,40,0,1.0,3.0,36.0
298,1,right_lane,adaptive,True,0.01,40,0,25.893957345971558,18.0,3.0,20.213341437280178,59.92585397873159,49.425853978731595,10.5,18.0,1.0,0,0,40,0,16.0,6.0,18.0
299,1,right_lane,adaptive,True,0.01,40,0,22.518957345971565,1.5,8.0,5.0199896253780025,63.278691805200864,44.02869180520086,19.25,18.0,1.0,0,0,36,4,0.0,3.0,37.0
300,1,right_lane,adaptive,True,0.01,40,0,21.893957345971565,0.0,0.5,3.525860041523856,63.03033175355449,43.030331753554506,20.0,18.0,1.0,0,0,38,2,0.0,0.0,40.0
301,1,right_lane,adaptive,True,0.01,11,1,23.705299033155487,11.0,0.0,10.813870370388031,12.630331574588414,12.630331574588414,0.0,18.0,1.0,0,0,11,0,11.0,0.0,0.0
302,1,right_lane,adaptive,True,0.01,40,0,22.143957345971565,4.0,1.5,7.466907361928861,60.92689104693789,43.42689104693789,17.5,18.0,1.0,0,0,39,1,3.0,4.0,33.0
303,1,right_lane,adaptive,True,0.01,40,0,22.518957345749705,10.5,5.5,13.5460253842175,58.27847104548629,44.02847104548629,14.25,18.0,1.0,0,0,40,0,11.0,1.0,28.0
304,1,right_lane,adaptive,True,0.01,40,0,21.393957345971565,0.0,0.5,3.8560559969928363,61.979398329686106,42.2293983296861,19.75,18.0,1.0,0,0,39,1,0.0,1.0,39.0
305,1,right_lane,adaptive,True,0.01,40,0,21.62749644062177,0.0,2.5,1.9995429699556553,62.603994304994835,42.60399430499484,20.0,18.0,1.0,0,0,39,1,0.0,0.0,40.0
306,1,right_lane,adaptive,True,0.01,40,0,24.641417725103423,6.5,1.5,9.358356627076773,63.67038036214365,47.42038036214365,16.25,18.0,1.0,0,0,37,3,1.0,13.0,26.0
307,1,right_lane,adaptive,True,0.01,40,0,22.01895734597098,3.5,6.5,7.40184473991394,61.479625492262954,43.229625492262954,18.25,18.0,1.0,0,0,40,0,0.0,7.0,33.0
308,1,right_lane,adaptive,True,0.01,40,0,20.768957345971565,29.0,1.0,29.38322278484702,46.47939766774115,41.22939766774115,5.25,18.0,1.0,0,0,40,0,28.0,3.0,9.0
309,1,right_lane,adaptive,True,0.01,40,0,21.018957345971565,0.0,3.0,4.403790402620871,61.37939766774114,41.62939766774115,19.75,18.0,1.0,0,0,38,2,0.0,1.0,39.0
310,1,right_lane,adaptive,True,0.01,40,0,22.393957345941324,3.5,8.0,7.56349205107108,61.57744637041065,43.82744637041064,17.75,18.0,1.0,0,0,39,1,1.0,7.0,32.0
311,1,right_lane,adaptive,True,0.01,40,0,23.518957345971565,8.5,4.5,11.604697221744914,61.128672410007496,45.6286724100075,15.5,18.0,1.0,0,0,39,1,5.0,8.0,27.0
312,1,right_lane,adaptive,True,0.01,40,0,21.393957345971565,0.0,10.5,3.960100966232858,62.2303317535545,42.230331753554495,20.0,18.0,1.0,0,0,38,2,0.0,0.0,40.0
313,1,right_lane,adaptive,True,0.01,40,0,22.768957345968165,0.0,2.0,3.873791884165257,64.17939832968067,44.429398329680666,19.75,18.0,1.0,0,0,37,3,0.0,1.0,39.0
314,1,right_lane,adaptive,True,0.01,40,0,20.768957345971565,1.0,4.0,5.560980434730482,60.228049088155245,41.228049088155245,19.0,18.0,1.0,0,0,39,1,1.0,2.0,37.0
315,1,right_lane,adaptive,True,0.01,40,0,23.393957247103288,2.5,4.5,5.497699087994988,63.928283532577936,45.42828353257795,18.5,18.0,1.0,0,0,35,5,0.0,6.0,34.0
316,1,right_lane,adaptive,True,0.01,40,0,21.268957345971565,5.5,5.0,8.931482194411728,59.279640099225745,42.02964009922575,17.25,18.0,1.0,0,0,39,1,0.0,11.0,29.0
317,1,right_lane,adaptive,True,0.01,40,0,21.143957345971565,2.0,2.0,5.285066559910774,60.578460101301545,41.828460101301545,18.75,18.0,1.0,0,0,40,0,0.0,5.0,35.0
318,1,right_lane,adaptive,True,0.01,40,0,22.76895734425659,2.0,5.5,5.460964807469281,63.42867362410327,44.42867362410327,19.0,18.0,1.0,0,0,38,2,0.0,4.0,36.0
319,1,right_lane,adaptive,True,0.01,40,0,20.518957345971565,0.0,0.5,1.314277085836693,60.8303317535545,40.8303317535545,20.0,18.0,1.0,0,0,20,20,0.0,0.0,40.0
320,1,right_lane,adaptive,True,0.01,40,0,21.018957345971565,1.5,2.5,5.313279002904892,60.878282110957066,41.62828211095707,19.25,18.0,1.0,0,0,40,0,0.0,3.0,37.0
321,1,right_lane,adaptive,True,0.01,40,0,23.018957345971565,11.5,13.5,16.31466295570135,58.5782799110381,44.8282799110381,13.75,18.0,1.0,0,0,40,0,11.0,3.0,26.0
322,1,right_lane,adaptive,True,0.01,40,0,22.143957345971554,0.0,1.0,3.5850179937951907,63.17939766843069,43.42939766843071,19.75,18.0,1.0,0,0,39,1,0.0,1.0,39.0
323,1,right_lane,adaptive,True,0.01,40,0,22.518956608239495,6.5,6.0,10.240460949290537,60.278472770737785,44.028472770737785,16.25,18.0,1.0,0,0,37,3,7.0,1.0,32.0
324,1,right_lane,adaptive,True,0.01,40,0,23.018957260126378,2.0,6.0,6.041685849593023,63.3263466860148,44.8263466860148,18.5,18.0,1.0,0,0,36,4,1.0,4.0,35.0
325,1,right_lane,adaptive,True,0.01,40,0,21.518957345971565,3.0,10.5,7.0378725454211235,60.9293811481708,42.42938114817081,18.5,18.0,1.0,0,0,40,0,0.0,6.0,34.0
326,1,right_lane,adaptive,True,0.01,40,0,22.893914804623012,0.0,2.5,2.8961043256601897,64.63026368739682,44.63026368739682,20.0,18.0,1.0,0,0,35,5,0.0,0.0,40.0
327,1,right_lane,adaptive,True,0.01,40,0,20.268957345971565,0.0,14.5,5.848277270793915,60.430331753554505,40.430331753554505,20.0,18.0,1.0,0,0,40,0,0.0,0.0,40.0
328,1,right_lane,adaptive,True,0.01,40,0,20.893957345971565,6.0,11.0,10.07765083014965,58.177599840761545,41.427599840761545,16.75,18.0,1.0,0,0,40,0,4.0,5.0,31.0
329,1,right_lane,adaptive,True,0.01,40,0,25.518957345971497,6.0,0.5,7.749686724479034,65.82581103057201,48.82581103057203,17.0,18.0,1.0,0,0,35,5,4.0,4.0,32.0
330,1,right_lane,adaptive,True,0.01,40,0,22.143957345971565,15.5,1.5,17.385128408670425,55.429394532095685,43.42939453209569,12.0,18.0,1.0,0,0,40,0,15.0,2.0,23.0
331,1,right_lane,adaptive,True,0.01,40,0,21.268957345971565,8.0,7.5,11.717227689921856,57.77903475570279,42.02903475570279,15.75,18.0,1.0,0,0,40,0,5.0,7.0,28.0
332,1,right_lane,adaptive,True,0.01,40,0,22.50032874937786,0.0,3.5,3.4096908964532417,64.00052599900458,44.00052599900458,20.0,18.0,1.0,0,0,39,1,0.0,0.0,40.0
333,1,right_lane,adaptive,True,0.01,40,0,22.268957260126378,5.5,12.5,9.49094040192358,60.37828246206497,43.62828246206498,16.75,18.0,1.0,0,0,38,2,4.0,5.0,31.0
334,1,right_lane,adaptive,True,0.01,40,0,21.018957345971565,0.0,2.0,3.9850995121905726,61.37939766843071,41.62939766843072,19.75,18.0,1.0,0,0,39,1,0.0,1.0,39.0
335,1,right_lane,adaptive,True,0.01,40,0,25.518957344256656,4.0,2.0,6.116848410958028,66.82656048204477,48.82656048204478,18.0,18.0,1.0,0,0,35,5,1.0,6.0,33.0
336,1,right_lane,adaptive,True,0.01,40,0,21.858867094995713,2.0,3.0,5.4856493682568725,61.972794945730605,42.97279494573061,19.0,18.0,1.0,0,0,37,3,0.0,4.0,36.0
337,1,right_lane,adaptive,True,0.01,40,0,22.393957345971565,1.5,0.0,4.801131431003341,63.078692083045624,43.82869208304563,19.25,18.0,1.0,0,0,37,3,0.0,3.0,37.0
338,1,right_lane,adaptive,True,0.01,40,0,22.143957345971565,2.0,2.0,5.8416916156566,62.1777577193875,43.42775771938749,18.75,18.0,1.0,0,0,37,3,0.0,5.0,35.0
339,1,right_lane,adaptive,True,0.01,40,0,22.018957345971565,20.5,7.0,20.454888094648595,53.478674945552484,43.228674945552484,10.25,18.0,1.0,0,0,38,2,13.0,13.0,14.0
340,1,right_lane,adaptive,True,0.01,40,0,21.893957345971117,0.5,1.0,4.266786890984349,62.27839910886018,43.028399108860185,19.25,18.0,1.0,0,0,39,1,1.0,1.0,38.0
341,1,right_lane,adaptive,True,0.01,40,0,20.768957345971565,0.5,3.5,4.450220030150376,60.47839840304875,41.22839840304875,19.25,18.0,1.0,0,0,38,2,1.0,1.0,38.0
342,1,right_lane,adaptive,True,0.01,40,0,20.518957345971565,3.0,11.0,7.642581544816494,58.82804908815525,40.82804908815525,18.0,18.0,1.0,0,0,40,0,3.0,2.0,35.0
343,1,right_lane,adaptive,True,0.01,40,0,22.893957345971565,7.5,3.0,10.383748411783017,60.874542037620536,44.62454203762052,16.25,18.0,1.0,0,0,39,1,5.0,5.0,30.0
344,1,right_lane,adaptive,True,0.01,35,1,22.16452268111036,0.5,3.0,3.5371414783130604,55.27939766773994,38.02939766773995,17.25,18.0,1.0,0,0,33,2,0.0,1.0,34.0
345,1,right_lane,adaptive,True,0.01,40,0,21.893957345970982,0.0,7.5,4.222196648828685,62.779397668429745,43.029397668429745,19.75,18.0,1.0,0,0,40,0,0.0,1.0,39.0
346,1,right_lane,adaptive,True,0.01,40,0,23.893957236028257,15.0,4.5,17.259125688013683,58.47251740089198,46.22251740089199,12.25,18.0,1.0,0,0,38,2,10.0,11.0,19.0
347,1,right_lane,adaptive,True,0.01,40,0,22.143957345971494,0.5,2.5,4.345044900853168,62.678399108860795,43.42839910886078,19.25,18.0,1.0,0,0,39,1,1.0,1.0,38.0
348,1,right_lane,adaptive,True,0.01,40,0,22.26895734594234,9.5,3.5,12.344893604516983,58.62548392496416,43.62548392496415,15.0,18.0,1.0,0,0,40,0,7.0,6.0,27.0
349,1,right_lane,adaptive,True,0.01,40,0,23.268957345971565,9.0,11.5,12.50600798841333,60.22277164369012,45.22277164369012,15.0,18.0,1.0,0,0,39,1,8.0,4.0,28.0
350,1,right_lane,adaptive,True,0.01,40,0,23.143957345971565,3.0,4.0,6.512722537333502,63.529392694271586,45.02939269427158,18.5,18.0,1.0,0,0,39,1,0.0,6.0,34.0
351,1,right_lane,adaptive,True,0.01,40,0,23.518957344257622,3.5,2.5,6.201592989596975,63.877595441184106,45.627595441184106,18.25,18.0,1.0,0,0,36,4,0.0,7.0,33.0
352,1,right_lane,adaptive,True,0.01,40,0,22.268957345967145,10.5,7.5,14.220773581415415,57.876646318389206,43.6266463183892,14.25,18.0,1.0,0,0,40,0,6.0,11.0,23.0
353,1,right_lane,adaptive,True,0.01,40,0,22.00249644062177,0.0,1.0,3.7717168389135622,62.95306021918147,43.203060219181474,19.75,18.0,1.0,0,0,38,2,0.0,1.0,39.0
354,1,right_lane,adaptive,True,0.01,16,1,23.484893364290173,0.0,0.0,0.6770643089239456,25.979398329277316,18.22939832927731,7.75,18.0,1.0,0,0,6,10,0.0,1.0,15.0
355,1,right_lane,adaptive,True,0.01,40,0,22.268957345971565,1.0,7.0,4.637546424557513,63.13025717412551,43.63025717412552,19.5,18.0,1.0,0,0,38,2,0.0,2.0,38.0
356,1,right_lane,adaptive,True,0.01,40,0,21.393957345749705,0.0,13.5,4.3108253634231914,62.230331753199536,42.23033175319953,20.0,18.0,1.0,0,0,38,2,0.0,0.0,40.0
357,1,right_lane,adaptive,True,0.01,40,0,22.143957345971565,10.0,5.0,13.382415518164635,58.42642214185439,43.42642214185438,15.0,18.0,1.0,0,0,40,0,8.0,4.0,28.0
358,1,right_lane,adaptive,True,0.01,40,0,23.643957345971565,0.0,1.0,3.2240930732114066,65.8303317535545,45.8303317535545,20.0,18.0,1.0,0,0,36,4,0.0,0.0,40.0
359,1,right_lane,adaptive,True,0.01,40,0,22.268957345971565,3.0,7.5,5.370928929900401,61.87938084924071,43.62938084924072,18.25,18.0,1.0,0,0,26,14,0.0,7.0,33.0
360,1,right_lane,adaptive,True,0.01,40,0,23.518957345749698,0.0,6.0,3.295318620141188,65.63033175319954,45.630331753199535,20.0,18.0,1.0,0,0,35,5,0.0,0.0,40.0
361,1,right_lane,adaptive,True,0.01,40,0,21.891789654732086,0.0,9.5,4.23306225054489,62.77593002370291,43.025930023702934,19.75,18.0,1.0,0,0,38,2,0.0,1.0,39.0
362,1,right_lane,adaptive,True,0.01,40,0,22.643957345971565,0.0,7.0,3.048861462829791,64.2303317535545,44.2303317535545,20.0,18.0,1.0,0,0,36,4,0.0,0.0,40.0
363,1,right_lane,adaptive,True,0.01,40,0,22.76646026648209,17.5,10.5,20.121707305312157,55.42188624270809,44.42188624270809,11.0,18.0,1.0,0,0,40,0,13.0,10.0,17.0
364,1,right_lane,adaptive,True,0.01,40,0,21.143957345971565,0.0,6.5,4.084932290017605,61.8303317535545,41.83033175355451,20.0,18.0,1.0,0,0,40,0,0.0,0.0,40.0
365,1,right_lane,adaptive,True,0.01,40,0,23.393957345971508,0.5,5.0,4.485127178996663,64.6783991088608,45.42839910886081,19.25,18.0,1.0,0,0,36,4,1.0,1.0,38.0
366,1,right_lane,adaptive,True,0.01,40,0,22.98350225431897,9.5,5.0,12.5381067764597,59.76986116620024,44.76986116620024,15.0,18.0,1.0,0,0,37,3,7.0,6.0,27.0
367,1,right_lane,adaptive,True,0.01,40,0,23.51895734428684,6.0,11.0,9.795909598107755,62.12556025770578,45.62556025770578,16.5,18.0,1.0,0,0,38,2,5.0,4.0,31.0
368,1,right_lane,adaptive,True,0.01,40,0,21.643957345971565,2.0,5.5,6.227334871888161,61.37868878096445,42.62868878096445,18.75,18.0,1.0,0,0,40,0,0.0,5.0,35.0
369,1,right_lane,adaptive,True,0.01,40,0,20.768957345971565,0.5,3.0,5.611187405884266,60.47839840434077,41.22839840434077,19.25,18.0,1.0,0,0,40,0,1.0,1.0,38.0
370,1,right_lane,adaptive,True,0.01,40,0,23.393957345971565,13.5,2.5,15.987736519426107,58.67792315631877,45.427923156318776,13.25,18.0,1.0,0,0,40,0,10.0,7.0,23.0
371,1,right_lane,adaptive,True,0.01,40,0,21.8917890028452,0.5,4.5,4.815020165053284,62.274929759806604,43.024929759806604,19.25,18.0,1.0,0,0,39,1,1.0,1.0,38.0
372,1,right_lane,adaptive,True,0.01,40,0,21.268957345971565,0.0,5.0,3.267916754099133,62.0303317535545,42.0303317535545,20.0,18.0,1.0,0,0,38,2,0.0,0.0,40.0
373,1,right_lane,adaptive,True,0.01,40,0,21.643629347340514,9.0,7.5,12.921631053090096,58.12607297284373,42.626072972843744,15.5,18.0,1.0,0,0,40,0,4.0,10.0,26.0
374,1,right_lane,adaptive,True,0.01,40,0,22.393957345971565,1.5,2.5,5.086736737664978,62.8277577193875,43.82775771938749,19.0,18.0,1.0,0,0,38,2,0.0,4.0,36.0
375,1,right_lane,adaptive,True,0.01,40,0,23.268957345971565,13.5,11.0,17.242487505078316,57.97554655006786,45.22554655006786,12.75,18.0,1.0,0,0,40,0,12.0,5.0,23.0
376,1,right_lane,adaptive,True,0.01,40,0,21.643957345971565,0.0,10.0,3.9368186471928084,62.3793983296861,42.62939832968609,19.75,18.0,1.0,0,0,39,1,0.0,1.0,39.0
377,1,right_lane,adaptive,True,0.01,40,0,21.01895733466685,0.0,13.0,4.295455603074515,61.63033173546696,41.63033173546696,20.0,18.0,1.0,0,0,39,1,0.0,0.0,40.0
378,1,right_lane,adaptive,True,0.01,40,0,22.893957345971565,11.5,3.5,14.26098320633173,58.62790476349468,44.627904763494676,14.0,18.0,1.0,0,0,40,0,8.0,8.0,24.0
379,1,right_lane,adaptive,True,0.01,40,0,22.76895734597149,5.0,5.5,8.849931403125424,61.425655426402095,44.425655426402095,17.0,18.0,1.0,0,0,39,1,1.0,10.0,29.0
380,1,right_lane,adaptive,True,0.01,40,0,22.143957345971565,4.0,15.0,8.66231079503632,60.92705250438751,43.42705250438751,17.5,18.0,1.0,0,0,38,2,1.0,8.0,31.0
381,1,right_lane,adaptive,True,0.01,40,0,21.893951646668775,2.0,1.5,5.689209617674351,61.77733970231193,43.02733970231193,18.75,18.0,1.0,0,0,40,0,0.0,5.0,35.0
382,1,right_lane,adaptive,True,0.01,40,0,24.018585403353974,30.0,1.5,30.145076301436347,50.92640863010592,46.42640863010592,4.5,18.0,1.0,0,0,37,3,30.0,2.0,8.0
383,1,right_lane,adaptive,True,0.01,40,0,24.518957345971565,3.5,6.0,6.864927055908993,64.97698441701151,47.226984417011515,17.75,18.0,1.0,0,0,36,4,1.0,7.0,32.0
384,1,right_lane,adaptive,True,0.01,40,0,21.268957345971565,6.5,7.5,10.28341045230627,58.27847106474142,42.028471064741424,16.25,18.0,1.0,0,0,40,0,7.0,1.0,32.0
385,1,right_lane,adaptive,True,0.01,40,0,26.268957345937917,11.0,4.5,12.588828124499798,64.52543344885372,50.025433448853725,14.5,18.0,1.0,0,0,36,4,9.0,4.0,27.0
386,1,right_lane,adaptive,True,0.01,40,0,21.518957345971565,0.5,3.5,4.914645008742809,61.67839910880879,42.4283991088088,19.25,18.0,1.0,0,0,40,0,1.0,1.0,38.0
387,1,right_lane,adaptive,True,0.01,40,0,23.26862786056782,24.0,3.0,24.759334335486983,52.7255563859999,45.2255563859999,7.5,18.0,1.0,0,0,38,2,23.0,4.0,13.0
388,1,right_lane,adaptive,True,0.01,40,0,25.018957345938503,4.5,1.0,7.062179178605675,65.27727931574596,48.027279315745936,17.25,18.0,1.0,0,0,31,9,3.0,5.0,32.0
389,1,right_lane,adaptive,True,0.01,40,0,21.768957345971565,0.0,7.5,3.7407661620527506,62.830331753554496,42.830331753554496,20.0,18.0,1.0,0,0,39,1,0.0,0.0,40.0
390,1,right_lane,adaptive,True,0.01,40,0,22.01895734597105,5.5,10.0,9.455171150253591,60.47805172737872,43.22805172737872,17.25,18.0,1.0,0,0,39,1,0.0,11.0,29.0
391,1,right_lane,adaptive,True,0.01,40,0,20.643957345967717,3.5,5.0,6.706801172229461,58.77938753121142,41.02938753121142,17.75,18.0,1.0,0,0,32,8,2.0,5.0,33.0
392,1,right_lane,adaptive,True,0.01,40,0,23.143957345971565,3.0,4.5,6.028758761653535,63.52867334810596,45.028673348105976,18.5,18.0,1.0,0,0,37,3,0.0,6.0,34.0
393,1,right_lane,adaptive,True,0.01,40,0,22.268957344286836,12.0,13.0,16.181934989988804,57.3769205980939,43.6269205980939,13.75,18.0,1.0,0,0,40,0,2.0,21.0,17.0
394,1,right_lane,adaptive,True,0.01,40,0,21.518957345971565,0.0,13.5,4.131515993763969,62.43033175355451,42.430331753554505,20.0,18.0,1.0,0,0,39,1,0.0,0.0,40.0
395,1,right_lane,adaptive,True,0.01,40,0,22.143957345971565,3.0,1.5,6.821914993226528,61.676343787148895,43.4263437871489,18.25,18.0,1.0,0,0,40,0,1.0,5.0,34.0
396,1,right_lane,adaptive,True,0.01,40,0,24.481042765911972,15.0,5.0,16.491818353533745,60.16566920168298,47.165669201682995,13.0,18.0,1.0,0,0,40,0,9.0,10.0,21.0
397,1,right_lane,adaptive,True,0.01,40,0,24.143957345971565,12.5,2.0,14.825282592326403,60.126404199705945,46.62640419970595,13.5,18.0,1.0,0,0,40,0,5.0,16.0,19.0
398,1,right_lane,adaptive,True,0.01,40,0,22.518957345971565,5.0,1.5,8.284415573257775,61.028671948808785,44.028671948808785,17.0,18.0,1.0,0,0,39,1,4.0,4.0,32.0
399,1,right_lane,adaptive,True,0.01,40,0,21.643951646668775,5.5,9.5,9.72643369436264,59.626670039154554,42.62667003915457,17.0,18.0,1.0,0,0,40,0,4.0,4.0,32.0
400,1,right_lane,adaptive,True,0.01,40,0,23.143957345971565,5.0,2.0,8.713159136707418,62.27653963423179,45.026539634231796,17.25,18.0,1.0,0,0,38,2,4.0,3.0,33.0
401,1,right_lane,adaptive,True,0.01,40,0,22.143957344257046,2.5,5.0,6.7283613590407185,61.67744721377578,43.42744721377578,18.25,18.0,1.0,0,0,39,1,1.0,5.0,34.0
402,1,right_lane,adaptive,True,0.01,40,0,20.268957345971565,0.0,2.0,4.18266499042511,60.430331753554505,40.430331753554505,20.0,18.0,1.0,0,0,40,0,0.0,0.0,40.0
403,1,right_lane,adaptive,True,0.01,40,0,23.768957345971565,8.5,4.0,11.566344753558951,61.27889399247154,46.02889399247154,15.25,18.0,1.0,0,0,38,2,9.0,1.0,30.0
404,1,right_lane,adaptive,True,0.01,40,0,25.018957345971565,18.0,5.0,20.349432580173016,58.52731133630521,48.02731133630521,10.5,18.0,1.0,0,0,40,0,15.0,8.0,17.0
405,1,right_lane,adaptive,True,0.01,40,0,22.018957345971565,2.0,4.5,6.263116860185846,61.97782140279834,43.22782140279835,18.75,18.0,1.0,0,0,39,1,0.0,5.0,35.0
406,1,right_lane,adaptive,True,0.01,40,0,21.125043292099726,0.0,0.0,2.637206044048071,61.80006926735957,41.80006926735956,20.0,18.0,1.0,0,0,40,0,0.0,0.0,40.0
407,1,right_lane,adaptive,True,0.01,40,0,21.018957345971565,0.0,1.5,3.2086086980998516,61.6303317535545,41.6303317535545,20.0,18.0,1.0,0,0,40,0,0.0,0.0,40.0
408,1,right_lane,adaptive,True,0.01,40,0,24.268957345971565,38.5,1.0,37.128395199775696,47.57752032057081,46.82752032057081,0.75,18.0,1.0,0,0,40,0,37.0,3.0,0.0
409,1,right_lane,adaptive,True,0.01,40,0,21.143957345971565,0.0,5.0,3.587154055227984,61.830331753554496,41.830331753554496,20.0,18.0,1.0,0,0,39,1,0.0,0.0,40.0
410,1,right_lane,adaptive,True,0.01,40,0,25.518957345971494,7.5,5.5,10.488374793899311,64.82773590068098,48.82773590068098,16.0,18.0,1.0,0,0,38,2,0.0,16.0,24.0
411,1,right_lane,adaptive,True,0.01,40,0,23.250000750722027,0.0,4.5,2.753399336635539,65.20000120115525,45.200001201155246,20.0,18.0,1.0,0,0,37,3,0.0,0.0,40.0
412,1,right_lane,adaptive,True,0.01,3,1,25.0,0.5,0.5,0.9100803434848785,4.598198036970558,3.598198036970558,1.0,18.0,1.0,0,0,3,0,0.0,2.0,1.0
413,1,right_lane,adaptive,True,0.01,40,0,22.393957345971565,0.0,0.0,0.5783292396063189,63.8303317535545,43.830331753554496,20.0,18.0,1.0,0,0,17,23,0.0,0.0,40.0
414,1,right_lane,adaptive,True,0.01,40,0,22.018957345971565,0.0,0.0,1.0295538588579802,62.979398329686106,43.22939832968609,19.75,18.0,1.0,0,0,20,20,0.0,1.0,39.0
415,1,right_lane,adaptive,True,0.01,40,0,23.018957345971565,8.0,1.5,11.41311321946705,60.32310074860045,44.82310074860045,15.5,18.0,1.0,0,0,38,2,7.0,4.0,29.0
416,1,right_lane,adaptive,True,0.01,40,0,23.516460905379525,3.5,4.0,6.711601514944505,63.37313392267356,45.62313392267355,17.75,18.0,1.0,0,0,36,4,3.0,3.0,34.0
417,1,right_lane,adaptive,True,0.01,40,0,22.393957345971565,7.0,8.5,10.322910027054604,60.0757034648183,43.82570346481829,16.25,18.0,1.0,0,0,37,3,6.0,3.0,31.0
418,1,right_lane,adaptive,True,0.01,40,0,20.893957345971565,0.5,6.0,5.211450181901455,60.678398404340776,41.428398404340776,19.25,18.0,1.0,0,0,40,0,1.0,1.0,38.0
419,1,right_lane,adaptive,True,0.01,40,0,22.018957345971565,2.0,1.0,4.527003796771169,62.22869041349864,43.22869041349863,19.0,18.0,1.0,0,0,40,0,0.0,4.0,36.0
420,1,right_lane,adaptive,True,0.01,40,0,22.98358238674993,9.5,13.5,13.66183876991272,60.02037423411215,44.770374234112154,15.25,18.0,1.0,0,0,40,0,2.0,15.0,23.0
421,1,right_lane,adaptive,True,0.01,40,0,23.143957345971565,2.5,2.0,4.946863776960981,63.7786877265696,45.0286877265696,18.75,18.0,1.0,0,0,35,5,0.0,5.0,35.0
422,1,right_lane,adaptive,True,0.01,40,0,21.018957345971508,3.5,6.0,7.79441773891449,59.379332344576234,41.62933234457621,17.75,18.0,1.0,0,0,40,0,1.0,7.0,32.0
423,1,right_lane,adaptive,True,0.01,40,0,22.018957345942347,2.5,2.0,5.3694945739953255,61.47868947316273,43.22868947316274,18.25,18.0,1.0,0,0,37,3,1.0,5.0,34.0
424,1,right_lane,adaptive,True,0.01,40,0,22.01895659544609,3.0,3.0,6.662628448836813,61.47846220373242,43.22846220373242,18.25,18.0,1.0,0,0,39,1,0.0,7.0,33.0
425,1,right_lane,adaptive,True,0.01,40,0,25.375000000225775,26.5,5.0,28.73146864026785,54.84269872197663,48.592698721976625,6.25,18.0,1.0,0,0,40,0,20.0,15.0,5.0
426,1,right_lane,adaptive,True,0.01,40,0,21.018957345971565,8.5,3.5,12.743450563400984,56.87844606188411,41.62844606188412,15.25,18.0,1.0,0,0,39,1,2.0,15.0,23.0
427,1,right_lane,adaptive,True,0.01,40,0,24.018957345971565,12.5,5.0,15.172920176759362,59.678893711187634,46.428893711187634,13.25,18.0,1.0,0,0,40,0,13.0,1.0,26.0
428,1,right_lane,adaptive,True,0.01,40,0,22.12749644062177,0.0,1.5,3.2657214530772762,63.40399430499484,43.40399430499483,20.0,18.0,1.0,0,0,39,1,0.0,0.0,40.0
429,1,right_lane,adaptive,True,0.01,40,0,21.518957345971565,15.0,6.0,18.096945509314537,54.43026629307456,42.43026629307456,12.0,18.0,1.0,0,0,40,0,11.0,10.0,19.0
430,1,right_lane,adaptive,True,0.01,40,0,21.893957345971565,8.0,5.0,11.22914344444871,58.52803079070817,43.02803079070817,15.5,18.0,1.0,0,0,40,0,8.0,2.0,30.0
431,1,right_lane,adaptive,True,0.01,40,0,20.893951646668775,2.0,3.5,5.966942647472024,59.92803996927079,41.428039969270785,18.5,18.0,1.0,0,0,40,0,2.0,2.0,36.0
432,1,right_lane,adaptive,True,0.01,40,0,22.018957345971565,6.5,1.0,9.645353734493256,59.47847394930154,43.228473949301545,16.25,18.0,1.0,0,0,40,0,7.0,1.0,32.0
433,1,right_lane,adaptive,True,0.01,40,0,21.643957345971565,0.0,13.5,4.776881140924161,62.379398329686104,42.629398329686104,19.75,18.0,1.0,0,0,39,1,0.0,1.0,39.0
434,1,right_lane,adaptive,True,0.01,40,0,23.768957345937984,0.0,2.0,2.9974387268316605,66.03033175350076,46.03033175350077,20.0,18.0,1.0,0,0,36,4,0.0,0.0,40.0
435,1,right_lane,adaptive,True,0.01,40,0,21.393957345942347,2.5,3.0,6.55545424669981,60.72899123944518,42.228991239445186,18.5,18.0,1.0,0,0,40,0,0.0,6.0,34.0
436,1,right_lane,adaptive,True,0.01,40,0,25.25000000002973,11.5,6.5,14.976373455161593,62.14204213980296,48.39204213980297,13.75,18.0,1.0,0,0,38,2,2.0,21.0,17.0
437,1,right_lane,adaptive,True,0.01,40,0,22.518957344482878,2.5,8.5,6.439424430922372,62.77937625840882,44.02937625840883,18.75,18.0,1.0,0,0,39,1,0.0,5.0,35.0
438,1,right_lane,adaptive,True,0.01,40,0,22.518957345971565,2.0,10.5,5.785957874920314,63.0286904134992,44.0286904134992,19.0,18.0,1.0,0,0,39,1,0.0,4.0,36.0
439,1,right_lane,adaptive,True,0.01,40,0,20.268957345971565,0.0,9.0,4.806490398943424,60.179396514701764,40.42939651470176,19.75,18.0,1.0,0,0,40,0,0.0,1.0,39.0
440,1,right_lane,adaptive,True,0.01,40,0,21.018957345971565,2.0,4.5,6.249381958285994,60.12666111181711,41.62666111181712,18.5,18.0,1.0,0,0,39,1,2.0,2.0,36.0
441,1,right_lane,adaptive,True,0.01,40,0,25.731042654032866,13.5,4.0,14.595478305430163,62.416316654473086,49.16631665447307,13.25,18.0,1.0,0,0,33,7,10.0,7.0,23.0
442,1,right_lane,adaptive,True,0.01,40,0,23.268957345971565,8.0,1.5,11.029110178584233,61.22536355538311,45.22536355538311,16.0,18.0,1.0,0,0,39,1,6.0,4.0,30.0
443,1,right_lane,adaptive,True,0.01,40,0,22.000043292099726,19.5,6.0,19.88863630137712,53.949294317879925,43.19929431787993,10.75,18.0,1.0,0,0,39,1,13.0,11.0,16.0
444,1,right_lane,adaptive,True,0.01,40,0,23.268957345971565,6.5,10.0,9.706052434611252,61.72797683393982,45.22797683393981,16.5,18.0,1.0,0,0,35,5,5.0,4.0,31.0
445,1,right_lane,adaptive,True,0.01,40,0,22.018957345971565,0.0,5.5,4.041938116866277,62.979397668430714,43.22939766843072,19.75,18.0,1.0,0,0,39,1,0.0,1.0,39.0
446,1,right_lane,adaptive,True,0.01,40,0,22.518957345971565,0.0,6.5,3.51525284571926,64.0303317535545,44.030331753554506,20.0,18.0,1.0,0,0,38,2,0.0,0.0,40.0
447,1,right_lane,adaptive,True,0.01,40,0,25.14395734425377,0.0,1.0,2.4453201285439263,68.23033175080603,48.230331750806045,20.0,18.0,1.0,0,0,33,7,0.0,0.0,40.0
448,1,right_lane,adaptive,True,0.01,40,0,21.768957334666844,0.0,1.0,4.062669751627254,62.579397649653586,42.82939764965359,19.75,18.0,1.0,0,0,39,1,0.0,1.0,39.0
449,1,right_lane,adaptive,True,0.01,40,0,23.75000009886436,3.0,0.0,5.940418269066868,64.24929202156055,45.999292021560564,18.25,18.0,1.0,0,0,38,2,0.0,7.0,33.0
450,1,right_lane,adaptive,True,0.01,40,0,21.643957345971565,0.5,4.0,4.427935462804953,62.3797422543858,42.6297422543858,19.75,18.0,1.0,0,0,39,1,0.0,1.0,39.0
451,1,right_lane,adaptive,True,0.01,40,0,21.893957345971497,0.0,4.5,3.7446094160363828,63.0303317535544,43.03033175355439,20.0,18.0,1.0,0,0,38,2,0.0,0.0,40.0
452,1,right_lane,adaptive,True,0.01,40,0,20.393957345971565,0.0,20.5,5.163618840277195,60.37939766652045,40.62939766652045,19.75,18.0,1.0,0,0,40,0,0.0,1.0,39.0
453,1,right_lane,adaptive,True,0.01,40,0,25.51895734425659,7.0,0.0,9.084030760655878,64.82725434949973,48.827254349499725,16.0,18.0,1.0,0,0,35,5,6.0,4.0,30.0
454,1,right_lane,adaptive,True,0.01,40,0,21.018957345971565,3.0,8.5,8.028772234916687,59.62805445324144,41.62805445324144,18.0,18.0,1.0,0,0,40,0,1.0,6.0,33.0
455,1,right_lane,adaptive,True,0.01,40,0,23.14395100608661,6.0,5.0,9.582675664147246,61.528449908142136,45.028449908142136,16.5,18.0,1.0,0,0,38,2,1.0,12.0,27.0
456,1,right_lane,adaptive,True,0.01,40,0,25.01895734596765,26.5,6.5,27.94876578450203,54.52736356788876,48.02736356788876,6.5,18.0,1.0,0,0,40,0,24.0,6.0,10.0
457,1,right_lane,adaptive,True,0.01,40,0,23.018957345971565,8.5,11.0,10.893942549606436,60.57673754783869,44.82673754783868,15.75,18.0,1.0,0,0,39,1,7.0,3.0,30.0
458,1,right_lane,adaptive,True,0.01,40,0,22.018957345971565,7.5,13.0,11.15660884603858,59.225626412802015,43.22562641280201,16.0,18.0,1.0,0,0,40,0,2.0,12.0,26.0
459,1,right_lane,adaptive,True,0.01,40,0,22.51895734596765,0.0,3.5,3.5711385748072644,64.03033175354824,44.030331753548246,20.0,18.0,1.0,0,0,38,2,0.0,0.0,40.0
460,1,right_lane,adaptive,True,0.01,40,0,23.393957345941892,3.5,6.0,7.574982666721553,63.17649483701207,45.42649483701207,17.75,18.0,1.0,0,0,38,2,1.0,7.0,32.0
461,1,right_lane,adaptive,True,0.01,40,0,23.018914066890947,20.0,5.5,22.54991064965725,54.32463017730131,44.82463017730131,9.5,18.0,1.0,0,0,40,0,12.0,18.0,10.0
462,1,right_lane,adaptive,True,0.01,40,0,21.143957345971565,0.0,1.5,4.155587203800678,61.8303317535545,41.83033175355451,20.0,18.0,1.0,0,0,40,0,0.0,0.0,40.0
463,1,right_lane,adaptive,True,0.01,40,0,23.26895733317815,11.0,10.0,13.144883148769622,59.97891277627476,45.22891277627476,14.75,18.0,1.0,0,0,38,2,0.0,21.0,19.0
464,1,right_lane,adaptive,True,0.01,40,0,22.268957345971565,5.0,10.0,8.33191231030355,60.877461014263744,43.627461014263744,17.25,18.0,1.0,0,0,36,4,4.0,3.0,33.0
465,1,right_lane,adaptive,True,0.01,40,0,20.643957345971565,0.0,0.5,2.5538926464287215,61.030331753554506,41.030331753554506,20.0,18.0,1.0,0,0,32,8,0.0,0.0,40.0
466,1,right_lane,adaptive,True,0.01,40,0,21.268957345971565,3.5,1.0,6.986781317740679,60.02939973591779,42.02939973591779,18.0,18.0,1.0,0,0,40,0,0.0,8.0,32.0
467,1,right_lane,adaptive,True,0.01,40,0,23.393671887003826,2.0,2.5,4.57282883586231,64.427990010195,45.427990010194996,19.0,18.0,1.0,0,0,36,4,0.0,4.0,36.0
468,1,right_lane,adaptive,True,0.01,40,0,23.122552552495204,7.5,3.5,10.850742348989115,60.74373090798032,44.99373090798033,15.75,18.0,1.0,0,0,38,2,5.0,7.0,28.0
469,1,right_lane,adaptive,True,0.01,40,0,21.518956496389606,12.0,6.5,13.890713833272457,56.92827614332603,42.42827614332603,14.5,18.0,1.0,0,0,40,0,9.0,4.0,27.0
470,1,right_lane,adaptive,True,0.01,40,0,23.768957345971565,8.0,1.0,11.187031853920416,61.775699061288044,46.02569906128804,15.75,18.0,1.0,0,0,38,2,6.0,5.0,29.0
471,1,right_lane,adaptive,True,0.01,40,0,21.393957345971565,0.0,14.5,4.365160967246538,62.2303317535545,42.2303317535545,20.0,18.0,1.0,0,0,38,2,0.0,0.0,40.0
472,1,right_lane,adaptive,True,0.01,40,0,21.643957345971565,3.5,1.5,6.798940725624561,60.876660204700585,42.62666020470059,18.25,18.0,1.0,0,0,40,0,0.0,7.0,33.0
473,1,right_lane,adaptive,True,0.01,40,0,23.393957345971565,11.5,0.0,14.15559708327055,59.17837714353317,45.42837714353317,13.75,18.0,1.0,0,0,40,0,12.0,1.0,27.0
474,1,right_lane,adaptive,True,0.01,40,0,23.768956596934334,10.0,2.0,12.922803157940507,60.52483695697652,46.02483695697652,14.5,18.0,1.0,0,0,40,0,9.0,4.0,27.0
475,1,right_lane,adaptive,True,0.01,40,0,23.73104265405818,35.0,1.0,35.099068865180016,48.46391699015243,45.96391699015243,2.5,18.0,1.0,0,0,40,0,31.0,8.0,1.0
476,1,right_lane,adaptive,True,0.01,40,0,22.500005701017248,7.0,6.5,10.366945671687859,60.4951033889734,43.99510338897341,16.5,18.0,1.0,0,0,38,2,4.0,6.0,30.0
477,1,right_lane,adaptive,True,0.01,40,0,21.643957344286836,1.0,3.5,3.57265259837186,62.128671712059244,42.628671712059244,19.5,18.0,1.0,0,0,31,9,0.0,2.0,38.0
478,1,right_lane,adaptive,True,0.01,40,0,23.768957345971565,0.5,1.0,4.316883289068301,65.2783984050733,46.028398405073304,19.25,18.0,1.0,0,0,37,3,1.0,1.0,38.0
479,1,right_lane,adaptive,True,0.01,11,1,26.43239401048844,11.0,0.0,10.73291164636612,13.830253364614917,13.830253364614917,0.0,18.0,1.0,0,0,11,0,11.0,0.0,0.0
480,1,right_lane,adaptive,True,0.01,40,0,24.143956596931382,0.5,3.5,4.276626356184465,66.12800186214956,46.62800186214957,19.5,18.0,1.0,0,0,38,2,0.0,2.0,38.0
481,1,right_lane,adaptive,True,0.01,40,0,23.01895724878809,0.5,3.0,4.424351498239503,64.07839895336734,44.82839895336735,19.25,18.0,1.0,0,0,35,5,1.0,1.0,38.0
482,1,right_lane,adaptive,True,0.01,40,0,22.01859175625804,0.5,1.5,3.8670714658858287,62.47781416526715,43.227814165267155,19.25,18.0,1.0,0,0,39,1,1.0,1.0,38.0
483,1,right_lane,adaptive,True,0.01,40,0,21.768957345971565,2.0,4.0,5.5478613674640656,61.82869013472682,42.82869013472683,19.0,18.0,1.0,0,0,40,0,0.0,4.0,36.0
484,1,right_lane,adaptive,True,0.01,40,0,22.518957345941836,0.0,3.5,3.144360999282071,63.77939832963854,44.02939832963854,19.75,18.0,1.0,0,0,27,13,0.0,1.0,39.0
485,1,right_lane,adaptive,True,0.01,40,0,21.768957260126378,0.0,0.5,2.6255737740184486,62.8303316162022,42.83033161620221,20.0,18.0,1.0,0,0,38,2,0.0,0.0,40.0
486,1,right_lane,adaptive,True,0.01,40,0,20.643957345971565,22.0,3.0,21.938346303819344,49.52852869818281,41.02852869818281,8.5,18.0,1.0,0,0,32,8,21.0,4.0,15.0
487,1,right_lane,adaptive,True,0.01,40,0,20.768957345971565,0.5,4.0,5.115336500108242,60.47839840434077,41.22839840434077,19.25,18.0,1.0,0,0,40,0,1.0,1.0,38.0
488,1,right_lane,adaptive,True,0.01,40,0,23.643957345971565,8.5,2.0,9.658300760529528,61.07868778917317,45.82868778917317,15.25,18.0,1.0,0,0,27,13,7.0,5.0,28.0
489,1,right_lane,adaptive,True,0.01,40,0,20.518957345971565,0.0,3.0,4.517185129225254,60.57939766652046,40.82939766652044,19.75,18.0,1.0,0,0,40,0,0.0,1.0,39.0
490,1,right_lane,adaptive,True,0.01,40,0,22.768957345971565,2.5,5.0,5.953791891388391,63.42940002175364,44.42940002175364,19.0,18.0,1.0,0,0,36,4,0.0,4.0,36.0
491,1,right_lane,adaptive,True,0.01,40,0,22.768957345971565,5.0,7.0,8.79310946671103,61.6784093355081,44.42840933550809,17.25,18.0,1.0,0,0,38,2,0.0,11.0,29.0
492,1,right_lane,adaptive,True,0.01,40,0,21.643957345971565,0.0,7.5,3.652678518085395,62.63033175355451,42.6303317535545,20.0,18.0,1.0,0,0,38,2,0.0,0.0,40.0
493,1,right_lane,adaptive,True,0.01,40,0,22.64395659350593,5.5,1.5,7.748762848029401,60.97769011232589,44.22769011232589,16.75,18.0,1.0,0,0,25,15,2.0,9.0,29.0
494,1,right_lane,adaptive,True,0.01,40,0,22.768957345971565,0.0,9.5,3.6914938427707966,64.4303317535545,44.43033175355449,20.0,18.0,1.0,0,0,36,4,0.0,0.0,40.0
495,1,right_lane,adaptive,True,0.01,40,0,22.518957345971565,9.5,0.5,12.09195664525032,58.7783759102183,44.02837591021831,14.75,18.0,1.0,0,0,40,0,10.0,1.0,29.0
496,1,right_lane,adaptive,True,0.01,40,0,23.518957345971565,16.5,3.5,18.632329688756727,56.878072441673204,45.628072441673204,11.25,18.0,1.0,0,0,38,2,14.0,7.0,19.0
497,1,right_lane,adaptive,True,0.01,40,0,21.268957345971565,3.0,8.5,7.985772269923473,60.027942482545036,42.02794248254503,18.0,18.0,1.0,0,0,39,1,1.0,6.0,33.0
498,1,right_lane,adaptive,True,0.01,40,0,21.518957345971565,0.5,14.0,5.332360731895278,61.678399108860894,42.428399108860894,19.25,18.0,1.0,0,0,36,4,1.0,1.0,38.0
499,1,right_lane,adaptive,True,0.01,40,0,22.518957345941395,6.0,5.5,10.160711329430342,60.77726895667347,44.02726895667347,16.75,18.0,1.0,0,0,40,0,2.0,9.0,29.0
500,1,right_lane,adaptive,True,0.01,40,0,21.893957345971565,2.0,1.5,4.3799000371327566,62.02869013429935,43.028690134299346,19.0,18.0,1.0,0,0,38,2,0.0,4.0,36.0
501,1,right_lane,adaptive,True,0.01,40,0,22.268957345971565,0.0,0.0,3.0751189963957586,63.63033175355451,43.6303317535545,20.0,18.0,1.0,0,0,37,3,0.0,0.0,40.0
502,1,right_lane,adaptive,True,0.01,40,0,22.768957345971565,1.0,0.5,4.542094901946257,63.427003839871624,44.427003839871624,19.0,18.0,1.0,0,0,37,3,1.0,2.0,37.0
503,1,right_lane,adaptive,True,0.01,40,0,22.393957345971565,1.5,8.0,5.36182253442621,62.82870405918549,43.828704059185476,19.0,18.0,1.0,0,0,39,1,0.0,4.0,36.0
504,1,right_lane,adaptive,True,0.01,40,0,24.51895734596759,12.5,2.5,15.062484732984785,60.47629649113556,47.22629649113554,13.25,18.0,1.0,0,0,37,3,8.0,11.0,21.0
505,1,right_lane,adaptive,True,0.01,40,0,23.26858615410515,2.0,1.0,4.84725832318577,63.72711093142078,45.22711093142079,18.5,18.0,1.0,0,0,38,2,1.0,4.0,35.0
506,1,right_lane,adaptive,True,0.01,40,0,22.893957345971565,1.5,3.5,5.230983110919624,63.62734674813151,44.62734674813151,19.0,18.0,1.0,0,0,37,3,0.0,4.0,36.0
507,1,right_lane,adaptive,True,0.01,40,0,21.768957345971565,12.5,10.0,15.131802253151818,56.82711137546832,42.827111375468306,14.0,18.0,1.0,0,0,39,1,8.0,8.0,24.0
508,1,right_lane,adaptive,True,0.01,40,0,21.018957345971565,0.0,7.0,4.670009643270987,61.63033175355449,41.6303317535545,20.0,18.0,1.0,0,0,39,1,0.0,0.0,40.0
509,1,right_lane,adaptive,True,0.01,40,0,23.51895734597098,10.0,1.5,13.23570002553788,60.12770905824187,45.62770905824187,14.5,18.0,1.0,0,0,38,2,7.0,8.0,25.0
510,1,right_lane,adaptive,True,0.01,40,0,22.893957345971565,0.5,9.0,4.6664043068667524,63.87839910886088,44.62839910886088,19.25,18.0,1.0,0,0,35,5,1.0,1.0,38.0
511,1,right_lane,adaptive,True,0.01,40,0,20.518957345971565,2.0,11.5,6.715544775128365,59.57899122942999,40.82899122942999,18.75,18.0,1.0,0,0,40,0,0.0,5.0,35.0
512,1,right_lane,adaptive,True,0.01,40,0,20.518957345971565,3.0,5.0,6.877488695085049,59.08026643038966,40.830266430389656,18.25,18.0,1.0,0,0,40,0,0.0,7.0,33.0
513,1,right_lane,adaptive,True,0.01,40,0,23.018957345971565,3.0,9.5,7.244222260313109,63.07752947495497,44.82752947495496,18.25,18.0,1.0,0,0,39,1,0.0,7.0,33.0
514,1,right_lane,adaptive,True,0.01,40,0,21.893957345971565,11.0,6.5,14.095191955566406,57.27846317970753,43.02846317970752,14.25,18.0,1.0,0,0,40,0,5.0,13.0,22.0
515,1,right_lane,adaptive,True,0.01,40,0,23.14395734426102,5.0,4.0,7.535284937170218,62.27820063622732,45.02820063622731,17.25,18.0,1.0,0,0,35,5,4.0,3.0,33.0
516,1,right_lane,adaptive,True,0.01,40,0,25.018951645175655,10.5,2.0,12.694319052000765,62.5260872381985,48.0260872381985,14.5,18.0,1.0,0,0,34,6,2.0,18.0,20.0
517,1,right_lane,adaptive,True,0.01,40,0,23.01895734596817,13.5,2.5,16.276983998715878,57.57936954121351,44.829369541213495,12.75,18.0,1.0,0,0,40,0,12.0,5.0,23.0
518,1,right_lane,adaptive,True,0.01,40,0,23.018957331271576,3.0,5.0,6.4485432386929915,63.32893424592378,44.82893424592377,18.5,18.0,1.0,0,0,39,1,0.0,6.0,34.0
519,1,right_lane,adaptive,True,0.01,40,0,23.268957345971565,4.5,12.5,8.379441241298082,62.477277484121814,45.227277484121814,17.25,18.0,1.0,0,0,37,3,3.0,5.0,32.0
520,1,right_lane,adaptive,True,0.01,40,0,21.64395734596765,3.0,7.5,7.4812909588217735,60.62867098412415,42.62867098412414,18.0,18.0,1.0,0,0,40,0,3.0,2.0,35.0
521,1,right_lane,adaptive,True,0.01,40,0,22.518957345937928,2.5,0.5,5.772351409426847,62.27769022234405,44.02769022234405,18.25,18.0,1.0,0,0,39,1,1.0,5.0,34.0
522,1,right_lane,adaptive,True,0.01,40,0,24.018957345971565,3.5,2.0,6.563801316708918,64.17651067297312,46.42651067297312,17.75,18.0,1.0,0,0,36,4,1.0,7.0,32.0
523,1,right_lane,adaptive,True,0.01,40,0,22.249720243734682,2.0,13.0,6.134411186321813,62.59860169157873,43.59860169157872,19.0,18.0,1.0,0,0,38,2,0.0,4.0,36.0
524,1,right_lane,adaptive,True,0.01,40,0,23.393957345941903,16.5,1.5,18.229907969291162,57.17581449804125,45.42581449804125,11.75,18.0,1.0,0,0,37,3,6.0,21.0,13.0
525,1,right_lane,adaptive,True,0.01,40,0,23.625043292099726,12.5,3.0,15.750469833612442,59.04801742484301,45.79801742484302,13.25,18.0,1.0,0,0,40,0,12.0,3.0,25.0
526,1,right_lane,adaptive,True,0.01,40,0,22.393957345971565,37.5,1.5,36.997130215168,45.5773098623807,43.8273098623807,1.75,18.0,1.0,0,0,40,0,34.0,5.0,1.0
527,1,right_lane,adaptive,True,0.01,40,0,21.518957345971565,6.5,10.0,11.039679571986198,58.67695036582052,42.42695036582052,16.25,18.0,1.0,0,0,40,0,2.0,11.0,27.0
528,1,right_lane,adaptive,True,0.01,40,0,22.497510011146723,32.5,1.5,31.65633609259885,47.246013059900775,43.996013059900775,3.25,18.0,1.0,0,0,39,1,33.0,1.0,6.0
529,1,right_lane,adaptive,True,0.01,40,0,21.356049105796927,2.5,15.0,7.064406327903271,60.91896822984966,42.16896822984966,18.75,18.0,1.0,0,0,40,0,0.0,5.0,35.0
530,1,right_lane,adaptive,True,0.01,20,1,24.287914691875834,0.5,0.0,2.015038814120544,33.17939832963227,23.429398329632274,9.75,18.0,1.0,0,0,19,1,0.0,1.0,19.0
531,1,right_lane,adaptive,True,0.01,40,0,22.643957345971565,0.0,7.0,3.7391215187187754,64.23033175355451,44.23033175355451,20.0,18.0,1.0,0,0,37,3,0.0,0.0,40.0
532,1,right_lane,adaptive,True,0.01,40,0,22.518957345971565,9.5,13.5,13.328977160155773,58.7783759102183,44.02837591021831,14.75,18.0,1.0,0,0,40,0,10.0,1.0,29.0
533,1,right_lane,adaptive,True,0.01,40,0,21.643957345971565,0.0,1.0,3.7151501129565077,62.63033175355449,42.6303317535545,20.0,18.0,1.0,0,0,38,2,0.0,0.0,40.0
534,1,right_lane,adaptive,True,0.01,40,0,25.7689573444828,12.0,1.0,13.882668659402498,62.728686798246805,49.228686798246805,13.5,18.0,1.0,0,0,38,2,12.0,2.0,26.0
535,1,right_lane,adaptive,True,0.01,40,0,20.518957345971565,0.0,5.0,4.581789744122943,60.57939766773994,40.82939766773995,19.75,18.0,1.0,0,0,38,2,0.0,1.0,39.0
536,1,right_lane,adaptive,True,0.01,40,0,20.393957345971565,0.0,3.5,3.3315935991704464,60.6303317535545,40.6303317535545,20.0,18.0,1.0,0,0,40,0,0.0,0.0,40.0
537,1,right_lane,adaptive,True,0.01,40,0,23.018957345971565,0.0,0.5,2.589238993640265,64.8303317535545,44.830331753554496,20.0,18.0,1.0,0,0,36,4,0.0,0.0,40.0
538,1,right_lane,adaptive,True,0.01,40,0,20.893957345971565,1.0,15.5,6.325300857424736,60.678399108808776,41.42839910880876,19.25,18.0,1.0,0,0,40,0,1.0,1.0,38.0
539,1,right_lane,adaptive,True,0.01,40,0,23.018957345971565,5.5,0.5,8.901398312930723,61.578915453789094,44.82891545378908,16.75,18.0,1.0,0,0,37,3,5.0,3.0,32.0
540,1,right_lane,adaptive,True,0.01,40,0,23.393957345971565,3.0,1.5,5.25523150679237,63.928917038045995,45.428917038045995,18.5,18.0,1.0,0,0,38,2,0.0,6.0,34.0
541,1,right_lane,adaptive,True,0.01,40,0,20.643957345971565,0.5,1.0,5.179387025535107,60.2783984043395,41.0283984043395,19.25,18.0,1.0,0,0,40,0,1.0,1.0,38.0
542,1,right_lane,adaptive,True,0.01,40,0,21.393957345971565,7.0,3.0,9.96121022339139,58.22659534772292,42.22659534772292,16.0,18.0,1.0,0,0,34,6,7.0,2.0,31.0
543,1,right_lane,adaptive,True,0.01,40,0,23.018957345971565,10.5,4.0,14.058258771896362,59.07536779528571,44.8253677952857,14.25,18.0,1.0,0,0,40,0,6.0,11.0,23.0
544,1,right_lane,adaptive,True,0.01,40,0,22.268957345971565,8.0,9.0,11.61829086765647,59.62891498941334,43.62891498941334,16.0,18.0,1.0,0,0,40,0,5.0,6.0,29.0
545,1,right_lane,adaptive,True,0.01,40,0,21.518957345971565,0.0,1.5,3.8696278539209743,62.430331753554505,42.430331753554505,20.0,18.0,1.0,0,0,38,2,0.0,0.0,40.0
546,1,right_lane,adaptive,True,0.01,40,0,21.268957345971565,12.5,12.0,15.97655550390482,55.28033172998211,42.03033172998211,13.25,18.0,1.0,0,0,40,0,13.0,1.0,26.0
547,1,right_lane,adaptive,True,0.01,40,0,24.643957345971486,3.0,1.5,5.974673121771957,65.67863362077134,47.428633620771336,18.25,18.0,1.0,0,0,35,5,0.0,7.0,33.0
548,1,right_lane,adaptive,True,0.01,40,0,24.018627944706306,3.0,3.0,6.005908817818636,64.67729436108559,46.42729436108558,18.25,18.0,1.0,0,0,38,2,1.0,5.0,34.0
549,1,right_lane,adaptive,True,0.01,40,0,21.141789654732086,0.5,2.5,4.61955731920898,61.074930802877724,41.824930802877724,19.25,18.0,1.0,0,0,40,0,1.0,1.0,38.0
550,1,right_lane,adaptive,True,0.01,40,0,22.143957345971565,0.0,1.5,3.1225707073645026,63.1793983296861,43.42939832968611,19.75,18.0,1.0,0,0,39,1,0.0,1.0,39.0
551,1,right_lane,adaptive,True,0.01,40,0,21.643957345971494,0.0,2.0,3.3786100900315432,62.6303317535544,42.630331753554394,20.0,18.0,1.0,0,0,38,2,0.0,0.0,40.0
552,1,right_lane,adaptive,True,0.01,40,0,21.6417895688869,0.0,6.5,3.644632881416328,62.37592922440447,42.62592922440446,19.75,18.0,1.0,0,0,36,4,0.0,1.0,39.0
553,1,right_lane,adaptive,True,0.01,40,0,21.518919754889087,0.0,7.0,4.111419150491201,62.43027160782254,42.43027160782254,20.0,18.0,1.0,0,0,37,3,0.0,0.0,40.0
554,1,right_lane,adaptive,True,0.01,40,0,22.500005701017248,5.0,2.5,8.454441380708886,61.49907741940333,43.99907741940333,17.5,18.0,1.0,0,0,38,2,0.0,10.0,30.0
555,1,right_lane,adaptive,True,0.01,40,0,20.874720243734682,1.0,13.5,4.922143936529096,61.1486043159982,41.3986043159982,19.75,18.0,1.0,0,0,39,1,0.0,1.0,39.0
556,1,right_lane,adaptive,True,0.01,40,0,22.50032874938229,5.5,1.5,8.997633776344173,60.748571395306136,43.99857139530614,16.75,18.0,1.0,0,0,39,1,6.0,1.0,33.0
557,1,right_lane,adaptive,True,0.01,40,0,22.143957345971565,11.0,0.5,13.24984896183014,57.926592994521954,43.426592994521954,14.5,18.0,1.0,0,0,40,0,10.0,2.0,28.0
558,1,right_lane,adaptive,True,0.01,40,0,22.768957345971558,18.0,3.0,19.62246783657065,55.42538068411075,44.425380684110735,11.0,18.0,1.0,0,0,38,2,12.0,12.0,16.0
559,1,right_lane,adaptive,True,0.01,40,0,24.518957345971565,21.0,2.5,23.376114520784995,56.474805287699425,47.224805287699425,9.25,18.0,1.0,0,0,38,2,8.0,27.0,5.0
560,1,right_lane,adaptive,True,0.01,40,0,21.018957345971565,0.5,2.0,5.011293917894363,60.87839840434149,41.628398404341496,19.25,18.0,1.0,0,0,40,0,1.0,1.0,38.0
561,1,right_lane,adaptive,True,0.01,40,0,21.643957345971565,23.0,5.0,23.93638464558535,51.12839824688418,42.62839824688418,8.5,18.0,1.0,0,0,37,3,21.0,4.0,15.0
562,1,right_lane,adaptive,True,0.01,40,0,25.393951547804928,0.5,1.5,3.5589017903384956,67.8783898317943,48.62838983179429,19.25,18.0,1.0,0,0,35,5,1.0,1.0,38.0
563,1,right_lane,adaptive,True,0.01,40,0,23.518957345971565,2.5,1.5,5.063575023077647,63.87698248929912,45.6269824892991,18.25,18.0,1.0,0,0,29,11,1.0,5.0,34.0
564,1,right_lane,adaptive,True,0.01,40,0,20.268957345971565,0.0,17.5,5.303548708558083,60.430331753554505,40.430331753554505,20.0,18.0,1.0,0,0,40,0,0.0,0.0,40.0
565,1,right_lane,adaptive,True,0.01,40,0,21.643957345971565,0.0,1.5,3.7289030987194565,62.6303317535545,42.6303317535545,20.0,18.0,1.0,0,0,38,2,0.0,0.0,40.0
566,1,right_lane,adaptive,True,0.01,40,0,22.89395239567967,1.5,5.5,5.393469970123078,63.62775011681768,44.62775011681768,19.0,18.0,1.0,0,0,38,2,0.0,4.0,36.0
567,1,right_lane,adaptive,True,0.01,40,0,21.268957345971554,2.5,8.0,6.937778867781162,60.779376400526374,42.02937640052639,18.75,18.0,1.0,0,0,40,0,0.0,5.0,35.0
568,1,right_lane,adaptive,True,0.01,40,0,23.018957345971565,19.5,1.0,20.827065601944923,54.82759113215802,44.82759113215802,10.0,18.0,1.0,0,0,40,0,18.0,4.0,18.0
569,1,right_lane,adaptive,True,0.01,40,0,21.643957345971565,4.0,0.0,4.517383240309755,60.62644727848594,42.62644727848594,18.0,18.0,1.0,0,0,23,17,3.0,2.0,35.0
570,1,right_lane,adaptive,True,0.01,40,0,24.393957345971565,0.5,4.0,3.126921079880276,66.77893648491145,47.028936484911455,19.75,18.0,1.0,0,0,33,7,0.0,1.0,39.0
571,1,right_lane,adaptive,True,0.01,40,0,22.143957345971565,6.0,2.5,9.796473164111376,60.177977157231524,43.427977157231524,16.75,18.0,1.0,0,0,40,0,4.0,5.0,31.0
572,1,right_lane,adaptive,True,0.01,40,0,24.39395734597149,7.5,5.5,9.992963040767108,63.277517685425785,47.02751768542578,16.25,18.0,1.0,0,0,37,3,6.0,3.0,31.0
573,1,right_lane,adaptive,True,0.01,40,0,23.76890845343341,14.0,10.5,17.580733514681924,59.02650997596762,46.02650997596762,13.0,18.0,1.0,0,0,37,3,3.0,22.0,15.0
574,1,right_lane,adaptive,True,0.01,40,0,23.250043292099726,0.5,0.0,3.310330076697028,64.69774061554762,45.19774061554761,19.5,18.0,1.0,0,0,38,2,0.0,2.0,38.0
575,1,right_lane,adaptive,True,0.01,40,0,21.643957345971565,0.0,5.0,3.6364120352372993,62.379398329686104,42.62939832968609,19.75,18.0,1.0,0,0,38,2,0.0,1.0,39.0
576,1,right_lane,adaptive,True,0.01,40,0,24.268957345971565,18.0,10.5,21.458376795053482,57.579101235951605,46.829101235951605,10.75,18.0,1.0,0,0,40,0,16.0,5.0,19.0
577,1,right_lane,adaptive,True,0.01,40,0,23.018950896143302,2.0,2.0,4.982514047629593,63.57867912349788,44.828679123497864,18.75,18.0,1.0,0,0,38,2,0.0,5.0,35.0
578,1,right_lane,adaptive,True,0.01,40,0,20.393957345971565,0.0,14.0,4.554958872497082,60.6303317535545,40.6303317535545,20.0,18.0,1.0,0,0,40,0,0.0,0.0,40.0
579,1,right_lane,adaptive,True,0.01,40,0,21.893957345971565,3.0,2.0,6.4205500185489655,61.02868925285733,43.028689252857326,18.0,18.0,1.0,0,0,40,0,1.0,6.0,33.0
580,1,right_lane,adaptive,True,0.01,40,0,22.268957345971565,0.0,13.5,4.586008361540735,63.37939832968612,43.62939832968611,19.75,18.0,1.0,0,0,39,1,0.0,1.0,39.0
581,1,right_lane,adaptive,True,0.01,40,0,21.76613860773599,0.0,0.5,3.4269183464348316,62.82582177237759,42.825821772377594,20.0,18.0,1.0,0,0,40,0,0.0,0.0,40.0
582,1,right_lane,adaptive,True,0.01,40,0,22.98104350364404,7.5,2.5,10.10364648940481,60.767045577757024,44.767045577757024,16.0,18.0,1.0,0,0,30,10,1.0,14.0,25.0
583,1,right_lane,adaptive,True,0.01,40,0,23.393957345971565,1.0,7.5,4.41123374079325,64.92939832968611,45.4293983296861,19.5,18.0,1.0,0,0,34,6,0.0,2.0,38.0
584,1,right_lane,adaptive,True,0.01,40,0,22.018957345971565,0.0,5.5,3.8212508258338858,63.2303317535545,43.2303317535545,20.0,18.0,1.0,0,0,38,2,0.0,0.0,40.0
585,1,right_lane,adaptive,True,0.01,40,0,24.518957345971565,10.0,5.5,12.896109230816364,62.22684256501362,47.22684256501362,15.0,18.0,1.0,0,0,40,0,6.0,8.0,26.0
586,1,right_lane,adaptive,True,0.01,40,0,23.393957345971565,13.5,5.0,16.73170567303896,58.17839802984675,45.42839802984675,12.75,18.0,1.0,0,0,40,0,14.0,1.0,25.0
587,1,right_lane,adaptive,True,0.01,40,0,22.500043292099726,0.0,1.0,3.0380529956273676,64.00006926735956,44.00006926735954,20.0,18.0,1.0,0,0,37,3,0.0,0.0,40.0
588,1,right_lane,adaptive,True,0.01,40,0,23.393957345971565,8.5,2.0,11.650525137782097,60.92581615582089,45.42581615582088,15.5,18.0,1.0,0,0,40,0,7.0,4.0,29.0
589,1,right_lane,adaptive,True,0.01,40,0,21.143957345971565,6.0,8.0,9.692341820060392,58.57673087104093,41.82673087104093,16.75,18.0,1.0,0,0,39,1,5.0,3.0,32.0
590,1,right_lane,adaptive,True,0.01,40,0,23.51895174381528,8.5,3.0,11.280820547878648,61.125405605918324,45.625405605918324,15.5,18.0,1.0,0,0,31,9,4.0,10.0,26.0
591,1,right_lane,adaptive,True,0.01,40,0,22.518957345971565,0.5,3.5,4.045334282646309,63.52963839496078,44.029638394960784,19.5,18.0,1.0,0,0,39,1,0.0,2.0,38.0
592,1,right_lane,adaptive,True,0.01,40,0,22.64395733317475,5.5,2.0,8.763255151860449,61.227669651751974,44.227669651751974,17.0,18.0,1.0,0,0,39,1,4.0,4.0,32.0
593,1,right_lane,adaptive,True,0.01,40,0,25.875000736051256,25.0,3.0,25.081072226166725,57.39556932212443,49.39556932212443,8.0,18.0,1.0,0,0,40,0,16.0,16.0,8.0
594,1,right_lane,adaptive,True,0.01,40,0,22.018957345971558,2.5,5.0,6.461667934085199,61.478691429301364,43.228691429301364,18.25,18.0,1.0,0,0,37,3,1.0,5.0,34.0
595,1,right_lane,adaptive,True,0.01,40,0,25.64395734425319,5.5,2.5,8.319232140603617,65.7753623566079,49.0253623566079,16.75,18.0,1.0,0,0,36,4,1.0,11.0,28.0
596,1,right_lane,adaptive,True,0.01,40,0,21.391504197445165,0.0,1.5,2.8088691575394478,62.22640671591227,42.22640671591227,20.0,18.0,1.0,0,0,39,1,0.0,0.0,40.0
597,1,right_lane,adaptive,True,0.01,40,0,20.268957345971565,0.0,3.0,4.5082003101706505,60.430331753554505,40.430331753554505,20.0,18.0,1.0,0,0,40,0,0.0,0.0,40.0
598,1,right_lane,adaptive,True,0.01,40,0,20.75032874938229,0.0,6.0,3.682616028934717,61.20052599901167,41.20052599901167,20.0,18.0,1.0,0,0,40,0,0.0,0.0,40.0
599,1,right_lane,adaptive,True,0.01,40,0,24.375328749382287,3.0,1.5,4.938096251022216,65.74795222893987,46.99795222893987,18.75,18.0,1.0,0,0,35,5,0.0,5.0,35.0
600,1,right_lane,adaptive,True,0.01,40,0,22.268957345971565,10.5,5.5,13.799992673099041,57.878471045841266,43.628471045841266,14.25,18.0,1.0,0,0,40,0,11.0,1.0,28.0
601,1,right_lane,adaptive,True,0.01,40,0,20.643957345971565,0.0,9.0,4.856747053563595,60.77939766774115,41.02939766774115,19.75,18.0,1.0,0,0,40,0,0.0,1.0,39.0
602,1,right_lane,adaptive,True,0.01,40,0,20.518957345971565,0.0,8.0,4.629748225212097,60.57939766773994,40.82939766773995,19.75,18.0,1.0,0,0,40,0,0.0,1.0,39.0
603,1,right_lane,adaptive,True,0.01,40,0,21.268951657973492,0.5,11.5,5.713343918323517,61.27838807568805,42.02838807568805,19.25,18.0,1.0,0,0,40,0,1.0,1.0,38.0
604,1,right_lane,adaptive,True,0.01,40,0,21.518957345971565,0.0,7.5,3.8839896171641612,62.17939832968611,42.42939832968611,19.75,18.0,1.0,0,0,39,1,0.0,1.0,39.0
605,1,right_lane,adaptive,True,0.01,6,1,29.040289365197854,5.0,0.5,5.482322156429291,8.418274900912836,8.168274900912836,0.25,18.0,1.0,0,0,6,0,5.0,1.0,0.0
606,1,right_lane,adaptive,True,0.01,40,0,21.018956694084615,1.5,3.5,5.51863719150424,60.378397360024806,41.6283973600248,18.75,18.0,1.0,0,0,40,0,2.0,1.0,37.0
607,1,right_lane,adaptive,True,0.01,40,0,21.143957344257622,3.0,4.0,7.308724671602249,60.079869830196344,41.829869830196344,18.25,18.0,1.0,0,0,40,0,0.0,7.0,33.0
608,1,right_lane,adaptive,True,0.01,40,0,21.393957345971565,3.0,4.0,6.345114555209875,60.72955227366627,42.22955227366627,18.5,18.0,1.0,0,0,40,0,0.0,6.0,34.0
609,1,right_lane,adaptive,True,0.01,40,0,20.768957345971565,0.5,6.0,4.494255848228931,61.23033175355451,41.2303317535545,20.0,18.0,1.0,0,0,40,0,0.0,0.0,40.0
610,1,right_lane,adaptive,True,0.01,40,0,22.393957345971565,2.5,10.0,6.345770844541676,62.32962355875587,43.82962355875587,18.5,18.0,1.0,0,0,37,3,0.0,6.0,34.0
611,1,right_lane,adaptive,True,0.01,40,0,22.393919103002204,16.5,7.5,19.494547806680202,55.07687803376372,43.82687803376372,11.25,18.0,1.0,0,0,40,0,7.0,21.0,12.0
612,1,right_lane,adaptive,True,0.01,40,0,22.643957345971565,2.0,6.0,6.074819956166721,62.72634685585533,44.22634685585534,18.5,18.0,1.0,0,0,37,3,1.0,4.0,35.0
613,1,right_lane,adaptive,True,0.01,40,0,23.375043292099726,6.0,5.0,9.409994869141883,61.89865296562538,45.39865296562537,16.5,18.0,1.0,0,0,38,2,6.0,2.0,32.0
614,1,right_lane,adaptive,True,0.01,40,0,23.518957234088553,2.5,4.5,6.2363516475447796,63.87677518745697,45.62677518745697,18.25,18.0,1.0,0,0,38,2,1.0,5.0,34.0
615,1,right_lane,adaptive,True,0.01,40,0,22.893957345971565,11.5,5.0,14.856233835220337,58.37842796611383,44.62842796611383,13.75,18.0,1.0,0,0,40,0,9.0,7.0,24.0
616,1,right_lane,adaptive,True,0.01,40,0,21.268957345971565,0.0,0.5,3.4441350558772683,61.77939766774115,42.02939766774115,19.75,18.0,1.0,0,0,40,0,0.0,1.0,39.0
617,1,right_lane,adaptive,True,0.01,40,0,24.018956582201213,10.5,3.5,13.329000852223544,61.17652055927849,46.42652055927848,14.75,18.0,1.0,0,0,38,2,5.0,11.0,24.0
618,1,right_lane,adaptive,True,0.01,40,0,20.893957345971565,0.0,6.5,2.309462251257173,61.17939766774182,41.42939766774183,19.75,18.0,1.0,0,0,32,8,0.0,1.0,39.0
619,1,right_lane,adaptive,True,0.01,40,0,22.143957345971565,1.5,1.5,4.50841208874499,62.17675294095348,43.42675294095347,18.75,18.0,1.0,0,0,38,2,1.0,3.0,36.0
620,1,right_lane,adaptive,True,0.01,40,0,22.64395239570556,0.0,2.0,2.8139140322650746,63.979390409260496,44.229390409260496,19.75,18.0,1.0,0,0,39,1,0.0,1.0,39.0
621,1,right_lane,adaptive,True,0.01,40,0,20.875328749382287,0.0,4.0,3.5399198457598686,61.40052599901167,41.40052599901167,20.0,18.0,1.0,0,0,40,0,0.0,0.0,40.0
622,1,right_lane,adaptive,True,0.01,40,0,24.89145605394815,20.0,6.0,22.198571003973484,57.573008278405425,47.82300827840542,9.75,18.0,1.0,0,0,40,0,17.0,7.0,16.0
623,1,right_lane,adaptive,True,0.01,40,0,23.750043292099726,4.5,6.5,7.101987052029472,64.24915329618585,45.99915329618584,18.25,18.0,1.0,0,0,36,4,2.0,3.0,35.0
624,1,right_lane,adaptive,True,0.01,40,0,20.768957345971565,0.0,1.5,3.00506670383038,61.2303317535545,41.230331753554495,20.0,18.0,1.0,0,0,36,4,0.0,0.0,40.0
625,1,right_lane,adaptive,True,0.01,40,0,21.143634297606518,0.0,0.5,3.6080058589577675,61.57888079035775,41.828880790357765,19.75,18.0,1.0,0,0,40,0,0.0,1.0,39.0
626,1,right_lane,adaptive,True,0.01,40,0,21.768957345971565,2.0,9.0,6.323480566628859,61.57843629652795,42.82843629652797,18.75,18.0,1.0,0,0,38,2,0.0,5.0,35.0
627,1,right_lane,adaptive,True,0.01,40,0,23.641461004214086,0.0,0.5,3.054069085039373,65.82633760674254,45.82633760674255,20.0,18.0,1.0,0,0,39,1,0.0,0.0,40.0
628,1,right_lane,adaptive,True,0.01,40,0,22.893957345971565,18.0,5.5,21.54554907977581,55.12640142690773,44.62640142690773,10.5,18.0,1.0,0,0,40,0,9.0,20.0,11.0
629,1,right_lane,adaptive,True,0.01,40,0,24.268957345971565,9.5,3.5,11.400582900118025,61.578915355338935,46.82891535533892,14.75,18.0,1.0,0,0,27,13,8.0,5.0,27.0
630,1,right_lane,adaptive,True,0.01,40,0,21.393957345971565,6.0,2.0,8.551113098859787,59.22837257836052,42.22837257836052,17.0,18.0,1.0,0,0,40,0,4.0,4.0,32.0
631,1,right_lane,adaptive,True,0.01,40,0,20.268957345971565,3.5,3.5,6.681575745344162,59.180331753554505,40.430331753554505,18.75,18.0,1.0,0,0,40,0,1.0,3.0,36.0
632,1,right_lane,adaptive,True,0.01,40,0,21.143957345971565,0.0,7.5,3.6308152084238827,61.830331753554496,41.83033175355451,20.0,18.0,1.0,0,0,40,0,0.0,0.0,40.0
633,1,right_lane,adaptive,True,0.01,40,0,21.393957345971565,2.0,2.5,5.723635599017143,60.97870585297967,42.22870585297967,18.75,18.0,1.0,0,0,40,0,0.0,5.0,35.0
634,1,right_lane,adaptive,True,0.01,40,0,21.018957345971565,7.5,0.5,9.845911178333154,57.62839840434077,41.62839840434077,16.0,18.0,1.0,0,0,27,13,1.0,14.0,25.0
635,1,right_lane,adaptive,True,0.01,40,0,21.518957345971565,0.5,0.0,4.486343559779925,61.67839840507327,42.42839840507327,19.25,18.0,1.0,0,0,39,1,1.0,1.0,38.0
636,1,right_lane,adaptive,True,0.01,40,0,24.768957234088543,21.5,5.5,22.893964242190123,56.625770158596666,47.62577015859667,9.0,18.0,1.0,0,0,40,0,15.0,14.0,11.0
637,1,right_lane,adaptive,True,0.01,40,0,21.643957345971565,0.5,12.0,4.850662487781847,62.128003336475714,42.628003336475714,19.5,18.0,1.0,0,0,38,2,0.0,2.0,38.0
638,1,right_lane,adaptive,True,0.01,40,0,22.393957345971565,4.0,0.0,7.027613584269602,61.82844883501846,43.82844883501846,18.0,18.0,1.0,0,0,39,1,0.0,8.0,32.0
639,1,right_lane,adaptive,True,0.01,40,0,23.393957345971565,7.0,5.5,8.469531910621072,62.17974226946402,45.429742269464015,16.75,18.0,1.0,0,0,35,5,0.0,13.0,27.0
640,1,right_lane,adaptive,True,0.01,40,0,25.768957234091943,15.5,2.5,17.279500304735848,61.47220286789978,49.22220286789978,12.25,18.0,1.0,0,0,37,3,11.0,9.0,20.0
641,1,right_lane,adaptive,True,0.01,40,0,24.893957345971565,14.5,0.5,16.31764417514205,60.57726708852394,47.82726708852395,12.75,18.0,1.0,0,0,40,0,13.0,3.0,24.0
642,1,right_lane,adaptive,True,0.01,40,0,20.393957345971565,0.5,3.5,5.312482409179211,59.87839717648496,40.62839717648496,19.25,18.0,1.0,0,0,40,0,1.0,1.0,38.0
643,1,right_lane,adaptive,True,0.01,40,0,21.893957236028257,2.0,10.0,5.843028948756,62.02962269118219,43.0296226911822,19.0,18.0,1.0,0,0,38,2,0.0,4.0,36.0
644,1,right_lane,adaptive,True,0.01,40,0,22.143957345971565,0.0,7.0,3.7939607114508362,63.4303317535545,43.430331753554505,20.0,18.0,1.0,0,0,38,2,0.0,0.0,40.0
645,1,right_lane,adaptive,True,0.01,40,0,21.766504197449517,1.0,9.0,5.1262040957808495,62.325490327470895,42.82549032747091,19.5,18.0,1.0,0,0,40,0,0.0,2.0,38.0
646,1,right_lane,adaptive,True,0.01,40,0,21.643957345971565,0.5,1.5,4.024686622258741,61.8783991088609,42.62839910886089,19.25,18.0,1.0,0,0,37,3,1.0,1.0,38.0
647,1,right_lane,adaptive,True,0.01,40,0,23.018957345745726,8.5,6.0,13.04003531485796,60.0760457938581,44.82604579385809,15.25,18.0,1.0,0,0,40,0,5.0,9.0,26.0
648,1,right_lane,adaptive,True,0.01,40,0,20.393957345971565,0.0,1.5,4.359543889760971,60.6303317535545,40.6303317535545,20.0,18.0,1.0,0,0,40,0,0.0,0.0,40.0
649,1,right_lane,adaptive,True,0.01,40,0,22.143957345941836,9.0,9.0,12.851415574550629,58.42788698930148,43.42788698930148,15.0,18.0,1.0,0,0,40,0,4.0,12.0,24.0
650,1,right_lane,adaptive,True,0.01,40,0,22.143957345971565,1.5,1.0,4.511655584775326,62.427760381606504,43.427760381606504,19.0,18.0,1.0,0,0,34,6,0.0,4.0,36.0
651,1,right_lane,adaptive,True,0.01,40,0,20.643957345971565,0.0,0.5,2.291254583746195,61.0303317535545,41.030331753554506,20.0,18.0,1.0,0,0,40,0,0.0,0.0,40.0
652,1,right_lane,adaptive,True,0.01,40,0,24.01895734597105,14.0,4.5,15.953511446743732,59.42665915972145,46.426659159721446,13.0,18.0,1.0,0,0,38,2,10.0,8.0,22.0
653,1,right_lane,adaptive,True,0.01,40,0,21.518957345971565,0.5,4.5,5.060825445011233,61.678399108860894,42.428399108860894,19.25,18.0,1.0,0,0,39,1,1.0,1.0,38.0
654,1,right_lane,adaptive,True,0.01,40,0,23.643957345971486,2.5,2.0,5.686686749278351,64.32751638697967,45.827516386979674,18.5,18.0,1.0,0,0,36,4,0.0,6.0,34.0
655,1,right_lane,adaptive,True,0.01,40,0,23.268957345971565,1.0,0.0,3.763378526433371,64.7286726733522,45.22867267335219,19.5,18.0,1.0,0,0,37,3,0.0,2.0,38.0
656,1,right_lane,adaptive,True,0.01,40,0,21.643957345971565,1.5,13.5,5.35072213942459,61.880265227096245,42.63026522709624,19.25,18.0,1.0,0,0,38,2,0.0,3.0,37.0
657,1,right_lane,adaptive,True,0.01,40,0,21.2689573459715,0.0,4.5,3.805433437228203,62.03033175355437,42.03033175355438,20.0,18.0,1.0,0,0,40,0,0.0,0.0,40.0
658,1,right_lane,adaptive,True,0.01,40,0,20.768957345971565,0.5,0.5,3.8636399507522583,60.47839840434077,41.22839840434077,19.25,18.0,1.0,0,0,40,0,1.0,1.0,38.0
659,1,right_lane,adaptive,True,0.01,40,0,21.768957345971565,9.5,5.5,13.226427808403969,57.578398403031095,42.828398403031095,14.75,18.0,1.0,0,0,40,0,10.0,1.0,29.0
660,1,right_lane,adaptive,True,0.01,40,0,21.375043292099726,0.5,1.0,4.031486334518377,61.44813591685381,42.198135916853815,19.25,18.0,1.0,0,0,37,3,1.0,1.0,38.0
661,1,right_lane,adaptive,True,0.01,40,0,21.393957345971565,9.0,6.5,13.189760053779537,57.9803317535545,42.230331753554495,15.75,18.0,1.0,0,0,38,2,0.0,17.0,23.0
662,1,right_lane,adaptive,True,0.01,40,0,21.393957345971565,8.0,7.5,12.73944565653801,57.9786920830455,42.2286920830455,15.75,18.0,1.0,0,0,40,0,0.0,17.0,23.0
663,1,right_lane,adaptive,True,0.01,40,0,24.37283231047497,9.0,2.5,11.777538757118236,61.99306362863796,46.993063628637955,15.0,18.0,1.0,0,0,38,2,8.0,4.0,28.0
664,1,right_lane,adaptive,True,0.01,40,0,22.268957345971565,3.0,6.0,6.80886330630301,62.12898591718737,43.62898591718738,18.5,18.0,1.0,0,0,38,2,0.0,6.0,34.0
665,1,right_lane,adaptive,True,0.01,40,0,22.768957345967653,10.5,5.0,13.868011392652988,58.678471045835,44.428471045835,14.25,18.0,1.0,0,0,40,0,11.0,1.0,28.0
666,1,right_lane,adaptive,True,0.01,40,0,20.518957345971565,0.0,2.0,4.295720249414444,60.57939766773994,40.82939766773995,19.75,18.0,1.0,0,0,40,0,0.0,1.0,39.0
667,1,right_lane,adaptive,True,0.01,40,0,21.143957334666844,2.0,5.5,5.496509745717049,60.8293798418657,41.8293798418657,19.0,18.0,1.0,0,0,40,0,0.0,4.0,36.0
668,1,right_lane,adaptive,True,0.01,40,0,20.893957345971565,0.0,14.0,4.755355097353458,61.17939766774115,41.42939766774115,19.75,18.0,1.0,0,0,40,0,0.0,1.0,39.0
669,1,right_lane,adaptive,True,0.01,40,0,23.268952382716115,0.0,4.5,3.8073621851076496,64.97938972653245,45.22938972653242,19.75,18.0,1.0,0,0,37,3,0.0,1.0,39.0
670,1,right_lane,adaptive,True,0.01,40,0,20.393957345971565,3.5,4.0,7.382052160799503,58.37938753121758,40.62938753121758,17.75,18.0,1.0,0,0,40,0,2.0,5.0,33.0
671,1,right_lane,adaptive,True,0.01,40,0,22.266461004214154,0.0,1.0,3.8185767331196985,63.375402367889905,43.625402367889905,19.75,18.0,1.0,0,0,38,2,0.0,1.0,39.0
672,1,right_lane,adaptive,True,0.01,40,0,22.143956694084682,0.0,5.0,3.3001385234492773,63.43033071053549,43.4303307105355,20.0,18.0,1.0,0,0,38,2,0.0,0.0,40.0
673,1,right_lane,adaptive,True,0.01,40,0,21.018957345971565,0.0,3.5,4.2248934581293724,61.37939766774114,41.629397667741145,19.75,18.0,1.0,0,0,38,2,0.0,1.0,39.0
674,1,right_lane,adaptive,True,0.01,40,0,23.768957345971565,19.0,7.0,21.41336627304554,56.275415570209375,46.02541557020936,10.25,18.0,1.0,0,0,40,0,15.0,9.0,16.0
675,1,right_lane,adaptive,True,0.01,40,0,22.768957345971565,10.5,2.0,13.729209817945957,58.67837591021666,44.42837591021666,14.25,18.0,1.0,0,0,40,0,11.0,1.0,28.0
676,1,right_lane,adaptive,True,0.01,40,0,21.39395734426102,0.0,10.5,4.1484149126936245,62.23033175081764,42.230331750817626,20.0,18.0,1.0,0,0,39,1,0.0,0.0,40.0
677,1,right_lane,adaptive,True,0.01,40,0,21.268957345971565,4.5,1.5,8.053877048194408,59.53025852782158,42.03025852782158,17.5,18.0,1.0,0,0,40,0,0.0,10.0,30.0
678,1,right_lane,adaptive,True,0.01,40,0,20.733867844032495,4.0,17.0,7.972984364851982,59.17411928309244,41.17411928309244,18.0,18.0,1.0,0,0,39,1,2.0,4.0,34.0
679,1,right_lane,adaptive,True,0.01,40,0,20.518957345971565,0.0,7.0,4.723907299339771,60.57939766773994,40.82939766773995,19.75,18.0,1.0,0,0,40,0,0.0,1.0,39.0
680,1,right_lane,adaptive,True,0.01,40,0,21.268957345746305,0.0,3.5,3.7464712351070375,61.77939766738074,42.02939766738074,19.75,18.0,1.0,0,0,36,4,0.0,1.0,39.0
681,1,right_lane,adaptive,True,0.01,40,0,23.39395734574189,3.0,9.0,6.777528230190001,63.92937610046021,45.429376100460196,18.5,18.0,1.0,0,0,37,3,0.0,6.0,34.0
682,1,right_lane,adaptive,True,0.01,40,0,22.01895164498405,0.5,0.0,4.1614273655213765,62.47838928349324,43.228389283493236,19.25,18.0,1.0,0,0,36,4,1.0,1.0,38.0
683,1,right_lane,adaptive,True,0.01,40,0,23.893957345971565,18.5,8.0,20.608524400740862,56.478883546940736,46.228883546940736,10.25,18.0,1.0,0,0,40,0,16.0,7.0,17.0
684,1,right_lane,adaptive,True,0.01,40,0,23.268957345971565,14.0,2.5,16.432253938168287,57.728429412218944,45.22842941221894,12.5,18.0,1.0,0,0,40,0,10.0,10.0,20.0
685,1,right_lane,adaptive,True,0.01,40,0,25.143957345971494,8.5,2.5,10.635833509462827,63.47338687670812,48.22338687670812,15.25,18.0,1.0,0,0,34,6,4.0,11.0,25.0
686,1,right_lane,adaptive,True,0.01,40,0,23.018957345941903,32.0,1.5,32.332222796976566,48.827244514996245,44.827244514996245,4.0,18.0,1.0,0,0,40,0,29.0,6.0,5.0
687,1,right_lane,adaptive,True,0.01,40,0,24.268957345971565,9.5,0.5,11.360632821520994,61.57891542027473,46.82891542027473,14.75,18.0,1.0,0,0,37,3,9.0,3.0,28.0
688,1,right_lane,adaptive,True,0.01,40,0,21.143951743818675,0.0,8.5,3.3811493790199165,61.579388704986066,41.829388704986066,19.75,18.0,1.0,0,0,35,5,0.0,1.0,39.0
689,1,right_lane,adaptive,True,0.01,40,0,22.643957345971565,0.0,2.0,3.0553541159059705,63.9793983296861,44.22939832968609,19.75,18.0,1.0,0,0,36,4,0.0,1.0,39.0
690,1,right_lane,adaptive,True,0.01,40,0,21.87749644062177,9.5,6.0,13.469654493033886,58.00053374716863,43.00053374716863,15.0,18.0,1.0,0,0,40,0,6.0,8.0,26.0
691,1,right_lane,adaptive,True,0.01,40,0,23.018957345971565,7.0,6.0,10.128294485279184,61.32703358379289,44.82703358379289,16.5,18.0,1.0,0,0,39,1,6.0,2.0,32.0
692,1,right_lane,adaptive,True,0.01,40,0,21.356414695510452,4.0,2.0,7.954259439854013,59.66764252906797,42.16764252906797,17.5,18.0,1.0,0,0,39,1,3.0,4.0,33.0
693,1,right_lane,adaptive,True,0.01,40,0,23.518957345971565,11.0,2.0,13.484377209097147,59.62867342570534,45.62867342570533,14.0,18.0,1.0,0,0,40,0,10.0,4.0,26.0
694,1,right_lane,adaptive,True,0.01,40,0,23.143957345971565,26.5,6.5,27.60554949194193,51.2747331225016,45.024733122501594,6.25,18.0,1.0,0,0,40,0,23.0,9.0,8.0
695,1,right_lane,adaptive,True,0.01,40,0,21.87749644062177,9.0,8.5,12.79415125399828,58.25169899498234,43.001698994982334,15.25,18.0,1.0,0,0,40,0,7.0,5.0,28.0
696,1,right_lane,adaptive,True,0.01,40,0,22.143634297606518,8.0,2.5,11.372675098478794,59.17552736769332,43.42552736769333,15.75,18.0,1.0,0,0,40,0,6.0,5.0,29.0
697,1,right_lane,adaptive,True,0.01,40,0,21.018957345971565,0.0,8.0,3.991282641887665,61.63033175355451,41.6303317535545,20.0,18.0,1.0,0,0,40,0,0.0,0.0,40.0
698,1,right_lane,adaptive,True,0.01,40,0,24.64395734597099,10.0,0.0,12.59358735920614,61.92470823350507,47.42470823350506,14.5,18.0,1.0,0,0,38,2,8.0,6.0,26.0
699,1,right_lane,adaptive,True,0.01,40,0,21.893957345971565,0.0,2.0,3.4637143673953688,62.7793983296861,43.02939832968611,19.75,18.0,1.0,0,0,38,2,0.0,1.0,39.0
700,1,right_lane,adaptive,True,0.01,40,0,21.26895734597105,0.0,2.0,4.1935447826981544,61.77939766651963,42.02939766651963,19.75,18.0,1.0,0,0,40,0,0.0,1.0,39.0
701,1,right_lane,adaptive,True,0.01,40,0,22.018957345971565,17.5,17.0,23.135562548843154,54.4772969310267,43.22729693102669,11.25,18.0,1.0,0,0,39,1,0.0,35.0,5.0
702,1,right_lane,adaptive,True,0.01,40,0,26.643957344282853,9.0,5.0,10.831637271147429,66.12435888702309,50.6243588870231,15.5,18.0,1.0,0,0,36,4,5.0,8.0,27.0
703,1,right_lane,adaptive,True,0.01,40,0,23.00000075075124,0.0,0.0,2.7662429790379974,64.80000120120198,44.800001201201994,20.0,18.0,1.0,0,0,36,4,0.0,0.0,40.0
704,1,right_lane,adaptive,True,0.01,40,0,23.608867844032495,2.0,7.5,5.231405269993729,64.77325184057099,45.773251840571,19.0,18.0,1.0,0,0,36,4,0.0,4.0,36.0
705,1,right_lane,adaptive,True,0.01,40,0,24.018957345971565,13.5,1.0,15.734289409207122,59.17686713733824,46.42686713733824,12.75,18.0,1.0,0,0,38,2,13.0,3.0,24.0
706,1,right_lane,adaptive,True,0.01,40,0,22.018957345971565,2.5,3.0,5.872952036196693,61.72775913294731,43.22775913294732,18.5,18.0,1.0,0,0,37,3,0.0,6.0,34.0
707,1,right_lane,adaptive,True,0.01,40,0,22.143957345971565,4.5,6.0,8.945129834115505,60.67892823084949,43.4289282308495,17.25,18.0,1.0,0,0,40,0,4.0,3.0,33.0
708,1,right_lane,adaptive,True,0.01,40,0,21.625279868148855,6.5,13.0,11.041364789009094,59.099065851205175,42.599065851205175,16.5,18.0,1.0,0,0,40,0,0.0,14.0,26.0
709,1,right_lane,adaptive,True,0.01,40,0,23.393957345745722,6.5,0.5,9.087224892470545,62.17724984316531,45.42724984316531,16.75,18.0,1.0,0,0,38,2,5.0,3.0,32.0
710,1,right_lane,adaptive,True,0.01,40,0,21.518957345970982,2.5,13.0,7.285156525671482,60.928685728198985,42.42868572819898,18.5,18.0,1.0,0,0,40,0,0.0,6.0,34.0
711,1,right_lane,adaptive,True,0.01,40,0,21.518957345971565,1.0,1.5,5.3279099495175615,61.42700593003641,42.42700593003641,19.0,18.0,1.0,0,0,38,2,1.0,2.0,37.0
712,1,right_lane,adaptive,True,0.01,40,0,22.268957345971565,3.5,2.5,7.611126028001308,61.629623587887345,43.62962358788735,18.0,18.0,1.0,0,0,40,0,0.0,8.0,32.0
713,1,right_lane,adaptive,True,0.01,40,0,21.893957345971565,7.0,3.5,10.578356303274632,59.27552077463889,43.02552077463889,16.25,18.0,1.0,0,0,40,0,3.0,9.0,28.0
714,1,right_lane,adaptive,True,0.01,40,0,25.608539845401445,16.5,4.5,18.057460306382154,60.968343749662424,48.96834374966241,12.0,18.0,1.0,0,0,37,3,11.0,10.0,19.0
715,1,right_lane,adaptive,True,0.01,40,0,20.768957345971565,0.0,8.5,4.659129310399294,61.2303317535545,41.23033175355451,20.0,18.0,1.0,0,0,40,0,0.0,0.0,40.0
716,1,right_lane,adaptive,True,0.01,40,0,21.26895239570556,2.5,6.0,6.70933548361063,60.7784707937138,42.0284707937138,18.75,18.0,1.0,0,0,40,0,0.0,5.0,35.0
717,1,right_lane,adaptive,True,0.01,40,0,21.893919004141758,0.0,0.5,2.908926128744497,63.03027040662682,43.030270406626826,20.0,18.0,1.0,0,0,38,2,0.0,0.0,40.0
718,1,right_lane,adaptive,True,0.01,40,0,21.018957345971497,1.0,3.0,5.375187865753105,60.628049088155144,41.628049088155144,19.0,18.0,1.0,0,0,39,1,1.0,2.0,37.0
719,1,right_lane,adaptive,True,0.01,40,0,21.893957345971494,0.0,2.0,2.225103749397931,63.030331753554414,43.030331753554414,20.0,18.0,1.0,0,0,30,10,0.0,0.0,40.0
720,1,right_lane,adaptive,True,0.01,40,0,23.643957345971565,3.0,3.0,5.970344824716449,64.07600570201792,45.82600570201793,18.25,18.0,1.0,0,0,39,1,2.0,3.0,35.0
721,1,right_lane,adaptive,True,0.01,40,0,20.643957345971565,0.0,2.5,3.562822641997627,61.03033175355451,41.030331753554506,20.0,18.0,1.0,0,0,36,4,0.0,0.0,40.0
722,1,right_lane,adaptive,True,0.01,40,0,21.393956694084682,0.0,1.0,2.723552813875358,62.2303307105355,42.2303307105355,20.0,18.0,1.0,0,0,39,1,0.0,0.0,40.0
723,1,right_lane,adaptive,True,0.01,40,0,21.518957345971565,0.0,7.5,3.7596964655140255,62.4303317535545,42.430331753554505,20.0,18.0,1.0,0,0,38,2,0.0,0.0,40.0
724,1,right_lane,adaptive,True,0.01,40,0,21.768957345971565,0.0,0.5,2.7835462040966377,62.83033175355449,42.83033175355449,20.0,18.0,1.0,0,0,34,6,0.0,0.0,40.0
725,1,right_lane,adaptive,True,0.01,40,0,21.143957345971565,17.5,1.5,19.227891974151134,52.830331753554496,41.8303317535545,11.0,18.0,1.0,0,0,40,0,0.0,36.0,4.0
726,1,right_lane,adaptive,True,0.01,40,0,22.393957345971565,15.0,3.5,16.74770414084196,56.325857505506214,43.825857505506214,12.5,18.0,1.0,0,0,40,0,10.0,10.0,20.0
727,1,right_lane,adaptive,True,0.01,40,0,20.76895723602826,1.0,13.5,5.634084604680538,60.47899105352071,41.2289910535207,19.25,18.0,1.0,0,0,40,0,0.0,3.0,37.0
728,1,right_lane,adaptive,True,0.01,40,0,22.143956595442237,0.0,7.0,3.630060932920969,63.430330552707574,43.43033055270757,20.0,18.0,1.0,0,0,37,3,0.0,0.0,40.0
729,1,right_lane,adaptive,True,0.01,40,0,21.893957331241847,1.5,0.0,4.7113066343936225,62.027757735872,43.027757735872,19.0,18.0,1.0,0,0,38,2,0.0,4.0,36.0
730,1,right_lane,adaptive,True,0.01,40,0,21.268957345971565,2.0,5.5,6.019536595791578,60.527875822715245,42.027875822715245,18.5,18.0,1.0,0,0,40,0,1.0,4.0,35.0
731,1,right_lane,adaptive,True,0.01,40,0,23.518957345971565,2.0,0.5,4.589479611526258,64.62844673911705,45.62844673911707,19.0,18.0,1.0,0,0,36,4,0.0,4.0,36.0
732,1,right_lane,adaptive,True,0.01,40,0,21.393957345971565,0.0,1.0,3.36919953225879,61.97939766774115,42.22939766774115,19.75,18.0,1.0,0,0,39,1,0.0,1.0,39.0
733,1,right_lane,adaptive,True,0.01,40,0,23.518957236028264,2.0,5.5,5.17050165262026,64.62869023758932,45.62869023758935,19.0,18.0,1.0,0,0,37,3,0.0,4.0,36.0
734,1,right_lane,adaptive,True,0.01,40,0,22.393957345967202,0.0,0.0,2.948676840250755,63.830331753547526,43.83033175354751,20.0,18.0,1.0,0,0,38,2,0.0,0.0,40.0
735,1,right_lane,adaptive,True,0.01,40,0,22.75249644062177,0.0,4.5,2.8175495924397183,64.40399430499482,44.40399430499483,20.0,18.0,1.0,0,0,35,5,0.0,0.0,40.0
736,1,right_lane,adaptive,True,0.01,40,0,25.643957345967134,8.5,1.5,10.622176361765014,64.77747926251385,49.027479262513836,15.75,18.0,1.0,0,0,36,4,5.0,7.0,28.0
737,1,right_lane,adaptive,True,0.01,40,0,22.643957345971565,6.0,10.0,9.388757201762473,61.22549792906685,44.225497929066854,17.0,18.0,1.0,0,0,38,2,3.0,6.0,31.0
738,1,right_lane,adaptive,True,0.01,40,0,25.393634297602098,8.5,4.0,10.787412503324617,64.37646358582514,48.626463585825135,15.75,18.0,1.0,0,0,37,3,6.0,5.0,29.0
739,1,right_lane,adaptive,True,0.01,40,0,22.893957345971565,7.5,10.0,10.6447976490781,61.128426830651215,44.628426830651215,16.5,18.0,1.0,0,0,39,1,0.0,14.0,26.0
740,1,right_lane,adaptive,True,0.01,40,0,22.268957345971565,0.5,5.5,4.765937322401442,62.8783991088609,43.628399108860904,19.25,18.0,1.0,0,0,38,2,1.0,1.0,38.0
741,1,right_lane,adaptive,True,0.01,40,0,22.393957345971565,0.0,3.5,3.825388119347622,63.8303317535545,43.8303317535545,20.0,18.0,1.0,0,0,37,3,0.0,0.0,40.0
742,1,right_lane,adaptive,True,0.01,40,0,22.643957344482875,0.0,6.0,3.3962882378873473,64.2303317511726,44.2303317511726,20.0,18.0,1.0,0,0,38,2,0.0,0.0,40.0
743,1,right_lane,adaptive,True,0.01,40,0,22.231414695510452,2.0,0.0,3.3054857051279214,62.56957227658948,43.56957227658948,19.0,18.0,1.0,0,0,20,20,0.0,4.0,36.0
744,1,right_lane,adaptive,True,0.01,40,0,21.643957247332974,0.5,3.5,4.954852004603254,61.878398246517754,42.62839824651776,19.25,18.0,1.0,0,0,39,1,1.0,1.0,38.0
745,1,right_lane,adaptive,True,0.01,40,0,21.89395734574624,2.5,9.0,6.739754099114634,61.779410957533536,43.029410957533536,18.75,18.0,1.0,0,0,39,1,0.0,5.0,35.0
746,1,right_lane,adaptive,True,0.01,40,0,21.733867844032495,2.0,4.5,5.873512160106657,61.77325250182637,42.773252501826384,19.0,18.0,1.0,0,0,38,2,0.0,4.0,36.0
747,1,right_lane,adaptive,True,0.01,40,0,21.143957345971565,0.0,0.0,3.023157128596722,61.57939832968609,41.82939832968609,19.75,18.0,1.0,0,0,39,1,0.0,1.0,39.0
748,1,right_lane,adaptive,True,0.01,40,0,21.518957345971565,5.0,12.0,9.379168689250946,59.42640416901777,42.42640416901778,17.0,18.0,1.0,0,0,40,0,4.0,4.0,32.0
749,1,right_lane,adaptive,True,0.01,40,0,21.768957345971565,8.5,6.0,12.989804908633232,58.07962195263644,42.829621952636444,15.25,18.0,1.0,0,0,40,0,6.0,7.0,27.0
750,1,right_lane,adaptive,True,0.01,40,0,21.393957345971565,2.5,1.0,6.309937958986666,60.97931263710943,42.22931263710944,18.75,18.0,1.0,0,0,39,1,0.0,5.0,35.0
751,1,right_lane,adaptive,True,0.01,40,0,21.643957345971565,7.5,2.0,11.09576957207446,58.62791032638868,42.62791032638867,16.0,18.0,1.0,0,0,37,3,6.0,4.0,30.0
752,1,right_lane,adaptive,True,0.01,40,0,20.643957345971554,0.0,5.5,4.342023588716984,61.03033175355448,41.03033175355447,20.0,18.0,1.0,0,0,40,0,0.0,0.0,40.0
753,1,right_lane,adaptive,True,0.01,40,0,21.893957345971565,3.0,0.0,6.4879805466975995,61.52915377570133,43.029153775701324,18.5,18.0,1.0,0,0,38,2,0.0,6.0,34.0
754,1,right_lane,adaptive,True,0.01,40,0,22.768957345971565,5.0,12.5,9.152411444173879,61.428915506176004,44.428915506176,17.0,18.0,1.0,0,0,38,2,5.0,2.0,33.0
755,1,right_lane,adaptive,True,0.01,40,0,26.01895723408803,9.0,4.5,11.447563505952985,65.12820430117115,49.628204301171145,15.5,18.0,1.0,0,0,37,3,5.0,8.0,27.0
756,1,right_lane,adaptive,True,0.01,40,0,22.89390845343341,0.5,1.5,3.8701858688444872,64.12792486889546,44.62792486889547,19.5,18.0,1.0,0,0,38,2,0.0,2.0,38.0
757,1,right_lane,adaptive,True,0.01,40,0,23.14395734574971,0.0,8.0,3.794660378366757,64.77939832933113,45.02939832933114,19.75,18.0,1.0,0,0,38,2,0.0,1.0,39.0
758,1,right_lane,adaptive,True,0.01,40,0,22.018957345971565,26.5,13.5,29.657929182052612,49.728279993567206,43.228279993567206,6.5,18.0,1.0,0,0,40,0,14.0,26.0,0.0
759,1,right_lane,adaptive,True,0.01,40,0,21.643957345971565,0.0,6.0,2.9802180097044584,62.379398329686104,42.629398329686104,19.75,18.0,1.0,0,0,29,11,0.0,1.0,39.0
760,1,right_lane,adaptive,True,0.01,40,0,20.768957345971565,2.5,5.0,6.274668462574482,59.72941566179859,41.22941566179859,18.5,18.0,1.0,0,0,40,0,0.0,6.0,34.0
761,1,right_lane,adaptive,True,0.01,40,0,23.643957345971565,30.5,0.5,30.125004504816843,51.07867169580831,45.828671695808296,5.25,18.0,1.0,0,0,39,1,28.0,3.0,9.0
762,1,right_lane,adaptive,True,0.01,40,0,21.893957345971494,0.0,2.0,4.002921243600213,62.77939766652033,43.02939766652033,19.75,18.0,1.0,0,0,37,3,0.0,1.0,39.0
763,1,right_lane,adaptive,True,0.01,40,0,21.393957345971565,3.5,3.5,7.7130331620574,59.97636507610739,42.22636507610739,17.75,18.0,1.0,0,0,40,0,1.0,7.0,32.0
764,1,right_lane,adaptive,True,0.01,40,0,21.518957345971565,5.0,4.0,8.226352758592384,59.929397667741824,42.42939766774183,17.5,18.0,1.0,0,0,36,4,0.0,10.0,30.0
765,1,right_lane,adaptive,True,0.01,40,0,24.73137130480187,17.0,2.0,16.906714938610094,59.31514433312491,47.56514433312491,11.75,18.0,1.0,0,0,36,4,10.0,13.0,17.0
766,1,right_lane,adaptive,True,0.01,40,0,21.374995148598355,2.5,8.0,6.913889651768841,60.9490391445076,42.1990391445076,18.75,18.0,1.0,0,0,39,1,0.0,5.0,35.0
767,1,right_lane,adaptive,True,0.01,40,0,24.018957345971565,12.0,7.5,15.0956557020545,60.17757404905606,46.42757404905606,13.75,18.0,1.0,0,0,40,0,6.0,13.0,21.0
768,1,right_lane,adaptive,True,0.01,40,0,22.26895239570556,0.5,6.0,4.534629443746326,62.87839118843528,43.62839118843527,19.25,18.0,1.0,0,0,38,2,1.0,1.0,38.0
769,1,right_lane,adaptive,True,0.01,40,0,22.393957345971565,6.5,4.5,10.158785127103329,60.078377144364765,43.82837714436476,16.25,18.0,1.0,0,0,40,0,7.0,1.0,32.0
770,1,right_lane,adaptive,True,0.01,40,0,23.268957345971565,0.0,0.5,2.705779096995684,65.2303317535545,45.230331753554495,20.0,18.0,1.0,0,0,37,3,0.0,0.0,40.0
771,1,right_lane,adaptive,True,0.01,40,0,24.143957345971565,9.0,2.5,12.14406295374829,61.87632496401583,46.62632496401583,15.25,18.0,1.0,0,0,38,2,5.0,9.0,26.0
772,1,right_lane,adaptive,True,0.01,40,0,20.893957345967657,18.0,9.5,20.899358555674553,52.42839577543055,41.42839577543056,11.0,18.0,1.0,0,0,40,0,16.0,4.0,20.0
773,1,right_lane,adaptive,True,0.01,40,0,22.643957345971565,0.0,2.5,1.5341701159784407,64.23033175355451,44.2303317535545,20.0,18.0,1.0,0,0,19,21,0.0,0.0,40.0
774,1,right_lane,adaptive,True,0.01,40,0,23.51895174381527,1.5,2.5,4.636461515954579,64.37838944089069,45.62838944089069,18.75,18.0,1.0,0,0,35,5,2.0,1.0,37.0
775,1,right_lane,adaptive,True,0.01,40,0,20.768957345971565,0.0,5.5,4.326406411826611,61.23033175355451,41.2303317535545,20.0,18.0,1.0,0,0,40,0,0.0,0.0,40.0
776,1,right_lane,adaptive,True,0.01,40,0,20.893957345971565,0.0,13.5,4.82716416195035,61.17939766774182,41.42939766774183,19.75,18.0,1.0,0,0,40,0,0.0,1.0,39.0
777,1,right_lane,adaptive,True,0.01,40,0,22.643957345971565,1.5,2.5,4.210880045990052,63.47828042707498,44.228280427074985,19.25,18.0,1.0,0,0,37,3,0.0,3.0,37.0
778,1,right_lane,adaptive,True,0.01,40,0,23.768957345971565,6.5,3.0,9.438300938683824,62.526333349855385,46.02633334985538,16.5,18.0,1.0,0,0,38,2,2.0,10.0,28.0
779,1,right_lane,adaptive,True,0.01,40,0,23.893957345942347,10.5,0.5,12.074467001550602,60.478893711141076,46.22889371114108,14.25,18.0,1.0,0,0,39,1,11.0,1.0,28.0
780,1,right_lane,adaptive,True,0.01,40,0,21.518957345971565,0.0,2.0,3.708126829759294,62.43033175355451,42.430331753554505,20.0,18.0,1.0,0,0,39,1,0.0,0.0,40.0
781,1,right_lane,adaptive,True,0.01,40,0,24.747552552495204,12.0,1.0,14.351296160760967,61.09466752371205,47.59466752371205,13.5,18.0,1.0,0,0,39,1,12.0,2.0,26.0
782,1,right_lane,adaptive,True,0.01,40,0,20.268957345971565,0.0,16.5,5.053527362644672,60.430331753554505,40.430331753554505,20.0,18.0,1.0,0,0,40,0,0.0,0.0,40.0
783,1,right_lane,adaptive,True,0.01,40,0,25.39391480462308,22.5,7.0,23.81804924005405,57.37696124760206,48.62696124760206,8.75,18.0,1.0,0,0,39,1,10.0,25.0,5.0
784,1,right_lane,adaptive,True,0.01,13,1,26.21215659754951,0.5,1.0,1.1536102093923546,22.730321430725745,16.230321430725745,6.5,18.0,1.0,0,0,10,3,0.0,0.0,13.0
785,1,right_lane,adaptive,True,0.01,40,0,23.143634297606518,12.5,6.5,15.061076211797626,58.27632750739183,45.02632750739183,13.25,18.0,1.0,0,0,34,6,12.0,3.0,25.0
786,1,right_lane,adaptive,True,0.01,40,0,22.143957345971565,0.5,6.5,5.054729205921376,62.678399108860894,43.4283991088609,19.25,18.0,1.0,0,0,39,1,1.0,1.0,38.0
787,1,right_lane,adaptive,True,0.01,40,0,21.518957345971558,0.0,0.5,1.9330359717569081,62.430331753554505,42.43033175355449,20.0,18.0,1.0,0,0,38,2,0.0,0.0,40.0
788,1,right_lane,adaptive,True,0.01,40,0,21.643957345971565,3.5,3.5,7.859440803527832,60.37695013688666,42.62695013688666,17.75,18.0,1.0,0,0,40,0,2.0,5.0,33.0
789,1,right_lane,adaptive,True,0.01,40,0,23.64391480461872,8.0,4.5,10.92959108911964,61.32796272454377,45.82796272454376,15.5,18.0,1.0,0,0,37,3,8.0,2.0,30.0
790,1,right_lane,adaptive,True,0.01,40,0,23.62716769126921,10.0,2.0,12.22525806471458,60.799540439156324,45.799540439156324,15.0,18.0,1.0,0,0,39,1,8.0,4.0,28.0
791,1,right_lane,adaptive,True,0.01,40,0,24.483538442763393,10.0,0.5,12.34219731876874,61.9207739107008,47.1707739107008,14.75,18.0,1.0,0,0,37,3,9.0,3.0,28.0
792,1,right_lane,adaptive,True,0.01,40,0,22.643957345967713,0.0,2.0,3.4654235557700304,64.23033175354833,44.23033175354834,20.0,18.0,1.0,0,0,38,2,0.0,0.0,40.0
793,1,right_lane,adaptive,True,0.01,31,1,23.73413851093105,3.0,2.5,5.015870295871991,49.62869164931101,35.62869164931101,14.0,18.0,1.0,0,0,27,4,0.0,6.0,25.0
794,1,right_lane,adaptive,True,0.01,40,0,22.893914804623023,0.0,1.5,3.8781439271906493,64.37932960158415,44.62932960158415,19.75,18.0,1.0,0,0,37,3,0.0,1.0,39.0
795,1,right_lane,adaptive,True,0.01,40,0,21.768957345971565,0.0,13.5,4.4660050718302955,62.579397667741155,42.82939766774115,19.75,18.0,1.0,0,0,37,3,0.0,1.0,39.0
796,1,right_lane,adaptive,True,0.01,40,0,22.018957345971565,6.5,6.5,10.249214891344309,59.47847394930154,43.228473949301545,16.25,18.0,1.0,0,0,40,0,7.0,1.0,32.0
797,1,right_lane,adaptive,True,0.01,40,0,23.26895155911305,8.5,6.0,10.772292707781162,60.978020953330855,45.22802095333087,15.75,18.0,1.0,0,0,35,5,7.0,3.0,30.0
798,1,right_lane,adaptive,True,0.01,18,1,22.819905213268846,17.5,0.5,17.358716905117035,20.27895284137513,20.028952841375137,0.25,18.0,1.0,0,0,18,0,17.0,1.0,0.0
799,1,right_lane,adaptive,True,0.01,16,1,21.922393364854578,0.0,2.0,1.2001830028693803,25.230331753506935,17.23033175350693,8.0,18.0,1.0,0,0,12,4,0.0,0.0,16.0
800,1,right_lane,adaptive,True,0.01,40,0,21.768957345971565,0.5,13.0,4.698275785363876,62.579397668430744,42.82939766843073,19.75,18.0,1.0,0,0,38,2,0.0,1.0,39.0
801,1,right_lane,adaptive,True,0.01,40,0,23.39395174381868,4.5,4.0,6.458908186626104,63.17791315450552,45.42791315450552,17.75,18.0,1.0,0,0,34,6,0.0,9.0,31.0
802,1,right_lane,adaptive,True,0.01,40,0,22.268957345971565,0.0,1.0,3.1666349309325597,63.3793983296861,43.6293983296861,19.75,18.0,1.0,0,0,37,3,0.0,1.0,39.0
803,1,right_lane,adaptive,True,0.01,40,0,22.018957345971565,8.5,0.5,11.631502121686935,58.47955006084031,43.22955006084031,15.25,18.0,1.0,0,0,40,0,7.0,5.0,28.0
804,1,right_lane,adaptive,True,0.01,40,0,22.393957345971565,3.0,12.0,7.280167633667588,62.07962551510579,43.82962551510579,18.25,18.0,1.0,0,0,40,0,0.0,7.0,33.0
805,1,right_lane,adaptive,True,0.01,40,0,22.643957345971565,1.0,0.5,4.209240600726389,63.22700384084767,44.227003840847665,19.0,18.0,1.0,0,0,37,3,1.0,2.0,37.0
806,1,right_lane,adaptive,True,0.01,40,0,23.39395723434353,7.0,1.0,9.957219333316061,61.428915019152086,45.4289150191521,16.0,18.0,1.0,0,0,37,3,7.0,2.0,31.0
807,1,right_lane,adaptive,True,0.01,40,0,24.768957345971565,9.0,2.5,11.162728865791678,63.12649347181183,47.62649347181182,15.5,18.0,1.0,0,0,38,2,7.0,4.0,29.0
808,1,right_lane,adaptive,True,0.01,40,0,20.891789654732086,10.5,4.5,13.747299432754517,56.17592936175797,41.425929361757966,14.75,18.0,1.0,0,0,40,0,0.0,21.0,19.0
809,1,right_lane,adaptive,True,0.01,40,0,23.643957345971565,7.5,1.0,10.277202112960367,61.575616851103746,45.82561685110374,15.75,18.0,1.0,0,0,38,2,7.0,3.0,30.0
810,1,right_lane,adaptive,True,0.01,40,0,21.268957345971565,38.5,1.5,38.28883296251297,42.77846364666304,42.02846364666304,0.75,18.0,1.0,0,0,40,0,37.0,3.0,0.0
811,1,right_lane,adaptive,True,0.01,40,0,21.518957345971565,5.5,7.0,9.592726312577724,59.176658461144584,42.42665846114459,16.75,18.0,1.0,0,0,40,0,5.0,3.0,32.0
812,1,right_lane,adaptive,True,0.01,40,0,20.643957345971565,5.0,0.5,8.130505850727786,58.02937978331945,41.029379783319456,17.0,18.0,1.0,0,0,37,3,3.0,6.0,31.0
813,1,right_lane,adaptive,True,0.01,40,0,22.768957345971565,8.0,5.5,10.858038802263764,60.428912941198014,44.42891294119802,16.0,18.0,1.0,0,0,34,6,6.0,4.0,30.0
814,1,right_lane,adaptive,True,0.01,40,0,20.768957345971565,0.0,0.5,4.290030017495155,60.979397667741154,41.22939766774115,19.75,18.0,1.0,0,0,40,0,0.0,1.0,39.0
815,1,right_lane,adaptive,True,0.01,40,0,22.143957345971113,2.5,14.0,6.505799873566957,62.17937640053725,43.429376400537265,18.75,18.0,1.0,0,0,38,2,0.0,5.0,35.0
816,1,right_lane,adaptive,True,0.01,40,0,21.268957345971565,26.0,12.5,29.908146679401398,48.77962337932098,42.02962337932098,6.75,18.0,1.0,0,0,40,0,13.0,27.0,0.0
817,1,right_lane,adaptive,True,0.01,40,0,21.393957345971565,0.5,16.5,5.41322421122095,61.478398404340766,42.22839840434077,19.25,18.0,1.0,0,0,38,2,1.0,1.0,38.0
818,1,right_lane,adaptive,True,0.01,40,0,22.268957345971565,8.5,3.5,11.583182200789452,59.378914179037714,43.62891417903772,15.75,18.0,1.0,0,0,40,0,7.0,3.0,30.0
819,1,right_lane,adaptive,True,0.01,40,0,22.518957334666787,10.5,2.5,12.884835042059422,58.777167873372896,44.0271678733729,14.75,18.0,1.0,0,0,40,0,8.0,5.0,27.0
820,1,right_lane,adaptive,True,0.01,40,0,20.643957345971565,5.5,2.5,8.70255976729095,58.5303317535545,41.0303317535545,17.5,18.0,1.0,0,0,40,0,0.0,10.0,30.0
821,1,right_lane,adaptive,True,0.01,40,0,22.143951742108136,2.5,7.5,6.3040033619381575,61.92961459214689,43.42961459214689,18.5,18.0,1.0,0,0,36,4,0.0,6.0,34.0
822,1,right_lane,adaptive,True,0.01,40,0,21.268957345971565,0.0,6.0,4.5266741754018085,61.7793983296861,42.02939832968611,19.75,18.0,1.0,0,0,39,1,0.0,1.0,39.0
823,1,right_lane,adaptive,True,0.01,40,0,21.393957345971565,39.5,0.5,39.55495101213455,42.23033175355451,42.23033175355451,0.0,18.0,1.0,0,0,40,0,40.0,0.0,0.0
824,1,right_lane,adaptive,True,0.01,40,0,21.018957345971565,3.5,2.0,6.597553383558989,59.88033039805862,41.63033039805862,18.25,18.0,1.0,0,0,40,0,0.0,7.0,33.0
825,1,right_lane,adaptive,True,0.01,40,0,23.768957345971565,4.0,10.0,7.68784799066907,63.77637528587998,46.026375285879965,17.75,18.0,1.0,0,0,38,2,1.0,7.0,32.0
826,1,right_lane,adaptive,True,0.01,17,1,25.044605485265716,10.5,0.5,10.537314727902412,23.92796026850291,20.42796026850291,3.5,18.0,1.0,0,0,17,0,9.0,2.0,6.0
827,1,right_lane,adaptive,True,0.01,40,0,23.268956694084174,10.5,5.0,12.477964384748702,59.727663872450336,45.22766387245034,14.5,18.0,1.0,0,0,37,3,7.0,8.0,25.0
828,1,right_lane,adaptive,True,0.01,40,0,22.143957345971565,0.0,4.5,3.6862513618282264,63.4303317535545,43.43033175355451,20.0,18.0,1.0,0,0,38,2,0.0,0.0,40.0
829,1,right_lane,adaptive,True,0.01,40,0,21.518957345971565,0.5,2.0,4.788204380166917,61.678399108860894,42.428399108860894,19.25,18.0,1.0,0,0,39,1,1.0,1.0,38.0
830,1,right_lane,adaptive,True,0.01,40,0,23.122509260399394,18.0,7.0,20.06879461556673,55.99016221109704,44.99016221109704,11.0,18.0,1.0,0,0,40,0,12.0,12.0,16.0
831,1,right_lane,adaptive,True,0.01,40,0,23.60604340626836,7.5,5.0,10.411251147093253,61.51749968002332,45.76749968002332,15.75,18.0,1.0,0,0,39,1,6.0,5.0,29.0
832,1,right_lane,adaptive,True,0.01,40,0,22.51618114908441,18.0,6.5,20.035799634346404,54.77037858406194,44.02037858406194,10.75,18.0,1.0,0,0,37,3,11.0,15.0,14.0
833,1,right_lane,adaptive,True,0.01,40,0,22.518957345971565,0.0,1.0,3.2336696120910347,64.0303317535545,44.0303317535545,20.0,18.0,1.0,0,0,40,0,0.0,0.0,40.0
834,1,right_lane,adaptive,True,0.01,40,0,22.268957345971565,9.0,3.0,12.16313923150301,58.877724618251094,43.627724618251094,15.25,18.0,1.0,0,0,40,0,7.0,5.0,28.0
835,1,right_lane,adaptive,True,0.01,40,0,21.018957345971565,5.0,2.0,7.907624268597829,59.12938073384219,41.62938073384219,17.5,18.0,1.0,0,0,38,2,0.0,10.0,30.0
836,1,right_lane,adaptive,True,0.01,40,0,22.018957345971565,0.0,5.0,4.127578176935913,63.2303317535545,43.2303317535545,20.0,18.0,1.0,0,0,37,3,0.0,0.0,40.0
837,1,right_lane,adaptive,True,0.01,40,0,21.768957345971565,8.0,1.5,10.300232216997756,58.32707594364065,42.82707594364066,15.5,18.0,1.0,0,0,28,12,8.0,2.0,30.0
838,1,right_lane,adaptive,True,0.01,40,0,22.518957345971565,0.0,0.0,2.1396797364257054,64.0303317535545,44.030331753554506,20.0,18.0,1.0,0,0,36,4,0.0,0.0,40.0
839,1,right_lane,adaptive,True,0.01,40,0,24.375285556146927,5.0,2.0,6.371229473011567,64.74696341745617,46.99696341745616,17.75,18.0,1.0,0,0,37,3,0.0,9.0,31.0
840,1,right_lane,adaptive,True,0.01,40,0,22.500328749182277,8.0,2.5,9.943034646126762,59.747656309244825,43.99765630924482,15.75,18.0,1.0,0,0,30,10,7.0,3.0,30.0
841,1,right_lane,adaptive,True,0.01,40,0,21.893957345971565,3.0,2.0,5.791279209570348,61.529396782478116,43.029396782478116,18.5,18.0,1.0,0,0,37,3,0.0,6.0,34.0
842,1,right_lane,adaptive,True,0.01,40,0,21.268629347340514,0.0,0.0,3.3329680811148137,61.77887286993146,42.02887286993147,19.75,18.0,1.0,0,0,39,1,0.0,1.0,39.0
843,1,right_lane,adaptive,True,0.01,40,0,22.518957345971565,6.5,2.5,9.30087619567712,60.275409150560286,44.02540915056029,16.25,18.0,1.0,0,0,36,4,5.0,5.0,30.0
844,1,right_lane,adaptive,True,0.01,40,0,22.893957345749705,0.5,2.5,3.8515354847795606,64.37893885963128,44.628938859631255,19.75,18.0,1.0,0,0,37,3,0.0,1.0,39.0
845,1,right_lane,adaptive,True,0.01,40,0,21.643957345971565,7.5,1.5,10.713910460472107,58.876844144389096,42.62684414438909,16.25,18.0,1.0,0,0,40,0,6.0,3.0,31.0
846,1,right_lane,adaptive,True,0.01,33,1,23.507827086026136,0.0,3.5,1.5505875346755147,54.1303317535545,37.6303317535545,16.5,18.0,1.0,0,0,22,11,0.0,0.0,33.0
847,1,right_lane,adaptive,True,0.01,40,0,24.26895090893671,7.5,0.5,10.013424995011519,62.826019894754694,46.826019894754694,16.0,18.0,1.0,0,0,36,4,6.0,4.0,30.0
848,1,right_lane,adaptive,True,0.01,40,0,21.768957345971565,6.5,1.5,9.57743899896741,59.07910154915085,42.82910154915085,16.25,18.0,1.0,0,0,40,0,5.0,5.0,30.0
849,1,right_lane,adaptive,True,0.01,40,0,21.393957345971565,0.0,15.5,4.263126495628967,62.230331753554495,42.2303317535545,20.0,18.0,1.0,0,0,37,3,0.0,0.0,40.0
850,1,right_lane,adaptive,True,0.01,40,0,22.643957345971565,9.5,3.0,12.370516203343868,59.2279786023152,44.2279786023152,15.0,18.0,1.0,0,0,40,0,7.0,6.0,27.0
851,1,right_lane,adaptive,True,0.01,40,0,21.50249644062177,0.5,3.0,3.9787294622165064,61.901263902993946,42.40126390299393,19.5,18.0,1.0,0,0,37,3,0.0,2.0,38.0
852,1,right_lane,adaptive,True,0.01,40,0,21.143957345971565,4.0,5.0,7.717606648802757,59.82939832968609,41.8293983296861,18.0,18.0,1.0,0,0,40,0,0.0,8.0,32.0
853,1,right_lane,adaptive,True,0.01,4,1,25.0,1.0,0.5,1.681095689535141,6.0481980369705575,4.7981980369705575,1.25,18.0,1.0,0,0,4,0,0.0,3.0,1.0
854,1,right_lane,adaptive,True,0.01,40,0,20.518957345775522,0.0,7.5,4.620119586586952,60.57939766620678,40.82939766620678,19.75,18.0,1.0,0,0,40,0,0.0,1.0,39.0
855,1,right_lane,adaptive,True,0.01,40,0,21.268957345971565,6.5,2.5,8.438472446008745,58.27657368102013,42.02657368102013,16.25,18.0,1.0,0,0,21,19,5.0,5.0,30.0
856,1,right_lane,adaptive,True,0.01,40,0,20.518957345971565,0.5,1.0,4.834893252700567,60.07839840304393,40.828398403043934,19.25,18.0,1.0,0,0,40,0,1.0,1.0,38.0
857,1,right_lane,adaptive,True,0.01,40,0,21.85604341779885,7.0,6.5,10.787753283977509,59.46710654771604,42.96710654771604,16.5,18.0,1.0,0,0,40,0,5.0,4.0,31.0
858,1,right_lane,adaptive,True,0.01,40,0,23.018957345971565,0.0,0.5,2.734500519438825,64.57939766774115,44.829397667741155,19.75,18.0,1.0,0,0,35,5,0.0,1.0,39.0
859,1,right_lane,adaptive,True,0.01,40,0,20.518957345971565,2.5,3.0,6.65571354329586,59.32986983293866,40.829869832938655,18.5,18.0,1.0,0,0,40,0,0.0,6.0,34.0
860,1,right_lane,adaptive,True,0.01,40,0,23.643957345971565,2.0,2.5,4.650820490228398,64.82868982220407,45.82868982220407,19.0,18.0,1.0,0,0,37,3,0.0,4.0,36.0
861,1,right_lane,adaptive,True,0.01,40,0,22.018957345971565,0.0,0.0,2.4813162068518295,63.2303317535545,43.23033175355451,20.0,18.0,1.0,0,0,39,1,0.0,0.0,40.0
862,1,right_lane,adaptive,True,0.01,40,0,21.768957345971565,0.0,5.0,4.288759848342579,62.830331753554496,42.8303317535545,20.0,18.0,1.0,0,0,38,2,0.0,0.0,40.0
863,1,right_lane,adaptive,True,0.01,40,0,22.143957345971565,4.0,0.5,6.851865388453007,61.17822230794908,43.428222307949085,17.75,18.0,1.0,0,0,40,0,2.0,5.0,33.0
864,1,right_lane,adaptive,True,0.01,40,0,20.608867844032495,0.0,5.5,4.279739560901362,60.72325331159926,40.97325331159925,19.75,18.0,1.0,0,0,38,2,0.0,1.0,39.0
865,1,right_lane,adaptive,True,0.01,40,0,21.268957345971565,3.0,2.5,4.966323077620473,60.27751516018644,42.027515160186454,18.25,18.0,1.0,0,0,23,17,0.0,7.0,33.0
866,1,right_lane,adaptive,True,0.01,40,0,23.893957345971565,0.0,0.5,1.9539885537196824,66.23033175355452,46.23033175355451,20.0,18.0,1.0,0,0,34,6,0.0,0.0,40.0
867,1,right_lane,adaptive,True,0.01,40,0,21.518957345971565,3.0,4.5,7.732472643256187,60.428691151451204,42.428691151451204,18.0,18.0,1.0,0,0,40,0,1.0,6.0,33.0
868,1,right_lane,adaptive,True,0.01,40,0,22.26895723434353,0.0,7.0,3.6635283775476637,63.63033157494965,43.63033157494965,20.0,18.0,1.0,0,0,37,3,0.0,0.0,40.0
869,1,right_lane,adaptive,True,0.01,40,0,23.143957345971565,12.5,11.5,16.159644057418518,59.02940070341892,45.02940070341892,14.0,18.0,1.0,0,0,37,3,0.0,24.0,16.0
870,1,right_lane,adaptive,True,0.01,40,0,25.768957345971565,16.5,0.5,18.365807057358325,60.72680564193231,49.22680564193231,11.5,18.0,1.0,0,0,39,1,15.0,4.0,21.0
871,1,right_lane,adaptive,True,0.01,40,0,22.393914705984482,9.5,4.0,12.196526545463712,58.57647582900803,43.82647582900805,14.75,18.0,1.0,0,0,30,10,4.0,13.0,23.0
872,1,right_lane,adaptive,True,0.01,40,0,23.518957345937928,6.0,6.0,9.532613567682347,62.62773890331217,45.62773890331217,17.0,18.0,1.0,0,0,39,1,0.0,12.0,28.0
873,1,right_lane,adaptive,True,0.01,40,0,22.018957345971565,0.0,0.0,2.8847331409676826,63.23033175355448,43.23033175355449,20.0,18.0,1.0,0,0,38,2,0.0,0.0,40.0
874,1,right_lane,adaptive,True,0.01,40,0,22.643957345971565,0.0,0.0,2.8883084628532742,64.23033175355451,44.230331753554495,20.0,18.0,1.0,0,0,37,3,0.0,0.0,40.0
875,1,right_lane,adaptive,True,0.01,40,0,22.018957345971565,2.0,11.0,6.323684100129185,62.22910123663608,43.22910123663609,19.0,18.0,1.0,0,0,38,2,0.0,4.0,36.0
876,1,right_lane,adaptive,True,0.01,40,0,21.393957345971565,0.0,0.5,2.5057745610829443,62.2303317535545,42.2303317535545,20.0,18.0,1.0,0,0,39,1,0.0,0.0,40.0
877,1,right_lane,adaptive,True,0.01,40,0,21.518957345971565,2.5,2.0,4.478858756250702,60.92782218193344,42.42782218193344,18.5,18.0,1.0,0,0,28,12,0.0,6.0,34.0
878,1,right_lane,adaptive,True,0.01,40,0,21.393957345971565,0.0,0.5,1.8601730909967955,61.979398329686106,42.2293983296861,19.75,18.0,1.0,0,0,25,15,0.0,1.0,39.0
879,1,right_lane,adaptive,True,0.01,40,0,21.768957345971565,2.0,1.0,6.405256686732173,61.326347560880855,42.826347560880855,18.5,18.0,1.0,0,0,40,0,1.0,4.0,35.0
880,1,right_lane,adaptive,True,0.01,40,0,23.268957345971565,1.0,1.0,3.627179592097491,64.72867145580341,45.22867145580341,19.5,18.0,1.0,0,0,35,5,0.0,2.0,38.0
881,1,right_lane,adaptive,True,0.01,40,0,21.268957345971565,3.0,11.5,7.118268698453903,60.528705757694105,42.02870575769411,18.5,18.0,1.0,0,0,40,0,0.0,6.0,34.0
882,1,right_lane,adaptive,True,0.01,40,0,22.85641394475921,15.5,7.5,17.899438962340355,57.06698965554996,44.56698965554996,12.5,18.0,1.0,0,0,40,0,10.0,10.0,20.0
883,1,right_lane,adaptive,True,0.01,40,0,25.768957345971565,20.5,7.0,22.594314381480217,58.47889371076022,49.22889371076022,9.25,18.0,1.0,0,0,40,0,21.0,1.0,18.0
884,1,right_lane,adaptive,True,0.01,40,0,21.768957345971565,0.0,2.0,2.8179749770247327,62.8303317535545,42.830331753554496,20.0,18.0,1.0,0,0,39,1,0.0,0.0,40.0
885,1,right_lane,adaptive,True,0.01,40,0,22.266460253492646,2.0,7.0,6.1650381729514265,62.37538683082229,43.62538683082229,18.75,18.0,1.0,0,0,38,2,0.0,5.0,35.0
886,1,right_lane,adaptive,True,0.01,40,0,22.518957345971565,12.5,7.0,15.430196322929987,57.27962328052033,44.02962328052033,13.25,18.0,1.0,0,0,35,5,9.0,9.0,22.0
887,1,right_lane,adaptive,True,0.01,40,0,23.268957345971565,3.0,2.0,6.691000230358668,63.22649992170527,45.22649992170528,18.0,18.0,1.0,0,0,37,3,1.0,6.0,33.0
888,1,right_lane,adaptive,True,0.01,40,0,21.768957345971565,0.5,0.0,3.855232580403026,62.078398404340774,42.82839840434077,19.25,18.0,1.0,0,0,39,1,1.0,1.0,38.0
889,1,right_lane,adaptive,True,0.01,40,0,23.643957345971565,0.0,1.0,2.740838494910605,65.8303317535545,45.8303317535545,20.0,18.0,1.0,0,0,36,4,0.0,0.0,40.0
890,1,right_lane,adaptive,True,0.01,40,0,21.268957345971565,3.5,7.0,7.880640223622322,59.77805441210925,42.02805441210925,17.75,18.0,1.0,0,0,40,0,1.0,7.0,32.0
891,1,right_lane,adaptive,True,0.01,40,0,23.26895734594234,0.0,3.5,3.0453537089024394,65.23033175350776,45.230331753507755,20.0,18.0,1.0,0,0,36,4,0.0,0.0,40.0
892,1,right_lane,adaptive,True,0.01,40,0,20.768957345971565,0.0,0.0,3.170781511813402,60.979397667741154,41.22939766774115,19.75,18.0,1.0,0,0,40,0,0.0,1.0,39.0
893,1,right_lane,adaptive,True,0.01,40,0,20.518957345971565,0.0,0.0,3.6635347679257393,60.8303317535545,40.8303317535545,20.0,18.0,1.0,0,0,40,0,0.0,0.0,40.0
894,1,right_lane,adaptive,True,0.01,40,0,22.5189523954837,0.0,1.5,3.2714227715616744,64.03032383277392,44.030323832773924,20.0,18.0,1.0,0,0,39,1,0.0,0.0,40.0
895,1,right_lane,adaptive,True,0.01,40,0,21.108867844032495,2.0,10.0,6.095851644873619,61.02418592569479,41.77418592569478,19.25,18.0,1.0,0,0,40,0,0.0,3.0,37.0
896,1,right_lane,adaptive,True,0.01,40,0,25.393957345967134,13.5,2.5,16.222975530439726,61.37521808598449,48.62521808598449,12.75,18.0,1.0,0,0,38,2,11.0,7.0,22.0
897,1,right_lane,adaptive,True,0.01,40,0,21.643957345945743,6.5,4.5,10.107531789690256,58.87847106470011,42.62847106470011,16.25,18.0,1.0,0,0,40,0,7.0,1.0,32.0
898,1,right_lane,adaptive,True,0.01,40,0,22.01891406689101,0.0,1.0,3.637979940409423,62.979328421212266,43.229328421212266,19.75,18.0,1.0,0,0,37,3,0.0,1.0,39.0
899,1,right_lane,adaptive,True,0.01,40,0,22.01862859830373,16.0,11.5,20.465869463674608,54.725595017196866,43.225595017196866,11.5,18.0,1.0,0,0,38,2,8.0,18.0,14.0
900,1,right_lane,adaptive,True,0.01,40,0,24.143957345971565,4.5,3.0,6.8587425845325924,64.37703195417102,46.62703195417102,17.75,18.0,1.0,0,0,39,1,0.0,9.0,31.0
901,1,right_lane,adaptive,True,0.01,40,0,21.893957331238006,0.5,17.5,5.347192957176276,62.528002686252954,43.028002686252954,19.5,18.0,1.0,0,0,38,2,0.0,2.0,38.0
902,1,right_lane,adaptive,True,0.01,40,0,23.51895734403185,10.0,5.5,12.980933379381895,60.12673834315288,45.62673834315288,14.5,18.0,1.0,0,0,40,0,9.0,4.0,27.0
903,1,right_lane,adaptive,True,0.01,40,0,22.518957345971565,0.0,0.0,1.3403208963441102,64.0303317535545,44.030331753554506,20.0,18.0,1.0,0,0,36,4,0.0,0.0,40.0
904,1,right_lane,adaptive,True,0.01,40,0,21.893957345971565,0.0,0.5,4.011009012408067,62.77939766843072,43.02939766843071,19.75,18.0,1.0,0,0,39,1,0.0,1.0,39.0
905,1,right_lane,adaptive,True,0.01,40,0,21.14395734596765,0.5,6.0,5.212492056190968,61.07839840303767,41.82839840303767,19.25,18.0,1.0,0,0,40,0,1.0,1.0,38.0
906,1,right_lane,adaptive,True,0.01,40,0,22.643956593761366,5.0,11.0,9.481378622353077,61.476792631239555,44.226792631239555,17.25,18.0,1.0,0,0,40,0,0.0,11.0,29.0
907,1,right_lane,adaptive,True,0.01,40,0,21.018957345971057,0.0,14.0,4.7024377435445786,61.379397667740335,41.62939766774032,19.75,18.0,1.0,0,0,40,0,0.0,1.0,39.0
908,1,right_lane,adaptive,True,0.01,40,0,20.643957345971565,0.0,1.0,4.087489880621433,61.030331753554506,41.030331753554506,20.0,18.0,1.0,0,0,40,0,0.0,0.0,40.0
909,1,right_lane,adaptive,True,0.01,40,0,20.893957345971558,0.0,1.0,3.3104712679050863,61.43033175355448,41.43033175355448,20.0,18.0,1.0,0,0,39,1,0.0,0.0,40.0
910,1,right_lane,adaptive,True,0.01,40,0,22.393957345971565,0.0,0.5,3.3058112060571148,63.57939832968612,43.82939832968612,19.75,18.0,1.0,0,0,38,2,0.0,1.0,39.0
911,1,right_lane,adaptive,True,0.01,40,0,20.518957345971565,0.0,16.5,5.54139568656683,60.8303317535545,40.8303317535545,20.0,18.0,1.0,0,0,40,0,0.0,0.0,40.0
912,1,right_lane,adaptive,True,0.01,40,0,21.143957345971565,0.0,0.0,1.9801028428482823,61.830331753554496,41.830331753554496,20.0,18.0,1.0,0,0,34,6,0.0,0.0,40.0
913,1,right_lane,adaptive,True,0.01,40,0,20.768957345971565,0.5,13.5,5.2488319063504605,60.47839840434077,41.22839840434077,19.25,18.0,1.0,0,0,30,10,1.0,1.0,38.0
914,1,right_lane,adaptive,True,0.01,40,0,21.39395724713693,0.0,4.0,3.9818484596908092,61.979398171550685,42.22939817155069,19.75,18.0,1.0,0,0,40,0,0.0,1.0,39.0
915,1,right_lane,adaptive,True,0.01,40,0,21.143957345971565,0.0,3.0,4.000444048281224,61.579397666520435,41.82939766652044,19.75,18.0,1.0,0,0,39,1,0.0,1.0,39.0
916,1,right_lane,adaptive,True,0.01,40,0,23.50032874938229,2.0,3.0,5.621567335145073,64.34817595991115,45.59817595991114,18.75,18.0,1.0,0,0,38,2,0.0,5.0,35.0
917,1,right_lane,adaptive,True,0.01,40,0,22.268957344253714,9.0,10.0,13.155086871236563,58.62673841874932,43.626738418749326,15.0,18.0,1.0,0,0,40,0,5.0,10.0,25.0
918,1,right_lane,adaptive,True,0.01,40,0,21.893957344035762,3.5,3.5,6.107602115816917,61.0280544455399,43.02805444553991,18.0,18.0,1.0,0,0,37,3,0.0,8.0,32.0
919,1,right_lane,adaptive,True,0.01,40,0,23.75249644062177,11.5,2.0,13.973961447330112,59.75206058258428,46.002060582584285,13.75,18.0,1.0,0,0,38,2,12.0,1.0,27.0
920,1,right_lane,adaptive,True,0.01,40,0,22.518908367588224,4.0,11.5,8.65279168606503,61.52697488367076,44.02697488367076,17.5,18.0,1.0,0,0,38,2,1.0,8.0,31.0
921,1,right_lane,adaptive,True,0.01,26,1,21.183011301494716,0.5,1.0,2.271416850948299,39.47839840434077,27.228398404340773,12.25,18.0,1.0,0,0,14,12,1.0,1.0,24.0
922,1,right_lane,adaptive,True,0.01,40,0,21.893957345971565,4.0,7.0,8.122198142111301,60.52868905756278,43.02868905756278,17.5,18.0,1.0,0,0,40,0,1.0,8.0,31.0
923,1,right_lane,adaptive,True,0.01,40,0,20.893957345971565,0.0,2.5,4.480248905718327,61.179398329686094,41.4293983296861,19.75,18.0,1.0,0,0,40,0,0.0,1.0,39.0
924,1,right_lane,adaptive,True,0.01,40,0,22.999995049763726,0.0,1.0,2.81377444951454,64.79999207962197,44.799992079621966,20.0,18.0,1.0,0,0,36,4,0.0,0.0,40.0
925,1,right_lane,adaptive,True,0.01,40,0,21.643957345971565,2.0,4.0,5.94292894937098,61.126825829112086,42.62682582911209,18.5,18.0,1.0,0,0,40,0,1.0,4.0,35.0
926,1,right_lane,adaptive,True,0.01,40,0,21.268634297606518,3.5,12.5,8.264159302601001,60.27754211199351,42.02754211199351,18.25,18.0,1.0,0,0,38,2,1.0,5.0,34.0
927,1,right_lane,adaptive,True,0.01,40,0,23.516461656101036,8.0,2.5,11.043455979355713,61.1244680917196,45.624468091719606,15.5,18.0,1.0,0,0,39,1,8.0,2.0,30.0
928,1,right_lane,adaptive,True,0.01,40,0,23.26895733273105,8.0,8.5,11.496516279710704,60.97867011578021,45.22867011578021,15.75,18.0,1.0,0,0,39,1,0.0,17.0,23.0
929,1,right_lane,adaptive,True,0.01,40,0,22.141138607735993,0.5,2.0,4.644768567406572,62.67388842316386,43.423888423163866,19.25,18.0,1.0,0,0,39,1,1.0,1.0,38.0
930,1,right_lane,adaptive,True,0.01,40,0,24.375043292099726,12.5,2.0,15.150196016895734,60.246740067999966,46.99674006799997,13.25,18.0,1.0,0,0,39,1,12.0,3.0,25.0
931,1,right_lane,adaptive,True,0.01,40,0,21.518957345971565,21.5,3.0,22.421029396355152,51.18033173236877,42.43033173236877,8.75,18.0,1.0,0,0,40,0,15.0,15.0,10.0
932,1,right_lane,adaptive,True,0.01,40,0,21.89395733298212,0.0,8.0,4.1497916440303015,62.77939649391866,43.029396493918654,19.75,18.0,1.0,0,0,39,1,0.0,1.0,39.0
933,1,right_lane,adaptive,True,0.01,40,0,21.143957345971565,0.0,1.5,1.8771792550905957,61.83033175355449,41.830331753554496,20.0,18.0,1.0,0,0,32,8,0.0,0.0,40.0
934,1,right_lane,adaptive,True,0.01,40,0,20.393957345971565,11.0,6.5,14.047945156693459,55.12839717648496,40.62839717648496,14.5,18.0,1.0,0,0,40,0,10.0,2.0,28.0
935,1,right_lane,adaptive,True,0.01,40,0,21.268957345971565,0.0,5.0,4.498496360403806,62.030331753554506,42.030331753554506,20.0,18.0,1.0,0,0,38,2,0.0,0.0,40.0
936,1,right_lane,adaptive,True,0.01,40,0,22.268957345971565,8.5,12.0,12.587207242846489,58.878279911114646,43.628279911114646,15.25,18.0,1.0,0,0,40,0,8.0,3.0,29.0
937,1,right_lane,adaptive,True,0.01,40,0,22.268957345971565,0.0,0.0,2.247841822794385,63.63033175355451,43.63033175355451,20.0,18.0,1.0,0,0,37,3,0.0,0.0,40.0
938,1,right_lane,adaptive,True,0.01,40,0,24.518957345971565,12.0,4.0,14.419832733927251,60.72891573059969,47.22891573059969,13.5,18.0,1.0,0,0,39,1,12.0,2.0,26.0
939,1,right_lane,adaptive,True,0.01,40,0,20.643957345971565,0.0,13.0,4.7826928108988795,60.77939766774115,41.02939766774115,19.75,18.0,1.0,0,0,39,1,0.0,1.0,39.0
940,1,right_lane,adaptive,True,0.01,40,0,21.893957345971554,0.0,0.0,3.621958719100803,62.77939766774113,43.02939766774113,19.75,18.0,1.0,0,0,40,0,0.0,1.0,39.0
941,1,right_lane,adaptive,True,0.01,40,0,21.893957345971565,3.5,2.5,6.410296209749049,61.026761481999365,43.026761481999365,18.0,18.0,1.0,0,0,38,2,1.0,6.0,33.0
942,1,right_lane,adaptive,True,0.01,40,0,21.643957345971565,0.5,7.5,4.98141830379609,61.87839840434078,42.628398404340786,19.25,18.0,1.0,0,0,39,1,1.0,1.0,38.0
943,1,right_lane,adaptive,True,0.01,40,0,21.268957345937928,0.0,0.5,3.891228523949394,61.77939651464796,42.02939651464794,19.75,18.0,1.0,0,0,38,2,0.0,1.0,39.0
944,1,right_lane,adaptive,True,0.01,40,0,22.643957345971565,4.0,3.5,7.795722052303063,61.97654615922479,44.22654615922479,17.75,18.0,1.0,0,0,39,1,2.0,5.0,33.0
945,1,right_lane,adaptive,True,0.01,40,0,22.26891406689101,3.0,1.0,6.8150265365839005,61.6288607034497,43.6288607034497,18.0,18.0,1.0,0,0,40,0,2.0,4.0,34.0
946,1,right_lane,adaptive,True,0.01,40,0,22.768957345971565,38.5,1.5,36.72415840625763,45.17752059178396,44.42752059178397,0.75,18.0,1.0,0,0,40,0,37.0,3.0,0.0
947,1,right_lane,adaptive,True,0.01,40,0,21.768957345971565,2.5,11.5,6.929914701957387,61.57937624539778,42.82937624539777,18.75,18.0,1.0,0,0,39,1,0.0,5.0,35.0
948,1,right_lane,adaptive,True,0.01,40,0,22.768957345971565,4.0,0.5,7.3878108933568,62.42747761360414,44.42747761360414,18.0,18.0,1.0,0,0,40,0,2.0,4.0,34.0
949,1,right_lane,adaptive,True,0.01,40,0,25.14395734596759,22.0,1.5,23.557887345552444,56.976584541567306,48.226584541567306,8.75,18.0,1.0,0,0,40,0,17.0,11.0,12.0
950,1,right_lane,adaptive,True,0.01,40,0,23.268957345971565,10.0,11.0,13.468339271843433,59.7289151928475,45.2289151928475,14.5,18.0,1.0,0,0,40,0,10.0,2.0,28.0
951,1,right_lane,adaptive,True,0.01,40,0,20.768957345971565,0.0,0.5,3.935469374060631,60.979397667741154,41.22939766774115,19.75,18.0,1.0,0,0,40,0,0.0,1.0,39.0
952,1,right_lane,adaptive,True,0.01,40,0,24.643957345971565,0.0,9.5,3.6292493321224697,67.43033175355448,47.4303317535545,20.0,18.0,1.0,0,0,33,7,0.0,0.0,40.0
953,1,right_lane,adaptive,True,0.01,40,0,23.018957345971565,3.0,3.5,5.710152097236914,63.327455877561015,44.827455877561015,18.5,18.0,1.0,0,0,39,1,2.0,2.0,36.0
954,1,right_lane,adaptive,True,0.01,40,0,22.768957345971565,0.0,0.0,2.600201298245338,64.43033175355451,44.43033175355451,20.0,18.0,1.0,0,0,36,4,0.0,0.0,40.0
955,1,right_lane,adaptive,True,0.01,40,0,22.768957345971565,2.0,3.5,5.698053882151726,63.42891706662505,44.42891706662505,19.0,18.0,1.0,0,0,38,2,0.0,4.0,36.0
956,1,right_lane,adaptive,True,0.01,40,0,22.393957344482818,6.5,4.0,9.75795230269432,60.576653009057225,43.826653009057225,16.75,18.0,1.0,0,0,40,0,4.0,5.0,31.0
957,1,right_lane,adaptive,True,0.01,40,0,22.643957345971565,13.5,5.5,16.22282588481903,57.47461304147041,44.22461304147042,13.25,18.0,1.0,0,0,40,0,8.0,11.0,21.0
958,1,right_lane,adaptive,True,0.01,40,0,22.643957345971565,8.5,7.5,12.773277776978944,59.728398405073186,44.22839840507319,15.5,18.0,1.0,0,0,35,5,2.0,14.0,24.0
959,1,right_lane,adaptive,True,0.01,40,0,22.643957345971565,0.0,10.0,3.473214506729164,64.2303317535545,44.230331753554495,20.0,18.0,1.0,0,0,39,1,0.0,0.0,40.0
960,1,right_lane,adaptive,True,0.01,40,0,20.768957345971565,2.5,4.0,6.256675949320197,59.728066777616164,41.22806677761617,18.5,18.0,1.0,0,0,39,1,0.0,6.0,34.0
961,1,right_lane,adaptive,True,0.01,40,0,21.393957345971565,0.5,0.5,2.317218534155927,61.47839840434077,42.22839840434077,19.25,18.0,1.0,0,0,25,15,1.0,1.0,38.0
962,1,right_lane,adaptive,True,0.01,40,0,21.643957345971565,0.0,14.5,4.836982286244165,62.63033175355452,42.63033175355451,20.0,18.0,1.0,0,0,39,1,0.0,0.0,40.0
963,1,right_lane,adaptive,True,0.01,40,0,22.393952296837863,4.5,6.5,7.856053522082448,61.32844098314942,43.82844098314943,17.5,18.0,1.0,0,0,32,8,0.0,10.0,30.0
964,1,right_lane,adaptive,True,0.01,40,0,24.268957345971565,0.0,10.0,3.7974894938911348,66.57939832968611,46.8293983296861,19.75,18.0,1.0,0,0,37,3,0.0,1.0,39.0
965,1,right_lane,adaptive,True,0.01,40,0,24.143914152736198,0.5,2.0,3.9070585054246294,65.87832929516419,46.6283292951642,19.25,18.0,1.0,0,0,35,5,1.0,1.0,38.0
966,1,right_lane,adaptive,True,0.01,40,0,22.018957345971565,0.0,12.0,4.2833982160318556,62.979398329686106,43.2293983296861,19.75,18.0,1.0,0,0,39,1,0.0,1.0,39.0
967,1,right_lane,adaptive,True,0.01,40,0,22.24972024373468,0.0,8.0,3.4346016926474476,63.59955238997549,43.599552389975486,20.0,18.0,1.0,0,0,38,2,0.0,0.0,40.0
968,1,right_lane,adaptive,True,0.01,40,0,23.000328749382287,0.0,3.5,3.3914235168397227,64.80052599901165,44.80052599901167,20.0,18.0,1.0,0,0,37,3,0.0,0.0,40.0
969,1,right_lane,adaptive,True,0.01,40,0,24.5161321690164,25.0,4.5,25.481171405292116,54.46862863553335,47.21862863553335,7.25,18.0,1.0,0,0,39,1,22.0,7.0,11.0
970,1,right_lane,adaptive,True,0.01,40,0,20.768957345971565,0.0,1.0,3.7567025423049927,61.2303317535545,41.23033175355451,20.0,18.0,1.0,0,0,40,0,0.0,0.0,40.0
971,1,right_lane,adaptive,True,0.01,40,0,22.643951743818675,5.0,1.0,7.406719689888632,61.22890642520037,44.228906425200364,17.0,18.0,1.0,0,0,37,3,4.0,4.0,32.0
972,1,right_lane,adaptive,True,0.01,40,0,21.143957345971565,0.0,5.0,4.212072990834713,61.57939766774182,41.82939766774183,19.75,18.0,1.0,0,0,40,0,0.0,1.0,39.0
973,1,right_lane,adaptive,True,0.01,15,1,24.38388621663466,0.0,0.5,0.9649599279327958,24.879398306112396,17.629398306112396,7.25,18.0,1.0,0,0,8,7,0.0,1.0,14.0
974,1,right_lane,adaptive,True,0.01,40,0,22.518957345942283,8.0,8.0,11.644049521511533,59.776680763200055,44.02668076320005,15.75,18.0,1.0,0,0,38,2,1.0,15.0,24.0
975,1,right_lane,adaptive,True,0.01,40,0,20.893957345971565,0.0,3.0,3.15721407905221,61.4303317535545,41.430331753554505,20.0,18.0,1.0,0,0,40,0,0.0,0.0,40.0
976,1,right_lane,adaptive,True,0.01,40,0,21.518957345971565,0.0,1.0,2.685194408266625,62.430331753554505,42.43033175355451,20.0,18.0,1.0,0,0,39,1,0.0,0.0,40.0
977,1,right_lane,adaptive,True,0.01,40,0,23.143957345971565,10.5,3.5,13.902986188139266,59.52579556064883,45.02579556064883,14.5,18.0,1.0,0,0,39,1,5.0,12.0,23.0
978,1,right_lane,adaptive,True,0.01,40,0,24.51891395504112,1.0,2.5,3.8829204717403627,66.72860350498016,47.22860350498015,19.5,18.0,1.0,0,0,35,5,0.0,2.0,38.0
979,1,right_lane,adaptive,True,0.01,40,0,23.143957345971565,12.0,4.5,14.895830780267715,58.528148163664675,45.028148163664675,13.5,18.0,1.0,0,0,40,0,9.0,8.0,23.0
980,1,right_lane,adaptive,True,0.01,40,0,25.60821034549709,18.5,0.5,18.65573562196232,59.96939263438023,48.96939263438023,11.0,18.0,1.0,0,0,38,2,14.0,8.0,18.0
981,1,right_lane,adaptive,True,0.01,40,0,22.393951657973492,9.0,3.5,11.470198718082884,58.82650270567835,43.82650270567835,15.0,18.0,1.0,0,0,39,1,8.0,4.0,28.0
982,1,right_lane,adaptive,True,0.01,40,0,23.516789654732076,0.0,0.0,2.8738806947385456,65.3759300237029,45.62593002370292,19.75,18.0,1.0,0,0,38,2,0.0,1.0,39.0
983,1,right_lane,adaptive,True,0.01,40,0,20.268957345971565,0.0,13.5,4.596065238118172,60.430331753554505,40.430331753554505,20.0,18.0,1.0,0,0,40,0,0.0,0.0,40.0
984,1,right_lane,adaptive,True,0.01,40,0,21.122875600860247,0.0,4.5,3.7762283245633625,61.54566687556304,41.79566687556304,19.75,18.0,1.0,0,0,39,1,0.0,1.0,39.0
985,1,right_lane,adaptive,True,0.01,40,0,22.018957345971565,0.0,5.5,4.113574953757507,62.9793983296861,43.2293983296861,19.75,18.0,1.0,0,0,37,3,0.0,1.0,39.0
986,1,right_lane,adaptive,True,0.01,40,0,21.39395733298212,2.0,4.5,5.976013485342264,60.97899120864687,42.228991208646875,18.75,18.0,1.0,0,0,40,0,0.0,5.0,35.0
987,1,right_lane,adaptive,True,0.01,40,0,22.249963157958224,33.0,1.5,33.71254935860634,46.84712484719726,43.59712484719726,3.25,18.0,1.0,0,0,40,0,29.0,9.0,2.0
988,1,right_lane,adaptive,True,0.01,40,0,21.143957345971565,0.0,4.0,4.108074608789593,61.57939832968609,41.82939832968609,19.75,18.0,1.0,0,0,39,1,0.0,1.0,39.0
989,1,right_lane,adaptive,True,0.01,40,0,20.64391480462308,3.0,8.5,7.905892997980118,59.53026106103954,41.03026106103954,18.5,18.0,1.0,0,0,40,0,0.0,6.0,34.0
990,1,right_lane,adaptive,True,0.01,40,0,21.01646660636704,0.0,2.5,4.476786725223064,61.375412483153205,41.62541248315321,19.75,18.0,1.0,0,0,40,0,0.0,1.0,39.0
991,1,right_lane,adaptive,True,0.01,40,0,22.143957345971565,7.5,3.0,11.588367715477943,59.42886613418065,43.42886613418065,16.0,18.0,1.0,0,0,40,0,4.0,8.0,28.0
992,1,right_lane,adaptive,True,0.01,40,0,22.893957345941903,4.5,2.5,8.141160534345545,62.1282089579242,44.62820895792421,17.5,18.0,1.0,0,0,39,1,1.0,8.0,31.0
993,1,right_lane,adaptive,True,0.01,40,0,22.018957344482867,0.5,6.5,4.941550945366544,62.47839910647898,43.228399106478975,19.25,18.0,1.0,0,0,39,1,1.0,1.0,38.0
994,1,right_lane,adaptive,True,0.01,40,0,21.108867844032495,2.0,3.5,5.695881403982639,60.77325183988143,41.773251839881425,19.0,18.0,1.0,0,0,40,0,0.0,4.0,36.0
995,1,right_lane,adaptive,True,0.01,40,0,22.016461656101036,5.5,6.0,9.687958531081676,60.223540668942576,43.22354066894258,17.0,18.0,1.0,0,0,40,0,0.0,12.0,28.0
996,1,right_lane,adaptive,True,0.01,40,0,23.893957345971565,8.5,4.5,11.128065619328709,61.72580345308956,46.22580345308956,15.5,18.0,1.0,0,0,37,3,7.0,4.0,29.0
997,1,right_lane,adaptive,True,0.01,40,0,23.143957345971565,8.5,10.0,12.476830035448074,60.5244705951499,45.02447059514991,15.5,18.0,1.0,0,0,40,0,4.0,10.0,26.0
998,1,right_lane,adaptive,True,0.01,40,0,22.518957345971565,12.5,9.5,16.091444104909897,57.27675438332087,44.02675438332088,13.25,18.0,1.0,0,0,40,0,12.0,3.0,25.0
999,1,right_lane,adaptive,True,0.01,40,0,21.018957345971565,3.0,6.5,6.551549520732806,60.38033175355449,41.63033175355451,18.75,18.0,1.0,0,0,38,2,0.0,5.0,35.0
