episode_id,policy_freq,profile,method,filter,value,episode_length,collision,mean_speed,total_cost,total_avoided_cost,total_expected_cost,total_reward,total_basic_reward,total_added_reward,mean_iterations_to_converge,convergence_rate,outcome_unchanged_count,outcome_naively_augmented_count,outcome_rcps_augmented_count,outcome_projection_count,lane_0_time,lane_1_time,mean_courtesy_gap_violation,courtesy_active_steps
0,1,merge_courtesy,adaptive,True,0.005,12,0,30.0,6.530244116167301,0.0,5.433424144983292,12.8954012308784,18.900000000000002,-6.0045987691216,18.0,1.0,3,0,9,0,0.0,12.0,41.62979692060097,9
1,1,merge_courtesy,adaptive,True,0.005,13,0,27.749774584894283,1.8779250510651817,1.1772698490211075,2.111167147755623,16.16711628315087,18.22822649463793,-2.061110211487056,18.0,1.0,7,0,6,0,7.0,6.0,16.48373958767251,5
2,1,merge_courtesy,adaptive,True,0.005,12,0,28.813046846239462,3.2636709049357213,0.0,2.6554907858371735,15.53472337955785,18.33026248619494,-2.795539106637092,18.0,1.0,6,0,6,0,0.0,12.0,21.147254065357632,6
3,1,merge_courtesy,adaptive,True,0.005,12,0,30.0,7.158337147968271,0.0,6.019003480672836,12.352312535012048,18.900000000000002,-6.547687464987952,18.0,1.0,2,0,10,0,0.0,12.0,41.94318066216726,10
4,1,merge_courtesy,adaptive,True,0.005,13,0,27.42333905172183,3.334819153365022,0.0,2.7133413553237915,16.25607258416259,19.160136306895346,-2.90406372273276,18.0,1.0,7,0,6,0,0.0,13.0,22.429174179189506,6
5,1,merge_courtesy,adaptive,True,0.005,13,0,27.750637683406776,2.7406918081605247,0.6549828634538597,2.7523639798164368,15.99867564933672,19.02867248049455,-3.0299968311578285,18.0,1.0,7,0,6,0,2.0,11.0,23.897368124702705,6
6,1,merge_courtesy,adaptive,True,0.005,12,0,30.0,1.3255284092497304,3.9574967750778822,2.6704789996147156,15.568108313773752,17.399291829928735,-1.831183516154986,18.0,1.0,3,0,9,0,9.0,3.0,33.95580500979037,3
7,1,merge_courtesy,adaptive,True,0.005,13,0,26.655102277460422,3.2600743589114067,0.0,2.6540906727313995,15.922867921726128,18.760653184279416,-2.8377852625532927,18.0,1.0,7,0,6,0,0.0,13.0,21.4200939974375,6
8,1,merge_courtesy,adaptive,True,0.005,13,0,27.80128461713882,3.2219938513530657,0.0,2.616121292114258,16.619264743099297,19.35666800091218,-2.737403257812888,18.0,1.0,7,0,6,0,0.0,13.0,20.467870904596847,6
9,1,merge_courtesy,adaptive,True,0.005,13,0,27.03872567291224,2.538284513473454,0.6385398751985859,2.5772289037704468,15.804862106037229,18.558492478013633,-2.753630371976408,18.0,1.0,7,0,6,0,3.0,10.0,20.191813260660982,6
10,1,merge_courtesy,adaptive,True,0.005,13,0,28.135251062216373,2.055630340746855,1.2653032791753778,2.312265068292618,16.65625178993758,18.928670492746292,-2.272418702808715,18.0,1.0,7,0,6,0,4.0,9.0,19.89532818602634,5
11,1,merge_courtesy,adaptive,True,0.005,12,0,29.638203017832648,6.886926123523256,0.0,5.753130733966827,12.35470213985447,18.726337448559672,-6.3716353087052005,18.0,1.0,3,0,9,0,0.0,12.0,46.60113765569381,9
12,1,merge_courtesy,adaptive,True,0.005,13,0,27.03872567291224,3.084739695452032,0.7027391479301102,3.2701782286167145,15.18367340627445,18.658478235036142,-3.4748048287616946,18.0,1.0,6,0,7,0,2.0,11.0,30.906458075116316,6
13,1,merge_courtesy,adaptive,True,0.005,12,0,29.638203017832648,3.2609123630107075,0.7268210360153521,3.2642334699630737,14.132401032733867,17.825629278488407,-3.693228245754538,18.0,1.0,6,0,6,0,6.0,6.0,34.78346619532825,6
14,1,merge_courtesy,adaptive,True,0.005,12,0,30.0,2.044841659738281,3.1326901472329465,3.0417399741709232,15.232915050317729,17.798583827955117,-2.565668777637386,18.0,1.0,3,0,9,0,7.0,5.0,37.43972685488575,4
15,1,merge_courtesy,adaptive,True,0.005,12,0,29.638203017832648,6.945423108672074,0.0,5.808850049972534,12.26588529035396,18.726337448559672,-6.460452158205711,18.0,1.0,3,0,9,0,0.0,12.0,47.686529128045585,9
16,1,merge_courtesy,adaptive,True,0.005,12,0,29.2224878754412,1.7707116752900598,2.0979480016836085,2.2972565293312073,15.082228123856368,17.226086010140513,-2.143857886284141,18.0,1.0,6,0,6,0,8.0,4.0,26.61436705911722,4
17,1,merge_courtesy,adaptive,True,0.005,13,0,27.693449821127423,3.1383387028378102,0.7017073341514819,3.304100200533867,14.655836088104197,18.199885457509055,-3.544049369404863,18.0,1.0,6,0,7,0,7.0,6.0,32.09241966485199,6
18,1,merge_courtesy,adaptive,True,0.005,13,0,27.039601997206645,1.7076786635893282,1.3652086093711913,2.2419223189353943,15.4331553198042,17.45988486847619,-2.02672954867199,18.0,1.0,7,0,6,0,9.0,4.0,24.122992027132376,4
19,1,merge_courtesy,adaptive,True,0.005,13,0,27.42420215023432,3.5754855114162063,0.0,2.9319347143173218,15.939913431574487,19.160585118121844,-3.2206716865473606,18.0,1.0,7,0,6,0,0.0,13.0,26.87186244139424,6
20,1,merge_courtesy,adaptive,True,0.005,13,0,27.80128461713882,2.239585941327392,1.3626852009549704,2.5183504074811935,16.264486476881522,18.755007941304726,-2.490521464423206,18.0,1.0,7,0,6,0,4.0,9.0,23.769039502261997,5
21,1,merge_courtesy,adaptive,True,0.005,14,0,26.13261738179234,3.1305609161080925,0.7073428764747237,3.1439011693000793,15.120833127262655,18.633557284326507,-3.5127241570638557,18.0,1.0,8,0,6,0,8.0,6.0,31.685857606615645,6
22,1,merge_courtesy,adaptive,True,0.005,13,0,26.981537810632876,3.1916194966319162,0.7159427877127881,3.1997864842414856,14.23057769480308,17.829691212051895,-3.5991135172488162,18.0,1.0,7,0,6,0,7.0,6.0,33.13582339954973,6
23,1,merge_courtesy,adaptive,True,0.005,12,0,29.638203017832648,0.5855606767861045,5.400943555666266,2.2096927016973495,15.98494416550925,17.02562927848841,-1.0406851129791588,18.0,1.0,3,0,9,0,10.0,2.0,24.6465627302034,2
24,1,merge_courtesy,adaptive,True,0.005,12,0,29.22876198863091,2.7789024264901627,0.6706060820836699,2.8045293986797333,14.580941870453787,17.62909758447157,-3.048155714017786,18.0,1.0,6,0,6,0,6.0,6.0,24.38528398684261,6
25,1,merge_courtesy,adaptive,True,0.005,12,0,29.22876198863091,1.2822871347990545,4.809287069740574,2.6913275867700577,15.273073690535105,17.02909758447157,-1.75602389393647,18.0,1.0,3,0,9,0,9.0,3.0,31.318667378124104,3
26,1,merge_courtesy,adaptive,True,0.005,12,0,29.22876198863091,1.2533047911267252,2.149638483857146,2.0441283881664276,15.284379151129977,17.02909758447157,-1.744718433341597,18.0,1.0,6,0,6,0,9.0,3.0,30.74336972358937,3
27,1,merge_courtesy,adaptive,True,0.005,12,0,30.0,6.024469525717052,0.0,4.991779565811157,13.55071966301427,18.900000000000002,-5.34928033698573,18.0,1.0,3,0,9,0,0.0,12.0,34.35632885863524,9
28,1,merge_courtesy,adaptive,True,0.005,13,0,27.750637683406776,0.6420062547732877,3.7982546948201414,1.7712323367595673,17.051091705480978,18.228671536127383,-1.1775798306464025,18.0,1.0,7,0,6,0,6.0,7.0,31.381611440979043,2
29,1,merge_courtesy,adaptive,True,0.005,12,0,29.221552852052668,7.064065598130024,0.03744802052485374,5.933678358793259,12.142207618285607,18.52634536898528,-6.384137750699674,18.0,1.0,2,0,10,0,0.0,12.0,40.248303609000516,10
30,1,merge_courtesy,adaptive,True,0.005,12,0,28.812111822850934,2.0761598385602196,1.2838480210288745,2.338337704539299,14.943194412358705,17.2291055048966,-2.2859110925378974,18.0,1.0,6,0,6,0,7.0,5.0,20.228214832568565,5
31,1,merge_courtesy,adaptive,True,0.005,12,0,29.638203017832648,7.255776540923085,0.0,6.045576632022858,11.935607591459798,18.726337448559672,-6.7907298570998735,18.0,1.0,3,0,9,0,0.0,12.0,52.54289946966057,9
32,1,merge_courtesy,adaptive,True,0.005,12,0,30.0,6.279335701005034,0.0,5.1910480260849,12.989982791952452,18.69929199802638,-5.709309206073929,18.0,1.0,3,0,9,0,1.0,11.0,37.924755573646244,9
33,1,merge_courtesy,adaptive,True,0.005,12,0,30.0,1.7722094208320551,2.83454919319873,2.5427508801221848,15.41228036783116,17.599291829928735,-2.1870114620975762,18.0,1.0,4,0,8,0,8.0,4.0,27.39404947645827,4
34,1,merge_courtesy,adaptive,True,0.005,12,0,29.22876198863091,7.1260921480406445,0.0,5.919965624809265,11.897917600953136,18.52980575454284,-6.631888153589701,18.0,1.0,3,0,9,0,0.0,12.0,50.28022022716147,9
35,1,merge_courtesy,adaptive,True,0.005,13,0,27.749774584894283,2.794045444469938,0.6701807287125197,2.826003074645996,15.349840184440453,18.428226215234403,-3.0783860307939515,18.0,1.0,7,0,6,0,6.0,7.0,24.752902693313317,6
36,1,merge_courtesy,adaptive,True,0.005,12,0,30.0,6.125696728730288,0.0,5.078530430793762,13.28502877538076,18.69929199802638,-5.4142632226456175,18.0,1.0,3,0,9,0,1.0,11.0,35.37365418069185,9
37,1,merge_courtesy,adaptive,True,0.005,12,0,29.22166165477424,5.3950254878909965,2.0370372264765386,4.991222262382507,13.102022224146658,17.92498096855682,-4.822958744410161,18.0,1.0,2,0,10,0,3.0,9.0,46.93909492548465,7
38,1,merge_courtesy,adaptive,True,0.005,13,0,26.655102277460422,3.4751337043596005,0.0,2.8360221683979034,15.723542827607035,18.760653184279416,-3.0371103566723856,18.0,1.0,7,0,6,0,0.0,13.0,24.456838145218764,6
39,1,merge_courtesy,adaptive,True,0.005,12,0,30.0,5.851120093480181,0.0,4.846059441566467,13.788106728204298,18.900000000000002,-5.111893271795703,18.0,1.0,3,0,9,0,0.0,12.0,32.247726232201586,9
40,1,merge_courtesy,adaptive,True,0.005,12,0,30.0,2.444971964887233,3.1008997951897044,3.2723010033369064,14.978076757296783,17.799291829928734,-2.821215072631953,18.0,1.0,3,0,9,0,7.0,5.0,29.494093593956006,5
41,1,merge_courtesy,adaptive,True,0.005,12,0,30.0,6.482533815946347,0.0,5.37635600566864,12.78211317150958,18.69929199802638,-5.917178826516799,18.0,1.0,3,0,9,0,1.0,11.0,40.61064541675008,9
42,1,merge_courtesy,adaptive,True,0.005,12,0,30.0,2.692362236216248,3.257100182901224,3.419594405218959,14.638266205616256,17.799291829928734,-3.1610256243124795,18.0,1.0,3,0,9,0,7.0,5.0,36.6109312452071,5
43,1,merge_courtesy,adaptive,True,0.005,12,0,30.0,1.2793319799131226,4.704997960374176,2.637139245867729,15.623440370904424,17.399291829928735,-1.7758514590243129,18.0,1.0,3,0,9,0,9.0,3.0,31.880245698082152,3
44,1,merge_courtesy,adaptive,True,0.005,12,0,30.0,2.01702670141752,3.134114810024647,3.0028384663164616,15.092545144424205,17.599291829928735,-2.50674668550453,18.0,1.0,3,0,9,0,8.0,4.0,35.886027752955286,4
45,1,merge_courtesy,adaptive,True,0.005,14,0,25.465470228741687,2.7963087698440816,0.6793710456417843,2.997627019882202,15.269322166130499,18.259954878618135,-2.9906327124876415,18.0,1.0,7,0,7,0,8.0,6.0,24.17715681300611,6
46,1,merge_courtesy,adaptive,True,0.005,12,0,30.0,6.615133955466219,0.0,5.489713817834854,12.810958111817815,18.900000000000002,-6.0890418881821855,18.0,1.0,3,0,9,0,0.0,12.0,42.70958513866706,9
47,1,merge_courtesy,adaptive,True,0.005,13,0,27.039601997206645,3.6698389576183,0.0,3.000105381011963,15.584954724811046,18.960593038547454,-3.3756383137364105,18.0,1.0,7,0,6,0,0.0,13.0,29.120885700790826,6
48,1,merge_courtesy,adaptive,True,0.005,9,1,30.0,2.2604529756574507,4.576961617894828,2.7294476330280304,11.438674354559128,13.199291829928736,-1.7606174753696098,18.0,1.0,0,0,9,0,6.0,3.0,31.276558708919918,3
49,1,merge_courtesy,adaptive,True,0.005,12,0,28.813046846239462,1.9153293336033248,1.426113284471659,2.4257702678442,15.33398219081972,17.728846139199163,-2.3948639483794425,18.0,1.0,6,0,6,0,3.0,9.0,32.65997228837248,4
50,1,merge_courtesy,adaptive,True,0.005,12,0,30.0,7.105023014697604,0.0,5.872265815734863,12.077308539163774,18.69929199802638,-6.621983458862607,18.0,1.0,3,0,9,0,1.0,11.0,50.02767456590278,9
51,1,merge_courtesy,adaptive,True,0.005,13,0,27.366137963660552,2.3664315659205113,0.6055868122796992,2.399818480014801,15.487726233003423,18.029683292054166,-2.541957059050741,18.0,1.0,7,0,6,0,7.0,6.0,17.435731014400485,6
52,1,merge_courtesy,adaptive,True,0.005,12,0,30.0,6.389972460590862,0.0,5.291628777980804,12.8759170837784,18.69929199802638,-5.823374914247977,18.0,1.0,3,0,9,0,1.0,11.0,39.45116146956466,9
53,1,merge_courtesy,adaptive,True,0.005,12,0,30.0,2.6356093148023234,3.193142100797049,3.473158597946167,14.705979100091836,17.799291829928734,-3.093312729836899,18.0,1.0,3,0,9,0,7.0,5.0,35.06396071628574,5
54,1,merge_courtesy,adaptive,True,0.005,12,0,28.813046846239462,3.5510991269603327,0.0,2.8974398970603943,15.209107526779498,18.33026248619494,-3.1211549594154437,18.0,1.0,6,0,6,0,0.0,12.0,25.763043674834353,6
55,1,merge_courtesy,adaptive,True,0.005,13,0,27.750637683406776,2.717239763012126,0.6740034368603814,2.7575292587280273,16.124486111203,19.02867248049455,-2.9041863692915464,18.0,1.0,7,0,6,0,2.0,11.0,22.84065987659503,6
56,1,merge_courtesy,adaptive,True,0.005,12,0,29.583335506289604,7.11235734221873,0.03525281243091771,5.938666760921478,11.869610984871926,18.499293070069758,-6.629682085197832,18.0,1.0,3,0,9,0,1.0,11.0,50.039578899244596,9
57,1,merge_courtesy,adaptive,True,0.005,12,0,30.0,6.049339172106017,0.0,5.010404646396637,13.606864210299067,18.900000000000002,-5.293135789700933,18.0,1.0,3,0,9,0,0.0,12.0,34.4633181340962,9
58,1,merge_courtesy,adaptive,True,0.005,13,0,27.80793920474951,2.626542391466721,0.6551630663470028,2.6641265749931335,15.471060248733624,18.259420216398464,-2.788359967664844,18.0,1.0,7,0,6,0,7.0,6.0,21.240801557358925,6
59,1,merge_courtesy,adaptive,True,0.005,12,0,28.813046846239462,2.7106405038341084,0.6550489642767271,2.7426286935806274,15.153430812918545,18.128867494258657,-2.975436681340115,18.0,1.0,6,0,6,0,1.0,11.0,23.225236071296518,6
60,1,merge_courtesy,adaptive,True,0.005,12,0,30.0,1.30531945930516,3.860893046681618,2.517016679048538,15.588982796488196,17.399291829928735,-1.810309033440541,18.0,1.0,4,0,8,0,9.0,3.0,33.14132040829869,3
61,1,merge_courtesy,adaptive,True,0.005,13,0,27.42333905172183,3.7677877148991925,0.0,3.0805697441101074,15.703437426823562,19.160136306895346,-3.4566988800717886,18.0,1.0,7,0,6,0,0.0,13.0,30.584958497900672,6
62,1,merge_courtesy,adaptive,True,0.005,13,0,27.039601997206645,1.309173014573727,2.2327920344107786,2.151696801185608,16.133284530112437,17.958931795064792,-1.8256472649523572,18.0,1.0,7,0,6,0,6.0,7.0,33.64948499700753,3
63,1,merge_courtesy,adaptive,True,0.005,12,0,29.638203017832648,2.987995932712947,2.346026175793057,3.5766954720020294,14.475301396478502,17.825629278488407,-3.3503278820099043,18.0,1.0,3,0,9,0,6.0,6.0,28.832601213337494,6
64,1,merge_courtesy,adaptive,True,0.005,13,0,27.42420215023432,1.7307193304638266,2.0896098880408065,2.4183691293001175,15.593261649949778,17.65987694805058,-2.066615298100803,18.0,1.0,6,0,7,0,9.0,4.0,24.96748294464905,4
65,1,merge_courtesy,adaptive,True,0.005,12,0,29.22876198863091,2.714623285265136,3.2995968556030366,3.4517414811998606,14.449287502857246,17.62814689461188,-3.1788593917546324,18.0,1.0,3,0,9,0,6.0,6.0,37.085456829701464,5
66,1,merge_courtesy,adaptive,True,0.005,13,0,27.693449821127423,3.069054421246535,0.705102714455851,3.0912462770938873,14.76130093355519,18.199885457509055,-3.4385845239538693,18.0,1.0,7,0,6,0,7.0,6.0,30.396105693898843,6
67,1,merge_courtesy,adaptive,True,0.005,13,0,27.42333905172183,3.185987169149991,0.0,2.581543117761612,16.456369689590744,19.160136306895346,-2.7037666173046073,18.0,1.0,7,0,6,0,0.0,13.0,19.92539034058841,6
68,1,merge_courtesy,adaptive,True,0.005,13,0,27.42333905172183,3.8871103222478998,0.0,3.183834493160248,15.623147517192727,19.160136306895346,-3.536988789702624,18.0,1.0,7,0,6,0,0.0,13.0,32.249464435776005,6
69,1,merge_courtesy,adaptive,True,0.005,13,0,27.42420215023432,3.9457923406186874,0.0,3.239263504743576,15.49932310842148,19.160585118121844,-3.6612620097003674,18.0,1.0,7,0,6,0,0.0,13.0,34.149700718136415,6
70,1,merge_courtesy,adaptive,True,0.005,12,0,30.0,6.974980145116703,0.0,5.79599928855896,12.170618835075663,18.69929199802638,-6.528673162950717,18.0,1.0,3,0,9,0,1.0,11.0,48.42378724422853,9
71,1,merge_courtesy,adaptive,True,0.005,13,0,28.135251062216373,3.099407749324124,0.7084323983674093,3.2806555032730103,15.644284224836468,19.128670491685824,-3.484386266849355,18.0,1.0,6,0,7,0,3.0,10.0,31.12657423324002,6
72,1,merge_courtesy,adaptive,True,0.005,8,1,30.0,1.308565472424366,3.091979320243378,2.1764691919088364,9.999725817668123,11.799291829928736,-1.799566012260614,18.0,1.0,2,0,6,0,5.0,3.0,32.843473241144956,3
73,1,merge_courtesy,adaptive,True,0.005,12,0,29.638203017832648,7.117385571990925,0.0,5.981014370918274,12.091794406805496,18.726337448559672,-6.634543041754176,18.0,1.0,3,0,9,0,0.0,12.0,50.22245188526244,9
74,1,merge_courtesy,adaptive,True,0.005,12,0,29.638203017832648,1.9257903840050226,3.981547342275331,2.9120794385671616,15.058004602279356,17.425629278488408,-2.3676246762090503,18.0,1.0,4,0,8,0,8.0,4.0,32.18196362696686,4
75,1,merge_courtesy,adaptive,True,0.005,12,0,30.0,6.126522734490364,0.0,5.074550539255142,13.491677095479957,18.900000000000002,-5.408322904520042,18.0,1.0,3,0,9,0,0.0,12.0,35.53262081804384,9
76,1,merge_courtesy,adaptive,True,0.005,12,0,30.0,1.9927069530203405,3.949922485535652,3.105780601501465,15.095839056948032,17.599291829928735,-2.5034527729807037,18.0,1.0,3,0,9,0,8.0,4.0,35.62547223653252,4
77,1,merge_courtesy,adaptive,True,0.005,12,0,29.2224878754412,0.6019641414041793,3.51795774366971,1.645143762230873,15.718516067784131,16.82608601014051,-1.107569942356378,18.0,1.0,6,0,6,0,10.0,2.0,27.74519147279758,2
78,1,merge_courtesy,adaptive,True,0.005,12,0,29.22876198863091,0.6350855366252627,5.48975494864965,2.13322713971138,15.662606881289504,16.829097584471572,-1.1664907031820708,18.0,1.0,4,0,8,0,10.0,2.0,30.78635818534746,2
79,1,merge_courtesy,adaptive,True,0.005,13,0,27.750637683406776,2.7461812006590414,0.6601466674497924,2.768508791923523,16.006707019324836,19.02867248049455,-3.0219654611697124,18.0,1.0,7,0,6,0,2.0,11.0,23.88384315162126,6
80,1,merge_courtesy,adaptive,True,0.005,12,0,30.0,0.6309146164069651,3.908538852232836,2.2346272617578506,16.036638337258797,17.199291829928736,-1.1626534926699388,18.0,1.0,3,0,9,0,10.0,2.0,30.569314979384146,2
81,1,merge_courtesy,adaptive,True,0.005,12,0,30.0,3.1844661988536274,2.4352764663816497,3.7445697635412216,14.440031060293096,17.999291829928733,-3.559260769635639,18.0,1.0,3,0,9,0,6.0,6.0,32.64412954517137,6
82,1,merge_courtesy,adaptive,True,0.005,12,0,30.0,1.9195900115310105,3.9772011404608985,3.0210095047950745,15.24205660756097,17.599291829928735,-2.3572352223677653,18.0,1.0,3,0,9,0,8.0,4.0,31.920169811739786,4
83,1,merge_courtesy,adaptive,True,0.005,14,0,25.822611223350602,3.600825394439309,0.0,2.9454695284366608,16.391776555142663,19.660662285076338,-3.268885729933676,18.0,1.0,8,0,6,0,0.0,14.0,27.530962778401303,6
84,1,merge_courtesy,adaptive,True,0.005,12,0,29.221552852052668,7.28207741366017,0.0,6.112735450267792,11.919702822162979,18.52634536898528,-6.606642546822301,18.0,1.0,2,0,10,0,0.0,12.0,43.12260806166609,10
85,1,merge_courtesy,adaptive,True,0.005,12,0,30.0,6.111962835664856,0.0,5.112810909748077,13.53812243076255,18.900000000000002,-5.361877569237451,18.0,1.0,3,0,9,0,0.0,12.0,35.26822048344002,9
86,1,merge_courtesy,adaptive,True,0.005,14,0,25.822598942267394,2.745955270886522,0.6720312183600081,2.78783518075943,15.484206934022918,18.4599469581941,-2.9757400241711807,18.0,1.0,8,0,6,0,8.0,6.0,23.563999201709603,6
87,1,merge_courtesy,adaptive,True,0.005,12,0,30.0,1.896492470681035,3.8251460246153512,2.784155488014221,15.223462332088527,17.599291829928735,-2.3758294978402086,18.0,1.0,4,0,8,0,8.0,4.0,32.11722331171739,4
88,1,merge_courtesy,adaptive,True,0.005,13,0,28.135251062216373,2.446366691597363,1.3835736095293059,2.702500745654106,16.07078273287682,18.928670492746292,-2.8578877598694756,18.0,1.0,7,0,6,0,4.0,9.0,30.00766262214456,5
89,1,merge_courtesy,adaptive,True,0.005,13,0,27.42333905172183,3.384655405354681,0.0,2.761804521083832,16.159155689672033,19.160136306895346,-3.000980617223316,18.0,1.0,7,0,6,0,0.0,13.0,23.562412661358504,6
90,1,merge_courtesy,adaptive,True,0.005,12,0,28.813046846239462,2.970624640578891,0.0,2.407427102327347,15.7976824734201,18.33026248619494,-2.532580012774843,18.0,1.0,6,0,6,0,0.0,12.0,17.3628398590122,6
91,1,merge_courtesy,adaptive,True,0.005,13,0,26.982300475863916,2.773666830117017,0.6640313840806825,2.8008666932582855,14.768264641704409,17.830087797973597,-3.061823156269189,18.0,1.0,7,0,6,0,7.0,6.0,24.440783133895888,6
92,1,merge_courtesy,adaptive,True,0.005,13,0,27.42333905172183,3.762339341673647,0.0,3.0887177288532257,15.763418440853268,19.160136306895346,-3.396717866042083,18.0,1.0,7,0,6,0,0.0,13.0,29.846152592298694,6
93,1,merge_courtesy,adaptive,True,0.005,12,0,29.638203017832648,5.87225983345447,0.7239415309496818,5.011261448264122,13.263816812111177,18.524942456624704,-5.261125644513528,18.0,1.0,3,0,9,0,1.0,11.0,41.12423982527255,8
94,1,merge_courtesy,adaptive,True,0.005,12,0,28.813046846239462,1.1394936644923996,1.3457527914245426,1.9149192571640015,15.307318267247066,16.829554316123676,-1.522236048876612,18.0,1.0,6,0,6,0,9.0,3.0,23.76948866658211,3
95,1,merge_courtesy,adaptive,True,0.005,13,0,27.749774584894283,2.6367336678242506,0.6386611343006494,2.659170776605606,15.339334964109003,18.229174334669395,-2.8898393705603898,18.0,1.0,7,0,6,0,7.0,6.0,21.940439657102687,6
96,1,merge_courtesy,adaptive,True,0.005,12,0,30.0,1.2051551186566845,4.5925255426743865,2.422514682635665,15.759085016072257,17.399291829928735,-1.6402068138564805,18.0,1.0,3,0,9,0,9.0,3.0,27.379741302813603,3
97,1,merge_courtesy,adaptive,True,0.005,13,0,27.80783877146805,0.0,2.1460950925952806,1.4413187205791473,16.73145977221982,17.259367991092123,-0.5279082188723022,18.0,1.0,6,0,7,0,12.0,1.0,25.081837879763384,1
98,1,merge_courtesy,adaptive,True,0.005,12,0,30.0,1.2827374349990825,4.664155402521017,2.645593896508217,15.608589199767222,17.399291829928735,-1.790702630161516,18.0,1.0,3,0,9,0,9.0,3.0,32.361574429457505,3
99,1,merge_courtesy,adaptive,True,0.005,13,0,28.135251062216373,2.2348164191068323,1.3301511415024811,2.4999289512634277,16.399795050459513,18.928670492746292,-2.5288754422867816,18.0,1.0,7,0,6,0,4.0,9.0,24.07617833040634,5
100,1,merge_courtesy,adaptive,True,0.005,12,0,30.0,2.31206196767145,2.9824579485948712,3.112791121006012,15.121046532168263,17.799291829928734,-2.678245297760473,18.0,1.0,3,0,9,0,7.0,5.0,26.497330436614554,5
101,1,merge_courtesy,adaptive,True,0.005,13,0,28.135251062216373,1.1683313548829233,1.3278539987299518,1.9290348440408707,16.921563161951173,18.528670493108375,-1.607107331157198,18.0,1.0,7,0,6,0,6.0,7.0,26.177418945837235,3
102,1,merge_courtesy,adaptive,True,0.005,9,1,29.454078627731022,4.439362588430111,2.444477080103247,4.103147715330124,9.687397403322043,13.602759857174732,-3.9153624538526897,18.0,1.0,0,0,9,0,3.0,6.0,38.965497066658294,6
103,1,merge_courtesy,adaptive,True,0.005,12,0,28.813046846239462,1.914220143024183,2.2018325000062773,2.4432511180639267,15.361772003492241,17.728846139199163,-2.3670741357069196,18.0,1.0,6,0,6,0,3.0,9.0,32.06839898496278,4
104,1,merge_courtesy,adaptive,True,0.005,13,0,27.3660375303791,2.6646690784665714,0.6606022399200159,2.6938362419605255,15.173056396509077,18.0296310663215,-2.8565746698124204,18.0,1.0,7,0,6,0,7.0,6.0,22.021256246535525,6
105,1,merge_courtesy,adaptive,True,0.005,12,0,30.0,2.4426197806005874,3.1369807278055806,3.305537611246109,15.003189094045071,17.799291829928734,-2.7961027358836654,18.0,1.0,3,0,9,0,7.0,5.0,29.15663655805819,5
106,1,merge_courtesy,adaptive,True,0.005,12,0,30.0,6.158050160011795,0.0,5.098850578069687,13.343723103491445,18.900000000000002,-5.556276896508555,18.0,1.0,3,0,9,0,0.0,12.0,36.34676511010884,9
107,1,merge_courtesy,adaptive,True,0.005,13,0,26.655102277460422,3.5179951138524475,0.0,2.8753551840782166,15.687991050931371,18.760653184279416,-3.072662133348048,18.0,1.0,7,0,6,0,0.0,13.0,25.120648245602737,6
108,1,merge_courtesy,adaptive,True,0.005,12,0,30.0,6.344607978051179,0.0,5.250650852918625,13.156580434516615,18.900000000000002,-5.743419565483385,18.0,1.0,3,0,9,0,0.0,12.0,38.669470425845724,9
109,1,merge_courtesy,adaptive,True,0.005,12,0,30.0,1.997152848436948,3.9291932903706,3.1099588721990585,15.080975210620869,17.599291829928735,-2.518316619307867,18.0,1.0,3,0,9,0,8.0,4.0,36.00092682045774,4
110,1,merge_courtesy,adaptive,True,0.005,13,0,27.749774584894283,2.007933281990093,1.2329934624994001,2.251700520515442,16.003260673017333,18.22822649463793,-2.2249658216205956,18.0,1.0,7,0,6,0,7.0,6.0,19.017006661341735,5
111,1,merge_courtesy,adaptive,True,0.005,12,0,28.813046846239462,3.318234822351185,0.0,2.703514039516449,15.506201378600569,18.33026248619494,-2.8240611075943725,18.0,1.0,6,0,6,0,0.0,12.0,21.74851485737332,6
112,1,merge_courtesy,adaptive,True,0.005,13,0,26.655102277460422,3.773452190322859,0.0,3.082256495952606,15.266680895315895,18.760653184279416,-3.4939722889635227,18.0,1.0,7,0,6,0,0.0,13.0,31.08847089528818,6
113,1,merge_courtesy,adaptive,True,0.005,12,0,30.0,6.4958785759579225,0.0,5.3864229917526245,12.94162983179671,18.900000000000002,-5.958370168203289,18.0,1.0,3,0,9,0,0.0,12.0,40.94782642729961,9
114,1,merge_courtesy,adaptive,True,0.005,11,1,28.19191344322577,2.006259179591282,0.6049875518950705,2.2567460238933563,13.416161050977312,15.603733744947498,-2.187572693970184,18.0,1.0,5,0,6,0,6.0,5.0,18.73341946636848,5
115,1,merge_courtesy,adaptive,True,0.005,12,0,30.0,2.008439274266503,4.080767287186935,3.1319624930620193,15.117967324055632,17.599291829928735,-2.4813245058731037,18.0,1.0,3,0,9,0,8.0,4.0,35.26420508622585,4
116,1,merge_courtesy,adaptive,True,0.005,13,0,28.135251062216373,1.802507410670592,2.143705145302785,2.337202802300453,16.549300430194688,18.728670493103145,-2.179370062908456,18.0,1.0,7,0,6,0,5.0,8.0,27.532120863276013,4
117,1,merge_courtesy,adaptive,True,0.005,13,0,26.655102277460422,0.6310081032942179,3.806236770058174,2.0911585092544556,15.7150269578699,16.859945014208158,-1.144918056338256,18.0,1.0,5,0,8,0,11.0,2.0,29.716367760005845,2
118,1,merge_courtesy,adaptive,True,0.005,13,0,27.80128461713882,1.8586152555808964,2.184837232501465,2.4168485701084137,16.28801414013098,18.55500794166158,-2.266993801530601,18.0,1.0,7,0,6,0,5.0,8.0,29.63238498352271,4
119,1,merge_courtesy,adaptive,True,0.005,14,0,25.465470228741687,1.9416404840019554,1.2213419995591113,2.1862744987010956,15.936148770510803,18.059955158023502,-2.123806387512701,18.0,1.0,8,0,6,0,9.0,5.0,17.580263036554935,5
120,1,merge_courtesy,adaptive,True,0.005,12,0,30.0,6.795622455095051,0.0,5.654022693634033,12.38368294218013,18.69929199802638,-6.3156090558462505,18.0,1.0,3,0,9,0,1.0,11.0,45.63696051254148,9
121,1,merge_courtesy,adaptive,True,0.005,12,0,30.0,6.074018748302372,0.0,5.036643981933594,13.256961046577775,18.69929199802638,-5.442330951448603,18.0,1.0,3,0,9,0,1.0,11.0,35.134014953067144,9
122,1,merge_courtesy,adaptive,True,0.005,13,0,27.807825545686136,3.3743213770323006,0.7394885915578301,3.3767905831336975,14.398592670216143,18.259360834948353,-3.860768164732211,18.0,1.0,7,0,6,0,7.0,6.0,37.76539465049633,6
123,1,merge_courtesy,adaptive,True,0.005,12,0,28.813046846239462,2.8163364694445745,0.6607086012373183,2.8277938961982727,14.973773560704943,18.128867494258657,-3.1550939335537165,18.0,1.0,6,0,6,0,1.0,11.0,25.604298477566758,6
124,1,merge_courtesy,adaptive,True,0.005,13,0,28.135251062216373,1.160183580766173,0.6434490281514431,1.8884481340646744,16.92555471874771,18.528670493108375,-1.603115774360663,18.0,1.0,7,0,6,0,6.0,7.0,26.0078237813632,3
125,1,merge_courtesy,adaptive,True,0.005,13,0,27.80128461713882,3.5614196506547957,0.0,2.902515560388565,16.16773904839992,19.35666800091218,-3.1889289525122666,18.0,1.0,7,0,6,0,0.0,13.0,26.46461605292988,6
126,1,merge_courtesy,adaptive,True,0.005,13,0,26.655102277460422,3.2550887130681594,0.0,2.6414460241794586,15.894311468890551,18.760653184279416,-2.8663417153888693,18.0,1.0,7,0,6,0,0.0,13.0,21.615617684485784,6
127,1,merge_courtesy,adaptive,True,0.005,14,0,25.822598942267394,2.7062459804377283,0.6668651093861362,2.750210702419281,15.546512121381024,18.4599469581941,-2.913434836813077,18.0,1.0,8,0,6,0,8.0,6.0,22.770215971722934,6
128,1,merge_courtesy,adaptive,True,0.005,12,0,30.0,5.843500815998134,0.0,4.831202924251556,13.562680770834541,18.69929199802638,-5.13661122719184,18.0,1.0,3,0,9,0,1.0,11.0,32.23554016023482,9
129,1,merge_courtesy,adaptive,True,0.005,13,0,27.80128461713882,1.2216968872873792,1.3742121777264011,1.9907077252864838,16.659599309308742,18.35500794166681,-1.6954086323580668,18.0,1.0,7,0,6,0,6.0,7.0,29.054828787078105,3
130,1,merge_courtesy,adaptive,True,0.005,13,0,27.03872567291224,2.0797199737546346,2.349359889671806,2.668045297265053,15.654465689095007,18.258477290306896,-2.604011601211891,18.0,1.0,7,0,6,0,4.0,9.0,38.602065952090804,4
131,1,merge_courtesy,adaptive,True,0.005,13,0,28.46254969390132,1.9085455335749488,1.1903022784808521,2.1391133069992065,16.290449809580494,18.399817670756846,-2.109367861176347,18.0,1.0,7,0,6,0,8.0,5.0,17.13131829217462,5
132,1,merge_courtesy,adaptive,True,0.005,12,0,29.638203017832648,6.978123650273679,0.0,5.811066746711731,12.184740348058813,18.726337448559672,-6.541597100500859,18.0,1.0,3,0,9,0,0.0,12.0,48.55052955017985,9
133,1,merge_courtesy,adaptive,True,0.005,13,0,27.693449821127423,2.166651493495709,1.2870777617197038,2.5573111921548843,15.528019580302526,17.999885736914415,-2.4718661566118936,18.0,1.0,6,0,7,0,8.0,5.0,22.830957041174646,5
134,1,merge_courtesy,adaptive,True,0.005,12,0,29.638203017832648,1.1720997132033601,4.451053612945961,2.3466760516166687,15.619930908444696,17.22562927848841,-1.6056983700437129,18.0,1.0,4,0,8,0,9.0,3.0,26.169874237319053,3
135,1,merge_courtesy,adaptive,True,0.005,12,0,30.0,1.3344989012076027,3.903144701216503,2.577988386154175,15.736207086637151,17.598583827955117,-1.8623767413179646,18.0,1.0,4,0,8,0,8.0,4.0,35.01163034285086,3
136,1,merge_courtesy,adaptive,True,0.005,13,0,26.655102277460422,3.343795692657303,0.0,2.727335274219513,15.769744567553817,18.760653184279416,-2.9909086167256054,18.0,1.0,7,0,6,0,0.0,13.0,23.236961640624106,6
137,1,merge_courtesy,adaptive,True,0.005,12,0,30.0,1.8759070964332607,3.9522945804345078,3.010742098093033,15.317587730551265,17.599291829928735,-2.281704099377471,18.0,1.0,3,0,9,0,8.0,4.0,30.07196604491601,4
138,1,merge_courtesy,adaptive,True,0.005,13,0,26.655102277460422,3.7719705526105365,0.0,3.089605897665024,15.34547789596545,18.760653184279416,-3.4151752883139683,18.0,1.0,7,0,6,0,0.0,13.0,30.171716117574036,6
139,1,merge_courtesy,adaptive,True,0.005,13,0,27.80793920474951,3.5614861912096196,0.0,2.9073118567466736,16.104747114197,19.360128386469743,-3.2553812722727415,18.0,1.0,7,0,6,0,0.0,13.0,27.182207652535833,6
140,1,merge_courtesy,adaptive,True,0.005,12,0,29.2224878754412,0.6302394128989742,3.7655858571274905,1.745305210351944,15.677022990071997,16.82608601014051,-1.1490630200685128,18.0,1.0,6,0,6,0,10.0,2.0,29.907253288097017,2
141,1,merge_courtesy,adaptive,True,0.005,13,0,27.42333905172183,3.3443186087536976,0.0,2.7209399938583374,16.27647628659392,19.160136306895346,-2.883660020301434,18.0,1.0,7,0,6,0,0.0,13.0,22.344196033572416,6
142,1,merge_courtesy,adaptive,True,0.005,12,0,30.0,6.231480064412724,0.0,5.1600437462329865,13.29309718559878,18.900000000000002,-5.60690281440122,18.0,1.0,3,0,9,0,0.0,12.0,37.042463189964366,9
143,1,merge_courtesy,adaptive,True,0.005,13,0,26.655102277460422,4.281305470691856,0.0,3.5147491097450256,14.80087540826439,18.760653184279416,-3.959777776015029,18.0,1.0,7,0,6,0,0.0,13.0,40.01503699872995,6
144,1,merge_courtesy,adaptive,True,0.005,12,0,29.22876198863091,3.1909984798077478,0.0,2.5896779000759125,15.736720712463084,18.52980575454284,-2.7930850420797535,18.0,1.0,6,0,6,0,0.0,12.0,20.581487197524623,6
145,1,merge_courtesy,adaptive,True,0.005,13,0,27.80128461713882,2.922135660267264,0.6821183375391205,2.939993292093277,15.719105074663773,18.955007940244258,-3.235902865580485,18.0,1.0,7,0,6,0,3.0,10.0,27.194990727427808,6
146,1,merge_courtesy,adaptive,True,0.005,12,0,29.22876198863091,1.212790570183165,3.7200537652686423,2.419772118330002,15.380784916453624,17.02909758447157,-1.64831266801795,18.0,1.0,4,0,8,0,9.0,3.0,27.667746206882416,3
147,1,merge_courtesy,adaptive,True,0.005,14,0,25.822611223350602,3.292152692006833,0.0,2.6784403026103973,16.81401472122418,19.660662285076338,-2.846647563852161,18.0,1.0,8,0,6,0,0.0,14.0,21.704775232726295,6
148,1,merge_courtesy,adaptive,True,0.005,12,0,30.0,1.8875280546244535,3.823526170104971,2.9318980127573013,15.239860256415264,17.599291829928735,-2.3594315735134717,18.0,1.0,3,0,9,0,8.0,4.0,31.703136053279696,4
149,1,merge_courtesy,adaptive,True,0.005,12,0,29.2224878754412,3.6378593537222987,0.7688547165032973,3.594498723745346,13.80866446923419,17.82608601013993,-4.017421540905745,18.0,1.0,5,0,7,0,5.0,7.0,30.529942446989264,7
150,1,merge_courtesy,adaptive,True,0.005,12,0,28.813046846239462,2.2510434567516366,1.3506212035698162,2.513715162873268,14.696982612898914,17.229554316123675,-2.5325717032247628,18.0,1.0,6,0,6,0,7.0,5.0,24.28281176062085,5
151,1,merge_courtesy,adaptive,True,0.005,12,0,29.583458636941597,6.78082013089111,0.032664643170811525,5.683178186416626,12.425203147679849,18.4993538195571,-6.0741506718772555,18.0,1.0,2,0,10,0,1.0,11.0,37.20703691884762,10
152,1,merge_courtesy,adaptive,True,0.005,12,0,29.22876198863091,2.6982413226532804,0.6733452154201891,2.7441315352916718,14.764910700606306,17.62909758447157,-2.8641868838652655,18.0,1.0,6,0,6,0,6.0,6.0,22.42578073343365,6
153,1,merge_courtesy,adaptive,True,0.005,12,0,30.0,1.9167088253440778,4.006745920286211,3.0664013028144836,15.257037561590169,17.599291829928735,-2.342254268338567,18.0,1.0,3,0,9,0,8.0,4.0,31.604026649291566,4
154,1,merge_courtesy,adaptive,True,0.005,12,0,29.221552852052668,6.701387954285262,0.0382537137558735,5.637254953384399,12.562803445318053,18.52634536898528,-5.963541923667227,18.0,1.0,2,0,10,0,0.0,12.0,36.479994261358335,10
155,1,merge_courtesy,adaptive,True,0.005,13,0,27.039601997206645,3.5416450272790745,0.0,2.8975805938243866,15.870589407341525,18.960593038547454,-3.0900036312059327,18.0,1.0,7,0,6,0,0.0,13.0,25.43342386553121,6
156,1,merge_courtesy,adaptive,True,0.005,12,0,29.2224878754412,1.6944635400610144,0.6571626543222715,2.3567420095205307,15.194953019725185,17.226086010140513,-2.0311329904153244,18.0,1.0,5,0,7,0,8.0,4.0,24.04443919678113,4
157,1,merge_courtesy,adaptive,True,0.005,12,0,29.221552852052668,1.8623803629128908,1.1686900146752328,2.082698941230774,15.383973804509134,17.425637198913435,-2.041663394404301,18.0,1.0,6,0,6,0,7.0,5.0,16.194669642616446,5
158,1,merge_courtesy,adaptive,True,0.005,13,0,27.80783877146805,1.8913987088497053,2.202974674729232,2.593619540333748,15.53804358157462,17.85936799109212,-2.3213244095175014,18.0,1.0,6,0,7,0,9.0,4.0,30.961732998162688,4
159,1,merge_courtesy,adaptive,True,0.005,12,0,29.22876198863091,2.411103853815357,1.3822568419394266,2.6747541278600693,14.6368183844234,17.42909758447157,-2.792279200048172,18.0,1.0,6,0,6,0,7.0,5.0,28.8124427104264,5
160,1,merge_courtesy,adaptive,True,0.005,12,0,29.638203017832648,6.640730295704432,0.0,5.537985533475876,12.595718013151568,18.726337448559672,-6.130619435408105,18.0,1.0,3,0,9,0,0.0,12.0,43.1748511248333,9
161,1,merge_courtesy,adaptive,True,0.005,12,0,28.813046846239462,2.012906798285157,1.530073645570421,2.601939305663109,14.538333553087579,17.029554316123676,-2.4912207630360985,18.0,1.0,6,0,6,0,8.0,4.0,35.51458192409145,4
162,1,merge_courtesy,adaptive,True,0.005,14,0,25.822611223350602,4.085847603208659,0.0,3.35123211145401,15.92951172183997,19.660662285076338,-3.7311505632363673,18.0,1.0,8,0,6,0,0.0,14.0,35.80182266390775,6
163,1,merge_courtesy,adaptive,True,0.005,13,0,27.743983095796086,2.6188169908259504,0.642841705175088,2.6432173550128937,15.390403954165034,18.22616276033833,-2.8357588061732972,18.0,1.0,7,0,6,0,7.0,6.0,21.421419624615382,6
164,1,merge_courtesy,adaptive,True,0.005,12,0,30.0,6.871961705345781,0.0,5.733680427074432,12.701284346171189,18.900000000000002,-6.1987156538288115,18.0,1.0,2,0,10,0,0.0,12.0,38.64547985406169,10
165,1,merge_courtesy,adaptive,True,0.005,12,0,30.0,1.7543149540586995,3.708246906400868,2.8049135953187943,15.455819571386277,17.599291829928735,-2.1434722585424595,18.0,1.0,3,0,9,0,8.0,4.0,26.454709690491512,4
166,1,merge_courtesy,adaptive,True,0.005,12,0,28.805946512382793,7.101466340726366,0.0,5.8941457867622375,11.791950708226127,18.326854325943735,-6.534903617717614,18.0,1.0,2,0,10,0,0.0,12.0,41.11178619866225,10
167,1,merge_courtesy,adaptive,True,0.005,13,0,27.3660375303791,2.569287532546221,0.6392757637225827,2.603655606508255,15.207714408339372,18.0296310663215,-2.8219166579821238,18.0,1.0,7,0,6,0,7.0,6.0,20.925996726065595,6
168,1,merge_courtesy,adaptive,True,0.005,12,0,30.0,6.575406775955935,0.0,5.460733652114868,12.628910928050654,18.69929199802638,-6.070381069975725,18.0,1.0,3,0,9,0,1.0,11.0,42.270348082492326,9
169,1,merge_courtesy,adaptive,True,0.005,13,0,27.42333905172183,3.7455374930531735,0.0,3.072947472333908,15.813630139685056,19.160136306895346,-3.3465061672102965,18.0,1.0,7,0,6,0,0.0,13.0,29.202057274804744,6
170,1,merge_courtesy,adaptive,True,0.005,13,0,27.42420215023432,2.5847781860328336,0.6398947349119063,2.6211854219436646,16.10866653503812,18.95919012618556,-2.850523591147444,18.0,1.0,7,0,6,0,1.0,12.0,21.260559103115916,6
171,1,merge_courtesy,adaptive,True,0.005,12,1,27.972754983544394,1.8720093510038667,1.1823793186085798,2.1087585538625717,14.789546270975677,16.82621422202947,-2.0366679510537944,18.0,1.0,6,0,6,0,7.0,5.0,16.265533830931055,5
172,1,merge_courtesy,adaptive,True,0.005,13,0,28.135251062216373,3.5739606987798904,0.0,2.924184948205948,16.375953310945878,19.53033055235251,-3.154377241406639,18.0,1.0,7,0,6,0,0.0,13.0,26.21365539023688,6
173,1,merge_courtesy,adaptive,True,0.005,12,0,29.22876198863091,2.6385183888377712,3.2360623988787083,3.3470919132232666,14.551953178901298,17.62814689461188,-3.076193715710581,18.0,1.0,4,0,8,0,6.0,6.0,34.82309739383609,5
174,1,merge_courtesy,adaptive,True,0.005,12,0,30.0,1.1934134064408908,4.555930127783871,2.5405400097370148,15.769050617755166,17.399291829928735,-1.630241212173571,18.0,1.0,3,0,9,0,9.0,3.0,27.007289795689186,3
175,1,merge_courtesy,adaptive,True,0.005,13,0,27.80128461713882,2.5112590865633284,0.6386677090523041,2.557562381029129,16.452606510480702,19.15527273226914,-2.702666221788439,18.0,1.0,7,0,6,0,1.0,12.0,19.66391969670996,6
176,1,merge_courtesy,adaptive,True,0.005,14,0,25.822611223350602,3.4032201446153616,0.0,2.771356463432312,16.675115942054706,19.660662285076338,-2.9855463430216354,18.0,1.0,8,0,6,0,0.0,14.0,23.54311071428121,6
177,1,merge_courtesy,adaptive,True,0.005,12,0,30.0,6.745265012851448,0.0,5.593090713024139,12.530939443330933,18.69929199802638,-6.168352554695447,18.0,1.0,3,0,9,0,1.0,11.0,44.145376414854944,9
178,1,merge_courtesy,adaptive,True,0.005,12,0,30.0,6.877229379815202,0.0,5.780279755592346,12.544041910373368,18.900000000000002,-6.355958089626632,18.0,1.0,3,0,9,0,0.0,12.0,46.418178124431556,9
179,1,merge_courtesy,adaptive,True,0.005,12,0,30.0,6.592106625288776,0.0,5.467475920915604,12.811961378806698,18.900000000000002,-6.0880386211933,18.0,1.0,3,0,9,0,0.0,12.0,42.51481086214555,9
180,1,merge_courtesy,adaptive,True,0.005,12,0,30.0,1.2051022127265447,4.641604368278894,2.4345898032188416,15.968185208639914,17.598583827955117,-1.6303986193152016,18.0,1.0,4,0,8,0,8.0,4.0,27.120699563662594,3
181,1,merge_courtesy,adaptive,True,0.005,13,0,26.655102277460422,1.3028590273858525,2.943651604994311,2.1192241609096527,15.825699096436699,17.6586017517284,-1.8329026552917047,18.0,1.0,7,0,6,0,7.0,6.0,33.83705988353918,3
182,1,merge_courtesy,adaptive,True,0.005,13,0,27.42333905172183,1.2075082103552162,1.3536707778288228,1.9766604602336884,16.680031960165724,18.358719687685458,-1.6786877275197358,18.0,1.0,7,0,6,0,4.0,9.0,28.468262340077747,3
183,1,merge_courtesy,adaptive,True,0.005,12,0,30.0,1.783979338552369,2.9437739516058565,2.7059427350759506,15.452089527712152,17.599291829928735,-2.1472023022165843,18.0,1.0,4,0,8,0,8.0,4.0,26.805725612020108,4
184,1,merge_courtesy,adaptive,True,0.005,12,0,30.0,6.597246897782813,0.0,5.475519299507141,12.643091415625072,18.69929199802638,-6.056200582401306,18.0,1.0,3,0,9,0,1.0,11.0,42.36770316013978,9
185,1,merge_courtesy,adaptive,True,0.005,13,0,27.039601997206645,3.835033669209672,0.0,3.132227748632431,15.408464056570415,18.960593038547454,-3.5521289819770443,18.0,1.0,7,0,6,0,0.0,13.0,32.12794911980165,6
186,1,merge_courtesy,adaptive,True,0.005,13,0,26.655102277460422,3.7798508551293133,0.0,3.0914685130119324,15.33820940750927,18.760653184279416,-3.4224437767701508,18.0,1.0,7,0,6,0,0.0,13.0,30.237975913734214,6
187,1,merge_courtesy,adaptive,True,0.005,12,0,30.0,1.850640986715711,3.1675391358297746,2.946709156036377,15.35506566188236,17.599291829928735,-2.2442261680463753,18.0,1.0,3,0,9,0,8.0,4.0,29.144706792837486,4
188,1,merge_courtesy,adaptive,True,0.005,12,0,30.0,6.9528833698861146,0.0,5.858047008514404,12.474814995608849,18.900000000000002,-6.4251850043911505,18.0,1.0,3,0,9,0,0.0,12.0,47.52792834291878,9
189,1,merge_courtesy,adaptive,True,0.005,12,0,29.2224878754412,3.1054249345306326,0.7019420206742661,3.1151929199695587,14.110987783186212,17.626086010140497,-3.515098226954288,18.0,1.0,6,0,6,0,6.0,6.0,31.51507766520007,6
190,1,merge_courtesy,adaptive,True,0.005,13,0,26.655102277460422,4.001717498190297,0.0,3.2793824672698975,15.029441265202289,18.760653184279416,-3.731211919077131,18.0,1.0,7,0,6,0,0.0,13.0,35.37985236473437,6
191,1,merge_courtesy,adaptive,True,0.005,13,0,28.461686595388827,1.9818045595291522,1.2242377629395746,2.2183702141046524,16.190309375246155,18.39936885953035,-2.2090594842841944,18.0,1.0,7,0,6,0,8.0,5.0,18.62481540061888,5
192,1,merge_courtesy,adaptive,True,0.005,13,0,27.750637683406776,1.834894610832201,1.1622928802107206,2.0643205791711807,16.840009063457885,18.828671534704835,-1.988662471246951,18.0,1.0,7,0,6,0,3.0,10.0,15.578097953273012,5
193,1,merge_courtesy,adaptive,True,0.005,13,0,26.655102277460422,2.2342804660384594,1.3186975078167986,2.6248014718294144,15.514622324028636,18.058601751690468,-2.5439794276618306,18.0,1.0,6,0,7,0,5.0,8.0,24.228920519701248,5
194,1,merge_courtesy,adaptive,True,0.005,13,0,27.80128461713882,2.6576479649777847,1.5043655536577156,2.951996847987175,15.844046338456844,18.955251322925868,-3.111204984469024,18.0,1.0,7,0,6,0,2.0,11.0,35.52732312924633,5
195,1,merge_courtesy,adaptive,True,0.005,12,0,28.757367441959875,2.0837324636343144,1.3149013240455858,2.35888135433197,14.958140727604166,17.202828202068897,-2.2446874744647314,18.0,1.0,6,0,6,0,7.0,5.0,20.052163694331977,5
196,1,merge_courtesy,adaptive,True,0.005,12,0,29.638203017832648,1.8536217041931489,2.9813173727692472,2.759958729147911,15.157179233089176,17.425629278488408,-2.2684500453992293,18.0,1.0,4,0,8,0,8.0,4.0,29.611684810187892,4
197,1,merge_courtesy,adaptive,True,0.005,13,0,28.135251062216373,2.884013460300884,0.6914847796950331,2.9053929150104523,16.001658106533203,19.128670491685824,-3.1270123851526215,18.0,1.0,7,0,6,0,3.0,10.0,25.985602194552786,6
198,1,merge_courtesy,adaptive,True,0.005,13,0,26.982300475863916,2.697895578001054,0.6664381982922202,2.7331290543079376,14.93284050355696,17.830087797973597,-2.8972472944166405,18.0,1.0,7,0,6,0,7.0,6.0,22.589419212163723,6
199,1,merge_courtesy,adaptive,True,0.005,13,0,27.039601997206645,4.085532509179304,0.0,3.3504538536071777,15.159021251232103,18.960593038547454,-3.8015717873153556,18.0,1.0,7,0,6,0,0.0,13.0,36.76402114430962,6
200,1,merge_courtesy,adaptive,True,0.005,12,0,29.2224878754412,1.8591173308153655,1.4278997226662118,2.404132515192032,14.946913533837217,17.226086010140513,-2.279172476303292,18.0,1.0,6,0,6,0,8.0,4.0,29.862959572820863,4
201,1,merge_courtesy,adaptive,True,0.005,12,0,29.638203017832648,6.931821262497623,0.0,5.790986895561218,12.238042015271565,18.726337448559672,-6.488295433288106,18.0,1.0,3,0,9,0,0.0,12.0,47.79051110600243,9
202,1,merge_courtesy,adaptive,True,0.005,12,0,29.583458636941597,7.182694105842662,0.0,6.05573958158493,11.965006945474668,18.4993538195571,-6.534346874082439,18.0,1.0,2,0,10,0,1.0,11.0,42.03329103322271,10
203,1,merge_courtesy,adaptive,True,0.005,12,0,30.0,1.2960540888726375,4.759577723462467,2.673131749033928,15.605200199725095,17.399291829928735,-1.794091630203643,18.0,1.0,3,0,9,0,9.0,3.0,32.568886074855634,3
204,1,merge_courtesy,adaptive,True,0.005,13,0,28.135251062216373,2.6303917775295838,0.6589738943553312,2.6755998134613037,16.141839833681498,18.928000887176214,-2.7861610534947188,18.0,1.0,7,0,6,0,3.0,10.0,21.296358612422136,6
205,1,merge_courtesy,adaptive,True,0.005,13,0,26.655102277460422,3.9383509932030085,0.0,3.232897102832794,15.13652892500455,18.760653184279416,-3.6241242592748706,18.0,1.0,7,0,6,0,0.0,13.0,33.616216706213535,6
206,1,merge_courtesy,adaptive,True,0.005,12,0,30.0,1.238870593779786,3.8549300570663734,2.5869028121232986,15.689566139179956,17.399291829928735,-1.7097256907487826,18.0,1.0,3,0,9,0,9.0,3.0,29.60184469071419,3
207,1,merge_courtesy,adaptive,True,0.005,12,0,30.0,1.0987029261613896,2.338186461472813,2.3861357122659683,15.929117497864029,17.399291829928735,-1.47017433206471,18.0,1.0,3,0,9,0,9.0,3.0,22.146807159722858,3
208,1,merge_courtesy,adaptive,True,0.005,13,0,27.42420215023432,4.171326661709546,0.8218737799488532,4.100869059562683,13.633932586233314,18.259876948050003,-4.625944361816689,18.0,1.0,6,0,7,0,6.0,7.0,40.18349938184557,7
209,1,merge_courtesy,adaptive,True,0.005,13,0,28.12772015031127,2.100743381583048,1.2491237581861594,2.341047093272209,15.832193648537064,18.22570630809002,-2.393512659552955,18.0,1.0,7,0,6,0,8.0,5.0,21.426244281705166,5
210,1,merge_courtesy,adaptive,True,0.005,12,0,30.0,7.820769248964692,0.0,6.583999574184418,11.535408593996149,18.900000000000002,-7.364591406003851,18.0,1.0,2,0,10,0,0.0,12.0,50.89115704064962,10
211,1,merge_courtesy,adaptive,True,0.005,12,0,30.0,6.115697946941994,0.0,5.081894934177399,13.291584708131893,18.69929199802638,-5.407707289894487,18.0,1.0,3,0,9,0,1.0,11.0,35.25011098347784,9
212,1,merge_courtesy,adaptive,True,0.005,12,0,30.0,1.2732661060082766,3.845209141559466,2.506035253405571,15.653686861397642,17.399291829928735,-1.745604968531096,18.0,1.0,4,0,8,0,9.0,3.0,30.933936536550757,3
213,1,merge_courtesy,adaptive,True,0.005,12,0,30.0,6.247613586877268,0.0,5.172848045825958,13.263582087514834,18.900000000000002,-5.636417912485167,18.0,1.0,3,0,9,0,0.0,12.0,37.31182050900499,9
214,1,merge_courtesy,adaptive,True,0.005,12,0,29.638203017832648,6.299844443218512,0.0,5.20778101682663,13.017941054446478,18.726337448559672,-5.708396394113194,18.0,1.0,3,0,9,0,0.0,12.0,38.10145769154948,9
215,1,merge_courtesy,adaptive,True,0.005,12,0,30.0,1.167295910806003,4.4944272043607985,2.355735257267952,16.01214971665213,17.598583827955117,-1.5864341113029896,18.0,1.0,3,0,9,0,8.0,4.0,25.62345879049035,3
216,1,merge_courtesy,adaptive,True,0.005,12,0,30.0,1.8735101825220353,3.916792498727154,2.816606640815735,15.310472079334469,17.599291829928735,-2.288819750594268,18.0,1.0,4,0,8,0,8.0,4.0,30.17854307167636,4
217,1,merge_courtesy,adaptive,True,0.005,12,0,30.0,6.374573797395545,0.0,5.286225616931915,13.117538124438761,18.900000000000002,-5.782461875561237,18.0,1.0,3,0,9,0,0.0,12.0,39.12004578831894,9
218,1,merge_courtesy,adaptive,True,0.005,12,0,30.0,6.48556498296438,0.0,5.374838054180145,12.780309603768373,18.69929199802638,-5.918982394258008,18.0,1.0,3,0,9,0,1.0,11.0,40.77959058563468,9
219,1,merge_courtesy,adaptive,True,0.005,12,0,28.813046846239462,2.671403825889665,0.6531014549044591,2.695635110139847,15.225650881621663,18.128867494258657,-2.903216612636995,18.0,1.0,6,0,6,0,1.0,11.0,22.359525207547023,6
220,1,merge_courtesy,adaptive,True,0.005,12,0,29.638203017832648,6.349388716469014,0.0,5.263750642538071,12.952437459110978,18.726337448559672,-5.773899989448693,18.0,1.0,3,0,9,0,0.0,12.0,38.850304779605594,9
221,1,merge_courtesy,adaptive,True,0.005,12,0,30.0,2.776225542316306,3.308268713251145,3.64915332198143,14.534024882983598,17.799291829928734,-3.265266946945138,18.0,1.0,3,0,9,0,7.0,5.0,39.02883161459282,5
222,1,merge_courtesy,adaptive,True,0.005,12,0,30.0,2.098596133844192,4.200906026176377,3.24260251224041,14.986039899271903,17.599291829928735,-2.6132519306568343,18.0,1.0,3,0,9,0,8.0,4.0,38.97208110288595,4
223,1,merge_courtesy,adaptive,True,0.005,12,0,30.0,6.164949149063738,0.0,5.102429777383804,13.412661522839018,18.900000000000002,-5.487338477160981,18.0,1.0,3,0,9,0,0.0,12.0,35.97937056443237,9
224,1,merge_courtesy,adaptive,True,0.005,13,0,26.655102277460422,3.9466625049940025,0.0,3.2376542389392853,15.182393148271453,18.760653184279416,-3.5782600360079675,18.0,1.0,7,0,6,0,0.0,13.0,33.089765607168594,6
225,1,merge_courtesy,adaptive,True,0.005,12,0,30.0,2.0674080834965003,3.2194490251727657,3.241653710603714,15.229948485790565,17.798583827955117,-2.5686353421645487,18.0,1.0,3,0,9,0,7.0,5.0,37.689619140716644,4
226,1,merge_courtesy,adaptive,True,0.005,12,0,30.0,1.7277200677165767,3.716505398876131,2.7912833094596863,15.490898439896094,17.599291829928735,-2.1083933900326413,18.0,1.0,3,0,9,0,8.0,4.0,25.612028455687394,4
227,1,merge_courtesy,adaptive,True,0.005,13,0,28.135251062216373,3.412437781045578,0.0,2.785084158182144,16.610079046251293,19.53033055235251,-2.9202515061012218,18.0,1.0,7,0,6,0,0.0,13.0,23.114891615687444,6
228,1,merge_courtesy,adaptive,True,0.005,12,0,29.583458636941597,7.889846463131343,0.0,6.631230056285858,11.254102435829738,18.70006014573196,-7.445957709902228,18.0,1.0,2,0,10,0,0.0,12.0,51.77510485961015,10
229,1,merge_courtesy,adaptive,True,0.005,13,0,27.316266920941473,2.934995628364486,0.6843336643516053,2.955722749233246,14.75063063222836,18.003750349413927,-3.2531197171855677,18.0,1.0,7,0,6,0,7.0,6.0,27.46191526120531,6
230,1,merge_courtesy,adaptive,True,0.005,12,0,30.0,6.498123335876787,0.0,5.420666307210922,12.986328772218187,18.900000000000002,-5.913671227781813,18.0,1.0,3,0,9,0,0.0,12.0,40.863649829639655,9
231,1,merge_courtesy,adaptive,True,0.005,12,0,29.638203017832648,2.4825699014714133,0.6298777081736929,2.5187548100948334,15.8437458137984,18.524942456624704,-2.6811966428263037,18.0,1.0,6,0,6,0,1.0,11.0,19.265462737895078,6
232,1,merge_courtesy,adaptive,True,0.005,13,0,28.135251062216373,2.462601869799453,1.4368445623003385,2.750656932592392,16.105512866469276,18.928670492746292,-2.8231576262770197,18.0,1.0,7,0,6,0,4.0,9.0,29.688840588872402,5
233,1,merge_courtesy,adaptive,True,0.005,12,0,28.813046846239462,0.5745853150430718,1.3284444669326918,1.6007751375436783,15.605845520342662,16.629554316123677,-1.0237087957810143,18.0,1.0,6,0,6,0,10.0,2.0,23.83445692604112,2
234,1,merge_courtesy,adaptive,True,0.005,12,0,29.638203017832648,6.530934807768782,0.0,5.418560862541199,12.730276652751753,18.726337448559672,-5.99606079580792,18.0,1.0,3,0,9,0,0.0,12.0,41.457503535042875,9
235,1,merge_courtesy,adaptive,True,0.005,13,0,27.80128461713882,2.4501353264707086,1.4358991069929978,2.7319964170455933,15.954857646856794,18.755007941304726,-2.8001502944479366,18.0,1.0,7,0,6,0,4.0,9.0,29.28230665439272,5
236,1,merge_courtesy,adaptive,True,0.005,12,0,30.0,2.5739567590842625,3.1516174256657585,3.267210640013218,14.772882900592167,17.799291829928734,-3.026408929336569,18.0,1.0,3,0,9,0,7.0,5.0,33.525841176187086,5
237,1,merge_courtesy,adaptive,True,0.005,14,0,25.465470228741687,3.7325466647144645,0.0,3.0591873824596405,16.07824850356468,19.460663328095343,-3.3824148245306676,18.0,1.0,8,0,6,0,0.0,14.0,29.51640725352297,6
238,1,merge_courtesy,adaptive,True,0.005,12,0,30.0,1.1930143175982844,3.788136290677308,2.402290217578411,15.758599188742384,17.399291829928735,-1.640692641186354,18.0,1.0,3,0,9,0,9.0,3.0,27.287628093072016,3
239,1,merge_courtesy,adaptive,True,0.005,12,0,30.0,6.872033900979936,0.0,5.691246271133423,12.282437061408999,18.69929199802638,-6.416854936617382,18.0,1.0,3,0,9,0,1.0,11.0,46.79814427271418,9
240,1,merge_courtesy,adaptive,True,0.005,13,0,27.80128461713882,3.308296997691947,0.0,2.6919592916965485,16.432492806512087,19.35666800091218,-2.924175194400097,18.0,1.0,7,0,6,0,0.0,13.0,22.426101740910152,6
241,1,merge_courtesy,adaptive,True,0.005,12,0,30.0,2.7960981777074014,2.335414947718185,3.374317228794098,14.916857468588464,17.999291829928733,-3.0824343613402707,18.0,1.0,3,0,9,0,6.0,6.0,24.803387221121827,6
242,1,merge_courtesy,adaptive,True,0.005,12,0,30.0,6.030122757903677,0.0,4.999328374862671,13.558222251644038,18.900000000000002,-5.3417777483559625,18.0,1.0,3,0,9,0,0.0,12.0,34.39156846147631,9
243,1,merge_courtesy,adaptive,True,0.005,13,0,27.80793920474951,3.7344635799615236,0.0,3.052510589361191,15.960145348480799,19.360128386469743,-3.3999830379889433,18.0,1.0,7,0,6,0,0.0,13.0,29.730317019511347,6
244,1,merge_courtesy,adaptive,True,0.005,13,0,28.135251062216373,2.2725594316883937,1.3192515010862,2.6483336687088013,16.30954586993412,18.928670492746292,-2.6191246228121745,18.0,1.0,6,0,7,0,4.0,9.0,25.432565428484953,5
245,1,merge_courtesy,adaptive,True,0.005,12,0,30.0,3.559452922587056,1.6421032568087535,3.9132525473833084,14.301903938699965,18.199291829928733,-3.897387891228771,18.0,1.0,3,0,9,0,5.0,7.0,28.967260039540854,7
246,1,merge_courtesy,adaptive,True,0.005,12,0,29.638203017832648,2.447321570293953,4.2111359924023235,2.9021847993135452,15.786967429793398,17.624921108417166,-1.8379536786237671,18.0,1.0,3,0,9,0,6.0,6.0,38.62215485169565,3
247,1,merge_courtesy,adaptive,True,0.005,12,0,28.813046846239462,0.618721156868729,2.145904694734803,1.6852770894765854,15.492245516178613,16.629554316123677,-1.1373087999450664,18.0,1.0,6,0,6,0,10.0,2.0,29.260549094924947,2
248,1,merge_courtesy,adaptive,True,0.005,13,0,27.750637683406776,1.933104045607232,1.1943728182680942,2.152334675192833,16.672007183857605,18.828671534704835,-2.1566643508472287,18.0,1.0,7,0,6,0,3.0,10.0,17.731512129222303,5
249,1,merge_courtesy,adaptive,True,0.005,13,0,26.655102277460422,2.649725050848857,1.4902504630945486,2.929485097527504,14.94600375559566,18.058601751690468,-3.112597996094808,18.0,1.0,7,0,6,0,5.0,8.0,35.484834289067756,5
250,1,merge_courtesy,adaptive,True,0.005,12,0,28.813046846239462,3.3004916290508404,2.1837288803225885,3.129461348056793,14.667711259379368,17.42789519560397,-2.760183936224605,18.0,1.0,4,0,8,0,5.0,7.0,28.349499471158577,5
251,1,merge_courtesy,adaptive,True,0.005,12,0,29.22876198863091,1.9725851675180914,1.2210174427755962,2.3534610718488693,15.264884243255299,17.42909758447157,-2.1642133412162727,18.0,1.0,5,0,7,0,7.0,5.0,18.193543697594134,5
252,1,merge_courtesy,adaptive,True,0.005,13,0,27.366137963660552,2.447317671128653,0.6279350654167924,2.4888925552368164,15.418046255922624,18.029683292054166,-2.6116370361315417,18.0,1.0,7,0,6,0,7.0,6.0,18.56848176985501,6
253,1,merge_courtesy,adaptive,True,0.005,12,0,29.638203017832648,7.0253492559508945,0.0,5.822115421295166,12.1363885589045,18.726337448559672,-6.589948889655172,18.0,1.0,3,0,9,0,0.0,12.0,49.28270137353077,9
254,1,merge_courtesy,adaptive,True,0.005,12,0,30.0,2.7240771079585047,3.2642166276644424,3.561966449022293,14.585954607825732,17.799291829928734,-3.2133372221030028,18.0,1.0,3,0,9,0,7.0,5.0,37.73245154604073,5
255,1,merge_courtesy,adaptive,True,0.005,12,0,29.638203017832648,7.049964951822167,0.0,5.855410128831863,12.179065518908745,18.726337448559672,-6.547271929650926,18.0,1.0,3,0,9,0,0.0,12.0,49.035805571374404,9
256,1,merge_courtesy,adaptive,True,0.005,12,0,30.0,1.2902177308018474,4.818284601593937,2.711153820157051,15.628227073284565,17.399291829928735,-1.771064756644173,18.0,1.0,3,0,9,0,9.0,3.0,31.83037829962041,3
257,1,merge_courtesy,adaptive,True,0.005,13,0,28.135251062216373,2.08325053880287,1.3097228475949114,2.3575746566057205,16.67461769461927,18.928670492746292,-2.2540527981270255,18.0,1.0,7,0,6,0,4.0,9.0,20.101148515350523,5
258,1,merge_courtesy,adaptive,True,0.005,12,0,30.0,1.2164323955413858,3.0935616097502807,2.538270056247711,15.72996790384985,17.399291829928735,-1.6693239260788872,18.0,1.0,3,0,9,0,9.0,3.0,28.27238523486424,3
259,1,merge_courtesy,adaptive,True,0.005,13,0,28.135251062216373,0.5750114238823893,2.04973532363835,1.5958551913499832,17.293023606927346,18.32867049310836,-1.0356468861810069,18.0,1.0,7,0,6,0,7.0,6.0,24.340879175198083,2
260,1,merge_courtesy,adaptive,True,0.005,13,0,27.42420215023432,3.3882129628824735,2.4223491850181817,3.75410495698452,14.173701235033086,18.059876948050572,-3.886175713017486,18.0,1.0,5,0,8,0,7.0,6.0,38.21131212543953,6
261,1,merge_courtesy,adaptive,True,0.005,12,0,30.0,1.216023203263404,4.632593213699974,2.617579147219658,15.743655922821675,17.399291829928735,-1.6556359071070623,18.0,1.0,3,0,9,0,9.0,3.0,27.894528862692372,3
262,1,merge_courtesy,adaptive,True,0.005,13,0,27.80128461713882,2.728233298760413,1.5583951505952283,3.041356936097145,15.574109054800957,18.755007941304726,-3.1808988865037717,18.0,1.0,7,0,6,0,4.0,9.0,37.23949535000516,5
263,1,merge_courtesy,adaptive,True,0.005,12,0,29.638203017832648,6.458674806345984,0.0,5.360618621110916,12.88772966400705,18.726337448559672,-5.83860778455262,18.0,1.0,3,0,9,0,0.0,12.0,40.15240431545314,9
264,1,merge_courtesy,adaptive,True,0.005,13,0,28.135251062216373,0.5792584800493541,1.2960517635649018,1.575325384736061,17.26864724109295,18.32867049310836,-1.0600232520154047,18.0,1.0,7,0,6,0,7.0,6.0,25.432506424646384,2
265,1,merge_courtesy,adaptive,True,0.005,12,0,29.638203017832648,5.760658888528184,1.4131449002252765,5.050901144742966,13.301012997262943,18.424921049668,-5.123908052405059,18.0,1.0,2,0,10,0,2.0,10.0,40.719066399263106,8
266,1,merge_courtesy,adaptive,True,0.005,13,0,27.42420215023432,1.575610599022582,1.9328192346595898,2.0858014971017838,16.704198158227737,18.559168771126068,-1.8549706128983325,18.0,1.0,7,0,6,0,3.0,10.0,20.322651071356425,4
267,1,merge_courtesy,adaptive,True,0.005,12,0,30.0,6.687801937816439,0.0,5.587018221616745,12.719153043382402,18.900000000000002,-6.1808469566175965,18.0,1.0,3,0,9,0,0.0,12.0,43.87675857865227,9
268,1,merge_courtesy,adaptive,True,0.005,12,0,30.0,6.831063111677593,0.0,5.701641380786896,12.574282414521537,18.900000000000002,-6.325717585478462,18.0,1.0,3,0,9,0,0.0,12.0,45.82632072422775,9
269,1,merge_courtesy,adaptive,True,0.005,12,0,29.638203017832648,6.1553908388485175,0.0,5.117616176605225,13.17789194565155,18.726337448559672,-5.548445502908123,18.0,1.0,3,0,9,0,0.0,12.0,36.29024937491726,9
270,1,merge_courtesy,adaptive,True,0.005,13,0,26.655102277460422,1.2913200491802992,3.011668916659165,2.3050224781036377,15.871854760088581,17.6586017517284,-1.7867469916398215,18.0,1.0,6,0,7,0,7.0,6.0,32.30694373276628,3
271,1,merge_courtesy,adaptive,True,0.005,12,0,30.0,6.266377231090238,0.0,5.19123974442482,13.10864057151417,18.69929199802638,-5.590651426512209,18.0,1.0,3,0,9,0,1.0,11.0,37.34232864544336,9
272,1,merge_courtesy,adaptive,True,0.005,12,0,30.0,6.6267701893495214,0.0,5.517273902893066,12.594752346500101,18.69929199802638,-6.104539651526277,18.0,1.0,3,0,9,0,1.0,11.0,42.89981786135166,9
273,1,merge_courtesy,adaptive,True,0.005,12,0,30.0,1.224393443724486,3.0908940959677826,2.5505854785442352,15.699849581642926,17.399291829928735,-1.699442248285812,18.0,1.0,3,0,9,0,9.0,3.0,29.191942430415306,3
274,1,merge_courtesy,adaptive,True,0.005,12,0,30.0,5.7470112058580565,0.0,4.749083161354065,13.881214835232964,18.900000000000002,-5.018785164767037,18.0,1.0,3,0,9,0,0.0,12.0,31.035065552663184,9
275,1,merge_courtesy,adaptive,True,0.005,12,0,30.0,0.5206789268644081,5.084513041125532,2.1225733011960983,16.30757084628925,17.199291829928736,-0.8917209836394884,18.0,1.0,3,0,9,0,10.0,2.0,18.260700392179352,2
276,1,merge_courtesy,adaptive,True,0.005,12,0,30.0,6.362791846559094,0.0,5.271635890007019,12.923517873764398,18.69929199802638,-5.775774124261981,18.0,1.0,3,0,9,0,1.0,11.0,38.980626071799094,9
277,1,merge_courtesy,adaptive,True,0.005,13,0,27.03872567291224,3.375658286730831,0.0,2.7501871287822723,15.93404475467699,18.96013734991436,-3.026092595237376,18.0,1.0,7,0,6,0,0.0,13.0,23.748939980744996,6
278,1,merge_courtesy,adaptive,True,0.005,12,0,29.638203017832648,6.497461748602399,0.0,5.3864597380161285,12.759088824306314,18.726337448559672,-5.967248624253357,18.0,1.0,3,0,9,0,0.0,12.0,41.14141007333029,9
279,1,merge_courtesy,adaptive,True,0.005,12,0,28.813046846239462,3.2708025274869676,0.0,2.6625398993492126,15.531787921747132,18.33026248619494,-2.7984745644478113,18.0,1.0,6,0,6,0,0.0,12.0,21.219781976032625,6
280,1,merge_courtesy,adaptive,True,0.005,13,0,27.807825545686136,2.170677406945221,1.2747866324123658,2.415296286344528,15.56212050139748,18.059361113684943,-2.4972406122874657,18.0,1.0,7,0,6,0,8.0,5.0,23.146575607885016,5
281,1,merge_courtesy,adaptive,True,0.005,12,0,30.0,7.025449602063592,0.0,5.8648101687431335,12.386025607469062,18.900000000000002,-6.513974392530938,18.0,1.0,3,0,9,0,0.0,12.0,48.73963019705967,9
282,1,merge_courtesy,adaptive,True,0.005,12,0,30.0,2.8832160247696934,2.345056994679773,3.4544731080532074,14.837835469336818,17.999291829928733,-3.1614563605919175,18.0,1.0,3,0,9,0,6.0,6.0,26.219574801203994,6
283,1,merge_courtesy,adaptive,True,0.005,12,0,29.22166165477424,6.354008234488603,0.0,5.325978189706802,12.825616516625436,18.526397594291634,-5.7007810776662,18.0,1.0,3,0,9,0,0.0,12.0,38.68855670888579,9
284,1,merge_courtesy,adaptive,True,0.005,12,0,30.0,6.434782236935857,0.0,5.375305593013763,13.073697791154093,18.900000000000002,-5.826302208845907,18.0,1.0,3,0,9,0,0.0,12.0,39.744046247788724,9
285,1,merge_courtesy,adaptive,True,0.005,12,0,30.0,5.897148774413109,0.0,4.864587962627411,13.50721796000983,18.69929199802638,-5.192074038016549,18.0,1.0,3,0,9,0,1.0,11.0,32.66470248233226,9
286,1,merge_courtesy,adaptive,True,0.005,12,0,30.0,1.8913612002574234,3.922358116859321,2.8645005971193314,15.27810574459829,17.599291829928735,-2.321186085330445,18.0,1.0,3,0,9,0,8.0,4.0,30.9587261789115,4
287,1,merge_courtesy,adaptive,True,0.005,13,0,27.039601997206645,3.9725616317921184,0.0,3.2692838609218597,15.293983108209561,18.960593038547454,-3.666609930337897,18.0,1.0,7,0,6,0,0.0,13.0,34.349021130854815,6
288,1,merge_courtesy,adaptive,True,0.005,12,0,29.638203017832648,0.6501216488274998,5.696845295228985,2.3579309433698654,15.841127973506163,17.02562927848841,-1.184501304982245,18.0,1.0,3,0,9,0,10.0,2.0,31.78649917298865,2
289,1,merge_courtesy,adaptive,True,0.005,12,0,28.812220625572504,1.166604934392781,3.8339356123083403,2.490971677005291,15.45955676059389,17.02820904644855,-1.5686522858546588,18.0,1.0,3,0,9,0,8.0,4.0,25.168093750174247,3
290,1,merge_courtesy,adaptive,True,0.005,12,0,30.0,6.274094681831768,0.0,5.2038083374500275,13.116247325941767,18.69929199802638,-5.583044672084613,18.0,1.0,3,0,9,0,1.0,11.0,37.400841664973846,9
291,1,merge_courtesy,adaptive,True,0.005,12,0,30.0,1.1716413929670884,2.9952867586946406,2.4511281698942184,15.982071322380941,17.598583827955117,-1.6165125055741756,18.0,1.0,3,0,9,0,8.0,4.0,26.45825654613989,3
292,1,merge_courtesy,adaptive,True,0.005,14,0,25.465470228741687,2.9266370946682687,0.677631992666635,3.1027095913887024,15.000515554269024,18.259954878618135,-3.259439324349115,18.0,1.0,7,0,7,0,8.0,6.0,27.44511777339795,6
293,1,merge_courtesy,adaptive,True,0.005,13,0,27.42333905172183,1.1145478635171602,2.0081225117597112,1.8638225495815277,16.66149413479109,18.158476246391487,-1.496982111600398,18.0,1.0,7,0,6,0,6.0,7.0,22.924323711403275,3
294,1,merge_courtesy,adaptive,True,0.005,12,0,29.638203017832648,2.010561065959334,3.988116910122834,3.1278703957796097,14.900853105125558,17.425629278488408,-2.5247761733628478,18.0,1.0,3,0,9,0,8.0,4.0,36.241958375899024,4
295,1,merge_courtesy,adaptive,True,0.005,12,0,28.813046846239462,1.9213871233793616,3.8611222639541847,2.8736958503723145,14.618651759826513,17.029554316123676,-2.410902556297164,18.0,1.0,4,0,8,0,8.0,4.0,33.05260708802041,4
296,1,merge_courtesy,adaptive,True,0.005,12,0,30.0,1.7674016277809168,3.708648440861789,2.825063556432724,15.411140527151474,17.599291829928735,-2.1881513027772623,18.0,1.0,3,0,9,0,8.0,4.0,27.378945643597262,4
297,1,merge_courtesy,adaptive,True,0.005,12,0,30.0,6.755575933298179,0.0,5.656298518180847,12.683656621967614,18.900000000000002,-6.216343378032386,18.0,1.0,3,0,9,0,0.0,12.0,44.679751988457355,9
298,1,merge_courtesy,adaptive,True,0.005,12,0,30.0,5.930599986341392,0.0,4.898098945617676,13.710704036220518,18.900000000000002,-5.1892959637794815,18.0,1.0,3,0,9,0,0.0,12.0,33.009543359213,9
299,1,merge_courtesy,adaptive,True,0.005,12,0,29.638203017832648,6.997488866529391,0.0,5.838983654975891,12.193277331932277,18.726337448559672,-6.533060116627395,18.0,1.0,3,0,9,0,0.0,12.0,48.62889835039614,9
300,1,merge_courtesy,adaptive,True,0.005,12,0,28.812111822850934,2.2646841640322233,1.3067006422751553,2.514953002333641,14.608712371685,17.2291055048966,-2.620393133211604,18.0,1.0,6,0,6,0,7.0,5.0,25.38307024078861,5
301,1,merge_courtesy,adaptive,True,0.005,14,0,25.465470228741687,4.752815744925661,0.0,3.9345520436763763,15.036174634799258,19.460663328095343,-4.424488693296091,18.0,1.0,7,0,7,0,0.0,14.0,36.790722995871235,7
302,1,merge_courtesy,adaptive,True,0.005,12,0,30.0,1.194176224152689,2.3915791252883065,2.4894339442253113,15.764044320676849,17.399291829928735,-1.6352475092518894,18.0,1.0,3,0,9,0,9.0,3.0,27.148741195099888,3
303,1,merge_courtesy,adaptive,True,0.005,12,0,28.813046846239462,1.6626852321109302,0.6582899715089973,2.180560737848282,15.77341409644803,17.728846139199163,-1.9554320427511298,18.0,1.0,6,0,6,0,3.0,9.0,22.61816778567555,4
304,1,merge_courtesy,adaptive,True,0.005,12,0,29.58334983422002,3.1316727698697253,2.3444477337561707,3.890422224998474,14.292289870050908,17.79929947161717,-3.5070096015662657,18.0,1.0,2,0,10,0,6.0,6.0,31.635565556581856,6
305,1,merge_courtesy,adaptive,True,0.005,12,0,30.0,2.6820984209896186,2.3099824067430683,3.24592325091362,15.104484717617883,17.999291829928733,-2.8948071123108523,18.0,1.0,3,0,9,0,6.0,6.0,22.40110158888508,6
306,1,merge_courtesy,adaptive,True,0.005,12,0,30.0,1.2921353648318696,4.775026789923499,2.5353858023881912,15.616256838126949,17.399291829928735,-1.7830349918017885,18.0,1.0,4,0,8,0,9.0,3.0,32.20216804476067,3
307,1,merge_courtesy,adaptive,True,0.005,13,0,28.135251062216373,2.4040487923932696,0.0,1.9454692602157593,17.12431131986473,19.129396154640517,-2.0050848347757912,18.0,1.0,8,0,5,0,2.0,11.0,15.814137859851694,5
308,1,merge_courtesy,adaptive,True,0.005,12,0,30.0,0.6408976029503507,5.558985445289888,2.285082593560219,16.02366791272838,17.199291829928736,-1.1756239172003544,18.0,1.0,3,0,9,0,10.0,2.0,31.277027502945458,2
309,1,merge_courtesy,adaptive,True,0.005,14,0,25.465470228741687,3.246808293954361,0.0,2.6369992196559906,16.712316748801854,19.460663328095343,-2.7483465792934947,18.0,1.0,8,0,6,0,0.0,14.0,20.727518153002393,6
310,1,merge_courtesy,adaptive,True,0.005,12,0,30.0,6.378854411092506,0.0,5.33620485663414,13.156927686321747,18.900000000000002,-5.743072313678253,18.0,1.0,3,0,9,0,0.0,12.0,38.999651820516604,9
311,1,merge_courtesy,adaptive,True,0.005,12,0,29.590558970798266,1.7970778114828014,3.8268855493758145,2.9158395677804947,15.217656867684685,17.4027601359119,-2.185103268227215,18.0,1.0,3,0,9,0,8.0,4.0,27.576296731343835,4
312,1,merge_courtesy,adaptive,True,0.005,12,0,30.0,2.295078859613748,2.9491985335254802,3.3082213401794434,15.132321297019983,17.799291829928734,-2.6669705329087527,18.0,1.0,2,0,10,0,7.0,5.0,26.21693592115978,5
313,1,merge_courtesy,adaptive,True,0.005,12,0,30.0,6.726385888800188,0.0,5.590088993310928,12.476272271794539,18.69929199802638,-6.223019726231841,18.0,1.0,3,0,9,0,1.0,11.0,44.4628806006821,9
314,1,merge_courtesy,adaptive,True,0.005,13,0,27.750637683406776,1.9632726077535703,1.233103233004097,2.215259477496147,16.677164224550392,18.828671534704835,-2.1515073101544435,18.0,1.0,7,0,6,0,3.0,10.0,18.004060412988498,5
315,1,merge_courtesy,adaptive,True,0.005,12,0,29.22166165477424,6.580403755624026,0.0,5.517052412033081,12.534857145589015,18.526397594291634,-5.991540448702621,18.0,1.0,3,0,9,0,0.0,12.0,41.99542803427004,9
316,1,merge_courtesy,adaptive,True,0.005,13,0,26.655102277460422,3.312898651866802,0.0,2.6948818266391754,15.89831217976681,18.760653184279416,-2.862341004512609,18.0,1.0,7,0,6,0,0.0,13.0,21.964759407280777,6
317,1,merge_courtesy,adaptive,True,0.005,12,0,30.0,2.1034749025980197,2.9771208112311536,2.9142893999814987,15.482571675012908,17.799291829928734,-2.316720154915828,18.0,1.0,3,0,9,0,7.0,5.0,20.77364367224201,5
318,1,merge_courtesy,adaptive,True,0.005,12,0,29.22876198863091,2.0432683538302014,4.073135369610247,3.037247359752655,14.680432103671466,17.22909758447157,-2.548665480800106,18.0,1.0,4,0,8,0,8.0,4.0,37.03644081395882,4
319,1,merge_courtesy,adaptive,True,0.005,12,0,29.2224878754412,1.8226227691376606,1.380235939744814,2.3404709696769714,14.97357077368185,17.226086010140513,-2.2525152364586596,18.0,1.0,6,0,6,0,8.0,4.0,29.04156504109255,4
320,1,merge_courtesy,adaptive,True,0.005,13,0,27.416784897392592,1.9147115111377175,2.2567182289096257,3.2388139367103577,15.685367081173776,18.05510032751033,-2.3697332463365575,18.0,1.0,3,0,10,0,7.0,6.0,32.12669731422609,4
321,1,merge_courtesy,adaptive,True,0.005,13,0,27.039601997206645,3.518675743510668,0.0,2.8697704672813416,15.812620507056982,18.960593038547454,-3.1479725314904794,18.0,1.0,7,0,6,0,0.0,13.0,25.805160085399507,6
322,1,merge_courtesy,adaptive,True,0.005,13,0,26.655102277460422,4.25221902199174,0.0,3.4903316497802734,14.741283862758982,18.760653184279416,-4.019369321520437,18.0,1.0,7,0,6,0,0.0,13.0,40.81139944696853,6
323,1,merge_courtesy,adaptive,True,0.005,13,0,27.416671238329222,3.4340803629726584,0.0,2.796522855758667,16.140151938761075,19.156669043931192,-3.0165171051701227,18.0,1.0,7,0,6,0,0.0,13.0,24.007577401737382,6
324,1,merge_courtesy,adaptive,True,0.005,12,0,29.22166165477424,0.5795018135555666,3.032087450703094,2.23679119348526,15.774924167975668,16.82568942422037,-1.0507652562447038,18.0,1.0,2,0,10,0,10.0,2.0,25.027175862584528,2
325,1,merge_courtesy,adaptive,True,0.005,13,0,27.80128461713882,1.652119139066616,0.6229755173715332,2.1145753413438797,16.532134995964775,18.55500794166158,-2.022872945696806,18.0,1.0,7,0,6,0,5.0,8.0,23.52727095458813,4
326,1,merge_courtesy,adaptive,True,0.005,13,0,26.655102277460422,3.540338667857012,0.0,2.8953633904457092,15.681276146868386,18.760653184279416,-3.0793770374110325,18.0,1.0,7,0,6,0,0.0,13.0,25.338315263269777,6
327,1,merge_courtesy,adaptive,True,0.005,12,0,29.638203017832648,2.0510286618100313,4.078623703100872,3.214181751012802,14.864193463734079,17.425629278488408,-2.5614358147543266,18.0,1.0,3,0,9,0,8.0,4.0,37.389283175455574,4
328,1,merge_courtesy,adaptive,True,0.005,12,0,29.638203017832648,7.187189033689606,0.0,5.98613828420639,11.99328067237373,18.726337448559672,-6.733056776185941,18.0,1.0,3,0,9,0,0.0,12.0,51.53414272448158,9
329,1,merge_courtesy,adaptive,True,0.005,10,1,29.074514386357095,4.364426779599935,1.6240764341066245,3.8363998383283615,11.411749117134711,15.128147837644672,-3.7163987205099613,18.0,1.0,1,0,9,0,2.0,8.0,26.32979908481145,7
330,1,merge_courtesy,adaptive,True,0.005,12,0,29.22876198863091,2.1232119944587136,1.2997241584170025,2.373955011367798,15.066534942260487,17.42909758447157,-2.3625626422110853,18.0,1.0,6,0,6,0,7.0,5.0,21.359352198754006,5
331,1,merge_courtesy,adaptive,True,0.005,12,0,30.0,6.204713474979315,0.0,5.1212858855724335,13.303400370395138,18.900000000000002,-5.59659962960486,18.0,1.0,3,0,9,0,0.0,12.0,36.932020930238494,9
332,1,merge_courtesy,adaptive,True,0.005,12,0,28.86696500646356,1.8877300859919612,3.046994549284215,2.819910228252411,14.703771399027403,17.055435033031245,-2.35166363400384,18.0,1.0,4,0,8,0,8.0,4.0,31.54051705053921,4
333,1,merge_courtesy,adaptive,True,0.005,12,0,30.0,1.274668968835139,3.1176815006425627,2.5930302441120148,15.613376697597515,17.399291829928735,-1.7859151323312232,18.0,1.0,3,0,9,0,9.0,3.0,32.15626131825734,3
334,1,merge_courtesy,adaptive,True,0.005,12,0,29.58428485760855,3.1105865181567793,0.7117736371831427,3.25104683637619,14.337861799655148,17.799748561580827,-3.4618867619256797,18.0,1.0,5,0,7,0,6.0,6.0,30.995753156528053,6
335,1,merge_courtesy,adaptive,True,0.005,13,0,27.750637683406776,2.9211702794313963,0.6904935166507576,2.949117213487625,15.823475522828733,19.02867248049455,-3.205196957665814,18.0,1.0,7,0,6,0,2.0,11.0,26.93504139016909,6
336,1,merge_courtesy,adaptive,True,0.005,13,0,27.03872567291224,2.1377912016007716,1.292508179507827,2.393542766571045,16.053691994780287,18.458477289246424,-2.404785294466139,18.0,1.0,7,0,6,0,3.0,10.0,21.88554509724217,5
337,1,merge_courtesy,adaptive,True,0.005,14,0,25.465470228741687,3.4363348855281544,0.0,2.79896080493927,16.53259162347363,19.460663328095343,-2.9280717046217197,18.0,1.0,8,0,6,0,0.0,14.0,23.35826468866755,6
338,1,merge_courtesy,adaptive,True,0.005,12,0,30.0,6.302317515669776,0.0,5.223504483699799,13.174295502828945,18.900000000000002,-5.725704497171054,18.0,1.0,3,0,9,0,0.0,12.0,38.203563419503034,9
339,1,merge_courtesy,adaptive,True,0.005,12,0,30.0,1.8721054673896647,3.884187316064824,2.991657316684723,15.488472050236725,17.798583827955117,-2.3101117777183897,18.0,1.0,3,0,9,0,7.0,5.0,30.5729730864107,4
340,1,merge_courtesy,adaptive,True,0.005,12,0,30.0,6.170009046472375,0.0,5.116926401853561,13.436048609806054,18.900000000000002,-5.4639513901939445,18.0,1.0,3,0,9,0,0.0,12.0,36.123545436763166,9
341,1,merge_courtesy,adaptive,True,0.005,12,0,29.638203017832648,7.087289098887245,0.0,5.931447923183441,12.083687629783414,18.726337448559672,-6.642649818776259,18.0,1.0,3,0,9,0,0.0,12.0,50.0441213085809,9
342,1,merge_courtesy,adaptive,True,0.005,13,0,27.42333905172183,3.3930775352478175,0.0,2.7561086416244507,16.23601193013683,19.160136306895346,-2.924124376758523,18.0,1.0,7,0,6,0,0.0,13.0,22.993416733950806,6
343,1,merge_courtesy,adaptive,True,0.005,12,0,30.0,3.2963010086650937,1.6228605691121625,3.674541547894478,14.838552248925101,18.398583827865398,-3.5600315789402996,18.0,1.0,3,0,9,0,4.0,8.0,24.6241705204227,7
344,1,merge_courtesy,adaptive,True,0.005,12,0,30.0,1.7041234678606965,3.7608780570566482,2.6568502821028233,15.753303913500549,17.798583827955117,-2.0452799144545653,18.0,1.0,3,0,9,0,7.0,5.0,24.359898019543138,4
345,1,merge_courtesy,adaptive,True,0.005,13,0,26.655102277460422,3.4928822891739486,0.0,2.8555826544761658,15.653910812434452,18.760653184279416,-3.1067423718449665,18.0,1.0,7,0,6,0,0.0,13.0,25.253009311176054,6
346,1,merge_courtesy,adaptive,True,0.005,12,0,30.0,1.2883171253933359,3.8486698315467347,2.6176033467054367,15.61897425886808,17.399291829928735,-1.7803175710606576,18.0,1.0,3,0,9,0,9.0,3.0,32.08808845695675,3
347,1,merge_courtesy,adaptive,True,0.005,13,0,27.80128461713882,3.3983743864659592,0.0,2.7687545120716095,16.455880165954536,19.35666800091218,-2.9007878349576472,18.0,1.0,7,0,6,0,0.0,13.0,22.874306500130103,6
348,1,merge_courtesy,adaptive,True,0.005,12,0,30.0,2.7339173712767835,2.376168934430426,3.5635702908039093,14.589950506112743,17.799291829928734,-3.209341323815992,18.0,1.0,3,0,9,0,7.0,5.0,37.74409131996589,5
349,1,merge_courtesy,adaptive,True,0.005,13,0,28.135251062216373,2.4496884515113404,0.0,1.98387211561203,17.449667330545083,19.53033055235251,-2.0806632218074315,18.0,1.0,8,0,5,0,0.0,13.0,16.720458582080862,5
350,1,merge_courtesy,adaptive,True,0.005,12,0,29.638203017832648,5.925421320319284,0.0,4.899942398071289,13.58774727587643,18.726337448559672,-5.1385901726832435,18.0,1.0,3,0,9,0,0.0,12.0,32.86544737135475,9
351,1,merge_courtesy,adaptive,True,0.005,13,0,27.80128461713882,3.475219529395455,0.0,2.8271489441394806,16.35385453287687,19.35666800091218,-3.002813468035316,18.0,1.0,7,0,6,0,0.0,13.0,24.261129018744253,6
352,1,merge_courtesy,adaptive,True,0.005,12,0,29.22876198863091,0.6050088038278504,2.134337112801739,1.6730386018753052,15.72915994180145,16.829097584471572,-1.0999376426701235,18.0,1.0,6,0,6,0,10.0,2.0,27.414894093463005,2
353,1,merge_courtesy,adaptive,True,0.005,12,0,30.0,2.2067927372600917,2.995229343449032,3.0192095041275024,15.330704147448706,17.799291829928734,-2.46858768248003,18.0,1.0,3,0,9,0,7.0,5.0,23.200546408197635,5
354,1,merge_courtesy,adaptive,True,0.005,13,0,27.80128461713882,2.4317959377496305,1.4140763418388178,2.7059388905763626,15.962830065331477,18.755007941304726,-2.7921778759732527,18.0,1.0,7,0,6,0,4.0,9.0,29.001113998469087,5
355,1,merge_courtesy,adaptive,True,0.005,12,0,30.0,1.2840942677908536,4.618983088093236,2.643112063407898,15.5971379988534,17.399291829928735,-1.802153831075337,18.0,1.0,3,0,9,0,9.0,3.0,32.729966403295926,3
356,1,merge_courtesy,adaptive,True,0.005,13,0,28.135251062216373,2.447741485426304,1.42591438631618,2.7284125238656998,16.120542758082106,18.928670492746292,-2.808127734664187,18.0,1.0,7,0,6,0,4.0,9.0,29.354881675808024,5
357,1,merge_courtesy,adaptive,True,0.005,12,0,30.0,1.238832326440019,3.1663977677694186,2.5833084285259247,15.704057621424445,17.399291829928735,-1.6952342085042926,18.0,1.0,3,0,9,0,9.0,3.0,29.190412324293863,3
358,1,merge_courtesy,adaptive,True,0.005,12,0,30.0,6.906701536560603,0.0,5.7796837985515594,12.332721093598213,18.69929199802638,-6.366570904428165,18.0,1.0,3,0,9,0,1.0,11.0,46.75388524544883,9
359,1,merge_courtesy,adaptive,True,0.005,13,0,27.750637683406776,2.5759788672287613,0.6414534451609799,2.6108138263225555,15.402926037612872,18.22962314632261,-2.826697108709738,18.0,1.0,7,0,6,0,7.0,6.0,21.01773986017939,6
360,1,merge_courtesy,adaptive,True,0.005,13,0,27.416671238329222,2.6307969907138733,0.6381201646517313,2.6508709490299225,15.98176637100235,18.85500992905422,-2.87324355805187,18.0,1.0,7,0,6,0,2.0,11.0,21.756933562644246,6
361,1,merge_courtesy,adaptive,True,0.005,12,0,30.0,6.256133786271981,0.0,5.238848894834518,13.300873760557923,18.900000000000002,-5.599126239442075,18.0,1.0,3,0,9,0,0.0,12.0,37.261244048245,9
362,1,merge_courtesy,adaptive,True,0.005,12,0,30.0,3.3228330351680087,2.435319831612668,3.9062381386756897,14.400032080097795,18.1978970071265,-3.797864927028706,18.0,1.0,3,0,9,0,5.0,7.0,36.5658048261915,6
363,1,merge_courtesy,adaptive,True,0.005,12,0,30.0,6.225189127092666,0.0,5.156842410564423,13.26549643309021,18.900000000000002,-5.634503566909789,18.0,1.0,3,0,9,0,0.0,12.0,37.09963443169084,9
364,1,merge_courtesy,adaptive,True,0.005,12,0,30.0,1.776387216617084,2.1060362606703618,2.55941005051136,15.449060981979896,17.599291829928735,-2.150230847948841,18.0,1.0,4,0,8,0,8.0,4.0,26.777541316379175,4
365,1,merge_courtesy,adaptive,True,0.005,13,0,27.42420215023432,1.5169876460692517,1.830294876156573,1.9799083918333054,16.341350243486882,18.15782552894075,-1.816475285453869,18.0,1.0,7,0,6,0,5.0,8.0,19.22991734084015,4
366,1,merge_courtesy,adaptive,True,0.005,13,0,27.03872567291224,1.9434756840305258,1.231931665920342,2.1922967433929443,16.351690849297174,18.458477289246424,-2.10678643994925,18.0,1.0,7,0,6,0,3.0,10.0,17.49462211982047,5
367,1,merge_courtesy,adaptive,True,0.005,14,0,25.822611223350602,3.5825525443073896,0.0,2.9314534664154053,16.45301428307909,19.660662285076338,-3.207648001997251,18.0,1.0,8,0,6,0,0.0,14.0,26.77828879113817,6
368,1,merge_courtesy,adaptive,True,0.005,12,0,30.0,1.9341811192242166,3.8865500742634906,2.8759643733501434,15.185384269025617,17.599291829928735,-2.4139075609031186,18.0,1.0,4,0,8,0,8.0,4.0,33.208690866050816,4
369,1,merge_courtesy,adaptive,True,0.005,12,0,29.638203017832648,1.7033093602587261,3.686252403796566,2.5951358675956726,15.354068194996799,17.425629278488408,-2.071561083491607,18.0,1.0,4,0,8,0,8.0,4.0,24.773074256419765,4
370,1,merge_courtesy,adaptive,True,0.005,12,0,29.22876198863091,2.1556394456261705,1.2899567058723176,2.4104838967323303,14.983708660186197,17.42909758447157,-2.445388924285375,18.0,1.0,6,0,6,0,7.0,5.0,22.45431995410724,5
371,1,merge_courtesy,adaptive,True,0.005,12,0,29.22876198863091,1.3427853542759618,1.1155480532754076,1.7750857025384903,15.728653910255176,17.22909758447157,-1.500443674216396,18.0,1.0,6,0,6,0,8.0,4.0,13.983844686464248,4
372,1,merge_courtesy,adaptive,True,0.005,12,0,29.22876198863091,1.3254279240152536,3.967628378708861,2.547651782631874,15.200401131193253,17.02909758447157,-1.8286964532783205,18.0,1.0,4,0,8,0,9.0,3.0,33.87854336137426,3
373,1,merge_courtesy,adaptive,True,0.005,12,0,30.0,1.9623338582966965,2.2350726186468153,2.880660504102707,15.157497710375825,17.599291829928735,-2.441794119552911,18.0,1.0,3,0,9,0,8.0,4.0,34.026803114658094,4
374,1,merge_courtesy,adaptive,True,0.005,13,0,27.039601997206645,3.789306732921345,0.0,3.108132541179657,15.511768725822618,18.960593038547454,-3.448824312724839,18.0,1.0,7,0,6,0,0.0,13.0,30.59844347744951,6
375,1,merge_courtesy,adaptive,True,0.005,12,0,30.0,6.5233041292156235,0.0,5.436051964759827,12.91857480732009,18.900000000000002,-5.981425192679911,18.0,1.0,3,0,9,0,0.0,12.0,41.30997771778139,9
376,1,merge_courtesy,adaptive,True,0.005,13,0,27.42420215023432,3.304689924364323,0.7464118876946468,3.6330492794513702,14.679752639773842,18.259876948050003,-3.580124308276163,18.0,1.0,4,0,9,0,6.0,7.0,24.80746755281001,7
377,1,merge_courtesy,adaptive,True,0.005,12,0,30.0,6.359496804643211,0.0,5.264654755592346,13.001915413319711,18.69929199802638,-5.697376584706668,18.0,1.0,3,0,9,0,1.0,11.0,38.63894146970509,9
378,1,merge_courtesy,adaptive,True,0.005,12,0,30.0,2.4700748136721744,3.039900835891621,3.4875621646642685,14.898126699672956,17.799291829928734,-2.9011651302557806,18.0,1.0,2,0,10,0,7.0,5.0,30.824034968161993,5
379,1,merge_courtesy,adaptive,True,0.005,12,0,29.221552852052668,6.9653278324212256,0.0,5.820411026477814,12.301341169792913,18.52634536898528,-6.225004199192369,18.0,1.0,2,0,10,0,0.0,12.0,39.28450773481656,10
380,1,merge_courtesy,adaptive,True,0.005,13,0,26.655102277460422,3.2445651146181795,0.0,2.635459989309311,15.87649596283975,18.760653184279416,-2.8841572214396702,18.0,1.0,7,0,6,0,0.0,13.0,21.708320094398733,6
381,1,merge_courtesy,adaptive,True,0.005,12,0,30.0,6.419572485876952,0.0,5.34704664349556,13.062174376389118,18.900000000000002,-5.837825623610882,18.0,1.0,3,0,9,0,0.0,12.0,39.78874415912222,9
382,1,merge_courtesy,adaptive,True,0.005,12,0,29.22876198863091,0.6225197432747147,5.371265506150596,2.083248481154442,15.681698793217308,16.829097584471572,-1.147398791254266,18.0,1.0,4,0,8,0,10.0,2.0,29.770945843876596,2
383,1,merge_courtesy,adaptive,True,0.005,12,0,30.0,0.5957053426408055,4.585133513569021,2.0419883877038956,16.124639168092656,17.199291829928736,-1.0746526618360805,18.0,1.0,4,0,8,0,10.0,2.0,26.20376977860129,2
384,1,merge_courtesy,adaptive,True,0.005,12,0,30.0,1.2504135593177672,3.0984380587306872,2.5742286145687103,15.658926358824571,17.399291829928735,-1.7403654711041665,18.0,1.0,3,0,9,0,9.0,3.0,30.591615326373642,3
385,1,merge_courtesy,adaptive,True,0.005,12,0,29.638203017832648,6.402693903447577,0.0,5.349860846996307,12.969145146534082,18.726337448559672,-5.75719230202559,18.0,1.0,3,0,9,0,0.0,12.0,39.28427702258851,9
386,1,merge_courtesy,adaptive,True,0.005,12,0,30.0,0.6250369215470317,4.613561213774872,2.0725350379943848,16.066062964382446,17.199291829928736,-1.1332288655462903,18.0,1.0,4,0,8,0,10.0,2.0,29.115787060137926,2
387,1,merge_courtesy,adaptive,True,0.005,12,0,29.638203017832648,6.25449879447064,0.0,5.226080596446991,13.176903912491401,18.726337448559672,-5.549433536068271,18.0,1.0,3,0,9,0,0.0,12.0,37.10033639008407,9
388,1,merge_courtesy,adaptive,True,0.005,12,1,30.0,2.8802367510997318,3.25437543509243,2.98881858587265,15.613369509030548,17.797875651033063,-2.1845061420025176,18.0,1.0,3,0,9,0,6.0,6.0,31.29864513534066,4
389,1,merge_courtesy,adaptive,True,0.005,12,0,30.0,6.245342984231142,0.0,5.181341081857681,13.14475633694418,18.69929199802638,-5.554535661082199,18.0,1.0,3,0,9,0,1.0,11.0,37.01720743159179,9
390,1,merge_courtesy,adaptive,True,0.005,13,0,27.03872567291224,3.3554967042698074,0.0,2.734147012233734,16.08413960475022,18.96013734991436,-2.8759977451641436,18.0,1.0,7,0,6,0,0.0,13.0,22.374725276634734,6
391,1,merge_courtesy,adaptive,True,0.005,13,0,28.136114160728862,0.6188586422936445,3.632861219196191,1.6951702684164047,16.492568535443173,17.630071193507746,-1.1375026580645715,18.0,1.0,7,0,6,0,11.0,2.0,29.270755412139223,2
392,1,merge_courtesy,adaptive,True,0.005,14,0,25.465470228741687,5.015245088073079,0.0,4.159307539463043,14.705592805243473,19.460663328095343,-4.7550705228518755,18.0,1.0,7,0,7,0,0.0,14.0,42.07228541123057,7
393,1,merge_courtesy,adaptive,True,0.005,12,0,30.0,1.285750651894305,4.808516046177264,2.67921981215477,15.635830595622846,17.399291829928735,-1.763461234305892,18.0,1.0,3,0,9,0,9.0,3.0,31.56681703767639,3
394,1,merge_courtesy,adaptive,True,0.005,12,0,29.22876198863091,2.1807877361992736,1.2797357759263566,2.420321136713028,15.617986470424212,18.128389355651173,-2.5104028852269575,18.0,1.0,6,0,6,0,2.0,10.0,23.380903327475558,5
395,1,merge_courtesy,adaptive,True,0.005,12,0,29.638203017832648,6.912881940758205,0.0,5.775840222835541,12.343289272263714,18.726337448559672,-6.383048176295956,18.0,1.0,3,0,9,0,0.0,12.0,46.90633073352201,9
396,1,merge_courtesy,adaptive,True,0.005,12,0,30.0,1.9174547194196219,3.0293595149335504,2.823574438691139,15.234435302989112,17.599291829928735,-2.364856526939623,18.0,1.0,4,0,8,0,8.0,4.0,32.05159335978463,4
397,1,merge_courtesy,adaptive,True,0.005,12,0,30.0,1.96541111116476,3.949138831276737,2.9524680636823177,15.146669421338546,17.599291829928735,-2.4526224085901904,18.0,1.0,3,0,9,0,8.0,4.0,34.28589683751859,4
398,1,merge_courtesy,adaptive,True,0.005,12,0,29.638203017832648,6.429699628509074,0.0,5.339022070169449,12.968663699973648,18.726337448559672,-5.757673748586024,18.0,1.0,3,0,9,0,0.0,12.0,39.5547319370602,9
399,1,merge_courtesy,adaptive,True,0.005,13,0,26.655102277460422,3.500687403159099,0.0,2.8586235642433167,15.645915565440012,18.760653184279416,-3.1147376188394102,18.0,1.0,7,0,6,0,0.0,13.0,25.37621095849862,6
400,1,merge_courtesy,adaptive,True,0.005,12,0,30.0,0.6073473517829175,2.8514280972461092,2.020860828459263,16.077152546973625,17.199291829928736,-1.122139282955113,18.0,1.0,2,0,10,0,10.0,2.0,28.46418635694036,2
401,1,merge_courtesy,adaptive,True,0.005,12,0,30.0,2.0492272739980733,4.0607665815562,3.078283343464136,15.235096789456636,17.798583827955117,-2.563487038498478,18.0,1.0,3,0,9,0,7.0,5.0,37.42215452485381,4
402,1,merge_courtesy,adaptive,True,0.005,13,0,28.135251062216373,3.4663738333070393,0.0,2.8181630074977875,16.513052595491263,19.53033055235251,-3.0172779568612533,18.0,1.0,7,0,6,0,0.0,13.0,24.30477441072334,6
403,1,merge_courtesy,adaptive,True,0.005,12,0,30.0,5.830580194047778,0.0,4.845434367656708,13.791112566988955,18.900000000000002,-5.108887433011047,18.0,1.0,3,0,9,0,0.0,12.0,32.04249291567311,9
404,1,merge_courtesy,adaptive,True,0.005,12,0,30.0,2.036669731488831,0.5985140889124637,2.255631670355797,15.516966309455189,17.799291829928734,-2.282325520473547,18.0,1.0,6,0,6,0,7.0,5.0,19.778302864611977,5
405,1,merge_courtesy,adaptive,True,0.005,13,0,27.42420215023432,3.669139834950588,0.0,3.0068177580833435,15.821780771791227,19.160585118121844,-3.33880434633062,18.0,1.0,7,0,6,0,0.0,13.0,28.677915051489833,6
406,1,merge_courtesy,adaptive,True,0.005,13,0,27.80128461713882,3.98696078326476,0.0,3.269643545150757,15.642735134233115,19.35666800091218,-3.7139328666790723,18.0,1.0,7,0,6,0,0.0,13.0,35.06927664340227,6
407,1,merge_courtesy,adaptive,True,0.005,13,0,27.80128461713882,1.244834163719507,2.8607198669593283,2.0467400550842285,16.621931420799996,18.35500794166681,-1.7330765208668137,18.0,1.0,7,0,6,0,6.0,7.0,30.333013700092128,3
408,1,merge_courtesy,adaptive,True,0.005,13,0,27.42333905172183,3.798944414533133,0.0,3.112461745738983,15.692616491015762,19.160136306895346,-3.4675198158795904,18.0,1.0,7,0,6,0,0.0,13.0,30.874133672010917,6
409,1,merge_courtesy,adaptive,True,0.005,12,0,30.0,6.354927653495425,0.0,5.261736631393433,12.996848697711583,18.69929199802638,-5.702443300314798,18.0,1.0,3,0,9,0,1.0,11.0,38.61223140650388,9
410,1,merge_courtesy,adaptive,True,0.005,12,0,30.0,1.324852366516584,3.952712994248415,2.7353914976119995,15.568462902601643,17.399291829928735,-1.8308289273270948,18.0,1.0,3,0,9,0,9.0,3.0,33.938931470782485,3
411,1,merge_courtesy,adaptive,True,0.005,12,0,29.638203017832648,6.264511943053196,0.0,5.2124839425086975,13.092609696632483,18.726337448559672,-5.6337277519271876,18.0,1.0,3,0,9,0,0.0,12.0,37.46367966045344,9
412,1,merge_courtesy,adaptive,True,0.005,12,0,29.166808471161616,8.085967676949938,0.0,6.797771096229553,10.668622959939757,18.29936196098391,-7.630739001044154,18.0,1.0,2,0,10,0,1.0,11.0,54.04019860227463,10
413,1,merge_courtesy,adaptive,True,0.005,13,0,26.655102277460422,3.763874655420903,0.78470782499589,3.715604603290558,14.280298964915787,18.458601602802787,-4.178302637886998,18.0,1.0,6,0,7,0,3.0,10.0,32.86023502943886,7
414,1,merge_courtesy,adaptive,True,0.005,12,0,30.0,0.5882806346983893,4.520545986543326,2.172676220536232,16.13316345163871,17.199291829928736,-1.0661283782900275,18.0,1.0,3,0,9,0,10.0,2.0,25.76765163571045,2
415,1,merge_courtesy,adaptive,True,0.005,13,0,27.42333905172183,3.840969398325128,0.0,3.151778131723404,15.687956275134908,19.160136306895346,-3.472180031760441,18.0,1.0,7,0,6,0,0.0,13.0,31.22335502241573,6
416,1,merge_courtesy,adaptive,True,0.005,12,0,28.86696500646356,1.059129399686415,0.6213027556933117,1.7865556180477142,15.47132209214796,16.855435033031245,-1.384112940883285,18.0,1.0,6,0,6,0,9.0,3.0,19.871237341008257,3
417,1,merge_courtesy,adaptive,True,0.005,13,0,27.750637683406776,1.8804786214494473,1.1889738177881672,2.116770461201668,16.785284778096198,18.828671534704835,-2.043386756608636,18.0,1.0,7,0,6,0,3.0,10.0,16.39906608044121,5
418,1,merge_courtesy,adaptive,True,0.005,13,0,28.135251062216373,3.5171555010762408,0.0,2.861324191093445,16.361237006347704,19.53033055235251,-3.16909354600481,18.0,1.0,7,0,6,0,0.0,13.0,26.010424287857717,6
419,1,merge_courtesy,adaptive,True,0.005,13,0,27.03872567291224,2.712538484856972,0.6739785475673874,2.753228038549423,15.763128293041316,18.658478235036142,-2.8953499419948296,18.0,1.0,7,0,6,0,2.0,11.0,22.746059689392766,6
420,1,merge_courtesy,adaptive,True,0.005,13,0,26.655102277460422,3.037965874659812,0.0,2.4698085486888885,16.14129352171083,18.760653184279416,-2.61935966256859,18.0,1.0,7,0,6,0,0.0,13.0,18.354803178929497,6
421,1,merge_courtesy,adaptive,True,0.005,13,0,27.80128461713882,3.5695012238793637,0.0,2.911102056503296,16.102044452969615,19.35666800091218,-3.254623547942572,18.0,1.0,7,0,6,0,0.0,13.0,27.212204908308948,6
422,1,merge_courtesy,adaptive,True,0.005,12,0,29.638203017832648,6.177573161918348,0.0,5.074409157037735,13.183848460107948,18.726337448559672,-5.542488988451725,18.0,1.0,3,0,9,0,0.0,12.0,36.28441194103156,9
423,1,merge_courtesy,adaptive,True,0.005,12,0,29.22876198863091,2.7424626828593675,2.3827271873375975,3.4300139099359512,14.208977014626068,17.42909758447157,-3.2201205698455033,18.0,1.0,4,0,8,0,7.0,5.0,37.99320996379588,5
424,1,merge_courtesy,adaptive,True,0.005,13,0,27.80128461713882,3.565527614100111,0.0,2.912337988615036,16.154904932764953,19.35666800091218,-3.2017630681472298,18.0,1.0,7,0,6,0,0.0,13.0,26.61891741366669,6
425,1,merge_courtesy,adaptive,True,0.005,12,0,29.638203017832648,5.189659989381383,0.7637475237790757,4.413538232445717,14.242099150174772,18.624942456624694,-4.382843306449923,18.0,1.0,3,0,9,0,1.0,11.0,30.45613820339525,8
426,1,merge_courtesy,adaptive,True,0.005,12,0,30.0,1.2684674993687417,3.916156790918829,2.631913512945175,15.6412298490037,17.399291829928735,-1.7580619809250368,18.0,1.0,3,0,9,0,9.0,3.0,31.25878538671405,3
427,1,merge_courtesy,adaptive,True,0.005,14,0,25.775581927742277,1.8499060584852263,2.1851710616535898,2.4055168330669403,15.784308560521744,18.0336177094644,-2.249309148942655,18.0,1.0,8,0,6,0,10.0,4.0,29.227159419219166,4
428,1,merge_courtesy,adaptive,True,0.005,14,0,25.775581927742277,2.8975860498325208,0.6855985305892524,2.926973879337311,15.257561094646611,18.433617430058465,-3.1760563354118543,18.0,1.0,8,0,6,0,8.0,6.0,26.47442475305478,6
429,1,merge_courtesy,adaptive,True,0.005,13,0,28.135251062216373,2.615541464551284,0.6313951744320143,2.636614143848419,16.052603016404717,18.928000887176214,-2.875397870771498,18.0,1.0,7,0,6,0,3.0,10.0,21.649911734618218,6
430,1,merge_courtesy,adaptive,True,0.005,12,0,30.0,6.401414921006367,0.0,5.280457675457001,12.907178478421468,18.69929199802638,-5.792113519604912,18.0,1.0,3,0,9,0,1.0,11.0,39.41587777904163,9
431,1,merge_courtesy,adaptive,True,0.005,12,0,29.58334983422002,7.629473292596516,0.0,6.428621470928192,11.38356567263521,18.499300138888042,-7.115734466252834,18.0,1.0,2,0,10,0,1.0,11.0,47.96855072088935,10
432,1,merge_courtesy,adaptive,True,0.005,13,0,27.039601997206645,4.070732863604033,0.0,3.3463931381702423,15.182314668476982,18.960593038547454,-3.7782783700704763,18.0,1.0,7,0,6,0,0.0,13.0,36.36191585883502,6
433,1,merge_courtesy,adaptive,True,0.005,13,0,27.039601997206645,3.5884059239533213,0.0,2.9350329637527466,15.777353518519606,18.960593038547454,-3.1832395200278536,18.0,1.0,7,0,6,0,0.0,13.0,26.575912541161575,6
434,1,merge_courtesy,adaptive,True,0.005,13,0,27.039601997206645,3.870744056662586,0.0,3.169041872024536,15.406485912024133,18.960593038547454,-3.5541071265233244,18.0,1.0,7,0,6,0,0.0,13.0,32.37246647086746,6
435,1,merge_courtesy,adaptive,True,0.005,12,0,29.638203017832648,0.6470067416592463,5.641534223578878,2.327883079648018,15.841298996952977,17.02562927848841,-1.1843302815354302,18.0,1.0,3,0,9,0,10.0,2.0,31.75294337515168,2
436,1,merge_courtesy,adaptive,True,0.005,13,0,26.655102277460422,0.6124743402618237,3.644339501350912,2.036572650074959,15.733660399508706,16.859945014208158,-1.1262846146994487,18.0,1.0,5,0,8,0,11.0,2.0,28.69384247010312,2
437,1,merge_courtesy,adaptive,True,0.005,12,0,30.0,6.893606825125402,0.0,5.715533137321472,12.250082023950997,18.69929199802638,-6.449209974075384,18.0,1.0,3,0,9,0,1.0,11.0,47.20732928412854,9
438,1,merge_courtesy,adaptive,True,0.005,13,0,27.700980733032523,1.8784000801203584,2.1577875250053964,2.4132835268974304,15.481040353112165,17.803801811105647,-2.3227614579934808,18.0,1.0,7,0,6,0,9.0,4.0,30.876382425342193,4
439,1,merge_courtesy,adaptive,True,0.005,12,0,29.638203017832648,7.059947178993017,0.0,5.872226119041443,12.140137495081078,18.726337448559672,-6.586199953478593,18.0,1.0,3,0,9,0,0.0,12.0,49.52438805471962,9
440,1,merge_courtesy,adaptive,True,0.005,12,0,30.0,6.289912177353306,0.0,5.223722010850906,13.276428718162126,18.900000000000002,-5.623571281837872,18.0,1.0,3,0,9,0,0.0,12.0,37.688083978473166,9
441,1,merge_courtesy,adaptive,True,0.005,12,0,30.0,0.601095995981452,4.516878509616884,2.186902791261673,16.120207765257515,17.199291829928736,-1.0790840646712219,18.0,1.0,3,0,9,0,10.0,2.0,26.44585456221425,2
442,1,merge_courtesy,adaptive,True,0.005,12,0,30.0,6.091339853446466,0.0,5.045506566762924,13.470043725296602,18.900000000000002,-5.4299562747033985,18.0,1.0,3,0,9,0,0.0,12.0,35.25681880623074,9
443,1,merge_courtesy,adaptive,True,0.005,12,0,30.0,1.1647804743003398,3.7133635006002965,2.470973625779152,15.800764950070864,17.399291829928735,-1.598526879857874,18.0,1.0,3,0,9,0,9.0,3.0,25.91917534219122,3
444,1,merge_courtesy,adaptive,True,0.005,12,0,30.0,0.5997951084068879,2.950270123958617,2.0021972954273224,16.120559536168972,17.199291829928736,-1.078732293759764,18.0,1.0,4,0,8,0,10.0,2.0,26.4189157566055,2
445,1,merge_courtesy,adaptive,True,0.005,12,0,29.638203017832648,6.800117853088675,0.0,5.674192428588867,12.448558562570659,18.726337448559672,-6.277778885989013,18.0,1.0,3,0,9,0,0.0,12.0,45.25790919449655,9
446,1,merge_courtesy,adaptive,True,0.005,13,0,26.655102277460422,2.1281157735539087,1.3227262941480575,2.4076844453811646,16.024227087955463,18.359236505864562,-2.3350094179090966,18.0,1.0,7,0,6,0,2.0,11.0,21.201962350591863,5
447,1,merge_courtesy,adaptive,True,0.005,14,0,25.822611223350602,3.54000397062252,0.0,2.889460504055023,16.50736566355608,19.660662285076338,-3.15329662152026,18.0,1.0,8,0,6,0,0.0,14.0,25.985149468451265,6
448,1,merge_courtesy,adaptive,True,0.005,12,0,30.0,6.246288728368379,0.0,5.181584268808365,13.043701528057307,18.69929199802638,-5.655590469969073,18.0,1.0,3,0,9,0,1.0,11.0,37.38213353795879,9
449,1,merge_courtesy,adaptive,True,0.005,14,0,25.822505682791753,2.6256489087276753,0.645562050265897,2.813546895980835,15.628491175308165,18.459894732886177,-2.831403557578017,18.0,1.0,7,0,7,0,8.0,6.0,21.44835629637771,6
450,1,merge_courtesy,adaptive,True,0.005,13,0,28.135251062216373,2.7707569088253607,0.6558034549736084,2.785797953605652,16.044586119628615,19.128670491685824,-3.084084372057208,18.0,1.0,7,0,6,0,3.0,10.0,24.598251074843645,6
451,1,merge_courtesy,adaptive,True,0.005,13,0,26.655102277460422,3.396510643236795,0.0,2.7672235667705536,15.743549457882088,18.760653184279416,-3.017103726397332,18.0,1.0,7,0,6,0,0.0,13.0,23.780077278792763,6
452,1,merge_courtesy,adaptive,True,0.005,12,0,29.638203017832648,6.721902286604327,0.0,5.611247569322586,12.528352004779617,18.726337448559672,-6.197985443780054,18.0,1.0,3,0,9,0,0.0,12.0,44.27261478047735,9
453,1,merge_courtesy,adaptive,True,0.005,12,0,30.0,6.007688561656954,0.0,4.970956265926361,13.350828501070033,18.69929199802638,-5.348463496956343,18.0,1.0,3,0,9,0,1.0,11.0,34.18822984765226,9
454,1,merge_courtesy,adaptive,True,0.005,13,0,27.42420215023432,1.7934277834434798,2.079800470324236,2.320562720298767,16.357686839368363,18.559168771126068,-2.201481931757707,18.0,1.0,7,0,6,0,3.0,10.0,27.836416412874634,4
455,1,merge_courtesy,adaptive,True,0.005,12,0,30.0,2.068316595169107,3.1960396565177174,3.164124608039856,15.019862765820143,17.599291829928735,-2.5794290641085924,18.0,1.0,3,0,9,0,8.0,4.0,37.941121577454936,4
456,1,merge_courtesy,adaptive,True,0.005,14,0,25.822611223350602,4.707639908557431,0.0,3.898720681667328,15.2352983466385,19.660662285076338,-4.425363938437836,18.0,1.0,7,0,7,0,0.0,14.0,36.58785013411781,7
457,1,merge_courtesy,adaptive,True,0.005,12,0,28.86696500646356,2.5002918079280736,1.4577990594330341,2.7904788702726364,14.385627356777658,17.255435033031244,-2.869807676253585,18.0,1.0,6,0,6,0,7.0,5.0,30.65155434521812,5
458,1,merge_courtesy,adaptive,True,0.005,13,0,27.42333905172183,3.7577061046290705,0.0,3.0743417739868164,15.694060351841529,19.160136306895346,-3.466075955053821,18.0,1.0,7,0,6,0,0.0,13.0,30.656438354246944,6
459,1,merge_courtesy,adaptive,True,0.005,12,0,30.0,1.1116436474425835,2.2980339120083766,2.3897165805101395,15.882933649467379,17.399291829928735,-1.5163581804613588,18.0,1.0,3,0,9,0,9.0,3.0,23.369699023242905,3
460,1,merge_courtesy,adaptive,True,0.005,12,0,29.638203017832648,6.850105343717962,0.0,5.706989735364914,12.382461667738278,18.726337448559672,-6.343875780821394,18.0,1.0,3,0,9,0,0.0,12.0,46.105237647037,9
461,1,merge_courtesy,adaptive,True,0.005,12,0,30.0,1.170939321422288,3.7463986584085682,2.491874486207962,15.795713868760338,17.399291829928735,-1.6035779611684,18.0,1.0,3,0,9,0,9.0,3.0,26.103829198375823,3
462,1,merge_courtesy,adaptive,True,0.005,12,0,29.22876198863091,1.5402561547343887,0.6018459381304474,2.00481715798378,16.103408393034012,17.928389407547627,-1.824981014513614,18.0,1.0,6,0,6,0,3.0,9.0,19.56504299268707,4
463,1,merge_courtesy,adaptive,True,0.005,12,0,28.813046846239462,2.0247119622374723,1.2129889708802435,2.2595060765743256,15.637256012368393,17.928846087302695,-2.2915900749343017,18.0,1.0,6,0,6,0,2.0,10.0,19.750370213691305,5
464,1,merge_courtesy,adaptive,True,0.005,12,0,30.0,6.488737702782659,0.0,5.368000686168671,12.7894802462161,18.69929199802638,-5.909811751810279,18.0,1.0,3,0,9,0,1.0,11.0,40.761237547275876,9
465,1,merge_courtesy,adaptive,True,0.005,12,0,29.221552852052668,6.878513113411147,0.0,5.785593539476395,12.291272217949217,18.52634536898528,-6.2350731510360635,18.0,1.0,2,0,10,0,0.0,12.0,38.346892801792265,10
466,1,merge_courtesy,adaptive,True,0.005,12,0,30.0,6.558616484175034,0.0,5.473828077316284,12.86464511514356,18.900000000000002,-6.0353548848564404,18.0,1.0,3,0,9,0,0.0,12.0,41.918279517046706,9
467,1,merge_courtesy,adaptive,True,0.005,12,0,29.638203017832648,1.1544392565544714,3.769964287609212,2.4936400651931763,15.663619297692644,17.22562927848841,-1.5620099807957624,18.0,1.0,3,0,9,0,9.0,3.0,24.88459301508155,3
468,1,merge_courtesy,adaptive,True,0.005,14,0,25.465470228741687,3.445228833874336,0.7498843003294094,3.4493478536605835,14.302123718003484,18.259954878618135,-3.9578311606146532,18.0,1.0,8,0,6,0,8.0,6.0,39.60089869990495,6
469,1,merge_courtesy,adaptive,True,0.005,12,0,29.22876198863091,2.3573771061960653,1.3499686744712358,2.6222324520349503,14.685564165305552,17.42909758447157,-2.7435334191660212,18.0,1.0,6,0,6,0,7.0,5.0,27.718291837594982,5
470,1,merge_courtesy,adaptive,True,0.005,13,0,27.693449821127423,2.93530189020644,0.6920782588104911,2.9660874009132385,14.972541429945057,18.199885457509055,-3.227344027564002,18.0,1.0,7,0,6,0,7.0,6.0,27.24987257508293,6
471,1,merge_courtesy,adaptive,True,0.005,12,0,30.0,6.755552877003719,0.0,5.610918641090393,12.51522634558859,18.69929199802638,-6.184065652437788,18.0,1.0,3,0,9,0,1.0,11.0,44.324179089332326,9
472,1,merge_courtesy,adaptive,True,0.005,12,0,28.813046846239462,2.1299443644907132,1.272849970003721,2.3773820400238037,15.410391929197145,17.82884586021964,-2.4184539310224995,18.0,1.0,6,0,6,0,3.0,9.0,21.942481641429644,5
473,1,merge_courtesy,adaptive,True,0.005,12,0,30.0,1.9152327422691675,1.4571693346685075,2.723864048719406,15.234834858781062,17.599291829928735,-2.364456971147675,18.0,1.0,4,0,8,0,8.0,4.0,32.024144256593246,4
474,1,merge_courtesy,adaptive,True,0.005,13,0,27.80128461713882,2.931888079531691,0.6858336803376508,2.9504438042640686,15.7128984692933,18.955007940244258,-3.2421094709509575,18.0,1.0,7,0,6,0,3.0,10.0,27.33825405320589,6
475,1,merge_courtesy,adaptive,True,0.005,12,0,29.22876198863091,0.5629327684693245,0.6231005811398801,1.5482741594314575,15.81635696714356,16.829097584471572,-1.0127406173280136,18.0,1.0,6,0,6,0,10.0,2.0,23.279559367039425,2
476,1,merge_courtesy,adaptive,True,0.005,13,0,26.655102277460422,3.4584010022785865,0.0,2.8279440104961395,15.758911201960755,18.760653184279416,-3.0017419823186655,18.0,1.0,7,0,6,0,0.0,13.0,24.053972505050723,6
477,1,merge_courtesy,adaptive,True,0.005,12,0,30.0,6.453427272066058,0.0,5.355665475130081,12.869550062925013,18.69929199802638,-5.829741935101366,18.0,1.0,3,0,9,0,1.0,11.0,39.94461974809929,9
478,1,merge_courtesy,adaptive,True,0.005,12,0,30.0,0.6421095314742166,4.744823794456261,2.2843430936336517,16.018585900063492,17.199291829928736,-1.1807059298652458,18.0,1.0,3,0,9,0,10.0,2.0,31.53679436870059,2
479,1,merge_courtesy,adaptive,True,0.005,12,0,29.22876198863091,2.2779331126112847,1.3563472033805168,2.537521094083786,14.849859233666997,17.42909758447157,-2.5792383508045753,18.0,1.0,6,0,6,0,7.0,5.0,25.03507114920519,5
480,1,merge_courtesy,adaptive,True,0.005,12,0,30.0,5.956613711048186,0.0,4.918735653162003,13.590378951347184,18.900000000000002,-5.309621048652817,18.0,1.0,3,0,9,0,0.0,12.0,33.57729962050217,9
481,1,merge_courtesy,adaptive,True,0.005,13,0,26.655102277460422,3.774597020999309,0.0,3.0883318185806274,15.382731993376916,18.760653184279416,-3.3779211909025046,18.0,1.0,7,0,6,0,0.0,13.0,29.784262686969043,6
482,1,merge_courtesy,adaptive,True,0.005,12,0,30.0,1.227371622194585,3.9291463412796266,2.6004257649183273,15.731887503634455,17.399291829928735,-1.667404326294283,18.0,1.0,3,0,9,0,9.0,3.0,28.31973694957693,3
483,1,merge_courtesy,adaptive,True,0.005,13,0,27.039601997206645,1.7986623887795778,0.6737339271807011,2.421425126492977,15.939969934178182,18.158931795059562,-2.218961860881383,18.0,1.0,6,0,7,0,5.0,8.0,28.20639361097023,4
484,1,merge_courtesy,adaptive,True,0.005,13,0,27.80128461713882,3.8846748655872356,0.0,3.1817543506622314,15.73052633202432,19.35666800091218,-3.6261416688878683,18.0,1.0,7,0,6,0,0.0,13.0,33.3974211922179,6
485,1,merge_courtesy,adaptive,True,0.005,12,0,30.0,2.611685693307996,4.206217797030785,3.5603110641241074,14.95410239283651,17.997897007217286,-3.0437946143807797,18.0,1.0,3,0,9,0,6.0,6.0,34.100087848075596,5
486,1,merge_courtesy,adaptive,True,0.005,12,0,30.0,1.1924871042520984,4.529715301910745,2.5415842086076736,15.765772659664579,17.399291829928735,-1.6335191702641587,18.0,1.0,3,0,9,0,9.0,3.0,27.087610261988697,3
487,1,merge_courtesy,adaptive,True,0.005,12,0,28.813046846239462,1.8617261007983787,1.392494960656821,2.3578813821077347,15.409042278455274,17.728846139199163,-2.319803860743886,18.0,1.0,6,0,6,0,3.0,9.0,30.687289818088157,4
488,1,merge_courtesy,adaptive,True,0.005,12,0,30.0,1.952752549654009,3.09668066156271,2.9192115776240826,15.194311140816367,17.599291829928735,-2.4049806891123677,18.0,1.0,3,0,9,0,8.0,4.0,33.176790344196526,4
489,1,merge_courtesy,adaptive,True,0.005,12,0,28.86696500646356,6.723600422630721,0.0,5.610925078392029,12.180626545795466,18.35614320310251,-6.175516657307044,18.0,1.0,3,0,9,0,0.0,12.0,44.163098170149624,9
490,1,merge_courtesy,adaptive,True,0.005,12,0,29.22876198863091,1.177619094410444,1.354469968022221,1.9547397643327713,15.421980168365991,17.02909758447157,-1.607117416105584,18.0,1.0,6,0,6,0,9.0,3.0,26.254296545871355,3
491,1,merge_courtesy,adaptive,True,0.005,12,0,30.0,6.825453434742415,0.0,5.671321004629135,12.35177138146351,18.69929199802638,-6.347520616562869,18.0,1.0,3,0,9,0,1.0,11.0,46.094514009028366,9
492,1,merge_courtesy,adaptive,True,0.005,12,0,29.638203017832648,6.987015009428485,0.0,5.809963941574097,12.193762933744853,18.726337448559672,-6.532574514814819,18.0,1.0,3,0,9,0,0.0,12.0,48.54400963272713,9
493,1,merge_courtesy,adaptive,True,0.005,12,0,30.0,6.851473708093894,0.0,5.689226448535919,12.378053410985888,18.69929199802638,-6.321238587040491,18.0,1.0,3,0,9,0,1.0,11.0,45.977296019155226,9
494,1,merge_courtesy,adaptive,True,0.005,12,0,30.0,3.319876841236277,2.4843801590725088,3.9256612956523895,14.28370165381162,17.999291829928733,-3.7155901761171153,18.0,1.0,3,0,9,0,6.0,6.0,35.54521225552019,6
495,1,merge_courtesy,adaptive,True,0.005,13,0,27.80128461713882,2.3984751723238684,1.4035214309415873,2.675000861287117,16.214483622305504,18.955251322925868,-2.7407677006203626,18.0,1.0,7,0,6,0,2.0,11.0,28.051367269642174,5
496,1,merge_courtesy,adaptive,True,0.005,12,0,30.0,6.3497648828547995,0.0,5.260310351848602,13.006807842771346,18.69929199802638,-5.692484155255033,18.0,1.0,3,0,9,0,1.0,11.0,38.52522023828063,9
497,1,merge_courtesy,adaptive,True,0.005,12,0,30.0,0.5812780636973937,2.1699425150539544,1.992642531171441,16.163937503398913,17.199291829928736,-1.0353543265298244,18.0,1.0,3,0,9,0,10.0,2.0,24.382297535076844,2
498,1,merge_courtesy,adaptive,True,0.005,13,0,27.42333905172183,3.5732478546317137,0.0,2.9185896515846252,15.946483977760249,19.160136306895346,-3.2136523291351033,18.0,1.0,7,0,6,0,0.0,13.0,26.78584620068321,6
499,1,merge_courtesy,adaptive,True,0.005,12,0,30.0,1.7365023565310873,3.725197508342837,2.804307907819748,15.476886788617831,17.599291829928735,-2.122405041310906,18.0,1.0,3,0,9,0,8.0,4.0,25.93096868786503,4
500,1,merge_courtesy,adaptive,True,0.005,12,0,28.812111822850934,2.2202983061162147,0.6383980326870433,2.4695180356502533,14.68579553025855,17.2291055048966,-2.5433099746380528,18.0,1.0,6,0,6,0,7.0,5.0,24.093071358409226,5
501,1,merge_courtesy,adaptive,True,0.005,12,0,29.2224878754412,1.1924827990581388,2.1030643811267455,1.981739491224289,15.39606397981722,17.02608601014051,-1.6300220303232908,18.0,1.0,6,0,6,0,9.0,3.0,26.99328520135688,3
502,1,merge_courtesy,adaptive,True,0.005,13,0,27.750637683406776,2.743281231719124,0.6553859241308758,2.7694475948810577,15.996252964655493,19.02867248049455,-3.0324195158390554,18.0,1.0,7,0,6,0,2.0,11.0,23.936349437447564,6
503,1,merge_courtesy,adaptive,True,0.005,13,0,27.42333905172183,3.134224910106824,0.0,2.5362074971199036,16.48409059185697,19.160136306895346,-2.6760457150383825,18.0,1.0,7,0,6,0,0.0,13.0,19.37504180143481,6
504,1,merge_courtesy,adaptive,True,0.005,12,0,30.0,1.2078611844845097,3.111002847518419,2.5270822048187256,15.75378675673783,17.399291829928735,-1.6455050731909082,18.0,1.0,3,0,9,0,9.0,3.0,27.546466910534217,3
505,1,merge_courtesy,adaptive,True,0.005,13,0,27.80128461713882,3.659585986437811,0.0,2.985805183649063,16.092768045306343,19.35666800091218,-3.2638999556058437,18.0,1.0,7,0,6,0,0.0,13.0,27.815611250344336,6
506,1,merge_courtesy,adaptive,True,0.005,12,0,30.0,6.38584908863144,0.0,5.299715846776962,12.964584841965452,18.69929199802638,-5.734707156060928,18.0,1.0,3,0,9,0,1.0,11.0,39.03467798205404,9
507,1,merge_courtesy,adaptive,True,0.005,13,0,26.655102277460422,4.0049169845227,0.0,3.2776034772396088,15.078784391939292,18.760653184279416,-3.681868792340128,18.0,1.0,7,0,6,0,0.0,13.0,34.715718421078506,6
508,1,merge_courtesy,adaptive,True,0.005,12,0,30.0,1.8715552551443213,3.787899988724086,2.7547765374183655,15.258216358580185,17.599291829928735,-2.3410754713485513,18.0,1.0,4,0,8,0,8.0,4.0,31.20227192916894,4
509,1,merge_courtesy,adaptive,True,0.005,12,0,30.0,1.2060322995795736,4.6516192003615835,2.5804645121097565,15.768864486384802,17.399291829928735,-1.630427343543936,18.0,1.0,3,0,9,0,9.0,3.0,27.130723884749113,3
510,1,merge_courtesy,adaptive,True,0.005,12,0,29.638203017832648,1.2896369109961356,4.65390378193446,2.6839948147535324,15.418536955041073,17.22562927848841,-1.8070923234473342,18.0,1.0,3,0,9,0,9.0,3.0,32.92343438858588,3
511,1,merge_courtesy,adaptive,True,0.005,13,0,26.655102277460422,3.8878038649319917,0.0,3.1945432126522064,15.235153863749494,18.760653184279416,-3.5254993205299265,18.0,1.0,7,0,6,0,0.0,13.0,32.11708957645125,6
512,1,merge_courtesy,adaptive,True,0.005,13,0,27.42333905172183,3.469265976869056,0.0,2.8312198519706726,16.134479620434085,19.160136306895346,-3.0256566864612675,18.0,1.0,7,0,6,0,0.0,13.0,24.321868317581693,6
513,1,merge_courtesy,adaptive,True,0.005,12,0,28.86696500646356,2.116355649469943,4.214796576623048,3.1383272409439087,14.413456775121881,17.055435033031245,-2.641978257909362,18.0,1.0,4,0,8,0,8.0,4.0,39.789984517449525,4
514,1,merge_courtesy,adaptive,True,0.005,13,0,28.135251062216373,0.5675582011626518,1.2956789900923413,1.5551152378320694,17.307660919404448,18.32867049310836,-1.0210095737039075,18.0,1.0,7,0,6,0,7.0,6.0,23.66205889143407,2
515,1,merge_courtesy,adaptive,True,0.005,13,0,27.750637683406776,2.6132758223989896,1.4122464568524429,2.8180826604366302,16.262497160586435,19.02867248049455,-2.766175319908114,18.0,1.0,6,0,7,0,2.0,11.0,20.98971137578364,6
516,1,merge_courtesy,adaptive,True,0.005,13,0,26.982300475863916,2.5688429560801787,0.6333399244192498,2.5945761501789093,15.059841754536606,17.830087797973597,-2.7702460434369933,18.0,1.0,7,0,6,0,7.0,6.0,20.54318569489367,6
517,1,merge_courtesy,adaptive,True,0.005,12,0,30.0,6.20508796277943,0.0,5.14575469493866,13.307391710315391,18.900000000000002,-5.592608289684609,18.0,1.0,3,0,9,0,0.0,12.0,36.91769489399807,9
518,1,merge_courtesy,adaptive,True,0.005,12,0,30.0,6.887751881242444,0.0,5.7029067277908325,12.337708951066181,18.69929199802638,-6.3615830469602,18.0,1.0,3,0,9,0,1.0,11.0,46.5474690256857,9
519,1,merge_courtesy,adaptive,True,0.005,13,0,26.655102277460422,3.1289860947873627,0.0,2.539649158716202,16.030705985891075,18.760653184279416,-2.729947198388346,18.0,1.0,7,0,6,0,0.0,13.0,19.714743222831473,6
520,1,merge_courtesy,adaptive,True,0.005,12,0,30.0,7.098213541809077,0.0,5.962440609931946,12.076818932553422,18.69929199802638,-6.622473065472959,18.0,1.0,3,0,9,0,1.0,11.0,49.973902118344476,9
521,1,merge_courtesy,adaptive,True,0.005,13,0,26.655102277460422,1.4906560110181726,1.8485712138698367,1.9700250029563904,16.414368976533037,18.159236557875825,-1.744867581342786,18.0,1.0,7,0,6,0,3.0,10.0,18.059761985445586,4
522,1,merge_courtesy,adaptive,True,0.005,14,0,25.465470228741687,3.7635954143592927,0.0,3.0845740735530853,15.983460390399364,19.460663328095343,-3.477202937695983,18.0,1.0,8,0,6,0,0.0,14.0,30.82626789320034,6
523,1,merge_courtesy,adaptive,True,0.005,12,0,30.0,6.592245396701623,0.0,5.513425320386887,12.871448127990492,18.900000000000002,-6.028551872009509,18.0,1.0,3,0,9,0,0.0,12.0,42.17705769791025,9
524,1,merge_courtesy,adaptive,True,0.005,13,0,27.807825545686136,2.2501325971014507,1.3069383132219394,2.6579514294862747,15.467782941807663,18.059361113684943,-2.5915781718772837,18.0,1.0,6,0,7,0,8.0,5.0,24.91145789423323,5
525,1,merge_courtesy,adaptive,True,0.005,13,0,28.135251062216373,3.147724315249117,0.7180640608328959,3.322749674320221,15.616867434173189,19.128670491685824,-3.5118030575126347,18.0,1.0,6,0,7,0,3.0,10.0,31.827915783323544,6
526,1,merge_courtesy,adaptive,True,0.005,12,0,30.0,1.9359637112401793,3.131383382559319,3.0121609419584274,15.177170360535367,17.599291829928735,-2.4221214693933684,18.0,1.0,3,0,9,0,8.0,4.0,33.40041714026022,4
527,1,merge_courtesy,adaptive,True,0.005,12,0,30.0,1.1705074293908906,2.3384256516767916,2.3376990407705307,15.792643748099165,17.399291829928735,-1.6066480818295734,18.0,1.0,3,0,9,0,9.0,3.0,26.182294800527814,3
528,1,merge_courtesy,adaptive,True,0.005,12,0,28.805011488994264,3.320367078901482,0.7375803824109938,3.32712185382843,13.656130539472635,17.425697065668558,-3.769566526195924,18.0,1.0,6,0,6,0,6.0,6.0,36.17864494279041,6
529,1,merge_courtesy,adaptive,True,0.005,12,0,30.0,6.164577691212631,0.0,5.100999236106873,13.24100736210485,18.69929199802638,-5.45828463592153,18.0,1.0,3,0,9,0,1.0,11.0,36.053104990304,9
530,1,merge_courtesy,adaptive,True,0.005,13,0,27.80793920474951,2.771119264511933,0.6550068997265766,2.784772902727127,16.070078910009695,19.15873339453346,-3.088654484523765,18.0,1.0,7,0,6,0,1.0,12.0,24.64383554017895,6
531,1,merge_courtesy,adaptive,True,0.005,12,0,29.22166165477424,7.876419756300596,0.0,6.62190455198288,11.109171553502897,18.526397594291634,-7.41722604078874,18.0,1.0,2,0,10,0,0.0,12.0,51.53077678332837,10
532,1,merge_courtesy,adaptive,True,0.005,13,0,28.135251062216373,2.4229150220037994,1.4263491004078626,2.7120207995176315,16.169526541107317,18.928670492746292,-2.759143951638977,18.0,1.0,7,0,6,0,4.0,9.0,28.517268758549157,5
533,1,merge_courtesy,adaptive,True,0.005,12,0,30.0,1.2767927624171929,4.776954662828314,2.635791689157486,15.648878572495015,17.399291829928735,-1.7504132574337237,18.0,1.0,3,0,9,0,9.0,3.0,31.105247240230508,3
534,1,merge_courtesy,adaptive,True,0.005,13,0,27.42333905172183,3.667207719256819,0.0,2.9918971955776215,15.805067975920025,19.160136306895346,-3.355068330975327,18.0,1.0,7,0,6,0,0.0,13.0,28.859003687552587,6
535,1,merge_courtesy,adaptive,True,0.005,12,0,30.0,1.2561172939713452,4.726702486430415,2.633541777729988,15.67642423884392,17.399291829928735,-1.7228675910848175,18.0,1.0,3,0,9,0,9.0,3.0,30.12605388460044,3
536,1,merge_courtesy,adaptive,True,0.005,14,0,25.822611223350602,4.379578246013049,0.0,3.6131731569767,15.680384072760718,19.660662285076338,-3.9802782123156177,18.0,1.0,7,0,7,0,0.0,14.0,30.247038390315684,7
537,1,merge_courtesy,adaptive,True,0.005,13,0,26.655102277460422,3.7927756405392516,0.7604048770530007,3.756698578596115,14.27016289569288,18.458601602802787,-4.188438707109904,18.0,1.0,6,0,7,0,3.0,10.0,33.17510862321036,7
538,1,merge_courtesy,adaptive,True,0.005,12,0,28.757367441959875,2.839381727331803,1.4463978096306611,3.027841493487358,14.311747044512884,17.402827923092055,-3.0910808785791715,18.0,1.0,5,0,7,0,6.0,6.0,25.26405892352989,6
539,1,merge_courtesy,adaptive,True,0.005,12,0,30.0,6.534293026319133,0.0,5.419340342283249,12.88550942234108,18.900000000000002,-6.014490577658919,18.0,1.0,3,0,9,0,0.0,12.0,41.721277059276005,9
540,1,merge_courtesy,adaptive,True,0.005,13,0,27.039601997206645,1.174652926282782,1.3294946026139929,1.9248183965682983,16.338129932034033,17.958931795064792,-1.6208018630307626,18.0,1.0,7,0,6,0,6.0,7.0,26.598402648401546,3
541,1,merge_courtesy,adaptive,True,0.005,12,0,30.0,5.809929057652672,0.0,4.806523412466049,13.645224261654107,18.69929199802638,-5.0540677363722715,18.0,1.0,3,0,9,0,1.0,11.0,31.481454436571724,9
542,1,merge_courtesy,adaptive,True,0.005,13,0,27.42420215023432,1.9230455001779712,2.1803169807041898,2.8330163806676865,15.262740894005894,17.65987694805058,-2.397136054044688,18.0,1.0,5,0,8,0,9.0,4.0,32.765220456193816,4
543,1,merge_courtesy,adaptive,True,0.005,13,0,27.750637683406776,2.039247202938323,1.270026228535213,2.304513245820999,16.602069098970667,18.828671534704835,-2.2266024357341676,18.0,1.0,7,0,6,0,3.0,10.0,19.380087262938297,5
544,1,merge_courtesy,adaptive,True,0.005,13,0,27.42333905172183,3.9916906329830244,0.0,3.2810208797454834,15.524545463905802,19.160136306895346,-3.635590842989548,18.0,1.0,7,0,6,0,0.0,13.0,34.05086258303012,6
545,1,merge_courtesy,adaptive,True,0.005,12,0,30.0,1.264001895335178,4.666474301958332,2.48032745718956,15.648367918372129,17.399291829928735,-1.7509239115566086,18.0,1.0,4,0,8,0,9.0,3.0,31.010376744903002,3
546,1,merge_courtesy,adaptive,True,0.005,12,0,30.0,1.2808735725869425,4.757327668161476,2.64630064368248,15.636645542049427,17.399291829928735,-1.762646287879311,18.0,1.0,3,0,9,0,9.0,3.0,31.498717656263427,3
547,1,merge_courtesy,adaptive,True,0.005,13,0,27.80128461713882,2.5641274641957974,0.6414068736675261,2.6041317880153656,15.951601781565337,18.754337189991507,-2.802735408426172,18.0,1.0,7,0,6,0,3.0,10.0,20.752744205237022,6
548,1,merge_courtesy,adaptive,True,0.005,12,0,30.0,1.9182626456753786,3.9798498172218046,2.897421181201935,15.245431996825628,17.599291829928735,-2.3538598331031073,18.0,1.0,4,0,8,0,8.0,4.0,31.841883214424982,4
549,1,merge_courtesy,adaptive,True,0.005,12,0,30.0,1.3309542278776827,3.9022898216485404,2.73403237760067,15.544195690051657,17.399291829928735,-1.8550961398770807,18.0,1.0,3,0,9,0,9.0,3.0,34.750852475977425,3
550,1,merge_courtesy,adaptive,True,0.005,12,0,28.805011488994264,2.1974862271069164,1.3104426166963843,2.4630315005779266,14.744654464071289,17.2256973446454,-2.4810428805741087,18.0,1.0,6,0,6,0,7.0,5.0,23.21939251648953,5
551,1,merge_courtesy,adaptive,True,0.005,13,0,26.655102277460422,3.488072459171199,0.0,2.84336856007576,15.63039356879196,18.760653184279416,-3.130259615487458,18.0,1.0,7,0,6,0,0.0,13.0,25.398351487323698,6
552,1,merge_courtesy,adaptive,True,0.005,14,0,25.822611223350602,4.132184552415695,0.0,3.39811509847641,15.877187084216716,19.660662285076338,-3.7834752008596237,18.0,1.0,8,0,6,0,0.0,14.0,36.750319727301694,6
553,1,merge_courtesy,adaptive,True,0.005,12,0,29.638203017832648,7.100338435571059,0.0,6.049270212650299,12.094874163666338,18.726337448559672,-6.631463284893334,18.0,1.0,3,0,9,0,0.0,12.0,50.05777688345048,9
554,1,merge_courtesy,adaptive,True,0.005,13,0,27.80793920474951,3.286406764341401,0.0,2.6720559000968933,16.453184879614707,19.360128386469743,-2.9069435068550344,18.0,1.0,7,0,6,0,0.0,13.0,22.14711766102086,6
555,1,merge_courtesy,adaptive,True,0.005,13,0,27.80128461713882,3.993983344786721,0.0,3.277537375688553,15.677471445488608,19.35666800091218,-3.679196555423577,18.0,1.0,7,0,6,0,0.0,13.0,34.62415158520591,6
556,1,merge_courtesy,adaptive,True,0.005,14,0,25.465470228741687,3.7770449375248893,0.0,3.089571565389633,15.968067693544972,19.460663328095343,-3.492595634550376,18.0,1.0,8,0,6,0,0.0,14.0,31.085987255930792,6
557,1,merge_courtesy,adaptive,True,0.005,12,0,30.0,1.8152936221583635,2.9615071467651557,2.742738902568817,15.397581348495661,17.599291829928735,-2.2017104814330746,18.0,1.0,4,0,8,0,8.0,4.0,28.04364664108393,4
558,1,merge_courtesy,adaptive,True,0.005,12,0,30.0,1.7212994696711221,2.9939036692956535,2.7741957157850266,15.492252356998987,17.599291829928735,-2.107039472929749,18.0,1.0,3,0,9,0,8.0,4.0,25.533716747258655,4
559,1,merge_courtesy,adaptive,True,0.005,12,0,28.813046846239462,1.7737351672341766,2.0755075708449717,2.2863100469112396,15.564391085580818,17.728846139199163,-2.1644550536183433,18.0,1.0,6,0,6,0,3.0,9.0,26.99680507506483,4
560,1,merge_courtesy,adaptive,True,0.005,12,0,29.638203017832648,6.489634737794104,0.0,5.384094685316086,12.79832849941121,18.726337448559672,-5.92800894914846,18.0,1.0,3,0,9,0,0.0,12.0,40.72947035919747,9
561,1,merge_courtesy,adaptive,True,0.005,13,0,28.135137403153003,3.1776241815419883,0.7236377460275976,3.3709159195423126,14.879237633321827,18.429563000590875,-3.5503253672690485,18.0,1.0,6,0,7,0,7.0,6.0,32.490276681933416,6
562,1,merge_courtesy,adaptive,True,0.005,12,0,29.2224878754412,2.244182625021697,0.6558765442895554,2.5016182363033295,14.886445676383685,17.42608601014051,-2.5396403337568243,18.0,1.0,6,0,6,0,7.0,5.0,24.281072547162665,5
563,1,merge_courtesy,adaptive,True,0.005,12,0,30.0,6.711393222424279,0.0,5.576193630695343,12.56854513543389,18.69929199802638,-6.130746862592488,18.0,1.0,3,0,9,0,1.0,11.0,43.81614624691426,9
564,1,merge_courtesy,adaptive,True,0.005,14,0,25.465470228741687,3.137363370889082,0.7149623594184012,3.3207291960716248,14.757910356668235,18.259954878618135,-3.502044521949903,18.0,1.0,7,0,7,0,8.0,6.0,31.635749914457417,6
565,1,merge_courtesy,adaptive,True,0.005,12,0,30.0,6.720413327033081,0.0,5.581260561943054,12.461620363973056,18.69929199802638,-6.237671634053324,18.0,1.0,3,0,9,0,1.0,11.0,44.51119852558961,9
566,1,merge_courtesy,adaptive,True,0.005,13,0,28.135251062216373,1.5854214998274063,0.6284623913255931,2.227080225944519,16.87244691053244,18.728670493103145,-1.856223582570704,18.0,1.0,6,0,7,0,5.0,8.0,20.448427849176568,4
567,1,merge_courtesy,adaptive,True,0.005,12,0,30.0,6.290498005397822,0.0,5.208685278892517,13.068880856429608,18.69929199802638,-5.630411141596771,18.0,1.0,3,0,9,0,1.0,11.0,37.71582728276049,9
568,1,merge_courtesy,adaptive,True,0.005,12,0,29.58428485760855,2.7727857920088197,4.325514146062674,3.700707823038101,14.349012465820532,17.59974856158084,-3.2507360957603044,18.0,1.0,3,0,9,0,7.0,5.0,38.75699500100567,5
569,1,merge_courtesy,adaptive,True,0.005,13,0,27.750637683406776,1.8441114932246767,1.164900662915243,2.0653592199087143,16.82294986859764,18.828671534704835,-2.0057216661071937,18.0,1.0,7,0,6,0,3.0,10.0,15.777503166048216,5
570,1,merge_courtesy,adaptive,True,0.005,12,0,29.638203017832648,2.024293251702823,4.10298962162702,3.163944721221924,14.921367780951536,17.425629278488408,-2.504261497536868,18.0,1.0,3,0,9,0,8.0,4.0,35.89616656376121,4
571,1,merge_courtesy,adaptive,True,0.005,12,0,28.86696500646356,1.3400403568840802,2.2850125121498808,2.5308825969696045,14.984830896551022,16.855435033031245,-1.870604136480221,18.0,1.0,4,0,8,0,9.0,3.0,35.31945653313202,3
572,1,merge_courtesy,adaptive,True,0.005,13,0,26.655102277460422,3.846149566146957,0.0,3.1542929112911224,15.180019079589572,18.760653184279416,-3.5806341046898478,18.0,1.0,7,0,6,0,0.0,13.0,32.606929366565744,6
573,1,merge_courtesy,adaptive,True,0.005,13,0,27.807825545686136,2.8531863335591434,0.6740773493438003,3.0384925305843353,15.080543971832093,18.259360834948353,-3.1788168631162605,18.0,1.0,6,0,7,0,7.0,6.0,26.11436695477039,6
574,1,merge_courtesy,adaptive,True,0.005,12,0,29.638203017832648,1.9274061674402931,4.00816700550915,3.061290681362152,15.063439867480934,17.425629278488408,-2.362189411007472,18.0,1.0,3,0,9,0,8.0,4.0,32.090954585980285,4
575,1,merge_courtesy,adaptive,True,0.005,13,0,27.039601997206645,3.707773409610596,0.0,3.035039395093918,15.623956505524676,18.960593038547454,-3.336636533022781,18.0,1.0,7,0,6,0,0.0,13.0,28.866752739071913,6
576,1,merge_courtesy,adaptive,True,0.005,12,0,29.22876198863091,2.156425754244789,1.284535916364361,2.408394366502762,14.97422529972755,17.42909758447157,-2.4548722847440225,18.0,1.0,6,0,6,0,7.0,5.0,22.559106250907433,5
577,1,merge_courtesy,adaptive,True,0.005,12,0,30.0,1.2422487072048736,4.659684959140803,2.6393136084079742,15.693020435314503,17.399291829928735,-1.7062713946142352,18.0,1.0,3,0,9,0,9.0,3.0,29.531406780667222,3
578,1,merge_courtesy,adaptive,True,0.005,13,0,27.750637683406776,1.9434279526408786,1.2317733367928394,2.1824267506599426,16.718735918454154,18.828671534704835,-2.109935616250679,18.0,1.0,7,0,6,0,3.0,10.0,17.512962911231273,5
579,1,merge_courtesy,adaptive,True,0.005,12,0,28.86696500646356,3.9688034688779794,1.4927145228810563,3.4969291985034943,14.149681762497787,17.554039712187105,-3.4043579496893157,18.0,1.0,4,0,8,0,5.0,7.0,30.098964145275076,6
580,1,merge_courtesy,adaptive,True,0.005,12,0,29.22166165477424,7.26127105633757,0.0,6.12439689040184,11.91440421403314,18.526397594291634,-6.611993380258495,18.0,1.0,2,0,10,0,0.0,12.0,43.1013297498216,10
581,1,merge_courtesy,adaptive,True,0.005,12,0,30.0,6.328421499193674,0.0,5.247192472219467,12.962248481563913,18.69929199802638,-5.7370435164624665,18.0,1.0,3,0,9,0,1.0,11.0,38.49058661970724,9
582,1,merge_courtesy,adaptive,True,0.005,12,0,29.2224878754412,1.8183710438280665,1.4209302152591368,2.5298373997211456,15.023964569002434,17.226086010140513,-2.2021214411380754,18.0,1.0,5,0,7,0,8.0,4.0,28.081934858892843,4
583,1,merge_courtesy,adaptive,True,0.005,12,0,30.0,0.5886602121903218,3.7839177975687495,2.1661563366651535,16.12555873063904,17.199291829928736,-1.0737330992896976,18.0,1.0,3,0,9,0,10.0,2.0,26.108571603095037,2
584,1,merge_courtesy,adaptive,True,0.005,13,0,27.749774584894283,1.811742761782427,1.1461254600188764,2.038691967725754,16.261489288003546,18.22822649463793,-1.966737206634385,18.0,1.0,7,0,6,0,7.0,6.0,15.202888657717608,5
585,1,merge_courtesy,adaptive,True,0.005,12,0,29.638203017832648,6.8598376661334814,0.0,5.729158163070679,12.410301587327194,18.726337448559672,-6.316035861232478,18.0,1.0,3,0,9,0,0.0,12.0,46.02550358879844,9
586,1,merge_courtesy,adaptive,True,0.005,12,0,29.22876198863091,2.975971785880809,0.6748288510433635,2.9785977602005005,14.268387751957215,17.62909758447157,-3.360709832514358,18.0,1.0,6,0,6,0,6.0,6.0,28.850881547257316,6
587,1,merge_courtesy,adaptive,True,0.005,12,0,30.0,6.270089886996571,0.0,5.1813995242118835,13.062539188570195,18.69929199802638,-5.636752809456184,18.0,1.0,3,0,9,0,1.0,11.0,37.529765442858974,9
588,1,merge_courtesy,adaptive,True,0.005,12,0,28.813046846239462,3.390116803625544,0.0,2.760772079229355,15.304317598797837,18.33026248619494,-3.0259448873971033,18.0,1.0,6,0,6,0,0.0,12.0,23.826540209559926,6
589,1,merge_courtesy,adaptive,True,0.005,12,0,30.0,1.9249395900801578,3.9989980602129176,2.9002143293619156,15.238864354328673,17.599291829928735,-2.3604274756000643,18.0,1.0,4,0,8,0,8.0,4.0,32.033036785411916,4
590,1,merge_courtesy,adaptive,True,0.005,13,0,27.750637683406776,3.5732495174763743,0.0,2.9212815165519714,16.064582200099395,19.330331595371522,-3.2657493952721324,18.0,1.0,7,0,6,0,0.0,13.0,27.357925250699243,6
591,1,merge_courtesy,adaptive,True,0.005,13,0,27.807825545686136,3.568981410757079,2.514628943580494,3.9764572083950043,14.40918316737179,18.458022902087112,-4.048839734715324,18.0,1.0,5,0,8,0,6.0,7.0,41.774349672290384,6
592,1,merge_courtesy,adaptive,True,0.005,13,0,27.80128461713882,0.6252090012825633,2.907453959886442,1.7116533368825912,17.20766732211576,18.35525138179252,-1.1475840596767617,18.0,1.0,7,0,6,0,5.0,8.0,29.79849981722289,2
593,1,merge_courtesy,adaptive,True,0.005,12,0,29.638203017832648,1.9020568931146131,3.8638756165462613,2.833690196275711,15.052057337712286,17.425629278488408,-2.3735719407761193,18.0,1.0,4,0,8,0,8.0,4.0,32.107834953836736,4
594,1,merge_courtesy,adaptive,True,0.005,12,0,30.0,1.3109447421714941,3.9327887403438577,2.6632018089294434,15.55571649877743,17.399291829928735,-1.8435753311513081,18.0,1.0,3,0,9,0,9.0,3.0,34.235993061541194,3
595,1,merge_courtesy,adaptive,True,0.005,12,0,29.583458636941597,7.4642292436500846,0.0320204489550141,6.265019357204437,11.751540049401425,18.70006014573196,-6.948520096330542,18.0,1.0,2,0,10,0,0.0,12.0,45.66005049370545,10
596,1,merge_courtesy,adaptive,True,0.005,12,0,30.0,7.06813306574874,0.0,5.904397487640381,12.293626723707316,18.900000000000002,-6.6063732762926834,18.0,1.0,3,0,9,0,0.0,12.0,49.73827140179279,9
597,1,merge_courtesy,adaptive,True,0.005,12,0,28.86696500646356,7.334208286311474,0.0,6.157673716545105,11.47106481256398,18.35614320310251,-6.885078390538529,18.0,1.0,3,0,9,0,0.0,12.0,53.926728284737415,9
598,1,merge_courtesy,adaptive,True,0.005,12,0,30.0,6.425408262191394,0.0,5.325320512056351,12.914808978947148,18.69929199802638,-5.784483019079231,18.0,1.0,3,0,9,0,1.0,11.0,39.6108536312559,9
599,1,merge_courtesy,adaptive,True,0.005,13,0,26.655102277460422,1.104074999454256,2.7526120078519356,1.9207691848278046,16.506493541705936,17.959236564641234,-1.4527430229352958,18.0,1.0,7,0,6,0,4.0,9.0,21.81528024250149,3
600,1,merge_courtesy,adaptive,True,0.005,13,0,28.461686595388827,2.0754436402158705,1.2388957853161635,2.3138978630304337,16.042392517909647,18.39936885953035,-2.356976341620702,18.0,1.0,7,0,6,0,8.0,5.0,20.83411961118399,5
601,1,merge_courtesy,adaptive,True,0.005,12,0,30.0,7.0318399887036875,0.0,5.84063395857811,12.174637268295266,18.69929199802638,-6.524654729731114,18.0,1.0,3,0,9,0,1.0,11.0,48.725639368223455,9
602,1,merge_courtesy,adaptive,True,0.005,12,0,29.638203017832648,7.021719468866045,0.0,5.871228277683258,12.197707398496556,18.726337448559672,-6.528630050063113,18.0,1.0,3,0,9,0,0.0,12.0,48.80033690275993,9
603,1,merge_courtesy,adaptive,True,0.005,13,0,27.42333905172183,3.7601658402605853,0.0,3.0728524029254913,15.794426839633712,19.160136306895346,-3.3657094672616394,18.0,1.0,7,0,6,0,0.0,13.0,29.564196435054413,6
604,1,merge_courtesy,adaptive,True,0.005,12,0,28.813046846239462,1.2311828644522094,1.380985250973291,2.012879639863968,15.117326566946907,16.829554316123676,-1.7122277491767715,18.0,1.0,6,0,6,0,9.0,3.0,29.61589344103655,3
605,1,merge_courtesy,adaptive,True,0.005,12,0,29.22876198863091,1.2422315721477148,3.109122562836741,2.4337426982820034,15.508413843200277,17.22814689461186,-1.7197330514115858,18.0,1.0,3,0,9,0,8.0,4.0,29.919061360583402,3
606,1,merge_courtesy,adaptive,True,0.005,12,0,30.0,7.193996691593494,0.0,6.099539875984192,12.159196692153808,18.900000000000002,-6.740803307846193,18.0,1.0,3,0,9,0,0.0,12.0,51.64915319232759,9
607,1,merge_courtesy,adaptive,True,0.005,12,0,29.221552852052668,7.48533063457155,0.03623527473542332,6.281166613101959,11.581069629453445,18.52634536898528,-6.945275739531836,18.0,1.0,2,0,10,0,0.0,12.0,45.80636480698202,10
608,1,merge_courtesy,adaptive,True,0.005,12,0,29.583458636941597,6.7502547836993765,0.031854396663309026,5.662689507007599,12.68768175242448,18.70006014573196,-6.012378393307485,18.0,1.0,2,0,10,0,0.0,12.0,37.279823620755224,10
609,1,merge_courtesy,adaptive,True,0.005,12,0,30.0,0.6149337940920802,4.48185621079913,2.044124871492386,16.076511421758205,17.199291829928736,-1.1227804081705306,18.0,1.0,4,0,8,0,10.0,2.0,28.54646205077345,2
610,1,merge_courtesy,adaptive,True,0.005,12,0,30.0,6.285021662778914,0.0,5.195916265249252,13.003459035527618,18.69929199802638,-5.695832962498762,18.0,1.0,3,0,9,0,1.0,11.0,37.91081833654396,9
611,1,merge_courtesy,adaptive,True,0.005,12,0,29.22876198863091,1.1782881994809407,1.3588081063719888,1.9507595598697662,15.423984506925956,17.02909758447157,-1.6051130775456188,18.0,1.0,6,0,6,0,9.0,3.0,26.2074632558186,3
612,1,merge_courtesy,adaptive,True,0.005,12,0,30.0,6.157788023582785,0.0,5.103908091783524,13.246842477553129,18.69929199802638,-5.452449520473253,18.0,1.0,3,0,9,0,1.0,11.0,35.96883031166258,9
613,1,merge_courtesy,adaptive,True,0.005,14,0,25.775581927742277,2.0284421489235633,1.253819842117997,2.281824380159378,16.00193432827239,18.233617709463832,-2.2316833811914414,18.0,1.0,8,0,6,0,9.0,5.0,19.29025356913504,5
614,1,merge_courtesy,adaptive,True,0.005,13,0,28.135251062216373,2.7449767107972196,0.6791723306865484,2.780458450317383,16.185159734087726,19.128670491685824,-2.943510757598096,18.0,1.0,7,0,6,0,3.0,10.0,23.367735094630444,6
615,1,merge_courtesy,adaptive,True,0.005,13,0,27.42420215023432,2.8267157395639,0.6783238736388694,2.858538895845413,15.844887553907906,18.95919012618556,-3.114302572277661,18.0,1.0,7,0,6,0,1.0,12.0,25.3399876449852,6
616,1,merge_courtesy,adaptive,True,0.005,12,0,30.0,1.0880367809679239,2.2554993085451853,2.31637841463089,15.915068540722308,17.399291829928735,-1.4842232892064295,18.0,1.0,3,0,9,0,9.0,3.0,22.386896384170512,3
617,1,merge_courtesy,adaptive,True,0.005,12,0,29.638203017832648,1.27119466524175,3.861640961172523,2.61835053563118,15.446271376878236,17.22562927848841,-1.779357901610171,18.0,1.0,3,0,9,0,9.0,3.0,31.928387279730483,3
618,1,merge_courtesy,adaptive,True,0.005,13,0,27.42420215023432,3.4448659929498104,0.0,2.8117746710777283,16.180839373498085,19.160585118121844,-2.979745744623763,18.0,1.0,7,0,6,0,0.0,13.0,23.86080036731863,6
619,1,merge_courtesy,adaptive,True,0.005,13,0,26.655102277460422,3.385851208768082,0.0,2.7672278881073,15.723607254966067,18.760653184279416,-3.037045929313355,18.0,1.0,7,0,6,0,0.0,13.0,23.91108039365328,6
620,1,merge_courtesy,adaptive,True,0.005,12,0,30.0,1.3517646779706982,4.011696026446521,2.728336587548256,15.524863665750162,17.399291829928735,-1.8744281641785756,18.0,1.0,3,0,9,0,9.0,3.0,35.537547545161765,3
621,1,merge_courtesy,adaptive,True,0.005,12,0,30.0,6.9139212801727306,0.0,5.747428447008133,12.308805812650501,18.69929199802638,-6.390486185375877,18.0,1.0,3,0,9,0,1.0,11.0,46.95986136749907,9
622,1,merge_courtesy,adaptive,True,0.005,13,0,26.655102277460422,1.168058762806592,1.3617218827005422,1.951609417796135,15.481848636536279,17.059945014208157,-1.5780963776718766,18.0,1.0,7,0,6,0,10.0,3.0,25.41809250258188,3
623,1,merge_courtesy,adaptive,True,0.005,12,0,29.166808471161616,3.4054517004313087,2.4563140246700446,4.182265445590019,13.751458171631565,17.599359617108888,-3.847901445477321,18.0,1.0,2,0,10,0,6.0,6.0,37.83207979624086,6
624,1,merge_courtesy,adaptive,True,0.005,13,0,26.655102277460422,4.248742156013604,0.0,3.4865568578243256,14.821063924288827,18.760653184279416,-3.9395892599905933,18.0,1.0,7,0,6,0,0.0,13.0,39.55382991337857,6
625,1,merge_courtesy,adaptive,True,0.005,12,0,30.0,1.7892314498796476,2.9544640369797426,2.7009947896003723,15.64572906379349,17.798583827955117,-2.152854764161624,18.0,1.0,4,0,8,0,7.0,5.0,26.953657603777586,4
626,1,merge_courtesy,adaptive,True,0.005,12,0,30.0,6.101559143298755,0.0,5.037106364965439,13.344920132991383,18.69929199802638,-5.354371865034997,18.0,1.0,3,0,9,0,1.0,11.0,34.98323163117716,9
627,1,merge_courtesy,adaptive,True,0.005,12,0,30.0,1.2411719426213321,4.611540574123545,2.5797737389802933,15.686034415810012,17.399291829928735,-1.7132574141187265,18.0,1.0,3,0,9,0,9.0,3.0,29.722439678600676,3
628,1,merge_courtesy,adaptive,True,0.005,12,0,30.0,0.6258134916517484,4.6033973823098675,2.0716739296913147,16.062634266940236,17.199291829928736,-1.1366575629884998,18.0,1.0,4,0,8,0,10.0,2.0,29.28322790185701,2
629,1,merge_courtesy,adaptive,True,0.005,12,0,30.0,5.917436986567786,0.0,4.8732591569423676,13.713158851103579,18.900000000000002,-5.186841148896422,18.0,1.0,3,0,9,0,0.0,12.0,32.864910239256076,9
630,1,merge_courtesy,adaptive,True,0.005,13,0,28.135251062216373,2.3950437156842583,1.384229432041554,2.6653374284505844,16.356438806205265,19.128913874366198,-2.772475068160932,18.0,1.0,7,0,6,0,2.0,11.0,28.413110356531327,5
631,1,merge_courtesy,adaptive,True,0.005,14,0,25.822611223350602,4.026862496489507,0.0,3.30287766456604,15.951713460990463,19.660662285076338,-3.7089488240858763,18.0,1.0,8,0,6,0,0.0,14.0,35.189380071484145,6
632,1,merge_courtesy,adaptive,True,0.005,14,0,25.822611223350602,3.55191048682141,0.0,2.9021754264831543,16.553456150797274,19.660662285076338,-3.1072061342790667,18.0,1.0,8,0,6,0,0.0,14.0,25.649734677513333,6
633,1,merge_courtesy,adaptive,True,0.005,12,0,30.0,1.2958759558162347,3.756353763503007,2.4974102526903152,15.58132201236506,17.399291829928735,-1.8179698175636778,18.0,1.0,4,0,8,0,9.0,3.0,33.3111502222728,3
634,1,merge_courtesy,adaptive,True,0.005,12,0,28.86696500646356,0.5844257090640305,1.3451348512947616,1.6265923380851746,15.609208468975087,16.655435033031246,-1.0462265640561563,18.0,1.0,6,0,6,0,10.0,2.0,24.871382342728573,2
635,1,merge_courtesy,adaptive,True,0.005,12,0,30.0,2.7909371176143036,2.404137347944022,3.6320952624082565,14.51704129382212,17.799291829928734,-3.282250536106617,18.0,1.0,3,0,9,0,7.0,5.0,39.4388976525874,5
636,1,merge_courtesy,adaptive,True,0.005,13,0,28.135251062216373,0.59395045456314,1.3581437415128557,1.6427106410264969,17.258765383121073,18.32867049310836,-1.0699051099872794,18.0,1.0,7,0,6,0,7.0,6.0,25.979702610097455,2
637,1,merge_courtesy,adaptive,True,0.005,12,0,29.638203017832648,4.509163107071049,0.767459439229516,4.123121544718742,14.302344469402808,18.32492110156389,-4.0225766321610825,18.0,1.0,3,0,9,0,3.0,9.0,40.95758950079145,6
638,1,merge_courtesy,adaptive,True,0.005,13,0,26.655102277460422,3.780503557088587,0.0,3.0961834490299225,15.277676295655352,18.760653184279416,-3.4829768886240693,18.0,1.0,7,0,6,0,0.0,13.0,30.976961063711215,6
639,1,merge_courtesy,adaptive,True,0.005,13,0,27.42420215023432,1.9197463427134265,3.8552133564497715,2.824886530637741,15.250125592430539,17.65987694805058,-2.4097513556200436,18.0,1.0,5,0,8,0,9.0,4.0,33.01618731360916,4
640,1,merge_courtesy,adaptive,True,0.005,12,0,29.638203017832648,6.775361651530113,0.0,5.62743079662323,12.466377053725415,18.726337448559672,-6.259960394834258,18.0,1.0,3,0,9,0,0.0,12.0,44.93429986992551,9
641,1,merge_courtesy,adaptive,True,0.005,12,0,30.0,1.338803725613309,3.185618600435359,2.5508615374565125,15.550011939270615,17.399291829928735,-1.8492798906581238,18.0,1.0,4,0,8,0,9.0,3.0,34.633450532780145,3
642,1,merge_courtesy,adaptive,True,0.005,12,0,29.22166165477424,7.795190896976685,0.0,6.563695400953293,11.236837927216058,18.526397594291634,-7.289559667075578,18.0,1.0,2,0,10,0,0.0,12.0,50.17441667273461,10
643,1,merge_courtesy,adaptive,True,0.005,13,0,27.749774584894283,1.9468343209231702,1.2166950931153049,2.1763771176338196,16.080948125933272,18.22822649463793,-2.147278368704656,18.0,1.0,7,0,6,0,7.0,6.0,17.797545011954433,5
644,1,merge_courtesy,adaptive,True,0.005,12,0,29.166808471161616,3.352841573591168,3.380992352401524,4.170114070177078,13.768045663105394,17.599359617108888,-3.8313139540034946,18.0,1.0,2,0,10,0,6.0,6.0,37.218670177410374,6
645,1,merge_courtesy,adaptive,True,0.005,12,0,29.2224878754412,1.6869816743400956,0.6496760256566824,2.192152827978134,15.1927790725722,17.226086010140513,-2.0333069375683084,18.0,1.0,6,0,6,0,8.0,4.0,24.003155253577145,4
646,1,merge_courtesy,adaptive,True,0.005,12,0,29.22876198863091,1.3144837910126048,4.776337880973745,2.5717699080705643,15.199582358814533,17.02909758447157,-1.8295152256570404,18.0,1.0,4,0,8,0,9.0,3.0,33.81198469993511,3
647,1,merge_courtesy,adaptive,True,0.005,12,0,29.22876198863091,2.0056102506506797,1.2277529628799926,2.2454244643449783,15.20250970351158,17.42909758447157,-2.226587880959991,18.0,1.0,6,0,6,0,7.0,5.0,19.005324095221102,5
648,1,merge_courtesy,adaptive,True,0.005,14,0,25.465470228741687,3.301906013490851,0.7342210350913773,3.31218284368515,14.514020957640783,18.259954878618135,-3.745933920977356,18.0,1.0,8,0,6,0,8.0,6.0,35.743151358893336,6
649,1,merge_courtesy,adaptive,True,0.005,13,0,26.654988618397052,3.6479927994781227,0.0,2.988301694393158,15.456141907652944,18.760594081566467,-3.304452173913523,18.0,1.0,7,0,6,0,0.0,13.0,28.1769661166266,6
650,1,merge_courtesy,adaptive,True,0.005,12,0,30.0,6.950814134561432,0.0,5.759312808513641,12.234690083116863,18.69929199802638,-6.464601914909517,18.0,1.0,3,0,9,0,1.0,11.0,47.759997231772886,9
651,1,merge_courtesy,adaptive,True,0.005,13,0,27.743983095796086,2.520343660047207,0.6395441246141416,2.5578427612781525,15.507702761659584,18.22616276033833,-2.718459998678747,18.0,1.0,7,0,6,0,7.0,6.0,19.838138886988535,6
652,1,merge_courtesy,adaptive,True,0.005,13,0,27.039601997206645,3.60858950432341,0.0,2.944583624601364,15.749000580040002,18.960593038547454,-3.2115924585074564,18.0,1.0,7,0,6,0,0.0,13.0,26.97699946734224,6
653,1,merge_courtesy,adaptive,True,0.005,12,0,30.0,5.724709074829852,0.0,4.731874376535416,13.911113752152815,18.900000000000002,-4.988886247847185,18.0,1.0,3,0,9,0,0.0,12.0,30.754607685102478,9
654,1,merge_courtesy,adaptive,True,0.005,12,0,30.0,3.3390643675389042,3.437849268964628,3.960564747452736,14.210215647626187,17.999291829928733,-3.7890761823025474,18.0,1.0,3,0,9,0,6.0,6.0,36.56647203463262,6
655,1,merge_courtesy,adaptive,True,0.005,12,0,30.0,7.186738463683927,0.0,6.1341469287872314,12.19981753170968,18.900000000000002,-6.700182468290321,18.0,1.0,3,0,9,0,0.0,12.0,51.28924839667789,9
656,1,merge_courtesy,adaptive,True,0.005,12,0,29.583458636941597,2.912611902001851,4.273554781729667,3.7498058080673218,14.538000694402903,17.79935197566012,-3.2613512812572174,18.0,1.0,2,0,10,0,6.0,6.0,27.34822554132694,6
657,1,merge_courtesy,adaptive,True,0.005,12,0,30.0,6.508671054222076,0.0,5.44015297293663,12.95572093210774,18.900000000000002,-5.94427906789226,18.0,1.0,3,0,9,0,0.0,12.0,40.98371408486518,9
658,1,merge_courtesy,adaptive,True,0.005,13,0,27.80128461713882,3.309072800618668,0.0,2.6818430721759796,16.518219267200813,19.35666800091218,-2.838448733711371,18.0,1.0,7,0,6,0,0.0,13.0,21.770705805231596,6
659,1,merge_courtesy,adaptive,True,0.005,13,0,28.135251062216373,3.3896730604588305,0.0,2.751293331384659,16.55042164843333,19.53033055235251,-2.9799089039191893,18.0,1.0,7,0,6,0,0.0,13.0,23.407820694345077,6
660,1,merge_courtesy,adaptive,True,0.005,12,0,30.0,6.304297573566302,0.0,5.2305029928684235,13.27704512465418,18.900000000000002,-5.622954875345821,18.0,1.0,3,0,9,0,0.0,12.0,37.83352986312825,9
661,1,merge_courtesy,adaptive,True,0.005,12,0,30.0,2.5039542338214362,3.1565006513110596,3.2098910100758076,14.901462961664045,17.799291829928734,-2.8978288682646918,18.0,1.0,3,0,9,0,7.0,5.0,31.053657606787123,5
662,1,merge_courtesy,adaptive,True,0.005,13,0,28.135251062216373,2.0072609952962157,2.2975002161102944,2.5956118553876877,16.435595087372896,18.928913926377216,-2.4933188390043184,18.0,1.0,7,0,6,0,3.0,10.0,35.51045195505648,4
663,1,merge_courtesy,adaptive,True,0.005,13,0,28.135251062216373,2.330458892047699,0.655956468017049,2.572056755423546,16.21443933945304,18.928670492746292,-2.7142311532932553,18.0,1.0,7,0,6,0,4.0,9.0,27.114991778530158,5
664,1,merge_courtesy,adaptive,True,0.005,12,0,30.0,1.0622782790178722,2.248596213420499,2.2970017790794373,15.968379142880405,17.399291829928735,-1.4309126870483333,18.0,1.0,3,0,9,0,9.0,3.0,20.91128437874228,3
665,1,merge_courtesy,adaptive,True,0.005,13,0,27.416671238329222,3.2913729942915286,0.7265371017814868,3.2954473197460175,15.106035194934464,18.85500992905422,-3.748974734119755,18.0,1.0,7,0,6,0,2.0,11.0,35.70517122323635,6
666,1,merge_courtesy,adaptive,True,0.005,14,0,25.822611223350602,3.033802116895955,0.0,2.4569828510284424,17.076837611139354,19.660662285076338,-2.583824673936986,18.0,1.0,8,0,6,0,0.0,14.0,18.101937429163787,6
667,1,merge_courtesy,adaptive,True,0.005,12,0,30.0,0.600182113214649,3.7751383691145604,2.1863942444324493,16.097875307524003,17.199291829928736,-1.1014165224047332,18.0,1.0,3,0,9,0,10.0,2.0,27.44786187183535,2
668,1,merge_courtesy,adaptive,True,0.005,12,0,30.0,0.6440147277629702,4.6554271783109735,2.26286081969738,16.017891671495647,17.199291829928736,-1.1814001584330902,18.0,1.0,3,0,9,0,10.0,2.0,31.585211006252443,2
669,1,merge_courtesy,adaptive,True,0.005,12,0,29.638203017832648,7.337606237001237,0.0,6.223487079143524,11.841200083898846,18.726337448559672,-6.885137364660826,18.0,1.0,3,0,9,0,0.0,12.0,53.956220128213644,9
670,1,merge_courtesy,adaptive,True,0.005,13,0,27.42333905172183,3.5346815446965145,0.0,2.881017804145813,15.951262018060362,19.160136306895346,-3.208874288834991,18.0,1.0,7,0,6,0,0.0,13.0,26.478784444034257,6
671,1,merge_courtesy,adaptive,True,0.005,12,0,30.0,6.228733474931689,0.0,5.158872753381729,13.142983416455397,18.69929199802638,-5.556308581570982,18.0,1.0,3,0,9,0,1.0,11.0,36.84562465901335,9
672,1,merge_courtesy,adaptive,True,0.005,13,0,26.982300475863916,2.54105844261671,0.6338840333142981,2.578056365251541,15.043561996085112,17.830087797973597,-2.7865258018884873,18.0,1.0,7,0,6,0,7.0,6.0,20.43924463387947,6
673,1,merge_courtesy,adaptive,True,0.005,13,0,26.655102277460422,1.765350220742842,2.0468625032699146,2.2934927940368652,15.993417111035502,18.159236557875825,-2.1658194468403216,18.0,1.0,7,0,6,0,3.0,10.0,26.947917222316303,4
674,1,merge_courtesy,adaptive,True,0.005,12,0,30.0,1.7286853708423715,3.0397556852814116,2.781934753060341,15.519778273140808,17.599291829928735,-2.0795135567879273,18.0,1.0,3,0,9,0,8.0,4.0,25.144812391920176,4
675,1,merge_courtesy,adaptive,True,0.005,12,0,30.0,1.2773820211806963,3.18598066193222,2.6470113694667816,15.627938303231796,17.399291829928735,-1.7713535266969416,18.0,1.0,3,0,9,0,9.0,3.0,31.728798337821804,3
676,1,merge_courtesy,adaptive,True,0.005,12,0,30.0,6.150814065513739,0.0,5.102070391178131,13.2006350775311,18.69929199802638,-5.49865692049528,18.0,1.0,3,0,9,0,1.0,11.0,36.054333368295204,9
677,1,merge_courtesy,adaptive,True,0.005,12,0,30.0,6.2333901160022425,0.0,5.146290600299835,13.263221983742135,18.900000000000002,-5.636778016257865,18.0,1.0,3,0,9,0,0.0,12.0,37.1828420666991,9
678,1,merge_courtesy,adaptive,True,0.005,13,0,27.80128461713882,3.0226711921810185,0.7061095511900061,3.210581347346306,15.606615985678648,18.955007940244258,-3.348391954565611,18.0,1.0,6,0,7,0,3.0,10.0,29.118254050266092,6
679,1,merge_courtesy,adaptive,True,0.005,12,0,30.0,6.258987363934138,0.0,5.214681446552277,13.273501351681258,18.900000000000002,-5.626498648318743,18.0,1.0,3,0,9,0,0.0,12.0,37.3829093766437,9
680,1,merge_courtesy,adaptive,True,0.005,12,0,29.2224878754412,1.2641380095819104,2.9210934051504953,2.0831222385168076,15.270133198495083,17.02608601014051,-1.7559528116454284,18.0,1.0,6,0,6,0,9.0,3.0,31.161901683759382,3
681,1,merge_courtesy,adaptive,True,0.005,12,0,30.0,1.3270915763248983,4.7930789137321295,2.579262748360634,15.546587599808563,17.399291829928735,-1.8527042301201746,18.0,1.0,4,0,8,0,9.0,3.0,34.64468105801192,3
682,1,merge_courtesy,adaptive,True,0.005,13,0,28.135251062216373,2.5680370848318628,0.646083477615812,2.6016219556331635,16.537802179460265,19.32893528370947,-2.791133104249206,18.0,1.0,7,0,6,0,1.0,12.0,20.71792098765729,6
683,1,merge_courtesy,adaptive,True,0.005,13,0,27.80793920474951,3.3432109817233906,0.0,2.7270133793354034,16.432692340692398,19.360128386469743,-2.9274360457773425,18.0,1.0,7,0,6,0,0.0,13.0,22.67083518735986,6
684,1,merge_courtesy,adaptive,True,0.005,13,0,27.750637683406776,2.1007091248432417,1.2526190033426556,2.3468757569789886,16.44039783492738,18.828671534704835,-2.3882736997774514,18.0,1.0,7,0,6,0,3.0,10.0,21.372484084489066,5
685,1,merge_courtesy,adaptive,True,0.005,12,0,30.0,6.92935704235148,0.0,5.7389645874500275,12.292006066112739,18.69929199802638,-6.4072859319136395,18.0,1.0,3,0,9,0,1.0,11.0,47.20250766473841,9
686,1,merge_courtesy,adaptive,True,0.005,12,0,30.0,6.332838100251864,0.0,5.249699532985687,13.18307759243678,18.900000000000002,-5.71692240756322,18.0,1.0,3,0,9,0,0.0,12.0,38.4485510327105,9
687,1,merge_courtesy,adaptive,True,0.005,12,0,30.0,6.565107745114133,0.0,5.429873734712601,12.643274698462491,18.69929199802638,-6.056017299563887,18.0,1.0,3,0,9,0,1.0,11.0,42.0978210219213,9
688,1,merge_courtesy,adaptive,True,0.005,13,0,27.807825545686136,3.2829936467045715,0.7343319742665678,3.2989224791526794,14.547878416620783,18.259360834948353,-3.7114824183275714,18.0,1.0,7,0,6,0,7.0,6.0,35.17585256561698,6
689,1,merge_courtesy,adaptive,True,0.005,12,0,30.0,6.030617373861555,0.0,4.993740051984787,13.590182904189561,18.900000000000002,-5.309817095810439,18.0,1.0,3,0,9,0,0.0,12.0,34.311424165987574,9
690,1,merge_courtesy,adaptive,True,0.005,12,0,30.0,1.226554762432083,3.7736826108177404,2.443667598068714,15.73406166196058,17.399291829928735,-1.6652301679681583,18.0,1.0,3,0,9,0,9.0,3.0,28.253329476875816,3
691,1,merge_courtesy,adaptive,True,0.005,13,0,26.655102277460422,3.724037884734045,0.0,3.0532654523849487,15.356157092944715,18.760653184279416,-3.404496091334705,18.0,1.0,7,0,6,0,0.0,13.0,29.7308226578094,6
692,1,merge_courtesy,adaptive,True,0.005,14,0,25.822611223350602,4.359507584798543,0.0,3.5868014097213745,15.567684077463083,19.660662285076338,-4.092978207613256,18.0,1.0,8,0,6,0,0.0,14.0,42.43724506642706,6
693,1,merge_courtesy,adaptive,True,0.005,12,0,30.0,1.1825762008332878,3.645555236261849,2.3479189723730087,15.79441028303365,17.399291829928735,-1.6048815468950863,18.0,1.0,4,0,8,0,9.0,3.0,26.240522917809017,3
694,1,merge_courtesy,adaptive,True,0.005,13,0,27.80128461713882,4.0014876011521014,0.0,3.276358336210251,15.717754256945577,19.35666800091218,-3.6389137439666093,18.0,1.0,7,0,6,0,0.0,13.0,34.14897388114288,6
695,1,merge_courtesy,adaptive,True,0.005,12,0,30.0,6.50479185415508,0.0,5.390541613101959,12.775011313535208,18.69929199802638,-5.924280684491173,18.0,1.0,3,0,9,0,1.0,11.0,40.8504839313418,9
696,1,merge_courtesy,adaptive,True,0.005,13,0,26.655102277460422,1.439168909603192,2.5372906283971473,2.059337928891182,16.190379937692082,17.858601751727843,-1.66822181403576,18.0,1.0,6,0,7,0,6.0,7.0,16.647250858566572,4
697,1,merge_courtesy,adaptive,True,0.005,12,0,28.86696500646356,1.2887466084873331,4.78325729652577,2.5444772988557816,15.081027486196186,16.855435033031245,-1.7744075468350582,18.0,1.0,4,0,8,0,9.0,3.0,31.915551829004,3
698,1,merge_courtesy,adaptive,True,0.005,12,0,30.0,1.3111641292071994,3.0724224894545022,2.652277499437332,15.571298871506066,17.399291829928735,-1.8279929584226715,18.0,1.0,3,0,9,0,9.0,3.0,33.73849624046381,3
699,1,merge_courtesy,adaptive,True,0.005,13,0,26.654988618397052,4.273257764343924,0.0,3.5131991505622864,14.73938680099293,18.760594081566467,-4.021207280573538,18.0,1.0,7,0,6,0,0.0,13.0,40.92204709234001,6
700,1,merge_courtesy,adaptive,True,0.005,13,0,27.80128461713882,3.5598519954241725,0.0,2.90384641289711,16.245427199732973,19.35666800091218,-3.1112408011792114,18.0,1.0,7,0,6,0,0.0,13.0,25.740585311711357,6
701,1,merge_courtesy,adaptive,True,0.005,13,0,27.750637683406776,1.942397050817053,1.1995270858341214,2.161819502711296,16.66064157745437,18.828671534704835,-2.1680299572504653,18.0,1.0,7,0,6,0,3.0,10.0,17.911197046767583,5
702,1,merge_courtesy,adaptive,True,0.005,12,0,29.638203017832648,7.064503400397749,0.0,5.90178781747818,12.105954635284158,18.726337448559672,-6.620382813275513,18.0,1.0,3,0,9,0,0.0,12.0,49.81684115527865,9
703,1,merge_courtesy,adaptive,True,0.005,12,0,29.638203017832648,2.0146210925779053,2.303709911027752,2.896303713321686,14.89034374927765,17.425629278488408,-2.535285529210757,18.0,1.0,4,0,8,0,8.0,4.0,36.51488413115895,4
704,1,merge_courtesy,adaptive,True,0.005,12,0,29.638203017832648,6.385909615512372,0.0,5.276994377374649,12.931205307267778,18.726337448559672,-5.7951321412918935,18.0,1.0,3,0,9,0,0.0,12.0,39.28220022986538,9
705,1,merge_courtesy,adaptive,True,0.005,12,0,30.0,1.3222101004224833,4.841284168809658,2.6996801495552063,15.565485628709695,17.399291829928735,-1.8338062012190428,18.0,1.0,3,0,9,0,9.0,3.0,34.00859616329422,3
706,1,merge_courtesy,adaptive,True,0.005,12,0,30.0,6.725632453476525,0.0,5.626740664243698,12.713158264268463,18.900000000000002,-6.186841735731537,18.0,1.0,3,0,9,0,0.0,12.0,44.2434375847465,9
707,1,merge_courtesy,adaptive,True,0.005,12,0,30.0,1.998272764060816,3.9222586268458697,3.0802334547042847,15.076678790354585,17.599291829928735,-2.522613039574151,18.0,1.0,3,0,9,0,8.0,4.0,36.10943732492875,4
708,1,merge_courtesy,adaptive,True,0.005,12,0,30.0,7.0818214654190035,0.0,5.934948742389679,12.08523243352785,18.69929199802638,-6.61405956449853,18.0,1.0,3,0,9,0,1.0,11.0,49.7778347270837,9
709,1,merge_courtesy,adaptive,True,0.005,12,0,30.0,6.508186373809397,0.0,5.399730890989304,12.760993220839191,18.69929199802638,-5.938298777187189,18.0,1.0,3,0,9,0,1.0,11.0,40.94946675450916,9
710,1,merge_courtesy,adaptive,True,0.005,13,0,27.416671238329222,1.6425222946252833,1.3201857237211754,2.1497592478990555,16.519348472584284,18.455008984324976,-1.9356605117406882,18.0,1.0,7,0,6,0,4.0,9.0,22.12131223493448,4
711,1,merge_courtesy,adaptive,True,0.005,13,0,27.80128461713882,2.18883544506547,1.3421097357753697,2.45856112241745,16.341432562339865,18.755007941304726,-2.4135753789648664,18.0,1.0,7,0,6,0,4.0,9.0,22.5303749138538,5
712,1,merge_courtesy,adaptive,True,0.005,13,0,27.42333905172183,2.3835557837924384,1.3889491475002294,2.648429796099663,15.828039490633163,18.558476246029407,-2.730436755396248,18.0,1.0,7,0,6,0,4.0,9.0,27.78134841625366,5
713,1,merge_courtesy,adaptive,True,0.005,12,0,29.22876198863091,0.6022375817253205,1.3704782962070525,1.666259452700615,15.739309469708115,16.829097584471572,-1.0897881147634596,18.0,1.0,6,0,6,0,10.0,2.0,26.932813377258647,2
714,1,merge_courtesy,adaptive,True,0.005,13,0,27.750637683406776,2.560971029708296,0.6392934409436646,2.5954574942588806,16.223701172397565,19.02867248049455,-2.8049713080969854,18.0,1.0,7,0,6,0,2.0,11.0,20.738510960703845,6
715,1,merge_courtesy,adaptive,True,0.005,13,0,28.136114160728862,3.946300844349254,0.7963423087556263,3.8824511766433716,14.237084501002405,18.630071193507167,-4.3929866925047625,18.0,1.0,6,0,7,0,6.0,7.0,36.20940370168394,7
716,1,merge_courtesy,adaptive,True,0.005,12,0,30.0,6.955629016918425,0.0,5.8042150139808655,12.401588325961768,18.900000000000002,-6.4984116740382305,18.0,1.0,3,0,9,0,0.0,12.0,48.04411023940743,9
717,1,merge_courtesy,adaptive,True,0.005,12,0,30.0,1.225122464654652,4.574460662146986,2.4117111414670944,15.705105558495072,17.399291829928735,-1.694186271433666,18.0,1.0,4,0,8,0,9.0,3.0,29.045416698531184,3
718,1,merge_courtesy,adaptive,True,0.005,12,0,30.0,2.001404957501027,4.0825571388567905,3.1443670243024826,15.13171492558145,17.599291829928735,-2.4675769043472853,18.0,1.0,3,0,9,0,8.0,4.0,34.91134463695078,4
719,1,merge_courtesy,adaptive,True,0.005,12,0,29.22876198863091,2.6683692118337543,3.2847662261727284,3.3847187161445618,14.523824245335772,17.62814689461188,-3.1043226492761065,18.0,1.0,4,0,8,0,6.0,6.0,35.5168394070641,5
720,1,merge_courtesy,adaptive,True,0.005,14,0,25.822611223350602,3.9973895123991534,0.0,3.2835971117019653,16.03255872937054,19.660662285076338,-3.6281035557058012,18.0,1.0,8,0,6,0,0.0,14.0,33.99254823337119,6
721,1,merge_courtesy,adaptive,True,0.005,13,0,26.654988618397052,4.1061251109544035,0.0,3.376432955265045,14.953674348474047,18.760594081566467,-3.806919733092421,18.0,1.0,7,0,6,0,0.0,13.0,36.93685947661875,6
722,1,merge_courtesy,adaptive,True,0.005,12,0,29.22876198863091,1.9469527034194742,1.2050324480117793,2.181646853685379,15.263126077367282,17.42909758447157,-2.165971507104291,18.0,1.0,6,0,6,0,7.0,5.0,17.93894601383251,5
723,1,merge_courtesy,adaptive,True,0.005,12,0,29.22876198863091,1.3550127080452907,2.3901725661502145,2.580198585987091,15.147079038714637,17.02909758447157,-1.882018545756937,18.0,1.0,4,0,8,0,9.0,3.0,35.807534834993355,3
724,1,merge_courtesy,adaptive,True,0.005,12,0,30.0,7.188239055177905,0.0,6.090056240558624,12.16117491727396,18.900000000000002,-6.73882508272604,18.0,1.0,3,0,9,0,0.0,12.0,51.58770791761187,9
725,1,merge_courtesy,adaptive,True,0.005,12,0,29.638203017832648,6.242835385601227,0.0,5.2111386358737946,13.197757777037541,18.726337448559672,-5.528579671522129,18.0,1.0,3,0,9,0,0.0,12.0,36.92112959257245,9
726,1,merge_courtesy,adaptive,True,0.005,12,0,30.0,6.8385416382494935,0.0,5.683758854866028,12.315387917222537,18.69929199802638,-6.383904080803841,18.0,1.0,3,0,9,0,1.0,11.0,46.30221818505674,9
727,1,merge_courtesy,adaptive,True,0.005,13,0,27.416671238329222,3.4165082571938847,0.0,2.783277988433838,16.255428561827426,19.156669043931192,-2.9012404821037716,18.0,1.0,7,0,6,0,0.0,13.0,23.02480149012038,6
728,1,merge_courtesy,adaptive,True,0.005,12,0,30.0,6.594700094487365,0.0,5.482342094182968,12.680481889064184,18.69929199802638,-6.018810108962195,18.0,1.0,3,0,9,0,1.0,11.0,42.15322379274338,9
729,1,merge_courtesy,adaptive,True,0.005,14,0,25.822611223350602,4.023297682528203,0.0,3.304438292980194,16.000334283228757,19.660662285076338,-3.660328001847583,18.0,1.0,8,0,6,0,0.0,14.0,34.54186172516955,6
730,1,merge_courtesy,adaptive,True,0.005,13,0,27.415808139816725,2.6531158753568316,0.6393632982255765,2.6768285036087036,15.14192203710639,18.055511783229065,-2.913589746122675,18.0,1.0,7,0,6,0,7.0,6.0,22.240578768465905,6
731,1,merge_courtesy,adaptive,True,0.005,12,0,29.638203017832648,6.9003838915767854,0.0,5.7452473640441895,12.319963492170928,18.726337448559672,-6.4063739563887445,18.0,1.0,3,0,9,0,0.0,12.0,46.94217281699283,9
732,1,merge_courtesy,adaptive,True,0.005,13,0,27.42333905172183,3.6636335073957715,0.0,2.996778279542923,15.865263513700231,19.160136306895346,-3.2948727931951223,18.0,1.0,7,0,6,0,0.0,13.0,28.160349150950168,6
733,1,merge_courtesy,adaptive,True,0.005,12,0,30.0,1.306709919130816,4.868893843483128,2.7088204622268677,15.602837857894409,17.399291829928735,-1.7964539720343289,18.0,1.0,3,0,9,0,9.0,3.0,32.7334275787328,3
734,1,merge_courtesy,adaptive,True,0.005,12,0,30.0,6.234867474992512,0.0,5.148441433906555,13.312780089397808,18.900000000000002,-5.587219910602193,18.0,1.0,3,0,9,0,0.0,12.0,37.00532698136801,9
735,1,merge_courtesy,adaptive,True,0.005,12,0,28.86696500646356,7.254321071955477,0.0,6.1047080755233765,11.560898629239901,18.35614320310251,-6.795244573862609,18.0,1.0,3,0,9,0,0.0,12.0,52.564179953172605,9
736,1,merge_courtesy,adaptive,True,0.005,14,0,25.465470228741687,3.1856005163507155,0.7092882409834755,3.1935760974884033,14.65213771637393,18.259954878618135,-3.607817162244207,18.0,1.0,8,0,6,0,8.0,6.0,33.19045889434872,6
737,1,merge_courtesy,adaptive,True,0.005,12,0,30.0,6.211147705363862,0.0,5.166608273983002,13.313118735108118,18.900000000000002,-5.586881264891883,18.0,1.0,3,0,9,0,0.0,12.0,36.94595075786438,9
738,1,merge_courtesy,adaptive,True,0.005,12,0,30.0,0.6080957071021134,5.424534062893542,2.244053989648819,16.101220439233007,17.199291829928736,-1.0980713906957296,18.0,1.0,3,0,9,0,10.0,2.0,27.355023190986913,2
739,1,merge_courtesy,adaptive,True,0.005,12,0,29.58428485760855,2.225534304400567,1.324548113594402,2.6157969161868095,15.081750495519948,17.59974856158084,-2.5179980660608883,18.0,1.0,5,0,7,0,7.0,5.0,23.87187523214645,5
740,1,merge_courtesy,adaptive,True,0.005,12,0,29.638203017832648,7.080375974181977,0.0,5.917543709278107,12.080821946595595,18.726337448559672,-6.645515501964075,18.0,1.0,3,0,9,0,0.0,12.0,50.137035220735015,9
741,1,merge_courtesy,adaptive,True,0.005,13,0,26.654988618397052,1.2332266836366432,2.9493051681491123,2.066701665520668,16.17977521439092,17.85893402105734,-1.6791588066664214,18.0,1.0,7,0,6,0,5.0,8.0,28.694680062441602,3
742,1,merge_courtesy,adaptive,True,0.005,12,0,29.22876198863091,2.8951088640557567,2.476503650377364,3.559014081954956,14.010357281353414,17.42909758447157,-3.4187403031181587,18.0,1.0,4,0,8,0,7.0,5.0,42.693322159398626,5
743,1,merge_courtesy,adaptive,True,0.005,12,0,30.0,6.3738772986700685,0.0,5.281070798635483,13.009485235892452,18.69929199802638,-5.689806762133927,18.0,1.0,3,0,9,0,1.0,11.0,38.75757400843682,9
744,1,merge_courtesy,adaptive,True,0.005,12,0,29.638203017832648,2.0260999044245196,2.353946087568448,2.855187363922596,14.896304402147884,17.425629278488408,-2.529324876340522,18.0,1.0,4,0,8,0,8.0,4.0,36.46203120746776,4
745,1,merge_courtesy,adaptive,True,0.005,13,0,27.80793920474951,2.4308550944755574,1.4216778418136942,2.721935421228409,16.178015049952663,18.958711987577495,-2.780696937624834,18.0,1.0,7,0,6,0,2.0,11.0,28.852034547134586,5
746,1,merge_courtesy,adaptive,True,0.005,12,0,30.0,6.488018310073979,0.0,5.371611058712006,13.0202999000467,18.900000000000002,-5.8797000999533005,18.0,1.0,3,0,9,0,0.0,12.0,40.49177024818581,9
747,1,merge_courtesy,adaptive,True,0.005,12,0,29.583458636941597,2.932780403544763,4.292899965957181,3.7876159250736237,14.517084894694047,17.79935197566012,-3.282267080966072,18.0,1.0,2,0,10,0,6.0,6.0,27.71306660147606,6
748,1,merge_courtesy,adaptive,True,0.005,12,0,30.0,1.876893338244023,3.1667973961576132,2.962865650653839,15.304017489168444,17.599291829928735,-2.295274340760291,18.0,1.0,3,0,9,0,8.0,4.0,30.331299935326324,4
749,1,merge_courtesy,adaptive,True,0.005,13,0,26.981537810632876,2.0504631254014973,1.2257768559605475,2.2837973088026047,15.304338979931984,17.629691491457255,-2.325352511525271,18.0,1.0,7,0,6,0,8.0,5.0,20.30219191009234,5
750,1,merge_courtesy,adaptive,True,0.005,12,0,29.638203017832648,1.896338707853148,3.839764047984114,2.8276262432336807,15.054920719397442,17.425629278488408,-2.370708559090964,18.0,1.0,4,0,8,0,8.0,4.0,32.005846892356914,4
751,1,merge_courtesy,adaptive,True,0.005,13,0,27.42333905172183,0.5541792018128799,1.2653777589815558,1.5317719131708145,16.96306292082251,17.95847624639147,-0.9954133255689623,18.0,1.0,7,0,6,0,7.0,6.0,22.495481708740137,2
752,1,merge_courtesy,adaptive,True,0.005,12,0,29.22876198863091,1.9941001384152715,4.035126476231746,2.981220230460167,14.749653991625879,17.22909758447157,-2.479443592845693,18.0,1.0,4,0,8,0,8.0,4.0,35.098812234074,4
753,1,merge_courtesy,adaptive,True,0.005,12,0,29.22876198863091,1.1608514621137225,2.964685322008998,2.4390044808387756,15.425961558518598,17.02909758447157,-1.6031360259529768,18.0,1.0,3,0,9,0,9.0,3.0,26.01324986556324,3
754,1,merge_courtesy,adaptive,True,0.005,13,0,27.743983095796086,2.076293415749746,1.2689487343860983,2.3200978189706802,15.712421946698061,18.026163039742126,-2.3137410930440625,18.0,1.0,7,0,6,0,8.0,5.0,20.448091903866914,5
755,1,merge_courtesy,adaptive,True,0.005,12,0,30.0,1.8754925041951185,2.2392673077258713,2.795858435332775,15.285996914848235,17.599291829928735,-2.313294915080501,18.0,1.0,3,0,9,0,8.0,4.0,30.664346621415778,4
756,1,merge_courtesy,adaptive,True,0.005,12,0,29.166808471161616,3.186439836100635,3.3967213255352737,4.011634394526482,14.062326122208763,17.599359617108888,-3.5370334949001236,18.0,1.0,2,0,10,0,6.0,6.0,32.44450122385468,6
757,1,merge_courtesy,adaptive,True,0.005,12,0,30.0,1.184802513422833,4.589670206646426,2.5388159304857254,15.802457544376622,17.399291829928735,-1.5968342855521147,18.0,1.0,3,0,9,0,9.0,3.0,26.056109599994603,3
758,1,merge_courtesy,adaptive,True,0.005,12,0,30.0,6.182193636843018,0.0,5.128085136413574,13.384355244168797,18.900000000000002,-5.515644755831204,18.0,1.0,3,0,9,0,0.0,12.0,36.40666520500411,9
759,1,merge_courtesy,adaptive,True,0.005,12,0,29.2224878754412,1.5879284713026296,0.6320492779979703,2.240541458129883,15.374232583261117,17.226086010140513,-1.8518534268793918,18.0,1.0,5,0,7,0,8.0,4.0,20.42450361100121,4
760,1,merge_courtesy,adaptive,True,0.005,12,0,28.813046846239462,2.334208084463832,1.3875651261452027,2.616570368409157,14.580343650820566,17.229554316123675,-2.6492106653031096,18.0,1.0,6,0,6,0,7.0,5.0,26.36060651663047,5
761,1,merge_courtesy,adaptive,True,0.005,13,0,27.42333905172183,3.5302521249604935,0.0,2.8808320462703705,16.069285403934398,19.160136306895346,-3.0908509029609537,18.0,1.0,7,0,6,0,0.0,13.0,25.35858066116108,6
762,1,merge_courtesy,adaptive,True,0.005,12,0,30.0,6.255238611626119,0.0,5.190950334072113,13.147687240898085,18.69929199802638,-5.5516047571282945,18.0,1.0,3,0,9,0,1.0,11.0,37.11413776920103,9
763,1,merge_courtesy,adaptive,True,0.005,12,0,29.583458636941597,7.166206126393916,0.0,5.99998340010643,11.940073868676878,18.4993538195571,-6.559279950880228,18.0,1.0,2,0,10,0,1.0,11.0,41.80792366866687,10
764,1,merge_courtesy,adaptive,True,0.005,12,0,30.0,1.2614181083967952,4.582852419392114,2.6161319464445114,15.637782899037102,17.399291829928735,-1.7615089308916363,18.0,1.0,3,0,9,0,9.0,3.0,31.3105678473641,3
765,1,merge_courtesy,adaptive,True,0.005,12,0,30.0,2.3763372379243624,3.057078668944961,3.18854758143425,15.079827383573399,17.799291829928734,-2.7194644463553366,18.0,1.0,3,0,9,0,7.0,5.0,27.580661567443666,5
766,1,merge_courtesy,adaptive,True,0.005,13,0,27.03872567291224,3.8988370823197966,0.0,3.1928606629371643,15.406172170009615,18.96013734991436,-3.553965179904751,18.0,1.0,7,0,6,0,0.0,13.0,32.520726126509736,6
767,1,merge_courtesy,adaptive,True,0.005,13,0,26.655102277460422,3.292062328803747,0.7431624051095947,3.3153485655784607,14.556177742594155,18.258601751620883,-3.7024240090267257,18.0,1.0,7,0,6,0,4.0,9.0,35.14657604855476,6
768,1,merge_courtesy,adaptive,True,0.005,13,0,27.42420215023432,1.8880956099175037,2.2265440214698557,2.454800635576248,15.359307541056324,17.65987694805058,-2.3005694069942555,18.0,1.0,7,0,6,0,9.0,4.0,30.539484900933253,4
769,1,merge_courtesy,adaptive,True,0.005,12,0,30.0,6.641870580163607,0.0,5.515168786048889,12.621743118092983,18.69929199802638,-6.0775488799333965,18.0,1.0,3,0,9,0,1.0,11.0,42.8895202317619,9
770,1,merge_courtesy,adaptive,True,0.005,13,0,26.655102277460422,3.1546409719170323,0.0,2.564906507730484,16.042848864231757,18.760653184279416,-2.7178043200476587,18.0,1.0,7,0,6,0,0.0,13.0,19.791113179405798,6
771,1,merge_courtesy,adaptive,True,0.005,13,0,27.42420215023432,3.1023359541119953,0.6993810664712444,3.1094554662704468,14.575063723871178,18.059876948050572,-3.484813224179395,18.0,1.0,7,0,6,0,7.0,6.0,31.154968497627788,6
772,1,merge_courtesy,adaptive,True,0.005,13,0,28.077949540873643,2.610734968805715,0.6460789388713578,2.640447646379471,15.595768293430389,18.399825311778656,-2.8040570183482703,18.0,1.0,7,0,6,0,7.0,6.0,21.16058946651825,6
773,1,merge_courtesy,adaptive,True,0.005,12,0,28.813046846239462,3.2305894155763903,0.0,2.61424258351326,15.562744626478132,18.33026248619494,-2.7675178597168113,18.0,1.0,6,0,6,0,0.0,12.0,20.719749843496942,6
774,1,merge_courtesy,adaptive,True,0.005,13,0,27.750637683406776,3.119843686675882,0.7166165109103599,3.3019473552703857,15.564574533062364,19.02867248049455,-3.464097947432183,18.0,1.0,6,0,7,0,2.0,11.0,31.104825660952546,6
775,1,merge_courtesy,adaptive,True,0.005,12,0,30.0,1.8253192616527456,3.113950659410408,2.8974689245224,15.363713493378338,17.599291829928735,-2.2355783365503985,18.0,1.0,3,0,9,0,8.0,4.0,28.74409021407193,4
776,1,merge_courtesy,adaptive,True,0.005,12,0,30.0,1.2985976429056314,4.701153472828474,2.6655265539884567,15.582398642248938,17.399291829928735,-1.8168931876797991,18.0,1.0,3,0,9,0,9.0,3.0,33.29572889384652,3
777,1,merge_courtesy,adaptive,True,0.005,13,0,27.42420215023432,3.7962173222412234,0.0,3.107529729604721,15.643653387309977,19.160585118121844,-3.516931730811872,18.0,1.0,7,0,6,0,0.0,13.0,31.49013661608033,6
778,1,merge_courtesy,adaptive,True,0.005,12,0,30.0,6.157598678620931,0.0,5.096231013536453,13.227204537263125,18.69929199802638,-5.472087460763252,18.0,1.0,3,0,9,0,1.0,11.0,35.85999750110065,9
779,1,merge_courtesy,adaptive,True,0.005,12,0,29.22876198863091,1.269489364138265,3.800292100101931,2.4410575479269028,15.277660896411996,17.02909758447157,-1.7514366880595782,18.0,1.0,4,0,8,0,9.0,3.0,31.07048384140147,3
780,1,merge_courtesy,adaptive,True,0.005,13,0,27.42420215023432,3.822603191013355,0.0,3.136574685573578,15.728927511437002,19.160585118121844,-3.431657606684846,18.0,1.0,7,0,6,0,0.0,13.0,30.66152492852513,6
781,1,merge_courtesy,adaptive,True,0.005,12,0,30.0,0.6148684821881734,3.064636140862829,2.195609286427498,16.062490436670224,17.199291829928736,-1.1368013932585117,18.0,1.0,3,0,9,0,10.0,2.0,29.210829911120825,2
782,1,merge_courtesy,adaptive,True,0.005,14,0,25.822611223350602,3.7154813025424924,0.0,3.0403062105178833,16.339238417055142,19.660662285076338,-3.3214238680211983,18.0,1.0,8,0,6,0,0.0,14.0,28.75253141099388,6
783,1,merge_courtesy,adaptive,True,0.005,12,0,29.22876198863091,1.205552872435838,1.3504793612856345,1.9601354897022247,15.352412109551501,17.02909758447157,-1.676685474920073,18.0,1.0,6,0,6,0,9.0,3.0,28.396670855522828,3
784,1,merge_courtesy,adaptive,True,0.005,13,0,26.981537810632876,2.0309015709973885,1.2366437473070961,2.280214473605156,15.362921358731647,17.629691491457255,-2.266770132725607,18.0,1.0,7,0,6,0,8.0,5.0,19.5887455559735,5
785,1,merge_courtesy,adaptive,True,0.005,12,0,30.0,6.765605094057605,0.0,5.609461635351181,12.422269204618974,18.69929199802638,-6.277022793407405,18.0,1.0,3,0,9,0,1.0,11.0,45.13534845625449,9
786,1,merge_courtesy,adaptive,True,0.005,13,0,28.135251062216373,0.6045456675440155,1.3503146622661493,1.646243304014206,17.218796023770526,18.32867049310836,-1.109874469337827,18.0,1.0,7,0,6,0,7.0,6.0,27.86975247727844,2
787,1,merge_courtesy,adaptive,True,0.005,12,0,30.0,2.193344239203508,2.2816137498831597,2.963028594851494,15.324553751716886,17.799291829928734,-2.4747380782118498,18.0,1.0,3,0,9,0,7.0,5.0,23.11558347469686,5
788,1,merge_courtesy,adaptive,True,0.005,12,0,30.0,6.281037446038459,0.0,5.2057671546936035,13.101151003380245,18.69929199802638,-5.598140994646135,18.0,1.0,3,0,9,0,1.0,11.0,37.51752111464496,9
789,1,merge_courtesy,adaptive,True,0.005,13,0,28.135251062216373,3.0408946050661285,0.0,2.4665865004062653,16.933320594892272,19.53033055235251,-2.5970099574602434,18.0,1.0,7,0,6,0,0.0,13.0,18.230806306236573,6
790,1,merge_courtesy,adaptive,True,0.005,12,0,30.0,5.720983671741292,0.0,4.763936549425125,13.961441708527135,18.900000000000002,-4.938558291472867,18.0,1.0,3,0,9,0,0.0,12.0,30.625720230414075,9
791,1,merge_courtesy,adaptive,True,0.005,13,0,27.42322539265846,3.4462553916817167,0.7664793592937797,3.465185970067978,14.145570182960196,18.05936875513371,-3.9137985721735165,18.0,1.0,7,0,6,0,7.0,6.0,38.99785435306962,6
792,1,merge_courtesy,adaptive,True,0.005,13,0,28.12772015031127,2.206728954315112,1.3019220447358482,2.457243487238884,15.694604040872207,18.22570630809002,-2.531102267217813,18.0,1.0,7,0,6,0,8.0,5.0,23.836239433700786,5
793,1,merge_courtesy,adaptive,True,0.005,12,0,30.0,1.934395076763204,3.1300952444305623,2.999277651309967,15.179598404090187,17.599291829928735,-2.4196934258385485,18.0,1.0,3,0,9,0,8.0,4.0,33.33604320871408,4
794,1,merge_courtesy,adaptive,True,0.005,12,0,30.0,2.7102628466680825,2.34837924276678,3.40215583704412,14.613047545721725,17.799291829928734,-3.1862442842070102,18.0,1.0,3,0,9,0,7.0,5.0,37.169319681772755,5
795,1,merge_courtesy,adaptive,True,0.005,12,0,30.0,1.2008852691324423,4.581482029391134,2.5875791013240814,15.766073200600434,17.399291829928735,-1.6332186293283035,18.0,1.0,3,0,9,0,9.0,3.0,27.154228134051664,3
796,1,merge_courtesy,adaptive,True,0.005,13,0,27.42333905172183,2.78805912483027,0.6646151046574026,2.8099640011787415,15.871014340670014,18.958741038252306,-3.087726697582296,18.0,1.0,7,0,6,0,1.0,12.0,24.777065765017266,6
797,1,merge_courtesy,adaptive,True,0.005,13,0,27.039601997206645,3.928823147056534,0.0,3.2312414050102234,15.306303198476195,18.960593038547454,-3.6542898400712645,18.0,1.0,7,0,6,0,0.0,13.0,33.977567324665536,6
798,1,merge_courtesy,adaptive,True,0.005,12,0,28.813046846239462,3.12054279752431,2.395076610986881,3.5333751142024994,13.893425511184212,17.429554316123664,-3.536128804939455,18.0,1.0,4,0,8,0,6.0,6.0,31.86910661347132,6
799,1,merge_courtesy,adaptive,True,0.005,12,0,29.22876198863091,1.234956592493106,2.0993666435819915,2.019726514816284,15.302441171343869,17.02909758447157,-1.7266564131277053,18.0,1.0,6,0,6,0,9.0,3.0,30.071954241730225,3
800,1,merge_courtesy,adaptive,True,0.005,13,0,28.461686595388827,2.7599192508736428,0.6741214223120149,2.785672128200531,15.60309773891002,18.59936858012656,-2.9962708412165373,18.0,1.0,7,0,6,0,7.0,6.0,23.839766172461122,6
801,1,merge_courtesy,adaptive,True,0.005,13,0,27.03872567291224,2.34954944812303,0.6595972884717056,2.601815804839134,15.716663187498513,18.458477289246424,-2.741814101747915,18.0,1.0,7,0,6,0,3.0,10.0,27.634902583497897,5
802,1,merge_courtesy,adaptive,True,0.005,13,0,27.80128461713882,2.140453834426014,0.6129544089756777,2.3740504384040833,16.49912968995596,18.955251322925868,-2.456121632969909,18.0,1.0,7,0,6,0,2.0,11.0,22.433780808128237,5
803,1,merge_courtesy,adaptive,True,0.005,12,0,29.22876198863091,2.0068197772937135,3.085199096015674,2.934729501605034,14.716333957812175,17.22909758447157,-2.5127636266593982,18.0,1.0,4,0,8,0,8.0,4.0,35.939348843192775,4
804,1,merge_courtesy,adaptive,True,0.005,12,0,29.22876198863091,2.7921077084119865,0.6723740975567406,2.8123839795589447,14.561289273342508,17.62909758447157,-3.067808311129064,18.0,1.0,6,0,6,0,6.0,6.0,24.657013224763705,6
805,1,merge_courtesy,adaptive,True,0.005,13,0,28.461686595388827,3.37849770603311,0.7643701800824089,3.4090322852134705,14.801070856382541,18.59936858012656,-3.7982977237440156,18.0,1.0,7,0,6,0,7.0,6.0,37.007970792328464,6
806,1,merge_courtesy,adaptive,True,0.005,14,0,25.465470228741687,4.505516156510734,0.0,3.7394706308841705,15.28770159120725,19.460663328095343,-4.172961736888099,18.0,1.0,7,0,7,0,0.0,14.0,32.770944893082515,7
807,1,merge_courtesy,adaptive,True,0.005,13,0,27.80783877146805,1.1521947060014779,1.3448542474994445,2.064868927001953,16.105371778602223,17.65936799109212,-1.5539962124899007,18.0,1.0,6,0,7,0,10.0,3.0,24.663759199444375,3
808,1,merge_courtesy,adaptive,True,0.005,12,0,30.0,1.3197374131766377,3.0495583142962888,2.5901311561465263,15.562704679404302,17.399291829928735,-1.8365871505244358,18.0,1.0,3,0,9,0,9.0,3.0,34.0757246565019,3
809,1,merge_courtesy,adaptive,True,0.005,12,0,30.0,6.717086844018724,0.0,5.579846173524857,12.477199331940609,18.69929199802638,-6.2220926660857705,18.0,1.0,3,0,9,0,1.0,11.0,44.38055049110612,9
810,1,merge_courtesy,adaptive,True,0.005,13,0,26.655102277460422,3.71731546377414,0.0,3.0318827629089355,15.418688166615398,18.760653184279416,-3.3419650176640214,18.0,1.0,7,0,6,0,0.0,13.0,28.980602673083524,6
811,1,merge_courtesy,adaptive,True,0.005,12,0,30.0,6.883366300663049,0.0,5.714403301477432,12.29504140562378,18.69929199802638,-6.404250592402599,18.0,1.0,3,0,9,0,1.0,11.0,46.789266144835636,9
812,1,merge_courtesy,adaptive,True,0.005,12,0,28.86696500646356,1.2988346903354393,4.82211207794071,2.5637096017599106,15.066981968342432,16.855435033031245,-1.7884530646888126,18.0,1.0,4,0,8,0,9.0,3.0,32.42309261379921,3
813,1,merge_courtesy,adaptive,True,0.005,12,0,30.0,1.8778659474000428,3.9215058131514224,2.9915615916252136,15.303661695415354,17.599291829928735,-2.2956301345133827,18.0,1.0,3,0,9,0,8.0,4.0,30.347270234994724,4
814,1,merge_courtesy,adaptive,True,0.005,13,0,28.135251062216373,2.3656865881627454,1.353051742800091,2.6240848153829575,16.173125537316153,18.928670492746292,-2.7555449554301426,18.0,1.0,7,0,6,0,4.0,9.0,27.946253181584353,5
815,1,merge_courtesy,adaptive,True,0.005,13,0,28.135251062216373,2.240189611758993,1.3621866854675924,2.523023083806038,16.436094328127695,18.928670492746292,-2.492576164618599,18.0,1.0,7,0,6,0,4.0,9.0,23.79387182246508,5
816,1,merge_courtesy,adaptive,True,0.005,12,0,30.0,0.5757431733302667,3.0027877943513426,2.1261165142059326,16.153193188603026,17.199291829928736,-1.046098641325711,18.0,1.0,3,0,9,0,10.0,2.0,24.7963831903498,2
817,1,merge_courtesy,adaptive,True,0.005,13,0,28.135251062216373,1.1953982579124411,0.6606282704261436,1.9444714933633804,16.870379247924355,18.528670493108375,-1.6582912451840168,18.0,1.0,7,0,6,0,6.0,7.0,27.797633022633295,3
818,1,merge_courtesy,adaptive,True,0.005,12,0,29.22876198863091,2.8875093068477478,2.4834878132914184,3.56933531165123,14.028377545501934,17.42909758447157,-3.400720038969637,18.0,1.0,4,0,8,0,7.0,5.0,42.307226567567874,5
819,1,merge_courtesy,adaptive,True,0.005,12,0,30.0,0.5734057293398674,3.0338796868073348,2.12091027200222,16.1664548350558,17.199291829928736,-1.0328369948729388,18.0,1.0,3,0,9,0,10.0,2.0,24.208420632876077,2
820,1,merge_courtesy,adaptive,True,0.005,12,0,29.22166165477424,8.048606164446838,0.0,6.814652502536774,10.968281856865957,18.526397594291634,-7.558115737425677,18.0,1.0,2,0,10,0,0.0,12.0,53.76882717992703,10
821,1,merge_courtesy,adaptive,True,0.005,12,0,30.0,6.517430818937446,0.0,5.3956533670425415,12.720569902517072,18.69929199802638,-5.978722095509308,18.0,1.0,3,0,9,0,1.0,11.0,41.24475143483195,9
822,1,merge_courtesy,adaptive,True,0.005,12,0,30.0,6.274478818014611,0.0,5.1963033974170685,13.29875847217039,18.900000000000002,-5.60124152782961,18.0,1.0,3,0,9,0,0.0,12.0,37.45889745706608,9
823,1,merge_courtesy,adaptive,True,0.005,12,0,30.0,6.754822597795517,0.0,5.625919461250305,12.613759732652873,18.900000000000002,-6.286240267347128,18.0,1.0,3,0,9,0,0.0,12.0,45.114948149956895,9
824,1,merge_courtesy,adaptive,True,0.005,13,0,27.42333905172183,3.3874656026516217,0.0,2.763737291097641,16.249039273931356,19.160136306895346,-2.9110970329639945,18.0,1.0,7,0,6,0,0.0,13.0,22.85902019176922,6
825,1,merge_courtesy,adaptive,True,0.005,14,0,25.822611223350602,3.6516356153277294,0.0,2.991667866706848,16.410342828655626,19.660662285076338,-3.2503194564207147,18.0,1.0,8,0,6,0,0.0,14.0,27.630147166295217,6
826,1,merge_courtesy,adaptive,True,0.005,12,0,30.0,5.903457995476403,0.0,4.887536525726318,13.757772029308565,18.900000000000002,-5.142227970691434,18.0,1.0,3,0,9,0,0.0,12.0,32.63448376426581,9
827,1,merge_courtesy,adaptive,True,0.005,13,0,26.655102277460422,0.5474527833599868,2.972546792366629,2.126584842801094,15.88961527252732,16.859945014208158,-0.9703297416808343,18.0,1.0,4,0,9,0,11.0,2.0,21.43373826052376,2
828,1,merge_courtesy,adaptive,True,0.005,14,0,25.822611223350602,3.6269586460902565,0.0,2.9646043181419373,16.473878705515297,19.660662285076338,-3.186783579561042,18.0,1.0,8,0,6,0,0.0,14.0,26.869460007879486,6
829,1,merge_courtesy,adaptive,True,0.005,12,0,29.638203017832648,3.4886040561477616,2.687556958260841,3.3813048899173737,15.200556323252501,18.024921108327423,-2.824364785074923,18.0,1.0,3,0,9,0,4.0,8.0,31.69669135035074,5
830,1,merge_courtesy,adaptive,True,0.005,12,0,30.0,6.166779889002168,0.0,5.112143009901047,13.244367365324457,18.69929199802638,-5.454924632701921,18.0,1.0,3,0,9,0,1.0,11.0,36.065402260587994,9
831,1,merge_courtesy,adaptive,True,0.005,12,0,30.0,6.0316254289302735,0.0,4.991951644420624,13.517514098089547,18.900000000000002,-5.382485901910451,18.0,1.0,3,0,9,0,0.0,12.0,34.527211768141484,9
832,1,merge_courtesy,adaptive,True,0.005,13,0,26.655102277460422,3.1619150229880013,0.7244961099205217,3.185406059026718,14.740127044820724,18.258601751620883,-3.5184747068001556,18.0,1.0,7,0,6,0,4.0,9.0,32.026854031934676,6
833,1,merge_courtesy,adaptive,True,0.005,12,0,30.0,6.317013007861916,0.0,5.23406395316124,13.222696919180049,18.900000000000002,-5.677303080819951,18.0,1.0,3,0,9,0,0.0,12.0,38.14417064602419,9
834,1,merge_courtesy,adaptive,True,0.005,13,0,27.415808139816725,2.645205228966164,0.641044801733778,2.6688206493854523,15.157850638812816,18.055511783229065,-2.897661144416249,18.0,1.0,7,0,6,0,7.0,6.0,22.071969111881447,6
835,1,merge_courtesy,adaptive,True,0.005,13,0,26.655102277460422,1.1966946115071853,1.346564620857302,1.9604750275611877,15.999627346320684,17.6586017517284,-1.65897440540772,18.0,1.0,7,0,6,0,7.0,6.0,27.826379143993687,3
836,1,merge_courtesy,adaptive,True,0.005,14,0,25.822611223350602,3.8583327859822325,0.0,3.1717400550842285,16.075260451377016,19.660662285076338,-3.5854018336993256,18.0,1.0,8,0,6,0,0.0,14.0,32.72417671551326,6
837,1,merge_courtesy,adaptive,True,0.005,12,0,30.0,3.3156091963352603,1.6661262173226998,3.6999532133340836,14.711511990612806,18.199291829928733,-3.4877798393159285,18.0,1.0,3,0,9,0,5.0,7.0,24.528311955605524,7
838,1,merge_courtesy,adaptive,True,0.005,12,0,30.0,1.2601686387332518,4.6508372445113615,2.641323909163475,15.653461713099544,17.399291829928735,-1.745830116829194,18.0,1.0,3,0,9,0,9.0,3.0,30.82861876263104,3
839,1,merge_courtesy,adaptive,True,0.005,12,0,30.0,2.0547746762677668,3.8277658761022493,3.10710471868515,15.467144290599956,17.799291829928734,-2.3321475393287807,18.0,1.0,2,0,10,0,7.0,5.0,20.406542230114603,5
840,1,merge_courtesy,adaptive,True,0.005,13,0,27.42333905172183,3.6152171245273377,0.0,2.9524954855442047,15.90875033597871,19.160136306895346,-3.251385970916641,18.0,1.0,7,0,6,0,0.0,13.0,27.420008778580215,6
841,1,merge_courtesy,adaptive,True,0.005,12,0,29.590558970798266,1.2967070541184977,3.91420135283589,2.5245300233364105,15.42296585381657,17.202760135911902,-1.7797942820953323,18.0,1.0,4,0,8,0,9.0,3.0,32.147019014302245,3
842,1,merge_courtesy,adaptive,True,0.005,12,0,29.638203017832648,2.0095250036322776,1.5110253456827163,2.81846883893013,14.923424047126646,17.425629278488408,-2.5022052313617587,18.0,1.0,4,0,8,0,8.0,4.0,35.723876019606884,4
843,1,merge_courtesy,adaptive,True,0.005,13,0,26.982300475863916,2.762711926533708,0.6643032360238846,2.7872895002365112,14.790758705870081,17.830087797973597,-3.0393290921035185,18.0,1.0,7,0,6,0,7.0,6.0,24.16708347339532,6
844,1,merge_courtesy,adaptive,True,0.005,13,0,27.03872567291224,3.9490315053679703,0.0,3.2340968549251556,15.273320743165105,18.96013734991436,-3.686816606749259,18.0,1.0,7,0,6,0,0.0,13.0,34.521601116935116,6
845,1,merge_courtesy,adaptive,True,0.005,12,0,30.0,6.690646517340115,0.0,5.539234399795532,12.591513414899355,18.69929199802638,-6.1077785831270255,18.0,1.0,3,0,9,0,1.0,11.0,43.50565710157386,9
846,1,merge_courtesy,adaptive,True,0.005,12,0,30.0,2.4490100441578826,3.1626596286524986,3.2799672037363052,15.006232424005821,17.799291829928734,-2.793059405922915,18.0,1.0,3,0,9,0,7.0,5.0,29.18669668840181,5
847,1,merge_courtesy,adaptive,True,0.005,13,0,27.80128461713882,2.470116809621646,1.4412123489055682,2.88100503385067,15.922785784271134,18.755007941304726,-2.832222157033595,18.0,1.0,6,0,7,0,4.0,9.0,29.87660853022072,5
848,1,merge_courtesy,adaptive,True,0.005,12,0,30.0,3.409094826430324,2.436124749299318,3.96026711165905,14.08940174475901,17.999291829928733,-3.909890085169723,18.0,1.0,3,0,9,0,6.0,6.0,38.680926726955086,6
849,1,merge_courtesy,adaptive,True,0.005,12,0,30.0,2.2460600417686805,2.9617372852447374,3.0546348243951797,15.231826675555515,17.799291829928734,-2.5674651543732203,18.0,1.0,3,0,9,0,7.0,5.0,24.596788166636077,5
850,1,merge_courtesy,adaptive,True,0.005,12,0,29.22876198863091,1.1455489156310956,1.3298958130023975,1.8990171700716019,15.478454196730489,17.02909758447157,-1.5506433877410852,18.0,1.0,6,0,6,0,9.0,3.0,24.518026202900767,3
851,1,merge_courtesy,adaptive,True,0.005,12,0,30.0,5.888924428474034,0.0,4.8962268233299255,13.807091780578414,18.900000000000002,-5.092908219421587,18.0,1.0,3,0,9,0,0.0,12.0,32.40150817752234,9
852,1,merge_courtesy,adaptive,True,0.005,9,1,29.51760402377686,3.8443064972431924,0.0,3.1601881980895996,10.552505742962605,14.02633744855967,-3.4738317055970653,18.0,1.0,3,0,6,0,0.0,9.0,31.2621497355094,6
853,1,merge_courtesy,adaptive,True,0.005,12,0,30.0,7.114103006916294,0.0,5.915508508682251,12.227642568441109,18.900000000000002,-6.67235743155889,18.0,1.0,3,0,9,0,0.0,12.0,50.607031298317175,9
854,1,merge_courtesy,adaptive,True,0.005,12,0,29.638203017832648,6.212436652397974,0.0,5.155133247375488,13.120101507655702,18.726337448559672,-5.606235940903969,18.0,1.0,3,0,9,0,0.0,12.0,36.86151048485528,9
855,1,merge_courtesy,adaptive,True,0.005,12,0,30.0,2.2574890046332046,3.0339299734669876,3.0707049518823624,15.257005776510928,17.799291829928734,-2.542286053417808,18.0,1.0,3,0,9,0,7.0,5.0,24.446869538626515,5
856,1,merge_courtesy,adaptive,True,0.005,12,0,30.0,1.8805939980367565,3.884818718334641,2.817740738391876,15.286377110001416,17.599291829928735,-2.312914719927321,18.0,1.0,4,0,8,0,8.0,4.0,30.701374888350138,4
857,1,merge_courtesy,adaptive,True,0.005,12,0,30.0,6.818394886717938,0.0,5.668459475040436,12.43962994598861,18.69929199802638,-6.259662052037769,18.0,1.0,3,0,9,0,1.0,11.0,45.32366762033038,9
858,1,merge_courtesy,adaptive,True,0.005,12,0,29.22876198863091,1.265239053765999,3.8230018184347903,2.452916666865349,15.292100259096792,17.02909758447157,-1.7369973253747824,18.0,1.0,4,0,8,0,9.0,3.0,30.612933178113053,3
859,1,merge_courtesy,adaptive,True,0.005,13,0,27.039601997206645,3.403648707253305,0.0,2.7754316926002502,15.92013503449237,18.960593038547454,-3.0404580040550884,18.0,1.0,7,0,6,0,0.0,13.0,24.04138585648792,6
860,1,merge_courtesy,adaptive,True,0.005,13,0,27.80128461713882,3.6463984790811548,0.0,2.9789849519729614,16.127967628935355,19.35666800091218,-3.2287003719768306,18.0,1.0,7,0,6,0,0.0,13.0,27.387062218435783,6
861,1,merge_courtesy,adaptive,True,0.005,13,0,27.80128461713882,1.9041331479230639,2.2201421153036303,2.4470823407173157,16.218715680401623,18.55500794166158,-2.336292261259957,18.0,1.0,7,0,6,0,5.0,8.0,31.368592734648225,4
862,1,merge_courtesy,adaptive,True,0.005,13,0,27.693449821127423,2.985945065705782,0.6845454639300669,3.1566088050603867,14.85128515824519,18.199885457509055,-3.3486002992638677,18.0,1.0,6,0,7,0,7.0,6.0,28.798715794893308,6
863,1,merge_courtesy,adaptive,True,0.005,13,0,27.366022562930425,1.8344062557894316,0.5516212634898847,1.922925055027008,15.837825086655366,17.829623283674906,-1.9917981970195406,18.0,1.0,8,0,5,0,8.0,5.0,15.590919670815248,5
864,1,merge_courtesy,adaptive,True,0.005,12,0,29.583458636941597,6.992227138704796,0.0,5.903144508600235,12.251921931768488,18.4993538195571,-6.247431887788617,18.0,1.0,2,0,10,0,1.0,11.0,39.84362009883982,10
865,1,merge_courtesy,adaptive,True,0.005,12,0,29.22876198863091,1.33256293338875,4.811032103906905,2.5672022104263306,15.168289280843965,17.02909758447157,-1.8608083036276095,18.0,1.0,4,0,8,0,9.0,3.0,34.946400086012304,3
866,1,merge_courtesy,adaptive,True,0.005,12,0,28.813046846239462,2.7981475124707433,0.6657046824558718,2.809280753135681,14.624529639504875,17.727915605242323,-3.1033859657374507,18.0,1.0,6,0,6,0,3.0,9.0,24.994706849292424,6
867,1,merge_courtesy,adaptive,True,0.005,13,0,28.135251062216373,2.476198646438947,0.6263270567533923,2.51115545630455,16.645159074172415,19.32893528370947,-2.683776209537057,18.0,1.0,7,0,6,0,1.0,12.0,19.218274972069697,6
868,1,merge_courtesy,adaptive,True,0.005,13,0,27.039601997206645,1.9064857509327982,1.4374742008101502,2.5847188532352448,15.792968407139691,18.158931795059562,-2.365963387919873,18.0,1.0,6,0,7,0,5.0,8.0,31.98206936781996,4
869,1,merge_courtesy,adaptive,True,0.005,12,0,30.0,1.2903002395843588,4.805883301829142,2.7020641416311264,15.625779340775726,17.399291829928735,-1.7735124891530132,18.0,1.0,3,0,9,0,9.0,3.0,31.90306193225166,3
870,1,merge_courtesy,adaptive,True,0.005,12,0,30.0,6.640086455311215,0.0,5.511577785015106,12.783417702453328,18.900000000000002,-6.116582297546673,18.0,1.0,3,0,9,0,0.0,12.0,43.084333497840305,9
871,1,merge_courtesy,adaptive,True,0.005,13,0,27.80128461713882,3.96959053921387,0.0,3.2630272209644318,15.72144731072313,19.35666800091218,-3.6352206901890547,18.0,1.0,7,0,6,0,0.0,13.0,33.92279713862278,6
872,1,merge_courtesy,adaptive,True,0.005,12,0,29.2224878754412,2.280567134289978,1.3747725798423789,2.556108757853508,14.867785303875952,17.42608601014051,-2.558300706264557,18.0,1.0,6,0,6,0,7.0,5.0,24.85557248721496,5
873,1,merge_courtesy,adaptive,True,0.005,13,0,28.461686595388827,2.6797294821525797,0.6397507823615257,2.694975197315216,15.634463913214216,18.59936858012656,-2.9649046669123424,18.0,1.0,7,0,6,0,7.0,6.0,22.858479064750004,6
874,1,merge_courtesy,adaptive,True,0.005,12,0,29.22876198863091,1.8307992157123172,3.8057076517627992,2.784543439745903,15.170656424802488,17.42814689461186,-2.2574904698093747,18.0,1.0,3,0,9,0,7.0,5.0,29.203980507987517,4
875,1,merge_courtesy,adaptive,True,0.005,13,0,26.654988618397052,3.5772770939590437,0.0,2.9247160255908966,15.537177584279677,18.760594081566467,-3.2234164972867907,18.0,1.0,7,0,6,0,0.0,13.0,26.910772237007592,6
876,1,merge_courtesy,adaptive,True,0.005,12,0,28.813046846239462,2.731803573934993,0.6683835338821116,2.767790675163269,15.167772475849345,18.128867494258657,-2.9610950184093134,18.0,1.0,6,0,6,0,1.0,11.0,23.324519658462062,6
877,1,merge_courtesy,adaptive,True,0.005,13,0,27.416671238329222,1.927719450060274,2.2049972995529425,2.4858015924692154,16.06329199204241,18.455008984324976,-2.3917169922825634,18.0,1.0,7,0,6,0,4.0,9.0,32.6874988590199,4
878,1,merge_courtesy,adaptive,True,0.005,12,0,29.22876198863091,1.6943034341273164,0.6477782399441268,2.195257544517517,15.874092583745767,17.928389407547627,-2.054296823801857,18.0,1.0,6,0,6,0,3.0,9.0,24.407350183643384,4
879,1,merge_courtesy,adaptive,True,0.005,12,0,28.86696500646356,1.956743410460354,1.2189215101726805,2.195854350924492,15.09244211762331,17.255435033031244,-2.1629929154079326,18.0,1.0,6,0,6,0,7.0,5.0,18.0151735714792,5
880,1,merge_courtesy,adaptive,True,0.005,12,0,29.22876198863091,1.2312897033006553,4.660564281672462,2.63319431245327,15.346288437113968,17.02909758447157,-1.6828091473576068,18.0,1.0,3,0,9,0,9.0,3.0,28.776793562616124,3
881,1,merge_courtesy,adaptive,True,0.005,12,0,29.22876198863091,2.587245367585833,0.6463214305041588,2.770467087626457,14.887769260923656,17.62909758447157,-2.7413283235479153,18.0,1.0,5,0,7,0,6.0,6.0,20.58159628516375,6
882,1,merge_courtesy,adaptive,True,0.005,12,0,29.638203017832648,6.87365996713233,0.0,5.740323066711426,12.399302356389256,18.726337448559672,-6.327035092170415,18.0,1.0,3,0,9,0,0.0,12.0,46.2182241213606,9
883,1,merge_courtesy,adaptive,True,0.005,12,0,30.0,1.2135744137365305,4.602910489608637,2.4229398295283318,15.743082271970314,17.399291829928735,-1.6562095579584235,18.0,1.0,3,0,9,0,9.0,3.0,27.887433181824417,3
884,1,merge_courtesy,adaptive,True,0.005,14,0,25.465470228741687,3.9467539278530515,0.0,3.2501180469989777,15.815206110789015,19.460663328095343,-3.6454572173063338,18.0,1.0,8,0,6,0,0.0,14.0,33.939807544251465,6
885,1,merge_courtesy,adaptive,True,0.005,14,0,25.465470228741687,3.146034771836073,0.7152238526973539,3.1668058931827545,14.742592471961272,18.259954878618135,-3.5173624066568667,18.0,1.0,8,0,6,0,8.0,6.0,31.86852651332666,6
886,1,merge_courtesy,adaptive,True,0.005,12,0,29.22876198863091,1.205966457935346,2.1049733260344126,1.9949588775634766,15.369636972389701,17.02909758447157,-1.659460612081873,18.0,1.0,6,0,6,0,9.0,3.0,27.911289041245297,3
887,1,merge_courtesy,adaptive,True,0.005,13,0,27.750637683406776,2.6848632519177063,0.651501655271037,2.704655170440674,15.891511206038214,18.828688748616386,-2.937177542578168,18.0,1.0,7,0,6,0,4.0,9.0,22.71400183374503,6
888,1,merge_courtesy,adaptive,True,0.005,13,0,27.42333905172183,3.740428842602845,0.0,3.065559893846512,15.712169004447151,19.160136306895346,-3.447967302448202,18.0,1.0,7,0,6,0,0.0,13.0,30.347113774982457,6
889,1,merge_courtesy,adaptive,True,0.005,13,0,26.655102277460422,3.123820227340802,0.0,2.539505273103714,16.074107872986392,18.760653184279416,-2.6865453112930266,18.0,1.0,7,0,6,0,0.0,13.0,19.370888047124954,6
890,1,merge_courtesy,adaptive,True,0.005,12,0,30.0,5.865906959602562,0.0,4.849120229482651,13.76897589642566,18.900000000000002,-5.131024103574339,18.0,1.0,3,0,9,0,0.0,12.0,32.211434571082776,9
891,1,merge_courtesy,adaptive,True,0.005,12,0,30.0,1.2944002998276445,4.808788172693053,2.555355653166771,15.61770306963899,17.399291829928735,-1.7815887602897476,18.0,1.0,4,0,8,0,9.0,3.0,32.17897928933076,3
892,1,merge_courtesy,adaptive,True,0.005,13,0,28.461686595388827,2.067521837560398,1.2428199874617216,2.3096056431531906,16.06478392182126,18.39936885953035,-2.3345849377090913,18.0,1.0,7,0,6,0,8.0,5.0,20.54566865299836,5
893,1,merge_courtesy,adaptive,True,0.005,13,0,27.750637683406776,2.008532677443781,1.2601025652821187,2.4308860152959824,16.655900348246277,18.828671534704835,-2.1727711864585566,18.0,1.0,6,0,7,0,3.0,10.0,18.6690221555071,5
894,1,merge_courtesy,adaptive,True,0.005,12,0,28.813046846239462,1.7107107853839165,3.7169163857380787,2.6295583248138428,14.954738081000595,17.029554316123676,-2.0748162351230808,18.0,1.0,4,0,8,0,8.0,4.0,24.89411803663964,4
895,1,merge_courtesy,adaptive,True,0.005,12,0,29.638203017832648,6.061026734435746,0.0,5.0439251363277435,13.380059369465528,18.726337448559672,-5.3462780790941435,18.0,1.0,3,0,9,0,0.0,12.0,34.70959433623748,9
896,1,merge_courtesy,adaptive,True,0.005,12,0,30.0,6.334327210533769,0.0,5.2960225045681,13.17724243346404,18.900000000000002,-5.722757566535959,18.0,1.0,3,0,9,0,0.0,12.0,38.48611415860058,9
897,1,merge_courtesy,adaptive,True,0.005,13,0,26.655102277460422,3.054673058796795,0.0,2.47416752576828,16.163555056040558,18.760653184279416,-2.5970981282388608,18.0,1.0,7,0,6,0,0.0,13.0,18.327889963221267,6
898,1,merge_courtesy,adaptive,True,0.005,13,0,27.039601997206645,3.3160094960443924,0.0,2.698134034872055,16.05309914912733,18.960593038547454,-2.907493889420127,18.0,1.0,7,0,6,0,0.0,13.0,22.33287921297916,6
899,1,merge_courtesy,adaptive,True,0.005,12,0,30.0,6.340244314550638,0.0,5.262182712554932,13.150014717140303,18.900000000000002,-5.749985282859697,18.0,1.0,3,0,9,0,0.0,12.0,38.65706952547902,9
900,1,merge_courtesy,adaptive,True,0.005,12,0,30.0,1.8714403820273624,3.0878271916378934,2.9156407564878464,15.264402161591526,17.599291829928735,-2.33488966833721,18.0,1.0,3,0,9,0,8.0,4.0,31.071050892678944,4
901,1,merge_courtesy,adaptive,True,0.005,12,0,30.0,6.251140393446216,0.0,5.173372030258179,13.090142208322803,18.69929199802638,-5.609149789703577,18.0,1.0,3,0,9,0,1.0,11.0,37.243488108623545,9
902,1,merge_courtesy,adaptive,True,0.005,12,0,28.813046846239462,2.5806848753371394,0.6435850349457655,2.6109208166599274,15.280541270140063,18.028845808208622,-2.74830453806856,18.0,1.0,6,0,6,0,2.0,10.0,20.558001882231327,6
903,1,merge_courtesy,adaptive,True,0.005,12,0,30.0,6.8634517707174485,0.0,5.664293944835663,12.370855723908264,18.69929199802638,-6.328436274118116,18.0,1.0,3,0,9,0,1.0,11.0,46.12947071229069,9
904,1,merge_courtesy,adaptive,True,0.005,14,0,25.822611223350602,4.675170776654658,0.0,3.8723434805870056,15.379456968063527,19.660662285076338,-4.281205317012811,18.0,1.0,7,0,7,0,0.0,14.0,34.868325315656904,7
905,1,merge_courtesy,adaptive,True,0.005,13,0,27.42420215023432,2.023041262511997,4.036774928309638,3.020592451095581,15.137838678217502,17.65987694805058,-2.52203826983308,18.0,1.0,5,0,8,0,9.0,4.0,36.27400169115701,4
906,1,merge_courtesy,adaptive,True,0.005,12,0,28.805837709661215,3.074325363253493,0.7046368594159649,3.261529192328453,13.976309757642003,17.42609365182894,-3.4497838941869357,18.0,1.0,5,0,7,0,6.0,6.0,30.555771038039083,6
907,1,merge_courtesy,adaptive,True,0.005,13,0,28.136114160728862,2.634502942129931,1.496942839202959,2.92867149412632,15.153326758791549,18.230071193507744,-3.0767444347161947,18.0,1.0,7,0,6,0,8.0,5.0,34.79631277258189,5
908,1,merge_courtesy,adaptive,True,0.005,12,0,30.0,6.104880995078947,0.0,5.0449298322200775,13.210501154844646,18.69929199802638,-5.488790843181734,18.0,1.0,3,0,9,0,1.0,11.0,35.59311048869443,9
909,1,merge_courtesy,adaptive,True,0.005,12,0,29.638203017832648,2.9292767806735776,3.329933873184687,3.073867291212082,15.541526255163106,17.824921108417648,-2.2833948532545434,18.0,1.0,3,0,9,0,5.0,7.0,32.98341604955986,4
910,1,merge_courtesy,adaptive,True,0.005,13,0,27.42420215023432,0.6114383980976864,3.629855974889053,1.685792401432991,16.14325897009316,17.259876948050582,-1.1166179779574232,18.0,1.0,7,0,6,0,11.0,2.0,28.23272872580244,2
911,1,merge_courtesy,adaptive,True,0.005,12,0,29.22876198863091,1.3367539338872803,3.893252720886542,2.5782516077160835,15.358772899428685,17.22814689461186,-1.8693739951831778,18.0,1.0,3,0,9,0,8.0,4.0,35.25477775858322,3
912,1,merge_courtesy,adaptive,True,0.005,12,0,30.0,1.6840054511459064,3.730089203984026,2.7856894433498383,15.781969422146007,17.798583827955117,-2.016614405809108,18.0,1.0,3,0,9,0,7.0,5.0,23.71744513949631,4
913,1,merge_courtesy,adaptive,True,0.005,13,0,26.655102277460422,3.913273450462616,0.0,3.2076669931411743,15.134509551024271,18.760653184279416,-3.626143633255148,18.0,1.0,7,0,6,0,0.0,13.0,33.52202823970094,6
914,1,merge_courtesy,adaptive,True,0.005,13,0,27.039601997206645,3.2833221807297788,0.0,2.6725081503391266,16.173075777355674,18.960593038547454,-2.7875172611917822,18.0,1.0,7,0,6,0,0.0,13.0,21.248583225053874,6
915,1,merge_courtesy,adaptive,True,0.005,12,0,30.0,6.935139756632655,0.0,5.758658945560455,12.203073381257724,18.69929199802638,-6.496218616768656,18.0,1.0,3,0,9,0,1.0,11.0,47.87806470357194,9
916,1,merge_courtesy,adaptive,True,0.005,13,0,27.750637683406776,1.9661889639298993,1.2079933321764567,2.1953945606946945,16.623565887028008,18.828671534704835,-2.2051056476768274,18.0,1.0,7,0,6,0,3.0,10.0,18.442176658399724,5
917,1,merge_courtesy,adaptive,True,0.005,13,0,27.80128461713882,2.44700694332181,1.4250856638830798,2.7280962765216827,15.947259113986615,18.755007941304726,-2.8077488273181146,18.0,1.0,7,0,6,0,4.0,9.0,29.34292711469426,5
918,1,merge_courtesy,adaptive,True,0.005,13,0,27.039601997206645,3.8876918852990627,0.0,3.1830084919929504,15.364040153130395,18.960593038547454,-3.5965528854170623,18.0,1.0,7,0,6,0,0.0,13.0,33.006481023633185,6
919,1,merge_courtesy,adaptive,True,0.005,13,0,27.42333905172183,3.3390912119239813,0.7321927673941451,3.336845725774765,14.940042088393128,18.75847624496894,-3.818434156575811,18.0,1.0,7,0,6,0,3.0,10.0,36.95209523027135,6
920,1,merge_courtesy,adaptive,True,0.005,12,0,29.22876198863091,0.5341982305271553,0.592466693501834,1.4695948511362076,15.872633686132534,16.829097584471572,-0.956463898339039,18.0,1.0,6,0,6,0,10.0,2.0,20.77997716605001,2
921,1,merge_courtesy,adaptive,True,0.005,12,0,28.812111822850934,1.9320192412419006,1.2287040215888552,2.176580548286438,15.143727589880717,17.2291055048966,-2.085377915015885,18.0,1.0,6,0,6,0,7.0,5.0,17.235323893443343,5
922,1,merge_courtesy,adaptive,True,0.005,12,0,29.2224878754412,2.7576145926365276,0.6757589002760684,2.7930043041706085,14.642556211122452,17.626086010140497,-2.983529799018047,18.0,1.0,6,0,6,0,6.0,6.0,23.732382975913623,6
923,1,merge_courtesy,adaptive,True,0.005,12,0,30.0,2.5605149919487857,0.6414871907121071,2.58831325173378,15.211710903134914,17.999291829928733,-2.787580926793822,18.0,1.0,6,0,6,0,6.0,6.0,20.606763298938688,6
924,1,merge_courtesy,adaptive,True,0.005,13,0,27.750637683406776,2.903188870260064,0.6669823566471694,2.9146151542663574,15.77863170218476,19.02867248049455,-3.2500407783097867,18.0,1.0,7,0,6,0,2.0,11.0,27.163639787753937,6
925,1,merge_courtesy,adaptive,True,0.005,13,0,27.42333905172183,1.2995985275495894,2.191614910158555,2.1251010447740555,16.335391210684346,18.158476246391487,-1.823085035707145,18.0,1.0,7,0,6,0,6.0,7.0,33.49963124201138,3
926,1,merge_courtesy,adaptive,True,0.005,12,0,29.2224878754412,1.99735791869218,2.262276667298655,2.5729615539312363,14.731892944501817,17.226086010140513,-2.4941930656386915,18.0,1.0,6,0,6,0,8.0,4.0,35.44960093860148,4
927,1,merge_courtesy,adaptive,True,0.005,13,0,26.654988618397052,4.051504952195141,0.0,3.3313726484775543,15.022280732345264,18.760594081566467,-3.7383133492212046,18.0,1.0,7,0,6,0,0.0,13.0,35.71191855849913,6
928,1,merge_courtesy,adaptive,True,0.005,14,0,25.465470228741687,3.241882900293416,0.7149974635550596,3.244662821292877,14.566858628510579,18.259954878618135,-3.69309625010756,18.0,1.0,8,0,6,0,8.0,6.0,34.64399615350066,6
929,1,merge_courtesy,adaptive,True,0.005,12,0,30.0,2.5667999270323456,3.203476818622528,3.4123407006263733,14.834963330664008,17.799291829928734,-2.964328499264728,18.0,1.0,3,0,9,0,7.0,5.0,32.551348415411994,5
930,1,merge_courtesy,adaptive,True,0.005,12,0,30.0,6.557782109784571,0.0,5.441574692726135,12.932357163854869,18.900000000000002,-5.9676428361451315,18.0,1.0,3,0,9,0,0.0,12.0,41.55934763420378,9
931,1,merge_courtesy,adaptive,True,0.005,13,0,27.80128461713882,4.175270054718891,0.0,3.432408422231674,15.461391232546847,19.35666800091218,-3.8952767683653393,18.0,1.0,7,0,6,0,0.0,13.0,38.54870730676388,6
932,1,merge_courtesy,adaptive,True,0.005,12,0,29.638203017832648,2.0381924919665453,2.3925543311447486,2.8886815011501312,14.902055167079064,17.425629278488408,-2.523574111409341,18.0,1.0,4,0,8,0,8.0,4.0,36.437926094970834,4
933,1,merge_courtesy,adaptive,True,0.005,13,0,26.655102277460422,4.005051927920937,0.0,3.286251276731491,15.097340319008095,18.760653184279416,-3.6633128652713247,18.0,1.0,7,0,6,0,0.0,13.0,34.475373976850335,6
934,1,merge_courtesy,adaptive,True,0.005,13,0,27.42333905172183,2.683789485702291,1.5281566871870838,2.9838487952947617,15.425813789323396,18.558476246029407,-3.132662456706015,18.0,1.0,7,0,6,0,4.0,9.0,36.088081355811596,5
935,1,merge_courtesy,adaptive,True,0.005,12,0,28.813046846239462,3.1703461374680155,0.0,2.576093405485153,15.554321591222767,18.33026248619494,-2.7759408949721753,18.0,1.0,6,0,6,0,0.0,12.0,20.321216813403517,6
936,1,merge_courtesy,adaptive,True,0.005,12,0,30.0,6.678722751388845,0.0,5.578786849975586,12.708243918130298,18.900000000000002,-6.191756081869701,18.0,1.0,3,0,9,0,0.0,12.0,43.875175834022386,9
937,1,merge_courtesy,adaptive,True,0.005,12,0,29.638203017832648,6.496615035946745,0.0,5.383718311786652,12.776166349398556,18.726337448559672,-5.950171099161116,18.0,1.0,3,0,9,0,0.0,12.0,41.03979965488693,9
938,1,merge_courtesy,adaptive,True,0.005,12,0,30.0,6.333031506252621,0.0,5.257482677698135,13.19689938993703,18.900000000000002,-5.70310061006297,18.0,1.0,3,0,9,0,0.0,12.0,38.3978798999153,9
939,1,merge_courtesy,adaptive,True,0.005,12,0,29.583458636941597,7.499308538010837,0.0,6.306402653455734,11.563709973346718,18.4993538195571,-6.935643846210387,18.0,1.0,2,0,10,0,1.0,11.0,46.16010462449125,10
940,1,merge_courtesy,adaptive,True,0.005,12,0,28.86696500646356,2.6023320069583606,2.827809673426963,2.6740705221891403,15.122804410849522,17.15403976387189,-2.0312353530223675,18.0,1.0,4,0,8,0,7.0,5.0,24.027699068192515,4
941,1,merge_courtesy,adaptive,True,0.005,13,0,27.42333905172183,3.5466248750660725,0.0,2.8964312970638275,16.046896502151824,19.160136306895346,-3.113239804743526,18.0,1.0,7,0,6,0,0.0,13.0,25.663555531060712,6
942,1,merge_courtesy,adaptive,True,0.005,13,0,27.80128461713882,3.7564791155951105,0.0,3.0730717182159424,15.975750952162523,19.35666800091218,-3.380917048749665,18.0,1.0,7,0,6,0,0.0,13.0,29.636600696291087,6
943,1,merge_courtesy,adaptive,True,0.005,12,0,29.22876198863091,2.683790781762919,3.2940386868650653,3.537745788693428,14.30205726539971,17.42909758447157,-3.1270403190718614,18.0,1.0,3,0,9,0,7.0,5.0,36.00190052095361,5
944,1,merge_courtesy,adaptive,True,0.005,13,0,26.655102277460422,1.2465298242128346,2.9235103988821023,2.0648459643125534,15.941910959124547,17.6586017517284,-1.7166907926038562,18.0,1.0,7,0,6,0,7.0,6.0,29.865721128873606,3
945,1,merge_courtesy,adaptive,True,0.005,12,0,29.583458636941597,7.186803927145737,0.032042153392449535,6.036567389965057,11.920756045782413,18.4993538195571,-6.578597773774692,18.0,1.0,2,0,10,0,1.0,11.0,42.09774695629294,10
946,1,merge_courtesy,adaptive,True,0.005,12,0,30.0,1.851202680166823,3.7609957236869436,2.885806232690811,15.287774397333648,17.599291829928735,-2.311517432595089,18.0,1.0,3,0,9,0,8.0,4.0,30.440777139757472,4
947,1,merge_courtesy,adaptive,True,0.005,12,0,29.22876198863091,1.3158918538942177,4.745307047512884,2.5651189386844635,15.383450751169473,17.22814689461186,-1.8446961434423876,18.0,1.0,4,0,8,0,8.0,4.0,34.30577931055946,3
948,1,merge_courtesy,adaptive,True,0.005,12,0,29.2224878754412,2.5575042728788473,1.4444324563538093,2.993668422102928,14.431947143658507,17.42608601014051,-2.9941388664820026,18.0,1.0,5,0,7,0,7.0,5.0,32.89811387560228,5
949,1,merge_courtesy,adaptive,True,0.005,12,0,30.0,1.8160079788866652,2.1608509000436005,2.591819427907467,15.355543711024014,17.599291829928735,-2.243748118904723,18.0,1.0,4,0,8,0,8.0,4.0,28.819306011142995,4
950,1,merge_courtesy,adaptive,True,0.005,12,0,30.0,6.272891649658678,0.0,5.169441252946854,13.21622412709803,18.900000000000002,-5.683775872901968,18.0,1.0,3,0,9,0,0.0,12.0,37.74727499310717,9
951,1,merge_courtesy,adaptive,True,0.005,13,0,27.80128461713882,3.8411480540131118,0.0,3.153893619775772,15.848586863058854,19.35666800091218,-3.5080811378533325,18.0,1.0,7,0,6,0,0.0,13.0,31.646314323905617,6
952,1,merge_courtesy,adaptive,True,0.005,11,1,29.092083812236524,2.044898935628901,1.2472704394036715,2.2960063070058823,13.720374048721869,15.999808707312226,-2.2794346585903584,18.0,1.0,5,0,6,0,6.0,5.0,19.836541575604407,5
953,1,merge_courtesy,adaptive,True,0.005,13,0,27.80128461713882,2.481068658096266,0.6331008574221342,2.5251541137695312,16.492835369475664,19.15527273226914,-2.662437362793479,18.0,1.0,7,0,6,0,1.0,12.0,19.154625815607332,6
954,1,merge_courtesy,adaptive,True,0.005,14,0,25.465470228741687,1.945597153420775,1.2106333448897162,2.18503437936306,15.906969402500929,18.059955158023502,-2.152985755522577,18.0,1.0,8,0,6,0,9.0,5.0,17.826417614897235,5
955,1,merge_courtesy,adaptive,True,0.005,13,0,27.80793920474951,3.7176568483922763,0.0,3.0360938906669617,15.961112700370153,19.360128386469743,-3.399015686099589,18.0,1.0,7,0,6,0,0.0,13.0,29.633113264254487,6
956,1,merge_courtesy,adaptive,True,0.005,12,0,30.0,1.1635509479500197,2.1859084851222748,2.453019604086876,15.837683595283897,17.399291829928735,-1.561608234644841,18.0,1.0,3,0,9,0,9.0,3.0,24.96383052927928,3
957,1,merge_courtesy,adaptive,True,0.005,12,0,30.0,6.403529280450403,0.0,5.314079761505127,13.084839848566862,18.900000000000002,-5.815160151433139,18.0,1.0,3,0,9,0,0.0,12.0,39.536452846764455,9
958,1,merge_courtesy,adaptive,True,0.005,12,0,30.0,6.202636244621075,0.0,5.131500661373138,13.18659035131957,18.69929199802638,-5.512701646706808,18.0,1.0,3,0,9,0,1.0,11.0,36.44768939062647,9
959,1,merge_courtesy,adaptive,True,0.005,12,0,29.22166165477424,7.781654481598221,0.0,6.557540237903595,11.186618551973314,18.526397594291634,-7.33977904231832,18.0,1.0,2,0,10,0,0.0,12.0,50.62334396827393,10
960,1,merge_courtesy,adaptive,True,0.005,13,0,27.750637683406776,2.671488885226496,0.6597942386906346,2.706202447414398,16.160914467786167,19.02867248049455,-2.867758012708382,18.0,1.0,7,0,6,0,2.0,11.0,22.13639443704481,6
961,1,merge_courtesy,adaptive,True,0.005,12,0,30.0,1.2755193252221972,3.8418323708032074,2.474485903978348,15.648074311586557,17.399291829928735,-1.7512175183421816,18.0,1.0,4,0,8,0,9.0,3.0,31.11687417387066,3
962,1,merge_courtesy,adaptive,True,0.005,12,0,29.22876198863091,2.367225663701234,1.3889666105043499,2.640514060854912,14.730773787824853,17.42909758447157,-2.698323796646719,18.0,1.0,6,0,6,0,7.0,5.0,27.244909404075305,5
963,1,merge_courtesy,adaptive,True,0.005,12,0,29.22876198863091,2.0838000922917166,1.3017887618772046,2.3462964594364166,15.158338464402812,17.42909758447157,-2.2707591200687594,18.0,1.0,6,0,6,0,7.0,5.0,20.213827842484275,5
964,1,merge_courtesy,adaptive,True,0.005,12,0,28.812111822850934,2.01298138514659,1.224026634121749,2.252815395593643,14.980127115490843,17.2291055048966,-2.2489783894057593,18.0,1.0,6,0,6,0,7.0,5.0,19.26117483432311,5
965,1,merge_courtesy,adaptive,True,0.005,13,0,28.135251062216373,3.4335951219461265,0.0,2.7945996522903442,16.50917923719132,19.53033055235251,-3.021151315161195,18.0,1.0,7,0,6,0,0.0,13.0,24.044397372699148,6
966,1,merge_courtesy,adaptive,True,0.005,12,0,30.0,0.608875524929105,4.663221501848047,2.086880177259445,16.099823940182517,17.199291829928736,-1.0994678897462182,18.0,1.0,4,0,8,0,10.0,2.0,27.42480421094531,2
967,1,merge_courtesy,adaptive,True,0.005,12,0,29.58334983422002,2.126269818768905,1.3143285338813069,2.4014200568199158,15.278674697976498,17.599299750353765,-2.3206250523772676,18.0,1.0,6,0,6,0,7.0,5.0,21.07836878763802,5
968,1,merge_courtesy,adaptive,True,0.005,12,0,29.638203017832648,1.8659005725563529,3.8003021856180146,2.761976569890976,15.099422152745214,17.425629278488408,-2.326207125743191,18.0,1.0,4,0,8,0,8.0,4.0,30.85021672239145,4
969,1,merge_courtesy,adaptive,True,0.005,12,0,30.0,2.8386037553780366,3.3459806915518087,3.6976357996463776,14.443301569869169,17.799291829928734,-3.355990260059568,18.0,1.0,3,0,9,0,7.0,5.0,41.11173507062543,5
970,1,merge_courtesy,adaptive,True,0.005,13,0,28.135251062216373,3.6533354515492524,0.0,2.9893541038036346,16.283511301275343,19.53033055235251,-3.24681925107717,18.0,1.0,7,0,6,0,0.0,13.0,27.60677854243364,6
971,1,merge_courtesy,adaptive,True,0.005,12,0,29.2224878754412,1.8238558961255653,2.1647221086141255,2.379689037799835,15.016631288216468,17.226086010140513,-2.20945472192404,18.0,1.0,6,0,6,0,8.0,4.0,28.264196038118442,4
972,1,merge_courtesy,adaptive,True,0.005,12,0,29.638203017832648,6.153529540986915,0.0,5.109804600477219,13.239514427161481,18.726337448559672,-5.486823021398191,18.0,1.0,3,0,9,0,0.0,12.0,35.86030492096529,9
973,1,merge_courtesy,adaptive,True,0.005,14,0,25.465470228741687,4.2566892304576855,0.0,3.5018316507339478,15.530115657529707,19.460663328095343,-3.9305476705656384,18.0,1.0,8,0,6,0,0.0,14.0,39.46268608589505,6
974,1,merge_courtesy,adaptive,True,0.005,12,0,28.86696500646356,1.925011829272938,3.0876477823154906,2.876540884375572,14.700252779450883,17.055435033031245,-2.3551822535803586,18.0,1.0,4,0,8,0,8.0,4.0,31.932567968223434,4
975,1,merge_courtesy,adaptive,True,0.005,12,0,29.638203017832648,3.726562694320272,2.8666645169957414,3.6562003046274185,14.836634323172019,18.024921108327423,-3.1882867851554044,18.0,1.0,3,0,9,0,4.0,8.0,38.51820581995356,5
976,1,merge_courtesy,adaptive,True,0.005,13,0,28.135251062216373,2.714388989374539,0.6558745935965069,2.739104390144348,16.349127707840605,19.32893528370947,-2.9798075758688674,18.0,1.0,7,0,6,0,1.0,12.0,23.29161366164465,6
977,1,merge_courtesy,adaptive,True,0.005,12,0,30.0,6.295233923604817,0.0,5.225128412246704,13.036557587726579,18.69929199802638,-5.662734410299801,18.0,1.0,3,0,9,0,1.0,11.0,37.87358286418631,9
978,1,merge_courtesy,adaptive,True,0.005,13,0,28.128696907887136,3.232191150799025,0.7010909499315786,3.2330158948898315,15.14213576844511,18.626213942625675,-3.484078174180568,18.0,1.0,6,0,7,0,6.0,7.0,23.6718885305547,7
979,1,merge_courtesy,adaptive,True,0.005,12,0,30.0,6.352435810011548,0.0,5.302178680896759,13.030474514598383,18.69929199802638,-5.668817483427995,18.0,1.0,3,0,9,0,1.0,11.0,38.46997555363659,9
980,1,merge_courtesy,adaptive,True,0.005,13,0,27.42420215023432,3.831151231615423,0.0,3.1422612369060516,15.616691568639338,19.160585118121844,-3.543893549482511,18.0,1.0,7,0,6,0,0.0,13.0,32.000941535669234,6
981,1,merge_courtesy,adaptive,True,0.005,13,0,28.135251062216373,1.206427407834907,2.8964952046544155,2.023613288998604,17.09214507840147,18.72891393314262,-1.6367688547411534,18.0,1.0,7,0,6,0,4.0,9.0,27.300625492088923,3
982,1,merge_courtesy,adaptive,True,0.005,13,0,26.655102277460422,3.4246312357209603,0.0,2.797890156507492,15.762215517302897,18.760653184279416,-2.9984376669765225,18.0,1.0,7,0,6,0,0.0,13.0,23.79246533912338,6
983,1,merge_courtesy,adaptive,True,0.005,12,0,28.813046846239462,3.3055297191016377,0.7276234247070236,3.3084943890571594,13.658255151328781,17.429554316123664,-3.7712991647948853,18.0,1.0,6,0,6,0,6.0,6.0,36.094826130011064,6
984,1,merge_courtesy,adaptive,True,0.005,12,0,28.805837709661215,2.1983298169621883,1.3123414935292805,2.6173913925886154,14.746099649075244,17.22609393056554,-2.479994281490298,18.0,1.0,5,0,7,0,7.0,5.0,23.217697469609117,5
985,1,merge_courtesy,adaptive,True,0.005,12,0,29.22876198863091,1.1024194358535064,0.6257068551618199,1.8306421339511871,15.538647814974574,17.02909758447157,-1.4904497694969998,18.0,1.0,6,0,6,0,9.0,3.0,22.657405900269584,3
986,1,merge_courtesy,adaptive,True,0.005,12,0,30.0,1.14574927702593,3.7680079660239847,2.4663775116205215,15.859588722590297,17.399291829928735,-1.5397031073384406,18.0,1.0,3,0,9,0,9.0,3.0,24.250778489177005,3
987,1,merge_courtesy,adaptive,True,0.005,13,0,27.366022562930425,2.0914689545084677,0.6060691480874735,2.3218584805727005,16.25328884959359,18.628672617846846,-2.3753837682532533,18.0,1.0,7,0,6,0,2.0,11.0,21.160302751407393,5
988,1,merge_courtesy,adaptive,True,0.005,13,0,28.135251062216373,1.0842094182036548,1.30238078831945,1.80754916369915,17.265365196326123,18.72891393314262,-1.4635487368164988,18.0,1.0,7,0,6,0,4.0,9.0,21.859011609227945,3
989,1,merge_courtesy,adaptive,True,0.005,12,0,29.638203017832648,2.733459043888951,3.324852382909315,3.604804441332817,14.426186125951457,17.625629278488407,-3.199443152536949,18.0,1.0,3,0,9,0,7.0,5.0,37.579299832612165,5
990,1,merge_courtesy,adaptive,True,0.005,12,0,30.0,6.519610852579176,0.0,5.3966885805130005,12.74979863702833,18.69929199802638,-5.94949336099805,18.0,1.0,3,0,9,0,1.0,11.0,41.10990466346501,9
991,1,merge_courtesy,adaptive,True,0.005,12,0,30.0,6.449093022804398,0.0,5.377524137496948,13.034632454179837,18.900000000000002,-5.865367545820163,18.0,1.0,3,0,9,0,0.0,12.0,40.18844568570226,9
992,1,merge_courtesy,adaptive,True,0.005,13,0,27.750637683406776,1.9149007133647804,1.1868667450356516,2.14442902803421,16.70140857558878,18.828671534704835,-2.127262959116056,18.0,1.0,7,0,6,0,3.0,10.0,17.327002857637986,5
993,1,merge_courtesy,adaptive,True,0.005,12,0,29.22876198863091,3.5709429324985553,1.666870380082847,3.803534869104624,14.15800328855461,18.028146894250206,-3.8701436056955965,18.0,1.0,3,0,9,0,4.0,8.0,28.895974259767307,7
994,1,merge_courtesy,adaptive,True,0.005,13,0,27.42420215023432,3.774172201087725,0.7591151315291821,3.733561098575592,14.099183729192205,18.259876948050003,-4.1606932188578005,18.0,1.0,6,0,7,0,6.0,7.0,32.792516074424974,7
995,1,merge_courtesy,adaptive,True,0.005,12,0,29.638203017832648,5.694982334832542,0.7869182261728357,4.832438230514526,13.494906992064067,18.624942456624694,-5.1300354645606285,18.0,1.0,3,0,9,0,1.0,11.0,38.63156130823021,8
996,1,merge_courtesy,adaptive,True,0.005,13,0,27.039601997206645,3.759202586832342,0.0,3.0804216861724854,15.560167047670342,18.960593038547454,-3.400425990877116,18.0,1.0,7,0,6,0,0.0,13.0,29.870084169021226,6
997,1,merge_courtesy,adaptive,True,0.005,12,0,30.0,1.854992263128119,3.1109963339390063,2.7879495061933994,15.305528713915583,17.599291829928735,-2.2937631160131526,18.0,1.0,3,0,9,0,8.0,4.0,30.10896696425822,4
998,1,merge_courtesy,adaptive,True,0.005,12,0,30.0,6.4744510748289,0.0,5.4103920459747314,13.028074159754427,18.900000000000002,-5.871925840245574,18.0,1.0,3,0,9,0,0.0,12.0,40.44899880914202,9
999,1,merge_courtesy,adaptive,True,0.005,12,0,30.0,6.092523218113204,0.0,5.073282033205032,13.456683402358632,18.900000000000002,-5.443316597641368,18.0,1.0,3,0,9,0,0.0,12.0,35.31331648990643,9
