episode_id,policy_freq,profile,method,value,episode_length,collision,mean_speed,lane_0_time,lane_1_time,lane_2_time,total_cost,total_avoided_cost,total_reward,total_basic_reward,total_added_reward,mean_iterations_to_converge,convergence_rate,outcome_unchanged_count,outcome_naively_augmented_count,outcome_rcps_augmented_count,outcome_projection_count
0,1,right_lane,adaptive,0.0316,40,0,21.51895734428684,1.0,1.0,38.0,0.5,5.0,61.478398401643936,42.22839840164393,19.25,18.0,0.925,0,0,37,3
1,1,right_lane,adaptive,0.0316,40,0,21.12749644062177,1.0,7.0,32.0,3.5,10.0,59.85214088514219,41.60214088514219,18.25,18.0,1.0,0,0,40,0
2,1,right_lane,adaptive,0.0316,40,0,20.768957345971565,0.0,0.0,40.0,0.0,0.5,61.05320089613101,41.05320089613101,20.0,18.0,0.25,0,0,10,30
3,1,right_lane,adaptive,0.0316,40,0,21.3939566082395,0.0,0.0,40.0,0.0,8.0,62.03033057318319,42.0303305731832,20.0,18.0,0.925,0,0,37,3
4,1,right_lane,adaptive,0.0316,40,0,21.018919754889087,0.0,1.0,39.0,0.0,1.0,61.429338546940656,41.42933854694065,20.0,18.0,0.875,0,0,35,5
5,1,right_lane,adaptive,0.0316,40,0,23.0189509930675,1.0,1.0,38.0,0.5,1.5,64.37844046573316,44.62844046573316,19.75,18.0,0.9,0,0,36,4
6,1,right_lane,adaptive,0.0316,40,0,21.768951743818228,1.0,1.0,38.0,0.5,6.5,62.378397039131855,42.628397039131855,19.75,18.0,0.95,0,0,38,2
7,1,right_lane,adaptive,0.0316,40,0,20.518957345971565,0.0,1.0,39.0,0.0,9.0,60.62940545081388,40.62940545081388,20.0,18.0,1.0,0,0,40,0
8,1,right_lane,adaptive,0.0316,40,0,21.893957345971565,1.0,1.0,38.0,0.5,2.0,62.578398404340774,42.82839840434077,19.75,18.0,0.925,0,0,37,3
9,1,right_lane,adaptive,0.0316,40,0,21.893957345971565,3.0,3.0,34.0,4.0,2.0,60.82746374060145,42.82746374060145,18.0,18.0,0.725,0,0,29,11
10,1,right_lane,adaptive,0.0316,40,0,22.268957345971565,0.0,0.0,40.0,0.0,0.5,63.4303317535545,43.430331753554505,20.0,18.0,0.575,0,0,23,17
11,1,right_lane,adaptive,0.0316,40,0,21.393914055586297,1.0,1.0,38.0,0.5,4.5,61.77832791186854,42.02832791186854,19.75,18.0,1.0,0,0,40,0
12,1,right_lane,adaptive,0.0316,40,0,22.268957345971565,1.0,4.0,35.0,2.0,5.5,62.426818877184,43.426818877184,19.0,18.0,0.925,0,0,37,3
13,1,right_lane,adaptive,0.0316,40,0,22.768957345971486,0.0,1.0,39.0,0.5,1.0,63.97893652082504,44.22893652082503,19.75,18.0,0.925,0,0,37,3
14,1,right_lane,adaptive,0.0316,40,0,21.393957345971565,0.0,0.0,40.0,0.0,6.0,62.030331753554606,42.030331753554606,20.0,18.0,0.975,0,0,39,1
15,1,right_lane,adaptive,0.0316,40,0,21.01895659544609,1.0,1.0,38.0,0.5,4.0,61.178395975644214,41.42839597564421,19.75,18.0,0.95,0,0,38,2
16,1,right_lane,adaptive,0.0316,40,0,21.768957345971554,1.0,1.0,38.0,0.5,8.0,62.37839944777864,42.62839944777865,19.75,18.0,0.8,0,0,32,8
17,1,right_lane,adaptive,0.0316,40,0,23.143957345971565,1.0,1.0,38.0,0.5,8.5,64.5783991088609,44.82839910886091,19.75,18.0,0.875,0,0,35,5
18,1,right_lane,adaptive,0.0316,19,1,24.776752099171972,0.0,0.0,19.0,0.5,0.0,31.930331595370706,22.430331595370706,9.5,18.0,0.631578947368421,0,0,12,7
19,1,right_lane,adaptive,0.0316,10,1,21.07582937702842,0.0,0.0,10.0,0.5,4.5,14.480331750811368,9.73033175081137,4.75,18.0,1.0,0,0,10,0
20,1,right_lane,adaptive,0.0316,40,0,22.393957334666847,4.0,3.0,33.0,4.5,9.0,60.62828014808421,43.12828014808421,17.5,18.0,1.0,0,0,40,0
21,1,right_lane,adaptive,0.0316,40,0,21.14395723434353,1.0,1.0,38.0,0.5,4.0,61.552059565026084,41.802059565026084,19.75,18.0,0.975,0,0,39,1
22,1,right_lane,adaptive,0.0316,40,0,22.893957345971565,3.0,8.0,29.0,6.0,9.0,61.42513241695404,44.425132416954035,17.0,18.0,1.0,0,0,40,0
23,1,right_lane,adaptive,0.0316,40,0,21.018957345971565,0.0,0.0,40.0,0.0,1.5,61.4303317535545,41.430331753554505,20.0,18.0,0.975,0,0,39,1
24,1,right_lane,adaptive,0.0316,40,0,21.26895733124236,0.0,1.0,39.0,0.0,9.5,61.82939649113504,41.82939649113504,20.0,18.0,0.95,0,0,38,2
25,1,right_lane,adaptive,0.0316,40,0,20.893957345971565,0.0,0.0,40.0,0.0,9.5,61.23033177401779,41.23033177401779,20.0,18.0,1.0,0,0,40,0
26,1,right_lane,adaptive,0.0316,28,1,21.277081922816514,0.0,0.0,28.0,0.5,5.5,43.2303317535545,29.230331753554502,14.0,18.0,0.9285714285714286,0,0,26,2
27,1,right_lane,adaptive,0.0316,40,0,21.12749644062177,0.0,1.0,39.0,0.0,16.0,60.85306021987104,41.10306021987105,19.75,18.0,1.0,0,0,40,0
28,1,right_lane,adaptive,0.0316,40,0,21.768957345971565,0.0,1.0,39.0,0.5,0.5,62.57546821484198,42.82546821484198,19.75,18.0,0.775,0,0,31,9
29,1,right_lane,adaptive,0.0316,40,0,20.893957345971565,1.0,1.0,38.0,0.5,6.5,60.97839840434078,41.22839840434077,19.75,18.0,1.0,0,0,40,0
30,1,right_lane,adaptive,0.0316,40,0,23.518957345971565,0.0,0.0,40.0,0.0,0.0,65.4303317535545,45.430331753554505,20.0,18.0,0.875,0,0,35,5
31,1,right_lane,adaptive,0.0316,40,0,25.01858530620452,8.0,11.0,21.0,13.0,6.0,61.32529071283509,47.82529071283509,13.5,18.0,0.975,0,0,39,1
32,1,right_lane,adaptive,0.0316,40,0,24.018957345971565,11.0,3.0,26.0,11.5,0.5,60.47943229526568,46.22943229526568,14.25,18.0,0.7,0,0,28,12
33,1,right_lane,adaptive,0.0316,40,0,20.518957345971565,0.0,1.0,39.0,0.0,4.5,60.629397667739944,40.629397667739944,20.0,18.0,1.0,0,0,40,0
34,1,right_lane,adaptive,0.0316,40,0,23.518957345971113,0.0,5.0,35.0,2.0,4.5,64.42799392852466,45.42799392852466,19.0,18.0,0.925,0,0,37,3
35,1,right_lane,adaptive,0.0316,5,1,21.15161315963453,0.0,0.0,5.0,0.0,2.5,7.53032263192753,5.03032263192753,2.5,18.0,1.0,0,0,5,0
36,1,right_lane,adaptive,0.0316,40,0,21.752495691584983,0.0,0.0,40.0,0.0,2.0,62.1040010269616,42.10400102696159,20.0,18.0,0.975,0,0,39,1
37,1,right_lane,adaptive,0.0316,40,0,23.268957345971494,1.0,1.0,38.0,0.5,12.0,64.97493184351472,45.22493184351472,19.75,18.0,0.9,0,0,36,4
38,1,right_lane,adaptive,0.0316,40,0,21.268957345971565,0.0,0.0,40.0,0.0,6.0,61.830331753554596,41.83033175355459,20.0,18.0,0.975,0,0,39,1
39,1,right_lane,adaptive,0.0316,40,0,21.76895733466685,0.0,1.0,39.0,0.0,6.5,62.629398311598564,42.62939831159856,20.0,18.0,0.95,0,0,38,2
40,1,right_lane,adaptive,0.0316,40,0,21.893957345971565,0.0,5.0,35.0,2.5,14.5,61.578986289191185,42.82898628919118,18.75,18.0,0.925,0,0,37,3
41,1,right_lane,adaptive,0.0316,40,0,21.393957345971565,0.0,3.0,37.0,1.5,9.0,61.27963774912696,42.02963774912696,19.25,18.0,1.0,0,0,40,0
42,1,right_lane,adaptive,0.0316,40,0,22.518957345971565,1.0,6.0,33.0,3.5,7.5,62.3283991088609,43.8283991088609,18.5,18.0,0.9,0,0,36,4
43,1,right_lane,adaptive,0.0316,40,0,22.64395734428684,0.0,1.0,39.0,0.0,12.0,63.779398326990545,44.02939832699053,19.75,18.0,0.875,0,0,35,5
44,1,right_lane,adaptive,0.0316,40,0,21.643957345971565,0.0,6.0,34.0,2.5,3.5,61.179380736549525,42.42938073654953,18.75,18.0,0.975,0,0,39,1
45,1,right_lane,adaptive,0.0316,40,0,22.643957344035314,1.0,18.0,21.0,9.5,10.0,59.27581479304079,44.025814793040794,15.25,18.0,0.875,0,0,35,5
46,1,right_lane,adaptive,0.0316,40,0,22.143957345971565,0.0,4.0,36.0,1.5,5.5,62.47775799992428,43.22775799992427,19.25,18.0,0.95,0,0,38,2
47,1,right_lane,adaptive,0.0316,40,0,22.268957345971565,1.0,1.0,38.0,0.5,0.0,63.178399108860894,43.4283991088609,19.75,18.0,0.925,0,0,37,3
48,1,right_lane,adaptive,0.0316,40,0,23.393957345775522,1.0,7.0,32.0,3.5,2.5,63.47844578422249,45.22844578422248,18.25,18.0,0.75,0,0,30,10
49,1,right_lane,adaptive,0.0316,40,0,22.768914804623083,8.0,13.0,19.0,14.0,4.0,57.226819195143534,44.226819195143534,13.0,18.0,1.0,0,0,40,0
50,1,right_lane,adaptive,0.0316,40,0,22.643957345971565,1.0,3.0,36.0,2.5,10.5,62.777311624671455,44.02731162467145,18.75,18.0,0.975,0,0,39,1
51,1,right_lane,adaptive,0.0316,40,0,22.643957345971565,0.0,8.0,32.0,4.0,12.0,62.02844969429218,44.02844969429218,18.0,18.0,0.85,0,0,34,6
52,1,right_lane,adaptive,0.0316,40,0,21.643957345971565,1.0,6.0,33.0,3.0,12.0,60.927686389983,42.427686389983016,18.5,18.0,1.0,0,0,40,0
53,1,right_lane,adaptive,0.0316,19,1,20.829383886255922,0.0,0.0,19.0,0.0,7.0,28.930331753554505,19.430331753554505,9.5,18.0,1.0,0,0,19,0
54,1,right_lane,adaptive,0.0316,40,0,22.393957345971565,0.0,0.0,40.0,0.0,1.0,63.13033175355449,43.1303317535545,20.0,18.0,0.925,0,0,37,3
55,1,right_lane,adaptive,0.0316,40,0,22.518957345971565,1.0,1.0,38.0,0.5,5.5,63.578399108860886,43.82839910886088,19.75,18.0,0.9,0,0,36,4
56,1,right_lane,adaptive,0.0316,40,0,21.143957345945747,1.0,1.0,38.0,0.5,7.0,61.37839717644364,41.62839717644364,19.75,18.0,1.0,0,0,40,0
57,1,right_lane,adaptive,0.0316,40,0,20.75249644062177,0.0,1.0,39.0,0.0,1.0,61.003060219217346,41.003060219217346,20.0,18.0,1.0,0,0,40,0
58,1,right_lane,adaptive,0.0316,40,0,20.393957345971565,0.0,0.0,40.0,0.0,0.0,60.45320089613101,40.45320089613101,20.0,18.0,1.0,0,0,40,0
59,1,right_lane,adaptive,0.0316,40,0,21.516504195735575,1.0,1.0,38.0,0.5,7.0,61.974472136107366,42.224472136107366,19.75,18.0,1.0,0,0,40,0
60,1,right_lane,adaptive,0.0316,40,0,21.643957345971565,0.0,1.0,39.0,0.0,0.5,62.43280649231849,42.43280649231849,20.0,18.0,0.95,0,0,38,2
61,1,right_lane,adaptive,0.0316,40,0,21.518957345971565,2.0,34.0,4.0,18.5,7.5,52.97891703953383,42.22891703953383,10.75,18.0,1.0,0,0,40,0
62,1,right_lane,adaptive,0.0316,40,0,22.268957345971565,1.0,1.0,38.0,0.5,4.5,63.17839840434078,43.42839840434078,19.75,18.0,0.975,0,0,39,1
63,1,right_lane,adaptive,0.0316,40,0,23.12749644062177,1.0,16.0,23.0,8.5,14.5,60.80305481602986,44.80305481602984,16.0,18.0,0.95,0,0,38,2
64,1,right_lane,adaptive,0.0316,40,0,21.643957345971565,0.0,4.0,36.0,2.0,4.5,61.54983418309483,42.79983418309484,18.75,18.0,0.925,0,0,37,3
65,1,right_lane,adaptive,0.0316,40,0,24.01641846286567,0.0,4.0,36.0,1.5,9.5,65.47464184666525,46.22464184666526,19.25,18.0,0.9,0,0,36,4
66,1,right_lane,adaptive,0.0316,28,1,21.634224779959375,1.0,1.0,26.0,1.0,8.5,43.381925675684585,29.6319256756846,13.75,18.0,0.8928571428571429,0,0,25,3
67,1,right_lane,adaptive,0.0316,40,0,21.143957345971565,0.0,1.0,39.0,0.0,3.0,60.87939766843067,41.12939766843068,19.75,18.0,1.0,0,0,40,0
68,1,right_lane,adaptive,0.0316,40,0,21.893957345971565,4.0,10.0,26.0,8.5,18.0,58.57892197078475,42.82892197078474,15.75,18.0,1.0,0,0,40,0
69,1,right_lane,adaptive,0.0316,40,0,20.643957345971565,1.0,1.0,38.0,0.5,1.0,60.578398404339495,40.828398404339495,19.75,18.0,1.0,0,0,40,0
70,1,right_lane,adaptive,0.0316,40,0,20.768957345971565,1.0,1.0,38.0,0.5,17.0,60.77839910880876,41.02839910880877,19.75,18.0,1.0,0,0,40,0
71,1,right_lane,adaptive,0.0316,40,0,22.268957345971057,1.0,1.0,38.0,0.5,3.0,63.17839910886008,43.428399108860084,19.75,18.0,0.975,0,0,39,1
72,1,right_lane,adaptive,0.0316,40,0,21.518957344482878,0.0,1.0,39.0,0.0,5.5,62.40306021557957,42.40306021557957,20.0,18.0,0.95,0,0,38,2
73,1,right_lane,adaptive,0.0316,40,0,20.268957345971565,0.0,0.0,40.0,0.0,17.0,60.230331755622736,40.230331755622736,20.0,18.0,1.0,0,0,40,0
74,1,right_lane,adaptive,0.0316,40,0,22.143957345971565,1.0,1.0,38.0,0.5,0.5,62.978398404341505,43.228398404341505,19.75,18.0,0.2,0,0,8,32
75,1,right_lane,adaptive,0.0316,40,0,20.518957345971565,1.0,1.0,38.0,0.5,16.0,60.37839840304393,40.62839840304393,19.75,18.0,1.0,0,0,40,0
76,1,right_lane,adaptive,0.0316,40,0,20.268957345971565,0.0,0.0,40.0,0.0,7.5,60.2303317535545,40.2303317535545,20.0,18.0,1.0,0,0,40,0
77,1,right_lane,adaptive,0.0316,40,0,22.143957345971565,0.0,6.0,34.0,3.0,7.0,61.728985917419166,43.22898591741917,18.5,18.0,0.95,0,0,38,2
78,1,right_lane,adaptive,0.0316,40,0,21.268957345971565,0.0,1.0,39.0,0.0,3.5,61.82939766774115,41.82939766774114,20.0,18.0,0.925,0,0,37,3
79,1,right_lane,adaptive,0.0316,40,0,21.018957345749705,1.0,1.0,38.0,0.5,7.0,61.17839840398453,41.42839840398452,19.75,18.0,0.8,0,0,32,8
80,1,right_lane,adaptive,0.0316,40,0,24.393950894458577,0.0,5.0,35.0,2.5,10.5,65.57909123327008,46.829091233270084,18.75,18.0,0.8,0,0,32,8
81,1,right_lane,adaptive,0.0316,40,0,21.766466606367043,0.0,1.0,39.0,0.0,2.5,62.62542208938908,42.62542208938908,20.0,18.0,1.0,0,0,40,0
82,1,right_lane,adaptive,0.0316,40,0,21.268957345971565,0.0,0.0,40.0,0.0,3.0,61.83379213911206,41.83379213911206,20.0,18.0,0.95,0,0,38,2
83,1,right_lane,adaptive,0.0316,40,0,22.391789654732086,1.0,1.0,38.0,0.5,11.0,63.374930802877735,43.62493080287773,19.75,18.0,0.925,0,0,37,3
84,1,right_lane,adaptive,0.0316,40,0,22.643957345971565,0.0,0.0,40.0,0.0,1.0,64.03334332788558,44.03334332788558,20.0,18.0,0.9,0,0,36,4
85,1,right_lane,adaptive,0.0316,40,0,20.893957345971565,0.0,0.0,40.0,0.0,7.0,61.2303317535545,41.2303317535545,20.0,18.0,1.0,0,0,40,0
86,1,right_lane,adaptive,0.0316,40,0,21.393957345971554,0.0,0.0,40.0,0.0,7.5,62.030331753554485,42.03033175355448,20.0,18.0,1.0,0,0,40,0
87,1,right_lane,adaptive,0.0316,40,0,21.018957345971565,1.0,1.0,38.0,0.5,1.5,61.178398403043936,41.42839840304394,19.75,18.0,0.85,0,0,34,6
88,1,right_lane,adaptive,0.0316,40,0,23.518957345971565,4.0,18.0,18.0,13.0,10.5,59.17524156318954,45.42524156318955,13.75,18.0,0.825,0,0,33,7
89,1,right_lane,adaptive,0.0316,40,0,20.8939573329563,1.0,1.0,38.0,0.5,12.0,60.72839715566054,41.22839715566054,19.5,18.0,0.95,0,0,38,2
90,1,right_lane,adaptive,0.0316,40,0,22.143957345937928,5.0,18.0,17.0,13.5,8.5,56.47364307522146,43.22364307522146,13.25,18.0,1.0,0,0,40,0
91,1,right_lane,adaptive,0.0316,40,0,22.143957345971565,0.0,0.0,40.0,0.0,7.0,63.23033175360125,43.23033175360124,20.0,18.0,0.95,0,0,38,2
92,1,right_lane,adaptive,0.0316,40,0,20.768957345971565,1.0,1.0,38.0,0.5,6.0,60.77839910880876,41.02839910880877,19.75,18.0,0.95,0,0,38,2
93,1,right_lane,adaptive,0.0316,40,0,20.518957345971565,0.0,0.0,40.0,0.0,19.0,60.6303317535545,40.63033175355451,20.0,18.0,1.0,0,0,40,0
94,1,right_lane,adaptive,0.0316,40,0,21.518957345971565,0.0,1.0,39.0,0.5,17.5,61.97852931898048,42.22852931898048,19.75,18.0,0.975,0,0,39,1
95,1,right_lane,adaptive,0.0316,40,0,21.768957345971565,0.0,1.0,39.0,0.0,2.5,62.62939766843071,42.62939766843073,20.0,18.0,0.9,0,0,36,4
96,1,right_lane,adaptive,0.0316,40,0,21.268957345967657,1.0,1.0,38.0,0.5,2.0,61.57839910880253,41.82839910880251,19.75,18.0,1.0,0,0,40,0
97,1,right_lane,adaptive,0.0316,40,0,23.643957345971565,0.0,1.0,39.0,0.0,6.0,65.62939766774726,45.629397667747256,20.0,18.0,0.85,0,0,34,6
98,1,right_lane,adaptive,0.0316,40,0,22.018957345971565,0.0,1.0,39.0,0.0,6.0,63.02939766774115,43.029397667741144,20.0,18.0,0.925,0,0,37,3
99,1,right_lane,adaptive,0.0316,40,0,22.768956496611462,1.0,5.0,34.0,2.5,5.5,62.977688141859936,44.22768814185995,18.75,18.0,0.775,0,0,31,9
100,1,right_lane,adaptive,0.0316,40,0,23.143957345971565,1.0,1.0,38.0,0.5,1.0,64.57839958435783,44.828399584357825,19.75,18.0,0.925,0,0,37,3
101,1,right_lane,adaptive,0.0316,40,0,21.393957345967653,1.0,1.0,38.0,0.5,2.0,61.778398405066994,42.028398405067,19.75,18.0,0.95,0,0,38,2
102,1,right_lane,adaptive,0.0316,13,1,23.135253366251842,0.0,0.0,13.0,0.0,0.0,21.10399430189672,14.603994301896723,6.5,18.0,0.8461538461538461,0,0,11,2
103,1,right_lane,adaptive,0.0316,40,0,22.643957345971565,2.0,17.0,21.0,9.5,15.0,58.775867737109245,43.52586773710925,15.25,18.0,0.95,0,0,38,2
104,1,right_lane,adaptive,0.0316,40,0,20.518957345971565,0.0,1.0,39.0,0.0,5.5,60.629397666520454,40.629397666520454,20.0,18.0,1.0,0,0,40,0
105,1,right_lane,adaptive,0.0316,3,1,25.0,1.0,1.0,1.0,0.5,2.0,4.648067887473768,3.3980678874737684,1.25,18.0,1.0,0,0,3,0
106,1,right_lane,adaptive,0.0316,40,0,21.268957345971565,0.0,0.0,40.0,0.0,2.0,61.3303317535545,41.33033175355451,20.0,18.0,0.95,0,0,38,2
107,1,right_lane,adaptive,0.0316,40,0,20.893957345971565,1.0,1.0,38.0,0.5,8.5,60.97839840434078,41.22839840434077,19.75,18.0,0.775,0,0,31,9
108,1,right_lane,adaptive,0.0316,40,0,21.768957345971053,1.0,1.0,38.0,0.5,3.5,62.378398404339954,42.62839840433996,19.75,18.0,0.9,0,0,36,4
109,1,right_lane,adaptive,0.0316,40,0,22.643957345971565,0.0,1.0,39.0,0.0,3.0,64.02939832968683,44.029398329686835,20.0,18.0,0.9,0,0,36,4
110,1,right_lane,adaptive,0.0316,40,0,20.643957345971565,1.0,9.0,30.0,4.5,12.0,58.57938970918736,40.82938970918737,17.75,18.0,1.0,0,0,40,0
111,1,right_lane,adaptive,0.0316,40,0,21.768957345971565,9.0,1.0,30.0,8.5,6.0,58.37847104616344,42.62847104616345,15.75,18.0,1.0,0,0,40,0
112,1,right_lane,adaptive,0.0316,40,0,22.643957345971565,1.0,7.0,32.0,3.5,4.0,62.27729543714919,44.02729543714919,18.25,18.0,0.975,0,0,39,1
113,1,right_lane,adaptive,0.0316,40,0,21.893957345971565,0.0,1.0,39.0,0.0,13.0,62.829396514718965,42.82939651471897,20.0,18.0,0.95,0,0,38,2
114,1,right_lane,adaptive,0.0316,40,0,20.518957345971565,0.0,1.0,39.0,0.0,11.0,60.629397667739944,40.629397667739944,20.0,18.0,1.0,0,0,40,0
115,1,right_lane,adaptive,0.0316,40,0,21.768957345971565,1.0,1.0,38.0,0.5,5.0,62.37839910886089,42.6283991088609,19.75,18.0,0.975,0,0,39,1
116,1,right_lane,adaptive,0.0316,30,1,20.358609794628755,0.0,0.0,30.0,0.0,12.5,45.2303317535545,30.230331753554502,15.0,18.0,1.0,0,0,30,0
117,1,right_lane,adaptive,0.0316,40,0,22.143957345971494,1.0,2.0,37.0,1.0,8.0,62.22804909828591,42.72804909828591,19.5,18.0,0.975,0,0,39,1
118,1,right_lane,adaptive,0.0316,40,0,22.48104341779885,4.0,10.0,26.0,9.0,13.5,59.517122200501866,43.76712220050188,15.75,18.0,1.0,0,0,40,0
119,1,right_lane,adaptive,0.0316,40,0,22.018957345971565,0.0,0.0,40.0,0.0,10.5,63.18033069244683,43.430330692446844,19.75,18.0,0.95,0,0,38,2
120,1,right_lane,adaptive,0.0316,40,0,22.14395734597149,0.0,1.0,39.0,0.5,0.0,62.97893676050451,43.22893676050451,19.75,18.0,0.9,0,0,36,4
121,1,right_lane,adaptive,0.0316,40,0,21.768957345971565,1.0,1.0,38.0,0.5,4.5,62.378399108861,42.628399108861004,19.75,18.0,0.95,0,0,38,2
122,1,right_lane,adaptive,0.0316,40,0,21.268957345971565,0.0,0.0,40.0,0.0,0.0,61.8303317535545,41.830331753554496,20.0,18.0,0.475,0,0,19,21
123,1,right_lane,adaptive,0.0316,40,0,22.518957345971565,3.0,2.0,35.0,3.0,4.5,62.32891743791032,43.82891743791032,18.5,18.0,0.95,0,0,38,2
124,1,right_lane,adaptive,0.0316,26,1,25.4137805296263,8.0,6.0,12.0,10.0,2.5,39.42533777289454,31.42533777289454,8.0,18.0,1.0,0,0,26,0
125,1,right_lane,adaptive,0.0316,40,0,22.002496438936525,0.0,0.0,40.0,0.0,4.5,62.50399430229842,42.50399430229844,20.0,18.0,0.95,0,0,38,2
126,1,right_lane,adaptive,0.0316,40,0,21.018957344257622,0.0,0.0,40.0,0.0,3.5,61.453200895730006,41.45320089573,20.0,18.0,1.0,0,0,40,0
127,1,right_lane,adaptive,0.0316,40,0,21.018957345971565,0.0,1.0,39.0,0.5,17.5,61.42939833206728,41.42939833206728,20.0,18.0,0.975,0,0,39,1
128,1,right_lane,adaptive,0.0316,40,0,22.018957345971565,1.0,9.0,30.0,4.5,8.0,60.528398930178554,43.028398930178554,17.5,18.0,0.95,0,0,38,2
129,1,right_lane,adaptive,0.0316,40,0,23.76895734594235,0.0,1.0,39.0,0.0,12.0,65.82939832963936,45.829398329639346,20.0,18.0,0.85,0,0,34,6
130,1,right_lane,adaptive,0.0316,40,0,21.518957345971565,0.0,0.0,40.0,0.0,9.5,62.23033175359509,42.230331753595095,20.0,18.0,0.8,0,0,32,8
131,1,right_lane,adaptive,0.0316,40,0,21.768957345971565,0.0,1.0,39.0,0.0,0.5,62.62939832968611,42.6293983296861,20.0,18.0,0.95,0,0,38,2
132,1,right_lane,adaptive,0.0316,40,0,21.250043292099726,0.0,1.0,39.0,0.0,14.5,61.799135182235744,41.79913518223574,20.0,18.0,0.925,0,0,37,3
133,1,right_lane,adaptive,0.0316,40,0,21.018957345971554,0.0,1.0,39.0,0.0,2.5,61.455674969348124,41.455674969348124,20.0,18.0,0.975,0,0,39,1
134,1,right_lane,adaptive,0.0316,40,0,20.393957345971565,0.0,0.0,40.0,0.0,20.0,60.43033175355452,40.43033175355452,20.0,18.0,1.0,0,0,40,0
135,1,right_lane,adaptive,0.0316,40,0,21.518957345971565,0.0,0.0,40.0,0.0,15.5,62.2303317535545,42.230331753554495,20.0,18.0,0.95,0,0,38,2
136,1,right_lane,adaptive,0.0316,40,0,20.768957345971565,0.0,1.0,39.0,0.0,0.5,61.02939766774115,41.02939766774115,20.0,18.0,1.0,0,0,40,0
137,1,right_lane,adaptive,0.0316,32,1,22.679946558601884,11.0,5.0,16.0,14.0,6.0,44.728688901199384,35.22868890119939,9.5,18.0,1.0,0,0,32,0
138,1,right_lane,adaptive,0.0316,40,0,21.143957345971565,0.0,1.0,39.0,0.0,1.0,60.62939780540768,41.129397805407685,19.5,18.0,0.95,0,0,38,2
139,1,right_lane,adaptive,0.0316,40,0,21.893957345971565,1.0,5.0,34.0,2.5,2.5,61.57844809422429,42.8284480942243,18.75,18.0,0.95,0,0,38,2
140,1,right_lane,adaptive,0.0316,18,1,20.875460768825693,0.0,1.0,17.0,0.5,9.0,27.429397666520444,18.429397666520444,9.0,18.0,1.0,0,0,18,0
141,1,right_lane,adaptive,0.0316,40,0,22.768634297606514,0.0,1.0,39.0,0.0,1.5,63.47888145230203,43.72888145230203,19.75,18.0,0.9,0,0,36,4
142,1,right_lane,adaptive,0.0316,40,0,21.643957345970982,0.0,6.0,34.0,2.5,12.0,61.178505744201935,42.42850574420193,18.75,18.0,0.925,0,0,37,3
143,1,right_lane,adaptive,0.0316,40,0,21.231377104427974,0.0,1.0,39.0,0.0,3.0,61.769269280051525,41.76926928005151,20.0,18.0,0.95,0,0,38,2
144,1,right_lane,adaptive,0.0316,40,0,21.143957345971565,0.0,0.0,40.0,0.0,13.5,61.85620455003645,41.85620455003646,20.0,18.0,1.0,0,0,40,0
145,1,right_lane,adaptive,0.0316,40,0,23.85604835504177,1.0,8.0,31.0,4.0,8.0,63.964464332021,45.964464332021,18.0,18.0,0.925,0,0,37,3
146,1,right_lane,adaptive,0.0316,40,0,21.143919754885687,0.0,1.0,39.0,0.0,1.0,62.02932943243769,42.0293294324377,20.0,18.0,1.0,0,0,40,0
147,1,right_lane,adaptive,0.0316,40,0,21.268957345971565,0.0,5.0,35.0,2.5,2.5,60.829449893052235,41.82944989305223,19.0,18.0,0.475,0,0,19,21
148,1,right_lane,adaptive,0.0316,40,0,21.393957345971554,6.0,3.0,31.0,7.0,5.0,58.27746013741443,42.02746013741443,16.25,18.0,0.975,0,0,39,1
149,1,right_lane,adaptive,0.0316,40,0,22.143957345971565,0.0,0.0,40.0,0.0,7.5,63.23033175355452,43.230331753554516,20.0,18.0,0.95,0,0,38,2
150,1,right_lane,adaptive,0.0316,40,0,20.518957345971565,0.0,0.0,40.0,0.0,17.0,60.6303317535545,40.63033175355451,20.0,18.0,1.0,0,0,40,0
151,1,right_lane,adaptive,0.0316,40,0,23.518957345971565,0.0,0.0,40.0,0.0,11.5,65.43033175355451,45.43033175355451,20.0,18.0,0.85,0,0,34,6
152,1,right_lane,adaptive,0.0316,40,0,23.018957247107718,4.0,3.0,33.0,4.5,10.5,62.37646558877776,44.62646558877777,17.75,18.0,0.925,0,0,37,3
153,1,right_lane,adaptive,0.0316,25,1,21.230331753554502,0.0,0.0,25.0,0.0,7.0,38.53033189090608,26.030331890906076,12.5,18.0,1.0,0,0,25,0
154,1,right_lane,adaptive,0.0316,40,0,22.643957345971565,6.0,3.0,31.0,6.5,1.5,60.278927711304,43.52892771130399,16.75,18.0,1.0,0,0,40,0
155,1,right_lane,adaptive,0.0316,40,0,22.518957345971565,0.0,0.0,40.0,0.0,15.0,63.8303317535545,43.8303317535545,20.0,18.0,0.925,0,0,37,3
156,1,right_lane,adaptive,0.0316,40,0,20.268957345971565,0.0,1.0,39.0,0.0,15.5,60.22939651470176,40.22939651470176,20.0,18.0,1.0,0,0,40,0
157,1,right_lane,adaptive,0.0316,40,0,22.127496439133086,0.0,1.0,39.0,0.0,12.0,63.203060216799564,43.20306021679957,20.0,18.0,0.9,0,0,36,4
158,1,right_lane,adaptive,0.0316,40,0,21.143957345971565,0.0,0.0,40.0,0.0,1.0,61.653200898199245,41.653200898199245,20.0,18.0,1.0,0,0,40,0
159,1,right_lane,adaptive,0.0316,40,0,20.893957345971565,1.0,1.0,38.0,0.5,2.5,60.97839840434078,41.22839840434077,19.75,18.0,1.0,0,0,40,0
160,1,right_lane,adaptive,0.0316,40,0,22.643957345971565,1.0,1.0,38.0,0.5,3.0,63.778399108860896,44.028399108860896,19.75,18.0,0.9,0,0,36,4
161,1,right_lane,adaptive,0.0316,40,0,22.000000013019175,1.0,1.0,38.0,0.5,1.0,62.74806544376114,42.99806544376115,19.75,18.0,0.975,0,0,39,1
162,1,right_lane,adaptive,0.0316,40,0,21.518957345971565,0.0,0.0,40.0,0.0,9.5,62.43033173546695,42.43033173546696,20.0,18.0,0.85,0,0,34,6
163,1,right_lane,adaptive,0.0316,40,0,21.393957345971565,0.0,0.0,40.0,0.0,8.0,62.030331753554485,42.030331753554506,20.0,18.0,0.95,0,0,38,2
164,1,right_lane,adaptive,0.0316,40,0,21.893957345971565,1.0,7.0,32.0,3.5,3.0,61.25210833597523,43.00210833597523,18.25,18.0,1.0,0,0,40,0
165,1,right_lane,adaptive,0.0316,40,0,21.0189197534004,0.0,0.0,40.0,0.0,5.0,61.43027160544065,41.43027160544065,20.0,18.0,0.875,0,0,35,5
166,1,right_lane,adaptive,0.0316,40,0,20.393957345971565,0.0,1.0,39.0,0.0,3.5,60.42944989389503,40.42944989389503,20.0,18.0,1.0,0,0,40,0
167,1,right_lane,adaptive,0.0316,40,0,21.26895239570556,0.0,0.0,40.0,0.0,0.0,62.00398638456922,42.003986384569224,20.0,18.0,0.875,0,0,35,5
168,1,right_lane,adaptive,0.0316,40,0,23.143628695453636,0.0,6.0,34.0,3.0,4.5,63.32888108555056,44.82888108555058,18.5,18.0,0.925,0,0,37,3
169,1,right_lane,adaptive,0.0316,40,0,21.268957345971565,0.0,0.0,40.0,0.0,3.5,61.83078834785428,41.83078834785428,20.0,18.0,0.95,0,0,38,2
170,1,right_lane,adaptive,0.0316,40,0,21.643957345971565,0.0,0.0,40.0,0.0,2.0,62.4303317535545,42.430331753554505,20.0,18.0,0.9,0,0,36,4
171,1,right_lane,adaptive,0.0316,40,0,21.62749644062177,1.0,5.0,34.0,3.5,12.0,60.90306021100864,42.40306021100864,18.5,18.0,0.95,0,0,38,2
172,1,right_lane,adaptive,0.0316,40,0,21.518957345971565,0.0,1.0,39.0,0.0,4.5,62.34959191319334,42.59959191319335,19.75,18.0,0.95,0,0,38,2
173,1,right_lane,adaptive,0.0316,40,0,23.01895733298212,0.0,8.0,32.0,3.5,3.0,62.87846479534181,44.62846479534181,18.25,18.0,0.925,0,0,37,3
174,1,right_lane,adaptive,0.0316,40,0,21.893957345971565,0.0,0.0,40.0,0.0,0.0,62.83033177160074,42.830331771600754,20.0,18.0,0.95,0,0,38,2
175,1,right_lane,adaptive,0.0316,40,0,23.76891480462308,0.0,1.0,39.0,0.0,2.5,65.82932960158425,45.82932960158425,20.0,18.0,0.8,0,0,32,8
176,1,right_lane,adaptive,0.0316,40,0,22.750328749382284,1.0,1.0,38.0,0.5,0.5,63.94865175324341,44.1986517532434,19.75,18.0,0.925,0,0,37,3
177,1,right_lane,adaptive,0.0316,40,0,22.018957345971565,0.0,33.0,7.0,16.5,17.5,55.400523594702086,43.40052359470209,12.0,18.0,0.925,0,0,37,3
178,1,right_lane,adaptive,0.0316,40,0,21.768957345971565,4.0,5.0,31.0,6.0,5.0,59.377586556781054,42.627586556781054,16.75,18.0,1.0,0,0,40,0
179,1,right_lane,adaptive,0.0316,40,0,22.01895734597155,0.0,5.0,35.0,2.0,8.5,62.028688781278696,43.028688781278696,19.0,18.0,0.95,0,0,38,2
180,1,right_lane,adaptive,0.0316,40,0,20.893957345971565,2.0,9.0,29.0,5.5,20.0,58.47963706320366,41.22963706320366,17.25,18.0,1.0,0,0,40,0
181,1,right_lane,adaptive,0.0316,40,0,20.393957345971565,0.0,1.0,39.0,0.0,20.5,60.429397666520444,40.429397666520444,20.0,18.0,1.0,0,0,40,0
182,1,right_lane,adaptive,0.0316,40,0,23.143957345971565,1.0,5.0,34.0,2.5,12.5,63.5769844170838,44.82698441708381,18.75,18.0,0.95,0,0,38,2
183,1,right_lane,adaptive,0.0316,40,0,21.268957345971565,0.0,0.0,40.0,0.0,11.0,61.8303317535545,41.830331753554496,20.0,18.0,1.0,0,0,40,0
184,1,right_lane,adaptive,0.0316,40,0,22.268957345971565,2.0,6.0,32.0,4.5,17.0,61.17820887648446,43.42820887648447,17.75,18.0,1.0,0,0,40,0
185,1,right_lane,adaptive,0.0316,40,0,22.393957345967657,1.0,6.0,33.0,3.0,9.0,62.12654653119449,43.62654653119449,18.5,18.0,0.875,0,0,35,5
186,1,right_lane,adaptive,0.0316,40,0,20.393957345971565,0.0,0.0,40.0,0.0,2.0,60.43033175355993,40.43033175355993,20.0,18.0,1.0,0,0,40,0
187,1,right_lane,adaptive,0.0316,40,0,20.768957345971565,1.0,1.0,38.0,0.5,7.5,60.778397176485036,41.02839717648503,19.75,18.0,1.0,0,0,40,0
188,1,right_lane,adaptive,0.0316,40,0,21.393957345971565,0.0,1.0,39.0,0.0,6.0,62.02939766774115,42.02939766774115,20.0,18.0,0.95,0,0,38,2
189,1,right_lane,adaptive,0.0316,40,0,20.643957345971565,0.0,0.0,40.0,0.0,6.5,60.8303317535545,40.8303317535545,20.0,18.0,1.0,0,0,40,0
190,1,right_lane,adaptive,0.0316,40,0,21.518957345971565,1.0,4.0,35.0,2.0,5.0,61.22770413384559,42.227704133845585,19.0,18.0,1.0,0,0,40,0
191,1,right_lane,adaptive,0.0316,40,0,21.51895734594178,1.0,5.0,34.0,2.5,8.5,60.977446510697305,42.22744651069729,18.75,18.0,1.0,0,0,40,0
192,1,right_lane,adaptive,0.0316,40,0,21.393957345971565,0.0,1.0,39.0,0.0,5.5,62.02939766778253,42.02939766778253,20.0,18.0,1.0,0,0,40,0
193,1,right_lane,adaptive,0.0316,40,0,21.393957345971565,0.0,1.0,39.0,0.0,2.0,62.0293983296861,42.029398329686096,20.0,18.0,0.975,0,0,39,1
194,1,right_lane,adaptive,0.0316,30,1,22.35860979462875,0.0,5.0,25.0,2.0,2.0,46.62774009368623,32.62774009368624,14.0,18.0,0.5333333333333333,0,0,16,14
195,1,right_lane,adaptive,0.0316,40,0,23.768957345971565,6.0,6.0,28.0,9.0,1.5,60.82686784539536,45.32686784539537,15.5,18.0,0.825,0,0,33,7
196,1,right_lane,adaptive,0.0316,40,0,22.768957344482818,0.0,1.0,39.0,0.0,8.5,64.22939832730411,44.22939832730412,20.0,18.0,0.9,0,0,36,4
197,1,right_lane,adaptive,0.0316,40,0,21.018957345971565,1.0,1.0,38.0,0.5,1.0,61.1783991109292,41.428399110929206,19.75,18.0,0.975,0,0,39,1
198,1,right_lane,adaptive,0.0316,40,0,21.268957345971565,0.0,1.0,39.0,0.0,8.0,61.82939832968611,41.8293983296861,20.0,18.0,1.0,0,0,40,0
199,1,right_lane,adaptive,0.0316,40,0,23.768957345971565,9.0,3.0,28.0,9.5,2.5,61.07726733140133,45.82726733140133,15.25,18.0,0.95,0,0,38,2
200,1,right_lane,adaptive,0.0316,40,0,20.268957345971565,0.0,0.0,40.0,0.0,14.0,60.2303317535545,40.2303317535545,20.0,18.0,1.0,0,0,40,0
201,1,right_lane,adaptive,0.0316,40,0,20.768957345971565,1.0,1.0,38.0,0.5,7.0,60.778398404339505,41.0283984043395,19.75,18.0,0.7,0,0,28,12
202,1,right_lane,adaptive,0.0316,40,0,22.143957345971565,0.0,0.0,40.0,0.0,15.0,63.230331753554495,43.2303317535545,20.0,18.0,0.925,0,0,37,3
203,1,right_lane,adaptive,0.0316,40,0,20.518957344286836,0.0,1.0,39.0,0.0,4.5,60.629396512006196,40.629396512006196,20.0,18.0,0.45,0,0,18,22
204,1,right_lane,adaptive,0.0316,40,0,23.643957260100045,0.0,0.0,40.0,0.0,2.0,65.63033161850066,45.630331618500676,20.0,18.0,0.875,0,0,35,5
205,1,right_lane,adaptive,0.0316,40,0,21.768957345967657,1.0,2.0,37.0,1.0,10.0,62.12805181374877,42.62805181374878,19.5,18.0,0.9,0,0,36,4
206,1,right_lane,adaptive,0.0316,40,0,21.60850225431897,0.0,3.0,37.0,1.5,1.0,61.871720931125566,42.37172093112556,19.5,18.0,0.925,0,0,37,3
207,1,right_lane,adaptive,0.0316,40,0,23.143957345971565,1.0,2.0,37.0,1.0,10.5,64.47358632577594,45.22358632577595,19.25,18.0,0.875,0,0,35,5
208,1,right_lane,adaptive,0.0316,40,0,20.393957345971565,0.0,0.0,40.0,0.0,3.5,60.430331753554505,40.430331753554505,20.0,18.0,1.0,0,0,40,0
209,1,right_lane,adaptive,0.0316,40,0,21.89395174381868,1.0,1.0,38.0,0.5,1.0,62.57838944089488,42.82838944089488,19.75,18.0,0.925,0,0,37,3
210,1,right_lane,adaptive,0.0316,40,0,20.393957345971565,1.0,1.0,38.0,0.5,1.5,60.17840495955827,40.42840495955827,19.75,18.0,1.0,0,0,40,0
211,1,right_lane,adaptive,0.0316,40,0,22.018957345971565,7.0,7.0,26.0,9.5,2.5,58.27722031839124,43.027220318391244,15.25,18.0,0.875,0,0,35,5
212,1,right_lane,adaptive,0.0316,40,0,21.268957345971565,0.0,0.0,40.0,0.0,1.0,61.8303317535545,41.83033175355451,20.0,18.0,0.95,0,0,38,2
213,1,right_lane,adaptive,0.0316,40,0,21.268957345971565,0.0,5.0,35.0,3.0,13.0,60.57962286709147,41.82962286709148,18.75,18.0,1.0,0,0,40,0
214,1,right_lane,adaptive,0.0316,40,0,23.143909103635565,0.0,1.0,39.0,0.0,3.5,64.57932114194853,44.82932114194851,19.75,18.0,0.85,0,0,34,6
215,1,right_lane,adaptive,0.0316,40,0,21.643957345971565,1.0,4.0,35.0,2.0,1.0,61.42875743691709,42.42875743691709,19.0,18.0,0.95,0,0,38,2
216,1,right_lane,adaptive,0.0316,40,0,22.893957345971565,2.0,3.0,35.0,2.5,5.0,63.17893026509428,44.428930265094266,18.75,18.0,0.95,0,0,38,2
217,1,right_lane,adaptive,0.0316,40,0,20.268957345971565,0.0,0.0,40.0,0.0,2.5,60.2303317535545,40.2303317535545,20.0,18.0,0.3,0,0,12,28
218,1,right_lane,adaptive,0.0316,40,0,21.76895668109524,1.0,1.0,38.0,0.5,1.5,62.37839734053865,42.62839734053866,19.75,18.0,1.0,0,0,40,0
219,1,right_lane,adaptive,0.0316,40,0,21.018957345971565,0.0,0.0,40.0,0.0,5.0,61.43033267726745,41.43033267726746,20.0,18.0,0.575,0,0,23,17
220,1,right_lane,adaptive,0.0316,40,0,21.768957345967713,1.0,1.0,38.0,0.5,4.0,62.37839840433461,42.62839840433462,19.75,18.0,0.95,0,0,38,2
221,1,right_lane,adaptive,0.0316,40,0,23.268957345971565,0.0,10.0,30.0,5.0,0.0,62.52869159946444,45.02869159946444,17.5,18.0,0.9,0,0,36,4
222,1,right_lane,adaptive,0.0316,40,0,22.643919669043452,0.0,0.0,40.0,0.0,7.5,64.03027147046951,44.03027147046953,20.0,18.0,0.9,0,0,36,4
223,1,right_lane,adaptive,0.0316,40,0,23.018957345971565,3.0,5.0,32.0,5.0,11.5,62.12801697723609,44.628016977236086,17.5,18.0,0.95,0,0,38,2
224,1,right_lane,adaptive,0.0316,40,0,20.518957345971565,0.0,1.0,39.0,0.0,4.0,60.629397666520454,40.62939766652045,20.0,18.0,1.0,0,0,40,0
225,1,right_lane,adaptive,0.0316,40,0,21.643957345971565,0.0,1.0,39.0,0.0,0.5,62.42939832968611,42.4293983296861,20.0,18.0,0.975,0,0,39,1
226,1,right_lane,adaptive,0.0316,40,0,21.268957345971565,0.0,0.0,40.0,0.0,2.5,61.8303317535545,41.83033175355451,20.0,18.0,1.0,0,0,40,0
227,1,right_lane,adaptive,0.0316,40,0,26.01895660823949,4.0,5.0,31.0,6.5,0.5,66.17696036396384,49.42696036396386,16.75,18.0,0.825,0,0,33,7
228,1,right_lane,adaptive,0.0316,40,0,20.768957345971565,0.0,1.0,39.0,0.0,4.0,61.20306124411296,41.20306124411295,20.0,18.0,0.925,0,0,37,3
229,1,right_lane,adaptive,0.0316,40,0,21.018957345971565,0.0,0.0,40.0,0.0,0.5,61.43033175355449,41.43033175355449,20.0,18.0,0.975,0,0,39,1
230,1,right_lane,adaptive,0.0316,40,0,22.268957345971565,8.0,5.0,27.0,10.0,3.0,58.42752256249494,43.42752256249494,15.0,18.0,0.925,0,0,37,3
231,1,right_lane,adaptive,0.0316,40,0,21.518957345971565,0.0,1.0,39.0,0.0,0.5,62.229398329686106,42.229398329686106,20.0,18.0,0.975,0,0,39,1
232,1,right_lane,adaptive,0.0316,40,0,20.393957345971565,0.0,1.0,39.0,0.0,5.0,60.429397666520444,40.429397666520444,20.0,18.0,1.0,0,0,40,0
233,1,right_lane,adaptive,0.0316,40,0,20.997875600860247,1.0,5.0,34.0,2.5,16.5,60.144664986108516,41.394664986108516,18.75,18.0,1.0,0,0,40,0
234,1,right_lane,adaptive,0.0316,40,0,20.393957345971565,1.0,1.0,38.0,0.5,20.5,60.38040053144459,40.63040053144459,19.75,18.0,1.0,0,0,40,0
235,1,right_lane,adaptive,0.0316,40,0,24.018957345971565,1.0,4.0,35.0,2.0,0.5,65.22699706767476,46.226997067674766,19.0,18.0,0.775,0,0,31,9
236,1,right_lane,adaptive,0.0316,40,0,21.268957345971565,0.0,0.0,40.0,0.0,6.5,61.8303317535545,41.83033175355451,20.0,18.0,0.9,0,0,36,4
237,1,right_lane,adaptive,0.0316,40,0,20.393957345971565,1.0,1.0,38.0,0.5,3.5,60.17839717648496,40.42839717648496,19.75,18.0,0.425,0,0,17,23
238,1,right_lane,adaptive,0.0316,17,1,27.103413868713115,13.0,4.0,0.0,15.0,0.0,23.128904811666946,21.628904811666942,1.5,18.0,1.0,0,0,17,0
239,1,right_lane,adaptive,0.0316,40,0,22.768957345971565,0.0,1.0,39.0,0.0,12.0,63.229398329686106,43.729398329686106,19.5,18.0,0.9,0,0,36,4
240,1,right_lane,adaptive,0.0316,20,1,21.53791469194313,0.0,0.0,20.0,0.0,5.5,31.030331753554506,21.030331753554506,10.0,18.0,1.0,0,0,20,0
241,1,right_lane,adaptive,0.0316,40,0,22.893951657973492,0.0,0.0,40.0,0.0,0.0,63.93032265275759,43.930322652757596,20.0,18.0,0.8,0,0,32,8
242,1,right_lane,adaptive,0.0316,40,0,22.143908353110096,0.0,4.0,36.0,1.5,8.5,62.47863317707381,43.22863317707381,19.25,18.0,0.975,0,0,39,1
243,1,right_lane,adaptive,0.0316,40,0,22.143957345971565,0.0,0.0,40.0,0.0,0.5,63.2303998193571,43.23039981935711,20.0,18.0,0.9,0,0,36,4
244,1,right_lane,adaptive,0.0316,40,0,23.143957345971565,6.0,6.0,28.0,8.0,7.0,60.828707454907025,44.828707454907025,16.0,18.0,0.95,0,0,38,2
245,1,right_lane,adaptive,0.0316,40,0,23.143957345971565,1.0,1.0,38.0,0.5,1.0,64.57839840304875,44.828398403048745,19.75,18.0,0.9,0,0,36,4
246,1,right_lane,adaptive,0.0316,40,0,20.893957331493432,1.0,1.0,38.0,0.5,2.5,60.97839715331995,41.22839715331995,19.75,18.0,0.95,0,0,38,2
247,1,right_lane,adaptive,0.0316,40,0,21.518957345971565,0.0,0.0,40.0,0.0,0.0,62.23033177366898,42.230331773668986,20.0,18.0,0.775,0,0,31,9
248,1,right_lane,adaptive,0.0316,40,0,21.768951560823588,1.0,5.0,34.0,2.5,12.0,61.37743607615998,42.62743607615999,18.75,18.0,0.95,0,0,38,2
249,1,right_lane,adaptive,0.0316,40,0,23.643622897512255,0.0,7.0,33.0,3.5,10.5,63.87656122577282,45.62656122577282,18.25,18.0,0.875,0,0,35,5
250,1,right_lane,adaptive,0.0316,40,0,20.643957345971565,0.0,0.0,40.0,0.0,3.5,60.83079640293665,40.830796402936656,20.0,18.0,1.0,0,0,40,0
251,1,right_lane,adaptive,0.0316,40,0,20.518957345971565,0.0,0.0,40.0,0.0,6.5,60.6303317535545,40.63033175355451,20.0,18.0,1.0,0,0,40,0
252,1,right_lane,adaptive,0.0316,40,0,20.393957345971558,0.0,1.0,39.0,0.0,10.0,60.42939651470176,40.42939651470176,20.0,18.0,1.0,0,0,40,0
253,1,right_lane,adaptive,0.0316,40,0,21.393957345971494,1.0,1.0,38.0,0.5,6.0,61.77839840304383,42.02839840304382,19.75,18.0,1.0,0,0,40,0
254,1,right_lane,adaptive,0.0316,40,0,22.51895734593799,0.0,4.0,36.0,1.5,6.0,63.078703397234335,43.828703397234335,19.25,18.0,0.925,0,0,37,3
255,1,right_lane,adaptive,0.0316,40,0,22.393919754659983,0.0,1.0,39.0,0.0,2.0,63.62933818363422,43.62933818363421,20.0,18.0,0.95,0,0,38,2
256,1,right_lane,adaptive,0.0316,40,0,20.393957345971565,0.0,1.0,39.0,0.0,7.0,60.429449892145094,40.429449892145094,20.0,18.0,1.0,0,0,40,0
257,1,right_lane,adaptive,0.0316,40,0,25.26866618767182,8.0,3.0,29.0,8.5,1.0,63.97820652326347,48.22820652326347,15.75,18.0,0.85,0,0,34,6
258,1,right_lane,adaptive,0.0316,40,0,22.143957345971565,3.0,6.0,31.0,5.0,14.0,60.72836660397102,43.22836660397102,17.5,18.0,1.0,0,0,40,0
259,1,right_lane,adaptive,0.0316,28,1,23.06279620848833,0.0,6.0,22.0,2.5,2.0,43.97718610373928,31.227186103739275,12.75,18.0,0.5,0,0,14,14
260,1,right_lane,adaptive,0.0316,40,0,21.143914066891014,0.0,1.0,39.0,0.0,5.5,61.12932842121107,41.12932842121107,20.0,18.0,0.575,0,0,23,17
261,1,right_lane,adaptive,0.0316,40,0,24.643957345971565,4.0,3.0,33.0,5.5,0.5,64.47753756380989,47.227537563809875,17.25,18.0,0.925,0,0,37,3
262,1,right_lane,adaptive,0.0316,40,0,22.518919754889087,0.0,0.0,40.0,0.0,6.0,63.83027160782254,43.83027160782254,20.0,18.0,0.9,0,0,36,4
263,1,right_lane,adaptive,0.0316,40,0,20.89395734428684,0.0,1.0,39.0,0.0,0.5,61.22944989035194,41.22944989035194,20.0,18.0,1.0,0,0,40,0
264,1,right_lane,adaptive,0.0316,40,0,22.268957345971565,0.0,4.0,36.0,2.0,4.0,62.42844894714124,43.42844894714125,19.0,18.0,0.975,0,0,39,1
265,1,right_lane,adaptive,0.0316,40,0,21.393957345971565,0.0,1.0,39.0,0.0,6.0,62.029397667741826,42.029397667741826,20.0,18.0,0.95,0,0,38,2
266,1,right_lane,adaptive,0.0316,40,0,21.768957345749705,1.0,1.0,38.0,0.5,3.0,62.37839910850591,42.62839910850592,19.75,18.0,0.875,0,0,35,5
267,1,right_lane,adaptive,0.0316,40,0,21.268957345971565,0.0,1.0,39.0,0.0,3.5,61.82939832999433,41.82939832999433,20.0,18.0,0.975,0,0,39,1
268,1,right_lane,adaptive,0.0316,40,0,21.893957345971565,0.0,0.0,40.0,0.0,11.0,62.8303317535545,42.830331753554496,20.0,18.0,0.95,0,0,38,2
269,1,right_lane,adaptive,0.0316,40,0,22.64395164495432,0.0,0.0,40.0,0.0,1.0,64.0303226319269,44.0303226319269,20.0,18.0,0.925,0,0,37,3
270,1,right_lane,adaptive,0.0316,40,0,22.518957345941836,8.0,5.0,27.0,10.5,4.0,58.57755345988137,43.82755345988137,14.75,18.0,0.875,0,0,35,5
271,1,right_lane,adaptive,0.0316,40,0,21.768957345971565,0.0,0.0,40.0,0.0,0.0,62.63033175359581,42.630331753595804,20.0,18.0,0.925,0,0,37,3
272,1,right_lane,adaptive,0.0316,40,0,21.018957345971565,1.0,1.0,38.0,0.5,10.0,61.178398404341486,41.4283984043415,19.75,18.0,0.625,0,0,25,15
273,1,right_lane,adaptive,0.0316,40,0,21.643957345971565,0.0,0.0,40.0,0.0,5.0,62.43033175355452,42.43033175355451,20.0,18.0,0.95,0,0,38,2
274,1,right_lane,adaptive,0.0316,40,0,21.018957345971565,0.0,0.0,40.0,0.0,4.0,61.4303317535545,41.430331753554505,20.0,18.0,1.0,0,0,40,0
275,1,right_lane,adaptive,0.0316,40,0,21.6439573459385,0.0,0.0,40.0,0.0,1.5,62.43033175350159,42.4303317535016,20.0,18.0,0.95,0,0,38,2
276,1,right_lane,adaptive,0.0316,40,0,21.14395734426102,0.0,1.0,39.0,0.0,3.5,61.62939766505022,41.62939766505021,20.0,18.0,0.75,0,0,30,10
277,1,right_lane,adaptive,0.0316,40,0,21.518957345971565,0.0,1.0,39.0,0.5,11.0,61.97893676288109,42.22893676288109,19.75,18.0,0.95,0,0,38,2
278,1,right_lane,adaptive,0.0316,40,0,20.768957345971565,0.0,0.0,40.0,0.0,11.0,61.030331753554506,41.030331753554506,20.0,18.0,1.0,0,0,40,0
279,1,right_lane,adaptive,0.0316,40,0,21.768957345971565,1.0,9.0,30.0,4.5,4.0,60.37848189442229,42.628481894422286,17.75,18.0,0.95,0,0,38,2
280,1,right_lane,adaptive,0.0316,40,0,22.268957345971565,0.0,14.0,26.0,6.5,6.0,60.17777329076184,43.42777329076185,16.75,18.0,0.95,0,0,38,2
281,1,right_lane,adaptive,0.0316,15,1,21.05055292258946,0.0,0.0,15.0,0.0,7.5,22.930331753553677,15.430331753553679,7.5,18.0,1.0,0,0,15,0
282,1,right_lane,adaptive,0.0316,40,0,20.893957345971565,1.0,1.0,38.0,0.5,0.5,60.47839840434078,40.72839840434077,19.75,18.0,0.85,0,0,34,6
283,1,right_lane,adaptive,0.0316,40,0,21.393957345971565,0.0,1.0,39.0,0.0,10.0,62.02939766843072,42.029397668430725,20.0,18.0,0.95,0,0,38,2
284,1,right_lane,adaptive,0.0316,40,0,21.393957344286836,0.0,1.0,39.0,0.0,2.0,62.02939832699052,42.029398326990524,20.0,18.0,1.0,0,0,40,0
285,1,right_lane,adaptive,0.0316,40,0,24.768628596589345,11.0,12.0,17.0,16.0,9.0,59.42519347761545,47.42519347761545,12.0,18.0,0.95,0,0,38,2
286,1,right_lane,adaptive,0.0316,40,0,22.393919754889087,1.0,1.0,38.0,0.5,8.0,63.378794990993356,43.62879499099335,19.75,18.0,0.925,0,0,37,3
287,1,right_lane,adaptive,0.0316,40,0,22.14395734596759,1.0,11.0,28.0,6.0,9.0,60.22669252073526,43.22669252073526,17.0,18.0,1.0,0,0,40,0
288,1,right_lane,adaptive,0.0316,40,0,22.768957345971565,0.0,0.0,40.0,0.0,5.5,64.23033175356001,44.230331753560016,20.0,18.0,0.925,0,0,37,3
289,1,right_lane,adaptive,0.0316,28,1,22.705653351382363,0.0,4.0,24.0,2.0,2.5,44.078461888562366,30.828461888562366,13.25,18.0,0.75,0,0,21,7
290,1,right_lane,adaptive,0.0316,40,0,20.768957345971565,0.0,0.0,40.0,0.0,10.5,60.28033175355451,40.530331753554506,19.75,18.0,1.0,0,0,40,0
291,1,right_lane,adaptive,0.0316,40,0,23.893957345971565,5.0,4.0,31.0,6.5,0.0,62.77680585398792,46.02680585398791,16.75,18.0,0.975,0,0,39,1
292,1,right_lane,adaptive,0.0316,40,0,23.768957345971565,8.0,4.0,28.0,9.0,0.5,61.32867169474879,45.828671694748785,15.5,18.0,0.95,0,0,38,2
293,1,right_lane,adaptive,0.0316,40,0,20.893957345971565,0.0,0.0,40.0,0.0,1.0,61.230331753554495,41.23033175355451,20.0,18.0,0.4,0,0,16,24
294,1,right_lane,adaptive,0.0316,40,0,20.143957345971565,0.0,0.0,40.0,0.0,19.0,60.030331753554506,40.0303317535545,20.0,18.0,1.0,0,0,40,0
295,1,right_lane,adaptive,0.0316,40,0,22.893957345971565,23.0,1.0,16.0,22.5,0.5,53.17839754993746,44.42839754993744,8.75,18.0,1.0,0,0,40,0
296,1,right_lane,adaptive,0.0316,40,0,24.518951657973492,0.0,0.0,40.0,0.0,0.0,67.03032265275758,47.0303226527576,20.0,18.0,0.825,0,0,33,7
297,1,right_lane,adaptive,0.0316,40,0,22.268957345971565,0.0,1.0,39.0,0.0,0.0,63.429406232024164,43.429406232024164,20.0,18.0,0.925,0,0,37,3
298,1,right_lane,adaptive,0.0316,40,0,22.518957345749705,4.0,6.0,30.0,6.0,3.5,60.82668567118601,43.82668567118602,17.0,18.0,0.925,0,0,37,3
299,1,right_lane,adaptive,0.0316,40,0,21.518957345967646,0.0,0.0,40.0,0.0,2.5,62.23033175385647,42.23033175385646,20.0,18.0,0.925,0,0,37,3
300,1,right_lane,adaptive,0.0316,40,0,20.518957345971565,0.0,0.0,40.0,0.0,11.5,60.63033175355994,40.63033175355994,20.0,18.0,1.0,0,0,40,0
301,1,right_lane,adaptive,0.0316,40,0,20.768957345971565,0.0,0.0,40.0,0.0,5.0,61.030331753554506,41.030331753554506,20.0,18.0,1.0,0,0,40,0
302,1,right_lane,adaptive,0.0316,40,0,20.393957345971565,0.0,1.0,39.0,0.0,16.5,60.429397666520444,40.429397666520444,20.0,18.0,1.0,0,0,40,0
303,1,right_lane,adaptive,0.0316,40,0,22.018957345971565,1.0,1.0,38.0,0.5,2.0,62.778398405073304,43.028398405073304,19.75,18.0,0.975,0,0,39,1
304,1,right_lane,adaptive,0.0316,40,0,21.268957345971565,1.0,2.0,37.0,1.5,1.5,61.32839910886089,41.82839910886089,19.5,18.0,0.95,0,0,38,2
305,1,right_lane,adaptive,0.0316,40,0,21.893585416373085,1.0,4.0,35.0,2.0,6.5,61.57575921910334,42.825759219103354,18.75,18.0,0.875,0,0,35,5
306,1,right_lane,adaptive,0.0316,40,0,21.268957345971565,0.0,5.0,35.0,2.0,12.5,60.82763486232722,41.82763486232721,19.0,18.0,1.0,0,0,40,0
307,1,right_lane,adaptive,0.0316,40,0,21.643957345971565,0.0,1.0,39.0,0.0,5.0,62.429397667741824,42.429397667741824,20.0,18.0,0.925,0,0,37,3
308,1,right_lane,adaptive,0.0316,40,0,20.893957345971565,0.0,1.0,39.0,0.0,3.0,61.229397667741154,41.22939766774115,20.0,18.0,1.0,0,0,40,0
309,1,right_lane,adaptive,0.0316,40,0,23.018957345971497,2.0,3.0,35.0,2.5,0.5,63.37894283343891,44.628942833438906,18.75,18.0,0.925,0,0,37,3
310,1,right_lane,adaptive,0.0316,40,0,23.875328650292236,15.0,14.0,11.0,21.0,5.5,55.49311861633528,45.99311861633528,9.5,18.0,0.95,0,0,38,2
311,1,right_lane,adaptive,0.0316,40,0,23.268957234313866,1.0,1.0,38.0,0.5,2.0,64.80427908026259,45.054279080262596,19.75,18.0,0.925,0,0,37,3
312,1,right_lane,adaptive,0.0316,40,0,24.76895723431381,0.0,0.0,40.0,0.0,0.0,67.6039942814685,47.6039942814685,20.0,18.0,0.85,0,0,34,6
313,1,right_lane,adaptive,0.0316,40,0,24.60849580278017,0.0,5.0,35.0,2.5,1.5,65.91916769448021,47.16916769448021,18.75,18.0,0.9,0,0,36,4
314,1,right_lane,adaptive,0.0316,40,0,21.018957345971565,1.0,1.0,38.0,0.5,1.0,61.574989015908265,41.824989015908265,19.75,18.0,1.0,0,0,40,0
315,1,right_lane,adaptive,0.0316,40,0,22.018957345971565,0.0,3.0,37.0,1.5,5.0,62.27869180562616,43.02869180562616,19.25,18.0,1.0,0,0,40,0
316,1,right_lane,adaptive,0.0316,40,0,21.268957235803004,0.0,0.0,40.0,0.0,2.5,61.8303315772848,41.8303315772848,20.0,18.0,0.975,0,0,39,1
317,1,right_lane,adaptive,0.0316,40,0,21.018957345971565,1.0,1.0,38.0,0.5,11.0,61.178398557396726,41.428398557396726,19.75,18.0,0.925,0,0,37,3
318,1,right_lane,adaptive,0.0316,40,0,21.768957345971565,0.0,0.0,40.0,0.0,0.0,62.6303317535545,42.63033175355451,20.0,18.0,0.925,0,0,37,3
319,1,right_lane,adaptive,0.0316,40,0,20.893957345971565,0.0,1.0,39.0,0.0,2.5,61.22939766773996,41.229397667739946,20.0,18.0,0.875,0,0,35,5
320,1,right_lane,adaptive,0.0316,40,0,21.018957345971565,0.0,1.0,39.0,0.0,18.0,61.42939832963659,41.429398329636605,20.0,18.0,1.0,0,0,40,0
321,1,right_lane,adaptive,0.0316,40,0,22.393957345971565,0.0,0.0,40.0,0.0,11.0,63.630331753554486,43.6303317535545,20.0,18.0,0.875,0,0,35,5
322,1,right_lane,adaptive,0.0316,40,0,21.643957345971565,0.0,6.0,34.0,2.5,12.0,61.17898849723316,42.42898849723316,18.75,18.0,0.925,0,0,37,3
323,1,right_lane,adaptive,0.0316,40,0,22.643957345746305,0.0,9.0,31.0,4.0,11.5,62.027234031880106,44.027234031880106,18.0,18.0,0.95,0,0,38,2
324,1,right_lane,adaptive,0.0316,40,0,21.268957345971565,0.0,0.0,40.0,0.0,1.0,61.83033175386745,41.83033175386745,20.0,18.0,0.95,0,0,38,2
325,1,right_lane,adaptive,0.0316,40,0,22.018956498296195,0.0,3.0,37.0,1.5,6.0,62.2784474092405,43.0284474092405,19.25,18.0,0.95,0,0,38,2
326,1,right_lane,adaptive,0.0316,40,0,20.393957345971565,0.0,0.0,40.0,0.0,3.5,60.43033293123025,40.43033293123025,20.0,18.0,1.0,0,0,40,0
327,1,right_lane,adaptive,0.0316,40,0,21.643957345971565,0.0,0.0,40.0,0.0,1.0,62.43033175355449,42.4303317535545,20.0,18.0,0.975,0,0,39,1
328,1,right_lane,adaptive,0.0316,13,1,23.13525106221637,1.0,1.0,11.0,0.5,0.5,20.678397203138786,14.428397203138784,6.25,18.0,0.38461538461538464,0,0,5,8
329,1,right_lane,adaptive,0.0316,40,0,22.143957334666787,1.0,10.0,29.0,5.0,5.0,60.22939746697826,42.72939746697827,17.5,18.0,0.975,0,0,39,1
330,1,right_lane,adaptive,0.0316,40,0,21.268957345971565,0.0,0.0,40.0,0.0,1.0,62.00399432070057,42.00399432070057,20.0,18.0,0.925,0,0,37,3
331,1,right_lane,adaptive,0.0316,40,0,22.768951646668775,1.0,7.0,32.0,3.5,3.5,62.478680761904954,44.22868076190494,18.25,18.0,1.0,0,0,40,0
332,1,right_lane,adaptive,0.0316,40,0,22.01895174381868,4.0,13.0,23.0,9.5,16.0,58.277464994151266,43.027464994151266,15.25,18.0,1.0,0,0,40,0
333,1,right_lane,adaptive,0.0316,40,0,21.016461004214154,0.0,1.0,39.0,0.0,2.5,61.42541128277006,41.42541128277006,20.0,18.0,1.0,0,0,40,0
334,1,right_lane,adaptive,0.0316,40,0,22.39395734597156,0.0,1.0,39.0,0.0,4.5,63.63286649831698,43.63286649831697,20.0,18.0,0.6,0,0,24,16
335,1,right_lane,adaptive,0.0316,40,0,22.143957345971565,1.0,10.0,29.0,5.0,6.5,60.72540659942822,43.22540659942822,17.5,18.0,0.975,0,0,39,1
336,1,right_lane,adaptive,0.0316,40,0,21.26895734597155,0.0,0.0,40.0,0.0,15.5,61.830331753554496,41.83033175355448,20.0,18.0,0.975,0,0,39,1
337,1,right_lane,adaptive,0.0316,40,0,21.518957345971565,0.0,25.0,15.0,13.0,16.0,55.978936760095856,42.228936760095856,13.75,18.0,0.975,0,0,39,1
338,1,right_lane,adaptive,0.0316,40,0,20.893957345971565,1.0,1.0,38.0,0.5,9.5,60.728399108808794,41.228399108808794,19.5,18.0,1.0,0,0,40,0
339,1,right_lane,adaptive,0.0316,40,0,23.76895733314843,0.0,4.0,36.0,1.5,3.5,65.07775686494905,45.82775686494904,19.25,18.0,0.775,0,0,31,9
340,1,right_lane,adaptive,0.0316,40,0,20.518957345971565,1.0,1.0,38.0,0.5,10.0,60.378398420859114,40.62839842085912,19.75,18.0,1.0,0,0,40,0
341,1,right_lane,adaptive,0.0316,40,0,20.768957345971565,1.0,17.0,22.0,8.5,11.5,56.77839839417122,41.02839839417121,15.75,18.0,1.0,0,0,40,0
342,1,right_lane,adaptive,0.0316,21,1,22.655156849469627,0.0,1.0,20.0,0.0,1.0,33.70306088112642,23.20306088112642,10.5,18.0,0.9047619047619048,0,0,19,2
343,1,right_lane,adaptive,0.0316,40,0,20.768957345971565,0.0,0.0,40.0,0.0,18.5,60.5303317535545,40.530331753554506,20.0,18.0,0.975,0,0,39,1
344,1,right_lane,adaptive,0.0316,40,0,21.018957345971558,0.0,0.0,40.0,0.0,7.0,61.4303317535545,41.4303317535545,20.0,18.0,1.0,0,0,40,0
345,1,right_lane,adaptive,0.0316,40,0,22.893957345971565,0.0,4.0,36.0,1.5,7.5,63.677760764900306,44.427760764900306,19.25,18.0,0.925,0,0,37,3
346,1,right_lane,adaptive,0.0316,40,0,21.268957345971565,0.0,5.0,35.0,2.0,17.5,60.82868762823873,41.82868762823874,19.0,18.0,1.0,0,0,40,0
347,1,right_lane,adaptive,0.0316,40,0,20.643957345967717,1.0,3.0,36.0,1.5,9.0,60.07805692103856,40.828056921038545,19.25,18.0,1.0,0,0,40,0
348,1,right_lane,adaptive,0.0316,40,0,20.518957345971565,0.0,0.0,40.0,0.0,11.0,60.63033175355985,40.63033175355985,20.0,18.0,1.0,0,0,40,0
349,1,right_lane,adaptive,0.0316,40,0,21.768957345971565,0.0,6.0,34.0,2.5,7.5,61.37844217735858,42.62844217735858,18.75,18.0,0.9,0,0,36,4
350,1,right_lane,adaptive,0.0316,40,0,22.268957345971565,1.0,1.0,38.0,0.5,6.5,63.178399108860894,43.4283991088609,19.75,18.0,0.95,0,0,38,2
351,1,right_lane,adaptive,0.0316,40,0,21.518956692178097,0.0,1.0,39.0,0.0,2.0,62.22939662167161,42.229396621671604,20.0,18.0,0.95,0,0,38,2
352,1,right_lane,adaptive,0.0316,40,0,22.643957345971565,1.0,12.0,27.0,6.0,7.0,61.02805597544262,44.028055975442626,17.0,18.0,1.0,0,0,40,0
353,1,right_lane,adaptive,0.0316,40,0,21.268957345971565,1.0,9.0,30.0,4.5,2.5,59.57746435724239,41.82746435724239,17.75,18.0,0.85,0,0,34,6
354,1,right_lane,adaptive,0.0316,40,0,20.752496440425727,0.0,1.0,39.0,0.0,10.5,61.00306021764711,41.00306021764711,20.0,18.0,1.0,0,0,40,0
355,1,right_lane,adaptive,0.0316,40,0,21.018957345971565,1.0,1.0,38.0,0.5,1.5,61.37493009862997,41.62493009862997,19.75,18.0,0.975,0,0,39,1
356,1,right_lane,adaptive,0.0316,40,0,22.018957345971057,1.0,5.0,34.0,2.5,8.0,61.7770563306302,43.02705633063021,18.75,18.0,0.9,0,0,36,4
357,1,right_lane,adaptive,0.0316,40,0,20.768957345971565,1.0,1.0,38.0,0.5,9.5,60.77839910880947,41.028399108809474,19.75,18.0,1.0,0,0,40,0
358,1,right_lane,adaptive,0.0316,40,0,23.643957345971565,2.0,9.0,29.0,5.5,8.0,62.87531300927053,45.62531300927053,17.25,18.0,0.9,0,0,36,4
359,1,right_lane,adaptive,0.0316,40,0,21.393957345971565,1.0,1.0,38.0,0.5,6.0,61.77839910886091,42.028399108860896,19.75,18.0,0.65,0,0,26,14
360,1,right_lane,adaptive,0.0316,40,0,20.518957345971565,1.0,1.0,38.0,0.5,3.5,60.37839717648497,40.62839717648497,19.75,18.0,0.65,0,0,26,14
361,1,right_lane,adaptive,0.0316,40,0,22.893957345716643,0.0,9.0,31.0,4.0,9.5,62.42665265960663,44.42665265960664,18.0,18.0,0.95,0,0,38,2
362,1,right_lane,adaptive,0.0316,40,0,22.143952395702158,0.0,0.0,40.0,0.0,2.5,63.230323833477634,43.23032383347763,20.0,18.0,0.925,0,0,37,3
363,1,right_lane,adaptive,0.0316,40,0,22.643957345971554,9.0,6.0,25.0,11.0,9.5,58.525431931495646,44.02543193149563,14.5,18.0,1.0,0,0,40,0
364,1,right_lane,adaptive,0.0316,40,0,23.893957345971565,0.0,5.0,35.0,2.0,6.5,65.02775399712375,46.027753997123746,19.0,18.0,0.9,0,0,36,4
365,1,right_lane,adaptive,0.0316,40,0,20.768957345971565,0.0,1.0,39.0,0.0,0.0,61.029397666520445,41.02939766652044,20.0,18.0,0.875,0,0,35,5
366,1,right_lane,adaptive,0.0316,40,0,21.018957345971565,0.0,1.0,39.0,0.0,7.5,61.42939651470185,41.429396514701835,20.0,18.0,0.75,0,0,30,10
367,1,right_lane,adaptive,0.0316,40,0,21.50249644062177,0.0,0.0,40.0,0.0,2.0,62.203994304994836,42.20399430499483,20.0,18.0,0.9,0,0,36,4
368,1,right_lane,adaptive,0.0316,40,0,21.643957345971565,0.0,4.0,36.0,1.5,2.0,62.047954308702,42.797954308702,19.25,18.0,1.0,0,0,40,0
369,1,right_lane,adaptive,0.0316,40,0,22.893957345967657,1.0,1.0,38.0,0.5,1.0,64.17839910885465,44.428399108854656,19.75,18.0,0.75,0,0,30,10
370,1,right_lane,adaptive,0.0316,40,0,21.018957345971565,11.0,27.0,2.0,23.5,2.5,49.68032276976755,41.43032276976755,8.25,18.0,1.0,0,0,40,0
371,1,right_lane,adaptive,0.0316,40,0,22.018957345941836,0.0,0.0,40.0,0.0,1.5,63.030331753506935,43.030331753506935,20.0,18.0,0.95,0,0,38,2
372,1,right_lane,adaptive,0.0316,40,0,22.643952395676344,0.0,1.0,39.0,0.0,5.0,64.02939040925503,44.02939040925505,20.0,18.0,0.925,0,0,37,3
373,1,right_lane,adaptive,0.0316,40,0,23.893957345971565,0.0,4.0,36.0,2.5,5.0,65.03033863100168,46.03033863100169,19.0,18.0,0.9,0,0,36,4
374,1,right_lane,adaptive,0.0316,40,0,24.518957345971565,0.0,0.0,40.0,0.0,12.0,66.78033175355449,47.0303317535545,19.75,18.0,0.8,0,0,32,8
375,1,right_lane,adaptive,0.0316,40,0,22.64395734406113,0.0,0.0,40.0,0.0,0.0,64.03033175049782,44.030331750497815,20.0,18.0,0.95,0,0,38,2
376,1,right_lane,adaptive,0.0316,40,0,22.518914053875754,0.0,1.0,39.0,0.5,0.5,63.578867495805504,43.8288674958055,19.75,18.0,0.95,0,0,38,2
377,1,right_lane,adaptive,0.0316,40,0,20.393957345971565,1.0,1.0,38.0,0.5,20.5,60.178457322211486,40.428457322211486,19.75,18.0,1.0,0,0,40,0
378,1,right_lane,adaptive,0.0316,40,0,21.893957345971565,1.0,1.0,38.0,0.5,3.5,62.5783991088088,42.82839910880878,19.75,18.0,0.675,0,0,27,13
379,1,right_lane,adaptive,0.0316,40,0,21.268909202470194,1.0,1.0,38.0,0.5,1.0,61.578321374738586,41.82832137473858,19.75,18.0,0.875,0,0,35,5
380,1,right_lane,adaptive,0.0316,40,0,22.76859100553653,1.0,4.0,35.0,2.5,6.0,62.97748023646074,44.227480236460735,18.75,18.0,0.95,0,0,38,2
381,1,right_lane,adaptive,0.0316,40,0,20.643957345971565,0.0,1.0,39.0,0.0,1.5,60.8299066246583,40.8299066246583,20.0,18.0,1.0,0,0,40,0
382,1,right_lane,adaptive,0.0316,40,0,21.393957345971565,0.0,1.0,39.0,0.0,6.0,62.0293983296861,42.029398329686096,20.0,18.0,0.95,0,0,38,2
383,1,right_lane,adaptive,0.0316,40,0,22.143957345971565,0.0,0.0,40.0,0.0,0.0,63.23033175355451,43.2303317535545,20.0,18.0,0.925,0,0,37,3
384,1,right_lane,adaptive,0.0316,40,0,22.393957345971565,0.0,4.0,36.0,1.5,5.0,62.87734674820686,43.62734674820686,19.25,18.0,0.975,0,0,39,1
385,1,right_lane,adaptive,0.0316,40,0,20.393957345971565,0.0,1.0,39.0,0.0,2.5,60.429397666520444,40.429397666520444,20.0,18.0,1.0,0,0,40,0
386,1,right_lane,adaptive,0.0316,40,0,20.518957345971565,1.0,1.0,38.0,0.5,8.0,60.37839717648497,40.62839717648495,19.75,18.0,1.0,0,0,40,0
387,1,right_lane,adaptive,0.0316,40,0,21.49754686449713,0.0,1.0,39.0,0.0,4.5,62.368803447601685,42.368803447601685,20.0,18.0,0.95,0,0,38,2
388,1,right_lane,adaptive,0.0316,40,0,21.768957345971554,0.0,0.0,40.0,0.0,8.0,62.66007734427782,42.66007734427782,20.0,18.0,0.95,0,0,38,2
389,1,right_lane,adaptive,0.0316,40,0,20.768957345971565,1.0,6.0,33.0,3.0,1.5,59.52899052755056,41.02899052755056,18.5,18.0,1.0,0,0,40,0
390,1,right_lane,adaptive,0.0316,40,0,22.518957345971565,1.0,6.0,33.0,3.0,1.5,62.32869142929269,43.8286914292927,18.5,18.0,0.95,0,0,38,2
391,1,right_lane,adaptive,0.0316,40,0,21.377496440621762,1.0,1.0,38.0,0.5,9.5,61.75205972792526,42.00205972792527,19.75,18.0,1.0,0,0,40,0
392,1,right_lane,adaptive,0.0316,40,0,24.143957345971565,12.0,5.0,23.0,13.5,3.0,59.873787975340456,46.623787975340456,13.25,18.0,1.0,0,0,40,0
393,1,right_lane,adaptive,0.0316,25,1,21.630331753554486,1.0,2.0,22.0,1.0,1.5,38.42804909827968,26.428049098279686,12.0,18.0,0.4,0,0,10,15
394,1,right_lane,adaptive,0.0316,40,0,21.26895724882166,1.0,1.0,38.0,0.5,3.0,61.07839824963342,41.328398249633416,19.75,18.0,0.625,0,0,25,15
395,1,right_lane,adaptive,0.0316,40,0,21.143957345971565,0.0,6.0,34.0,2.5,9.0,60.37805232232962,41.62805232232963,18.75,18.0,1.0,0,0,40,0
396,1,right_lane,adaptive,0.0316,40,0,22.000043292099726,0.0,7.0,33.0,3.0,5.5,61.67277874608465,43.17277874608465,18.5,18.0,1.0,0,0,40,0
397,1,right_lane,adaptive,0.0316,40,0,23.643957345971565,0.0,1.0,39.0,0.0,5.5,65.82933752200918,45.82933752200918,20.0,18.0,0.85,0,0,34,6
398,1,right_lane,adaptive,0.0316,40,0,21.768957345971565,0.0,2.0,38.0,0.5,1.5,62.37800449721028,42.62800449721029,19.75,18.0,0.25,0,0,10,30
399,1,right_lane,adaptive,0.0316,40,0,20.893957345971565,0.0,0.0,40.0,0.0,1.5,61.2303317535545,41.2303317535545,20.0,18.0,1.0,0,0,40,0
400,1,right_lane,adaptive,0.0316,40,0,20.268957345971565,0.0,0.0,40.0,0.0,13.0,60.40399430499483,40.40399430499483,20.0,18.0,1.0,0,0,40,0
401,1,right_lane,adaptive,0.0316,40,0,20.893957345971565,0.0,1.0,39.0,0.0,2.0,61.229397667741154,41.22939766774115,20.0,18.0,1.0,0,0,40,0
402,1,right_lane,adaptive,0.0316,40,0,21.893957345971565,4.0,3.0,33.0,5.5,6.0,60.07705673041208,42.827056730412075,17.25,18.0,1.0,0,0,40,0
403,1,right_lane,adaptive,0.0316,40,0,25.393957344286832,10.0,7.0,23.0,12.5,1.0,62.17588026375119,48.42588026375119,13.75,18.0,0.95,0,0,38,2
404,1,right_lane,adaptive,0.0316,40,0,22.768956608239495,1.0,1.0,38.0,0.5,3.5,63.978397930830184,44.22839793083017,19.75,18.0,0.925,0,0,37,3
405,1,right_lane,adaptive,0.0316,40,0,21.14395734574971,1.0,1.0,38.0,0.5,7.5,61.37839820106145,41.62839820106145,19.75,18.0,1.0,0,0,40,0
406,1,right_lane,adaptive,0.0316,40,0,22.500043292099726,0.0,1.0,39.0,0.0,1.5,63.79913518185443,43.79913518185443,20.0,18.0,0.95,0,0,38,2
407,1,right_lane,adaptive,0.0316,40,0,23.372503574111864,6.0,5.0,29.0,8.0,3.5,61.643304320156915,45.39330432015693,16.25,18.0,0.925,0,0,37,3
408,1,right_lane,adaptive,0.0316,40,0,23.018957345970982,0.0,4.0,36.0,2.0,6.0,63.58214046283731,44.83214046283731,18.75,18.0,0.9,0,0,36,4
409,1,right_lane,adaptive,0.0316,40,0,21.768957345971565,1.0,1.0,38.0,0.5,2.5,62.37839910880955,42.628399108809575,19.75,18.0,0.925,0,0,37,3
410,1,right_lane,adaptive,0.0316,40,0,23.393957345971565,5.0,5.0,30.0,6.5,13.5,61.97566999464129,45.22566999464129,16.75,18.0,0.925,0,0,37,3
411,1,right_lane,adaptive,0.0316,40,0,21.625043292099726,0.0,23.0,17.0,11.0,2.5,56.899132376869595,42.3991323768696,14.5,18.0,0.9,0,0,36,4
412,1,right_lane,adaptive,0.0316,40,0,20.268957345971565,0.0,0.0,40.0,0.0,14.5,60.60393415926287,40.60393415926286,20.0,18.0,1.0,0,0,40,0
413,1,right_lane,adaptive,0.0316,40,0,20.893957345971565,1.0,6.0,33.0,3.0,4.5,59.728478331357294,41.22847833135729,18.5,18.0,1.0,0,0,40,0
414,1,right_lane,adaptive,0.0316,40,0,21.01895734426102,1.0,1.0,38.0,0.5,10.5,61.17839717374808,41.42839717374808,19.75,18.0,1.0,0,0,40,0
415,1,right_lane,adaptive,0.0316,40,0,22.893957345971565,5.0,7.0,28.0,7.5,12.0,60.67519934545613,44.42519934545613,16.25,18.0,0.925,0,0,37,3
416,1,right_lane,adaptive,0.0316,40,0,21.747510011146723,1.0,1.0,38.0,0.5,11.0,62.344082668621034,42.59408266862103,19.75,18.0,0.925,0,0,37,3
417,1,right_lane,adaptive,0.0316,40,0,21.01895239570556,0.0,0.0,40.0,0.0,10.0,61.46012062422711,41.4601206242271,20.0,18.0,1.0,0,0,40,0
418,1,right_lane,adaptive,0.0316,40,0,20.893957345971565,0.0,0.0,40.0,0.0,1.0,61.23033863096109,41.23033863096111,20.0,18.0,0.925,0,0,37,3
419,1,right_lane,adaptive,0.0316,40,0,24.26895659522033,11.0,9.0,20.0,14.5,4.5,59.37535097353645,46.625350973536435,12.75,18.0,0.95,0,0,38,2
420,1,right_lane,adaptive,0.0316,40,0,20.268957345971565,0.0,1.0,39.0,0.0,3.0,60.22939755772076,40.22939755772076,20.0,18.0,1.0,0,0,40,0
421,1,right_lane,adaptive,0.0316,40,0,22.018957345971565,0.0,1.0,39.0,0.0,2.0,63.02939766774182,43.02939766774183,20.0,18.0,0.95,0,0,38,2
422,1,right_lane,adaptive,0.0316,40,0,22.518957345971565,0.0,3.0,37.0,1.5,5.0,63.07828185537269,43.82828185537269,19.25,18.0,0.875,0,0,35,5
423,1,right_lane,adaptive,0.0316,40,0,21.643957345971565,0.0,0.0,40.0,0.0,6.5,62.430331753554505,42.430331753554505,20.0,18.0,0.925,0,0,37,3
424,1,right_lane,adaptive,0.0316,40,0,21.768957345971565,1.0,1.0,38.0,0.5,8.0,62.37839717648495,42.62839717648497,19.75,18.0,0.925,0,0,37,3
425,1,right_lane,adaptive,0.0316,40,0,20.518957345971565,1.0,1.0,38.0,0.5,0.5,60.37839840304393,40.62839840304393,19.75,18.0,1.0,0,0,40,0
426,1,right_lane,adaptive,0.0316,40,0,22.893957345971565,0.0,1.0,39.0,0.0,0.5,64.42939832968611,44.42939832968611,20.0,18.0,0.85,0,0,34,6
427,1,right_lane,adaptive,0.0316,19,1,22.145173359931892,1.0,1.0,17.0,0.5,0.5,29.67839840433451,20.42839840433451,9.25,18.0,0.5789473684210527,0,0,11,8
428,1,right_lane,adaptive,0.0316,40,0,20.268957345971565,0.0,1.0,39.0,0.0,10.5,59.72939651470176,39.72939651470176,20.0,18.0,1.0,0,0,40,0
429,1,right_lane,adaptive,0.0316,11,1,20.978026711802876,0.0,0.0,11.0,0.5,5.0,16.730331753193266,11.23033175319327,5.5,18.0,1.0,0,0,11,0
430,1,right_lane,adaptive,0.0316,40,0,21.018957345971565,0.0,0.0,40.0,0.0,13.0,60.6803317535545,40.930331753554505,19.75,18.0,0.95,0,0,38,2
431,1,right_lane,adaptive,0.0316,40,0,22.393957345971565,0.0,0.0,40.0,0.0,5.5,63.630331753554515,43.63033175355451,20.0,18.0,0.625,0,0,25,15
432,1,right_lane,adaptive,0.0316,40,0,21.39395724882166,3.0,2.0,35.0,3.0,6.5,60.528670828690565,42.028670828690565,18.5,18.0,0.8,0,0,32,8
433,1,right_lane,adaptive,0.0316,40,0,20.64395733317816,0.0,4.0,36.0,1.5,4.5,60.078991343930944,40.82899134393094,19.25,18.0,0.725,0,0,29,11
434,1,right_lane,adaptive,0.0316,40,0,24.00249644036678,1.0,8.0,31.0,4.0,2.0,64.20235244951985,46.20235244951985,18.0,18.0,0.95,0,0,38,2
435,1,right_lane,adaptive,0.0316,40,0,21.143957345971565,1.0,1.0,38.0,0.5,0.5,61.40126631941572,41.65126631941572,19.75,18.0,0.975,0,0,39,1
436,1,right_lane,adaptive,0.0316,40,0,21.268957345971565,0.0,0.0,40.0,0.0,11.5,62.00399430499484,42.00399430499483,20.0,18.0,0.95,0,0,38,2
437,1,right_lane,adaptive,0.0316,40,0,20.768957345971565,1.0,1.0,38.0,0.5,9.5,60.77839840434078,41.02839840434077,19.75,18.0,1.0,0,0,40,0
438,1,right_lane,adaptive,0.0316,40,0,22.643957345971565,1.0,8.0,31.0,4.5,10.0,62.02459538781255,44.02459538781255,18.0,18.0,0.925,0,0,37,3
439,1,right_lane,adaptive,0.0316,16,1,26.609877235507703,4.0,6.0,6.0,6.0,4.0,24.777278176909554,20.02727817690955,4.75,18.0,1.0,0,0,16,0
440,1,right_lane,adaptive,0.0316,40,0,21.518957345971565,0.0,1.0,39.0,0.0,7.5,61.72939766774183,41.72939766774182,20.0,18.0,0.95,0,0,38,2
441,1,right_lane,adaptive,0.0316,40,0,21.018957247332974,0.0,1.0,39.0,0.0,12.5,61.42939750991941,41.42939750991941,20.0,18.0,1.0,0,0,40,0
442,1,right_lane,adaptive,0.0316,40,0,20.893957345971565,0.0,0.0,40.0,0.0,4.0,61.230331890593135,41.230331890593135,20.0,18.0,1.0,0,0,40,0
443,1,right_lane,adaptive,0.0316,40,0,22.018957345971565,0.0,1.0,39.0,0.0,4.0,63.0293983296861,43.02939832968611,20.0,18.0,0.9,0,0,36,4
444,1,right_lane,adaptive,0.0316,40,0,23.606414695510388,0.0,8.0,32.0,4.0,11.0,63.56862977741644,45.568629777416426,18.0,18.0,0.95,0,0,38,2
445,1,right_lane,adaptive,0.0316,40,0,21.893957345971565,1.0,1.0,38.0,0.5,10.5,62.80421855392346,43.054218553923455,19.75,18.0,0.925,0,0,37,3
446,1,right_lane,adaptive,0.0316,40,0,21.518957345971558,1.0,1.0,38.0,0.5,9.5,61.97839840507329,42.2283984050733,19.75,18.0,0.875,0,0,35,5
447,1,right_lane,adaptive,0.0316,40,0,22.018957345971565,3.0,7.0,30.0,6.0,5.0,60.027991963477,43.02799196347701,17.0,18.0,1.0,0,0,40,0
448,1,right_lane,adaptive,0.0316,40,0,20.518957345971565,0.0,1.0,39.0,0.0,12.0,60.629396514701746,40.62939651470175,20.0,18.0,1.0,0,0,40,0
449,1,right_lane,adaptive,0.0316,17,1,20.92695846110954,0.0,1.0,16.0,0.0,9.0,25.92939766652043,17.42939766652043,8.5,18.0,1.0,0,0,17,0
450,1,right_lane,adaptive,0.0316,40,0,22.643957345971554,1.0,1.0,38.0,0.5,5.0,63.27839840507329,43.52839840507329,19.75,18.0,0.825,0,0,33,7
451,1,right_lane,adaptive,0.0316,40,0,21.143957345971565,0.0,0.0,40.0,0.0,1.0,61.63033175355451,41.630331753554515,20.0,18.0,1.0,0,0,40,0
452,1,right_lane,adaptive,0.0316,40,0,21.608867844032495,0.0,10.0,30.0,4.5,12.0,60.12412309024453,42.37412309024453,17.75,18.0,0.975,0,0,39,1
453,1,right_lane,adaptive,0.0316,40,0,22.893957345970982,1.0,4.0,35.0,3.0,0.5,63.325712769938946,44.825712769938946,18.5,18.0,0.85,0,0,34,6
454,1,right_lane,adaptive,0.0316,40,0,21.143957345971565,0.0,1.0,39.0,0.0,8.5,61.629396514702556,41.62939651470256,20.0,18.0,0.65,0,0,26,14
455,1,right_lane,adaptive,0.0316,40,0,22.14395734597104,1.0,5.0,34.0,2.5,11.5,61.977446036917314,43.2274460369173,18.75,18.0,1.0,0,0,40,0
456,1,right_lane,adaptive,0.0316,40,0,22.393957345971565,0.0,0.0,40.0,0.0,9.0,63.630331753555254,43.63033175355524,20.0,18.0,0.9,0,0,36,4
457,1,right_lane,adaptive,0.0316,40,0,23.768957345971565,0.0,0.0,40.0,0.5,2.0,65.8303317535545,45.830331753554496,20.0,18.0,0.85,0,0,34,6
458,1,right_lane,adaptive,0.0316,40,0,22.768956693888633,1.0,1.0,38.0,0.5,5.5,63.7283973617406,44.22839736174062,19.5,18.0,0.9,0,0,36,4
459,1,right_lane,adaptive,0.0316,40,0,21.268957345971565,0.0,1.0,39.0,0.0,10.0,61.829398573680905,41.82939857368089,20.0,18.0,1.0,0,0,40,0
460,1,right_lane,adaptive,0.0316,4,1,25.0,1.0,2.0,1.0,1.0,0.5,6.097200792566933,4.597200792566933,1.5,18.0,1.0,0,0,4,0
461,1,right_lane,adaptive,0.0316,40,0,21.018957345971565,0.0,1.0,39.0,0.0,8.0,60.929397666520444,40.929397666520444,20.0,18.0,1.0,0,0,40,0
462,1,right_lane,adaptive,0.0316,40,0,23.893957345971565,8.0,1.0,31.0,7.5,13.0,62.27837785141184,46.02837785141184,16.25,18.0,0.95,0,0,38,2
463,1,right_lane,adaptive,0.0316,40,0,22.018957345971554,0.0,0.0,40.0,0.0,1.0,63.03033175355449,43.030331753554485,20.0,18.0,0.9,0,0,36,4
464,1,right_lane,adaptive,0.0316,38,1,20.54627089026285,0.0,0.0,38.0,0.0,1.0,57.63033175319954,38.630331753199535,19.0,18.0,0.868421052631579,0,0,33,5
465,1,right_lane,adaptive,0.0316,40,0,21.625328749382287,3.0,2.0,35.0,3.0,10.5,60.39888028043688,41.89888028043688,18.5,18.0,0.975,0,0,39,1
466,1,right_lane,adaptive,0.0316,40,0,21.143957345971565,1.0,1.0,38.0,0.5,0.0,61.751604928649115,42.001604928649115,19.75,18.0,0.975,0,0,39,1
467,1,right_lane,adaptive,0.0316,40,0,21.393957345971565,0.0,0.0,40.0,0.0,10.0,62.030331753554506,42.030331753554506,20.0,18.0,0.925,0,0,37,3
468,1,right_lane,adaptive,0.0316,40,0,20.893957345971565,0.0,0.0,40.0,0.0,7.0,61.2303317535545,41.2303317535545,20.0,18.0,1.0,0,0,40,0
469,1,right_lane,adaptive,0.0316,40,0,22.62500001301917,0.0,0.0,40.0,0.0,3.0,64.00000002083068,44.00000002083068,20.0,18.0,0.975,0,0,39,1
470,1,right_lane,adaptive,0.0316,40,0,21.1439573331451,1.0,1.0,38.0,0.5,7.0,61.578397137875065,41.828397137875065,19.75,18.0,0.95,0,0,38,2
471,1,right_lane,adaptive,0.0316,40,0,23.268957345971565,0.0,0.0,40.0,0.0,0.0,65.0303317713743,45.03033177137431,20.0,18.0,0.875,0,0,35,5
472,1,right_lane,adaptive,0.0316,40,0,22.143952395705558,0.0,1.0,39.0,0.0,2.0,63.22938974800511,43.22938974800512,20.0,18.0,0.925,0,0,37,3
473,1,right_lane,adaptive,0.0316,40,0,21.893957334662417,0.0,3.0,37.0,1.5,10.0,62.07940309552289,42.829403095522906,19.25,18.0,0.95,0,0,38,2
474,1,right_lane,adaptive,0.0316,40,0,23.64395723409246,4.0,16.0,20.0,11.0,12.5,60.123070727534994,45.623070727534994,14.5,18.0,1.0,0,0,40,0
475,1,right_lane,adaptive,0.0316,40,0,20.768957345971565,1.0,1.0,38.0,0.5,3.5,60.77839926424215,41.028399264242154,19.75,18.0,1.0,0,0,40,0
476,1,right_lane,adaptive,0.0316,40,0,24.14113226785104,0.0,3.0,37.0,1.5,3.0,65.6751034668277,46.425103466827686,19.25,18.0,0.85,0,0,34,6
477,1,right_lane,adaptive,0.0316,40,0,20.768957345971565,0.0,0.0,40.0,0.0,2.0,61.03291879278069,41.0329187927807,20.0,18.0,1.0,0,0,40,0
478,1,right_lane,adaptive,0.0316,40,0,23.018957345971565,8.0,10.0,22.0,12.0,10.0,58.62643242396096,44.62643242396096,14.0,18.0,1.0,0,0,40,0
479,1,right_lane,adaptive,0.0316,40,0,25.268957345971565,4.0,10.0,26.0,8.0,6.5,64.22249223052546,48.222492230525454,16.0,18.0,0.975,0,0,39,1
480,1,right_lane,adaptive,0.0316,40,0,22.39150419744946,1.0,4.0,35.0,2.0,15.0,62.624766392623904,43.62476639262391,19.0,18.0,0.825,0,0,33,7
481,1,right_lane,adaptive,0.0316,40,0,20.518957345971565,0.0,1.0,39.0,0.0,14.5,60.63280582799123,40.63280582799123,20.0,18.0,0.95,0,0,38,2
482,1,right_lane,adaptive,0.0316,40,0,22.39178965473164,4.0,5.0,31.0,6.0,8.5,60.624118250797174,43.62411825079718,17.0,18.0,0.975,0,0,39,1
483,1,right_lane,adaptive,0.0316,40,0,20.643957345971565,0.0,1.0,39.0,0.0,4.0,60.832409242072835,40.832409242072835,20.0,18.0,1.0,0,0,40,0
484,1,right_lane,adaptive,0.0316,40,0,21.143957345775526,1.0,1.0,38.0,0.5,1.0,61.3783984047596,41.628398404759594,19.75,18.0,0.925,0,0,37,3
485,1,right_lane,adaptive,0.0316,40,0,21.018957345971565,0.0,1.0,39.0,0.0,0.5,61.4293976680135,41.42939766801351,20.0,18.0,0.175,0,0,7,33
486,1,right_lane,adaptive,0.0316,40,0,21.518957345971565,0.0,3.0,37.0,1.5,4.5,61.479637483099914,42.22963748309991,19.25,18.0,1.0,0,0,40,0
487,1,right_lane,adaptive,0.0316,40,0,24.518957345971057,0.0,1.0,39.0,0.0,1.5,67.02939832968529,47.02939832968528,20.0,18.0,0.85,0,0,34,6
488,1,right_lane,adaptive,0.0316,40,0,22.76646090706425,6.0,3.0,31.0,7.0,1.0,60.897129058127746,44.39712905812776,16.5,18.0,0.6,0,0,24,16
489,1,right_lane,adaptive,0.0316,40,0,21.768956498296195,0.0,0.0,40.0,0.0,6.5,62.633798691334604,42.633798691334604,20.0,18.0,0.9,0,0,36,4
490,1,right_lane,adaptive,0.0316,40,0,20.893957345971565,0.0,0.0,40.0,0.0,1.5,61.23033293123026,41.23033293123025,20.0,18.0,1.0,0,0,40,0
491,1,right_lane,adaptive,0.0316,40,0,21.643957345937995,1.0,1.0,38.0,0.5,8.0,62.17839840299022,42.42839840299022,19.75,18.0,0.925,0,0,37,3
492,1,right_lane,adaptive,0.0316,40,0,20.268957345971565,0.0,0.0,40.0,0.0,11.0,60.23033175360114,40.23033175360114,20.0,18.0,1.0,0,0,40,0
493,1,right_lane,adaptive,0.0316,40,0,22.143957345971565,0.0,1.0,39.0,0.0,15.5,63.2293983296861,43.229398329686106,20.0,18.0,0.975,0,0,39,1
494,1,right_lane,adaptive,0.0316,40,0,21.518957345971565,0.0,0.0,40.0,0.0,3.5,62.230331753554495,42.23033175355451,20.0,18.0,0.95,0,0,38,2
495,1,right_lane,adaptive,0.0316,40,0,20.393957345971565,0.0,1.0,39.0,0.0,2.0,60.429397666520444,40.429397666520444,20.0,18.0,1.0,0,0,40,0
496,1,right_lane,adaptive,0.0316,40,0,22.268957345971565,1.0,4.0,35.0,2.0,4.5,62.426984689440516,43.426984689440516,19.0,18.0,0.975,0,0,39,1
497,1,right_lane,adaptive,0.0316,40,0,21.768957345971565,0.0,1.0,39.0,0.0,1.0,62.629398329686104,42.6293983296861,20.0,18.0,0.95,0,0,38,2
498,1,right_lane,adaptive,0.0316,40,0,21.89366628653611,0.0,0.0,40.0,0.0,1.0,62.82986605845779,42.82986605845778,20.0,18.0,0.9,0,0,36,4
499,1,right_lane,adaptive,0.0316,40,0,20.768957345971508,0.0,0.0,40.0,0.0,13.0,61.030736122547864,41.030736122547864,20.0,18.0,1.0,0,0,40,0
500,1,right_lane,adaptive,0.0316,40,0,20.393957345971565,1.0,1.0,38.0,0.5,11.5,60.17839717648504,40.42839717648504,19.75,18.0,1.0,0,0,40,0
501,1,right_lane,adaptive,0.0316,40,0,22.768957344031918,0.0,8.0,32.0,4.0,11.0,62.22891281693514,44.22891281693514,18.0,18.0,0.975,0,0,39,1
502,1,right_lane,adaptive,0.0316,40,0,20.643957345971565,0.0,1.0,39.0,0.0,0.0,60.82939766921974,40.82939766921974,20.0,18.0,1.0,0,0,40,0
503,1,right_lane,adaptive,0.0316,40,0,21.143957345971565,1.0,1.0,38.0,0.5,7.0,61.378398404340764,41.62839840434078,19.75,18.0,0.925,0,0,37,3
504,1,right_lane,adaptive,0.0316,11,1,24.485753733021287,1.0,1.0,9.0,1.0,2.5,18.02179899778363,12.771798997783629,5.25,18.0,0.8181818181818182,0,0,9,2
505,1,right_lane,adaptive,0.0316,40,0,21.268957345971565,0.0,0.0,40.0,0.0,4.5,61.08033175355449,41.330331753554496,19.75,18.0,0.85,0,0,34,6
506,1,right_lane,adaptive,0.0316,40,0,20.768957345971565,1.0,1.0,38.0,0.5,1.0,60.77839840434078,41.02839840434077,19.75,18.0,1.0,0,0,40,0
507,1,right_lane,adaptive,0.0316,40,0,23.375005701017248,3.0,5.0,32.0,5.0,2.5,62.69786315655149,45.19786315655149,17.5,18.0,0.975,0,0,39,1
508,1,right_lane,adaptive,0.0316,40,0,20.518957345971565,0.0,1.0,39.0,0.0,11.0,60.82938974731433,40.82938974731434,20.0,18.0,1.0,0,0,40,0
509,1,right_lane,adaptive,0.0316,40,0,20.393957345971565,1.0,1.0,38.0,0.5,18.0,60.17839717648496,40.42839717648496,19.75,18.0,1.0,0,0,40,0
510,1,right_lane,adaptive,0.0316,40,0,22.51891975488524,1.0,1.0,38.0,0.5,6.5,63.578338258602656,43.828338258602656,19.75,18.0,0.875,0,0,35,5
511,1,right_lane,adaptive,0.0316,40,0,21.518957345971565,1.0,4.0,35.0,2.0,6.0,61.22775706366648,42.22775706366648,19.0,18.0,1.0,0,0,40,0
512,1,right_lane,adaptive,0.0316,40,0,22.75000570101725,0.0,0.0,40.0,0.0,3.0,64.20000912162757,44.200009121627595,20.0,18.0,0.95,0,0,38,2
513,1,right_lane,adaptive,0.0316,40,0,20.893956694084682,1.0,1.0,38.0,0.5,1.5,61.00472688945583,41.254726889455824,19.75,18.0,0.575,0,0,23,17
514,1,right_lane,adaptive,0.0316,40,0,21.143957345971565,1.0,1.0,38.0,0.5,4.0,61.378399310006195,41.6283993100062,19.75,18.0,0.95,0,0,38,2
515,1,right_lane,adaptive,0.0316,40,0,22.26895659522039,1.0,1.0,38.0,0.5,0.5,63.17839720313889,43.42839720313889,19.75,18.0,0.85,0,0,34,6
516,1,right_lane,adaptive,0.0316,40,0,21.393957345971565,1.0,1.0,38.0,0.5,12.5,61.77839944735841,42.02839944735842,19.75,18.0,0.85,0,0,34,6
517,1,right_lane,adaptive,0.0316,32,1,21.429946682464454,3.0,8.0,21.0,6.0,8.0,46.62618509403377,33.62618509403378,13.0,18.0,0.84375,0,0,27,5
518,1,right_lane,adaptive,0.0316,40,0,21.143957345941843,0.0,9.0,31.0,4.5,6.0,58.87940004890149,41.12940004890149,17.75,18.0,1.0,0,0,40,0
519,1,right_lane,adaptive,0.0316,40,0,20.768957345971565,1.0,1.0,38.0,0.5,15.0,60.77839910885005,41.02839910885006,19.75,18.0,1.0,0,0,40,0
520,1,right_lane,adaptive,0.0316,40,0,21.268957345971565,0.0,0.0,40.0,0.0,0.0,61.83033175355452,41.8303317535545,20.0,18.0,0.925,0,0,37,3
521,1,right_lane,adaptive,0.0316,40,0,20.768957345971565,0.0,6.0,34.0,2.5,6.0,59.77939858645939,41.02939858645939,18.75,18.0,1.0,0,0,40,0
522,1,right_lane,adaptive,0.0316,40,0,21.250328749382216,0.0,0.0,40.0,0.0,5.0,61.80052599901154,41.80052599901155,20.0,18.0,0.975,0,0,39,1
523,1,right_lane,adaptive,0.0316,23,1,22.424273645167922,1.0,1.0,21.0,0.5,4.5,36.30427789809019,25.05427789809019,11.25,18.0,0.9565217391304348,0,0,22,1
524,1,right_lane,adaptive,0.0316,40,0,24.89395724713693,0.0,1.0,39.0,0.0,1.5,67.12939817155069,47.12939817155069,20.0,18.0,0.85,0,0,34,6
525,1,right_lane,adaptive,0.0316,40,0,22.018957345971565,0.0,4.0,36.0,1.5,15.0,62.277737255629276,43.02773725562927,19.25,18.0,0.975,0,0,39,1
526,1,right_lane,adaptive,0.0316,40,0,23.143957345971565,5.0,4.0,31.0,6.5,10.5,61.576546272622565,44.826546272622565,16.75,18.0,1.0,0,0,40,0
527,1,right_lane,adaptive,0.0316,40,0,20.89395669408423,1.0,2.0,37.0,1.0,3.5,60.72804804513552,41.22804804513554,19.5,18.0,1.0,0,0,40,0
528,1,right_lane,adaptive,0.0316,40,0,23.64395734574586,1.0,11.0,28.0,5.5,8.0,62.87581455020445,45.62581455020445,17.25,18.0,0.9,0,0,36,4
529,1,right_lane,adaptive,0.0316,40,0,20.768957345971565,1.0,1.0,38.0,0.5,4.5,60.77839840465307,41.02839840465307,19.75,18.0,0.9,0,0,36,4
530,1,right_lane,adaptive,0.0316,40,0,21.643957345941836,0.0,0.0,40.0,0.0,4.0,62.43033175350694,42.43033175350693,20.0,18.0,0.9,0,0,36,4
531,1,right_lane,adaptive,0.0316,40,0,21.393957345971565,0.0,0.0,40.0,0.0,0.5,62.030331753595796,42.03033175359579,20.0,18.0,0.775,0,0,31,9
532,1,right_lane,adaptive,0.0316,40,0,21.75249644062177,0.0,1.0,39.0,0.0,12.5,62.60306021918147,42.60306021918147,20.0,18.0,0.975,0,0,39,1
533,1,right_lane,adaptive,0.0316,40,0,21.893957345971565,0.0,0.0,40.0,0.0,1.0,63.02686344757134,43.026863447571344,20.0,18.0,0.975,0,0,39,1
534,1,right_lane,adaptive,0.0316,40,0,20.643957345968165,1.0,1.0,38.0,0.5,12.0,60.57839840303849,40.82839840303849,19.75,18.0,1.0,0,0,40,0
535,1,right_lane,adaptive,0.0316,29,1,22.43994116685733,1.0,4.0,24.0,2.0,3.0,45.1284480947147,31.6284480947147,13.5,18.0,0.896551724137931,0,0,26,3
536,1,right_lane,adaptive,0.0316,40,0,20.750043292099726,1.0,1.0,38.0,0.5,2.0,60.248134690290016,40.498134690290016,19.75,18.0,1.0,0,0,40,0
537,1,right_lane,adaptive,0.0316,40,0,21.018957345971565,2.0,3.0,35.0,3.5,7.0,59.70375666685139,41.45375666685139,18.25,18.0,1.0,0,0,40,0
538,1,right_lane,adaptive,0.0316,40,0,20.768957345971565,1.0,7.0,32.0,3.5,3.5,59.278057457645694,41.0280574576457,18.25,18.0,1.0,0,0,40,0
539,1,right_lane,adaptive,0.0316,40,0,20.893957345971565,40.0,0.0,0.0,40.0,0.0,41.7303317535545,41.2303317535545,0.5,18.0,1.0,0,0,40,0
540,1,right_lane,adaptive,0.0316,40,0,21.75032874938229,0.0,0.0,40.0,0.0,4.0,62.10052599901167,42.60052599901167,19.5,18.0,0.95,0,0,38,2
541,1,right_lane,adaptive,0.0316,40,0,22.893957345971565,0.0,0.0,40.0,0.0,13.5,64.6298750219024,44.6298750219024,20.0,18.0,0.9,0,0,36,4
542,1,right_lane,adaptive,0.0316,40,0,23.268957345971565,0.0,1.0,39.0,0.0,11.0,65.0293983296861,45.02939832968612,20.0,18.0,0.95,0,0,38,2
543,1,right_lane,adaptive,0.0316,40,0,22.018957345971565,0.0,1.0,39.0,0.0,9.0,63.0293983296861,43.0293983296861,20.0,18.0,0.925,0,0,37,3
544,1,right_lane,adaptive,0.0316,40,0,21.000043292099726,0.0,2.0,38.0,0.5,4.0,61.14913402850681,41.39913402850681,19.75,18.0,1.0,0,0,40,0
545,1,right_lane,adaptive,0.0316,40,0,23.268957345971565,0.0,1.0,39.0,0.0,1.0,65.22933752269876,45.229337522698756,20.0,18.0,0.925,0,0,37,3
546,1,right_lane,adaptive,0.0316,40,0,22.768957345971565,0.0,1.0,39.0,0.0,0.0,64.2293983296861,44.229398329686106,20.0,18.0,0.225,0,0,9,31
547,1,right_lane,adaptive,0.0316,40,0,21.143957345971565,0.0,1.0,39.0,0.0,11.0,61.6293983296861,41.6293983296861,20.0,18.0,0.95,0,0,38,2
548,1,right_lane,adaptive,0.0316,40,0,21.518957345971565,0.0,0.0,40.0,0.0,2.0,62.2303317535545,42.2303317535545,20.0,18.0,0.975,0,0,39,1
549,1,right_lane,adaptive,0.0316,40,0,22.643957345716057,6.0,7.0,27.0,8.5,8.5,59.77606632248085,44.02606632248085,15.75,18.0,1.0,0,0,40,0
550,1,right_lane,adaptive,0.0316,40,0,21.018957345971558,0.0,4.0,36.0,2.0,7.5,60.42805542829446,41.42805542829446,19.0,18.0,1.0,0,0,40,0
551,1,right_lane,adaptive,0.0316,40,0,20.268957345971565,0.0,1.0,39.0,0.0,8.5,60.229396514701776,40.22939651470177,20.0,18.0,1.0,0,0,40,0
552,1,right_lane,adaptive,0.0316,40,0,21.268957345971565,0.0,7.0,33.0,3.0,0.0,60.329400007557965,41.82940000755797,18.5,18.0,1.0,0,0,40,0
553,1,right_lane,adaptive,0.0316,40,0,23.51895734596713,4.0,8.0,28.0,7.5,12.0,61.67523715147297,45.42523715147296,16.25,18.0,0.95,0,0,38,2
554,1,right_lane,adaptive,0.0316,40,0,20.518957345971565,0.0,0.0,40.0,0.0,10.5,60.80399430500099,40.80399430500099,20.0,18.0,1.0,0,0,40,0
555,1,right_lane,adaptive,0.0316,40,0,21.393957345971565,0.0,0.0,40.0,0.0,5.5,62.030331753554506,42.03033175355451,20.0,18.0,0.8,0,0,32,8
556,1,right_lane,adaptive,0.0316,40,0,22.143671888689,0.0,1.0,39.0,0.0,4.5,63.228940934872874,43.228940934872874,20.0,18.0,0.85,0,0,34,6
557,1,right_lane,adaptive,0.0316,40,0,23.518957345971565,0.0,5.0,35.0,2.5,3.0,64.17869410869983,45.42869410869985,18.75,18.0,0.875,0,0,35,5
558,1,right_lane,adaptive,0.0316,40,0,24.374676852775025,0.0,11.0,29.0,5.0,8.0,64.47055489016816,46.97055489016814,17.5,18.0,0.925,0,0,37,3
559,1,right_lane,adaptive,0.0316,40,0,22.627496341983182,0.0,1.0,39.0,0.0,4.5,64.20257260590749,44.202572605907505,20.0,18.0,0.975,0,0,39,1
560,1,right_lane,adaptive,0.0316,40,0,20.518957345971565,1.0,5.0,34.0,3.0,13.0,59.40126768265907,40.65126768265907,18.75,18.0,1.0,0,0,40,0
561,1,right_lane,adaptive,0.0316,40,0,21.143957345971565,1.0,1.0,38.0,0.5,3.5,61.12839840507326,41.62839840507327,19.5,18.0,1.0,0,0,40,0
562,1,right_lane,adaptive,0.0316,40,0,22.018957247136935,1.0,3.0,36.0,2.5,5.0,61.77618562645406,43.02618562645406,18.75,18.0,0.975,0,0,39,1
563,1,right_lane,adaptive,0.0316,40,0,20.893957345971565,1.0,4.0,35.0,2.5,8.0,59.976610669752326,41.22661066975233,18.75,18.0,1.0,0,0,40,0
564,1,right_lane,adaptive,0.0316,40,0,21.14395659544609,1.0,11.0,28.0,5.5,16.0,58.87795127677489,41.62795127677489,17.25,18.0,1.0,0,0,40,0
565,1,right_lane,adaptive,0.0316,40,0,20.8939566082395,0.0,0.0,40.0,0.0,0.0,61.23033161588854,41.230331615888545,20.0,18.0,0.75,0,0,30,10
566,1,right_lane,adaptive,0.0316,40,0,21.393957345971565,0.0,0.0,40.0,0.0,0.5,62.03033277848597,42.03033277848597,20.0,18.0,0.95,0,0,38,2
567,1,right_lane,adaptive,0.0316,40,0,20.518957345971565,0.0,1.0,39.0,0.0,16.0,60.629397667739944,40.629397667739944,20.0,18.0,0.85,0,0,34,6
568,1,right_lane,adaptive,0.0316,40,0,24.768957345971565,0.0,13.0,27.0,6.0,3.5,64.42757644013636,47.42757644013637,17.0,18.0,0.925,0,0,37,3
569,1,right_lane,adaptive,0.0316,40,0,21.893957345971565,0.0,1.0,39.0,0.0,1.0,62.8293983296861,42.829398329686114,20.0,18.0,0.925,0,0,37,3
570,1,right_lane,adaptive,0.0316,40,0,21.00032874938229,2.0,2.0,36.0,3.5,1.0,59.899611702178774,41.399611702178774,18.5,18.0,0.3,0,0,12,28
571,1,right_lane,adaptive,0.0316,40,0,24.518957345971565,0.0,5.0,35.0,2.5,3.0,65.90126041085334,47.40126041085335,18.5,18.0,0.875,0,0,35,5
572,1,right_lane,adaptive,0.0316,40,0,23.518957345971565,7.0,4.0,29.0,8.5,2.0,61.176826718998726,45.426826718998726,15.75,18.0,1.0,0,0,40,0
573,1,right_lane,adaptive,0.0316,40,0,22.018957345971565,0.0,1.0,39.0,0.0,5.0,63.0293983296861,43.0293983296861,20.0,18.0,0.9,0,0,36,4
574,1,right_lane,adaptive,0.0316,40,0,20.768957345971565,0.0,6.0,34.0,2.5,11.5,59.77805103463352,41.02805103463351,18.75,18.0,1.0,0,0,40,0
575,1,right_lane,adaptive,0.0316,40,0,22.018919644945782,0.0,1.0,39.0,0.0,4.5,63.02933734487919,43.029337344879195,20.0,18.0,0.925,0,0,37,3
576,1,right_lane,adaptive,0.0316,40,0,20.268957345971565,0.0,1.0,39.0,0.0,7.0,60.403111444192724,40.403111444192724,20.0,18.0,0.75,0,0,30,10
577,1,right_lane,adaptive,0.0316,40,0,22.89395734596714,0.0,13.0,27.0,6.5,8.0,61.1796233046435,44.42962330464349,16.75,18.0,0.9,0,0,36,4
578,1,right_lane,adaptive,0.0316,40,0,21.518957345971565,0.0,0.0,40.0,0.0,3.0,62.23033175356065,42.23033175356065,20.0,18.0,0.975,0,0,39,1
579,1,right_lane,adaptive,0.0316,40,0,20.518957345971565,0.0,0.0,40.0,0.0,17.5,60.630331753554515,40.6303317535545,20.0,18.0,1.0,0,0,40,0
580,1,right_lane,adaptive,0.0316,40,0,21.643957344482878,0.0,3.0,37.0,1.5,9.0,61.67957759948708,42.42957759948708,19.25,18.0,1.0,0,0,40,0
581,1,right_lane,adaptive,0.0316,40,0,21.018957345971565,0.0,1.0,39.0,0.0,4.5,61.429397669809376,41.42939766980938,20.0,18.0,0.575,0,0,23,17
582,1,right_lane,adaptive,0.0316,40,0,24.268957345971565,0.0,0.0,40.0,0.0,0.0,66.6303317535545,46.630331753554515,20.0,18.0,0.925,0,0,37,3
583,1,right_lane,adaptive,0.0316,40,0,20.268957345971565,0.0,1.0,39.0,0.0,14.5,60.22939651470176,40.22939651470176,20.0,18.0,1.0,0,0,40,0
584,1,right_lane,adaptive,0.0316,40,0,23.643957345971565,1.0,4.0,35.0,2.0,0.5,64.62674365458555,45.626743654585546,19.0,18.0,0.875,0,0,35,5
585,1,right_lane,adaptive,0.0316,40,0,22.268957247332974,1.0,4.0,35.0,2.0,5.5,62.42868997722676,43.42868997722676,19.0,18.0,0.9,0,0,36,4
586,1,right_lane,adaptive,0.0316,40,0,20.268957345971565,0.0,0.0,40.0,0.0,6.0,60.230331890593135,40.230331890593135,20.0,18.0,1.0,0,0,40,0
587,1,right_lane,adaptive,0.0316,35,1,21.73595125253893,0.0,0.0,35.0,0.0,3.5,54.73033175355451,37.23033175355451,17.5,18.0,0.6571428571428571,0,0,23,12
588,1,right_lane,adaptive,0.0316,40,0,26.01895733295239,17.0,9.0,14.0,20.5,6.0,58.67389431863959,48.92389431863959,9.75,18.0,0.95,0,0,38,2
589,1,right_lane,adaptive,0.0316,38,1,23.5725866644964,0.0,5.0,33.0,2.5,3.5,60.97964009869077,43.22964009869078,17.75,18.0,0.9473684210526315,0,0,36,2
590,1,right_lane,adaptive,0.0316,40,0,22.768957345971565,0.0,1.0,39.0,0.0,4.0,63.729398329686106,43.7293983296861,20.0,18.0,0.95,0,0,38,2
591,1,right_lane,adaptive,0.0316,40,0,20.893957345971565,0.0,5.0,35.0,2.0,13.0,60.22844330540438,41.2284433054044,19.0,18.0,1.0,0,0,40,0
592,1,right_lane,adaptive,0.0316,40,0,21.393671888659334,0.0,1.0,39.0,0.0,4.0,62.02894159798654,42.02894159798654,20.0,18.0,1.0,0,0,40,0
593,1,right_lane,adaptive,0.0316,40,0,23.518957344257114,0.0,1.0,39.0,0.0,1.0,65.42979491290433,45.42979491290433,20.0,18.0,0.925,0,0,37,3
594,1,right_lane,adaptive,0.0316,40,0,22.018957345971565,0.0,1.0,39.0,0.0,0.5,63.029398332067984,43.029398332067984,20.0,18.0,0.95,0,0,38,2
595,1,right_lane,adaptive,0.0316,40,0,21.018957345970993,0.0,1.0,39.0,0.0,5.5,61.429397667739025,41.429397667739025,20.0,18.0,0.95,0,0,38,2
596,1,right_lane,adaptive,0.0316,40,0,20.768957345971565,0.0,1.0,39.0,0.0,1.5,61.02939766774195,41.02939766774195,20.0,18.0,1.0,0,0,40,0
597,1,right_lane,adaptive,0.0316,40,0,20.268957345971565,0.0,3.0,37.0,1.0,5.0,59.72899122942999,40.22899122942999,19.5,18.0,1.0,0,0,40,0
598,1,right_lane,adaptive,0.0316,38,1,20.6778498378648,0.0,0.0,38.0,0.0,1.0,57.8303317535545,38.8303317535545,19.0,18.0,0.2631578947368421,0,0,10,28
599,1,right_lane,adaptive,0.0316,40,0,21.268952393965797,1.0,12.0,27.0,6.0,12.5,58.32709743247291,41.32709743247291,17.0,18.0,1.0,0,0,40,0
600,1,right_lane,adaptive,0.0316,40,0,20.76891480462308,0.0,4.0,36.0,1.5,16.5,60.279327477174725,41.02932747717473,19.25,18.0,1.0,0,0,40,0
601,1,right_lane,adaptive,0.0316,40,0,20.518957345971565,1.0,1.0,38.0,0.5,1.0,60.378457505756884,40.628457505756884,19.75,18.0,0.25,0,0,10,30
602,1,right_lane,adaptive,0.0316,40,0,20.89395734596765,0.0,1.0,39.0,0.0,10.5,61.22939766651418,41.229397666514174,20.0,18.0,1.0,0,0,40,0
603,1,right_lane,adaptive,0.0316,40,0,22.143957345945747,1.0,1.0,38.0,0.5,3.0,62.97839910882503,43.22839910882504,19.75,18.0,0.95,0,0,38,2
604,1,right_lane,adaptive,0.0316,40,0,22.26895174381868,0.0,0.0,40.0,0.0,11.0,63.43032279014575,43.43032279014576,20.0,18.0,0.975,0,0,39,1
605,1,right_lane,adaptive,0.0316,40,0,21.393629347340514,0.0,1.0,39.0,0.0,13.5,62.028880653005466,42.028880653005466,20.0,18.0,0.975,0,0,39,1
606,1,right_lane,adaptive,0.0316,40,0,21.87532874938229,1.0,1.0,38.0,0.5,2.5,62.54904833843103,42.79904833843103,19.75,18.0,0.95,0,0,38,2
607,1,right_lane,adaptive,0.0316,40,0,20.643957345971565,0.0,0.0,40.0,0.0,1.5,61.029875021902406,41.029875021902406,20.0,18.0,1.0,0,0,40,0
608,1,right_lane,adaptive,0.0316,13,1,21.981407213098787,0.0,0.0,13.0,0.0,1.0,20.330331750811368,13.83033175081137,6.5,18.0,1.0,0,0,13,0
609,1,right_lane,adaptive,0.0316,40,0,21.768957345971565,0.0,1.0,39.0,0.0,4.5,62.12939766843071,42.12939766843071,20.0,18.0,0.975,0,0,39,1
610,1,right_lane,adaptive,0.0316,40,0,21.0189573329563,0.0,0.0,40.0,0.0,6.5,61.43033173273008,41.43033173273009,20.0,18.0,0.95,0,0,38,2
611,1,right_lane,adaptive,0.0316,40,0,23.018957345971565,1.0,3.0,36.0,2.5,2.0,63.37610565942014,44.62610565942013,18.75,18.0,0.775,0,0,31,9
612,1,right_lane,adaptive,0.0316,40,0,22.393957345971565,1.0,1.0,38.0,0.5,9.5,63.37839840507331,43.628398405073305,19.75,18.0,0.675,0,0,27,13
613,1,right_lane,adaptive,0.0316,40,0,21.268957345971565,1.0,2.0,37.0,1.0,11.0,61.32804909828601,41.828049098286016,19.5,18.0,0.95,0,0,38,2
614,1,right_lane,adaptive,0.0316,40,0,20.518957345971565,0.0,0.0,40.0,0.0,3.5,60.63033175355449,40.6303317535545,20.0,18.0,0.975,0,0,39,1
615,1,right_lane,adaptive,0.0316,40,0,20.518956692595996,0.0,0.0,40.0,0.0,7.0,60.630330708153586,40.630330708153586,20.0,18.0,1.0,0,0,40,0
616,1,right_lane,adaptive,0.0316,40,0,23.268628695453636,2.0,4.0,34.0,3.0,5.0,63.52605613502658,45.02605613502658,18.5,18.0,0.9,0,0,36,4
617,1,right_lane,adaptive,0.0316,40,0,22.518957345971565,0.0,1.0,39.0,0.0,0.5,63.82985492398593,43.82985492398592,20.0,18.0,0.95,0,0,38,2
618,1,right_lane,adaptive,0.0316,40,0,24.143957345971565,0.0,0.0,40.0,0.0,2.0,66.4303317535545,46.430331753554505,20.0,18.0,0.875,0,0,35,5
619,1,right_lane,adaptive,0.0316,40,0,21.268957345971565,1.0,1.0,38.0,0.5,0.5,61.57839840434149,41.8283984043415,19.75,18.0,0.95,0,0,38,2
620,1,right_lane,adaptive,0.0316,40,1,21.768957345971565,0.0,0.0,40.0,0.0,3.5,62.6303317535545,42.63033175355451,20.0,18.0,0.95,0,0,38,2
621,1,right_lane,adaptive,0.0316,40,0,22.268957345971565,1.0,6.0,33.0,3.0,9.0,61.4247254799822,42.9247254799822,18.5,18.0,0.95,0,0,38,2
622,1,right_lane,adaptive,0.0316,40,0,20.393957345971565,0.0,1.0,39.0,0.0,3.0,60.429397666520444,40.429397666520444,20.0,18.0,1.0,0,0,40,0
623,1,right_lane,adaptive,0.0316,40,0,20.643957345971565,1.0,1.0,38.0,0.5,2.5,60.578397176485026,40.828397176485026,19.75,18.0,1.0,0,0,40,0
624,1,right_lane,adaptive,0.0316,40,0,21.143957345971565,0.0,7.0,33.0,3.0,2.5,60.12941594267627,41.62941594267628,18.5,18.0,0.625,0,0,25,15
625,1,right_lane,adaptive,0.0316,40,0,21.393957345971565,0.0,1.0,39.0,0.0,7.5,62.0293983296861,42.029398329686096,20.0,18.0,0.95,0,0,38,2
626,1,right_lane,adaptive,0.0316,40,0,21.518957345971565,0.0,1.0,39.0,0.0,9.5,62.22939766774115,42.22939766774115,20.0,18.0,0.95,0,0,38,2
627,1,right_lane,adaptive,0.0316,40,0,22.143957345971565,0.0,0.0,40.0,0.0,0.0,63.23033175355451,43.230331753554495,20.0,18.0,0.975,0,0,39,1
628,1,right_lane,adaptive,0.0316,40,0,22.143628596815045,0.0,0.0,40.0,0.0,3.0,63.22980575490407,43.22980575490408,20.0,18.0,0.95,0,0,38,2
629,1,right_lane,adaptive,0.0316,40,0,22.643957345971565,0.0,3.0,37.0,1.5,3.5,63.28009317139365,44.03009317139365,19.25,18.0,0.9,0,0,36,4
630,1,right_lane,adaptive,0.0316,40,0,20.268957345971565,0.0,0.0,40.0,0.0,18.5,60.23033175355451,40.2303317535545,20.0,18.0,1.0,0,0,40,0
631,1,right_lane,adaptive,0.0316,40,0,21.018957345971565,0.0,7.0,33.0,3.0,17.0,59.92899087426931,41.42899087426931,18.5,18.0,1.0,0,0,40,0
632,1,right_lane,adaptive,0.0316,40,0,26.268957345967635,0.0,0.0,40.0,0.0,0.5,69.83033175354821,49.83033175354822,20.0,18.0,0.775,0,0,31,9
633,1,right_lane,adaptive,0.0316,40,0,22.643957247332974,1.0,4.0,35.0,2.0,5.0,63.0265293775125,44.026529377512496,19.0,18.0,0.95,0,0,38,2
634,1,right_lane,adaptive,0.0316,40,0,21.268957345971565,0.0,5.0,35.0,2.5,4.5,60.579398106771976,41.82939810677199,18.75,18.0,1.0,0,0,40,0
635,1,right_lane,adaptive,0.0316,40,0,21.143957345971565,1.0,1.0,38.0,0.5,4.0,61.378397176503256,41.62839717650326,19.75,18.0,0.975,0,0,39,1
636,1,right_lane,adaptive,0.0316,40,0,21.143957345971565,1.0,1.0,38.0,0.5,0.0,61.37839910886089,41.62839910886089,19.75,18.0,0.975,0,0,39,1
637,1,right_lane,adaptive,0.0316,40,0,20.643957345971565,0.0,0.0,40.0,0.0,1.5,60.8303317535545,40.8303317535545,20.0,18.0,1.0,0,0,40,0
638,1,right_lane,adaptive,0.0316,40,0,22.125328749382287,1.0,6.0,33.0,5.0,10.5,61.19826284076026,43.19826284076024,18.0,18.0,0.975,0,0,39,1
639,1,right_lane,adaptive,0.0316,40,0,24.766133005583107,0.0,8.0,32.0,4.0,10.5,65.20075523004769,47.450755230047704,17.75,18.0,0.9,0,0,36,4
640,1,right_lane,adaptive,0.0316,40,0,25.252496440617865,0.0,0.0,40.0,0.0,1.0,68.13158071369287,48.381580713692884,19.75,18.0,0.825,0,0,33,7
641,1,right_lane,adaptive,0.0316,40,0,20.98141469551045,0.0,10.0,30.0,5.0,15.0,59.065582036091,41.565582036091,17.5,18.0,1.0,0,0,40,0
642,1,right_lane,adaptive,0.0316,40,0,21.268957345971565,0.0,1.0,39.0,0.0,0.0,62.05521847853619,42.0552184785362,20.0,18.0,0.9,0,0,36,4
643,1,right_lane,adaptive,0.0316,40,0,23.518957345971565,0.0,1.0,39.0,0.0,2.5,65.42939832968612,45.42939832968611,20.0,18.0,0.75,0,0,30,10
644,1,right_lane,adaptive,0.0316,40,0,21.643951631968786,1.0,5.0,34.0,2.5,13.0,61.17767914804239,42.42767914804239,18.75,18.0,1.0,0,0,40,0
645,1,right_lane,adaptive,0.0316,40,0,22.14113291973792,0.0,0.0,40.0,0.0,2.0,63.22582061004709,43.225820610047094,20.0,18.0,0.875,0,0,35,5
646,1,right_lane,adaptive,0.0316,40,0,21.643957345971565,0.0,1.0,39.0,0.0,5.5,62.43332230621481,42.43332230621482,20.0,18.0,0.875,0,0,35,5
647,1,right_lane,adaptive,0.0316,40,0,21.48141469551045,1.0,7.0,32.0,5.5,11.5,59.91861644873962,42.168616448739634,17.75,18.0,1.0,0,0,40,0
648,1,right_lane,adaptive,0.0316,40,0,21.268957345971565,1.0,1.0,38.0,0.5,10.0,61.477881370624544,42.227881370624544,19.25,18.0,0.975,0,0,39,1
649,1,right_lane,adaptive,0.0316,40,0,21.518957345967653,0.0,1.0,39.0,0.0,9.5,62.22939766773488,42.22939766773488,20.0,18.0,0.925,0,0,37,3
650,1,right_lane,adaptive,0.0316,40,0,22.518957345971565,3.0,9.0,28.0,6.5,1.0,60.57625151603147,43.82625151603147,16.75,18.0,1.0,0,0,40,0
651,1,right_lane,adaptive,0.0316,40,0,21.893957345971565,0.0,0.0,40.0,0.0,2.5,62.8303317535545,42.83033175355451,20.0,18.0,0.95,0,0,38,2
652,1,right_lane,adaptive,0.0316,40,0,21.393957345971565,0.0,1.0,39.0,0.0,8.5,62.029397667741144,42.02939766774114,20.0,18.0,0.875,0,0,35,5
653,1,right_lane,adaptive,0.0316,40,0,20.268957345971565,0.0,0.0,40.0,0.0,10.0,60.2303317535545,40.2303317535545,20.0,18.0,0.8,0,0,32,8
654,1,right_lane,adaptive,0.0316,40,0,22.018957345971565,0.0,5.0,35.0,2.5,3.0,61.779393929399035,43.02939392939902,18.75,18.0,0.925,0,0,37,3
655,1,right_lane,adaptive,0.0316,39,1,21.429699842022117,1.0,1.0,37.0,0.5,9.5,60.27839840434077,41.02839840434078,19.25,18.0,0.9230769230769231,0,0,36,3
656,1,right_lane,adaptive,0.0316,40,0,22.518957247107274,1.0,1.0,38.0,0.5,4.5,63.078398950678036,43.328398950678036,19.75,18.0,0.95,0,0,38,2
657,1,right_lane,adaptive,0.0316,40,0,21.768957345941836,0.0,0.0,40.0,0.0,0.0,62.63033189085913,42.63033189085913,20.0,18.0,0.975,0,0,39,1
658,1,right_lane,adaptive,0.0316,40,0,23.518957345967202,6.0,6.0,28.0,8.0,10.0,61.426992706358696,45.426992706358696,16.0,18.0,0.925,0,0,37,3
659,1,right_lane,adaptive,0.0316,40,0,21.768957345941836,1.0,9.0,30.0,4.5,7.5,60.55305888444903,42.80305888444902,17.75,18.0,0.95,0,0,38,2
660,1,right_lane,adaptive,0.0316,40,0,21.643957345941836,0.0,0.0,40.0,0.0,1.0,62.430331753548245,42.43033175354824,20.0,18.0,0.975,0,0,39,1
661,1,right_lane,adaptive,0.0316,40,0,21.768957345971565,1.0,1.0,38.0,0.5,7.5,62.378399108902194,42.6283991089022,19.75,18.0,0.95,0,0,38,2
662,1,right_lane,adaptive,0.0316,40,0,22.51895723434353,1.0,10.0,29.0,5.5,11.5,61.077288012137366,43.82728801213736,17.25,18.0,1.0,0,0,40,0
663,1,right_lane,adaptive,0.0316,40,0,21.518957345971565,3.0,4.0,33.0,4.0,5.0,60.2270426961215,42.2270426961215,18.0,18.0,1.0,0,0,40,0
664,1,right_lane,adaptive,0.0316,40,0,21.249720243734682,1.0,5.0,34.0,2.5,9.5,60.546668342363716,41.796668342363716,18.75,18.0,1.0,0,0,40,0
665,1,right_lane,adaptive,0.0316,40,0,21.518957344286825,0.0,0.0,40.0,0.0,2.0,62.25705550059541,42.2570555005954,20.0,18.0,0.95,0,0,38,2
666,1,right_lane,adaptive,0.0316,17,1,22.9857819905109,4.0,13.0,0.0,10.5,4.0,22.32828225558958,18.82828225558958,3.5,18.0,1.0,0,0,17,0
667,1,right_lane,adaptive,0.0316,40,0,21.643957345971565,1.0,1.0,38.0,0.5,6.5,61.42839840434149,41.92839840434149,19.5,18.0,0.675,0,0,27,13
668,1,right_lane,adaptive,0.0316,40,0,22.018957345971565,1.0,1.0,38.0,0.5,1.5,62.778399108860896,43.0283991088609,19.75,18.0,0.95,0,0,38,2
669,1,right_lane,adaptive,0.0316,40,0,20.393957345971565,0.0,0.0,40.0,0.0,10.5,60.430331753554505,40.430331753554505,20.0,18.0,1.0,0,0,40,0
670,1,right_lane,adaptive,0.0316,40,0,21.268671041013626,1.0,1.0,38.0,0.5,14.5,61.57793908855226,41.82793908855226,19.75,18.0,0.95,0,0,38,2
671,1,right_lane,adaptive,0.0316,40,0,21.643957345971565,5.0,3.0,32.0,5.5,3.0,59.67714701870081,42.4271470187008,17.25,18.0,1.0,0,0,40,0
672,1,right_lane,adaptive,0.0316,14,1,24.33987781169127,0.0,4.0,10.0,2.0,4.5,22.477346162873634,16.227346162873626,6.25,18.0,0.8571428571428571,0,0,12,2
673,1,right_lane,adaptive,0.0316,40,0,22.500328749382287,7.0,4.0,29.0,8.5,0.5,58.79753167748991,43.29753167748991,15.5,18.0,1.0,0,0,40,0
674,1,right_lane,adaptive,0.0316,40,0,20.643957345971565,1.0,1.0,38.0,0.5,15.0,60.77794167268739,41.02794167268739,19.75,18.0,0.975,0,0,39,1
675,1,right_lane,adaptive,0.0316,40,0,23.518957345941836,10.0,18.0,12.0,19.0,7.5,56.425468743859824,45.425468743859824,11.0,18.0,1.0,0,0,40,0
676,1,right_lane,adaptive,0.0316,40,0,20.393957345971565,0.0,1.0,39.0,0.0,3.5,60.10305726132425,40.60305726132425,19.5,18.0,1.0,0,0,40,0
677,1,right_lane,adaptive,0.0316,40,0,20.768957345971565,0.0,5.0,35.0,2.5,15.0,59.77898625539843,41.02898625539843,18.75,18.0,1.0,0,0,40,0
678,1,right_lane,adaptive,0.0316,40,0,20.518957345971565,0.0,1.0,39.0,0.0,5.5,60.629397667739944,40.629397667739944,20.0,18.0,1.0,0,0,40,0
679,1,right_lane,adaptive,0.0316,30,1,20.85860979462875,0.0,1.0,29.0,0.0,1.5,45.82939766774115,30.829397667741148,15.0,18.0,1.0,0,0,30,0
680,1,right_lane,adaptive,0.0316,40,0,22.39395734574963,0.0,1.0,39.0,0.0,4.5,63.12939766807565,43.12939766807565,20.0,18.0,0.925,0,0,37,3
681,1,right_lane,adaptive,0.0316,40,0,25.73137130454695,0.0,5.0,35.0,2.0,0.5,67.96760089164356,48.96760089164355,19.0,18.0,0.825,0,0,33,7
682,1,right_lane,adaptive,0.0316,40,0,23.268957345971565,1.0,1.0,38.0,0.5,3.0,65.00427925859856,45.25427925859855,19.75,18.0,0.825,0,0,33,7
683,1,right_lane,adaptive,0.0316,40,0,21.018957345971565,0.0,0.0,40.0,0.0,0.0,61.4303317535545,41.430331753554505,20.0,18.0,0.525,0,0,21,19
684,1,right_lane,adaptive,0.0316,40,0,21.768957345971565,0.0,3.0,37.0,1.5,5.5,61.879637611771656,42.629637611771656,19.25,18.0,0.975,0,0,39,1
685,1,right_lane,adaptive,0.0316,40,0,21.768957345971565,0.0,1.0,39.0,0.0,5.0,62.62939766774184,42.62939766774183,20.0,18.0,0.975,0,0,39,1
686,1,right_lane,adaptive,0.0316,40,0,22.268586068259964,0.0,1.0,39.0,0.0,2.0,63.428803623403255,43.42880362340327,20.0,18.0,0.9,0,0,36,4
687,1,right_lane,adaptive,0.0316,40,0,21.768957345971565,0.0,0.0,40.0,0.0,7.0,62.630847569832014,42.630847569832014,20.0,18.0,0.95,0,0,38,2
688,1,right_lane,adaptive,0.0316,40,0,20.768957345971565,0.0,0.0,40.0,0.0,3.0,61.030331753554506,41.030331753554506,20.0,18.0,1.0,0,0,40,0
689,1,right_lane,adaptive,0.0316,40,0,24.518957345971565,6.0,3.0,31.0,7.5,8.0,63.27558769700044,47.02558769700043,16.25,18.0,0.925,0,0,37,3
690,1,right_lane,adaptive,0.0316,40,0,22.018957345941775,1.0,5.0,34.0,2.5,10.5,61.77744721521742,43.02744721521742,18.75,18.0,0.95,0,0,38,2
691,1,right_lane,adaptive,0.0316,40,0,21.518957345971565,0.0,0.0,40.0,0.0,0.5,62.23033175359587,42.23033175359588,20.0,18.0,0.875,0,0,35,5
692,1,right_lane,adaptive,0.0316,40,0,21.143957345971565,0.0,4.0,36.0,2.0,7.0,60.62937881692192,41.629378816921914,19.0,18.0,1.0,0,0,40,0
693,1,right_lane,adaptive,0.0316,40,0,22.37500075075124,1.0,9.0,30.0,4.5,8.0,61.34525108131907,43.59525108131907,17.75,18.0,0.925,0,0,37,3
694,1,right_lane,adaptive,0.0316,40,0,21.393957345971565,0.0,0.0,40.0,0.0,9.5,62.05666815671445,42.05666815671446,20.0,18.0,0.975,0,0,39,1
695,1,right_lane,adaptive,0.0316,40,0,21.122875600860247,0.0,1.0,39.0,0.0,8.5,61.59566687434234,41.59566687434234,20.0,18.0,0.95,0,0,38,2
696,1,right_lane,adaptive,0.0316,40,0,20.62749644062177,1.0,1.0,38.0,0.5,15.5,60.58134860508407,40.83134860508405,19.75,18.0,1.0,0,0,40,0
697,1,right_lane,adaptive,0.0316,24,1,21.489928909952607,1.0,1.0,22.0,0.5,3.5,37.34859264979794,25.598592649797936,11.75,18.0,1.0,0,0,24,0
698,1,right_lane,adaptive,0.0316,11,1,21.887117574372326,0.0,1.0,10.0,0.0,4.5,16.62939764690926,11.129397646909263,5.5,18.0,1.0,0,0,11,0
699,1,right_lane,adaptive,0.0316,40,0,20.393957345971565,1.0,1.0,38.0,0.5,7.5,59.67839717648496,39.92839717648496,19.75,18.0,1.0,0,0,40,0
700,1,right_lane,adaptive,0.0316,40,0,21.268957345971565,0.0,5.0,35.0,2.0,7.0,60.82868762823802,41.82868762823802,19.0,18.0,1.0,0,0,40,0
701,1,right_lane,adaptive,0.0316,40,0,22.76895724882166,0.0,0.0,40.0,0.0,7.5,64.23033159811466,44.23033159811466,20.0,18.0,0.9,0,0,36,4
702,1,right_lane,adaptive,0.0316,40,0,23.268957260126378,4.0,3.0,33.0,4.5,2.5,62.777267361546976,45.02726736154697,17.75,18.0,0.975,0,0,39,1
703,1,right_lane,adaptive,0.0316,40,0,22.518585317538452,1.0,4.0,35.0,2.0,10.5,62.82616599271182,43.826165992711815,19.0,18.0,0.9,0,0,36,4
704,1,right_lane,adaptive,0.0316,40,0,22.143957345971565,0.0,0.0,40.0,0.0,5.5,63.23084861280972,43.23084861280972,20.0,18.0,0.925,0,0,37,3
705,1,right_lane,adaptive,0.0316,40,0,21.393957345971565,1.0,1.0,38.0,0.5,2.0,61.77839717650325,42.02839717650325,19.75,18.0,0.9,0,0,36,4
706,1,right_lane,adaptive,0.0316,21,1,21.94087113518393,1.0,4.0,16.0,2.0,5.0,31.926362517771558,22.42636251777156,9.5,18.0,1.0,0,0,21,0
707,1,right_lane,adaptive,0.0316,40,0,23.143957345971565,0.0,1.0,39.0,0.0,5.5,64.3293983296861,44.32939832968611,20.0,18.0,0.775,0,0,31,9
708,1,right_lane,adaptive,0.0316,40,0,21.018957345971565,6.0,10.0,24.0,10.0,5.0,56.42898849722593,41.42898849722593,15.0,18.0,1.0,0,0,40,0
709,1,right_lane,adaptive,0.0316,40,0,20.768957345971497,0.0,0.0,40.0,0.0,4.5,61.03033175355439,41.030331753554385,20.0,18.0,1.0,0,0,40,0
710,1,right_lane,adaptive,0.0316,40,0,21.518957345971565,7.0,4.0,29.0,8.5,1.5,57.977110862968225,42.22711086296823,15.75,18.0,0.9,0,0,36,4
711,1,right_lane,adaptive,0.0316,40,0,24.250328749382287,16.0,5.0,19.0,18.5,7.0,57.84755377647438,46.59755377647438,11.25,18.0,1.0,0,0,40,0
712,1,right_lane,adaptive,0.0316,40,0,21.143957345971565,0.0,1.0,39.0,0.0,5.5,61.32894046836353,41.82894046836353,19.5,18.0,0.975,0,0,39,1
713,1,right_lane,adaptive,0.0316,40,0,20.768957345971565,1.0,1.0,38.0,0.5,7.0,60.77839910880876,41.02839910880877,19.75,18.0,1.0,0,0,40,0
714,1,right_lane,adaptive,0.0316,40,0,20.768957345971565,1.0,8.0,31.0,4.0,13.5,59.02846361058034,41.02846361058034,18.0,18.0,1.0,0,0,40,0
715,1,right_lane,adaptive,0.0316,40,0,21.518957345971565,0.0,6.0,34.0,2.5,1.5,60.97982015952336,42.22982015952336,18.75,18.0,1.0,0,0,40,0
716,1,right_lane,adaptive,0.0316,40,0,20.268957345971565,0.0,0.0,40.0,0.0,15.0,60.2303317535545,40.2303317535545,20.0,18.0,1.0,0,0,40,0
717,1,right_lane,adaptive,0.0316,40,0,23.268957345941317,0.0,3.0,37.0,1.5,3.0,64.2786921190594,45.02869211905939,19.25,18.0,0.725,0,0,29,11
718,1,right_lane,adaptive,0.0316,40,0,22.268957345971565,8.0,3.0,29.0,8.5,5.5,59.17827991115666,43.428279911156665,15.75,18.0,1.0,0,0,40,0
719,1,right_lane,adaptive,0.0316,40,0,22.26895659693477,0.0,0.0,40.0,0.0,7.0,63.430330555095644,43.430330555095644,20.0,18.0,0.95,0,0,38,2
720,1,right_lane,adaptive,0.0316,40,0,20.893957345971565,0.0,1.0,39.0,0.0,5.0,61.229398707157564,41.22939870715757,20.0,18.0,1.0,0,0,40,0
721,1,right_lane,adaptive,0.0316,40,0,21.393957345971565,0.0,0.0,40.0,0.0,5.0,62.03033175355449,42.030331753554506,20.0,18.0,0.725,0,0,29,11
722,1,right_lane,adaptive,0.0316,40,0,21.26895733273105,1.0,4.0,35.0,2.0,11.5,60.827702885248705,41.827702885248705,19.0,18.0,1.0,0,0,40,0
723,1,right_lane,adaptive,0.0316,40,0,22.143627944706306,0.0,0.0,40.0,0.0,3.0,63.22980472992515,43.22980472992515,20.0,18.0,0.875,0,0,35,5
724,1,right_lane,adaptive,0.0316,40,0,23.01895723411827,5.0,5.0,30.0,7.5,10.0,60.87873669643434,44.62873669643432,16.25,18.0,0.925,0,0,37,3
725,1,right_lane,adaptive,0.0316,40,0,22.393957345971565,1.0,1.0,38.0,0.5,0.5,63.37839926425873,43.62839926425872,19.75,18.0,0.95,0,0,38,2
726,1,right_lane,adaptive,0.0316,40,0,23.768919753175144,0.0,4.0,36.0,2.0,2.0,64.82885551896935,45.82885551896936,19.0,18.0,0.925,0,0,37,3
727,1,right_lane,adaptive,0.0316,40,0,20.643957345971565,0.0,1.0,39.0,0.0,1.0,60.82944989542869,40.82944989542869,20.0,18.0,1.0,0,0,40,0
728,1,right_lane,adaptive,0.0316,40,0,21.018957345971565,0.0,0.0,40.0,0.0,2.5,61.43033175355449,41.4303317535545,20.0,18.0,0.975,0,0,39,1
729,1,right_lane,adaptive,0.0316,40,0,21.393957345971565,0.0,1.0,39.0,0.0,0.5,62.02939766843072,42.029397668430725,20.0,18.0,0.975,0,0,39,1
730,1,right_lane,adaptive,0.0316,40,0,21.768957345971565,0.0,0.0,40.0,0.0,1.5,62.63033175355451,42.63033175355451,20.0,18.0,0.95,0,0,38,2
731,1,right_lane,adaptive,0.0316,40,0,20.393957345971565,1.0,1.0,38.0,0.5,18.5,60.17839717648496,40.42839717648496,19.75,18.0,1.0,0,0,40,0
732,1,right_lane,adaptive,0.0316,40,0,20.768957345971565,1.0,1.0,38.0,0.5,6.5,60.77839840434078,41.02839840434077,19.75,18.0,1.0,0,0,40,0
733,1,right_lane,adaptive,0.0316,40,0,21.268957345971565,0.0,3.0,37.0,1.5,5.0,61.07963748071866,41.829637480718674,19.25,18.0,1.0,0,0,40,0
734,1,right_lane,adaptive,0.0316,40,0,21.893957345971565,1.0,1.0,38.0,0.5,1.0,62.57839840507325,42.82839840507326,19.75,18.0,0.975,0,0,39,1
735,1,right_lane,adaptive,0.0316,40,0,22.143957345971565,1.0,8.0,31.0,4.5,6.0,61.226755741425976,43.226755741425976,18.0,18.0,0.95,0,0,38,2
736,1,right_lane,adaptive,0.0316,40,0,23.393957344482878,6.0,4.0,30.0,8.0,2.5,60.97727103560293,45.22727103560293,15.75,18.0,0.95,0,0,38,2
737,1,right_lane,adaptive,0.0316,40,0,21.768957345971565,1.0,2.0,37.0,1.0,5.0,62.12700620905928,42.62700620905929,19.5,18.0,0.975,0,0,39,1
738,1,right_lane,adaptive,0.0316,40,0,22.268957345971565,0.0,1.0,39.0,0.0,6.5,63.42939832968611,43.42939832968611,20.0,18.0,0.975,0,0,39,1
739,1,right_lane,adaptive,0.0316,40,0,23.37532874938223,0.0,0.0,40.0,0.0,11.5,65.20052599901156,45.20052599901157,20.0,18.0,0.825,0,0,33,7
740,1,right_lane,adaptive,0.0316,40,0,22.393957331493432,0.0,0.0,40.0,0.0,1.5,63.65621244729715,43.65621244729715,20.0,18.0,0.875,0,0,35,5
741,1,right_lane,adaptive,0.0316,40,0,21.37749644062177,0.0,1.0,39.0,0.0,1.5,62.00306090124091,42.00306090124091,20.0,18.0,0.975,0,0,39,1
742,1,right_lane,adaptive,0.0316,40,0,22.393957345971565,0.0,0.0,40.0,0.0,4.5,63.82686344757133,43.826863447571334,20.0,18.0,0.925,0,0,37,3
743,1,right_lane,adaptive,0.0316,23,1,20.467751906037503,0.0,0.0,23.0,0.0,10.0,34.7303317535545,23.230331753554502,11.5,18.0,1.0,0,0,23,0
744,1,right_lane,adaptive,0.0316,40,0,22.37532874938229,2.0,33.0,5.0,19.0,15.0,54.09618029980998,43.09618029980998,11.0,18.0,0.975,0,0,39,1
745,1,right_lane,adaptive,0.0316,40,0,23.12749644062177,9.0,10.0,21.0,13.5,5.5,57.752134460311105,45.0021344603111,12.75,18.0,0.975,0,0,39,1
746,1,right_lane,adaptive,0.0316,40,0,21.643957345967657,0.0,1.0,39.0,0.0,0.5,62.79959191319206,42.79959191319206,20.0,18.0,0.9,0,0,36,4
747,1,right_lane,adaptive,0.0316,40,0,21.018957345971565,0.0,18.0,22.0,9.5,5.0,56.93033175355991,41.43033175355992,15.5,18.0,0.95,0,0,38,2
748,1,right_lane,adaptive,0.0316,40,0,20.393957345971565,0.0,1.0,39.0,0.0,15.5,60.179397666520444,40.429397666520444,19.75,18.0,1.0,0,0,40,0
749,1,right_lane,adaptive,0.0316,40,0,21.268957345971565,1.0,1.0,38.0,0.5,0.0,61.57839910886089,41.82839910886089,19.75,18.0,0.75,0,0,30,10
750,1,right_lane,adaptive,0.0316,40,0,21.768957345971554,0.0,0.0,40.0,0.0,5.0,62.630331753554486,42.630331753554486,20.0,18.0,0.95,0,0,38,2
751,1,right_lane,adaptive,0.0316,40,0,21.393957345971565,0.0,1.0,39.0,0.0,0.0,62.02939832968612,42.02939832968612,20.0,18.0,0.825,0,0,33,7
752,1,right_lane,adaptive,0.0316,40,0,21.518957345971565,1.0,5.0,34.0,2.5,6.0,60.976411872319744,42.226411872319744,18.75,18.0,0.725,0,0,29,11
753,1,right_lane,adaptive,0.0316,40,0,23.64363429741048,6.0,5.0,29.0,8.0,5.0,61.627173326107304,45.6271733261073,16.0,18.0,0.9,0,0,36,4
754,1,right_lane,adaptive,0.0316,40,0,23.393957345971558,0.0,0.0,40.0,0.0,2.0,65.23078056505335,45.23078056505334,20.0,18.0,0.85,0,0,34,6
755,1,right_lane,adaptive,0.0316,40,0,23.266424065018562,0.0,5.0,35.0,2.0,6.5,64.02439201744683,45.02439201744681,19.0,18.0,0.85,0,0,34,6
756,1,right_lane,adaptive,0.0316,40,0,20.393957345971565,1.0,1.0,38.0,0.5,12.5,60.18191665556299,40.43191665556299,19.75,18.0,1.0,0,0,40,0
757,1,right_lane,adaptive,0.0316,40,0,20.393957345971565,1.0,1.0,38.0,0.5,5.5,60.17839717648496,40.42839717648496,19.75,18.0,1.0,0,0,40,0
758,1,right_lane,adaptive,0.0316,40,0,22.393957345971565,3.0,34.0,3.0,20.0,7.0,54.05093810103622,43.80093810103623,10.25,18.0,1.0,0,0,40,0
759,1,right_lane,adaptive,0.0316,40,0,21.268957345971565,0.0,1.0,39.0,0.0,0.0,61.57939766774115,41.82939766774115,19.75,18.0,0.35,0,0,14,26
760,1,right_lane,adaptive,0.0316,40,0,21.893909103635565,0.0,0.0,40.0,0.0,2.0,62.8302545658169,42.830254565816915,20.0,18.0,0.95,0,0,38,2
761,1,right_lane,adaptive,0.0316,40,0,20.393957345971565,1.0,1.0,38.0,0.5,18.5,60.178464199582216,40.428464199582216,19.75,18.0,0.975,0,0,39,1
762,1,right_lane,adaptive,0.0316,40,0,22.643957345971565,0.0,1.0,39.0,0.0,9.0,64.20306021987105,44.20306021987105,20.0,18.0,0.85,0,0,34,6
763,1,right_lane,adaptive,0.0316,40,0,22.518957345971565,0.0,6.0,34.0,3.0,4.5,62.5784374745366,43.8284374745366,18.75,18.0,0.825,0,0,33,7
764,1,right_lane,adaptive,0.0316,40,0,21.143957345971565,0.0,1.0,39.0,0.0,0.0,61.55305825748398,41.80305825748398,19.75,18.0,0.975,0,0,39,1
765,1,right_lane,adaptive,0.0316,40,0,20.768957345971565,0.0,0.0,40.0,0.0,10.0,61.0303317535545,41.030331753554506,20.0,18.0,0.975,0,0,39,1
766,1,right_lane,adaptive,0.0316,40,0,20.893957345971565,1.0,1.0,38.0,0.5,15.0,60.97839910880876,41.22839910880876,19.75,18.0,1.0,0,0,40,0
767,1,right_lane,adaptive,0.0316,40,0,21.268956694084682,0.0,0.0,40.0,0.0,10.5,61.830330710535485,41.8303307105355,20.0,18.0,1.0,0,0,40,0
768,1,right_lane,adaptive,0.0316,40,0,20.893956694084682,0.0,0.0,40.0,0.0,0.5,61.230331616202214,41.230331616202214,20.0,18.0,1.0,0,0,40,0
769,1,right_lane,adaptive,0.0316,40,0,20.393957345971565,0.0,1.0,39.0,0.0,5.5,60.42939857218716,40.429398572187154,20.0,18.0,1.0,0,0,40,0
770,1,right_lane,adaptive,0.0316,40,0,20.518957345971565,1.0,1.0,38.0,0.5,3.0,60.37839840304393,40.62839840304393,19.75,18.0,1.0,0,0,40,0
771,1,right_lane,adaptive,0.0316,40,0,21.518957345971565,1.0,1.0,38.0,0.5,3.5,61.97839840507331,42.22839840507331,19.75,18.0,0.5,0,0,20,20
772,1,right_lane,adaptive,0.0316,40,0,21.393957345967713,0.0,2.0,38.0,1.0,12.0,61.77939832963935,42.02939832963935,19.75,18.0,0.975,0,0,39,1
773,1,right_lane,adaptive,0.0316,40,0,23.518909202470194,0.0,1.0,39.0,0.0,1.0,65.35298122788713,45.60298122788714,19.75,18.0,0.85,0,0,34,6
774,1,right_lane,adaptive,0.0316,40,0,21.018957345971565,1.0,1.0,38.0,0.5,6.5,61.178465290127036,41.428465290127036,19.75,18.0,0.625,0,0,25,15
775,1,right_lane,adaptive,0.0316,40,0,21.018957345971565,1.0,1.0,38.0,0.5,6.5,61.17839840434077,41.428398404340776,19.75,18.0,1.0,0,0,40,0
776,1,right_lane,adaptive,0.0316,40,0,24.14113795584911,1.0,1.0,38.0,0.5,4.5,66.17388808466497,46.42388808466497,19.75,18.0,0.775,0,0,31,9
777,1,right_lane,adaptive,0.0316,28,1,23.777081922816517,3.0,4.0,21.0,4.5,5.0,43.78213912068428,32.03213912068428,11.75,18.0,0.6071428571428571,0,0,17,11
778,1,right_lane,adaptive,0.0316,40,0,20.393957345971565,0.0,1.0,39.0,0.0,11.5,59.929396514701764,39.929396514701764,20.0,18.0,1.0,0,0,40,0
779,1,right_lane,adaptive,0.0316,40,0,21.768957345971565,0.0,1.0,39.0,0.0,0.0,62.62939766774183,42.629397667741834,20.0,18.0,0.975,0,0,39,1
780,1,right_lane,adaptive,0.0316,40,0,20.893957345971565,0.0,1.0,39.0,0.0,5.5,61.22939651470176,41.22939651470176,20.0,18.0,1.0,0,0,40,0
781,1,right_lane,adaptive,0.0316,40,0,21.893957345971565,0.0,0.0,40.0,0.0,2.5,62.8303317535545,42.8303317535545,20.0,18.0,0.95,0,0,38,2
782,1,right_lane,adaptive,0.0316,40,0,21.643957345971565,0.0,0.0,40.0,0.0,6.0,62.43033175355451,42.43033175355451,20.0,18.0,0.875,0,0,35,5
783,1,right_lane,adaptive,0.0316,23,1,21.989491036472284,0.0,0.0,23.0,0.0,0.5,36.30399430499482,24.80399430499483,11.5,18.0,0.9565217391304348,0,0,22,1
784,1,right_lane,adaptive,0.0316,40,0,20.89395734594575,0.0,1.0,39.0,0.0,3.5,60.72939651466052,40.729396514660515,20.0,18.0,0.625,0,0,25,15
785,1,right_lane,adaptive,0.0316,40,0,20.518957345971565,1.0,29.0,10.0,15.0,6.0,53.378398400337176,40.62839840033718,12.75,18.0,1.0,0,0,40,0
786,1,right_lane,adaptive,0.0316,40,0,24.01895239570215,1.0,1.0,38.0,0.5,8.0,65.72839118842982,46.228391188429825,19.5,18.0,0.85,0,0,34,6
787,1,right_lane,adaptive,0.0316,40,0,20.768957345971565,0.0,0.0,40.0,0.0,3.0,61.03033863096583,41.03033863096583,20.0,18.0,0.55,0,0,22,18
788,1,right_lane,adaptive,0.0316,40,0,20.643957345971565,1.0,1.0,38.0,0.5,13.0,60.57839717648495,40.82839717648495,19.75,18.0,1.0,0,0,40,0
789,1,right_lane,adaptive,0.0316,40,0,21.143957345971565,1.0,1.0,38.0,0.5,1.5,61.378398404341496,41.6283984043415,19.75,18.0,0.925,0,0,37,3
790,1,right_lane,adaptive,0.0316,40,0,20.643957345971565,0.0,1.0,39.0,0.0,0.0,60.82939832963657,40.829398329636575,20.0,18.0,1.0,0,0,40,0
791,1,right_lane,adaptive,0.0316,40,0,21.266461656101036,0.0,5.0,35.0,2.5,17.0,60.57499316969342,41.824993169693414,18.75,18.0,1.0,0,0,40,0
792,1,right_lane,adaptive,0.0316,40,0,20.393957345971565,0.0,1.0,39.0,0.0,20.5,60.4328649294846,40.4328649294846,20.0,18.0,1.0,0,0,40,0
793,1,right_lane,adaptive,0.0316,40,0,25.766460154828234,4.0,14.0,22.0,11.5,7.0,63.52127993161022,49.02127993161023,14.5,18.0,0.825,0,0,33,7
794,1,right_lane,adaptive,0.0316,40,0,21.750043292099726,1.0,1.0,38.0,0.5,2.0,62.10160526756143,42.60160526756143,19.5,18.0,0.975,0,0,39,1
795,1,right_lane,adaptive,0.0316,40,0,22.608867844032495,1.0,1.0,38.0,0.5,4.0,63.922195760026426,44.17219576002643,19.75,18.0,0.925,0,0,37,3
796,1,right_lane,adaptive,0.0316,40,0,20.893957345971565,0.0,4.0,36.0,2.0,10.5,60.45179109253615,41.45179109253615,19.0,18.0,1.0,0,0,40,0
797,1,right_lane,adaptive,0.0316,40,0,22.518957345971565,0.0,6.0,34.0,2.5,12.0,62.57751400842408,43.82751400842409,18.75,18.0,0.875,0,0,35,5
798,1,right_lane,adaptive,0.0316,40,0,21.643957345971565,0.0,1.0,39.0,0.0,2.0,62.429398329686094,42.42939832968609,20.0,18.0,0.975,0,0,39,1
799,1,right_lane,adaptive,0.0316,40,0,22.518957345971565,6.0,6.0,28.0,8.0,5.5,59.82606768227001,43.82606768227001,16.0,18.0,1.0,0,0,40,0
800,1,right_lane,adaptive,0.0316,40,0,21.893957345971057,0.0,0.0,40.0,0.0,3.5,62.83033175355368,42.83033175355368,20.0,18.0,0.975,0,0,39,1
801,1,right_lane,adaptive,0.0316,40,0,21.768957345971565,1.0,1.0,38.0,0.5,7.5,62.3783991088616,42.6283991088616,19.75,18.0,0.825,0,0,33,7
802,1,right_lane,adaptive,0.0316,40,0,20.393957345971565,0.0,0.0,40.0,0.0,6.5,60.603994304994835,40.603994304994835,20.0,18.0,1.0,0,0,40,0
803,1,right_lane,adaptive,0.0316,20,1,22.537914691935164,1.0,1.0,18.0,0.5,2.5,31.57839718117617,21.828397181176165,9.75,18.0,0.9,0,0,18,2
804,1,right_lane,adaptive,0.0316,40,0,20.393957345971565,1.0,1.0,38.0,0.5,16.0,59.67839717648496,39.92839717648496,19.75,18.0,1.0,0,0,40,0
805,1,right_lane,adaptive,0.0316,40,0,23.37472024373468,0.0,0.0,40.0,0.0,0.5,65.19955238997547,45.19955238997548,20.0,18.0,0.875,0,0,35,5
806,1,right_lane,adaptive,0.0316,40,0,21.75000009886436,1.0,1.0,38.0,0.5,9.5,62.37479292302348,42.62479292302346,19.75,18.0,0.875,0,0,35,5
807,1,right_lane,adaptive,0.0316,40,0,23.518957345971565,0.0,0.0,40.0,0.0,0.0,65.63033161620221,45.63033161620221,20.0,18.0,0.675,0,0,27,13
808,1,right_lane,adaptive,0.0316,40,0,21.500000750751244,0.0,2.0,38.0,1.0,1.0,61.94813489600324,42.19813489600324,19.75,18.0,0.85,0,0,34,6
809,1,right_lane,adaptive,0.0316,40,0,20.393957345971565,1.0,1.0,38.0,0.5,6.0,60.30205818357003,40.802058183570026,19.5,18.0,1.0,0,0,40,0
810,1,right_lane,adaptive,0.0316,4,1,21.439140538718384,0.0,1.0,3.0,1.5,1.0,5.779805754542838,4.029805754542838,1.75,18.0,1.0,0,0,4,0
811,1,right_lane,adaptive,0.0316,40,0,21.87749643910335,0.0,0.0,40.0,0.0,3.0,61.80399430256536,42.30399430256535,19.5,18.0,0.95,0,0,38,2
812,1,right_lane,adaptive,0.0316,40,0,25.268957345971494,5.0,9.0,26.0,9.5,2.5,63.67238767229415,48.42238767229415,15.25,18.0,0.9,0,0,36,4
813,1,right_lane,adaptive,0.0316,40,0,21.393957345971565,0.0,0.0,40.0,0.0,0.0,62.030331753554606,42.0303317535546,20.0,18.0,0.975,0,0,39,1
814,1,right_lane,adaptive,0.0316,40,0,21.643957345971494,0.0,1.0,39.0,0.0,1.0,62.429397666520345,42.429397666520345,20.0,18.0,0.975,0,0,39,1
815,1,right_lane,adaptive,0.0316,40,0,22.643957345971565,0.0,1.0,39.0,0.0,1.0,64.0293983296862,44.029398329686195,20.0,18.0,0.875,0,0,35,5
816,1,right_lane,adaptive,0.0316,40,0,22.143957345971565,3.0,2.0,35.0,3.0,3.5,61.72867098868008,43.228670988680086,18.5,18.0,0.925,0,0,37,3
817,1,right_lane,adaptive,0.0316,40,0,22.393957345971565,0.0,0.0,40.0,0.0,4.0,63.6303317535545,43.6303317535545,20.0,18.0,0.925,0,0,37,3
818,1,right_lane,adaptive,0.0316,40,0,20.393957345971565,0.0,1.0,39.0,0.0,9.0,60.429397666520444,40.429397666520444,20.0,18.0,1.0,0,0,40,0
819,1,right_lane,adaptive,0.0316,40,0,21.50032874938229,0.0,1.0,39.0,0.0,14.0,62.19959191319831,42.19959191319831,20.0,18.0,0.95,0,0,38,2
820,1,right_lane,adaptive,0.0316,32,1,21.742446682464454,1.0,1.0,30.0,0.5,8.5,49.977941672687386,34.227941672687386,15.75,18.0,0.90625,0,0,29,3
821,1,right_lane,adaptive,0.0316,40,0,21.250328749382287,0.0,1.0,39.0,0.0,0.0,61.29959191197759,41.299591911977615,20.0,18.0,0.95,0,0,38,2
822,1,right_lane,adaptive,0.0316,40,0,21.64395100608661,2.0,9.0,29.0,5.5,12.0,59.874768711367395,42.624768711367395,17.25,18.0,1.0,0,0,40,0
823,1,right_lane,adaptive,0.0316,40,0,23.3939564965818,6.0,13.0,21.0,11.5,9.0,59.47408031908653,45.224080319086525,14.25,18.0,0.975,0,0,39,1
824,1,right_lane,adaptive,0.0316,40,0,20.518957345971565,0.0,0.0,40.0,0.0,10.0,60.63033293361174,40.630332933611726,20.0,18.0,0.85,0,0,34,6
825,1,right_lane,adaptive,0.0316,40,0,20.87532874938229,1.0,1.0,38.0,0.5,5.0,60.94859142194214,41.19859142194213,19.75,18.0,1.0,0,0,40,0
826,1,right_lane,adaptive,0.0316,40,0,20.76895734597149,0.0,0.0,40.0,0.0,7.5,61.229875021902274,41.229875021902274,20.0,18.0,0.975,0,0,39,1
827,1,right_lane,adaptive,0.0316,40,0,20.893957345971565,0.0,1.0,39.0,0.0,4.0,61.22939766652054,41.22939766652055,20.0,18.0,0.975,0,0,39,1
828,1,right_lane,adaptive,0.0316,40,0,22.268585304523192,0.0,7.0,33.0,3.5,14.0,61.676981585680295,43.426981585680295,18.25,18.0,0.95,0,0,38,2
829,1,right_lane,adaptive,0.0316,40,0,22.518957345971565,7.0,4.0,29.0,8.0,2.5,59.828185311443036,43.82818531144303,16.0,18.0,1.0,0,0,40,0
830,1,right_lane,adaptive,0.0316,40,0,22.268957345971565,1.0,1.0,38.0,0.5,5.5,63.178399108860894,43.4283991088609,19.75,18.0,0.975,0,0,39,1
831,1,right_lane,adaptive,0.0316,40,0,21.141461656101036,0.0,0.0,40.0,0.0,1.0,61.62633864976167,41.626338649761664,20.0,18.0,1.0,0,0,40,0
832,1,right_lane,adaptive,0.0316,40,0,22.26895734571614,1.0,5.0,34.0,2.5,10.5,62.18115678043322,43.43115678043322,18.75,18.0,0.9,0,0,36,4
833,1,right_lane,adaptive,0.0316,40,0,22.393957345971565,8.0,5.0,27.0,9.5,8.5,58.87828512162477,43.628285121624764,15.25,18.0,1.0,0,0,40,0
834,1,right_lane,adaptive,0.0316,40,0,21.25032874938229,0.0,0.0,40.0,0.0,2.0,61.800525999011654,41.80052599901167,20.0,18.0,1.0,0,0,40,0
835,1,right_lane,adaptive,0.0316,40,0,22.018957345971565,1.0,1.0,38.0,0.5,2.5,62.97794237720879,43.2279423772088,19.75,18.0,0.95,0,0,38,2
836,1,right_lane,adaptive,0.0316,40,0,22.268957345971565,0.0,1.0,39.0,0.0,11.0,63.429398329686116,43.42939832968611,20.0,18.0,0.95,0,0,38,2
837,1,right_lane,adaptive,0.0316,40,0,20.518957345971565,0.0,1.0,39.0,0.0,20.0,60.629397667739944,40.629397667739944,20.0,18.0,1.0,0,0,40,0
838,1,right_lane,adaptive,0.0316,40,0,22.893957345971565,3.0,10.0,27.0,7.5,0.5,60.67570679460247,44.425706794602455,16.25,18.0,0.95,0,0,38,2
839,1,right_lane,adaptive,0.0316,40,0,23.018957345971565,2.0,15.0,23.0,9.0,2.0,60.37868719215368,44.628687192153684,15.75,18.0,0.95,0,0,38,2
840,1,right_lane,adaptive,0.0316,40,0,22.393957345971565,0.0,1.0,39.0,0.0,10.0,63.37939766774182,43.629397667741834,19.75,18.0,0.9,0,0,36,4
841,1,right_lane,adaptive,0.0316,17,1,21.80931140228468,1.0,1.0,15.0,0.5,3.0,26.27839910880784,18.028399108807847,8.25,18.0,1.0,0,0,17,0
842,1,right_lane,adaptive,0.0316,40,0,22.51895733124236,0.0,0.0,40.0,0.0,2.5,63.33033172998778,43.33033172998779,20.0,18.0,0.95,0,0,38,2
843,1,right_lane,adaptive,0.0316,40,0,23.518957345775522,0.0,0.0,40.0,0.0,2.0,65.43033177370411,45.430331773704125,20.0,18.0,0.85,0,0,34,6
844,1,right_lane,adaptive,0.0316,40,0,22.643957345971565,0.0,1.0,39.0,0.0,0.0,64.02939832995847,44.02939832995846,20.0,18.0,0.9,0,0,36,4
845,1,right_lane,adaptive,0.0316,40,0,21.018957345971565,0.0,1.0,39.0,0.0,5.5,61.42939651471896,41.429396514718974,20.0,18.0,0.95,0,0,38,2
846,1,right_lane,adaptive,0.0316,40,0,23.000005701017244,3.0,7.0,30.0,5.5,11.5,61.845826388646245,44.595826388646245,17.25,18.0,0.925,0,0,37,3
847,1,right_lane,adaptive,0.0316,40,0,20.518957345971565,0.0,1.0,39.0,0.0,17.0,60.82938974609484,40.829389746094826,20.0,18.0,1.0,0,0,40,0
848,1,right_lane,adaptive,0.0316,40,0,20.268957345971565,0.0,1.0,39.0,0.0,20.5,60.22939651470176,40.22939651470176,20.0,18.0,1.0,0,0,40,0
849,1,right_lane,adaptive,0.0316,40,0,22.393957345971565,0.0,1.0,39.0,0.0,10.0,63.62939766774114,43.62939766774114,20.0,18.0,0.9,0,0,36,4
850,1,right_lane,adaptive,0.0316,39,1,21.30149471381699,0.0,11.0,28.0,5.5,10.0,57.5803317535545,40.8303317535545,16.75,18.0,1.0,0,0,39,0
851,1,right_lane,adaptive,0.0316,40,0,20.268957345971565,0.0,0.0,40.0,0.0,5.0,59.7303317535545,39.7303317535545,20.0,18.0,1.0,0,0,40,0
852,1,right_lane,adaptive,0.0316,10,1,26.074341270034893,0.0,1.0,9.0,0.0,0.0,17.22880242289017,12.22880242289017,5.0,18.0,0.5,0,0,5,5
853,1,right_lane,adaptive,0.0316,40,0,22.643957345971504,0.0,0.0,40.0,0.0,1.0,63.53084861285094,43.53084861285094,20.0,18.0,0.85,0,0,34,6
854,1,right_lane,adaptive,0.0316,35,1,23.450236966824644,4.0,3.0,28.0,5.0,1.0,54.87891567488749,39.62891567488748,15.25,18.0,0.42857142857142855,0,0,15,20
855,1,right_lane,adaptive,0.0316,40,0,21.268957345971565,0.0,1.0,39.0,0.0,3.0,61.07939766843067,41.329397668430694,19.75,18.0,0.95,0,0,38,2
856,1,right_lane,adaptive,0.0316,40,0,22.518957345971494,0.0,1.0,39.0,0.0,1.5,63.82939832968597,43.82939832968599,20.0,18.0,0.975,0,0,39,1
857,1,right_lane,adaptive,0.0316,40,0,20.393957345971565,0.0,0.0,40.0,0.0,17.0,60.43033175355459,40.4303317535546,20.0,18.0,1.0,0,0,40,0
858,1,right_lane,adaptive,0.0316,40,0,21.143957345971565,0.0,1.0,39.0,0.0,0.5,61.629397667741145,41.62939766774115,20.0,18.0,0.9,0,0,36,4
859,1,right_lane,adaptive,0.0316,40,0,20.893957345971565,1.0,1.0,38.0,0.5,0.5,60.97839840434078,41.22839840434078,19.75,18.0,1.0,0,0,40,0
860,1,right_lane,adaptive,0.0316,40,0,22.518957345971554,1.0,8.0,31.0,4.0,5.5,61.82560852635768,43.82560852635767,18.0,18.0,0.95,0,0,38,2
861,1,right_lane,adaptive,0.0316,40,0,24.51895734597149,0.0,4.0,36.0,1.5,2.0,66.27751564979329,47.02751564979327,19.25,18.0,0.725,0,0,29,11
862,1,right_lane,adaptive,0.0316,40,0,25.643957345967134,0.0,0.0,40.0,0.0,1.0,68.83033175354751,48.83033175354751,20.0,18.0,0.8,0,0,32,8
863,1,right_lane,adaptive,0.0316,40,0,22.518957345971497,0.0,1.0,39.0,0.0,1.0,63.82939832969215,43.82939832969214,20.0,18.0,0.6,0,0,24,16
864,1,right_lane,adaptive,0.0316,40,0,21.893957345971565,0.0,3.0,37.0,1.5,1.5,62.07867630458175,42.82867630458174,19.25,18.0,0.975,0,0,39,1
865,1,right_lane,adaptive,0.0316,40,0,20.268957345971565,0.0,1.0,39.0,0.0,3.5,60.22939651470176,40.22939651470176,20.0,18.0,1.0,0,0,40,0
866,1,right_lane,adaptive,0.0316,40,0,23.393629347340514,0.0,3.0,37.0,1.5,4.5,64.47814918966392,45.22814918966393,19.25,18.0,0.95,0,0,38,2
867,1,right_lane,adaptive,0.0316,12,1,25.063169648096153,1.0,5.0,6.0,2.5,4.0,18.979134839374236,14.229134839374233,4.75,18.0,1.0,0,0,12,0
868,1,right_lane,adaptive,0.0316,40,0,23.393957345971565,0.0,0.0,40.0,0.0,1.5,64.73033175355452,44.73033175355451,20.0,18.0,0.925,0,0,37,3
869,1,right_lane,adaptive,0.0316,40,0,22.143957345971565,0.0,0.0,40.0,0.0,4.5,63.23033175355452,43.230331753554495,20.0,18.0,0.95,0,0,38,2
870,1,right_lane,adaptive,0.0316,40,0,22.14395724711112,0.0,1.0,39.0,0.0,1.5,63.229397510254,43.229397510254,20.0,18.0,0.975,0,0,39,1
871,1,right_lane,adaptive,0.0316,40,0,23.768957345971565,0.0,0.0,40.0,0.0,1.0,65.83033189090138,45.83033189090136,20.0,18.0,0.825,0,0,33,7
872,1,right_lane,adaptive,0.0316,40,0,22.643957331242362,0.0,4.0,36.0,2.0,11.0,63.02962284352475,44.029622843524734,19.0,18.0,0.975,0,0,39,1
873,1,right_lane,adaptive,0.0316,40,0,21.393957345967713,1.0,1.0,38.0,0.5,6.5,61.778397196942095,42.02839719694208,19.75,18.0,0.925,0,0,37,3
874,1,right_lane,adaptive,0.0316,14,1,22.91130669779397,0.0,1.0,13.0,0.5,1.5,22.429398326901563,15.42939832690156,7.0,18.0,0.9285714285714286,0,0,13,1
875,1,right_lane,adaptive,0.0316,40,0,22.393957345971565,1.0,4.0,35.0,2.0,2.5,61.87869143025925,43.12869143025926,18.75,18.0,0.875,0,0,35,5
876,1,right_lane,adaptive,0.0316,40,0,21.893957345971565,1.0,1.0,38.0,0.5,1.0,62.5783991088609,42.82839910886089,19.75,18.0,0.925,0,0,37,3
877,1,right_lane,adaptive,0.0316,40,0,21.891789568657728,0.0,1.0,39.0,0.0,4.0,62.825929224037814,42.82592922403781,20.0,18.0,0.925,0,0,37,3
878,1,right_lane,adaptive,0.0316,40,0,22.768957345971565,3.0,4.0,33.0,4.0,0.5,62.230300699560125,44.23030069956014,18.0,18.0,0.95,0,0,38,2
879,1,right_lane,adaptive,0.0316,40,0,22.893957345971565,7.0,13.0,20.0,12.5,5.5,58.17799544493839,44.42799544493839,13.75,18.0,1.0,0,0,40,0
880,1,right_lane,adaptive,0.0316,40,0,20.393957345971565,1.0,16.0,23.0,8.5,16.0,56.42805692104472,40.428056921044714,16.0,18.0,1.0,0,0,40,0
881,1,right_lane,adaptive,0.0316,40,0,20.643957345971565,1.0,1.0,38.0,0.5,18.0,60.328398404339495,40.828398404339495,19.5,18.0,1.0,0,0,40,0
882,1,right_lane,adaptive,0.0316,40,0,21.018671888689,0.0,0.0,40.0,0.0,7.0,61.42987502190238,41.4298750219024,20.0,18.0,1.0,0,0,40,0
883,1,right_lane,adaptive,0.0316,21,1,22.417061611374262,1.0,1.0,19.0,0.5,4.5,33.07879499026151,22.828794990261514,10.25,18.0,1.0,0,0,21,0
884,1,right_lane,adaptive,0.0316,40,0,21.518957345941836,0.0,5.0,35.0,2.5,11.0,60.479377584107155,41.729377584107155,18.75,18.0,1.0,0,0,40,0
885,1,right_lane,adaptive,0.0316,40,0,21.768957345971565,0.0,0.0,40.0,0.0,11.5,62.63033175359582,42.630331753595804,20.0,18.0,0.975,0,0,39,1
886,1,right_lane,adaptive,0.0316,40,0,21.643957345971565,3.0,7.0,30.0,5.5,8.0,59.67732877897962,42.42732877897964,17.25,18.0,1.0,0,0,40,0
887,1,right_lane,adaptive,0.0316,40,0,20.393957345971565,0.0,1.0,39.0,0.0,20.5,60.429397666520444,40.429397666520444,20.0,18.0,1.0,0,0,40,0
888,1,right_lane,adaptive,0.0316,40,0,21.893957345971565,1.0,6.0,33.0,3.5,13.0,61.07823046688422,42.82823046688422,18.25,18.0,1.0,0,0,40,0
889,1,right_lane,adaptive,0.0316,40,0,21.143951657973492,0.0,7.0,33.0,3.0,6.0,60.12845571466149,41.62845571466149,18.5,18.0,1.0,0,0,40,0
890,1,right_lane,adaptive,0.0316,40,0,21.018957345971565,0.0,5.0,35.0,2.0,16.0,60.42845252344391,41.42845252344391,19.0,18.0,1.0,0,0,40,0
891,1,right_lane,adaptive,0.0316,40,0,22.518957345971565,0.0,5.0,35.0,2.0,1.5,62.82751327830477,43.82751327830477,19.0,18.0,0.975,0,0,39,1
892,1,right_lane,adaptive,0.0316,40,0,24.12467695166469,0.0,1.0,39.0,0.0,2.0,66.3985496987951,46.398549698795094,20.0,18.0,0.85,0,0,34,6
893,1,right_lane,adaptive,0.0316,40,0,20.393957345971565,0.0,1.0,39.0,0.0,20.5,60.629846477705634,40.629846477705634,20.0,18.0,1.0,0,0,40,0
894,1,right_lane,adaptive,0.0316,40,0,21.393957345971565,1.0,4.0,35.0,2.0,2.0,61.0286901346206,42.0286901346206,19.0,18.0,1.0,0,0,40,0
895,1,right_lane,adaptive,0.0316,40,0,22.641497760414666,1.0,1.0,38.0,0.5,3.0,63.77446306744973,44.02446306744973,19.75,18.0,0.925,0,0,37,3
896,1,right_lane,adaptive,0.0316,40,0,20.768957345971565,1.0,1.0,38.0,0.5,6.0,60.78181621203514,41.031816212035146,19.75,18.0,1.0,0,0,40,0
897,1,right_lane,adaptive,0.0316,22,1,22.761740629039203,0.0,0.0,22.0,0.0,7.5,35.23033175355451,24.230331753554502,11.0,18.0,0.9090909090909091,0,0,20,2
898,1,right_lane,adaptive,0.0316,40,0,22.768957345749705,0.0,0.0,40.0,0.0,4.0,63.73033175319952,43.73033175319953,20.0,18.0,0.9,0,0,36,4
899,1,right_lane,adaptive,0.0316,40,0,20.393957345971565,1.0,1.0,38.0,0.5,20.5,60.17839717679318,40.42839717679318,19.75,18.0,1.0,0,0,40,0
900,1,right_lane,adaptive,0.0316,40,0,21.393957345971565,0.0,0.0,40.0,0.0,0.0,62.030331753554506,42.030331753554506,20.0,18.0,0.975,0,0,39,1
901,1,right_lane,adaptive,0.0316,40,0,21.143957345971565,0.0,4.0,36.0,1.5,2.5,60.87870235302108,41.62870235302108,19.25,18.0,1.0,0,0,40,0
902,1,right_lane,adaptive,0.0316,40,0,20.393957345971565,1.0,1.0,38.0,0.5,7.5,60.17839717648496,40.42839717648496,19.75,18.0,1.0,0,0,40,0
903,1,right_lane,adaptive,0.0316,40,0,22.518957345971565,0.0,1.0,39.0,0.0,0.5,63.82939832963661,43.8293983296366,20.0,18.0,0.925,0,0,37,3
904,1,right_lane,adaptive,0.0316,40,0,21.3939573442318,0.0,0.0,40.0,0.0,4.5,62.03033175077089,42.030331750770884,20.0,18.0,0.95,0,0,38,2
905,1,right_lane,adaptive,0.0316,40,0,25.518957345971565,18.0,7.0,15.0,21.0,3.0,58.125928152953755,48.625928152953755,9.5,18.0,1.0,0,0,40,0
906,1,right_lane,adaptive,0.0316,40,0,23.481371304580012,5.0,12.0,23.0,10.5,8.0,60.11690857639476,45.36690857639476,14.75,18.0,1.0,0,0,40,0
907,1,right_lane,adaptive,0.0316,40,0,20.64363429760652,0.0,0.0,40.0,0.0,13.5,61.05569530548949,41.05569530548949,20.0,18.0,1.0,0,0,40,0
908,1,right_lane,adaptive,0.0316,40,0,21.643957345971565,1.0,5.0,34.0,2.5,8.0,61.177894143623796,42.427894143623796,18.75,18.0,0.925,0,0,37,3
909,1,right_lane,adaptive,0.0316,40,0,21.018957345971565,0.0,1.0,39.0,0.0,5.0,61.429397667739934,41.42939766773994,20.0,18.0,0.925,0,0,37,3
910,1,right_lane,adaptive,0.0316,40,0,23.768957345971565,0.0,1.0,39.0,0.0,3.0,65.82939766774113,45.82939766774114,20.0,18.0,0.575,0,0,23,17
911,1,right_lane,adaptive,0.0316,40,0,20.643957345941903,0.0,0.0,40.0,0.0,4.0,60.830331753507046,40.830331753507046,20.0,18.0,1.0,0,0,40,0
912,1,right_lane,adaptive,0.0316,40,0,20.893957345971565,0.0,1.0,39.0,0.0,13.0,61.229397667783026,41.22939766778304,20.0,18.0,0.975,0,0,39,1
913,1,right_lane,adaptive,0.0316,40,0,23.518957345971565,6.0,4.0,30.0,7.0,1.5,61.92673818089811,45.42673818089811,16.5,18.0,0.975,0,0,39,1
914,1,right_lane,adaptive,0.0316,40,0,21.518957345971565,1.0,2.0,37.0,1.0,9.5,61.7280490982797,42.2280490982797,19.5,18.0,0.975,0,0,39,1
915,1,right_lane,adaptive,0.0316,40,0,25.51895734597104,8.0,6.0,26.0,10.0,0.0,63.62846229936009,48.62846229936009,15.0,18.0,0.925,0,0,37,3
916,1,right_lane,adaptive,0.0316,40,0,23.893957345971554,1.0,5.0,34.0,2.5,1.5,64.77651308119738,46.026513081197386,18.75,18.0,0.85,0,0,34,6
917,1,right_lane,adaptive,0.0316,40,0,22.018909202470194,0.0,1.0,39.0,0.0,5.5,63.02932063813965,43.029320638139644,20.0,18.0,0.95,0,0,38,2
918,1,right_lane,adaptive,0.0316,40,0,23.25004329209972,0.0,0.0,40.0,0.0,2.0,65.00013615314583,45.00013615314581,20.0,18.0,0.875,0,0,35,5
919,1,right_lane,adaptive,0.0316,40,0,21.250328747472306,1.0,4.0,35.0,2.5,10.0,60.82486493337381,41.82486493337381,19.0,18.0,0.85,0,0,34,6
920,1,right_lane,adaptive,0.0316,39,1,21.686110098432373,0.0,0.0,39.0,0.0,1.5,60.70621247311016,41.45621247311017,19.25,18.0,0.5384615384615384,0,0,21,18
921,1,right_lane,adaptive,0.0316,40,0,21.893957345968165,0.0,4.0,36.0,2.0,9.0,61.32690688679176,42.326906886791754,19.0,18.0,0.95,0,0,38,2
922,1,right_lane,adaptive,0.0316,38,1,23.309428785233223,0.0,0.0,38.0,0.0,0.0,61.83033175355922,42.83033175355923,19.0,18.0,0.5263157894736842,0,0,20,18
923,1,right_lane,adaptive,0.0316,40,0,22.268957345971565,1.0,1.0,38.0,0.5,14.0,62.678399108860894,42.9283991088609,19.75,18.0,0.925,0,0,37,3
924,1,right_lane,adaptive,0.0316,40,0,21.143957345971565,0.0,0.0,40.0,0.0,0.5,61.6303317535545,41.63033175355451,20.0,18.0,0.975,0,0,39,1
925,1,right_lane,adaptive,0.0316,40,0,20.893957345971565,0.0,1.0,39.0,0.0,1.5,61.22939766652044,41.22939766652045,20.0,18.0,1.0,0,0,40,0
926,1,right_lane,adaptive,0.0316,40,0,20.393957345971565,2.0,4.0,34.0,4.0,8.0,58.92839717648496,40.42839717648496,18.5,18.0,1.0,0,0,40,0
927,1,right_lane,adaptive,0.0316,40,0,20.893956596934782,2.0,9.0,29.0,6.0,15.5,58.1502669576219,41.4002669576219,16.75,18.0,1.0,0,0,40,0
928,1,right_lane,adaptive,0.0316,40,0,21.266789654732076,1.0,1.0,38.0,0.5,8.5,61.32493184346269,41.82493184346271,19.5,18.0,1.0,0,0,40,0
929,1,right_lane,adaptive,0.0316,40,0,21.518956694084682,0.0,4.0,36.0,2.0,3.0,61.232112039665466,42.232112039665466,19.0,18.0,0.725,0,0,29,11
930,1,right_lane,adaptive,0.0316,40,0,22.393957345971565,8.0,1.0,31.0,7.5,12.0,59.878894617109715,43.62889461710972,16.25,18.0,1.0,0,0,40,0
931,1,right_lane,adaptive,0.0316,40,0,22.268957344482878,3.0,6.0,31.0,5.5,5.0,60.6763465167677,43.426346516767694,17.25,18.0,1.0,0,0,40,0
932,1,right_lane,adaptive,0.0316,40,0,21.268957345971565,0.0,1.0,39.0,0.0,7.5,62.003060883194664,42.003060883194664,20.0,18.0,0.75,0,0,30,10
933,1,right_lane,adaptive,0.0316,40,0,20.643957345971565,0.0,0.0,40.0,0.0,5.5,60.8303317535545,40.8303317535545,20.0,18.0,0.975,0,0,39,1
934,1,right_lane,adaptive,0.0316,40,0,22.518957345971565,2.0,5.0,33.0,4.0,5.5,61.828208928895094,43.828208928895094,18.0,18.0,0.975,0,0,39,1
935,1,right_lane,adaptive,0.0316,40,0,21.268956596934782,1.0,1.0,38.0,0.5,8.5,61.57839720661441,41.828397206614426,19.75,18.0,0.925,0,0,37,3
936,1,right_lane,adaptive,0.0316,40,0,22.518951743818675,0.0,0.0,40.0,0.0,2.5,63.830323830747,43.830323830747005,20.0,18.0,0.8,0,0,32,8
937,1,right_lane,adaptive,0.0316,40,0,24.625000001680814,6.0,20.0,14.0,15.0,10.0,59.69471297757712,47.19471297757711,12.5,18.0,0.925,0,0,37,3
938,1,right_lane,adaptive,0.0316,20,1,22.037914691943108,0.0,1.0,19.0,0.0,0.0,31.455735775910597,21.4557357759106,10.0,18.0,0.85,0,0,17,3
939,1,right_lane,adaptive,0.0316,40,0,21.268957345971565,0.0,4.0,36.0,1.5,3.5,60.57846226966557,41.32846226966558,19.25,18.0,0.925,0,0,37,3
940,1,right_lane,adaptive,0.0316,40,0,20.768957345971565,0.0,1.0,39.0,0.0,2.0,61.02939651471896,41.02939651471896,20.0,18.0,1.0,0,0,40,0
941,1,right_lane,adaptive,0.0316,40,0,20.268957345971565,0.0,1.0,39.0,0.0,11.5,60.22939651470176,40.22939651470176,20.0,18.0,1.0,0,0,40,0
942,1,right_lane,adaptive,0.0316,37,1,22.993467401050342,1.0,1.0,35.0,0.5,11.0,59.47839910886089,41.22839910886089,18.25,18.0,0.918918918918919,0,0,34,3
943,1,right_lane,adaptive,0.0316,40,0,21.643957345971565,0.0,0.0,40.0,0.0,4.5,61.93033175355452,41.9303317535545,20.0,18.0,0.975,0,0,39,1
944,1,right_lane,adaptive,0.0316,40,0,21.268957345971565,0.0,1.0,39.0,0.0,0.5,61.82939766774182,41.82939766774184,20.0,18.0,0.975,0,0,39,1
945,1,right_lane,adaptive,0.0316,40,0,22.643957260122978,1.0,1.0,38.0,0.5,5.0,63.77839703912723,44.02839703912721,19.75,18.0,0.8,0,0,32,8
946,1,right_lane,adaptive,0.0316,40,0,21.643957345971565,0.0,4.0,36.0,1.5,17.0,61.67751194561001,42.427511945610014,19.25,18.0,0.95,0,0,38,2
947,1,right_lane,adaptive,0.0316,40,0,21.018957345971565,0.0,0.0,40.0,0.0,1.5,61.4303317535545,41.430331753554505,20.0,18.0,0.975,0,0,39,1
948,1,right_lane,adaptive,0.0316,40,0,21.643957345937917,4.0,5.0,31.0,6.5,11.5,59.17735930462507,42.42735930462507,16.75,18.0,1.0,0,0,40,0
949,1,right_lane,adaptive,0.0316,40,0,22.39362860960845,1.0,5.0,34.0,2.5,3.5,62.3769414233052,43.626941423305205,18.75,18.0,0.95,0,0,38,2
950,1,right_lane,adaptive,0.0316,40,0,20.518957345971565,0.0,0.0,40.0,0.0,2.0,60.630788467119054,40.63078846711906,20.0,18.0,1.0,0,0,40,0
951,1,right_lane,adaptive,0.0316,40,0,21.89395734574971,0.0,0.0,40.0,0.0,2.0,62.83033175319952,42.83033175319952,20.0,18.0,0.975,0,0,39,1
952,1,right_lane,adaptive,0.0316,40,0,22.393957345971565,0.0,0.0,40.0,0.0,0.0,63.630331753862734,43.63033175386273,20.0,18.0,0.875,0,0,35,5
953,1,right_lane,adaptive,0.0316,12,1,22.56319082369068,1.0,1.0,10.0,0.5,2.0,18.778398246157796,13.028398246157792,5.75,18.0,1.0,0,0,12,0
954,1,right_lane,adaptive,0.0316,37,1,21.912386319969247,0.0,1.0,36.0,0.0,1.0,57.62939846703839,39.12939846703839,18.5,18.0,0.972972972972973,0,0,36,1
955,1,right_lane,adaptive,0.0316,40,0,21.768957345971565,1.0,1.0,38.0,0.5,11.5,61.8783991088609,42.1283991088609,19.75,18.0,1.0,0,0,40,0
956,1,right_lane,adaptive,0.0316,40,0,22.143957345971565,1.0,1.0,38.0,0.5,12.0,62.9783991088609,43.22839910886089,19.75,18.0,0.925,0,0,37,3
957,1,right_lane,adaptive,0.0316,40,0,22.51895734597155,4.0,9.0,27.0,7.5,8.5,60.07605424146956,43.826054241469556,16.25,18.0,1.0,0,0,40,0
958,1,right_lane,adaptive,0.0316,40,0,21.893957345971565,0.0,3.0,37.0,1.0,0.5,62.32775112419712,42.82775112419711,19.5,18.0,0.975,0,0,39,1
959,1,right_lane,adaptive,0.0316,40,0,20.89395734426102,0.0,1.0,39.0,0.0,1.5,61.22939766500308,41.22939766500308,20.0,18.0,0.85,0,0,34,6
960,1,right_lane,adaptive,0.0316,40,0,21.768957345971565,1.0,1.0,38.0,0.5,0.5,62.37839911123736,42.62839911123735,19.75,18.0,0.9,0,0,36,4
961,1,right_lane,adaptive,0.0316,40,0,22.393957345971565,1.0,1.0,38.0,0.5,1.5,63.3783991088609,43.628399108860904,19.75,18.0,0.55,0,0,22,18
962,1,right_lane,adaptive,0.0316,40,0,21.893957345971565,0.0,3.0,37.0,1.5,5.0,62.078676304581656,42.82867630458165,19.25,18.0,0.9,0,0,36,4
963,1,right_lane,adaptive,0.0316,40,0,20.643957345971565,0.0,0.0,40.0,0.0,0.5,60.8303317535545,40.8303317535545,20.0,18.0,1.0,0,0,40,0
964,1,right_lane,adaptive,0.0316,40,0,22.393957345971565,0.0,4.0,36.0,1.5,4.5,62.878702878836386,43.62870287883638,19.25,18.0,0.95,0,0,38,2
965,1,right_lane,adaptive,0.0316,40,0,20.643629347340514,0.0,1.0,39.0,0.0,19.0,60.82887171689209,40.82887171689209,20.0,18.0,1.0,0,0,40,0
966,1,right_lane,adaptive,0.0316,40,0,21.643957345971565,0.0,1.0,39.0,0.0,8.5,62.42985335706382,42.42985335706382,20.0,18.0,0.925,0,0,37,3
967,1,right_lane,adaptive,0.0316,20,1,22.287914691942987,1.0,1.0,18.0,0.5,1.0,31.37839910886078,21.62839910886078,9.75,18.0,0.95,0,0,19,1
968,1,right_lane,adaptive,0.0316,40,0,22.018957345971565,1.0,9.0,30.0,4.5,8.5,60.27769706023254,42.52769706023254,17.75,18.0,0.975,0,0,39,1
969,1,right_lane,adaptive,0.0316,40,0,21.76895174381816,0.0,1.0,39.0,0.0,3.0,62.62938755125633,42.62938755125633,20.0,18.0,0.925,0,0,37,3
970,1,right_lane,adaptive,0.0316,40,0,21.268957345971565,1.0,1.0,38.0,0.5,5.5,61.57840618741552,41.828406187415524,19.75,18.0,0.625,0,0,25,15
971,1,right_lane,adaptive,0.0316,40,0,20.393957345971565,0.0,1.0,39.0,0.0,17.0,60.429397666520444,40.429397666520444,20.0,18.0,1.0,0,0,40,0
972,1,right_lane,adaptive,0.0316,40,0,21.643957236028257,1.0,1.0,38.0,0.5,0.5,62.178398228431504,42.42839822843149,19.75,18.0,0.875,0,0,35,5
973,1,right_lane,adaptive,0.0316,40,0,21.643957345971565,1.0,4.0,35.0,2.0,1.5,61.428690287364866,42.428690287364866,19.0,18.0,0.75,0,0,30,10
974,1,right_lane,adaptive,0.0316,40,0,20.768957345971565,1.0,3.0,36.0,1.5,8.5,60.2784475665772,41.0284475665772,19.25,18.0,1.0,0,0,40,0
975,1,right_lane,adaptive,0.0316,40,0,22.76895239570556,0.0,1.0,39.0,0.0,3.5,64.2293904092605,44.229390409260496,20.0,18.0,0.95,0,0,38,2
976,1,right_lane,adaptive,0.0316,40,0,23.268914152736198,0.0,0.0,40.0,0.0,8.5,65.20393207322485,45.20393207322484,20.0,18.0,0.875,0,0,35,5
977,1,right_lane,adaptive,0.0316,40,0,21.018957345971565,0.0,0.0,40.0,0.0,2.5,61.430391761934175,41.430391761934175,20.0,18.0,0.925,0,0,37,3
978,1,right_lane,adaptive,0.0316,40,0,24.143957345971565,2.0,5.0,33.0,4.5,0.0,64.17747986407468,46.427479864074684,17.75,18.0,0.95,0,0,38,2
979,1,right_lane,adaptive,0.0316,40,0,22.268957345971565,11.0,17.0,12.0,18.5,7.0,54.1789884909957,43.4289884909957,10.75,18.0,1.0,0,0,40,0
980,1,right_lane,adaptive,0.0316,40,0,20.518957345971565,0.0,1.0,39.0,0.0,5.5,60.62939651470175,40.62939651470176,20.0,18.0,1.0,0,0,40,0
981,1,right_lane,adaptive,0.0316,40,0,22.89395734597156,0.0,7.0,33.0,3.0,2.0,62.927774029855186,44.427774029855186,18.5,18.0,0.925,0,0,37,3
982,1,right_lane,adaptive,0.0316,40,0,20.893957345971565,0.0,1.0,39.0,0.0,3.5,61.2293983296861,41.2293983296861,20.0,18.0,0.975,0,0,39,1
983,1,right_lane,adaptive,0.0316,40,0,22.39395239396195,0.0,0.0,40.0,0.0,8.0,63.803986381779445,43.803986381779445,20.0,18.0,0.925,0,0,37,3
984,1,right_lane,adaptive,0.0316,40,0,21.268957345971565,0.0,1.0,39.0,0.0,9.5,61.8294052095151,41.8294052095151,20.0,18.0,1.0,0,0,40,0
985,1,right_lane,adaptive,0.0316,40,0,21.3939573459419,0.0,0.0,40.0,0.0,0.5,62.03033175350704,42.03033175350705,20.0,18.0,1.0,0,0,40,0
986,1,right_lane,adaptive,0.0316,40,0,21.518957345971565,0.0,1.0,39.0,0.0,1.0,62.22939766778236,42.22939766778236,20.0,18.0,0.95,0,0,38,2
987,1,right_lane,adaptive,0.0316,40,0,20.893957345971565,1.0,1.0,38.0,0.5,0.5,60.97839840434078,41.22839840434077,19.75,18.0,1.0,0,0,40,0
988,1,right_lane,adaptive,0.0316,40,0,20.393957345971565,1.0,1.0,38.0,0.5,1.0,60.17839717648496,40.42839717648496,19.75,18.0,1.0,0,0,40,0
989,1,right_lane,adaptive,0.0316,40,0,22.893957345971565,0.0,1.0,39.0,0.0,1.5,64.42939766843072,44.42939766843071,20.0,18.0,0.85,0,0,34,6
990,1,right_lane,adaptive,0.0316,40,0,23.12749644062177,0.0,4.0,36.0,2.0,8.0,63.80235300605132,44.80235300605131,19.0,18.0,0.875,0,0,35,5
991,1,right_lane,adaptive,0.0316,40,0,21.516789654732076,1.0,1.0,38.0,0.5,6.5,61.9977992409341,42.24779924093409,19.75,18.0,0.975,0,0,39,1
992,1,right_lane,adaptive,0.0316,40,0,20.518957345971565,1.0,1.0,38.0,0.5,16.0,60.381409977375,40.63140997737501,19.75,18.0,1.0,0,0,40,0
993,1,right_lane,adaptive,0.0316,18,1,24.20879410159124,0.0,0.0,18.0,0.5,4.5,29.8303317531457,20.830331753145703,9.0,18.0,0.8888888888888888,0,0,16,2
994,1,right_lane,adaptive,0.0316,40,0,21.393957345971565,0.0,1.0,39.0,0.0,7.5,61.279397667741144,41.529397667741144,19.75,18.0,0.95,0,0,38,2
995,1,right_lane,adaptive,0.0316,40,0,20.393957345971565,0.0,0.0,40.0,0.0,1.0,60.430331753554505,40.430331753554505,20.0,18.0,1.0,0,0,40,0
996,1,right_lane,adaptive,0.0316,40,0,21.268957345971565,1.0,1.0,38.0,0.5,8.5,61.57839910886089,41.82839910886089,19.75,18.0,0.95,0,0,38,2
997,1,right_lane,adaptive,0.0316,40,0,21.766466606367043,0.0,0.0,40.0,0.0,2.0,62.62634657018727,42.626346570187266,20.0,18.0,0.95,0,0,38,2
998,1,right_lane,adaptive,0.0316,40,0,22.893957345971494,0.0,4.0,36.0,1.5,1.0,63.68122142911033,44.43122142911034,19.25,18.0,0.95,0,0,38,2
999,1,right_lane,adaptive,0.0316,40,0,23.018957345971565,0.0,1.0,39.0,0.0,1.0,64.6293983296862,44.6293983296862,20.0,18.0,0.775,0,0,31,9
