episode_id,policy_freq,profile,method,filter,value,episode_length,collision,mean_speed,total_cost,total_avoided_cost,total_expected_cost,total_reward,total_basic_reward,total_added_reward,mean_iterations_to_converge,convergence_rate,outcome_unchanged_count,outcome_naively_augmented_count,outcome_rcps_augmented_count,outcome_projection_count,lane_0_time,lane_1_time,lane_2_time,lane_3_time
0,1,right_lane,fixed,True,1.0,40,0,22.518634284587414,25.000000000000004,1.3333333333333335,26.139937579631805,47.33333333333332,40.0,7.333333333333333,nan,0.0,0,0,40,0,6.0,24.0,10.0,0.0
1,1,right_lane,fixed,True,1.0,40,0,21.37749644062177,23.666666666666668,1.3333333333333335,25.419350802898407,47.83333333333333,40.0,7.833333333333333,nan,0.0,0,0,40,0,19.0,8.0,1.0,12.0
2,1,right_lane,fixed,True,1.0,40,0,21.893957345971565,0.3333333333333333,9.333333333333332,3.022620568284765,59.83333333333333,40.0,19.833333333333332,nan,0.0,0,0,40,0,0.0,0.0,1.0,39.0
3,1,right_lane,fixed,True,1.0,40,0,20.891751400432195,0.0,13.666666666666673,4.762278191745281,60.0,40.0,20.0,nan,0.0,0,0,40,0,0.0,0.0,1.0,39.0
4,1,right_lane,fixed,True,1.0,40,0,20.893957345971565,0.0,0.3333333333333333,0.5610957554242759,60.0,40.0,20.0,nan,0.0,0,0,40,0,0.0,0.0,1.0,39.0
5,1,right_lane,fixed,True,1.0,40,0,20.997875600860247,0.6666666666666666,11.333333333333336,4.892801217734814,59.666666666666664,40.0,19.666666666666664,nan,0.0,0,0,40,0,0.0,1.0,2.0,37.0
6,1,right_lane,fixed,True,1.0,40,0,23.143957345971565,7.0,7.33333333333333,9.613304087193683,56.5,40.0,16.5,nan,0.0,0,0,40,0,1.0,10.0,1.0,28.0
7,1,right_lane,fixed,True,1.0,40,0,21.018957345971508,22.66666666666667,2.666666666666667,23.24824995547533,48.66666666666668,40.0,8.666666666666666,nan,0.0,0,0,40,0,13.0,14.0,2.0,11.0
8,1,right_lane,fixed,True,1.0,40,0,23.64395734426102,8.666666666666668,8.666666666666664,11.617436290020123,55.66666666666667,40.0,15.666666666666668,nan,0.0,0,0,40,0,8.0,1.0,3.0,28.0
9,1,right_lane,fixed,True,1.0,40,0,20.393957345971565,0.6666666666666666,13.000000000000005,5.517478600144386,59.66666666666667,40.0,19.666666666666668,nan,0.0,0,0,40,0,0.0,0.0,3.0,37.0
10,1,right_lane,fixed,True,1.0,40,0,21.64395733317816,1.6666666666666665,10.666666666666668,6.192214991897345,59.16666666666667,40.0,19.166666666666664,nan,0.0,0,0,40,0,0.0,0.0,5.0,35.0
11,1,right_lane,fixed,True,1.0,40,0,22.375005701017248,7.0,6.999999999999997,9.998688534018584,56.5,40.0,16.5,nan,0.0,0,0,40,0,5.0,4.0,1.0,30.0
12,1,right_lane,fixed,True,1.0,40,0,21.018957334666847,0.3333333333333333,9.666666666666666,3.9271974419243634,59.83333333333333,40.0,19.833333333333332,nan,0.0,0,0,40,0,0.0,1.0,1.0,38.0
13,1,right_lane,fixed,True,1.0,40,0,22.143957345971554,0.0,4.666666666666666,2.7938312745189933,60.0,40.0,20.0,nan,0.0,0,0,40,0,0.0,0.0,0.0,40.0
14,1,right_lane,fixed,True,1.0,40,0,21.250328749382287,2.333333333333333,8.999999999999998,5.238453853118699,58.83333333333334,40.0,18.83333333333333,nan,0.0,0,0,40,0,0.0,0.0,7.0,33.0
15,1,right_lane,fixed,True,1.0,40,0,20.643957345971565,14.333333333333337,5.999999999999998,17.0499649643898,53.00000000000002,40.0,13.000000000000002,nan,0.0,0,0,40,0,5.0,11.0,8.0,16.0
16,1,right_lane,fixed,True,1.0,40,0,22.85641469551045,0.6666666666666666,4.0,2.749048272097923,59.5,40.0,19.5,nan,0.0,0,0,40,0,0.0,1.0,2.0,37.0
17,1,right_lane,fixed,True,1.0,40,0,21.268957345971565,1.9999999999999998,6.999999999999997,5.01103575900197,59.00000000000001,40.0,19.0,nan,0.0,0,0,40,0,1.0,1.0,4.0,34.0
18,1,right_lane,fixed,True,1.0,40,0,21.64395734596771,10.666666666666666,4.333333333333333,13.69435905944556,54.66666666666665,40.0,14.666666666666659,nan,0.0,0,0,40,0,0.0,15.0,2.0,23.0
19,1,right_lane,fixed,True,1.0,40,0,20.268957345971565,0.3333333333333333,13.000000000000005,5.391328677535057,59.833333333333336,40.0,19.833333333333332,nan,0.0,0,0,40,0,0.0,0.0,1.0,39.0
20,1,right_lane,fixed,True,1.0,40,0,23.25000075075124,13.999999999999996,5.666666666666665,16.76363031193614,53.00000000000001,40.0,13.0,nan,0.0,0,0,40,0,4.0,15.0,2.0,19.0
21,1,right_lane,fixed,True,1.0,40,0,21.393957345971565,34.333333333333336,0.0,34.516636073589325,43.16666666666665,40.0,3.1666666666666656,nan,0.0,0,0,40,0,24.0,16.0,0.0,0.0
22,1,right_lane,fixed,True,1.0,40,0,22.893957345971565,12.000000000000005,5.666666666666665,14.683060210430995,53.666666666666664,40.0,13.666666666666664,nan,0.0,0,0,40,0,7.0,5.0,8.0,20.0
23,1,right_lane,fixed,True,1.0,40,0,20.393957345971565,0.0,11.333333333333336,4.362251851707697,60.0,40.0,20.0,nan,0.0,0,0,40,0,0.0,0.0,1.0,39.0
24,1,right_lane,fixed,True,1.0,40,0,20.268957345971565,0.0,12.000000000000004,4.427128218114376,60.0,40.0,20.0,nan,0.0,0,0,40,0,0.0,0.0,1.0,39.0
25,1,right_lane,fixed,True,1.0,40,0,21.143957345971565,0.0,1.0,1.2925037441309541,60.0,40.0,20.0,nan,0.0,0,0,40,0,0.0,0.0,0.0,40.0
26,1,right_lane,fixed,True,1.0,40,0,20.893957345971565,20.0,0.0,21.124272614717484,50.3333333333333,40.0,10.333333333333325,nan,0.0,0,0,40,0,0.0,21.0,16.0,3.0
27,1,right_lane,fixed,True,1.0,40,0,23.51895669408423,27.666666666666682,0.3333333333333333,28.67561113834381,46.16666666666665,40.0,6.166666666666669,nan,0.0,0,0,40,0,5.0,32.0,3.0,0.0
28,1,right_lane,fixed,True,1.0,40,0,22.893957332726693,0.0,4.333333333333333,2.3747184854273655,59.66666666666667,40.0,19.666666666666664,nan,0.0,0,0,40,0,0.0,0.0,0.0,40.0
29,1,right_lane,fixed,True,1.0,40,0,21.87532874938229,10.333333333333332,7.9999999999999964,13.458240501582623,54.833333333333336,40.0,14.833333333333332,nan,0.0,0,0,40,0,0.0,14.0,5.0,21.0
30,1,right_lane,fixed,True,1.0,40,0,22.643957345719976,0.0,1.9999999999999998,1.3876512076776635,60.0,40.0,20.0,nan,0.0,0,0,40,0,0.0,0.0,0.0,40.0
31,1,right_lane,fixed,True,1.0,40,0,20.393957345971565,6.666666666666667,9.333333333333332,9.541523784399033,56.66666666666667,40.0,16.666666666666664,nan,0.0,0,0,40,0,5.0,3.0,1.0,31.0
32,1,right_lane,fixed,True,1.0,40,0,24.01895089420706,33.33333333333333,0.33333333333333337,34.17513394355774,43.666666666666664,40.0,3.666666666666666,nan,0.0,0,0,40,0,25.0,11.0,4.0,0.0
33,1,right_lane,fixed,True,1.0,40,0,21.141461656101036,0.3333333333333333,4.666666666666666,3.8486372642219067,59.5,40.0,19.5,nan,0.0,0,0,40,0,0.0,1.0,1.0,38.0
34,1,right_lane,fixed,True,1.0,40,0,21.018957345968165,0.3333333333333333,0.3333333333333333,0.8095048449467868,59.83333333333333,40.0,19.833333333333332,nan,0.0,0,0,40,0,0.0,0.0,2.0,38.0
35,1,right_lane,fixed,True,1.0,40,0,22.393957345971565,9.333333333333332,6.333333333333331,11.545613484457135,55.333333333333336,40.0,15.333333333333332,nan,0.0,0,0,40,0,7.0,3.0,2.0,28.0
36,1,right_lane,fixed,True,1.0,40,0,20.643957345971565,0.6666666666666666,6.333333333333331,3.079834346426651,59.666666666666664,40.0,19.666666666666664,nan,0.0,0,0,40,0,0.0,0.0,3.0,37.0
37,1,right_lane,fixed,True,1.0,40,0,21.893957345971565,11.66666666666667,6.666666666666665,14.98412349820137,54.16666666666668,40.0,14.166666666666664,nan,0.0,0,0,40,0,2.0,11.0,10.0,17.0
38,1,right_lane,fixed,True,1.0,40,0,20.768957345971565,0.3333333333333333,6.666666666666664,3.3857235503264747,59.83333333333333,40.0,19.833333333333332,nan,0.0,0,0,40,0,0.0,0.0,1.0,39.0
39,1,right_lane,fixed,True,1.0,40,0,21.643957345971565,1.0,1.9999999999999998,3.009688250393083,59.5,40.0,19.5,nan,0.0,0,0,40,0,0.0,1.0,2.0,37.0
40,1,right_lane,fixed,True,1.0,40,0,23.01895734574631,1.6666666666666665,5.999999999999998,4.700002704696544,59.16666666666668,40.0,19.166666666666668,nan,0.0,0,0,40,0,0.0,0.0,5.0,35.0
41,1,right_lane,fixed,True,1.0,40,0,20.393957345971565,0.0,11.66666666666667,3.265464596450329,60.0,40.0,20.0,nan,0.0,0,0,40,0,0.0,0.0,0.0,40.0
42,1,right_lane,fixed,True,1.0,40,0,21.143666938422996,1.6666666666666665,4.666666666666666,4.700940436683595,59.166666666666664,40.0,19.166666666666664,nan,0.0,0,0,40,0,1.0,1.0,3.0,35.0
43,1,right_lane,fixed,True,1.0,40,0,21.143957345971565,3.0,3.3333333333333335,5.514712070464157,58.50000000000001,40.0,18.5,nan,0.0,0,0,40,0,1.0,2.0,4.0,33.0
44,1,right_lane,fixed,True,1.0,40,0,23.268957345971565,17.666666666666664,6.666666666666664,19.546776346862316,51.16666666666667,40.0,11.166666666666666,nan,0.0,0,0,40,0,15.0,4.0,2.0,19.0
45,1,right_lane,fixed,True,1.0,40,0,20.76675206364961,0.3333333333333333,12.333333333333337,5.314728297293186,59.83333333333333,40.0,19.833333333333332,nan,0.0,0,0,40,0,0.0,1.0,1.0,38.0
46,1,right_lane,fixed,True,1.0,40,0,21.018957345971565,1.0,0.0,2.571076452237321,59.5,40.0,19.5,nan,0.0,0,0,40,0,0.0,2.0,1.0,37.0
47,1,right_lane,fixed,True,1.0,40,0,22.893957345971565,1.6666666666666665,0.0,3.302744579437217,59.16666666666667,40.0,19.166666666666668,nan,0.0,0,0,40,0,1.0,1.0,3.0,35.0
48,1,right_lane,fixed,True,1.0,40,0,23.643956692370224,16.33333333333333,1.3333333333333335,17.669161684054416,52.33333333333332,40.0,12.333333333333329,nan,0.0,0,0,40,0,7.0,12.0,4.0,17.0
49,1,right_lane,fixed,True,1.0,40,0,23.143957345971565,38.66666666666667,0.0,38.21507486701012,40.666666666666664,40.0,0.6666666666666666,nan,0.0,0,0,40,0,35.0,4.0,1.0,0.0
50,1,right_lane,fixed,True,1.0,40,0,20.393957345971565,0.0,4.0,1.3304629232006846,59.5,40.0,19.5,nan,0.0,0,0,40,0,0.0,0.0,0.0,40.0
51,1,right_lane,fixed,True,1.0,40,0,20.268957345971565,0.0,13.33333333333334,3.7081498727202415,60.0,40.0,20.0,nan,0.0,0,0,40,0,0.0,0.0,0.0,40.0
52,1,right_lane,fixed,True,1.0,40,0,24.14391974358436,29.666666666666686,1.3333333333333335,31.3859983086586,45.49999999999998,40.0,5.500000000000002,nan,0.0,0,0,40,0,15.0,20.0,5.0,0.0
53,1,right_lane,fixed,True,1.0,40,0,21.999956709840507,3.9999999999999996,10.333333333333334,7.923549547791481,57.666666666666664,40.0,17.666666666666664,nan,0.0,0,0,40,0,0.0,5.0,2.0,33.0
54,1,right_lane,fixed,True,1.0,40,0,20.643956596934782,0.0,13.000000000000005,5.174444418400526,60.0,40.0,20.0,nan,0.0,0,0,40,0,0.0,0.0,0.0,40.0
55,1,right_lane,fixed,True,1.0,40,0,21.393956595224235,1.0,10.333333333333334,5.01321741938591,59.5,40.0,19.5,nan,0.0,0,0,40,0,1.0,1.0,1.0,37.0
56,1,right_lane,fixed,True,1.0,40,0,23.391460905353707,10.999999999999996,4.333333333333333,13.353612886217888,54.833333333333336,40.0,14.833333333333334,nan,0.0,0,0,40,0,5.0,7.0,5.0,23.0
57,1,right_lane,fixed,True,1.0,40,0,21.143957345971565,0.3333333333333333,11.333333333333336,4.993383798748255,59.5,40.0,19.5,nan,0.0,0,0,40,0,0.0,0.0,2.0,38.0
58,1,right_lane,fixed,True,1.0,40,0,20.268957345971565,0.0,13.000000000000005,3.854572683572769,60.0,40.0,20.0,nan,0.0,0,0,40,0,0.0,0.0,0.0,40.0
59,1,right_lane,fixed,True,1.0,40,0,21.000000750751244,0.3333333333333333,5.666666666666665,4.147263195365667,59.83333333333333,40.0,19.833333333333332,nan,0.0,0,0,40,0,0.0,1.0,1.0,38.0
60,1,right_lane,fixed,True,1.0,40,0,20.268957345971565,3.0,12.000000000000004,7.271025195717812,58.5,40.0,18.5,nan,0.0,0,0,40,0,0.0,3.0,5.0,32.0
61,1,right_lane,fixed,True,1.0,40,0,22.518957344035254,9.666666666666668,7.9999999999999964,12.07996186130913,55.166666666666664,40.0,15.166666666666666,nan,0.0,0,0,40,0,6.0,6.0,1.0,27.0
62,1,right_lane,fixed,True,1.0,40,0,22.26895734574631,1.0,11.000000000000002,6.094957992783748,59.5,40.0,19.5,nan,0.0,0,0,40,0,1.0,1.0,1.0,37.0
63,1,right_lane,fixed,True,1.0,40,0,21.64150419744952,14.000000000000002,3.0,15.99028267385438,53.00000000000001,40.0,12.999999999999996,nan,0.0,0,0,40,0,9.0,5.0,8.0,18.0
64,1,right_lane,fixed,True,1.0,40,0,20.268957345971565,0.0,10.333333333333334,4.716950312256813,60.0,40.0,20.0,nan,0.0,0,0,40,0,0.0,0.0,0.0,40.0
65,1,right_lane,fixed,True,1.0,40,0,20.518957345971565,0.0,12.666666666666671,4.7656150087714195,60.0,40.0,20.0,nan,0.0,0,0,40,0,0.0,0.0,1.0,39.0
66,1,right_lane,fixed,True,1.0,40,0,21.768957334666847,29.33333333333335,0.0,31.036760091781616,45.66666666666665,40.0,5.666666666666668,nan,0.0,0,0,40,0,9.0,31.0,0.0,0.0
67,1,right_lane,fixed,True,1.0,40,0,23.143957345971565,33.33333333333333,2.0,32.98028215765953,43.33333333333333,40.0,3.333333333333332,nan,0.0,0,0,40,0,26.0,8.0,6.0,0.0
68,1,right_lane,fixed,True,1.0,40,0,23.622503574111864,39.66666666666667,0.0,39.116387724876404,40.333333333333336,40.0,0.3333333333333333,nan,0.0,0,0,40,0,38.0,2.0,0.0,0.0
69,1,right_lane,fixed,True,1.0,40,0,21.143957345971565,14.333333333333341,7.9999999999999964,16.82668775320053,52.50000000000003,40.0,12.500000000000005,nan,0.0,0,0,40,0,1.0,2.0,37.0,0.0
70,1,right_lane,fixed,True,1.0,40,0,22.483867844032495,39.33333333333333,0.0,39.21629583835602,40.5,40.0,0.5,nan,0.0,0,0,40,0,39.0,1.0,0.0,0.0
71,1,right_lane,fixed,True,1.0,40,0,21.268957345971565,3.3333333333333335,11.000000000000002,7.140702379052527,58.0,40.0,18.0,nan,0.0,0,0,40,0,2.0,1.0,5.0,32.0
72,1,right_lane,fixed,True,1.0,40,0,21.14178964193861,0.0,13.666666666666673,4.336481496691704,60.0,40.0,20.0,nan,0.0,0,0,40,0,0.0,0.0,1.0,39.0
73,1,right_lane,fixed,True,1.0,40,0,20.518957345971565,0.0,4.0,1.713083262152395,60.0,40.0,20.0,nan,0.0,0,0,40,0,0.0,0.0,0.0,40.0
74,1,right_lane,fixed,True,1.0,40,0,22.000000750751234,31.66666666666668,0.3333333333333333,32.77665860950947,44.333333333333336,40.0,4.333333333333333,nan,0.0,0,0,40,0,22.0,14.0,3.0,1.0
75,1,right_lane,fixed,True,1.0,40,0,24.143957345971565,10.0,6.666666666666664,12.708450202742824,54.83333333333333,40.0,14.833333333333332,nan,0.0,0,0,40,0,9.0,2.0,2.0,27.0
76,1,right_lane,fixed,True,1.0,40,0,21.393957345970982,0.0,4.666666666666666,2.462398283445509,60.0,40.0,20.0,nan,0.0,0,0,40,0,0.0,0.0,0.0,40.0
77,1,right_lane,fixed,True,1.0,40,0,22.518957345971565,2.3333333333333335,0.6666666666666666,3.6267202470917255,58.833333333333336,40.0,18.833333333333332,nan,0.0,0,0,40,0,0.0,2.0,3.0,35.0
78,1,right_lane,fixed,True,1.0,40,0,21.268957345971565,0.3333333333333333,7.33333333333333,3.7153946397593245,59.83333333333333,40.0,19.833333333333332,nan,0.0,0,0,40,0,0.0,0.0,2.0,38.0
79,1,right_lane,fixed,True,1.0,40,0,22.3939573459715,26.33333333333334,3.0,27.621477127075195,46.83333333333335,40.0,6.833333333333334,nan,0.0,0,0,40,0,21.0,8.0,3.0,8.0
80,1,right_lane,fixed,True,1.0,40,0,22.2689573457458,0.0,8.33333333333333,3.572834280785173,60.0,40.0,20.0,nan,0.0,0,0,40,0,0.0,0.0,0.0,40.0
81,1,right_lane,fixed,True,1.0,40,0,21.018957345971565,0.3333333333333333,11.000000000000002,3.9240808226168156,59.83333333333333,40.0,19.833333333333332,nan,0.0,0,0,40,0,0.0,0.0,2.0,38.0
82,1,right_lane,fixed,True,1.0,40,0,21.268957345971565,0.0,1.6666666666666665,1.0098524072382133,60.0,40.0,20.0,nan,0.0,0,0,40,0,0.0,0.0,0.0,40.0
83,1,right_lane,fixed,True,1.0,40,0,21.393957345971565,0.3333333333333333,1.3333333333333333,1.971637413254939,59.83333333333333,40.0,19.833333333333332,nan,0.0,0,0,40,0,0.0,1.0,1.0,38.0
84,1,right_lane,fixed,True,1.0,40,0,20.75249644062177,0.0,8.666666666666664,3.9821222125319764,60.0,40.0,20.0,nan,0.0,0,0,40,0,0.0,0.0,1.0,39.0
85,1,right_lane,fixed,True,1.0,40,0,21.018957345971565,2.333333333333333,9.666666666666666,5.564608305692673,58.83333333333333,40.0,18.833333333333332,nan,0.0,0,0,40,0,0.0,1.0,5.0,34.0
86,1,right_lane,fixed,True,1.0,40,0,20.893957345971117,0.0,13.33333333333334,4.087928451597691,60.0,40.0,20.0,nan,0.0,0,0,40,0,0.0,0.0,0.0,40.0
87,1,right_lane,fixed,True,1.0,40,0,20.768957345971565,1.3333333333333333,12.333333333333337,5.982714653015137,59.333333333333336,40.0,19.333333333333332,nan,0.0,0,0,40,0,1.0,1.0,2.0,36.0
88,1,right_lane,fixed,True,1.0,40,0,21.01895658414138,3.0,8.33333333333333,6.556692925980315,58.50000000000002,40.0,18.500000000000004,nan,0.0,0,0,40,0,0.0,0.0,10.0,30.0
89,1,right_lane,fixed,True,1.0,40,0,21.268957345971565,18.0,4.333333333333333,20.415048852562904,51.0,40.0,11.0,nan,0.0,0,0,40,0,16.0,4.0,1.0,19.0
90,1,right_lane,fixed,True,1.0,40,0,21.268957345971565,1.3333333333333333,11.000000000000002,5.662710255244747,59.33333333333333,40.0,19.333333333333332,nan,0.0,0,0,40,0,0.0,2.0,2.0,36.0
91,1,right_lane,fixed,True,1.0,40,0,22.893957344227374,1.3333333333333333,7.999999999999997,4.791574152040994,59.333333333333336,40.0,19.333333333333332,nan,0.0,0,0,40,0,0.0,0.0,4.0,36.0
92,1,right_lane,fixed,True,1.0,40,0,22.12749644062177,16.333333333333332,6.666666666666664,19.39068679884076,51.83333333333333,40.0,11.833333333333332,nan,0.0,0,0,40,0,13.0,6.0,1.0,20.0
93,1,right_lane,fixed,True,1.0,40,0,20.518957345971565,0.0,8.999999999999998,3.500450477004051,60.0,40.0,20.0,nan,0.0,0,0,40,0,0.0,0.0,0.0,40.0
94,1,right_lane,fixed,True,1.0,40,0,23.14395099329321,9.666666666666666,0.0,11.025715021591168,55.16666666666667,40.0,15.166666666666666,nan,0.0,0,0,40,0,7.0,3.0,3.0,27.0
95,1,right_lane,fixed,True,1.0,40,0,20.893957345971494,0.6666666666666666,8.666666666666664,4.370156312244944,59.666666666666664,40.0,19.666666666666664,nan,0.0,0,0,40,0,0.0,1.0,2.0,37.0
96,1,right_lane,fixed,True,1.0,40,0,21.2689566082395,2.333333333333333,1.6666666666666665,4.641519764554687,58.83333333333333,40.0,18.833333333333332,nan,0.0,0,0,40,0,1.0,1.0,5.0,33.0
97,1,right_lane,fixed,True,1.0,40,0,23.893957345971565,1.0,4.999999999999999,4.119638208154356,59.5,40.0,19.5,nan,0.0,0,0,40,0,0.0,1.0,3.0,36.0
98,1,right_lane,fixed,True,1.0,40,0,21.268957345971565,0.0,4.333333333333333,1.6865466272165577,60.0,40.0,20.0,nan,0.0,0,0,40,0,0.0,0.0,1.0,39.0
99,1,right_lane,fixed,True,1.0,40,0,24.143623745187632,13.666666666666666,6.666666666666664,16.131009561708197,53.166666666666664,40.0,13.166666666666666,nan,0.0,0,0,40,0,13.0,2.0,1.0,24.0
100,1,right_lane,fixed,True,1.0,40,0,20.76895733317816,2.333333333333333,4.0,4.798504292877624,58.83333333333334,40.0,18.833333333333336,nan,0.0,0,0,40,0,1.0,1.0,5.0,33.0
101,1,right_lane,fixed,True,1.0,40,0,22.393957345971565,13.999999999999998,3.666666666666667,16.50645000860095,53.0,40.0,13.0,nan,0.0,0,0,40,0,12.0,4.0,1.0,23.0
102,1,right_lane,fixed,True,1.0,40,0,21.518957345971565,0.0,4.333333333333333,2.5635117877682205,60.0,40.0,20.0,nan,0.0,0,0,40,0,0.0,0.0,1.0,39.0
103,1,right_lane,fixed,True,1.0,3,1,25.0,1.0,0.0,1.7497847825288773,4.0,3.0,1.0,nan,0.0,0,0,3,0,1.0,1.0,1.0,0.0
104,1,right_lane,fixed,True,1.0,40,0,21.51678965324339,0.3333333333333333,7.9999999999999964,3.8126703053712845,59.83333333333333,40.0,19.833333333333332,nan,0.0,0,0,40,0,0.0,1.0,1.0,38.0
105,1,right_lane,fixed,True,1.0,40,0,23.393957345716057,9.000000000000002,4.666666666666666,11.478311317856424,55.66666666666667,40.0,15.666666666666668,nan,0.0,0,0,40,0,2.0,7.0,9.0,22.0
106,1,right_lane,fixed,True,1.0,40,0,21.393957345971565,1.3333333333333333,11.000000000000002,5.198502251878381,59.166666666666664,40.0,19.166666666666664,nan,0.0,0,0,40,0,0.0,0.0,4.0,36.0
107,1,right_lane,fixed,True,1.0,40,0,23.26895734425717,6.666666666666666,10.0,10.939216196537018,56.66666666666667,40.0,16.666666666666664,nan,0.0,0,0,40,0,2.0,6.0,5.0,27.0
108,1,right_lane,fixed,True,1.0,40,0,20.643957345971565,12.666666666666666,8.999999999999998,15.737939938902855,53.666666666666664,40.0,13.666666666666666,nan,0.0,0,0,40,0,12.0,2.0,1.0,25.0
109,1,right_lane,fixed,True,1.0,40,0,22.250328749382287,1.0,8.33333333333333,3.91349759651348,59.666666666666664,40.0,19.666666666666664,nan,0.0,0,0,40,0,0.0,1.0,2.0,37.0
110,1,right_lane,fixed,True,1.0,40,0,21.018957345968165,28.666666666666675,4.000000000000001,29.902110397815704,45.999999999999986,40.0,6.000000000000002,nan,0.0,0,0,40,0,6.0,34.0,0.0,0.0
111,1,right_lane,fixed,True,1.0,40,0,22.75000000022576,20.666666666666675,0.6666666666666666,22.394018491730094,49.16666666666664,40.0,9.16666666666667,nan,0.0,0,0,40,0,4.0,22.0,9.0,5.0
112,1,right_lane,fixed,True,1.0,40,0,21.64395734574631,16.999999999999993,5.333333333333332,20.252866871654987,51.50000000000001,40.0,11.5,nan,0.0,0,0,40,0,7.0,16.0,1.0,16.0
113,1,right_lane,fixed,True,1.0,40,0,22.018919754693044,3.9999999999999996,3.0,5.41090812649054,58.0,40.0,18.0,nan,0.0,0,0,40,0,1.0,4.0,2.0,33.0
114,1,right_lane,fixed,True,1.0,18,1,21.708793882962162,1.6666666666666665,4.333333333333333,3.251905018463731,26.5,18.0,8.5,nan,0.0,0,0,18,0,0.0,1.0,2.0,15.0
115,1,right_lane,fixed,True,1.0,40,0,21.893957345971565,0.6666666666666666,8.666666666666664,5.060001762583852,59.33333333333333,40.0,19.333333333333332,nan,0.0,0,0,40,0,0.0,1.0,2.0,37.0
116,1,right_lane,fixed,True,1.0,40,0,20.39178964342737,0.0,13.33333333333334,3.94941558688879,60.0,40.0,20.0,nan,0.0,0,0,40,0,0.0,0.0,0.0,40.0
117,1,right_lane,fixed,True,1.0,4,1,28.560859461281616,3.333333333333333,0.33333333333333337,3.603228509426117,4.666666666666667,4.0,0.6666666666666666,nan,0.0,0,0,4,0,3.0,1.0,0.0,0.0
118,1,right_lane,fixed,True,1.0,40,0,21.268957345971565,1.6666666666666665,11.66666666666667,6.0354133695364,58.83333333333333,40.0,18.833333333333332,nan,0.0,0,0,40,0,0.0,0.0,6.0,34.0
119,1,right_lane,fixed,True,1.0,40,0,20.643957345971565,0.3333333333333333,4.999999999999999,2.569884667062297,59.83333333333333,40.0,19.833333333333332,nan,0.0,0,0,40,0,0.0,0.0,1.0,39.0
120,1,right_lane,fixed,True,1.0,40,0,20.893957345971565,5.0,6.666666666666664,8.019779458532753,57.83333333333333,40.0,17.833333333333336,nan,0.0,0,0,40,0,0.0,5.0,3.0,32.0
121,1,right_lane,fixed,True,1.0,40,0,22.875005701013844,22.000000000000004,0.0,24.459192521870136,48.66666666666666,40.0,8.666666666666673,nan,0.0,0,0,40,0,0.0,30.0,8.0,2.0
122,1,right_lane,fixed,True,1.0,40,0,20.893957345971565,0.0,10.0,3.800960609689355,60.0,40.0,20.0,nan,0.0,0,0,40,0,0.0,0.0,0.0,40.0
123,1,right_lane,fixed,True,1.0,40,0,22.393671888492957,3.0,9.333333333333332,7.220920332241803,58.5,40.0,18.5,nan,0.0,0,0,40,0,1.0,4.0,1.0,34.0
124,1,right_lane,fixed,True,1.0,40,0,26.747832295741347,37.00000000000001,0.0,36.63547882437706,42.00000000000001,40.0,2.0,nan,0.0,0,0,40,0,32.0,7.0,1.0,0.0
125,1,right_lane,fixed,True,1.0,40,0,21.768957345967646,0.3333333333333333,9.666666666666666,4.101955988211557,59.333333333333336,40.0,19.333333333333336,nan,0.0,0,0,40,0,0.0,0.0,2.0,38.0
126,1,right_lane,fixed,True,1.0,40,0,20.143957345971565,1.0,13.33333333333334,5.158507317304611,59.5,40.0,19.5,nan,0.0,0,0,40,0,0.0,0.0,3.0,37.0
127,1,right_lane,fixed,True,1.0,40,0,21.643957345971565,0.6666666666666666,1.9999999999999998,2.8080241909483448,59.666666666666664,40.0,19.666666666666664,nan,0.0,0,0,40,0,0.0,1.0,2.0,37.0
128,1,right_lane,fixed,True,1.0,40,0,22.018957345971565,1.6666666666666665,10.333333333333334,5.718208771431819,59.16666666666667,40.0,19.166666666666668,nan,0.0,0,0,40,0,1.0,1.0,3.0,35.0
129,1,right_lane,fixed,True,1.0,40,0,20.768956694084682,0.3333333333333333,11.66666666666667,4.2624829560518265,59.83333333333333,40.0,19.833333333333332,nan,0.0,0,0,40,0,0.0,1.0,1.0,38.0
130,1,right_lane,fixed,True,1.0,40,0,21.143957345971565,1.9999999999999998,10.666666666666668,5.451465144753456,59.0,40.0,19.0,nan,0.0,0,0,40,0,0.0,1.0,4.0,35.0
131,1,right_lane,fixed,True,1.0,40,0,21.14395734596714,0.3333333333333333,6.333333333333331,3.6120941942790523,59.833333333333336,40.0,19.833333333333336,nan,0.0,0,0,40,0,0.0,0.0,2.0,38.0
132,1,right_lane,fixed,True,1.0,40,0,20.768957345971565,0.6666666666666666,7.9999999999999964,4.336932498845272,59.666666666666664,40.0,19.666666666666664,nan,0.0,0,0,40,0,0.0,1.0,2.0,37.0
133,1,right_lane,fixed,True,1.0,40,0,20.393957345971565,0.0,8.33333333333333,3.830723874270916,60.0,40.0,20.0,nan,0.0,0,0,40,0,0.0,0.0,1.0,39.0
134,1,right_lane,fixed,True,1.0,40,0,20.268957345971565,0.0,13.33333333333334,4.040509611368179,60.0,40.0,20.0,nan,0.0,0,0,40,0,0.0,0.0,0.0,40.0
135,1,right_lane,fixed,True,1.0,40,0,20.393957345971565,0.3333333333333333,10.0,4.019312366843224,59.833333333333336,40.0,19.833333333333336,nan,0.0,0,0,40,0,0.0,0.0,1.0,39.0
136,1,right_lane,fixed,True,1.0,40,0,20.768957345971565,1.0,8.999999999999998,5.447294797748327,59.5,40.0,19.5,nan,0.0,0,0,40,0,0.0,1.0,3.0,36.0
137,1,right_lane,fixed,True,1.0,40,0,23.268957345971565,21.66666666666665,0.3333333333333333,20.936464995145798,49.33333333333335,40.0,9.333333333333332,nan,0.0,0,0,40,0,12.0,2.0,26.0,0.0
138,1,right_lane,fixed,True,1.0,40,0,21.00249644062177,0.6666666666666666,1.9999999999999998,1.7921629532161205,59.5,40.0,19.5,nan,0.0,0,0,40,0,0.0,0.0,3.0,37.0
139,1,right_lane,fixed,True,1.0,11,1,26.43239401048844,10.666666666666666,0.0,10.631429493427277,11.5,11.0,0.5,nan,0.0,0,0,11,0,11.0,0.0,0.0,0.0
140,1,right_lane,fixed,True,1.0,40,0,23.26891405364658,35.333333333333336,1.6666666666666667,34.49420455098152,42.5,40.0,2.4999999999999996,nan,0.0,0,0,40,0,29.0,7.0,4.0,0.0
141,1,right_lane,fixed,True,1.0,40,0,22.268957345971565,16.000000000000004,3.0,17.256674896925688,51.66666666666668,40.0,11.66666666666667,nan,0.0,0,0,40,0,12.0,2.0,8.0,18.0
142,1,right_lane,fixed,True,1.0,40,0,20.893957345971565,4.999999999999999,8.999999999999998,8.60561303794384,57.33333333333335,40.0,17.333333333333336,nan,0.0,0,0,40,0,0.0,2.0,13.0,25.0
143,1,right_lane,fixed,True,1.0,40,0,23.393957331238514,1.3333333333333333,7.666666666666663,4.718641105590677,59.33333333333334,40.0,19.333333333333332,nan,0.0,0,0,40,0,0.0,0.0,5.0,35.0
144,1,right_lane,fixed,True,1.0,40,0,21.143957247136935,0.6666666666666666,11.333333333333336,4.202865689992905,59.66666666666667,40.0,19.666666666666668,nan,0.0,0,0,40,0,0.0,0.0,2.0,38.0
145,1,right_lane,fixed,True,1.0,40,0,20.64395733466685,24.333333333333336,1.0,27.384956873953342,47.833333333333336,40.0,7.833333333333335,nan,0.0,0,0,40,0,1.0,35.0,3.0,1.0
146,1,right_lane,fixed,True,1.0,40,0,21.018952394017372,0.6666666666666666,12.666666666666671,4.842197444289923,59.666666666666664,40.0,19.666666666666664,nan,0.0,0,0,40,0,0.0,1.0,2.0,37.0
147,1,right_lane,fixed,True,1.0,40,0,21.39395734428684,1.3333333333333333,8.666666666666664,4.142174452310428,59.333333333333336,40.0,19.333333333333336,nan,0.0,0,0,40,0,0.0,0.0,5.0,35.0
148,1,right_lane,fixed,True,1.0,40,0,21.643956608239495,1.0,8.33333333333333,5.6088553390000015,59.5,40.0,19.499999999999996,nan,0.0,0,0,40,0,0.0,1.0,3.0,36.0
149,1,right_lane,fixed,True,1.0,40,0,20.268957345971565,0.0,13.000000000000005,3.463142864406109,60.0,40.0,20.0,nan,0.0,0,0,40,0,0.0,0.0,1.0,39.0
150,1,right_lane,fixed,True,1.0,40,0,21.01675206364961,0.0,11.000000000000002,4.17699572329002,60.0,40.0,20.0,nan,0.0,0,0,40,0,0.0,0.0,0.0,40.0
151,1,right_lane,fixed,True,1.0,40,0,20.89178965473164,0.0,3.3333333333333335,1.7268586547579616,60.0,40.0,20.0,nan,0.0,0,0,40,0,0.0,0.0,0.0,40.0
152,1,right_lane,fixed,True,1.0,40,0,21.768957345971565,0.3333333333333333,8.666666666666664,4.175107700431113,59.83333333333333,40.0,19.833333333333332,nan,0.0,0,0,40,0,0.0,1.0,1.0,38.0
153,1,right_lane,fixed,True,1.0,40,0,20.643957345971565,0.0,6.999999999999997,2.790043560322374,60.0,40.0,20.0,nan,0.0,0,0,40,0,0.0,0.0,1.0,39.0
154,1,right_lane,fixed,True,1.0,40,0,22.393957345945687,10.0,4.999999999999999,13.171360481530428,55.0,40.0,15.0,nan,0.0,0,0,40,0,4.0,10.0,1.0,25.0
155,1,right_lane,fixed,True,1.0,40,0,20.518957345971565,0.3333333333333333,11.66666666666667,4.071342460811138,59.833333333333336,40.0,19.833333333333332,nan,0.0,0,0,40,0,0.0,0.0,1.0,39.0
156,1,right_lane,fixed,True,1.0,40,0,22.018957345971046,22.999999999999975,1.0,23.150405943393707,48.66666666666669,40.0,8.666666666666664,nan,0.0,0,0,40,0,13.0,5.0,21.0,1.0
157,1,right_lane,fixed,True,1.0,40,0,21.018957345971558,27.33333333333335,2.333333333333334,28.98618859052658,46.49999999999998,40.0,6.500000000000003,nan,0.0,0,0,40,0,3.0,35.0,2.0,0.0
158,1,right_lane,fixed,True,1.0,40,0,20.768957345971565,0.6666666666666666,11.66666666666667,4.350522771477699,59.333333333333336,40.0,19.333333333333336,nan,0.0,0,0,40,0,0.0,0.0,3.0,37.0
159,1,right_lane,fixed,True,1.0,40,0,20.393957345971117,4.333333333333333,11.333333333333334,8.520791254937649,57.83333333333334,40.0,17.833333333333336,nan,0.0,0,0,40,0,3.0,2.0,3.0,32.0
160,1,right_lane,fixed,True,1.0,40,0,22.393957345971565,1.0,0.6666666666666666,3.155933501548134,59.5,40.0,19.5,nan,0.0,0,0,40,0,1.0,1.0,1.0,37.0
161,1,right_lane,fixed,True,1.0,40,0,22.518951646668718,1.6666666666666665,7.33333333333333,5.493190249369945,59.166666666666664,40.0,19.166666666666664,nan,0.0,0,0,40,0,1.0,1.0,3.0,35.0
162,1,right_lane,fixed,True,1.0,40,0,22.01895734422744,10.0,9.666666666666664,12.737866215407848,54.99999999999999,40.0,14.999999999999998,nan,0.0,0,0,40,0,0.0,8.0,14.0,18.0
163,1,right_lane,fixed,True,1.0,40,0,20.268957345971565,0.0,1.0,2.3194661363959312,60.0,40.0,20.0,nan,0.0,0,0,40,0,0.0,0.0,0.0,40.0
164,1,right_lane,fixed,True,1.0,40,0,22.143957345971565,18.999999999999993,2.6666666666666665,21.29534424096346,50.50000000000001,40.0,10.499999999999998,nan,0.0,0,0,40,0,6.0,20.0,1.0,13.0
165,1,right_lane,fixed,True,1.0,40,0,21.768957345971565,8.333333333333334,10.333333333333334,11.459529377520084,55.833333333333336,40.0,15.833333333333332,nan,0.0,0,0,40,0,6.0,3.0,2.0,29.0
166,1,right_lane,fixed,True,1.0,40,0,22.12500570101725,4.999999999999999,8.999999999999998,8.29610125720501,57.5,40.0,17.5,nan,0.0,0,0,40,0,0.0,6.0,5.0,29.0
167,1,right_lane,fixed,True,1.0,40,0,21.768914152736198,0.0,5.333333333333332,2.3608531492159273,60.0,40.0,20.0,nan,0.0,0,0,40,0,0.0,0.0,0.0,40.0
168,1,right_lane,fixed,True,1.0,40,0,21.143957345971565,0.3333333333333333,4.333333333333333,2.4515130225590838,59.83333333333333,40.0,19.833333333333332,nan,0.0,0,0,40,0,0.0,0.0,1.0,39.0
169,1,right_lane,fixed,True,1.0,40,0,21.893957345971565,27.000000000000014,0.6666666666666666,28.14570325613022,46.83333333333332,40.0,6.833333333333337,nan,0.0,0,0,40,0,6.0,30.0,1.0,3.0
170,1,right_lane,fixed,True,1.0,40,0,20.893957345968165,0.0,3.0,1.0443288784008473,59.66666666666667,40.0,19.666666666666664,nan,0.0,0,0,40,0,0.0,0.0,0.0,40.0
171,1,right_lane,fixed,True,1.0,40,0,20.268957345971565,1.6666666666666665,12.000000000000004,5.807325392961502,59.16666666666667,40.0,19.166666666666668,nan,0.0,0,0,40,0,0.0,0.0,6.0,34.0
172,1,right_lane,fixed,True,1.0,40,0,21.89395734594574,0.3333333333333333,1.6666666666666665,1.8044726881489623,59.83333333333333,40.0,19.833333333333332,nan,0.0,0,0,40,0,0.0,1.0,1.0,38.0
173,1,right_lane,fixed,True,1.0,40,0,20.643956694081282,0.0,0.3333333333333333,2.227715168148279,60.0,40.0,20.0,nan,0.0,0,0,40,0,0.0,0.0,1.0,39.0
174,1,right_lane,fixed,True,1.0,40,0,20.768957345971565,0.0,0.3333333333333333,1.1688836470711976,60.0,40.0,20.0,nan,0.0,0,0,40,0,0.0,0.0,0.0,40.0
175,1,right_lane,fixed,True,1.0,40,0,21.018957345971565,1.0,6.666666666666664,4.086909986275714,59.5,40.0,19.5,nan,0.0,0,0,40,0,0.0,1.0,2.0,37.0
176,1,right_lane,fixed,True,1.0,40,0,21.39395239570511,1.0,2.333333333333333,2.6970049694064073,59.5,40.0,19.5,nan,0.0,0,0,40,0,1.0,1.0,1.0,37.0
177,1,right_lane,fixed,True,1.0,40,0,21.89367188868894,5.333333333333332,0.0,5.907931020483375,57.333333333333336,40.0,17.333333333333332,nan,0.0,0,0,40,0,2.0,4.0,4.0,30.0
178,1,right_lane,fixed,True,1.0,40,0,22.268957345971565,33.99999999999999,0.33333333333333337,34.142287492752075,43.33333333333334,40.0,3.333333333333332,nan,0.0,0,0,40,0,22.0,17.0,1.0,0.0
179,1,right_lane,fixed,True,1.0,40,0,21.4813714164299,1.0,7.666666666666665,3.959064784316979,59.16666666666668,40.0,19.166666666666668,nan,0.0,0,0,40,0,0.0,0.0,4.0,36.0
180,1,right_lane,fixed,True,1.0,40,0,21.62500570101725,25.000000000000007,1.6666666666666665,27.6787543669343,47.49999999999999,40.0,7.500000000000003,nan,0.0,0,0,40,0,1.0,37.0,1.0,1.0
181,1,right_lane,fixed,True,1.0,40,0,20.50032874938229,0.0,13.000000000000005,4.60194269567728,60.0,40.0,20.0,nan,0.0,0,0,40,0,0.0,0.0,1.0,39.0
182,1,right_lane,fixed,True,1.0,40,0,21.518957345971565,0.6666666666666666,0.3333333333333333,1.791589855752136,59.666666666666664,40.0,19.666666666666664,nan,0.0,0,0,40,0,0.0,1.0,2.0,37.0
183,1,right_lane,fixed,True,1.0,40,0,23.393957334666787,18.33333333333333,1.3333333333333335,19.735051778610796,51.166666666666636,40.0,11.166666666666655,nan,0.0,0,0,40,0,1.0,23.0,4.0,12.0
184,1,right_lane,fixed,True,1.0,40,0,24.106086696879395,32.666666666666686,0.33333333333333337,33.22416818141937,43.833333333333336,40.0,3.8333333333333317,nan,0.0,0,0,40,0,17.0,23.0,0.0,0.0
185,1,right_lane,fixed,True,1.0,40,0,23.393957345971565,14.333333333333334,6.666666666666664,17.451184637844563,52.33333333333333,40.0,12.333333333333332,nan,0.0,0,0,40,0,6.0,11.0,6.0,17.0
186,1,right_lane,fixed,True,1.0,40,0,20.643957344482878,0.0,10.666666666666668,3.4734885171055794,60.0,40.0,20.0,nan,0.0,0,0,40,0,0.0,0.0,0.0,40.0
187,1,right_lane,fixed,True,1.0,40,0,22.643957344257114,17.666666666666664,4.0,20.397342398762703,51.166666666666664,40.0,11.16666666666667,nan,0.0,0,0,40,0,1.0,23.0,7.0,9.0
188,1,right_lane,fixed,True,1.0,40,0,24.26895734597149,33.000000000000014,1.3333333333333335,32.41393429040909,43.83333333333332,40.0,3.8333333333333317,nan,0.0,0,0,40,0,20.0,18.0,2.0,0.0
189,1,right_lane,fixed,True,1.0,40,0,21.393957247111114,0.6666666666666666,9.666666666666666,4.092347454279661,59.333333333333336,40.0,19.333333333333336,nan,0.0,0,0,40,0,0.0,0.0,2.0,38.0
190,1,right_lane,fixed,True,1.0,40,0,21.500328749356473,23.000000000000004,1.666666666666667,25.07493969798088,48.66666666666665,40.0,8.666666666666671,nan,0.0,0,0,40,0,2.0,28.0,9.0,1.0
191,1,right_lane,fixed,True,1.0,40,0,24.893919743579936,34.333333333333336,0.33333333333333337,34.42468297481537,42.999999999999986,40.0,2.999999999999999,nan,0.0,0,0,40,0,26.0,12.0,2.0,0.0
192,1,right_lane,fixed,True,1.0,40,0,22.518957345971565,0.0,2.333333333333333,2.345001205635299,59.66666666666667,40.0,19.666666666666664,nan,0.0,0,0,40,0,0.0,0.0,1.0,39.0
193,1,right_lane,fixed,True,1.0,40,0,20.643957345971565,0.6666666666666666,4.666666666666666,3.705646175891161,59.66666666666667,40.0,19.666666666666668,nan,0.0,0,0,40,0,0.0,0.0,3.0,37.0
194,1,right_lane,fixed,True,1.0,40,0,20.518957345971565,0.3333333333333333,12.333333333333337,5.324783526360989,59.83333333333333,40.0,19.833333333333332,nan,0.0,0,0,40,0,0.0,1.0,1.0,38.0
195,1,right_lane,fixed,True,1.0,21,1,21.94087113518393,0.3333333333333333,2.6666666666666665,1.5494669214822352,31.5,21.0,10.5,nan,0.0,0,0,21,0,0.0,0.0,1.0,20.0
196,1,right_lane,fixed,True,1.0,40,0,20.268957345971565,0.6666666666666666,13.000000000000005,5.533934913575649,59.5,40.0,19.5,nan,0.0,0,0,40,0,0.0,1.0,2.0,37.0
197,1,right_lane,fixed,True,1.0,40,0,21.393957345941843,1.0,3.0,2.8281150039983913,59.5,40.0,19.5,nan,0.0,0,0,40,0,1.0,1.0,1.0,37.0
198,1,right_lane,fixed,True,1.0,40,0,21.643957345971494,0.3333333333333333,9.333333333333332,3.783561816904694,59.83333333333333,40.0,19.833333333333332,nan,0.0,0,0,40,0,0.0,1.0,1.0,38.0
199,1,right_lane,fixed,True,1.0,40,0,22.26895733466684,30.333333333333357,2.0000000000000004,31.930167943239212,45.16666666666665,40.0,5.166666666666667,nan,0.0,0,0,40,0,14.0,24.0,2.0,0.0
200,1,right_lane,fixed,True,1.0,40,0,21.391504197449517,7.333333333333333,5.666666666666665,9.580245843564626,56.0,40.0,16.0,nan,0.0,0,0,40,0,3.0,5.0,3.0,29.0
201,1,right_lane,fixed,True,1.0,40,0,20.518957345971565,7.0,8.999999999999998,10.63048841059208,56.5,40.0,16.5,nan,0.0,0,0,40,0,6.0,2.0,2.0,30.0
202,1,right_lane,fixed,True,1.0,40,0,21.893957344482878,0.3333333333333333,11.333333333333336,4.28369478834793,59.83333333333333,40.0,19.833333333333332,nan,0.0,0,0,40,0,0.0,0.0,2.0,38.0
203,1,right_lane,fixed,True,1.0,40,0,21.12749644062177,2.6666666666666665,10.0,5.505179099738598,58.66666666666666,40.0,18.666666666666664,nan,0.0,0,0,40,0,0.0,0.0,9.0,31.0
204,1,right_lane,fixed,True,1.0,40,0,22.01645595511012,0.0,7.9999999999999964,3.115148488781415,60.0,40.0,20.0,nan,0.0,0,0,40,0,0.0,0.0,0.0,40.0
205,1,right_lane,fixed,True,1.0,40,0,21.018957345971565,3.3333333333333335,11.000000000000002,8.115693375468254,58.333333333333336,40.0,18.333333333333336,nan,0.0,0,0,40,0,2.0,2.0,3.0,33.0
206,1,right_lane,fixed,True,1.0,40,0,21.018957345945747,31.000000000000014,1.3333333333333335,31.4724560379982,44.666666666666664,40.0,4.666666666666666,nan,0.0,0,0,40,0,14.0,25.0,1.0,0.0
207,1,right_lane,fixed,True,1.0,40,0,21.643952395702158,1.0,0.0,1.9469216454017442,59.33333333333333,40.0,19.333333333333332,nan,0.0,0,0,40,0,1.0,1.0,1.0,37.0
208,1,right_lane,fixed,True,1.0,40,0,20.518957344286836,0.0,13.33333333333334,3.771998442709446,60.0,40.0,20.0,nan,0.0,0,0,40,0,0.0,0.0,0.0,40.0
209,1,right_lane,fixed,True,1.0,40,0,21.393957345971565,36.66666666666667,0.33333333333333337,36.97096598148346,42.166666666666664,40.0,2.1666666666666665,nan,0.0,0,0,40,0,30.0,10.0,0.0,0.0
210,1,right_lane,fixed,True,1.0,40,0,21.26895724713693,7.000000000000001,3.666666666666667,9.44933115132153,56.0,40.0,16.0,nan,0.0,0,0,40,0,5.0,4.0,1.0,30.0
211,1,right_lane,fixed,True,1.0,40,0,21.393957345971565,21.666666666666668,6.666666666666665,24.57306605577469,49.16666666666667,40.0,9.166666666666666,nan,0.0,0,0,40,0,21.0,2.0,1.0,16.0
212,1,right_lane,fixed,True,1.0,40,0,21.143957345938432,4.999999999999999,8.33333333333333,6.661232426762581,57.66666666666669,40.0,17.666666666666664,nan,0.0,0,0,40,0,0.0,0.0,14.0,26.0
213,1,right_lane,fixed,True,1.0,40,0,20.268957345971565,0.0,13.33333333333334,4.509389132261276,59.83333333333333,40.0,19.833333333333332,nan,0.0,0,0,40,0,0.0,0.0,0.0,40.0
214,1,right_lane,fixed,True,1.0,40,0,21.893957345971497,0.3333333333333333,9.333333333333332,3.7384348921186756,59.83333333333333,40.0,19.833333333333332,nan,0.0,0,0,40,0,0.0,0.0,2.0,38.0
215,1,right_lane,fixed,True,1.0,40,0,21.143957345971565,1.0,11.66666666666667,6.270069554448128,59.5,40.0,19.5,nan,0.0,0,0,40,0,1.0,1.0,1.0,37.0
216,1,right_lane,fixed,True,1.0,40,0,21.768957345971565,7.0,4.0,9.765780973481014,56.5,40.0,16.5,nan,0.0,0,0,40,0,1.0,10.0,1.0,28.0
217,1,right_lane,fixed,True,1.0,40,0,21.518914804619232,0.0,7.33333333333333,3.4419534917687997,60.0,40.0,20.0,nan,0.0,0,0,40,0,0.0,0.0,0.0,40.0
218,1,right_lane,fixed,True,1.0,40,0,21.393957345971565,3.3333333333333335,4.666666666666666,6.699512825987767,58.333333333333336,40.0,18.333333333333336,nan,0.0,0,0,40,0,3.0,1.0,2.0,34.0
219,1,right_lane,fixed,True,1.0,40,0,20.893957345971565,3.0,2.333333333333333,4.595803089439869,58.5,40.0,18.5,nan,0.0,0,0,40,0,0.0,0.0,9.0,31.0
220,1,right_lane,fixed,True,1.0,40,0,21.643956694058858,27.333333333333343,1.666666666666667,28.826008319854736,46.833333333333314,40.0,6.833333333333337,nan,0.0,0,0,40,0,6.0,30.0,4.0,0.0
221,1,right_lane,fixed,True,1.0,40,0,21.518957345971565,0.6666666666666666,10.333333333333334,4.669696998840664,59.166666666666664,40.0,19.166666666666668,nan,0.0,0,0,40,0,0.0,0.0,2.0,38.0
222,1,right_lane,fixed,True,1.0,40,0,22.268914053871903,0.0,10.333333333333334,3.1789720485685393,60.0,40.0,20.0,nan,0.0,0,0,40,0,0.0,0.0,0.0,40.0
223,1,right_lane,fixed,True,1.0,40,0,22.14395239567974,4.333333333333333,2.333333333333333,5.346891313442029,57.833333333333336,40.0,17.833333333333332,nan,0.0,0,0,40,0,2.0,3.0,2.0,33.0
224,1,right_lane,fixed,True,1.0,26,1,23.1022487016939,25.333333333333332,0.0,25.017163276672363,26.833333333333336,26.0,0.8333333333333333,nan,0.0,0,0,26,0,23.0,3.0,0.0,0.0
225,1,right_lane,fixed,True,1.0,40,0,22.643957345971565,18.666666666666664,0.6666666666666666,18.497770093381405,50.33333333333336,40.0,10.333333333333334,nan,0.0,0,0,40,0,4.0,10.0,24.0,2.0
226,1,right_lane,fixed,True,1.0,40,0,22.268957234088543,12.0,7.33333333333333,13.456837054342031,54.333333333333336,40.0,14.333333333333334,nan,0.0,0,0,40,0,9.0,1.0,4.0,26.0
227,1,right_lane,fixed,True,1.0,40,0,22.268957345971565,1.9999999999999998,8.33333333333333,4.433230644093783,58.5,40.0,18.5,nan,0.0,0,0,40,0,0.0,0.0,6.0,34.0
228,1,right_lane,fixed,True,1.0,40,0,22.26895734597105,0.3333333333333333,10.0,4.217438376883365,59.83333333333333,40.0,19.833333333333332,nan,0.0,0,0,40,0,0.0,1.0,1.0,38.0
229,1,right_lane,fixed,True,1.0,40,0,20.518957345971565,4.666666666666666,3.666666666666667,6.376918408379424,57.66666666666667,40.0,17.666666666666668,nan,0.0,0,0,40,0,0.0,4.0,7.0,29.0
230,1,right_lane,fixed,True,1.0,40,0,22.268957345971565,14.0,5.666666666666665,16.26313616707921,53.0,40.0,13.0,nan,0.0,0,0,40,0,7.0,10.0,3.0,20.0
231,1,right_lane,fixed,True,1.0,40,0,22.64391406689101,20.0,2.6666666666666665,22.812326073646545,49.99999999999999,40.0,10.000000000000005,nan,0.0,0,0,40,0,0.0,29.0,4.0,7.0
232,1,right_lane,fixed,True,1.0,40,0,21.393957345971565,4.999999999999999,9.666666666666666,8.28827528655529,57.5,40.0,17.5,nan,0.0,0,0,40,0,0.0,5.0,7.0,28.0
233,1,right_lane,fixed,True,1.0,40,0,21.875043292099726,1.9999999999999998,10.333333333333334,6.193041302983374,59.0,40.0,19.0,nan,0.0,0,0,40,0,2.0,1.0,1.0,36.0
234,1,right_lane,fixed,True,1.0,40,0,21.643908464738125,7.999999999999999,9.333333333333332,11.795658574759727,56.0,40.0,16.0,nan,0.0,0,0,40,0,1.0,9.0,6.0,24.0
235,1,right_lane,fixed,True,1.0,40,0,21.768957345971565,3.3333333333333335,11.333333333333336,7.129059813916683,58.33333333333333,40.0,18.333333333333332,nan,0.0,0,0,40,0,0.0,5.0,2.0,33.0
236,1,right_lane,fixed,True,1.0,40,0,20.643957345775522,0.3333333333333333,13.666666666666673,4.935933783650398,59.833333333333336,40.0,19.833333333333336,nan,0.0,0,0,40,0,0.0,0.0,2.0,38.0
237,1,right_lane,fixed,True,1.0,40,0,20.768957345971558,8.333333333333334,1.0,9.86810101091396,55.833333333333336,40.0,15.833333333333334,nan,0.0,0,0,40,0,3.0,9.0,1.0,27.0
238,1,right_lane,fixed,True,1.0,40,0,23.39395725993028,13.0,5.666666666666665,15.10543828830123,53.5,40.0,13.5,nan,0.0,0,0,40,0,11.0,3.0,2.0,24.0
239,1,right_lane,fixed,True,1.0,40,0,20.893957345971565,0.0,1.6666666666666665,1.8643830012879334,60.0,40.0,20.0,nan,0.0,0,0,40,0,0.0,0.0,1.0,39.0
240,1,right_lane,fixed,True,1.0,40,0,21.268957345971565,0.0,11.66666666666667,3.5807403398212045,60.0,40.0,20.0,nan,0.0,0,0,40,0,0.0,0.0,0.0,40.0
241,1,right_lane,fixed,True,1.0,40,0,20.268957345971565,1.9999999999999998,10.0,6.825887642800808,59.00000000000001,40.0,19.0,nan,0.0,0,0,40,0,0.0,0.0,6.0,34.0
242,1,right_lane,fixed,True,1.0,40,0,21.64395733298212,0.3333333333333333,11.66666666666667,4.585821786466568,59.83333333333333,40.0,19.833333333333332,nan,0.0,0,0,40,0,0.0,1.0,1.0,38.0
243,1,right_lane,fixed,True,1.0,40,0,24.247504408993834,3.333333333333333,2.333333333333333,5.328542259390815,58.33333333333333,40.0,18.333333333333332,nan,0.0,0,0,40,0,0.0,2.0,6.0,32.0
244,1,right_lane,fixed,True,1.0,40,0,20.518957345971565,0.6666666666666666,12.000000000000004,4.496946204453707,59.666666666666664,40.0,19.666666666666664,nan,0.0,0,0,40,0,0.0,1.0,2.0,37.0
245,1,right_lane,fixed,True,1.0,40,0,21.768957345971565,1.0,10.666666666666668,5.459743373095989,59.5,40.0,19.5,nan,0.0,0,0,40,0,1.0,1.0,1.0,37.0
246,1,right_lane,fixed,True,1.0,40,0,20.768957345971565,17.666666666666664,5.666666666666665,19.989770457148552,51.16666666666667,40.0,11.166666666666666,nan,0.0,0,0,40,0,6.0,18.0,1.0,15.0
247,1,right_lane,fixed,True,1.0,40,0,21.393957345971565,1.6666666666666665,9.333333333333332,4.435843102633953,59.16666666666666,40.0,19.166666666666664,nan,0.0,0,0,40,0,0.0,0.0,5.0,35.0
248,1,right_lane,fixed,True,1.0,40,0,22.393957345971565,3.9999999999999996,1.0,6.302153928903863,58.0,40.0,18.0,nan,0.0,0,0,40,0,1.0,4.0,4.0,31.0
249,1,right_lane,fixed,True,1.0,40,0,20.89391975486327,0.0,0.3333333333333333,2.3765403404831886,60.0,40.0,20.0,nan,0.0,0,0,40,0,0.0,0.0,0.0,40.0
250,1,right_lane,fixed,True,1.0,40,0,21.393957345971565,0.6666666666666666,9.666666666666666,4.1885854452848434,59.666666666666664,40.0,19.666666666666668,nan,0.0,0,0,40,0,0.0,0.0,2.0,38.0
251,1,right_lane,fixed,True,1.0,40,0,20.268957345971565,0.0,13.33333333333334,4.234493799507618,60.0,40.0,20.0,nan,0.0,0,0,40,0,0.0,0.0,0.0,40.0
252,1,right_lane,fixed,True,1.0,40,0,20.893957345971565,12.33333333333333,5.666666666666665,14.644260674715042,53.833333333333336,40.0,13.833333333333332,nan,0.0,0,0,40,0,2.0,16.0,1.0,21.0
253,1,right_lane,fixed,True,1.0,40,0,22.266460907064253,6.0,3.666666666666667,8.576961560174823,57.0,40.0,17.0,nan,0.0,0,0,40,0,2.0,7.0,1.0,30.0
254,1,right_lane,fixed,True,1.0,40,0,20.643957345971565,1.9999999999999998,1.6666666666666665,3.0753504588008127,59.0,40.0,19.0,nan,0.0,0,0,40,0,0.0,1.0,6.0,33.0
255,1,right_lane,fixed,True,1.0,40,0,21.50032874938229,0.0,11.000000000000002,3.392318507656455,60.0,40.0,20.0,nan,0.0,0,0,40,0,0.0,0.0,1.0,39.0
256,1,right_lane,fixed,True,1.0,40,0,20.393957345971565,0.0,13.000000000000005,4.72282999753952,60.0,40.0,20.0,nan,0.0,0,0,40,0,0.0,0.0,1.0,39.0
257,1,right_lane,fixed,True,1.0,40,0,25.268957345971565,18.666666666666664,5.999999999999998,21.537090942263603,50.666666666666664,40.0,10.666666666666666,nan,0.0,0,0,40,0,16.0,4.0,3.0,17.0
258,1,right_lane,fixed,True,1.0,40,0,22.643957345971565,31.66666666666668,0.3333333333333333,32.25874316692352,44.499999999999986,40.0,4.5,nan,0.0,0,0,40,0,23.0,11.0,5.0,1.0
259,1,right_lane,fixed,True,1.0,40,0,20.768957345971565,39.0,0.6666666666666667,36.75211772322655,40.666666666666664,40.0,0.6666666666666666,nan,0.0,0,0,40,0,36.0,3.0,1.0,0.0
260,1,right_lane,fixed,True,1.0,40,0,20.75249644062177,0.3333333333333333,9.666666666666666,4.529269069433212,59.33333333333333,40.0,19.333333333333332,nan,0.0,0,0,40,0,0.0,1.0,1.0,38.0
261,1,right_lane,fixed,True,1.0,40,0,22.643957345971565,0.3333333333333333,5.666666666666665,2.948149936043137,59.833333333333336,40.0,19.833333333333336,nan,0.0,0,0,40,0,0.0,0.0,1.0,39.0
262,1,right_lane,fixed,True,1.0,40,0,20.643957345971565,0.0,11.66666666666667,4.47160018235445,60.0,40.0,20.0,nan,0.0,0,0,40,0,0.0,0.0,0.0,40.0
263,1,right_lane,fixed,True,1.0,40,0,20.393957345971565,0.0,9.666666666666666,3.64788506180048,60.0,40.0,20.0,nan,0.0,0,0,40,0,0.0,0.0,1.0,39.0
264,1,right_lane,fixed,True,1.0,40,0,21.643957345971565,1.9999999999999998,9.666666666666666,5.467340701841749,59.00000000000001,40.0,18.999999999999996,nan,0.0,0,0,40,0,0.0,0.0,6.0,34.0
265,1,right_lane,fixed,True,1.0,40,0,20.518957345971565,1.9999999999999998,11.333333333333336,6.231809698045254,59.0,40.0,19.0,nan,0.0,0,0,40,0,0.0,1.0,6.0,33.0
266,1,right_lane,fixed,True,1.0,40,0,20.643957345971565,1.9999999999999998,8.666666666666664,5.9703498396556824,59.0,40.0,19.0,nan,0.0,0,0,40,0,2.0,1.0,1.0,36.0
267,1,right_lane,fixed,True,1.0,40,0,21.518957345971565,1.6666666666666665,3.3333333333333335,3.9938932354561985,59.166666666666664,40.0,19.166666666666664,nan,0.0,0,0,40,0,0.0,1.0,5.0,34.0
268,1,right_lane,fixed,True,1.0,40,0,21.393957345971565,0.0,8.33333333333333,3.289838770753704,60.0,40.0,20.0,nan,0.0,0,0,40,0,0.0,0.0,0.0,40.0
269,1,right_lane,fixed,True,1.0,40,0,21.3939140555863,1.0,9.666666666666666,4.5341680948622525,59.50000000000001,40.0,19.5,nan,0.0,0,0,40,0,0.0,0.0,4.0,36.0
270,1,right_lane,fixed,True,1.0,40,0,20.518957345749705,0.0,12.666666666666671,3.793255038559437,60.0,40.0,20.0,nan,0.0,0,0,40,0,0.0,0.0,0.0,40.0
271,1,right_lane,fixed,True,1.0,40,0,20.768957345971565,0.3333333333333333,12.666666666666671,5.448491729795933,59.83333333333333,40.0,19.833333333333332,nan,0.0,0,0,40,0,0.0,0.0,2.0,38.0
272,1,right_lane,fixed,True,1.0,40,0,22.26895100608661,13.999999999999998,6.333333333333331,16.926509192213416,53.0,40.0,13.0,nan,0.0,0,0,40,0,12.0,4.0,1.0,23.0
273,1,right_lane,fixed,True,1.0,40,0,22.768957345971565,5.666666666666666,2.333333333333333,7.482693083118647,57.16666666666667,40.0,17.166666666666668,nan,0.0,0,0,40,0,0.0,4.0,9.0,27.0
274,1,right_lane,fixed,True,1.0,40,0,21.893957345745793,1.0,4.333333333333333,3.255916705587879,59.5,40.0,19.5,nan,0.0,0,0,40,0,0.0,0.0,3.0,37.0
275,1,right_lane,fixed,True,1.0,40,0,21.518957345971565,0.0,7.9999999999999964,2.590872530825436,60.0,40.0,20.0,nan,0.0,0,0,40,0,0.0,0.0,0.0,40.0
276,1,right_lane,fixed,True,1.0,40,0,21.143957345971565,0.0,0.6666666666666666,1.9548842078074813,60.0,40.0,20.0,nan,0.0,0,0,40,0,0.0,0.0,1.0,39.0
277,1,right_lane,fixed,True,1.0,40,0,21.641784702977393,0.3333333333333333,2.333333333333333,2.6125540717202966,59.83333333333333,40.0,19.833333333333332,nan,0.0,0,0,40,0,0.0,0.0,2.0,38.0
278,1,right_lane,fixed,True,1.0,40,0,20.643956694084682,0.0,4.333333333333333,2.6700350046157837,60.0,40.0,20.0,nan,0.0,0,0,40,0,0.0,0.0,0.0,40.0
279,1,right_lane,fixed,True,1.0,40,0,21.00249644062177,22.999999999999996,2.333333333333333,24.779265701770782,48.50000000000001,40.0,8.5,nan,0.0,0,0,40,0,9.0,20.0,5.0,6.0
280,1,right_lane,fixed,True,1.0,40,0,21.768957345971565,5.999999999999999,8.999999999999998,9.147479344159365,57.00000000000001,40.0,17.0,nan,0.0,0,0,40,0,3.0,4.0,3.0,30.0
281,1,right_lane,fixed,True,1.0,40,0,20.893957345971565,3.666666666666667,1.3333333333333333,4.6546384891844355,58.33333333333336,40.0,18.333333333333325,nan,0.0,0,0,40,0,0.0,0.0,10.0,30.0
282,1,right_lane,fixed,True,1.0,40,0,21.643957345971565,0.3333333333333333,0.3333333333333333,1.4335806269518798,59.666666666666664,40.0,19.666666666666664,nan,0.0,0,0,40,0,0.0,1.0,1.0,38.0
283,1,right_lane,fixed,True,1.0,40,0,20.268957345971565,0.0,13.33333333333334,3.768178842961788,60.0,40.0,20.0,nan,0.0,0,0,40,0,0.0,0.0,1.0,39.0
284,1,right_lane,fixed,True,1.0,40,0,20.893957345971565,39.0,0.0,37.242673486471176,41.0,40.0,0.9999999999999999,nan,0.0,0,0,40,0,37.0,2.0,1.0,0.0
285,1,right_lane,fixed,True,1.0,40,0,23.518957345971565,11.333333333333334,2.333333333333333,13.943494461476803,53.83333333333333,40.0,13.833333333333332,nan,0.0,0,0,40,0,11.0,1.0,2.0,26.0
286,1,right_lane,fixed,True,1.0,40,0,21.143957334663448,29.000000000000007,2.0000000000000004,30.21163433790207,45.83333333333332,40.0,5.833333333333335,nan,0.0,0,0,40,0,8.0,32.0,0.0,0.0
287,1,right_lane,fixed,True,1.0,40,0,22.01895724710669,21.333333333333336,5.666666666666667,21.69269083812833,49.49999999999999,40.0,9.499999999999998,nan,0.0,0,0,40,0,15.0,6.0,5.0,14.0
288,1,right_lane,fixed,True,1.0,40,0,22.731414695506537,0.6666666666666666,7.666666666666663,3.3613230404844217,59.166666666666664,40.0,19.166666666666664,nan,0.0,0,0,40,0,0.0,0.0,2.0,38.0
289,1,right_lane,fixed,True,1.0,40,0,21.143957334666847,27.666666666666682,0.0,29.400189131498337,46.499999999999986,40.0,6.500000000000003,nan,0.0,0,0,40,0,4.0,35.0,1.0,0.0
290,1,right_lane,fixed,True,1.0,40,0,20.643957345971565,17.999999999999996,2.0,19.613076359324623,50.99999999999997,40.0,10.99999999999999,nan,0.0,0,0,40,0,0.0,25.0,3.0,12.0
291,1,right_lane,fixed,True,1.0,40,0,22.481414695510452,25.666666666666664,1.666666666666667,26.58965343953969,46.833333333333336,40.0,6.833333333333334,nan,0.0,0,0,40,0,22.0,4.0,4.0,10.0
292,1,right_lane,fixed,True,1.0,40,0,20.51678470446608,1.6666666666666665,12.000000000000004,6.019085980951786,59.166666666666664,40.0,19.166666666666664,nan,0.0,0,0,40,0,0.0,1.0,5.0,34.0
293,1,right_lane,fixed,True,1.0,40,0,20.268957345971565,3.6666666666666674,10.333333333333336,7.738244257867336,58.16666666666667,40.0,18.166666666666668,nan,0.0,0,0,40,0,0.0,2.0,7.0,31.0
294,1,right_lane,fixed,True,1.0,40,0,21.643957345971565,24.33333333333333,3.3333333333333335,25.011699572205544,48.33333333333332,40.0,8.333333333333336,nan,0.0,0,0,40,0,13.0,15.0,1.0,11.0
295,1,right_lane,fixed,True,1.0,40,0,22.733867844032495,36.33333333333333,0.0,36.16438436508179,41.833333333333314,40.0,1.8333333333333335,nan,0.0,0,0,40,0,29.0,11.0,0.0,0.0
296,1,right_lane,fixed,True,1.0,40,0,22.518957345971565,1.6666666666666665,5.666666666666665,5.124681687540942,58.666666666666664,40.0,18.666666666666664,nan,0.0,0,0,40,0,0.0,0.0,6.0,34.0
297,1,right_lane,fixed,True,1.0,40,0,22.3939573329529,2.6666666666666665,5.999999999999998,4.780874717020197,58.83333333333334,40.0,18.833333333333325,nan,0.0,0,0,40,0,0.0,0.0,8.0,32.0
298,1,right_lane,fixed,True,1.0,40,0,22.62749644062177,12.33333333333333,5.666666666666665,14.921214655041695,53.666666666666664,40.0,13.666666666666666,nan,0.0,0,0,40,0,6.0,9.0,4.0,21.0
299,1,right_lane,fixed,True,1.0,40,0,20.268957345971565,0.0,13.33333333333334,5.1653546914458275,60.0,40.0,20.0,nan,0.0,0,0,40,0,0.0,0.0,0.0,40.0
300,1,right_lane,fixed,True,1.0,40,0,21.018957345971565,5.999999999999998,3.666666666666667,7.658847109880298,57.1666666666667,40.0,17.166666666666668,nan,0.0,0,0,40,0,0.0,0.0,17.0,23.0
301,1,right_lane,fixed,True,1.0,40,0,22.747552552495137,0.3333333333333333,4.0,2.7975967465899885,59.666666666666664,40.0,19.666666666666664,nan,0.0,0,0,40,0,0.0,0.0,1.0,39.0
302,1,right_lane,fixed,True,1.0,40,0,24.12532874938229,35.33333333333333,0.0,34.79265886545181,42.833333333333336,40.0,2.8333333333333326,nan,0.0,0,0,40,0,25.0,15.0,0.0,0.0
303,1,right_lane,fixed,True,1.0,40,0,22.268957345971565,24.666666666666664,2.666666666666667,26.493449300527573,47.50000000000001,40.0,7.500000000000002,nan,0.0,0,0,40,0,5.0,26.0,8.0,1.0
304,1,right_lane,fixed,True,1.0,40,0,23.481042667273382,28.333333333333343,0.0,29.734778687357903,45.50000000000001,40.0,5.499999999999998,nan,0.0,0,0,40,0,15.0,21.0,1.0,3.0
305,1,right_lane,fixed,True,1.0,40,0,23.391788991540487,6.999999999999999,8.999999999999998,10.578676644712687,56.5,40.0,16.5,nan,0.0,0,0,40,0,3.0,6.0,2.0,29.0
306,1,right_lane,fixed,True,1.0,40,0,22.518957345971565,10.999999999999998,6.666666666666665,13.533319380134344,54.5,40.0,14.5,nan,0.0,0,0,40,0,4.0,9.0,4.0,23.0
307,1,right_lane,fixed,True,1.0,40,0,20.393957345971565,0.0,13.666666666666673,5.125570096075535,60.0,40.0,20.0,nan,0.0,0,0,40,0,0.0,0.0,1.0,39.0
308,1,right_lane,fixed,True,1.0,40,0,22.018957345971565,3.0,7.9999999999999964,6.110545184463263,58.5,40.0,18.5,nan,0.0,0,0,40,0,0.0,0.0,10.0,30.0
309,1,right_lane,fixed,True,1.0,40,0,22.393957345971565,24.99999999999998,1.3333333333333333,24.999059602618217,47.66666666666669,40.0,7.666666666666663,nan,0.0,0,0,40,0,16.0,6.0,16.0,2.0
310,1,right_lane,fixed,True,1.0,40,0,24.518957345971565,36.66666666666665,0.0,37.11795711517334,41.83333333333332,40.0,1.8333333333333335,nan,0.0,0,0,40,0,31.0,9.0,0.0,0.0
311,1,right_lane,fixed,True,1.0,40,0,21.26678470446608,2.333333333333333,4.333333333333333,5.712618485093117,58.5,40.0,18.5,nan,0.0,0,0,40,0,2.0,1.0,2.0,35.0
312,1,right_lane,fixed,True,1.0,40,0,20.518957345971565,0.3333333333333333,4.333333333333333,2.612042199761163,59.83333333333333,40.0,19.833333333333332,nan,0.0,0,0,40,0,0.0,0.0,1.0,39.0
313,1,right_lane,fixed,True,1.0,40,0,20.268957345971565,0.0,11.000000000000002,4.090385131537914,60.0,40.0,20.0,nan,0.0,0,0,40,0,0.0,0.0,1.0,39.0
314,1,right_lane,fixed,True,1.0,40,0,21.64150419719409,0.3333333333333333,3.3333333333333335,3.283482210012153,59.83333333333333,40.0,19.833333333333332,nan,0.0,0,0,40,0,0.0,1.0,1.0,38.0
315,1,right_lane,fixed,True,1.0,40,0,20.268957345971565,0.0,13.000000000000005,4.312105283141136,60.0,40.0,20.0,nan,0.0,0,0,40,0,0.0,0.0,0.0,40.0
316,1,right_lane,fixed,True,1.0,40,0,20.893957345971565,3.6666666666666665,9.666666666666666,8.016222573816776,58.166666666666664,40.0,18.166666666666664,nan,0.0,0,0,40,0,0.0,4.0,3.0,33.0
317,1,right_lane,fixed,True,1.0,40,0,20.643957345971565,1.3333333333333333,6.666666666666664,4.453563335351646,59.333333333333336,40.0,19.333333333333336,nan,0.0,0,0,40,0,0.0,1.0,4.0,35.0
318,1,right_lane,fixed,True,1.0,40,0,22.018957345971565,13.999999999999993,1.0,14.421877434234602,53.333333333333314,40.0,13.33333333333333,nan,0.0,0,0,40,0,0.0,10.0,20.0,10.0
319,1,right_lane,fixed,True,1.0,40,0,20.393957345971565,0.3333333333333333,5.999999999999998,3.9078021682798862,59.5,40.0,19.5,nan,0.0,0,0,40,0,0.0,1.0,1.0,38.0
320,1,right_lane,fixed,True,1.0,40,0,22.018957345971565,0.3333333333333333,0.3333333333333333,2.007798727368936,59.83333333333333,40.0,19.833333333333332,nan,0.0,0,0,40,0,0.0,1.0,1.0,38.0
321,1,right_lane,fixed,True,1.0,40,0,20.893957345971565,1.3333333333333333,1.9999999999999998,2.7772578885778785,59.333333333333336,40.0,19.333333333333332,nan,0.0,0,0,40,0,0.0,0.0,4.0,36.0
322,1,right_lane,fixed,True,1.0,40,0,21.768919754693048,31.66666666666669,0.6666666666666667,32.224225759506226,44.49999999999998,40.0,4.499999999999999,nan,0.0,0,0,40,0,15.0,25.0,0.0,0.0
323,1,right_lane,fixed,True,1.0,40,0,24.372503561088774,27.33333333333332,0.0,28.19959384202957,46.50000000000002,40.0,6.499999999999997,nan,0.0,0,0,40,0,7.0,27.0,6.0,0.0
324,1,right_lane,fixed,True,1.0,40,0,21.768957345971565,0.6666666666666666,9.666666666666666,4.554210337937548,59.166666666666664,40.0,19.166666666666664,nan,0.0,0,0,40,0,0.0,0.0,2.0,38.0
325,1,right_lane,fixed,True,1.0,40,0,20.643957345971565,0.3333333333333333,13.33333333333334,5.206763707101345,59.83333333333333,40.0,19.833333333333336,nan,0.0,0,0,40,0,0.0,0.0,1.0,39.0
326,1,right_lane,fixed,True,1.0,40,0,20.268957345971565,0.0,8.33333333333333,3.939688678830862,60.0,40.0,20.0,nan,0.0,0,0,40,0,0.0,0.0,1.0,39.0
327,1,right_lane,fixed,True,1.0,40,0,21.393957345971565,0.0,1.3333333333333333,1.4261343940161169,60.0,40.0,20.0,nan,0.0,0,0,40,0,0.0,0.0,1.0,39.0
328,1,right_lane,fixed,True,1.0,40,0,21.143957345971565,4.0,8.999999999999998,7.416699662338942,57.99999999999999,40.0,18.0,nan,0.0,0,0,40,0,2.0,1.0,7.0,30.0
329,1,right_lane,fixed,True,1.0,40,0,22.641789654728235,30.66666666666669,0.3333333333333333,31.459520369768143,45.0,40.0,5.000000000000001,nan,0.0,0,0,40,0,15.0,23.0,2.0,0.0
330,1,right_lane,fixed,True,1.0,40,0,21.268957345971565,0.0,3.666666666666667,1.7784132352098823,59.66666666666667,40.0,19.666666666666664,nan,0.0,0,0,40,0,0.0,0.0,0.0,40.0
331,1,right_lane,fixed,True,1.0,40,0,21.643957345971565,6.333333333333333,3.3333333333333335,9.407448098063469,56.833333333333336,40.0,16.833333333333336,nan,0.0,0,0,40,0,5.0,2.0,3.0,30.0
332,1,right_lane,fixed,True,1.0,39,1,22.070725483047756,5.333333333333332,9.666666666666668,9.46863267943263,56.00000000000001,39.0,17.0,nan,0.0,0,0,39,0,2.0,4.0,3.0,30.0
333,1,right_lane,fixed,True,1.0,40,0,20.8917896532434,0.0,13.000000000000005,3.966860808432102,59.83333333333333,40.0,19.833333333333332,nan,0.0,0,0,40,0,0.0,0.0,1.0,39.0
334,1,right_lane,fixed,True,1.0,40,0,22.8939573329529,0.6666666666666666,8.33333333333333,3.840141097762512,59.666666666666664,40.0,19.666666666666664,nan,0.0,0,0,40,0,0.0,0.0,3.0,37.0
335,1,right_lane,fixed,True,1.0,40,0,24.89395734597155,25.0,3.3333333333333335,26.540613517165184,47.50000000000001,40.0,7.499999999999999,nan,0.0,0,0,40,0,21.0,6.0,3.0,10.0
336,1,right_lane,fixed,True,1.0,40,0,21.018957345971554,3.333333333333333,12.000000000000004,8.204468823969364,58.33333333333333,40.0,18.333333333333332,nan,0.0,0,0,40,0,0.0,4.0,3.0,33.0
337,1,right_lane,fixed,True,1.0,40,0,21.393957345971565,0.0,1.6666666666666665,2.502251414463899,60.0,40.0,20.0,nan,0.0,0,0,40,0,0.0,0.0,0.0,40.0
338,1,right_lane,fixed,True,1.0,40,0,22.89395734447896,30.333333333333332,1.9999999999999998,30.93771506845951,44.83333333333334,40.0,4.833333333333334,nan,0.0,0,0,40,0,23.0,9.0,6.0,2.0
339,1,right_lane,fixed,True,1.0,40,0,21.14395660801373,0.0,10.666666666666668,3.663934165611863,60.0,40.0,20.0,nan,0.0,0,0,40,0,0.0,0.0,1.0,39.0
340,1,right_lane,fixed,True,1.0,40,0,20.393957345971565,36.666666666666664,0.6666666666666667,35.10552942752838,42.16666666666667,40.0,2.1666666666666665,nan,0.0,0,0,40,0,30.0,10.0,0.0,0.0
341,1,right_lane,fixed,True,1.0,40,0,22.643956694084622,40.0,0.0,39.73798447847366,40.0,40.0,0.0,nan,0.0,0,0,40,0,40.0,0.0,0.0,0.0
342,1,right_lane,fixed,True,1.0,40,0,22.26895724688586,1.6666666666666665,6.999999999999997,4.7330569280311465,58.66666666666666,40.0,18.666666666666664,nan,0.0,0,0,40,0,0.0,1.0,5.0,34.0
343,1,right_lane,fixed,True,1.0,40,0,20.76895734597099,0.0,7.666666666666663,2.786049508732958,60.0,40.0,20.0,nan,0.0,0,0,40,0,0.0,0.0,0.0,40.0
344,1,right_lane,fixed,True,1.0,40,0,20.268957345971565,0.0,13.33333333333334,4.587415881454945,60.0,40.0,20.0,nan,0.0,0,0,40,0,0.0,0.0,0.0,40.0
345,1,right_lane,fixed,True,1.0,40,0,20.891751400458013,0.6666666666666666,13.33333333333334,5.228090338408947,59.666666666666664,40.0,19.666666666666668,nan,0.0,0,0,40,0,0.0,0.0,3.0,37.0
346,1,right_lane,fixed,True,1.0,40,0,20.768957345971565,0.0,13.33333333333334,4.865467321127653,60.0,40.0,20.0,nan,0.0,0,0,40,0,0.0,0.0,1.0,39.0
347,1,right_lane,fixed,True,1.0,40,0,22.893957345775526,9.0,4.999999999999999,11.611822694540024,55.5,40.0,15.5,nan,0.0,0,0,40,0,6.0,5.0,1.0,28.0
348,1,right_lane,fixed,True,1.0,40,0,20.893957345971117,0.0,11.66666666666667,3.483921743929386,60.0,40.0,20.0,nan,0.0,0,0,40,0,0.0,0.0,0.0,40.0
349,1,right_lane,fixed,True,1.0,40,0,21.481377104427974,3.0,9.666666666666666,7.508896899409592,58.666666666666664,40.0,18.666666666666668,nan,0.0,0,0,40,0,0.0,3.0,3.0,34.0
350,1,right_lane,fixed,True,1.0,40,0,21.768957344482878,0.3333333333333333,9.666666666666666,3.919798945193179,59.666666666666664,40.0,19.666666666666664,nan,0.0,0,0,40,0,0.0,1.0,1.0,38.0
351,1,right_lane,fixed,True,1.0,40,0,21.018957345971565,2.3333333333333335,10.666666666666666,6.431237507611513,59.0,40.0,19.0,nan,0.0,0,0,40,0,0.0,2.0,4.0,34.0
352,1,right_lane,fixed,True,1.0,40,0,23.00000009886436,35.66666666666667,0.33333333333333337,35.42556804418564,42.16666666666667,40.0,2.166666666666667,nan,0.0,0,0,40,0,30.0,9.0,1.0,0.0
353,1,right_lane,fixed,True,1.0,40,0,21.125000750751244,17.333333333333332,4.666666666666666,19.29136310145259,51.16666666666667,40.0,11.166666666666666,nan,0.0,0,0,40,0,16.0,3.0,1.0,20.0
354,1,right_lane,fixed,True,1.0,40,0,22.768957235581144,3.6666666666666665,3.0,6.393943413335364,58.16666666666667,40.0,18.166666666666664,nan,0.0,0,0,40,0,0.0,6.0,1.0,33.0
355,1,right_lane,fixed,True,1.0,40,0,20.768957345971565,13.000000000000005,1.6666666666666665,13.410550319124013,53.66666666666669,40.0,13.666666666666673,nan,0.0,0,0,40,0,1.0,1.0,36.0,2.0
356,1,right_lane,fixed,True,1.0,40,0,21.393957345971565,39.0,0.0,37.89890277385712,40.833333333333336,40.0,0.8333333333333333,nan,0.0,0,0,40,0,37.0,3.0,0.0,0.0
357,1,right_lane,fixed,True,1.0,3,1,25.0,1.0,0.0,1.8744782507419586,3.5,3.0,0.5,nan,0.0,0,0,3,0,1.0,1.0,1.0,0.0
358,1,right_lane,fixed,True,1.0,40,0,22.018957345971565,11.666666666666666,1.6666666666666665,13.262975259422092,54.16666666666667,40.0,14.166666666666666,nan,0.0,0,0,40,0,5.0,11.0,1.0,23.0
359,1,right_lane,fixed,True,1.0,40,0,20.643957345971565,3.666666666666667,11.000000000000002,8.625931978225708,58.16666666666667,40.0,18.166666666666668,nan,0.0,0,0,40,0,1.0,3.0,5.0,31.0
360,1,right_lane,fixed,True,1.0,40,0,21.731049105796927,1.9999999999999998,2.333333333333333,3.8767850286444627,59.0,40.0,19.0,nan,0.0,0,0,40,0,1.0,1.0,4.0,34.0
361,1,right_lane,fixed,True,1.0,40,0,21.143957345971565,4.333333333333333,7.666666666666663,7.64179121440975,57.83333333333333,40.0,17.833333333333336,nan,0.0,0,0,40,0,0.0,3.0,9.0,28.0
362,1,right_lane,fixed,True,1.0,40,0,22.268957345971565,20.333333333333332,2.333333333333333,21.63530796021223,49.83333333333334,40.0,9.833333333333334,nan,0.0,0,0,40,0,5.0,22.0,2.0,11.0
363,1,right_lane,fixed,True,1.0,40,0,21.481414695510452,4.333333333333333,6.999999999999997,8.248510521836579,57.83333333333334,40.0,17.833333333333336,nan,0.0,0,0,40,0,1.0,1.0,11.0,27.0
364,1,right_lane,fixed,True,1.0,40,0,23.76650419744894,17.333333333333332,3.333333333333334,18.50662445090711,51.33333333333336,40.0,11.333333333333337,nan,0.0,0,0,40,0,5.0,11.0,17.0,7.0
365,1,right_lane,fixed,True,1.0,40,0,20.643957345971565,0.0,9.333333333333332,3.3207317464984953,60.0,40.0,20.0,nan,0.0,0,0,40,0,0.0,0.0,1.0,39.0
366,1,right_lane,fixed,True,1.0,40,0,25.481085957628917,20.33333333333333,1.0,21.162215801907223,49.833333333333336,40.0,9.833333333333332,nan,0.0,0,0,40,0,16.0,7.0,1.0,16.0
367,1,right_lane,fixed,True,1.0,40,0,20.268957345971565,1.6666666666666665,13.000000000000007,6.098929516971111,59.166666666666664,40.0,19.166666666666664,nan,0.0,0,0,40,0,0.0,0.0,5.0,35.0
368,1,right_lane,fixed,True,1.0,40,0,20.268957345971565,0.0,13.666666666666673,4.9422199204564095,60.0,40.0,20.0,nan,0.0,0,0,40,0,0.0,0.0,1.0,39.0
369,1,right_lane,fixed,True,1.0,40,0,21.393957345971565,1.0,11.333333333333336,5.174330967362039,59.5,40.0,19.5,nan,0.0,0,0,40,0,1.0,1.0,1.0,37.0
370,1,right_lane,fixed,True,1.0,40,0,21.3753237132711,12.333333333333332,3.0000000000000004,14.982258532196283,53.833333333333336,40.0,13.833333333333332,nan,0.0,0,0,40,0,2.0,16.0,2.0,20.0
371,1,right_lane,fixed,True,1.0,40,0,20.268957345971565,0.0,11.333333333333336,3.7378902062773705,60.0,40.0,20.0,nan,0.0,0,0,40,0,0.0,0.0,0.0,40.0
372,1,right_lane,fixed,True,1.0,40,0,20.893957345971565,1.0,12.000000000000004,5.7535300850868225,59.5,40.0,19.5,nan,0.0,0,0,40,0,0.0,0.0,4.0,36.0
373,1,right_lane,fixed,True,1.0,40,0,21.643957345971565,0.3333333333333333,6.333333333333331,3.501563769648783,59.83333333333333,40.0,19.833333333333332,nan,0.0,0,0,40,0,0.0,0.0,1.0,39.0
374,1,right_lane,fixed,True,1.0,40,0,21.268957345971565,1.0,9.666666666666666,4.692790933419019,59.50000000000001,40.0,19.499999999999996,nan,0.0,0,0,40,0,0.0,0.0,3.0,37.0
375,1,right_lane,fixed,True,1.0,40,0,21.643957345971565,0.0,0.6666666666666666,0.5056023431243375,60.0,40.0,20.0,nan,0.0,0,0,40,0,0.0,0.0,0.0,40.0
376,1,right_lane,fixed,True,1.0,40,0,20.37749644062177,0.0,7.9999999999999964,3.2707957907696255,60.0,40.0,20.0,nan,0.0,0,0,40,0,0.0,0.0,0.0,40.0
377,1,right_lane,fixed,True,1.0,40,0,22.018957345971565,7.666666666666667,8.666666666666664,11.200393233448267,56.166666666666664,40.0,16.166666666666664,nan,0.0,0,0,40,0,5.0,5.0,1.0,29.0
378,1,right_lane,fixed,True,1.0,40,0,21.643957345971494,0.6666666666666666,6.999999999999997,4.017979025840759,59.666666666666664,40.0,19.666666666666664,nan,0.0,0,0,40,0,0.0,1.0,2.0,37.0
379,1,right_lane,fixed,True,1.0,40,0,21.768957345971565,1.0,11.000000000000002,5.612584803253412,59.5,40.0,19.5,nan,0.0,0,0,40,0,1.0,1.0,1.0,37.0
380,1,right_lane,fixed,True,1.0,40,0,24.268956693888583,32.33333333333336,0.33333333333333337,33.35732281208038,44.16666666666666,40.0,4.166666666666665,nan,0.0,0,0,40,0,17.0,23.0,0.0,0.0
381,1,right_lane,fixed,True,1.0,40,0,22.14395154634546,32.333333333333336,1.9999999999999998,32.1012202873826,43.50000000000001,40.0,3.5,nan,0.0,0,0,40,0,31.0,2.0,2.0,5.0
382,1,right_lane,fixed,True,1.0,40,0,21.14367104101363,0.0,12.000000000000004,3.9645735303347465,60.0,40.0,20.0,nan,0.0,0,0,40,0,0.0,0.0,1.0,39.0
383,1,right_lane,fixed,True,1.0,40,0,21.893957345971565,5.666666666666666,1.6666666666666665,7.98461826518178,57.166666666666664,40.0,17.166666666666664,nan,0.0,0,0,40,0,2.0,4.0,3.0,31.0
384,1,right_lane,fixed,True,1.0,40,0,20.393957345971565,18.333333333333325,1.6666666666666665,19.83553221821785,50.83333333333334,40.0,10.833333333333334,nan,0.0,0,0,40,0,13.0,4.0,10.0,13.0
385,1,right_lane,fixed,True,1.0,40,0,20.875043292099726,0.3333333333333333,10.333333333333334,3.8884821012616158,60.0,40.0,20.0,nan,0.0,0,0,40,0,0.0,0.0,1.0,39.0
386,1,right_lane,fixed,True,1.0,40,0,22.268957345971565,5.999999999999999,6.999999999999997,8.895271465560654,57.0,40.0,17.0,nan,0.0,0,0,40,0,3.0,5.0,1.0,31.0
387,1,right_lane,fixed,True,1.0,40,0,20.64395239570216,0.3333333333333333,2.333333333333333,3.4861465506255627,59.666666666666664,40.0,19.666666666666664,nan,0.0,0,0,40,0,0.0,1.0,1.0,38.0
388,1,right_lane,fixed,True,1.0,40,0,23.768957345971565,6.666666666666666,7.666666666666663,9.03433430660516,56.666666666666664,40.0,16.666666666666664,nan,0.0,0,0,40,0,4.0,3.0,2.0,31.0
389,1,right_lane,fixed,True,1.0,40,0,20.643957345971565,16.666666666666664,7.33333333333333,19.232396438717842,51.66666666666667,40.0,11.666666666666666,nan,0.0,0,0,40,0,16.0,2.0,1.0,21.0
390,1,right_lane,fixed,True,1.0,40,0,21.89395239570556,0.3333333333333333,0.6666666666666666,1.364457020622467,59.83333333333333,40.0,19.833333333333332,nan,0.0,0,0,40,0,0.0,1.0,1.0,38.0
391,1,right_lane,fixed,True,1.0,40,0,20.768957345971565,5.666666666666665,9.666666666666666,9.041139096021652,57.16666666666667,40.0,17.166666666666664,nan,0.0,0,0,40,0,3.0,4.0,3.0,30.0
392,1,right_lane,fixed,True,1.0,40,0,25.250328011650215,28.333333333333346,1.3333333333333335,28.79209366440773,46.16666666666665,40.0,6.1666666666666705,nan,0.0,0,0,40,0,14.0,17.0,9.0,0.0
393,1,right_lane,fixed,True,1.0,40,0,22.393666938422992,7.333333333333333,7.33333333333333,10.227509728167206,56.0,40.0,16.0,nan,0.0,0,0,40,0,4.0,5.0,2.0,29.0
394,1,right_lane,fixed,True,1.0,40,0,21.89367188720031,30.33333333333334,1.3333333333333335,31.473818957805634,45.16666666666666,40.0,5.166666666666667,nan,0.0,0,0,40,0,12.0,28.0,0.0,0.0
395,1,right_lane,fixed,True,1.0,40,0,20.268957345971565,0.0,12.666666666666671,4.458566151559353,59.66666666666667,40.0,19.666666666666664,nan,0.0,0,0,40,0,0.0,0.0,1.0,39.0
396,1,right_lane,fixed,True,1.0,40,0,21.643956694084682,30.666666666666675,1.666666666666667,31.266836404800415,44.99999999999999,40.0,5.0,nan,0.0,0,0,40,0,12.0,28.0,0.0,0.0
397,1,right_lane,fixed,True,1.0,40,0,21.768957345971565,0.6666666666666666,10.333333333333334,4.380199594302283,59.333333333333336,40.0,19.333333333333336,nan,0.0,0,0,40,0,0.0,1.0,2.0,37.0
398,1,right_lane,fixed,True,1.0,40,0,20.393957345971565,2.3333333333333335,11.000000000000002,6.913711778819561,59.0,40.0,19.0,nan,0.0,0,0,40,0,0.0,2.0,4.0,34.0
399,1,right_lane,fixed,True,1.0,40,0,20.643957345971113,0.0,5.666666666666665,2.6886322647333145,59.83333333333333,40.0,19.833333333333332,nan,0.0,0,0,40,0,0.0,0.0,0.0,40.0
400,1,right_lane,fixed,True,1.0,40,0,20.393957345971565,0.0,10.0,3.75388290733099,60.0,40.0,20.0,nan,0.0,0,0,40,0,0.0,0.0,0.0,40.0
401,1,right_lane,fixed,True,1.0,40,0,20.518957345971565,1.9999999999999998,11.66666666666667,6.541395828127861,59.0,40.0,19.0,nan,0.0,0,0,40,0,0.0,1.0,6.0,33.0
402,1,right_lane,fixed,True,1.0,40,0,20.893957345971565,1.3333333333333333,6.666666666666664,4.019278964144178,59.333333333333336,40.0,19.333333333333336,nan,0.0,0,0,40,0,0.0,0.0,4.0,36.0
403,1,right_lane,fixed,True,1.0,40,0,24.643957345941317,30.000000000000007,1.333333333333333,30.9301490560174,45.00000000000001,40.0,5.0,nan,0.0,0,0,40,0,25.0,8.0,2.0,5.0
404,1,right_lane,fixed,True,1.0,3,1,25.0,1.0,0.0,1.8211824893951416,4.0,3.0,1.0,nan,0.0,0,0,3,0,1.0,1.0,1.0,0.0
405,1,right_lane,fixed,True,1.0,40,0,20.393957345971565,0.3333333333333333,8.666666666666664,4.356641378253698,59.83333333333333,40.0,19.833333333333332,nan,0.0,0,0,40,0,0.0,1.0,1.0,38.0
406,1,right_lane,fixed,True,1.0,40,0,21.268957345971565,2.6666666666666665,10.333333333333334,6.48773255944252,58.66666666666667,40.0,18.666666666666668,nan,0.0,0,0,40,0,0.0,1.0,8.0,31.0
407,1,right_lane,fixed,True,1.0,40,0,20.893957345971565,7.333333333333333,1.9999999999999998,8.308422046713531,56.833333333333336,40.0,16.833333333333336,nan,0.0,0,0,40,0,3.0,4.0,5.0,28.0
408,1,right_lane,fixed,True,1.0,40,0,21.64367188868894,0.0,1.3333333333333333,1.0086118673789315,59.5,40.0,19.5,nan,0.0,0,0,40,0,0.0,0.0,0.0,40.0
409,1,right_lane,fixed,True,1.0,40,0,20.50249644062177,3.6666666666666665,8.33333333333333,7.440512892790139,58.16666666666667,40.0,18.166666666666664,nan,0.0,0,0,40,0,3.0,2.0,1.0,34.0
410,1,right_lane,fixed,True,1.0,40,0,22.518919753400336,28.33333333333335,0.0,30.420217633247375,46.16666666666665,40.0,6.166666666666669,nan,0.0,0,0,40,0,6.0,34.0,0.0,0.0
411,1,right_lane,fixed,True,1.0,40,0,20.518957345971565,0.6666666666666666,10.333333333333334,5.697066593915224,59.33333333333333,40.0,19.333333333333332,nan,0.0,0,0,40,0,0.0,1.0,2.0,37.0
412,1,right_lane,fixed,True,1.0,40,0,21.268957345971565,0.0,7.9999999999999964,2.930841506086608,60.0,40.0,20.0,nan,0.0,0,0,40,0,0.0,0.0,0.0,40.0
413,1,right_lane,fixed,True,1.0,40,0,20.893957345971554,17.33333333333333,5.333333333333332,18.65420737862587,51.33333333333333,40.0,11.333333333333334,nan,0.0,0,0,40,0,14.0,2.0,9.0,15.0
414,1,right_lane,fixed,True,1.0,40,0,23.14395239567974,7.666666666666666,1.6666666666666665,9.315824659130158,56.16666666666667,40.0,16.166666666666664,nan,0.0,0,0,40,0,5.0,5.0,1.0,29.0
415,1,right_lane,fixed,True,1.0,40,0,22.481048453910045,3.9999999999999996,8.999999999999998,8.193073333809025,58.0,40.0,18.0,nan,0.0,0,0,40,0,1.0,4.0,4.0,31.0
416,1,right_lane,fixed,True,1.0,40,0,22.393957345971565,14.666666666666666,6.333333333333331,16.95542161166668,52.666666666666664,40.0,12.666666666666668,nan,0.0,0,0,40,0,9.0,8.0,4.0,19.0
417,1,right_lane,fixed,True,1.0,19,1,23.197804703352546,13.999999999999998,1.0,13.948833659291267,21.833333333333332,19.0,2.833333333333333,nan,0.0,0,0,19,0,10.0,4.0,2.0,3.0
418,1,right_lane,fixed,True,1.0,40,0,20.893957345971565,0.0,3.0,1.7650914029218256,59.66666666666667,40.0,19.666666666666664,nan,0.0,0,0,40,0,0.0,0.0,0.0,40.0
419,1,right_lane,fixed,True,1.0,40,0,21.518957345971565,19.33333333333332,0.6666666666666666,21.141529895365238,50.333333333333364,40.0,10.333333333333334,nan,0.0,0,0,40,0,4.0,16.0,17.0,3.0
420,1,right_lane,fixed,True,1.0,40,0,20.768957345971565,13.666666666666664,4.999999999999999,16.02643533423543,53.16666666666667,40.0,13.166666666666666,nan,0.0,0,0,40,0,2.0,18.0,1.0,19.0
421,1,right_lane,fixed,True,1.0,40,0,22.018957234314314,0.3333333333333333,5.999999999999998,3.390949666732922,59.83333333333333,40.0,19.833333333333336,nan,0.0,0,0,40,0,0.0,0.0,2.0,38.0
422,1,right_lane,fixed,True,1.0,40,0,21.39178470446608,0.0,1.0,1.5611069146173122,60.0,40.0,20.0,nan,0.0,0,0,40,0,0.0,0.0,1.0,39.0
423,1,right_lane,fixed,True,1.0,40,0,21.750328749186245,0.6666666666666666,2.3333333333333335,2.9085661451659917,59.66666666666667,40.0,19.666666666666664,nan,0.0,0,0,40,0,0.0,0.0,2.0,38.0
424,1,right_lane,fixed,True,1.0,40,0,22.768957345971565,0.3333333333333333,6.999999999999997,3.499090537143047,59.83333333333333,40.0,19.833333333333332,nan,0.0,0,0,40,0,0.0,1.0,1.0,38.0
425,1,right_lane,fixed,True,1.0,40,0,20.62749644062177,1.0,10.666666666666668,5.121827304363251,59.5,40.0,19.5,nan,0.0,0,0,40,0,1.0,1.0,1.0,37.0
426,1,right_lane,fixed,True,1.0,40,0,21.002496439133083,0.3333333333333333,6.999999999999997,3.3668707832694054,59.83333333333333,40.0,19.833333333333332,nan,0.0,0,0,40,0,0.0,0.0,2.0,38.0
427,1,right_lane,fixed,True,1.0,40,0,21.893957345971565,9.333333333333334,6.666666666666664,12.064969308674335,55.333333333333336,40.0,15.333333333333334,nan,0.0,0,0,40,0,2.0,6.0,13.0,19.0
428,1,right_lane,fixed,True,1.0,40,0,24.50000075075124,18.33333333333333,3.3333333333333335,19.824937579483958,50.833333333333336,40.0,10.833333333333334,nan,0.0,0,0,40,0,15.0,4.0,4.0,17.0
429,1,right_lane,fixed,True,1.0,40,0,20.643957345971565,0.3333333333333333,12.666666666666671,5.361628610640764,59.83333333333333,40.0,19.833333333333332,nan,0.0,0,0,40,0,0.0,0.0,2.0,38.0
430,1,right_lane,fixed,True,1.0,40,0,21.893957345971565,1.0,10.333333333333334,4.39948476348917,59.5,40.0,19.5,nan,0.0,0,0,40,0,0.0,0.0,3.0,37.0
431,1,right_lane,fixed,True,1.0,40,0,22.393956693888192,23.666666666666675,0.3333333333333333,26.042696446180344,48.49999999999998,40.0,8.500000000000004,nan,0.0,0,0,40,0,0.0,33.0,3.0,4.0
432,1,right_lane,fixed,True,1.0,40,0,21.143919101510118,11.666666666666664,2.0,13.570846937596798,53.83333333333333,40.0,13.833333333333332,nan,0.0,0,0,40,0,8.0,6.0,2.0,24.0
433,1,right_lane,fixed,True,1.0,40,0,22.606043406494138,2.6666666666666665,8.33333333333333,5.930585280830201,58.66666666666667,40.0,18.666666666666664,nan,0.0,0,0,40,0,0.0,4.0,2.0,34.0
434,1,right_lane,fixed,True,1.0,40,0,23.393957345971565,25.66666666666668,3.0000000000000004,26.940660748630762,47.16666666666666,40.0,7.166666666666665,nan,0.0,0,0,40,0,14.0,16.0,5.0,5.0
435,1,right_lane,fixed,True,1.0,40,0,22.01646660636704,1.6666666666666665,5.999999999999998,4.8052300017443486,59.16666666666667,40.0,19.166666666666664,nan,0.0,0,0,40,0,1.0,2.0,1.0,36.0
436,1,right_lane,fixed,True,1.0,40,0,20.268957345971565,1.6666666666666665,12.666666666666668,6.063933864235878,59.16666666666667,40.0,19.166666666666668,nan,0.0,0,0,40,0,0.0,1.0,3.0,36.0
437,1,right_lane,fixed,True,1.0,40,0,21.268919754693037,1.3333333333333333,11.66666666666667,5.722102090716362,59.33333333333333,40.0,19.333333333333332,nan,0.0,0,0,40,0,0.0,1.0,4.0,35.0
438,1,right_lane,fixed,True,1.0,40,0,20.643957345971565,1.3333333333333333,2.0,3.243893208523332,59.333333333333336,40.0,19.33333333333333,nan,0.0,0,0,40,0,0.0,1.0,4.0,35.0
439,1,right_lane,fixed,True,1.0,40,0,23.018957345942347,31.333333333333353,0.6666666666666667,31.987016022205353,44.66666666666665,40.0,4.666666666666666,nan,0.0,0,0,40,0,15.0,25.0,0.0,0.0
440,1,right_lane,fixed,True,1.0,40,0,21.768913968026723,0.0,5.333333333333332,2.9269322408363223,59.66666666666667,40.0,19.666666666666664,nan,0.0,0,0,40,0,0.0,0.0,1.0,39.0
441,1,right_lane,fixed,True,1.0,40,0,20.393957345971565,1.0,12.666666666666671,5.217859670519829,59.5,40.0,19.5,nan,0.0,0,0,40,0,0.0,0.0,4.0,36.0
442,1,right_lane,fixed,True,1.0,40,0,20.393957345971565,0.0,12.333333333333337,4.651298884302378,60.0,40.0,20.0,nan,0.0,0,0,40,0,0.0,0.0,0.0,40.0
443,1,right_lane,fixed,True,1.0,40,0,21.877496429316995,0.6666666666666666,1.6666666666666665,1.8842937047738815,59.666666666666664,40.0,19.666666666666664,nan,0.0,0,0,40,0,0.0,1.0,2.0,37.0
444,1,right_lane,fixed,True,1.0,40,0,21.268957345971565,3.666666666666667,8.33333333333333,6.745297150453553,58.33333333333336,40.0,18.333333333333325,nan,0.0,0,0,40,0,0.0,0.0,10.0,30.0
445,1,right_lane,fixed,True,1.0,40,0,21.643957345971565,2.6666666666666665,10.0,6.679460157640278,58.5,40.0,18.5,nan,0.0,0,0,40,0,1.0,1.0,6.0,32.0
446,1,right_lane,fixed,True,1.0,40,0,20.893957345971565,0.6666666666666666,8.999999999999998,4.416987709933892,59.666666666666664,40.0,19.666666666666664,nan,0.0,0,0,40,0,0.0,1.0,2.0,37.0
447,1,right_lane,fixed,True,1.0,40,0,22.143919754693048,10.999999999999998,1.0,12.686024520546198,54.5,40.0,14.5,nan,0.0,0,0,40,0,4.0,10.0,2.0,24.0
448,1,right_lane,fixed,True,1.0,40,0,20.268957345971565,0.0,13.000000000000005,3.8504004180431366,60.0,40.0,20.0,nan,0.0,0,0,40,0,0.0,0.0,1.0,39.0
449,1,right_lane,fixed,True,1.0,40,0,21.10858238674993,10.333333333333334,7.9999999999999964,13.50053384155035,54.83333333333333,40.0,14.833333333333334,nan,0.0,0,0,40,0,6.0,6.0,3.0,25.0
450,1,right_lane,fixed,True,1.0,40,0,21.64395734574631,3.3333333333333335,10.333333333333334,7.489018596708775,58.333333333333336,40.0,18.333333333333332,nan,0.0,0,0,40,0,3.0,1.0,2.0,34.0
451,1,right_lane,fixed,True,1.0,40,0,21.268671877384286,0.0,10.666666666666668,3.613669236190617,60.0,40.0,20.0,nan,0.0,0,0,40,0,0.0,0.0,0.0,40.0
452,1,right_lane,fixed,True,1.0,40,0,23.643957345971565,10.0,6.666666666666664,13.042586487717927,55.0,40.0,15.0,nan,0.0,0,0,40,0,5.0,8.0,1.0,26.0
453,1,right_lane,fixed,True,1.0,40,0,20.393957345971565,0.0,2.333333333333333,0.8177201590806362,60.0,40.0,20.0,nan,0.0,0,0,40,0,0.0,0.0,0.0,40.0
454,1,right_lane,fixed,True,1.0,40,0,21.374677050499322,1.0,10.666666666666668,4.875429071485996,59.5,40.0,19.499999999999996,nan,0.0,0,0,40,0,0.0,1.0,3.0,36.0
455,1,right_lane,fixed,True,1.0,40,0,21.643957345971565,0.6666666666666666,6.999999999999997,3.981148285442032,59.83333333333333,40.0,19.833333333333332,nan,0.0,0,0,40,0,0.0,1.0,1.0,38.0
456,1,right_lane,fixed,True,1.0,40,0,21.018957345971554,2.3333333333333335,11.000000000000002,6.59831029176712,58.666666666666664,40.0,18.666666666666664,nan,0.0,0,0,40,0,0.0,2.0,3.0,35.0
457,1,right_lane,fixed,True,1.0,40,0,20.518957345971565,1.3333333333333333,11.000000000000002,4.651818044410902,59.333333333333336,40.0,19.333333333333332,nan,0.0,0,0,40,0,0.0,1.0,2.0,37.0
458,1,right_lane,fixed,True,1.0,40,0,22.516789002819376,1.3333333333333333,6.333333333333331,5.152353772893548,59.33333333333333,40.0,19.333333333333332,nan,0.0,0,0,40,0,1.0,1.0,2.0,36.0
459,1,right_lane,fixed,True,1.0,40,0,20.516789654732086,4.999999999999999,2.333333333333333,7.380155324935913,57.5,40.0,17.5,nan,0.0,0,0,40,0,1.0,5.0,3.0,31.0
460,1,right_lane,fixed,True,1.0,40,0,22.018671888663185,21.000000000000004,0.6666666666666666,23.12582164025889,49.83333333333331,40.0,9.83333333333333,nan,0.0,0,0,40,0,0.0,28.0,7.0,5.0
461,1,right_lane,fixed,True,1.0,40,0,20.268957345971565,0.0,5.666666666666665,2.324808200908592,59.66666666666667,40.0,19.666666666666664,nan,0.0,0,0,40,0,0.0,0.0,1.0,39.0
462,1,right_lane,fixed,True,1.0,40,0,23.247794816542402,10.333333333333332,6.333333333333331,13.088335647247732,54.83333333333333,40.0,14.833333333333332,nan,0.0,0,0,40,0,2.0,13.0,1.0,24.0
463,1,right_lane,fixed,True,1.0,40,0,20.643957345971565,1.0,11.000000000000002,5.291949866339564,59.5,40.0,19.5,nan,0.0,0,0,40,0,0.0,0.0,3.0,37.0
464,1,right_lane,fixed,True,1.0,40,0,21.143957345716583,0.0,7.33333333333333,3.1794734662507835,60.0,40.0,20.0,nan,0.0,0,0,40,0,0.0,0.0,0.0,40.0
465,1,right_lane,fixed,True,1.0,40,0,22.766504197448935,33.666666666666664,0.0,34.303509533405304,43.66666666666667,40.0,3.666666666666665,nan,0.0,0,0,40,0,21.0,19.0,0.0,0.0
466,1,right_lane,fixed,True,1.0,40,0,22.143957345971565,3.0,10.0,7.378809020388871,58.0,40.0,18.0,nan,0.0,0,0,40,0,1.0,2.0,5.0,32.0
467,1,right_lane,fixed,True,1.0,40,0,20.268957345971565,0.3333333333333333,13.33333333333334,5.016375549137592,59.83333333333333,40.0,19.833333333333332,nan,0.0,0,0,40,0,0.0,0.0,1.0,39.0
468,1,right_lane,fixed,True,1.0,40,0,21.62532874938229,0.0,11.000000000000002,4.132176056969911,60.0,40.0,20.0,nan,0.0,0,0,40,0,0.0,0.0,0.0,40.0
469,1,right_lane,fixed,True,1.0,40,0,21.747509273414643,2.9999999999999996,11.333333333333336,6.1489807814359665,58.833333333333336,40.0,18.833333333333332,nan,0.0,0,0,40,0,0.0,2.0,3.0,35.0
470,1,right_lane,fixed,True,1.0,40,0,22.268957345971565,5.333333333333333,8.666666666666664,8.562889482825994,57.0,40.0,17.0,nan,0.0,0,0,40,0,3.0,4.0,1.0,32.0
471,1,right_lane,fixed,True,1.0,40,0,21.893957331467618,3.0,5.666666666666665,5.8981714360415936,58.49999999999999,40.0,18.5,nan,0.0,0,0,40,0,0.0,0.0,10.0,30.0
472,1,right_lane,fixed,True,1.0,40,0,21.25000075075124,0.0,11.000000000000002,4.18752421438694,60.0,40.0,20.0,nan,0.0,0,0,40,0,0.0,0.0,1.0,39.0
473,1,right_lane,fixed,True,1.0,40,0,21.143957345971565,0.0,0.3333333333333333,0.6382253313367983,60.0,40.0,20.0,nan,0.0,0,0,40,0,0.0,0.0,0.0,40.0
474,1,right_lane,fixed,True,1.0,40,0,21.768957345971565,3.666666666666667,10.0,7.6528730418067425,58.16666666666667,40.0,18.166666666666668,nan,0.0,0,0,40,0,1.0,4.0,3.0,32.0
475,1,right_lane,fixed,True,1.0,40,0,21.518957345971565,0.6666666666666666,9.333333333333332,4.839779518311843,59.666666666666664,40.0,19.666666666666664,nan,0.0,0,0,40,0,0.0,1.0,2.0,37.0
476,1,right_lane,fixed,True,1.0,40,0,24.143957345971565,15.666666666666663,0.6666666666666667,17.03124812429985,52.16666666666666,40.0,12.166666666666666,nan,0.0,0,0,40,0,6.0,13.0,3.0,18.0
477,1,right_lane,fixed,True,1.0,40,0,21.268956694084682,10.666666666666668,1.6666666666666665,12.175906654680148,55.16666666666664,40.0,15.16666666666666,nan,0.0,0,0,40,0,2.0,11.0,1.0,26.0
478,1,right_lane,fixed,True,1.0,40,0,20.768957345971565,25.33333333333334,4.0,26.60710120946169,46.83333333333334,40.0,6.833333333333333,nan,0.0,0,0,40,0,22.0,6.0,1.0,11.0
479,1,right_lane,fixed,True,1.0,40,0,21.768957345971565,12.333333333333332,7.9999999999999964,15.990568958222866,53.83333333333333,40.0,13.833333333333332,nan,0.0,0,0,40,0,10.0,4.0,2.0,24.0
480,1,right_lane,fixed,True,1.0,40,0,20.768957345971565,39.666666666666664,0.0,38.058433413505554,40.66666666666667,40.0,0.6666666666666666,nan,0.0,0,0,40,0,39.0,1.0,0.0,0.0
481,1,right_lane,fixed,True,1.0,40,0,20.393957345971565,0.3333333333333333,13.33333333333334,4.672496572136879,59.33333333333333,40.0,19.333333333333332,nan,0.0,0,0,40,0,0.0,1.0,1.0,38.0
482,1,right_lane,fixed,True,1.0,40,0,22.268671235312986,10.000000000000004,7.9999999999999964,13.233531281352043,55.0,40.0,15.0,nan,0.0,0,0,40,0,4.0,7.0,6.0,23.0
483,1,right_lane,fixed,True,1.0,40,0,20.393957345968165,0.0,10.333333333333334,3.8077553063631058,60.0,40.0,20.0,nan,0.0,0,0,40,0,0.0,0.0,1.0,39.0
484,1,right_lane,fixed,True,1.0,40,0,21.64395734597155,1.0,6.666666666666664,4.6847144002094865,59.5,40.0,19.5,nan,0.0,0,0,40,0,1.0,1.0,1.0,37.0
485,1,right_lane,fixed,True,1.0,40,0,21.143957345971565,1.3333333333333333,8.33333333333333,4.901989087462425,59.33333333333333,40.0,19.333333333333332,nan,0.0,0,0,40,0,0.0,0.0,5.0,35.0
486,1,right_lane,fixed,True,1.0,40,0,20.268957345971565,0.0,9.333333333333332,3.7816321402788162,60.0,40.0,20.0,nan,0.0,0,0,40,0,0.0,0.0,0.0,40.0
487,1,right_lane,fixed,True,1.0,40,0,21.51895239567974,0.3333333333333333,0.3333333333333333,1.3150235377252102,59.83333333333333,40.0,19.833333333333332,nan,0.0,0,0,40,0,0.0,1.0,1.0,38.0
488,1,right_lane,fixed,True,1.0,40,0,22.50032874938229,0.6666666666666666,1.9999999999999998,2.434476251481101,59.666666666666664,40.0,19.666666666666664,nan,0.0,0,0,40,0,0.0,1.0,2.0,37.0
489,1,right_lane,fixed,True,1.0,40,0,20.643957345772066,0.0,8.999999999999998,3.7036068215966225,60.0,40.0,20.0,nan,0.0,0,0,40,0,0.0,0.0,1.0,39.0
490,1,right_lane,fixed,True,1.0,40,0,20.768956694084682,0.0,13.33333333333334,3.9244679287075996,60.0,40.0,20.0,nan,0.0,0,0,40,0,0.0,0.0,0.0,40.0
491,1,right_lane,fixed,True,1.0,40,0,21.393957345968165,3.0,4.0,5.632092674961314,58.5,40.0,18.5,nan,0.0,0,0,40,0,2.0,2.0,2.0,34.0
492,1,right_lane,fixed,True,1.0,40,0,20.143957345971565,0.0,1.9999999999999998,3.08330587297678,60.0,40.0,20.0,nan,0.0,0,0,40,0,0.0,0.0,0.0,40.0
493,1,right_lane,fixed,True,1.0,40,0,22.018957345971113,0.3333333333333333,0.6666666666666666,0.9600557982339524,59.83333333333333,40.0,19.833333333333332,nan,0.0,0,0,40,0,0.0,0.0,2.0,38.0
494,1,right_lane,fixed,True,1.0,40,0,20.893957345971565,0.0,12.000000000000004,4.227376229129732,60.0,40.0,20.0,nan,0.0,0,0,40,0,0.0,0.0,1.0,39.0
495,1,right_lane,fixed,True,1.0,40,0,20.893957345971565,9.666666666666668,6.333333333333331,11.511941626667976,55.16666666666666,40.0,15.166666666666666,nan,0.0,0,0,40,0,0.0,10.0,11.0,19.0
496,1,right_lane,fixed,True,1.0,40,0,23.143957345971565,6.0,4.666666666666666,8.582919394830242,57.0,40.0,17.0,nan,0.0,0,0,40,0,1.0,7.0,4.0,28.0
497,1,right_lane,fixed,True,1.0,40,0,21.143914066891014,0.3333333333333333,8.33333333333333,4.238412095233798,59.83333333333333,40.0,19.833333333333332,nan,0.0,0,0,40,0,0.0,0.0,2.0,38.0
498,1,right_lane,fixed,True,1.0,40,0,20.518957345971565,0.3333333333333333,12.333333333333337,4.806394599378109,59.833333333333336,40.0,19.833333333333332,nan,0.0,0,0,40,0,0.0,0.0,1.0,39.0
499,1,right_lane,fixed,True,1.0,40,0,21.00249148886702,0.0,13.000000000000005,4.030380994081497,60.0,40.0,20.0,nan,0.0,0,0,40,0,0.0,0.0,1.0,39.0
500,1,right_lane,fixed,True,1.0,40,0,22.268957345971565,1.0,0.6666666666666666,2.8975788308598567,59.5,40.0,19.5,nan,0.0,0,0,40,0,1.0,1.0,1.0,37.0
501,1,right_lane,fixed,True,1.0,40,0,25.143957345745793,30.33333333333333,0.6666666666666666,30.681850165128708,45.166666666666664,40.0,5.166666666666668,nan,0.0,0,0,40,0,20.0,10.0,10.0,0.0
502,1,right_lane,fixed,True,1.0,40,0,20.768957345971565,0.3333333333333333,9.666666666666666,4.7884417412715266,59.5,40.0,19.5,nan,0.0,0,0,40,0,0.0,1.0,1.0,38.0
503,1,right_lane,fixed,True,1.0,40,0,21.01895734596817,38.0,0.0,37.85800153017044,41.5,40.0,1.5,nan,0.0,0,0,40,0,34.0,6.0,0.0,0.0
504,1,right_lane,fixed,True,1.0,40,0,21.393957345971565,1.6666666666666665,1.3333333333333333,3.505707850214094,58.66666666666667,40.0,18.666666666666664,nan,0.0,0,0,40,0,1.0,2.0,1.0,36.0
505,1,right_lane,fixed,True,1.0,40,0,20.393957345971565,0.0,9.333333333333332,4.129828479140997,60.0,40.0,20.0,nan,0.0,0,0,40,0,0.0,0.0,0.0,40.0
506,1,right_lane,fixed,True,1.0,40,0,20.893957345971565,3.0,10.0,6.8813693299889565,58.5,40.0,18.5,nan,0.0,0,0,40,0,1.0,1.0,7.0,31.0
507,1,right_lane,fixed,True,1.0,40,0,23.73358238674993,11.666666666666668,6.666666666666664,14.476733810734004,54.33333333333334,40.0,14.333333333333334,nan,0.0,0,0,40,0,6.0,7.0,4.0,23.0
508,1,right_lane,fixed,True,1.0,40,0,20.268957345971565,0.0,13.666666666666673,4.345690168440342,59.83333333333333,40.0,19.833333333333332,nan,0.0,0,0,40,0,0.0,0.0,1.0,39.0
509,1,right_lane,fixed,True,1.0,40,0,22.018957345971565,5.999999999999999,8.33333333333333,9.187191512435675,57.00000000000001,40.0,17.0,nan,0.0,0,0,40,0,3.0,4.0,4.0,29.0
510,1,right_lane,fixed,True,1.0,40,0,22.875043292099726,1.3333333333333333,9.333333333333332,5.257089381106198,59.333333333333336,40.0,19.333333333333336,nan,0.0,0,0,40,0,1.0,1.0,2.0,36.0
511,1,right_lane,fixed,True,1.0,40,0,20.893957345968154,4.666666666666666,5.666666666666665,7.807597201317549,57.666666666666664,40.0,17.666666666666664,nan,0.0,0,0,40,0,0.0,5.0,6.0,29.0
512,1,right_lane,fixed,True,1.0,40,0,21.768957332956305,0.0,1.9999999999999998,1.4113886886043474,60.0,40.0,20.0,nan,0.0,0,0,40,0,0.0,0.0,0.0,40.0
513,1,right_lane,fixed,True,1.0,40,0,24.268957345716586,17.999999999999996,4.999999999999999,19.819045454263687,50.99999999999999,40.0,11.0,nan,0.0,0,0,40,0,14.0,1.0,13.0,12.0
514,1,right_lane,fixed,True,1.0,40,0,20.893957345971565,3.0,11.000000000000002,6.607198931276798,58.5,40.0,18.5,nan,0.0,0,0,40,0,2.0,1.0,4.0,33.0
515,1,right_lane,fixed,True,1.0,40,0,22.233867745393905,1.0,8.666666666666664,5.403269438887946,59.5,40.0,19.5,nan,0.0,0,0,40,0,1.0,1.0,1.0,37.0
516,1,right_lane,fixed,True,1.0,40,0,21.518914803134397,35.0,1.666666666666667,34.478543519973755,42.833333333333314,40.0,2.8333333333333326,nan,0.0,0,0,40,0,26.0,14.0,0.0,0.0
517,1,right_lane,fixed,True,1.0,40,0,25.01895734597156,36.666666666666664,0.0,35.1690009534359,41.833333333333336,40.0,1.8333333333333333,nan,0.0,0,0,40,0,33.0,4.0,3.0,0.0
518,1,right_lane,fixed,True,1.0,40,0,21.893957345971565,13.999999999999998,3.6666666666666674,15.356613658368587,52.5,40.0,12.500000000000002,nan,0.0,0,0,40,0,0.0,12.0,18.0,10.0
519,1,right_lane,fixed,True,1.0,40,0,21.143957345971565,39.0,0.33333333333333337,38.850980162620544,41.0,40.0,0.9999999999999999,nan,0.0,0,0,40,0,36.0,4.0,0.0,0.0
520,1,right_lane,fixed,True,1.0,40,0,22.768957333178154,23.333333333333343,0.6666666666666666,24.640874415636063,48.166666666666636,40.0,8.16666666666667,nan,0.0,0,0,40,0,4.0,22.0,13.0,1.0
521,1,right_lane,fixed,True,1.0,40,0,23.268957345941903,23.000000000000007,4.666666666666666,25.07607528567314,48.166666666666686,40.0,8.166666666666666,nan,0.0,0,0,40,0,14.0,14.0,1.0,11.0
522,1,right_lane,fixed,True,1.0,40,0,20.643957345971565,0.0,12.333333333333337,4.866588555276394,60.0,40.0,20.0,nan,0.0,0,0,40,0,0.0,0.0,1.0,39.0
523,1,right_lane,fixed,True,1.0,40,0,21.018957345971565,21.333333333333336,0.6666666666666667,22.78796510770917,49.33333333333334,40.0,9.333333333333332,nan,0.0,0,0,40,0,9.0,19.0,1.0,11.0
524,1,right_lane,fixed,True,1.0,40,0,21.983539193514567,2.333333333333333,6.999999999999997,4.916675701737404,59.0,40.0,18.999999999999996,nan,0.0,0,0,40,0,0.0,1.0,6.0,33.0
525,1,right_lane,fixed,True,1.0,40,0,21.143956694084626,1.9999999999999998,3.3333333333333335,4.153114796616137,58.83333333333333,40.0,18.833333333333332,nan,0.0,0,0,40,0,0.0,1.0,6.0,33.0
526,1,right_lane,fixed,True,1.0,40,0,22.893957345971565,34.33333333333333,-5.551115123125783e-17,33.38852885365486,43.33333333333333,40.0,3.333333333333332,nan,0.0,0,0,40,0,25.0,12.0,3.0,0.0
527,1,right_lane,fixed,True,1.0,40,0,21.018957345971565,22.666666666666657,5.000000000000001,25.80667243897915,48.33333333333336,40.0,8.33333333333333,nan,0.0,0,0,40,0,2.0,28.0,8.0,2.0
528,1,right_lane,fixed,True,1.0,40,0,22.125328749382287,1.3333333333333333,4.999999999999999,3.9083674491848797,59.166666666666664,40.0,19.166666666666664,nan,0.0,0,0,40,0,0.0,1.0,4.0,35.0
529,1,right_lane,fixed,True,1.0,40,0,26.108533393633024,26.666666666666668,-0.33333333333333337,27.244019851088524,46.666666666666664,40.0,6.666666666666668,nan,0.0,0,0,40,0,14.0,16.0,8.0,2.0
530,1,right_lane,fixed,True,1.0,40,0,21.268957345968165,0.3333333333333333,8.33333333333333,3.5707706368993968,59.83333333333333,40.0,19.833333333333332,nan,0.0,0,0,40,0,0.0,0.0,1.0,39.0
531,1,right_lane,fixed,True,1.0,40,0,21.625000750751244,0.6666666666666666,8.666666666666664,3.1975026491788867,59.666666666666664,40.0,19.666666666666664,nan,0.0,0,0,40,0,0.0,0.0,2.0,38.0
532,1,right_lane,fixed,True,1.0,40,0,20.893957345971565,6.666666666666664,6.333333333333331,8.993751220405102,56.66666666666667,40.0,16.66666666666667,nan,0.0,0,0,40,0,0.0,2.0,18.0,20.0
533,1,right_lane,fixed,True,1.0,40,0,23.01895724711112,0.6666666666666666,7.666666666666663,4.030437385750247,59.666666666666664,40.0,19.666666666666664,nan,0.0,0,0,40,0,0.0,0.0,3.0,37.0
534,1,right_lane,fixed,True,1.0,40,0,20.893957345971565,18.333333333333336,1.0,19.39094215631485,51.00000000000002,40.0,11.000000000000002,nan,0.0,0,0,40,0,3.0,12.0,24.0,1.0
535,1,right_lane,fixed,True,1.0,3,1,25.0,1.0,0.3333333333333333,1.8133602142333984,3.833333333333333,3.0,0.8333333333333333,nan,0.0,0,0,3,0,1.0,1.0,1.0,0.0
536,1,right_lane,fixed,True,1.0,40,0,23.143957345971053,15.999999999999996,4.999999999999999,18.058447793126106,52.00000000000001,40.0,12.0,nan,0.0,0,0,40,0,10.0,9.0,3.0,18.0
537,1,right_lane,fixed,True,1.0,40,0,24.26895734596765,29.0,0.6666666666666667,28.904193261812907,45.833333333333336,40.0,5.833333333333333,nan,0.0,0,0,40,0,25.0,4.0,3.0,8.0
538,1,right_lane,fixed,True,1.0,40,0,21.018957345971565,16.66666666666666,5.333333333333333,19.963201731443405,51.33333333333334,40.0,11.333333333333332,nan,0.0,0,0,40,0,2.0,21.0,5.0,12.0
539,1,right_lane,fixed,True,1.0,40,0,21.393671236802117,27.00000000000001,1.0,28.829936861991882,46.83333333333332,40.0,6.833333333333337,nan,0.0,0,0,40,0,2.0,38.0,0.0,0.0
540,1,right_lane,fixed,True,1.0,40,0,20.393957345971565,0.0,5.999999999999998,2.4919001621601637,59.66666666666667,40.0,19.666666666666664,nan,0.0,0,0,40,0,0.0,0.0,1.0,39.0
541,1,right_lane,fixed,True,1.0,40,0,22.356414695510452,0.0,9.666666666666666,3.85635105939582,60.0,40.0,20.0,nan,0.0,0,0,40,0,0.0,0.0,0.0,40.0
542,1,right_lane,fixed,True,1.0,40,0,21.143957345971565,0.3333333333333333,8.999999999999998,4.106159092276357,59.83333333333333,40.0,19.833333333333332,nan,0.0,0,0,40,0,0.0,1.0,1.0,38.0
543,1,right_lane,fixed,True,1.0,40,0,21.893957345971565,0.3333333333333333,10.666666666666668,4.080367348564323,59.83333333333333,40.0,19.833333333333332,nan,0.0,0,0,40,0,0.0,1.0,1.0,38.0
544,1,right_lane,fixed,True,1.0,40,0,22.143671888689,23.333333333333336,5.666666666666669,24.649515565484762,48.33333333333334,40.0,8.333333333333332,nan,0.0,0,0,40,0,12.0,16.0,4.0,8.0
545,1,right_lane,fixed,True,1.0,40,0,20.393957345971565,1.9999999999999998,4.666666666666667,5.289377845823765,59.0,40.0,19.0,nan,0.0,0,0,40,0,0.0,1.0,5.0,34.0
546,1,right_lane,fixed,True,1.0,40,0,20.268957345971565,0.6666666666666666,10.333333333333334,5.500840049237013,59.666666666666664,40.0,19.666666666666664,nan,0.0,0,0,40,0,0.0,1.0,2.0,37.0
547,1,right_lane,fixed,True,1.0,40,0,20.393957345971565,0.6666666666666666,11.333333333333336,5.59638992510736,59.666666666666664,40.0,19.666666666666664,nan,0.0,0,0,40,0,0.0,1.0,2.0,37.0
548,1,right_lane,fixed,True,1.0,40,0,20.268957345971565,0.0,13.33333333333334,5.116566441953182,60.0,40.0,20.0,nan,0.0,0,0,40,0,0.0,0.0,0.0,40.0
549,1,right_lane,fixed,True,1.0,40,0,21.018957345971565,1.3333333333333333,6.999999999999997,4.951175465250344,59.33333333333333,40.0,19.333333333333332,nan,0.0,0,0,40,0,1.0,1.0,2.0,36.0
550,1,right_lane,fixed,True,1.0,40,0,20.268957345971565,0.0,13.33333333333334,4.559253916144371,60.0,40.0,20.0,nan,0.0,0,0,40,0,0.0,0.0,0.0,40.0
551,1,right_lane,fixed,True,1.0,40,0,22.00000000022577,22.333333333333336,1.9999999999999998,24.609649263322353,48.833333333333336,40.0,8.833333333333336,nan,0.0,0,0,40,0,0.0,33.0,2.0,5.0
552,1,right_lane,fixed,True,1.0,40,0,22.393957345971565,3.0,4.0,6.00609574445059,58.5,40.0,18.5,nan,0.0,0,0,40,0,0.0,5.0,1.0,34.0
553,1,right_lane,fixed,True,1.0,40,0,21.268957345971565,1.0,7.666666666666663,4.286559578729793,59.5,40.0,19.5,nan,0.0,0,0,40,0,0.0,0.0,4.0,36.0
554,1,right_lane,fixed,True,1.0,40,0,22.250000098864362,0.0,6.999999999999997,2.516018747629346,60.0,40.0,20.0,nan,0.0,0,0,40,0,0.0,0.0,0.0,40.0
555,1,right_lane,fixed,True,1.0,40,0,20.768957345971565,1.6666666666666665,11.000000000000002,5.723942060023546,59.16666666666667,40.0,19.166666666666664,nan,0.0,0,0,40,0,0.0,0.0,5.0,35.0
556,1,right_lane,fixed,True,1.0,40,0,21.518957345971565,1.9999999999999998,10.666666666666668,6.207502268254757,59.0,40.0,19.0,nan,0.0,0,0,40,0,0.0,1.0,6.0,33.0
557,1,right_lane,fixed,True,1.0,40,0,21.018957345971565,0.3333333333333333,1.6666666666666665,1.7561798365786672,59.83333333333333,40.0,19.833333333333332,nan,0.0,0,0,40,0,0.0,0.0,1.0,39.0
558,1,right_lane,fixed,True,1.0,40,0,21.518957345971565,0.6666666666666666,8.666666666666664,4.481394902453758,59.666666666666664,40.0,19.666666666666664,nan,0.0,0,0,40,0,0.0,0.0,3.0,37.0
559,1,right_lane,fixed,True,1.0,40,0,22.999999249279007,30.666666666666664,-0.33333333333333337,31.91710090637207,45.16666666666668,40.0,5.166666666666667,nan,0.0,0,0,40,0,11.0,29.0,0.0,0.0
560,1,right_lane,fixed,True,1.0,40,0,21.39117619881847,0.6666666666666666,8.999999999999998,4.546728278626688,59.166666666666664,40.0,19.166666666666664,nan,0.0,0,0,40,0,0.0,1.0,2.0,37.0
561,1,right_lane,fixed,True,1.0,40,0,20.76895733466685,9.333333333333334,8.33333333333333,12.489259902387857,55.33333333333333,40.0,15.333333333333334,nan,0.0,0,0,40,0,6.0,5.0,3.0,26.0
562,1,right_lane,fixed,True,1.0,40,0,21.75249644062177,9.333333333333334,10.0,12.506947882473469,55.33333333333333,40.0,15.333333333333332,nan,0.0,0,0,40,0,5.0,6.0,2.0,27.0
563,1,right_lane,fixed,True,1.0,40,0,22.018957345971565,8.33333333333333,7.33333333333333,11.506395131349564,55.83333333333333,40.0,15.833333333333332,nan,0.0,0,0,40,0,3.0,4.0,10.0,23.0
564,1,right_lane,fixed,True,1.0,40,0,21.893957345971565,3.0,5.666666666666665,6.9266881953617485,58.5,40.0,18.5,nan,0.0,0,0,40,0,3.0,1.0,1.0,35.0
565,1,right_lane,fixed,True,1.0,40,0,20.268957345971565,0.0,13.000000000000005,4.473106384277344,60.0,40.0,20.0,nan,0.0,0,0,40,0,0.0,0.0,1.0,39.0
566,1,right_lane,fixed,True,1.0,40,0,21.143957345971565,0.0,10.0,3.603755681309849,60.0,40.0,20.0,nan,0.0,0,0,40,0,0.0,0.0,0.0,40.0
567,1,right_lane,fixed,True,1.0,40,0,23.268957345971565,26.666666666666654,0.0,25.759426951408386,46.833333333333364,40.0,6.833333333333331,nan,0.0,0,0,40,0,17.0,7.0,16.0,0.0
568,1,right_lane,fixed,True,1.0,40,0,21.39395229687093,0.0,8.999999999999998,2.8054014723088585,59.83333333333333,40.0,19.833333333333332,nan,0.0,0,0,40,0,0.0,0.0,1.0,39.0
569,1,right_lane,fixed,True,1.0,40,0,21.89146660636704,0.3333333333333333,1.3333333333333333,2.560577943977819,59.83333333333333,40.0,19.833333333333332,nan,0.0,0,0,40,0,0.0,0.0,2.0,38.0
570,1,right_lane,fixed,True,1.0,40,0,21.018957345971565,10.000000000000004,4.999999999999999,11.996334109455347,55.00000000000003,40.0,15.000000000000007,nan,0.0,0,0,40,0,0.0,8.0,14.0,18.0
571,1,right_lane,fixed,True,1.0,40,0,22.018957345971565,0.3333333333333333,7.9999999999999964,3.671703664935194,59.83333333333333,40.0,19.833333333333332,nan,0.0,0,0,40,0,0.0,0.0,1.0,39.0
572,1,right_lane,fixed,True,1.0,40,0,21.768957345971565,7.666666666666666,8.666666666666664,11.310573679031222,56.16666666666667,40.0,16.166666666666668,nan,0.0,0,0,40,0,2.0,8.0,3.0,27.0
573,1,right_lane,fixed,True,1.0,40,0,20.893957345971565,6.333333333333331,7.666666666666664,9.767419971525669,56.833333333333336,40.0,16.833333333333336,nan,0.0,0,0,40,0,0.0,1.0,19.0,20.0
574,1,right_lane,fixed,True,1.0,40,0,21.018957345971565,5.333333333333332,10.333333333333334,10.124005325138569,57.333333333333336,40.0,17.333333333333332,nan,0.0,0,0,40,0,0.0,6.0,6.0,28.0
575,1,right_lane,fixed,True,1.0,40,0,21.143957345971565,1.6666666666666665,10.333333333333334,5.259642960038036,59.16666666666667,40.0,19.16666666666667,nan,0.0,0,0,40,0,0.0,0.0,6.0,34.0
576,1,right_lane,fixed,True,1.0,40,0,20.643957345971565,0.6666666666666666,10.666666666666668,4.468226142987078,59.666666666666664,40.0,19.666666666666664,nan,0.0,0,0,40,0,0.0,1.0,2.0,37.0
577,1,right_lane,fixed,True,1.0,40,0,21.393957345971565,0.0,4.333333333333333,2.6302928351797163,60.0,40.0,20.0,nan,0.0,0,0,40,0,0.0,0.0,0.0,40.0
578,1,right_lane,fixed,True,1.0,40,0,21.14395734596765,0.3333333333333333,9.666666666666666,4.243774875998497,59.833333333333336,40.0,19.833333333333336,nan,0.0,0,0,40,0,0.0,0.0,2.0,38.0
579,1,right_lane,fixed,True,1.0,40,0,21.62749644062177,0.0,7.666666666666663,3.246832050743251,60.0,40.0,20.0,nan,0.0,0,0,40,0,0.0,0.0,1.0,39.0
580,1,right_lane,fixed,True,1.0,40,0,20.143957345971565,0.0,11.000000000000002,3.3079540320904925,60.0,40.0,20.0,nan,0.0,0,0,40,0,0.0,0.0,0.0,40.0
581,1,right_lane,fixed,True,1.0,40,0,21.268957345971565,3.333333333333333,11.333333333333336,8.219055712223053,58.333333333333336,40.0,18.333333333333332,nan,0.0,0,0,40,0,0.0,5.0,2.0,33.0
582,1,right_lane,fixed,True,1.0,40,0,22.643956694084682,0.3333333333333333,4.666666666666666,2.3536488288082182,59.83333333333333,40.0,19.833333333333332,nan,0.0,0,0,40,0,0.0,0.0,2.0,38.0
583,1,right_lane,fixed,True,1.0,40,0,22.12749644062177,27.666666666666682,3.3333333333333344,29.756054759025574,46.499999999999986,40.0,6.500000000000003,nan,0.0,0,0,40,0,4.0,35.0,1.0,0.0
584,1,right_lane,fixed,True,1.0,40,0,21.393957345971565,2.666666666666667,3.3333333333333335,5.341676751884279,58.33333333333334,40.0,18.333333333333336,nan,0.0,0,0,40,0,1.0,2.0,4.0,33.0
585,1,right_lane,fixed,True,1.0,40,0,21.143957345942347,40.0,0.0,39.71387892961502,40.5,40.0,0.5,nan,0.0,0,0,40,0,40.0,0.0,0.0,0.0
586,1,right_lane,fixed,True,1.0,40,0,24.106048267711806,3.0,6.666666666666664,5.504378836572869,58.166666666666664,40.0,18.166666666666668,nan,0.0,0,0,40,0,0.0,2.0,4.0,34.0
587,1,right_lane,fixed,True,1.0,40,0,20.768957345971117,0.6666666666666666,13.000000000000005,4.786744002252817,59.5,40.0,19.5,nan,0.0,0,0,40,0,0.0,0.0,2.0,38.0
588,1,right_lane,fixed,True,1.0,40,0,22.643957345971565,8.666666666666668,9.666666666666666,12.321555204689503,55.66666666666667,40.0,15.666666666666668,nan,0.0,0,0,40,0,5.0,5.0,4.0,26.0
589,1,right_lane,fixed,True,1.0,40,0,21.143957345971565,1.0,7.9999999999999964,4.125467347505037,59.5,40.0,19.5,nan,0.0,0,0,40,0,0.0,0.0,3.0,37.0
590,1,right_lane,fixed,True,1.0,40,0,20.893957345971565,1.0,10.0,4.822569604963064,59.5,40.0,19.5,nan,0.0,0,0,40,0,0.0,0.0,4.0,36.0
591,1,right_lane,fixed,True,1.0,40,0,20.89391975488909,0.3333333333333333,1.9999999999999998,1.7160315948400466,59.83333333333333,40.0,19.833333333333332,nan,0.0,0,0,40,0,0.0,1.0,1.0,38.0
592,1,right_lane,fixed,True,1.0,40,0,23.00221096886107,0.0,3.666666666666667,1.7987852104901094,60.0,40.0,20.0,nan,0.0,0,0,40,0,0.0,0.0,1.0,39.0
593,1,right_lane,fixed,True,1.0,40,0,23.26895734594575,0.6666666666666666,0.6666666666666666,2.0167320081397975,59.666666666666664,40.0,19.666666666666664,nan,0.0,0,0,40,0,0.0,1.0,2.0,37.0
594,1,right_lane,fixed,True,1.0,40,0,21.768957345971554,0.0,5.999999999999998,2.5635776588060253,60.0,40.0,20.0,nan,0.0,0,0,40,0,0.0,0.0,1.0,39.0
595,1,right_lane,fixed,True,1.0,40,0,20.768957344482867,0.0,13.666666666666673,4.277018912136555,60.0,40.0,20.0,nan,0.0,0,0,40,0,0.0,0.0,1.0,39.0
596,1,right_lane,fixed,True,1.0,40,0,23.018957345967593,15.33333333333334,1.0,16.27559160022065,52.50000000000003,40.0,12.500000000000005,nan,0.0,0,0,40,0,10.0,2.0,12.0,16.0
597,1,right_lane,fixed,True,1.0,40,0,20.393957345971565,0.3333333333333333,12.666666666666671,5.268753305077553,59.666666666666664,40.0,19.666666666666664,nan,0.0,0,0,40,0,0.0,1.0,1.0,38.0
598,1,right_lane,fixed,True,1.0,40,0,21.268957345938503,0.0,6.666666666666664,3.1007862344849855,60.0,40.0,20.0,nan,0.0,0,0,40,0,0.0,0.0,0.0,40.0
599,1,right_lane,fixed,True,1.0,40,0,20.893956694084682,29.000000000000018,1.3333333333333335,30.88475728034973,45.83333333333332,40.0,5.833333333333335,nan,0.0,0,0,40,0,8.0,32.0,0.0,0.0
600,1,right_lane,fixed,True,1.0,40,0,20.766789654732086,10.333333333333332,7.33333333333333,13.468639767903369,54.5,40.0,14.5,nan,0.0,0,0,40,0,6.0,7.0,1.0,26.0
601,1,right_lane,fixed,True,1.0,40,0,20.893957345971565,3.0,11.66666666666667,6.973267003893852,58.5,40.0,18.5,nan,0.0,0,0,40,0,0.0,4.0,3.0,33.0
602,1,right_lane,fixed,True,1.0,40,0,21.268957345971565,0.6666666666666666,10.666666666666668,4.461335256695747,59.666666666666664,40.0,19.666666666666664,nan,0.0,0,0,40,0,0.0,1.0,2.0,37.0
603,1,right_lane,fixed,True,1.0,40,0,21.768957345971565,0.3333333333333333,7.9999999999999964,3.5465503218583763,59.83333333333333,40.0,19.833333333333332,nan,0.0,0,0,40,0,0.0,1.0,1.0,38.0
604,1,right_lane,fixed,True,1.0,40,0,21.768671888689,0.0,3.3333333333333335,2.4456097830552608,60.0,40.0,20.0,nan,0.0,0,0,40,0,0.0,0.0,0.0,40.0
605,1,right_lane,fixed,True,1.0,40,0,21.268957345971558,0.0,2.333333333333333,1.8224709101143617,60.0,40.0,20.0,nan,0.0,0,0,40,0,0.0,0.0,1.0,39.0
606,1,right_lane,fixed,True,1.0,40,0,22.893957345971494,40.0,0.0,39.430050790309906,40.5,40.0,0.5,nan,0.0,0,0,40,0,40.0,0.0,0.0,0.0
607,1,right_lane,fixed,True,1.0,40,0,20.268957345971565,0.0,5.666666666666665,3.1858112886548042,59.5,40.0,19.5,nan,0.0,0,0,40,0,0.0,0.0,0.0,40.0
608,1,right_lane,fixed,True,1.0,40,0,21.143957345971565,0.6666666666666666,7.33333333333333,3.735491695406381,59.666666666666664,40.0,19.666666666666664,nan,0.0,0,0,40,0,0.0,0.0,2.0,38.0
609,1,right_lane,fixed,True,1.0,40,0,21.768957345971565,7.666666666666666,6.999999999999998,10.9865135923028,56.16666666666667,40.0,16.166666666666664,nan,0.0,0,0,40,0,4.0,4.0,4.0,28.0
610,1,right_lane,fixed,True,1.0,40,0,20.393957345971565,0.0,13.33333333333334,4.13581046462059,60.0,40.0,20.0,nan,0.0,0,0,40,0,0.0,0.0,0.0,40.0
611,1,right_lane,fixed,True,1.0,40,0,21.893957345971565,10.666666666666666,6.999999999999998,13.01228765398264,54.666666666666664,40.0,14.666666666666668,nan,0.0,0,0,40,0,5.0,8.0,2.0,25.0
612,1,right_lane,fixed,True,1.0,40,0,21.266747113383605,1.3333333333333333,5.999999999999998,4.540594353272354,59.33333333333333,40.0,19.333333333333336,nan,0.0,0,0,40,0,1.0,1.0,2.0,36.0
613,1,right_lane,fixed,True,1.0,40,0,20.518957345971565,1.0,9.666666666666666,4.616431135684252,59.5,40.0,19.5,nan,0.0,0,0,40,0,0.0,2.0,1.0,37.0
614,1,right_lane,fixed,True,1.0,40,0,20.643957345971565,4.333333333333333,9.666666666666666,7.056045688688755,57.83333333333333,40.0,17.833333333333332,nan,0.0,0,0,40,0,0.0,3.0,7.0,30.0
615,1,right_lane,fixed,True,1.0,40,0,20.393957345971565,0.0,13.33333333333334,3.754440501332283,60.0,40.0,20.0,nan,0.0,0,0,40,0,0.0,0.0,0.0,40.0
616,1,right_lane,fixed,True,1.0,40,0,24.231042667047678,38.33333333333332,0.0,38.53491550683975,41.166666666666664,40.0,1.1666666666666665,nan,0.0,0,0,40,0,36.0,4.0,0.0,0.0
617,1,right_lane,fixed,True,1.0,40,0,21.643957345945747,0.3333333333333333,1.0,1.1156519690121058,59.5,40.0,19.5,nan,0.0,0,0,40,0,0.0,0.0,2.0,38.0
618,1,right_lane,fixed,True,1.0,40,0,22.268957345971565,0.0,10.0,3.8012274045031518,60.0,40.0,20.0,nan,0.0,0,0,40,0,0.0,0.0,0.0,40.0
619,1,right_lane,fixed,True,1.0,40,0,21.393634297606518,40.0,0.0,39.29032129049301,40.5,40.0,0.5,nan,0.0,0,0,40,0,40.0,0.0,0.0,0.0
620,1,right_lane,fixed,True,1.0,40,0,21.502496440621762,0.3333333333333333,3.0,2.9278269356582314,59.33333333333333,40.0,19.333333333333332,nan,0.0,0,0,40,0,0.0,0.0,1.0,39.0
621,1,right_lane,fixed,True,1.0,40,0,21.143957260126378,0.3333333333333333,1.3333333333333333,2.1324390145018697,59.83333333333333,40.0,19.833333333333332,nan,0.0,0,0,40,0,0.0,1.0,1.0,38.0
622,1,right_lane,fixed,True,1.0,40,0,22.393957345775522,34.00000000000001,0.6666666666666667,34.46004515886307,43.33333333333332,40.0,3.333333333333332,nan,0.0,0,0,40,0,22.0,18.0,0.0,0.0
623,1,right_lane,fixed,True,1.0,40,0,21.768957345971508,19.666666666666664,4.333333333333335,22.259599819779396,49.83333333333335,40.0,9.833333333333332,nan,0.0,0,0,40,0,5.0,23.0,1.0,11.0
624,1,right_lane,fixed,True,1.0,40,0,21.768957345971565,32.666666666666686,0.33333333333333337,32.52393865585327,43.999999999999986,40.0,3.9999999999999982,nan,0.0,0,0,40,0,18.0,22.0,0.0,0.0
625,1,right_lane,fixed,True,1.0,40,0,21.393957345971565,0.0,7.666666666666663,2.8223574181952245,59.66666666666667,40.0,19.666666666666664,nan,0.0,0,0,40,0,0.0,0.0,1.0,39.0
626,1,right_lane,fixed,True,1.0,40,0,21.768951657973492,0.3333333333333333,3.666666666666667,2.389526256651152,59.83333333333333,40.0,19.833333333333332,nan,0.0,0,0,40,0,0.0,1.0,1.0,38.0
627,1,right_lane,fixed,True,1.0,40,0,22.143671236802117,0.3333333333333333,11.333333333333336,3.6909363213926554,59.83333333333333,40.0,19.833333333333332,nan,0.0,0,0,40,0,0.0,0.0,1.0,39.0
628,1,right_lane,fixed,True,1.0,40,0,20.643957345971565,0.3333333333333333,12.666666666666671,4.412766121327877,59.83333333333333,40.0,19.833333333333332,nan,0.0,0,0,40,0,0.0,0.0,1.0,39.0
629,1,right_lane,fixed,True,1.0,40,0,21.393957345971565,0.0,10.333333333333334,3.300946022709013,60.0,40.0,20.0,nan,0.0,0,0,40,0,0.0,0.0,0.0,40.0
630,1,right_lane,fixed,True,1.0,40,0,22.3774964406217,1.3333333333333333,6.333333333333331,3.597329537945825,59.33333333333334,40.0,19.333333333333332,nan,0.0,0,0,40,0,0.0,0.0,4.0,36.0
631,1,right_lane,fixed,True,1.0,40,0,21.768957345971565,24.333333333333325,1.9999999999999998,25.95523937791586,47.83333333333337,40.0,7.8333333333333295,nan,0.0,0,0,40,0,8.0,21.0,9.0,2.0
632,1,right_lane,fixed,True,1.0,40,0,23.893634295895453,31.66666666666669,0.33333333333333337,32.0441811978817,44.499999999999986,40.0,4.499999999999999,nan,0.0,0,0,40,0,15.0,24.0,1.0,0.0
633,1,right_lane,fixed,True,1.0,40,0,24.268914040882912,3.9999999999999996,6.333333333333332,6.942247181049538,57.666666666666664,40.0,17.666666666666664,nan,0.0,0,0,40,0,0.0,4.0,6.0,30.0
634,1,right_lane,fixed,True,1.0,40,0,23.143957345971494,3.0,6.999999999999997,5.076471715874504,58.5,40.0,18.5,nan,0.0,0,0,40,0,0.0,2.0,5.0,33.0
635,1,right_lane,fixed,True,1.0,40,0,21.018671888689,26.66666666666668,0.0,28.544686675071716,46.999999999999986,40.0,7.0000000000000036,nan,0.0,0,0,40,0,1.0,39.0,0.0,0.0
636,1,right_lane,fixed,True,1.0,40,0,20.893957345971565,1.0,11.000000000000002,5.735892836935818,59.16666666666667,40.0,19.166666666666664,nan,0.0,0,0,40,0,1.0,1.0,1.0,37.0
637,1,right_lane,fixed,True,1.0,40,0,20.37749644062177,0.0,12.666666666666671,3.984560266137123,60.0,40.0,20.0,nan,0.0,0,0,40,0,0.0,0.0,0.0,40.0
638,1,right_lane,fixed,True,1.0,40,0,21.518957345971565,0.3333333333333333,11.333333333333336,4.70482124179216,59.83333333333333,40.0,19.833333333333332,nan,0.0,0,0,40,0,0.0,0.0,1.0,39.0
639,1,right_lane,fixed,True,1.0,40,0,22.518957345971565,3.3333333333333335,7.666666666666664,6.020143179765682,58.333333333333336,40.0,18.333333333333336,nan,0.0,0,0,40,0,0.0,2.0,7.0,31.0
640,1,right_lane,fixed,True,1.0,40,0,22.768957345971558,4.333333333333333,3.666666666666667,6.150379570783116,58.00000000000002,40.0,17.999999999999993,nan,0.0,0,0,40,0,0.0,1.0,11.0,28.0
641,1,right_lane,fixed,True,1.0,40,0,23.127496354776135,10.0,4.000000000000001,12.008100904524326,54.83333333333333,40.0,14.833333333333334,nan,0.0,0,0,40,0,5.0,6.0,3.0,26.0
642,1,right_lane,fixed,True,1.0,40,0,21.143957345967657,0.0,5.333333333333332,2.4761893302202225,60.0,40.0,20.0,nan,0.0,0,0,40,0,0.0,0.0,1.0,39.0
643,1,right_lane,fixed,True,1.0,40,0,21.018671236606018,0.6666666666666666,12.666666666666671,5.019776746630669,59.666666666666664,40.0,19.666666666666664,nan,0.0,0,0,40,0,0.0,1.0,2.0,37.0
644,1,right_lane,fixed,True,1.0,40,0,22.01678965453604,15.66666666666666,0.6666666666666667,17.01087094139075,52.49999999999997,40.0,12.499999999999991,nan,0.0,0,0,40,0,1.0,21.0,2.0,16.0
645,1,right_lane,fixed,True,1.0,40,0,21.143957345971565,0.0,11.333333333333336,2.858616835983412,59.66666666666667,40.0,19.666666666666664,nan,0.0,0,0,40,0,0.0,0.0,0.0,40.0
646,1,right_lane,fixed,True,1.0,40,0,22.37532874938229,1.6666666666666665,8.999999999999998,4.824258248321712,59.16666666666667,40.0,19.166666666666664,nan,0.0,0,0,40,0,0.0,0.0,6.0,34.0
647,1,right_lane,fixed,True,1.0,40,0,20.518957345971508,0.0,10.0,3.2929148375988007,60.0,40.0,20.0,nan,0.0,0,0,40,0,0.0,0.0,0.0,40.0
648,1,right_lane,fixed,True,1.0,40,0,20.768919754693048,1.0,1.6666666666666665,3.90273055434227,59.5,40.0,19.5,nan,0.0,0,0,40,0,1.0,1.0,1.0,37.0
649,1,right_lane,fixed,True,1.0,40,0,20.643914152736198,0.0,12.333333333333337,4.34120624512434,60.0,40.0,20.0,nan,0.0,0,0,40,0,0.0,0.0,1.0,39.0
650,1,right_lane,fixed,True,1.0,40,0,21.768951743818675,1.0,1.3333333333333333,3.6175657751737162,59.5,40.0,19.5,nan,0.0,0,0,40,0,1.0,1.0,1.0,37.0
651,1,right_lane,fixed,True,1.0,40,0,21.268957345971565,0.0,6.333333333333331,3.128703305963427,60.0,40.0,20.0,nan,0.0,0,0,40,0,0.0,0.0,0.0,40.0
652,1,right_lane,fixed,True,1.0,40,0,22.018957245618523,0.0,7.666666666666663,2.723028608772438,60.0,40.0,20.0,nan,0.0,0,0,40,0,0.0,0.0,1.0,39.0
653,1,right_lane,fixed,True,1.0,40,0,20.268957345971565,0.0,13.000000000000005,4.136429034173489,60.0,40.0,20.0,nan,0.0,0,0,40,0,0.0,0.0,0.0,40.0
654,1,right_lane,fixed,True,1.0,40,0,22.391504197449517,0.6666666666666666,8.33333333333333,4.2311635614121315,59.666666666666664,40.0,19.666666666666664,nan,0.0,0,0,40,0,0.0,0.0,3.0,37.0
655,1,right_lane,fixed,True,1.0,40,0,20.518957345971565,2.333333333333333,6.666666666666665,5.421389741823077,58.83333333333333,40.0,18.833333333333332,nan,0.0,0,0,40,0,1.0,2.0,2.0,35.0
656,1,right_lane,fixed,True,1.0,40,0,21.25249644062177,1.9999999999999998,10.333333333333334,5.813304394483566,59.0,40.0,18.999999999999996,nan,0.0,0,0,40,0,0.0,1.0,6.0,33.0
657,1,right_lane,fixed,True,1.0,40,0,20.768957345971565,0.0,10.666666666666668,3.390265569090843,60.0,40.0,20.0,nan,0.0,0,0,40,0,0.0,0.0,0.0,40.0
658,1,right_lane,fixed,True,1.0,40,0,22.502496354746853,1.9999999999999998,0.0,3.0252355532452384,59.0,40.0,19.0,nan,0.0,0,0,40,0,2.0,1.0,1.0,36.0
659,1,right_lane,fixed,True,1.0,40,0,23.893957345971565,10.000000000000002,5.333333333333332,12.0651292962948,55.00000000000001,40.0,15.000000000000002,nan,0.0,0,0,40,0,9.0,1.0,4.0,26.0
660,1,right_lane,fixed,True,1.0,40,0,22.393950907448023,1.6666666666666665,6.666666666666664,3.9554675518126032,59.333333333333336,40.0,19.333333333333332,nan,0.0,0,0,40,0,0.0,0.0,4.0,36.0
661,1,right_lane,fixed,True,1.0,40,0,20.768957345971565,0.3333333333333333,0.3333333333333333,1.851120163104497,59.666666666666664,40.0,19.666666666666664,nan,0.0,0,0,40,0,0.0,1.0,1.0,38.0
662,1,right_lane,fixed,True,1.0,40,0,23.268957345971565,30.333333333333353,0.33333333333333337,31.678760409355164,45.16666666666666,40.0,5.166666666666667,nan,0.0,0,0,40,0,11.0,29.0,0.0,0.0
663,1,right_lane,fixed,True,1.0,40,0,22.39395733298212,21.333333333333336,0.6666666666666666,23.897116512060165,49.00000000000001,40.0,9.0,nan,0.0,0,0,40,0,4.0,27.0,1.0,8.0
664,1,right_lane,fixed,True,1.0,40,0,20.768957345971565,1.9999999999999998,5.666666666666665,5.145787414629012,59.0,40.0,19.0,nan,0.0,0,0,40,0,2.0,1.0,1.0,36.0
665,1,right_lane,fixed,True,1.0,18,1,24.999999971078346,6.666666666666667,1.666666666666667,7.124639859190211,24.0,18.0,6.0,nan,0.0,0,0,18,0,4.0,2.0,2.0,10.0
666,1,right_lane,fixed,True,1.0,40,0,25.76895734406055,37.0,0.0,36.43286180496216,41.66666666666667,40.0,1.6666666666666667,nan,0.0,0,0,40,0,32.0,6.0,2.0,0.0
667,1,right_lane,fixed,True,1.0,40,0,21.018957345968165,1.0,2.6666666666666665,3.982652542370488,59.0,40.0,19.0,nan,0.0,0,0,40,0,1.0,1.0,1.0,37.0
668,1,right_lane,fixed,True,1.0,40,0,21.768957345971565,13.666666666666664,6.999999999999997,15.661961015313864,53.33333333333333,40.0,13.333333333333332,nan,0.0,0,0,40,0,8.0,8.0,2.0,22.0
669,1,right_lane,fixed,True,1.0,40,0,20.625043292099726,0.0,3.3333333333333335,2.8816369958221912,59.83333333333333,40.0,19.833333333333332,nan,0.0,0,0,40,0,0.0,0.0,1.0,39.0
670,1,right_lane,fixed,True,1.0,40,0,22.393957345971565,8.0,4.999999999999999,10.831721698865294,56.0,40.0,16.0,nan,0.0,0,0,40,0,6.0,4.0,1.0,29.0
671,1,right_lane,fixed,True,1.0,40,0,21.64395239570556,27.333333333333346,0.33333333333333337,29.204748809337616,46.66666666666665,40.0,6.66666666666667,nan,0.0,0,0,40,0,2.0,38.0,0.0,0.0
672,1,right_lane,fixed,True,1.0,40,0,22.518957345971565,11.666666666666666,0.33333333333333337,12.430954872339498,53.833333333333336,40.0,13.833333333333332,nan,0.0,0,0,40,0,10.0,3.0,1.0,26.0
673,1,right_lane,fixed,True,1.0,40,0,22.268957345971565,31.00000000000002,2.0000000000000004,31.714313089847565,44.83333333333331,40.0,4.833333333333333,nan,0.0,0,0,40,0,13.0,27.0,0.0,0.0
674,1,right_lane,fixed,True,1.0,40,0,21.018957345971565,1.9999999999999998,0.6666666666666667,4.196703245281242,58.66666666666667,40.0,18.666666666666664,nan,0.0,0,0,40,0,2.0,1.0,1.0,36.0
675,1,right_lane,fixed,True,1.0,40,0,23.643957345971565,16.333333333333332,5.666666666666665,18.748340293765068,51.83333333333333,40.0,11.833333333333332,nan,0.0,0,0,40,0,14.0,3.0,4.0,19.0
676,1,right_lane,fixed,True,1.0,40,0,20.268957345971565,0.0,10.333333333333334,4.097754247486591,60.0,40.0,20.0,nan,0.0,0,0,40,0,0.0,0.0,1.0,39.0
677,1,right_lane,fixed,True,1.0,40,0,20.393957345971565,6.333333333333333,4.999999999999999,8.984829612076283,56.833333333333336,40.0,16.833333333333336,nan,0.0,0,0,40,0,0.0,6.0,7.0,27.0
678,1,right_lane,fixed,True,1.0,40,0,21.018957345971565,0.6666666666666666,7.666666666666663,3.8402134850621223,59.666666666666664,40.0,19.666666666666664,nan,0.0,0,0,40,0,0.0,1.0,2.0,37.0
679,1,right_lane,fixed,True,1.0,40,0,21.893671052318332,0.3333333333333333,6.333333333333331,3.634983654599637,59.83333333333333,40.0,19.833333333333332,nan,0.0,0,0,40,0,0.0,0.0,2.0,38.0
680,1,right_lane,fixed,True,1.0,40,0,20.643951657973492,1.0,10.0,4.711939100176096,59.66666666666667,40.0,19.666666666666664,nan,0.0,0,0,40,0,0.0,0.0,3.0,37.0
681,1,right_lane,fixed,True,1.0,26,1,22.144542147239218,0.6666666666666666,0.6666666666666666,1.5870918204309419,38.666666666666664,26.0,12.666666666666666,nan,0.0,0,0,26,0,0.0,1.0,1.0,24.0
682,1,right_lane,fixed,True,1.0,40,0,21.127496440621762,27.000000000000014,3.666666666666668,28.947112500667572,46.66666666666665,40.0,6.66666666666667,nan,0.0,0,0,40,0,4.0,34.0,2.0,0.0
683,1,right_lane,fixed,True,1.0,40,0,20.518957345971565,1.6666666666666665,11.66666666666667,4.607574015855789,58.833333333333336,40.0,18.833333333333336,nan,0.0,0,0,40,0,0.0,0.0,5.0,35.0
684,1,right_lane,fixed,True,1.0,40,0,22.39395154634546,16.333333333333325,0.3333333333333333,17.653735710773617,51.83333333333335,40.0,11.833333333333336,nan,0.0,0,0,40,0,5.0,16.0,2.0,17.0
685,1,right_lane,fixed,True,1.0,40,0,21.76675206364961,7.666666666666666,10.0,11.088619098067284,56.16666666666667,40.0,16.166666666666664,nan,0.0,0,0,40,0,4.0,4.0,4.0,28.0
686,1,right_lane,fixed,True,1.0,40,0,22.002490739830293,0.0,5.666666666666665,2.892488049779331,60.0,40.0,20.0,nan,0.0,0,0,40,0,0.0,0.0,1.0,39.0
687,1,right_lane,fixed,True,1.0,40,0,21.51678964342692,28.33333333333335,0.0,29.472493529319763,46.16666666666665,40.0,6.166666666666669,nan,0.0,0,0,40,0,5.0,34.0,1.0,0.0
688,1,right_lane,fixed,True,1.0,40,0,20.268957345971565,2.333333333333333,12.000000000000004,5.738773971796036,58.5,40.0,18.5,nan,0.0,0,0,40,0,0.0,2.0,4.0,34.0
689,1,right_lane,fixed,True,1.0,40,0,21.643957345971565,0.0,4.666666666666666,2.705128382798648,60.0,40.0,20.0,nan,0.0,0,0,40,0,0.0,0.0,0.0,40.0
690,1,right_lane,fixed,True,1.0,40,0,22.018957345971565,13.999999999999998,6.666666666666664,16.410626128315926,53.0,40.0,13.0,nan,0.0,0,0,40,0,9.0,7.0,4.0,20.0
691,1,right_lane,fixed,True,1.0,40,0,21.516137857210527,0.6666666666666666,12.000000000000004,4.476389333605766,59.66666666666667,40.0,19.666666666666664,nan,0.0,0,0,40,0,0.0,0.0,3.0,37.0
692,1,right_lane,fixed,True,1.0,40,0,20.143957345971565,4.666666666666666,12.000000000000004,7.940522104501724,57.66666666666666,40.0,17.666666666666664,nan,0.0,0,0,40,0,0.0,2.0,10.0,28.0
693,1,right_lane,fixed,True,1.0,40,0,20.393957345971565,4.0,9.666666666666666,8.89661643281579,58.0,40.0,18.0,nan,0.0,0,0,40,0,4.0,1.0,1.0,34.0
694,1,right_lane,fixed,True,1.0,40,0,20.768957345971565,0.3333333333333333,10.666666666666668,3.8100910056382418,59.83333333333333,40.0,19.833333333333332,nan,0.0,0,0,40,0,0.0,0.0,2.0,38.0
695,1,right_lane,fixed,True,1.0,40,0,22.75004329209972,0.6666666666666666,4.999999999999999,3.5029892165912315,59.666666666666664,40.0,19.666666666666664,nan,0.0,0,0,40,0,0.0,1.0,2.0,37.0
696,1,right_lane,fixed,True,1.0,20,1,23.000001501502485,15.333333333333332,0.6666666666666667,16.13336318731308,22.833333333333336,20.0,2.8333333333333326,nan,0.0,0,0,20,0,6.0,14.0,0.0,0.0
697,1,right_lane,fixed,True,1.0,40,0,22.018957345941836,1.0,1.6666666666666665,3.406217164359987,59.0,40.0,19.0,nan,0.0,0,0,40,0,1.0,1.0,1.0,37.0
698,1,right_lane,fixed,True,1.0,40,0,23.268957247111118,25.000000000000004,2.333333333333333,26.674274194985628,47.5,40.0,7.500000000000002,nan,0.0,0,0,40,0,19.0,8.0,3.0,10.0
699,1,right_lane,fixed,True,1.0,40,0,22.643957345967134,21.666666666666664,0.3333333333333333,23.74665977526456,49.5,40.0,9.499999999999996,nan,0.0,0,0,40,0,4.0,26.0,2.0,8.0
700,1,right_lane,fixed,True,1.0,40,0,20.268957345971565,2.6666666666666665,11.66666666666667,6.62451083958149,58.33333333333333,40.0,18.333333333333332,nan,0.0,0,0,40,0,0.0,2.0,5.0,33.0
701,1,right_lane,fixed,True,1.0,40,0,20.518957345971565,0.3333333333333333,12.333333333333337,4.339490316808224,59.833333333333336,40.0,19.833333333333336,nan,0.0,0,0,40,0,0.0,0.0,1.0,39.0
702,1,right_lane,fixed,True,1.0,40,0,21.518957345971565,6.0,5.333333333333333,7.984516335418448,57.0,40.0,17.0,nan,0.0,0,0,40,0,4.0,4.0,1.0,31.0
703,1,right_lane,fixed,True,1.0,40,0,22.018957344286836,1.6666666666666665,11.333333333333336,6.280026562511921,59.16666666666667,40.0,19.166666666666668,nan,0.0,0,0,40,0,0.0,1.0,5.0,34.0
704,1,right_lane,fixed,True,1.0,40,0,21.018957345971565,0.0,7.33333333333333,2.940806233207695,60.0,40.0,20.0,nan,0.0,0,0,40,0,0.0,0.0,1.0,39.0
705,1,right_lane,fixed,True,1.0,40,0,22.018957345971565,9.333333333333332,10.0,12.838013537228107,55.333333333333336,40.0,15.333333333333332,nan,0.0,0,0,40,0,7.0,4.0,1.0,28.0
706,1,right_lane,fixed,True,1.0,31,1,20.347041736737506,4.333333333333333,7.9999999999999964,8.05135928094387,44.5,31.0,13.5,nan,0.0,0,0,31,0,1.0,4.0,3.0,23.0
707,1,right_lane,fixed,True,1.0,40,0,23.268957345971565,1.3333333333333333,5.333333333333332,3.678384069875733,59.16666666666666,40.0,19.166666666666668,nan,0.0,0,0,40,0,0.0,1.0,4.0,35.0
708,1,right_lane,fixed,True,1.0,40,0,21.51891974358437,0.3333333333333333,1.0,2.0671267902944237,59.83333333333333,40.0,19.833333333333332,nan,0.0,0,0,40,0,0.0,1.0,1.0,38.0
709,1,right_lane,fixed,True,1.0,40,0,20.625043292099726,0.0,12.333333333333337,3.2185094356536865,60.0,40.0,20.0,nan,0.0,0,0,40,0,0.0,0.0,0.0,40.0
710,1,right_lane,fixed,True,1.0,40,0,20.768957260126378,0.6666666666666666,10.333333333333334,4.578199796611443,59.666666666666664,40.0,19.666666666666664,nan,0.0,0,0,40,0,0.0,0.0,3.0,37.0
711,1,right_lane,fixed,True,1.0,40,0,23.143671789825152,35.33333333333333,0.33333333333333337,34.70897263288498,42.66666666666664,40.0,2.666666666666666,nan,0.0,0,0,40,0,27.0,13.0,0.0,0.0
712,1,right_lane,fixed,True,1.0,40,0,21.268957345971565,11.33333333333333,4.333333333333334,12.685688881902024,54.33333333333335,40.0,14.33333333333334,nan,0.0,0,0,40,0,0.0,3.0,28.0,9.0
713,1,right_lane,fixed,True,1.0,40,0,22.393957344031918,15.666666666666663,4.0,17.919960170984268,51.83333333333334,40.0,11.83333333333334,nan,0.0,0,0,40,0,2.0,17.0,10.0,11.0
714,1,right_lane,fixed,True,1.0,40,0,24.01895734597111,35.00000000000001,0.6666666666666667,34.96569675207138,42.833333333333336,40.0,2.8333333333333326,nan,0.0,0,0,40,0,26.0,14.0,0.0,0.0
715,1,right_lane,fixed,True,1.0,40,0,21.768957345971486,0.0,1.0,1.5367325854106184,59.66666666666667,40.0,19.666666666666664,nan,0.0,0,0,40,0,0.0,0.0,1.0,39.0
716,1,right_lane,fixed,True,1.0,40,0,21.768957345971565,0.0,5.999999999999998,2.71383007491886,60.0,40.0,20.0,nan,0.0,0,0,40,0,0.0,0.0,0.0,40.0
717,1,right_lane,fixed,True,1.0,40,0,22.14395174359342,0.3333333333333333,4.0,2.4371731482679024,59.83333333333333,40.0,19.833333333333332,nan,0.0,0,0,40,0,0.0,0.0,1.0,39.0
718,1,right_lane,fixed,True,1.0,40,0,22.268957345971565,38.66666666666667,0.0,38.37867033481598,41.166666666666664,40.0,1.1666666666666665,nan,0.0,0,0,40,0,36.0,4.0,0.0,0.0
719,1,right_lane,fixed,True,1.0,40,0,22.89395734594184,30.333333333333325,0.33333333333333337,30.547642290592194,44.33333333333335,40.0,4.333333333333334,nan,0.0,0,0,40,0,25.0,2.0,13.0,0.0
720,1,right_lane,fixed,True,1.0,40,0,21.643957345971565,38.0,0.33333333333333337,37.77866119146347,41.5,40.0,1.5,nan,0.0,0,0,40,0,33.0,7.0,0.0,0.0
721,1,right_lane,fixed,True,1.0,40,0,21.377496440425727,0.0,0.3333333333333333,0.4812707683304325,59.5,40.0,19.5,nan,0.0,0,0,40,0,0.0,0.0,0.0,40.0
722,1,right_lane,fixed,True,1.0,40,0,21.268957345971565,35.66666666666666,0.0,36.23065412044525,42.49999999999998,40.0,2.4999999999999996,nan,0.0,0,0,40,0,28.0,12.0,0.0,0.0
723,1,right_lane,fixed,True,1.0,40,0,21.625043292099726,0.3333333333333333,11.66666666666667,3.6255669742822647,59.5,40.0,19.5,nan,0.0,0,0,40,0,0.0,0.0,1.0,39.0
724,1,right_lane,fixed,True,1.0,40,0,21.268957345971565,6.666666666666666,2.6666666666666665,7.51241254323395,56.83333333333333,40.0,16.833333333333332,nan,0.0,0,0,40,0,0.0,2.0,15.0,23.0
725,1,right_lane,fixed,True,1.0,40,0,21.643957345971565,1.9999999999999998,4.999999999999999,4.725798929212033,58.83333333333333,40.0,18.833333333333332,nan,0.0,0,0,40,0,1.0,2.0,1.0,36.0
726,1,right_lane,fixed,True,1.0,40,0,20.893957345971565,0.3333333333333333,0.0,1.3656561155803502,59.83333333333333,40.0,19.833333333333332,nan,0.0,0,0,40,0,0.0,0.0,1.0,39.0
727,1,right_lane,fixed,True,1.0,40,0,21.51891975488909,4.666666666666666,2.0,6.82751927402569,57.666666666666664,40.0,17.666666666666664,nan,0.0,0,0,40,0,0.0,5.0,5.0,30.0
728,1,right_lane,fixed,True,1.0,40,0,20.893957345971565,0.0,6.999999999999997,3.0983259447384626,60.0,40.0,20.0,nan,0.0,0,0,40,0,0.0,0.0,0.0,40.0
729,1,right_lane,fixed,True,1.0,40,0,21.393957345971565,14.666666666666664,7.333333333333331,17.237144395709038,52.66666666666667,40.0,12.666666666666664,nan,0.0,0,0,40,0,4.0,15.0,4.0,17.0
730,1,right_lane,fixed,True,1.0,40,0,21.12532874938229,0.0,0.6666666666666666,0.800875677791737,60.0,40.0,20.0,nan,0.0,0,0,40,0,0.0,0.0,0.0,40.0
731,1,right_lane,fixed,True,1.0,40,0,20.768951732488148,4.666666666666666,11.333333333333336,9.194422401487827,57.66666666666667,40.0,17.666666666666664,nan,0.0,0,0,40,0,4.0,2.0,1.0,33.0
732,1,right_lane,fixed,True,1.0,40,0,23.018957345971565,39.666666666666664,0.0,39.32633972167969,40.666666666666664,40.0,0.6666666666666666,nan,0.0,0,0,40,0,39.0,1.0,0.0,0.0
733,1,right_lane,fixed,True,1.0,40,0,21.393957345971565,2.6666666666666665,7.666666666666663,5.555458544753492,58.16666666666666,40.0,18.166666666666664,nan,0.0,0,0,40,0,0.0,0.0,8.0,32.0
734,1,right_lane,fixed,True,1.0,40,0,21.393957345967713,3.0,2.333333333333333,4.90118468971923,58.500000000000014,40.0,18.5,nan,0.0,0,0,40,0,1.0,1.0,7.0,31.0
735,1,right_lane,fixed,True,1.0,40,0,20.768671888688992,0.3333333333333333,12.666666666666671,4.991991735994816,59.83333333333333,40.0,19.833333333333332,nan,0.0,0,0,40,0,0.0,1.0,1.0,38.0
736,1,right_lane,fixed,True,1.0,40,0,21.518957345971565,20.000000000000004,3.6666666666666674,21.888701256364584,50.0,40.0,10.0,nan,0.0,0,0,40,0,4.0,23.0,2.0,11.0
737,1,right_lane,fixed,True,1.0,40,0,22.391789654732083,0.6666666666666666,1.0,2.7061763875826728,59.666666666666664,40.0,19.666666666666664,nan,0.0,0,0,40,0,0.0,1.0,2.0,37.0
738,1,right_lane,fixed,True,1.0,40,0,21.393957345971494,1.3333333333333333,8.999999999999998,5.4275814443826675,59.333333333333336,40.0,19.333333333333336,nan,0.0,0,0,40,0,0.0,1.0,4.0,35.0
739,1,right_lane,fixed,True,1.0,40,0,21.752496440617865,0.0,11.000000000000002,3.5714265524875373,60.0,40.0,20.0,nan,0.0,0,0,40,0,0.0,0.0,0.0,40.0
740,1,right_lane,fixed,True,1.0,40,0,20.893671888689,1.0,4.0,2.694721283041872,59.5,40.0,19.5,nan,0.0,0,0,40,0,0.0,0.0,4.0,36.0
741,1,right_lane,fixed,True,1.0,40,0,21.143957345775522,0.3333333333333333,12.000000000000004,4.230106026865542,59.83333333333333,40.0,19.833333333333332,nan,0.0,0,0,40,0,0.0,1.0,1.0,38.0
742,1,right_lane,fixed,True,1.0,40,0,20.768957345971565,0.3333333333333333,12.333333333333337,3.9205479845404625,59.83333333333333,40.0,19.833333333333336,nan,0.0,0,0,40,0,0.0,0.0,1.0,39.0
743,1,right_lane,fixed,True,1.0,40,0,20.393957345971565,0.0,5.666666666666665,2.7250283598405076,60.0,40.0,20.0,nan,0.0,0,0,40,0,0.0,0.0,1.0,39.0
744,1,right_lane,fixed,True,1.0,40,0,20.768957345971565,1.9999999999999998,5.666666666666665,5.008798256516457,59.0,40.0,19.0,nan,0.0,0,0,40,0,0.0,1.0,6.0,33.0
745,1,right_lane,fixed,True,1.0,40,0,26.518956608238977,33.66666666666668,0.0,34.043661177158356,43.33333333333332,40.0,3.3333333333333326,nan,0.0,0,0,40,0,23.0,16.0,1.0,0.0
746,1,right_lane,fixed,True,1.0,40,0,22.76891974358437,0.6666666666666666,4.999999999999999,3.428984486078207,59.5,40.0,19.5,nan,0.0,0,0,40,0,0.0,1.0,2.0,37.0
747,1,right_lane,fixed,True,1.0,40,0,20.768957345971565,0.6666666666666666,4.333333333333333,3.6706174202263355,59.666666666666664,40.0,19.666666666666668,nan,0.0,0,0,40,0,0.0,0.0,2.0,38.0
748,1,right_lane,fixed,True,1.0,40,0,21.62254686449713,2.333333333333333,5.333333333333332,5.0512868240475655,59.16666666666667,40.0,19.16666666666666,nan,0.0,0,0,40,0,0.0,1.0,5.0,34.0
749,1,right_lane,fixed,True,1.0,40,0,21.018957345971565,1.3333333333333333,10.666666666666668,5.358832570607774,59.0,40.0,19.0,nan,0.0,0,0,40,0,1.0,1.0,2.0,36.0
750,1,right_lane,fixed,True,1.0,40,0,22.12749644062177,10.333333333333334,8.33333333333333,13.253207847476006,54.833333333333336,40.0,14.833333333333334,nan,0.0,0,0,40,0,3.0,8.0,6.0,23.0
751,1,right_lane,fixed,True,1.0,40,0,22.393957345971565,34.666666666666664,0.3333333333333333,34.70239181816578,43.166666666666664,40.0,3.1666666666666665,nan,0.0,0,0,40,0,31.0,3.0,4.0,2.0
752,1,right_lane,fixed,True,1.0,40,0,22.51895734597149,5.999999999999998,7.333333333333332,9.56161135106231,56.50000000000001,40.0,16.5,nan,0.0,0,0,40,0,2.0,5.0,5.0,28.0
753,1,right_lane,fixed,True,1.0,40,0,23.393957345775522,32.00000000000001,0.6666666666666667,32.09793132543564,44.50000000000001,40.0,4.499999999999999,nan,0.0,0,0,40,0,15.0,24.0,1.0,0.0
754,1,right_lane,fixed,True,1.0,40,0,23.643957334666844,0.6666666666666666,8.33333333333333,3.72201092727596,59.166666666666664,40.0,19.166666666666664,nan,0.0,0,0,40,0,0.0,0.0,3.0,37.0
755,1,right_lane,fixed,True,1.0,40,0,20.858867844032495,1.3333333333333333,7.9999999999999964,4.708201386034489,59.33333333333334,40.0,19.333333333333332,nan,0.0,0,0,40,0,0.0,0.0,5.0,35.0
756,1,right_lane,fixed,True,1.0,40,0,22.516789654731635,30.66666666666669,0.6666666666666667,31.86076658964157,44.999999999999986,40.0,5.0,nan,0.0,0,0,40,0,13.0,27.0,0.0,0.0
757,1,right_lane,fixed,True,1.0,40,0,21.643956596934782,3.6666666666666665,8.666666666666664,6.912139983847737,57.833333333333336,40.0,17.833333333333336,nan,0.0,0,0,40,0,2.0,3.0,2.0,33.0
758,1,right_lane,fixed,True,1.0,40,0,20.893957345971565,11.999999999999998,4.999999999999999,14.819720458239317,54.00000000000001,40.0,14.000000000000002,nan,0.0,0,0,40,0,3.0,11.0,6.0,20.0
759,1,right_lane,fixed,True,1.0,40,0,22.643634297606017,27.000000000000014,0.6666666666666667,28.13502386212349,46.833333333333314,40.0,6.833333333333337,nan,0.0,0,0,40,0,2.0,37.0,1.0,0.0
760,1,right_lane,fixed,True,1.0,40,0,21.018957345971565,5.666666666666667,2.3333333333333335,6.647109539830126,57.16666666666668,40.0,17.166666666666668,nan,0.0,0,0,40,0,0.0,4.0,7.0,29.0
761,1,right_lane,fixed,True,1.0,40,0,24.143957345971565,22.0,5.333333333333332,23.65643212199211,48.66666666666667,40.0,8.666666666666666,nan,0.0,0,0,40,0,20.0,4.0,1.0,15.0
762,1,right_lane,fixed,True,1.0,40,0,21.768957345971565,0.3333333333333333,5.666666666666665,2.9599926085065817,59.83333333333333,40.0,19.833333333333332,nan,0.0,0,0,40,0,0.0,1.0,1.0,38.0
763,1,right_lane,fixed,True,1.0,40,0,21.14391974358437,0.0,7.33333333333333,3.149673813364018,60.0,40.0,20.0,nan,0.0,0,0,40,0,0.0,0.0,1.0,39.0
764,1,right_lane,fixed,True,1.0,40,0,22.268957344257096,0.3333333333333333,3.0,2.674043341624383,59.83333333333333,40.0,19.833333333333332,nan,0.0,0,0,40,0,0.0,1.0,1.0,38.0
765,1,right_lane,fixed,True,1.0,40,0,21.89145521906618,4.666666666666666,8.999999999999996,8.43582997273188,57.66666666666666,40.0,17.666666666666664,nan,0.0,0,0,40,0,0.0,6.0,2.0,32.0
766,1,right_lane,fixed,True,1.0,40,0,21.35858238674993,9.333333333333334,7.33333333333333,11.657700397074223,55.83333333333333,40.0,15.833333333333332,nan,0.0,0,0,40,0,3.0,6.0,7.0,24.0
767,1,right_lane,fixed,True,1.0,40,0,21.51895238440084,0.0,6.333333333333331,2.279743986437097,59.5,40.0,19.5,nan,0.0,0,0,40,0,0.0,0.0,0.0,40.0
768,1,right_lane,fixed,True,1.0,40,0,21.768957344257046,1.6666666666666665,7.9999999999999964,4.463862155214883,59.16666666666668,40.0,19.166666666666664,nan,0.0,0,0,40,0,0.0,0.0,5.0,35.0
769,1,right_lane,fixed,True,1.0,40,0,21.018957345971565,0.0,10.0,4.4688961546635255,60.0,40.0,20.0,nan,0.0,0,0,40,0,0.0,0.0,1.0,39.0
770,1,right_lane,fixed,True,1.0,40,0,21.018671888689,0.3333333333333333,2.6666666666666665,2.230219908116851,59.83333333333333,40.0,19.833333333333332,nan,0.0,0,0,40,0,0.0,1.0,1.0,38.0
771,1,right_lane,fixed,True,1.0,40,0,22.393914152736198,8.0,1.0,10.09459058363882,56.0,40.0,16.0,nan,0.0,0,0,40,0,8.0,1.0,1.0,30.0
772,1,right_lane,fixed,True,1.0,40,0,21.002496439133076,0.0,9.666666666666666,3.147792323035901,60.0,40.0,20.0,nan,0.0,0,0,40,0,0.0,0.0,1.0,39.0
773,1,right_lane,fixed,True,1.0,40,0,20.268957345971565,0.0,12.666666666666671,5.001979894936085,60.0,40.0,20.0,nan,0.0,0,0,40,0,0.0,0.0,1.0,39.0
774,1,right_lane,fixed,True,1.0,40,0,22.481042754607255,6.333333333333334,6.666666666666664,8.631089777452871,57.33333333333333,40.0,17.333333333333332,nan,0.0,0,0,40,0,2.0,2.0,9.0,27.0
775,1,right_lane,fixed,True,1.0,40,0,21.141466606367043,1.3333333333333333,11.333333333333336,5.555800184607506,58.833333333333336,40.0,18.833333333333336,nan,0.0,0,0,40,0,0.0,1.0,4.0,35.0
776,1,right_lane,fixed,True,1.0,40,0,21.643957331463703,1.9999999999999998,7.666666666666663,5.5223620717879385,59.0,40.0,18.999999999999996,nan,0.0,0,0,40,0,1.0,1.0,4.0,34.0
777,1,right_lane,fixed,True,1.0,40,0,23.768957345971558,32.00000000000002,0.33333333333333337,32.83834332227707,44.333333333333314,40.0,4.333333333333332,nan,0.0,0,0,40,0,16.0,23.0,1.0,0.0
778,1,right_lane,fixed,True,1.0,40,0,21.518957345945232,0.3333333333333333,5.666666666666665,2.788902231492102,59.50000000000001,40.0,19.5,nan,0.0,0,0,40,0,0.0,0.0,2.0,38.0
779,1,right_lane,fixed,True,1.0,40,0,21.143671802843812,0.3333333333333333,0.6666666666666667,2.1449548562720793,59.83333333333333,40.0,19.833333333333332,nan,0.0,0,0,40,0,0.0,1.0,1.0,38.0
780,1,right_lane,fixed,True,1.0,40,0,22.14395239567974,3.0,3.0,4.311216919741128,58.5,40.0,18.5,nan,0.0,0,0,40,0,0.0,2.0,6.0,32.0
781,1,right_lane,fixed,True,1.0,40,0,21.893957345971565,0.0,4.0,2.996198338107206,60.0,40.0,20.0,nan,0.0,0,0,40,0,0.0,0.0,0.0,40.0
782,1,right_lane,fixed,True,1.0,40,0,21.018957344482867,0.0,13.33333333333334,3.9493308067321777,60.0,40.0,20.0,nan,0.0,0,0,40,0,0.0,0.0,0.0,40.0
783,1,right_lane,fixed,True,1.0,40,0,21.393957345971565,3.333333333333333,7.9999999999999964,6.861735854297876,58.33333333333333,40.0,18.333333333333332,nan,0.0,0,0,40,0,0.0,3.0,5.0,32.0
784,1,right_lane,fixed,True,1.0,26,1,21.952242070725482,23.000000000000007,0.0,22.93492579460144,28.00000000000001,26.0,2.0,nan,0.0,0,0,26,0,16.0,10.0,0.0,0.0
785,1,right_lane,fixed,True,1.0,40,0,20.393957345971565,25.666666666666664,3.3333333333333335,26.752826184034348,46.66666666666667,40.0,6.666666666666666,nan,0.0,0,0,40,0,19.0,9.0,5.0,7.0
786,1,right_lane,fixed,True,1.0,40,0,22.393957345971565,1.0,0.3333333333333333,2.3838807558640838,59.5,40.0,19.5,nan,0.0,0,0,40,0,1.0,1.0,1.0,37.0
787,1,right_lane,fixed,True,1.0,40,0,20.893957345971565,0.0,0.6666666666666666,0.9996927111642435,60.0,40.0,20.0,nan,0.0,0,0,40,0,0.0,0.0,0.0,40.0
788,1,right_lane,fixed,True,1.0,40,0,22.51895164346563,33.666666666666664,0.0,34.31464618444443,43.66666666666667,40.0,3.666666666666665,nan,0.0,0,0,40,0,21.0,19.0,0.0,0.0
789,1,right_lane,fixed,True,1.0,40,0,21.268957345971565,3.0,7.9999999999999964,6.916996134445071,58.0,40.0,17.999999999999996,nan,0.0,0,0,40,0,1.0,1.0,7.0,31.0
790,1,right_lane,fixed,True,1.0,40,0,21.018957345971565,0.6666666666666666,4.333333333333333,2.9462421827483922,59.666666666666664,40.0,19.666666666666664,nan,0.0,0,0,40,0,0.0,1.0,2.0,37.0
791,1,right_lane,fixed,True,1.0,40,0,21.64395659350645,0.3333333333333333,12.000000000000002,4.6791462594410405,59.833333333333336,40.0,19.833333333333336,nan,0.0,0,0,40,0,0.0,0.0,1.0,39.0
792,1,right_lane,fixed,True,1.0,40,0,20.268957345971565,0.0,8.999999999999998,3.6697657943436752,60.0,40.0,20.0,nan,0.0,0,0,40,0,0.0,0.0,1.0,39.0
793,1,right_lane,fixed,True,1.0,20,1,22.037914691943126,0.3333333333333333,0.3333333333333333,0.5870076584124035,29.833333333333332,20.0,9.833333333333332,nan,0.0,0,0,20,0,0.0,0.0,2.0,18.0
794,1,right_lane,fixed,True,1.0,40,0,23.893957345971565,30.000000000000014,0.0,29.97085189554491,45.333333333333314,40.0,5.333333333333335,nan,0.0,0,0,40,0,19.0,16.0,2.0,3.0
795,1,right_lane,fixed,True,1.0,40,0,21.643957345971565,1.0,7.666666666666663,4.828573909820989,59.16666666666667,40.0,19.166666666666664,nan,0.0,0,0,40,0,1.0,1.0,1.0,37.0
796,1,right_lane,fixed,True,1.0,40,0,20.37749644062177,0.0,13.666666666666673,4.714758910238743,60.0,40.0,20.0,nan,0.0,0,0,40,0,0.0,0.0,1.0,39.0
797,1,right_lane,fixed,True,1.0,40,0,20.643919754889083,0.6666666666666666,12.666666666666671,5.360516369342804,59.666666666666664,40.0,19.666666666666664,nan,0.0,0,0,40,0,0.0,1.0,2.0,37.0
798,1,right_lane,fixed,True,1.0,40,0,21.518957345971565,0.3333333333333333,0.3333333333333333,1.4711969739291817,59.83333333333333,40.0,19.833333333333332,nan,0.0,0,0,40,0,0.0,0.0,2.0,38.0
799,1,right_lane,fixed,True,1.0,40,0,22.518957345971565,28.666666666666682,1.666666666666667,30.930381327867508,45.99999999999999,40.0,6.000000000000001,nan,0.0,0,0,40,0,8.0,31.0,1.0,0.0
800,1,right_lane,fixed,True,1.0,40,0,22.00032874938229,1.0,8.999999999999998,3.944530035194475,59.16666666666667,40.0,19.166666666666664,nan,0.0,0,0,40,0,0.0,0.0,3.0,37.0
801,1,right_lane,fixed,True,1.0,40,0,20.8772060330732,2.6666666666666665,12.666666666666671,7.2381257032975554,58.66666666666667,40.0,18.666666666666668,nan,0.0,0,0,40,0,1.0,2.0,4.0,33.0
802,1,right_lane,fixed,True,1.0,40,0,20.50249644062177,0.0,2.6666666666666665,2.794085718691349,60.0,40.0,20.0,nan,0.0,0,0,40,0,0.0,0.0,1.0,39.0
803,1,right_lane,fixed,True,1.0,40,0,22.518957345971565,22.000000000000004,0.0,24.115166216823127,49.333333333333314,40.0,9.333333333333334,nan,0.0,0,0,40,0,0.0,31.0,4.0,5.0
804,1,right_lane,fixed,True,1.0,40,0,23.249999988669977,3.333333333333333,2.3333333333333335,5.781314877035584,58.0,40.0,18.0,nan,0.0,0,0,40,0,2.0,3.0,1.0,34.0
805,1,right_lane,fixed,True,1.0,40,0,23.89178955587164,7.333333333333332,5.999999999999998,10.248028809321113,56.333333333333336,40.0,16.333333333333336,nan,0.0,0,0,40,0,3.0,3.0,8.0,26.0
806,1,right_lane,fixed,True,1.0,40,0,23.141741425385526,7.666666666666667,0.6666666666666666,9.999857377028093,56.166666666666664,40.0,16.166666666666668,nan,0.0,0,0,40,0,3.0,8.0,1.0,28.0
807,1,right_lane,fixed,True,1.0,40,0,20.518957345971565,1.3333333333333333,9.333333333333332,4.789383702853229,59.5,40.0,19.5,nan,0.0,0,0,40,0,0.0,1.0,1.0,38.0
808,1,right_lane,fixed,True,1.0,40,0,20.643957345971565,0.6666666666666666,4.333333333333333,3.949557994841598,59.5,40.0,19.5,nan,0.0,0,0,40,0,0.0,1.0,2.0,37.0
809,1,right_lane,fixed,True,1.0,40,0,20.393957345971565,3.333333333333333,12.333333333333337,8.164044559001923,58.333333333333336,40.0,18.333333333333332,nan,0.0,0,0,40,0,2.0,3.0,1.0,34.0
810,1,right_lane,fixed,True,1.0,40,0,21.516466606367043,0.0,10.0,3.6664130308340646,60.0,40.0,20.0,nan,0.0,0,0,40,0,0.0,0.0,0.0,40.0
811,1,right_lane,fixed,True,1.0,40,0,21.39395734597105,0.0,4.999999999999999,3.0969177819788456,60.0,40.0,20.0,nan,0.0,0,0,40,0,0.0,0.0,0.0,40.0
812,1,right_lane,fixed,True,1.0,40,0,20.393957345971565,0.0,13.000000000000005,4.992120623588562,60.0,40.0,20.0,nan,0.0,0,0,40,0,0.0,0.0,1.0,39.0
813,1,right_lane,fixed,True,1.0,40,0,20.893957345971565,0.0,8.666666666666664,3.2565975225297734,60.0,40.0,20.0,nan,0.0,0,0,40,0,0.0,0.0,0.0,40.0
814,1,right_lane,fixed,True,1.0,40,0,22.893957345971565,39.33333333333333,0.0,38.99989992380142,40.833333333333336,40.0,0.8333333333333333,nan,0.0,0,0,40,0,37.0,3.0,0.0,0.0
815,1,right_lane,fixed,True,1.0,40,0,21.518957345971565,0.6666666666666666,1.9999999999999998,2.6473022140853573,59.166666666666664,40.0,19.166666666666664,nan,0.0,0,0,40,0,0.0,1.0,2.0,37.0
816,1,right_lane,fixed,True,1.0,40,0,23.39395174381868,17.666666666666668,2.333333333333333,19.299351274967194,51.33333333333335,40.0,11.333333333333334,nan,0.0,0,0,40,0,9.0,3.0,22.0,6.0
817,1,right_lane,fixed,True,1.0,40,0,22.516503544073885,0.0,6.999999999999997,2.7872176240489352,59.83333333333333,40.0,19.833333333333332,nan,0.0,0,0,40,0,0.0,0.0,0.0,40.0
818,1,right_lane,fixed,True,1.0,40,0,22.393957345971565,17.666666666666664,1.3333333333333335,18.97371388040483,51.16666666666667,40.0,11.166666666666668,nan,0.0,0,0,40,0,12.0,8.0,2.0,18.0
819,1,right_lane,fixed,True,1.0,40,0,21.018957345971565,1.0,3.0000000000000004,2.9784593196981177,59.50000000000001,40.0,19.499999999999996,nan,0.0,0,0,40,0,0.0,0.0,4.0,36.0
820,1,right_lane,fixed,True,1.0,40,0,21.393957345941836,1.9999999999999998,7.33333333333333,5.8342623226344585,59.0,40.0,19.0,nan,0.0,0,0,40,0,1.0,1.0,4.0,34.0
821,1,right_lane,fixed,True,1.0,40,0,21.14178965470627,0.3333333333333333,11.333333333333336,4.156726088840514,59.83333333333333,40.0,19.833333333333332,nan,0.0,0,0,40,0,0.0,1.0,1.0,38.0
822,1,right_lane,fixed,True,1.0,40,0,23.768956694084235,28.000000000000014,0.0,29.283333837985992,46.333333333333314,40.0,6.333333333333336,nan,0.0,0,0,40,0,6.0,32.0,2.0,0.0
823,1,right_lane,fixed,True,1.0,40,0,20.768957345971565,0.3333333333333333,11.000000000000002,3.7870614286512136,59.5,40.0,19.5,nan,0.0,0,0,40,0,0.0,1.0,1.0,38.0
824,1,right_lane,fixed,True,1.0,40,0,20.143957345971565,0.0,13.33333333333334,4.59619253128767,60.0,40.0,20.0,nan,0.0,0,0,40,0,0.0,0.0,0.0,40.0
825,1,right_lane,fixed,True,1.0,40,0,23.643628510748,5.666666666666667,6.333333333333331,8.34538933262229,57.5,40.0,17.500000000000004,nan,0.0,0,0,40,0,1.0,5.0,5.0,29.0
826,1,right_lane,fixed,True,1.0,40,0,22.266789568886452,28.33333333333335,0.0,29.937395066022873,45.83333333333332,40.0,5.833333333333335,nan,0.0,0,0,40,0,5.0,34.0,1.0,0.0
827,1,right_lane,fixed,True,1.0,40,0,21.62495681978381,0.0,9.666666666666666,3.7771319523453712,59.66666666666667,40.0,19.666666666666664,nan,0.0,0,0,40,0,0.0,0.0,1.0,39.0
828,1,right_lane,fixed,True,1.0,40,0,21.018957345971565,0.0,2.333333333333333,1.102661021403037,60.0,40.0,20.0,nan,0.0,0,0,40,0,0.0,0.0,0.0,40.0
829,1,right_lane,fixed,True,1.0,40,0,22.018957345971565,3.0,11.000000000000002,6.722200818359852,58.5,40.0,18.5,nan,0.0,0,0,40,0,0.0,5.0,1.0,34.0
830,1,right_lane,fixed,True,1.0,40,0,21.393957345971565,0.3333333333333333,11.66666666666667,5.188574939966202,59.83333333333333,40.0,19.833333333333332,nan,0.0,0,0,40,0,0.0,1.0,1.0,38.0
831,1,right_lane,fixed,True,1.0,40,0,21.143919754859873,0.0,13.33333333333334,4.043611988425255,60.0,40.0,20.0,nan,0.0,0,0,40,0,0.0,0.0,0.0,40.0
832,1,right_lane,fixed,True,1.0,40,0,22.143957345971565,14.666666666666664,7.666666666666663,17.21299996972084,52.666666666666664,40.0,12.666666666666666,nan,0.0,0,0,40,0,11.0,6.0,2.0,21.0
833,1,right_lane,fixed,True,1.0,40,0,22.143957344061064,24.333333333333318,3.0,24.808078035712242,48.16666666666668,40.0,8.166666666666666,nan,0.0,0,0,40,0,14.0,9.0,14.0,3.0
834,1,right_lane,fixed,True,1.0,40,0,22.516137857014485,0.0,4.333333333333333,2.694299836701248,59.66666666666667,40.0,19.666666666666664,nan,0.0,0,0,40,0,0.0,0.0,0.0,40.0
835,1,right_lane,fixed,True,1.0,40,0,23.26675140045801,13.000000000000002,7.33333333333333,15.787297293543816,53.5,40.0,13.5,nan,0.0,0,0,40,0,12.0,1.0,4.0,23.0
836,1,right_lane,fixed,True,1.0,40,0,21.893957345971565,0.3333333333333333,7.666666666666663,3.2997796193230897,59.83333333333333,40.0,19.833333333333332,nan,0.0,0,0,40,0,0.0,1.0,1.0,38.0
837,1,right_lane,fixed,True,1.0,40,0,22.125328749378443,16.333333333333346,1.3333333333333333,17.652564078569412,51.83333333333334,40.0,11.833333333333336,nan,0.0,0,0,40,0,5.0,6.0,24.0,5.0
838,1,right_lane,fixed,True,1.0,40,0,20.643957345971565,0.3333333333333333,7.33333333333333,3.9545342214405537,59.83333333333333,40.0,19.833333333333332,nan,0.0,0,0,40,0,0.0,1.0,1.0,38.0
839,1,right_lane,fixed,True,1.0,40,0,20.518957345971565,17.666666666666675,1.6666666666666665,17.92440378665924,51.5,40.0,11.499999999999998,nan,0.0,0,0,40,0,3.0,8.0,29.0,0.0
840,1,right_lane,fixed,True,1.0,40,0,21.893957345971565,17.666666666666664,2.0,19.441618110984564,50.83333333333334,40.0,10.833333333333332,nan,0.0,0,0,40,0,4.0,18.0,7.0,11.0
841,1,right_lane,fixed,True,1.0,40,0,22.018957345971565,39.666666666666664,0.33333333333333337,37.639316499233246,40.666666666666664,40.0,0.6666666666666666,nan,0.0,0,0,40,0,39.0,1.0,0.0,0.0
842,1,right_lane,fixed,True,1.0,40,0,22.14395734426102,0.6666666666666666,5.333333333333332,2.847592336591333,59.166666666666664,40.0,19.166666666666668,nan,0.0,0,0,40,0,0.0,0.0,2.0,38.0
843,1,right_lane,fixed,True,1.0,40,0,21.250000013019175,1.6666666666666665,11.000000000000002,4.763342171907425,59.166666666666664,40.0,19.166666666666664,nan,0.0,0,0,40,0,0.0,0.0,6.0,34.0
844,1,right_lane,fixed,True,1.0,40,0,22.26895723580249,0.0,4.666666666666666,2.8970976263117336,60.0,40.0,20.0,nan,0.0,0,0,40,0,0.0,0.0,1.0,39.0
845,1,right_lane,fixed,True,1.0,40,0,21.518914053846537,0.0,6.999999999999997,3.0739124991814606,60.0,40.0,20.0,nan,0.0,0,0,40,0,0.0,0.0,1.0,39.0
846,1,right_lane,fixed,True,1.0,40,0,22.252496426113908,14.0,4.333333333333333,15.663999167270958,53.0,40.0,13.0,nan,0.0,0,0,40,0,13.0,2.0,2.0,23.0
847,1,right_lane,fixed,True,1.0,40,0,21.893957345971508,4.333333333333333,1.9999999999999998,5.743305296986364,57.833333333333336,40.0,17.833333333333336,nan,0.0,0,0,40,0,0.0,5.0,5.0,30.0
848,1,right_lane,fixed,True,1.0,40,0,20.268957345971565,1.0,9.333333333333332,4.708166118711233,59.5,40.0,19.5,nan,0.0,0,0,40,0,0.0,1.0,3.0,36.0
849,1,right_lane,fixed,True,1.0,40,0,22.76895164346518,3.0,7.33333333333333,6.414493485439266,58.5,40.0,18.5,nan,0.0,0,0,40,0,0.0,2.0,7.0,31.0
850,1,right_lane,fixed,True,1.0,40,0,21.375328749382287,1.6666666666666665,10.666666666666668,5.508668071590364,59.166666666666664,40.0,19.166666666666668,nan,0.0,0,0,40,0,0.0,0.0,5.0,35.0
851,1,right_lane,fixed,True,1.0,40,0,20.518957345971565,0.6666666666666666,0.3333333333333333,1.526215920690447,59.666666666666664,40.0,19.666666666666664,nan,0.0,0,0,40,0,0.0,0.0,2.0,38.0
852,1,right_lane,fixed,True,1.0,40,0,22.768957344257103,15.666666666666664,2.6666666666666665,18.535189459333196,52.166666666666686,40.0,12.166666666666671,nan,0.0,0,0,40,0,0.0,21.0,6.0,13.0
853,1,right_lane,fixed,True,1.0,40,0,21.266181149084478,0.0,9.666666666666666,3.759232853204594,60.0,40.0,20.0,nan,0.0,0,0,40,0,0.0,0.0,0.0,40.0
854,1,right_lane,fixed,True,1.0,40,0,22.018957345971565,6.666666666666666,10.333333333333334,9.875761903822422,56.66666666666667,40.0,16.666666666666664,nan,0.0,0,0,40,0,4.0,4.0,3.0,29.0
855,1,right_lane,fixed,True,1.0,40,0,21.643671874210867,0.6666666666666666,1.0,2.162793343537487,59.666666666666664,40.0,19.666666666666668,nan,0.0,0,0,40,0,0.0,0.0,3.0,37.0
856,1,right_lane,fixed,True,1.0,40,0,20.518957345971565,0.0,9.666666666666666,3.966066397726536,60.0,40.0,20.0,nan,0.0,0,0,40,0,0.0,0.0,1.0,39.0
857,1,right_lane,fixed,True,1.0,40,0,20.64395239570216,0.0,1.6666666666666665,2.0987261421978474,60.0,40.0,20.0,nan,0.0,0,0,40,0,0.0,0.0,0.0,40.0
858,1,right_lane,fixed,True,1.0,40,0,22.018957345971565,14.000000000000007,4.666666666666666,15.78683353215456,53.00000000000001,40.0,12.999999999999996,nan,0.0,0,0,40,0,1.0,12.0,17.0,10.0
859,1,right_lane,fixed,True,1.0,40,0,20.768957345971565,2.6666666666666665,10.333333333333334,6.480683796107769,58.666666666666664,40.0,18.666666666666664,nan,0.0,0,0,40,0,1.0,1.0,6.0,32.0
860,1,right_lane,fixed,True,1.0,40,0,20.643957345971565,1.0,0.0,2.5124682437744923,59.5,40.0,19.5,nan,0.0,0,0,40,0,1.0,1.0,1.0,37.0
861,1,right_lane,fixed,True,1.0,40,0,20.768957345971565,1.0,6.666666666666664,4.429482128471136,59.5,40.0,19.5,nan,0.0,0,0,40,0,0.0,1.0,3.0,36.0
862,1,right_lane,fixed,True,1.0,40,0,21.018957344286832,1.0,9.333333333333332,4.117976577952504,59.50000000000001,40.0,19.499999999999996,nan,0.0,0,0,40,0,0.0,0.0,3.0,37.0
863,1,right_lane,fixed,True,1.0,40,0,22.768957345971565,1.3333333333333333,7.9999999999999964,4.4675316401621785,59.5,40.0,19.499999999999996,nan,0.0,0,0,40,0,0.0,1.0,3.0,36.0
864,1,right_lane,fixed,True,1.0,40,0,20.143957345971565,1.9999999999999998,12.000000000000004,6.538673676550388,58.83333333333333,40.0,18.833333333333332,nan,0.0,0,0,40,0,0.0,1.0,4.0,35.0
865,1,right_lane,fixed,True,1.0,40,0,23.518957345971565,34.0,0.0,34.1172211766243,43.333333333333314,40.0,3.333333333333332,nan,0.0,0,0,40,0,22.0,18.0,0.0,0.0
866,1,right_lane,fixed,True,1.0,40,0,21.768957345971565,3.0,5.666666666666665,4.937172158019166,58.166666666666686,40.0,18.16666666666667,nan,0.0,0,0,40,0,0.0,0.0,10.0,30.0
867,1,right_lane,fixed,True,1.0,40,0,25.268957344260944,13.666666666666666,2.6666666666666665,15.347410653019324,53.16666666666667,40.0,13.166666666666666,nan,0.0,0,0,40,0,10.0,5.0,4.0,21.0
868,1,right_lane,fixed,True,1.0,40,0,23.643957345971565,14.333333333333336,4.666666666666666,16.05818514036946,52.83333333333334,40.0,12.833333333333334,nan,0.0,0,0,40,0,8.0,4.0,11.0,17.0
869,1,right_lane,fixed,True,1.0,40,0,21.518957345971565,1.0,12.000000000000004,5.176888680784032,59.5,40.0,19.5,nan,0.0,0,0,40,0,0.0,0.0,3.0,37.0
870,1,right_lane,fixed,True,1.0,40,0,20.768957345971565,3.3333333333333335,10.0,6.238164618611336,58.33333333333333,40.0,18.333333333333336,nan,0.0,0,0,40,0,0.0,1.0,9.0,30.0
871,1,right_lane,fixed,True,1.0,40,0,21.51895165797343,0.3333333333333333,8.999999999999998,2.9506641624784606,59.83333333333333,40.0,19.833333333333332,nan,0.0,0,0,40,0,0.0,0.0,1.0,39.0
872,1,right_lane,fixed,True,1.0,40,0,22.497875600860247,30.00000000000001,0.6666666666666667,30.984261736273766,45.33333333333333,40.0,5.333333333333334,nan,0.0,0,0,40,0,11.0,27.0,1.0,1.0
873,1,right_lane,fixed,True,1.0,40,0,21.768956595446085,23.333333333333336,2.6666666666666665,25.991256445646286,48.00000000000001,40.0,7.999999999999999,nan,0.0,0,0,40,0,4.0,29.0,2.0,5.0
874,1,right_lane,fixed,True,1.0,40,0,21.768957345971565,7.666666666666663,2.333333333333333,9.13515716418624,56.33333333333337,40.0,16.333333333333343,nan,0.0,0,0,40,0,0.0,0.0,23.0,17.0
875,1,right_lane,fixed,True,1.0,40,0,22.625043291848147,2.6666666666666665,7.33333333333333,6.061821705196053,58.5,40.0,18.5,nan,0.0,0,0,40,0,2.0,2.0,1.0,35.0
876,1,right_lane,fixed,True,1.0,40,0,21.268957345971565,1.0,6.999999999999997,4.600614366587251,59.5,40.0,19.5,nan,0.0,0,0,40,0,1.0,1.0,1.0,37.0
877,1,right_lane,fixed,True,1.0,40,0,21.143671235287556,0.3333333333333333,12.333333333333337,4.598930656909943,59.83333333333333,40.0,19.833333333333332,nan,0.0,0,0,40,0,0.0,1.0,1.0,38.0
878,1,right_lane,fixed,True,1.0,40,0,24.393957345971565,11.333333333333334,4.666666666666666,13.97723978664726,54.333333333333336,40.0,14.333333333333332,nan,0.0,0,0,40,0,9.0,3.0,4.0,24.0
879,1,right_lane,fixed,True,1.0,40,0,22.393957345937928,8.333333333333334,4.0,11.02298139105551,55.833333333333336,40.0,15.833333333333332,nan,0.0,0,0,40,0,7.0,3.0,1.0,29.0
880,1,right_lane,fixed,True,1.0,40,0,22.518957345971565,9.0,7.33333333333333,12.387800227035768,55.500000000000014,40.0,15.500000000000002,nan,0.0,0,0,40,0,6.0,3.0,6.0,25.0
881,1,right_lane,fixed,True,1.0,40,0,21.018957345971565,1.0,4.333333333333333,3.2875221971189603,59.5,40.0,19.5,nan,0.0,0,0,40,0,0.0,2.0,1.0,37.0
882,1,right_lane,fixed,True,1.0,40,0,21.12749644062177,1.0,3.0,3.642138611525297,59.5,40.0,19.5,nan,0.0,0,0,40,0,0.0,0.0,3.0,37.0
883,1,right_lane,fixed,True,1.0,40,0,21.393957345971565,1.3333333333333333,10.333333333333334,5.384369073435664,59.333333333333336,40.0,19.333333333333336,nan,0.0,0,0,40,0,1.0,1.0,2.0,36.0
884,1,right_lane,fixed,True,1.0,40,0,20.893671802817988,0.0,13.33333333333334,3.929118037223816,60.0,40.0,20.0,nan,0.0,0,0,40,0,0.0,0.0,0.0,40.0
885,1,right_lane,fixed,True,1.0,40,0,21.502210331452325,0.6666666666666666,6.333333333333331,3.17905613174662,59.666666666666664,40.0,19.666666666666664,nan,0.0,0,0,40,0,0.0,0.0,2.0,38.0
886,1,right_lane,fixed,True,1.0,40,0,21.518957345971565,9.000000000000004,8.999999999999998,12.116456478834152,55.5,40.0,15.499999999999998,nan,0.0,0,0,40,0,0.0,9.0,11.0,20.0
887,1,right_lane,fixed,True,1.0,40,0,20.875005701017248,0.0,11.66666666666667,3.9384797737002373,60.0,40.0,20.0,nan,0.0,0,0,40,0,0.0,0.0,1.0,39.0
888,1,right_lane,fixed,True,1.0,40,0,21.018957345971565,39.33333333333333,0.0,37.103027522563934,40.833333333333336,40.0,0.8333333333333333,nan,0.0,0,0,40,0,37.0,3.0,0.0,0.0
889,1,right_lane,fixed,True,1.0,40,0,25.018957345971565,17.666666666666664,3.3333333333333335,19.18099357932806,50.66666666666666,40.0,10.666666666666666,nan,0.0,0,0,40,0,12.0,4.0,10.0,14.0
890,1,right_lane,fixed,True,1.0,40,0,21.768957345971565,5.333333333333333,4.0,7.469628649065271,57.333333333333336,40.0,17.333333333333332,nan,0.0,0,0,40,0,3.0,3.0,2.0,32.0
891,1,right_lane,fixed,True,1.0,40,0,22.00249644062177,7.333333333333334,5.333333333333332,9.443488119722133,56.666666666666664,40.0,16.666666666666675,nan,0.0,0,0,40,0,0.0,7.0,8.0,25.0
892,1,right_lane,fixed,True,1.0,40,0,22.768957344031342,18.666666666666654,1.0,20.33180170727428,50.50000000000003,40.0,10.500000000000002,nan,0.0,0,0,40,0,1.0,22.0,10.0,7.0
893,1,right_lane,fixed,True,1.0,40,0,20.62749644062177,1.0,11.333333333333336,5.566889353096485,59.333333333333336,40.0,19.333333333333332,nan,0.0,0,0,40,0,0.0,0.0,4.0,36.0
894,1,right_lane,fixed,True,1.0,40,0,21.518957345971565,19.0,4.333333333333333,20.950681898742914,50.5,40.0,10.5,nan,0.0,0,0,40,0,16.0,5.0,1.0,18.0
895,1,right_lane,fixed,True,1.0,40,0,23.26867188868457,18.0,0.6666666666666666,18.920013338327408,51.5,40.0,11.5,nan,0.0,0,0,40,0,16.0,2.0,2.0,20.0
896,1,right_lane,fixed,True,1.0,40,0,21.643629347336095,9.0,8.33333333333333,12.113117475993931,55.0,40.0,15.0,nan,0.0,0,0,40,0,9.0,1.0,1.0,29.0
897,1,right_lane,fixed,True,1.0,40,0,21.768957260126378,0.3333333333333333,1.3333333333333333,1.2860331451520324,59.83333333333333,40.0,19.833333333333332,nan,0.0,0,0,40,0,0.0,0.0,1.0,39.0
898,1,right_lane,fixed,True,1.0,40,0,20.393957345971565,0.0,13.000000000000005,4.985584996640682,60.0,40.0,20.0,nan,0.0,0,0,40,0,0.0,0.0,0.0,40.0
899,1,right_lane,fixed,True,1.0,40,0,21.143957345971565,10.000000000000002,6.666666666666664,13.452595859766006,55.0,40.0,15.0,nan,0.0,0,0,40,0,1.0,10.0,10.0,19.0
900,1,right_lane,fixed,True,1.0,40,0,21.518957345971565,1.6666666666666665,2.333333333333333,3.2964912670177,59.16666666666667,40.0,19.166666666666668,nan,0.0,0,0,40,0,0.0,0.0,6.0,34.0
901,1,right_lane,fixed,True,1.0,40,0,22.143957345971558,17.333333333333332,5.666666666666665,18.81406468153,51.333333333333336,40.0,11.333333333333334,nan,0.0,0,0,40,0,14.0,3.0,5.0,18.0
902,1,right_lane,fixed,True,1.0,40,0,21.268957345971565,27.666666666666682,1.0,29.510374982841313,46.166666666666664,40.0,6.166666666666666,nan,0.0,0,0,40,0,13.0,22.0,3.0,2.0
903,1,right_lane,fixed,True,1.0,40,0,21.268957345971565,0.6666666666666666,7.33333333333333,4.250029746443033,59.666666666666664,40.0,19.666666666666664,nan,0.0,0,0,40,0,0.0,0.0,3.0,37.0
904,1,right_lane,fixed,True,1.0,40,0,22.249672012677575,0.3333333333333333,8.666666666666664,3.8621364315476967,59.833333333333336,40.0,19.833333333333336,nan,0.0,0,0,40,0,0.0,0.0,1.0,39.0
905,1,right_lane,fixed,True,1.0,40,0,23.25249644062177,8.666666666666668,8.33333333333333,11.759366846526973,55.666666666666664,40.0,15.666666666666666,nan,0.0,0,0,40,0,5.0,6.0,1.0,28.0
906,1,right_lane,fixed,True,1.0,40,0,20.393957345971565,1.0,13.666666666666673,6.0349051877856255,59.5,40.0,19.5,nan,0.0,0,0,40,0,0.0,0.0,4.0,36.0
907,1,right_lane,fixed,True,1.0,40,0,21.26895734596765,0.6666666666666666,4.0,3.805742386728525,59.666666666666664,40.0,19.666666666666664,nan,0.0,0,0,40,0,0.0,0.0,3.0,37.0
908,1,right_lane,fixed,True,1.0,40,0,21.768957345971565,12.333333333333334,5.999999999999998,14.546871369704604,53.833333333333336,40.0,13.833333333333332,nan,0.0,0,0,40,0,11.0,2.0,3.0,24.0
909,1,right_lane,fixed,True,1.0,40,0,21.143671888689,14.66666666666666,3.0,17.30383535241708,52.99999999999996,40.0,12.999999999999988,nan,0.0,0,0,40,0,0.0,20.0,3.0,17.0
910,1,right_lane,fixed,True,1.0,40,0,22.643956694084682,0.6666666666666666,3.0,2.6052214211930504,59.333333333333336,40.0,19.333333333333336,nan,0.0,0,0,40,0,0.0,0.0,3.0,37.0
911,1,right_lane,fixed,True,1.0,40,0,20.268957345971565,0.0,13.33333333333334,3.993400827050209,60.0,40.0,20.0,nan,0.0,0,0,40,0,0.0,0.0,0.0,40.0
912,1,right_lane,fixed,True,1.0,40,0,20.393957345971565,0.0,10.666666666666668,4.534600008279085,60.0,40.0,20.0,nan,0.0,0,0,40,0,0.0,0.0,1.0,39.0
913,1,right_lane,fixed,True,1.0,40,0,21.768957345971565,39.33333333333333,0.0,39.04338389635086,40.833333333333336,40.0,0.8333333333333333,nan,0.0,0,0,40,0,37.0,3.0,0.0,0.0
914,1,right_lane,fixed,True,1.0,40,0,22.393957345971565,39.333333333333336,0.0,38.97883915901184,40.333333333333336,40.0,0.3333333333333333,nan,0.0,0,0,40,0,38.0,2.0,0.0,0.0
915,1,right_lane,fixed,True,1.0,40,0,21.26895734596765,3.333333333333333,1.3333333333333333,6.151802875101566,57.833333333333336,40.0,17.833333333333332,nan,0.0,0,0,40,0,2.0,3.0,1.0,34.0
916,1,right_lane,fixed,True,1.0,40,0,24.8753222976138,4.0,5.666666666666665,7.1720229059091025,58.0,40.0,18.0,nan,0.0,0,0,40,0,0.0,4.0,6.0,30.0
917,1,right_lane,fixed,True,1.0,40,0,20.643957345971565,0.6666666666666666,4.999999999999999,2.9488970350357704,59.666666666666664,40.0,19.666666666666664,nan,0.0,0,0,40,0,0.0,0.0,3.0,37.0
918,1,right_lane,fixed,True,1.0,40,0,20.768957345971565,0.0,5.666666666666665,2.811959810904227,60.0,40.0,20.0,nan,0.0,0,0,40,0,0.0,0.0,0.0,40.0
919,1,right_lane,fixed,True,1.0,11,1,24.159841805751753,10.333333333333332,0.0,10.338852405548096,11.833333333333334,11.0,0.8333333333333333,nan,0.0,0,0,11,0,9.0,2.0,0.0,0.0
920,1,right_lane,fixed,True,1.0,40,0,22.393957345971565,0.6666666666666666,0.0,1.110857113066686,59.166666666666664,40.0,19.166666666666664,nan,0.0,0,0,40,0,0.0,0.0,3.0,37.0
921,1,right_lane,fixed,True,1.0,40,0,22.877210148457237,0.0,10.333333333333334,3.861438439590529,60.0,40.0,20.0,nan,0.0,0,0,40,0,0.0,0.0,0.0,40.0
922,1,right_lane,fixed,True,1.0,40,0,21.893957345971565,0.3333333333333333,2.6666666666666665,2.2464039642441094,59.83333333333333,40.0,19.833333333333332,nan,0.0,0,0,40,0,0.0,0.0,1.0,39.0
923,1,right_lane,fixed,True,1.0,40,0,22.143957345971565,1.0,4.666666666666666,3.2451582418289036,59.5,40.0,19.5,nan,0.0,0,0,40,0,0.0,1.0,3.0,36.0
924,1,right_lane,fixed,True,1.0,40,0,22.143957345971565,1.3333333333333333,10.0,4.70329999178648,59.333333333333336,40.0,19.333333333333332,nan,0.0,0,0,40,0,0.0,0.0,5.0,35.0
925,1,right_lane,fixed,True,1.0,40,0,23.39146091836897,25.666666666666668,0.6666666666666666,27.27312485128641,47.66666666666666,40.0,7.666666666666672,nan,0.0,0,0,40,0,5.0,28.0,4.0,3.0
926,1,right_lane,fixed,True,1.0,40,0,21.50249644062177,27.333333333333346,0.6666666666666667,29.075914084911346,45.999999999999986,40.0,6.000000000000002,nan,0.0,0,0,40,0,4.0,36.0,0.0,0.0
927,1,right_lane,fixed,True,1.0,40,0,20.643957344482878,0.6666666666666666,6.666666666666664,4.665269333869219,59.5,40.0,19.5,nan,0.0,0,0,40,0,0.0,1.0,2.0,37.0
928,1,right_lane,fixed,True,1.0,40,0,22.018957345971565,5.666666666666666,4.999999999999999,8.216281555680325,57.16666666666667,40.0,17.166666666666664,nan,0.0,0,0,40,0,5.0,2.0,1.0,32.0
929,1,right_lane,fixed,True,1.0,40,0,22.10858238674993,23.0,3.666666666666667,23.537503456696868,49.0,40.0,8.999999999999996,nan,0.0,0,0,40,0,18.0,5.0,2.0,15.0
930,1,right_lane,fixed,True,1.0,3,1,25.0,1.0,0.0,1.8440300822257996,3.5,3.0,0.5,nan,0.0,0,0,3,0,1.0,1.0,1.0,0.0
931,1,right_lane,fixed,True,1.0,40,0,22.518957345971565,16.666666666666675,4.999999999999999,18.02497136592865,51.83333333333335,40.0,11.83333333333334,nan,0.0,0,0,40,0,4.0,9.0,21.0,6.0
932,1,right_lane,fixed,True,1.0,5,1,25.0,0.6666666666666666,0.6666666666666666,1.157947525382042,7.166666666666666,5.0,2.1666666666666665,nan,0.0,0,0,5,0,0.0,0.0,2.0,3.0
933,1,right_lane,fixed,True,1.0,40,0,20.268957345971565,0.0,12.000000000000004,4.074019514024258,59.83333333333333,40.0,19.833333333333332,nan,0.0,0,0,40,0,0.0,0.0,0.0,40.0
934,1,right_lane,fixed,True,1.0,40,0,21.768957345971565,3.666666666666667,10.333333333333336,7.560749008553103,58.16666666666667,40.0,18.16666666666667,nan,0.0,0,0,40,0,0.0,2.0,8.0,30.0
935,1,right_lane,fixed,True,1.0,40,0,22.01618114756266,1.6666666666666665,4.333333333333333,4.351650235708803,59.16666666666667,40.0,19.166666666666668,nan,0.0,0,0,40,0,0.0,1.0,5.0,34.0
936,1,right_lane,fixed,True,1.0,40,0,21.643957345971565,8.333333333333332,6.999999999999997,10.292632602155209,55.83333333333335,40.0,15.833333333333337,nan,0.0,0,0,40,0,0.0,5.0,15.0,20.0
937,1,right_lane,fixed,True,1.0,40,0,22.893957344482878,27.000000000000014,4.000000000000001,29.2529716193676,46.833333333333314,40.0,6.8333333333333375,nan,0.0,0,0,40,0,6.0,30.0,4.0,0.0
938,1,right_lane,fixed,True,1.0,40,0,20.643957345971565,0.3333333333333333,4.666666666666666,2.311247931327671,59.66666666666667,40.0,19.666666666666664,nan,0.0,0,0,40,0,0.0,0.0,1.0,39.0
939,1,right_lane,fixed,True,1.0,40,0,20.893957345971565,1.0,7.9999999999999964,4.079304006074608,59.333333333333336,40.0,19.333333333333336,nan,0.0,0,0,40,0,0.0,1.0,3.0,36.0
940,1,right_lane,fixed,True,1.0,40,0,23.26891975486327,29.33333333333335,0.6666666666666667,30.6446396112442,45.66666666666666,40.0,5.666666666666668,nan,0.0,0,0,40,0,8.0,32.0,0.0,0.0
941,1,right_lane,fixed,True,1.0,40,0,20.643914152736198,1.6666666666666665,12.33333333333334,6.785151496529579,58.833333333333336,40.0,18.833333333333336,nan,0.0,0,0,40,0,0.0,1.0,5.0,34.0
942,1,right_lane,fixed,True,1.0,40,0,24.518957345971565,19.666666666666664,0.6666666666666666,21.379469401406823,50.499999999999964,40.0,10.499999999999991,nan,0.0,0,0,40,0,6.0,20.0,2.0,12.0
943,1,right_lane,fixed,True,1.0,40,0,22.01891975488864,0.0,6.999999999999997,2.547194952432619,59.66666666666667,40.0,19.666666666666664,nan,0.0,0,0,40,0,0.0,0.0,0.0,40.0
944,1,right_lane,fixed,True,1.0,40,0,21.502496439133083,0.3333333333333333,3.666666666666667,2.825586910592392,59.833333333333336,40.0,19.833333333333336,nan,0.0,0,0,40,0,0.0,0.0,2.0,38.0
945,1,right_lane,fixed,True,1.0,40,0,23.143957344482295,20.333333333333336,1.6666666666666665,22.247098386404105,50.166666666666636,40.0,10.166666666666659,nan,0.0,0,0,40,0,6.0,18.0,8.0,8.0
946,1,right_lane,fixed,True,1.0,40,0,22.143957345971554,16.999999999999996,5.333333333333332,19.52750324457884,51.16666666666668,40.0,11.166666666666668,nan,0.0,0,0,40,0,5.0,16.0,6.0,13.0
947,1,right_lane,fixed,True,1.0,40,0,20.393957345971565,0.0,9.333333333333332,3.944008082151413,60.0,40.0,20.0,nan,0.0,0,0,40,0,0.0,0.0,0.0,40.0
948,1,right_lane,fixed,True,1.0,40,0,20.893957345945747,3.6666666666666665,11.66666666666667,7.705622315406799,58.166666666666664,40.0,18.166666666666668,nan,0.0,0,0,40,0,0.0,4.0,3.0,33.0
949,1,right_lane,fixed,True,1.0,40,0,22.018957345971565,20.000000000000004,6.333333333333331,21.86147042363882,50.0,40.0,10.0,nan,0.0,0,0,40,0,17.0,5.0,2.0,16.0
950,1,right_lane,fixed,True,1.0,40,0,21.393913415004132,7.666666666666667,9.333333333333332,11.627273134887218,56.166666666666664,40.0,16.166666666666664,nan,0.0,0,0,40,0,0.0,8.0,7.0,25.0
951,1,right_lane,fixed,True,1.0,40,0,20.768957345971565,1.3333333333333333,11.333333333333336,4.704876497387886,59.33333333333333,40.0,19.333333333333336,nan,0.0,0,0,40,0,0.0,0.0,4.0,36.0
952,1,right_lane,fixed,True,1.0,40,0,20.893957345971565,0.0,10.666666666666668,3.9382066316902637,60.0,40.0,20.0,nan,0.0,0,0,40,0,0.0,0.0,0.0,40.0
953,1,right_lane,fixed,True,1.0,40,0,20.893957345971565,3.666666666666667,7.9999999999999964,7.106751152547076,58.16666666666667,40.0,18.166666666666664,nan,0.0,0,0,40,0,2.0,1.0,6.0,31.0
954,1,right_lane,fixed,True,1.0,40,0,20.393957345971565,4.0,12.666666666666671,7.79893634468317,58.0,40.0,18.0,nan,0.0,0,0,40,0,0.0,4.0,5.0,31.0
955,1,right_lane,fixed,True,1.0,40,0,21.018956694084682,2.6666666666666665,9.666666666666666,6.68196863681078,58.666666666666664,40.0,18.666666666666664,nan,0.0,0,0,40,0,2.0,1.0,3.0,34.0
956,1,right_lane,fixed,True,1.0,40,0,20.518957345971565,1.3333333333333333,7.33333333333333,4.870910078287125,59.33333333333333,40.0,19.333333333333336,nan,0.0,0,0,40,0,1.0,1.0,2.0,36.0
957,1,right_lane,fixed,True,1.0,40,0,20.768957345971565,40.0,0.0,39.89597541093826,40.5,40.0,0.5,nan,0.0,0,0,40,0,40.0,0.0,0.0,0.0
958,1,right_lane,fixed,True,1.0,40,0,22.143957345967653,0.0,10.0,3.991319346241653,59.5,40.0,19.5,nan,0.0,0,0,40,0,0.0,0.0,1.0,39.0
959,1,right_lane,fixed,True,1.0,40,0,21.518957345971565,0.6666666666666666,7.9999999999999964,4.123839323641732,59.666666666666664,40.0,19.666666666666664,nan,0.0,0,0,40,0,0.0,1.0,2.0,37.0
960,1,right_lane,fixed,True,1.0,40,0,21.018957345971565,1.0,11.333333333333336,6.096467664465308,59.5,40.0,19.5,nan,0.0,0,0,40,0,1.0,1.0,1.0,37.0
961,1,right_lane,fixed,True,1.0,40,0,21.518957345971565,1.0,10.333333333333334,5.294722490885761,59.5,40.0,19.5,nan,0.0,0,0,40,0,1.0,1.0,1.0,37.0
962,1,right_lane,fixed,True,1.0,40,0,20.268957345971565,0.0,9.666666666666666,3.8367927856743336,60.0,40.0,20.0,nan,0.0,0,0,40,0,0.0,0.0,0.0,40.0
963,1,right_lane,fixed,True,1.0,40,0,20.268957345971565,0.0,4.333333333333333,2.831745520234108,60.0,40.0,20.0,nan,0.0,0,0,40,0,0.0,0.0,0.0,40.0
964,1,right_lane,fixed,True,1.0,40,0,20.518957345971565,0.3333333333333333,11.66666666666667,4.677597492933273,59.83333333333333,40.0,19.833333333333332,nan,0.0,0,0,40,0,0.0,1.0,1.0,38.0
965,1,right_lane,fixed,True,1.0,40,0,24.01895733317816,14.000000000000002,4.666666666666666,16.15733046713285,53.00000000000001,40.0,13.0,nan,0.0,0,0,40,0,6.0,9.0,8.0,17.0
966,1,right_lane,fixed,True,1.0,40,0,21.018957345971565,0.0,4.666666666666666,2.035931970895035,60.0,40.0,20.0,nan,0.0,0,0,40,0,0.0,0.0,1.0,39.0
967,1,right_lane,fixed,True,1.0,40,0,21.518586154105154,5.999999999999998,1.9999999999999998,7.139478912577033,57.000000000000014,40.0,17.000000000000007,nan,0.0,0,0,40,0,0.0,1.0,18.0,21.0
968,1,right_lane,fixed,True,1.0,40,0,21.018957345971565,5.666666666666665,4.333333333333333,8.076699659861333,57.1666666666667,40.0,17.166666666666675,nan,0.0,0,0,40,0,1.0,1.0,15.0,23.0
969,1,right_lane,fixed,True,1.0,4,1,28.560859461281616,2.3333333333333335,0.6666666666666667,2.8229329586029053,5.000000000000001,4.0,0.9999999999999999,nan,0.0,0,0,4,0,0.0,4.0,0.0,0.0
970,1,right_lane,fixed,True,1.0,40,0,21.393957345971565,0.6666666666666666,3.3333333333333335,3.6925560175441206,59.5,40.0,19.5,nan,0.0,0,0,40,0,0.0,1.0,2.0,37.0
971,1,right_lane,fixed,True,1.0,40,0,21.768957345971565,0.6666666666666666,4.999999999999999,3.0068241540202507,59.666666666666664,40.0,19.666666666666668,nan,0.0,0,0,40,0,0.0,0.0,3.0,37.0
972,1,right_lane,fixed,True,1.0,40,0,22.768957345971565,11.999999999999998,6.666666666666664,15.579779878258705,54.0,40.0,14.0,nan,0.0,0,0,40,0,10.0,4.0,1.0,25.0
973,1,right_lane,fixed,True,1.0,40,0,24.37749644062177,10.333333333333334,6.999999999999997,13.41277447110042,54.833333333333336,40.0,14.833333333333334,nan,0.0,0,0,40,0,6.0,6.0,3.0,25.0
974,1,right_lane,fixed,True,1.0,40,0,22.768634297606518,16.333333333333346,1.333333333333333,17.60718208551407,51.83333333333335,40.0,11.833333333333334,nan,0.0,0,0,40,0,6.0,4.0,25.0,5.0
975,1,right_lane,fixed,True,1.0,40,0,25.018919754637487,24.666666666666682,0.6666666666666666,25.77200957830064,47.99999999999998,40.0,8.000000000000002,nan,0.0,0,0,40,0,12.0,18.0,2.0,8.0
976,1,right_lane,fixed,True,1.0,40,0,21.858867844032495,1.6666666666666665,6.999999999999997,4.316223529865965,59.00000000000001,40.0,18.999999999999996,nan,0.0,0,0,40,0,0.0,0.0,4.0,36.0
977,1,right_lane,fixed,True,1.0,40,0,22.247546100982216,0.3333333333333333,6.666666666666664,3.590535170535304,59.666666666666664,40.0,19.666666666666664,nan,0.0,0,0,40,0,0.0,0.0,1.0,39.0
978,1,right_lane,fixed,True,1.0,40,0,22.516789654510227,28.33333333333335,0.0,28.80500966310501,46.16666666666665,40.0,6.166666666666669,nan,0.0,0,0,40,0,6.0,32.0,1.0,1.0
979,1,right_lane,fixed,True,1.0,40,0,22.268957345971565,6.333333333333333,7.666666666666663,9.777355928905308,56.5,40.0,16.5,nan,0.0,0,0,40,0,4.0,4.0,2.0,30.0
980,1,right_lane,fixed,True,1.0,40,0,22.25000075075124,5.333333333333332,8.999999999999998,8.782442510128021,57.33333333333334,40.0,17.333333333333336,nan,0.0,0,0,40,0,0.0,6.0,6.0,28.0
981,1,right_lane,fixed,True,1.0,40,0,22.375043292099726,0.3333333333333333,8.666666666666664,3.819331941078417,59.83333333333333,40.0,19.833333333333332,nan,0.0,0,0,40,0,0.0,0.0,2.0,38.0
982,1,right_lane,fixed,True,1.0,40,0,20.393957345971565,8.666666666666666,8.0,11.639435544610023,55.833333333333336,40.0,15.833333333333334,nan,0.0,0,0,40,0,0.0,6.0,14.0,20.0
983,1,right_lane,fixed,True,1.0,40,0,21.268957345971565,0.3333333333333333,2.6666666666666665,1.6270554035436362,59.666666666666664,40.0,19.666666666666664,nan,0.0,0,0,40,0,0.0,0.0,1.0,39.0
984,1,right_lane,fixed,True,1.0,40,0,21.018957345971565,1.6666666666666665,1.0,3.337924947903957,59.16666666666667,40.0,19.166666666666664,nan,0.0,0,0,40,0,0.0,2.0,2.0,36.0
985,1,right_lane,fixed,True,1.0,40,0,22.518956509375194,0.3333333333333333,6.333333333333331,3.1116478259209543,59.83333333333333,40.0,19.833333333333332,nan,0.0,0,0,40,0,0.0,0.0,2.0,38.0
986,1,right_lane,fixed,True,1.0,40,0,20.643957345971565,3.6666666666666674,10.66666666666667,7.783119315718068,58.16666666666667,40.0,18.16666666666667,nan,0.0,0,0,40,0,0.0,2.0,8.0,30.0
987,1,right_lane,fixed,True,1.0,40,0,22.018957345971565,25.00000000000001,0.3333333333333333,27.10126957297325,47.833333333333314,40.0,7.833333333333338,nan,0.0,0,0,40,0,2.0,33.0,4.0,1.0
988,1,right_lane,fixed,True,1.0,40,0,20.393957345971565,0.3333333333333333,12.333333333333337,5.678269185125828,59.5,40.0,19.5,nan,0.0,0,0,40,0,0.0,1.0,1.0,38.0
989,1,right_lane,fixed,True,1.0,40,0,21.393957345971565,1.3333333333333333,7.33333333333333,4.980775221949443,59.333333333333336,40.0,19.333333333333332,nan,0.0,0,0,40,0,0.0,1.0,4.0,35.0
990,1,right_lane,fixed,True,1.0,40,0,22.143957345745793,0.0,11.333333333333336,3.8815401754394543,60.0,40.0,20.0,nan,0.0,0,0,40,0,0.0,0.0,0.0,40.0
991,1,right_lane,fixed,True,1.0,40,0,21.768957345971565,28.0,2.0000000000000004,28.775137841701508,46.5,40.0,6.500000000000003,nan,0.0,0,0,40,0,7.0,29.0,4.0,0.0
992,1,right_lane,fixed,True,1.0,40,0,20.768957345971565,0.3333333333333333,6.666666666666664,3.666100088506937,59.33333333333333,40.0,19.333333333333332,nan,0.0,0,0,40,0,0.0,1.0,1.0,38.0
993,1,right_lane,fixed,True,1.0,40,0,22.39395659544609,4.333333333333333,1.0,6.189879979938269,57.83333333333333,40.0,17.833333333333332,nan,0.0,0,0,40,0,0.0,4.0,5.0,31.0
994,1,right_lane,fixed,True,1.0,40,0,20.768957345971565,2.333333333333333,8.666666666666664,5.381968297064304,58.83333333333333,40.0,18.833333333333332,nan,0.0,0,0,40,0,0.0,1.0,6.0,33.0
995,1,right_lane,fixed,True,1.0,40,0,20.268957345971565,0.0,4.333333333333333,3.146119460463524,60.0,40.0,20.0,nan,0.0,0,0,40,0,0.0,0.0,0.0,40.0
996,1,right_lane,fixed,True,1.0,40,0,22.518957345971565,10.333333333333332,0.3333333333333333,12.352630507200956,54.83333333333333,40.0,14.833333333333332,nan,0.0,0,0,40,0,9.0,3.0,1.0,27.0
997,1,right_lane,fixed,True,1.0,40,0,21.393957345971565,0.0,10.0,3.797292527030436,60.0,40.0,20.0,nan,0.0,0,0,40,0,0.0,0.0,0.0,40.0
998,1,right_lane,fixed,True,1.0,40,0,21.39395726012632,1.0,3.3333333333333335,2.976046230061911,59.5,40.0,19.5,nan,0.0,0,0,40,0,0.0,0.0,4.0,36.0
999,1,right_lane,fixed,True,1.0,40,0,20.768957345971565,1.9999999999999998,5.999999999999998,5.0303593054413795,59.0,40.0,19.0,nan,0.0,0,0,40,0,0.0,1.0,5.0,34.0
