episode_id,policy_freq,profile,method,filter,value,episode_length,collision,mean_speed,total_cost,total_avoided_cost,total_expected_cost,total_reward,total_basic_reward,total_added_reward,mean_iterations_to_converge,convergence_rate,outcome_unchanged_count,outcome_naively_augmented_count,outcome_rcps_augmented_count,outcome_projection_count,lane_0_time,lane_1_time,lane_2_time
0,1,right_lane,naive,False,nan,40,0,24.143956595220835,28.5,0.0,28.291650898754597,51.878418998102696,46.628418998102696,5.25,nan,0.0,0,40,0,0,29.0,1.0,10.0
1,1,right_lane,naive,False,nan,40,0,22.39391909147172,0.0,0.5,3.272515425167512,63.5793364593207,43.8293364593207,19.75,nan,0.0,0,40,0,0,0.0,1.0,39.0
2,1,right_lane,naive,False,nan,40,0,21.75000000171446,13.0,8.0,15.750791382044554,56.29806789106911,42.7980678910691,13.5,nan,0.0,0,40,0,0,12.0,2.0,26.0
3,1,right_lane,naive,False,nan,40,0,21.643957345971565,0.0,9.5,3.9092843963126143,62.63033175355449,42.63033175355449,20.0,nan,0.0,0,40,0,0,0.0,0.0,40.0
4,1,right_lane,naive,False,nan,40,0,22.643957345971565,4.0,3.0,7.649663121043886,61.978228641023186,44.22822864102319,17.75,nan,0.0,0,40,0,0,1.0,7.0,32.0
5,1,right_lane,naive,False,nan,40,0,21.393957345971565,40.0,0.0,37.15131676197052,42.23033175355451,42.23033175355451,0.0,nan,0.0,0,40,0,0,40.0,0.0,0.0
6,1,right_lane,naive,False,nan,40,0,23.518957345971565,9.5,8.5,13.29667195584625,60.37889399246111,45.62889399246111,14.75,nan,0.0,0,40,0,0,10.0,1.0,29.0
7,1,right_lane,naive,False,nan,40,0,23.76895734597149,12.5,7.5,15.83663277820051,59.2770242896722,46.0270242896722,13.25,nan,0.0,0,40,0,0,10.0,7.0,23.0
8,1,right_lane,naive,False,nan,40,0,20.893957345971565,0.0,12.5,4.6425478011369705,61.4303317535545,41.43033175355451,20.0,nan,0.0,0,40,0,0,0.0,0.0,40.0
9,1,right_lane,naive,False,nan,40,0,22.26895733124236,2.5,0.5,6.161811182042584,62.128991116710566,43.628991116710566,18.5,nan,0.0,0,40,0,0,0.0,6.0,34.0
10,1,right_lane,naive,False,nan,40,0,22.39395726012593,0.0,7.0,3.6006728055084523,63.830331616201484,43.83033161620149,20.0,nan,0.0,0,40,0,0,0.0,0.0,40.0
11,1,right_lane,naive,False,nan,20,1,25.287914662535183,0.0,1.0,1.3428538945352102,34.23033173002814,24.23033173002815,10.0,nan,0.0,0,20,0,0,0.0,0.0,20.0
12,1,right_lane,naive,False,nan,40,0,21.356377104427974,0.5,2.0,4.315519545335974,61.41827001786976,42.16827001786976,19.25,nan,0.0,0,40,0,0,1.0,1.0,38.0
13,1,right_lane,naive,False,nan,40,0,20.268957345971565,0.0,20.0,5.834715612232685,60.430331753554505,40.430331753554505,20.0,nan,0.0,0,40,0,0,0.0,0.0,40.0
14,1,right_lane,naive,False,nan,40,0,20.393957345971565,0.0,16.5,4.863426066935062,60.37939766652045,40.62939766652045,19.75,nan,0.0,0,40,0,0,0.0,1.0,39.0
15,1,right_lane,naive,False,nan,40,0,22.643957345971565,7.5,0.5,10.380385344324168,59.9783987358324,44.22839873583241,15.75,nan,0.0,0,40,0,0,8.0,1.0,31.0
16,1,right_lane,naive,False,nan,40,0,22.893956692596,0.0,7.5,3.976097859987931,64.37939662302982,44.6293966230298,19.75,nan,0.0,0,40,0,0,0.0,1.0,39.0
17,1,right_lane,naive,False,nan,40,0,22.018957345971565,0.0,10.5,4.3769309947356305,63.2303317535545,43.2303317535545,20.0,nan,0.0,0,40,0,0,0.0,0.0,40.0
18,1,right_lane,naive,False,nan,40,0,21.018957345971565,0.5,11.0,5.369916092604399,60.87839840507327,41.62839840507326,19.25,nan,0.0,0,40,0,0,1.0,1.0,38.0
19,1,right_lane,naive,False,nan,40,0,22.00249644062177,17.5,1.0,18.911641530692577,54.203060880717636,43.203060880717636,11.0,nan,0.0,0,40,0,0,17.0,2.0,21.0
20,1,right_lane,naive,False,nan,40,0,21.143957345971565,7.0,12.5,11.059724040329456,58.07619232118285,41.82619232118285,16.25,nan,0.0,0,40,0,0,5.0,5.0,30.0
21,1,right_lane,naive,False,nan,40,0,20.893957345971565,0.0,4.0,4.365846265107393,61.17939832963656,41.42939832963656,19.75,nan,0.0,0,40,0,0,0.0,1.0,39.0
22,1,right_lane,naive,False,nan,40,0,21.393957345971565,11.5,8.5,14.738434068858624,56.22963719129668,42.22963719129668,14.0,nan,0.0,0,40,0,0,10.0,4.0,26.0
23,1,right_lane,naive,False,nan,40,0,21.268957345971565,3.0,11.0,8.069123037159443,60.02746056245117,42.02746056245116,18.0,nan,0.0,0,40,0,0,1.0,6.0,33.0
24,1,right_lane,naive,False,nan,40,0,21.643957345775522,4.5,5.0,8.481731288135052,60.376514341392856,42.62651434139286,17.75,nan,0.0,0,40,0,0,2.0,5.0,33.0
25,1,right_lane,naive,False,nan,40,0,21.143957345971565,0.0,12.0,4.463740135439366,61.8303317535545,41.8303317535545,20.0,nan,0.0,0,40,0,0,0.0,0.0,40.0
26,1,right_lane,naive,False,nan,40,0,26.24999999828554,29.5,1.0,28.971723374379508,54.99391528460492,49.99391528460492,5.0,nan,0.0,0,40,0,0,27.0,6.0,7.0
27,1,right_lane,naive,False,nan,40,0,22.768957345971565,8.5,6.5,12.305839642882347,59.67889371077206,44.428893710772066,15.25,nan,0.0,0,40,0,0,9.0,1.0,30.0
28,1,right_lane,naive,False,nan,40,0,21.018957345971554,7.0,11.0,11.197587664315506,57.8780548120291,41.62805481202909,16.25,nan,0.0,0,40,0,0,0.0,15.0,25.0
29,1,right_lane,naive,False,nan,40,0,23.643957345971565,0.0,1.5,3.4530125166184007,65.8303317535545,45.83033175355451,20.0,nan,0.0,0,40,0,0,0.0,0.0,40.0
30,1,right_lane,naive,False,nan,40,0,20.76895734597105,0.0,0.5,4.109722673892975,61.230331753553685,41.230331753553685,20.0,nan,0.0,0,40,0,0,0.0,0.0,40.0
31,1,right_lane,naive,False,nan,40,0,24.266504184652195,0.0,3.5,2.9327611251324015,66.8264066954435,46.82640669544351,20.0,nan,0.0,0,40,0,0,0.0,0.0,40.0
32,1,right_lane,naive,False,nan,40,0,22.643957345971565,7.5,6.0,10.869560349732637,59.97839873583241,44.22839873583241,15.75,nan,0.0,0,40,0,0,8.0,1.0,31.0
33,1,right_lane,naive,False,nan,40,0,21.018957345971565,0.0,0.5,3.108307134360075,61.379397667741145,41.629397667741145,19.75,nan,0.0,0,40,0,0,0.0,1.0,39.0
34,1,right_lane,naive,False,nan,40,0,21.268957345971565,0.0,2.0,3.463618596215383,61.77939651470176,42.02939651470176,19.75,nan,0.0,0,40,0,0,0.0,1.0,39.0
35,1,right_lane,naive,False,nan,40,0,22.393957247332974,5.5,2.5,8.957928216084838,60.578893558123355,43.828893558123355,16.75,nan,0.0,0,40,0,0,6.0,1.0,33.0
36,1,right_lane,naive,False,nan,40,0,21.393957345971565,0.0,5.5,4.26638685155433,62.2303317535545,42.2303317535545,20.0,nan,0.0,0,40,0,0,0.0,0.0,40.0
37,1,right_lane,naive,False,nan,40,0,21.268957345971565,5.0,4.0,9.298841163516045,59.029101508290765,42.029101508290765,17.0,nan,0.0,0,40,0,0,4.0,4.0,32.0
38,1,right_lane,naive,False,nan,40,0,21.518957345971565,2.0,4.0,6.060558733064681,61.429379861211885,42.4293798612119,19.0,nan,0.0,0,40,0,0,0.0,4.0,36.0
39,1,right_lane,naive,False,nan,40,0,24.018957345971565,16.0,2.0,17.787567023187876,57.92750079073628,46.42750079073628,11.5,nan,0.0,0,40,0,0,11.0,12.0,17.0
40,1,right_lane,naive,False,nan,40,0,21.143957345971113,0.0,9.5,4.466917275807305,61.830331753553786,41.83033175355379,20.0,nan,0.0,0,40,0,0,0.0,0.0,40.0
41,1,right_lane,naive,False,nan,40,0,21.268957345971565,0.0,9.5,4.2884408459067345,62.0303317535545,42.0303317535545,20.0,nan,0.0,0,40,0,0,0.0,0.0,40.0
42,1,right_lane,naive,False,nan,40,0,22.018957345971565,7.0,0.5,9.653646828028286,59.47566326929945,43.225663269299446,16.25,nan,0.0,0,40,0,0,6.0,3.0,31.0
43,1,right_lane,naive,False,nan,40,0,21.018956608239495,0.0,0.0,3.2594313248991966,61.6303305731832,41.630330573183194,20.0,nan,0.0,0,40,0,0,0.0,0.0,40.0
44,1,right_lane,naive,False,nan,28,1,21.634224779959375,0.0,6.0,2.9710787162184715,43.830331753554496,29.830331753554496,14.0,nan,0.0,0,28,0,0,0.0,0.0,28.0
45,1,right_lane,naive,False,nan,40,0,23.768914804622565,2.5,4.5,5.522078679679453,64.52839645663421,46.02839645663421,18.5,nan,0.0,0,40,0,0,0.0,6.0,34.0
46,1,right_lane,naive,False,nan,40,0,24.516460808425666,0.5,2.0,3.6063913868983946,66.72401042240774,47.224010422407744,19.5,nan,0.0,0,40,0,0,0.0,2.0,38.0
47,1,right_lane,naive,False,nan,40,0,21.393957260126378,0.0,0.0,3.4589388454642176,62.23033161620221,42.23033161620221,20.0,nan,0.0,0,40,0,0,0.0,0.0,40.0
48,1,right_lane,naive,False,nan,40,0,21.893957247136935,0.0,3.5,4.068759017422735,62.779398171550675,43.02939817155068,19.75,nan,0.0,0,40,0,0,0.0,1.0,39.0
49,1,right_lane,naive,False,nan,40,0,21.268957345971565,0.0,0.5,3.6539949948200956,62.0303317535545,42.0303317535545,20.0,nan,0.0,0,40,0,0,0.0,0.0,40.0
50,1,right_lane,naive,False,nan,40,0,20.64395733298212,3.5,5.5,6.573472251191561,59.028873780705844,41.028873780705844,18.0,nan,0.0,0,40,0,0,3.0,2.0,35.0
51,1,right_lane,naive,False,nan,40,0,20.768957345971565,1.5,3.5,5.021458933129907,60.73033175355451,41.2303317535545,19.5,nan,0.0,0,40,0,0,0.0,2.0,38.0
52,1,right_lane,naive,False,nan,40,0,21.018957345971565,0.5,13.0,5.366053430426291,60.87839840434149,41.628398404341496,19.25,nan,0.0,0,40,0,0,1.0,1.0,38.0
53,1,right_lane,naive,False,nan,40,0,24.518957345971565,0.0,1.5,3.1680385644045828,66.9793983296861,47.22939832968609,19.75,nan,0.0,0,40,0,0,0.0,1.0,39.0
54,1,right_lane,naive,False,nan,40,0,23.518957344286836,0.0,4.5,2.4698895032630617,65.63033175085893,45.63033175085893,20.0,nan,0.0,0,40,0,0,0.0,0.0,40.0
55,1,right_lane,naive,False,nan,40,0,22.393957345971565,8.0,0.0,10.154969656607136,59.32866900641274,43.82866900641273,15.5,nan,0.0,0,40,0,0,8.0,2.0,30.0
56,1,right_lane,naive,False,nan,40,0,23.768908367588224,8.0,7.0,11.160674230924997,61.77885117724556,46.02885117724556,15.75,nan,0.0,0,40,0,0,0.0,17.0,23.0
57,1,right_lane,naive,False,nan,40,0,23.143957345971565,0.0,0.5,3.214598555041448,65.0303317535545,45.0303317535545,20.0,nan,0.0,0,40,0,0,0.0,0.0,40.0
58,1,right_lane,naive,False,nan,40,0,21.64395660823559,0.0,11.0,3.8031635066167837,62.63033057317695,42.63033057317695,20.0,nan,0.0,0,40,0,0,0.0,0.0,40.0
59,1,right_lane,naive,False,nan,40,0,23.268957345971565,18.0,7.5,20.54156795144081,55.72824247057126,45.22824247057126,10.5,nan,0.0,0,40,0,0,17.0,4.0,19.0
60,1,right_lane,naive,False,nan,40,0,21.018957345971565,2.5,12.5,7.469945161086798,60.379397667741145,41.629397667741145,18.75,nan,0.0,0,40,0,0,0.0,5.0,35.0
61,1,right_lane,naive,False,nan,40,0,21.893957345971565,0.0,5.0,4.117657462214538,62.7793983296861,43.02939832968611,19.75,nan,0.0,0,40,0,0,0.0,1.0,39.0
62,1,right_lane,naive,False,nan,10,1,21.07582937702842,0.0,5.0,1.9521109759807587,15.430331750811368,10.43033175081137,5.0,nan,0.0,0,10,0,0,0.0,0.0,10.0
63,1,right_lane,naive,False,nan,40,0,24.143957248821653,0.5,2.5,3.440054886828193,65.87839824890165,46.62839824890164,19.25,nan,0.0,0,40,0,0,1.0,1.0,38.0
64,1,right_lane,naive,False,nan,40,0,22.768957345971558,2.0,8.0,5.89062649939342,63.179869842851694,44.42986984285169,18.75,nan,0.0,0,40,0,0,0.0,5.0,35.0
65,1,right_lane,naive,False,nan,40,0,21.768957345971565,40.0,0.0,36.75478208065033,42.8303317535545,42.8303317535545,0.0,nan,0.0,0,40,0,0,40.0,0.0,0.0
66,1,right_lane,naive,False,nan,40,0,22.375328749382287,16.5,6.0,18.651753172278404,55.050525975752095,43.800525975752095,11.25,nan,0.0,0,40,0,0,17.0,1.0,22.0
67,1,right_lane,naive,False,nan,40,0,24.143957333174246,0.0,2.0,2.629333179975106,66.3793983092104,46.629398309210394,19.75,nan,0.0,0,40,0,0,0.0,1.0,39.0
68,1,right_lane,naive,False,nan,40,0,24.268957345971565,22.5,7.5,23.688969671726227,55.32759983135801,46.82759983135801,8.5,nan,0.0,0,40,0,0,22.0,2.0,16.0
69,1,right_lane,naive,False,nan,40,0,21.393957345967717,0.0,5.5,3.2864179481111933,61.97939766773497,42.22939766773498,19.75,nan,0.0,0,40,0,0,0.0,1.0,39.0
70,1,right_lane,naive,False,nan,40,0,21.268957345971565,0.5,8.5,5.147080939786974,61.27839910886089,42.02839910886089,19.25,nan,0.0,0,40,0,0,1.0,1.0,38.0
71,1,right_lane,naive,False,nan,40,0,22.143957345775522,0.5,7.5,4.8856404166072025,62.67839910854722,43.428399108547225,19.25,nan,0.0,0,40,0,0,1.0,1.0,38.0
72,1,right_lane,naive,False,nan,40,0,24.268957345971565,12.0,1.5,14.749072886163049,60.32698285908234,46.82698285908234,13.5,nan,0.0,0,40,0,0,12.0,2.0,26.0
73,1,right_lane,naive,False,nan,40,0,20.393957345971565,0.0,9.0,5.118664778769016,60.37939766652045,40.62939766652045,19.75,nan,0.0,0,40,0,0,0.0,1.0,39.0
74,1,right_lane,naive,False,nan,40,0,23.518957345971565,0.5,2.0,3.4688839740824733,64.8783991088609,45.628399108860904,19.25,nan,0.0,0,40,0,0,1.0,1.0,38.0
75,1,right_lane,naive,False,nan,40,0,22.518957345971565,8.5,1.5,11.3776454400504,59.27839910802336,44.02839910802336,15.25,nan,0.0,0,40,0,0,9.0,1.0,30.0
76,1,right_lane,naive,False,nan,40,0,22.62749644062177,3.5,4.0,6.643913912159633,62.20304242110026,44.203042421100264,18.0,nan,0.0,0,40,0,0,0.0,8.0,32.0
77,1,right_lane,naive,False,nan,40,0,20.393957345971565,0.0,13.0,5.253914147615433,60.37939766652045,40.62939766652045,19.75,nan,0.0,0,40,0,0,0.0,1.0,39.0
78,1,right_lane,naive,False,nan,40,0,28.24999924947453,20.5,3.0,22.013449138647957,62.446699702768505,53.196699702768505,9.25,nan,0.0,0,40,0,0,18.0,7.0,15.0
79,1,right_lane,naive,False,nan,40,0,23.85609164714541,11.0,0.5,13.58156004767443,60.16833033369847,46.168330333698464,14.0,nan,0.0,0,40,0,0,11.0,2.0,27.0
80,1,right_lane,naive,False,nan,40,0,20.268957345971565,0.0,18.5,4.88530720770359,60.430331753554505,40.430331753554505,20.0,nan,0.0,0,40,0,0,0.0,0.0,40.0
81,1,right_lane,naive,False,nan,40,0,21.893957345971494,8.5,3.5,11.968931049108505,58.27974097637792,43.02974097637792,15.25,nan,0.0,0,40,0,0,9.0,1.0,30.0
82,1,right_lane,naive,False,nan,40,0,21.766461656101036,0.0,2.5,3.6826729703798264,62.82633864976167,42.82633864976167,20.0,nan,0.0,0,40,0,0,0.0,0.0,40.0
83,1,right_lane,naive,False,nan,40,0,22.143957345971565,12.0,7.5,15.034823268651962,57.177119172677024,43.42711917267704,13.75,nan,0.0,0,40,0,0,6.0,13.0,21.0
84,1,right_lane,naive,False,nan,40,0,24.018957345971565,0.5,0.0,3.728628341366857,65.6783991088609,46.428399108860894,19.25,nan,0.0,0,40,0,0,1.0,1.0,38.0
85,1,right_lane,naive,False,nan,40,0,21.268957345971565,0.0,4.5,3.5249992465458035,61.77939766774114,42.02939766774114,19.75,nan,0.0,0,40,0,0,0.0,1.0,39.0
86,1,right_lane,naive,False,nan,40,0,22.518957345971565,0.0,4.0,3.2402991682224638,64.0303317535545,44.030331753554506,20.0,nan,0.0,0,40,0,0,0.0,0.0,40.0
87,1,right_lane,naive,False,nan,40,0,20.768957345971565,0.0,15.0,5.293662793934345,60.979397667741154,41.22939766774115,19.75,nan,0.0,0,40,0,0,0.0,1.0,39.0
88,1,right_lane,naive,False,nan,14,1,21.839878130702264,0.0,0.5,1.3421457782387733,22.03033175319327,15.030331753193268,7.0,nan,0.0,0,14,0,0,0.0,0.0,14.0
89,1,right_lane,naive,False,nan,29,1,20.543389442719402,0.0,15.0,4.949627183377743,43.87939766652045,29.629397666520447,14.25,nan,0.0,0,29,0,0,0.0,1.0,28.0
90,1,right_lane,naive,False,nan,40,0,24.643957345971565,0.0,0.0,2.6631371931534886,67.43033175355451,47.43033175355451,20.0,nan,0.0,0,40,0,0,0.0,0.0,40.0
91,1,right_lane,naive,False,nan,40,0,21.497832321779697,2.0,6.5,6.056051891735478,61.145191190723004,42.395191190723004,18.75,nan,0.0,0,40,0,0,0.0,5.0,35.0
92,1,right_lane,naive,False,nan,40,0,20.393957345971565,0.0,20.0,6.800167292356491,60.6303317535545,40.6303317535545,20.0,nan,0.0,0,40,0,0,0.0,0.0,40.0
93,1,right_lane,naive,False,nan,40,0,23.018957234317714,3.5,2.0,6.432509441448019,62.82778988859333,44.827789888593344,18.0,nan,0.0,0,40,0,0,2.0,4.0,34.0
94,1,right_lane,naive,False,nan,40,0,22.00032874938229,3.0,12.0,6.881740952449036,62.199605618990944,43.19960561899095,19.0,nan,0.0,0,40,0,0,1.0,2.0,37.0
95,1,right_lane,naive,False,nan,40,0,23.393957345971565,28.5,1.5,28.245328272110783,50.92939764686886,45.42939764686886,5.5,nan,0.0,0,40,0,0,25.0,8.0,7.0
96,1,right_lane,naive,False,nan,40,0,24.89395734597105,4.0,2.5,6.441199575301312,65.57553169916086,47.82553169916085,17.75,nan,0.0,0,40,0,0,3.0,3.0,34.0
97,1,right_lane,naive,False,nan,40,0,22.018956608209834,0.0,6.5,3.9481140266898365,62.97939648732237,43.22939648732237,19.75,nan,0.0,0,40,0,0,0.0,1.0,39.0
98,1,right_lane,naive,False,nan,40,0,21.893914066891014,2.0,4.5,5.355588232210721,61.7789219829011,43.0289219829011,18.75,nan,0.0,0,40,0,0,0.0,5.0,35.0
99,1,right_lane,naive,False,nan,40,0,23.518957345971565,5.0,6.0,8.145113118980134,62.87797851214771,45.6279785121477,17.25,nan,0.0,0,40,0,0,2.0,7.0,31.0
100,1,right_lane,naive,False,nan,40,0,21.268957345971565,0.5,4.0,4.665882742032409,61.27839840434149,42.028398404341495,19.25,nan,0.0,0,40,0,0,1.0,1.0,38.0
101,1,right_lane,naive,False,nan,40,0,22.14395734596714,3.5,7.5,7.295778596522723,61.67898853444348,43.42898853444348,18.25,nan,0.0,0,40,0,0,0.0,7.0,33.0
102,1,right_lane,naive,False,nan,40,0,23.393957345971565,15.5,0.0,17.407591953873634,57.17889399314261,45.42889399314261,11.75,nan,0.0,0,40,0,0,16.0,1.0,23.0
103,1,right_lane,naive,False,nan,40,0,22.393957345971565,7.5,1.0,10.308704665862024,59.82744371919296,43.82744371919296,16.0,nan,0.0,0,40,0,0,7.0,2.0,31.0
104,1,right_lane,naive,False,nan,40,0,20.268957345971565,0.0,3.0,4.031612992286682,60.430331753554505,40.430331753554505,20.0,nan,0.0,0,40,0,0,0.0,0.0,40.0
105,1,right_lane,naive,False,nan,40,0,24.143957345971565,9.0,1.5,12.024984143004986,61.62891547214511,46.62891547214511,15.0,nan,0.0,0,40,0,0,9.0,2.0,29.0
106,1,right_lane,naive,False,nan,40,0,23.75032874938229,16.0,0.0,17.807746719568968,57.49824329124548,45.99824329124548,11.5,nan,0.0,0,40,0,0,16.0,2.0,22.0
107,1,right_lane,naive,False,nan,40,0,21.893957345971565,0.5,1.0,1.6228839243658513,62.278399108860896,43.028399108860896,19.25,nan,0.0,0,40,0,0,1.0,1.0,38.0
108,1,right_lane,naive,False,nan,40,0,22.268957345971565,2.0,4.0,6.3451589544879425,62.37868944290398,43.62868944290398,18.75,nan,0.0,0,40,0,0,0.0,5.0,35.0
109,1,right_lane,naive,False,nan,40,0,22.893957345971565,2.0,0.0,4.817658729294635,63.62963992101912,44.62963992101912,19.0,nan,0.0,0,40,0,0,0.0,4.0,36.0
110,1,right_lane,naive,False,nan,40,0,22.018957344482878,0.0,2.0,3.139088024199282,63.2303317511726,43.23033175117259,20.0,nan,0.0,0,40,0,0,0.0,0.0,40.0
111,1,right_lane,naive,False,nan,33,1,20.174493752692804,0.0,16.5,5.696427822113037,49.73033175355451,33.2303317535545,16.5,nan,0.0,0,33,0,0,0.0,0.0,33.0
112,1,right_lane,naive,False,nan,40,0,22.768957345971565,5.5,13.5,9.40110452517547,61.17891517481475,44.42891517481475,16.75,nan,0.0,0,40,0,0,5.0,3.0,32.0
113,1,right_lane,naive,False,nan,40,0,21.768957345971565,0.5,2.0,4.743742324179038,62.0783984050733,42.8283984050733,19.25,nan,0.0,0,40,0,0,1.0,1.0,38.0
114,1,right_lane,naive,False,nan,40,0,21.643957345971554,0.0,1.0,3.8131325356662273,62.630331753554486,42.630331753554486,20.0,nan,0.0,0,40,0,0,0.0,0.0,40.0
115,1,right_lane,naive,False,nan,40,0,21.643957345971565,0.5,10.5,5.064010098959216,61.87839840507333,42.6283984050733,19.25,nan,0.0,0,40,0,0,1.0,1.0,38.0
116,1,right_lane,naive,False,nan,40,0,22.018957345971565,8.5,2.0,11.363919354975224,58.727443062732185,43.227443062732185,15.5,nan,0.0,0,40,0,0,8.0,2.0,30.0
117,1,right_lane,naive,False,nan,40,0,21.143957345716583,0.0,7.5,3.7352229697207804,61.83033175314654,41.83033175314653,20.0,nan,0.0,0,40,0,0,0.0,0.0,40.0
118,1,right_lane,naive,False,nan,40,0,24.643957345749705,11.0,0.5,12.05875765845235,61.428915134170374,47.428915134170374,14.0,nan,0.0,0,40,0,0,10.0,4.0,26.0
119,1,right_lane,naive,False,nan,40,0,23.643957345971113,0.0,5.0,3.2110127375617594,65.83033175355378,45.83033175355378,20.0,nan,0.0,0,40,0,0,0.0,0.0,40.0
120,1,right_lane,naive,False,nan,40,0,21.39395734594184,0.0,0.0,3.801214980777331,61.97939766769359,42.22939766769358,19.75,nan,0.0,0,40,0,0,0.0,1.0,39.0
121,1,right_lane,naive,False,nan,40,0,21.768957345971565,5.5,5.5,8.959894962608814,59.82777076582797,42.827770765827964,17.0,nan,0.0,0,40,0,0,4.0,4.0,32.0
122,1,right_lane,naive,False,nan,40,0,21.143957345971565,0.0,2.0,2.8232170697301626,61.57939766774115,41.82939766774115,19.75,nan,0.0,0,40,0,0,0.0,1.0,39.0
123,1,right_lane,naive,False,nan,40,0,22.393957345971565,0.0,11.5,4.586144947450066,63.5793983296861,43.82939832968611,19.75,nan,0.0,0,40,0,0,0.0,1.0,39.0
124,1,right_lane,naive,False,nan,40,0,21.518957334666847,0.0,11.5,3.931719973042277,62.430331735466964,42.43033173546696,20.0,nan,0.0,0,40,0,0,0.0,0.0,40.0
125,1,right_lane,naive,False,nan,40,0,21.51895734422796,4.0,8.0,8.26047920435667,60.429379022515114,42.429379022515114,18.0,nan,0.0,0,40,0,0,0.0,8.0,32.0
126,1,right_lane,naive,False,nan,40,0,21.393957345971565,0.0,1.0,4.422642116653151,61.979398329686106,42.2293983296861,19.75,nan,0.0,0,40,0,0,0.0,1.0,39.0
127,1,right_lane,naive,False,nan,40,0,22.018957345971565,0.0,0.5,3.5283785246207344,63.2303317535545,43.2303317535545,20.0,nan,0.0,0,40,0,0,0.0,0.0,40.0
128,1,right_lane,naive,False,nan,40,0,24.018957345971565,11.5,4.5,13.83669360474778,60.6764157082332,46.42641570823319,14.25,nan,0.0,0,40,0,0,8.0,7.0,25.0
129,1,right_lane,naive,False,nan,40,0,22.268957345971565,16.5,0.0,16.15695424916339,55.88033175355449,43.630331753554486,12.25,nan,0.0,0,40,0,0,15.0,1.0,24.0
130,1,right_lane,naive,False,nan,40,0,21.268957345971565,0.0,1.0,3.8377806562359638,61.7793983296861,42.02939832968611,19.75,nan,0.0,0,40,0,0,0.0,1.0,39.0
131,1,right_lane,naive,False,nan,40,0,22.51895659499513,15.5,3.5,16.470365957691683,56.78032759405823,44.030327594058235,12.75,nan,0.0,0,40,0,0,14.0,1.0,25.0
132,1,right_lane,naive,False,nan,40,0,24.143957345971565,9.0,3.5,12.061988433695888,61.877738241361556,46.627738241361556,15.25,nan,0.0,0,40,0,0,7.0,5.0,28.0
133,1,right_lane,naive,False,nan,40,0,21.893957345971565,0.0,0.5,3.196034863456134,63.0303317535545,43.03033175355449,20.0,nan,0.0,0,40,0,0,0.0,0.0,40.0
134,1,right_lane,naive,False,nan,40,0,20.768957345971565,8.5,0.0,11.342484146356583,56.480330397233224,41.230330397233224,15.25,nan,0.0,0,40,0,0,9.0,1.0,30.0
135,1,right_lane,naive,False,nan,40,0,21.018957345971565,0.0,3.0,4.072248887270689,61.63033175355451,41.63033175355451,20.0,nan,0.0,0,40,0,0,0.0,0.0,40.0
136,1,right_lane,naive,False,nan,40,0,21.268957345971565,1.5,18.5,7.179735943675041,61.02962355832837,42.02962355832837,19.0,nan,0.0,0,40,0,0,0.0,4.0,36.0
137,1,right_lane,naive,False,nan,40,0,22.768634282877322,0.0,3.0,3.4297151621394733,64.42981485260371,44.42981485260371,20.0,nan,0.0,0,40,0,0,0.0,0.0,40.0
138,1,right_lane,naive,False,nan,19,1,23.724120728351856,19.0,0.0,18.76635843515396,21.83033175354742,21.83033175354742,0.0,nan,0.0,0,19,0,0,19.0,0.0,0.0
139,1,right_lane,naive,False,nan,40,0,20.268957345971565,0.0,20.0,5.307352133095264,60.430331753554505,40.430331753554505,20.0,nan,0.0,0,40,0,0,0.0,0.0,40.0
140,1,right_lane,naive,False,nan,40,0,22.018957345971565,0.0,0.5,2.521046383324574,63.230331753554495,43.23033175355451,20.0,nan,0.0,0,40,0,0,0.0,0.0,40.0
141,1,right_lane,naive,False,nan,40,0,21.393957344231296,0.5,10.0,4.217996095043418,62.230331750770084,42.230331750770084,20.0,nan,0.0,0,40,0,0,0.0,0.0,40.0
142,1,right_lane,naive,False,nan,40,0,24.518957260126378,0.0,2.0,3.244672265812369,66.9793981923338,47.22939819233379,19.75,nan,0.0,0,40,0,0,0.0,1.0,39.0
143,1,right_lane,naive,False,nan,40,0,21.643957345971565,0.5,3.0,5.038240842978212,61.87839910886088,42.62839910886088,19.25,nan,0.0,0,40,0,0,1.0,1.0,38.0
144,1,right_lane,naive,False,nan,40,0,23.518957345971565,11.5,11.5,15.117594242095947,59.37889371076025,45.62889371076025,13.75,nan,0.0,0,40,0,0,12.0,1.0,27.0
145,1,right_lane,naive,False,nan,40,0,23.14358540335391,10.0,8.0,13.759631760556658,59.77715966038496,45.02715966038497,14.75,nan,0.0,0,40,0,0,7.0,7.0,26.0
146,1,right_lane,naive,False,nan,40,0,21.893957345716643,0.0,2.0,3.6445174207801756,62.779397667333264,43.029397667333264,19.75,nan,0.0,0,40,0,0,0.0,1.0,39.0
147,1,right_lane,naive,False,nan,40,0,21.14395734597155,0.0,0.5,3.3741016561307333,61.579397666520435,41.82939766652043,19.75,nan,0.0,0,40,0,0,0.0,1.0,39.0
148,1,right_lane,naive,False,nan,40,0,23.268956694084615,3.5,3.0,6.746896785997251,62.97839806584178,45.22839806584179,17.75,nan,0.0,0,40,0,0,4.0,1.0,35.0
149,1,right_lane,naive,False,nan,40,0,23.018957345971565,8.0,0.0,10.80374426022172,60.32891519335194,44.828915193351946,15.5,nan,0.0,0,40,0,0,8.0,2.0,30.0
150,1,right_lane,naive,False,nan,40,0,20.768957345971565,0.0,2.5,4.198606808717159,61.2303317535545,41.23033175355451,20.0,nan,0.0,0,40,0,0,0.0,0.0,40.0
151,1,right_lane,naive,False,nan,40,0,22.64395734596765,16.0,9.0,17.632805760947463,56.478476818851384,44.228476818851384,12.25,nan,0.0,0,40,0,0,14.0,3.0,23.0
152,1,right_lane,naive,False,nan,40,0,24.481042667047678,11.5,8.5,13.984361712449754,61.41729895868078,47.16729895868078,14.25,nan,0.0,0,40,0,0,9.0,5.0,26.0
153,1,right_lane,naive,False,nan,40,0,22.643957345971565,1.0,7.0,5.025201618143456,63.22870484961889,44.2287048496189,19.0,nan,0.0,0,40,0,0,1.0,2.0,37.0
154,1,right_lane,naive,False,nan,40,0,21.768957345971565,6.5,8.5,11.227270990610123,59.07837591104824,42.82837591104824,16.25,nan,0.0,0,40,0,0,7.0,1.0,32.0
155,1,right_lane,naive,False,nan,39,1,21.814315226637497,2.5,13.5,7.66820140277332,60.078986118089986,41.82898611808999,18.25,nan,0.0,0,39,0,0,0.0,5.0,34.0
156,1,right_lane,naive,False,nan,40,0,22.018957345971565,7.5,5.5,10.977817549806787,59.22700136860431,43.22700136860432,16.0,nan,0.0,0,40,0,0,5.0,6.0,29.0
157,1,right_lane,naive,False,nan,40,0,23.268957345971565,9.5,5.5,12.27884193338491,60.22638558630943,45.22638558630943,15.0,nan,0.0,0,40,0,0,8.0,4.0,28.0
158,1,right_lane,naive,False,nan,40,0,23.143957345971565,18.0,6.0,19.952565550804138,55.52775270425501,45.02775270425501,10.5,nan,0.0,0,40,0,0,15.0,8.0,17.0
159,1,right_lane,naive,False,nan,40,0,21.768957345971565,8.5,1.0,11.95096080750227,58.078471046163436,42.82847104616344,15.25,nan,0.0,0,40,0,0,9.0,1.0,30.0
160,1,right_lane,naive,False,nan,40,0,22.393666176367102,29.5,0.0,28.965121273288332,48.57793361074293,43.82793361074293,4.75,nan,0.0,0,40,0,0,30.0,1.0,9.0
161,1,right_lane,naive,False,nan,40,0,23.393957344482878,33.5,1.5,32.675001330673695,48.18032908823442,45.43032908823442,2.75,nan,0.0,0,40,0,0,30.0,9.0,1.0
162,1,right_lane,naive,False,nan,40,0,22.268957345971565,0.0,0.0,3.012428010158146,63.6303317535545,43.63033175355451,20.0,nan,0.0,0,40,0,0,0.0,0.0,40.0
163,1,right_lane,naive,False,nan,40,0,21.268957345971565,2.0,6.5,5.885434804979013,60.77899122942999,42.028991229429984,18.75,nan,0.0,0,40,0,0,0.0,5.0,35.0
164,1,right_lane,naive,False,nan,40,0,21.76891480462308,6.0,3.5,9.770552648231387,59.57878882797329,42.82878882797329,16.75,nan,0.0,0,40,0,0,2.0,9.0,29.0
165,1,right_lane,naive,False,nan,33,1,21.538130116329167,0.5,1.0,3.0843985678366153,50.77839840434078,35.02839840434078,15.75,nan,0.0,0,33,0,0,1.0,1.0,31.0
166,1,right_lane,naive,False,nan,40,0,21.518957345971565,0.0,11.0,4.3223193188702,62.4303317535545,42.4303317535545,20.0,nan,0.0,0,40,0,0,0.0,0.0,40.0
167,1,right_lane,naive,False,nan,40,0,20.518957345971565,0.0,5.5,4.355799399316311,60.8303317535545,40.8303317535545,20.0,nan,0.0,0,40,0,0,0.0,0.0,40.0
168,1,right_lane,naive,False,nan,40,0,22.143957345749705,3.0,5.0,6.866568550467491,61.42891743755535,43.428917437555356,18.0,nan,0.0,0,40,0,0,3.0,2.0,35.0
169,1,right_lane,naive,False,nan,40,0,23.143957345971565,16.5,4.5,19.16750182211399,56.278397182832755,45.028397182832755,11.25,nan,0.0,0,40,0,0,17.0,1.0,22.0
170,1,right_lane,naive,False,nan,40,0,22.143957345971565,24.0,5.0,24.90940473228693,51.42867051591187,43.42867051591186,8.0,nan,0.0,0,40,0,0,22.0,4.0,14.0
171,1,right_lane,naive,False,nan,40,0,20.893957345971565,4.0,14.5,9.188582673668861,58.92846035915127,41.42846035915127,17.5,nan,0.0,0,40,0,0,4.0,2.0,34.0
172,1,right_lane,naive,False,nan,40,0,21.018957345971565,0.5,1.0,3.9388971030712128,60.87839840434077,41.62839840434077,19.25,nan,0.0,0,40,0,0,1.0,1.0,38.0
173,1,right_lane,naive,False,nan,40,0,20.62749644062177,0.0,4.0,3.9797560460865498,61.00399430499483,41.00399430499483,20.0,nan,0.0,0,40,0,0,0.0,0.0,40.0
174,1,right_lane,naive,False,nan,40,0,23.268957345937924,11.5,7.5,14.412727424996774,59.476428471551756,45.22642847155176,14.25,nan,0.0,0,40,0,0,6.0,11.0,23.0
175,1,right_lane,naive,False,nan,40,0,21.518628695453636,0.0,6.5,3.2152502879871463,62.42980591272582,42.429805912725826,20.0,nan,0.0,0,40,0,0,0.0,0.0,40.0
176,1,right_lane,naive,False,nan,40,0,21.64150418272032,0.0,6.0,4.277893228440917,62.37547260531846,42.62547260531846,19.75,nan,0.0,0,40,0,0,0.0,1.0,39.0
177,1,right_lane,naive,False,nan,40,0,20.768957345971565,39.5,0.5,39.384139478206635,41.478528698231514,41.228528698231514,0.25,nan,0.0,0,40,0,0,39.0,1.0,0.0
178,1,right_lane,naive,False,nan,9,1,21.750921098254235,0.5,4.0,1.6310206651687622,14.130331595371523,9.630331595371525,4.5,nan,0.0,0,9,0,0,0.0,0.0,9.0
179,1,right_lane,naive,False,nan,40,0,21.393957345971565,2.0,7.0,6.213258273899555,60.97962355832837,42.22962355832837,18.75,nan,0.0,0,40,0,0,0.0,5.0,35.0
180,1,right_lane,naive,False,nan,40,0,23.12500009886436,5.0,8.5,9.654295954477675,62.24743800845226,44.99743800845226,17.25,nan,0.0,0,40,0,0,0.0,11.0,29.0
181,1,right_lane,naive,False,nan,40,0,23.518957345971565,14.0,0.0,16.352836651261896,58.377729056605816,45.62772905660581,12.75,nan,0.0,0,40,0,0,10.0,9.0,21.0
182,1,right_lane,naive,False,nan,40,0,23.268957345971565,0.0,1.5,2.32489641986524,65.23033175355451,45.2303317535545,20.0,nan,0.0,0,40,0,0,0.0,0.0,40.0
183,1,right_lane,naive,False,nan,40,0,21.62749644062177,0.0,2.5,3.4419061727721783,62.603994304994835,42.603994304994835,20.0,nan,0.0,0,40,0,0,0.0,0.0,40.0
184,1,right_lane,naive,False,nan,40,0,21.018957345971565,0.0,7.0,3.8124362015023507,61.6303317535545,41.6303317535545,20.0,nan,0.0,0,40,0,0,0.0,0.0,40.0
185,1,right_lane,naive,False,nan,40,0,22.018957345971565,0.0,1.0,4.170594485780157,62.979398329686106,43.229398329686106,19.75,nan,0.0,0,40,0,0,0.0,1.0,39.0
186,1,right_lane,naive,False,nan,40,0,21.393913305060828,0.0,15.5,5.194506872971033,61.97932604924459,42.229326049244584,19.75,nan,0.0,0,40,0,0,0.0,1.0,39.0
187,1,right_lane,naive,False,nan,11,1,25.52332347286258,10.5,0.0,10.074841320514679,13.929568969465805,13.429568969465805,0.5,nan,0.0,0,11,0,0,9.0,2.0,0.0
188,1,right_lane,naive,False,nan,14,1,23.26844955437671,0.5,0.0,1.9730715453624725,22.579398326582556,15.829398326582556,6.75,nan,0.0,0,14,0,0,0.0,1.0,13.0
189,1,right_lane,naive,False,nan,40,0,21.143957345971565,9.5,2.5,12.557822905480862,56.58032143648416,41.83032143648416,14.75,nan,0.0,0,40,0,0,10.0,1.0,29.0
190,1,right_lane,naive,False,nan,40,0,23.268957345971565,0.0,9.0,3.901486336373864,64.97939766774114,45.229397667741154,19.75,nan,0.0,0,40,0,0,0.0,1.0,39.0
191,1,right_lane,naive,False,nan,40,0,20.518957345971565,0.5,0.0,4.574063002384719,60.07839840304393,40.828398403043934,19.25,nan,0.0,0,40,0,0,1.0,1.0,38.0
192,1,right_lane,naive,False,nan,40,0,22.14395723434353,14.5,3.0,15.745650313794613,56.42609740901677,43.42609740901677,13.0,nan,0.0,0,40,0,0,10.0,8.0,22.0
193,1,right_lane,naive,False,nan,40,0,22.643957334666847,0.0,6.0,3.431004855781339,64.23033173546696,44.230331735466955,20.0,nan,0.0,0,40,0,0,0.0,0.0,40.0
194,1,right_lane,naive,False,nan,40,0,20.643957345971565,35.5,2.0,33.743967056274414,43.27939766773994,41.02939766773994,2.25,nan,0.0,0,40,0,0,31.0,9.0,0.0
195,1,right_lane,naive,False,nan,40,0,20.893957345971554,0.0,7.5,3.33378869396347,61.43033175355448,41.43033175355448,20.0,nan,0.0,0,40,0,0,0.0,0.0,40.0
196,1,right_lane,naive,False,nan,28,1,22.348510493880923,1.5,3.5,4.877059366554022,43.628704058470085,30.62870405847009,13.0,nan,0.0,0,28,0,0,0.0,4.0,24.0
197,1,right_lane,naive,False,nan,40,0,22.768957345971565,0.0,7.5,3.732181645095352,64.4303317535545,44.43033175355449,20.0,nan,0.0,0,40,0,0,0.0,0.0,40.0
198,1,right_lane,naive,False,nan,40,0,21.893957345971565,0.0,7.0,3.204065989144965,63.0303317535545,43.030331753554506,20.0,nan,0.0,0,40,0,0,0.0,0.0,40.0
199,1,right_lane,naive,False,nan,40,0,22.877496354776138,0.0,11.5,4.145192723062337,64.35306008182846,44.60306008182847,19.75,nan,0.0,0,40,0,0,0.0,1.0,39.0
200,1,right_lane,naive,False,nan,40,0,24.393957345971565,0.0,0.5,1.4015463062318076,67.0303317535545,47.0303317535545,20.0,nan,0.0,0,40,0,0,0.0,0.0,40.0
201,1,right_lane,naive,False,nan,40,0,20.518957345971565,0.0,3.5,4.002301372587681,60.8303317535545,40.8303317535545,20.0,nan,0.0,0,40,0,0,0.0,0.0,40.0
202,1,right_lane,naive,False,nan,40,0,22.518957345971565,31.0,0.0,28.753982578472232,49.02828032110697,44.028280321106976,5.0,nan,0.0,0,40,0,0,28.0,4.0,8.0
203,1,right_lane,naive,False,nan,40,0,21.893951547834142,0.0,8.0,3.8001420899536242,63.03032247653465,43.030322476534636,20.0,nan,0.0,0,40,0,0,0.0,0.0,40.0
204,1,right_lane,naive,False,nan,40,0,21.518957345971565,0.0,6.0,4.163922311505303,62.430331753554505,42.430331753554505,20.0,nan,0.0,0,40,0,0,0.0,0.0,40.0
205,1,right_lane,naive,False,nan,40,0,21.268957345971565,19.0,9.5,21.75598412498948,52.03033175350067,42.03033175350067,10.0,nan,0.0,0,40,0,0,19.0,2.0,19.0
206,1,right_lane,naive,False,nan,40,0,21.643957345971565,0.0,5.5,3.969779206869134,62.37939832968611,42.629398329686104,19.75,nan,0.0,0,40,0,0,0.0,1.0,39.0
207,1,right_lane,naive,False,nan,40,0,21.518957345971565,0.0,7.5,4.287295749253758,62.43033175355451,42.43033175355451,20.0,nan,0.0,0,40,0,0,0.0,0.0,40.0
208,1,right_lane,naive,False,nan,12,1,22.14652444317463,0.0,1.0,1.5941296964883804,18.779397646910468,13.029397646910466,5.75,nan,0.0,0,12,0,0,0.0,1.0,11.0
209,1,right_lane,naive,False,nan,40,0,21.372832407624884,8.5,1.0,10.978102410065162,57.44653065127164,42.19653065127164,15.25,nan,0.0,0,40,0,0,9.0,1.0,30.0
210,1,right_lane,naive,False,nan,40,0,22.76895174381868,11.0,0.0,11.037508878543122,59.17986881023933,44.42986881023932,14.75,nan,0.0,0,40,0,0,9.0,3.0,28.0
211,1,right_lane,naive,False,nan,40,0,21.143957345971565,0.0,14.0,4.8217691261965,61.57939832968609,41.8293983296861,19.75,nan,0.0,0,40,0,0,0.0,1.0,39.0
212,1,right_lane,naive,False,nan,40,0,23.768957345971565,15.5,0.0,17.440439328551292,57.77839835388945,46.02839835388944,11.75,nan,0.0,0,40,0,0,16.0,1.0,23.0
213,1,right_lane,naive,False,nan,40,0,22.268957345971565,3.5,9.5,7.847092241354858,61.378673632675664,43.62867363267568,17.75,nan,0.0,0,40,0,0,3.0,3.0,34.0
214,1,right_lane,naive,False,nan,40,0,20.518957345971565,0.0,2.5,4.425305001437664,60.57939766773994,40.82939766773995,19.75,nan,0.0,0,40,0,0,0.0,1.0,39.0
215,1,right_lane,naive,False,nan,40,0,20.893957345971565,0.0,6.0,4.287890080476245,61.4303317535545,41.430331753554505,20.0,nan,0.0,0,40,0,0,0.0,0.0,40.0
216,1,right_lane,naive,False,nan,40,0,21.893957345971497,0.0,6.0,2.9221971808674425,62.779398329686,43.029398329685996,19.75,nan,0.0,0,40,0,0,0.0,1.0,39.0
217,1,right_lane,naive,False,nan,40,0,24.76895734574971,16.0,1.5,18.179258955166006,59.12869041275031,47.628690412750316,11.5,nan,0.0,0,40,0,0,15.0,4.0,21.0
218,1,right_lane,naive,False,nan,40,0,20.89391975488909,0.0,2.0,3.332147788256407,61.43027160782254,41.43027160782254,20.0,nan,0.0,0,40,0,0,0.0,0.0,40.0
219,1,right_lane,naive,False,nan,40,0,21.143957345971565,0.0,0.0,3.845197072461815,61.57939766774115,41.82939766774115,19.75,nan,0.0,0,40,0,0,0.0,1.0,39.0
220,1,right_lane,naive,False,nan,40,0,20.268957345971565,0.0,12.5,5.183564014732838,60.430331753554505,40.430331753554505,20.0,nan,0.0,0,40,0,0,0.0,0.0,40.0
221,1,right_lane,naive,False,nan,40,0,24.14150336085361,0.0,6.5,3.203959616762404,66.62640537736577,46.626405377365785,20.0,nan,0.0,0,40,0,0,0.0,0.0,40.0
222,1,right_lane,naive,False,nan,40,0,23.266132267851038,5.0,8.5,9.050538834411554,62.22439510189491,45.22439510189491,17.0,nan,0.0,0,40,0,0,5.0,2.0,33.0
223,1,right_lane,naive,False,nan,40,0,21.893957345971565,0.0,0.0,2.6141057767526945,63.030331753554506,43.0303317535545,20.0,nan,0.0,0,40,0,0,0.0,0.0,40.0
224,1,right_lane,naive,False,nan,40,0,20.768957345971565,0.0,1.0,4.5087025463581085,60.979397667741154,41.22939766774115,19.75,nan,0.0,0,40,0,0,0.0,1.0,39.0
225,1,right_lane,naive,False,nan,26,1,20.798395916879333,0.0,7.5,3.9365799874067307,39.57939766773994,26.829397667739947,12.75,nan,0.0,0,26,0,0,0.0,1.0,25.0
226,1,right_lane,naive,False,nan,40,0,20.268957345971565,0.0,20.0,6.088596627116203,60.430331753554505,40.430331753554505,20.0,nan,0.0,0,40,0,0,0.0,0.0,40.0
227,1,right_lane,naive,False,nan,40,0,23.143957345970982,3.5,9.0,8.263103069068165,63.27758653690378,45.027586536903776,18.25,nan,0.0,0,40,0,0,0.0,7.0,33.0
228,1,right_lane,naive,False,nan,40,0,21.018957345971565,0.0,0.0,3.8961155275255805,61.379397666520426,41.62939766652045,19.75,nan,0.0,0,40,0,0,0.0,1.0,39.0
229,1,right_lane,naive,False,nan,40,0,21.39395724882166,0.0,11.0,4.221689825025351,62.230331598114645,42.23033159811465,20.0,nan,0.0,0,40,0,0,0.0,0.0,40.0
230,1,right_lane,naive,False,nan,40,0,21.143957344257622,28.0,3.0,27.28611370921135,47.82807545823701,41.828075458237,6.0,nan,0.0,0,40,0,0,16.0,24.0,0.0
231,1,right_lane,naive,False,nan,40,0,21.268957345971565,0.5,5.0,5.1974156983196735,61.27839910886089,42.02839910886089,19.25,nan,0.0,0,40,0,0,1.0,1.0,38.0
232,1,right_lane,naive,False,nan,40,0,24.018957345971565,16.0,3.5,18.351511918008327,58.17596628029701,46.42596628029701,11.75,nan,0.0,0,40,0,0,12.0,9.0,19.0
233,1,right_lane,naive,False,nan,40,0,20.893957345971565,9.0,1.0,12.15593195706606,56.42804940923186,41.42804940923186,15.0,nan,0.0,0,40,0,0,9.0,2.0,29.0
234,1,right_lane,naive,False,nan,40,0,20.393957345971565,1.5,11.5,6.150199271738529,59.628991229429985,40.628991229429985,19.0,nan,0.0,0,40,0,0,0.0,4.0,36.0
235,1,right_lane,naive,False,nan,40,0,21.016466606367043,33.5,1.0,31.554233410744928,44.376343610453254,41.626343610453254,2.75,nan,0.0,0,40,0,0,34.0,1.0,5.0
236,1,right_lane,naive,False,nan,40,0,24.393957345967657,9.0,1.5,11.216232289447248,62.27798199020666,47.02798199020666,15.25,nan,0.0,0,40,0,0,7.0,5.0,28.0
237,1,right_lane,naive,False,nan,40,0,21.393957345971565,0.0,0.5,3.8562044758873526,61.979398329686106,42.2293983296861,19.75,nan,0.0,0,40,0,0,0.0,1.0,39.0
238,1,right_lane,naive,False,nan,40,0,21.143957332956305,3.5,3.5,6.575660033617169,59.8271170579424,41.8271170579424,18.0,nan,0.0,0,40,0,0,2.0,4.0,34.0
239,1,right_lane,naive,False,nan,40,0,22.268957345971565,10.5,1.5,12.873149827122688,58.127975413373335,43.62797541337333,14.5,nan,0.0,0,40,0,0,9.0,4.0,27.0
240,1,right_lane,naive,False,nan,40,0,23.893919754889083,8.5,8.0,11.335314046104259,61.976815131321686,46.226815131321686,15.75,nan,0.0,0,40,0,0,7.0,3.0,30.0
241,1,right_lane,naive,False,nan,40,0,22.768951743818675,3.0,2.0,6.352544235036476,62.42890819563283,44.42890819563283,18.0,nan,0.0,0,40,0,0,3.0,2.0,35.0
242,1,right_lane,naive,False,nan,40,0,22.768957345971565,10.0,0.0,13.225822538137436,58.926984591200835,44.426984591200835,14.5,nan,0.0,0,40,0,0,10.0,2.0,28.0
243,1,right_lane,naive,False,nan,40,0,21.76895174381868,0.0,1.5,3.498251706901783,62.83032279010988,42.83032279010989,20.0,nan,0.0,0,40,0,0,0.0,0.0,40.0
244,1,right_lane,naive,False,nan,40,0,23.983539193514567,23.0,5.0,24.558350190520287,54.87226223853779,46.37226223853779,8.5,nan,0.0,0,40,0,0,21.0,4.0,15.0
245,1,right_lane,naive,False,nan,40,0,21.518957345971565,3.5,9.0,8.29125102609396,60.67828753107932,42.42828753107932,18.25,nan,0.0,0,40,0,0,0.0,7.0,33.0
246,1,right_lane,naive,False,nan,40,0,21.268957345971565,40.0,0.0,36.53433668613434,42.0303317535545,42.0303317535545,0.0,nan,0.0,0,40,0,0,40.0,0.0,0.0
247,1,right_lane,naive,False,nan,40,0,24.518957345971565,8.5,6.0,10.949073048836112,62.724355608834856,47.224355608834856,15.5,nan,0.0,0,40,0,0,5.0,8.0,27.0
248,1,right_lane,naive,False,nan,40,0,23.393957344482423,7.5,6.5,11.005745001137257,61.17889399016697,45.428893990166976,15.75,nan,0.0,0,40,0,0,8.0,1.0,31.0
249,1,right_lane,naive,False,nan,40,0,21.268957345971565,0.5,4.5,4.992221274415442,61.27839840434149,42.028398404341495,19.25,nan,0.0,0,40,0,0,1.0,1.0,38.0
250,1,right_lane,naive,False,nan,40,0,21.231091647145412,0.0,12.5,5.25224740186809,61.96974663543266,41.96974663543266,20.0,nan,0.0,0,40,0,0,0.0,0.0,40.0
251,1,right_lane,naive,False,nan,40,0,24.51895734403133,25.0,0.5,26.21957242116332,54.22727650950092,47.22727650950092,7.0,nan,0.0,0,40,0,0,23.0,6.0,11.0
252,1,right_lane,naive,False,nan,40,0,21.76895734445366,5.5,4.0,8.51218282364971,59.57828016374312,42.82828016374312,16.75,nan,0.0,0,40,0,0,5.0,3.0,32.0
253,1,right_lane,naive,False,nan,40,0,22.268957345971565,0.5,1.5,4.6200595176560455,62.8783991088609,43.628399108860904,19.25,nan,0.0,0,40,0,0,1.0,1.0,38.0
254,1,right_lane,naive,False,nan,40,0,24.518957344031918,24.5,6.5,25.111115336418152,54.97818482201876,47.228184822018754,7.75,nan,0.0,0,40,0,0,22.0,5.0,13.0
255,1,right_lane,naive,False,nan,40,0,21.018957345971565,0.5,11.0,5.313644020234278,60.87839910886089,41.62839910886089,19.25,nan,0.0,0,40,0,0,1.0,1.0,38.0
256,1,right_lane,naive,False,nan,20,1,21.287914691943122,1.0,3.5,2.4182602579439845,30.529397667739943,21.029397667739943,9.5,nan,0.0,0,20,0,0,0.0,2.0,18.0
257,1,right_lane,naive,False,nan,40,0,20.268957345971565,0.0,0.5,4.679014854133129,60.430331753554505,40.430331753554505,20.0,nan,0.0,0,40,0,0,0.0,0.0,40.0
258,1,right_lane,naive,False,nan,40,0,25.893957345971565,17.0,1.0,18.727513452964786,60.428915472134875,49.428915472134875,11.0,nan,0.0,0,40,0,0,17.0,2.0,21.0
259,1,right_lane,naive,False,nan,40,0,22.643957345971565,8.0,3.0,11.568319261074066,59.72891519343647,44.22891519343648,15.5,nan,0.0,0,40,0,0,8.0,2.0,30.0
260,1,right_lane,naive,False,nan,40,0,20.393957345971565,0.0,6.5,4.1565491035580635,60.6303317535545,40.6303317535545,20.0,nan,0.0,0,40,0,0,0.0,0.0,40.0
261,1,right_lane,naive,False,nan,35,1,20.450236966824644,0.0,11.0,5.386440195143223,52.87939766652045,35.62939766652045,17.25,nan,0.0,0,35,0,0,0.0,1.0,34.0
262,1,right_lane,naive,False,nan,40,0,21.268957345971565,0.0,2.5,3.123394626381014,62.03033175355449,42.0303317535545,20.0,nan,0.0,0,40,0,0,0.0,0.0,40.0
263,1,right_lane,naive,False,nan,40,0,22.268957345971565,15.5,3.0,17.60746281594038,55.37962546869831,43.62962546869831,11.75,nan,0.0,0,40,0,0,13.0,7.0,20.0
264,1,right_lane,naive,False,nan,40,0,21.518957345971565,0.0,0.5,3.2989637228520223,62.4303317535545,42.4303317535545,20.0,nan,0.0,0,40,0,0,0.0,0.0,40.0
265,1,right_lane,naive,False,nan,20,1,23.787914691934265,0.0,2.5,1.1645645471717216,33.030331753547415,23.030331753547422,10.0,nan,0.0,0,20,0,0,0.0,0.0,20.0
266,1,right_lane,naive,False,nan,40,0,20.8939573329563,0.0,12.0,4.48308726772666,61.17939764569603,41.42939764569603,19.75,nan,0.0,0,40,0,0,0.0,1.0,39.0
267,1,right_lane,naive,False,nan,40,0,21.643957345971554,1.5,5.0,6.051144316792488,61.62870339728725,42.628703397287246,19.0,nan,0.0,0,40,0,0,0.0,4.0,36.0
268,1,right_lane,naive,False,nan,40,0,23.268957234091886,19.5,2.0,21.335405175732376,54.978674071044296,45.228674071044296,9.75,nan,0.0,0,40,0,0,18.0,5.0,17.0
269,1,right_lane,naive,False,nan,40,0,21.393957345971565,0.0,1.0,4.086553013013599,61.979398329686106,42.2293983296861,19.75,nan,0.0,0,40,0,0,0.0,1.0,39.0
270,1,right_lane,naive,False,nan,40,0,23.391504197449517,11.5,0.0,13.982540139666526,59.17447619856812,45.42447619856812,13.75,nan,0.0,0,40,0,0,12.0,1.0,27.0
271,1,right_lane,naive,False,nan,40,0,22.143957345971565,7.0,5.5,10.256194528192282,59.428669006928445,43.42866900692844,16.0,nan,0.0,0,40,0,0,7.0,2.0,31.0
272,1,right_lane,naive,False,nan,40,0,21.51858540506837,0.0,4.0,3.973181019653566,62.178802561075344,42.428802561075344,19.75,nan,0.0,0,40,0,0,0.0,1.0,39.0
273,1,right_lane,naive,False,nan,40,0,25.893957345745783,22.0,2.5,22.011817064410025,58.1779953326549,49.427995332654895,8.75,nan,0.0,0,40,0,0,20.0,5.0,15.0
274,1,right_lane,naive,False,nan,40,0,23.768957345971565,12.5,2.5,14.807823881704735,59.27847393220374,46.02847393220374,13.25,nan,0.0,0,40,0,0,13.0,1.0,26.0
275,1,right_lane,naive,False,nan,40,0,22.01895733123851,8.0,3.5,10.236227498719472,58.72820236228824,43.22820236228824,15.5,nan,0.0,0,40,0,0,7.0,4.0,29.0
276,1,right_lane,naive,False,nan,32,1,23.304946682464454,5.5,2.0,6.788536021776736,48.97889399764389,36.22889399764389,12.75,nan,0.0,0,32,0,0,6.0,1.0,25.0
277,1,right_lane,naive,False,nan,40,0,20.768957345971565,0.0,6.0,4.213994517922401,61.2303317535545,41.23033175355451,20.0,nan,0.0,0,40,0,0,0.0,0.0,40.0
278,1,right_lane,naive,False,nan,5,1,28.84838684036547,3.5,0.0,3.677176132798195,7.018969619973083,6.768969619973083,0.25,nan,0.0,0,5,0,0,4.0,1.0,0.0
279,1,right_lane,naive,False,nan,40,0,22.643957345971565,0.0,1.0,3.377573902927452,63.9793983296861,44.229398329686106,19.75,nan,0.0,0,40,0,0,0.0,1.0,39.0
280,1,right_lane,naive,False,nan,40,0,23.50032874938229,0.5,3.0,3.9816785756465833,64.84859335431807,45.59859335431806,19.25,nan,0.0,0,40,0,0,1.0,1.0,38.0
281,1,right_lane,naive,False,nan,40,0,20.768957345971565,0.0,5.5,4.529481157660484,61.23033175355451,41.2303317535545,20.0,nan,0.0,0,40,0,0,0.0,0.0,40.0
282,1,right_lane,naive,False,nan,40,0,22.143957345971565,0.0,1.0,3.656599090727468,63.17939766843072,43.42939766843072,19.75,nan,0.0,0,40,0,0,0.0,1.0,39.0
283,1,right_lane,naive,False,nan,40,0,20.768957345971117,9.0,6.5,11.626081015914679,56.23026640956453,41.23026640956453,15.0,nan,0.0,0,40,0,0,8.0,4.0,28.0
284,1,right_lane,naive,False,nan,40,0,21.018957345971565,1.5,18.0,6.983631096278259,60.378397176484945,41.62839717648495,18.75,nan,0.0,0,40,0,0,2.0,1.0,37.0
285,1,right_lane,naive,False,nan,40,0,22.25000000002973,6.5,7.0,10.849056414328516,60.093319956357945,43.59331995635794,16.5,nan,0.0,0,40,0,0,4.0,6.0,30.0
286,1,right_lane,naive,False,nan,40,0,26.143957344482807,20.5,0.5,21.573054061409493,59.07837784892032,49.82837784892033,9.25,nan,0.0,0,40,0,0,21.0,1.0,18.0
287,1,right_lane,naive,False,nan,40,0,21.143957345971565,4.5,6.0,8.436224274337292,59.8303317535545,41.83033175355451,18.0,nan,0.0,0,40,0,0,0.0,8.0,32.0
288,1,right_lane,naive,False,nan,40,0,22.018957345971565,12.0,3.5,14.670411810278893,56.97746431723058,43.22746431723057,13.75,nan,0.0,0,40,0,0,11.0,3.0,26.0
289,1,right_lane,naive,False,nan,40,0,23.143957345971565,5.5,14.0,9.441725095404536,61.77889399764389,45.02889399764389,16.75,nan,0.0,0,40,0,0,6.0,1.0,33.0
290,1,right_lane,naive,False,nan,21,1,23.36944256375521,0.5,7.0,3.2166529657324645,33.82963839496067,23.829638394960668,10.0,nan,0.0,0,21,0,0,0.0,2.0,19.0
291,1,right_lane,naive,False,nan,40,0,21.018957345971565,6.5,1.5,9.089377372023137,57.88025367881688,41.63025367881688,16.25,nan,0.0,0,40,0,0,7.0,1.0,32.0
292,1,right_lane,naive,False,nan,40,0,21.518957345971565,0.0,0.0,3.661680567937765,62.17939832968611,42.42939832968611,19.75,nan,0.0,0,40,0,0,0.0,1.0,39.0
293,1,right_lane,naive,False,nan,40,0,22.518957345971558,0.5,3.0,4.361960548059187,63.27839910880879,44.028399108808784,19.25,nan,0.0,0,40,0,0,1.0,1.0,38.0
294,1,right_lane,naive,False,nan,29,1,22.612354959960776,6.0,6.0,8.34820081293583,43.278408347107444,32.028408347107444,11.25,nan,0.0,0,29,0,0,2.0,9.0,18.0
295,1,right_lane,naive,False,nan,40,0,20.89395239570556,0.5,2.0,4.420043632388115,60.678390483915166,41.428390483915166,19.25,nan,0.0,0,40,0,0,1.0,1.0,38.0
296,1,right_lane,naive,False,nan,40,0,21.143957247107718,12.5,4.0,15.070958390831947,55.57847380267876,41.82847380267876,13.75,nan,0.0,0,40,0,0,10.0,5.0,25.0
297,1,right_lane,naive,False,nan,40,1,21.018957345971565,0.5,15.0,6.794636711478233,60.87839840434077,41.62839840434077,19.25,nan,0.0,0,40,0,0,1.0,1.0,38.0
298,1,right_lane,naive,False,nan,40,0,24.143957345971565,13.5,5.5,16.48898059129715,59.378915140927624,46.628915140927624,12.75,nan,0.0,0,40,0,0,13.0,3.0,24.0
299,1,right_lane,naive,False,nan,40,0,22.518957345971565,1.5,8.0,5.0199896253780025,63.278691805200864,44.02869180520086,19.25,nan,0.0,0,40,0,0,0.0,3.0,37.0
300,1,right_lane,naive,False,nan,40,0,21.893957345971565,0.0,0.5,3.525860041523856,63.03033175355449,43.030331753554506,20.0,nan,0.0,0,40,0,0,0.0,0.0,40.0
301,1,right_lane,naive,False,nan,11,1,23.705299033155487,11.0,0.0,10.813870370388031,12.630331574588414,12.630331574588414,0.0,nan,0.0,0,11,0,0,11.0,0.0,0.0
302,1,right_lane,naive,False,nan,40,0,20.768957345971565,6.5,2.5,10.354089938104153,57.48025367881687,41.23025367881687,16.25,nan,0.0,0,40,0,0,7.0,1.0,32.0
303,1,right_lane,naive,False,nan,40,0,22.518957345749705,12.5,4.0,15.070042412728071,57.280253520640976,44.030253520640976,13.25,nan,0.0,0,40,0,0,13.0,1.0,26.0
304,1,right_lane,naive,False,nan,40,0,21.393957345971565,0.0,0.5,3.8560559969928363,61.979398329686106,42.2293983296861,19.75,nan,0.0,0,40,0,0,0.0,1.0,39.0
305,1,right_lane,naive,False,nan,40,0,21.62749644062177,0.0,2.5,1.9995429699556553,62.603994304994835,42.60399430499484,20.0,nan,0.0,0,40,0,0,0.0,0.0,40.0
306,1,right_lane,naive,False,nan,40,0,24.641417725103427,5.0,2.0,8.186602802626567,64.4224319431068,47.4224319431068,17.0,nan,0.0,0,40,0,0,1.0,10.0,29.0
307,1,right_lane,naive,False,nan,40,0,21.893957345745736,2.0,8.5,6.482189431786537,62.02937986085005,43.02937986085004,19.0,nan,0.0,0,40,0,0,0.0,4.0,36.0
308,1,right_lane,naive,False,nan,40,0,21.143957345971565,8.0,1.0,10.332239899085835,57.57805473898453,41.82805473898453,15.75,nan,0.0,0,40,0,0,3.0,11.0,26.0
309,1,right_lane,naive,False,nan,40,0,21.018957345971565,0.0,3.0,4.403790402620871,61.37939766774114,41.62939766774115,19.75,nan,0.0,0,40,0,0,0.0,1.0,39.0
310,1,right_lane,naive,False,nan,23,1,22.641664949515754,0.5,3.0,3.3502222511233413,36.17839910886088,25.428399108860884,10.75,nan,0.0,0,23,0,0,1.0,1.0,21.0
311,1,right_lane,naive,False,nan,40,0,23.518957345971565,7.5,5.0,10.98896178294217,61.628915506176,45.62891550617599,16.0,nan,0.0,0,40,0,0,5.0,6.0,29.0
312,1,right_lane,naive,False,nan,40,0,21.393957345971565,0.0,10.5,3.960100966232858,62.2303317535545,42.230331753554495,20.0,nan,0.0,0,40,0,0,0.0,0.0,40.0
313,1,right_lane,naive,False,nan,40,0,22.768957345968165,0.0,2.0,3.873791884165257,64.17939832968067,44.429398329680666,19.75,nan,0.0,0,40,0,0,0.0,1.0,39.0
314,1,right_lane,naive,False,nan,40,0,20.768957345971565,1.0,4.0,5.560980434730482,60.228049088155245,41.228049088155245,19.0,nan,0.0,0,40,0,0,1.0,2.0,37.0
315,1,right_lane,naive,False,nan,40,0,21.143957345971565,0.0,14.5,4.738356334804848,61.57939766774183,41.82939766774182,19.75,nan,0.0,0,40,0,0,0.0,1.0,39.0
316,1,right_lane,naive,False,nan,40,0,21.018957345971565,0.0,4.0,3.9274539113521314,61.63033175355449,41.6303317535545,20.0,nan,0.0,0,40,0,0,0.0,0.0,40.0
317,1,right_lane,naive,False,nan,40,0,21.143957345971565,1.5,2.5,5.0143172182142735,60.82846341725653,41.82846341725653,19.0,nan,0.0,0,40,0,0,0.0,4.0,36.0
318,1,right_lane,naive,False,nan,40,0,21.768957345971494,0.0,3.0,3.564307821143302,62.83033175355441,42.830331753554404,20.0,nan,0.0,0,40,0,0,0.0,0.0,40.0
319,1,right_lane,naive,False,nan,40,0,20.518957345971565,0.0,0.5,1.314277085836693,60.8303317535545,40.8303317535545,20.0,nan,0.0,0,40,0,0,0.0,0.0,40.0
320,1,right_lane,naive,False,nan,40,0,20.893957345971565,0.0,3.0,4.086887814104557,61.43033175355451,41.4303317535545,20.0,nan,0.0,0,40,0,0,0.0,0.0,40.0
321,1,right_lane,naive,False,nan,40,0,23.018957345971565,40.0,0.0,37.12460935115814,44.830331753554496,44.830331753554496,0.0,nan,0.0,0,40,0,0,40.0,0.0,0.0
322,1,right_lane,naive,False,nan,40,0,22.143957345971554,0.5,1.0,3.936725440709779,62.92939832968607,43.42939832968609,19.5,nan,0.0,0,40,0,0,0.0,2.0,38.0
323,1,right_lane,naive,False,nan,40,0,22.518956608239495,7.5,5.0,10.963034816411891,59.77974269055836,44.02974269055836,15.75,nan,0.0,0,40,0,0,8.0,1.0,31.0
324,1,right_lane,naive,False,nan,40,0,22.893957345971565,0.5,6.0,4.751513213084081,63.87839840434078,44.62839840434077,19.25,nan,0.0,0,40,0,0,1.0,1.0,38.0
325,1,right_lane,naive,False,nan,40,0,21.393957345971565,0.0,5.0,3.5339954457649583,62.230331753554495,42.2303317535545,20.0,nan,0.0,0,40,0,0,0.0,0.0,40.0
326,1,right_lane,naive,False,nan,40,0,22.893914804623012,0.0,2.5,2.8961043256601897,64.63026368739682,44.63026368739682,20.0,nan,0.0,0,40,0,0,0.0,0.0,40.0
327,1,right_lane,naive,False,nan,40,0,20.268957345971565,0.0,14.5,5.848277270793915,60.430331753554505,40.430331753554505,20.0,nan,0.0,0,40,0,0,0.0,0.0,40.0
328,1,right_lane,naive,False,nan,40,0,20.893957345971565,26.5,1.5,26.01631909608841,47.92939766774115,41.42939766774115,6.5,nan,0.0,0,40,0,0,25.0,4.0,11.0
329,1,right_lane,naive,False,nan,40,0,22.393957345971565,0.0,8.0,3.92565906382697,63.8303317535545,43.830331753554496,20.0,nan,0.0,0,40,0,0,0.0,0.0,40.0
330,1,right_lane,naive,False,nan,40,0,21.893957345971565,40.0,0.0,36.46851050853729,43.27939766774183,43.02939766774183,0.25,nan,0.0,0,40,0,0,39.0,1.0,0.0
331,1,right_lane,naive,False,nan,40,0,21.268957345971565,6.5,9.0,10.56965135037899,58.52903475570279,42.02903475570279,16.5,nan,0.0,0,40,0,0,5.0,4.0,31.0
332,1,right_lane,naive,False,nan,40,0,22.50032874937786,0.0,3.5,3.4096908964532417,64.00052599900458,44.00052599900458,20.0,nan,0.0,0,40,0,0,0.0,0.0,40.0
333,1,right_lane,naive,False,nan,40,0,22.268957260126378,5.5,12.5,9.49094040192358,60.37828246206497,43.62828246206498,16.75,nan,0.0,0,40,0,0,4.0,5.0,31.0
334,1,right_lane,naive,False,nan,40,0,21.018957345971565,0.0,2.0,3.9850995121905726,61.37939766843071,41.62939766843072,19.75,nan,0.0,0,40,0,0,0.0,1.0,39.0
335,1,right_lane,naive,False,nan,40,0,24.733544795667456,1.5,5.5,4.191498381470865,67.07274062914968,47.57274062914967,19.5,nan,0.0,0,40,0,0,0.0,2.0,38.0
336,1,right_lane,naive,False,nan,40,0,21.518956596934782,0.0,4.0,4.259220919102972,62.17939646928298,42.429396469282985,19.75,nan,0.0,0,40,0,0,0.0,1.0,39.0
337,1,right_lane,naive,False,nan,40,0,22.393957345971565,1.5,0.0,4.801131431003341,63.078692083045624,43.82869208304563,19.25,nan,0.0,0,40,0,0,0.0,3.0,37.0
338,1,right_lane,naive,False,nan,40,0,22.143957345971565,1.5,2.5,5.546214329675422,62.4277577193875,43.42775771938749,19.0,nan,0.0,0,40,0,0,0.0,4.0,36.0
339,1,right_lane,naive,False,nan,40,0,22.018957345971565,10.0,7.5,12.538185481414075,58.728676304581654,43.228676304581654,15.5,nan,0.0,0,40,0,0,7.0,4.0,29.0
340,1,right_lane,naive,False,nan,40,0,21.893957345971117,0.5,1.0,4.266786890984349,62.27839910886018,43.028399108860185,19.25,nan,0.0,0,40,0,0,1.0,1.0,38.0
341,1,right_lane,naive,False,nan,40,0,20.768957345971565,0.5,3.5,4.450220030150376,60.47839840304875,41.22839840304875,19.25,nan,0.0,0,40,0,0,1.0,1.0,38.0
342,1,right_lane,naive,False,nan,40,0,20.768957345971565,8.0,8.0,12.155628390610218,56.72986086939085,41.22986086939085,15.5,nan,0.0,0,40,0,0,8.0,2.0,30.0
343,1,right_lane,naive,False,nan,40,0,24.391133005579192,25.5,1.0,25.365764042013325,54.27092259283795,47.02092259283795,7.25,nan,0.0,0,40,0,0,23.0,5.0,12.0
344,1,right_lane,naive,False,nan,35,1,22.16452268111036,0.0,3.5,3.5371414783130604,55.27939766773994,38.02939766773995,17.25,nan,0.0,0,35,0,0,0.0,1.0,34.0
345,1,right_lane,naive,False,nan,40,0,21.893957345970982,0.0,7.5,4.222196648828685,62.779397668429745,43.029397668429745,19.75,nan,0.0,0,40,0,0,0.0,1.0,39.0
346,1,right_lane,naive,False,nan,40,0,21.87500570101725,6.5,8.5,10.468248687538562,59.999072738025184,42.999072738025184,17.0,nan,0.0,0,40,0,0,5.0,2.0,33.0
347,1,right_lane,naive,False,nan,40,0,22.143957345971494,1.5,1.5,5.084102667111438,62.17839910886079,43.42839910886078,18.75,nan,0.0,0,40,0,0,2.0,1.0,37.0
348,1,right_lane,naive,False,nan,40,0,20.393957345971565,0.0,13.0,5.295160032808781,60.37939766652045,40.62939766652045,19.75,nan,0.0,0,40,0,0,0.0,1.0,39.0
349,1,right_lane,naive,False,nan,40,0,21.643957345971565,1.5,4.5,5.5382322840741836,61.378398404340764,42.62839840434078,18.75,nan,0.0,0,40,0,0,2.0,1.0,37.0
350,1,right_lane,naive,False,nan,40,0,22.893957345971565,3.5,5.0,6.9669624869175095,62.87898824764153,44.62898824764153,18.25,nan,0.0,0,40,0,0,0.0,7.0,33.0
351,1,right_lane,naive,False,nan,40,0,23.393951742329993,0.0,5.5,3.637306829989029,65.43032278772797,45.43032278772797,20.0,nan,0.0,0,40,0,0,0.0,0.0,40.0
352,1,right_lane,naive,False,nan,40,0,24.62532874938229,39.5,0.0,37.09245818853378,47.64913128307523,47.39913128307523,0.25,nan,0.0,0,40,0,0,39.0,1.0,0.0
353,1,right_lane,naive,False,nan,40,0,22.00249644062177,0.0,1.0,3.7717168389135622,62.95306021918147,43.203060219181474,19.75,nan,0.0,0,40,0,0,0.0,1.0,39.0
354,1,right_lane,naive,False,nan,16,1,23.484893364290173,0.0,0.0,0.6770643089239456,25.979398329277316,18.22939832927731,7.75,nan,0.0,0,16,0,0,0.0,1.0,15.0
355,1,right_lane,naive,False,nan,40,0,22.268957345971565,0.0,8.0,3.8967884525554837,63.6303317535545,43.63033175355451,20.0,nan,0.0,0,40,0,0,0.0,0.0,40.0
356,1,right_lane,naive,False,nan,40,0,21.393957345749705,0.0,13.5,4.3108253634231914,62.230331753199536,42.23033175319953,20.0,nan,0.0,0,40,0,0,0.0,0.0,40.0
357,1,right_lane,naive,False,nan,40,0,20.268957345971565,0.0,2.5,4.4870889857411385,60.430331753554505,40.430331753554505,20.0,nan,0.0,0,40,0,0,0.0,0.0,40.0
358,1,right_lane,naive,False,nan,40,0,23.643957345971565,0.0,1.0,3.2240930732114066,65.8303317535545,45.8303317535545,20.0,nan,0.0,0,40,0,0,0.0,0.0,40.0
359,1,right_lane,naive,False,nan,40,0,22.268957345971565,6.0,4.5,7.3323694693362995,60.3774650231127,43.62746502311271,16.75,nan,0.0,0,40,0,0,5.0,3.0,32.0
360,1,right_lane,naive,False,nan,40,0,23.518957345749698,0.0,6.0,3.295318620141188,65.63033175319954,45.630331753199535,20.0,nan,0.0,0,40,0,0,0.0,0.0,40.0
361,1,right_lane,naive,False,nan,40,0,21.891789654732086,0.0,9.5,4.23306225054489,62.77593002370291,43.025930023702934,19.75,nan,0.0,0,40,0,0,0.0,1.0,39.0
362,1,right_lane,naive,False,nan,40,0,22.643957345971565,0.0,7.0,3.048861462829791,64.2303317535545,44.2303317535545,20.0,nan,0.0,0,40,0,0,0.0,0.0,40.0
363,1,right_lane,naive,False,nan,40,0,22.768957345741875,30.0,3.5,29.570783272385597,49.17733713565525,44.42733713565525,4.75,nan,0.0,0,40,0,0,26.0,9.0,5.0
364,1,right_lane,naive,False,nan,40,0,21.143957345971565,0.0,6.5,4.084932290017605,61.8303317535545,41.83033175355451,20.0,nan,0.0,0,40,0,0,0.0,0.0,40.0
365,1,right_lane,naive,False,nan,40,0,23.393957345971508,0.5,5.0,4.485127178996663,64.6783991088608,45.42839910886081,19.25,nan,0.0,0,40,0,0,1.0,1.0,38.0
366,1,right_lane,naive,False,nan,40,0,22.143957345971565,9.0,6.5,12.252874818876535,58.927540527240595,43.427540527240595,15.5,nan,0.0,0,40,0,0,7.0,4.0,29.0
367,1,right_lane,naive,False,nan,40,0,20.768957345971565,0.5,1.5,4.378097828477621,60.478399108808766,41.228399108808766,19.25,nan,0.0,0,40,0,0,1.0,1.0,38.0
368,1,right_lane,naive,False,nan,40,0,23.143957345971565,10.0,5.0,13.082390047609806,59.77661908617896,45.02661908617896,14.75,nan,0.0,0,40,0,0,7.0,7.0,26.0
369,1,right_lane,naive,False,nan,40,0,20.768957345971565,1.5,3.0,6.387492746114731,59.9783984043395,41.228398404339494,18.75,nan,0.0,0,40,0,0,2.0,1.0,37.0
370,1,right_lane,naive,False,nan,3,1,25.0,1.0,0.5,1.0453848391771317,4.849067077512926,3.599067077512926,1.25,nan,0.0,0,3,0,0,0.0,1.0,2.0
371,1,right_lane,naive,False,nan,40,0,21.8917890028452,0.5,4.5,4.815020165053284,62.274929759806604,43.024929759806604,19.25,nan,0.0,0,40,0,0,1.0,1.0,38.0
372,1,right_lane,naive,False,nan,40,0,21.268957345971565,0.0,5.0,3.267916754099133,62.0303317535545,42.0303317535545,20.0,nan,0.0,0,40,0,0,0.0,0.0,40.0
373,1,right_lane,naive,False,nan,40,0,22.981085946157894,16.5,6.5,18.421909667551517,56.51419581644948,44.76419581644948,11.75,nan,0.0,0,40,0,0,12.0,9.0,19.0
374,1,right_lane,naive,False,nan,35,1,21.593094109681786,0.0,12.5,5.538379340347092,54.47939766774115,37.22939766774115,17.25,nan,0.0,0,35,0,0,0.0,1.0,34.0
375,1,right_lane,naive,False,nan,40,0,22.143957345971565,8.5,2.0,11.273253125367773,58.6783983551998,43.4283983551998,15.25,nan,0.0,0,40,0,0,9.0,1.0,30.0
376,1,right_lane,naive,False,nan,40,0,21.643957345971565,0.0,10.0,3.9368186471928084,62.3793983296861,42.62939832968609,19.75,nan,0.0,0,40,0,0,0.0,1.0,39.0
377,1,right_lane,naive,False,nan,40,0,21.01895733466685,0.0,13.0,4.295455603074515,61.63033173546696,41.63033173546696,20.0,nan,0.0,0,40,0,0,0.0,0.0,40.0
378,1,right_lane,naive,False,nan,40,0,22.893957345971565,12.5,1.5,14.77425578981638,58.12798299106598,44.627982991065984,13.5,nan,0.0,0,40,0,0,11.0,4.0,25.0
379,1,right_lane,naive,False,nan,40,0,22.768957331463703,11.0,6.0,14.398719477529426,58.42652655008601,44.42652655008601,14.0,nan,0.0,0,40,0,0,10.0,4.0,26.0
380,1,right_lane,naive,False,nan,40,0,24.749957557260384,29.5,0.5,29.434846887731965,52.3464164167688,47.5964164167688,4.75,nan,0.0,0,40,0,0,28.0,5.0,7.0
381,1,right_lane,naive,False,nan,40,0,21.76895734597105,0.0,1.5,3.449143830948742,62.579398329685276,42.82939832968526,19.75,nan,0.0,0,40,0,0,0.0,1.0,39.0
382,1,right_lane,naive,False,nan,40,0,22.768957345745857,40.0,0.0,37.89379423856735,44.43033175319337,44.43033175319337,0.0,nan,0.0,0,40,0,0,40.0,0.0,0.0
383,1,right_lane,naive,False,nan,40,0,24.518957345971565,3.5,6.0,6.864927055908993,64.97698441701151,47.226984417011515,17.75,nan,0.0,0,40,0,0,1.0,7.0,32.0
384,1,right_lane,naive,False,nan,40,0,21.268957345971565,6.5,7.5,10.28341045230627,58.27847106474142,42.028471064741424,16.25,nan,0.0,0,40,0,0,7.0,1.0,32.0
385,1,right_lane,naive,False,nan,33,1,25.022978601177563,0.0,3.5,2.404165406897903,56.130331753554394,39.630331753554394,16.5,nan,0.0,0,33,0,0,0.0,0.0,33.0
386,1,right_lane,naive,False,nan,40,0,21.50249644062177,5.5,9.5,9.847011756151915,59.151942717612094,42.401942717612094,16.75,nan,0.0,0,40,0,0,5.0,3.0,32.0
387,1,right_lane,naive,False,nan,40,0,22.143957345971565,39.0,0.5,36.26673370599747,43.92806048137433,43.42806048137433,0.5,nan,0.0,0,40,0,0,38.0,2.0,0.0
388,1,right_lane,naive,False,nan,40,0,21.391789002845204,4.5,8.5,8.369553416967392,59.475002787041596,42.22500278704159,17.25,nan,0.0,0,40,0,0,5.0,1.0,34.0
389,1,right_lane,naive,False,nan,40,0,21.768957345971565,0.0,7.5,3.7407661620527506,62.830331753554496,42.830331753554496,20.0,nan,0.0,0,40,0,0,0.0,0.0,40.0
390,1,right_lane,naive,False,nan,40,0,21.643957345971565,23.5,4.5,23.132277985201654,51.379808238454196,42.62980823845418,8.75,nan,0.0,0,40,0,0,19.0,7.0,14.0
391,1,right_lane,naive,False,nan,40,0,22.393957345971554,12.0,9.5,15.17613288780558,57.3293896590999,43.8293896590999,13.5,nan,0.0,0,40,0,0,9.0,8.0,23.0
392,1,right_lane,naive,False,nan,40,0,23.018957345971565,0.0,2.5,2.867010476930318,64.8303317535545,44.830331753554496,20.0,nan,0.0,0,40,0,0,0.0,0.0,40.0
393,1,right_lane,naive,False,nan,22,1,23.670831335170057,7.0,6.5,9.209675028920174,32.4778374908869,25.227837490886895,7.25,nan,0.0,0,22,0,0,1.0,13.0,8.0
394,1,right_lane,naive,False,nan,40,0,21.518957345971565,0.0,13.5,4.131515993763969,62.43033175355451,42.430331753554505,20.0,nan,0.0,0,40,0,0,0.0,0.0,40.0
395,1,right_lane,naive,False,nan,40,0,22.268957345971558,5.0,3.0,8.748036456294358,60.87553447143464,43.62553447143465,17.25,nan,0.0,0,40,0,0,4.0,3.0,33.0
396,1,right_lane,naive,False,nan,13,1,20.442945679910913,0.0,6.5,2.253550633788109,19.73033175355368,13.23033175355368,6.5,nan,0.0,0,13,0,0,0.0,0.0,13.0
397,1,right_lane,naive,False,nan,40,0,20.768957345971565,11.0,8.5,14.547108568251133,55.476668243972306,41.2266682439723,14.25,nan,0.0,0,40,0,0,9.0,5.0,26.0
398,1,right_lane,naive,False,nan,40,0,22.768957345971565,5.5,11.5,9.740541248582304,61.1788939976439,44.42889399764389,16.75,nan,0.0,0,40,0,0,6.0,1.0,33.0
399,1,right_lane,naive,False,nan,40,0,21.143957345971565,2.0,10.0,6.887691028416157,60.82939832968609,41.8293983296861,19.0,nan,0.0,0,40,0,0,0.0,4.0,36.0
400,1,right_lane,naive,False,nan,40,0,21.518957345968165,0.0,17.0,5.2105308624454665,62.17939832968066,42.42939832968066,19.75,nan,0.0,0,40,0,0,0.0,1.0,39.0
401,1,right_lane,naive,False,nan,40,0,22.143957332923243,2.0,6.0,6.783954771410208,61.92770481793252,43.42770481793252,18.5,nan,0.0,0,40,0,0,1.0,4.0,35.0
402,1,right_lane,naive,False,nan,40,0,20.268957345971565,0.0,2.0,4.18266499042511,60.430331753554505,40.430331753554505,20.0,nan,0.0,0,40,0,0,0.0,0.0,40.0
403,1,right_lane,naive,False,nan,40,0,23.768957345971565,8.5,4.0,11.566344753558951,61.27889399247154,46.02889399247154,15.25,nan,0.0,0,40,0,0,9.0,1.0,30.0
404,1,right_lane,naive,False,nan,40,0,24.768957345971565,20.0,2.5,21.725383639335632,57.129623404800796,47.629623404800796,9.5,nan,0.0,0,40,0,0,16.0,10.0,14.0
405,1,right_lane,naive,False,nan,40,0,20.268957345971565,0.0,19.5,5.434525176882744,60.179396514701764,40.42939651470176,19.75,nan,0.0,0,40,0,0,0.0,1.0,39.0
406,1,right_lane,naive,False,nan,40,0,21.125043292099726,0.0,0.0,2.637206044048071,61.80006926735957,41.80006926735956,20.0,nan,0.0,0,40,0,0,0.0,0.0,40.0
407,1,right_lane,naive,False,nan,40,0,21.018957345971565,0.0,1.5,3.2086086980998516,61.6303317535545,41.6303317535545,20.0,nan,0.0,0,40,0,0,0.0,0.0,40.0
408,1,right_lane,naive,False,nan,40,0,24.268957345971565,39.5,0.0,37.75744980573654,47.07893676640492,46.82893676640492,0.25,nan,0.0,0,40,0,0,39.0,1.0,0.0
409,1,right_lane,naive,False,nan,40,0,21.143957345971565,0.0,5.0,3.587154055227984,61.830331753554496,41.830331753554496,20.0,nan,0.0,0,40,0,0,0.0,0.0,40.0
410,1,right_lane,naive,False,nan,40,0,23.893957345971565,4.0,6.0,7.120795864600041,63.979623584063276,46.22962358406328,17.75,nan,0.0,0,40,0,0,0.0,9.0,31.0
411,1,right_lane,naive,False,nan,40,0,23.250000750722027,0.0,4.5,2.753399336635539,65.20000120115525,45.200001201155246,20.0,nan,0.0,0,40,0,0,0.0,0.0,40.0
412,1,right_lane,naive,False,nan,40,0,21.643957345971565,0.0,1.0,4.042478843212848,62.379398329686104,42.629398329686104,19.75,nan,0.0,0,40,0,0,0.0,1.0,39.0
413,1,right_lane,naive,False,nan,40,0,22.393957345971565,0.0,0.0,0.5783292396063189,63.8303317535545,43.830331753554496,20.0,nan,0.0,0,40,0,0,0.0,0.0,40.0
414,1,right_lane,naive,False,nan,40,0,22.018957345971565,0.0,0.0,1.0295538588579802,62.979398329686106,43.22939832968609,19.75,nan,0.0,0,40,0,0,0.0,1.0,39.0
415,1,right_lane,naive,False,nan,40,0,21.268957345971565,3.5,1.5,7.221079842256813,59.77853680474925,42.028536804749244,17.75,nan,0.0,0,40,0,0,4.0,1.0,35.0
416,1,right_lane,naive,False,nan,40,0,23.518634297606013,3.0,5.0,6.043334216860103,63.62841366557114,45.62841366557114,18.0,nan,0.0,0,40,0,0,3.0,2.0,35.0
417,1,right_lane,naive,False,nan,40,0,22.393957345971565,7.5,7.5,10.60143505135784,59.82744342195844,43.82744342195844,16.0,nan,0.0,0,40,0,0,7.0,2.0,31.0
418,1,right_lane,naive,False,nan,40,0,20.893957345971565,0.5,6.0,5.211450181901455,60.678398404340776,41.428398404340776,19.25,nan,0.0,0,40,0,0,1.0,1.0,38.0
419,1,right_lane,naive,False,nan,31,1,20.347041736737506,0.0,15.5,5.396142348647118,46.930331753554505,31.430331753554505,15.5,nan,0.0,0,31,0,0,0.0,0.0,31.0
420,1,right_lane,naive,False,nan,40,0,22.983582386720716,29.5,1.5,28.34028246998787,50.0230210267286,44.7730210267286,5.25,nan,0.0,0,40,0,0,19.0,21.0,0.0
421,1,right_lane,naive,False,nan,40,0,21.018957345971565,0.0,12.5,3.580839094996918,61.63033175355449,41.6303317535545,20.0,nan,0.0,0,40,0,0,0.0,0.0,40.0
422,1,right_lane,naive,False,nan,40,0,21.018957345971508,4.5,5.0,8.537391431629658,58.87939646920465,41.62939646920462,17.25,nan,0.0,0,40,0,0,1.0,9.0,30.0
423,1,right_lane,naive,False,nan,40,0,22.018957345942347,3.0,0.5,5.571591606103539,61.228917158602464,43.22891715860247,18.0,nan,0.0,0,40,0,0,3.0,2.0,35.0
424,1,right_lane,naive,False,nan,40,0,22.01895659544609,2.5,3.5,6.356111324660787,61.728462193794535,43.228462193794535,18.5,nan,0.0,0,40,0,0,0.0,6.0,34.0
425,1,right_lane,naive,False,nan,40,0,25.50000000171446,31.0,0.5,30.91329049319029,52.79521292305333,48.79521292305333,4.0,nan,0.0,0,40,0,0,30.0,4.0,6.0
426,1,right_lane,naive,False,nan,40,0,21.018957345971565,9.0,3.0,13.10898144543171,56.62844606188411,41.62844606188412,15.0,nan,0.0,0,40,0,0,2.0,16.0,22.0
427,1,right_lane,naive,False,nan,40,0,24.268957345971053,14.5,4.0,17.071290764957666,59.07847104583491,46.82847104583491,12.25,nan,0.0,0,40,0,0,15.0,1.0,24.0
428,1,right_lane,naive,False,nan,40,0,22.12749644062177,0.0,1.5,3.2657214530772762,63.40399430499484,43.40399430499483,20.0,nan,0.0,0,40,0,0,0.0,0.0,40.0
429,1,right_lane,naive,False,nan,40,0,21.768957345971565,40.0,0.0,37.07695358991623,42.8303317535545,42.8303317535545,0.0,nan,0.0,0,40,0,0,40.0,0.0,0.0
430,1,right_lane,naive,False,nan,40,0,21.768957345971565,8.5,5.0,11.579735469073057,58.078471046163436,42.82847104616344,15.25,nan,0.0,0,40,0,0,9.0,1.0,30.0
431,1,right_lane,naive,False,nan,40,0,20.875043292099726,9.5,3.0,11.901086330413818,56.15006910918251,41.40006910918251,14.75,nan,0.0,0,40,0,0,10.0,1.0,29.0
432,1,right_lane,naive,False,nan,40,0,22.018957345971565,6.5,1.0,9.645353734493256,59.47847394930154,43.228473949301545,16.25,nan,0.0,0,40,0,0,7.0,1.0,32.0
433,1,right_lane,naive,False,nan,40,0,21.643957345971565,0.0,13.5,4.776881140924161,62.379398329686104,42.629398329686104,19.75,nan,0.0,0,40,0,0,0.0,1.0,39.0
434,1,right_lane,naive,False,nan,40,0,23.768957345937984,0.0,2.0,2.9974387268316605,66.03033175350076,46.03033175350077,20.0,nan,0.0,0,40,0,0,0.0,0.0,40.0
435,1,right_lane,naive,False,nan,40,0,21.393957345942347,2.5,3.0,6.55545424669981,60.72899123944518,42.228991239445186,18.5,nan,0.0,0,40,0,0,0.0,6.0,34.0
436,1,right_lane,naive,False,nan,40,0,23.268957345971565,4.5,6.0,8.102600451966282,62.478692099428656,45.228692099428656,17.25,nan,0.0,0,40,0,0,4.0,3.0,33.0
437,1,right_lane,naive,False,nan,40,0,21.393957345971565,0.0,12.0,4.662943640694721,62.23033175355451,42.23033175355451,20.0,nan,0.0,0,40,0,0,0.0,0.0,40.0
438,1,right_lane,naive,False,nan,40,0,20.89395733317816,0.0,11.5,4.534224025905132,61.43033173308505,41.43033173308505,20.0,nan,0.0,0,40,0,0,0.0,0.0,40.0
439,1,right_lane,naive,False,nan,40,0,20.268957345971565,0.0,9.0,4.806490398943424,60.179396514701764,40.42939651470176,19.75,nan,0.0,0,40,0,0,0.0,1.0,39.0
440,1,right_lane,naive,False,nan,40,0,20.893957345971565,40.0,0.0,36.9457271695137,41.430331753554505,41.430331753554505,0.0,nan,0.0,0,40,0,0,40.0,0.0,0.0
441,1,right_lane,naive,False,nan,40,0,23.00249644062177,2.5,8.0,6.290562892169703,63.55205903665878,44.80205903665878,18.75,nan,0.0,0,40,0,0,1.0,3.0,36.0
442,1,right_lane,naive,False,nan,40,0,21.268957345971565,0.0,0.5,2.8648645284119993,62.0303317535545,42.0303317535545,20.0,nan,0.0,0,40,0,0,0.0,0.0,40.0
443,1,right_lane,naive,False,nan,40,0,21.393957345971565,1.5,3.5,5.724872361042799,61.47939750072922,42.22939750072923,19.25,nan,0.0,0,40,0,0,0.0,3.0,37.0
444,1,right_lane,naive,False,nan,40,0,23.268957345971565,8.0,10.0,10.932018907648057,60.97768378569009,45.22768378569008,15.75,nan,0.0,0,40,0,0,7.0,3.0,30.0
445,1,right_lane,naive,False,nan,40,0,22.018957345971565,0.0,5.5,4.041938116866277,62.979397668430714,43.22939766843072,19.75,nan,0.0,0,40,0,0,0.0,1.0,39.0
446,1,right_lane,naive,False,nan,40,0,22.518957345971565,0.0,6.5,3.51525284571926,64.0303317535545,44.030331753554506,20.0,nan,0.0,0,40,0,0,0.0,0.0,40.0
447,1,right_lane,naive,False,nan,40,0,25.14395734425377,0.0,1.0,2.4453201285439263,68.23033175080603,48.230331750806045,20.0,nan,0.0,0,40,0,0,0.0,0.0,40.0
448,1,right_lane,naive,False,nan,40,0,21.768957334666844,0.0,1.0,4.062669751627254,62.579397649653586,42.82939764965359,19.75,nan,0.0,0,40,0,0,0.0,1.0,39.0
449,1,right_lane,naive,False,nan,40,0,23.75000009886436,3.0,0.0,5.940418269066868,64.24929202156055,45.999292021560564,18.25,nan,0.0,0,40,0,0,0.0,7.0,33.0
450,1,right_lane,naive,False,nan,40,0,21.643957345971565,0.0,5.0,4.0757094811522165,62.63033175355451,42.6303317535545,20.0,nan,0.0,0,40,0,0,0.0,0.0,40.0
451,1,right_lane,naive,False,nan,40,0,21.893957345971497,0.0,4.5,3.7446094160363828,63.0303317535544,43.03033175355439,20.0,nan,0.0,0,40,0,0,0.0,0.0,40.0
452,1,right_lane,naive,False,nan,40,0,20.393957345971565,0.0,20.5,5.163618840277195,60.37939766652045,40.62939766652045,19.75,nan,0.0,0,40,0,0,0.0,1.0,39.0
453,1,right_lane,naive,False,nan,40,0,23.143957345971565,5.5,2.0,7.1668067193822935,61.778893750560876,45.028893750560876,16.75,nan,0.0,0,40,0,0,6.0,1.0,33.0
454,1,right_lane,naive,False,nan,40,0,21.393957345971565,40.0,0.0,36.74467796087265,42.23033175355451,42.23033175355451,0.0,nan,0.0,0,40,0,0,40.0,0.0,0.0
455,1,right_lane,naive,False,nan,40,0,23.14395100608661,10.5,4.0,13.247313302897965,59.27836576640238,45.02836576640239,14.25,nan,0.0,0,40,0,0,11.0,1.0,28.0
456,1,right_lane,naive,False,nan,40,0,25.01895734596765,38.0,0.5,36.0063818693161,49.277369535184356,48.027369535184356,1.25,nan,0.0,0,40,0,0,35.0,5.0,0.0
457,1,right_lane,naive,False,nan,11,1,20.978026711802876,0.0,5.5,1.8378761261701584,16.930331753193265,11.430331753193268,5.5,nan,0.0,0,11,0,0,0.0,0.0,11.0
458,1,right_lane,naive,False,nan,40,0,22.64390920247019,10.5,7.0,13.217881436723928,58.727460592408164,44.227460592408164,14.5,nan,0.0,0,40,0,0,10.0,2.0,28.0
459,1,right_lane,naive,False,nan,40,0,22.51895734596765,0.0,3.5,3.5711385748072644,64.03033175354824,44.030331753548246,20.0,nan,0.0,0,40,0,0,0.0,0.0,40.0
460,1,right_lane,naive,False,nan,40,0,23.39395734596765,3.0,7.5,7.215599791457862,63.42649486714942,45.426494867149415,18.0,nan,0.0,0,40,0,0,1.0,6.0,33.0
461,1,right_lane,naive,False,nan,24,1,23.78159557661915,9.0,5.5,11.124834820628166,34.62803763507993,27.628037635079934,7.0,nan,0.0,0,24,0,0,8.0,4.0,12.0
462,1,right_lane,naive,False,nan,40,0,21.143957345971565,0.0,1.5,4.155587203800678,61.8303317535545,41.83033175355451,20.0,nan,0.0,0,40,0,0,0.0,0.0,40.0
463,1,right_lane,naive,False,nan,40,0,20.750043292099726,1.0,8.0,4.598271198570728,60.94913872256238,41.19913872256238,19.75,nan,0.0,0,40,0,0,0.0,1.0,39.0
464,1,right_lane,naive,False,nan,22,1,22.989013356310995,0.0,6.5,2.751320207001072,35.37939832968529,24.62939832968528,10.75,nan,0.0,0,22,0,0,0.0,1.0,21.0
465,1,right_lane,naive,False,nan,40,0,20.643957345971565,0.0,0.5,2.5538926464287215,61.030331753554506,41.030331753554506,20.0,nan,0.0,0,40,0,0,0.0,0.0,40.0
466,1,right_lane,naive,False,nan,40,0,21.268957345971565,3.5,1.0,6.986781317740679,60.02939973591779,42.02939973591779,18.0,nan,0.0,0,40,0,0,0.0,8.0,32.0
467,1,right_lane,naive,False,nan,40,0,20.893957345971565,0.0,2.5,1.4877956709005957,61.430331753554505,41.430331753554505,20.0,nan,0.0,0,40,0,0,0.0,0.0,40.0
468,1,right_lane,naive,False,nan,40,0,23.14113860773599,7.0,3.5,10.376523299360997,61.02368974601627,45.02368974601627,16.0,nan,0.0,0,40,0,0,6.0,4.0,30.0
469,1,right_lane,naive,False,nan,40,0,21.268950896143306,6.0,10.0,10.228006042540073,59.02826882879024,42.02826882879024,17.0,nan,0.0,0,40,0,0,4.0,4.0,32.0
470,1,right_lane,naive,False,nan,40,0,22.268957345971565,0.0,1.0,3.5150466449322266,63.37939832968611,43.629398329686104,19.75,nan,0.0,0,40,0,0,0.0,1.0,39.0
471,1,right_lane,naive,False,nan,40,0,21.393957345971565,0.0,14.5,4.365160967246538,62.2303317535545,42.2303317535545,20.0,nan,0.0,0,40,0,0,0.0,0.0,40.0
472,1,right_lane,naive,False,nan,40,0,21.75249644062177,0.0,1.5,3.642422368298412,62.80399430499483,42.80399430499483,20.0,nan,0.0,0,40,0,0,0.0,0.0,40.0
473,1,right_lane,naive,False,nan,40,0,23.393957345971565,11.5,0.0,14.15559708327055,59.17837714353317,45.42837714353317,13.75,nan,0.0,0,40,0,0,12.0,1.0,27.0
474,1,right_lane,naive,False,nan,40,0,21.37749644062177,0.5,11.5,5.482326711060523,61.45206095448425,42.20206095448427,19.25,nan,0.0,0,40,0,0,1.0,1.0,38.0
475,1,right_lane,naive,False,nan,40,0,22.143956496607558,31.0,3.5,31.85039685666561,47.67712020524337,43.42712020524337,4.25,nan,0.0,0,40,0,0,27.0,9.0,4.0
476,1,right_lane,naive,False,nan,40,0,21.893957345971565,1.0,2.5,5.026418171648402,62.0287048496189,43.02870484961891,19.0,nan,0.0,0,40,0,0,1.0,2.0,37.0
477,1,right_lane,naive,False,nan,40,0,21.643957344286836,1.0,3.5,3.57265259837186,62.128671712059244,42.628671712059244,19.5,nan,0.0,0,40,0,0,0.0,2.0,38.0
478,1,right_lane,naive,False,nan,40,0,23.768957345971565,0.5,1.0,4.316883289068301,65.2783984050733,46.028398405073304,19.25,nan,0.0,0,40,0,0,1.0,1.0,38.0
479,1,right_lane,naive,False,nan,11,1,26.43239401048844,11.0,0.0,10.73291164636612,13.830253364614917,13.830253364614917,0.0,nan,0.0,0,11,0,0,11.0,0.0,0.0
480,1,right_lane,naive,False,nan,40,0,24.01895659673534,0.0,3.0,3.8974066975116557,66.17939713090814,46.42939713090816,19.75,nan,0.0,0,40,0,0,0.0,1.0,39.0
481,1,right_lane,naive,False,nan,40,0,23.01895724878809,0.5,3.0,4.424351498239503,64.07839895336734,44.82839895336735,19.25,nan,0.0,0,40,0,0,1.0,1.0,38.0
482,1,right_lane,naive,False,nan,40,0,22.01859175625804,0.5,1.5,3.8670714658858287,62.47781416526715,43.227814165267155,19.25,nan,0.0,0,40,0,0,1.0,1.0,38.0
483,1,right_lane,naive,False,nan,40,0,21.768957345971565,0.0,4.0,3.656840891662796,62.83033175355449,42.83033175355449,20.0,nan,0.0,0,40,0,0,0.0,0.0,40.0
484,1,right_lane,naive,False,nan,40,0,22.518957345941836,0.0,3.5,3.144360999282071,63.77939832963854,44.02939832963854,19.75,nan,0.0,0,40,0,0,0.0,1.0,39.0
485,1,right_lane,naive,False,nan,40,0,21.768957260126378,0.0,0.5,2.6255737740184486,62.8303316162022,42.83033161620221,20.0,nan,0.0,0,40,0,0,0.0,0.0,40.0
486,1,right_lane,naive,False,nan,40,0,20.643957345971565,22.5,1.5,22.016813297312183,49.280331753554506,41.030331753554506,8.25,nan,0.0,0,40,0,0,23.0,1.0,16.0
487,1,right_lane,naive,False,nan,40,0,20.768957345971565,0.5,4.0,5.115336500108242,60.47839840434077,41.22839840434077,19.25,nan,0.0,0,40,0,0,1.0,1.0,38.0
488,1,right_lane,naive,False,nan,40,0,23.643957345971565,8.5,2.0,9.658300760529528,61.07868778917317,45.82868778917317,15.25,nan,0.0,0,40,0,0,7.0,5.0,28.0
489,1,right_lane,naive,False,nan,40,0,23.268957345971565,7.0,3.5,9.99819201562832,61.47770537723834,45.22770537723832,16.25,nan,0.0,0,40,0,0,6.0,3.0,31.0
490,1,right_lane,naive,False,nan,40,0,22.768957345971565,1.5,6.0,5.612602246157621,63.67939751846228,44.429397518462274,19.25,nan,0.0,0,40,0,0,0.0,3.0,37.0
491,1,right_lane,naive,False,nan,40,0,21.518957345971565,0.0,8.0,3.970509467766533,62.17939832968611,42.4293983296861,19.75,nan,0.0,0,40,0,0,0.0,1.0,39.0
492,1,right_lane,naive,False,nan,40,0,21.643957345971565,0.0,7.5,3.652678518085395,62.63033175355451,42.6303317535545,20.0,nan,0.0,0,40,0,0,0.0,0.0,40.0
493,1,right_lane,naive,False,nan,40,0,24.874994300922985,10.0,6.5,13.609407095818597,62.29554657265426,47.79554657265425,14.5,nan,0.0,0,40,0,0,8.0,6.0,26.0
494,1,right_lane,naive,False,nan,40,0,22.768957345971565,0.0,9.5,3.6914938427707966,64.4303317535545,44.43033175355449,20.0,nan,0.0,0,40,0,0,0.0,0.0,40.0
495,1,right_lane,naive,False,nan,40,0,24.016181149084478,13.5,1.5,15.802183581682584,59.17402213252502,46.42402213252501,12.75,nan,0.0,0,40,0,0,10.0,9.0,21.0
496,1,right_lane,naive,False,nan,40,0,23.268957345971565,19.5,7.5,21.430518127977848,54.98026379673113,45.23026379673113,9.75,nan,0.0,0,40,0,0,20.0,1.0,19.0
497,1,right_lane,naive,False,nan,19,1,22.145173359939974,0.5,5.5,3.5191415354202036,29.37839910886077,20.62839910886077,8.75,nan,0.0,0,19,0,0,1.0,1.0,17.0
498,1,right_lane,naive,False,nan,40,0,21.518957345971565,0.5,14.0,5.332360731895278,61.678399108860894,42.428399108860894,19.25,nan,0.0,0,40,0,0,1.0,1.0,38.0
499,1,right_lane,naive,False,nan,40,0,22.518957345945747,20.5,6.0,21.47617714383523,53.527840563516065,44.02784056351607,9.5,nan,0.0,0,40,0,0,19.0,4.0,17.0
500,1,right_lane,naive,False,nan,28,1,20.38422477995938,0.0,14.0,5.036623254418373,42.430331753554505,28.430331753554505,14.0,nan,0.0,0,28,0,0,0.0,0.0,28.0
501,1,right_lane,naive,False,nan,40,0,22.268957345971565,0.0,0.0,3.0751189963957586,63.63033175355451,43.6303317535545,20.0,nan,0.0,0,40,0,0,0.0,0.0,40.0
502,1,right_lane,naive,False,nan,40,0,22.643957345971565,1.5,0.0,4.868037489053677,62.97673881118749,44.22673881118749,18.75,nan,0.0,0,40,0,0,1.0,3.0,36.0
503,1,right_lane,naive,False,nan,18,1,23.6532385465287,0.0,0.0,1.6617831327757813,29.37939832963227,20.62939832963227,8.75,nan,0.0,0,18,0,0,0.0,1.0,17.0
504,1,right_lane,naive,False,nan,40,0,21.143957345971565,19.5,9.5,21.5233960673213,51.57937219027151,41.82937219027152,9.75,nan,0.0,0,40,0,0,18.0,5.0,17.0
505,1,right_lane,naive,False,nan,33,1,23.053281631480683,0.5,0.5,3.198730045311777,52.778399108860896,37.0283991088609,15.75,nan,0.0,0,33,0,0,1.0,1.0,31.0
506,1,right_lane,naive,False,nan,40,0,22.768957345971565,0.0,1.5,4.0053665142804675,64.17939832968611,44.4293983296861,19.75,nan,0.0,0,40,0,0,0.0,1.0,39.0
507,1,right_lane,naive,False,nan,40,0,21.75249644062177,3.5,12.0,7.522040396655484,61.303057924448616,42.803057924448616,18.5,nan,0.0,0,40,0,0,2.0,2.0,36.0
508,1,right_lane,naive,False,nan,40,0,21.018957345971565,0.0,7.0,4.670009643270987,61.63033175355449,41.6303317535545,20.0,nan,0.0,0,40,0,0,0.0,0.0,40.0
509,1,right_lane,naive,False,nan,40,0,25.50000001301918,29.0,1.5,28.918255156291934,53.79569686364477,48.79569686364478,5.0,nan,0.0,0,40,0,0,27.0,6.0,7.0
510,1,right_lane,naive,False,nan,40,0,22.893957345971565,0.5,9.0,4.6664043068667524,63.87839910886088,44.62839910886088,19.25,nan,0.0,0,40,0,0,1.0,1.0,38.0
511,1,right_lane,naive,False,nan,40,0,20.893957345971565,39.5,0.5,38.14191955327988,41.92939766774115,41.42939766774115,0.5,nan,0.0,0,40,0,0,38.0,2.0,0.0
512,1,right_lane,naive,False,nan,40,0,20.518957345971565,3.0,5.0,6.877488695085049,59.08026643038966,40.830266430389656,18.25,nan,0.0,0,40,0,0,0.0,7.0,33.0
513,1,right_lane,naive,False,nan,40,0,21.768957345971565,0.0,16.5,4.9133449115324765,62.57939766843071,42.82939766843071,19.75,nan,0.0,0,40,0,0,0.0,1.0,39.0
514,1,right_lane,naive,False,nan,40,0,21.893957345971565,12.0,5.5,14.807978712022305,56.77680574624992,43.02680574624991,13.75,nan,0.0,0,40,0,0,7.0,11.0,22.0
515,1,right_lane,naive,False,nan,40,0,23.14395734426102,5.0,4.0,7.535284937170218,62.27820063622732,45.02820063622731,17.25,nan,0.0,0,40,0,0,4.0,3.0,33.0
516,1,right_lane,naive,False,nan,31,1,23.73413851093105,0.0,3.5,1.9047879430702324,50.87939766774116,35.629397667741145,15.25,nan,0.0,0,31,0,0,0.0,1.0,30.0
517,1,right_lane,naive,False,nan,40,0,23.391461656101036,38.0,1.0,35.19029486179352,46.42531921024067,45.42531921024067,1.0,nan,0.0,0,40,0,0,36.0,4.0,0.0
518,1,right_lane,naive,False,nan,19,1,23.19780493888627,0.0,1.0,1.5233243249888346,30.930331753553574,21.430331753553574,9.5,nan,0.0,0,19,0,0,0.0,0.0,19.0
519,1,right_lane,naive,False,nan,40,0,23.268957345971565,4.5,12.5,8.379441241298082,62.477277484121814,45.227277484121814,17.25,nan,0.0,0,40,0,0,3.0,5.0,32.0
520,1,right_lane,naive,False,nan,40,0,21.518957345749705,6.5,6.0,10.304104246199131,58.67847106438644,42.42847106438645,16.25,nan,0.0,0,40,0,0,7.0,1.0,32.0
521,1,right_lane,naive,False,nan,26,1,22.336857455340866,0.5,2.0,3.3212465076958324,40.678399108860894,28.428399108860894,12.25,nan,0.0,0,26,0,0,1.0,1.0,24.0
522,1,right_lane,naive,False,nan,40,0,22.768957345971565,0.5,13.5,5.413552368224259,63.67839840507332,44.42839840507331,19.25,nan,0.0,0,40,0,0,1.0,1.0,38.0
523,1,right_lane,naive,False,nan,40,0,21.643957345971565,0.0,15.0,4.694700092419225,62.63033175355451,42.6303317535545,20.0,nan,0.0,0,40,0,0,0.0,0.0,40.0
524,1,right_lane,naive,False,nan,40,0,23.143957345971057,10.0,7.0,13.503518337662172,59.777227156351074,45.027227156351074,14.75,nan,0.0,0,40,0,0,6.0,9.0,25.0
525,1,right_lane,naive,False,nan,40,0,23.768957345971565,16.5,0.0,18.784503370523453,57.27847104583558,46.02847104583557,11.25,nan,0.0,0,40,0,0,17.0,1.0,22.0
526,1,right_lane,naive,False,nan,40,0,21.518957345971508,2.0,2.0,5.486029468476772,61.42916612778058,42.42916612778058,19.0,nan,0.0,0,40,0,0,0.0,4.0,36.0
527,1,right_lane,naive,False,nan,40,0,23.752496429317056,17.5,1.5,18.97141982987523,56.75391605434791,46.003916054347904,10.75,nan,0.0,0,40,0,0,18.0,1.0,21.0
528,1,right_lane,naive,False,nan,40,0,21.62749644062177,36.5,0.5,34.839829947771136,43.85399134831702,42.60399134831702,1.25,nan,0.0,0,40,0,0,37.0,1.0,2.0
529,1,right_lane,naive,False,nan,40,0,20.268957345971565,0.0,17.5,5.179944984614849,60.430331753554505,40.430331753554505,20.0,nan,0.0,0,40,0,0,0.0,0.0,40.0
530,1,right_lane,naive,False,nan,20,1,24.287914691875834,0.0,0.5,2.015038814120544,33.17939832963227,23.429398329632274,9.75,nan,0.0,0,20,0,0,0.0,1.0,19.0
531,1,right_lane,naive,False,nan,40,0,22.643957345971565,0.0,7.0,3.7391215187187754,64.23033175355451,44.23033175355451,20.0,nan,0.0,0,40,0,0,0.0,0.0,40.0
532,1,right_lane,naive,False,nan,40,0,22.393957345971565,11.5,14.5,15.103411346673965,57.57852563917312,43.82852563917312,13.75,nan,0.0,0,40,0,0,12.0,1.0,27.0
533,1,right_lane,naive,False,nan,40,0,21.643957345971565,0.0,1.0,3.7151501129565077,62.63033175355449,42.6303317535545,20.0,nan,0.0,0,40,0,0,0.0,0.0,40.0
534,1,right_lane,naive,False,nan,40,0,25.768957344482807,13.0,1.0,14.654660578453331,62.22870244138183,49.22870244138184,13.0,nan,0.0,0,40,0,0,13.0,2.0,25.0
535,1,right_lane,naive,False,nan,40,0,20.518957345971565,0.0,5.0,4.581789744122943,60.57939766773994,40.82939766773995,19.75,nan,0.0,0,40,0,0,0.0,1.0,39.0
536,1,right_lane,naive,False,nan,40,0,20.393957345971565,0.0,3.5,3.3315935991704464,60.6303317535545,40.6303317535545,20.0,nan,0.0,0,40,0,0,0.0,0.0,40.0
537,1,right_lane,naive,False,nan,40,0,23.018957345971565,0.0,0.5,2.589238993640265,64.8303317535545,44.830331753554496,20.0,nan,0.0,0,40,0,0,0.0,0.0,40.0
538,1,right_lane,naive,False,nan,40,0,20.893957345971565,0.5,16.0,6.325300857424736,60.678399108808776,41.42839910880876,19.25,nan,0.0,0,40,0,0,1.0,1.0,38.0
539,1,right_lane,naive,False,nan,40,0,23.018957345971565,6.0,0.0,9.111079803701614,61.328915476617,44.82891547661699,16.5,nan,0.0,0,40,0,0,6.0,2.0,32.0
540,1,right_lane,naive,False,nan,40,0,22.018957345971565,0.0,14.5,3.851232140926186,63.230331753554495,43.230331753554495,20.0,nan,0.0,0,40,0,0,0.0,0.0,40.0
541,1,right_lane,naive,False,nan,40,0,20.643957345971565,0.5,1.0,5.179387025535107,60.2783984043395,41.0283984043395,19.25,nan,0.0,0,40,0,0,1.0,1.0,38.0
542,1,right_lane,naive,False,nan,40,0,21.393957345971565,5.5,2.5,8.548761587486297,58.978398036317195,42.228398036317195,16.75,nan,0.0,0,40,0,0,6.0,1.0,33.0
543,1,right_lane,naive,False,nan,40,0,22.768957345971565,9.5,11.5,13.727015987038612,59.17697893038167,44.42697893038167,14.75,nan,0.0,0,40,0,0,8.0,5.0,27.0
544,1,right_lane,naive,False,nan,40,0,21.768957345970982,23.5,7.0,23.728413812816143,51.580328793819575,42.830328793819575,8.75,nan,0.0,0,40,0,0,22.0,1.0,17.0
545,1,right_lane,naive,False,nan,40,0,21.518957345971565,0.0,1.5,3.8696278539209743,62.430331753554505,42.430331753554505,20.0,nan,0.0,0,40,0,0,0.0,0.0,40.0
546,1,right_lane,naive,False,nan,40,0,21.268957345971565,13.5,11.5,16.75880827754736,54.78033175045026,42.03033175045026,12.75,nan,0.0,0,40,0,0,14.0,1.0,25.0
547,1,right_lane,naive,False,nan,40,0,23.018957345971565,0.0,4.0,2.322658863478864,64.57939766843072,44.829397668430715,19.75,nan,0.0,0,40,0,0,0.0,1.0,39.0
548,1,right_lane,naive,False,nan,40,0,20.893957345971565,13.5,2.0,14.869708962738514,54.42939764691095,41.42939764691095,13.0,nan,0.0,0,40,0,0,13.0,2.0,25.0
549,1,right_lane,naive,False,nan,40,0,21.141789654732086,0.5,2.5,4.61955731920898,61.074930802877724,41.824930802877724,19.25,nan,0.0,0,40,0,0,1.0,1.0,38.0
550,1,right_lane,naive,False,nan,40,0,22.143957345971565,0.0,1.5,3.1225707073645026,63.1793983296861,43.42939832968611,19.75,nan,0.0,0,40,0,0,0.0,1.0,39.0
551,1,right_lane,naive,False,nan,40,0,21.643957345971494,0.0,2.0,3.3786100900315432,62.6303317535544,42.630331753554394,20.0,nan,0.0,0,40,0,0,0.0,0.0,40.0
552,1,right_lane,naive,False,nan,40,0,21.6417895688869,0.0,6.5,3.644632881416328,62.37592922440447,42.62592922440446,19.75,nan,0.0,0,40,0,0,0.0,1.0,39.0
553,1,right_lane,naive,False,nan,40,0,21.518919754889087,0.0,7.0,4.111419150491201,62.43027160782254,42.43027160782254,20.0,nan,0.0,0,40,0,0,0.0,0.0,40.0
554,1,right_lane,naive,False,nan,40,0,22.500005701017248,4.5,3.0,8.138401729076577,61.749077419403335,43.999077419403335,17.75,nan,0.0,0,40,0,0,0.0,9.0,31.0
555,1,right_lane,naive,False,nan,40,0,20.766181149084478,0.0,14.5,4.500134498252805,61.22588983853517,41.22588983853517,20.0,nan,0.0,0,40,0,0,0.0,0.0,40.0
556,1,right_lane,naive,False,nan,40,0,22.50032874938229,5.5,1.5,8.997633776344173,60.748571395306136,43.99857139530614,16.75,nan,0.0,0,40,0,0,6.0,1.0,33.0
557,1,right_lane,naive,False,nan,40,0,22.62749644062177,9.0,1.0,10.959317131507078,59.7001276065661,44.200127606566106,15.5,nan,0.0,0,40,0,0,8.0,2.0,30.0
558,1,right_lane,naive,False,nan,40,0,22.143957345971565,0.5,6.5,4.849262198638826,62.678398404340754,43.42839840434077,19.25,nan,0.0,0,40,0,0,1.0,1.0,38.0
559,1,right_lane,naive,False,nan,40,0,22.768957345716643,40.0,0.0,36.88482666015625,44.43033175314664,44.43033175314664,0.0,nan,0.0,0,40,0,0,40.0,0.0,0.0
560,1,right_lane,naive,False,nan,40,0,21.018957345971565,0.5,2.0,5.011293917894363,60.87839840434149,41.628398404341496,19.25,nan,0.0,0,40,0,0,1.0,1.0,38.0
561,1,right_lane,naive,False,nan,40,0,21.643957345971565,22.5,5.0,23.64504337060862,51.37839838424182,42.62839838424182,8.75,nan,0.0,0,40,0,0,21.0,3.0,16.0
562,1,right_lane,naive,False,nan,40,0,25.393951547804928,0.5,1.5,3.5589017903384956,67.8783898317943,48.62838983179429,19.25,nan,0.0,0,40,0,0,1.0,1.0,38.0
563,1,right_lane,naive,False,nan,40,0,23.518957345971565,3.0,1.0,5.463758354455422,63.625566052128555,45.62556605212854,18.0,nan,0.0,0,40,0,0,2.0,4.0,34.0
564,1,right_lane,naive,False,nan,40,0,20.268957345971565,0.0,17.5,5.303548708558083,60.430331753554505,40.430331753554505,20.0,nan,0.0,0,40,0,0,0.0,0.0,40.0
565,1,right_lane,naive,False,nan,40,0,21.643957345971565,0.0,1.5,3.7289030987194565,62.6303317535545,42.6303317535545,20.0,nan,0.0,0,40,0,0,0.0,0.0,40.0
566,1,right_lane,naive,False,nan,40,0,22.893957345971565,5.5,2.5,8.784029582384392,61.62796060796024,44.62796060796024,17.0,nan,0.0,0,40,0,0,5.0,2.0,33.0
567,1,right_lane,naive,False,nan,40,0,21.39395734571614,2.0,9.5,6.905881628394127,61.22962286668279,42.229622866682796,19.0,nan,0.0,0,40,0,0,0.0,4.0,36.0
568,1,right_lane,naive,False,nan,40,0,23.018957345971565,19.0,1.0,20.25987144932151,55.07938839067703,44.82938839067703,10.25,nan,0.0,0,40,0,0,18.0,3.0,19.0
569,1,right_lane,naive,False,nan,40,0,21.76891480462308,0.0,2.5,1.6514686144964799,62.83026368739694,42.83026368739693,20.0,nan,0.0,0,40,0,0,0.0,0.0,40.0
570,1,right_lane,naive,False,nan,40,0,24.393957345971565,0.0,5.5,2.8606082456522017,67.0303317535545,47.03033175355449,20.0,nan,0.0,0,40,0,0,0.0,0.0,40.0
571,1,right_lane,naive,False,nan,40,0,24.51895734406498,11.5,1.0,13.817509201476696,61.22822211049007,47.22822211049007,14.0,nan,0.0,0,40,0,0,10.0,4.0,26.0
572,1,right_lane,naive,False,nan,40,0,24.500005701016665,21.0,4.0,21.092169700709974,57.19908656765255,47.199086567652536,10.0,nan,0.0,0,40,0,0,19.0,2.0,19.0
573,1,right_lane,naive,False,nan,40,0,23.76890845343341,16.5,5.5,17.769885147117293,57.777488512189024,46.027488512189024,11.75,nan,0.0,0,40,0,0,14.0,5.0,21.0
574,1,right_lane,naive,False,nan,40,0,23.250043292099726,0.5,0.0,3.310330076697028,64.69774061554762,45.19774061554761,19.5,nan,0.0,0,40,0,0,0.0,2.0,38.0
575,1,right_lane,naive,False,nan,40,0,21.643957345971565,0.0,5.0,3.6364120352372993,62.379398329686104,42.62939832968609,19.75,nan,0.0,0,40,0,0,0.0,1.0,39.0
576,1,right_lane,naive,False,nan,40,0,24.268957345971565,17.0,11.5,21.10025715827942,57.829101235951605,46.829101235951605,11.0,nan,0.0,0,40,0,0,16.0,4.0,20.0
577,1,right_lane,naive,False,nan,30,1,22.691943127962084,0.0,2.5,2.6763731814990024,47.97939832968612,33.229398329686106,14.75,nan,0.0,0,30,0,0,0.0,1.0,29.0
578,1,right_lane,naive,False,nan,40,0,20.393957345971565,0.0,14.0,4.554958872497082,60.6303317535545,40.6303317535545,20.0,nan,0.0,0,40,0,0,0.0,0.0,40.0
579,1,right_lane,naive,False,nan,40,0,21.893957345971565,4.5,0.0,7.169611319899559,60.278894010221805,43.02889401022181,17.25,nan,0.0,0,40,0,0,5.0,1.0,34.0
580,1,right_lane,naive,False,nan,40,0,22.268957345971565,0.0,13.5,4.586008361540735,63.37939832968612,43.62939832968611,19.75,nan,0.0,0,40,0,0,0.0,1.0,39.0
581,1,right_lane,naive,False,nan,40,0,21.76613860773599,0.0,0.5,3.4269183464348316,62.82582177237759,42.825821772377594,20.0,nan,0.0,0,40,0,0,0.0,0.0,40.0
582,1,right_lane,naive,False,nan,40,0,22.98104350364404,7.5,2.5,10.10364648940481,60.767045577757024,44.767045577757024,16.0,nan,0.0,0,40,0,0,1.0,14.0,25.0
583,1,right_lane,naive,False,nan,40,0,23.393957345971565,0.0,8.5,4.033958035455726,65.17939832968611,45.4293983296861,19.75,nan,0.0,0,40,0,0,0.0,1.0,39.0
584,1,right_lane,naive,False,nan,40,0,22.018957345971565,0.0,5.5,3.8212508258338858,63.2303317535545,43.2303317535545,20.0,nan,0.0,0,40,0,0,0.0,0.0,40.0
585,1,right_lane,naive,False,nan,40,0,24.518957345971565,13.0,4.0,15.136738769710064,60.726060975601285,47.22606097560128,13.5,nan,0.0,0,40,0,0,10.0,6.0,24.0
586,1,right_lane,naive,False,nan,40,0,23.393957345971565,13.5,5.0,16.73170567303896,58.17839802984675,45.42839802984675,12.75,nan,0.0,0,40,0,0,14.0,1.0,25.0
587,1,right_lane,naive,False,nan,40,0,22.500043292099726,0.0,1.0,3.0380529956273676,64.00006926735956,44.00006926735954,20.0,nan,0.0,0,40,0,0,0.0,0.0,40.0
588,1,right_lane,naive,False,nan,22,1,21.170831538130116,0.0,7.0,3.0010598823428154,33.77939766774115,23.02939766774115,10.75,nan,0.0,0,22,0,0,0.0,1.0,21.0
589,1,right_lane,naive,False,nan,40,0,21.643957344286836,9.0,9.5,12.568705768791915,57.62731904250155,42.62731904250156,15.0,nan,0.0,0,40,0,0,7.0,6.0,27.0
590,1,right_lane,naive,False,nan,10,1,22.075828988428814,0.5,2.0,1.833753578364849,15.579397509556964,10.829397509556964,4.75,nan,0.0,0,10,0,0,0.0,1.0,9.0
591,1,right_lane,naive,False,nan,40,0,22.518957345971565,0.5,3.5,4.045334282646309,63.52963839496078,44.029638394960784,19.5,nan,0.0,0,40,0,0,0.0,2.0,38.0
592,1,right_lane,naive,False,nan,9,1,29.360189581079535,8.0,0.0,7.729529976844788,13.118266888697658,12.368266888697658,0.75,nan,0.0,0,9,0,0,6.0,3.0,0.0
593,1,right_lane,naive,False,nan,40,0,20.766424065018562,2.0,8.0,6.832696408033371,60.22532544131521,41.225325441315206,19.0,nan,0.0,0,40,0,0,0.0,4.0,36.0
594,1,right_lane,naive,False,nan,40,0,24.643957345716572,17.5,0.5,18.612059636634058,58.17846351677291,47.42846351677291,10.75,nan,0.0,0,40,0,0,17.0,3.0,20.0
595,1,right_lane,naive,False,nan,40,0,23.518957247332974,5.5,3.0,8.868950587281233,62.37891501699278,45.62891501699277,16.75,nan,0.0,0,40,0,0,5.0,3.0,32.0
596,1,right_lane,naive,False,nan,40,0,21.391504197445165,0.0,1.5,2.8088691575394478,62.22640671591227,42.22640671591227,20.0,nan,0.0,0,40,0,0,0.0,0.0,40.0
597,1,right_lane,naive,False,nan,40,0,20.268957345971565,0.0,3.0,4.5082003101706505,60.430331753554505,40.430331753554505,20.0,nan,0.0,0,40,0,0,0.0,0.0,40.0
598,1,right_lane,naive,False,nan,40,0,20.75032874938229,0.0,6.0,3.682616028934717,61.20052599901167,41.20052599901167,20.0,nan,0.0,0,40,0,0,0.0,0.0,40.0
599,1,right_lane,naive,False,nan,40,0,23.62500000171446,9.0,6.0,10.962207977161597,61.79907849191587,45.79907849191586,16.0,nan,0.0,0,40,0,0,7.0,2.0,31.0
600,1,right_lane,naive,False,nan,40,0,22.268957345971565,10.5,5.5,13.799992673099041,57.878471045841266,43.628471045841266,14.25,nan,0.0,0,40,0,0,11.0,1.0,28.0
601,1,right_lane,naive,False,nan,40,0,20.643957345971565,0.0,9.0,4.856747053563595,60.77939766774115,41.02939766774115,19.75,nan,0.0,0,40,0,0,0.0,1.0,39.0
602,1,right_lane,naive,False,nan,40,0,20.518957345971565,0.0,8.0,4.629748225212097,60.57939766773994,40.82939766773995,19.75,nan,0.0,0,40,0,0,0.0,1.0,39.0
603,1,right_lane,naive,False,nan,40,0,23.01895734594574,4.5,5.0,8.350941260541731,62.078689752367985,44.828689752367985,17.25,nan,0.0,0,40,0,0,3.0,5.0,32.0
604,1,right_lane,naive,False,nan,40,0,21.518957345971565,0.0,7.5,3.8839896171641612,62.17939832968611,42.42939832968611,19.75,nan,0.0,0,40,0,0,0.0,1.0,39.0
605,1,right_lane,naive,False,nan,40,0,23.89395734594132,23.0,1.5,23.899978272616863,54.22756771911082,46.22756771911082,8.0,nan,0.0,0,40,0,0,21.0,6.0,13.0
606,1,right_lane,naive,False,nan,40,0,21.018957334666343,5.5,2.5,8.853282891213894,58.37853390157253,41.628533901572524,16.75,nan,0.0,0,40,0,0,6.0,1.0,33.0
607,1,right_lane,naive,False,nan,40,0,21.143957344257622,3.0,4.0,7.308724671602249,60.079869830196344,41.829869830196344,18.25,nan,0.0,0,40,0,0,0.0,7.0,33.0
608,1,right_lane,naive,False,nan,40,0,21.018957345971565,0.0,1.0,3.5249043970834464,61.630331753554515,41.63033175355451,20.0,nan,0.0,0,40,0,0,0.0,0.0,40.0
609,1,right_lane,naive,False,nan,40,0,20.768957345971565,0.0,6.5,4.494255848228931,61.23033175355451,41.2303317535545,20.0,nan,0.0,0,40,0,0,0.0,0.0,40.0
610,1,right_lane,naive,False,nan,40,0,22.518957345971508,6.5,9.0,9.702296264636175,60.527527428753764,44.027527428753764,16.5,nan,0.0,0,40,0,0,5.0,4.0,31.0
611,1,right_lane,naive,False,nan,20,1,23.787914691934265,7.5,5.0,9.538590505719185,28.77827991545442,23.02827991545442,5.75,nan,0.0,0,20,0,0,7.0,3.0,10.0
612,1,right_lane,naive,False,nan,40,0,22.518957345971565,0.5,4.5,4.627024267060733,63.27839840434077,44.028398404340784,19.25,nan,0.0,0,40,0,0,1.0,1.0,38.0
613,1,right_lane,naive,False,nan,40,0,23.375043292099726,6.0,5.0,9.409994869141883,61.89865296562538,45.39865296562537,16.5,nan,0.0,0,40,0,0,6.0,2.0,32.0
614,1,right_lane,naive,False,nan,40,0,22.018957345971508,0.5,9.5,4.875998673043341,62.47839840434067,43.22839840434068,19.25,nan,0.0,0,40,0,0,1.0,1.0,38.0
615,1,right_lane,naive,False,nan,40,0,23.018957345971565,15.0,8.5,18.222034074366093,56.82870699612684,44.82870699612684,12.0,nan,0.0,0,40,0,0,15.0,2.0,23.0
616,1,right_lane,naive,False,nan,40,0,21.268957345971565,0.0,0.5,3.4441350558772683,61.77939766774115,42.02939766774115,19.75,nan,0.0,0,40,0,0,0.0,1.0,39.0
617,1,right_lane,naive,False,nan,40,0,24.018956582201216,7.5,5.0,10.986920005794673,62.67658520374531,46.4265852037453,16.25,nan,0.0,0,40,0,0,3.0,9.0,28.0
618,1,right_lane,naive,False,nan,40,0,20.893957345971565,0.0,6.5,2.309462251257173,61.17939766774182,41.42939766774183,19.75,nan,0.0,0,40,0,0,0.0,1.0,39.0
619,1,right_lane,naive,False,nan,40,0,22.018957344286836,1.5,1.0,5.1150915096841345,61.978398402377735,43.22839840237774,18.75,nan,0.0,0,40,0,0,2.0,1.0,37.0
620,1,right_lane,naive,False,nan,40,0,22.64395239570556,0.0,2.0,2.8139140322650746,63.979390409260496,44.229390409260496,19.75,nan,0.0,0,40,0,0,0.0,1.0,39.0
621,1,right_lane,naive,False,nan,40,0,20.875328749382287,0.0,4.0,3.5399198457598686,61.40052599901167,41.40052599901167,20.0,nan,0.0,0,40,0,0,0.0,0.0,40.0
622,1,right_lane,naive,False,nan,40,0,24.893628598303227,31.5,2.5,30.867967024445534,51.82345792417497,47.82345792417496,4.0,nan,0.0,0,40,0,0,28.0,8.0,4.0
623,1,right_lane,naive,False,nan,40,0,23.625328749382295,4.5,6.0,6.8746386945904305,64.05052303928066,45.800523039280655,18.25,nan,0.0,0,40,0,0,3.0,1.0,36.0
624,1,right_lane,naive,False,nan,40,0,20.768957345971565,0.0,1.5,3.00506670383038,61.2303317535545,41.230331753554495,20.0,nan,0.0,0,40,0,0,0.0,0.0,40.0
625,1,right_lane,naive,False,nan,40,0,21.143634297606518,0.0,0.5,3.6080058589577675,61.57888079035775,41.828880790357765,19.75,nan,0.0,0,40,0,0,0.0,1.0,39.0
626,1,right_lane,naive,False,nan,40,0,21.393957345971565,6.5,7.5,10.348074322231696,58.72714218289496,42.22714218289496,16.5,nan,0.0,0,40,0,0,2.0,10.0,28.0
627,1,right_lane,naive,False,nan,40,0,23.641461004214086,0.0,0.5,3.054069085039373,65.82633760674254,45.82633760674255,20.0,nan,0.0,0,40,0,0,0.0,0.0,40.0
628,1,right_lane,naive,False,nan,40,0,23.002496440396065,28.0,3.0,28.598604649305344,50.300708513066795,44.8007085130668,5.5,nan,0.0,0,40,0,0,24.0,10.0,6.0
629,1,right_lane,naive,False,nan,40,0,24.268957345971565,9.5,3.5,11.400582900118025,61.578915355338935,46.82891535533892,14.75,nan,0.0,0,40,0,0,8.0,5.0,27.0
630,1,right_lane,naive,False,nan,40,0,21.393957344257622,0.0,3.0,3.6749201267957687,62.23033175081219,42.23033175081219,20.0,nan,0.0,0,40,0,0,0.0,0.0,40.0
631,1,right_lane,naive,False,nan,40,0,20.268957345971565,0.0,5.0,4.778715670108795,60.430331753554505,40.430331753554505,20.0,nan,0.0,0,40,0,0,0.0,0.0,40.0
632,1,right_lane,naive,False,nan,40,0,21.143957345971565,0.0,7.5,3.6308152084238827,61.830331753554496,41.83033175355451,20.0,nan,0.0,0,40,0,0,0.0,0.0,40.0
633,1,right_lane,naive,False,nan,40,0,21.393957345971565,1.5,4.0,5.532932724803686,61.22870339490531,42.22870339490532,19.0,nan,0.0,0,40,0,0,0.0,4.0,36.0
634,1,right_lane,naive,False,nan,27,1,21.50956643847639,0.5,0.0,2.0630791518515252,41.37839840434077,28.62839840434077,12.75,nan,0.0,0,27,0,0,1.0,1.0,25.0
635,1,right_lane,naive,False,nan,40,0,21.518957345971565,0.5,0.0,4.486343559779925,61.67839840507327,42.42839840507327,19.25,nan,0.0,0,40,0,0,1.0,1.0,38.0
636,1,right_lane,naive,False,nan,20,1,24.78791469143212,6.5,3.5,8.338980190455914,30.327981750108812,23.827981750108812,6.5,nan,0.0,0,20,0,0,5.0,4.0,11.0
637,1,right_lane,naive,False,nan,40,0,21.518957345971565,0.0,12.0,4.565597507394159,62.17939832968611,42.4293983296861,19.75,nan,0.0,0,40,0,0,0.0,1.0,39.0
638,1,right_lane,naive,False,nan,40,0,22.393957345971565,4.0,0.0,7.027613584269602,61.82844883501846,43.82844883501846,18.0,nan,0.0,0,40,0,0,0.0,8.0,32.0
639,1,right_lane,naive,False,nan,40,0,23.393957345971565,0.0,9.0,4.68551595708027,65.4303317535545,45.4303317535545,20.0,nan,0.0,0,40,0,0,0.0,0.0,40.0
640,1,right_lane,naive,False,nan,40,0,21.893957345971565,0.0,0.5,3.448627403951832,63.0303317535545,43.03033175355451,20.0,nan,0.0,0,40,0,0,0.0,0.0,40.0
641,1,right_lane,naive,False,nan,40,0,21.768957345749698,0.0,11.0,3.5642340741469525,62.83033175319954,42.83033175319953,20.0,nan,0.0,0,40,0,0,0.0,0.0,40.0
642,1,right_lane,naive,False,nan,40,0,20.393957345971565,0.5,3.5,5.312482409179211,59.87839717648496,40.62839717648496,19.25,nan,0.0,0,40,0,0,1.0,1.0,38.0
643,1,right_lane,naive,False,nan,40,0,21.89395723602825,2.0,10.5,6.0041173837180395,62.029622691182176,43.02962269118218,19.0,nan,0.0,0,40,0,0,0.0,4.0,36.0
644,1,right_lane,naive,False,nan,40,0,22.143957345971565,0.0,7.0,3.7939607114508362,63.4303317535545,43.430331753554505,20.0,nan,0.0,0,40,0,0,0.0,0.0,40.0
645,1,right_lane,naive,False,nan,40,0,21.518957345971565,0.0,10.0,4.401993490755558,62.43033175355449,42.430331753554505,20.0,nan,0.0,0,40,0,0,0.0,0.0,40.0
646,1,right_lane,naive,False,nan,40,0,21.643957345971565,0.5,1.5,4.024686622258741,61.8783991088609,42.62839910886089,19.25,nan,0.0,0,40,0,0,1.0,1.0,38.0
647,1,right_lane,naive,False,nan,40,0,23.018957345745726,8.5,6.0,13.04003531485796,60.0760457938581,44.82604579385809,15.25,nan,0.0,0,40,0,0,5.0,9.0,26.0
648,1,right_lane,naive,False,nan,40,0,20.393957345971565,0.0,1.5,4.359543889760971,60.6303317535545,40.6303317535545,20.0,nan,0.0,0,40,0,0,0.0,0.0,40.0
649,1,right_lane,naive,False,nan,40,0,21.768957345967646,32.5,1.5,30.55033814907074,46.579405823938714,42.82940582393871,3.75,nan,0.0,0,40,0,0,25.0,15.0,0.0
650,1,right_lane,naive,False,nan,40,0,20.768957345971565,0.0,12.5,4.468772804740183,60.97939766773993,41.22939766773994,19.75,nan,0.0,0,40,0,0,0.0,1.0,39.0
651,1,right_lane,naive,False,nan,40,0,20.643957345971565,0.0,0.5,2.291254583746195,61.0303317535545,41.030331753554506,20.0,nan,0.0,0,40,0,0,0.0,0.0,40.0
652,1,right_lane,naive,False,nan,40,0,24.00249644036627,15.0,7.5,17.17428093100898,58.902499043832755,46.402499043832755,12.5,nan,0.0,0,40,0,0,12.0,6.0,22.0
653,1,right_lane,naive,False,nan,40,0,21.518957345971565,0.5,4.5,5.060825445011233,61.678399108860894,42.428399108860894,19.25,nan,0.0,0,40,0,0,1.0,1.0,38.0
654,1,right_lane,naive,False,nan,40,0,23.51895734593799,9.5,3.5,12.077225921791978,60.62749485520199,45.62749485520199,15.0,nan,0.0,0,40,0,0,7.0,6.0,27.0
655,1,right_lane,naive,False,nan,40,0,23.268957345971565,0.0,0.5,2.94491654203739,65.23033175355451,45.2303317535545,20.0,nan,0.0,0,40,0,0,0.0,0.0,40.0
656,1,right_lane,naive,False,nan,40,0,21.643957345971565,0.0,14.5,4.159413253611831,62.630331753554515,42.63033175355451,20.0,nan,0.0,0,40,0,0,0.0,0.0,40.0
657,1,right_lane,naive,False,nan,40,0,21.2689573459715,0.0,4.5,3.805433437228203,62.03033175355437,42.03033175355438,20.0,nan,0.0,0,40,0,0,0.0,0.0,40.0
658,1,right_lane,naive,False,nan,40,0,20.768957345971565,0.5,0.5,3.8636399507522583,60.47839840434077,41.22839840434077,19.25,nan,0.0,0,40,0,0,1.0,1.0,38.0
659,1,right_lane,naive,False,nan,40,0,21.518957345971565,10.0,6.0,13.746476486325264,56.92804908814417,42.42804908814418,14.5,nan,0.0,0,40,0,0,10.0,2.0,28.0
660,1,right_lane,naive,False,nan,40,0,21.375043292099726,0.5,1.0,4.031486334518377,61.44813591685381,42.198135916853815,19.25,nan,0.0,0,40,0,0,1.0,1.0,38.0
661,1,right_lane,naive,False,nan,40,0,21.393957345971565,7.0,6.0,11.701925898219997,58.9803317535545,42.230331753554495,16.75,nan,0.0,0,40,0,0,0.0,13.0,27.0
662,1,right_lane,naive,False,nan,40,0,21.516466606363643,0.0,2.5,4.1463319605682045,62.17541314631342,42.42541314631343,19.75,nan,0.0,0,40,0,0,0.0,1.0,39.0
663,1,right_lane,naive,False,nan,40,0,24.233539107669312,7.5,4.0,10.628274783965026,62.522224529568106,46.7722245295681,15.75,nan,0.0,0,40,0,0,8.0,1.0,31.0
664,1,right_lane,naive,False,nan,30,1,22.025276461295416,0.0,6.0,2.046260257938684,47.4303317535545,32.430331753554505,15.0,nan,0.0,0,30,0,0,0.0,0.0,30.0
665,1,right_lane,naive,False,nan,40,0,22.768957345967653,13.0,4.0,15.839361432939768,57.43025717377042,44.43025717377042,13.0,nan,0.0,0,40,0,0,13.0,2.0,25.0
666,1,right_lane,naive,False,nan,40,0,20.518957345971565,0.0,2.0,4.295720249414444,60.57939766773994,40.82939766773995,19.75,nan,0.0,0,40,0,0,0.0,1.0,39.0
667,1,right_lane,naive,False,nan,40,0,21.143957345971565,2.0,6.5,6.188461244106293,60.829379861211365,41.829379861211365,19.0,nan,0.0,0,40,0,0,0.0,4.0,36.0
668,1,right_lane,naive,False,nan,40,0,20.893957345971565,0.0,14.0,4.755355097353458,61.17939766774115,41.42939766774115,19.75,nan,0.0,0,40,0,0,0.0,1.0,39.0
669,1,right_lane,naive,False,nan,40,0,23.268952382716115,0.0,4.5,3.8073621851076496,64.97938972653245,45.22938972653242,19.75,nan,0.0,0,40,0,0,0.0,1.0,39.0
670,1,right_lane,naive,False,nan,40,0,20.643957345971565,11.5,9.0,13.825588822364807,54.78032277006408,41.03032277006408,13.75,nan,0.0,0,40,0,0,9.0,7.0,24.0
671,1,right_lane,naive,False,nan,40,0,22.266461004214154,0.0,1.0,3.8185767331196985,63.375402367889905,43.625402367889905,19.75,nan,0.0,0,40,0,0,0.0,1.0,39.0
672,1,right_lane,naive,False,nan,40,0,22.143956694084682,0.0,5.0,3.3001385234492773,63.43033071053549,43.4303307105355,20.0,nan,0.0,0,40,0,0,0.0,0.0,40.0
673,1,right_lane,naive,False,nan,40,0,21.018957345971565,0.0,3.5,4.2248934581293724,61.37939766774114,41.629397667741145,19.75,nan,0.0,0,40,0,0,0.0,1.0,39.0
674,1,right_lane,naive,False,nan,40,0,23.643957345971565,23.0,4.0,24.44059281051159,54.07652467980022,45.82652467980023,8.25,nan,0.0,0,40,0,0,19.0,9.0,12.0
675,1,right_lane,naive,False,nan,40,0,22.768957345971565,10.5,2.0,13.729209817945957,58.67837591021666,44.42837591021666,14.25,nan,0.0,0,40,0,0,11.0,1.0,28.0
676,1,right_lane,naive,False,nan,40,0,21.39395734426102,0.0,10.5,4.1484149126936245,62.23033175081764,42.230331750817626,20.0,nan,0.0,0,40,0,0,0.0,0.0,40.0
677,1,right_lane,naive,False,nan,40,0,21.268957345971565,5.0,1.5,8.358994208276272,59.28032159239448,42.03032159239448,17.25,nan,0.0,0,40,0,0,0.0,11.0,29.0
678,1,right_lane,naive,False,nan,40,0,20.733867844032495,0.0,18.0,5.1028572206738545,61.174188550451994,41.174188550451994,20.0,nan,0.0,0,40,0,0,0.0,0.0,40.0
679,1,right_lane,naive,False,nan,40,0,20.518957345971565,0.0,7.0,4.723907299339771,60.57939766773994,40.82939766773995,19.75,nan,0.0,0,40,0,0,0.0,1.0,39.0
680,1,right_lane,naive,False,nan,40,0,21.268957345746305,0.0,3.5,3.7464712351070375,61.77939766738074,42.02939766738074,19.75,nan,0.0,0,40,0,0,0.0,1.0,39.0
681,1,right_lane,naive,False,nan,40,0,23.606043503644038,7.0,5.5,10.099874828099928,62.76895943050371,45.7689594305037,17.0,nan,0.0,0,40,0,0,3.0,6.0,31.0
682,1,right_lane,naive,False,nan,40,0,22.01895164498405,0.5,0.0,4.1614273655213765,62.47838928349324,43.228389283493236,19.25,nan,0.0,0,40,0,0,1.0,1.0,38.0
683,1,right_lane,naive,False,nan,40,0,23.393957345971565,40.0,0.0,36.84231036901474,45.430331753554505,45.430331753554505,0.0,nan,0.0,0,40,0,0,40.0,0.0,0.0
684,1,right_lane,naive,False,nan,40,0,23.268957345971565,17.5,1.5,18.87971903383732,55.978467085655204,45.228467085655204,10.75,nan,0.0,0,40,0,0,17.0,3.0,20.0
685,1,right_lane,naive,False,nan,40,0,21.64395734574971,10.5,1.0,12.347980169150105,56.88032264095494,42.63032264095494,14.25,nan,0.0,0,40,0,0,11.0,1.0,28.0
686,1,right_lane,naive,False,nan,40,0,22.018957345971565,0.0,6.5,4.168661975343639,63.23033175355451,43.23033175355451,20.0,nan,0.0,0,40,0,0,0.0,0.0,40.0
687,1,right_lane,naive,False,nan,40,0,24.268957345971565,10.0,0.0,11.594199231287348,61.328915472136224,46.828915472136224,14.5,nan,0.0,0,40,0,0,10.0,2.0,28.0
688,1,right_lane,naive,False,nan,40,0,21.143951743818675,0.0,8.5,3.3811493790199165,61.579388704986066,41.829388704986066,19.75,nan,0.0,0,40,0,0,0.0,1.0,39.0
689,1,right_lane,naive,False,nan,40,0,22.643957345971565,0.0,2.0,3.0553541159059705,63.9793983296861,44.22939832968609,19.75,nan,0.0,0,40,0,0,0.0,1.0,39.0
690,1,right_lane,naive,False,nan,40,0,21.643957345971565,10.5,7.0,14.066937886178493,56.87898831242202,42.62898831242202,14.25,nan,0.0,0,40,0,0,9.0,5.0,26.0
691,1,right_lane,naive,False,nan,40,0,21.268957345971565,0.0,1.5,3.1320129831292434,62.030331753554485,42.03033175355449,20.0,nan,0.0,0,40,0,0,0.0,0.0,40.0
692,1,right_lane,naive,False,nan,40,0,21.00249644062177,40.0,0.0,38.70824319124222,41.603994304994835,41.603994304994835,0.0,nan,0.0,0,40,0,0,40.0,0.0,0.0
693,1,right_lane,naive,False,nan,40,0,23.518957345971565,14.0,1.5,15.958974123001099,58.12846147247413,45.62846147247412,12.5,nan,0.0,0,40,0,0,14.0,2.0,24.0
694,1,right_lane,naive,False,nan,40,0,23.518957345971565,25.5,0.0,26.780166149139404,52.62962330450561,45.629623304505614,7.0,nan,0.0,0,40,0,0,12.0,28.0,0.0
695,1,right_lane,naive,False,nan,40,0,22.622552552495204,10.5,9.0,14.61106251180172,58.443106827275656,44.19310682727566,14.25,nan,0.0,0,40,0,0,9.0,5.0,26.0
696,1,right_lane,naive,False,nan,40,0,20.518957345971565,0.0,11.0,5.180994585156441,60.57939766773994,40.82939766773995,19.75,nan,0.0,0,40,0,0,0.0,1.0,39.0
697,1,right_lane,naive,False,nan,40,0,21.018957345971565,0.0,8.0,3.991282641887665,61.63033175355451,41.6303317535545,20.0,nan,0.0,0,40,0,0,0.0,0.0,40.0
698,1,right_lane,naive,False,nan,40,0,22.375000013019175,0.5,2.5,4.295495064674469,63.04806737613708,43.79806737613708,19.25,nan,0.0,0,40,0,0,1.0,1.0,38.0
699,1,right_lane,naive,False,nan,40,0,21.893957345971565,0.0,2.0,3.4637143673953688,62.7793983296861,43.02939832968611,19.75,nan,0.0,0,40,0,0,0.0,1.0,39.0
700,1,right_lane,naive,False,nan,40,0,20.893957345971565,2.5,1.5,6.043442065380987,59.92986983293867,41.42986983293867,18.5,nan,0.0,0,40,0,0,0.0,6.0,34.0
701,1,right_lane,naive,False,nan,40,0,22.143957345971565,34.0,1.0,31.889586398807296,46.67656733171896,43.42656733171895,3.25,nan,0.0,0,40,0,0,32.0,3.0,5.0
702,1,right_lane,naive,False,nan,10,1,24.57580358367013,0.5,2.0,1.482632104307413,16.830321433468054,11.83032143346805,5.0,nan,0.0,0,10,0,0,0.0,0.0,10.0
703,1,right_lane,naive,False,nan,40,0,23.00000075075124,0.0,0.0,2.7662429790379974,64.80000120120198,44.800001201201994,20.0,nan,0.0,0,40,0,0,0.0,0.0,40.0
704,1,right_lane,naive,False,nan,40,0,23.268957345971565,0.0,9.0,4.0260209112300345,64.97939766843072,45.22939766843072,19.75,nan,0.0,0,40,0,0,0.0,1.0,39.0
705,1,right_lane,naive,False,nan,40,0,24.268957345967134,20.5,1.0,21.357019704493723,56.080327458000326,46.830327458000326,9.25,nan,0.0,0,40,0,0,21.0,1.0,18.0
706,1,right_lane,naive,False,nan,40,0,22.018957345971565,4.0,0.5,6.650082663716603,60.97798372658935,43.22798372658936,17.75,nan,0.0,0,40,0,0,3.0,3.0,34.0
707,1,right_lane,naive,False,nan,40,0,22.268957345971565,5.5,7.0,9.211903834691839,60.37889399764403,43.628893997644035,16.75,nan,0.0,0,40,0,0,6.0,1.0,33.0
708,1,right_lane,naive,False,nan,40,0,21.768957345971565,6.5,6.5,10.169914446771145,59.32938017285036,42.829380172850364,16.5,nan,0.0,0,40,0,0,0.0,14.0,26.0
709,1,right_lane,naive,False,nan,40,0,23.393957345745722,6.5,0.5,9.087224892470545,62.17724984316531,45.42724984316531,16.75,nan,0.0,0,40,0,0,5.0,3.0,32.0
710,1,right_lane,naive,False,nan,40,0,23.268957345971565,10.5,2.5,13.129923764616251,59.727960287320386,45.227960287320386,14.5,nan,0.0,0,40,0,0,10.0,2.0,28.0
711,1,right_lane,naive,False,nan,40,0,21.268957345971565,0.5,1.5,4.764397996759726,61.27839910886089,42.02839910886089,19.25,nan,0.0,0,40,0,0,1.0,1.0,38.0
712,1,right_lane,naive,False,nan,40,0,22.268957345971565,3.5,2.5,7.611126028001308,61.629623587887345,43.62962358788735,18.0,nan,0.0,0,40,0,0,0.0,8.0,32.0
713,1,right_lane,naive,False,nan,40,0,21.643957345971565,8.5,3.5,11.565160378813744,58.127537624456835,42.627537624456835,15.5,nan,0.0,0,40,0,0,8.0,2.0,30.0
714,1,right_lane,naive,False,nan,40,0,23.393957345971565,4.0,7.0,7.753525821661924,63.67870403876225,45.42870403876225,18.25,nan,0.0,0,40,0,0,1.0,5.0,34.0
715,1,right_lane,naive,False,nan,40,0,20.768957345971565,0.0,8.5,4.659129310399294,61.2303317535545,41.23033175355451,20.0,nan,0.0,0,40,0,0,0.0,0.0,40.0
716,1,right_lane,naive,False,nan,40,0,21.268957260126378,0.0,9.5,4.386714654043317,62.03033161620221,42.03033161620222,20.0,nan,0.0,0,40,0,0,0.0,0.0,40.0
717,1,right_lane,naive,False,nan,40,0,21.893919004141758,0.0,0.5,2.908926128744497,63.03027040662682,43.030270406626826,20.0,nan,0.0,0,40,0,0,0.0,0.0,40.0
718,1,right_lane,naive,False,nan,40,0,23.143957345971565,11.0,0.5,13.712778478860855,59.028669006334695,45.028669006334695,14.0,nan,0.0,0,40,0,0,11.0,2.0,27.0
719,1,right_lane,naive,False,nan,40,0,21.893957345971494,0.0,2.0,2.225103749397931,63.030331753554414,43.030331753554414,20.0,nan,0.0,0,40,0,0,0.0,0.0,40.0
720,1,right_lane,naive,False,nan,40,0,23.643957345971565,0.0,2.5,3.0393588445303976,65.5793983296861,45.8293983296861,19.75,nan,0.0,0,40,0,0,0.0,1.0,39.0
721,1,right_lane,naive,False,nan,40,0,20.643957345971565,0.0,2.5,3.562822641997627,61.03033175355451,41.030331753554506,20.0,nan,0.0,0,40,0,0,0.0,0.0,40.0
722,1,right_lane,naive,False,nan,40,0,21.393956694084682,0.0,1.0,2.723552813875358,62.2303307105355,42.2303307105355,20.0,nan,0.0,0,40,0,0,0.0,0.0,40.0
723,1,right_lane,naive,False,nan,40,0,21.518957345971565,0.0,7.5,3.7596964655140255,62.4303317535545,42.430331753554505,20.0,nan,0.0,0,40,0,0,0.0,0.0,40.0
724,1,right_lane,naive,False,nan,40,0,21.768957345971565,0.0,0.5,2.7835462040966377,62.83033175355449,42.83033175355449,20.0,nan,0.0,0,40,0,0,0.0,0.0,40.0
725,1,right_lane,naive,False,nan,40,0,21.143957345971565,18.0,1.0,19.60945402085781,52.580331753554496,41.8303317535545,10.75,nan,0.0,0,40,0,0,0.0,37.0,3.0
726,1,right_lane,naive,False,nan,40,0,21.893957345971565,0.0,6.5,4.112014747737703,63.03033175355451,43.030331753554506,20.0,nan,0.0,0,40,0,0,0.0,0.0,40.0
727,1,right_lane,naive,False,nan,40,0,24.00000000171446,37.5,0.5,35.96845739334822,47.39713380525575,46.397133805255756,1.0,nan,0.0,0,40,0,0,37.0,2.0,1.0
728,1,right_lane,naive,False,nan,40,0,22.143956595442237,0.0,7.0,3.630060932920969,63.430330552707574,43.43033055270757,20.0,nan,0.0,0,40,0,0,0.0,0.0,40.0
729,1,right_lane,naive,False,nan,40,0,21.893957331241847,1.5,0.0,4.7113066343936225,62.027757735872,43.027757735872,19.0,nan,0.0,0,40,0,0,0.0,4.0,36.0
730,1,right_lane,naive,False,nan,40,0,21.268957345971565,0.5,6.5,4.926876090466976,61.27839910886089,42.02839910886089,19.25,nan,0.0,0,40,0,0,1.0,1.0,38.0
731,1,right_lane,naive,False,nan,40,0,22.268957345971565,0.0,6.0,2.128976143852924,63.6303317535545,43.6303317535545,20.0,nan,0.0,0,40,0,0,0.0,0.0,40.0
732,1,right_lane,naive,False,nan,40,0,21.393957345971565,0.0,1.0,3.36919953225879,61.97939766774115,42.22939766774115,19.75,nan,0.0,0,40,0,0,0.0,1.0,39.0
733,1,right_lane,naive,False,nan,40,0,21.518957345971565,0.0,10.5,4.169544513606525,62.4303317535545,42.430331753554505,20.0,nan,0.0,0,40,0,0,0.0,0.0,40.0
734,1,right_lane,naive,False,nan,40,0,22.393957345967202,0.0,0.0,2.948676840250755,63.830331753547526,43.83033175354751,20.0,nan,0.0,0,40,0,0,0.0,0.0,40.0
735,1,right_lane,naive,False,nan,40,0,22.75249644062177,0.0,4.5,2.8175495924397183,64.40399430499482,44.40399430499483,20.0,nan,0.0,0,40,0,0,0.0,0.0,40.0
736,1,right_lane,naive,False,nan,40,0,22.268957345971565,0.0,5.0,3.8630921385301917,63.63033175355451,43.63033175355451,20.0,nan,0.0,0,40,0,0,0.0,0.0,40.0
737,1,right_lane,naive,False,nan,26,1,23.106088224571636,1.0,0.5,2.5217281458094476,41.728671460293,29.228671460293,12.5,nan,0.0,0,26,0,0,0.0,2.0,24.0
738,1,right_lane,naive,False,nan,40,0,23.00249644062177,3.0,7.5,6.818568476066162,63.5532293430181,44.803229343018096,18.75,nan,0.0,0,40,0,0,0.0,5.0,35.0
739,1,right_lane,naive,False,nan,40,0,23.018957345971565,3.5,13.0,8.220118164859741,63.07824375902955,44.82824375902955,18.25,nan,0.0,0,40,0,0,0.0,7.0,33.0
740,1,right_lane,naive,False,nan,40,0,22.268957345971565,0.5,5.5,4.765937322401442,62.8783991088609,43.628399108860904,19.25,nan,0.0,0,40,0,0,1.0,1.0,38.0
741,1,right_lane,naive,False,nan,40,0,22.393957345971565,0.0,3.5,3.825388119347622,63.8303317535545,43.8303317535545,20.0,nan,0.0,0,40,0,0,0.0,0.0,40.0
742,1,right_lane,naive,False,nan,40,0,22.643957344482875,0.0,6.0,3.3962882378873473,64.2303317511726,44.2303317511726,20.0,nan,0.0,0,40,0,0,0.0,0.0,40.0
743,1,right_lane,naive,False,nan,40,0,22.231414695510452,2.0,0.0,3.3054857051279214,62.56957227658948,43.56957227658948,19.0,nan,0.0,0,40,0,0,0.0,4.0,36.0
744,1,right_lane,naive,False,nan,40,0,21.643957247332974,5.5,0.5,8.534435017079886,59.37893107320107,42.62893107320108,16.75,nan,0.0,0,40,0,0,5.0,3.0,32.0
745,1,right_lane,naive,False,nan,26,1,21.952242070725482,0.0,4.5,3.0063863654572742,41.0303317535545,28.0303317535545,13.0,nan,0.0,0,26,0,0,0.0,0.0,26.0
746,1,right_lane,naive,False,nan,40,1,21.393957345971565,0.0,6.0,4.776007141991613,61.97939832968609,42.229398329686106,19.75,nan,0.0,0,40,0,0,0.0,1.0,39.0
747,1,right_lane,naive,False,nan,40,0,21.143957345971565,0.0,0.0,3.023157128596722,61.57939832968609,41.82939832968609,19.75,nan,0.0,0,40,0,0,0.0,1.0,39.0
748,1,right_lane,naive,False,nan,40,0,21.518957345971565,4.5,11.5,8.931205306202173,59.67828016617176,42.42828016617177,17.25,nan,0.0,0,40,0,0,4.0,3.0,33.0
749,1,right_lane,naive,False,nan,40,0,23.643957245392755,22.5,0.5,23.074663227929705,54.078706819968325,45.828706819968325,8.25,nan,0.0,0,40,0,0,18.0,11.0,11.0
750,1,right_lane,naive,False,nan,40,0,21.393957345971565,2.0,2.0,6.109489267141726,61.22931263710943,42.22931263710944,19.0,nan,0.0,0,40,0,0,0.0,4.0,36.0
751,1,right_lane,naive,False,nan,40,0,21.643957345971565,30.5,0.0,28.669738139028595,47.62932664346113,42.62932664346111,5.0,nan,0.0,0,40,0,0,29.0,2.0,9.0
752,1,right_lane,naive,False,nan,40,0,20.643957345971554,0.0,5.5,4.342023588716984,61.03033175355448,41.03033175355447,20.0,nan,0.0,0,40,0,0,0.0,0.0,40.0
753,1,right_lane,naive,False,nan,23,1,22.20688234082011,0.5,7.5,3.0820834508981534,36.5303317535545,25.0303317535545,11.5,nan,0.0,0,23,0,0,0.0,0.0,23.0
754,1,right_lane,naive,False,nan,40,0,21.643957345971565,40.0,0.0,37.00455164909363,42.63033175355451,42.63033175355451,0.0,nan,0.0,0,40,0,0,40.0,0.0,0.0
755,1,right_lane,naive,False,nan,40,0,22.768957345971565,17.0,5.5,18.842205836659105,56.18033175350138,44.43033175350138,11.75,nan,0.0,0,40,0,0,16.0,1.0,23.0
756,1,right_lane,naive,False,nan,40,0,22.893908453433408,0.0,2.0,3.6333203508734186,64.37932010162507,44.629320101625076,19.75,nan,0.0,0,40,0,0,0.0,1.0,39.0
757,1,right_lane,naive,False,nan,40,0,23.14395734574971,0.0,8.0,3.794660378366757,64.77939832933113,45.02939832933114,19.75,nan,0.0,0,40,0,0,0.0,1.0,39.0
758,1,right_lane,naive,False,nan,40,0,22.143957345971565,33.5,2.5,32.57758495211601,46.1803317535545,43.4303317535545,2.75,nan,0.0,0,40,0,0,34.0,1.0,5.0
759,1,right_lane,naive,False,nan,40,0,21.643957345971565,0.0,6.0,2.9802180097044584,62.379398329686104,42.629398329686104,19.75,nan,0.0,0,40,0,0,0.0,1.0,39.0
760,1,right_lane,naive,False,nan,40,0,20.768957345971565,2.5,5.0,6.274668462574482,59.72941566179859,41.22941566179859,18.5,nan,0.0,0,40,0,0,0.0,6.0,34.0
761,1,right_lane,naive,False,nan,21,1,24.083728278032634,0.0,0.5,1.669599135415865,34.930331753547414,24.430331753547417,10.5,nan,0.0,0,21,0,0,0.0,0.0,21.0
762,1,right_lane,naive,False,nan,40,0,21.893957345971494,0.0,2.0,4.002921243600213,62.77939766652033,43.02939766652033,19.75,nan,0.0,0,40,0,0,0.0,1.0,39.0
763,1,right_lane,naive,False,nan,40,0,21.76895164518009,0.5,2.5,4.808540528640151,62.0783899875424,42.82838998754241,19.25,nan,0.0,0,40,0,0,1.0,1.0,38.0
764,1,right_lane,naive,False,nan,40,0,21.518957345971565,2.0,7.0,6.206807009762542,61.429397667741824,42.42939766774183,19.0,nan,0.0,0,40,0,0,0.0,4.0,36.0
765,1,right_lane,naive,False,nan,40,0,22.268957345971565,12.0,11.0,15.422465182840824,57.37868986003144,43.62868986003144,13.75,nan,0.0,0,40,0,0,7.0,11.0,22.0
766,1,right_lane,naive,False,nan,40,0,20.518957345971565,0.0,12.5,5.70448499917984,60.8303317535545,40.8303317535545,20.0,nan,0.0,0,40,0,0,0.0,0.0,40.0
767,1,right_lane,naive,False,nan,40,0,24.393628695453636,40.0,0.0,36.700321078300476,47.27887248885741,47.02887248885741,0.25,nan,0.0,0,40,0,0,39.0,1.0,0.0
768,1,right_lane,naive,False,nan,40,0,22.26895239570556,0.5,6.0,4.534629443746326,62.87839118843528,43.62839118843527,19.25,nan,0.0,0,40,0,0,1.0,1.0,38.0
769,1,right_lane,naive,False,nan,40,0,22.393957345971565,6.5,4.5,10.158785127103329,60.078377144364765,43.82837714436476,16.25,nan,0.0,0,40,0,0,7.0,1.0,32.0
770,1,right_lane,naive,False,nan,40,0,23.268957345971565,0.0,0.5,2.705779096995684,65.2303317535545,45.230331753554495,20.0,nan,0.0,0,40,0,0,0.0,0.0,40.0
771,1,right_lane,naive,False,nan,12,1,26.313027842947736,0.0,2.0,1.3898569892426167,20.779319940746515,15.029319940746516,5.75,nan,0.0,0,12,0,0,0.0,1.0,11.0
772,1,right_lane,naive,False,nan,40,0,20.393957345971565,3.5,12.5,9.254480339586735,58.37853391966089,40.62853391966088,17.75,nan,0.0,0,40,0,0,4.0,1.0,35.0
773,1,right_lane,naive,False,nan,40,0,22.643957345971565,0.0,2.5,1.5341701159784407,64.23033175355451,44.2303317535545,20.0,nan,0.0,0,40,0,0,0.0,0.0,40.0
774,1,right_lane,naive,False,nan,40,0,23.51895174381527,1.5,2.5,4.636461515954579,64.37838944089069,45.62838944089069,18.75,nan,0.0,0,40,0,0,2.0,1.0,37.0
775,1,right_lane,naive,False,nan,40,0,20.768957345971565,0.0,5.5,4.326406411826611,61.23033175355451,41.2303317535545,20.0,nan,0.0,0,40,0,0,0.0,0.0,40.0
776,1,right_lane,naive,False,nan,40,0,20.893957345971565,0.0,13.5,4.82716416195035,61.17939766774182,41.42939766774183,19.75,nan,0.0,0,40,0,0,0.0,1.0,39.0
777,1,right_lane,naive,False,nan,40,0,22.643957345971565,0.0,2.0,3.079230155075493,64.2303317535545,44.2303317535545,20.0,nan,0.0,0,40,0,0,0.0,0.0,40.0
778,1,right_lane,naive,False,nan,40,0,21.518957345971565,22.0,8.5,22.54089729487896,51.17963839496077,42.42963839496077,8.75,nan,0.0,0,40,0,0,20.0,5.0,15.0
779,1,right_lane,naive,False,nan,40,0,23.89395723434353,11.5,2.0,14.001064917457825,59.978376963624925,46.228376963624925,13.75,nan,0.0,0,40,0,0,12.0,1.0,27.0
780,1,right_lane,naive,False,nan,40,0,21.518957345971565,0.0,2.0,3.708126829759294,62.43033175355451,42.430331753554505,20.0,nan,0.0,0,40,0,0,0.0,0.0,40.0
781,1,right_lane,naive,False,nan,40,0,24.747552552495204,12.0,1.0,14.351296160760967,61.09466752371205,47.59466752371205,13.5,nan,0.0,0,40,0,0,12.0,2.0,26.0
782,1,right_lane,naive,False,nan,40,0,20.268957345971565,0.0,16.5,5.053527362644672,60.430331753554505,40.430331753554505,20.0,nan,0.0,0,40,0,0,0.0,0.0,40.0
783,1,right_lane,naive,False,nan,40,0,21.643957345971565,0.0,1.0,3.780969339550893,62.379398329686104,42.629398329686104,19.75,nan,0.0,0,40,0,0,0.0,1.0,39.0
784,1,right_lane,naive,False,nan,13,1,26.21215659754951,0.5,1.0,1.1536102093923546,22.730321430725745,16.230321430725745,6.5,nan,0.0,0,13,0,0,0.0,0.0,13.0
785,1,right_lane,naive,False,nan,40,0,24.268957345971565,18.5,0.0,19.514955818653107,57.078398404326,46.828398404325995,10.25,nan,0.0,0,40,0,0,19.0,1.0,20.0
786,1,right_lane,naive,False,nan,40,0,22.143957345971565,0.5,6.5,5.054729205921376,62.678399108860894,43.4283991088609,19.25,nan,0.0,0,40,0,0,1.0,1.0,38.0
787,1,right_lane,naive,False,nan,40,0,21.518957345971558,0.0,0.5,1.9330359717569081,62.430331753554505,42.43033175355449,20.0,nan,0.0,0,40,0,0,0.0,0.0,40.0
788,1,right_lane,naive,False,nan,40,0,21.643957345971565,3.5,1.5,7.673361070454121,60.37892998571786,42.62892998571786,17.75,nan,0.0,0,40,0,0,3.0,3.0,34.0
789,1,right_lane,naive,False,nan,40,0,23.643914804593347,9.5,3.5,12.078579986069144,60.57891027091761,45.82891027091761,14.75,nan,0.0,0,40,0,0,9.0,3.0,28.0
790,1,right_lane,naive,False,nan,40,0,21.12532874938229,0.0,3.0,3.651389706879854,61.80052599901166,41.80052599901167,20.0,nan,0.0,0,40,0,0,0.0,0.0,40.0
791,1,right_lane,naive,False,nan,40,0,24.374999348113185,9.5,1.5,12.050582339263201,61.99711209646905,46.99711209646905,15.0,nan,0.0,0,40,0,0,9.0,2.0,29.0
792,1,right_lane,naive,False,nan,40,0,22.643957345967713,0.0,2.0,3.4654235557700304,64.23033175354833,44.23033175354834,20.0,nan,0.0,0,40,0,0,0.0,0.0,40.0
793,1,right_lane,naive,False,nan,36,1,21.68773038441285,0.0,8.0,3.816295277586505,56.43033175355451,38.43033175355451,18.0,nan,0.0,0,36,0,0,0.0,0.0,36.0
794,1,right_lane,naive,False,nan,40,0,22.893914804623023,0.0,1.5,3.8781439271906493,64.37932960158415,44.62932960158415,19.75,nan,0.0,0,40,0,0,0.0,1.0,39.0
795,1,right_lane,naive,False,nan,40,0,21.768957345971565,0.0,13.5,4.4660050718302955,62.579397667741155,42.82939766774115,19.75,nan,0.0,0,40,0,0,0.0,1.0,39.0
796,1,right_lane,naive,False,nan,40,0,22.018957345971565,6.5,6.5,10.249214891344309,59.47847394930154,43.228473949301545,16.25,nan,0.0,0,40,0,0,7.0,1.0,32.0
797,1,right_lane,naive,False,nan,40,0,23.266423315981775,9.0,6.5,11.228921596626606,60.975323602116205,45.22532360211622,15.75,nan,0.0,0,40,0,0,7.0,3.0,30.0
798,1,right_lane,naive,False,nan,17,1,22.9857819905109,17.0,0.0,16.56010866165161,19.03033175354741,19.03033175354741,0.0,nan,0.0,0,17,0,0,17.0,0.0,0.0
799,1,right_lane,naive,False,nan,16,1,21.922393364854578,0.0,2.0,1.2001830028693803,25.230331753506935,17.23033175350693,8.0,nan,0.0,0,16,0,0,0.0,0.0,16.0
800,1,right_lane,naive,False,nan,40,0,21.768957345971565,0.0,13.5,4.698275785363876,62.579397668430744,42.82939766843073,19.75,nan,0.0,0,40,0,0,0.0,1.0,39.0
801,1,right_lane,naive,False,nan,19,1,20.56622599151908,0.0,9.5,3.0983651280403137,28.930331753554505,19.430331753554505,9.5,nan,0.0,0,19,0,0,0.0,0.0,19.0
802,1,right_lane,naive,False,nan,40,0,22.268957345971565,0.0,1.0,3.1666349309325597,63.3793983296861,43.6293983296861,19.75,nan,0.0,0,40,0,0,0.0,1.0,39.0
803,1,right_lane,naive,False,nan,40,0,22.018957345971565,9.0,0.5,12.022338837385178,58.22961314080303,43.22961314080303,15.0,nan,0.0,0,40,0,0,7.0,6.0,27.0
804,1,right_lane,naive,False,nan,40,0,22.518957345971558,6.5,10.0,9.764352856902406,60.52752809201403,44.02752809201403,16.5,nan,0.0,0,40,0,0,5.0,4.0,31.0
805,1,right_lane,naive,False,nan,40,0,22.518957345971565,3.5,0.5,6.5317761125043035,61.778536804749265,44.02853680474925,17.75,nan,0.0,0,40,0,0,4.0,1.0,35.0
806,1,right_lane,naive,False,nan,40,0,23.39395723434353,7.0,1.0,9.957219333316061,61.428915019152086,45.4289150191521,16.0,nan,0.0,0,40,0,0,7.0,2.0,31.0
807,1,right_lane,naive,False,nan,40,0,23.018957345971565,0.0,2.0,3.003471383054375,64.8303317535545,44.83033175355451,20.0,nan,0.0,0,40,0,0,0.0,0.0,40.0
808,1,right_lane,naive,False,nan,21,1,21.464680658993444,0.5,2.5,2.7525979578495026,32.479397667741154,22.229397667741146,10.25,nan,0.0,0,21,0,0,0.0,1.0,20.0
809,1,right_lane,naive,False,nan,40,0,23.643957345971565,7.5,1.0,10.277202112960367,61.575616851103746,45.82561685110374,15.75,nan,0.0,0,40,0,0,7.0,3.0,30.0
810,1,right_lane,naive,False,nan,40,0,22.51895239570556,8.5,14.5,12.541136361658573,59.27839113934835,44.02839113934835,15.25,nan,0.0,0,40,0,0,9.0,1.0,30.0
811,1,right_lane,naive,False,nan,40,0,21.518957345971565,6.0,6.5,9.9052739366889,58.92846151450392,42.42846151450392,16.5,nan,0.0,0,40,0,0,6.0,2.0,32.0
812,1,right_lane,naive,False,nan,40,0,20.643957345971565,5.0,0.5,8.130505850727786,58.02937978331945,41.029379783319456,17.0,nan,0.0,0,40,0,0,3.0,6.0,31.0
813,1,right_lane,naive,False,nan,40,0,22.768957345971565,8.0,5.5,10.858038802263764,60.428912941198014,44.42891294119802,16.0,nan,0.0,0,40,0,0,6.0,4.0,30.0
814,1,right_lane,naive,False,nan,40,0,20.768957345971565,0.0,0.5,4.290030017495155,60.979397667741154,41.22939766774115,19.75,nan,0.0,0,40,0,0,0.0,1.0,39.0
815,1,right_lane,naive,False,nan,40,0,21.143957345971565,0.0,9.5,3.8729025040033775,61.83033175355449,41.8303317535545,20.0,nan,0.0,0,40,0,0,0.0,0.0,40.0
816,1,right_lane,naive,False,nan,40,0,21.268957345971565,38.5,0.0,35.94032943248749,42.77828042700971,42.02828042700971,0.75,nan,0.0,0,40,0,0,37.0,3.0,0.0
817,1,right_lane,naive,False,nan,40,0,21.393957345971565,0.5,16.5,5.41322421122095,61.478398404340766,42.22839840434077,19.25,nan,0.0,0,40,0,0,1.0,1.0,38.0
818,1,right_lane,naive,False,nan,40,0,22.143957345971565,9.5,5.0,12.874832831323147,58.678277616024644,43.428277616024644,15.25,nan,0.0,0,40,0,0,7.0,5.0,28.0
819,1,right_lane,naive,False,nan,40,0,22.643956608239495,0.0,4.5,3.536009521913911,64.23033057318318,44.23033057318319,20.0,nan,0.0,0,40,0,0,0.0,0.0,40.0
820,1,right_lane,naive,False,nan,40,0,20.643957345971565,4.5,3.5,8.157530365511775,59.0303317535545,41.0303317535545,18.0,nan,0.0,0,40,0,0,0.0,8.0,32.0
821,1,right_lane,naive,False,nan,40,0,22.143957345971554,12.0,1.5,13.960451992747267,57.17777291152801,43.427772911527995,13.75,nan,0.0,0,40,0,0,11.0,3.0,26.0
822,1,right_lane,naive,False,nan,40,0,21.268957345971565,0.0,6.0,4.5266741754018085,61.7793983296861,42.02939832968611,19.75,nan,0.0,0,40,0,0,0.0,1.0,39.0
823,1,right_lane,naive,False,nan,40,0,21.393957345971565,40.0,0.0,39.55495101213455,42.23033175355451,42.23033175355451,0.0,nan,0.0,0,40,0,0,40.0,0.0,0.0
824,1,right_lane,naive,False,nan,10,1,24.07582598632693,0.0,0.5,1.042209219187498,16.63033039453077,11.630330394530771,5.0,nan,0.0,0,10,0,0,0.0,0.0,10.0
825,1,right_lane,naive,False,nan,40,0,23.643957345971565,5.0,4.5,8.45277539280778,63.076537651059525,45.82653765105951,17.25,nan,0.0,0,40,0,0,3.0,5.0,32.0
826,1,right_lane,naive,False,nan,40,0,23.122875600860247,0.0,6.0,3.9514064820878048,64.745667537508,44.99566753750799,19.75,nan,0.0,0,40,0,0,0.0,1.0,39.0
827,1,right_lane,naive,False,nan,40,0,23.268957345971565,7.5,2.0,9.782359089575039,61.2279817218358,45.2279817218358,16.0,nan,0.0,0,40,0,0,6.0,4.0,30.0
828,1,right_lane,naive,False,nan,40,0,22.143957345971565,0.0,4.5,3.6862513618282264,63.4303317535545,43.43033175355451,20.0,nan,0.0,0,40,0,0,0.0,0.0,40.0
829,1,right_lane,naive,False,nan,40,0,21.518957345971565,0.5,2.0,4.788204380166917,61.678399108860894,42.428399108860894,19.25,nan,0.0,0,40,0,0,1.0,1.0,38.0
830,1,right_lane,naive,False,nan,27,1,22.25030717921713,2.5,7.5,5.437222985222434,41.678884182198026,29.428884182198033,12.25,nan,0.0,0,27,0,0,0.0,5.0,22.0
831,1,right_lane,naive,False,nan,40,0,22.51650410007384,6.5,7.5,9.939977530354554,60.276336387718736,44.026336387718736,16.25,nan,0.0,0,40,0,0,7.0,1.0,32.0
832,1,right_lane,naive,False,nan,40,0,21.393957345971565,0.0,9.5,4.910073828626082,61.9793983296861,42.2293983296861,19.75,nan,0.0,0,40,0,0,0.0,1.0,39.0
833,1,right_lane,naive,False,nan,40,0,22.518957345971565,0.0,1.0,3.2336696120910347,64.0303317535545,44.0303317535545,20.0,nan,0.0,0,40,0,0,0.0,0.0,40.0
834,1,right_lane,naive,False,nan,40,0,22.143957345971565,12.0,5.0,15.110374964773655,57.178685136583596,43.4286851365836,13.75,nan,0.0,0,40,0,0,8.0,9.0,23.0
835,1,right_lane,naive,False,nan,40,0,20.893957345971565,0.0,5.0,4.067670100993382,61.430331753554505,41.430331753554505,20.0,nan,0.0,0,40,0,0,0.0,0.0,40.0
836,1,right_lane,naive,False,nan,40,0,22.018957345971565,0.0,5.0,4.127578176935913,63.2303317535545,43.2303317535545,20.0,nan,0.0,0,40,0,0,0.0,0.0,40.0
837,1,right_lane,naive,False,nan,40,0,23.393629347340514,16.5,0.5,17.528926960058016,56.67654148346882,45.42654148346882,11.25,nan,0.0,0,40,0,0,16.0,3.0,21.0
838,1,right_lane,naive,False,nan,40,0,22.518957345971565,0.0,0.0,2.1396797364257054,64.0303317535545,44.030331753554506,20.0,nan,0.0,0,40,0,0,0.0,0.0,40.0
839,1,right_lane,naive,False,nan,40,0,22.518957345971565,0.0,1.5,3.851315632671117,63.779398329686124,44.029398329686124,19.75,nan,0.0,0,40,0,0,0.0,1.0,39.0
840,1,right_lane,naive,False,nan,40,0,20.643957345971565,0.0,6.5,3.939795548965776,60.77939766774115,41.02939766774115,19.75,nan,0.0,0,40,0,0,0.0,1.0,39.0
841,1,right_lane,naive,False,nan,40,0,21.893957345971565,2.5,2.5,5.45599720233804,61.77939781555904,43.02939781555904,18.75,nan,0.0,0,40,0,0,0.0,5.0,35.0
842,1,right_lane,naive,False,nan,40,0,21.268629347340514,0.0,0.0,3.3329680811148137,61.77887286993146,42.02887286993147,19.75,nan,0.0,0,40,0,0,0.0,1.0,39.0
843,1,right_lane,naive,False,nan,40,0,22.518957345971565,5.5,0.5,8.273043647554005,60.77847407576698,44.02847407576698,16.75,nan,0.0,0,40,0,0,6.0,1.0,33.0
844,1,right_lane,naive,False,nan,40,0,22.893957345749705,0.5,2.5,3.8515354847795606,64.37893885963128,44.628938859631255,19.75,nan,0.0,0,40,0,0,0.0,1.0,39.0
845,1,right_lane,naive,False,nan,40,0,21.518957345971565,9.5,3.5,12.753318063914776,57.67754966052872,42.427549660528726,15.25,nan,0.0,0,40,0,0,8.0,3.0,29.0
846,1,right_lane,naive,False,nan,33,1,23.507827086026136,0.0,3.5,1.5505875346755147,54.1303317535545,37.6303317535545,16.5,nan,0.0,0,33,0,0,0.0,0.0,33.0
847,1,right_lane,naive,False,nan,40,0,21.518957345971565,0.0,2.5,3.5813116464178165,62.17939832968612,42.4293983296861,19.75,nan,0.0,0,40,0,0,0.0,1.0,39.0
848,1,right_lane,naive,False,nan,40,0,21.768957345971565,8.5,0.5,11.065049387514591,58.07962195263644,42.829621952636444,15.25,nan,0.0,0,40,0,0,6.0,7.0,27.0
849,1,right_lane,naive,False,nan,40,0,21.393957345971565,0.0,15.5,4.263126495628967,62.230331753554495,42.2303317535545,20.0,nan,0.0,0,40,0,0,0.0,0.0,40.0
850,1,right_lane,naive,False,nan,40,0,22.51895734596713,9.5,6.0,13.226252056658268,59.02797840469477,44.02797840469477,15.0,nan,0.0,0,40,0,0,8.0,4.0,28.0
851,1,right_lane,naive,False,nan,40,0,21.50249644062177,0.0,5.0,3.9281320698501077,62.15306021796077,42.40306021796077,19.75,nan,0.0,0,40,0,0,0.0,1.0,39.0
852,1,right_lane,naive,False,nan,33,1,21.386614964814015,0.0,5.5,3.9657507091760635,51.07939832968609,34.8293983296861,16.25,nan,0.0,0,33,0,0,0.0,1.0,32.0
853,1,right_lane,naive,False,nan,4,1,25.0,1.0,0.5,1.681095689535141,6.0481980369705575,4.7981980369705575,1.25,nan,0.0,0,4,0,0,0.0,3.0,1.0
854,1,right_lane,naive,False,nan,40,0,20.518957345775522,0.0,7.5,4.620119586586952,60.57939766620678,40.82939766620678,19.75,nan,0.0,0,40,0,0,0.0,1.0,39.0
855,1,right_lane,naive,False,nan,40,0,21.143957345971565,6.0,9.5,9.920983973424882,58.32803110361586,41.82803110361586,16.5,nan,0.0,0,40,0,0,6.0,2.0,32.0
856,1,right_lane,naive,False,nan,40,0,21.143957345971565,19.5,11.0,22.669623896479607,51.58033175350704,41.830331753507046,9.75,nan,0.0,0,40,0,0,20.0,1.0,19.0
857,1,right_lane,naive,False,nan,40,0,20.393957345971565,0.0,10.5,5.565458983182907,60.37939766652045,40.62939766652045,19.75,nan,0.0,0,40,0,0,0.0,1.0,39.0
858,1,right_lane,naive,False,nan,40,0,23.018957345971565,0.0,0.5,2.734500519438825,64.57939766774115,44.829397667741155,19.75,nan,0.0,0,40,0,0,0.0,1.0,39.0
859,1,right_lane,naive,False,nan,40,0,21.018957345971565,33.0,2.5,31.40632613003254,44.879397667741145,41.629397667741145,3.25,nan,0.0,0,40,0,0,31.0,5.0,4.0
860,1,right_lane,naive,False,nan,40,0,22.393957345971565,0.0,7.0,2.68899561962553,63.830331753554496,43.8303317535545,20.0,nan,0.0,0,40,0,0,0.0,0.0,40.0
861,1,right_lane,naive,False,nan,40,0,22.018957345971565,0.0,0.0,2.4813162068518295,63.2303317535545,43.23033175355451,20.0,nan,0.0,0,40,0,0,0.0,0.0,40.0
862,1,right_lane,naive,False,nan,40,0,21.768957345971565,0.0,5.0,4.288759848342579,62.830331753554496,42.8303317535545,20.0,nan,0.0,0,40,0,0,0.0,0.0,40.0
863,1,right_lane,naive,False,nan,40,0,22.143957345971565,4.0,0.5,6.851865388453007,61.17822230794908,43.428222307949085,17.75,nan,0.0,0,40,0,0,2.0,5.0,33.0
864,1,right_lane,naive,False,nan,40,0,20.50249644062177,1.5,4.0,5.17203996977787,59.802653780870315,40.802653780870315,19.0,nan,0.0,0,40,0,0,0.0,4.0,36.0
865,1,right_lane,naive,False,nan,40,0,21.268957345971565,6.0,1.0,7.073974319095214,58.777527427530806,42.02752742753081,16.75,nan,0.0,0,40,0,0,5.0,3.0,32.0
866,1,right_lane,naive,False,nan,40,0,23.893957345971565,0.0,0.5,1.9539885537196824,66.23033175355452,46.23033175355451,20.0,nan,0.0,0,40,0,0,0.0,0.0,40.0
867,1,right_lane,naive,False,nan,40,0,23.643919754889083,13.0,3.0,15.527174538001418,58.82694325385652,45.82694325385652,13.0,nan,0.0,0,40,0,0,13.0,2.0,25.0
868,1,right_lane,naive,False,nan,40,0,22.26895723434353,0.0,7.0,3.6635283775476637,63.63033157494965,43.63033157494965,20.0,nan,0.0,0,40,0,0,0.0,0.0,40.0
869,1,right_lane,naive,False,nan,40,0,22.643957345971565,0.0,13.5,4.387683217789345,64.23033175355451,44.230331753554495,20.0,nan,0.0,0,40,0,0,0.0,0.0,40.0
870,1,right_lane,naive,False,nan,40,0,25.768957345971565,17.0,0.0,18.637337336316705,60.47820063386584,49.22820063386584,11.25,nan,0.0,0,40,0,0,16.0,3.0,21.0
871,1,right_lane,naive,False,nan,21,1,22.655156827936832,0.5,0.0,1.8033317508088658,32.97839909077332,23.22839909077333,9.75,nan,0.0,0,21,0,0,1.0,1.0,19.0
872,1,right_lane,naive,False,nan,25,1,21.230331753554506,0.0,9.5,3.189283479237929,38.7303317535545,26.23033175355451,12.5,nan,0.0,0,25,0,0,0.0,0.0,25.0
873,1,right_lane,naive,False,nan,40,0,22.018957345971565,0.0,0.0,2.8847331409676826,63.23033175355448,43.23033175355449,20.0,nan,0.0,0,40,0,0,0.0,0.0,40.0
874,1,right_lane,naive,False,nan,40,0,22.643957345971565,0.0,0.0,2.8883084628532742,64.23033175355451,44.230331753554495,20.0,nan,0.0,0,40,0,0,0.0,0.0,40.0
875,1,right_lane,naive,False,nan,40,0,22.268957345749705,31.0,1.5,28.43168229243952,48.62961314044806,43.62961314044806,5.0,nan,0.0,0,40,0,0,27.0,6.0,7.0
876,1,right_lane,naive,False,nan,40,0,21.393957345971565,0.0,0.5,2.5057745610829443,62.2303317535545,42.2303317535545,20.0,nan,0.0,0,40,0,0,0.0,0.0,40.0
877,1,right_lane,naive,False,nan,40,0,21.518957345971565,6.0,1.0,7.256239299662411,59.1774643185926,42.42746431859259,16.75,nan,0.0,0,40,0,0,5.0,3.0,32.0
878,1,right_lane,naive,False,nan,40,0,21.393957345971565,0.0,0.5,1.8601730909967955,61.979398329686106,42.2293983296861,19.75,nan,0.0,0,40,0,0,0.0,1.0,39.0
879,1,right_lane,naive,False,nan,40,0,22.018914066891014,0.5,0.5,4.704007165506482,62.47832986233202,43.22832986233202,19.25,nan,0.0,0,40,0,0,1.0,1.0,38.0
880,1,right_lane,naive,False,nan,40,0,23.268957345971565,0.0,1.5,3.0526784278399646,65.23033175355451,45.23033175355451,20.0,nan,0.0,0,40,0,0,0.0,0.0,40.0
881,1,right_lane,naive,False,nan,40,0,21.393957345971565,0.0,11.5,3.054688564621756,62.230331753554495,42.230331753554495,20.0,nan,0.0,0,40,0,0,0.0,0.0,40.0
882,1,right_lane,naive,False,nan,40,0,21.518957345971565,18.5,9.0,20.467396959662437,53.17940112163826,42.42940112163826,10.75,nan,0.0,0,40,0,0,16.0,5.0,19.0
883,1,right_lane,naive,False,nan,40,0,25.768957345971565,20.5,7.0,22.594314381480217,58.47889371076022,49.22889371076022,9.25,nan,0.0,0,40,0,0,21.0,1.0,18.0
884,1,right_lane,naive,False,nan,40,0,21.768957345971565,0.0,2.0,2.8179749770247327,62.8303317535545,42.830331753554496,20.0,nan,0.0,0,40,0,0,0.0,0.0,40.0
885,1,right_lane,naive,False,nan,40,0,22.266460253492646,2.0,7.0,6.1650381729514265,62.37538683082229,43.62538683082229,18.75,nan,0.0,0,40,0,0,0.0,5.0,35.0
886,1,right_lane,naive,False,nan,40,0,22.518957345971565,14.0,5.5,16.45562212772893,56.52962330403353,44.02962330403353,12.5,nan,0.0,0,40,0,0,9.0,12.0,19.0
887,1,right_lane,naive,False,nan,40,0,21.643957345971565,1.0,5.5,5.201222530029327,61.62870484961904,42.628704849619055,19.0,nan,0.0,0,40,0,0,1.0,2.0,37.0
888,1,right_lane,naive,False,nan,40,0,21.768957345971565,0.5,0.0,3.855232580403026,62.078398404340774,42.82839840434077,19.25,nan,0.0,0,40,0,0,1.0,1.0,38.0
889,1,right_lane,naive,False,nan,40,0,23.643957345971565,0.0,1.0,2.740838494910605,65.8303317535545,45.8303317535545,20.0,nan,0.0,0,40,0,0,0.0,0.0,40.0
890,1,right_lane,naive,False,nan,40,0,23.893957345971554,17.5,0.5,19.979748278856277,56.9782077716385,46.22820777163851,10.75,nan,0.0,0,40,0,0,13.0,11.0,16.0
891,1,right_lane,naive,False,nan,40,0,23.26895734594234,0.0,3.5,3.0453537089024394,65.23033175350776,45.230331753507755,20.0,nan,0.0,0,40,0,0,0.0,0.0,40.0
892,1,right_lane,naive,False,nan,40,0,20.768957345971565,0.0,0.0,3.170781511813402,60.979397667741154,41.22939766774115,19.75,nan,0.0,0,40,0,0,0.0,1.0,39.0
893,1,right_lane,naive,False,nan,40,0,20.518957345971565,0.0,0.0,3.6635347679257393,60.8303317535545,40.8303317535545,20.0,nan,0.0,0,40,0,0,0.0,0.0,40.0
894,1,right_lane,naive,False,nan,40,0,22.5189523954837,0.0,1.5,3.2714227715616744,64.03032383277392,44.030323832773924,20.0,nan,0.0,0,40,0,0,0.0,0.0,40.0
895,1,right_lane,naive,False,nan,40,0,20.768957345971565,0.0,11.5,4.813409432768822,61.23033175355451,41.2303317535545,20.0,nan,0.0,0,40,0,0,0.0,0.0,40.0
896,1,right_lane,naive,False,nan,40,0,25.143957345970982,12.5,2.5,15.104290552460952,61.47889399245877,48.22889399245877,13.25,nan,0.0,0,40,0,0,13.0,1.0,26.0
897,1,right_lane,naive,False,nan,40,0,21.643957345945743,7.5,3.5,10.887450478971004,58.37974099411068,42.629740994110676,15.75,nan,0.0,0,40,0,0,8.0,1.0,31.0
898,1,right_lane,naive,False,nan,40,0,22.01891406689101,0.0,1.0,3.637979940409423,62.979328421212266,43.229328421212266,19.75,nan,0.0,0,40,0,0,0.0,1.0,39.0
899,1,right_lane,naive,False,nan,40,0,21.268957345971565,40.0,0.0,37.36320525407791,42.0303317535545,42.0303317535545,0.0,nan,0.0,0,40,0,0,40.0,0.0,0.0
900,1,right_lane,naive,False,nan,40,0,22.268957345942347,0.0,7.5,4.299871534109116,63.63033175350775,43.63033175350775,20.0,nan,0.0,0,40,0,0,0.0,0.0,40.0
901,1,right_lane,naive,False,nan,40,0,21.893957331238006,0.5,17.5,5.347192957176276,62.528002686252954,43.028002686252954,19.5,nan,0.0,0,40,0,0,0.0,2.0,38.0
902,1,right_lane,naive,False,nan,40,0,22.51895734574586,9.5,6.5,13.283118441700935,58.778471045517634,44.028471045517634,14.75,nan,0.0,0,40,0,0,10.0,1.0,29.0
903,1,right_lane,naive,False,nan,40,0,22.518957345971565,0.0,0.0,1.3403208963441102,64.0303317535545,44.030331753554506,20.0,nan,0.0,0,40,0,0,0.0,0.0,40.0
904,1,right_lane,naive,False,nan,40,0,21.893957345971565,0.0,0.5,4.011009012408067,62.77939766843072,43.02939766843071,19.75,nan,0.0,0,40,0,0,0.0,1.0,39.0
905,1,right_lane,naive,False,nan,40,0,21.143957345745857,5.5,3.0,9.146263107657433,58.57853391929976,41.82853391929976,16.75,nan,0.0,0,40,0,0,6.0,1.0,33.0
906,1,right_lane,naive,False,nan,40,0,21.518957345971565,0.0,10.0,4.110758180069752,62.17939766774114,42.429397667741135,19.75,nan,0.0,0,40,0,0,0.0,1.0,39.0
907,1,right_lane,naive,False,nan,40,0,21.018957345971057,0.0,14.0,4.7024377435445786,61.379397667740335,41.62939766774032,19.75,nan,0.0,0,40,0,0,0.0,1.0,39.0
908,1,right_lane,naive,False,nan,40,0,20.643957345971565,0.0,1.0,4.087489880621433,61.030331753554506,41.030331753554506,20.0,nan,0.0,0,40,0,0,0.0,0.0,40.0
909,1,right_lane,naive,False,nan,40,0,20.893957345971558,0.0,1.0,3.3104712679050863,61.43033175355448,41.43033175355448,20.0,nan,0.0,0,40,0,0,0.0,0.0,40.0
910,1,right_lane,naive,False,nan,40,0,22.393957345971565,0.0,0.5,3.3058112060571148,63.57939832968612,43.82939832968612,19.75,nan,0.0,0,40,0,0,0.0,1.0,39.0
911,1,right_lane,naive,False,nan,40,0,20.518957345971565,0.0,16.5,5.54139568656683,60.8303317535545,40.8303317535545,20.0,nan,0.0,0,40,0,0,0.0,0.0,40.0
912,1,right_lane,naive,False,nan,40,0,21.143957345971565,0.0,0.0,1.9801028428482823,61.830331753554496,41.830331753554496,20.0,nan,0.0,0,40,0,0,0.0,0.0,40.0
913,1,right_lane,naive,False,nan,40,0,20.768957345971565,0.5,13.5,5.2488319063504605,60.47839840434077,41.22839840434077,19.25,nan,0.0,0,40,0,0,1.0,1.0,38.0
914,1,right_lane,naive,False,nan,40,0,21.39395724713693,0.0,4.0,3.9818484596908092,61.979398171550685,42.22939817155069,19.75,nan,0.0,0,40,0,0,0.0,1.0,39.0
915,1,right_lane,naive,False,nan,40,0,21.143957345971565,0.0,3.0,4.000444048281224,61.579397666520435,41.82939766652044,19.75,nan,0.0,0,40,0,0,0.0,1.0,39.0
916,1,right_lane,naive,False,nan,40,0,23.500328749382287,2.0,8.5,6.170702487395602,64.3479512688626,45.59795126886261,18.75,nan,0.0,0,40,0,0,0.0,5.0,35.0
917,1,right_lane,naive,False,nan,40,0,22.2689572468815,10.0,9.5,14.108052141964436,58.12673275552301,43.62673275552301,14.5,nan,0.0,0,40,0,0,9.0,4.0,27.0
918,1,right_lane,naive,False,nan,40,0,21.893957344035762,7.5,1.0,8.952756624765243,59.27939765449268,43.0293976544927,16.25,nan,0.0,0,40,0,0,0.0,15.0,25.0
919,1,right_lane,naive,False,nan,40,0,23.75249644062177,11.5,2.0,13.973961447330112,59.75206058258428,46.002060582584285,13.75,nan,0.0,0,40,0,0,12.0,1.0,27.0
920,1,right_lane,naive,False,nan,40,0,22.356091647145412,2.5,12.5,7.789253994531464,62.017105548539476,43.767105548539476,18.25,nan,0.0,0,40,0,0,1.0,5.0,34.0
921,1,right_lane,naive,False,nan,26,1,21.183011301494716,0.5,1.0,2.271416850948299,39.47839840434077,27.228398404340773,12.25,nan,0.0,0,26,0,0,1.0,1.0,24.0
922,1,right_lane,naive,False,nan,40,0,21.768957345971565,4.5,9.0,8.697130244225264,60.07869209942817,42.82869209942817,17.25,nan,0.0,0,40,0,0,4.0,3.0,33.0
923,1,right_lane,naive,False,nan,40,0,20.893957345971565,0.0,2.5,4.480248905718327,61.179398329686094,41.4293983296861,19.75,nan,0.0,0,40,0,0,0.0,1.0,39.0
924,1,right_lane,naive,False,nan,40,0,22.999995049763726,0.0,1.0,2.81377444951454,64.79999207962197,44.799992079621966,20.0,nan,0.0,0,40,0,0,0.0,0.0,40.0
925,1,right_lane,naive,False,nan,40,0,21.643957345971565,5.0,2.5,8.321164721623063,59.62870484961904,42.62870484961904,17.0,nan,0.0,0,40,0,0,5.0,2.0,33.0
926,1,right_lane,naive,False,nan,40,0,24.018957345971046,16.5,0.5,17.657543523761888,57.9275369600215,46.4275369600215,11.5,nan,0.0,0,40,0,0,16.0,2.0,22.0
927,1,right_lane,naive,False,nan,40,0,21.518957345971565,23.5,1.0,23.98464696109295,50.180331753554505,42.430331753554505,7.75,nan,0.0,0,40,0,0,24.0,1.0,15.0
928,1,right_lane,naive,False,nan,40,0,22.393957345971565,5.5,9.0,9.389679148627692,60.82962549268805,43.82962549268805,17.0,nan,0.0,0,40,0,0,0.0,12.0,28.0
929,1,right_lane,naive,False,nan,40,0,22.141138607735993,0.5,2.0,4.644768567406572,62.67388842316386,43.423888423163866,19.25,nan,0.0,0,40,0,0,1.0,1.0,38.0
930,1,right_lane,naive,False,nan,36,1,23.076619273301738,35.5,0.5,34.65354257822037,40.678936766404924,40.428936766404924,0.25,nan,0.0,0,36,0,0,35.0,1.0,0.0
931,1,right_lane,naive,False,nan,40,0,21.518957345971565,27.5,0.5,25.46295952796936,48.43033175076435,42.43033175076435,6.0,nan,0.0,0,40,0,0,16.0,24.0,0.0
932,1,right_lane,naive,False,nan,40,0,21.89395733298212,0.0,8.0,4.1497916440303015,62.77939649391866,43.029396493918654,19.75,nan,0.0,0,40,0,0,0.0,1.0,39.0
933,1,right_lane,naive,False,nan,40,0,21.143957345971565,0.0,1.5,1.8771792550905957,61.83033175355449,41.830331753554496,20.0,nan,0.0,0,40,0,0,0.0,0.0,40.0
934,1,right_lane,naive,False,nan,24,1,21.28159557661927,14.5,1.5,14.314076498209033,29.480331753547432,25.230331753547432,4.25,nan,0.0,0,24,0,0,15.0,1.0,8.0
935,1,right_lane,naive,False,nan,40,0,21.268957345971565,0.0,5.0,4.498496360403806,62.030331753554506,42.030331753554506,20.0,nan,0.0,0,40,0,0,0.0,0.0,40.0
936,1,right_lane,naive,False,nan,40,0,25.26890835288433,31.0,0.5,31.49974773824215,52.428611808576896,48.428611808576896,4.0,nan,0.0,0,40,0,0,29.0,6.0,5.0
937,1,right_lane,naive,False,nan,40,0,22.268957345971565,0.0,0.0,2.247841822794385,63.63033175355451,43.63033175355451,20.0,nan,0.0,0,40,0,0,0.0,0.0,40.0
938,1,right_lane,naive,False,nan,40,0,24.87532874938229,13.0,3.0,14.940859471482327,60.79888081968688,47.79888081968688,13.0,nan,0.0,0,40,0,0,13.0,2.0,25.0
939,1,right_lane,naive,False,nan,40,0,20.643957345971565,0.0,13.0,4.7826928108988795,60.77939766774115,41.02939766774115,19.75,nan,0.0,0,40,0,0,0.0,1.0,39.0
940,1,right_lane,naive,False,nan,40,0,21.893957345971554,0.0,0.0,3.621958719100803,62.77939766774113,43.02939766774113,19.75,nan,0.0,0,40,0,0,0.0,1.0,39.0
941,1,right_lane,naive,False,nan,40,0,21.893957345971558,0.0,3.5,3.1493405182077367,62.7793983296861,43.02939832968609,19.75,nan,0.0,0,40,0,0,0.0,1.0,39.0
942,1,right_lane,naive,False,nan,40,0,21.643957345971565,0.5,7.5,4.98141830379609,61.87839840434078,42.628398404340786,19.25,nan,0.0,0,40,0,0,1.0,1.0,38.0
943,1,right_lane,naive,False,nan,40,0,21.268957345937928,0.0,0.5,3.891228523949394,61.77939651464796,42.02939651464794,19.75,nan,0.0,0,40,0,0,0.0,1.0,39.0
944,1,right_lane,naive,False,nan,40,0,22.643957345971565,4.0,3.5,7.795722052303063,61.97654615922479,44.22654615922479,17.75,nan,0.0,0,40,0,0,2.0,5.0,33.0
945,1,right_lane,naive,False,nan,40,0,22.250043292099726,6.5,0.5,9.982038579881191,59.84811465686642,43.59811465686643,16.25,nan,0.0,0,40,0,0,7.0,1.0,32.0
946,1,right_lane,naive,False,nan,40,0,22.768957345971565,40.0,0.0,37.3975984454155,44.430331753554505,44.430331753554505,0.0,nan,0.0,0,40,0,0,40.0,0.0,0.0
947,1,right_lane,naive,False,nan,40,0,21.643957345971565,3.0,7.5,7.713617142517251,61.1289859198416,42.62898591984159,18.5,nan,0.0,0,40,0,0,0.0,6.0,34.0
948,1,right_lane,naive,False,nan,40,0,22.768957345971565,4.0,0.5,7.3878108933568,62.42747761360414,44.42747761360414,18.0,nan,0.0,0,40,0,0,2.0,4.0,34.0
949,1,right_lane,naive,False,nan,40,0,25.01895734597099,22.5,1.0,23.973482556641102,56.52619213441594,48.02619213441594,8.5,nan,0.0,0,40,0,0,17.0,12.0,11.0
950,1,right_lane,naive,False,nan,40,0,23.268957345971565,10.0,11.0,13.468339271843433,59.7289151928475,45.2289151928475,14.5,nan,0.0,0,40,0,0,10.0,2.0,28.0
951,1,right_lane,naive,False,nan,40,0,20.768957345971565,0.0,0.5,3.935469374060631,60.979397667741154,41.22939766774115,19.75,nan,0.0,0,40,0,0,0.0,1.0,39.0
952,1,right_lane,naive,False,nan,40,0,24.643957345971565,0.0,9.5,3.6292493321224697,67.43033175355448,47.4303317535545,20.0,nan,0.0,0,40,0,0,0.0,0.0,40.0
953,1,right_lane,naive,False,nan,40,0,21.768957345971565,0.0,12.5,3.957020953313531,62.8303317535545,42.83033175355451,20.0,nan,0.0,0,40,0,0,0.0,0.0,40.0
954,1,right_lane,naive,False,nan,40,0,22.768957345971565,0.0,0.0,2.600201298245338,64.43033175355451,44.43033175355451,20.0,nan,0.0,0,40,0,0,0.0,0.0,40.0
955,1,right_lane,naive,False,nan,40,0,21.518957345971565,0.5,11.5,5.017955881237867,62.18033175314652,42.43033175314652,19.75,nan,0.0,0,40,0,0,0.0,1.0,39.0
956,1,right_lane,naive,False,nan,40,0,24.375043292099726,9.5,3.5,11.917968283592927,62.24671961155262,46.99671961155262,15.25,nan,0.0,0,40,0,0,7.0,5.0,28.0
957,1,right_lane,naive,False,nan,8,1,21.969782976101605,0.5,3.5,1.6411422789096832,12.630330552352513,8.630330552352515,4.0,nan,0.0,0,8,0,0,0.0,0.0,8.0
958,1,right_lane,naive,False,nan,40,0,22.643957345971565,15.0,4.0,16.24500728835278,56.728399108860884,44.228399108860884,12.5,nan,0.0,0,40,0,0,14.0,2.0,24.0
959,1,right_lane,naive,False,nan,40,0,22.643957345971565,0.0,10.0,3.473214506729164,64.2303317535545,44.230331753554495,20.0,nan,0.0,0,40,0,0,0.0,0.0,40.0
960,1,right_lane,naive,False,nan,40,0,20.768957345971565,0.0,1.0,4.075017215684056,60.97939651470177,41.22939651470176,19.75,nan,0.0,0,40,0,0,0.0,1.0,39.0
961,1,right_lane,naive,False,nan,40,0,21.393957345971565,0.5,0.5,2.317218534155927,61.47839840434077,42.22839840434077,19.25,nan,0.0,0,40,0,0,1.0,1.0,38.0
962,1,right_lane,naive,False,nan,40,0,21.643957345971565,0.0,14.5,4.836982286244165,62.63033175355452,42.63033175355451,20.0,nan,0.0,0,40,0,0,0.0,0.0,40.0
963,1,right_lane,naive,False,nan,40,0,22.143956595028193,2.0,10.0,6.925849474912184,62.17844523583359,43.4284452358336,18.75,nan,0.0,0,40,0,0,0.0,5.0,35.0
964,1,right_lane,naive,False,nan,40,0,24.268957345971565,0.0,10.0,3.7974894938911348,66.57939832968611,46.8293983296861,19.75,nan,0.0,0,40,0,0,0.0,1.0,39.0
965,1,right_lane,naive,False,nan,40,0,24.143914152736198,0.5,2.0,3.9070585054246294,65.87832929516419,46.6283292951642,19.25,nan,0.0,0,40,0,0,1.0,1.0,38.0
966,1,right_lane,naive,False,nan,40,0,22.018957345971565,0.0,12.0,4.2833982160318556,62.979398329686106,43.2293983296861,19.75,nan,0.0,0,40,0,0,0.0,1.0,39.0
967,1,right_lane,naive,False,nan,40,0,22.24972024373468,0.0,8.0,3.4346016926474476,63.59955238997549,43.599552389975486,20.0,nan,0.0,0,40,0,0,0.0,0.0,40.0
968,1,right_lane,naive,False,nan,40,0,23.000328749382287,0.0,3.5,3.3914235168397227,64.80052599901165,44.80052599901167,20.0,nan,0.0,0,40,0,0,0.0,0.0,40.0
969,1,right_lane,naive,False,nan,40,0,20.268957345971565,8.5,14.0,12.346144504845142,55.680331732724305,40.430331732724305,15.25,nan,0.0,0,40,0,0,9.0,1.0,30.0
970,1,right_lane,naive,False,nan,40,0,20.768957345971565,0.0,1.0,3.7567025423049927,61.2303317535545,41.23033175355451,20.0,nan,0.0,0,40,0,0,0.0,0.0,40.0
971,1,right_lane,naive,False,nan,40,0,22.643951743818675,6.0,0.0,7.891533105623239,60.72890623431193,44.22890623431192,16.5,nan,0.0,0,40,0,0,6.0,2.0,32.0
972,1,right_lane,naive,False,nan,40,0,21.143957345971565,0.0,5.0,4.212072990834713,61.57939766774182,41.82939766774183,19.75,nan,0.0,0,40,0,0,0.0,1.0,39.0
973,1,right_lane,naive,False,nan,15,1,24.38388621663466,0.0,0.5,0.9649599279327958,24.879398306112396,17.629398306112396,7.25,nan,0.0,0,15,0,0,0.0,1.0,14.0
974,1,right_lane,naive,False,nan,40,0,22.393957345971565,9.5,9.0,12.56975235415075,58.82804600093216,43.82804600093216,15.0,nan,0.0,0,40,0,0,7.0,6.0,27.0
975,1,right_lane,naive,False,nan,40,0,20.893957345971565,0.0,3.0,3.15721407905221,61.4303317535545,41.430331753554505,20.0,nan,0.0,0,40,0,0,0.0,0.0,40.0
976,1,right_lane,naive,False,nan,40,0,21.518957345971565,0.0,1.0,2.685194408266625,62.430331753554505,42.43033175355451,20.0,nan,0.0,0,40,0,0,0.0,0.0,40.0
977,1,right_lane,naive,False,nan,22,1,22.534467901766476,0.0,1.0,2.4225099875586693,34.979398329686106,24.2293983296861,10.75,nan,0.0,0,22,0,0,0.0,1.0,21.0
978,1,right_lane,naive,False,nan,40,0,24.518628583603743,0.0,2.5,3.2187910655266023,67.22980573376599,47.229805733765986,20.0,nan,0.0,0,40,0,0,0.0,0.0,40.0
979,1,right_lane,naive,False,nan,40,0,22.518957345971565,40.0,0.0,37.22899949550629,44.030331753554506,44.030331753554506,0.0,nan,0.0,0,40,0,0,40.0,0.0,0.0
980,1,right_lane,naive,False,nan,10,1,25.075803577715384,0.0,0.0,0.6270911001470267,17.030321431086154,12.030321431086154,5.0,nan,0.0,0,10,0,0,0.0,0.0,10.0
981,1,right_lane,naive,False,nan,40,0,22.393957345967646,18.5,4.0,19.651542803447228,54.08032879380804,43.83032879380804,10.25,nan,0.0,0,40,0,0,19.0,1.0,20.0
982,1,right_lane,naive,False,nan,40,0,23.516789654732076,0.0,0.0,2.8738806947385456,65.3759300237029,45.62593002370292,19.75,nan,0.0,0,40,0,0,0.0,1.0,39.0
983,1,right_lane,naive,False,nan,40,0,20.268957345971565,0.0,13.5,4.596065238118172,60.430331753554505,40.430331753554505,20.0,nan,0.0,0,40,0,0,0.0,0.0,40.0
984,1,right_lane,naive,False,nan,40,0,21.122875600860247,0.0,4.5,3.7762283245633625,61.54566687556304,41.79566687556304,19.75,nan,0.0,0,40,0,0,0.0,1.0,39.0
985,1,right_lane,naive,False,nan,40,0,22.018957345971565,0.0,5.5,4.113574953757507,62.9793983296861,43.2293983296861,19.75,nan,0.0,0,40,0,0,0.0,1.0,39.0
986,1,right_lane,naive,False,nan,40,0,21.39395733298212,2.0,4.5,5.976013485342264,60.97899120864687,42.228991208646875,18.75,nan,0.0,0,40,0,0,0.0,5.0,35.0
987,1,right_lane,naive,False,nan,40,0,22.625036853354327,36.5,0.5,35.55077514052391,46.19727324378291,44.19727324378291,2.0,nan,0.0,0,40,0,0,32.0,8.0,0.0
988,1,right_lane,naive,False,nan,40,0,21.143957345971565,0.0,4.0,4.108074608789593,61.57939832968609,41.82939832968609,19.75,nan,0.0,0,40,0,0,0.0,1.0,39.0
989,1,right_lane,naive,False,nan,34,1,20.463479230554782,0.0,8.0,4.471724182367325,51.6303317535545,34.6303317535545,17.0,nan,0.0,0,34,0,0,0.0,0.0,34.0
990,1,right_lane,naive,False,nan,40,0,21.01646660636704,0.0,2.5,4.476786725223064,61.375412483153205,41.62541248315321,19.75,nan,0.0,0,40,0,0,0.0,1.0,39.0
991,1,right_lane,naive,False,nan,40,0,22.018957345971565,14.0,1.0,16.124268367886543,55.97963821595389,43.22963821595389,12.75,nan,0.0,0,40,0,0,13.0,3.0,24.0
992,1,right_lane,naive,False,nan,40,0,22.893957345941903,4.5,2.5,8.141160534345545,62.1282089579242,44.62820895792421,17.5,nan,0.0,0,40,0,0,1.0,8.0,31.0
993,1,right_lane,naive,False,nan,40,0,22.018957344482867,0.5,6.5,4.941550945366544,62.47839910647898,43.228399106478975,19.25,nan,0.0,0,40,0,0,1.0,1.0,38.0
994,1,right_lane,naive,False,nan,40,0,21.108867844032495,2.0,3.5,5.695881403982639,60.77325183988143,41.773251839881425,19.0,nan,0.0,0,40,0,0,0.0,4.0,36.0
995,1,right_lane,naive,False,nan,16,1,22.859893364844815,0.0,3.0,2.096247047185898,25.57939832963228,17.82939832963228,7.75,nan,0.0,0,16,0,0,0.0,1.0,15.0
996,1,right_lane,naive,False,nan,40,0,21.768914152736198,0.0,1.5,3.37955505711534,62.57932922050953,42.82932922050952,19.75,nan,0.0,0,40,0,0,0.0,1.0,39.0
997,1,right_lane,naive,False,nan,40,0,21.518957345971565,5.5,0.5,8.968522876501083,59.42744376630867,42.42744376630867,17.0,nan,0.0,0,40,0,0,5.0,2.0,33.0
998,1,right_lane,naive,False,nan,40,0,22.62532874938229,8.5,10.0,11.998205425450578,59.448571387701335,44.19857138770134,15.25,nan,0.0,0,40,0,0,9.0,1.0,30.0
999,1,right_lane,naive,False,nan,40,0,21.018957345971565,2.0,7.5,5.809906449558184,60.88033175355449,41.63033175355451,19.25,nan,0.0,0,40,0,0,0.0,3.0,37.0
