episode_id,policy_freq,profile,method,filter,value,episode_length,collision,mean_speed,total_cost,total_avoided_cost,total_expected_cost,total_reward,total_basic_reward,total_added_reward,mean_iterations_to_converge,convergence_rate,outcome_unchanged_count,outcome_naively_augmented_count,outcome_rcps_augmented_count,outcome_projection_count,lane_0_time,lane_1_time,lane_2_time
0,1,right_lane,fixed,True,0.5,40,0,23.268957345971565,7.5,7.5,11.002727855087869,60.77837785213383,45.02837785213382,15.75,nan,0.0,0,0,40,0,8.0,1.0,31.0
1,1,right_lane,fixed,True,0.5,40,0,21.12749644062177,3.5,10.0,8.729532308876514,59.85214088280159,41.6021408828016,18.25,nan,0.0,0,0,40,0,1.0,7.0,32.0
2,1,right_lane,fixed,True,0.5,40,0,20.768957345971565,0.0,0.5,0.8450704802044129,61.05320089613101,41.05320089613101,20.0,nan,0.0,0,0,40,0,0.0,0.0,40.0
3,1,right_lane,fixed,True,0.5,40,0,21.3939566082395,0.0,8.0,3.695234838014585,62.03033057318319,42.0303305731832,20.0,nan,0.0,0,0,40,0,0.0,0.0,40.0
4,1,right_lane,fixed,True,0.5,40,0,21.018919754889087,0.0,1.0,3.8306188029700934,61.429338546940656,41.42933854694065,20.0,nan,0.0,0,0,40,0,0.0,1.0,39.0
5,1,right_lane,fixed,True,0.5,40,0,23.0189509930675,1.5,1.5,5.085847597448264,63.878441169520755,44.628441169520755,19.25,nan,0.0,0,0,40,0,2.0,1.0,37.0
6,1,right_lane,fixed,True,0.5,40,0,24.26895734594184,3.5,1.0,6.56291995523884,64.87893900516401,46.628939005164,18.25,nan,0.0,0,0,40,0,2.0,5.0,33.0
7,1,right_lane,fixed,True,0.5,40,0,20.518957345971565,0.0,9.0,4.60807591676712,60.629397667781234,40.62939766778124,20.0,nan,0.0,0,0,40,0,0.0,1.0,39.0
8,1,right_lane,fixed,True,0.5,40,0,24.00032874938229,6.5,1.5,9.439853618974212,62.949111311450864,46.199111311450864,16.75,nan,0.0,0,0,40,0,5.0,5.0,30.0
9,1,right_lane,fixed,True,0.5,40,0,21.893957345971565,4.0,2.0,7.633981250524812,61.20066956043561,43.20066956043561,18.0,nan,0.0,0,0,40,0,3.0,3.0,34.0
10,1,right_lane,fixed,True,0.5,40,0,22.268957345971565,0.0,0.5,1.8422927508163411,63.4303317535545,43.430331753554505,20.0,nan,0.0,0,0,40,0,0.0,0.0,40.0
11,1,right_lane,fixed,True,0.5,9,1,25.639592686973558,9.0,0.0,8.753063142299652,11.33025336731048,10.83025336731048,0.5,nan,0.0,0,0,9,0,9.0,0.0,0.0
12,1,right_lane,fixed,True,0.5,40,0,21.018957345971565,0.5,15.5,5.821319112082165,60.178466468116454,40.92846646811645,19.25,nan,0.0,0,0,40,0,1.0,1.0,38.0
13,1,right_lane,fixed,True,0.5,40,0,22.643957345971486,0.0,2.0,3.4380056282623173,64.03033175355436,44.03033175355438,20.0,nan,0.0,0,0,40,0,0.0,0.0,40.0
14,1,right_lane,fixed,True,0.5,40,0,21.393957345971565,0.0,6.0,3.672490268945694,62.030331753554606,42.030331753554606,20.0,nan,0.0,0,0,40,0,0.0,0.0,40.0
15,1,right_lane,fixed,True,0.5,40,0,24.393914152736198,5.5,3.5,7.521176834118023,64.0783087484399,46.8283087484399,17.25,nan,0.0,0,0,40,0,6.0,1.0,33.0
16,1,right_lane,fixed,True,0.5,40,0,21.768957345971554,0.5,8.0,4.243992287666515,62.37845841345296,42.628458413452975,19.75,nan,0.0,0,0,40,0,1.0,1.0,38.0
17,1,right_lane,fixed,True,0.5,40,0,23.143957345971565,0.5,8.5,4.490393891878739,64.5783991088609,44.82839910886091,19.75,nan,0.0,0,0,40,0,1.0,1.0,38.0
18,1,right_lane,fixed,True,0.5,19,1,24.776752099171972,0.5,0.0,1.0440926465998928,31.930331595370706,22.430331595370706,9.5,nan,0.0,0,0,19,0,0.0,0.0,19.0
19,1,right_lane,fixed,True,0.5,10,1,21.07582937702842,0.5,4.5,1.6985967755317688,14.480331750811368,9.73033175081137,4.75,nan,0.0,0,0,10,0,0.0,0.0,10.0
20,1,right_lane,fixed,True,0.5,40,0,24.018957345937995,12.5,1.0,15.11656685057278,59.228375910162704,45.728375910162704,13.5,nan,0.0,0,0,40,0,13.0,1.0,26.0
21,1,right_lane,fixed,True,0.5,40,0,23.14391406689101,6.5,5.5,10.166435256183831,61.57830860565158,44.828308605651586,16.75,nan,0.0,0,0,40,0,7.0,1.0,32.0
22,1,right_lane,fixed,True,0.5,40,0,24.143957345971565,16.0,2.0,18.897493436932564,58.42834254255909,46.42834254255909,12.0,nan,0.0,0,0,40,0,15.0,4.0,21.0
23,1,right_lane,fixed,True,0.5,40,0,21.018957345971565,0.0,1.5,3.809785973069893,61.4303317535545,41.430331753554505,20.0,nan,0.0,0,0,40,0,0.0,0.0,40.0
24,1,right_lane,fixed,True,0.5,40,0,21.26895733124236,0.0,9.5,3.9258919508095005,61.82939649113504,41.82939649113504,20.0,nan,0.0,0,0,40,0,0.0,1.0,39.0
25,1,right_lane,fixed,True,0.5,40,0,20.893957345971565,0.0,9.5,4.4650467820465565,61.23033177401779,41.23033177401779,20.0,nan,0.0,0,0,40,0,0.0,0.0,40.0
26,1,right_lane,fixed,True,0.5,28,1,21.277081922816514,0.5,5.5,3.257658118802283,43.2303317535545,29.230331753554502,14.0,nan,0.0,0,0,28,0,0.0,0.0,28.0
27,1,right_lane,fixed,True,0.5,40,0,21.12749644062177,0.0,16.0,4.885331258177757,60.85306021987104,41.10306021987105,19.75,nan,0.0,0,0,40,0,0.0,1.0,39.0
28,1,right_lane,fixed,True,0.5,40,0,21.893957345971565,0.0,1.0,2.638877360852348,63.02686344757135,43.02686344757134,20.0,nan,0.0,0,0,40,0,0.0,0.0,40.0
29,1,right_lane,fixed,True,0.5,40,0,20.893957345971565,0.5,6.5,5.185349054634571,60.97839840434078,41.22839840434077,19.75,nan,0.0,0,0,40,0,1.0,1.0,38.0
30,1,right_lane,fixed,True,0.5,40,0,23.518957345971565,0.0,0.0,2.417275256211724,65.4303317535545,45.430331753554505,20.0,nan,0.0,0,0,40,0,0.0,0.0,40.0
31,1,right_lane,fixed,True,0.5,40,0,24.874956720949182,14.5,6.0,17.465154993580654,60.34615999098825,47.59615999098826,12.75,nan,0.0,0,0,40,0,10.0,10.0,20.0
32,1,right_lane,fixed,True,0.5,40,0,24.018957345971565,12.0,0.5,13.54767001154687,60.255313045838285,46.255313045838285,14.0,nan,0.0,0,0,40,0,12.0,2.0,26.0
33,1,right_lane,fixed,True,0.5,40,0,20.518957345971565,0.0,4.5,4.697209149599075,60.629397667739944,40.629397667739944,20.0,nan,0.0,0,0,40,0,0.0,1.0,39.0
34,1,right_lane,fixed,True,0.5,40,0,21.7667895688869,0.0,12.0,4.751743149725371,62.62592922440636,42.62592922440636,20.0,nan,0.0,0,0,40,0,0.0,1.0,39.0
35,1,right_lane,fixed,True,0.5,40,0,21.393957345971565,1.5,10.5,6.0605744138538284,61.28264152209658,42.03264152209658,19.25,nan,0.0,0,0,40,0,0.0,3.0,37.0
36,1,right_lane,fixed,True,0.5,40,0,21.752495691584983,0.0,2.0,3.299827500082756,62.60399310653599,42.60399310653599,20.0,nan,0.0,0,0,40,0,0.0,0.0,40.0
37,1,right_lane,fixed,True,0.5,40,0,23.268957345971494,0.5,12.0,5.130847943538811,64.97493184351472,45.22493184351472,19.75,nan,0.0,0,0,40,0,1.0,1.0,38.0
38,1,right_lane,fixed,True,0.5,40,0,21.268957345971565,0.0,6.0,4.024512875395885,61.830331753554596,41.83033175355459,20.0,nan,0.0,0,0,40,0,0.0,0.0,40.0
39,1,right_lane,fixed,True,0.5,40,0,21.76895733466685,0.0,6.5,4.3678765840745655,62.629398311598564,42.62939831159856,20.0,nan,0.0,0,0,40,0,0.0,1.0,39.0
40,1,right_lane,fixed,True,0.5,24,1,22.32326224328594,0.5,8.0,3.532881748453292,38.030331769260144,26.030331769260144,12.0,nan,0.0,0,0,24,0,0.0,0.0,24.0
41,1,right_lane,fixed,True,0.5,40,0,21.393957345971565,1.5,9.0,6.296535462141037,60.52963774912759,41.52963774912758,19.0,nan,0.0,0,0,40,0,0.0,3.0,37.0
42,1,right_lane,fixed,True,0.5,36,1,22.79884149552396,1.0,5.5,4.873726325109601,57.5783991088609,39.8283991088609,17.75,nan,0.0,0,0,36,0,1.0,1.0,34.0
43,1,right_lane,fixed,True,0.5,40,0,22.64395734428684,0.0,12.0,3.9976886370968714,63.279398326990545,43.52939832699053,19.75,nan,0.0,0,0,40,0,0.0,1.0,39.0
44,1,right_lane,fixed,True,0.5,40,0,23.518629347340514,10.0,9.0,13.084450139307592,60.427199263687164,45.427199263687164,15.0,nan,0.0,0,0,40,0,7.0,7.0,26.0
45,1,right_lane,fixed,True,0.5,40,0,21.268957345971565,0.0,6.5,4.318461827464489,61.829853356374244,41.829853356374244,20.0,nan,0.0,0,0,40,0,0.0,1.0,39.0
46,1,right_lane,fixed,True,0.5,20,1,21.78791469194299,0.0,5.5,3.1341175033485342,31.229397667741043,21.229397667741036,10.0,nan,0.0,0,0,20,0,0.0,1.0,19.0
47,1,right_lane,fixed,True,0.5,40,0,22.268957345971565,0.5,0.0,4.302285178191596,62.678399108860894,42.9283991088609,19.75,nan,0.0,0,0,40,0,1.0,1.0,38.0
48,1,right_lane,fixed,True,0.5,40,0,25.268956694084682,14.5,4.0,16.67313703104628,60.97867323839806,48.22867323839807,12.75,nan,0.0,0,0,40,0,14.0,3.0,23.0
49,1,right_lane,fixed,True,0.5,40,0,22.768914804623083,14.0,4.0,16.545256100594997,57.226820100537886,44.226820100537886,13.0,nan,0.0,0,0,40,0,8.0,13.0,19.0
50,1,right_lane,fixed,True,0.5,23,1,23.076447558211395,0.5,7.0,3.465078474535858,37.13039085626744,25.630390856267447,11.5,nan,0.0,0,0,23,0,0.0,0.0,23.0
51,1,right_lane,fixed,True,0.5,40,0,20.518957345971565,0.0,17.5,5.356107277413685,59.88033175355449,40.13033175355449,19.75,nan,0.0,0,0,40,0,0.0,0.0,40.0
52,1,right_lane,fixed,True,0.5,40,0,21.768957345971565,3.0,3.5,6.659924536943436,61.12891743791034,42.62891743791034,18.5,nan,0.0,0,0,40,0,3.0,2.0,35.0
53,1,right_lane,fixed,True,0.5,40,0,21.518957332731045,4.0,11.5,8.693312801027787,60.230325456307696,42.230325456307696,18.0,nan,0.0,0,0,40,0,0.0,8.0,32.0
54,1,right_lane,fixed,True,0.5,40,0,22.393957345971565,0.0,1.0,3.5010626925284214,63.63033177194955,43.63033177194956,20.0,nan,0.0,0,0,40,0,0.0,0.0,40.0
55,1,right_lane,fixed,True,0.5,40,0,22.518957345971565,0.5,5.5,4.563425576499867,63.578399108860886,43.82839910886088,19.75,nan,0.0,0,0,40,0,1.0,1.0,38.0
56,1,right_lane,fixed,True,0.5,40,0,22.983867844032495,9.5,4.0,12.309263813723192,59.82232784277623,44.57232784277623,15.25,nan,0.0,0,0,40,0,10.0,1.0,29.0
57,1,right_lane,fixed,True,0.5,40,0,20.75249644062177,0.0,1.0,3.4440364129841328,61.39913518154621,41.39913518154621,20.0,nan,0.0,0,0,40,0,0.0,1.0,39.0
58,1,right_lane,fixed,True,0.5,40,0,20.393957345971565,0.0,0.0,3.847062051296234,60.45320089613101,40.45320089613101,20.0,nan,0.0,0,0,40,0,0.0,0.0,40.0
59,1,right_lane,fixed,True,0.5,11,1,24.614387259584337,11.0,0.0,10.761364996433258,13.330330394217107,12.830330394217107,0.5,nan,0.0,0,0,11,0,11.0,0.0,0.0
60,1,right_lane,fixed,True,0.5,40,0,21.643957345971565,0.0,0.5,2.95872393429363,61.42939832968611,41.9293983296861,19.5,nan,0.0,0,0,40,0,0.0,1.0,39.0
61,1,right_lane,fixed,True,0.5,40,0,22.768957345971565,14.5,0.5,15.995734022930264,56.97962255412124,44.22962255412124,12.75,nan,0.0,0,0,40,0,13.0,4.0,23.0
62,1,right_lane,fixed,True,0.5,40,0,22.268957345971565,0.5,4.5,4.526154659191889,63.17839840434078,43.42839840434078,19.75,nan,0.0,0,0,40,0,1.0,1.0,38.0
63,1,right_lane,fixed,True,0.5,40,0,22.018957345971565,9.5,1.5,12.850860431790352,58.27847104587876,43.02847104587876,15.25,nan,0.0,0,0,40,0,10.0,1.0,29.0
64,1,right_lane,fixed,True,0.5,40,0,21.643957345971565,2.0,4.5,6.106878347047314,61.42964007375824,42.42964007375824,19.0,nan,0.0,0,0,40,0,0.0,4.0,36.0
65,1,right_lane,fixed,True,0.5,40,0,24.01641846286567,1.5,9.5,5.925642322656586,65.47464184666525,46.22464184666526,19.25,nan,0.0,0,0,40,0,0.0,4.0,36.0
66,1,right_lane,fixed,True,0.5,40,0,21.518957345971565,11.5,12.0,16.471544072031975,56.48157353634625,42.23157353634625,14.25,nan,0.0,0,0,40,0,7.0,11.0,22.0
67,1,right_lane,fixed,True,0.5,40,0,21.143957345971565,0.0,3.0,3.7911420315504074,61.62939766843068,41.62939766843068,20.0,nan,0.0,0,0,40,0,0.0,1.0,39.0
68,1,right_lane,fixed,True,0.5,40,0,24.997510011146723,11.5,8.5,14.311300141796892,62.04390637782087,47.79390637782087,14.25,nan,0.0,0,0,40,0,10.0,4.0,26.0
69,1,right_lane,fixed,True,0.5,40,0,20.643957345971565,0.5,1.0,4.315757259726524,60.781857746878046,41.031857746878046,19.75,nan,0.0,0,0,40,0,1.0,1.0,38.0
70,1,right_lane,fixed,True,0.5,40,0,20.768957345971565,0.5,17.0,6.152665264904499,60.77839910880876,41.02839910880877,19.75,nan,0.0,0,0,40,0,1.0,1.0,38.0
71,1,right_lane,fixed,True,0.5,40,0,22.268957345971057,0.5,3.0,4.520663284393777,63.17839910886008,43.428399108860084,19.75,nan,0.0,0,0,40,0,1.0,1.0,38.0
72,1,right_lane,fixed,True,0.5,40,0,21.518957344482878,0.0,5.5,4.043520248090317,62.40306021557957,42.40306021557957,20.0,nan,0.0,0,0,40,0,0.0,1.0,39.0
73,1,right_lane,fixed,True,0.5,40,0,20.268957345971565,0.0,17.0,5.24168536067009,60.230331755622736,40.230331755622736,20.0,nan,0.0,0,0,40,0,0.0,0.0,40.0
74,1,right_lane,fixed,True,0.5,40,0,22.143957345971565,0.5,0.5,1.6795853195326345,62.978398404341505,43.228398404341505,19.75,nan,0.0,0,0,40,0,1.0,1.0,38.0
75,1,right_lane,fixed,True,0.5,40,0,23.643957345971565,17.5,7.0,20.224425710737705,56.87839877673206,45.62839877673206,11.25,nan,0.0,0,0,40,0,18.0,1.0,21.0
76,1,right_lane,fixed,True,0.5,40,0,20.268957345971565,0.0,7.5,4.221569396555424,60.2303317535545,40.2303317535545,20.0,nan,0.0,0,0,40,0,0.0,0.0,40.0
77,1,right_lane,fixed,True,0.5,18,1,23.097682991039065,0.5,4.0,2.614636057705866,29.030331753548133,20.030331753548136,9.0,nan,0.0,0,0,18,0,0.0,0.0,18.0
78,1,right_lane,fixed,True,0.5,40,0,21.268957345971565,0.0,3.5,4.020121841276705,61.07939766774115,41.32939766774114,19.75,nan,0.0,0,0,40,0,0.0,1.0,39.0
79,1,right_lane,fixed,True,0.5,40,0,23.518957345971554,7.5,2.5,10.43404085981274,61.67837715058449,45.42837715058449,16.25,nan,0.0,0,0,40,0,8.0,1.0,31.0
80,1,right_lane,fixed,True,0.5,34,1,23.69877334820184,0.0,7.0,2.8044750333178854,55.83033175355452,38.83033175355451,17.0,nan,0.0,0,0,34,0,0.0,0.0,34.0
81,1,right_lane,fixed,True,0.5,40,0,21.766466606367043,0.0,2.5,4.03014550358057,62.12541314631887,42.12541314631887,20.0,nan,0.0,0,0,40,0,0.0,1.0,39.0
82,1,right_lane,fixed,True,0.5,40,0,21.268957345971565,0.0,3.0,2.8223007610358763,61.83379213911206,41.83379213911206,20.0,nan,0.0,0,0,40,0,0.0,0.0,40.0
83,1,right_lane,fixed,True,0.5,40,0,22.391789654732086,0.5,11.0,4.986355098197237,63.374930802877735,43.62493080287773,19.75,nan,0.0,0,0,40,0,1.0,1.0,38.0
84,1,right_lane,fixed,True,0.5,40,0,22.643957345971565,0.0,1.0,3.166259005680331,64.03334332788558,44.03334332788558,20.0,nan,0.0,0,0,40,0,0.0,0.0,40.0
85,1,right_lane,fixed,True,0.5,40,0,20.893957345971565,0.0,7.0,4.525890946388245,61.2303317535545,41.2303317535545,20.0,nan,0.0,0,0,40,0,0.0,0.0,40.0
86,1,right_lane,fixed,True,0.5,40,0,21.393957345971554,0.0,7.5,4.1061233058571815,62.030331753554485,42.03033175355448,20.0,nan,0.0,0,0,40,0,0.0,0.0,40.0
87,1,right_lane,fixed,True,0.5,40,0,21.018957345971565,0.5,1.5,3.7808812272387513,61.178398403043936,41.42839840304394,19.75,nan,0.0,0,0,40,0,1.0,1.0,38.0
88,1,right_lane,fixed,True,0.5,40,0,22.893671888689,0.0,3.5,3.1260669278583464,64.42893978304966,44.42893978304965,20.0,nan,0.0,0,0,40,0,0.0,1.0,39.0
89,1,right_lane,fixed,True,0.5,40,0,22.643957345971565,6.5,12.5,10.274250873364508,60.7787737302849,44.02877373028489,16.75,nan,0.0,0,0,40,0,7.0,1.0,32.0
90,1,right_lane,fixed,True,0.5,40,0,20.393957345971565,1.5,15.0,7.069856181740761,59.67805540758737,40.428055407587365,19.25,nan,0.0,0,0,40,0,0.0,4.0,36.0
91,1,right_lane,fixed,True,0.5,40,0,22.143957345971565,0.0,7.0,4.253381478716619,63.230331753554516,43.23033175355451,20.0,nan,0.0,0,0,40,0,0.0,0.0,40.0
92,1,right_lane,fixed,True,0.5,40,0,22.643957345971565,5.5,0.5,7.766412511467934,61.2788940318288,44.028894031828806,17.25,nan,0.0,0,0,40,0,6.0,1.0,33.0
93,1,right_lane,fixed,True,0.5,40,0,20.518957345971565,0.0,19.0,5.443373270332813,60.6303317535545,40.63033175355451,20.0,nan,0.0,0,0,40,0,0.0,0.0,40.0
94,1,right_lane,fixed,True,0.5,40,0,21.518957345971565,0.0,17.0,4.575171451368078,62.23033175355451,42.2303317535545,20.0,nan,0.0,0,0,40,0,0.0,0.0,40.0
95,1,right_lane,fixed,True,0.5,40,0,21.768957345971565,0.0,2.5,3.530526147380442,62.62939766843071,42.62939766843073,20.0,nan,0.0,0,0,40,0,0.0,1.0,39.0
96,1,right_lane,fixed,True,0.5,40,0,21.268957345967657,0.5,2.0,4.620019152760506,61.57839910880253,41.82839910880251,19.75,nan,0.0,0,0,40,0,1.0,1.0,38.0
97,1,right_lane,fixed,True,0.5,40,0,23.643957345971565,0.0,6.0,3.499020051927573,65.62939766774726,45.629397667747256,20.0,nan,0.0,0,0,40,0,0.0,1.0,39.0
98,1,right_lane,fixed,True,0.5,40,0,22.018957345971565,0.0,6.0,3.7471774431342055,63.02939766774115,43.029397667741144,20.0,nan,0.0,0,0,40,0,0.0,1.0,39.0
99,1,right_lane,fixed,True,0.5,40,0,21.643957345971565,3.0,3.0,5.608963797807519,60.92682555126744,42.42682555126744,18.5,nan,0.0,0,0,40,0,2.0,4.0,34.0
100,1,right_lane,fixed,True,0.5,40,0,23.143957345971565,0.5,1.0,3.9527427423977315,64.5783984043415,44.8283984043415,19.75,nan,0.0,0,0,40,0,1.0,1.0,38.0
101,1,right_lane,fixed,True,0.5,40,0,23.518957345971565,13.0,3.0,16.072859063744545,58.92698519732038,45.42698519732038,13.5,nan,0.0,0,0,40,0,13.0,2.0,25.0
102,1,right_lane,fixed,True,0.5,40,0,21.768957345971565,2.0,4.0,4.934921094736637,61.629640091183326,42.629640091183326,19.0,nan,0.0,0,0,40,0,0.0,4.0,36.0
103,1,right_lane,fixed,True,0.5,40,0,21.893957345971565,0.5,5.5,5.172852206035714,62.5783991088088,42.82839910880881,19.75,nan,0.0,0,0,40,0,1.0,1.0,38.0
104,1,right_lane,fixed,True,0.5,40,0,20.518957345971565,0.0,5.5,4.560338355600834,60.629397666520454,40.629397666520454,20.0,nan,0.0,0,0,40,0,0.0,1.0,39.0
105,1,right_lane,fixed,True,0.5,40,0,22.76895239570511,8.5,1.5,11.233325954526663,59.97888579101667,44.22888579101668,15.75,nan,0.0,0,0,40,0,9.0,1.0,30.0
106,1,right_lane,fixed,True,0.5,40,0,21.268957345971565,0.0,2.0,4.095890015340046,61.830338630961734,41.83033863096173,20.0,nan,0.0,0,0,40,0,0.0,0.0,40.0
107,1,right_lane,fixed,True,0.5,40,0,24.143957345967713,13.5,1.0,16.025951909326977,59.678471045872755,46.428471045872755,13.25,nan,0.0,0,0,40,0,14.0,1.0,25.0
108,1,right_lane,fixed,True,0.5,40,0,21.768957345971053,0.5,3.5,4.197167962149251,62.3783984043453,42.628398404345305,19.75,nan,0.0,0,0,40,0,1.0,1.0,38.0
109,1,right_lane,fixed,True,0.5,40,0,22.643957345971565,0.0,3.0,3.778298616678512,64.02939832968683,44.029398329686835,20.0,nan,0.0,0,0,40,0,0.0,1.0,39.0
110,1,right_lane,fixed,True,0.5,40,0,22.518957345971565,10.0,12.0,14.030164115130901,58.82910123596239,43.82910123596239,15.0,nan,0.0,0,0,40,0,9.0,4.0,27.0
111,1,right_lane,fixed,True,0.5,40,0,21.768957345971565,26.5,2.5,26.74296785145998,49.380331753554515,42.63033175355451,6.75,nan,0.0,0,0,40,0,27.0,1.0,12.0
112,1,right_lane,fixed,True,0.5,40,0,22.643957345967134,8.5,6.5,12.651866309075558,59.7776885676499,44.02768856764991,15.75,nan,0.0,0,0,40,0,7.0,5.0,28.0
113,1,right_lane,fixed,True,0.5,40,0,21.893957345971565,0.0,13.0,4.532209160512593,62.829396514725126,42.829396514725126,20.0,nan,0.0,0,0,40,0,0.0,1.0,39.0
114,1,right_lane,fixed,True,0.5,40,0,20.518957345971565,0.0,11.0,4.942511364817619,60.629397667739944,40.629397667739944,20.0,nan,0.0,0,0,40,0,0.0,1.0,39.0
115,1,right_lane,fixed,True,0.5,40,0,21.768957345971565,0.5,5.0,4.925319748239417,62.37839910886089,42.6283991088609,19.75,nan,0.0,0,0,40,0,1.0,1.0,38.0
116,1,right_lane,fixed,True,0.5,40,0,21.518908354794824,2.0,12.0,7.14049594476819,61.229544758844,42.229544758844,19.0,nan,0.0,0,0,40,0,0.0,4.0,36.0
117,1,right_lane,fixed,True,0.5,40,0,25.518957345971494,16.0,0.5,18.003826919344647,60.6289974822914,48.62899748229141,12.0,nan,0.0,0,0,40,0,15.0,4.0,21.0
118,1,right_lane,fixed,True,0.5,40,0,22.643957345971565,15.5,7.0,18.21821239590645,56.52772259613717,44.02772259613717,12.5,nan,0.0,0,0,40,0,7.0,17.0,16.0
119,1,right_lane,fixed,True,0.5,40,0,22.018957345971565,0.0,10.5,4.186088900882169,62.7803317535545,43.030331753554506,19.75,nan,0.0,0,0,40,0,0.0,0.0,40.0
120,1,right_lane,fixed,True,0.5,40,0,22.268957345971565,0.0,1.0,3.5190633274530683,63.430331753554505,43.43033175355449,20.0,nan,0.0,0,0,40,0,0.0,0.0,40.0
121,1,right_lane,fixed,True,0.5,40,0,21.768957345971565,0.5,4.5,4.711241111814161,62.3783991088609,42.6283991088609,19.75,nan,0.0,0,0,40,0,1.0,1.0,38.0
122,1,right_lane,fixed,True,0.5,40,0,21.268957345971565,0.0,0.0,1.5785819019429255,61.8303317535545,41.830331753554496,20.0,nan,0.0,0,0,40,0,0.0,0.0,40.0
123,1,right_lane,fixed,True,0.5,40,0,22.518957345971565,3.0,4.5,6.760482485895409,62.32891743791032,43.82891743791032,18.5,nan,0.0,0,0,40,0,3.0,2.0,35.0
124,1,right_lane,fixed,True,0.5,40,0,24.39395723412167,16.0,8.0,19.522244833409786,58.82736274118549,46.82736274118549,12.0,nan,0.0,0,0,40,0,14.0,6.0,20.0
125,1,right_lane,fixed,True,0.5,40,0,22.002496438936525,0.0,4.5,3.488304898799015,63.003994457691526,43.00399445769153,20.0,nan,0.0,0,0,40,0,0.0,0.0,40.0
126,1,right_lane,fixed,True,0.5,40,0,21.018957344257622,0.0,3.5,4.186035826802254,61.453200895730006,41.45320089573,20.0,nan,0.0,0,0,40,0,0.0,0.0,40.0
127,1,right_lane,fixed,True,0.5,40,0,21.018957345971565,0.0,18.0,5.992830141070044,61.42939833206728,41.42939833206728,20.0,nan,0.0,0,0,40,0,0.0,1.0,39.0
128,1,right_lane,fixed,True,0.5,17,1,24.750487838206908,1.0,3.0,2.989661200760793,28.278399085287095,20.028399085287095,8.25,nan,0.0,0,0,17,0,1.0,1.0,15.0
129,1,right_lane,fixed,True,0.5,40,0,23.76895734594235,0.0,12.0,3.800500253633345,65.07939832963936,45.329398329639346,19.75,nan,0.0,0,0,40,0,0.0,1.0,39.0
130,1,right_lane,fixed,True,0.5,40,0,21.518957345971565,0.0,9.5,3.374348116318288,62.23033175359509,42.230331753595095,20.0,nan,0.0,0,0,40,0,0.0,0.0,40.0
131,1,right_lane,fixed,True,0.5,40,0,21.768957345971565,0.0,0.5,3.6651245277712405,62.62939832968611,42.6293983296861,20.0,nan,0.0,0,0,40,0,0.0,1.0,39.0
132,1,right_lane,fixed,True,0.5,40,0,21.250043292099726,0.0,14.5,4.251543629317894,61.799135182235744,41.79913518223574,20.0,nan,0.0,0,0,40,0,0.0,1.0,39.0
133,1,right_lane,fixed,True,0.5,40,0,21.018957345971554,0.0,2.5,4.222223980783383,61.455674969348124,41.455674969348124,20.0,nan,0.0,0,0,40,0,0.0,1.0,39.0
134,1,right_lane,fixed,True,0.5,40,0,20.393957345971565,0.0,20.0,5.031148664653301,60.43033175355452,40.43033175355452,20.0,nan,0.0,0,0,40,0,0.0,0.0,40.0
135,1,right_lane,fixed,True,0.5,40,0,21.518957345971565,0.0,15.5,4.71424856597514,62.2303317535545,42.230331753554495,20.0,nan,0.0,0,0,40,0,0.0,0.0,40.0
136,1,right_lane,fixed,True,0.5,40,0,20.768957345971565,0.0,0.5,3.1057737097144127,61.02939766774115,41.02939766774115,20.0,nan,0.0,0,0,40,0,0.0,1.0,39.0
137,1,right_lane,fixed,True,0.5,40,0,21.643957345971554,2.0,10.5,7.318792160600424,61.428688781278105,42.42868878127811,19.0,nan,0.0,0,0,40,0,0.0,5.0,35.0
138,1,right_lane,fixed,True,0.5,40,0,21.143957345971565,0.0,1.0,3.3405117993647764,61.62939766774184,41.62939766774184,20.0,nan,0.0,0,0,40,0,0.0,1.0,39.0
139,1,right_lane,fixed,True,0.5,40,0,21.893957345971565,5.5,2.0,8.449035109049419,60.07847407395942,42.828474073959434,17.25,nan,0.0,0,0,40,0,6.0,1.0,33.0
140,1,right_lane,fixed,True,0.5,18,1,20.875460768825693,0.5,9.0,3.3855127543210983,27.429397666520444,18.429397666520444,9.0,nan,0.0,0,0,18,0,0.0,1.0,17.0
141,1,right_lane,fixed,True,0.5,40,0,22.768634297606514,0.0,1.5,3.6667266815636594,63.47888145230203,43.72888145230203,19.75,nan,0.0,0,0,40,0,0.0,1.0,39.0
142,1,right_lane,fixed,True,0.5,40,0,21.643957345774943,2.5,12.0,7.704069920371921,61.179786445429094,42.429786445429094,18.75,nan,0.0,0,0,40,0,0.0,6.0,34.0
143,1,right_lane,fixed,True,0.5,40,0,21.231377104427974,0.0,3.0,4.290824938917922,61.76926928032389,41.76926928032387,20.0,nan,0.0,0,0,40,0,0.0,1.0,39.0
144,1,right_lane,fixed,True,0.5,40,0,21.143957345971565,0.0,13.5,4.488287933170795,61.85620455003645,41.85620455003646,20.0,nan,0.0,0,0,40,0,0.0,0.0,40.0
145,1,right_lane,fixed,True,0.5,40,0,22.643957345971494,5.0,11.5,9.282512929717996,61.528704849618926,44.028704849618926,17.5,nan,0.0,0,0,40,0,5.0,2.0,33.0
146,1,right_lane,fixed,True,0.5,40,0,21.143919754885687,0.0,1.0,3.7869995832443237,61.629337520783125,41.62933752078313,20.0,nan,0.0,0,0,40,0,0.0,1.0,39.0
147,1,right_lane,fixed,True,0.5,37,1,21.371845779428718,0.5,3.0,2.3371033959547276,57.329449893052235,38.82944989305223,18.5,nan,0.0,0,0,37,0,0.0,1.0,36.0
148,1,right_lane,fixed,True,0.5,40,0,21.393957345971494,7.0,6.0,11.338044148869812,57.77746013741444,41.52746013741444,16.25,nan,0.0,0,0,40,0,6.0,3.0,31.0
149,1,right_lane,fixed,True,0.5,40,0,22.143957345971565,0.0,7.5,3.8199440050811972,63.230331753554594,43.230331753554594,20.0,nan,0.0,0,0,40,0,0.0,0.0,40.0
150,1,right_lane,fixed,True,0.5,40,0,20.518957345971565,0.0,17.0,5.248805940151215,60.6303317535545,40.63033175355451,20.0,nan,0.0,0,0,40,0,0.0,0.0,40.0
151,1,right_lane,fixed,True,0.5,40,0,23.518957345971565,0.0,11.5,3.749029646253234,65.43033175355451,45.43033175355451,20.0,nan,0.0,0,0,40,0,0.0,0.0,40.0
152,1,right_lane,fixed,True,0.5,40,0,22.64395733298212,11.0,9.5,15.00070474615677,58.77838716540665,44.02838716540665,14.75,nan,0.0,0,0,40,0,9.0,5.0,26.0
153,1,right_lane,fixed,True,0.5,40,0,20.768957345971565,3.5,7.0,7.527860600501299,59.03033177152346,41.03033177152346,18.0,nan,0.0,0,0,40,0,0.0,7.0,33.0
154,1,right_lane,fixed,True,0.5,40,0,24.768957345971565,17.5,7.0,19.618593472987413,58.92837785130233,47.42837785130233,11.5,nan,0.0,0,0,40,0,16.0,4.0,20.0
155,1,right_lane,fixed,True,0.5,40,0,22.518957345971565,0.0,15.0,5.2797279252472435,63.5803317535545,43.8303317535545,19.75,nan,0.0,0,0,40,0,0.0,0.0,40.0
156,1,right_lane,fixed,True,0.5,40,0,20.268957345971565,0.0,15.5,5.394620887935162,60.22939651470176,40.22939651470176,20.0,nan,0.0,0,0,40,0,0.0,1.0,39.0
157,1,right_lane,fixed,True,0.5,40,0,22.127496439133086,0.0,12.0,4.206473568829551,63.203060216799564,43.20306021679957,20.0,nan,0.0,0,0,40,0,0.0,1.0,39.0
158,1,right_lane,fixed,True,0.5,40,0,21.143957345971565,0.0,1.0,2.866009997203946,61.653200898199245,41.653200898199245,20.0,nan,0.0,0,0,40,0,0.0,0.0,40.0
159,1,right_lane,fixed,True,0.5,40,0,20.893957345971565,0.5,2.5,4.974846787750721,60.97839840434078,41.22839840434077,19.75,nan,0.0,0,0,40,0,1.0,1.0,38.0
160,1,right_lane,fixed,True,0.5,40,0,22.643957345971565,0.5,3.0,4.7418893224441945,63.778399108860896,44.028399108860896,19.75,nan,0.0,0,0,40,0,1.0,1.0,38.0
161,1,right_lane,fixed,True,0.5,40,0,22.000000013019175,0.5,1.0,4.486492930533132,62.74806544376114,42.99806544376115,19.75,nan,0.0,0,0,40,0,1.0,1.0,38.0
162,1,right_lane,fixed,True,0.5,40,0,21.518957345971565,0.0,9.5,3.251173633821054,62.43033173546695,42.43033173546696,20.0,nan,0.0,0,0,40,0,0.0,0.0,40.0
163,1,right_lane,fixed,True,0.5,40,0,21.393957345971565,0.0,8.0,4.043079056649049,62.030331753554485,42.030331753554506,20.0,nan,0.0,0,0,40,0,0.0,0.0,40.0
164,1,right_lane,fixed,True,0.5,40,0,21.893957345971565,5.0,1.0,8.112861707806587,60.50233277762569,43.00233277762569,17.5,nan,0.0,0,0,40,0,5.0,2.0,33.0
165,1,right_lane,fixed,True,0.5,40,0,21.0189197534004,0.0,5.0,3.435568071002308,61.43027160544065,41.43027160544065,20.0,nan,0.0,0,0,40,0,0.0,0.0,40.0
166,1,right_lane,fixed,True,0.5,40,0,20.393957345971565,0.0,3.5,4.646246261894703,60.42944989389503,40.42944989389503,20.0,nan,0.0,0,0,40,0,0.0,1.0,39.0
167,1,right_lane,fixed,True,0.5,40,0,21.26895239570556,0.0,0.0,1.8355032577253496,62.00398638456922,42.003986384569224,20.0,nan,0.0,0,0,40,0,0.0,0.0,40.0
168,1,right_lane,fixed,True,0.5,32,1,23.304946682464454,0.5,4.0,3.4623380987113705,52.0303386309611,36.030338630961104,16.0,nan,0.0,0,0,32,0,0.0,0.0,32.0
169,1,right_lane,fixed,True,0.5,40,0,21.268957345971565,0.0,3.5,3.501940995743098,61.08033175355452,41.33033175355451,19.75,nan,0.0,0,0,40,0,0.0,0.0,40.0
170,1,right_lane,fixed,True,0.5,40,0,21.643957345971565,0.0,2.0,3.059256747161271,62.4303317535545,42.430331753554505,20.0,nan,0.0,0,0,40,0,0.0,0.0,40.0
171,1,right_lane,fixed,True,0.5,40,1,21.518957345971565,0.5,13.0,6.224762086430928,62.229397668430714,42.229397668430714,20.0,nan,0.0,0,0,40,0,0.0,1.0,39.0
172,1,right_lane,fixed,True,0.5,40,0,21.518957345971565,0.0,4.5,4.163719671436411,61.47939766773994,41.729397667739946,19.75,nan,0.0,0,0,40,0,0.0,1.0,39.0
173,1,right_lane,fixed,True,0.5,40,0,23.01895733298212,3.0,3.5,7.125087730380983,63.128464795364735,44.628464795364735,18.5,nan,0.0,0,0,40,0,0.0,7.0,33.0
174,1,right_lane,fixed,True,0.5,40,0,21.893957345971565,0.0,0.0,2.9947242015614393,62.83033177160074,42.830331771600754,20.0,nan,0.0,0,0,40,0,0.0,0.0,40.0
175,1,right_lane,fixed,True,0.5,40,0,23.76891480462308,0.0,2.5,3.0609440090847784,65.82932960158425,45.82932960158425,20.0,nan,0.0,0,0,40,0,0.0,1.0,39.0
176,1,right_lane,fixed,True,0.5,40,0,22.750328749382284,0.5,0.5,3.6026150481470722,63.94865175324341,44.1986517532434,19.75,nan,0.0,0,0,40,0,1.0,1.0,38.0
177,1,right_lane,fixed,True,0.5,40,0,21.393957345971565,0.0,4.0,3.692409076106742,62.40260348752939,42.40260348752938,20.0,nan,0.0,0,0,40,0,0.0,1.0,39.0
178,1,right_lane,fixed,True,0.5,40,0,21.768957345971565,7.5,5.0,11.419575735926628,58.87735329095661,42.62735329095661,16.25,nan,0.0,0,0,40,0,6.0,4.0,30.0
179,1,right_lane,fixed,True,0.5,25,1,21.6303317535545,0.5,10.5,4.491639988196766,38.92939766774183,26.429397667741824,12.5,nan,0.0,0,0,25,0,0.0,1.0,24.0
180,1,right_lane,fixed,True,0.5,20,1,26.2878167091381,11.5,1.0,12.136464569834061,28.328611081536504,24.328611081536504,4.0,nan,0.0,0,0,20,0,10.0,5.0,5.0
181,1,right_lane,fixed,True,0.5,40,0,23.26895734597156,9.0,4.5,12.332003496587276,60.02796608725586,44.527966087255855,15.5,nan,0.0,0,0,40,0,4.0,11.0,25.0
182,1,right_lane,fixed,True,0.5,40,0,22.143957345971558,0.5,2.5,4.202482788370617,62.97839910886088,43.22839910886086,19.75,nan,0.0,0,0,40,0,1.0,1.0,38.0
183,1,right_lane,fixed,True,0.5,40,0,21.268957345971565,0.0,11.0,4.5953012853860855,61.83033175355452,41.83033175355451,20.0,nan,0.0,0,0,40,0,0.0,0.0,40.0
184,1,right_lane,fixed,True,0.5,40,0,22.268957345971565,4.5,17.0,10.175647266209126,61.17820887648446,43.42820887648447,17.75,nan,0.0,0,0,40,0,2.0,6.0,32.0
185,1,right_lane,fixed,True,0.5,31,1,24.056719156092335,9.0,5.0,11.495661839273453,47.07889399254945,35.82889399254946,11.25,nan,0.0,0,0,31,0,9.0,1.0,21.0
186,1,right_lane,fixed,True,0.5,40,0,20.393957345971565,0.0,2.0,4.33589193969965,59.680331753554505,39.930331753554505,19.75,nan,0.0,0,0,40,0,0.0,0.0,40.0
187,1,right_lane,fixed,True,0.5,40,0,20.768957345971565,2.5,4.5,7.2565896436572075,59.77829478526594,41.02829478526594,18.75,nan,0.0,0,0,40,0,2.0,3.0,35.0
188,1,right_lane,fixed,True,0.5,40,0,21.393957345971565,0.0,6.0,3.8827337734401226,62.029397667741144,42.02939766774115,20.0,nan,0.0,0,0,40,0,0.0,1.0,39.0
189,1,right_lane,fixed,True,0.5,40,0,20.643957345971565,0.0,6.5,4.320844702422619,60.8303317535545,40.8303317535545,20.0,nan,0.0,0,0,40,0,0.0,0.0,40.0
190,1,right_lane,fixed,True,0.5,40,0,21.518957345971565,2.0,5.0,6.721916027367115,61.22770413384559,42.227704133845585,19.0,nan,0.0,0,0,40,0,1.0,4.0,35.0
191,1,right_lane,fixed,True,0.5,40,0,21.768957344031914,2.5,10.5,7.930762462317944,61.37768951477431,42.6276895147743,18.75,nan,0.0,0,0,40,0,1.0,5.0,34.0
192,1,right_lane,fixed,True,0.5,40,0,21.393957345971565,0.0,5.5,3.8654979262501,62.0293976704359,42.029397670435905,20.0,nan,0.0,0,0,40,0,0.0,1.0,39.0
193,1,right_lane,fixed,True,0.5,40,0,21.393957345971565,0.0,2.0,3.4022340218812133,62.0293983296861,42.029398329686096,20.0,nan,0.0,0,0,40,0,0.0,1.0,39.0
194,1,right_lane,fixed,True,0.5,20,1,22.037914691943108,0.5,8.0,4.04466999322176,31.4293976684307,21.4293976684307,10.0,nan,0.0,0,0,20,0,0.0,1.0,19.0
195,1,right_lane,fixed,True,0.5,40,0,23.768957345971565,6.0,0.5,7.774461599561619,62.077477384861595,45.32747738486159,16.75,nan,0.0,0,0,40,0,4.0,4.0,32.0
196,1,right_lane,fixed,True,0.5,40,0,22.768957344482818,0.0,8.5,3.704136304375652,64.22939832730411,44.22939832730412,20.0,nan,0.0,0,0,40,0,0.0,1.0,39.0
197,1,right_lane,fixed,True,0.5,40,0,21.018957345971565,0.5,1.0,5.260501606477192,61.1783991109292,41.428399110929206,19.75,nan,0.0,0,0,40,0,1.0,1.0,38.0
198,1,right_lane,fixed,True,0.5,40,0,21.268957345971565,0.0,8.0,4.48451341688633,61.82939832968611,41.8293983296861,20.0,nan,0.0,0,0,40,0,0.0,1.0,39.0
199,1,right_lane,fixed,True,0.5,40,0,23.768957345971565,10.5,2.0,13.084867574647433,60.5788939924599,45.8288939924599,14.75,nan,0.0,0,0,40,0,11.0,1.0,28.0
200,1,right_lane,fixed,True,0.5,40,0,20.268957345971565,0.0,14.0,5.009309411048889,60.2303317535545,40.2303317535545,20.0,nan,0.0,0,0,40,0,0.0,0.0,40.0
201,1,right_lane,fixed,True,0.5,40,0,20.768957345971565,0.5,7.0,3.6519478354075545,60.778398404339505,41.0283984043395,19.75,nan,0.0,0,0,40,0,1.0,1.0,38.0
202,1,right_lane,fixed,True,0.5,40,0,22.143957345971565,0.0,15.0,4.305214305670233,63.230331753554495,43.2303317535545,20.0,nan,0.0,0,0,40,0,0.0,0.0,40.0
203,1,right_lane,fixed,True,0.5,40,0,20.518957344286836,0.0,4.5,2.6380844849645655,60.629396512006196,40.629396512006196,20.0,nan,0.0,0,0,40,0,0.0,1.0,39.0
204,1,right_lane,fixed,True,0.5,40,0,23.643957260100045,0.0,2.0,3.3464847602590453,65.63033161850066,45.630331618500676,20.0,nan,0.0,0,0,40,0,0.0,0.0,40.0
205,1,right_lane,fixed,True,0.5,40,0,25.893957345971558,23.0,7.0,24.911639839410782,57.72699947318083,49.22699947318085,8.5,nan,0.0,0,0,40,0,23.0,2.0,15.0
206,1,right_lane,fixed,True,0.5,40,0,21.26859175625804,0.0,2.0,2.4152718570703655,61.82881272419952,41.828812724199516,20.0,nan,0.0,0,0,40,0,0.0,1.0,39.0
207,1,right_lane,fixed,True,0.5,40,0,23.143957345971565,0.5,10.0,4.938846393348285,64.57890631901275,44.82890631901275,19.75,nan,0.0,0,0,40,0,1.0,1.0,38.0
208,1,right_lane,fixed,True,0.5,40,0,20.393957345971565,0.0,3.5,4.253891721367836,60.430331753554505,40.430331753554505,20.0,nan,0.0,0,0,40,0,0.0,0.0,40.0
209,1,right_lane,fixed,True,0.5,40,0,24.018957345971565,5.5,1.5,8.87449431469463,63.47891545378966,46.22891545378966,17.25,nan,0.0,0,0,40,0,5.0,3.0,32.0
210,1,right_lane,fixed,True,0.5,40,0,20.643957345971565,3.0,1.0,7.166669875383377,59.32803317124173,40.828033171241735,18.5,nan,0.0,0,0,40,0,3.0,2.0,35.0
211,1,right_lane,fixed,True,0.5,40,0,21.893957345971565,7.5,2.0,10.687732102436712,59.07827991546151,42.82827991546151,16.25,nan,0.0,0,0,40,0,7.0,3.0,30.0
212,1,right_lane,fixed,True,0.5,40,0,21.268957345971565,0.0,1.0,3.6817211563920864,61.8303317535545,41.83033175355451,20.0,nan,0.0,0,0,40,0,0.0,0.0,40.0
213,1,right_lane,fixed,True,0.5,40,0,21.018957345971565,0.0,11.0,4.563530474901199,61.4303317535545,41.430331753554505,20.0,nan,0.0,0,0,40,0,0.0,0.0,40.0
214,1,right_lane,fixed,True,0.5,40,0,23.143909103635565,0.0,3.5,3.375850039095667,64.82932114194853,44.82932114194851,20.0,nan,0.0,0,0,40,0,0.0,1.0,39.0
215,1,right_lane,fixed,True,0.5,40,0,21.268957345971565,3.5,0.0,7.147861923120217,60.07844329764628,41.82844329764628,18.25,nan,0.0,0,0,40,0,4.0,1.0,35.0
216,1,right_lane,fixed,True,0.5,40,0,22.893957345971565,5.5,3.0,8.789747022561642,61.67837714984898,44.42837714984897,17.25,nan,0.0,0,0,40,0,6.0,1.0,33.0
217,1,right_lane,fixed,True,0.5,40,0,20.268957345971565,0.0,2.5,1.2245267090020207,60.2303317535545,40.2303317535545,20.0,nan,0.0,0,0,40,0,0.0,0.0,40.0
218,1,right_lane,fixed,True,0.5,40,0,21.76895668109524,0.5,1.5,4.453913874924183,62.37839734053865,42.62839734053866,19.75,nan,0.0,0,0,40,0,1.0,1.0,38.0
219,1,right_lane,fixed,True,0.5,40,0,21.018957345971565,0.0,5.0,2.526211690674245,61.43033267726745,41.43033267726746,20.0,nan,0.0,0,0,40,0,0.0,0.0,40.0
220,1,right_lane,fixed,True,0.5,40,0,21.768957345967713,0.5,4.0,4.9410630931988635,62.37839840433461,42.62839840433462,19.75,nan,0.0,0,0,40,0,1.0,1.0,38.0
221,1,right_lane,fixed,True,0.5,40,0,23.393957345941327,1.5,6.0,5.517634333529486,64.47963748345994,45.22963748345994,19.25,nan,0.0,0,0,40,0,0.0,3.0,37.0
222,1,right_lane,fixed,True,0.5,40,0,22.643919669043452,0.0,7.5,3.6275024418177964,64.03027147051152,44.030271470511536,20.0,nan,0.0,0,0,40,0,0.0,0.0,40.0
223,1,right_lane,fixed,True,0.5,40,0,23.018957345971565,12.0,0.0,12.411028485468705,58.62775733986746,44.62775733986745,14.0,nan,0.0,0,0,40,0,11.0,3.0,26.0
224,1,right_lane,fixed,True,0.5,40,0,20.518957345971565,0.0,4.0,4.525396399199963,60.629397666520454,40.62939766652045,20.0,nan,0.0,0,0,40,0,0.0,1.0,39.0
225,1,right_lane,fixed,True,0.5,40,0,21.643957345971565,0.0,0.5,3.9331392258764026,62.42939832968611,42.4293983296861,20.0,nan,0.0,0,0,40,0,0.0,1.0,39.0
226,1,right_lane,fixed,True,0.5,40,0,21.268957345971565,0.0,2.5,4.191119901835918,61.8303317535545,41.83033175355451,20.0,nan,0.0,0,0,40,0,0.0,0.0,40.0
227,1,right_lane,fixed,True,0.5,40,0,23.2496777023862,1.5,2.0,4.664969724528419,64.24827318095188,44.998273180951884,19.25,nan,0.0,0,0,40,0,0.0,3.0,37.0
228,1,right_lane,fixed,True,0.5,40,0,20.768957345971565,0.0,4.0,3.89841503273783,61.22984543594864,41.22984543594863,20.0,nan,0.0,0,0,40,0,0.0,1.0,39.0
229,1,right_lane,fixed,True,0.5,40,0,21.018957345971565,0.0,0.5,3.6901564684887944,61.43033175355449,41.43033175355449,20.0,nan,0.0,0,0,40,0,0.0,0.0,40.0
230,1,right_lane,fixed,True,0.5,40,0,22.268957345971565,10.0,3.0,12.688300740763225,58.42752256249494,43.42752256249494,15.0,nan,0.0,0,0,40,0,8.0,5.0,27.0
231,1,right_lane,fixed,True,0.5,40,0,21.518957345971565,0.0,0.5,3.3624095831263503,62.229398329686106,42.229398329686106,20.0,nan,0.0,0,0,40,0,0.0,1.0,39.0
232,1,right_lane,fixed,True,0.5,40,0,20.393957345971565,0.0,5.0,4.6497450694441795,60.429397666520444,40.429397666520444,20.0,nan,0.0,0,0,40,0,0.0,1.0,39.0
233,1,right_lane,fixed,True,0.5,40,0,21.39395723434353,3.0,12.5,8.292743872851133,60.52770395398522,42.02770395398522,18.5,nan,0.0,0,0,40,0,2.0,4.0,34.0
234,1,right_lane,fixed,True,0.5,40,0,22.143957345971565,3.5,3.0,6.311718221411866,61.47889444654839,43.22889444654839,18.25,nan,0.0,0,0,40,0,4.0,1.0,35.0
235,1,right_lane,fixed,True,0.5,40,0,22.643957345971565,3.0,2.0,4.204470307950942,62.5289174379109,44.028917437910906,18.5,nan,0.0,0,0,40,0,3.0,2.0,35.0
236,1,right_lane,fixed,True,0.5,40,0,21.268957345971565,0.0,6.5,4.012703319283901,61.8303317535545,41.83033175355451,20.0,nan,0.0,0,0,40,0,0.0,0.0,40.0
237,1,right_lane,fixed,True,0.5,40,0,20.518957345971565,3.0,1.0,4.112508743325634,59.12893574585144,40.62893574585144,18.5,nan,0.0,0,0,40,0,2.0,4.0,34.0
238,1,right_lane,fixed,True,0.5,17,1,27.103413868713115,15.0,0.0,14.920184403657913,23.128904811666946,21.628904811666942,1.5,nan,0.0,0,0,17,0,13.0,4.0,0.0
239,1,right_lane,fixed,True,0.5,40,0,22.768957345971565,0.0,12.0,4.225895701159914,63.229398329686106,43.729398329686106,19.5,nan,0.0,0,0,40,0,0.0,1.0,39.0
240,1,right_lane,fixed,True,0.5,40,0,21.76895734597155,2.0,5.0,5.9107228964567184,61.62962286709146,42.62962286709147,19.0,nan,0.0,0,0,40,0,0.0,4.0,36.0
241,1,right_lane,fixed,True,0.5,40,0,22.893951657973492,0.0,0.0,2.1139914434142497,64.4303226527576,44.43032265275761,20.0,nan,0.0,0,0,40,0,0.0,0.0,40.0
242,1,right_lane,fixed,True,0.5,40,0,22.141132170701137,2.0,9.0,6.725262580853723,62.22417668081927,43.22417668081927,19.0,nan,0.0,0,0,40,0,0.0,5.0,35.0
243,1,right_lane,fixed,True,0.5,40,0,22.143957345971565,0.0,0.5,2.9031621220419765,63.23425677072033,43.234256770720336,20.0,nan,0.0,0,0,40,0,0.0,0.0,40.0
244,1,right_lane,fixed,True,0.5,40,0,23.143957345971565,8.0,7.0,12.275445160732488,60.828707454907025,44.828707454907025,16.0,nan,0.0,0,0,40,0,6.0,6.0,28.0
245,1,right_lane,fixed,True,0.5,40,0,23.143957345971565,0.5,1.0,4.4700263521899615,64.57839840304875,44.828398403048745,19.75,nan,0.0,0,0,40,0,1.0,1.0,38.0
246,1,right_lane,fixed,True,0.5,40,0,22.893957345971565,3.0,3.0,6.309209401631961,62.92891743791032,44.42891743791033,18.5,nan,0.0,0,0,40,0,3.0,2.0,35.0
247,1,right_lane,fixed,True,0.5,40,0,21.518957345971565,0.0,0.0,2.751726975913698,62.40399430499484,42.40399430499484,20.0,nan,0.0,0,0,40,0,0.0,0.0,40.0
248,1,right_lane,fixed,True,0.5,40,0,21.25249644062177,5.0,9.5,9.584012072068617,59.552060955779815,41.80206095577982,17.75,nan,0.0,0,0,40,0,1.0,9.0,30.0
249,1,right_lane,fixed,True,0.5,40,0,20.518956596934782,0.0,15.5,5.16688197106123,60.750524800552824,41.00052480055282,19.75,nan,0.0,0,0,40,0,0.0,0.0,40.0
250,1,right_lane,fixed,True,0.5,40,0,20.643957345971565,0.0,3.5,3.8827310651540756,60.83033279419161,40.83033279419162,20.0,nan,0.0,0,0,40,0,0.0,0.0,40.0
251,1,right_lane,fixed,True,0.5,40,0,20.518957345971565,0.0,6.5,4.209079686552286,60.6303317535545,40.63033175355451,20.0,nan,0.0,0,0,40,0,0.0,0.0,40.0
252,1,right_lane,fixed,True,0.5,40,0,20.393957345971558,0.0,10.0,5.09320905059576,60.42939651470176,40.42939651470176,20.0,nan,0.0,0,0,40,0,0.0,1.0,39.0
253,1,right_lane,fixed,True,0.5,40,0,21.393957345971554,2.5,7.0,7.050578780472279,60.77829478526594,42.02829478526594,18.75,nan,0.0,0,0,40,0,2.0,3.0,35.0
254,1,right_lane,fixed,True,0.5,40,0,22.518957345716643,1.5,6.0,6.098189704722245,63.078703396880094,43.828703396880094,19.25,nan,0.0,0,0,40,0,0.0,4.0,36.0
255,1,right_lane,fixed,True,0.5,40,0,22.393919754659983,0.0,2.0,3.3934333284882996,63.62933818394174,43.629338183941734,20.0,nan,0.0,0,0,40,0,0.0,1.0,39.0
256,1,right_lane,fixed,True,0.5,40,0,20.393957345971565,0.0,7.0,5.412843465805054,60.429449892145094,40.429449892145094,20.0,nan,0.0,0,0,40,0,0.0,1.0,39.0
257,1,right_lane,fixed,True,0.5,40,0,22.518957345971565,15.5,8.0,18.78308490291238,56.078988490941654,43.828988490941654,12.25,nan,0.0,0,0,40,0,12.0,9.0,19.0
258,1,right_lane,fixed,True,0.5,40,0,22.268957345971565,12.5,5.5,15.533590279519558,57.18025352099595,43.43025352099595,13.75,nan,0.0,0,0,40,0,13.0,1.0,26.0
259,1,right_lane,fixed,True,0.5,20,1,22.537914691883532,0.5,4.5,2.741495042853785,31.829396514671295,21.829396514671295,10.0,nan,0.0,0,0,20,0,0.0,1.0,19.0
260,1,right_lane,fixed,True,0.5,40,0,21.143914066891014,0.0,5.5,2.7953554083387644,60.87932842121107,41.12932842121107,19.75,nan,0.0,0,0,40,0,0.0,1.0,39.0
261,1,right_lane,fixed,True,0.5,40,0,23.0189141527362,7.5,5.5,9.827942167044966,60.88031878982316,44.630318789823164,16.25,nan,0.0,0,0,40,0,0.0,15.0,25.0
262,1,right_lane,fixed,True,0.5,40,0,22.518919754889087,0.0,6.0,3.3029720392878517,63.8303316162022,43.83033161620221,20.0,nan,0.0,0,0,40,0,0.0,0.0,40.0
263,1,right_lane,fixed,True,0.5,40,0,20.89395734428684,0.0,0.5,3.1898327246308327,61.22944989035194,41.22944989035194,20.0,nan,0.0,0,0,40,0,0.0,1.0,39.0
264,1,right_lane,fixed,True,0.5,40,0,22.393957345971565,1.5,5.0,5.6419484064063,62.87962865674827,43.62962865674826,19.25,nan,0.0,0,0,40,0,0.0,3.0,37.0
265,1,right_lane,fixed,True,0.5,40,0,21.393957345971565,0.0,6.0,4.387032988906867,62.029397667741826,42.029397667741826,20.0,nan,0.0,0,0,40,0,0.0,1.0,39.0
266,1,right_lane,fixed,True,0.5,40,0,21.768957345749705,0.5,3.0,4.2149642797314755,62.37839910850591,42.62839910850592,19.75,nan,0.0,0,0,40,0,1.0,1.0,38.0
267,1,right_lane,fixed,True,0.5,40,0,21.268957345971565,0.0,3.5,3.5474032441525196,61.82939832999433,41.82939832999433,20.0,nan,0.0,0,0,40,0,0.0,1.0,39.0
268,1,right_lane,fixed,True,0.5,40,0,21.893957345971565,0.0,11.0,4.285323533718838,62.8303317535545,42.830331753554496,20.0,nan,0.0,0,0,40,0,0.0,0.0,40.0
269,1,right_lane,fixed,True,0.5,40,0,22.64395164495432,0.0,1.0,2.912621791241918,64.0303226319269,44.0303226319269,20.0,nan,0.0,0,0,40,0,0.0,0.0,40.0
270,1,right_lane,fixed,True,0.5,14,1,21.482735274119527,0.5,4.0,2.1594299860298634,21.63033967393254,14.630339673932541,7.0,nan,0.0,0,0,14,0,0.0,0.0,14.0
271,1,right_lane,fixed,True,0.5,40,0,21.768957345971565,0.0,0.0,2.4726886656699207,61.8803317535545,42.1303317535545,19.75,nan,0.0,0,0,40,0,0.0,0.0,40.0
272,1,right_lane,fixed,True,0.5,40,0,22.268957345971565,6.0,1.0,9.323024719953537,60.4289151973289,43.428915197328905,17.0,nan,0.0,0,0,40,0,6.0,2.0,32.0
273,1,right_lane,fixed,True,0.5,40,0,21.643957345971565,0.0,5.0,4.19459273960274,62.43033175355452,42.43033175355451,20.0,nan,0.0,0,0,40,0,0.0,0.0,40.0
274,1,right_lane,fixed,True,0.5,40,0,21.018957345971565,0.0,4.0,3.437145099043846,61.4303317535545,41.430331753554505,20.0,nan,0.0,0,0,40,0,0.0,0.0,40.0
275,1,right_lane,fixed,True,0.5,40,0,21.6439573459385,0.0,1.5,3.6545964619981532,62.43033175350159,42.4303317535016,20.0,nan,0.0,0,0,40,0,0.0,0.0,40.0
276,1,right_lane,fixed,True,0.5,40,0,21.14395734426102,0.0,3.5,3.5334402014068473,61.62939766505022,41.62939766505021,20.0,nan,0.0,0,0,40,0,0.0,1.0,39.0
277,1,right_lane,fixed,True,0.5,40,0,21.643957345971565,0.0,1.0,3.205909980184515,62.43033175593096,42.430331755930965,20.0,nan,0.0,0,0,40,0,0.0,0.0,40.0
278,1,right_lane,fixed,True,0.5,40,0,20.768957345971565,0.0,11.0,4.313260056078434,61.030331753554506,41.030331753554506,20.0,nan,0.0,0,0,40,0,0.0,0.0,40.0
279,1,right_lane,fixed,True,0.5,40,0,21.893957345971565,5.5,1.0,8.523307619161642,60.07847407576699,42.828474075766984,17.25,nan,0.0,0,0,40,0,6.0,1.0,33.0
280,1,right_lane,fixed,True,0.5,40,0,22.393957345971565,12.5,1.5,14.689544670283794,57.37798333205186,43.62798333205186,13.75,nan,0.0,0,0,40,0,10.0,6.0,24.0
281,1,right_lane,fixed,True,0.5,40,0,21.268957345971565,2.0,14.5,7.211345473304391,60.82937986121066,41.82937986121066,19.0,nan,0.0,0,0,40,0,0.0,4.0,36.0
282,1,right_lane,fixed,True,0.5,40,0,22.393957345971565,5.5,2.5,9.21458062591546,60.87867172927283,43.62867172927284,17.25,nan,0.0,0,0,40,0,5.0,3.0,32.0
283,1,right_lane,fixed,True,0.5,40,0,21.393957345971565,0.0,10.0,4.672395861618497,62.02939766843072,42.029397668430725,20.0,nan,0.0,0,0,40,0,0.0,1.0,39.0
284,1,right_lane,fixed,True,0.5,40,0,21.393957344286836,0.0,2.0,4.052140776067972,62.02939832699052,42.029398326990524,20.0,nan,0.0,0,0,40,0,0.0,1.0,39.0
285,1,right_lane,fixed,True,0.5,30,1,24.358609794628748,15.0,8.0,16.974760800600052,42.77847104817617,35.02847104817618,7.75,nan,0.0,0,0,30,0,15.0,1.0,14.0
286,1,right_lane,fixed,True,0.5,40,0,22.39391975488909,5.5,8.5,9.533257507289818,60.128413930035016,43.128413930035016,17.0,nan,0.0,0,0,40,0,6.0,1.0,33.0
287,1,right_lane,fixed,True,0.5,17,1,24.75048786830902,9.0,4.5,10.267615959048271,24.27781702963202,20.02781702963202,4.25,nan,0.0,0,0,17,0,7.0,4.0,6.0
288,1,right_lane,fixed,True,0.5,40,0,22.768957345971565,0.0,5.5,3.3963828079140512,63.48033175355449,43.7303317535545,19.75,nan,0.0,0,0,40,0,0.0,0.0,40.0
289,1,right_lane,fixed,True,0.5,28,1,22.705653351382363,2.0,2.5,4.493957113838405,44.078461888562366,30.828461888562366,13.25,nan,0.0,0,0,28,0,0.0,4.0,24.0
290,1,right_lane,fixed,True,0.5,40,0,20.768957345971565,0.0,10.5,4.401855040341616,60.28033175355451,40.530331753554506,19.75,nan,0.0,0,0,40,0,0.0,0.0,40.0
291,1,right_lane,fixed,True,0.5,40,0,23.893957345971565,6.5,0.0,9.387007776647806,62.77680585398792,46.02680585398791,16.75,nan,0.0,0,0,40,0,5.0,4.0,31.0
292,1,right_lane,fixed,True,0.5,40,0,23.893957345971565,13.5,1.0,15.331145138812644,59.27847104583576,46.02847104583576,13.25,nan,0.0,0,0,40,0,14.0,1.0,25.0
293,1,right_lane,fixed,True,0.5,40,0,20.893957345971565,0.0,1.0,1.123344421992897,61.230331753554495,41.23033175355451,20.0,nan,0.0,0,0,40,0,0.0,0.0,40.0
294,1,right_lane,fixed,True,0.5,40,0,20.143957345971565,0.0,19.0,6.1512883603572845,60.030331753554506,40.0303317535545,20.0,nan,0.0,0,0,40,0,0.0,0.0,40.0
295,1,right_lane,fixed,True,0.5,40,0,22.893957345971565,22.5,0.5,24.483934588730335,53.17839754993746,44.42839754993744,8.75,nan,0.0,0,0,40,0,23.0,1.0,16.0
296,1,right_lane,fixed,True,0.5,40,0,24.518951657973492,0.0,0.0,2.4126453412577575,67.03032265275758,47.0303226527576,20.0,nan,0.0,0,0,40,0,0.0,0.0,40.0
297,1,right_lane,fixed,True,0.5,40,0,22.268957345971565,0.0,0.0,3.734600176816002,63.429406232024164,43.429406232024164,20.0,nan,0.0,0,0,40,0,0.0,1.0,39.0
298,1,right_lane,fixed,True,0.5,40,0,24.768957345971565,9.0,0.0,10.762255869507953,62.92727583027624,47.42727583027624,15.5,nan,0.0,0,0,40,0,8.0,4.0,28.0
299,1,right_lane,fixed,True,0.5,40,0,21.518957345967646,0.0,2.5,3.2330761115235873,62.23033175354824,42.230331753548235,20.0,nan,0.0,0,0,40,0,0.0,0.0,40.0
300,1,right_lane,fixed,True,0.5,40,0,20.518957345971565,0.0,11.5,5.4014198035001755,60.63033175355994,40.63033175355994,20.0,nan,0.0,0,0,40,0,0.0,0.0,40.0
301,1,right_lane,fixed,True,0.5,40,0,20.768957345971565,0.0,5.0,4.037880040705204,61.030331753554506,41.030331753554506,20.0,nan,0.0,0,0,40,0,0.0,0.0,40.0
302,1,right_lane,fixed,True,0.5,40,0,20.393957345971565,0.0,16.5,5.1586722657084465,60.429397666520444,40.429397666520444,20.0,nan,0.0,0,0,40,0,0.0,1.0,39.0
303,1,right_lane,fixed,True,0.5,40,0,22.018957345971565,0.5,2.0,4.8027997831086395,62.778398405073304,43.028398405073304,19.75,nan,0.0,0,0,40,0,1.0,1.0,38.0
304,1,right_lane,fixed,True,0.5,40,0,21.00249644062177,39.5,0.0,39.10070550441742,41.90399430499483,41.40399430499483,0.5,nan,0.0,0,0,40,0,40.0,0.0,0.0
305,1,right_lane,fixed,True,0.5,40,0,23.377458834839302,5.5,2.0,8.616717317100893,62.39789116443974,45.39789116443974,17.0,nan,0.0,0,0,40,0,5.0,3.0,32.0
306,1,right_lane,fixed,True,0.5,13,1,21.212176449051793,0.5,6.5,2.899670571088791,19.95231905477843,13.452319054778433,6.5,nan,0.0,0,0,13,0,0.0,1.0,12.0
307,1,right_lane,fixed,True,0.5,40,0,21.643957345971565,0.0,5.0,4.36144639239069,61.679397667741824,41.929397667741824,19.75,nan,0.0,0,0,40,0,0.0,1.0,39.0
308,1,right_lane,fixed,True,0.5,40,0,20.893957345971565,0.0,3.0,4.680946357548237,61.229397667741154,41.22939766774115,20.0,nan,0.0,0,0,40,0,0.0,1.0,39.0
309,1,right_lane,fixed,True,0.5,40,0,22.768957345971565,5.5,0.0,8.04521183623001,61.47847118944515,44.22847118944516,17.25,nan,0.0,0,0,40,0,6.0,1.0,33.0
310,1,right_lane,fixed,True,0.5,40,0,23.268957345971565,10.5,1.5,12.916105628326477,59.77847393220931,45.02847393220931,14.75,nan,0.0,0,0,40,0,11.0,1.0,28.0
311,1,right_lane,fixed,True,0.5,40,0,23.268957234313866,0.5,2.0,4.02534407388066,64.77839822568917,45.02839822568917,19.75,nan,0.0,0,0,40,0,1.0,1.0,38.0
312,1,right_lane,fixed,True,0.5,40,0,24.76895723431381,0.0,0.0,2.507114542797467,67.6039942814685,47.6039942814685,20.0,nan,0.0,0,0,40,0,0.0,0.0,40.0
313,1,right_lane,fixed,True,0.5,40,0,23.51891395694771,0.0,1.5,3.0887041102323565,65.43026248624251,45.430262486242505,20.0,nan,0.0,0,0,40,0,0.0,0.0,40.0
314,1,right_lane,fixed,True,0.5,40,0,21.018957345971565,0.5,1.0,4.3291130773723125,61.178457456873666,41.428457456873666,19.75,nan,0.0,0,0,40,0,1.0,1.0,38.0
315,1,right_lane,fixed,True,0.5,40,0,20.393957345971565,0.0,5.5,4.682810343801975,60.430331753554505,40.430331753554505,20.0,nan,0.0,0,0,40,0,0.0,0.0,40.0
316,1,right_lane,fixed,True,0.5,40,0,21.268957235803004,0.0,2.5,3.564394071922834,61.8303315772848,41.8303315772848,20.0,nan,0.0,0,0,40,0,0.0,0.0,40.0
317,1,right_lane,fixed,True,0.5,40,0,21.018957345971565,0.5,11.0,5.284893664527772,61.178398557396726,41.428398557396726,19.75,nan,0.0,0,0,40,0,1.0,1.0,38.0
318,1,right_lane,fixed,True,0.5,40,0,21.768957345971565,0.0,0.0,3.089100274415614,62.6303317535545,42.63033175355451,20.0,nan,0.0,0,0,40,0,0.0,0.0,40.0
319,1,right_lane,fixed,True,0.5,40,0,20.893957345971565,0.0,2.5,3.724633505679776,61.22939766773996,41.229397667739946,20.0,nan,0.0,0,0,40,0,0.0,1.0,39.0
320,1,right_lane,fixed,True,0.5,40,0,21.018957345971565,0.0,18.0,5.2028529569506645,61.42939832963659,41.429398329636605,20.0,nan,0.0,0,0,40,0,0.0,1.0,39.0
321,1,right_lane,fixed,True,0.5,40,0,22.393957345971565,0.0,11.0,3.5882195867488917,63.630331753554486,43.6303317535545,20.0,nan,0.0,0,0,40,0,0.0,0.0,40.0
322,1,right_lane,fixed,True,0.5,40,0,21.643957345971565,2.5,12.0,7.440240111500316,61.17898849723316,42.42898849723316,18.75,nan,0.0,0,0,40,0,0.0,6.0,34.0
323,1,right_lane,fixed,True,0.5,40,0,22.518957331493432,3.0,12.0,7.762672767161803,62.32805181085918,43.82805181085918,18.5,nan,0.0,0,0,40,0,0.0,7.0,33.0
324,1,right_lane,fixed,True,0.5,40,0,21.268957345971565,0.0,1.0,3.7480307354826436,61.83033177366897,41.83033177366897,20.0,nan,0.0,0,0,40,0,0.0,0.0,40.0
325,1,right_lane,fixed,True,0.5,40,0,20.393957345971565,0.0,20.0,6.199293062090874,60.430331753554505,40.430331753554505,20.0,nan,0.0,0,0,40,0,0.0,0.0,40.0
326,1,right_lane,fixed,True,0.5,40,0,20.393957345971565,0.0,3.5,4.446751832962036,60.430331753554505,40.430331753554505,20.0,nan,0.0,0,0,40,0,0.0,0.0,40.0
327,1,right_lane,fixed,True,0.5,40,0,21.643957345971565,0.0,1.0,3.4450349676762926,62.43033175355449,42.4303317535545,20.0,nan,0.0,0,0,40,0,0.0,0.0,40.0
328,1,right_lane,fixed,True,0.5,13,1,23.13525106221637,2.5,0.5,3.223108630479146,19.678397203138786,14.428397203138784,5.25,nan,0.0,0,0,13,0,3.0,1.0,9.0
329,1,right_lane,fixed,True,0.5,40,0,25.26895154780493,9.0,1.0,11.768554129280574,63.22868059872518,47.72868059872517,15.5,nan,0.0,0,0,40,0,7.0,6.0,27.0
330,1,right_lane,fixed,True,0.5,40,0,21.268957345971565,0.0,1.0,2.5422447672749513,61.8303398089498,41.8303398089498,20.0,nan,0.0,0,0,40,0,0.0,0.0,40.0
331,1,right_lane,fixed,True,0.5,40,0,22.768951646668775,3.5,2.5,7.2507910447857284,62.478885172578906,44.22888517257891,18.25,nan,0.0,0,0,40,0,4.0,1.0,35.0
332,1,right_lane,fixed,True,0.5,40,0,21.75249644062177,11.0,5.5,14.480441398918629,57.60171692843024,42.60171692843025,15.0,nan,0.0,0,0,40,0,9.0,4.0,27.0
333,1,right_lane,fixed,True,0.5,40,0,21.016461004214154,0.0,2.5,4.041251435875893,61.12101745734716,41.62101745734716,19.5,nan,0.0,0,0,40,0,0.0,1.0,39.0
334,1,right_lane,fixed,True,0.5,40,0,22.39395734597156,0.0,4.5,2.2125197946334083,63.63286649831698,43.63286649831697,20.0,nan,0.0,0,0,40,0,0.0,1.0,39.0
335,1,right_lane,fixed,True,0.5,12,1,26.313027842947736,5.5,2.0,6.741047993302345,18.328837062452685,14.828837062452685,3.5,nan,0.0,0,0,12,0,5.0,2.0,5.0
336,1,right_lane,fixed,True,0.5,40,0,21.143957345971494,0.0,10.0,4.160020014851625,60.88033175355441,41.13033175355441,19.75,nan,0.0,0,0,40,0,0.0,0.0,40.0
337,1,right_lane,fixed,True,0.5,40,0,21.268957345971565,0.0,12.5,4.902385086403228,61.830331753554596,41.830331753554596,20.0,nan,0.0,0,0,40,0,0.0,0.0,40.0
338,1,right_lane,fixed,True,0.5,40,0,22.893957345971565,8.5,4.5,11.851872540839395,60.1784739307257,44.42847393072572,15.75,nan,0.0,0,0,40,0,9.0,1.0,30.0
339,1,right_lane,fixed,True,0.5,40,0,21.143957260122527,0.0,9.5,3.9822028091966786,61.62939637734329,41.6293963773433,20.0,nan,0.0,0,0,40,0,0.0,1.0,39.0
340,1,right_lane,fixed,True,0.5,40,0,20.518957345971565,0.5,10.0,5.706974245607853,60.37839852231403,40.62839852231403,19.75,nan,0.0,0,0,40,0,1.0,1.0,38.0
341,1,right_lane,fixed,True,0.5,40,0,20.877496440621265,10.0,8.0,14.523971319198608,56.202193842014324,41.20219384201432,15.0,nan,0.0,0,0,40,0,5.0,12.0,23.0
342,1,right_lane,fixed,True,0.5,21,1,22.655156849469627,0.0,1.0,1.6269343157373441,33.72593002370358,23.225930023703583,10.5,nan,0.0,0,0,21,0,0.0,1.0,20.0
343,1,right_lane,fixed,True,0.5,40,0,20.768957345971565,0.0,18.5,4.7979476691252785,60.5303317535545,40.530331753554506,20.0,nan,0.0,0,0,40,0,0.0,0.0,40.0
344,1,right_lane,fixed,True,0.5,40,0,21.018957345971558,0.0,7.0,4.282748606055975,61.4303317535545,41.4303317535545,20.0,nan,0.0,0,0,40,0,0.0,0.0,40.0
345,1,right_lane,fixed,True,0.5,40,0,21.643957345971565,0.0,8.0,3.4179519994600014,62.42939832968611,42.42939832968611,20.0,nan,0.0,0,0,40,0,0.0,1.0,39.0
346,1,right_lane,fixed,True,0.5,40,0,21.01895734425377,2.0,18.0,8.464010871946812,60.42844461835749,41.42844461835749,19.0,nan,0.0,0,0,40,0,0.0,5.0,35.0
347,1,right_lane,fixed,True,0.5,40,0,24.268957345971565,17.5,1.0,19.923066072165966,57.87827991342463,46.62827991342462,11.25,nan,0.0,0,0,40,0,17.0,3.0,20.0
348,1,right_lane,fixed,True,0.5,40,0,20.518957345971565,0.0,11.0,4.440080672502518,60.80399430499483,40.80399430499483,20.0,nan,0.0,0,0,40,0,0.0,0.0,40.0
349,1,right_lane,fixed,True,0.5,40,0,21.518957345971565,2.0,4.0,6.784421605576426,61.228444595484724,42.228444595484724,19.0,nan,0.0,0,0,40,0,0.0,5.0,35.0
350,1,right_lane,fixed,True,0.5,40,0,22.268957345971565,0.5,6.5,4.785506481013726,63.178399108860894,43.4283991088609,19.75,nan,0.0,0,0,40,0,1.0,1.0,38.0
351,1,right_lane,fixed,True,0.5,40,0,21.518956692178097,0.0,2.0,3.1872201256287553,62.22939662167161,42.229396621671604,20.0,nan,0.0,0,0,40,0,0.0,1.0,39.0
352,1,right_lane,fixed,True,0.5,40,0,23.893957345971565,14.5,0.5,17.22446036338806,58.77837805054527,46.02837805054527,12.75,nan,0.0,0,0,40,0,15.0,1.0,24.0
353,1,right_lane,fixed,True,0.5,40,0,21.268957345971565,3.5,3.5,7.340069859038522,60.07746434709745,41.82746434709744,18.25,nan,0.0,0,0,40,0,1.0,7.0,32.0
354,1,right_lane,fixed,True,0.5,40,0,20.752496440425727,0.0,10.5,4.829211317002773,61.00306021764711,41.00306021764711,20.0,nan,0.0,0,0,40,0,0.0,1.0,39.0
355,1,right_lane,fixed,True,0.5,40,0,21.018957345971565,0.5,1.5,3.9464744040742517,61.37493009862997,41.62493009862997,19.75,nan,0.0,0,0,40,0,1.0,1.0,38.0
356,1,right_lane,fixed,True,0.5,40,0,22.018957345971057,2.5,8.0,7.235812210652512,61.7770563306302,43.02705633063021,18.75,nan,0.0,0,0,40,0,1.0,5.0,34.0
357,1,right_lane,fixed,True,0.5,40,0,22.643957345971565,9.5,8.5,13.096155192703009,59.27839873568359,44.02839873568359,15.25,nan,0.0,0,0,40,0,10.0,1.0,29.0
358,1,right_lane,fixed,True,0.5,40,0,23.768957345971565,11.5,5.0,14.591578476130962,60.078893992459726,45.828893992459726,14.25,nan,0.0,0,0,40,0,12.0,1.0,27.0
359,1,right_lane,fixed,True,0.5,40,0,21.268957345971565,2.5,4.0,5.5779884277994825,60.578398404341485,41.82839840434149,18.75,nan,0.0,0,0,40,0,3.0,1.0,36.0
360,1,right_lane,fixed,True,0.5,40,0,20.518957345971565,0.5,3.5,3.6837551497656023,60.37839717648497,40.62839717648497,19.75,nan,0.0,0,0,40,0,1.0,1.0,38.0
361,1,right_lane,fixed,True,0.5,40,0,22.643957345971565,6.5,10.5,10.189432214610463,60.775471392186894,44.02547139218688,16.75,nan,0.0,0,0,40,0,4.0,6.0,30.0
362,1,right_lane,fixed,True,0.5,40,0,22.143952395702158,0.0,2.5,3.0458713725965936,63.23032383312347,43.230323833123464,20.0,nan,0.0,0,0,40,0,0.0,0.0,40.0
363,1,right_lane,fixed,True,0.5,40,0,22.518957345971565,8.0,10.0,12.717684052884579,59.82768851769129,43.82768851769129,16.0,nan,0.0,0,0,40,0,7.0,4.0,29.0
364,1,right_lane,fixed,True,0.5,40,0,21.893957345971565,0.0,3.5,3.1285601699973995,62.82939766774116,42.82939766774115,20.0,nan,0.0,0,0,40,0,0.0,1.0,39.0
365,1,right_lane,fixed,True,0.5,40,0,20.768957345971565,0.0,0.0,3.751059458403688,61.029397666520445,41.02939766652044,20.0,nan,0.0,0,0,40,0,0.0,1.0,39.0
366,1,right_lane,fixed,True,0.5,40,0,21.14395174381868,3.0,14.0,7.790867417119443,60.13025223106364,41.630252231063636,18.5,nan,0.0,0,0,40,0,0.0,7.0,33.0
367,1,right_lane,fixed,True,0.5,40,0,21.50249644062177,0.0,2.0,3.508254182966084,62.204002088068144,42.204002088068144,20.0,nan,0.0,0,0,40,0,0.0,0.0,40.0
368,1,right_lane,fixed,True,0.5,40,0,21.393957345971565,0.0,3.5,4.3572303529381315,62.39959191197759,42.3995919119776,20.0,nan,0.0,0,0,40,0,0.0,1.0,39.0
369,1,right_lane,fixed,True,0.5,40,0,22.893957345967657,0.5,1.0,3.1773874124392023,64.17839910885465,44.428399108854656,19.75,nan,0.0,0,0,40,0,1.0,1.0,38.0
370,1,right_lane,fixed,True,0.5,40,0,21.018957345971565,26.0,0.5,27.76790913939476,48.68033159565519,41.43033159565518,7.25,nan,0.0,0,0,40,0,13.0,27.0,0.0
371,1,right_lane,fixed,True,0.5,40,0,22.018957345941836,0.0,1.5,3.113066528294439,62.780331753506935,43.030331753506935,19.75,nan,0.0,0,0,40,0,0.0,0.0,40.0
372,1,right_lane,fixed,True,0.5,40,0,22.643952395676344,0.0,5.0,3.9311598548838447,64.02939040925503,44.02939040925505,20.0,nan,0.0,0,0,40,0,0.0,1.0,39.0
373,1,right_lane,fixed,True,0.5,38,1,24.09890246944375,0.5,5.0,4.056831252100892,63.03033863100169,44.03033863100169,19.0,nan,0.0,0,0,38,0,0.0,0.0,38.0
374,1,right_lane,fixed,True,0.5,40,0,24.518957345971565,0.0,12.0,3.3275850503141555,66.28033175355449,46.5303317535545,19.75,nan,0.0,0,0,40,0,0.0,0.0,40.0
375,1,right_lane,fixed,True,0.5,40,0,22.64395734406113,0.0,0.0,2.982238827324636,64.03033175049782,44.030331750497815,20.0,nan,0.0,0,0,40,0,0.0,0.0,40.0
376,1,right_lane,fixed,True,0.5,40,0,22.76617544809696,0.0,2.0,3.3376508490619017,64.22588071960932,44.225880719609314,20.0,nan,0.0,0,0,40,0,0.0,0.0,40.0
377,1,right_lane,fixed,True,0.5,40,0,22.143957345971565,3.5,11.0,7.824422933166716,61.48279479175485,43.23279479175485,18.25,nan,0.0,0,0,40,0,2.0,5.0,33.0
378,1,right_lane,fixed,True,0.5,40,0,21.893957345971565,0.5,3.5,3.5490459558968723,62.5783991088088,42.82839910880878,19.75,nan,0.0,0,0,40,0,1.0,1.0,38.0
379,1,right_lane,fixed,True,0.5,40,0,21.268909202470194,0.5,1.0,3.609744179602785,61.578321374738586,41.82832137473858,19.75,nan,0.0,0,0,40,0,1.0,1.0,38.0
380,1,right_lane,fixed,True,0.5,40,0,22.76895650937565,8.0,9.0,11.116374108022683,60.227843234802535,44.22784323480254,16.0,nan,0.0,0,0,40,0,7.0,3.0,30.0
381,1,right_lane,fixed,True,0.5,40,0,20.643957345971565,0.0,1.5,4.3480667024850845,60.829398830024196,40.829398830024196,20.0,nan,0.0,0,0,40,0,0.0,1.0,39.0
382,1,right_lane,fixed,True,0.5,40,0,21.393957345971565,0.0,6.0,3.7021553688773565,62.0293983296861,42.029398329686096,20.0,nan,0.0,0,0,40,0,0.0,1.0,39.0
383,1,right_lane,fixed,True,0.5,40,0,22.143957345971565,0.0,0.0,3.1272119093689525,63.23033175355451,43.2303317535545,20.0,nan,0.0,0,0,40,0,0.0,0.0,40.0
384,1,right_lane,fixed,True,0.5,40,0,22.143957345971565,0.0,5.5,4.126393861035467,63.2293983296861,43.229398329686106,20.0,nan,0.0,0,0,40,0,0.0,1.0,39.0
385,1,right_lane,fixed,True,0.5,40,0,20.393957345971565,0.0,2.5,4.25907664000988,60.429397666520444,40.429397666520444,20.0,nan,0.0,0,0,40,0,0.0,1.0,39.0
386,1,right_lane,fixed,True,0.5,40,0,20.518957345971565,0.5,8.0,5.485862247645855,60.37839717648497,40.62839717648495,19.75,nan,0.0,0,0,40,0,1.0,1.0,38.0
387,1,right_lane,fixed,True,0.5,40,0,21.49754686449713,0.0,4.5,4.268542085530498,62.368803447601685,42.368803447601685,20.0,nan,0.0,0,0,40,0,0.0,1.0,39.0
388,1,right_lane,fixed,True,0.5,40,0,21.768957345971554,0.0,8.0,3.8640512583006057,62.66007734427782,42.66007734427782,20.0,nan,0.0,0,0,40,0,0.0,0.0,40.0
389,1,right_lane,fixed,True,0.5,40,0,23.518957345971565,5.0,6.0,8.397844151681056,62.92867262954443,45.42867262954443,17.5,nan,0.0,0,0,40,0,4.0,4.0,32.0
390,1,right_lane,fixed,True,0.5,40,0,22.518957345971565,3.0,1.5,6.713970399187474,62.32869142929269,43.8286914292927,18.5,nan,0.0,0,0,40,0,1.0,6.0,33.0
391,1,right_lane,fixed,True,0.5,40,0,21.37749644062176,2.5,10.5,7.0123620349913836,60.75195733670625,42.001957336706255,18.75,nan,0.0,0,0,40,0,2.0,3.0,35.0
392,1,right_lane,fixed,True,0.5,40,0,24.268957345971565,13.0,5.0,15.057339856069575,60.325446828112604,46.825446828112604,13.5,nan,0.0,0,0,40,0,12.0,4.0,24.0
393,1,right_lane,fixed,True,0.5,40,0,23.018957345971565,17.5,2.5,20.04011721163988,55.87687480927344,44.62687480927344,11.25,nan,0.0,0,0,40,0,17.0,3.0,20.0
394,1,right_lane,fixed,True,0.5,40,0,24.018957345971565,10.5,12.0,14.206328243017197,60.97749882723521,46.22749882723521,14.75,nan,0.0,0,0,40,0,8.0,7.0,25.0
395,1,right_lane,fixed,True,0.5,40,0,21.393957345971565,0.0,9.0,4.871129705106796,62.02939766774115,42.02939766774115,20.0,nan,0.0,0,0,40,0,0.0,1.0,39.0
396,1,right_lane,fixed,True,0.5,40,0,22.000043292099726,3.0,5.5,7.432136543095112,61.49911619464432,42.99911619464432,18.5,nan,0.0,0,0,40,0,0.0,7.0,33.0
397,1,right_lane,fixed,True,0.5,40,0,23.643957345971565,0.0,5.5,3.7926664185034724,65.82933752200918,45.82933752200918,20.0,nan,0.0,0,0,40,0,0.0,1.0,39.0
398,1,right_lane,fixed,True,0.5,40,0,21.143957345971565,0.0,1.5,3.2086951985766063,61.62939766774183,41.62939766774183,20.0,nan,0.0,0,0,40,0,0.0,1.0,39.0
399,1,right_lane,fixed,True,0.5,40,0,20.893957345971565,0.0,1.5,2.82440347597003,61.2303317535545,41.2303317535545,20.0,nan,0.0,0,0,40,0,0.0,0.0,40.0
400,1,right_lane,fixed,True,0.5,40,0,20.268957345971565,0.0,13.0,4.710238002240658,60.40399430499483,40.40399430499483,20.0,nan,0.0,0,0,40,0,0.0,0.0,40.0
401,1,right_lane,fixed,True,0.5,40,0,20.893957345971565,0.0,2.0,3.788991790264845,61.229397667741154,41.22939766774115,20.0,nan,0.0,0,0,40,0,0.0,1.0,39.0
402,1,right_lane,fixed,True,0.5,40,0,21.64395734596714,0.0,8.5,4.009145557553438,62.43033175354743,42.43033175354743,20.0,nan,0.0,0,0,40,0,0.0,0.0,40.0
403,1,right_lane,fixed,True,0.5,40,0,25.518957345971565,23.5,1.0,25.248042978346348,56.87822813346607,48.62822813346607,8.25,nan,0.0,0,0,40,0,20.0,9.0,11.0
404,1,right_lane,fixed,True,0.5,40,0,22.768956608239495,0.5,3.5,4.529727148357779,63.97839792848959,44.22839792848958,19.75,nan,0.0,0,0,40,0,1.0,1.0,38.0
405,1,right_lane,fixed,True,0.5,40,0,21.143957345749705,7.5,5.0,10.671884954397683,57.88032247914277,41.63032247914276,16.25,nan,0.0,0,0,40,0,8.0,1.0,31.0
406,1,right_lane,fixed,True,0.5,40,0,22.500043292099726,0.0,1.5,3.6594225241674394,63.79913518185443,43.79913518185443,20.0,nan,0.0,0,0,40,0,0.0,1.0,39.0
407,1,right_lane,fixed,True,0.5,40,0,23.231042765911972,7.5,4.0,10.655407943552518,61.91696702703709,45.1669670270371,16.75,nan,0.0,0,0,40,0,5.0,5.0,30.0
408,1,right_lane,fixed,True,0.5,40,0,22.018957345971565,0.0,11.0,5.585943647988643,62.75666904667433,43.256669046674325,19.5,nan,0.0,0,0,40,0,0.0,0.0,40.0
409,1,right_lane,fixed,True,0.5,40,0,21.768957345971565,0.5,2.5,4.156881921160675,62.37839910880874,42.628399108808765,19.75,nan,0.0,0,0,40,0,1.0,1.0,38.0
410,1,right_lane,fixed,True,0.5,40,0,23.377496438685462,11.5,10.0,14.667555260155495,59.45053733892539,45.200537338925386,14.25,nan,0.0,0,0,40,0,11.0,3.0,26.0
411,1,right_lane,fixed,True,0.5,40,0,21.625043292099726,10.5,3.0,14.214726774192854,57.172001676938756,42.42200167693876,14.75,nan,0.0,0,0,40,0,0.0,22.0,18.0
412,1,right_lane,fixed,True,0.5,40,0,20.268957345971565,0.0,14.5,4.75494346767664,60.60393415926287,40.60393415926286,20.0,nan,0.0,0,0,40,0,0.0,0.0,40.0
413,1,right_lane,fixed,True,0.5,40,0,20.893957345971565,4.5,3.5,8.497058726847172,58.97847705204195,41.22847705204195,17.75,nan,0.0,0,0,40,0,4.0,3.0,33.0
414,1,right_lane,fixed,True,0.5,40,0,22.018957345971565,9.5,15.0,13.366479016840458,58.27847104587876,43.02847104587876,15.25,nan,0.0,0,0,40,0,10.0,1.0,29.0
415,1,right_lane,fixed,True,0.5,40,0,21.018957345971565,15.5,0.5,17.60446710884571,53.68033175354742,41.43033175354742,12.25,nan,0.0,0,0,40,0,16.0,1.0,23.0
416,1,right_lane,fixed,True,0.5,40,0,23.26858615410515,6.0,0.5,9.323681682220922,62.028321569630734,45.028321569630734,17.0,nan,0.0,0,0,40,0,6.0,2.0,32.0
417,1,right_lane,fixed,True,0.5,40,0,21.01895239570556,0.0,10.0,4.311742678284645,61.430839530141654,41.43083953014164,20.0,nan,0.0,0,0,40,0,0.0,0.0,40.0
418,1,right_lane,fixed,True,0.5,40,0,20.893957345971565,0.0,1.0,3.9484632760190834,61.23033863096109,41.23033863096111,20.0,nan,0.0,0,0,40,0,0.0,0.0,40.0
419,1,right_lane,fixed,True,0.5,40,0,22.768957345971565,9.5,4.0,12.975628435611725,59.47867402948243,44.22867402948242,15.25,nan,0.0,0,0,40,0,7.0,7.0,26.0
420,1,right_lane,fixed,True,0.5,40,0,20.268957345971565,0.0,3.0,4.836538568139076,60.22939651470176,40.22939651470176,20.0,nan,0.0,0,0,40,0,0.0,1.0,39.0
421,1,right_lane,fixed,True,0.5,40,0,22.018957345971565,0.0,2.0,3.8630998395638017,63.02939766774182,43.02939766774183,20.0,nan,0.0,0,0,40,0,0.0,1.0,39.0
422,1,right_lane,fixed,True,0.5,40,0,22.3939573459385,0.0,3.0,3.5455041306722705,63.63033175350159,43.6303317535016,20.0,nan,0.0,0,0,40,0,0.0,0.0,40.0
423,1,right_lane,fixed,True,0.5,40,0,21.643957345971565,0.0,6.5,3.4662800144415087,62.430331753600434,42.430331753600434,20.0,nan,0.0,0,0,40,0,0.0,0.0,40.0
424,1,right_lane,fixed,True,0.5,40,0,21.768957345971565,0.5,8.0,5.190697591568096,62.37839717648495,42.62839717648497,19.75,nan,0.0,0,0,40,0,1.0,1.0,38.0
425,1,right_lane,fixed,True,0.5,40,0,21.143957345971565,8.0,10.0,11.971330205211416,57.62804908815525,41.62804908815525,16.0,nan,0.0,0,0,40,0,8.0,2.0,30.0
426,1,right_lane,fixed,True,0.5,40,0,22.893957345971565,0.0,0.5,2.4751799672068273,64.42939832968611,44.42939832968611,20.0,nan,0.0,0,0,40,0,0.0,1.0,39.0
427,1,right_lane,fixed,True,0.5,19,1,22.145173359931892,0.5,0.5,1.9284066982072545,29.67839840433451,20.42839840433451,9.25,nan,0.0,0,0,19,0,1.0,1.0,17.0
428,1,right_lane,fixed,True,0.5,40,0,20.268957345971565,0.0,10.5,5.293514117598534,59.72939651470176,39.72939651470176,20.0,nan,0.0,0,0,40,0,0.0,1.0,39.0
429,1,right_lane,fixed,True,0.5,11,1,20.978026711802876,0.5,5.0,1.8747646808624268,16.730331753193266,11.23033175319327,5.5,nan,0.0,0,0,11,0,0.0,0.0,11.0
430,1,right_lane,fixed,True,0.5,40,0,21.018957345971565,0.0,13.0,4.3456516105434275,60.6803317535545,40.930331753554505,19.75,nan,0.0,0,0,40,0,0.0,0.0,40.0
431,1,right_lane,fixed,True,0.5,40,0,22.393957345971565,0.0,5.5,2.588480510504496,63.630331753554515,43.63033175355451,20.0,nan,0.0,0,0,40,0,0.0,0.0,40.0
432,1,right_lane,fixed,True,0.5,40,0,23.268957345971565,8.5,0.0,10.804102772480292,60.77837714354758,45.028377143547566,15.75,nan,0.0,0,0,40,0,9.0,1.0,30.0
433,1,right_lane,fixed,True,0.5,40,0,20.64395733317816,1.5,4.5,4.6283473450857855,60.078991208960545,40.82899120896054,19.25,nan,0.0,0,0,40,0,0.0,4.0,36.0
434,1,right_lane,fixed,True,0.5,40,0,24.00249643868552,5.5,0.5,8.05594634580757,63.450509980682995,46.200509980683,17.25,nan,0.0,0,0,40,0,5.0,3.0,32.0
435,1,right_lane,fixed,True,0.5,40,0,21.37749644062177,10.5,2.0,13.59274359792471,56.77686224933335,42.026862249333355,14.75,nan,0.0,0,0,40,0,11.0,1.0,28.0
436,1,right_lane,fixed,True,0.5,40,0,21.268957345971565,0.0,11.5,4.067310825684217,62.200525999011674,42.20052599901167,20.0,nan,0.0,0,0,40,0,0.0,0.0,40.0
437,1,right_lane,fixed,True,0.5,40,0,20.768957345971565,5.5,8.5,10.05939394980669,58.27974215405997,41.02974215405997,17.25,nan,0.0,0,0,40,0,6.0,1.0,33.0
438,1,right_lane,fixed,True,0.5,40,0,24.731042752922527,19.0,6.5,22.384214598685503,57.8663968883007,47.36639688830071,10.5,nan,0.0,0,0,40,0,15.0,10.0,15.0
439,1,right_lane,fixed,True,0.5,40,0,23.143957345971565,9.0,4.0,12.63903284817934,60.72725137903589,45.22725137903589,15.5,nan,0.0,0,0,40,0,8.0,4.0,28.0
440,1,right_lane,fixed,True,0.5,40,0,21.518957345971565,0.0,7.5,4.506266512194998,62.22939766774183,42.22939766774182,20.0,nan,0.0,0,0,40,0,0.0,1.0,39.0
441,1,right_lane,fixed,True,0.5,40,0,21.018957247332974,0.0,12.5,5.0071230083703995,61.42939750991941,41.42939750991941,20.0,nan,0.0,0,0,40,0,0.0,1.0,39.0
442,1,right_lane,fixed,True,0.5,40,0,20.893957345971565,0.0,4.0,3.810867603868246,61.230331890593135,41.230331890593135,20.0,nan,0.0,0,0,40,0,0.0,0.0,40.0
443,1,right_lane,fixed,True,0.5,40,0,22.018957345971565,0.0,4.0,3.9363008184254795,63.0293983296861,43.02939832968611,20.0,nan,0.0,0,0,40,0,0.0,1.0,39.0
444,1,right_lane,fixed,True,0.5,40,0,23.35886784399893,5.0,12.5,9.314279455044016,62.922840071506165,45.17284007150618,17.75,nan,0.0,0,0,40,0,0.0,9.0,31.0
445,1,right_lane,fixed,True,0.5,40,0,21.893957345971565,0.5,10.5,5.1508837174192195,62.724473367484634,43.22447336748463,19.5,nan,0.0,0,0,40,0,1.0,1.0,38.0
446,1,right_lane,fixed,True,0.5,40,0,21.5189573459385,8.5,6.5,11.860587085039697,57.97839754903152,42.22839754903153,15.75,nan,0.0,0,0,40,0,9.0,1.0,30.0
447,1,right_lane,fixed,True,0.5,40,0,22.14395734596758,21.0,3.5,22.090738371234693,52.72963543671768,43.22963543671767,9.5,nan,0.0,0,0,40,0,20.0,3.0,17.0
448,1,right_lane,fixed,True,0.5,40,0,20.518957345971565,0.0,12.0,4.9230524599552155,60.62939651470728,40.62939651470728,20.0,nan,0.0,0,0,40,0,0.0,1.0,39.0
449,1,right_lane,fixed,True,0.5,17,1,20.92695846110954,0.5,8.5,2.9676490128040314,25.92939766652043,17.42939766652043,8.5,nan,0.0,0,0,17,0,0.0,1.0,16.0
450,1,right_lane,fixed,True,0.5,40,0,22.643957345971554,0.5,5.0,4.073253207299786,63.02839840507329,43.52839840507329,19.5,nan,0.0,0,0,40,0,1.0,1.0,38.0
451,1,right_lane,fixed,True,0.5,40,0,21.143957345971565,0.0,1.0,2.8368527367711067,61.63033175355451,41.630331753554515,20.0,nan,0.0,0,0,40,0,0.0,0.0,40.0
452,1,right_lane,fixed,True,0.5,40,0,24.108539193514567,9.5,1.5,11.77503775173227,61.62151842838051,46.37151842838051,15.25,nan,0.0,0,0,40,0,8.0,4.0,28.0
453,1,right_lane,fixed,True,0.5,40,0,22.143957345971565,17.5,1.0,17.58061490965042,55.203200758772454,43.45320075877244,11.75,nan,0.0,0,0,40,0,16.0,1.0,23.0
454,1,right_lane,fixed,True,0.5,40,0,21.143957345971565,0.0,8.5,3.093398846159289,61.12939651470176,41.62939651470176,19.5,nan,0.0,0,0,40,0,0.0,1.0,39.0
455,1,right_lane,fixed,True,0.5,25,1,22.4303317535545,1.0,9.0,4.538006480783224,39.4783991088609,27.22839910886089,12.25,nan,0.0,0,0,25,0,1.0,1.0,23.0
456,1,right_lane,fixed,True,0.5,40,0,22.393957345971565,0.0,9.0,3.2674804531725385,62.88033175355452,43.13033175355451,19.75,nan,0.0,0,0,40,0,0.0,0.0,40.0
457,1,right_lane,fixed,True,0.5,40,0,23.768957345971565,0.0,2.5,2.8657265866467014,65.8303317535545,45.830331753554496,20.0,nan,0.0,0,0,40,0,0.0,0.0,40.0
458,1,right_lane,fixed,True,0.5,40,0,22.768956693888633,0.5,5.5,4.399748552375968,63.9783973617406,44.22839736174062,19.75,nan,0.0,0,0,40,0,1.0,1.0,38.0
459,1,right_lane,fixed,True,0.5,40,0,21.268957345971565,0.0,10.0,4.448887813836336,61.829398573680905,41.82939857368089,20.0,nan,0.0,0,0,40,0,0.0,1.0,39.0
460,1,right_lane,fixed,True,0.5,40,0,21.268957345971565,6.5,0.5,9.158910177648067,58.57839840304393,41.828398403043934,16.75,nan,0.0,0,0,40,0,7.0,1.0,32.0
461,1,right_lane,fixed,True,0.5,40,0,21.018957345971565,0.0,8.0,4.724002908915281,61.429397666520444,41.429397666520444,20.0,nan,0.0,0,0,40,0,0.0,1.0,39.0
462,1,right_lane,fixed,True,0.5,40,0,23.893957345971565,7.5,13.0,11.82141298770921,62.27837785141184,46.02837785141184,16.25,nan,0.0,0,0,40,0,8.0,1.0,31.0
463,1,right_lane,fixed,True,0.5,40,0,22.018957345971554,0.0,1.0,2.381006443222077,63.03033175355449,43.030331753554485,20.0,nan,0.0,0,0,40,0,0.0,0.0,40.0
464,1,right_lane,fixed,True,0.5,38,1,20.54627089026285,0.0,1.0,2.6890917614582577,57.63033175319954,38.630331753199535,19.0,nan,0.0,0,0,38,0,0.0,0.0,38.0
465,1,right_lane,fixed,True,0.5,40,0,22.268957345971494,10.5,2.0,12.765939867751513,57.67974097434554,42.92974097434554,14.75,nan,0.0,0,0,40,0,11.0,1.0,28.0
466,1,right_lane,fixed,True,0.5,40,0,21.143957345971565,0.5,0.0,4.999698710627854,61.37839910886098,41.62839910886099,19.75,nan,0.0,0,0,40,0,1.0,1.0,38.0
467,1,right_lane,fixed,True,0.5,40,0,21.393957345971565,0.0,10.0,3.9066026987084115,62.030331753554506,42.030331753554506,20.0,nan,0.0,0,0,40,0,0.0,0.0,40.0
468,1,right_lane,fixed,True,0.5,40,0,20.893957345971565,0.0,7.0,3.969410389661789,61.2303317535545,41.2303317535545,20.0,nan,0.0,0,0,40,0,0.0,0.0,40.0
469,1,right_lane,fixed,True,0.5,40,0,22.62500001301917,0.0,3.0,3.5966808749149095,64.00000002083068,44.00000002083068,20.0,nan,0.0,0,0,40,0,0.0,0.0,40.0
470,1,right_lane,fixed,True,0.5,40,0,22.768957345971565,6.5,0.0,9.734919268784552,61.17839626210046,44.42839626210046,16.75,nan,0.0,0,0,40,0,7.0,1.0,32.0
471,1,right_lane,fixed,True,0.5,40,0,23.268957345971565,0.0,0.0,3.280277167357781,65.03033175355449,45.0303317535545,20.0,nan,0.0,0,0,40,0,0.0,0.0,40.0
472,1,right_lane,fixed,True,0.5,40,0,22.143952395705558,0.0,2.0,3.3909230334447784,63.22938974800511,43.22938974800512,20.0,nan,0.0,0,0,40,0,0.0,1.0,39.0
473,1,right_lane,fixed,True,0.5,40,0,21.893957334662417,1.5,10.0,5.43907423391056,62.07940309552289,42.829403095522906,19.25,nan,0.0,0,0,40,0,0.0,3.0,37.0
474,1,right_lane,fixed,True,0.5,40,0,23.018957345716586,5.0,7.5,9.255418196287792,62.127254337098584,44.627254337098584,17.5,nan,0.0,0,0,40,0,4.0,4.0,32.0
475,1,right_lane,fixed,True,0.5,40,0,22.268957345971565,12.0,5.0,15.91302926838398,57.42642236442738,43.42642236442738,14.0,nan,0.0,0,0,40,0,10.0,6.0,24.0
476,1,right_lane,fixed,True,0.5,40,0,23.893585416373085,0.0,3.0,3.3921510541003954,66.02973666619692,46.02973666619693,20.0,nan,0.0,0,0,40,0,0.0,0.0,40.0
477,1,right_lane,fixed,True,0.5,40,0,20.768957345971565,0.0,2.0,3.899516500532627,61.03084847549873,41.03084847549873,20.0,nan,0.0,0,0,40,0,0.0,0.0,40.0
478,1,right_lane,fixed,True,0.5,40,0,23.518957345971565,13.5,3.0,15.239926136164286,58.67827991103793,45.42827991103793,13.25,nan,0.0,0,0,40,0,13.0,3.0,24.0
479,1,right_lane,fixed,True,0.5,12,1,25.063169648096153,1.0,3.0,2.749521538146837,19.97838878639255,14.228388786392546,5.75,nan,0.0,0,0,12,0,1.0,1.0,10.0
480,1,right_lane,fixed,True,0.5,40,0,22.39150419744946,4.5,11.5,8.185847975189972,60.62445215459061,43.1244521545906,17.5,nan,0.0,0,0,40,0,5.0,1.0,34.0
481,1,right_lane,fixed,True,0.5,40,0,20.518957345971565,0.0,14.5,4.7494427734054625,60.63280582799123,40.63280582799123,20.0,nan,0.0,0,0,40,0,0.0,1.0,39.0
482,1,right_lane,fixed,True,0.5,40,0,22.39178965473164,6.0,8.5,9.763920960016549,60.624118250797174,43.62411825079718,17.0,nan,0.0,0,0,40,0,4.0,5.0,31.0
483,1,right_lane,fixed,True,0.5,40,0,20.643957345971565,0.0,4.0,4.407045394182205,60.832409242072835,40.832409242072835,20.0,nan,0.0,0,0,40,0,0.0,1.0,39.0
484,1,right_lane,fixed,True,0.5,40,0,21.143957345775526,0.5,1.0,4.869267157453578,61.3783984047596,41.628398404759594,19.75,nan,0.0,0,0,40,0,1.0,1.0,38.0
485,1,right_lane,fixed,True,0.5,40,0,21.018957345971565,0.0,0.5,0.7758244709257269,61.4293976680135,41.42939766801351,20.0,nan,0.0,0,0,40,0,0.0,1.0,39.0
486,1,right_lane,fixed,True,0.5,40,0,21.518957345971565,1.5,4.5,5.726590983569622,61.479637483099914,42.22963748309991,19.25,nan,0.0,0,0,40,0,0.0,3.0,37.0
487,1,right_lane,fixed,True,0.5,40,0,24.518957345971057,0.0,1.5,3.139266015750536,67.02939832968529,47.02939832968528,20.0,nan,0.0,0,0,40,0,0.0,1.0,39.0
488,1,right_lane,fixed,True,0.5,40,0,22.62500009886436,8.0,1.0,9.604700462667097,60.4227263260216,44.17272632602162,16.25,nan,0.0,0,0,40,0,7.0,2.0,31.0
489,1,right_lane,fixed,True,0.5,40,0,21.768956498296195,0.0,6.5,3.890795450193764,62.57939733814834,42.82939733814834,19.75,nan,0.0,0,0,40,0,0.0,0.0,40.0
490,1,right_lane,fixed,True,0.5,40,0,20.893957345971565,0.0,1.5,3.8771734163165092,61.23033293123026,41.23033293123025,20.0,nan,0.0,0,0,40,0,0.0,0.0,40.0
491,1,right_lane,fixed,True,0.5,40,0,21.643957345937995,0.5,8.0,5.1592975336825475,62.17839840299022,42.42839840299022,19.75,nan,0.0,0,0,40,0,1.0,1.0,38.0
492,1,right_lane,fixed,True,0.5,40,0,20.268957345971565,0.0,11.0,4.426961503922939,60.23033175360114,40.23033175360114,20.0,nan,0.0,0,0,40,0,0.0,0.0,40.0
493,1,right_lane,fixed,True,0.5,40,0,22.143957345971565,0.0,15.5,4.678686205777467,63.2293983296861,43.229398329686106,20.0,nan,0.0,0,0,40,0,0.0,1.0,39.0
494,1,right_lane,fixed,True,0.5,40,0,21.518957345971565,0.0,3.5,3.9736467398947752,62.230331753554495,42.23033175355451,20.0,nan,0.0,0,0,40,0,0.0,0.0,40.0
495,1,right_lane,fixed,True,0.5,40,0,20.393957345971565,0.0,2.0,4.240342602133751,60.429397666520444,40.429397666520444,20.0,nan,0.0,0,0,40,0,0.0,1.0,39.0
496,1,right_lane,fixed,True,0.5,37,1,21.101575509158447,0.5,7.0,3.6687516725496607,56.67839910886089,38.42839910886089,18.25,nan,0.0,0,0,37,0,1.0,1.0,35.0
497,1,right_lane,fixed,True,0.5,40,0,21.768957345971565,0.0,1.0,3.65140099148266,62.129398329686104,42.1293983296861,20.0,nan,0.0,0,0,40,0,0.0,1.0,39.0
498,1,right_lane,fixed,True,0.5,40,0,21.89366628653611,0.0,1.0,1.3627195808396664,62.82986605845779,42.82986605845778,20.0,nan,0.0,0,0,40,0,0.0,0.0,40.0
499,1,right_lane,fixed,True,0.5,40,0,20.768957345971508,0.0,13.0,4.603213392198086,61.030736122547864,41.030736122547864,20.0,nan,0.0,0,0,40,0,0.0,0.0,40.0
500,1,right_lane,fixed,True,0.5,40,0,20.393957345971565,0.5,11.5,5.550509735941887,60.17839717648504,40.42839717648504,19.75,nan,0.0,0,0,40,0,1.0,1.0,38.0
501,1,right_lane,fixed,True,0.5,40,0,22.76895734597149,7.5,9.0,11.901079688720074,60.47891623160505,44.22891623160503,16.25,nan,0.0,0,0,40,0,4.0,7.0,29.0
502,1,right_lane,fixed,True,0.5,40,0,20.643957345971565,0.0,0.0,3.5426772125065327,60.82939766652509,40.82939766652509,20.0,nan,0.0,0,0,40,0,0.0,1.0,39.0
503,1,right_lane,fixed,True,0.5,40,0,21.143957345971565,2.5,7.0,7.045747691627184,60.378398405073256,41.62839840507327,18.75,nan,0.0,0,0,40,0,3.0,1.0,36.0
504,1,right_lane,fixed,True,0.5,40,0,22.518957345971565,0.5,5.0,5.243532523969407,63.57839910880877,43.82839910880875,19.75,nan,0.0,0,0,40,0,1.0,1.0,38.0
505,1,right_lane,fixed,True,0.5,40,0,21.268957345971565,0.0,4.5,2.808235606411472,61.83033175355449,41.830331753554496,20.0,nan,0.0,0,0,40,0,0.0,0.0,40.0
506,1,right_lane,fixed,True,0.5,40,0,20.768957345971565,0.5,1.0,4.795718543231487,60.77839840434078,41.02839840434077,19.75,nan,0.0,0,0,40,0,1.0,1.0,38.0
507,1,right_lane,fixed,True,0.5,40,0,25.643957345971558,11.5,0.0,12.385274918763571,63.07822211354116,48.82822211354116,14.25,nan,0.0,0,0,40,0,10.0,4.0,26.0
508,1,right_lane,fixed,True,0.5,40,0,20.518957345971565,0.0,11.0,4.699318617582321,60.62939766773996,40.62939766773996,20.0,nan,0.0,0,0,40,0,0.0,1.0,39.0
509,1,right_lane,fixed,True,0.5,40,0,22.643956498296195,6.5,5.5,10.343262679351028,60.77837578678077,44.02837578678077,16.75,nan,0.0,0,0,40,0,7.0,1.0,32.0
510,1,right_lane,fixed,True,0.5,40,0,22.51891975488524,0.5,6.5,4.466596523497401,63.578339436278405,43.8283394362784,19.75,nan,0.0,0,0,40,0,1.0,1.0,38.0
511,1,right_lane,fixed,True,0.5,40,0,23.143957345971565,10.0,0.5,13.011309705674648,59.828967418168084,44.82896741816809,15.0,nan,0.0,0,0,40,0,10.0,2.0,28.0
512,1,right_lane,fixed,True,0.5,40,0,22.75000570101725,0.0,3.0,3.620068051131966,64.20000912162757,44.200009121627595,20.0,nan,0.0,0,0,40,0,0.0,0.0,40.0
513,1,right_lane,fixed,True,0.5,40,0,20.893956694084682,0.5,1.5,3.453916818738435,61.00472688945583,41.254726889455824,19.75,nan,0.0,0,0,40,0,1.0,1.0,38.0
514,1,right_lane,fixed,True,0.5,40,0,21.143957345971565,0.5,4.0,4.604896608054332,61.378399310006195,41.6283993100062,19.75,nan,0.0,0,0,40,0,1.0,1.0,38.0
515,1,right_lane,fixed,True,0.5,40,0,22.26895659522039,1.5,0.5,4.715001154012953,62.67839720313889,43.42839720313889,19.25,nan,0.0,0,0,40,0,2.0,1.0,37.0
516,1,right_lane,fixed,True,0.5,40,0,21.393957345971565,0.5,12.5,4.932815681973807,61.77839944735841,42.02839944735842,19.75,nan,0.0,0,0,40,0,1.0,1.0,38.0
517,1,right_lane,fixed,True,0.5,40,0,22.518957345971565,8.0,3.0,11.47934590280056,59.8286865330563,43.8286865330563,16.0,nan,0.0,0,0,40,0,8.0,2.0,30.0
518,1,right_lane,fixed,True,0.5,40,0,21.143957345941843,4.5,6.0,8.477315369993448,59.37940004890149,41.62940004890149,17.75,nan,0.0,0,0,40,0,0.0,9.0,31.0
519,1,right_lane,fixed,True,0.5,40,0,21.018957345971565,6.5,2.5,8.785300487952554,58.17974112916439,41.4297411291644,16.75,nan,0.0,0,0,40,0,7.0,1.0,32.0
520,1,right_lane,fixed,True,0.5,40,0,21.268957345971565,0.0,0.0,3.17664997571228,61.83033175355452,41.8303317535545,20.0,nan,0.0,0,0,40,0,0.0,0.0,40.0
521,1,right_lane,fixed,True,0.5,40,0,20.768957345971565,2.5,6.0,6.814979039132595,59.77939858645939,41.02939858645939,18.75,nan,0.0,0,0,40,0,0.0,6.0,34.0
522,1,right_lane,fixed,True,0.5,40,0,21.250328749382216,0.0,5.0,4.084363896476134,61.80052599901154,41.80052599901155,20.0,nan,0.0,0,0,40,0,0.0,0.0,40.0
523,1,right_lane,fixed,True,0.5,23,1,22.424273645167922,0.5,4.5,3.465519067416608,36.30427789809019,25.05427789809019,11.25,nan,0.0,0,0,23,0,1.0,1.0,21.0
524,1,right_lane,fixed,True,0.5,40,0,24.89395724713693,0.0,1.5,2.748141686011877,67.12939817155069,47.12939817155069,20.0,nan,0.0,0,0,40,0,0.0,1.0,39.0
525,1,right_lane,fixed,True,0.5,40,0,22.143957345971565,2.5,12.5,6.901606174727931,61.97839051469215,43.22839051469216,18.75,nan,0.0,0,0,40,0,0.0,6.0,34.0
526,1,right_lane,fixed,True,0.5,40,0,21.643957345971565,5.0,11.5,10.329856969416142,60.178466446711276,42.42846644671128,17.75,nan,0.0,0,0,40,0,0.0,10.0,30.0
527,1,right_lane,fixed,True,0.5,40,0,24.766789654732076,14.5,0.0,15.851917021442205,59.92520432312529,47.4252043231253,12.5,nan,0.0,0,0,40,0,13.0,5.0,22.0
528,1,right_lane,fixed,True,0.5,40,0,22.87499925118899,12.0,7.5,15.7093651070727,58.901074069085745,44.40107406908575,14.5,nan,0.0,0,0,40,0,11.0,2.0,27.0
529,1,right_lane,fixed,True,0.5,40,0,22.893957345971565,10.0,11.5,14.20668850839138,59.12698346661701,44.62698346661702,14.5,nan,0.0,0,0,40,0,10.0,2.0,28.0
530,1,right_lane,fixed,True,0.5,40,0,21.643957345941836,0.0,4.0,3.550262725322682,62.43033175350694,42.43033175350693,20.0,nan,0.0,0,0,40,0,0.0,0.0,40.0
531,1,right_lane,fixed,True,0.5,40,0,21.393957345971565,0.0,0.5,2.694348484729062,62.030331753595796,42.03033175359579,20.0,nan,0.0,0,0,40,0,0.0,0.0,40.0
532,1,right_lane,fixed,True,0.5,40,0,21.75249644062177,0.0,12.5,5.05427150140531,62.60306021918147,42.60306021918147,20.0,nan,0.0,0,0,40,0,0.0,1.0,39.0
533,1,right_lane,fixed,True,0.5,40,0,21.893957345971565,0.0,1.0,3.8576079375379777,63.02686344757134,43.026863447571344,20.0,nan,0.0,0,0,40,0,0.0,0.0,40.0
534,1,right_lane,fixed,True,0.5,40,0,22.268957345971558,3.0,9.5,7.3924903895531315,61.928931639460174,43.428931639460174,18.5,nan,0.0,0,0,40,0,2.0,4.0,34.0
535,1,right_lane,fixed,True,0.5,40,0,20.893957345971565,5.5,15.0,9.760402634739876,58.47847213604378,41.22847213604378,17.25,nan,0.0,0,0,40,0,6.0,1.0,33.0
536,1,right_lane,fixed,True,0.5,40,0,23.50000000171446,6.5,1.0,9.14428236515505,62.148045393553396,45.39804539355339,16.75,nan,0.0,0,0,40,0,7.0,1.0,32.0
537,1,right_lane,fixed,True,0.5,40,0,22.893957345967202,9.5,4.5,11.960166907530947,59.70379312652143,44.45379312652143,15.25,nan,0.0,0,0,40,0,8.0,3.0,29.0
538,1,right_lane,fixed,True,0.5,40,0,23.018957345971565,13.5,1.0,13.88824482394557,57.87869182202226,44.628691822022276,13.25,nan,0.0,0,0,40,0,13.0,3.0,24.0
539,1,right_lane,fixed,True,0.5,40,0,20.893957345971565,40.0,0.0,38.14684361219406,41.7303317535545,41.2303317535545,0.5,nan,0.0,0,0,40,0,40.0,0.0,0.0
540,1,right_lane,fixed,True,0.5,40,0,21.75032874938229,0.0,4.0,3.426375263154114,62.10052599901167,42.60052599901167,19.5,nan,0.0,0,0,40,0,0.0,0.0,40.0
541,1,right_lane,fixed,True,0.5,40,0,22.893957345971565,0.0,13.5,4.755833969335072,64.6298750219024,44.6298750219024,20.0,nan,0.0,0,0,40,0,0.0,0.0,40.0
542,1,right_lane,fixed,True,0.5,40,0,23.268957345971565,0.0,11.0,3.9957518642768264,65.0293983296861,45.02939832968612,20.0,nan,0.0,0,0,40,0,0.0,1.0,39.0
543,1,right_lane,fixed,True,0.5,40,0,22.018957345971565,0.0,9.0,4.333438618197761,63.0293983296861,43.0293983296861,20.0,nan,0.0,0,0,40,0,0.0,1.0,39.0
544,1,right_lane,fixed,True,0.5,40,0,21.000043292099726,0.5,4.0,4.589813556522131,61.14913402850681,41.39913402850681,19.75,nan,0.0,0,0,40,0,0.0,2.0,38.0
545,1,right_lane,fixed,True,0.5,40,0,23.268957345971565,0.0,1.0,3.741264704554851,65.22933752269876,45.229337522698756,20.0,nan,0.0,0,0,40,0,0.0,1.0,39.0
546,1,right_lane,fixed,True,0.5,40,0,22.768957345971565,0.0,0.0,0.9952425314195352,64.2293983296861,44.229398329686106,20.0,nan,0.0,0,0,40,0,0.0,1.0,39.0
547,1,right_lane,fixed,True,0.5,40,0,21.143957345971565,0.0,11.0,5.442297255067388,61.6293983296861,41.6293983296861,20.0,nan,0.0,0,0,40,0,0.0,1.0,39.0
548,1,right_lane,fixed,True,0.5,40,0,21.518957345971565,0.0,2.0,2.6173444953315084,62.2303317535545,42.2303317535545,20.0,nan,0.0,0,0,40,0,0.0,0.0,40.0
549,1,right_lane,fixed,True,0.5,40,0,22.518957345971494,12.0,1.5,15.142283719033003,57.82796410079023,43.82796410079023,14.0,nan,0.0,0,0,40,0,9.0,8.0,23.0
550,1,right_lane,fixed,True,0.5,12,1,21.31319115248597,0.5,5.5,2.3033739775419235,18.43033175319336,12.430331753193363,6.0,nan,0.0,0,0,12,0,0.0,0.0,12.0
551,1,right_lane,fixed,True,0.5,40,0,20.268957345971565,0.0,8.5,4.846991680562496,59.47939651470176,39.72939651470176,19.75,nan,0.0,0,0,40,0,0.0,1.0,39.0
552,1,right_lane,fixed,True,0.5,40,0,21.268957345971565,3.0,0.0,6.36017893999815,60.329400007557965,41.82940000755797,18.5,nan,0.0,0,0,40,0,0.0,7.0,33.0
553,1,right_lane,fixed,True,0.5,40,0,22.018957345971565,5.5,7.5,9.685009001535946,60.27818251026392,43.02818251026391,17.25,nan,0.0,0,0,40,0,0.0,12.0,28.0
554,1,right_lane,fixed,True,0.5,40,0,20.518957345971565,0.0,10.5,5.1256663128733635,60.6303317535545,40.63033175355451,20.0,nan,0.0,0,0,40,0,0.0,0.0,40.0
555,1,right_lane,fixed,True,0.5,40,0,21.393957345971565,0.0,5.5,3.2981203873980576,62.030331753554506,42.03033175355451,20.0,nan,0.0,0,0,40,0,0.0,0.0,40.0
556,1,right_lane,fixed,True,0.5,40,0,22.143671888689,0.0,4.5,3.159899291997135,63.228940934872874,43.228940934872874,20.0,nan,0.0,0,0,40,0,0.0,1.0,39.0
557,1,right_lane,fixed,True,0.5,40,0,23.99783240762488,0.0,3.5,2.788257228870407,66.19692843811995,46.19692843811995,20.0,nan,0.0,0,0,40,0,0.0,0.0,40.0
558,1,right_lane,fixed,True,0.5,40,0,23.518956496360392,2.0,10.5,7.458913014136215,64.63169979845974,45.63169979845973,19.0,nan,0.0,0,0,40,0,0.0,5.0,35.0
559,1,right_lane,fixed,True,0.5,40,0,22.627496341983182,0.0,4.5,3.80894489530192,64.00306008868556,44.00306008868558,20.0,nan,0.0,0,0,40,0,0.0,1.0,39.0
560,1,right_lane,fixed,True,0.5,17,1,22.1034290492749,17.0,0.0,16.754785120487213,18.753201033122068,18.253201033122068,0.5,nan,0.0,0,0,17,0,17.0,0.0,0.0
561,1,right_lane,fixed,True,0.5,40,0,21.143957345971565,0.5,3.5,4.706411827355623,60.37839840507326,41.12839840507327,19.25,nan,0.0,0,0,40,0,1.0,1.0,38.0
562,1,right_lane,fixed,True,0.5,40,0,22.018957247136935,10.5,4.0,13.566544510424137,57.77836369961912,43.02836369961911,14.75,nan,0.0,0,0,40,0,9.0,3.0,28.0
563,1,right_lane,fixed,True,0.5,40,0,21.018957345971565,3.5,9.0,8.518728069961071,59.676544187908206,41.42654418790821,18.25,nan,0.0,0,0,40,0,2.0,4.0,34.0
564,1,right_lane,fixed,True,0.5,40,0,23.518957345971565,9.0,9.5,13.028676517307758,60.928915413577506,45.428915413577506,15.5,nan,0.0,0,0,40,0,8.0,4.0,28.0
565,1,right_lane,fixed,True,0.5,40,0,20.8939566082395,0.0,0.0,2.7117902099416824,61.230330573183195,41.230330573183195,20.0,nan,0.0,0,0,40,0,0.0,0.0,40.0
566,1,right_lane,fixed,True,0.5,40,0,21.393957345971565,0.0,0.5,3.718865985994853,62.03033277848597,42.03033277848597,20.0,nan,0.0,0,0,40,0,0.0,0.0,40.0
567,1,right_lane,fixed,True,0.5,40,0,20.518957345971565,0.0,16.0,5.51214220741349,60.629397667739944,40.629397667739944,20.0,nan,0.0,0,0,40,0,0.0,1.0,39.0
568,1,right_lane,fixed,True,0.5,40,0,23.643957345971565,3.5,10.5,7.38500102292619,63.879623584063275,45.629623584063275,18.25,nan,0.0,0,0,40,0,0.0,8.0,32.0
569,1,right_lane,fixed,True,0.5,40,0,21.893957345971565,0.0,1.0,2.6671053573682,62.8293983296861,42.829398329686114,20.0,nan,0.0,0,0,40,0,0.0,1.0,39.0
570,1,right_lane,fixed,True,0.5,40,0,20.768957345971565,0.0,2.5,2.2988371737883426,61.030331753554506,41.030331753554506,20.0,nan,0.0,0,0,40,0,0.0,0.0,40.0
571,1,right_lane,fixed,True,0.5,40,0,24.64395733273105,2.5,8.5,6.350577036173036,65.97937636124837,47.229376361248356,18.75,nan,0.0,0,0,40,0,0.0,5.0,35.0
572,1,right_lane,fixed,True,0.5,40,0,25.643956608239495,18.0,1.5,20.158866874873638,59.82768333073237,48.82768333073236,11.0,nan,0.0,0,0,40,0,17.0,3.0,20.0
573,1,right_lane,fixed,True,0.5,40,0,22.018957345971565,0.0,5.0,3.5156196692378217,63.02939935461757,43.02939935461757,20.0,nan,0.0,0,0,40,0,0.0,1.0,39.0
574,1,right_lane,fixed,True,0.5,40,0,21.768956595220324,10.5,5.5,14.333735652267933,57.37653922560322,42.6265392256032,14.75,nan,0.0,0,0,40,0,9.0,4.0,27.0
575,1,right_lane,fixed,True,0.5,40,0,22.018919644945782,0.0,4.5,3.4132965415692524,63.0293383878982,43.0293383878982,20.0,nan,0.0,0,0,40,0,0.0,1.0,39.0
576,1,right_lane,fixed,True,0.5,40,0,20.268957345971565,0.0,7.0,4.109337388279528,60.403111444192724,40.403111444192724,20.0,nan,0.0,0,0,40,0,0.0,1.0,39.0
577,1,right_lane,fixed,True,0.5,40,0,22.768957345971565,2.5,5.5,6.73604739880534,62.979413056131385,44.229413056131385,18.75,nan,0.0,0,0,40,0,0.0,5.0,35.0
578,1,right_lane,fixed,True,0.5,40,0,21.518957345971565,0.0,3.0,3.3007845343090594,62.23033175355451,42.23033175355451,20.0,nan,0.0,0,0,40,0,0.0,0.0,40.0
579,1,right_lane,fixed,True,0.5,40,0,20.518957345971565,0.0,17.5,5.020669512450695,60.630331753554515,40.6303317535545,20.0,nan,0.0,0,0,40,0,0.0,0.0,40.0
580,1,right_lane,fixed,True,0.5,40,0,21.64395734448282,0.0,7.0,4.270873298522929,62.43033175117251,42.43033175117251,20.0,nan,0.0,0,0,40,0,0.0,0.0,40.0
581,1,right_lane,fixed,True,0.5,40,0,21.018957345971565,0.0,4.5,2.7493016761072795,61.42939766980946,41.42939766980946,20.0,nan,0.0,0,0,40,0,0.0,1.0,39.0
582,1,right_lane,fixed,True,0.5,40,0,24.268957345971565,0.0,0.0,2.9248913972369337,66.6303317535545,46.630331753554515,20.0,nan,0.0,0,0,40,0,0.0,0.0,40.0
583,1,right_lane,fixed,True,0.5,40,0,20.268957345971565,0.0,14.5,6.022121869027615,60.22939651470176,40.22939651470176,20.0,nan,0.0,0,0,40,0,0.0,1.0,39.0
584,1,right_lane,fixed,True,0.5,31,1,23.41155786576976,0.5,1.0,3.5074737087616086,50.27839910886089,35.02839910886089,15.25,nan,0.0,0,0,31,0,1.0,1.0,29.0
585,1,right_lane,fixed,True,0.5,40,0,22.268957247332974,3.0,5.5,6.321868087050461,61.42869099502147,42.92869099502147,18.5,nan,0.0,0,0,40,0,2.0,4.0,34.0
586,1,right_lane,fixed,True,0.5,40,0,20.268957345971565,0.0,6.0,4.3649832755327225,60.230331890593135,40.230331890593135,20.0,nan,0.0,0,0,40,0,0.0,0.0,40.0
587,1,right_lane,fixed,True,0.5,40,0,21.518957345971565,3.0,3.0,4.653707298739391,60.98033175355451,42.23033175355451,18.75,nan,0.0,0,0,40,0,0.0,5.0,35.0
588,1,right_lane,fixed,True,0.5,40,0,26.01895734406107,20.5,5.5,22.78078451260808,58.92828541328123,49.42828541328123,9.5,nan,0.0,0,0,40,0,18.0,7.0,15.0
589,1,right_lane,fixed,True,0.5,40,0,23.393957345716643,3.0,5.0,6.839019995168201,63.979637462234805,45.229637462234805,18.75,nan,0.0,0,0,40,0,0.0,5.0,35.0
590,1,right_lane,fixed,True,0.5,40,0,22.768957345971565,0.0,4.0,3.6114909543628073,63.979398329686106,44.2293983296861,19.75,nan,0.0,0,0,40,0,0.0,1.0,39.0
591,1,right_lane,fixed,True,0.5,9,1,21.19536592423284,0.5,4.5,2.074934810400009,13.72939649387108,9.22939649387108,4.5,nan,0.0,0,0,9,0,0.0,1.0,8.0
592,1,right_lane,fixed,True,0.5,40,0,21.393671888659334,0.0,4.0,4.045430671423674,61.27894159798654,41.52894159798654,19.75,nan,0.0,0,0,40,0,0.0,1.0,39.0
593,1,right_lane,fixed,True,0.5,40,0,23.518957344257114,0.0,1.0,3.5308238184952643,65.42979491290433,45.42979491290433,20.0,nan,0.0,0,0,40,0,0.0,1.0,39.0
594,1,right_lane,fixed,True,0.5,40,0,22.018957345971565,0.0,0.5,2.837294090539217,63.029398332067984,43.029398332067984,20.0,nan,0.0,0,0,40,0,0.0,1.0,39.0
595,1,right_lane,fixed,True,0.5,40,0,21.018957345970993,0.0,5.5,4.372724889458368,61.429397667739025,41.429397667739025,20.0,nan,0.0,0,0,40,0,0.0,1.0,39.0
596,1,right_lane,fixed,True,0.5,40,0,20.768957345971565,0.0,1.5,4.533565729856491,61.02939766774195,41.02939766774195,20.0,nan,0.0,0,0,40,0,0.0,1.0,39.0
597,1,right_lane,fixed,True,0.5,40,0,20.268957345971565,1.0,5.0,5.636216878890991,59.72899122942999,40.22899122942999,19.5,nan,0.0,0,0,40,0,0.0,3.0,37.0
598,1,right_lane,fixed,True,0.5,38,1,20.6778498378648,0.5,0.5,1.2078738735308434,57.8303317535545,38.8303317535545,19.0,nan,0.0,0,0,38,0,0.0,0.0,38.0
599,1,right_lane,fixed,True,0.5,40,0,23.268957345971565,11.0,8.5,14.960318140685558,59.02891703275265,44.52891703275266,14.5,nan,0.0,0,0,40,0,9.0,5.0,26.0
600,1,right_lane,fixed,True,0.5,40,0,20.76891480462308,1.5,16.5,6.490884467959404,60.202980525148966,41.202980525148966,19.0,nan,0.0,0,0,40,0,0.0,4.0,36.0
601,1,right_lane,fixed,True,0.5,40,0,22.018957345971565,5.0,17.0,11.371166005730629,60.52897432960071,43.02897432960071,17.5,nan,0.0,0,0,40,0,5.0,2.0,33.0
602,1,right_lane,fixed,True,0.5,40,0,20.89395734596765,0.0,10.5,4.661717407405376,61.22939766651418,41.229397666514174,20.0,nan,0.0,0,0,40,0,0.0,1.0,39.0
603,1,right_lane,fixed,True,0.5,40,0,22.14395734594575,2.5,2.5,6.453844025578746,61.97839910882502,43.22839910882502,18.75,nan,0.0,0,0,40,0,3.0,1.0,36.0
604,1,right_lane,fixed,True,0.5,40,0,22.26895174381868,0.0,11.0,4.021082553706947,63.43032279014575,43.43032279014576,20.0,nan,0.0,0,0,40,0,0.0,0.0,40.0
605,1,right_lane,fixed,True,0.5,40,0,21.393629347340514,0.0,13.5,4.49281559337669,62.028880653005466,42.028880653005466,20.0,nan,0.0,0,0,40,0,0.0,1.0,39.0
606,1,right_lane,fixed,True,0.5,40,0,21.87532874938229,0.5,2.5,4.318235631958942,62.54904833843103,42.79904833843103,19.75,nan,0.0,0,0,40,0,1.0,1.0,38.0
607,1,right_lane,fixed,True,0.5,40,0,20.643957345971565,0.0,1.5,3.175330016762018,61.029875021902406,41.029875021902406,20.0,nan,0.0,0,0,40,0,0.0,0.0,40.0
608,1,right_lane,fixed,True,0.5,40,0,22.016466606367043,2.0,1.0,5.042665916700571,62.02563768134231,43.0256376813423,19.0,nan,0.0,0,0,40,0,0.0,4.0,36.0
609,1,right_lane,fixed,True,0.5,40,0,21.768957345971565,0.0,4.5,4.611895602365621,62.63285805398827,42.632858053988265,20.0,nan,0.0,0,0,40,0,0.0,1.0,39.0
610,1,right_lane,fixed,True,0.5,40,0,21.0189573329563,0.0,6.5,3.6010655196023436,61.43033173273008,41.43033173273009,20.0,nan,0.0,0,0,40,0,0.0,0.0,40.0
611,1,right_lane,fixed,True,0.5,40,0,21.518957345971565,0.0,3.5,3.231462056053715,62.23033177163661,42.230331771636614,20.0,nan,0.0,0,0,40,0,0.0,0.0,40.0
612,1,right_lane,fixed,True,0.5,40,0,22.393957345971565,0.5,9.5,4.086703927026065,63.37839840507331,43.628398405073305,19.75,nan,0.0,0,0,40,0,1.0,1.0,38.0
613,1,right_lane,fixed,True,0.5,40,0,21.268957345971565,0.5,10.5,5.239883575319254,61.57839840304394,41.82839840304395,19.75,nan,0.0,0,0,40,0,1.0,1.0,38.0
614,1,right_lane,fixed,True,0.5,40,0,20.518957345971565,0.0,3.5,3.4732530207838863,60.63033175355449,40.6303317535545,20.0,nan,0.0,0,0,40,0,0.0,0.0,40.0
615,1,right_lane,fixed,True,0.5,40,0,20.518956692595996,0.0,7.0,4.524665728211403,60.630330708153586,40.630330708153586,20.0,nan,0.0,0,0,40,0,0.0,0.0,40.0
616,1,right_lane,fixed,True,0.5,11,1,25.5234577972102,11.0,0.0,10.676449179649353,13.730322338507435,13.230322338507435,0.5,nan,0.0,0,0,11,0,11.0,0.0,0.0
617,1,right_lane,fixed,True,0.5,40,0,22.518957345971565,0.0,0.5,3.9861197598122544,62.829398329686114,43.329398329686114,19.5,nan,0.0,0,0,40,0,0.0,1.0,39.0
618,1,right_lane,fixed,True,0.5,40,0,24.143957345971565,0.0,2.0,3.028542980964346,66.4303317535545,46.430331753554505,20.0,nan,0.0,0,0,40,0,0.0,0.0,40.0
619,1,right_lane,fixed,True,0.5,40,0,21.268957345971565,2.5,0.5,6.323019885123813,60.578399108860886,41.82839910886089,18.75,nan,0.0,0,0,40,0,3.0,1.0,36.0
620,1,right_lane,fixed,True,0.5,40,0,21.768957345971565,0.5,3.0,3.805973446202188,62.6303317535545,42.63033175355451,20.0,nan,0.0,0,0,40,0,0.0,0.0,40.0
621,1,right_lane,fixed,True,0.5,20,1,21.037914691943126,5.0,7.0,7.692549794912338,28.12853391966089,20.62853391966089,7.5,nan,0.0,0,0,20,0,5.0,1.0,14.0
622,1,right_lane,fixed,True,0.5,40,0,20.393957345971565,0.0,3.0,4.647393561899662,59.679397666520444,39.929397666520444,19.75,nan,0.0,0,0,40,0,0.0,1.0,39.0
623,1,right_lane,fixed,True,0.5,40,0,24.143957345971565,8.5,0.0,11.409193445928395,62.17889399247141,46.4288939924714,15.75,nan,0.0,0,0,40,0,9.0,1.0,30.0
624,1,right_lane,fixed,True,0.5,40,0,21.143957345971565,3.0,2.5,5.665181904639667,60.12941594267627,41.62941594267628,18.5,nan,0.0,0,0,40,0,0.0,7.0,33.0
625,1,right_lane,fixed,True,0.5,40,0,21.393957345971565,0.0,7.5,4.420122831212211,62.0293983296861,42.029398329686096,20.0,nan,0.0,0,0,40,0,0.0,1.0,39.0
626,1,right_lane,fixed,True,0.5,40,0,21.518957345971565,0.0,9.5,3.831685661978554,62.22939766774115,42.22939766774115,20.0,nan,0.0,0,0,40,0,0.0,1.0,39.0
627,1,right_lane,fixed,True,0.5,40,0,22.143957345971565,0.0,0.0,3.2199636257819293,63.23033175355451,43.230331753554495,20.0,nan,0.0,0,0,40,0,0.0,0.0,40.0
628,1,right_lane,fixed,True,0.5,40,0,22.143628596815045,0.0,3.0,3.5662869057487114,63.22980575490407,43.22980575490408,20.0,nan,0.0,0,0,40,0,0.0,0.0,40.0
629,1,right_lane,fixed,True,0.5,40,0,22.643957345971565,1.5,3.5,5.084380639409574,63.28009317139365,44.03009317139365,19.25,nan,0.0,0,0,40,0,0.0,3.0,37.0
630,1,right_lane,fixed,True,0.5,40,0,20.268957345971565,0.0,18.5,6.229546695947647,60.23033175355451,40.2303317535545,20.0,nan,0.0,0,0,40,0,0.0,0.0,40.0
631,1,right_lane,fixed,True,0.5,40,0,21.018957345971565,3.0,17.0,7.663285605609417,59.92899087426931,41.42899087426931,18.5,nan,0.0,0,0,40,0,0.0,7.0,33.0
632,1,right_lane,fixed,True,0.5,40,0,26.268957345967635,0.0,0.5,2.2827736349404404,69.83033175354821,49.83033175354822,20.0,nan,0.0,0,0,40,0,0.0,0.0,40.0
633,1,right_lane,fixed,True,0.5,13,1,25.44281216934526,1.0,2.5,2.7511578599696804,21.878329683371383,15.62832968337138,6.25,nan,0.0,0,0,13,0,1.0,1.0,11.0
634,1,right_lane,fixed,True,0.5,40,0,21.268957345971565,2.5,4.5,6.140183113515377,59.82939796973335,41.32939796973335,18.5,nan,0.0,0,0,40,0,0.0,5.0,35.0
635,1,right_lane,fixed,True,0.5,40,0,21.393957345971565,3.0,2.5,7.149746377021074,60.52869115241789,42.02869115241789,18.5,nan,0.0,0,0,40,0,2.0,4.0,34.0
636,1,right_lane,fixed,True,0.5,40,0,21.143957345971565,0.5,0.0,3.8200216274126433,61.37839910886089,41.62839910886089,19.75,nan,0.0,0,0,40,0,1.0,1.0,38.0
637,1,right_lane,fixed,True,0.5,40,0,20.643957345971565,0.0,1.5,3.4456100277602673,60.8303317535545,40.8303317535545,20.0,nan,0.0,0,0,40,0,0.0,0.0,40.0
638,1,right_lane,fixed,True,0.5,40,0,22.018957345971565,7.5,11.5,11.899735041145277,59.527613715386,43.027613715386,16.5,nan,0.0,0,0,40,0,3.0,8.0,29.0
639,1,right_lane,fixed,True,0.5,40,0,24.74751001114672,2.0,11.0,6.948305975009021,66.31803625976738,47.56803625976738,18.75,nan,0.0,0,0,40,0,0.0,5.0,35.0
640,1,right_lane,fixed,True,0.5,40,0,25.252496440617865,0.0,1.0,2.848875740576659,68.23379109526626,48.23379109526627,20.0,nan,0.0,0,0,40,0,0.0,0.0,40.0
641,1,right_lane,fixed,True,0.5,8,1,21.344786235536013,0.5,3.5,1.8441701531410217,12.426863289393784,8.426863289393786,4.0,nan,0.0,0,0,8,0,0.0,0.0,8.0
642,1,right_lane,fixed,True,0.5,40,0,21.268957345971565,0.0,0.0,3.175103575098774,61.0793983296861,41.32939832968609,19.75,nan,0.0,0,0,40,0,0.0,1.0,39.0
643,1,right_lane,fixed,True,0.5,40,0,23.518957345971565,0.0,2.5,3.0675972611820725,65.42939832968612,45.42939832968611,20.0,nan,0.0,0,0,40,0,0.0,1.0,39.0
644,1,right_lane,fixed,True,0.5,40,0,21.893957345971565,5.5,7.5,7.648751555389936,60.07837785756398,42.82837785756398,17.25,nan,0.0,0,0,40,0,6.0,1.0,33.0
645,1,right_lane,fixed,True,0.5,40,0,22.14113291973792,0.0,2.0,3.1799504667653764,63.22581267158068,43.225812671580684,20.0,nan,0.0,0,0,40,0,0.0,0.0,40.0
646,1,right_lane,fixed,True,0.5,40,0,21.643957345971565,0.0,5.5,3.319332342938651,62.43332230621481,42.43332230621482,20.0,nan,0.0,0,0,40,0,0.0,1.0,39.0
647,1,right_lane,fixed,True,0.5,40,0,20.893957345971565,3.5,13.0,9.149447150528431,59.47747811985526,41.22747811985527,18.25,nan,0.0,0,0,40,0,2.0,3.0,35.0
648,1,right_lane,fixed,True,0.5,40,0,21.268957345971565,0.5,10.0,5.306533919181675,61.578398405073315,41.82839840507331,19.75,nan,0.0,0,0,40,0,1.0,1.0,38.0
649,1,right_lane,fixed,True,0.5,40,0,21.518957345967653,0.0,9.5,4.325165175194343,62.22939766773488,42.22939766773488,20.0,nan,0.0,0,0,40,0,0.0,1.0,39.0
650,1,right_lane,fixed,True,0.5,40,0,22.518957344257622,0.5,1.0,4.450401090095511,63.578399106124024,43.828399106124024,19.75,nan,0.0,0,0,40,0,1.0,1.0,38.0
651,1,right_lane,fixed,True,0.5,40,0,21.893957345971565,0.0,2.5,3.5817349222306802,62.83033175593568,42.83033175593569,20.0,nan,0.0,0,0,40,0,0.0,0.0,40.0
652,1,right_lane,fixed,True,0.5,40,0,21.393957345971565,0.0,8.5,3.7299056872998335,62.029397667741144,42.02939766774114,20.0,nan,0.0,0,0,40,0,0.0,1.0,39.0
653,1,right_lane,fixed,True,0.5,40,0,20.268957345971565,0.0,10.0,3.701462651602924,60.2303317535545,40.2303317535545,20.0,nan,0.0,0,0,40,0,0.0,0.0,40.0
654,1,right_lane,fixed,True,0.5,40,0,21.643957345971565,3.5,4.5,7.42228487087732,60.680320299106064,42.43032029910606,18.25,nan,0.0,0,0,40,0,0.0,7.0,33.0
655,1,right_lane,fixed,True,0.5,40,0,21.393957345971565,1.5,9.5,6.045460461077255,61.52839840434077,42.02839840434078,19.5,nan,0.0,0,0,40,0,1.0,2.0,37.0
656,1,right_lane,fixed,True,0.5,40,0,22.518957247107274,0.5,4.5,4.789585762047864,63.50205887847592,44.00205887847592,19.5,nan,0.0,0,0,40,0,1.0,1.0,38.0
657,1,right_lane,fixed,True,0.5,40,0,21.768957345941836,0.0,0.0,3.253332966938615,62.63033189085913,42.63033189085913,20.0,nan,0.0,0,0,40,0,0.0,0.0,40.0
658,1,right_lane,fixed,True,0.5,40,0,21.393957345971565,8.5,13.5,13.176805630326271,57.77837632174758,42.02837632174758,15.75,nan,0.0,0,0,40,0,9.0,1.0,30.0
659,1,right_lane,fixed,True,0.5,40,0,25.018956595446095,7.5,0.5,9.419433305845814,64.07891422000526,47.82891422000525,16.25,nan,0.0,0,0,40,0,7.0,3.0,30.0
660,1,right_lane,fixed,True,0.5,40,0,21.643957345941836,0.0,1.0,3.231299169725389,62.430332796212284,42.43033279621228,20.0,nan,0.0,0,0,40,0,0.0,0.0,40.0
661,1,right_lane,fixed,True,0.5,40,0,21.768957345971565,0.5,7.5,5.476311926289782,62.378399108902194,42.6283991089022,19.75,nan,0.0,0,0,40,0,1.0,1.0,38.0
662,1,right_lane,fixed,True,0.5,40,0,22.51895734425717,8.0,8.5,12.040209978818893,59.826733272405264,43.82673327240527,16.0,nan,0.0,0,0,40,0,4.0,9.0,27.0
663,1,right_lane,fixed,True,0.5,40,0,22.26895734597155,8.5,9.0,12.438404082693523,59.17847104854523,43.428471048545234,15.75,nan,0.0,0,0,40,0,9.0,1.0,30.0
664,1,right_lane,fixed,True,0.5,38,1,20.6778498378648,1.0,10.0,6.517271317541599,57.57839840433951,38.82839840433951,18.75,nan,0.0,0,0,38,0,1.0,1.0,36.0
665,1,right_lane,fixed,True,0.5,40,0,21.518957344286825,0.0,2.0,3.2773847588687204,61.48033175085892,41.73033175085892,19.75,nan,0.0,0,0,40,0,0.0,0.0,40.0
666,1,right_lane,fixed,True,0.5,40,0,23.856042654062083,14.5,5.5,16.86961370391657,58.718962010336895,45.968962010336895,12.75,nan,0.0,0,0,40,0,13.0,4.0,23.0
667,1,right_lane,fixed,True,0.5,40,0,21.643957345971565,0.5,6.5,4.109314175378586,62.578398404294745,42.828398404294745,19.75,nan,0.0,0,0,40,0,1.0,1.0,38.0
668,1,right_lane,fixed,True,0.5,40,0,22.018957345971565,0.5,1.5,3.488118057770862,62.778399108860896,43.0283991088609,19.75,nan,0.0,0,0,40,0,1.0,1.0,38.0
669,1,right_lane,fixed,True,0.5,40,0,20.393957345971565,0.0,10.5,4.556799791753292,60.430331753554505,40.430331753554505,20.0,nan,0.0,0,0,40,0,0.0,0.0,40.0
670,1,right_lane,fixed,True,0.5,40,0,22.893957345971565,10.0,2.0,12.994787296048344,59.428704849608124,44.42870484960813,15.0,nan,0.0,0,0,40,0,10.0,2.0,28.0
671,1,right_lane,fixed,True,0.5,40,0,24.518957345971565,14.5,1.5,16.65932995080948,59.77891514086115,47.028915140861145,12.75,nan,0.0,0,0,40,0,14.0,3.0,23.0
672,1,right_lane,fixed,True,0.5,40,0,23.393957331237996,9.0,10.0,12.863224533449284,60.7270615391346,45.227061539134596,15.5,nan,0.0,0,0,40,0,7.0,5.0,28.0
673,1,right_lane,fixed,True,0.5,40,0,22.37749644062177,9.0,0.0,11.895635597407818,59.101440259194725,43.60144025919473,15.5,nan,0.0,0,0,40,0,8.0,3.0,29.0
674,1,right_lane,fixed,True,0.5,40,0,20.643957345971565,0.5,15.0,6.699486205325229,60.77493009835633,41.02493009835633,19.75,nan,0.0,0,0,40,0,1.0,1.0,38.0
675,1,right_lane,fixed,True,0.5,40,0,23.018957345971565,18.5,0.0,20.712305523455143,55.379623304077455,44.62962330407746,10.75,nan,0.0,0,0,40,0,11.0,17.0,12.0
676,1,right_lane,fixed,True,0.5,40,0,20.393957345971565,0.0,3.5,4.627079509198666,60.429397666520444,40.429397666520444,20.0,nan,0.0,0,0,40,0,0.0,1.0,39.0
677,1,right_lane,fixed,True,0.5,40,0,20.893957345971565,2.0,14.0,7.500379703938961,60.228988975049944,41.22898897504995,19.0,nan,0.0,0,0,40,0,0.0,4.0,36.0
678,1,right_lane,fixed,True,0.5,40,0,20.518957345971565,0.0,5.5,4.8009940683841705,60.629397667739944,40.629397667739944,20.0,nan,0.0,0,0,40,0,0.0,1.0,39.0
679,1,right_lane,fixed,True,0.5,40,0,21.89390835479482,2.0,3.0,5.760919727385044,61.828610673030646,42.828610673030646,19.0,nan,0.0,0,0,40,0,0.0,5.0,35.0
680,1,right_lane,fixed,True,0.5,40,0,22.39395734574963,0.0,4.5,3.9525732654910826,63.62946573153766,43.62946573153766,20.0,nan,0.0,0,0,40,0,0.0,1.0,39.0
681,1,right_lane,fixed,True,0.5,40,0,24.143957344031918,0.0,1.0,3.345463884043056,66.42939832689099,46.42939832689099,20.0,nan,0.0,0,0,40,0,0.0,1.0,39.0
682,1,right_lane,fixed,True,0.5,40,0,23.268957345971565,0.5,3.0,4.155236832686114,64.77839840703426,45.02839840703425,19.75,nan,0.0,0,0,40,0,1.0,1.0,38.0
683,1,right_lane,fixed,True,0.5,40,0,21.018957345971565,0.0,0.0,1.3839147799594684,61.4303317535545,41.430331753554505,20.0,nan,0.0,0,0,40,0,0.0,0.0,40.0
684,1,right_lane,fixed,True,0.5,40,0,21.768957345971565,1.5,5.0,5.419591760262847,61.87963670608195,42.62963670608195,19.25,nan,0.0,0,0,40,0,0.0,3.0,37.0
685,1,right_lane,fixed,True,0.5,40,0,21.768957345971565,0.0,5.0,4.4624717845845225,62.62939766774184,42.62939766774183,20.0,nan,0.0,0,0,40,0,0.0,1.0,39.0
686,1,right_lane,fixed,True,0.5,40,0,22.268586068259964,0.0,2.0,3.6451960050551406,63.428803623403255,43.42880362340327,20.0,nan,0.0,0,0,40,0,0.0,1.0,39.0
687,1,right_lane,fixed,True,0.5,40,0,21.768957345971565,0.0,7.0,4.1785060302354395,62.630847569832014,42.630847569832014,20.0,nan,0.0,0,0,40,0,0.0,0.0,40.0
688,1,right_lane,fixed,True,0.5,40,0,20.768957345971565,0.0,3.0,4.2493710815906525,61.030331753554506,41.030331753554506,20.0,nan,0.0,0,0,40,0,0.0,0.0,40.0
689,1,right_lane,fixed,True,0.5,40,0,22.643957345971113,0.0,3.5,3.060492361371871,64.03033175355378,44.03033175355379,20.0,nan,0.0,0,0,40,0,0.0,0.0,40.0
690,1,right_lane,fixed,True,0.5,40,0,22.143957345971565,4.0,6.5,8.768645273412403,61.22770413457341,43.2277041345734,18.0,nan,0.0,0,0,40,0,3.0,4.0,33.0
691,1,right_lane,fixed,True,0.5,40,0,21.518957345971565,0.0,0.5,2.69104060878135,62.23033175355449,42.230331753554495,20.0,nan,0.0,0,0,40,0,0.0,0.0,40.0
692,1,right_lane,fixed,True,0.5,40,0,21.143957345971565,2.0,10.0,7.034212648868561,60.62937866352393,41.629378663523916,19.0,nan,0.0,0,0,40,0,0.0,4.0,36.0
693,1,right_lane,fixed,True,0.5,40,0,21.643957331238514,9.0,13.0,14.02720133215189,58.17709546801989,42.42709546801989,15.75,nan,0.0,0,0,40,0,8.0,3.0,29.0
694,1,right_lane,fixed,True,0.5,40,0,21.393957345971565,0.0,9.5,4.134833662166784,61.7803317535545,42.030331753554506,19.75,nan,0.0,0,0,40,0,0.0,0.0,40.0
695,1,right_lane,fixed,True,0.5,40,0,21.122875600860247,0.0,8.5,4.462832729390357,61.59566687434234,41.59566687434234,20.0,nan,0.0,0,0,40,0,0.0,1.0,39.0
696,1,right_lane,fixed,True,0.5,40,0,23.643957345971565,13.0,11.0,16.463598787784576,59.156271027096444,45.65627102709645,13.5,nan,0.0,0,0,40,0,13.0,2.0,25.0
697,1,right_lane,fixed,True,0.5,40,0,21.39395734596765,2.5,7.5,7.119273282587528,60.77746085598276,42.02746085598275,18.75,nan,0.0,0,0,40,0,1.0,5.0,34.0
698,1,right_lane,fixed,True,0.5,36,1,22.243285939968402,4.5,9.0,8.868626195056095,55.02941382242486,39.02941382242486,16.0,nan,0.0,0,0,36,0,0.0,9.0,27.0
699,1,right_lane,fixed,True,0.5,40,0,23.268957345971565,7.5,9.0,10.580283887420194,60.528473934693245,44.52847393469324,16.0,nan,0.0,0,0,40,0,8.0,1.0,31.0
700,1,right_lane,fixed,True,0.5,16,1,20.672393364928887,0.5,7.5,3.6496705561876297,24.229396514701747,16.229396514701747,8.0,nan,0.0,0,0,16,0,0.0,1.0,15.0
701,1,right_lane,fixed,True,0.5,40,0,22.76895724882166,0.0,7.5,3.323176088440505,63.48033159811466,43.73033159811466,19.75,nan,0.0,0,0,40,0,0.0,0.0,40.0
702,1,right_lane,fixed,True,0.5,40,0,23.268957260126378,7.5,4.0,10.823136810213327,61.27889399016769,45.028893990167695,16.25,nan,0.0,0,0,40,0,8.0,1.0,31.0
703,1,right_lane,fixed,True,0.5,40,0,21.268957344286832,0.5,14.0,5.878113092854619,61.578398521642455,41.82839852164245,19.75,nan,0.0,0,0,40,0,1.0,1.0,38.0
704,1,right_lane,fixed,True,0.5,40,0,22.143957345971565,0.0,5.5,3.852641578807379,63.230331755895094,43.230331755895094,20.0,nan,0.0,0,0,40,0,0.0,0.0,40.0
705,1,right_lane,fixed,True,0.5,40,0,21.393957345971565,0.5,2.0,4.428410018389513,61.77839717650325,42.02839717650325,19.75,nan,0.0,0,0,40,0,1.0,1.0,38.0
706,1,right_lane,fixed,True,0.5,40,0,25.268957345971565,17.5,1.5,20.23158697783947,59.478672128536026,48.228672128536026,11.25,nan,0.0,0,0,40,0,16.0,5.0,19.0
707,1,right_lane,fixed,True,0.5,40,0,23.143957345971565,0.0,5.5,3.08709711690517,64.8293983296861,44.82939832968611,20.0,nan,0.0,0,0,40,0,0.0,1.0,39.0
708,1,right_lane,fixed,True,0.5,40,0,21.018957345971565,12.5,2.5,15.642516665160656,55.18033157491245,41.43033157491245,13.75,nan,0.0,0,0,40,0,11.0,5.0,24.0
709,1,right_lane,fixed,True,0.5,40,0,20.768957345971497,0.0,4.5,4.017510734498501,61.03033175355439,41.030331753554385,20.0,nan,0.0,0,0,40,0,0.0,0.0,40.0
710,1,right_lane,fixed,True,0.5,40,0,21.518957345971565,8.5,1.5,11.739645546520478,57.977110862968225,42.22711086296823,15.75,nan,0.0,0,0,40,0,7.0,4.0,29.0
711,1,right_lane,fixed,True,0.5,40,0,23.768957345971565,17.5,1.0,19.974815547466278,57.07974097368244,45.82974097368244,11.25,nan,0.0,0,0,40,0,18.0,1.0,21.0
712,1,right_lane,fixed,True,0.5,40,0,21.143957345971565,0.0,5.5,4.573759053031608,61.62939832968609,41.62939832968609,20.0,nan,0.0,0,0,40,0,0.0,1.0,39.0
713,1,right_lane,fixed,True,0.5,40,0,20.768957345971565,0.5,7.0,5.280720986425877,60.77839910880876,41.02839910880877,19.75,nan,0.0,0,0,40,0,1.0,1.0,38.0
714,1,right_lane,fixed,True,0.5,40,0,24.89178321769723,17.5,2.0,19.350511627009837,58.87499244059665,47.62499244059665,11.25,nan,0.0,0,0,40,0,18.0,1.0,21.0
715,1,right_lane,fixed,True,0.5,40,0,21.518957345971565,2.5,1.5,5.5714021772146225,61.156503228269926,42.40650322826993,18.75,nan,0.0,0,0,40,0,0.0,6.0,34.0
716,1,right_lane,fixed,True,0.5,40,0,20.268957345971565,0.0,15.0,5.399442858994007,60.2303317535545,40.2303317535545,20.0,nan,0.0,0,0,40,0,0.0,0.0,40.0
717,1,right_lane,fixed,True,0.5,40,0,22.143957345971565,0.0,5.0,2.508780655443843,63.23033175355452,43.23033175355451,20.0,nan,0.0,0,0,40,0,0.0,0.0,40.0
718,1,right_lane,fixed,True,0.5,40,0,23.75000000171446,27.0,0.5,27.020646655953897,52.29906829661054,45.79906829661054,6.5,nan,0.0,0,0,40,0,22.0,12.0,6.0
719,1,right_lane,fixed,True,0.5,40,0,22.26895659693477,0.0,7.0,3.8360208302910905,63.456668001273414,43.456668001273414,20.0,nan,0.0,0,0,40,0,0.0,0.0,40.0
720,1,right_lane,fixed,True,0.5,40,0,20.893957345971565,0.0,5.0,4.092345930635929,61.229398707157564,41.22939870715757,20.0,nan,0.0,0,0,40,0,0.0,1.0,39.0
721,1,right_lane,fixed,True,0.5,40,0,21.393957345971565,0.0,5.0,2.685396864108043,62.03033175355449,42.030331753554506,20.0,nan,0.0,0,0,40,0,0.0,0.0,40.0
722,1,right_lane,fixed,True,0.5,24,1,20.864928909952607,2.0,7.5,5.5901245549321175,35.87839717648496,24.62839717648496,11.25,nan,0.0,0,0,24,0,2.0,1.0,21.0
723,1,right_lane,fixed,True,0.5,40,0,22.143627944706306,0.0,3.0,3.4601321887757877,62.4798047115301,42.7298047115301,19.75,nan,0.0,0,0,40,0,0.0,0.0,40.0
724,1,right_lane,fixed,True,0.5,40,0,23.01895723411827,7.0,10.0,10.676532759268184,61.128736383221124,44.62873638322112,16.5,nan,0.0,0,0,40,0,5.0,4.0,31.0
725,1,right_lane,fixed,True,0.5,40,0,22.393957345971565,0.5,0.5,3.6219999959625966,63.37839926425873,43.62839926425872,19.75,nan,0.0,0,0,40,0,1.0,1.0,38.0
726,1,right_lane,fixed,True,0.5,40,0,21.143957345971565,0.0,6.0,3.832576291649275,61.63033175355449,41.6303317535545,20.0,nan,0.0,0,0,40,0,0.0,0.0,40.0
727,1,right_lane,fixed,True,0.5,40,0,20.643957345971565,0.0,1.0,3.9204349145293236,60.82939766774115,40.82939766774115,20.0,nan,0.0,0,0,40,0,0.0,1.0,39.0
728,1,right_lane,fixed,True,0.5,40,0,21.018957345971565,0.0,2.5,3.93631793026816,61.43033175355449,41.4303317535545,20.0,nan,0.0,0,0,40,0,0.0,0.0,40.0
729,1,right_lane,fixed,True,0.5,40,0,21.393957345971565,0.0,0.5,2.6546816171839964,62.02939766843072,42.029397668430725,20.0,nan,0.0,0,0,40,0,0.0,1.0,39.0
730,1,right_lane,fixed,True,0.5,40,0,21.768957345971565,0.0,1.5,3.6306679095796426,62.63033175355451,42.63033175355451,20.0,nan,0.0,0,0,40,0,0.0,0.0,40.0
731,1,right_lane,fixed,True,0.5,40,0,20.393957345971565,0.5,18.5,6.555732659995556,60.17839717648496,40.42839717648496,19.75,nan,0.0,0,0,40,0,1.0,1.0,38.0
732,1,right_lane,fixed,True,0.5,40,0,20.768957345971565,1.5,5.5,6.3359125182032585,60.2783984043395,41.0283984043395,19.25,nan,0.0,0,0,40,0,2.0,1.0,37.0
733,1,right_lane,fixed,True,0.5,40,0,21.268957345971565,1.5,5.0,5.4617417231202126,61.07963748071866,41.829637480718674,19.25,nan,0.0,0,0,40,0,0.0,3.0,37.0
734,1,right_lane,fixed,True,0.5,40,0,21.893957345971565,0.5,1.0,4.394968103762949,62.57839840507325,42.82839840507326,19.75,nan,0.0,0,0,40,0,1.0,1.0,38.0
735,1,right_lane,fixed,True,0.5,21,1,21.940871135183915,1.0,4.5,4.18129690218484,32.67839840507325,22.428398405073253,10.25,nan,0.0,0,0,21,0,1.0,1.0,19.0
736,1,right_lane,fixed,True,0.5,19,1,21.61885757046524,0.5,7.0,3.122911710788685,28.780331753553586,19.530331753553583,9.25,nan,0.0,0,0,19,0,0.0,0.0,19.0
737,1,right_lane,fixed,True,0.5,40,0,21.768957345971565,0.5,7.5,5.200016634509666,61.6283991088609,42.1283991088609,19.5,nan,0.0,0,0,40,0,1.0,1.0,38.0
738,1,right_lane,fixed,True,0.5,40,0,22.268957345971565,0.0,6.5,4.125329249953666,63.42939832968611,43.42939832968611,20.0,nan,0.0,0,0,40,0,0.0,1.0,39.0
739,1,right_lane,fixed,True,0.5,40,0,23.37532874938223,0.0,11.5,3.5830568419435167,65.20052599901156,45.20052599901157,20.0,nan,0.0,0,0,40,0,0.0,0.0,40.0
740,1,right_lane,fixed,True,0.5,40,0,22.393957331493432,0.0,1.5,2.8684232145515125,63.65621244729715,43.65621244729715,20.0,nan,0.0,0,0,40,0,0.0,0.0,40.0
741,1,right_lane,fixed,True,0.5,40,0,21.37749644062177,0.0,1.5,4.034369390289612,62.00306090124091,42.00306090124091,20.0,nan,0.0,0,0,40,0,0.0,1.0,39.0
742,1,right_lane,fixed,True,0.5,40,0,22.393957345971565,0.0,4.5,3.7490334682370303,63.82686344757133,43.826863447571334,20.0,nan,0.0,0,0,40,0,0.0,0.0,40.0
743,1,right_lane,fixed,True,0.5,23,1,20.467751906037503,0.5,9.5,3.462924361228943,34.7303317535545,23.230331753554502,11.5,nan,0.0,0,0,23,0,0.0,0.0,23.0
744,1,right_lane,fixed,True,0.5,40,0,21.518957344482878,0.0,12.0,4.507726242182457,61.4793983273042,41.7293983273042,19.75,nan,0.0,0,0,40,0,0.0,1.0,39.0
745,1,right_lane,fixed,True,0.5,40,0,25.768957345971046,16.0,4.5,18.15985130352783,61.02770570318755,49.02770570318754,12.0,nan,0.0,0,0,40,0,15.0,3.0,22.0
746,1,right_lane,fixed,True,0.5,40,0,21.643957345967657,0.0,0.5,3.393793847952111,62.429397667735614,42.429397667735614,20.0,nan,0.0,0,0,40,0,0.0,1.0,39.0
747,1,right_lane,fixed,True,0.5,40,0,21.018957345971565,9.0,5.5,13.06307448773714,57.180331753559926,41.43033175355993,15.75,nan,0.0,0,0,40,0,0.0,17.0,23.0
748,1,right_lane,fixed,True,0.5,40,0,20.393957345971565,0.0,15.5,5.2836504355072975,60.179397666520444,40.429397666520444,19.75,nan,0.0,0,0,40,0,0.0,1.0,39.0
749,1,right_lane,fixed,True,0.5,40,0,21.268957345971565,0.5,0.0,3.3788098436780274,61.57839910886089,41.82839910886089,19.75,nan,0.0,0,0,40,0,1.0,1.0,38.0
750,1,right_lane,fixed,True,0.5,40,0,21.768957345971554,0.0,5.0,3.7197273618676263,62.630331753554486,42.630331753554486,20.0,nan,0.0,0,0,40,0,0.0,0.0,40.0
751,1,right_lane,fixed,True,0.5,40,0,21.393957345971565,0.0,0.0,2.8016873498287396,62.02939832968612,42.02939832968612,20.0,nan,0.0,0,0,40,0,0.0,1.0,39.0
752,1,right_lane,fixed,True,0.5,40,0,21.518957345971554,1.0,7.0,5.222925207616754,61.72846151519478,42.22846151519478,19.5,nan,0.0,0,0,40,0,1.0,2.0,37.0
753,1,right_lane,fixed,True,0.5,40,0,23.64363429741048,8.0,5.0,11.059024816728197,61.62717332610732,45.62717332610731,16.0,nan,0.0,0,0,40,0,6.0,5.0,29.0
754,1,right_lane,fixed,True,0.5,40,0,23.393957345971558,0.0,2.0,3.134990338061016,65.23078056505335,45.23078056505334,20.0,nan,0.0,0,0,40,0,0.0,0.0,40.0
755,1,right_lane,fixed,True,0.5,40,0,22.643957345971565,0.5,8.0,4.15021422114296,64.02939832968613,44.0293983296861,20.0,nan,0.0,0,0,40,0,0.0,1.0,39.0
756,1,right_lane,fixed,True,0.5,40,0,22.268957345971565,10.0,2.5,13.385202199220657,58.178030826398484,43.42803082639849,14.75,nan,0.0,0,0,40,0,10.0,2.0,28.0
757,1,right_lane,fixed,True,0.5,40,0,21.768957345971565,19.0,2.5,21.61692177504301,53.12804940996694,42.62804940996694,10.5,nan,0.0,0,0,40,0,19.0,2.0,19.0
758,1,right_lane,fixed,True,0.5,32,1,21.117446682464454,0.5,9.0,5.7738523334264755,49.2293983296861,33.2293983296861,16.0,nan,0.0,0,0,32,0,0.0,1.0,31.0
759,1,right_lane,fixed,True,0.5,40,0,21.268957345971565,0.0,0.0,1.0451636576053716,61.07939766774115,41.32939766774115,19.75,nan,0.0,0,0,40,0,0.0,1.0,39.0
760,1,right_lane,fixed,True,0.5,40,0,21.893909103635565,0.0,2.0,3.069508247427848,62.8302545658169,42.830254565816915,20.0,nan,0.0,0,0,40,0,0.0,0.0,40.0
761,1,right_lane,fixed,True,0.5,40,0,22.893957345971565,4.5,9.5,8.292009703814983,62.17896105492608,44.42896105492607,17.75,nan,0.0,0,0,40,0,5.0,1.0,34.0
762,1,right_lane,fixed,True,0.5,40,0,22.643957345971565,0.0,9.0,3.863331537682825,64.02939766843072,44.02939766843072,20.0,nan,0.0,0,0,40,0,0.0,1.0,39.0
763,1,right_lane,fixed,True,0.5,22,1,23.44355863422119,0.5,1.5,1.9365836855631642,35.82939817424624,24.82939817424624,11.0,nan,0.0,0,0,22,0,0.0,1.0,21.0
764,1,right_lane,fixed,True,0.5,40,0,21.143957345971565,0.0,0.0,4.489630046262391,60.8793983296861,41.1293983296861,19.75,nan,0.0,0,0,40,0,0.0,1.0,39.0
765,1,right_lane,fixed,True,0.5,40,0,20.768957345971565,0.0,10.0,4.154952809059523,61.0303317535545,41.030331753554506,20.0,nan,0.0,0,0,40,0,0.0,0.0,40.0
766,1,right_lane,fixed,True,0.5,40,0,20.893957345971565,0.5,15.0,6.226032551378012,60.97839910880876,41.22839910880876,19.75,nan,0.0,0,0,40,0,1.0,1.0,38.0
767,1,right_lane,fixed,True,0.5,40,0,21.268956694084682,0.0,10.5,4.2384948171675205,61.830330710535485,41.8303307105355,20.0,nan,0.0,0,0,40,0,0.0,0.0,40.0
768,1,right_lane,fixed,True,0.5,40,0,20.893956694084682,0.0,0.5,3.3551190569996834,61.230331616202214,41.230331616202214,20.0,nan,0.0,0,0,40,0,0.0,0.0,40.0
769,1,right_lane,fixed,True,0.5,40,0,20.393957345971565,0.0,5.5,4.891425549983978,60.42939857218716,40.429398572187154,20.0,nan,0.0,0,0,40,0,0.0,1.0,39.0
770,1,right_lane,fixed,True,0.5,31,1,21.31478367222137,30.0,1.0,28.539627194404602,33.42891533204579,32.42891533204579,1.0,nan,0.0,0,0,31,0,29.0,2.0,0.0
771,1,right_lane,fixed,True,0.5,40,0,21.518957345971565,0.5,3.5,2.9372524492268894,60.97839840507331,41.72839840507331,19.25,nan,0.0,0,0,40,0,1.0,1.0,38.0
772,1,right_lane,fixed,True,0.5,40,0,21.393957345967713,0.5,12.5,4.48689568628879,62.029398329679935,42.029398329679935,20.0,nan,0.0,0,0,40,0,0.0,1.0,39.0
773,1,right_lane,fixed,True,0.5,40,0,23.518909202470194,0.0,1.0,3.3321734944427135,65.1793213000839,45.42932130008391,19.75,nan,0.0,0,0,40,0,0.0,1.0,39.0
774,1,right_lane,fixed,True,0.5,40,0,21.018957345971565,0.5,6.5,3.904455450689511,61.178465290127036,41.428465290127036,19.75,nan,0.0,0,0,40,0,1.0,1.0,38.0
775,1,right_lane,fixed,True,0.5,40,0,21.018957345971565,0.5,6.5,4.932729247957468,61.17839840434077,41.428398404340776,19.75,nan,0.0,0,0,40,0,1.0,1.0,38.0
776,1,right_lane,fixed,True,0.5,40,0,24.14113795584911,0.5,4.5,4.044715376035583,66.17388808466497,46.42388808466497,19.75,nan,0.0,0,0,40,0,1.0,1.0,38.0
777,1,right_lane,fixed,True,0.5,30,1,25.191943127961995,12.5,3.5,14.573955327272415,45.03189413134061,36.0318941313406,9.0,nan,0.0,0,0,30,0,9.0,7.0,14.0
778,1,right_lane,fixed,True,0.5,40,0,20.393957345971565,0.0,11.5,4.722997583448887,59.679396514701764,39.929396514701764,19.75,nan,0.0,0,0,40,0,0.0,1.0,39.0
779,1,right_lane,fixed,True,0.5,40,0,21.768957345971565,0.0,0.0,2.8797443797811866,62.62939766774183,42.629397667741834,20.0,nan,0.0,0,0,40,0,0.0,1.0,39.0
780,1,right_lane,fixed,True,0.5,40,0,20.893957345971565,0.0,5.5,4.489447977393866,61.22939651470176,41.22939651470176,20.0,nan,0.0,0,0,40,0,0.0,1.0,39.0
781,1,right_lane,fixed,True,0.5,40,0,21.893957345971565,0.0,2.5,3.6978695799298293,62.8303317535545,42.8303317535545,20.0,nan,0.0,0,0,40,0,0.0,0.0,40.0
782,1,right_lane,fixed,True,0.5,40,0,21.643957345971565,0.0,6.0,3.591272323271369,62.43033175355451,42.43033175355451,20.0,nan,0.0,0,0,40,0,0.0,0.0,40.0
783,1,right_lane,fixed,True,0.5,40,0,21.768957345941836,2.5,6.0,5.906362418739491,61.553060521172846,42.80306052117285,18.75,nan,0.0,0,0,40,0,0.0,5.0,35.0
784,1,right_lane,fixed,True,0.5,40,0,20.89395734594575,0.0,3.5,2.2000697954736097,61.229396514701826,41.22939651470181,20.0,nan,0.0,0,0,40,0,0.0,1.0,39.0
785,1,right_lane,fixed,True,0.5,40,0,20.518957345971565,14.5,6.5,19.85002291202545,53.62839840271857,40.628398402718574,13.0,nan,0.0,0,0,40,0,1.0,28.0,11.0
786,1,right_lane,fixed,True,0.5,40,0,24.01895239570215,0.5,8.0,4.475134110548481,65.72839118842982,46.228391188429825,19.5,nan,0.0,0,0,40,0,1.0,1.0,38.0
787,1,right_lane,fixed,True,0.5,40,0,20.768957345971565,0.0,3.0,2.1514825810099865,61.03033863096583,41.03033863096583,20.0,nan,0.0,0,0,40,0,0.0,0.0,40.0
788,1,right_lane,fixed,True,0.5,40,0,21.518957345971565,9.5,1.0,12.516463920474052,57.48025352135554,42.23025352135554,15.25,nan,0.0,0,0,40,0,10.0,1.0,29.0
789,1,right_lane,fixed,True,0.5,40,0,21.143957345971565,3.5,1.5,7.0713023079554205,60.05219647110122,41.80219647110122,18.25,nan,0.0,0,0,40,0,4.0,1.0,35.0
790,1,right_lane,fixed,True,0.5,40,0,20.643957345971565,0.0,0.0,3.2096425145864487,60.82939832963657,40.829398329636575,20.0,nan,0.0,0,0,40,0,0.0,1.0,39.0
791,1,right_lane,fixed,True,0.5,40,0,21.26891480290529,2.0,16.0,7.425655409693718,60.82931179105266,41.82931179105266,19.0,nan,0.0,0,0,40,0,0.0,4.0,36.0
792,1,right_lane,fixed,True,0.5,40,0,20.393957345971565,0.0,20.5,5.061872251331806,60.429456771619925,40.429456771619925,20.0,nan,0.0,0,0,40,0,0.0,1.0,39.0
793,1,right_lane,fixed,True,0.5,40,0,23.393957345971486,1.5,4.5,5.328813889914272,64.47887948214742,45.22887948214741,19.25,nan,0.0,0,0,40,0,0.0,3.0,37.0
794,1,right_lane,fixed,True,0.5,40,0,21.62749644062177,8.5,2.5,11.654826648533344,58.153403527818455,42.40340352781846,15.75,nan,0.0,0,0,40,0,9.0,1.0,30.0
795,1,right_lane,fixed,True,0.5,40,0,22.608867844032495,0.5,4.0,4.367052791775677,63.91878759977522,44.16878759977523,19.75,nan,0.0,0,0,40,0,1.0,1.0,38.0
796,1,right_lane,fixed,True,0.5,27,1,20.398455327365284,0.5,13.0,4.893389493227005,40.9527441644789,27.4527441644789,13.5,nan,0.0,0,0,27,0,0.0,0.0,27.0
797,1,right_lane,fixed,True,0.5,40,0,21.018957345971565,0.0,16.0,4.709926422236094,60.67939766774114,40.92939766774115,19.75,nan,0.0,0,0,40,0,0.0,1.0,39.0
798,1,right_lane,fixed,True,0.5,40,0,21.643957345971565,0.0,2.0,4.215794627692503,62.429398329686094,42.42939832968609,20.0,nan,0.0,0,0,40,0,0.0,1.0,39.0
799,1,right_lane,fixed,True,0.5,40,0,24.143957345971565,17.0,3.0,19.731535024940968,57.92803079061407,46.42803079061407,11.5,nan,0.0,0,0,40,0,17.0,2.0,21.0
800,1,right_lane,fixed,True,0.5,40,0,21.893957345971057,0.0,3.5,3.8592173844663193,62.83033175355368,42.83033175355368,20.0,nan,0.0,0,0,40,0,0.0,0.0,40.0
801,1,right_lane,fixed,True,0.5,40,0,21.768957345971565,0.5,7.5,4.391005373161647,62.3783991088616,42.6283991088616,19.75,nan,0.0,0,0,40,0,1.0,1.0,38.0
802,1,right_lane,fixed,True,0.5,40,0,20.393957345971565,0.0,6.5,4.433271989226341,60.603994304994835,40.603994304994835,20.0,nan,0.0,0,0,40,0,0.0,0.0,40.0
803,1,right_lane,fixed,True,0.5,40,0,22.768957247111114,11.5,8.5,15.6665321541077,58.47646108618724,44.226461086187236,14.25,nan,0.0,0,0,40,0,11.0,3.0,26.0
804,1,right_lane,fixed,True,0.5,40,0,21.768957345971565,5.5,9.5,9.810119138943264,59.87847132679202,42.628471326792024,17.25,nan,0.0,0,0,40,0,6.0,1.0,33.0
805,1,right_lane,fixed,True,0.5,40,0,23.37472024373468,0.0,0.5,2.880545460956,65.19955238997547,45.19955238997548,20.0,nan,0.0,0,0,40,0,0.0,0.0,40.0
806,1,right_lane,fixed,True,0.5,40,0,23.877496354776582,5.5,0.5,8.178298747109466,63.279282525786094,46.029282525786094,17.25,nan,0.0,0,0,40,0,6.0,1.0,33.0
807,1,right_lane,fixed,True,0.5,40,0,23.518957345971565,0.0,0.0,1.24010549979198,65.45320101539578,45.45320101539577,20.0,nan,0.0,0,0,40,0,0.0,0.0,40.0
808,1,right_lane,fixed,True,0.5,40,0,21.500000750751244,1.0,1.0,4.108757489735581,61.94813489600324,42.19813489600324,19.75,nan,0.0,0,0,40,0,0.0,2.0,38.0
809,1,right_lane,fixed,True,0.5,40,0,22.018957345971565,9.5,13.0,13.414558582007885,58.40206011589385,43.40206011589387,15.0,nan,0.0,0,0,40,0,10.0,1.0,29.0
810,1,right_lane,fixed,True,0.5,40,0,21.268919754863266,0.0,8.0,4.4880873137153685,61.830271607781214,41.83027160778123,20.0,nan,0.0,0,0,40,0,0.0,0.0,40.0
811,1,right_lane,fixed,True,0.5,40,0,21.87749643910335,0.0,3.0,3.4536759188096084,62.804046527907595,42.80404652790759,20.0,nan,0.0,0,0,40,0,0.0,0.0,40.0
812,1,right_lane,fixed,True,0.5,40,0,22.518957345971565,2.0,11.5,6.865161308711322,63.02617045455284,44.02617045455283,19.0,nan,0.0,0,0,40,0,0.0,4.0,36.0
813,1,right_lane,fixed,True,0.5,40,0,21.393957345971565,0.0,0.0,3.365974563668715,62.030331753554506,42.030331753554506,20.0,nan,0.0,0,0,40,0,0.0,0.0,40.0
814,1,right_lane,fixed,True,0.5,40,0,21.643957345971494,0.0,1.0,3.871273987693712,62.429397666520345,42.429397666520345,20.0,nan,0.0,0,0,40,0,0.0,1.0,39.0
815,1,right_lane,fixed,True,0.5,40,0,22.643957345971565,0.0,1.0,3.409969886672343,64.0293983296862,44.029398329686195,20.0,nan,0.0,0,0,40,0,0.0,1.0,39.0
816,1,right_lane,fixed,True,0.5,40,0,24.51895733317816,13.5,0.0,14.739251085021351,60.2783771230637,47.0283771230637,13.25,nan,0.0,0,0,40,0,14.0,1.0,25.0
817,1,right_lane,fixed,True,0.5,40,0,22.393957345971565,0.0,4.0,3.066374413589074,63.630331771328386,43.630331771328386,20.0,nan,0.0,0,0,40,0,0.0,0.0,40.0
818,1,right_lane,fixed,True,0.5,40,0,20.393957345971565,0.0,9.0,4.9782063737511635,60.429397666520444,40.429397666520444,20.0,nan,0.0,0,0,40,0,0.0,1.0,39.0
819,1,right_lane,fixed,True,0.5,40,0,21.50032874938229,0.0,14.0,4.4737918760092725,62.19959191319831,42.19959191319831,20.0,nan,0.0,0,0,40,0,0.0,1.0,39.0
820,1,right_lane,fixed,True,0.5,40,0,22.981042765911972,8.0,8.0,10.968862453693873,61.26658433274626,44.76658433274626,16.5,nan,0.0,0,0,40,0,6.0,4.0,30.0
821,1,right_lane,fixed,True,0.5,40,0,21.250328749382287,0.0,0.0,3.5746869739987233,61.69959175653776,42.19959175653777,19.5,nan,0.0,0,0,40,0,0.0,1.0,39.0
822,1,right_lane,fixed,True,0.5,40,0,23.14395734597105,11.0,11.5,15.719054289162159,59.527525554380986,45.027525554380986,14.5,nan,0.0,0,0,40,0,7.0,10.0,23.0
823,1,right_lane,fixed,True,0.5,40,0,23.268957345971565,10.5,7.0,14.521325383934936,59.77582787340642,45.02582787340642,14.75,nan,0.0,0,0,40,0,8.0,7.0,25.0
824,1,right_lane,fixed,True,0.5,40,0,20.518957345971565,0.0,10.0,3.735721734828985,60.63033175355449,40.630331753554486,20.0,nan,0.0,0,0,40,0,0.0,0.0,40.0
825,1,right_lane,fixed,True,0.5,40,0,20.87532874938229,0.5,5.0,4.939957518130541,60.94859142194214,41.19859142194213,19.75,nan,0.0,0,0,40,0,1.0,1.0,38.0
826,1,right_lane,fixed,True,0.5,40,0,20.76895734597149,0.0,7.5,3.8339203375444413,61.229875021902274,41.229875021902274,20.0,nan,0.0,0,0,40,0,0.0,0.0,40.0
827,1,right_lane,fixed,True,0.5,40,0,20.893957345971565,0.0,4.0,4.0644591880436565,61.22939766652054,41.22939766652055,20.0,nan,0.0,0,0,40,0,0.0,1.0,39.0
828,1,right_lane,fixed,True,0.5,40,0,20.268957345971565,0.0,20.0,7.480177074670792,60.2303317535545,40.2303317535545,20.0,nan,0.0,0,0,40,0,0.0,0.0,40.0
829,1,right_lane,fixed,True,0.5,14,1,25.05416169573122,7.0,3.0,8.280988447368145,20.378374707103227,16.628374707103227,3.75,nan,0.0,0,0,14,0,7.0,1.0,6.0
830,1,right_lane,fixed,True,0.5,40,0,22.268957345971565,0.5,5.5,4.858878417981259,62.428399108860894,42.9283991088609,19.5,nan,0.0,0,0,40,0,1.0,1.0,38.0
831,1,right_lane,fixed,True,0.5,40,0,21.141461656101036,0.0,1.0,3.6953662894666195,61.62633864976167,41.626338649761664,20.0,nan,0.0,0,0,40,0,0.0,0.0,40.0
832,1,right_lane,fixed,True,0.5,40,0,22.26895734571614,4.5,10.5,9.032673858505404,61.18115678043322,43.43115678043322,17.75,nan,0.0,0,0,40,0,3.0,5.0,32.0
833,1,right_lane,fixed,True,0.5,40,0,23.143957345971565,27.5,7.0,29.37016650289297,51.07867263910942,44.82867263910942,6.25,nan,0.0,0,0,40,0,27.0,3.0,10.0
834,1,right_lane,fixed,True,0.5,40,0,21.25032874938229,0.0,2.0,3.492734007537365,61.800525999011654,41.80052599901167,20.0,nan,0.0,0,0,40,0,0.0,0.0,40.0
835,1,right_lane,fixed,True,0.5,40,0,22.018957345971565,0.5,2.5,4.895946387834556,62.97794237720879,43.2279423772088,19.75,nan,0.0,0,0,40,0,1.0,1.0,38.0
836,1,right_lane,fixed,True,0.5,40,0,22.268957345971565,0.0,11.0,4.406840564626009,63.429398329686116,43.42939832968611,20.0,nan,0.0,0,0,40,0,0.0,1.0,39.0
837,1,right_lane,fixed,True,0.5,40,0,20.518957345971565,0.0,20.0,5.7692897990345955,60.629397667739944,40.629397667739944,20.0,nan,0.0,0,0,40,0,0.0,1.0,39.0
838,1,right_lane,fixed,True,0.5,40,0,21.143957345971565,0.0,3.0,4.396289880821314,61.6293983296861,41.6293983296861,20.0,nan,0.0,0,0,40,0,0.0,1.0,39.0
839,1,right_lane,fixed,True,0.5,40,0,23.018957345971565,8.5,2.5,12.532663298242369,60.62868719215369,44.6286871921537,16.0,nan,0.0,0,0,40,0,2.0,14.0,24.0
840,1,right_lane,fixed,True,0.5,40,0,22.393957345971565,0.0,10.0,4.394864391142164,63.37939766774182,43.629397667741834,19.75,nan,0.0,0,0,40,0,0.0,1.0,39.0
841,1,right_lane,fixed,True,0.5,17,1,21.80931140228468,1.0,2.5,3.0141179263591766,26.27839910880784,18.028399108807847,8.25,nan,0.0,0,0,17,0,1.0,1.0,15.0
842,1,right_lane,fixed,True,0.5,40,0,22.51895733124236,0.0,2.5,3.4051056099388006,63.08033172998778,43.33033172998779,19.75,nan,0.0,0,0,40,0,0.0,0.0,40.0
843,1,right_lane,fixed,True,0.5,40,0,23.518957345775522,0.0,2.0,2.979189312479207,65.43033177370411,45.430331773704125,20.0,nan,0.0,0,0,40,0,0.0,0.0,40.0
844,1,right_lane,fixed,True,0.5,40,0,22.643957345971565,0.0,0.0,3.4557620743356665,64.02939832995847,44.02939832995846,20.0,nan,0.0,0,0,40,0,0.0,1.0,39.0
845,1,right_lane,fixed,True,0.5,40,0,21.018957345971565,0.0,5.5,4.4131119971571025,61.42939651471896,41.429396514718974,20.0,nan,0.0,0,0,40,0,0.0,1.0,39.0
846,1,right_lane,fixed,True,0.5,40,0,23.00000570101725,6.5,4.5,10.016193585002839,61.3481513191822,44.598151319182186,16.75,nan,0.0,0,0,40,0,7.0,1.0,32.0
847,1,right_lane,fixed,True,0.5,40,0,20.518957345971565,0.0,17.0,4.917861431837082,60.82938974609484,40.829389746094826,20.0,nan,0.0,0,0,40,0,0.0,1.0,39.0
848,1,right_lane,fixed,True,0.5,40,0,20.268957345971565,0.0,20.5,6.110677063465118,60.22939651470176,40.22939651470176,20.0,nan,0.0,0,0,40,0,0.0,1.0,39.0
849,1,right_lane,fixed,True,0.5,40,0,22.393957345971565,0.0,10.0,4.074343226371639,63.62939766774114,43.62939766774114,20.0,nan,0.0,0,0,40,0,0.0,1.0,39.0
850,1,right_lane,fixed,True,0.5,40,0,21.268957345971565,2.0,15.0,6.371763110160828,61.0803317535545,41.8303317535545,19.25,nan,0.0,0,0,40,0,0.0,3.0,37.0
851,1,right_lane,fixed,True,0.5,40,0,20.268957345971565,0.0,5.0,3.8265795409679413,59.9803317535545,40.2303317535545,19.75,nan,0.0,0,0,40,0,0.0,0.0,40.0
852,1,right_lane,fixed,True,0.5,10,1,26.074341270034893,0.0,0.0,0.7372086644973024,17.22880242289017,12.22880242289017,5.0,nan,0.0,0,0,10,0,0.0,1.0,9.0
853,1,right_lane,fixed,True,0.5,40,0,22.643957345971504,0.0,1.0,2.956511912564906,63.53084861285094,43.53084861285094,20.0,nan,0.0,0,0,40,0,0.0,0.0,40.0
854,1,right_lane,fixed,True,0.5,35,1,23.450236966824644,4.5,1.5,5.967006932900404,54.87891567488749,39.62891567488748,15.25,nan,0.0,0,0,35,0,4.0,3.0,28.0
855,1,right_lane,fixed,True,0.5,40,0,21.268957345971565,0.0,3.0,4.0739893222926185,61.32939766843067,41.329397668430694,20.0,nan,0.0,0,0,40,0,0.0,1.0,39.0
856,1,right_lane,fixed,True,0.5,40,0,22.518957345971494,0.0,1.5,3.833702725961757,63.82939832968597,43.82939832968599,20.0,nan,0.0,0,0,40,0,0.0,1.0,39.0
857,1,right_lane,fixed,True,0.5,40,0,20.393957345971565,0.0,17.0,5.081030435860157,60.43033175355459,40.4303317535546,20.0,nan,0.0,0,0,40,0,0.0,0.0,40.0
858,1,right_lane,fixed,True,0.5,40,0,21.143957345971565,0.0,0.5,3.8497450161867164,61.629397667741145,41.62939766774115,20.0,nan,0.0,0,0,40,0,0.0,1.0,39.0
859,1,right_lane,fixed,True,0.5,40,0,20.893957345971565,0.5,0.5,3.6480200588703156,60.97839840434078,41.22839840434078,19.75,nan,0.0,0,0,40,0,1.0,1.0,38.0
860,1,right_lane,fixed,True,0.5,40,0,21.518957345971565,9.5,10.5,13.802374809980392,57.47848155277986,42.22848155277987,15.25,nan,0.0,0,0,40,0,9.0,3.0,28.0
861,1,right_lane,fixed,True,0.5,40,0,23.018957345971565,0.0,12.5,4.711794835068304,64.62939832968611,44.6293983296861,20.0,nan,0.0,0,0,40,0,0.0,1.0,39.0
862,1,right_lane,fixed,True,0.5,40,0,25.643957345967134,0.0,1.0,2.203365326890662,68.8303317535474,48.830331753547405,20.0,nan,0.0,0,0,40,0,0.0,0.0,40.0
863,1,right_lane,fixed,True,0.5,40,0,22.518957345971497,0.0,1.0,1.5571169636041304,63.82939832969215,43.82939832969214,20.0,nan,0.0,0,0,40,0,0.0,1.0,39.0
864,1,right_lane,fixed,True,0.5,40,0,21.768957345971565,5.0,2.0,8.196216494711734,60.12837729711292,42.62837729711291,17.5,nan,0.0,0,0,40,0,4.0,2.0,34.0
865,1,right_lane,fixed,True,0.5,40,0,20.268957345971565,0.0,3.5,4.193060889840126,60.22939651470176,40.22939651470176,20.0,nan,0.0,0,0,40,0,0.0,1.0,39.0
866,1,right_lane,fixed,True,0.5,40,0,21.768957345971565,0.0,12.5,4.210931100973767,62.63033175355451,42.63033175355451,20.0,nan,0.0,0,0,40,0,0.0,0.0,40.0
867,1,right_lane,fixed,True,0.5,40,0,22.393957345971565,10.0,8.5,13.582484595477581,58.628030790615696,43.62803079061569,15.0,nan,0.0,0,0,40,0,10.0,2.0,28.0
868,1,right_lane,fixed,True,0.5,40,0,23.393957345971565,0.0,1.5,2.6817305641268376,65.23033175355452,45.23033175355451,20.0,nan,0.0,0,0,40,0,0.0,0.0,40.0
869,1,right_lane,fixed,True,0.5,40,0,22.143957345971565,0.0,4.5,3.6348097455199877,63.23033175355452,43.230331753554495,20.0,nan,0.0,0,0,40,0,0.0,0.0,40.0
870,1,right_lane,fixed,True,0.5,40,0,22.14395724711112,0.0,1.5,3.654747504695024,63.229397510254,43.229397510254,20.0,nan,0.0,0,0,40,0,0.0,1.0,39.0
871,1,right_lane,fixed,True,0.5,40,0,23.768957345971565,0.0,1.0,3.4637545079912115,65.83033189090138,45.83033189090136,20.0,nan,0.0,0,0,40,0,0.0,0.0,40.0
872,1,right_lane,fixed,True,0.5,28,1,22.348510494245087,0.5,11.5,4.0151908307013855,44.430331753554505,30.430331753554494,14.0,nan,0.0,0,0,28,0,0.0,0.0,28.0
873,1,right_lane,fixed,True,0.5,40,0,21.393957345967713,0.5,6.5,5.206256050697448,61.028397176478805,41.52839717647879,19.5,nan,0.0,0,0,40,0,1.0,1.0,38.0
874,1,right_lane,fixed,True,0.5,14,1,22.91130669779397,0.5,1.5,1.9438369711861014,22.429398326901563,15.42939832690156,7.0,nan,0.0,0,0,14,0,0.0,1.0,13.0
875,1,right_lane,fixed,True,0.5,40,0,22.268957345971565,3.5,1.5,5.907414422740658,60.9288962655387,42.9288962655387,18.0,nan,0.0,0,0,40,0,4.0,1.0,35.0
876,1,right_lane,fixed,True,0.5,40,0,21.893957345971565,0.5,1.0,4.611453744975734,62.5783991088609,42.82839910886089,19.75,nan,0.0,0,0,40,0,1.0,1.0,38.0
877,1,right_lane,fixed,True,0.5,40,0,21.891789568657728,0.0,4.0,4.176840113115759,62.825929224037814,42.82592922403781,20.0,nan,0.0,0,0,40,0,0.0,1.0,39.0
878,1,right_lane,fixed,True,0.5,40,0,22.768957345971565,7.5,0.0,10.508969787530532,60.481413218022254,44.231413218022254,16.25,nan,0.0,0,0,40,0,8.0,1.0,31.0
879,1,right_lane,fixed,True,0.5,10,1,25.075803577715384,10.0,0.0,9.87728875875473,12.330321431086153,11.830321431086153,0.5,nan,0.0,0,0,10,0,10.0,0.0,0.0
880,1,right_lane,fixed,True,0.5,40,0,22.018957345971565,4.5,7.0,8.798304587425264,59.77889403182894,42.52889403182895,17.25,nan,0.0,0,0,40,0,5.0,1.0,34.0
881,1,right_lane,fixed,True,0.5,40,0,22.516504197449517,5.5,0.5,8.58792917327537,61.07496896000875,43.82496896000876,17.25,nan,0.0,0,0,40,0,6.0,1.0,33.0
882,1,right_lane,fixed,True,0.5,40,0,21.018671888689,0.0,7.0,4.05207259953022,61.43328318215359,41.4332831821536,20.0,nan,0.0,0,0,40,0,0.0,0.0,40.0
883,1,right_lane,fixed,True,0.5,40,0,22.01895734597155,3.5,12.5,8.586951278150082,61.27744915654941,43.02744915654941,18.25,nan,0.0,0,0,40,0,1.0,7.0,32.0
884,1,right_lane,fixed,True,0.5,40,0,20.268957345971565,0.0,20.0,6.834094971418381,60.230331753554516,40.230331753554516,20.0,nan,0.0,0,0,40,0,0.0,0.0,40.0
885,1,right_lane,fixed,True,0.5,40,0,21.768957345971565,0.0,11.5,4.098857096053052,62.63033175355451,42.6303317535545,20.0,nan,0.0,0,0,40,0,0.0,0.0,40.0
886,1,right_lane,fixed,True,0.5,40,0,22.018957345971565,33.5,0.5,34.06978789716959,46.28033175355451,43.030331753554506,3.25,nan,0.0,0,0,40,0,34.0,1.0,5.0
887,1,right_lane,fixed,True,0.5,40,0,20.393957345971565,0.0,20.5,6.925749778747559,60.429397666520444,40.429397666520444,20.0,nan,0.0,0,0,40,0,0.0,1.0,39.0
888,1,right_lane,fixed,True,0.5,40,0,21.893957345971565,2.5,14.0,7.8228468000888824,61.57823036292663,42.82823036292663,18.75,nan,0.0,0,0,40,0,0.0,6.0,34.0
889,1,right_lane,fixed,True,0.5,40,0,21.143951657973492,3.0,6.0,7.450596861541271,60.12845571466149,41.62845571466149,18.5,nan,0.0,0,0,40,0,0.0,7.0,33.0
890,1,right_lane,fixed,True,0.5,23,1,20.467751906037503,0.5,11.5,4.427700251340866,34.729404417039824,23.229404417039824,11.5,nan,0.0,0,0,23,0,0.0,1.0,22.0
891,1,right_lane,fixed,True,0.5,40,0,21.518957345971565,0.0,13.0,5.060063059499953,61.47939832968611,41.729398329686106,19.75,nan,0.0,0,0,40,0,0.0,1.0,39.0
892,1,right_lane,fixed,True,0.5,40,0,24.12467695166469,0.0,2.0,3.4233010230891523,66.3985496987951,46.398549698795094,20.0,nan,0.0,0,0,40,0,0.0,1.0,39.0
893,1,right_lane,fixed,True,0.5,40,0,20.393957345971565,0.0,20.5,5.922635041177273,60.629846477705634,40.629846477705634,20.0,nan,0.0,0,0,40,0,0.0,1.0,39.0
894,1,right_lane,fixed,True,0.5,40,0,21.393957345971565,4.5,1.0,7.586119845509529,59.77837719018636,42.028377190186355,17.75,nan,0.0,0,0,40,0,5.0,1.0,34.0
895,1,right_lane,fixed,True,0.5,40,0,22.641497760414666,0.5,3.0,4.690035759776947,63.77446306744973,44.02446306744973,19.75,nan,0.0,0,0,40,0,1.0,1.0,38.0
896,1,right_lane,fixed,True,0.5,40,0,23.893957345971565,8.5,12.5,12.575987888837062,61.78179495536019,46.0317949553602,15.75,nan,0.0,0,0,40,0,9.0,1.0,30.0
897,1,right_lane,fixed,True,0.5,40,0,22.143957345945683,2.0,9.0,5.927646489722974,62.2293942051785,43.229394205178494,19.0,nan,0.0,0,0,40,0,0.0,4.0,36.0
898,1,right_lane,fixed,True,0.5,40,0,22.768957345749705,0.0,4.0,3.507685856151511,64.23033175323549,44.23033175323549,20.0,nan,0.0,0,0,40,0,0.0,0.0,40.0
899,1,right_lane,fixed,True,0.5,40,0,22.018957345971565,3.0,2.0,6.171264820965007,61.52891743821911,43.02891743821912,18.5,nan,0.0,0,0,40,0,3.0,2.0,35.0
900,1,right_lane,fixed,True,0.5,40,0,21.393957345971565,0.0,0.0,1.991642761377534,62.030331753554506,42.030331753554506,20.0,nan,0.0,0,0,40,0,0.0,0.0,40.0
901,1,right_lane,fixed,True,0.5,40,0,21.143957345971565,1.5,3.0,5.563198529183865,60.87870325871078,41.628703258710786,19.25,nan,0.0,0,0,40,0,0.0,4.0,36.0
902,1,right_lane,fixed,True,0.5,40,0,21.768957345971565,7.5,8.0,11.23864883184433,58.87839840360059,42.62839840360059,16.25,nan,0.0,0,0,40,0,8.0,1.0,31.0
903,1,right_lane,fixed,True,0.5,40,0,22.518957345971565,0.0,0.5,3.0496514506758103,63.82939832963661,43.8293983296366,20.0,nan,0.0,0,0,40,0,0.0,1.0,39.0
904,1,right_lane,fixed,True,0.5,40,0,21.3939573442318,0.0,4.5,3.4779251990885314,62.03033175077089,42.030331750770884,20.0,nan,0.0,0,0,40,0,0.0,0.0,40.0
905,1,right_lane,fixed,True,0.5,40,0,25.518957345971565,21.0,1.5,23.248464725911617,58.12758655486125,48.62758655486125,9.5,nan,0.0,0,0,40,0,19.0,5.0,16.0
906,1,right_lane,fixed,True,0.5,40,0,23.233495804490712,10.0,8.5,13.609409049153328,60.22098363119179,44.97098363119178,15.25,nan,0.0,0,0,40,0,4.0,12.0,24.0
907,1,right_lane,fixed,True,0.5,40,0,20.64363429760652,0.0,13.5,4.715614780783653,60.80274416172505,41.052744161725045,19.75,nan,0.0,0,0,40,0,0.0,0.0,40.0
908,1,right_lane,fixed,True,0.5,21,1,21.9408711351838,2.0,4.0,4.030968333177043,32.17884721556716,22.428847215567163,9.75,nan,0.0,0,0,21,0,2.0,1.0,18.0
909,1,right_lane,fixed,True,0.5,40,0,21.018957345971565,0.0,5.0,4.314212041939754,60.679397667739934,40.929397667739934,19.75,nan,0.0,0,0,40,0,0.0,1.0,39.0
910,1,right_lane,fixed,True,0.5,40,0,23.768957345971565,0.0,3.0,2.218318407962215,65.82939766774113,45.82939766774114,20.0,nan,0.0,0,0,40,0,0.0,1.0,39.0
911,1,right_lane,fixed,True,0.5,40,0,20.643957345941903,0.0,4.0,3.9684504102915525,60.830331753507046,40.830331753507046,20.0,nan,0.0,0,0,40,0,0.0,0.0,40.0
912,1,right_lane,fixed,True,0.5,40,0,20.893957345971565,0.0,13.0,5.049547362399608,61.229397667783026,41.22939766778304,20.0,nan,0.0,0,0,40,0,0.0,1.0,39.0
913,1,right_lane,fixed,True,0.5,40,0,23.393957345971565,7.5,1.0,10.58719111699611,61.47889399254946,45.22889399254946,16.25,nan,0.0,0,0,40,0,8.0,1.0,31.0
914,1,right_lane,fixed,True,0.5,40,0,24.143957345971565,10.5,0.0,13.146688644308597,61.1783778513026,46.42837785130259,14.75,nan,0.0,0,0,40,0,11.0,1.0,28.0
915,1,right_lane,fixed,True,0.5,40,0,25.51895734597104,10.0,0.0,11.927507364827761,63.62846229936009,48.62846229936009,15.0,nan,0.0,0,0,40,0,8.0,6.0,26.0
916,1,right_lane,fixed,True,0.5,40,0,22.768957345971565,0.5,9.5,4.614337996281392,63.97839840304466,44.22839840304466,19.75,nan,0.0,0,0,40,0,1.0,1.0,38.0
917,1,right_lane,fixed,True,0.5,40,0,22.018909202470194,0.0,5.5,4.023575866294323,63.02932063813964,43.02932063813964,20.0,nan,0.0,0,0,40,0,0.0,1.0,39.0
918,1,right_lane,fixed,True,0.5,40,0,23.25004329209972,0.0,2.0,3.1097789299055876,65.00013615314583,45.00013615314581,20.0,nan,0.0,0,0,40,0,0.0,0.0,40.0
919,1,right_lane,fixed,True,0.5,25,1,22.830331753548244,8.0,2.5,9.950160417705774,36.4060211719501,27.656021171950098,8.75,nan,0.0,0,0,25,0,8.0,1.0,16.0
920,1,right_lane,fixed,True,0.5,39,1,21.686110098432373,0.0,1.5,1.6734785815451687,60.180331753554505,40.930331753554505,19.25,nan,0.0,0,0,39,0,0.0,0.0,39.0
921,1,right_lane,fixed,True,0.5,40,0,21.893957344482878,0.0,9.0,3.7463881705116364,62.330331751172594,42.330331751172615,20.0,nan,0.0,0,0,40,0,0.0,0.0,40.0
922,1,right_lane,fixed,True,0.5,38,1,23.309428785233223,0.0,0.0,0.9181895857357176,61.83033175562273,42.83033175562274,19.0,nan,0.0,0,0,38,0,0.0,0.0,38.0
923,1,right_lane,fixed,True,0.5,40,0,22.268957345971565,0.5,14.0,5.341292302306101,62.678399108860894,42.9283991088609,19.75,nan,0.0,0,0,40,0,1.0,1.0,38.0
924,1,right_lane,fixed,True,0.5,40,0,21.143957345971565,0.0,0.5,2.6858448790596867,61.6303317535545,41.63033175355451,20.0,nan,0.0,0,0,40,0,0.0,0.0,40.0
925,1,right_lane,fixed,True,0.5,40,0,20.893957345971565,0.0,1.5,3.9217959381639957,61.22939766652044,41.22939766652045,20.0,nan,0.0,0,0,40,0,0.0,1.0,39.0
926,1,right_lane,fixed,True,0.5,40,0,23.26891395672585,14.5,7.0,17.87481531839967,57.777504504907945,45.027504504907945,12.75,nan,0.0,0,0,40,0,13.0,5.0,22.0
927,1,right_lane,fixed,True,0.5,40,0,21.768957345971565,6.0,5.0,9.822436361686414,59.627092152489936,42.627092152489936,17.0,nan,0.0,0,0,40,0,6.0,2.0,32.0
928,1,right_lane,fixed,True,0.5,40,0,21.268671888689,9.5,4.5,12.924814105033875,57.078077188008784,41.828077188008784,15.25,nan,0.0,0,0,40,0,10.0,1.0,29.0
929,1,right_lane,fixed,True,0.5,40,0,21.51891975488909,0.0,3.0,3.3605068267843308,62.23066819374268,42.23066819374268,20.0,nan,0.0,0,0,40,0,0.0,0.0,40.0
930,1,right_lane,fixed,True,0.5,40,0,24.143957345967713,13.0,2.0,15.083434835076332,59.92896741814637,46.42896741814637,13.5,nan,0.0,0,0,40,0,13.0,2.0,25.0
931,1,right_lane,fixed,True,0.5,40,0,22.268957334666844,1.5,5.5,5.365336625291093,62.67962354024617,43.42962354024616,19.25,nan,0.0,0,0,40,0,0.0,4.0,36.0
932,1,right_lane,fixed,True,0.5,40,0,21.268957345971565,0.0,7.5,3.3799162358500325,61.82939834539174,41.829398345391745,20.0,nan,0.0,0,0,40,0,0.0,1.0,39.0
933,1,right_lane,fixed,True,0.5,40,0,20.643957345971565,0.0,5.5,3.892713417299092,60.8303317535545,40.8303317535545,20.0,nan,0.0,0,0,40,0,0.0,0.0,40.0
934,1,right_lane,fixed,True,0.5,40,0,22.518957345971565,4.5,6.0,7.768607313395478,61.57796543136598,43.827965431365996,17.75,nan,0.0,0,0,40,0,2.0,6.0,32.0
935,1,right_lane,fixed,True,0.5,40,0,23.268957345971508,9.5,2.5,12.59118950569291,60.278377144364676,45.028377144364676,15.25,nan,0.0,0,0,40,0,10.0,1.0,29.0
936,1,right_lane,fixed,True,0.5,40,0,22.518951743818675,0.0,2.5,2.8688190364650836,63.83032279010997,43.830322790109975,20.0,nan,0.0,0,0,40,0,0.0,0.0,40.0
937,1,right_lane,fixed,True,0.5,21,1,24.321823516127875,12.0,4.5,13.57983574271202,29.17974875675482,24.42974875675482,4.75,nan,0.0,0,0,21,0,12.0,1.0,8.0
938,1,right_lane,fixed,True,0.5,40,0,22.643956595220324,10.5,0.5,12.3351739164209,58.027523929710924,43.52752392971093,14.5,nan,0.0,0,0,40,0,9.0,4.0,27.0
939,1,right_lane,fixed,True,0.5,15,1,22.38388625135228,0.5,2.5,2.0026565640146146,23.729398708017026,16.22939870801702,7.5,nan,0.0,0,0,15,0,0.0,1.0,14.0
940,1,right_lane,fixed,True,0.5,40,0,20.768957345971565,0.0,2.0,4.308943564072251,60.27939651471896,40.52939651471896,19.75,nan,0.0,0,0,40,0,0.0,1.0,39.0
941,1,right_lane,fixed,True,0.5,40,0,20.268957345971565,0.0,11.5,5.263853721320629,60.22939651470176,40.22939651470176,20.0,nan,0.0,0,0,40,0,0.0,1.0,39.0
942,1,right_lane,fixed,True,0.5,40,0,23.000328749382295,2.5,10.5,6.333945213765219,63.598590727966126,44.598590727966126,19.0,nan,0.0,0,0,40,0,1.0,4.0,35.0
943,1,right_lane,fixed,True,0.5,40,0,21.643957345971565,0.0,4.5,4.09331986037796,62.37987502189975,42.629875021899736,19.75,nan,0.0,0,0,40,0,0.0,0.0,40.0
944,1,right_lane,fixed,True,0.5,40,0,21.268957345971565,0.0,0.5,3.2252933550398666,61.82939766774182,41.82939766774184,20.0,nan,0.0,0,0,40,0,0.0,1.0,39.0
945,1,right_lane,fixed,True,0.5,40,0,22.643957260122978,0.5,5.0,4.326550153912649,63.77839703912723,44.02839703912721,19.75,nan,0.0,0,0,40,0,1.0,1.0,38.0
946,1,right_lane,fixed,True,0.5,40,0,22.643957345971565,4.5,3.0,8.336726121455285,61.77823767560641,44.02823767560641,17.75,nan,0.0,0,0,40,0,0.0,10.0,30.0
947,1,right_lane,fixed,True,0.5,40,0,21.018957345971565,0.0,1.5,3.118698377162218,61.4303317535545,41.430331753554505,20.0,nan,0.0,0,0,40,0,0.0,0.0,40.0
948,1,right_lane,fixed,True,0.5,40,0,20.268957345971565,0.0,19.0,7.867107726633549,60.2303317535545,40.2303317535545,20.0,nan,0.0,0,0,40,0,0.0,0.0,40.0
949,1,right_lane,fixed,True,0.5,40,0,22.39362860960845,2.0,4.0,6.397705374536599,62.62693889949759,43.626938899497596,19.0,nan,0.0,0,0,40,0,1.0,4.0,35.0
950,1,right_lane,fixed,True,0.5,40,0,20.518957345971565,0.0,2.0,3.625735905021429,60.630788467119054,40.63078846711906,20.0,nan,0.0,0,0,40,0,0.0,0.0,40.0
951,1,right_lane,fixed,True,0.5,40,0,21.89395734574971,0.0,2.0,3.8514793347867453,62.83033175319952,42.83033175319952,20.0,nan,0.0,0,0,40,0,0.0,0.0,40.0
952,1,right_lane,fixed,True,0.5,40,0,22.393957345971565,0.0,0.0,2.422502112635584,63.630331753862734,43.63033175386273,20.0,nan,0.0,0,0,40,0,0.0,0.0,40.0
953,1,right_lane,fixed,True,0.5,40,0,21.518957345971565,3.5,7.5,8.066994726657867,60.47705243327423,42.22705243327423,18.25,nan,0.0,0,0,40,0,1.0,7.0,32.0
954,1,right_lane,fixed,True,0.5,37,1,21.912386319969247,0.0,1.0,3.527929193805903,58.1293983296861,39.6293983296861,18.5,nan,0.0,0,0,37,0,0.0,1.0,36.0
955,1,right_lane,fixed,True,0.5,40,0,21.768957345971565,0.5,11.5,5.271712098270655,61.8783991088609,42.1283991088609,19.75,nan,0.0,0,0,40,0,1.0,1.0,38.0
956,1,right_lane,fixed,True,0.5,40,0,22.143957345971565,0.5,12.0,5.422771992387254,62.9783991088609,43.22839910886089,19.75,nan,0.0,0,0,40,0,1.0,1.0,38.0
957,1,right_lane,fixed,True,0.5,40,0,22.51895734597155,8.0,6.0,11.925326652824879,59.82768164059364,43.82768164059363,16.0,nan,0.0,0,0,40,0,7.0,4.0,29.0
958,1,right_lane,fixed,True,0.5,40,0,21.768957345971565,0.0,0.5,4.189468923450477,62.62939832968612,42.62939832968612,20.0,nan,0.0,0,0,40,0,0.0,1.0,39.0
959,1,right_lane,fixed,True,0.5,40,0,20.89395734426102,0.0,1.5,3.7754321407919633,61.22939766500308,41.22939766500308,20.0,nan,0.0,0,0,40,0,0.0,1.0,39.0
960,1,right_lane,fixed,True,0.5,40,0,21.768957345971565,0.5,0.5,4.3610261984813405,62.37839911123736,42.62839911123735,19.75,nan,0.0,0,0,40,0,1.0,1.0,38.0
961,1,right_lane,fixed,True,0.5,40,0,22.393957345971565,0.5,1.5,2.929363775307138,63.3783991088609,43.628399108860904,19.75,nan,0.0,0,0,40,0,1.0,1.0,38.0
962,1,right_lane,fixed,True,0.5,14,1,22.55416384017447,0.0,1.0,0.5834148245430697,22.2303317504977,15.230331750497703,7.0,nan,0.0,0,0,14,0,0.0,0.0,14.0
963,1,right_lane,fixed,True,0.5,40,0,20.643957345971565,0.0,0.5,3.1549443900585175,60.3303317535545,40.3303317535545,20.0,nan,0.0,0,0,40,0,0.0,0.0,40.0
964,1,right_lane,fixed,True,0.5,40,0,22.393957345971565,1.5,4.5,6.205946922865223,62.878702878836386,43.62870287883638,19.25,nan,0.0,0,0,40,0,0.0,4.0,36.0
965,1,right_lane,fixed,True,0.5,40,0,20.643629347340514,0.0,19.0,5.570107772946358,60.82887171689209,40.82887171689209,20.0,nan,0.0,0,0,40,0,0.0,1.0,39.0
966,1,right_lane,fixed,True,0.5,40,0,21.643957345971565,0.0,8.5,4.222262474265335,62.42985335706382,42.42985335706382,20.0,nan,0.0,0,0,40,0,0.0,1.0,39.0
967,1,right_lane,fixed,True,0.5,40,0,21.893957345971554,2.5,0.5,6.135257167023383,61.57744721526497,42.82744721526497,18.75,nan,0.0,0,0,40,0,1.0,5.0,34.0
968,1,right_lane,fixed,True,0.5,40,0,22.14395734574586,4.5,4.5,9.202512725722045,60.97519644253079,43.22519644253079,17.75,nan,0.0,0,0,40,0,3.0,5.0,32.0
969,1,right_lane,fixed,True,0.5,40,0,21.76895174381816,0.0,3.0,3.926846878818651,62.6293875515699,42.6293875515699,20.0,nan,0.0,0,0,40,0,0.0,1.0,39.0
970,1,right_lane,fixed,True,0.5,40,0,21.268957345971565,0.5,5.5,3.7839279984468703,61.57840618741552,41.828406187415524,19.75,nan,0.0,0,0,40,0,1.0,1.0,38.0
971,1,right_lane,fixed,True,0.5,40,0,20.393957345971565,0.0,17.0,5.780229292809963,60.429397666520444,40.429397666520444,20.0,nan,0.0,0,0,40,0,0.0,1.0,39.0
972,1,right_lane,fixed,True,0.5,40,0,23.268957345971565,6.5,2.0,8.858206678053648,61.77889399314226,45.02889399314226,16.75,nan,0.0,0,0,40,0,7.0,1.0,32.0
973,1,right_lane,fixed,True,0.5,40,0,23.518957345971565,17.5,0.0,19.49792629480362,56.67837904534218,45.428379045342176,11.25,nan,0.0,0,0,40,0,18.0,1.0,21.0
974,1,right_lane,fixed,True,0.5,40,0,23.518957345775522,10.5,4.0,13.395423968857358,60.178377850988916,45.428377850988916,14.75,nan,0.0,0,0,40,0,11.0,1.0,28.0
975,1,right_lane,fixed,True,0.5,40,0,22.76895239570556,0.0,3.5,4.061997585453355,64.22939040953287,44.229390409532854,20.0,nan,0.0,0,0,40,0,0.0,1.0,39.0
976,1,right_lane,fixed,True,0.5,40,0,23.268914152736198,0.0,8.5,3.7242302219642625,65.20393207322485,45.20393207322484,20.0,nan,0.0,0,0,40,0,0.0,0.0,40.0
977,1,right_lane,fixed,True,0.5,40,0,21.018957345971565,0.0,2.5,3.2635934427089524,61.430391761934175,41.430391761934175,20.0,nan,0.0,0,0,40,0,0.0,0.0,40.0
978,1,right_lane,fixed,True,0.5,40,0,22.143951657973492,0.0,7.0,3.8008801228434095,63.230322652757586,43.2303226527576,20.0,nan,0.0,0,0,40,0,0.0,0.0,40.0
979,1,right_lane,fixed,True,0.5,40,0,22.268957345971565,24.0,2.0,25.087044037878513,51.430339655891636,43.430339655891636,8.0,nan,0.0,0,0,40,0,22.0,6.0,12.0
980,1,right_lane,fixed,True,0.5,40,0,20.518957345971565,0.0,5.5,4.589017249643803,60.62939651470175,40.62939651470176,20.0,nan,0.0,0,0,40,0,0.0,1.0,39.0
981,1,right_lane,fixed,True,0.5,40,0,21.643957345971565,0.0,12.5,5.068521123848882,62.42939832968611,42.4293983296861,20.0,nan,0.0,0,0,40,0,0.0,1.0,39.0
982,1,right_lane,fixed,True,0.5,40,0,20.893957345971565,0.0,3.5,3.900045312881957,61.2293983296861,41.2293983296861,20.0,nan,0.0,0,0,40,0,0.0,1.0,39.0
983,1,right_lane,fixed,True,0.5,40,0,22.39395239396195,0.0,8.0,3.6863555089225883,63.803986381779445,43.803986381779445,20.0,nan,0.0,0,0,40,0,0.0,0.0,40.0
984,1,right_lane,fixed,True,0.5,40,0,21.268957345971565,0.0,9.5,5.014206513762474,61.8294052095151,41.8294052095151,20.0,nan,0.0,0,0,40,0,0.0,1.0,39.0
985,1,right_lane,fixed,True,0.5,40,0,21.3939573459419,0.0,0.5,2.874521728605032,62.03033175350704,42.03033175350705,20.0,nan,0.0,0,0,40,0,0.0,0.0,40.0
986,1,right_lane,fixed,True,0.5,40,0,21.518957345971565,0.0,1.0,3.1278986090510443,62.22939766778236,42.22939766778236,20.0,nan,0.0,0,0,40,0,0.0,1.0,39.0
987,1,right_lane,fixed,True,0.5,40,0,20.893957345971565,0.5,0.5,4.89370259642601,60.97839840434078,41.22839840434077,19.75,nan,0.0,0,0,40,0,1.0,1.0,38.0
988,1,right_lane,fixed,True,0.5,40,0,20.393957345971565,0.5,1.0,5.39141471683979,60.17839717648496,40.42839717648496,19.75,nan,0.0,0,0,40,0,1.0,1.0,38.0
989,1,right_lane,fixed,True,0.5,40,0,22.893957345971565,0.0,1.5,3.449046143320629,64.42939766843072,44.42939766843071,20.0,nan,0.0,0,0,40,0,0.0,1.0,39.0
990,1,right_lane,fixed,True,0.5,40,0,21.143957345941843,0.0,7.0,2.7285770205890003,61.630331753506944,41.630331753506944,20.0,nan,0.0,0,0,40,0,0.0,0.0,40.0
991,1,right_lane,fixed,True,0.5,40,0,21.516789654732076,0.5,6.5,5.429999444168061,61.9749300983989,42.224930098398886,19.75,nan,0.0,0,0,40,0,1.0,1.0,38.0
992,1,right_lane,fixed,True,0.5,40,0,22.893957345971565,5.5,6.0,9.167098519188585,61.6819055719751,44.43190557197511,17.25,nan,0.0,0,0,40,0,6.0,1.0,33.0
993,1,right_lane,fixed,True,0.5,18,1,24.20879410159124,0.5,4.5,2.223786117193413,29.8303317531457,20.830331753145703,9.0,nan,0.0,0,0,18,0,0.0,0.0,18.0
994,1,right_lane,fixed,True,0.5,40,0,21.393957345971565,0.0,7.5,4.676651813904755,61.279397667741144,41.529397667741144,19.75,nan,0.0,0,0,40,0,0.0,1.0,39.0
995,1,right_lane,fixed,True,0.5,40,0,20.393957345971565,0.0,1.0,3.390998724848032,60.430331753554505,40.430331753554505,20.0,nan,0.0,0,0,40,0,0.0,0.0,40.0
996,1,right_lane,fixed,True,0.5,40,0,21.268957345971565,4.5,9.0,8.840534117891366,59.57853680474925,41.828536804749255,17.75,nan,0.0,0,0,40,0,5.0,1.0,34.0
997,1,right_lane,fixed,True,0.5,40,0,21.766466606367043,0.0,2.0,3.3418086913225125,62.62634657018727,42.626346570187266,20.0,nan,0.0,0,0,40,0,0.0,0.0,40.0
998,1,right_lane,fixed,True,0.5,40,0,21.518957345971565,0.0,6.5,4.483140190062841,62.23285871524365,42.23285871524365,20.0,nan,0.0,0,0,40,0,0.0,1.0,39.0
999,1,right_lane,fixed,True,0.5,40,0,23.018957345971565,0.0,1.0,2.224510053664744,64.6293983296861,44.6293983296861,20.0,nan,0.0,0,0,40,0,0.0,1.0,39.0
