episode_id,policy_freq,profile,method,filter,value,episode_length,collision,mean_speed,total_cost,total_avoided_cost,total_expected_cost,total_reward,total_basic_reward,total_added_reward,mean_iterations_to_converge,convergence_rate,outcome_unchanged_count,outcome_naively_augmented_count,outcome_rcps_augmented_count,outcome_projection_count,lane_0_time,lane_1_time,lane_2_time
0,1,right_lane,fixed,True,1.0,40,0,23.268957345971565,7.5,7.5,11.002727855087869,60.77837785213383,45.02837785213382,15.75,nan,0.0,0,0,40,0,8.0,1.0,31.0
1,1,right_lane,fixed,True,1.0,40,0,21.12749644062177,10.0,4.5,13.146077014505863,56.60265104866626,41.60265104866626,15.0,nan,0.0,0,0,40,0,6.0,10.0,24.0
2,1,right_lane,fixed,True,1.0,40,0,20.768957345971565,0.0,0.5,0.8450704802044129,61.05320089613101,41.05320089613101,20.0,nan,0.0,0,0,40,0,0.0,0.0,40.0
3,1,right_lane,fixed,True,1.0,40,0,21.3939566082395,0.0,8.0,3.695234838014585,62.03033057318319,42.0303305731832,20.0,nan,0.0,0,0,40,0,0.0,0.0,40.0
4,1,right_lane,fixed,True,1.0,40,0,21.018919754889087,0.0,1.0,3.8306188029700934,61.429338546940656,41.42933854694065,20.0,nan,0.0,0,0,40,0,0.0,1.0,39.0
5,1,right_lane,fixed,True,1.0,40,0,23.018950993067502,2.5,1.0,5.854191924031284,63.378441169520755,44.628441169520755,18.75,nan,0.0,0,0,40,0,3.0,1.0,36.0
6,1,right_lane,fixed,True,1.0,40,0,24.26895734594184,3.5,0.5,6.143340499020724,64.87892618232392,46.62892618232392,18.25,nan,0.0,0,0,40,0,3.0,3.0,34.0
7,1,right_lane,fixed,True,1.0,40,0,20.518957345971565,0.0,9.0,4.60807591676712,60.629397667781234,40.62939766778124,20.0,nan,0.0,0,0,40,0,0.0,1.0,39.0
8,1,right_lane,fixed,True,1.0,40,0,24.00032874938229,6.5,1.5,9.439853618974212,62.949111311450864,46.199111311450864,16.75,nan,0.0,0,0,40,0,5.0,5.0,30.0
9,1,right_lane,fixed,True,1.0,40,0,21.893957345971565,4.0,2.0,7.3461317348483135,61.20066956038968,43.20066956038968,18.0,nan,0.0,0,0,40,0,3.0,3.0,34.0
10,1,right_lane,fixed,True,1.0,40,0,22.268957345971565,0.0,0.5,1.8422927508163411,63.4303317535545,43.430331753554505,20.0,nan,0.0,0,0,40,0,0.0,0.0,40.0
11,1,right_lane,fixed,True,1.0,9,1,25.639592686973558,9.0,0.0,8.753063142299652,11.33025336731048,10.83025336731048,0.5,nan,0.0,0,0,9,0,9.0,0.0,0.0
12,1,right_lane,fixed,True,1.0,40,0,21.018957345971565,0.5,15.5,5.821319112082165,60.178466468116454,40.92846646811645,19.25,nan,0.0,0,0,40,0,1.0,1.0,38.0
13,1,right_lane,fixed,True,1.0,40,0,22.643957345971486,0.0,2.0,3.4380056282623173,64.03033175355436,44.03033175355438,20.0,nan,0.0,0,0,40,0,0.0,0.0,40.0
14,1,right_lane,fixed,True,1.0,40,0,21.393957345971565,0.0,6.0,3.672490268945694,62.030331753554606,42.030331753554606,20.0,nan,0.0,0,0,40,0,0.0,0.0,40.0
15,1,right_lane,fixed,True,1.0,40,0,24.393914152736198,6.5,0.5,8.267030713741406,63.57840484193251,46.82840484193251,16.75,nan,0.0,0,0,40,0,7.0,1.0,32.0
16,1,right_lane,fixed,True,1.0,40,0,21.768957345971554,0.5,8.0,4.243992287666515,62.37845841345296,42.628458413452975,19.75,nan,0.0,0,0,40,0,1.0,1.0,38.0
17,1,right_lane,fixed,True,1.0,40,0,23.143957345971565,0.5,8.5,4.490393891878739,64.5783991088609,44.82839910886091,19.75,nan,0.0,0,0,40,0,1.0,1.0,38.0
18,1,right_lane,fixed,True,1.0,19,1,24.776752099171972,0.5,0.0,1.0440926465998928,31.930331595370706,22.430331595370706,9.5,nan,0.0,0,0,19,0,0.0,0.0,19.0
19,1,right_lane,fixed,True,1.0,10,1,21.07582937702842,0.5,4.5,1.6985967755317688,14.480331750811368,9.73033175081137,4.75,nan,0.0,0,0,10,0,0.0,0.0,10.0
20,1,right_lane,fixed,True,1.0,40,0,24.018957345937995,12.5,1.0,15.11656685057278,59.228375910162704,45.728375910162704,13.5,nan,0.0,0,0,40,0,13.0,1.0,26.0
21,1,right_lane,fixed,True,1.0,40,0,23.14391406689101,6.5,5.5,10.166435256183831,61.57830860565158,44.828308605651586,16.75,nan,0.0,0,0,40,0,7.0,1.0,32.0
22,1,right_lane,fixed,True,1.0,40,0,24.143957345971565,16.0,2.0,18.897493436932564,58.42834254255909,46.42834254255909,12.0,nan,0.0,0,0,40,0,15.0,4.0,21.0
23,1,right_lane,fixed,True,1.0,40,0,21.018957345971565,0.0,1.5,3.809785973069893,61.4303317535545,41.430331753554505,20.0,nan,0.0,0,0,40,0,0.0,0.0,40.0
24,1,right_lane,fixed,True,1.0,40,0,20.893957345971565,2.5,1.5,6.560039661824703,59.979399734702746,41.229399734702746,18.75,nan,0.0,0,0,40,0,0.0,6.0,34.0
25,1,right_lane,fixed,True,1.0,40,0,20.893957345971565,0.0,9.5,4.4650467820465565,61.23033175355451,41.2303317535545,20.0,nan,0.0,0,0,40,0,0.0,0.0,40.0
26,1,right_lane,fixed,True,1.0,28,1,21.277081922816514,0.5,5.5,3.257658118802283,43.2303317535545,29.230331753554502,14.0,nan,0.0,0,0,28,0,0.0,0.0,28.0
27,1,right_lane,fixed,True,1.0,40,0,21.12749644062177,0.0,16.0,4.885331258177757,60.85306021987104,41.10306021987105,19.75,nan,0.0,0,0,40,0,0.0,1.0,39.0
28,1,right_lane,fixed,True,1.0,40,0,21.893957345971565,0.0,1.0,2.638877360852348,63.02686344757135,43.02686344757134,20.0,nan,0.0,0,0,40,0,0.0,0.0,40.0
29,1,right_lane,fixed,True,1.0,40,0,20.893957345971565,0.5,6.5,5.185349054634571,60.97839840434078,41.22839840434077,19.75,nan,0.0,0,0,40,0,1.0,1.0,38.0
30,1,right_lane,fixed,True,1.0,40,0,23.518957345971565,0.0,0.0,2.417275256211724,65.4303317535545,45.430331753554505,20.0,nan,0.0,0,0,40,0,0.0,0.0,40.0
31,1,right_lane,fixed,True,1.0,40,0,24.874956720949182,15.0,5.5,17.702148547163233,60.09616003912134,47.59616003912135,12.5,nan,0.0,0,0,40,0,11.0,9.0,20.0
32,1,right_lane,fixed,True,1.0,40,0,24.018957345971565,12.5,0.0,13.9348470018449,60.00529156616366,46.25529156616366,13.75,nan,0.0,0,0,40,0,13.0,1.0,26.0
33,1,right_lane,fixed,True,1.0,40,0,20.518957345971565,0.0,4.5,4.697209149599075,60.629397667739944,40.629397667739944,20.0,nan,0.0,0,0,40,0,0.0,1.0,39.0
34,1,right_lane,fixed,True,1.0,40,0,21.7667895688869,0.0,12.0,4.751743149725371,62.62592922440636,42.62592922440636,20.0,nan,0.0,0,0,40,0,0.0,1.0,39.0
35,1,right_lane,fixed,True,1.0,40,0,22.018957345971565,32.5,2.5,31.521978184580803,47.03241401563241,43.03241401563241,4.0,nan,0.0,0,0,40,0,29.0,6.0,5.0
36,1,right_lane,fixed,True,1.0,40,0,21.752495691584983,0.0,2.0,3.299827500082756,62.35399310653599,42.60399310653599,19.75,nan,0.0,0,0,40,0,0.0,0.0,40.0
37,1,right_lane,fixed,True,1.0,40,0,23.268957345971494,0.5,12.0,5.130847943538811,64.97493184351472,45.22493184351472,19.75,nan,0.0,0,0,40,0,1.0,1.0,38.0
38,1,right_lane,fixed,True,1.0,40,0,21.268957345971565,0.0,6.0,4.024512875395885,61.830331753554596,41.83033175355459,20.0,nan,0.0,0,0,40,0,0.0,0.0,40.0
39,1,right_lane,fixed,True,1.0,40,0,21.76895733466685,0.0,6.5,4.3678765840745655,62.629398311598564,42.62939831159856,20.0,nan,0.0,0,0,40,0,0.0,1.0,39.0
40,1,right_lane,fixed,True,1.0,24,1,22.32326224328594,0.5,8.0,3.532881748453292,38.030331769260144,26.030331769260144,12.0,nan,0.0,0,0,24,0,0.0,0.0,24.0
41,1,right_lane,fixed,True,1.0,40,0,21.393957345971565,1.5,9.0,6.296535462141037,60.52963774912759,41.52963774912758,19.0,nan,0.0,0,0,40,0,0.0,3.0,37.0
42,1,right_lane,fixed,True,1.0,36,1,22.79884149552396,1.0,5.5,4.873726325109601,57.5783991088609,39.8283991088609,17.75,nan,0.0,0,0,36,0,1.0,1.0,34.0
43,1,right_lane,fixed,True,1.0,40,0,22.64395734428684,0.0,12.0,3.9976886370968714,63.279398326990545,43.52939832699053,19.75,nan,0.0,0,0,40,0,0.0,1.0,39.0
44,1,right_lane,fixed,True,1.0,40,0,23.518914152736198,7.0,8.0,10.499137849345061,61.92815272800729,45.4281527280073,16.5,nan,0.0,0,0,40,0,5.0,5.0,30.0
45,1,right_lane,fixed,True,1.0,40,0,21.268957345971565,0.0,6.5,4.318461827464489,61.82945767612082,41.82945767612082,20.0,nan,0.0,0,0,40,0,0.0,1.0,39.0
46,1,right_lane,fixed,True,1.0,40,0,21.893957345971565,2.0,6.0,7.192063311162201,61.82868878096446,42.82868878096445,19.0,nan,0.0,0,0,40,0,0.0,5.0,35.0
47,1,right_lane,fixed,True,1.0,40,0,22.268957345971565,0.5,0.0,4.302285178191596,63.178399108860894,43.4283991088609,19.75,nan,0.0,0,0,40,0,1.0,1.0,38.0
48,1,right_lane,fixed,True,1.0,40,0,25.268956694084682,15.0,3.5,17.16515947111293,60.72842791322792,48.22842791322792,12.5,nan,0.0,0,0,40,0,14.0,4.0,22.0
49,1,right_lane,fixed,True,1.0,40,0,22.768914804623083,15.5,3.5,17.420325115323067,56.47822797190383,44.22822797190383,12.25,nan,0.0,0,0,40,0,10.0,12.0,18.0
50,1,right_lane,fixed,True,1.0,40,0,22.643957345971565,5.0,9.0,8.71503082807294,61.52962513264783,44.029625132647816,17.5,nan,0.0,0,0,40,0,0.0,10.0,30.0
51,1,right_lane,fixed,True,1.0,40,0,20.518957345971565,0.0,17.5,5.356107277413685,60.63033175355449,40.6303317535545,20.0,nan,0.0,0,0,40,0,0.0,0.0,40.0
52,1,right_lane,fixed,True,1.0,40,0,21.768957345971565,3.0,3.5,6.659924536943436,61.12891743791034,42.62891743791034,18.5,nan,0.0,0,0,40,0,3.0,2.0,35.0
53,1,right_lane,fixed,True,1.0,40,0,21.518957345941836,10.0,8.5,13.408897124230862,57.227127580945805,42.2271275809458,15.0,nan,0.0,0,0,40,0,8.0,4.0,28.0
54,1,right_lane,fixed,True,1.0,40,0,22.393957345971565,0.0,1.0,3.5010626925284214,63.6303317535958,43.630331753595804,20.0,nan,0.0,0,0,40,0,0.0,0.0,40.0
55,1,right_lane,fixed,True,1.0,40,0,22.518957345971565,0.5,5.5,4.563425576499867,63.578399108860886,43.82839910886088,19.75,nan,0.0,0,0,40,0,1.0,1.0,38.0
56,1,right_lane,fixed,True,1.0,40,0,22.983867844032495,9.5,4.0,12.309263813723192,59.82232784277623,44.57232784277623,15.25,nan,0.0,0,0,40,0,10.0,1.0,29.0
57,1,right_lane,fixed,True,1.0,40,0,20.75249644062177,0.0,1.0,3.4440364129841328,61.39913518154621,41.39913518154621,20.0,nan,0.0,0,0,40,0,0.0,1.0,39.0
58,1,right_lane,fixed,True,1.0,40,0,20.393957345971565,0.0,0.0,3.847062051296234,60.45320089613101,40.45320089613101,20.0,nan,0.0,0,0,40,0,0.0,0.0,40.0
59,1,right_lane,fixed,True,1.0,11,1,24.614387259584337,11.0,0.0,10.761364996433258,13.330330394217107,12.830330394217107,0.5,nan,0.0,0,0,11,0,11.0,0.0,0.0
60,1,right_lane,fixed,True,1.0,40,0,21.643957345971565,0.0,0.5,2.95872393429363,61.42939832968611,41.9293983296861,19.5,nan,0.0,0,0,40,0,0.0,1.0,39.0
61,1,right_lane,fixed,True,1.0,40,0,22.768957345971565,15.0,0.0,16.140901145059615,56.72963543397625,44.22963543397625,12.5,nan,0.0,0,0,40,0,14.0,3.0,23.0
62,1,right_lane,fixed,True,1.0,40,0,22.268957345971565,0.5,4.5,4.526154659191889,63.17839840434078,43.42839840434078,19.75,nan,0.0,0,0,40,0,1.0,1.0,38.0
63,1,right_lane,fixed,True,1.0,40,0,22.018957345971565,21.0,1.0,22.470716170966625,52.52898849099734,43.028988490997335,9.5,nan,0.0,0,0,40,0,10.0,24.0,6.0
64,1,right_lane,fixed,True,1.0,31,1,22.44381593028514,3.0,5.0,5.557573332735046,48.07962532660597,33.82962532660597,14.25,nan,0.0,0,0,31,0,0.0,5.0,26.0
65,1,right_lane,fixed,True,1.0,40,0,23.999995148598355,2.0,9.0,6.104515746143534,64.44810692154826,45.698106921548266,18.75,nan,0.0,0,0,40,0,0.0,5.0,35.0
66,1,right_lane,fixed,True,1.0,40,0,21.643957345971565,24.5,6.5,25.48235934972763,50.205738018231436,42.45573801823144,7.75,nan,0.0,0,0,40,0,21.0,9.0,10.0
67,1,right_lane,fixed,True,1.0,40,0,21.143957345971565,0.0,3.0,3.7911420315504074,61.62939766843068,41.62939766843068,20.0,nan,0.0,0,0,40,0,0.0,1.0,39.0
68,1,right_lane,fixed,True,1.0,40,0,24.997510011146723,11.5,8.5,14.311300141796892,62.04390637782087,47.79390637782087,14.25,nan,0.0,0,0,40,0,10.0,4.0,26.0
69,1,right_lane,fixed,True,1.0,40,0,20.643957345971565,1.5,0.5,5.0860108733177185,60.28185774558248,41.03185774558248,19.25,nan,0.0,0,0,40,0,2.0,1.0,37.0
70,1,right_lane,fixed,True,1.0,40,0,20.768957345971565,0.5,17.0,6.152665264904499,60.77839910880876,41.02839910880877,19.75,nan,0.0,0,0,40,0,1.0,1.0,38.0
71,1,right_lane,fixed,True,1.0,40,0,22.268957345971057,0.5,3.0,4.520663284393777,63.17839910886008,43.428399108860084,19.75,nan,0.0,0,0,40,0,1.0,1.0,38.0
72,1,right_lane,fixed,True,1.0,40,0,21.518957345775522,4.5,2.0,7.195472899824381,60.151433112166835,42.401433112166835,17.75,nan,0.0,0,0,40,0,3.0,4.0,33.0
73,1,right_lane,fixed,True,1.0,40,0,20.268957345971565,0.0,17.0,5.24168536067009,60.23033175382687,40.23033175382686,20.0,nan,0.0,0,0,40,0,0.0,0.0,40.0
74,1,right_lane,fixed,True,1.0,40,0,22.143957345971565,1.5,0.5,2.4479752023871697,62.47839840507331,43.228398405073314,19.25,nan,0.0,0,0,40,0,2.0,1.0,37.0
75,1,right_lane,fixed,True,1.0,40,0,23.643957345971565,17.5,7.0,20.224425710737705,56.87839877673206,45.62839877673206,11.25,nan,0.0,0,0,40,0,18.0,1.0,21.0
76,1,right_lane,fixed,True,1.0,40,0,20.268957345971565,0.0,7.5,4.221569396555424,60.2303317535545,40.2303317535545,20.0,nan,0.0,0,0,40,0,0.0,0.0,40.0
77,1,right_lane,fixed,True,1.0,40,0,22.393957345971565,23.0,3.0,22.334035182089792,52.629622867603494,43.629622867603494,9.0,nan,0.0,0,0,40,0,20.0,4.0,16.0
78,1,right_lane,fixed,True,1.0,40,0,21.268957345971565,0.0,3.5,4.020121841276705,61.32939766774115,41.82939766774114,19.5,nan,0.0,0,0,40,0,0.0,1.0,39.0
79,1,right_lane,fixed,True,1.0,40,0,23.518957345971554,7.5,2.5,10.43404085981274,61.67837715058449,45.42837715058449,16.25,nan,0.0,0,0,40,0,8.0,1.0,31.0
80,1,right_lane,fixed,True,1.0,40,0,24.143950896143306,0.5,11.5,4.519732093767971,66.18032143379459,46.430321433794596,19.75,nan,0.0,0,0,40,0,0.0,1.0,39.0
81,1,right_lane,fixed,True,1.0,40,0,21.766466606367043,0.0,2.5,4.03014550358057,62.625422107067926,42.62542210706792,20.0,nan,0.0,0,0,40,0,0.0,1.0,39.0
82,1,right_lane,fixed,True,1.0,40,0,21.268957345971565,0.0,3.0,2.8223007610358763,61.83379213911206,41.83379213911206,20.0,nan,0.0,0,0,40,0,0.0,0.0,40.0
83,1,right_lane,fixed,True,1.0,40,0,22.391789654732086,0.5,11.0,4.986355098197237,63.374930802877735,43.62493080287773,19.75,nan,0.0,0,0,40,0,1.0,1.0,38.0
84,1,right_lane,fixed,True,1.0,40,0,22.643957345971565,0.0,1.0,3.166259005680331,64.03334332788558,44.03334332788558,20.0,nan,0.0,0,0,40,0,0.0,0.0,40.0
85,1,right_lane,fixed,True,1.0,40,0,20.893957345971565,0.0,7.0,4.525890946388245,61.2303317535545,41.2303317535545,20.0,nan,0.0,0,0,40,0,0.0,0.0,40.0
86,1,right_lane,fixed,True,1.0,40,0,21.393957345971554,0.0,7.5,4.1061233058571815,62.030331753554485,42.03033175355448,20.0,nan,0.0,0,0,40,0,0.0,0.0,40.0
87,1,right_lane,fixed,True,1.0,40,0,21.018957345971565,0.5,1.5,3.7808812272387513,61.178398403043936,41.42839840304394,19.75,nan,0.0,0,0,40,0,1.0,1.0,38.0
88,1,right_lane,fixed,True,1.0,40,0,22.89391975488909,14.5,2.5,16.286688655614853,57.177476833239375,44.42747683323939,12.75,nan,0.0,0,0,40,0,14.0,2.0,24.0
89,1,right_lane,fixed,True,1.0,40,0,22.643957345971565,6.5,12.5,10.274250873364508,60.778429369671116,44.02842936967111,16.75,nan,0.0,0,0,40,0,7.0,1.0,32.0
90,1,right_lane,fixed,True,1.0,40,0,22.143957345971565,15.5,3.5,18.276588521897793,55.475796329758246,43.225796329758246,12.25,nan,0.0,0,0,40,0,8.0,16.0,16.0
91,1,right_lane,fixed,True,1.0,40,0,22.143957345971565,0.0,7.0,4.253381478716619,63.230331753554516,43.23033175355451,20.0,nan,0.0,0,0,40,0,0.0,0.0,40.0
92,1,right_lane,fixed,True,1.0,40,0,22.643957345971565,5.5,0.5,7.766412511467934,61.2788940318288,44.028894031828806,17.25,nan,0.0,0,0,40,0,6.0,1.0,33.0
93,1,right_lane,fixed,True,1.0,40,0,20.518957345971565,0.0,19.0,5.443373270332813,60.6303317535545,40.63033175355451,20.0,nan,0.0,0,0,40,0,0.0,0.0,40.0
94,1,right_lane,fixed,True,1.0,40,0,21.518957345971565,0.0,17.0,4.575171451368078,62.23033175355451,42.2303317535545,20.0,nan,0.0,0,0,40,0,0.0,0.0,40.0
95,1,right_lane,fixed,True,1.0,40,0,21.768957345971565,0.0,2.5,3.530526147380442,62.62939766843071,42.62939766843073,20.0,nan,0.0,0,0,40,0,0.0,1.0,39.0
96,1,right_lane,fixed,True,1.0,40,0,21.268957345967657,0.5,2.0,4.620019152760506,61.57839910880253,41.82839910880251,19.75,nan,0.0,0,0,40,0,1.0,1.0,38.0
97,1,right_lane,fixed,True,1.0,40,0,23.643957345971565,0.0,6.0,3.499020051927573,65.62939766774726,45.629397667747256,20.0,nan,0.0,0,0,40,0,0.0,1.0,39.0
98,1,right_lane,fixed,True,1.0,40,0,22.018957345971565,0.0,6.0,3.7471774431342055,63.02939766774115,43.029397667741144,20.0,nan,0.0,0,0,40,0,0.0,1.0,39.0
99,1,right_lane,fixed,True,1.0,38,1,21.862060364180596,5.5,6.5,9.467690820987627,57.12870458256203,40.62870458256204,16.5,nan,0.0,0,0,38,0,5.0,2.0,31.0
100,1,right_lane,fixed,True,1.0,40,0,23.143957345971565,0.5,1.0,3.9527427423977315,63.8283984043415,44.3283984043415,19.5,nan,0.0,0,0,40,0,1.0,1.0,38.0
101,1,right_lane,fixed,True,1.0,40,0,23.518957345971565,13.0,3.0,16.072859063744545,58.92698519732038,45.42698519732038,13.5,nan,0.0,0,0,40,0,13.0,2.0,25.0
102,1,right_lane,fixed,True,1.0,40,0,21.768957345971565,2.0,4.0,4.934921094736637,61.629640091183326,42.629640091183326,19.0,nan,0.0,0,0,40,0,0.0,4.0,36.0
103,1,right_lane,fixed,True,1.0,40,0,21.893957345971565,0.5,5.5,5.172852206035714,62.5783991088088,42.82839910880881,19.75,nan,0.0,0,0,40,0,1.0,1.0,38.0
104,1,right_lane,fixed,True,1.0,40,0,20.518957345971565,0.0,5.5,4.560338355600834,60.629397666520454,40.629397666520454,20.0,nan,0.0,0,0,40,0,0.0,1.0,39.0
105,1,right_lane,fixed,True,1.0,40,0,22.768956694084682,9.5,1.0,12.07071279361844,59.47837610062364,44.228376100623635,15.25,nan,0.0,0,0,40,0,10.0,1.0,29.0
106,1,right_lane,fixed,True,1.0,40,0,21.268957345971565,0.0,2.0,4.095890015340046,61.83033265922121,41.83033265922122,20.0,nan,0.0,0,0,40,0,0.0,0.0,40.0
107,1,right_lane,fixed,True,1.0,40,0,24.143957345967713,14.0,1.0,16.283171864219184,59.42891779751081,46.42891779751081,13.0,nan,0.0,0,0,40,0,14.0,2.0,24.0
108,1,right_lane,fixed,True,1.0,40,0,21.768957345971053,0.5,3.5,4.197167962149251,62.3783984043453,42.628398404345305,19.75,nan,0.0,0,0,40,0,1.0,1.0,38.0
109,1,right_lane,fixed,True,1.0,40,0,22.643957345971565,0.0,3.0,3.778298616678512,64.02939832968683,44.029398329686835,20.0,nan,0.0,0,0,40,0,0.0,1.0,39.0
110,1,right_lane,fixed,True,1.0,40,0,22.518957345971565,11.0,11.5,14.719633497297764,58.32891689940437,43.828916899404376,14.5,nan,0.0,0,0,40,0,10.0,4.0,26.0
111,1,right_lane,fixed,True,1.0,40,0,21.768957345971565,26.5,2.5,26.74296785145998,49.380331753554515,42.63033175355451,6.75,nan,0.0,0,0,40,0,27.0,1.0,12.0
112,1,right_lane,fixed,True,1.0,40,0,22.518956496360392,17.5,1.0,19.20100085069771,55.078703771944774,43.828703771944774,11.25,nan,0.0,0,0,40,0,7.0,23.0,10.0
113,1,right_lane,fixed,True,1.0,40,0,21.893957345971565,4.5,14.0,8.26218987833181,60.57744771616607,42.82744771616607,17.75,nan,0.0,0,0,40,0,4.0,2.0,34.0
114,1,right_lane,fixed,True,1.0,40,0,20.643957345971565,3.0,12.0,7.783387199044228,59.32986983293866,40.82986983293866,18.5,nan,0.0,0,0,40,0,0.0,7.0,33.0
115,1,right_lane,fixed,True,1.0,40,0,21.768957345971565,0.5,5.0,4.925319748239417,62.37839910886089,42.6283991088609,19.75,nan,0.0,0,0,40,0,1.0,1.0,38.0
116,1,right_lane,fixed,True,1.0,40,0,21.518908354794824,2.0,12.0,7.14049594476819,61.229544758844,42.229544758844,19.0,nan,0.0,0,0,40,0,0.0,4.0,36.0
117,1,right_lane,fixed,True,1.0,40,0,25.518957345971494,16.0,0.5,18.003826919344647,60.6289974822914,48.62899748229141,12.0,nan,0.0,0,0,40,0,15.0,4.0,21.0
118,1,right_lane,fixed,True,1.0,40,0,22.518957345971565,12.0,1.0,14.414260238409042,58.078008817776464,43.82800881777646,14.25,nan,0.0,0,0,40,0,6.0,12.0,22.0
119,1,right_lane,fixed,True,1.0,40,0,22.018957345971565,0.0,10.5,4.186088900882169,62.7803317535545,43.030331753554506,19.75,nan,0.0,0,0,40,0,0.0,0.0,40.0
120,1,right_lane,fixed,True,1.0,40,0,22.268957345971565,0.0,1.0,3.5190633274530683,63.430331753554505,43.43033175355449,20.0,nan,0.0,0,0,40,0,0.0,0.0,40.0
121,1,right_lane,fixed,True,1.0,40,0,21.768957345971565,0.5,4.5,4.711241111814161,62.3783991088609,42.6283991088609,19.75,nan,0.0,0,0,40,0,1.0,1.0,38.0
122,1,right_lane,fixed,True,1.0,40,0,21.268957345971565,0.0,0.0,1.5785819019429255,61.8303317535545,41.830331753554496,20.0,nan,0.0,0,0,40,0,0.0,0.0,40.0
123,1,right_lane,fixed,True,1.0,40,0,22.518957345971565,3.0,4.5,6.760482485895409,62.32891743791032,43.82891743791032,18.5,nan,0.0,0,0,40,0,3.0,2.0,35.0
124,1,right_lane,fixed,True,1.0,40,0,24.749999901361928,36.5,1.5,35.558529019355774,49.64813440008922,47.39813440008922,2.25,nan,0.0,0,0,40,0,33.0,7.0,0.0
125,1,right_lane,fixed,True,1.0,40,0,22.002496438936525,0.0,4.5,3.488304898799015,62.70399443933519,43.203994439335204,19.5,nan,0.0,0,0,40,0,0.0,0.0,40.0
126,1,right_lane,fixed,True,1.0,40,0,21.018957344257622,0.0,3.5,4.186035826802254,61.453200895730006,41.45320089573,20.0,nan,0.0,0,0,40,0,0.0,0.0,40.0
127,1,right_lane,fixed,True,1.0,40,0,21.018957345971565,0.0,18.0,5.992830141070044,61.42939833206728,41.42939833206728,20.0,nan,0.0,0,0,40,0,0.0,1.0,39.0
128,1,right_lane,fixed,True,1.0,17,1,24.750487838206908,1.0,3.0,2.989661200760793,28.278399085287095,20.028399085287095,8.25,nan,0.0,0,0,17,0,1.0,1.0,15.0
129,1,right_lane,fixed,True,1.0,40,0,23.76895734594235,0.0,12.0,3.800500253633345,65.07939832963936,45.329398329639346,19.75,nan,0.0,0,0,40,0,0.0,1.0,39.0
130,1,right_lane,fixed,True,1.0,40,0,21.518957345971565,0.0,9.5,3.374348116318288,62.23033175359509,42.230331753595095,20.0,nan,0.0,0,0,40,0,0.0,0.0,40.0
131,1,right_lane,fixed,True,1.0,40,0,21.768957345971565,0.0,0.5,3.6651245277712405,62.62939832968611,42.6293983296861,20.0,nan,0.0,0,0,40,0,0.0,1.0,39.0
132,1,right_lane,fixed,True,1.0,40,0,21.250043292099726,0.0,14.5,4.251543629317894,61.799135182235744,41.79913518223574,20.0,nan,0.0,0,0,40,0,0.0,1.0,39.0
133,1,right_lane,fixed,True,1.0,40,0,21.018957345971554,0.0,2.5,4.222223980783383,61.455674969348124,41.455674969348124,20.0,nan,0.0,0,0,40,0,0.0,1.0,39.0
134,1,right_lane,fixed,True,1.0,40,0,20.393957345971565,0.0,20.0,5.031148664653301,60.43033175355452,40.43033175355452,20.0,nan,0.0,0,0,40,0,0.0,0.0,40.0
135,1,right_lane,fixed,True,1.0,40,0,21.518957345971565,0.0,15.5,4.71424856597514,62.2303317535545,42.230331753554495,20.0,nan,0.0,0,0,40,0,0.0,0.0,40.0
136,1,right_lane,fixed,True,1.0,40,0,20.768957345971565,0.0,0.5,3.1057737097144127,61.02939766774115,41.02939766774115,20.0,nan,0.0,0,0,40,0,0.0,1.0,39.0
137,1,right_lane,fixed,True,1.0,40,0,21.643957345971565,2.0,10.0,7.065509147942066,61.428688781278105,42.42868878127811,19.0,nan,0.0,0,0,40,0,0.0,5.0,35.0
138,1,right_lane,fixed,True,1.0,40,0,21.143957345971565,0.0,1.0,3.3405117993647764,61.62939766774183,41.62939766774183,20.0,nan,0.0,0,0,40,0,0.0,1.0,39.0
139,1,right_lane,fixed,True,1.0,40,0,21.893957345971565,5.5,2.0,8.449035109049419,60.07847407395942,42.828474073959434,17.25,nan,0.0,0,0,40,0,6.0,1.0,33.0
140,1,right_lane,fixed,True,1.0,40,0,23.018957345971565,9.5,12.0,12.770302176475525,59.877960287330666,44.62796028733066,15.25,nan,0.0,0,0,40,0,9.0,2.0,29.0
141,1,right_lane,fixed,True,1.0,40,0,22.768634297606514,0.0,1.5,3.6667266815636594,64.22888145230203,44.22888145230203,20.0,nan,0.0,0,0,40,0,0.0,1.0,39.0
142,1,right_lane,fixed,True,1.0,40,0,22.627496440621705,28.0,4.0,27.889510490000248,50.502587518046205,44.0025875180462,6.5,nan,0.0,0,0,40,0,26.0,3.0,11.0
143,1,right_lane,fixed,True,1.0,40,0,23.143623745187625,10.5,2.5,12.535630212314572,59.27346295575804,45.023462955758035,14.25,nan,0.0,0,0,40,0,9.0,4.0,27.0
144,1,right_lane,fixed,True,1.0,40,0,21.143957345971565,0.0,13.5,4.488287933170795,61.6307952252609,41.630795225260904,20.0,nan,0.0,0,0,40,0,0.0,0.0,40.0
145,1,right_lane,fixed,True,1.0,40,0,22.643957345971494,5.0,11.5,9.282512929717996,61.528704849618926,44.028704849618926,17.5,nan,0.0,0,0,40,0,5.0,2.0,33.0
146,1,right_lane,fixed,True,1.0,40,0,21.143919754885687,0.0,1.0,3.7869995832443237,61.629337520783125,41.62933752078313,20.0,nan,0.0,0,0,40,0,0.0,1.0,39.0
147,1,right_lane,fixed,True,1.0,37,1,21.371845779428718,0.5,3.0,2.3371033959547276,57.329449893052235,38.82944989305223,18.5,nan,0.0,0,0,37,0,0.0,1.0,36.0
148,1,right_lane,fixed,True,1.0,40,0,21.393957345971494,9.5,5.0,13.301770073361695,56.52839414664302,41.52839414664302,15.0,nan,0.0,0,0,40,0,7.0,6.0,27.0
149,1,right_lane,fixed,True,1.0,40,0,22.143957345971565,0.0,7.5,3.8199440050811972,63.230331753554594,43.230331753554594,20.0,nan,0.0,0,0,40,0,0.0,0.0,40.0
150,1,right_lane,fixed,True,1.0,40,0,20.518957345971565,0.0,17.0,5.248805940151215,60.6303317535545,40.63033175355451,20.0,nan,0.0,0,0,40,0,0.0,0.0,40.0
151,1,right_lane,fixed,True,1.0,40,0,23.518957345971565,0.0,11.5,3.749029646253234,65.43033175355451,45.43033175355451,20.0,nan,0.0,0,0,40,0,0.0,0.0,40.0
152,1,right_lane,fixed,True,1.0,40,0,22.64395734574631,15.0,8.0,17.13091943731888,57.028396148766475,44.028396148766475,13.0,nan,0.0,0,0,40,0,14.0,2.0,24.0
153,1,right_lane,fixed,True,1.0,40,0,20.768957345971565,3.5,7.0,7.527860600501299,58.78033175386745,41.03033175386744,17.75,nan,0.0,0,0,40,0,0.0,7.0,33.0
154,1,right_lane,fixed,True,1.0,40,0,24.768957345971565,17.5,7.0,19.618593472987413,58.92837785130233,47.42837785130233,11.5,nan,0.0,0,0,40,0,16.0,4.0,20.0
155,1,right_lane,fixed,True,1.0,40,0,22.518957345971565,0.0,15.0,5.2797279252472435,63.5803317535545,43.8303317535545,19.75,nan,0.0,0,0,40,0,0.0,0.0,40.0
156,1,right_lane,fixed,True,1.0,40,0,22.393957258408,23.0,2.0,22.917643451279673,52.12843450458953,43.62843450458953,8.5,nan,0.0,0,0,40,0,20.0,7.0,13.0
157,1,right_lane,fixed,True,1.0,40,0,22.127496439133086,0.0,12.0,4.206473568829551,63.20306033845166,43.203060338451664,20.0,nan,0.0,0,0,40,0,0.0,1.0,39.0
158,1,right_lane,fixed,True,1.0,40,0,21.143957345971565,0.0,1.0,2.866009997203946,61.653200898199245,41.653200898199245,20.0,nan,0.0,0,0,40,0,0.0,0.0,40.0
159,1,right_lane,fixed,True,1.0,40,0,20.893957345971565,0.5,2.5,4.974846787750721,60.97839840434078,41.22839840434077,19.75,nan,0.0,0,0,40,0,1.0,1.0,38.0
160,1,right_lane,fixed,True,1.0,40,0,22.643957345971565,0.5,3.0,4.7418893224441945,63.778399108860896,44.028399108860896,19.75,nan,0.0,0,0,40,0,1.0,1.0,38.0
161,1,right_lane,fixed,True,1.0,40,0,22.000000013019175,0.5,1.0,4.486492930533132,62.74806544376114,42.99806544376115,19.75,nan,0.0,0,0,40,0,1.0,1.0,38.0
162,1,right_lane,fixed,True,1.0,40,0,21.518957345971565,0.0,9.5,3.251173633821054,62.43033173546695,42.43033173546696,20.0,nan,0.0,0,0,40,0,0.0,0.0,40.0
163,1,right_lane,fixed,True,1.0,40,0,21.393957345971565,0.0,8.0,4.043079056649049,62.030331753554485,42.030331753554506,20.0,nan,0.0,0,0,40,0,0.0,0.0,40.0
164,1,right_lane,fixed,True,1.0,40,0,21.893957345971565,5.0,1.0,8.112861707806587,60.50233277762569,43.00233277762569,17.5,nan,0.0,0,0,40,0,5.0,2.0,33.0
165,1,right_lane,fixed,True,1.0,40,0,21.0189197534004,0.0,5.0,3.435568071002308,61.43027160544065,41.43027160544065,20.0,nan,0.0,0,0,40,0,0.0,0.0,40.0
166,1,right_lane,fixed,True,1.0,40,0,23.143957345971486,5.0,1.5,7.826778882608778,62.32825286633864,44.82825286633865,17.5,nan,0.0,0,0,40,0,4.0,3.0,33.0
167,1,right_lane,fixed,True,1.0,40,0,21.26895239570556,0.0,0.0,1.8355032577253496,61.83032383312899,41.830323833129,20.0,nan,0.0,0,0,40,0,0.0,0.0,40.0
168,1,right_lane,fixed,True,1.0,32,1,23.304946682464454,0.5,4.0,3.4623380987113705,52.0303386309611,36.030338630961104,16.0,nan,0.0,0,0,32,0,0.0,0.0,32.0
169,1,right_lane,fixed,True,1.0,40,0,21.268957345971565,0.0,3.5,3.501940995743098,61.08033175355452,41.33033175355451,19.75,nan,0.0,0,0,40,0,0.0,0.0,40.0
170,1,right_lane,fixed,True,1.0,40,0,21.643957345971565,0.0,2.0,3.059256747161271,62.4303317535545,42.430331753554505,20.0,nan,0.0,0,0,40,0,0.0,0.0,40.0
171,1,right_lane,fixed,True,1.0,40,0,21.997875600860247,4.5,15.0,9.423836074769497,60.74589253522412,42.99589253522412,17.75,nan,0.0,0,0,40,0,0.0,10.0,30.0
172,1,right_lane,fixed,True,1.0,40,0,21.518957345971565,0.0,4.5,4.163719671436411,62.43140102238271,42.431401022382715,20.0,nan,0.0,0,0,40,0,0.0,1.0,39.0
173,1,right_lane,fixed,True,1.0,40,0,23.01895733298212,3.5,3.0,7.383212558719606,62.87846479534181,44.62846479534181,18.25,nan,0.0,0,0,40,0,0.0,8.0,32.0
174,1,right_lane,fixed,True,1.0,40,0,21.893957345971565,0.0,0.0,2.9947242015614393,62.83033177160074,42.830331771600754,20.0,nan,0.0,0,0,40,0,0.0,0.0,40.0
175,1,right_lane,fixed,True,1.0,40,0,23.76891480462308,0.0,2.5,3.0609440090847784,65.82932960158425,45.82932960158425,20.0,nan,0.0,0,0,40,0,0.0,1.0,39.0
176,1,right_lane,fixed,True,1.0,40,0,22.750328749382284,0.5,0.5,3.6026150481470722,63.94865175324341,44.1986517532434,19.75,nan,0.0,0,0,40,0,1.0,1.0,38.0
177,1,right_lane,fixed,True,1.0,40,0,21.393957345971565,4.5,2.0,7.415641903751748,60.150808545637275,42.400808545637275,17.75,nan,0.0,0,0,40,0,4.0,2.0,34.0
178,1,right_lane,fixed,True,1.0,40,0,21.768957345971565,17.0,5.0,18.944550290703773,54.12963839459872,42.62963839459872,11.5,nan,0.0,0,0,40,0,16.0,3.0,21.0
179,1,right_lane,fixed,True,1.0,25,1,21.6303317535545,0.5,10.5,4.491639988196766,38.92939766774183,26.429397667741824,12.5,nan,0.0,0,0,25,0,0.0,1.0,24.0
180,1,right_lane,fixed,True,1.0,40,0,24.393957345971565,16.0,2.0,18.48712168633938,58.07673513668552,46.326735136685514,11.75,nan,0.0,0,0,40,0,14.0,6.0,20.0
181,1,right_lane,fixed,True,1.0,40,0,23.26895734597156,10.5,5.5,13.597228646278381,59.77732937239225,45.02732937239226,14.75,nan,0.0,0,0,40,0,4.0,14.0,22.0
182,1,right_lane,fixed,True,1.0,40,0,22.143957345971497,1.0,2.0,4.339082630858684,62.72870484961893,43.22870484961893,19.5,nan,0.0,0,0,40,0,1.0,2.0,37.0
183,1,right_lane,fixed,True,1.0,40,0,21.268957345971565,0.0,11.0,4.5953012853860855,61.830331753554596,41.83033175355459,20.0,nan,0.0,0,0,40,0,0.0,0.0,40.0
184,1,right_lane,fixed,True,1.0,40,0,22.393957345971565,5.5,16.5,11.037879191339016,60.87796424562505,43.627964245625044,17.25,nan,0.0,0,0,40,0,2.0,8.0,30.0
185,1,right_lane,fixed,True,1.0,40,0,24.60637699279994,17.5,4.5,18.979495301273346,58.91742219566855,47.16742219566856,11.75,nan,0.0,0,0,40,0,14.0,7.0,19.0
186,1,right_lane,fixed,True,1.0,40,0,20.393957345971565,0.0,2.0,4.33589193969965,60.32986725656166,40.82986725656166,19.5,nan,0.0,0,0,40,0,0.0,0.0,40.0
187,1,right_lane,fixed,True,1.0,40,0,22.518957345971565,10.5,10.5,14.05598896741867,58.57837990573012,43.82837990573011,14.75,nan,0.0,0,0,40,0,11.0,1.0,28.0
188,1,right_lane,fixed,True,1.0,40,0,21.518957345971565,0.5,6.0,4.862329445171781,61.97939766652045,42.22939766652045,19.75,nan,0.0,0,0,40,0,0.0,2.0,38.0
189,1,right_lane,fixed,True,1.0,40,0,20.643957345971565,0.0,6.5,4.320844702422619,60.8303317535545,40.8303317535545,20.0,nan,0.0,0,0,40,0,0.0,0.0,40.0
190,1,right_lane,fixed,True,1.0,40,0,21.518957345971565,3.0,4.5,7.495536416769028,60.72770413384431,42.22770413384431,18.5,nan,0.0,0,0,40,0,2.0,4.0,34.0
191,1,right_lane,fixed,True,1.0,40,0,21.768957344031914,3.5,10.5,8.714721865952015,60.87768951477303,42.62768951477303,18.25,nan,0.0,0,0,40,0,2.0,5.0,33.0
192,1,right_lane,fixed,True,1.0,40,0,21.393957345971565,0.0,5.5,3.8654979262501,62.0293976704359,42.029397670435905,20.0,nan,0.0,0,0,40,0,0.0,1.0,39.0
193,1,right_lane,fixed,True,1.0,40,0,21.393957345971565,0.0,2.0,3.4022340218812133,62.0293983296861,42.029398329686096,20.0,nan,0.0,0,0,40,0,0.0,1.0,39.0
194,1,right_lane,fixed,True,1.0,33,1,21.99267557087462,2.5,1.5,5.2342500630511495,50.67734820249985,35.42734820249985,15.25,nan,0.0,0,0,33,0,0.0,6.0,27.0
195,1,right_lane,fixed,True,1.0,40,0,23.768957345971565,6.0,0.5,7.774461599561619,62.327477384861595,45.32747738486159,17.0,nan,0.0,0,0,40,0,4.0,4.0,32.0
196,1,right_lane,fixed,True,1.0,40,0,22.768957344482818,0.0,8.5,3.704136304375652,64.22939832730411,44.22939832730412,20.0,nan,0.0,0,0,40,0,0.0,1.0,39.0
197,1,right_lane,fixed,True,1.0,40,0,21.018957345971565,0.5,1.0,5.260501606477192,61.1783991109292,41.428399110929206,19.75,nan,0.0,0,0,40,0,1.0,1.0,38.0
198,1,right_lane,fixed,True,1.0,40,0,21.268957345971565,0.0,8.0,4.48451341688633,61.82939832968611,41.8293983296861,20.0,nan,0.0,0,0,40,0,0.0,1.0,39.0
199,1,right_lane,fixed,True,1.0,40,0,23.768957345971565,11.5,1.5,13.924747442359148,60.07837714426937,45.82837714426936,14.25,nan,0.0,0,0,40,0,12.0,1.0,27.0
200,1,right_lane,fixed,True,1.0,40,0,20.268957345971565,0.0,14.0,5.009309411048889,60.2303317535545,40.2303317535545,20.0,nan,0.0,0,0,40,0,0.0,0.0,40.0
201,1,right_lane,fixed,True,1.0,40,0,20.768957345971565,0.5,7.0,3.6519478354075545,60.778398404339505,41.0283984043395,19.75,nan,0.0,0,0,40,0,1.0,1.0,38.0
202,1,right_lane,fixed,True,1.0,40,0,22.143957345971565,0.0,15.0,4.305214305670233,63.230331753554495,43.2303317535545,20.0,nan,0.0,0,0,40,0,0.0,0.0,40.0
203,1,right_lane,fixed,True,1.0,40,0,20.518957344286836,0.0,4.5,2.6380844849645655,60.629396512006196,40.629396512006196,20.0,nan,0.0,0,0,40,0,0.0,1.0,39.0
204,1,right_lane,fixed,True,1.0,40,0,23.643957260100045,0.0,2.0,3.3464847602590453,65.63033161850066,45.630331618500676,20.0,nan,0.0,0,0,40,0,0.0,0.0,40.0
205,1,right_lane,fixed,True,1.0,40,0,25.893957345971558,23.0,7.0,24.911639839410782,57.72699947318083,49.22699947318085,8.5,nan,0.0,0,0,40,0,23.0,2.0,15.0
206,1,right_lane,fixed,True,1.0,40,0,21.26859175625804,0.0,2.0,2.4152718570703655,61.82881272419952,41.828812724199516,20.0,nan,0.0,0,0,40,0,0.0,1.0,39.0
207,1,right_lane,fixed,True,1.0,40,0,23.143957345971565,0.5,10.0,4.938846393348285,64.57890631901275,44.82890631901275,19.75,nan,0.0,0,0,40,0,1.0,1.0,38.0
208,1,right_lane,fixed,True,1.0,40,0,20.393957345971565,0.0,3.5,4.253891721367836,60.430331753554505,40.430331753554505,20.0,nan,0.0,0,0,40,0,0.0,0.0,40.0
209,1,right_lane,fixed,True,1.0,40,0,24.018957345971565,5.5,1.5,8.87449431469463,63.47891545378966,46.22891545378966,17.25,nan,0.0,0,0,40,0,5.0,3.0,32.0
210,1,right_lane,fixed,True,1.0,40,0,20.643957345971565,3.0,1.0,7.166669875383377,59.32803317124173,40.828033171241735,18.5,nan,0.0,0,0,40,0,3.0,2.0,35.0
211,1,right_lane,fixed,True,1.0,40,0,21.893957345971565,8.0,2.0,11.061176112634712,58.82910124067355,42.82910124067355,16.0,nan,0.0,0,0,40,0,7.0,4.0,29.0
212,1,right_lane,fixed,True,1.0,40,0,21.268957345971565,0.0,1.0,3.6817211563920864,61.8303317535545,41.83033175355451,20.0,nan,0.0,0,0,40,0,0.0,0.0,40.0
213,1,right_lane,fixed,True,1.0,40,0,21.018957345971565,0.0,11.0,4.563530474901199,61.4303317535545,41.430331753554505,20.0,nan,0.0,0,0,40,0,0.0,0.0,40.0
214,1,right_lane,fixed,True,1.0,40,0,23.143909103635565,0.0,3.5,3.375850039095667,64.82932114194853,44.82932114194851,20.0,nan,0.0,0,0,40,0,0.0,1.0,39.0
215,1,right_lane,fixed,True,1.0,40,0,21.268957345971565,3.5,0.0,7.147861923120217,60.07844329764628,41.82844329764628,18.25,nan,0.0,0,0,40,0,4.0,1.0,35.0
216,1,right_lane,fixed,True,1.0,40,0,22.893957345971565,5.5,3.0,8.789747022561642,61.67837714984898,44.42837714984897,17.25,nan,0.0,0,0,40,0,6.0,1.0,33.0
217,1,right_lane,fixed,True,1.0,40,0,20.268957345971565,0.0,2.5,1.2245267090020207,60.2303317535545,40.2303317535545,20.0,nan,0.0,0,0,40,0,0.0,0.0,40.0
218,1,right_lane,fixed,True,1.0,40,0,21.76895668109524,0.5,1.5,4.453913874924183,62.37839734053865,42.62839734053866,19.75,nan,0.0,0,0,40,0,1.0,1.0,38.0
219,1,right_lane,fixed,True,1.0,40,0,21.018957345971565,0.0,5.0,2.526211690674245,61.43033267726745,41.43033267726746,20.0,nan,0.0,0,0,40,0,0.0,0.0,40.0
220,1,right_lane,fixed,True,1.0,40,0,21.768957345967713,1.5,1.5,5.422534511929371,61.87839840433461,42.62839840433462,19.25,nan,0.0,0,0,40,0,2.0,1.0,37.0
221,1,right_lane,fixed,True,1.0,40,0,23.393957345745733,2.0,5.5,5.859609269955172,64.22937986085529,45.22937986085529,19.0,nan,0.0,0,0,40,0,0.0,4.0,36.0
222,1,right_lane,fixed,True,1.0,40,0,22.643919669043452,0.0,7.5,3.6275024418177964,64.03027147078326,44.030271470783276,20.0,nan,0.0,0,0,40,0,0.0,0.0,40.0
223,1,right_lane,fixed,True,1.0,40,0,23.018957345971565,12.0,0.0,12.411028485468705,58.62775733986746,44.62775733986745,14.0,nan,0.0,0,0,40,0,11.0,3.0,26.0
224,1,right_lane,fixed,True,1.0,40,0,20.518957345971565,2.0,4.5,6.284599430859089,59.628991229429985,40.628991229429985,19.0,nan,0.0,0,0,40,0,0.0,5.0,35.0
225,1,right_lane,fixed,True,1.0,40,0,21.643957345971565,0.0,0.5,3.9331392258764026,62.42939832968611,42.4293983296861,20.0,nan,0.0,0,0,40,0,0.0,1.0,39.0
226,1,right_lane,fixed,True,1.0,40,0,21.268957345971565,0.0,2.5,4.191119901835918,61.8303317535545,41.83033175355451,20.0,nan,0.0,0,0,40,0,0.0,0.0,40.0
227,1,right_lane,fixed,True,1.0,40,0,23.26646165610096,1.5,2.0,4.531642111977817,64.27445155157943,45.024451551579425,19.25,nan,0.0,0,0,40,0,0.0,3.0,37.0
228,1,right_lane,fixed,True,1.0,40,0,20.768957345971565,0.0,4.0,3.89841503273783,61.032864930705415,41.03286493070541,20.0,nan,0.0,0,0,40,0,0.0,1.0,39.0
229,1,right_lane,fixed,True,1.0,40,0,21.018957345971565,0.0,0.5,3.6901564684887944,61.43033175355449,41.43033175355449,20.0,nan,0.0,0,0,40,0,0.0,0.0,40.0
230,1,right_lane,fixed,True,1.0,40,0,22.268957345971565,10.0,2.0,12.54830298548768,58.42757649801264,43.42757649801264,15.0,nan,0.0,0,0,40,0,7.0,7.0,26.0
231,1,right_lane,fixed,True,1.0,40,0,21.518957345971565,0.0,0.5,3.3624095831263503,62.229398329686106,42.229398329686106,20.0,nan,0.0,0,0,40,0,0.0,1.0,39.0
232,1,right_lane,fixed,True,1.0,40,0,20.893957345971565,27.0,1.5,26.87545120716095,47.729397667739946,41.229397667739946,6.5,nan,0.0,0,0,40,0,25.0,5.0,10.0
233,1,right_lane,fixed,True,1.0,40,0,20.997875600860247,5.0,16.0,10.351144388318062,58.894315671219836,41.39431567121983,17.5,nan,0.0,0,0,40,0,3.0,6.0,31.0
234,1,right_lane,fixed,True,1.0,40,0,22.143957345971565,3.5,3.0,6.311718221411866,61.68089764642315,43.43089764642315,18.25,nan,0.0,0,0,40,0,4.0,1.0,35.0
235,1,right_lane,fixed,True,1.0,40,0,22.643957345971565,3.0,2.0,4.204470307950942,62.5289174379109,44.028917437910906,18.5,nan,0.0,0,0,40,0,3.0,2.0,35.0
236,1,right_lane,fixed,True,1.0,40,0,21.268957345971565,0.0,6.5,4.012703319283901,61.8303317535545,41.83033175355451,20.0,nan,0.0,0,0,40,0,0.0,0.0,40.0
237,1,right_lane,fixed,True,1.0,40,0,20.518957345971565,4.0,0.0,4.991250930890601,58.62933119143395,40.62933119143394,18.0,nan,0.0,0,0,40,0,3.0,4.0,33.0
238,1,right_lane,fixed,True,1.0,17,1,27.103413868713115,15.0,0.0,14.920184403657913,23.128904811666946,21.628904811666942,1.5,nan,0.0,0,0,17,0,13.0,4.0,0.0
239,1,right_lane,fixed,True,1.0,40,0,22.768957345971565,0.0,12.0,4.225895701159914,63.229398329686106,43.729398329686106,19.5,nan,0.0,0,0,40,0,0.0,1.0,39.0
240,1,right_lane,fixed,True,1.0,40,0,21.76895734597155,2.0,5.0,5.9107228964567184,61.62962286709146,42.62962286709147,19.0,nan,0.0,0,0,40,0,0.0,4.0,36.0
241,1,right_lane,fixed,True,1.0,40,0,22.893951657973492,0.0,0.0,2.1139914434142497,64.4303226527576,44.43032265275761,20.0,nan,0.0,0,0,40,0,0.0,0.0,40.0
242,1,right_lane,fixed,True,1.0,40,0,22.393957345971565,22.0,2.5,23.483036674559116,52.6271328735992,43.62713287359921,9.0,nan,0.0,0,0,40,0,15.0,15.0,10.0
243,1,right_lane,fixed,True,1.0,40,0,22.143957345971565,0.0,0.5,2.9031621220419765,63.2303317535545,43.23033175355451,20.0,nan,0.0,0,0,40,0,0.0,0.0,40.0
244,1,right_lane,fixed,True,1.0,40,0,23.143957345971565,9.5,6.5,12.884770224264685,60.078377144271236,44.828377144271236,15.25,nan,0.0,0,0,40,0,10.0,1.0,29.0
245,1,right_lane,fixed,True,1.0,40,0,23.143957345971565,0.5,1.0,4.4700263521899615,64.57839840304875,44.828398403048745,19.75,nan,0.0,0,0,40,0,1.0,1.0,38.0
246,1,right_lane,fixed,True,1.0,40,0,21.018957345942347,15.5,1.0,16.37125700274919,53.68033175350683,41.43033175350683,12.25,nan,0.0,0,0,40,0,16.0,1.0,23.0
247,1,right_lane,fixed,True,1.0,40,0,21.518957345971565,0.0,0.0,2.751726975913698,62.230331753595095,42.2303317535951,20.0,nan,0.0,0,0,40,0,0.0,0.0,40.0
248,1,right_lane,fixed,True,1.0,40,0,21.25249644062177,5.0,9.5,9.584012072068617,59.552060955779815,41.80206095577982,17.75,nan,0.0,0,0,40,0,1.0,9.0,30.0
249,1,right_lane,fixed,True,1.0,40,0,20.518956596934782,0.0,15.5,5.16688197106123,60.750524800552824,41.00052480055282,19.75,nan,0.0,0,0,40,0,0.0,0.0,40.0
250,1,right_lane,fixed,True,1.0,40,0,20.643957345971565,0.0,3.5,3.8827310651540756,60.83033279419161,40.83033279419162,20.0,nan,0.0,0,0,40,0,0.0,0.0,40.0
251,1,right_lane,fixed,True,1.0,40,0,20.518957345971565,0.0,6.5,4.209079686552286,60.6303317535545,40.63033175355451,20.0,nan,0.0,0,0,40,0,0.0,0.0,40.0
252,1,right_lane,fixed,True,1.0,40,0,20.393957345971558,0.0,10.0,5.09320905059576,60.42939651470176,40.42939651470176,20.0,nan,0.0,0,0,40,0,0.0,1.0,39.0
253,1,right_lane,fixed,True,1.0,40,0,21.393957345971494,10.5,5.0,13.089462652802467,56.78033159268189,42.03033159268189,14.75,nan,0.0,0,0,40,0,11.0,1.0,28.0
254,1,right_lane,fixed,True,1.0,40,0,22.518957345716643,1.5,6.0,6.098189704722245,63.07870339688017,43.82870339688017,19.25,nan,0.0,0,0,40,0,0.0,4.0,36.0
255,1,right_lane,fixed,True,1.0,40,0,22.393919754659983,0.0,2.0,3.3934333284882996,63.62933818394174,43.629338183941734,20.0,nan,0.0,0,0,40,0,0.0,1.0,39.0
256,1,right_lane,fixed,True,1.0,40,0,20.393957345971565,0.0,7.0,5.412843465805054,60.429449892145094,40.429449892145094,20.0,nan,0.0,0,0,40,0,0.0,1.0,39.0
257,1,right_lane,fixed,True,1.0,40,0,22.518957345971565,24.0,2.0,24.391798421740532,51.82847233740939,43.82847233740938,8.0,nan,0.0,0,0,40,0,24.0,2.0,14.0
258,1,right_lane,fixed,True,1.0,40,0,22.268957345971565,12.5,5.5,15.533590279519558,57.18025352099595,43.43025352099595,13.75,nan,0.0,0,0,40,0,13.0,1.0,26.0
259,1,right_lane,fixed,True,1.0,20,1,22.537914691883532,0.5,4.5,2.741495042853785,31.829396514671295,21.829396514671295,10.0,nan,0.0,0,0,20,0,0.0,1.0,19.0
260,1,right_lane,fixed,True,1.0,40,0,21.143914066891014,0.0,5.5,2.7953554083387644,60.87932842121107,41.12932842121107,19.75,nan,0.0,0,0,40,0,0.0,1.0,39.0
261,1,right_lane,fixed,True,1.0,40,0,23.0189141527362,7.5,5.5,9.827942167044966,60.88031878982316,44.630318789823164,16.25,nan,0.0,0,0,40,0,0.0,15.0,25.0
262,1,right_lane,fixed,True,1.0,40,0,22.518919754889087,0.0,6.0,3.3029720392878517,63.8303316162022,43.83033161620221,20.0,nan,0.0,0,0,40,0,0.0,0.0,40.0
263,1,right_lane,fixed,True,1.0,40,0,20.89395734428684,0.0,0.5,3.1898327246308327,61.22944989035194,41.22944989035194,20.0,nan,0.0,0,0,40,0,0.0,1.0,39.0
264,1,right_lane,fixed,True,1.0,40,0,22.393957345971565,1.5,5.0,5.6419484064063,62.87962865674827,43.62962865674826,19.25,nan,0.0,0,0,40,0,0.0,3.0,37.0
265,1,right_lane,fixed,True,1.0,40,0,21.393957345971565,0.0,6.0,4.387032988906867,62.029397667741826,42.029397667741826,20.0,nan,0.0,0,0,40,0,0.0,1.0,39.0
266,1,right_lane,fixed,True,1.0,40,0,21.768957345749705,0.5,3.0,4.2149642797314755,62.37839910850591,42.62839910850592,19.75,nan,0.0,0,0,40,0,1.0,1.0,38.0
267,1,right_lane,fixed,True,1.0,40,0,21.268957345971565,0.0,3.5,3.5474032441525196,61.82939832999433,41.82939832999433,20.0,nan,0.0,0,0,40,0,0.0,1.0,39.0
268,1,right_lane,fixed,True,1.0,40,0,21.893957345971565,0.0,11.0,4.285323533718838,62.8303317535545,42.830331753554496,20.0,nan,0.0,0,0,40,0,0.0,0.0,40.0
269,1,right_lane,fixed,True,1.0,40,0,22.64395164495432,0.0,1.0,2.912621791241918,64.0303226319269,44.0303226319269,20.0,nan,0.0,0,0,40,0,0.0,0.0,40.0
270,1,right_lane,fixed,True,1.0,14,1,21.482735274119527,0.5,4.0,2.1594299860298634,21.63033967393254,14.630339673932541,7.0,nan,0.0,0,0,14,0,0.0,0.0,14.0
271,1,right_lane,fixed,True,1.0,40,0,21.768957345971565,0.0,0.0,2.4726886656699207,61.8803317535545,42.1303317535545,19.75,nan,0.0,0,0,40,0,0.0,0.0,40.0
272,1,right_lane,fixed,True,1.0,40,0,22.268957345971565,6.0,1.0,9.323024719953537,60.4289151973289,43.428915197328905,17.0,nan,0.0,0,0,40,0,6.0,2.0,32.0
273,1,right_lane,fixed,True,1.0,40,0,21.643957345971565,0.0,5.0,4.19459273960274,62.43033175355452,42.43033175355451,20.0,nan,0.0,0,0,40,0,0.0,0.0,40.0
274,1,right_lane,fixed,True,1.0,40,0,21.018957345971565,0.0,4.0,3.437145099043846,61.4303317535545,41.430331753554505,20.0,nan,0.0,0,0,40,0,0.0,0.0,40.0
275,1,right_lane,fixed,True,1.0,40,0,21.6439573459385,0.0,1.5,3.6545964619981532,62.43033175350159,42.4303317535016,20.0,nan,0.0,0,0,40,0,0.0,0.0,40.0
276,1,right_lane,fixed,True,1.0,40,0,21.14395734426102,0.0,3.5,3.5334402014068473,61.62939766505022,41.62939766505021,20.0,nan,0.0,0,0,40,0,0.0,1.0,39.0
277,1,right_lane,fixed,True,1.0,40,0,21.643957345971565,0.0,1.0,3.205909980184515,62.43033175593096,42.430331755930965,20.0,nan,0.0,0,0,40,0,0.0,0.0,40.0
278,1,right_lane,fixed,True,1.0,40,0,20.768957345971565,0.0,11.0,4.313260056078434,61.030331753554506,41.030331753554506,20.0,nan,0.0,0,0,40,0,0.0,0.0,40.0
279,1,right_lane,fixed,True,1.0,40,0,21.893957345971565,5.5,1.0,8.523307619161642,60.07847407576699,42.828474075766984,17.25,nan,0.0,0,0,40,0,6.0,1.0,33.0
280,1,right_lane,fixed,True,1.0,40,0,22.393957345971565,12.5,1.5,14.689544670283794,57.37798333205186,43.62798333205186,13.75,nan,0.0,0,0,40,0,10.0,6.0,24.0
281,1,right_lane,fixed,True,1.0,40,0,23.393957345741875,9.0,10.0,13.003783404827118,60.7279939949914,45.227993994991394,15.5,nan,0.0,0,0,40,0,7.0,4.0,29.0
282,1,right_lane,fixed,True,1.0,40,0,22.393957345971565,5.5,2.5,9.21458062591546,60.878671729591936,43.62867172959194,17.25,nan,0.0,0,0,40,0,5.0,3.0,32.0
283,1,right_lane,fixed,True,1.0,40,0,21.37749644062177,4.0,6.0,7.441317198974957,60.00165714383954,42.00165714383953,18.0,nan,0.0,0,0,40,0,3.0,3.0,34.0
284,1,right_lane,fixed,True,1.0,40,0,21.393957344286836,0.0,2.0,4.052140776067972,62.22593002100735,42.22593002100736,20.0,nan,0.0,0,0,40,0,0.0,1.0,39.0
285,1,right_lane,fixed,True,1.0,40,0,23.268957345971565,40.0,0.0,37.22761231660843,45.53033175589509,45.03033175589509,0.5,nan,0.0,0,0,40,0,40.0,0.0,0.0
286,1,right_lane,fixed,True,1.0,40,0,22.39391975488909,5.5,8.5,9.533257507289818,60.552076481475346,43.802076481475346,16.75,nan,0.0,0,0,40,0,6.0,1.0,33.0
287,1,right_lane,fixed,True,1.0,40,0,22.143957345775522,30.0,6.0,29.31061166524887,48.47967774009846,43.22967774009846,5.25,nan,0.0,0,0,40,0,20.0,20.0,0.0
288,1,right_lane,fixed,True,1.0,40,0,22.768957345971565,0.0,5.5,3.3963828079140512,63.98033175382685,44.23033175382686,19.75,nan,0.0,0,0,40,0,0.0,0.0,40.0
289,1,right_lane,fixed,True,1.0,28,1,22.705653351382363,2.0,2.5,4.493957113838405,44.078461888562366,30.828461888562366,13.25,nan,0.0,0,0,28,0,0.0,4.0,24.0
290,1,right_lane,fixed,True,1.0,40,0,20.768957345971565,0.0,10.5,4.401855040341616,60.28033175355451,40.530331753554506,19.75,nan,0.0,0,0,40,0,0.0,0.0,40.0
291,1,right_lane,fixed,True,1.0,40,0,23.893957345971565,6.5,0.0,9.387007776647806,62.77680585398792,46.02680585398791,16.75,nan,0.0,0,0,40,0,5.0,4.0,31.0
292,1,right_lane,fixed,True,1.0,40,0,23.893957345971565,13.5,1.0,15.331145138812644,59.27847104583576,46.02847104583576,13.25,nan,0.0,0,0,40,0,14.0,1.0,25.0
293,1,right_lane,fixed,True,1.0,40,0,20.893957345971565,0.0,1.0,1.123344421992897,61.230331753554495,41.23033175355451,20.0,nan,0.0,0,0,40,0,0.0,0.0,40.0
294,1,right_lane,fixed,True,1.0,40,0,20.143957345971565,0.0,19.0,6.1512883603572845,60.030331753554506,40.0303317535545,20.0,nan,0.0,0,0,40,0,0.0,0.0,40.0
295,1,right_lane,fixed,True,1.0,40,0,22.893957345971565,22.5,0.5,24.483934588730335,53.17839754993746,44.42839754993744,8.75,nan,0.0,0,0,40,0,23.0,1.0,16.0
296,1,right_lane,fixed,True,1.0,40,0,24.518951657973492,0.0,0.0,2.4126453412577575,67.03032265275758,47.0303226527576,20.0,nan,0.0,0,0,40,0,0.0,0.0,40.0
297,1,right_lane,fixed,True,1.0,40,0,22.268957345971565,0.0,0.0,3.734600176816002,63.429406232024164,43.429406232024164,20.0,nan,0.0,0,0,40,0,0.0,1.0,39.0
298,1,right_lane,fixed,True,1.0,40,0,24.768957345971565,9.0,0.0,10.762255869507953,62.92727583027624,47.42727583027624,15.5,nan,0.0,0,0,40,0,8.0,4.0,28.0
299,1,right_lane,fixed,True,1.0,40,0,21.518957345967646,0.0,2.5,3.2330761115235873,62.23033175354824,42.230331753548235,20.0,nan,0.0,0,0,40,0,0.0,0.0,40.0
300,1,right_lane,fixed,True,1.0,40,0,20.518957345971565,0.0,11.5,5.4014198035001755,60.63033175355994,40.63033175355994,20.0,nan,0.0,0,0,40,0,0.0,0.0,40.0
301,1,right_lane,fixed,True,1.0,40,0,20.768957345971565,0.0,5.0,4.037880040705204,61.030331753554506,41.030331753554506,20.0,nan,0.0,0,0,40,0,0.0,0.0,40.0
302,1,right_lane,fixed,True,1.0,40,0,20.393957345971565,0.0,16.5,5.1586722657084465,60.429397666520444,40.429397666520444,20.0,nan,0.0,0,0,40,0,0.0,1.0,39.0
303,1,right_lane,fixed,True,1.0,40,0,22.018957345971565,0.5,2.0,4.8027997831086395,62.778398405073304,43.028398405073304,19.75,nan,0.0,0,0,40,0,1.0,1.0,38.0
304,1,right_lane,fixed,True,1.0,40,0,21.00249644062177,39.5,0.0,39.10070550441742,41.90399430499483,41.40399430499483,0.5,nan,0.0,0,0,40,0,40.0,0.0,0.0
305,1,right_lane,fixed,True,1.0,40,0,23.377458834839302,6.0,1.5,8.871508609706098,62.14788963161524,45.39788963161524,16.75,nan,0.0,0,0,40,0,6.0,2.0,32.0
306,1,right_lane,fixed,True,1.0,13,1,21.212176449051793,0.5,6.5,2.899670571088791,19.95231905477843,13.452319054778433,6.5,nan,0.0,0,0,13,0,0.0,1.0,12.0
307,1,right_lane,fixed,True,1.0,40,0,21.643957345971565,2.5,4.5,6.793391205370426,60.42962333755329,41.92962333755329,18.5,nan,0.0,0,0,40,0,0.0,6.0,34.0
308,1,right_lane,fixed,True,1.0,40,0,20.893957345971565,0.0,3.0,4.680946357548237,61.229397667741154,41.22939766774115,20.0,nan,0.0,0,0,40,0,0.0,1.0,39.0
309,1,right_lane,fixed,True,1.0,40,0,22.768957345971565,5.5,0.0,8.04521183623001,61.47847118944515,44.22847118944516,17.25,nan,0.0,0,0,40,0,6.0,1.0,33.0
310,1,right_lane,fixed,True,1.0,40,0,23.268957345971565,10.5,1.5,12.916105628326477,59.77847393220931,45.02847393220931,14.75,nan,0.0,0,0,40,0,11.0,1.0,28.0
311,1,right_lane,fixed,True,1.0,40,0,23.268957234313866,0.5,2.0,4.02534407388066,64.77839822568917,45.02839822568917,19.75,nan,0.0,0,0,40,0,1.0,1.0,38.0
312,1,right_lane,fixed,True,1.0,40,0,24.76895723431381,0.0,0.0,2.507114542797467,67.6039942814685,47.6039942814685,20.0,nan,0.0,0,0,40,0,0.0,0.0,40.0
313,1,right_lane,fixed,True,1.0,40,0,23.51891395694771,0.0,1.5,3.0887041102323565,65.43026248624251,45.430262486242505,20.0,nan,0.0,0,0,40,0,0.0,0.0,40.0
314,1,right_lane,fixed,True,1.0,40,0,22.768957345971565,12.5,2.5,14.754832558333874,57.97895429018299,44.228954290183,13.75,nan,0.0,0,0,40,0,13.0,1.0,26.0
315,1,right_lane,fixed,True,1.0,40,0,20.393957345971565,0.0,5.5,4.682810343801975,60.430331753554505,40.430331753554505,20.0,nan,0.0,0,0,40,0,0.0,0.0,40.0
316,1,right_lane,fixed,True,1.0,40,0,21.268957235803004,0.0,2.5,3.564394071922834,61.8303315772848,41.8303315772848,20.0,nan,0.0,0,0,40,0,0.0,0.0,40.0
317,1,right_lane,fixed,True,1.0,40,0,21.018957345971565,0.5,11.0,5.284893664527772,61.178398557396726,41.428398557396726,19.75,nan,0.0,0,0,40,0,1.0,1.0,38.0
318,1,right_lane,fixed,True,1.0,40,0,21.768957345971565,0.0,0.0,3.089100274415614,62.6303317535545,42.63033175355451,20.0,nan,0.0,0,0,40,0,0.0,0.0,40.0
319,1,right_lane,fixed,True,1.0,40,0,20.893957345971565,0.0,2.5,3.724633505679776,61.22939766773996,41.229397667739946,20.0,nan,0.0,0,0,40,0,0.0,1.0,39.0
320,1,right_lane,fixed,True,1.0,40,0,21.018957345971565,0.0,18.0,5.2028529569506645,61.42939832963659,41.429398329636605,20.0,nan,0.0,0,0,40,0,0.0,1.0,39.0
321,1,right_lane,fixed,True,1.0,40,0,22.393957345971565,0.0,11.0,3.5882195867488917,63.630331753554486,43.6303317535545,20.0,nan,0.0,0,0,40,0,0.0,0.0,40.0
322,1,right_lane,fixed,True,1.0,40,0,21.643957345971565,4.5,11.5,8.893130221869797,60.177337471474665,42.42733747147468,17.75,nan,0.0,0,0,40,0,3.0,4.0,33.0
323,1,right_lane,fixed,True,1.0,40,0,24.64395733317816,16.5,9.0,19.32050854913541,58.976099667243915,47.22609966724393,11.75,nan,0.0,0,0,40,0,14.0,6.0,20.0
324,1,right_lane,fixed,True,1.0,40,0,21.268957345971565,0.0,1.0,3.7480307354826436,61.830331771328375,41.830331771328375,20.0,nan,0.0,0,0,40,0,0.0,0.0,40.0
325,1,right_lane,fixed,True,1.0,40,0,20.393957345971565,0.0,20.0,6.199293062090874,60.430331753554505,40.430331753554505,20.0,nan,0.0,0,0,40,0,0.0,0.0,40.0
326,1,right_lane,fixed,True,1.0,40,0,20.393957345971565,0.0,3.5,4.446751832962036,60.430331753554505,40.430331753554505,20.0,nan,0.0,0,0,40,0,0.0,0.0,40.0
327,1,right_lane,fixed,True,1.0,40,0,21.643957345971565,0.0,1.0,3.4450349676762926,62.43033175355449,42.4303317535545,20.0,nan,0.0,0,0,40,0,0.0,0.0,40.0
328,1,right_lane,fixed,True,1.0,40,0,22.018957345967134,18.0,6.0,20.67508688569069,54.027562784487245,43.027562784487245,11.0,nan,0.0,0,0,40,0,16.0,6.0,18.0
329,1,right_lane,fixed,True,1.0,40,0,25.26895154780493,9.0,1.0,11.768554129280574,63.72868059873133,48.22868059873133,15.5,nan,0.0,0,0,40,0,7.0,6.0,27.0
330,1,right_lane,fixed,True,1.0,40,0,21.268957345971565,0.0,1.0,2.5422447672749513,61.8303398089498,41.8303398089498,20.0,nan,0.0,0,0,40,0,0.0,0.0,40.0
331,1,right_lane,fixed,True,1.0,40,0,22.768951646668775,3.5,2.5,7.2507910447857284,62.478885172578906,44.22888517257891,18.25,nan,0.0,0,0,40,0,4.0,1.0,35.0
332,1,right_lane,fixed,True,1.0,40,0,22.14395734594184,36.0,0.0,34.154559910297394,45.480274366473886,43.230274366473886,2.25,nan,0.0,0,0,40,0,33.0,7.0,0.0
333,1,right_lane,fixed,True,1.0,40,0,21.016461004214154,0.0,2.5,4.041251435875893,61.17540351974989,41.425403519749885,19.75,nan,0.0,0,0,40,0,0.0,1.0,39.0
334,1,right_lane,fixed,True,1.0,40,0,22.39395734597156,0.0,4.5,2.2125197946334083,63.63286649831698,43.63286649831697,20.0,nan,0.0,0,0,40,0,0.0,1.0,39.0
335,1,right_lane,fixed,True,1.0,12,1,26.313027842947736,5.5,2.0,6.741047993302345,18.328837062452685,14.828837062452685,3.5,nan,0.0,0,0,12,0,5.0,2.0,5.0
336,1,right_lane,fixed,True,1.0,40,0,21.143957345971494,0.0,10.0,4.160020014851625,60.88033175355441,41.13033175355441,19.75,nan,0.0,0,0,40,0,0.0,0.0,40.0
337,1,right_lane,fixed,True,1.0,40,0,21.268957345971565,0.0,12.5,4.902385086403228,61.830331753554596,41.830331753554596,20.0,nan,0.0,0,0,40,0,0.0,0.0,40.0
338,1,right_lane,fixed,True,1.0,40,0,22.893957345971565,8.5,4.5,11.851872540839395,60.1784739307257,44.42847393072572,15.75,nan,0.0,0,0,40,0,9.0,1.0,30.0
339,1,right_lane,fixed,True,1.0,40,0,21.143957345745857,1.0,8.5,4.138867804213078,61.128991229068866,41.62899122906885,19.5,nan,0.0,0,0,40,0,0.0,3.0,37.0
340,1,right_lane,fixed,True,1.0,40,0,20.518957345971565,0.5,10.0,5.706974245607853,60.3783984033575,40.6283984033575,19.75,nan,0.0,0,0,40,0,1.0,1.0,38.0
341,1,right_lane,fixed,True,1.0,40,0,20.768957345971057,12.5,7.0,16.113387145102024,55.02853129330268,41.02853129330267,14.0,nan,0.0,0,0,40,0,5.0,16.0,19.0
342,1,right_lane,fixed,True,1.0,21,1,22.655156849469627,0.0,1.0,1.6269343157373441,33.27939832968679,23.029398329686792,10.25,nan,0.0,0,0,21,0,0.0,1.0,20.0
343,1,right_lane,fixed,True,1.0,40,0,20.768957345971565,0.0,18.5,4.7979476691252785,60.5303317535545,40.530331753554506,20.0,nan,0.0,0,0,40,0,0.0,0.0,40.0
344,1,right_lane,fixed,True,1.0,40,0,21.018957345971558,0.0,7.0,4.282748606055975,61.4303317535545,41.4303317535545,20.0,nan,0.0,0,0,40,0,0.0,0.0,40.0
345,1,right_lane,fixed,True,1.0,40,0,21.643957345971565,0.0,8.0,3.4179519994600014,62.42939832968611,42.42939832968611,20.0,nan,0.0,0,0,40,0,0.0,1.0,39.0
346,1,right_lane,fixed,True,1.0,40,0,21.393957345971565,4.0,4.0,7.514182446524501,60.02768382977727,42.02768382977727,18.0,nan,0.0,0,0,40,0,3.0,3.0,34.0
347,1,right_lane,fixed,True,1.0,40,0,24.268957345971565,23.0,5.5,24.628352880477905,55.129623304076524,46.629623304076524,8.5,nan,0.0,0,0,40,0,17.0,14.0,9.0
348,1,right_lane,fixed,True,1.0,40,0,20.518957345971565,0.0,11.0,4.440080672502518,60.80399430499483,40.80399430499483,20.0,nan,0.0,0,0,40,0,0.0,0.0,40.0
349,1,right_lane,fixed,True,1.0,40,0,21.768957345971565,2.5,7.5,6.603450437594802,61.37844217735858,42.62844217735858,18.75,nan,0.0,0,0,40,0,0.0,6.0,34.0
350,1,right_lane,fixed,True,1.0,40,0,22.268957345971565,0.5,6.5,4.785506481013726,63.178399108860894,43.4283991088609,19.75,nan,0.0,0,0,40,0,1.0,1.0,38.0
351,1,right_lane,fixed,True,1.0,40,0,21.518956692178097,0.0,2.0,3.1872201256287553,62.22939662167161,42.229396621671604,20.0,nan,0.0,0,0,40,0,0.0,1.0,39.0
352,1,right_lane,fixed,True,1.0,40,0,23.893957345971565,14.5,0.5,17.22446036338806,58.77837805054527,46.02837805054527,12.75,nan,0.0,0,0,40,0,15.0,1.0,24.0
353,1,right_lane,fixed,True,1.0,40,0,21.268957345971565,4.0,3.0,7.630769102118393,59.82746435720902,41.82746435720902,18.0,nan,0.0,0,0,40,0,1.0,8.0,31.0
354,1,right_lane,fixed,True,1.0,40,0,20.752496440425727,0.0,10.5,4.829211317002773,61.00306021764711,41.00306021764711,20.0,nan,0.0,0,0,40,0,0.0,1.0,39.0
355,1,right_lane,fixed,True,1.0,40,0,21.018957345971565,0.5,1.5,3.9464744040742517,61.37493009862997,41.62493009862997,19.75,nan,0.0,0,0,40,0,1.0,1.0,38.0
356,1,right_lane,fixed,True,1.0,40,0,22.018957345971057,4.0,7.5,8.338571199390572,61.025693704728546,43.025693704728546,18.0,nan,0.0,0,0,40,0,3.0,4.0,33.0
357,1,right_lane,fixed,True,1.0,40,0,22.643957345971565,9.5,8.5,13.096155192703009,59.27839873568359,44.02839873568359,15.25,nan,0.0,0,0,40,0,10.0,1.0,29.0
358,1,right_lane,fixed,True,1.0,40,0,23.768957345971565,12.5,4.5,15.457975957542658,59.578377143533146,45.828377143533146,13.75,nan,0.0,0,0,40,0,13.0,1.0,26.0
359,1,right_lane,fixed,True,1.0,40,0,21.268957345971565,3.5,4.0,6.367885683598615,60.07839840507326,41.828398405073266,18.25,nan,0.0,0,0,40,0,4.0,1.0,35.0
360,1,right_lane,fixed,True,1.0,40,0,20.643957345971494,2.5,10.5,5.931732657676548,59.57933234335218,40.82933234335217,18.75,nan,0.0,0,0,40,0,1.0,5.0,34.0
361,1,right_lane,fixed,True,1.0,40,0,22.8939573459419,10.0,10.5,13.561870909892207,59.42868654167827,44.428686541678275,15.0,nan,0.0,0,0,40,0,0.0,21.0,19.0
362,1,right_lane,fixed,True,1.0,40,0,22.143952395702158,0.0,2.5,3.0458713725965936,63.23032383316468,43.230323833164675,20.0,nan,0.0,0,0,40,0,0.0,0.0,40.0
363,1,right_lane,fixed,True,1.0,40,0,22.518957345971565,11.0,6.5,14.526439122855663,58.32843507110247,43.828435071102476,14.5,nan,0.0,0,0,40,0,7.0,10.0,23.0
364,1,right_lane,fixed,True,1.0,40,0,21.893957345971565,0.0,3.5,3.1285601699973995,62.82939766774116,42.82939766774115,20.0,nan,0.0,0,0,40,0,0.0,1.0,39.0
365,1,right_lane,fixed,True,1.0,40,0,20.768957345971565,0.0,0.0,3.751059458403688,61.029397666520445,41.02939766652044,20.0,nan,0.0,0,0,40,0,0.0,1.0,39.0
366,1,right_lane,fixed,True,1.0,40,0,21.14395174381868,3.0,14.0,7.790867417119443,60.13025223106364,41.630252231063636,18.5,nan,0.0,0,0,40,0,0.0,7.0,33.0
367,1,right_lane,fixed,True,1.0,40,0,21.50249644062177,0.0,2.0,3.508254182966084,62.204002088068144,42.204002088068144,20.0,nan,0.0,0,0,40,0,0.0,0.0,40.0
368,1,right_lane,fixed,True,1.0,40,0,21.518957345971565,2.0,1.0,5.446841090917587,61.59981758301045,42.59981758301045,19.0,nan,0.0,0,0,40,0,0.0,5.0,35.0
369,1,right_lane,fixed,True,1.0,40,0,22.893957345967657,0.5,1.0,3.1773874124392023,64.17839910885465,44.428399108854656,19.75,nan,0.0,0,0,40,0,1.0,1.0,38.0
370,1,right_lane,fixed,True,1.0,40,0,21.018957345971565,27.5,0.5,28.543771535158157,47.93033175319869,41.43033175319869,6.5,nan,0.0,0,0,40,0,16.0,24.0,0.0
371,1,right_lane,fixed,True,1.0,40,0,22.018957345941836,0.0,1.5,3.113066528294439,62.780331753506935,43.030331753506935,19.75,nan,0.0,0,0,40,0,0.0,0.0,40.0
372,1,right_lane,fixed,True,1.0,40,0,22.643952395676344,0.0,5.0,3.9311598548838447,64.02939040925503,44.02939040925505,20.0,nan,0.0,0,0,40,0,0.0,1.0,39.0
373,1,right_lane,fixed,True,1.0,38,1,24.09890246944375,0.5,5.0,4.056831252100892,63.03033863100169,44.03033863100169,19.0,nan,0.0,0,0,38,0,0.0,0.0,38.0
374,1,right_lane,fixed,True,1.0,40,0,24.518957345971565,0.0,12.0,3.3275850503141555,66.28033175355449,46.5303317535545,19.75,nan,0.0,0,0,40,0,0.0,0.0,40.0
375,1,right_lane,fixed,True,1.0,40,0,22.64395734406113,0.0,0.0,2.982238827324636,64.03033175049782,44.030331750497815,20.0,nan,0.0,0,0,40,0,0.0,0.0,40.0
376,1,right_lane,fixed,True,1.0,40,0,22.76617544809696,0.0,2.0,3.3376508490619017,64.22588071960932,44.225880719609314,20.0,nan,0.0,0,0,40,0,0.0,0.0,40.0
377,1,right_lane,fixed,True,1.0,40,0,23.143957345971565,10.0,10.0,13.207719001919031,59.8325350838005,44.8325350838005,15.0,nan,0.0,0,0,40,0,10.0,2.0,28.0
378,1,right_lane,fixed,True,1.0,40,0,21.893957345971565,0.5,3.5,3.5490459558968723,62.5783991088088,42.82839910880878,19.75,nan,0.0,0,0,40,0,1.0,1.0,38.0
379,1,right_lane,fixed,True,1.0,40,0,21.268909202470194,0.5,1.0,3.609744179602785,61.578321374738586,41.82832137473858,19.75,nan,0.0,0,0,40,0,1.0,1.0,38.0
380,1,right_lane,fixed,True,1.0,40,0,22.76895650937565,9.0,8.5,11.866858879369147,59.729113162676505,44.22911316267651,15.5,nan,0.0,0,0,40,0,8.0,3.0,29.0
381,1,right_lane,fixed,True,1.0,40,0,20.643957345971565,0.0,1.5,4.3480667024850845,60.829398830024196,40.829398830024196,20.0,nan,0.0,0,0,40,0,0.0,1.0,39.0
382,1,right_lane,fixed,True,1.0,40,0,21.393957345971565,0.0,6.0,3.7021553688773565,62.0293983296861,42.029398329686096,20.0,nan,0.0,0,0,40,0,0.0,1.0,39.0
383,1,right_lane,fixed,True,1.0,40,0,22.143957345971565,0.0,0.0,3.1272119093689525,63.23033175355451,43.2303317535545,20.0,nan,0.0,0,0,40,0,0.0,0.0,40.0
384,1,right_lane,fixed,True,1.0,40,0,22.143957345971565,0.0,5.5,4.126393861035467,63.2293983296861,43.229398329686106,20.0,nan,0.0,0,0,40,0,0.0,1.0,39.0
385,1,right_lane,fixed,True,1.0,40,0,20.393957345971565,0.0,2.5,4.25907664000988,60.429397666520444,40.429397666520444,20.0,nan,0.0,0,0,40,0,0.0,1.0,39.0
386,1,right_lane,fixed,True,1.0,40,0,21.768957345971565,3.0,5.5,7.193358235061169,61.12892994997858,42.62892994997858,18.5,nan,0.0,0,0,40,0,2.0,4.0,34.0
387,1,right_lane,fixed,True,1.0,40,0,21.49754686449713,0.0,4.5,4.268542085530498,62.195140896161355,42.195140896161355,20.0,nan,0.0,0,0,40,0,0.0,1.0,39.0
388,1,right_lane,fixed,True,1.0,40,0,21.768957345971554,0.0,8.0,3.8640512583006057,62.66007734427782,42.66007734427782,20.0,nan,0.0,0,0,40,0,0.0,0.0,40.0
389,1,right_lane,fixed,True,1.0,40,0,23.518957345971565,5.0,6.0,8.397844151681056,62.92867262954443,45.42867262954443,17.5,nan,0.0,0,0,40,0,4.0,4.0,32.0
390,1,right_lane,fixed,True,1.0,40,0,22.518957345971565,4.0,1.0,7.419988876865773,61.82869143025926,43.82869143025927,18.0,nan,0.0,0,0,40,0,3.0,4.0,33.0
391,1,right_lane,fixed,True,1.0,40,0,21.377496440621762,7.5,8.0,10.604424715042114,58.25398401506216,42.00398401506216,16.25,nan,0.0,0,0,40,0,8.0,1.0,31.0
392,1,right_lane,fixed,True,1.0,40,0,24.268957345971565,14.5,3.5,16.09300738165257,59.575235619659914,46.825235619659914,12.75,nan,0.0,0,0,40,0,12.0,7.0,21.0
393,1,right_lane,fixed,True,1.0,40,0,23.518957345971565,13.5,0.0,16.128521963953972,58.67827991103793,45.42827991103793,13.25,nan,0.0,0,0,40,0,13.0,3.0,24.0
394,1,right_lane,fixed,True,1.0,40,0,24.018957345971565,10.5,12.0,14.206328243017197,60.97749882723521,46.22749882723521,14.75,nan,0.0,0,0,40,0,8.0,7.0,25.0
395,1,right_lane,fixed,True,1.0,40,0,21.393957345971565,0.0,9.0,4.871129705106796,62.02939766774115,42.02939766774115,20.0,nan,0.0,0,0,40,0,0.0,1.0,39.0
396,1,right_lane,fixed,True,1.0,40,0,21.768957345971565,7.5,4.0,10.88549406081438,58.87776480771416,42.627764807714165,16.25,nan,0.0,0,0,40,0,6.0,4.0,30.0
397,1,right_lane,fixed,True,1.0,40,0,23.643957345971565,0.0,5.5,3.7926664185034724,65.62939766774115,45.629397667741145,20.0,nan,0.0,0,0,40,0,0.0,1.0,39.0
398,1,right_lane,fixed,True,1.0,40,0,21.143957345971565,0.0,1.5,3.2086951985766063,61.62939766774183,41.62939766774183,20.0,nan,0.0,0,0,40,0,0.0,1.0,39.0
399,1,right_lane,fixed,True,1.0,40,0,20.893957345971565,0.0,1.5,2.82440347597003,61.2303317535545,41.2303317535545,20.0,nan,0.0,0,0,40,0,0.0,0.0,40.0
400,1,right_lane,fixed,True,1.0,40,0,20.268957345971565,0.0,13.0,4.710238002240658,60.40399430499483,40.40399430499483,20.0,nan,0.0,0,0,40,0,0.0,0.0,40.0
401,1,right_lane,fixed,True,1.0,40,0,20.893957345971565,0.0,2.0,3.788991790264845,61.229397667741154,41.22939766774115,20.0,nan,0.0,0,0,40,0,0.0,1.0,39.0
402,1,right_lane,fixed,True,1.0,40,0,21.64395734596714,0.0,8.5,4.009145557553438,62.43033175354743,42.43033175354743,20.0,nan,0.0,0,0,40,0,0.0,0.0,40.0
403,1,right_lane,fixed,True,1.0,40,0,25.518957345971565,24.0,1.0,25.519292883574963,56.62822828858147,48.62822828858147,8.0,nan,0.0,0,0,40,0,20.0,10.0,10.0
404,1,right_lane,fixed,True,1.0,40,0,22.768956608239495,0.5,3.5,4.529727148357779,63.97839792848959,44.22839792848958,19.75,nan,0.0,0,0,40,0,1.0,1.0,38.0
405,1,right_lane,fixed,True,1.0,40,0,21.143957345749705,11.5,5.0,13.818099694755801,55.88033277503284,41.630332775032834,14.25,nan,0.0,0,0,40,0,12.0,1.0,27.0
406,1,right_lane,fixed,True,1.0,40,0,22.500043292099726,0.0,1.5,3.6594225241674394,63.79913518185443,43.79913518185443,20.0,nan,0.0,0,0,40,0,0.0,1.0,39.0
407,1,right_lane,fixed,True,1.0,40,0,23.372503574111864,8.0,3.5,11.135794260328794,61.643304320156915,45.39330432015693,16.25,nan,0.0,0,0,40,0,6.0,5.0,29.0
408,1,right_lane,fixed,True,1.0,40,0,22.018957345971565,0.0,11.0,5.585943647988643,62.982849349306704,43.232849349306704,19.75,nan,0.0,0,0,40,0,0.0,0.0,40.0
409,1,right_lane,fixed,True,1.0,40,0,21.768957345971565,0.5,2.5,4.156881921160675,62.37839910880874,42.628399108808765,19.75,nan,0.0,0,0,40,0,1.0,1.0,38.0
410,1,right_lane,fixed,True,1.0,40,0,23.268957245618584,11.0,9.0,14.013040626695329,59.52758317942602,45.02758317942602,14.5,nan,0.0,0,0,40,0,10.0,4.0,26.0
411,1,right_lane,fixed,True,1.0,40,0,21.625043292099726,10.5,3.0,14.214726774192854,57.3227952225329,42.5727952225329,14.75,nan,0.0,0,0,40,0,0.0,22.0,18.0
412,1,right_lane,fixed,True,1.0,40,0,20.268957345971565,0.0,14.5,4.75494346767664,60.60393415926287,40.60393415926286,20.0,nan,0.0,0,0,40,0,0.0,0.0,40.0
413,1,right_lane,fixed,True,1.0,40,0,20.768957345971565,12.5,4.0,15.00641255825758,54.78033173272431,41.03033173272431,13.75,nan,0.0,0,0,40,0,13.0,1.0,26.0
414,1,right_lane,fixed,True,1.0,40,0,22.018957345971565,9.5,15.0,13.366479016840458,58.27847104587876,43.02847104587876,15.25,nan,0.0,0,0,40,0,10.0,1.0,29.0
415,1,right_lane,fixed,True,1.0,40,0,21.018957345971565,15.5,0.5,17.60446710884571,53.68033175354742,41.43033175354742,12.25,nan,0.0,0,0,40,0,16.0,1.0,23.0
416,1,right_lane,fixed,True,1.0,40,0,23.26858615410515,6.0,0.5,9.323681682220922,62.028321569630734,45.028321569630734,17.0,nan,0.0,0,0,40,0,6.0,2.0,32.0
417,1,right_lane,fixed,True,1.0,40,0,21.01895239570556,0.0,10.0,4.311742678284645,61.430839530141654,41.43083953014164,20.0,nan,0.0,0,0,40,0,0.0,0.0,40.0
418,1,right_lane,fixed,True,1.0,40,0,20.893957345971565,0.0,1.0,3.9484632760190834,61.23033863096109,41.23033863096111,20.0,nan,0.0,0,0,40,0,0.0,0.0,40.0
419,1,right_lane,fixed,True,1.0,40,0,22.768957345971565,9.5,4.0,12.975628435611725,59.47867402948243,44.22867402948242,15.25,nan,0.0,0,0,40,0,7.0,7.0,26.0
420,1,right_lane,fixed,True,1.0,40,0,22.518957345971565,18.5,2.5,20.18338195234537,54.57639846085691,43.82639846085691,10.75,nan,0.0,0,0,40,0,14.0,10.0,16.0
421,1,right_lane,fixed,True,1.0,40,0,22.018957345971565,0.0,2.0,3.8630998395638017,63.02939766774182,43.02939766774183,20.0,nan,0.0,0,0,40,0,0.0,1.0,39.0
422,1,right_lane,fixed,True,1.0,40,0,22.3939573459385,0.0,3.0,3.5455041306722705,63.63033175350159,43.6303317535016,20.0,nan,0.0,0,0,40,0,0.0,0.0,40.0
423,1,right_lane,fixed,True,1.0,40,0,21.643957345971565,0.0,6.5,3.4662800144415087,62.430331753600434,42.430331753600434,20.0,nan,0.0,0,0,40,0,0.0,0.0,40.0
424,1,right_lane,fixed,True,1.0,40,0,21.768957345971565,4.5,3.0,8.512599259614944,60.37892998571786,42.62892998571786,17.75,nan,0.0,0,0,40,0,4.0,3.0,33.0
425,1,right_lane,fixed,True,1.0,40,0,21.143957345971565,9.0,11.0,13.02669496461749,57.12933119143395,41.62933119143395,15.5,nan,0.0,0,0,40,0,8.0,4.0,28.0
426,1,right_lane,fixed,True,1.0,40,0,22.893957345971565,0.0,0.5,2.4751799672068273,64.42939832968611,44.42939832968611,20.0,nan,0.0,0,0,40,0,0.0,1.0,39.0
427,1,right_lane,fixed,True,1.0,19,1,22.145173359931892,0.5,0.5,1.9284066982072545,29.67839840433451,20.42839840433451,9.25,nan,0.0,0,0,19,0,1.0,1.0,17.0
428,1,right_lane,fixed,True,1.0,40,0,24.393957345971565,11.0,0.5,13.78177373856306,60.82822207942631,46.328222079426304,14.5,nan,0.0,0,0,40,0,6.0,11.0,23.0
429,1,right_lane,fixed,True,1.0,11,1,20.978026711802876,0.5,5.0,1.8747646808624268,16.730331753193266,11.23033175319327,5.5,nan,0.0,0,0,11,0,0.0,0.0,11.0
430,1,right_lane,fixed,True,1.0,40,0,21.018957345971565,0.0,13.0,4.3456516105434275,60.6803317535545,40.930331753554505,19.75,nan,0.0,0,0,40,0,0.0,0.0,40.0
431,1,right_lane,fixed,True,1.0,40,0,22.393957345971565,0.0,5.5,2.588480510504496,63.630331753554515,43.63033175355451,20.0,nan,0.0,0,0,40,0,0.0,0.0,40.0
432,1,right_lane,fixed,True,1.0,40,0,23.268957345971565,8.5,0.0,10.804102772480292,60.77837714354758,45.028377143547566,15.75,nan,0.0,0,0,40,0,9.0,1.0,30.0
433,1,right_lane,fixed,True,1.0,40,0,20.64395733317816,2.0,4.5,5.029641058525158,59.82986981246921,40.82986981246921,19.0,nan,0.0,0,0,40,0,0.0,5.0,35.0
434,1,right_lane,fixed,True,1.0,40,0,24.00249644036678,10.5,0.0,12.409847048555093,60.951942479845485,46.201942479845485,14.75,nan,0.0,0,0,40,0,10.0,3.0,27.0
435,1,right_lane,fixed,True,1.0,40,0,21.37749644062177,10.5,2.0,13.59274359792471,56.776862246997574,42.02686224699758,14.75,nan,0.0,0,0,40,0,11.0,1.0,28.0
436,1,right_lane,fixed,True,1.0,40,0,21.268957345971565,0.0,11.5,4.067310825684217,62.200525999011674,42.20052599901167,20.0,nan,0.0,0,0,40,0,0.0,0.0,40.0
437,1,right_lane,fixed,True,1.0,40,0,20.768957345971565,7.0,6.5,11.155440792441368,57.52981055018771,41.02981055018771,16.5,nan,0.0,0,0,40,0,6.0,4.0,30.0
438,1,right_lane,fixed,True,1.0,40,0,24.625043292099726,35.5,0.0,33.92657274007797,49.697254090951375,47.19725409095139,2.5,nan,0.0,0,0,40,0,32.0,8.0,0.0
439,1,right_lane,fixed,True,1.0,40,0,23.143957345971565,9.0,4.0,12.63903284817934,60.27789815603879,45.02789815603879,15.25,nan,0.0,0,0,40,0,8.0,4.0,28.0
440,1,right_lane,fixed,True,1.0,40,0,21.518957345971565,3.0,4.5,7.208118222653866,60.7278211239102,42.2278211239102,18.5,nan,0.0,0,0,40,0,1.0,5.0,34.0
441,1,right_lane,fixed,True,1.0,40,0,21.018957247332974,0.0,12.5,5.0071230083703995,61.42939750991941,41.42939750991941,20.0,nan,0.0,0,0,40,0,0.0,1.0,39.0
442,1,right_lane,fixed,True,1.0,40,0,20.893957345971565,0.0,4.0,3.810867603868246,61.230331890593135,41.230331890593135,20.0,nan,0.0,0,0,40,0,0.0,0.0,40.0
443,1,right_lane,fixed,True,1.0,40,0,22.018957345971565,0.0,4.0,3.9363008184254795,63.0293983296861,43.02939832968611,20.0,nan,0.0,0,0,40,0,0.0,1.0,39.0
444,1,right_lane,fixed,True,1.0,40,0,23.518957247103362,13.5,8.0,14.871313157775148,59.17937742600821,45.42937742600822,13.75,nan,0.0,0,0,40,0,10.0,5.0,25.0
445,1,right_lane,fixed,True,1.0,40,0,21.893957345971565,0.5,10.5,5.1508837174192195,62.078398542430904,42.8283985424309,19.25,nan,0.0,0,0,40,0,1.0,1.0,38.0
446,1,right_lane,fixed,True,1.0,40,0,21.5189573459385,8.5,6.5,11.860587085039697,57.97839754903152,42.22839754903153,15.75,nan,0.0,0,0,40,0,9.0,1.0,30.0
447,1,right_lane,fixed,True,1.0,40,0,22.39146081973038,34.0,1.0,32.81235648691654,46.62369216094575,43.62369216094575,3.0,nan,0.0,0,0,40,0,33.0,3.0,4.0
448,1,right_lane,fixed,True,1.0,40,0,20.643957345749705,1.5,12.0,6.314735844731331,60.082459654009256,40.832459654009256,19.25,nan,0.0,0,0,40,0,0.0,4.0,36.0
449,1,right_lane,fixed,True,1.0,17,1,20.92695846110954,0.5,8.5,2.9676490128040314,25.929397666828656,17.429397666828656,8.5,nan,0.0,0,0,17,0,0.0,1.0,16.0
450,1,right_lane,fixed,True,1.0,40,0,22.643957345971554,0.5,5.0,4.073253207299786,63.02839840507329,43.52839840507329,19.5,nan,0.0,0,0,40,0,1.0,1.0,38.0
451,1,right_lane,fixed,True,1.0,40,0,21.143957345971565,0.0,1.0,2.8368527367711067,61.63033175355451,41.630331753554515,20.0,nan,0.0,0,0,40,0,0.0,0.0,40.0
452,1,right_lane,fixed,True,1.0,40,0,23.750043292099726,11.5,2.5,13.510026733623818,60.04771316154588,45.79771316154588,14.25,nan,0.0,0,0,40,0,10.0,4.0,26.0
453,1,right_lane,fixed,True,1.0,40,0,22.143957345971565,19.5,0.0,18.5402555317894,54.18027160746129,43.430271607461286,10.75,nan,0.0,0,0,40,0,18.0,1.0,21.0
454,1,right_lane,fixed,True,1.0,40,0,22.268957345971494,11.5,8.0,14.736618131399155,57.17761793510156,43.42761793510156,13.75,nan,0.0,0,0,40,0,4.0,16.0,20.0
455,1,right_lane,fixed,True,1.0,25,1,22.4303317535545,1.0,9.0,4.538006480783224,39.47839910886099,27.22839910886099,12.25,nan,0.0,0,0,25,0,1.0,1.0,23.0
456,1,right_lane,fixed,True,1.0,40,0,22.393957345971565,0.0,9.0,3.2674804531725385,62.88033175355452,43.13033175355451,19.75,nan,0.0,0,0,40,0,0.0,0.0,40.0
457,1,right_lane,fixed,True,1.0,40,0,23.768957345971565,0.5,2.0,2.8657265866467014,65.8303317535545,45.830331753554496,20.0,nan,0.0,0,0,40,0,0.0,0.0,40.0
458,1,right_lane,fixed,True,1.0,40,0,22.768956693888633,0.5,5.5,4.399748552375968,63.7283973617406,44.22839736174062,19.5,nan,0.0,0,0,40,0,1.0,1.0,38.0
459,1,right_lane,fixed,True,1.0,40,0,21.268957345971565,0.0,10.0,4.448887813836336,61.829398573680905,41.82939857368089,20.0,nan,0.0,0,0,40,0,0.0,1.0,39.0
460,1,right_lane,fixed,True,1.0,40,0,21.268957345971565,6.5,0.5,9.158910177648067,58.57839840304393,41.828398403043934,16.75,nan,0.0,0,0,40,0,7.0,1.0,32.0
461,1,right_lane,fixed,True,1.0,40,0,21.018957345971565,0.0,8.0,4.724002908915281,61.429397666520444,41.429397666520444,20.0,nan,0.0,0,0,40,0,0.0,1.0,39.0
462,1,right_lane,fixed,True,1.0,40,0,23.893957345971565,7.5,13.0,11.82141298770921,62.27837785141184,46.02837785141184,16.25,nan,0.0,0,0,40,0,8.0,1.0,31.0
463,1,right_lane,fixed,True,1.0,40,0,22.018957345971554,0.0,1.0,2.381006443222077,63.03033175355449,43.030331753554485,20.0,nan,0.0,0,0,40,0,0.0,0.0,40.0
464,1,right_lane,fixed,True,1.0,38,1,20.54627089026285,0.0,1.0,2.6890917614582577,57.63033175319954,38.630331753199535,19.0,nan,0.0,0,0,38,0,0.0,0.0,38.0
465,1,right_lane,fixed,True,1.0,40,0,22.268957345971494,11.5,1.0,13.509892825879433,57.18025352135072,42.93025352135072,14.25,nan,0.0,0,0,40,0,12.0,1.0,27.0
466,1,right_lane,fixed,True,1.0,40,0,21.143957345971565,0.5,0.0,4.999698710627854,61.37839910886098,41.62839910886099,19.75,nan,0.0,0,0,40,0,1.0,1.0,38.0
467,1,right_lane,fixed,True,1.0,40,0,21.393957345971565,0.0,10.0,3.9066026987084115,62.030331753554506,42.030331753554506,20.0,nan,0.0,0,0,40,0,0.0,0.0,40.0
468,1,right_lane,fixed,True,1.0,40,0,20.893957345971565,0.0,7.0,3.969410389661789,61.2303317535545,41.2303317535545,20.0,nan,0.0,0,0,40,0,0.0,0.0,40.0
469,1,right_lane,fixed,True,1.0,40,0,22.62500001301917,0.0,3.0,3.5966808749149095,64.00000002083068,44.00000002083068,20.0,nan,0.0,0,0,40,0,0.0,0.0,40.0
470,1,right_lane,fixed,True,1.0,40,0,22.768957345971565,6.5,0.0,9.734919268784552,61.17839626210046,44.42839626210046,16.75,nan,0.0,0,0,40,0,7.0,1.0,32.0
471,1,right_lane,fixed,True,1.0,40,0,23.268957345971565,0.0,0.0,3.280277167357781,65.03033175355449,45.0303317535545,20.0,nan,0.0,0,0,40,0,0.0,0.0,40.0
472,1,right_lane,fixed,True,1.0,40,0,22.14395239570556,2.5,1.0,5.370904524867001,61.977458529566306,43.227458529566306,18.75,nan,0.0,0,0,40,0,2.0,2.0,36.0
473,1,right_lane,fixed,True,1.0,40,0,20.893957345971565,24.0,3.5,24.087563775479794,49.728076471746306,41.228076471746306,8.5,nan,0.0,0,0,40,0,15.0,16.0,9.0
474,1,right_lane,fixed,True,1.0,40,0,23.018957345716586,5.0,7.5,9.255418196287792,61.62725432138678,44.627254321386786,17.0,nan,0.0,0,0,40,0,4.0,4.0,32.0
475,1,right_lane,fixed,True,1.0,40,0,22.268957345971565,11.5,4.0,14.99330810457468,57.677936432161005,43.42793643216101,14.25,nan,0.0,0,0,40,0,10.0,5.0,25.0
476,1,right_lane,fixed,True,1.0,40,0,23.893585416373085,0.0,3.0,3.3921510541003954,66.02973666619692,46.02973666619693,20.0,nan,0.0,0,0,40,0,0.0,0.0,40.0
477,1,right_lane,fixed,True,1.0,40,0,20.768957345971565,0.0,2.0,3.899516500532627,61.03084847549873,41.03084847549873,20.0,nan,0.0,0,0,40,0,0.0,0.0,40.0
478,1,right_lane,fixed,True,1.0,40,0,24.268957345938,29.0,5.0,29.498833514750004,52.12642069800097,46.62642069800097,5.5,nan,0.0,0,0,40,0,28.0,4.0,8.0
479,1,right_lane,fixed,True,1.0,12,1,25.063169648096153,1.0,3.0,2.749521538146837,19.978388786439186,14.228388786439185,5.75,nan,0.0,0,0,12,0,1.0,1.0,10.0
480,1,right_lane,fixed,True,1.0,40,0,22.39150419744946,4.5,11.5,8.185847975189972,60.62445215459061,43.1244521545906,17.5,nan,0.0,0,0,40,0,5.0,1.0,34.0
481,1,right_lane,fixed,True,1.0,40,0,20.518957345971565,0.0,14.5,4.7494427734054625,60.63280582799123,40.63280582799123,20.0,nan,0.0,0,0,40,0,0.0,1.0,39.0
482,1,right_lane,fixed,True,1.0,40,0,22.39178965473164,6.0,8.5,9.763920960016549,60.624118250797174,43.62411825079718,17.0,nan,0.0,0,0,40,0,4.0,5.0,31.0
483,1,right_lane,fixed,True,1.0,40,0,20.643957345971565,0.0,4.0,4.407045394182205,60.832409242072835,40.832409242072835,20.0,nan,0.0,0,0,40,0,0.0,1.0,39.0
484,1,right_lane,fixed,True,1.0,40,0,21.143957345775526,0.5,1.0,4.869267157453578,61.3783984047596,41.628398404759594,19.75,nan,0.0,0,0,40,0,1.0,1.0,38.0
485,1,right_lane,fixed,True,1.0,40,0,21.018957345971565,0.0,0.5,0.7758244709257269,61.4293976680135,41.42939766801351,20.0,nan,0.0,0,0,40,0,0.0,1.0,39.0
486,1,right_lane,fixed,True,1.0,40,0,21.518957345971565,1.5,4.5,5.726590983569622,61.479637483099914,42.22963748309991,19.25,nan,0.0,0,0,40,0,0.0,3.0,37.0
487,1,right_lane,fixed,True,1.0,40,0,24.518957345971057,0.0,1.5,3.139266015750536,67.02939832968529,47.02939832968528,20.0,nan,0.0,0,0,40,0,0.0,1.0,39.0
488,1,right_lane,fixed,True,1.0,40,0,22.76646090706425,8.5,1.0,9.888454155770887,60.14812839000818,44.398128390008196,15.75,nan,0.0,0,0,40,0,7.0,4.0,29.0
489,1,right_lane,fixed,True,1.0,40,0,21.768956498296195,0.0,6.5,3.890795450193764,62.63245656796484,42.63245656796484,20.0,nan,0.0,0,0,40,0,0.0,0.0,40.0
490,1,right_lane,fixed,True,1.0,40,0,20.893957345971565,0.0,1.5,3.8771734163165092,61.23033293123026,41.23033293123025,20.0,nan,0.0,0,0,40,0,0.0,0.0,40.0
491,1,right_lane,fixed,True,1.0,40,0,21.643957345937995,0.5,8.0,5.1592975336825475,62.17839840299022,42.42839840299022,19.75,nan,0.0,0,0,40,0,1.0,1.0,38.0
492,1,right_lane,fixed,True,1.0,40,0,20.268957345971565,0.0,11.0,4.426961503922939,60.23033175360114,40.23033175360114,20.0,nan,0.0,0,0,40,0,0.0,0.0,40.0
493,1,right_lane,fixed,True,1.0,40,0,22.143957345971565,0.0,15.5,4.678686205777467,63.2293983296861,43.229398329686106,20.0,nan,0.0,0,0,40,0,0.0,1.0,39.0
494,1,right_lane,fixed,True,1.0,40,0,21.518957345971565,0.0,3.5,3.9736467398947752,62.230331753554495,42.23033175355451,20.0,nan,0.0,0,0,40,0,0.0,0.0,40.0
495,1,right_lane,fixed,True,1.0,40,0,20.393957345971565,0.0,2.0,4.240342602133751,60.429397666520444,40.429397666520444,20.0,nan,0.0,0,0,40,0,0.0,1.0,39.0
496,1,right_lane,fixed,True,1.0,37,1,21.101575509158447,0.5,7.0,3.6687516725496607,56.67839910886089,38.42839910886089,18.25,nan,0.0,0,0,37,0,1.0,1.0,35.0
497,1,right_lane,fixed,True,1.0,40,0,21.768957345971565,0.0,1.0,3.65140099148266,62.129398329686104,42.1293983296861,20.0,nan,0.0,0,0,40,0,0.0,1.0,39.0
498,1,right_lane,fixed,True,1.0,40,0,21.89366628653611,0.0,1.0,1.3627195808396664,62.82986605845779,42.82986605845778,20.0,nan,0.0,0,0,40,0,0.0,0.0,40.0
499,1,right_lane,fixed,True,1.0,40,0,20.768957345971508,0.0,13.0,4.603213392198086,61.030736122547864,41.030736122547864,20.0,nan,0.0,0,0,40,0,0.0,0.0,40.0
500,1,right_lane,fixed,True,1.0,40,0,20.393957345971565,0.5,11.5,5.550509735941887,60.17839717648504,40.42839717648504,19.75,nan,0.0,0,0,40,0,1.0,1.0,38.0
501,1,right_lane,fixed,True,1.0,40,0,24.143957234117757,23.5,4.0,23.990856033317414,55.178670487557845,46.42867048755784,8.75,nan,0.0,0,0,40,0,18.0,9.0,13.0
502,1,right_lane,fixed,True,1.0,40,0,20.643957345971565,0.0,0.0,3.5426772125065327,60.32939782192352,40.82939782192352,19.5,nan,0.0,0,0,40,0,0.0,1.0,39.0
503,1,right_lane,fixed,True,1.0,40,0,21.143957345971565,2.5,7.0,7.045747691627184,60.378398405073256,41.62839840507327,18.75,nan,0.0,0,0,40,0,3.0,1.0,36.0
504,1,right_lane,fixed,True,1.0,40,0,22.518957345971565,0.5,5.0,5.243532523969407,63.57839910880877,43.82839910880875,19.75,nan,0.0,0,0,40,0,1.0,1.0,38.0
505,1,right_lane,fixed,True,1.0,40,0,21.268957345971565,0.0,4.5,2.808235606411472,61.83033175355449,41.830331753554496,20.0,nan,0.0,0,0,40,0,0.0,0.0,40.0
506,1,right_lane,fixed,True,1.0,40,0,20.768957345971565,0.5,1.0,4.795718543231487,60.77839840434078,41.02839840434077,19.75,nan,0.0,0,0,40,0,1.0,1.0,38.0
507,1,right_lane,fixed,True,1.0,40,0,25.643957345971558,11.5,0.0,12.385274918763571,63.07822211354116,48.82822211354116,14.25,nan,0.0,0,0,40,0,10.0,4.0,26.0
508,1,right_lane,fixed,True,1.0,40,0,23.268957345942347,4.0,4.0,6.160638615147036,63.02962383748149,45.02962383748147,18.0,nan,0.0,0,0,40,0,0.0,9.0,31.0
509,1,right_lane,fixed,True,1.0,40,0,22.643956498296195,6.5,5.5,10.343262679351028,60.77837578682136,44.02837578682137,16.75,nan,0.0,0,0,40,0,7.0,1.0,32.0
510,1,right_lane,fixed,True,1.0,40,0,22.51891975488524,0.5,6.5,4.466596523497401,63.578339436278405,43.8283394362784,19.75,nan,0.0,0,0,40,0,1.0,1.0,38.0
511,1,right_lane,fixed,True,1.0,40,0,23.143957345971565,10.0,0.5,13.011309705674648,59.828967418168084,44.82896741816809,15.0,nan,0.0,0,0,40,0,10.0,2.0,28.0
512,1,right_lane,fixed,True,1.0,40,0,22.75000570101725,0.0,3.0,3.620068051131966,64.20000912162757,44.200009121627595,20.0,nan,0.0,0,0,40,0,0.0,0.0,40.0
513,1,right_lane,fixed,True,1.0,40,0,20.893956694084682,1.5,1.0,4.234424323678468,60.50472688945455,41.25472688945455,19.25,nan,0.0,0,0,40,0,2.0,1.0,37.0
514,1,right_lane,fixed,True,1.0,40,0,21.143957345971565,0.5,4.0,4.604896608054332,61.378399310006195,41.6283993100062,19.75,nan,0.0,0,0,40,0,1.0,1.0,38.0
515,1,right_lane,fixed,True,1.0,40,0,22.26891405390157,12.5,0.5,14.248250064184504,57.178327915645895,43.428327915645895,13.75,nan,0.0,0,0,40,0,13.0,1.0,26.0
516,1,right_lane,fixed,True,1.0,40,0,21.393957345971565,0.5,12.5,4.932815681973807,61.77845855003015,42.02845855003016,19.75,nan,0.0,0,0,40,0,1.0,1.0,38.0
517,1,right_lane,fixed,True,1.0,40,0,22.518957345971565,8.0,3.0,11.47934590280056,59.8286865330563,43.8286865330563,16.0,nan,0.0,0,0,40,0,8.0,2.0,30.0
518,1,right_lane,fixed,True,1.0,40,0,21.143628695453636,16.0,4.0,17.582064975053072,53.62789435718491,41.627894357184914,12.0,nan,0.0,0,0,40,0,15.0,2.0,23.0
519,1,right_lane,fixed,True,1.0,40,0,21.018957345971565,9.5,1.0,11.089912684490628,56.680786989151805,41.430786989151805,15.25,nan,0.0,0,0,40,0,10.0,1.0,29.0
520,1,right_lane,fixed,True,1.0,40,0,21.268957345971565,0.0,0.0,3.17664997571228,61.83033175355452,41.8303317535545,20.0,nan,0.0,0,0,40,0,0.0,0.0,40.0
521,1,right_lane,fixed,True,1.0,40,0,20.768957345971565,2.5,6.0,6.814979039132595,59.77939858645939,41.02939858645939,18.75,nan,0.0,0,0,40,0,0.0,6.0,34.0
522,1,right_lane,fixed,True,1.0,40,0,21.250328749382216,0.0,5.0,4.084363896476134,61.80052599901154,41.80052599901155,20.0,nan,0.0,0,0,40,0,0.0,0.0,40.0
523,1,right_lane,fixed,True,1.0,40,0,20.518957345971565,5.0,8.0,9.048833914101124,58.154806603433045,40.654806603433045,17.5,nan,0.0,0,0,40,0,5.0,2.0,33.0
524,1,right_lane,fixed,True,1.0,40,0,24.89395724713693,0.0,1.5,2.748141686011877,67.62939817155069,47.62939817155069,20.0,nan,0.0,0,0,40,0,0.0,1.0,39.0
525,1,right_lane,fixed,True,1.0,40,0,22.018957345971565,1.5,15.0,6.350926193019404,62.277737255629276,43.02773725562927,19.25,nan,0.0,0,0,40,0,0.0,4.0,36.0
526,1,right_lane,fixed,True,1.0,40,0,21.875328749382295,8.0,11.0,12.01945511251688,59.29865835943542,42.798658359435436,16.5,nan,0.0,0,0,40,0,4.0,7.0,29.0
527,1,right_lane,fixed,True,1.0,40,0,24.766789654732076,14.5,0.0,15.851917021442205,60.04841014291255,47.79841014291256,12.25,nan,0.0,0,0,40,0,13.0,5.0,22.0
528,1,right_lane,fixed,True,1.0,40,0,23.018914040857094,15.0,6.0,17.225707001937735,57.63133773255471,44.63133773255472,13.0,nan,0.0,0,0,40,0,14.0,2.0,24.0
529,1,right_lane,fixed,True,1.0,40,0,22.893957345971565,10.0,11.5,14.20668850839138,58.927042590106915,44.42704259010692,14.5,nan,0.0,0,0,40,0,10.0,2.0,28.0
530,1,right_lane,fixed,True,1.0,40,0,21.643957345941836,0.0,4.0,3.550262725322682,62.43033175350694,42.43033175350693,20.0,nan,0.0,0,0,40,0,0.0,0.0,40.0
531,1,right_lane,fixed,True,1.0,40,0,21.393957345971565,0.0,0.5,2.694348484729062,62.030331753595796,42.03033175359579,20.0,nan,0.0,0,0,40,0,0.0,0.0,40.0
532,1,right_lane,fixed,True,1.0,40,0,21.75249644062177,0.0,12.5,5.05427150140531,62.60306021918147,42.60306021918147,20.0,nan,0.0,0,0,40,0,0.0,1.0,39.0
533,1,right_lane,fixed,True,1.0,40,0,21.893957345971565,0.0,1.0,3.8576079375379777,63.02686344757134,43.026863447571344,20.0,nan,0.0,0,0,40,0,0.0,0.0,40.0
534,1,right_lane,fixed,True,1.0,40,0,22.268957345971565,3.5,11.5,7.493985686451197,61.678674313404755,43.428674313404755,18.25,nan,0.0,0,0,40,0,3.0,3.0,34.0
535,1,right_lane,fixed,True,1.0,40,0,20.893957345971565,31.5,3.0,30.234486535191536,45.4803317535545,41.2303317535545,4.25,nan,0.0,0,0,40,0,32.0,1.0,7.0
536,1,right_lane,fixed,True,1.0,40,0,23.50000000171446,6.5,1.0,9.14428236515505,62.148045393553396,45.39804539355339,16.75,nan,0.0,0,0,40,0,7.0,1.0,32.0
537,1,right_lane,fixed,True,1.0,40,0,22.893957345967202,9.5,4.5,11.960166907530947,59.70379312652143,44.45379312652143,15.25,nan,0.0,0,0,40,0,8.0,3.0,29.0
538,1,right_lane,fixed,True,1.0,40,0,23.018957345971565,13.5,1.0,13.88824482394557,57.87869182202226,44.628691822022276,13.25,nan,0.0,0,0,40,0,13.0,3.0,24.0
539,1,right_lane,fixed,True,1.0,40,0,20.893957345971565,40.0,0.0,38.14684361219406,41.7303317535545,41.2303317535545,0.5,nan,0.0,0,0,40,0,40.0,0.0,0.0
540,1,right_lane,fixed,True,1.0,40,0,21.75032874938229,0.0,4.0,3.426375263154114,62.10052599901167,42.60052599901167,19.5,nan,0.0,0,0,40,0,0.0,0.0,40.0
541,1,right_lane,fixed,True,1.0,40,0,22.893957345971565,0.0,13.5,4.755833969335072,64.6298750219024,44.6298750219024,20.0,nan,0.0,0,0,40,0,0.0,0.0,40.0
542,1,right_lane,fixed,True,1.0,40,0,23.268957345971565,0.0,11.0,3.9957518642768264,65.0293983296861,45.02939832968612,20.0,nan,0.0,0,0,40,0,0.0,1.0,39.0
543,1,right_lane,fixed,True,1.0,40,0,22.018957345971565,0.0,9.0,4.333438618197761,63.0293983296861,43.0293983296861,20.0,nan,0.0,0,0,40,0,0.0,1.0,39.0
544,1,right_lane,fixed,True,1.0,40,0,20.893957345971565,2.5,7.5,6.212752375751734,59.9771804076276,41.2271804076276,18.75,nan,0.0,0,0,40,0,1.0,4.0,35.0
545,1,right_lane,fixed,True,1.0,40,0,23.268957345971565,0.0,1.0,3.741264704554851,65.02939766843072,45.02939766843072,20.0,nan,0.0,0,0,40,0,0.0,1.0,39.0
546,1,right_lane,fixed,True,1.0,40,0,22.768957345971565,0.0,0.0,0.9952425314195352,64.2293983296861,44.229398329686106,20.0,nan,0.0,0,0,40,0,0.0,1.0,39.0
547,1,right_lane,fixed,True,1.0,40,0,21.143957345971565,0.0,11.0,5.442297255067388,61.6293983296861,41.6293983296861,20.0,nan,0.0,0,0,40,0,0.0,1.0,39.0
548,1,right_lane,fixed,True,1.0,40,0,21.518957345971565,0.0,2.0,2.6173444953315084,62.2303317535545,42.2303317535545,20.0,nan,0.0,0,0,40,0,0.0,0.0,40.0
549,1,right_lane,fixed,True,1.0,40,0,22.518957345971494,12.0,1.5,15.142283719033003,57.82796410079023,43.82796410079023,14.0,nan,0.0,0,0,40,0,9.0,8.0,23.0
550,1,right_lane,fixed,True,1.0,12,1,21.31319115248597,0.5,5.5,2.3033739775419235,18.43033175319336,12.430331753193363,6.0,nan,0.0,0,0,12,0,0.0,0.0,12.0
551,1,right_lane,fixed,True,1.0,40,0,22.893628695453636,9.5,1.0,12.163468606770039,58.92682064641756,43.92682064641756,15.0,nan,0.0,0,0,40,0,8.0,4.0,28.0
552,1,right_lane,fixed,True,1.0,40,0,21.268957345971565,3.0,0.0,6.36017893999815,60.32985660185777,41.82985660185778,18.5,nan,0.0,0,0,40,0,0.0,7.0,33.0
553,1,right_lane,fixed,True,1.0,40,0,22.124956806990408,15.0,6.5,17.582054801285267,55.697265135711106,43.197265135711106,12.5,nan,0.0,0,0,40,0,13.0,5.0,22.0
554,1,right_lane,fixed,True,1.0,40,0,20.518957345971565,0.0,10.5,5.1256663128733635,60.65672920771882,40.65672920771882,20.0,nan,0.0,0,0,40,0,0.0,0.0,40.0
555,1,right_lane,fixed,True,1.0,40,0,21.393957345971565,0.0,5.5,3.2981203873980576,62.030331753554506,42.03033175355451,20.0,nan,0.0,0,0,40,0,0.0,0.0,40.0
556,1,right_lane,fixed,True,1.0,40,0,22.018957345971565,0.5,4.5,3.6769760564197895,62.77939766773995,43.02939766773995,19.75,nan,0.0,0,0,40,0,0.0,2.0,38.0
557,1,right_lane,fixed,True,1.0,40,0,23.99783240762488,0.0,3.5,2.788257228870407,66.37019440364014,46.370194403640134,20.0,nan,0.0,0,0,40,0,0.0,0.0,40.0
558,1,right_lane,fixed,True,1.0,40,0,24.516132155971935,10.5,6.0,13.129455676695216,62.22647501942302,47.22647501942301,15.0,nan,0.0,0,0,40,0,6.0,9.0,25.0
559,1,right_lane,fixed,True,1.0,40,0,22.6417896532434,15.5,2.0,16.706395279616117,56.029853699883375,44.029853699883375,12.0,nan,0.0,0,0,40,0,15.0,2.0,23.0
560,1,right_lane,fixed,True,1.0,17,1,22.1034290492749,17.0,0.0,16.754785120487213,18.733343329906226,18.233343329906226,0.5,nan,0.0,0,0,17,0,17.0,0.0,0.0
561,1,right_lane,fixed,True,1.0,40,0,21.143957345971565,0.5,3.5,4.706411827355623,60.37839840507326,41.12839840507327,19.25,nan,0.0,0,0,40,0,1.0,1.0,38.0
562,1,right_lane,fixed,True,1.0,40,0,22.018957247136935,10.5,4.0,13.566544510424137,57.77836369961912,43.02836369961911,14.75,nan,0.0,0,0,40,0,9.0,3.0,28.0
563,1,right_lane,fixed,True,1.0,40,0,20.893957345971565,13.5,4.5,16.11183524131775,54.478068730782766,41.22806873078277,13.25,nan,0.0,0,0,40,0,10.0,8.0,22.0
564,1,right_lane,fixed,True,1.0,40,0,23.518957345971565,9.0,9.5,13.028676517307758,60.928915413577506,45.428915413577506,15.5,nan,0.0,0,0,40,0,8.0,4.0,28.0
565,1,right_lane,fixed,True,1.0,40,0,20.8939566082395,0.0,0.0,2.7117902099416824,61.230330573183195,41.230330573183195,20.0,nan,0.0,0,0,40,0,0.0,0.0,40.0
566,1,right_lane,fixed,True,1.0,40,0,21.393957345971565,0.0,0.5,3.718865985994853,62.03033277848597,42.03033277848597,20.0,nan,0.0,0,0,40,0,0.0,0.0,40.0
567,1,right_lane,fixed,True,1.0,40,0,20.518957345971565,0.0,16.0,5.51214220741349,60.629397667739944,40.629397667739944,20.0,nan,0.0,0,0,40,0,0.0,1.0,39.0
568,1,right_lane,fixed,True,1.0,40,0,23.643957345971565,7.5,7.5,10.236175974991966,61.87768378504968,45.62768378504967,16.25,nan,0.0,0,0,40,0,6.0,4.0,30.0
569,1,right_lane,fixed,True,1.0,40,0,21.893957345971565,0.0,1.0,2.6671053573682,62.8293983296861,42.829398329686114,20.0,nan,0.0,0,0,40,0,0.0,1.0,39.0
570,1,right_lane,fixed,True,1.0,40,0,21.00032874938229,4.5,0.0,4.48019855102757,59.650523039280664,41.400523039280664,18.25,nan,0.0,0,0,40,0,3.0,1.0,36.0
571,1,right_lane,fixed,True,1.0,40,0,24.518957345716643,7.5,4.5,9.575369524092366,63.229872259339196,47.22987225933919,16.0,nan,0.0,0,0,40,0,0.0,14.0,26.0
572,1,right_lane,fixed,True,1.0,40,0,25.643956608239495,18.0,1.5,20.158866874873638,59.57768331269148,48.82768331269147,10.75,nan,0.0,0,0,40,0,17.0,3.0,20.0
573,1,right_lane,fixed,True,1.0,40,0,22.018957345971565,0.0,5.0,3.5156196692378217,63.02939935461757,43.02939935461757,20.0,nan,0.0,0,0,40,0,0.0,1.0,39.0
574,1,right_lane,fixed,True,1.0,40,0,21.768956595220324,10.5,5.5,14.333735652267933,57.37653922560322,42.6265392256032,14.75,nan,0.0,0,0,40,0,9.0,4.0,27.0
575,1,right_lane,fixed,True,1.0,40,0,22.12749147584797,2.5,2.5,5.5837300440441595,61.95083605844885,43.20083605844885,18.75,nan,0.0,0,0,40,0,1.0,4.0,35.0
576,1,right_lane,fixed,True,1.0,40,0,23.893957345775522,18.5,1.0,19.770450052625165,56.80034101367373,46.05034101367374,10.75,nan,0.0,0,0,40,0,18.0,2.0,20.0
577,1,right_lane,fixed,True,1.0,40,0,22.768957345967646,13.5,4.5,15.843418698610321,57.65167449556527,44.401674495565274,13.25,nan,0.0,0,0,40,0,11.0,5.0,24.0
578,1,right_lane,fixed,True,1.0,40,0,21.518957345971565,0.0,3.0,3.3007845343090594,62.230331753559945,42.230331753559945,20.0,nan,0.0,0,0,40,0,0.0,0.0,40.0
579,1,right_lane,fixed,True,1.0,40,0,20.518957345971565,0.0,17.5,5.020669512450695,60.630331753554515,40.6303317535545,20.0,nan,0.0,0,0,40,0,0.0,0.0,40.0
580,1,right_lane,fixed,True,1.0,40,0,21.64395734448282,0.0,7.0,4.270873298522929,62.43033175117251,42.43033175117251,20.0,nan,0.0,0,0,40,0,0.0,0.0,40.0
581,1,right_lane,fixed,True,1.0,40,0,21.018957345971565,0.0,4.5,2.7493016761072795,61.42939766980946,41.42939766980946,20.0,nan,0.0,0,0,40,0,0.0,1.0,39.0
582,1,right_lane,fixed,True,1.0,40,0,24.268957345971565,0.0,0.0,2.9248913972369337,66.6303317535545,46.630331753554515,20.0,nan,0.0,0,0,40,0,0.0,0.0,40.0
583,1,right_lane,fixed,True,1.0,40,0,23.518957345971565,19.5,8.5,21.427339382469654,55.67753696002297,45.42753696002297,10.25,nan,0.0,0,0,40,0,19.0,2.0,19.0
584,1,right_lane,fixed,True,1.0,31,1,23.41155786576976,0.5,1.0,3.5074737087616086,50.27839910886089,35.02839910886089,15.25,nan,0.0,0,0,31,0,1.0,1.0,29.0
585,1,right_lane,fixed,True,1.0,40,0,22.268957247332974,6.0,3.5,8.348740671339328,59.928461356682185,42.928461356682185,17.0,nan,0.0,0,0,40,0,6.0,2.0,32.0
586,1,right_lane,fixed,True,1.0,40,0,20.268957345971565,0.0,6.0,4.3649832755327225,60.230331890593135,40.230331890593135,20.0,nan,0.0,0,0,40,0,0.0,0.0,40.0
587,1,right_lane,fixed,True,1.0,40,0,21.518957345971565,3.0,3.0,4.653707298739391,60.98033175355451,42.23033175355451,18.75,nan,0.0,0,0,40,0,0.0,5.0,35.0
588,1,right_lane,fixed,True,1.0,40,0,26.01895734406107,20.5,5.5,22.78078451260808,58.92828541328123,49.42828541328123,9.5,nan,0.0,0,0,40,0,18.0,7.0,15.0
589,1,right_lane,fixed,True,1.0,40,0,23.393957345937995,3.0,4.5,6.631121858939878,63.97963748265688,45.22963748265688,18.75,nan,0.0,0,0,40,0,0.0,5.0,35.0
590,1,right_lane,fixed,True,1.0,40,0,22.768957345971565,0.0,4.0,3.6114909543628073,63.979398329686106,44.2293983296861,19.75,nan,0.0,0,0,40,0,0.0,1.0,39.0
591,1,right_lane,fixed,True,1.0,40,0,22.643957345971565,12.5,4.0,15.207011058926582,57.77746502304754,44.02746502304753,13.75,nan,0.0,0,0,40,0,11.0,4.0,25.0
592,1,right_lane,fixed,True,1.0,40,0,21.393671888659334,0.0,4.0,4.045430671423674,62.02894159798654,42.02894159798654,20.0,nan,0.0,0,0,40,0,0.0,1.0,39.0
593,1,right_lane,fixed,True,1.0,40,0,23.518957344257114,0.0,1.0,3.5308238184952643,65.42979491290433,45.42979491290433,20.0,nan,0.0,0,0,40,0,0.0,1.0,39.0
594,1,right_lane,fixed,True,1.0,40,0,22.018957345971565,0.0,0.5,2.837294090539217,63.029398332067984,43.029398332067984,20.0,nan,0.0,0,0,40,0,0.0,1.0,39.0
595,1,right_lane,fixed,True,1.0,40,0,21.018957345970993,0.0,5.5,4.372724889458368,61.429397667739025,41.429397667739025,20.0,nan,0.0,0,0,40,0,0.0,1.0,39.0
596,1,right_lane,fixed,True,1.0,40,0,20.768957345971565,0.0,1.5,4.533565729856491,61.02939766774195,41.02939766774195,20.0,nan,0.0,0,0,40,0,0.0,1.0,39.0
597,1,right_lane,fixed,True,1.0,40,0,22.518957345971565,10.0,2.0,12.28072651475668,58.82795966432012,43.82795966432012,15.0,nan,0.0,0,0,40,0,9.0,3.0,28.0
598,1,right_lane,fixed,True,1.0,38,1,20.6778498378648,0.5,0.5,1.2078738735308434,57.8303317535545,38.8303317535545,19.0,nan,0.0,0,0,38,0,0.0,0.0,38.0
599,1,right_lane,fixed,True,1.0,40,1,23.268957345971565,12.0,9.5,15.823248662054539,58.52870582373154,44.528705823731535,14.0,nan,0.0,0,0,40,0,9.0,7.0,24.0
600,1,right_lane,fixed,True,1.0,40,0,20.76891480462308,1.5,16.5,6.490884467959404,59.52932059735108,40.52932059735108,19.0,nan,0.0,0,0,40,0,0.0,4.0,36.0
601,1,right_lane,fixed,True,1.0,40,0,23.768957345971565,11.5,1.5,14.724760919809341,60.07701993946611,45.82701993946611,14.25,nan,0.0,0,0,40,0,10.0,5.0,25.0
602,1,right_lane,fixed,True,1.0,40,0,20.893957345941843,1.5,8.0,5.726893063634634,60.47899122938243,41.228991229382416,19.25,nan,0.0,0,0,40,0,0.0,4.0,36.0
603,1,right_lane,fixed,True,1.0,40,0,22.143957345945747,3.5,2.5,7.156488090962284,61.47839910886089,43.22839910886089,18.25,nan,0.0,0,0,40,0,4.0,1.0,35.0
604,1,right_lane,fixed,True,1.0,40,0,22.26895174381868,0.0,11.0,4.021082553706947,63.43032279014575,43.43032279014576,20.0,nan,0.0,0,0,40,0,0.0,0.0,40.0
605,1,right_lane,fixed,True,1.0,40,0,21.268957345971565,2.0,5.0,5.8583345506340265,60.829633020337596,41.829633020337596,19.0,nan,0.0,0,0,40,0,0.0,5.0,35.0
606,1,right_lane,fixed,True,1.0,40,0,21.875328749382295,1.5,1.0,4.805346456421603,62.04859264979794,42.79859264979794,19.25,nan,0.0,0,0,40,0,2.0,1.0,37.0
607,1,right_lane,fixed,True,1.0,40,0,20.643957345971565,0.0,1.5,3.175330016762018,61.029875021902406,41.029875021902406,20.0,nan,0.0,0,0,40,0,0.0,0.0,40.0
608,1,right_lane,fixed,True,1.0,40,0,21.518957345971565,2.5,7.0,5.972826421260834,60.97937639814445,42.22937639814445,18.75,nan,0.0,0,0,40,0,0.0,5.0,35.0
609,1,right_lane,fixed,True,1.0,40,0,22.018957345971565,14.5,6.0,16.770134396851063,55.77939710793361,43.02939710793361,12.75,nan,0.0,0,0,40,0,14.0,2.0,24.0
610,1,right_lane,fixed,True,1.0,40,0,21.0189573329563,0.0,6.5,3.6010655196023436,61.43033173273008,41.43033173273009,20.0,nan,0.0,0,0,40,0,0.0,0.0,40.0
611,1,right_lane,fixed,True,1.0,40,0,21.518957345971565,0.0,3.5,3.231462056053715,62.23033177163661,42.230331771636614,20.0,nan,0.0,0,0,40,0,0.0,0.0,40.0
612,1,right_lane,fixed,True,1.0,40,0,22.393957345971565,0.5,9.5,4.086703927026065,63.37839840507331,43.628398405073305,19.75,nan,0.0,0,0,40,0,1.0,1.0,38.0
613,1,right_lane,fixed,True,1.0,40,0,21.268957345971565,1.0,11.0,5.630809944451357,61.32804909828601,41.828049098286016,19.5,nan,0.0,0,0,40,0,1.0,2.0,37.0
614,1,right_lane,fixed,True,1.0,40,0,20.518957345971565,0.0,3.5,3.4732530207838863,60.63033175355449,40.6303317535545,20.0,nan,0.0,0,0,40,0,0.0,0.0,40.0
615,1,right_lane,fixed,True,1.0,40,0,20.518956692595996,0.0,7.0,4.524665728211403,60.630330708153586,40.630330708153586,20.0,nan,0.0,0,0,40,0,0.0,0.0,40.0
616,1,right_lane,fixed,True,1.0,11,1,25.5234577972102,11.0,0.0,10.676449179649353,13.730322338507435,13.230322338507435,0.5,nan,0.0,0,0,11,0,11.0,0.0,0.0
617,1,right_lane,fixed,True,1.0,40,0,22.518957345971565,0.0,0.5,3.9861197598122544,62.829398329686114,43.329398329686114,19.5,nan,0.0,0,0,40,0,0.0,1.0,39.0
618,1,right_lane,fixed,True,1.0,40,0,24.143957345971565,0.0,2.0,3.028542980964346,66.4303317535545,46.430331753554505,20.0,nan,0.0,0,0,40,0,0.0,0.0,40.0
619,1,right_lane,fixed,True,1.0,40,0,21.143957345971565,3.5,1.5,7.152648051414872,59.878536804749245,41.62853680474925,18.25,nan,0.0,0,0,40,0,4.0,1.0,35.0
620,1,right_lane,fixed,True,1.0,40,0,21.768957345971565,0.5,3.0,3.805973446202188,62.6303317535545,42.63033175355451,20.0,nan,0.0,0,0,40,0,0.0,0.0,40.0
621,1,right_lane,fixed,True,1.0,40,0,22.01895734596713,18.5,7.5,21.245913617312908,53.5285206404691,43.0285206404691,10.5,nan,0.0,0,0,40,0,18.0,3.0,19.0
622,1,right_lane,fixed,True,1.0,40,0,21.018957345971565,24.5,1.5,24.481339283287525,49.1793976677473,41.4293976677473,7.75,nan,0.0,0,0,40,0,22.0,6.0,12.0
623,1,right_lane,fixed,True,1.0,40,0,24.143957345971565,8.5,0.0,11.409193445928395,62.17889399247141,46.4288939924714,15.75,nan,0.0,0,0,40,0,9.0,1.0,30.0
624,1,right_lane,fixed,True,1.0,40,0,21.143957345971565,3.0,2.5,5.665181904639667,60.12941594267627,41.62941594267628,18.5,nan,0.0,0,0,40,0,0.0,7.0,33.0
625,1,right_lane,fixed,True,1.0,40,0,21.393957345971565,0.0,7.5,4.420122831212211,62.0293983296861,42.029398329686096,20.0,nan,0.0,0,0,40,0,0.0,1.0,39.0
626,1,right_lane,fixed,True,1.0,40,0,21.518957345971565,0.0,9.5,3.831685661978554,62.22939766774115,42.22939766774115,20.0,nan,0.0,0,0,40,0,0.0,1.0,39.0
627,1,right_lane,fixed,True,1.0,40,0,22.143957345971565,0.0,0.0,3.2199636257819293,63.23033175355451,43.230331753554495,20.0,nan,0.0,0,0,40,0,0.0,0.0,40.0
628,1,right_lane,fixed,True,1.0,40,0,22.143628596815045,0.0,3.0,3.5662869057487114,63.22980575490407,43.22980575490408,20.0,nan,0.0,0,0,40,0,0.0,0.0,40.0
629,1,right_lane,fixed,True,1.0,40,0,22.393957345971565,2.5,3.5,5.899957125699075,62.37944196178934,43.629441961789354,18.75,nan,0.0,0,0,40,0,0.0,5.0,35.0
630,1,right_lane,fixed,True,1.0,40,0,20.268957345971565,0.0,18.5,6.229546695947647,60.2303317535545,40.2303317535545,20.0,nan,0.0,0,0,40,0,0.0,0.0,40.0
631,1,right_lane,fixed,True,1.0,40,0,21.018957345971565,3.0,17.0,7.663285605609417,59.92899087426931,41.42899087426931,18.5,nan,0.0,0,0,40,0,0.0,7.0,33.0
632,1,right_lane,fixed,True,1.0,40,0,26.268957345967635,0.0,0.5,2.2827736349404404,69.83033175354821,49.83033175354822,20.0,nan,0.0,0,0,40,0,0.0,0.0,40.0
633,1,right_lane,fixed,True,1.0,13,1,25.44281216934526,1.0,2.5,2.7511578599696804,21.878329683371383,15.62832968337138,6.25,nan,0.0,0,0,13,0,1.0,1.0,11.0
634,1,right_lane,fixed,True,1.0,40,0,21.268957345971565,2.5,4.5,6.140183113515377,59.82939796973335,41.32939796973335,18.5,nan,0.0,0,0,40,0,0.0,5.0,35.0
635,1,right_lane,fixed,True,1.0,40,0,21.393957345971565,3.0,2.5,7.149746377021074,60.52869115241789,42.02869115241789,18.5,nan,0.0,0,0,40,0,2.0,4.0,34.0
636,1,right_lane,fixed,True,1.0,40,0,21.143957345971565,0.5,0.0,3.8200216274126433,61.37839910886089,41.62839910886089,19.75,nan,0.0,0,0,40,0,1.0,1.0,38.0
637,1,right_lane,fixed,True,1.0,40,0,20.643957345971565,0.0,1.5,3.4456100277602673,60.8303317535545,40.8303317535545,20.0,nan,0.0,0,0,40,0,0.0,0.0,40.0
638,1,right_lane,fixed,True,1.0,40,0,22.875000013019175,17.5,5.5,18.896054051999045,55.89679636569228,44.39679636569228,11.5,nan,0.0,0,0,40,0,14.0,6.0,20.0
639,1,right_lane,fixed,True,1.0,40,0,25.106043503644038,5.5,9.0,8.820746030021724,65.49436079776109,47.99436079776109,17.5,nan,0.0,0,0,40,0,2.0,6.0,32.0
640,1,right_lane,fixed,True,1.0,40,0,25.252496440617865,0.0,1.0,2.848875740576659,68.10399312461617,48.603993124616174,19.5,nan,0.0,0,0,40,0,0.0,0.0,40.0
641,1,right_lane,fixed,True,1.0,40,0,23.143957345971565,11.0,6.0,14.69947536289692,59.525043943705256,45.02504394370525,14.5,nan,0.0,0,0,40,0,7.0,8.0,25.0
642,1,right_lane,fixed,True,1.0,40,0,21.268957345971565,0.0,0.0,3.175103575098774,61.8293983296861,41.82939832968609,20.0,nan,0.0,0,0,40,0,0.0,1.0,39.0
643,1,right_lane,fixed,True,1.0,40,0,23.518957345971565,0.0,2.5,3.0675972611820725,65.42939832968612,45.42939832968611,20.0,nan,0.0,0,0,40,0,0.0,1.0,39.0
644,1,right_lane,fixed,True,1.0,40,0,21.893957345971565,5.5,7.5,7.648751555389936,60.07837785756398,42.82837785756398,17.25,nan,0.0,0,0,40,0,6.0,1.0,33.0
645,1,right_lane,fixed,True,1.0,40,0,22.14113291973792,0.0,2.0,3.1799504667653764,63.22581267158068,43.225812671580684,20.0,nan,0.0,0,0,40,0,0.0,0.0,40.0
646,1,right_lane,fixed,True,1.0,40,0,21.643957345971565,0.0,5.5,3.319332342938651,62.43332230621481,42.43332230621482,20.0,nan,0.0,0,0,40,0,0.0,1.0,39.0
647,1,right_lane,fixed,True,1.0,40,0,20.893957345971565,3.5,13.0,9.149447150528431,59.47747811985526,41.22747811985527,18.25,nan,0.0,0,0,40,0,2.0,3.0,35.0
648,1,right_lane,fixed,True,1.0,40,0,21.268957345971565,0.5,10.0,5.306533919181675,61.578398405073315,41.82839840507331,19.75,nan,0.0,0,0,40,0,1.0,1.0,38.0
649,1,right_lane,fixed,True,1.0,40,0,21.518957345967653,0.0,9.5,4.325165175194343,62.22939766773488,42.22939766773488,20.0,nan,0.0,0,0,40,0,0.0,1.0,39.0
650,1,right_lane,fixed,True,1.0,40,0,22.518957344257622,0.5,1.0,4.450401090095511,63.578399106124024,43.828399106124024,19.75,nan,0.0,0,0,40,0,1.0,1.0,38.0
651,1,right_lane,fixed,True,1.0,40,0,21.893957345971565,0.0,2.5,3.5817349222306802,62.83033175593568,42.83033175593569,20.0,nan,0.0,0,0,40,0,0.0,0.0,40.0
652,1,right_lane,fixed,True,1.0,40,0,21.393957345971565,0.0,8.5,3.7299056872998335,62.029397667741144,42.02939766774114,20.0,nan,0.0,0,0,40,0,0.0,1.0,39.0
653,1,right_lane,fixed,True,1.0,40,0,20.268957345971565,0.0,10.0,3.701462651602924,60.2303317535545,40.2303317535545,20.0,nan,0.0,0,0,40,0,0.0,0.0,40.0
654,1,right_lane,fixed,True,1.0,40,0,22.018957345971565,2.5,3.0,5.421486801326864,61.779393929399035,43.02939392939902,18.75,nan,0.0,0,0,40,0,0.0,5.0,35.0
655,1,right_lane,fixed,True,1.0,40,0,21.393957345971565,1.5,9.5,6.045460461077255,61.52839840434077,42.02839840434078,19.5,nan,0.0,0,0,40,0,1.0,2.0,37.0
656,1,right_lane,fixed,True,1.0,40,0,22.518957247107274,0.5,4.5,4.789585762047864,63.50205887847592,44.00205887847592,19.5,nan,0.0,0,0,40,0,1.0,1.0,38.0
657,1,right_lane,fixed,True,1.0,40,0,21.768957345941836,0.0,0.0,3.253332966938615,62.63033189085913,42.63033189085913,20.0,nan,0.0,0,0,40,0,0.0,0.0,40.0
658,1,right_lane,fixed,True,1.0,40,0,23.518957345971565,11.5,9.5,14.76077878936485,59.67868910215759,45.428689102157584,14.25,nan,0.0,0,0,40,0,10.0,5.0,25.0
659,1,right_lane,fixed,True,1.0,40,0,25.018956595446095,7.5,0.5,9.419433305845814,64.07891422000526,47.82891422000525,16.25,nan,0.0,0,0,40,0,7.0,3.0,30.0
660,1,right_lane,fixed,True,1.0,40,0,21.643957345941836,0.0,1.0,3.231299169725389,62.430332796212284,42.43033279621228,20.0,nan,0.0,0,0,40,0,0.0,0.0,40.0
661,1,right_lane,fixed,True,1.0,40,0,21.768957345971565,0.5,7.5,5.476311926289782,62.378399108902194,42.6283991089022,19.75,nan,0.0,0,0,40,0,1.0,1.0,38.0
662,1,right_lane,fixed,True,1.0,36,1,21.826619273301738,8.0,13.5,11.737981848418713,52.67777768973098,38.42777768973097,14.25,nan,0.0,0,0,36,0,6.0,4.0,26.0
663,1,right_lane,fixed,True,1.0,40,0,22.26895734597155,8.5,9.0,12.438404082693523,58.42847104616342,42.92847104616343,15.5,nan,0.0,0,0,40,0,9.0,1.0,30.0
664,1,right_lane,fixed,True,1.0,38,1,20.6778498378648,1.0,10.0,6.517271317541599,57.57839840433951,38.82839840433951,18.75,nan,0.0,0,0,38,0,1.0,1.0,36.0
665,1,right_lane,fixed,True,1.0,40,0,21.518957344286825,0.0,2.0,3.2773847588687204,61.48033175085892,41.73033175085892,19.75,nan,0.0,0,0,40,0,0.0,0.0,40.0
666,1,right_lane,fixed,True,1.0,14,1,24.33987808925142,13.0,0.0,12.045089066028595,17.228243323502298,16.228243323502298,1.0,nan,0.0,0,0,14,0,11.0,3.0,0.0
667,1,right_lane,fixed,True,1.0,40,0,21.643957345971565,0.5,6.5,4.109314175378586,61.17839842481084,41.928398424810844,19.25,nan,0.0,0,0,40,0,1.0,1.0,38.0
668,1,right_lane,fixed,True,1.0,40,0,22.018957345971565,0.5,1.5,3.488118057770862,62.778399108860896,43.0283991088609,19.75,nan,0.0,0,0,40,0,1.0,1.0,38.0
669,1,right_lane,fixed,True,1.0,40,0,20.393957345971565,0.0,10.5,4.556799791753292,60.430331753554505,40.430331753554505,20.0,nan,0.0,0,0,40,0,0.0,0.0,40.0
670,1,right_lane,fixed,True,1.0,40,0,22.893957345971565,10.0,2.0,12.994787296048344,59.428704849608124,44.42870484960813,15.0,nan,0.0,0,0,40,0,10.0,2.0,28.0
671,1,right_lane,fixed,True,1.0,40,0,24.518957345971565,14.5,1.5,16.65932995080948,59.77891514086115,47.028915140861145,12.75,nan,0.0,0,0,40,0,14.0,3.0,23.0
672,1,right_lane,fixed,True,1.0,21,1,22.417061611374262,2.5,6.0,4.6939728560100775,32.3275321619093,22.827532161909303,9.5,nan,0.0,0,0,21,0,1.0,3.0,17.0
673,1,right_lane,fixed,True,1.0,40,0,22.37749644062177,9.0,0.0,11.895635597407818,58.35144023872537,43.10144023872538,15.25,nan,0.0,0,0,40,0,8.0,3.0,29.0
674,1,right_lane,fixed,True,1.0,40,0,20.643957345971565,0.5,15.0,6.699486205325229,60.77493009835633,41.02493009835633,19.75,nan,0.0,0,0,40,0,1.0,1.0,38.0
675,1,right_lane,fixed,True,1.0,40,0,23.018957345971565,18.5,0.0,20.712305523455143,55.379623304077455,44.62962330407746,10.75,nan,0.0,0,0,40,0,11.0,17.0,12.0
676,1,right_lane,fixed,True,1.0,40,0,20.393957345971565,0.0,3.5,4.627079509198666,60.429397666520444,40.429397666520444,20.0,nan,0.0,0,0,40,0,0.0,1.0,39.0
677,1,right_lane,fixed,True,1.0,40,0,23.768957345967134,13.5,11.0,16.465644747018814,59.076620108694556,45.826620108694556,13.25,nan,0.0,0,0,40,0,11.0,5.0,24.0
678,1,right_lane,fixed,True,1.0,40,0,20.518957345971565,0.0,5.5,4.8009940683841705,60.6293976677461,40.6293976677461,20.0,nan,0.0,0,0,40,0,0.0,1.0,39.0
679,1,right_lane,fixed,True,1.0,40,0,21.89390835479482,2.0,3.0,5.760919727385044,61.828610673030646,42.828610673030646,19.0,nan,0.0,0,0,40,0,0.0,5.0,35.0
680,1,right_lane,fixed,True,1.0,40,0,22.393957345749122,6.0,2.0,8.851811580359936,60.627856795657316,43.62785679565731,17.0,nan,0.0,0,0,40,0,5.0,3.0,32.0
681,1,right_lane,fixed,True,1.0,40,0,24.143957344031918,0.0,1.0,3.345463884043056,66.4293983268917,46.42939832689169,20.0,nan,0.0,0,0,40,0,0.0,1.0,39.0
682,1,right_lane,fixed,True,1.0,40,0,23.268957345971565,0.5,3.0,4.155236832686114,64.77839840703426,45.02839840703425,19.75,nan,0.0,0,0,40,0,1.0,1.0,38.0
683,1,right_lane,fixed,True,1.0,40,0,21.018957345971565,0.0,0.0,1.3839147799594684,61.4303317535545,41.430331753554505,20.0,nan,0.0,0,0,40,0,0.0,0.0,40.0
684,1,right_lane,fixed,True,1.0,40,0,21.768957345971565,1.5,5.0,5.419591760262847,61.87963670608195,42.62963670608195,19.25,nan,0.0,0,0,40,0,0.0,3.0,37.0
685,1,right_lane,fixed,True,1.0,28,1,23.777081922816425,28.0,0.0,26.762503743171692,32.52939832968599,32.02939832968599,0.5,nan,0.0,0,0,28,0,27.0,1.0,0.0
686,1,right_lane,fixed,True,1.0,40,0,22.268586068259964,0.0,2.0,3.6451960050551406,62.428803623403255,42.92880362340327,19.5,nan,0.0,0,0,40,0,0.0,1.0,39.0
687,1,right_lane,fixed,True,1.0,40,0,21.768957345971565,0.0,7.0,4.1785060302354395,62.630847569832014,42.630847569832014,20.0,nan,0.0,0,0,40,0,0.0,0.0,40.0
688,1,right_lane,fixed,True,1.0,40,0,20.768957345971565,0.0,3.0,4.2493710815906525,61.030331753554506,41.030331753554506,20.0,nan,0.0,0,0,40,0,0.0,0.0,40.0
689,1,right_lane,fixed,True,1.0,40,0,22.643957345971113,0.0,3.5,3.060492361371871,64.03033175355378,44.03033175355379,20.0,nan,0.0,0,0,40,0,0.0,0.0,40.0
690,1,right_lane,fixed,True,1.0,40,0,22.143957345971565,15.5,4.5,18.41487505659461,55.47872289137955,43.22872289137955,12.25,nan,0.0,0,0,40,0,12.0,9.0,19.0
691,1,right_lane,fixed,True,1.0,40,0,21.518957345971565,0.0,0.5,2.69104060878135,62.23033175355449,42.230331753554495,20.0,nan,0.0,0,0,40,0,0.0,0.0,40.0
692,1,right_lane,fixed,True,1.0,40,0,22.231414596675826,25.5,5.0,26.0594672113657,50.868410119973575,43.36841011997356,7.5,nan,0.0,0,0,40,0,20.0,10.0,10.0
693,1,right_lane,fixed,True,1.0,40,0,21.518957345971565,9.5,10.0,13.038594707846642,57.45410259252172,42.45410259252172,15.0,nan,0.0,0,0,40,0,9.0,3.0,28.0
694,1,right_lane,fixed,True,1.0,40,0,21.393957345971565,0.0,9.5,4.134833662166784,62.0303317535545,42.030331753554506,20.0,nan,0.0,0,0,40,0,0.0,0.0,40.0
695,1,right_lane,fixed,True,1.0,40,0,21.122875600860247,0.0,8.5,4.462832729390357,61.59566687434234,41.59566687434234,20.0,nan,0.0,0,0,40,0,0.0,1.0,39.0
696,1,right_lane,fixed,True,1.0,40,0,23.643957345971565,13.0,11.0,16.463598787784576,59.156271027096444,45.65627102709645,13.5,nan,0.0,0,0,40,0,13.0,2.0,25.0
697,1,right_lane,fixed,True,1.0,40,0,21.518957344456545,5.5,4.5,9.489655122160912,59.4779869877764,42.22798698777638,17.25,nan,0.0,0,0,40,0,1.0,11.0,28.0
698,1,right_lane,fixed,True,1.0,40,0,21.893957345971565,6.5,4.0,9.132728619028512,59.57806859340221,42.828068593402215,16.75,nan,0.0,0,0,40,0,2.0,10.0,28.0
699,1,right_lane,fixed,True,1.0,40,0,23.268957345971565,7.5,9.0,10.580283887420194,61.278473934693245,45.028473934693245,16.25,nan,0.0,0,0,40,0,8.0,1.0,31.0
700,1,right_lane,fixed,True,1.0,16,1,20.672393364928887,0.5,7.5,3.6496705561876297,24.229396514701747,16.229396514701747,8.0,nan,0.0,0,0,16,0,0.0,1.0,15.0
701,1,right_lane,fixed,True,1.0,40,0,22.76895724882166,0.0,7.5,3.323176088440505,63.48033159811466,43.73033159811466,19.75,nan,0.0,0,0,40,0,0.0,0.0,40.0
702,1,right_lane,fixed,True,1.0,40,0,23.268957260126378,7.5,4.0,10.823136810213327,61.27889399016769,45.028893990167695,16.25,nan,0.0,0,0,40,0,8.0,1.0,31.0
703,1,right_lane,fixed,True,1.0,40,0,21.268957344286832,0.5,14.0,5.878113092854619,61.578398521642455,41.82839852164245,19.75,nan,0.0,0,0,40,0,1.0,1.0,38.0
704,1,right_lane,fixed,True,1.0,40,0,22.143957345971565,0.0,5.5,3.852641578807379,63.230331755895094,43.230331755895094,20.0,nan,0.0,0,0,40,0,0.0,0.0,40.0
705,1,right_lane,fixed,True,1.0,40,0,23.518956694084622,14.5,0.0,16.760242719203234,58.17837614846909,45.42837614846909,12.75,nan,0.0,0,0,40,0,15.0,1.0,24.0
706,1,right_lane,fixed,True,1.0,40,0,25.143957345971565,18.0,2.0,20.557544194161892,59.02842838256882,48.02842838256882,11.0,nan,0.0,0,0,40,0,16.0,6.0,18.0
707,1,right_lane,fixed,True,1.0,40,0,23.143957345971565,0.0,5.5,3.08709711690517,64.8293983296861,44.82939832968611,20.0,nan,0.0,0,0,40,0,0.0,1.0,39.0
708,1,right_lane,fixed,True,1.0,40,0,21.393629347340514,40.0,0.0,36.56216078996658,42.52980695574483,42.02980695574483,0.5,nan,0.0,0,0,40,0,40.0,0.0,0.0
709,1,right_lane,fixed,True,1.0,40,0,20.768957345971497,0.0,4.5,4.017510734498501,60.53078744218748,41.030787442187474,19.5,nan,0.0,0,0,40,0,0.0,0.0,40.0
710,1,right_lane,fixed,True,1.0,40,0,21.643957345971565,10.0,4.5,13.295504747176892,57.427996366675686,42.42799636667571,15.0,nan,0.0,0,0,40,0,8.0,5.0,27.0
711,1,right_lane,fixed,True,1.0,40,0,25.26646090535371,34.5,0.5,33.86264694482088,50.97440410020334,48.22440410020334,2.75,nan,0.0,0,0,40,0,35.0,1.0,4.0
712,1,right_lane,fixed,True,1.0,40,0,21.143957345971565,0.0,5.5,4.573759053031608,61.63286663566381,41.63286663566381,20.0,nan,0.0,0,0,40,0,0.0,1.0,39.0
713,1,right_lane,fixed,True,1.0,40,0,20.768957345971565,0.5,7.0,5.280720986425877,60.77839910880876,41.02839910880877,19.75,nan,0.0,0,0,40,0,1.0,1.0,38.0
714,1,right_lane,fixed,True,1.0,40,0,24.89178321769723,17.5,2.0,19.350511627009837,58.87499244059665,47.62499244059665,11.25,nan,0.0,0,0,40,0,18.0,1.0,21.0
715,1,right_lane,fixed,True,1.0,40,0,21.518957345971565,2.5,1.5,5.5714021772146225,61.156503228269926,42.40650322826993,18.75,nan,0.0,0,0,40,0,0.0,6.0,34.0
716,1,right_lane,fixed,True,1.0,40,0,20.268957345971565,0.0,15.0,5.399442858994007,60.2303317535545,40.2303317535545,20.0,nan,0.0,0,0,40,0,0.0,0.0,40.0
717,1,right_lane,fixed,True,1.0,40,0,22.143957345971565,0.0,5.0,2.508780655443843,63.23033175355452,43.23033175355451,20.0,nan,0.0,0,0,40,0,0.0,0.0,40.0
718,1,right_lane,fixed,True,1.0,40,0,23.75000000171446,28.0,0.5,27.604555333055032,51.79906829930569,45.79906829930569,6.0,nan,0.0,0,0,40,0,24.0,10.0,6.0
719,1,right_lane,fixed,True,1.0,40,0,22.26895659693477,0.0,7.0,3.8360208302910905,63.456668001273414,43.456668001273414,20.0,nan,0.0,0,0,40,0,0.0,0.0,40.0
720,1,right_lane,fixed,True,1.0,40,0,20.893957345971565,3.0,4.5,6.413672935217619,59.72899227006712,41.22899227006712,18.5,nan,0.0,0,0,40,0,0.0,7.0,33.0
721,1,right_lane,fixed,True,1.0,40,0,21.393957345971565,0.0,5.0,2.685396864108043,62.03033175355449,42.030331753554506,20.0,nan,0.0,0,0,40,0,0.0,0.0,40.0
722,1,right_lane,fixed,True,1.0,40,0,21.268957345971565,18.5,5.5,20.153034426271915,52.57887654410305,41.82887654410305,10.75,nan,0.0,0,0,40,0,16.0,7.0,17.0
723,1,right_lane,fixed,True,1.0,40,0,22.143627944706306,0.0,3.0,3.4601321887757877,63.2298047115301,43.2298047115301,20.0,nan,0.0,0,0,40,0,0.0,0.0,40.0
724,1,right_lane,fixed,True,1.0,40,0,23.01895723411827,13.0,6.5,14.508394106228252,58.628736643233495,44.62873664323349,14.0,nan,0.0,0,0,40,0,10.0,4.0,26.0
725,1,right_lane,fixed,True,1.0,40,0,22.393957345971565,0.5,0.5,3.6219999959625966,62.87839926425873,43.62839926425872,19.25,nan,0.0,0,0,40,0,1.0,1.0,38.0
726,1,right_lane,fixed,True,1.0,40,0,21.143957345971565,0.0,6.0,3.832576291649275,61.63033175355449,41.6303317535545,20.0,nan,0.0,0,0,40,0,0.0,0.0,40.0
727,1,right_lane,fixed,True,1.0,40,0,20.643957345971565,0.0,1.0,3.9204349145293236,60.82939766774115,40.82939766774115,20.0,nan,0.0,0,0,40,0,0.0,1.0,39.0
728,1,right_lane,fixed,True,1.0,40,0,21.018957345971565,0.0,2.5,3.93631793026816,61.43033175355449,41.4303317535545,20.0,nan,0.0,0,0,40,0,0.0,0.0,40.0
729,1,right_lane,fixed,True,1.0,40,0,21.393957345971565,0.0,0.5,2.6546816171839964,62.02939766843072,42.029397668430725,20.0,nan,0.0,0,0,40,0,0.0,1.0,39.0
730,1,right_lane,fixed,True,1.0,40,0,21.768957345971565,0.0,1.5,3.6306679095796426,62.63033175355451,42.63033175355451,20.0,nan,0.0,0,0,40,0,0.0,0.0,40.0
731,1,right_lane,fixed,True,1.0,40,0,20.393957345971565,0.5,18.5,6.555732659995556,60.17839717648496,40.42839717648496,19.75,nan,0.0,0,0,40,0,1.0,1.0,38.0
732,1,right_lane,fixed,True,1.0,40,0,20.768957345971565,8.0,3.5,11.305904641747475,57.029396493877044,41.029396493877044,16.0,nan,0.0,0,0,40,0,5.0,8.0,27.0
733,1,right_lane,fixed,True,1.0,40,0,21.268957345971565,1.5,5.0,5.4617417231202126,61.07963748071866,41.829637480718674,19.25,nan,0.0,0,0,40,0,0.0,3.0,37.0
734,1,right_lane,fixed,True,1.0,40,0,21.893957345971565,0.5,1.0,4.394968103762949,62.57839840507325,42.82839840507326,19.75,nan,0.0,0,0,40,0,1.0,1.0,38.0
735,1,right_lane,fixed,True,1.0,40,0,21.625328749382287,23.0,3.0,23.165020334010478,51.398589690790175,42.39858969079017,9.0,nan,0.0,0,0,40,0,22.0,2.0,16.0
736,1,right_lane,fixed,True,1.0,40,0,23.393957344482875,7.0,1.5,10.069495853533226,61.253377779011366,45.25337777901136,16.0,nan,0.0,0,0,40,0,5.0,4.0,31.0
737,1,right_lane,fixed,True,1.0,40,0,21.768957345971565,0.5,7.5,5.200016634509666,62.378399110929124,42.62839911092913,19.75,nan,0.0,0,0,40,0,1.0,1.0,38.0
738,1,right_lane,fixed,True,1.0,40,0,22.268957345971565,0.0,6.5,4.125329249953666,63.42939832968611,43.42939832968611,20.0,nan,0.0,0,0,40,0,0.0,1.0,39.0
739,1,right_lane,fixed,True,1.0,40,0,23.37532874938223,0.0,11.5,3.5830568419435167,65.20052599901156,45.20052599901157,20.0,nan,0.0,0,0,40,0,0.0,0.0,40.0
740,1,right_lane,fixed,True,1.0,40,0,22.393957331493432,0.0,1.5,2.8684232145515125,63.65621244729715,43.65621244729715,20.0,nan,0.0,0,0,40,0,0.0,0.0,40.0
741,1,right_lane,fixed,True,1.0,40,0,21.37749644062177,0.0,1.5,4.034369390289612,62.00306090124091,42.00306090124091,20.0,nan,0.0,0,0,40,0,0.0,1.0,39.0
742,1,right_lane,fixed,True,1.0,40,0,22.393957345971565,0.0,4.5,3.7490334682370303,63.82686344757133,43.826863447571334,20.0,nan,0.0,0,0,40,0,0.0,0.0,40.0
743,1,right_lane,fixed,True,1.0,23,1,20.467751906037503,0.5,9.5,3.462924361228943,34.7303317535545,23.230331753554502,11.5,nan,0.0,0,0,23,0,0.0,0.0,23.0
744,1,right_lane,fixed,True,1.0,40,0,21.518957344482878,0.0,12.0,4.507726242182457,61.4793983273042,41.7293983273042,19.75,nan,0.0,0,0,40,0,0.0,1.0,39.0
745,1,right_lane,fixed,True,1.0,40,0,25.768957345971046,16.0,4.5,18.15985130352783,61.02770570318755,49.02770570318754,12.0,nan,0.0,0,0,40,0,15.0,3.0,22.0
746,1,right_lane,fixed,True,1.0,40,0,21.643957345967657,0.0,0.5,3.393793847952111,62.429397667735614,42.429397667735614,20.0,nan,0.0,0,0,40,0,0.0,1.0,39.0
747,1,right_lane,fixed,True,1.0,40,0,21.018957345971565,9.0,5.5,13.06307448773714,57.180331753559926,41.43033175355993,15.75,nan,0.0,0,0,40,0,0.0,17.0,23.0
748,1,right_lane,fixed,True,1.0,40,0,20.393957345971565,0.0,15.5,5.2836504355072975,60.179397666520444,40.429397666520444,19.75,nan,0.0,0,0,40,0,0.0,1.0,39.0
749,1,right_lane,fixed,True,1.0,40,0,21.268957345971565,0.5,0.0,3.3788098436780274,61.57839910886089,41.82839910886089,19.75,nan,0.0,0,0,40,0,1.0,1.0,38.0
750,1,right_lane,fixed,True,1.0,40,0,21.768957345971554,0.0,5.0,3.7197273618676263,62.630331753554486,42.630331753554486,20.0,nan,0.0,0,0,40,0,0.0,0.0,40.0
751,1,right_lane,fixed,True,1.0,40,0,21.393957345971565,0.0,0.0,2.8016873498287396,62.02939832968612,42.02939832968612,20.0,nan,0.0,0,0,40,0,0.0,1.0,39.0
752,1,right_lane,fixed,True,1.0,40,0,21.518957345945243,8.0,6.0,11.29759772144098,58.22804908811314,42.22804908811314,16.0,nan,0.0,0,0,40,0,8.0,2.0,30.0
753,1,right_lane,fixed,True,1.0,40,0,21.12749644062177,5.0,15.5,9.102886743843555,59.10144038214365,41.60144038214366,17.5,nan,0.0,0,0,40,0,4.0,3.0,33.0
754,1,right_lane,fixed,True,1.0,40,0,23.393957345971558,0.0,2.0,3.134990338061016,65.42686344757132,45.42686344757132,20.0,nan,0.0,0,0,40,0,0.0,0.0,40.0
755,1,right_lane,fixed,True,1.0,40,0,23.12500570101725,5.0,5.5,7.474021788500977,62.29814013141034,44.798140131410314,17.5,nan,0.0,0,0,40,0,4.0,3.0,33.0
756,1,right_lane,fixed,True,1.0,40,0,22.268957345971565,10.0,2.5,13.385202199220657,58.62702377668849,43.627023776688496,15.0,nan,0.0,0,0,40,0,10.0,2.0,28.0
757,1,right_lane,fixed,True,1.0,40,0,21.768957345971565,20.0,2.5,22.443829387426376,52.629331523289224,42.629331523289224,10.0,nan,0.0,0,0,40,0,19.0,4.0,17.0
758,1,right_lane,fixed,True,1.0,32,1,21.117446682464454,0.5,9.0,5.7738523334264755,49.2293983296861,33.2293983296861,16.0,nan,0.0,0,0,32,0,0.0,1.0,31.0
759,1,right_lane,fixed,True,1.0,40,0,21.268957345971565,0.0,0.0,1.0451636576053716,61.07939766774115,41.32939766774115,19.75,nan,0.0,0,0,40,0,0.0,1.0,39.0
760,1,right_lane,fixed,True,1.0,40,0,21.893909103635565,0.0,2.0,3.069508247427848,62.8302545658169,42.830254565816915,20.0,nan,0.0,0,0,40,0,0.0,0.0,40.0
761,1,right_lane,fixed,True,1.0,40,0,22.893957345971565,5.5,9.0,9.118707642890513,61.678961020741156,44.42896102074115,17.25,nan,0.0,0,0,40,0,6.0,1.0,33.0
762,1,right_lane,fixed,True,1.0,40,0,22.643957345971565,0.0,9.0,3.863331537682825,64.02939766843072,44.02939766843072,20.0,nan,0.0,0,0,40,0,0.0,1.0,39.0
763,1,right_lane,fixed,True,1.0,22,1,23.44355863422119,0.5,1.5,1.9365836855631642,35.82939817424624,24.82939817424624,11.0,nan,0.0,0,0,22,0,0.0,1.0,21.0
764,1,right_lane,fixed,True,1.0,40,0,21.143957345971565,0.0,0.0,4.489630046262391,60.8793983296861,41.1293983296861,19.75,nan,0.0,0,0,40,0,0.0,1.0,39.0
765,1,right_lane,fixed,True,1.0,40,0,20.768957345971565,0.0,10.0,4.154952809059523,61.0303317535545,41.030331753554506,20.0,nan,0.0,0,0,40,0,0.0,0.0,40.0
766,1,right_lane,fixed,True,1.0,40,0,20.893957345971565,0.5,15.0,6.226032551378012,60.97839910880876,41.22839910880876,19.75,nan,0.0,0,0,40,0,1.0,1.0,38.0
767,1,right_lane,fixed,True,1.0,40,0,21.268956694084682,0.0,10.5,4.2384948171675205,61.830330710535485,41.8303307105355,20.0,nan,0.0,0,0,40,0,0.0,0.0,40.0
768,1,right_lane,fixed,True,1.0,40,0,20.893956694084682,0.0,0.5,3.3551190569996834,61.230331616202214,41.230331616202214,20.0,nan,0.0,0,0,40,0,0.0,0.0,40.0
769,1,right_lane,fixed,True,1.0,40,0,20.393957345971565,0.0,5.5,4.891425549983978,60.42939857218716,40.429398572187154,20.0,nan,0.0,0,0,40,0,0.0,1.0,39.0
770,1,right_lane,fixed,True,1.0,31,1,21.31478367222137,30.5,0.5,28.74681329727173,33.178472480970804,32.42847248097081,0.75,nan,0.0,0,0,31,0,30.0,1.0,0.0
771,1,right_lane,fixed,True,1.0,40,0,21.518957345971565,0.5,3.5,2.9372524492268894,60.97839840507331,41.72839840507331,19.25,nan,0.0,0,0,40,0,1.0,1.0,38.0
772,1,right_lane,fixed,True,1.0,40,0,21.393957345967713,0.5,12.5,4.48689568628879,62.029398329679935,42.029398329679935,20.0,nan,0.0,0,0,40,0,0.0,1.0,39.0
773,1,right_lane,fixed,True,1.0,40,0,23.518909202470194,0.0,1.0,3.3321734944427135,65.1793213000839,45.42932130008391,19.75,nan,0.0,0,0,40,0,0.0,1.0,39.0
774,1,right_lane,fixed,True,1.0,40,0,21.018957345971565,0.5,6.5,3.904455450689511,61.178465290127036,41.428465290127036,19.75,nan,0.0,0,0,40,0,1.0,1.0,38.0
775,1,right_lane,fixed,True,1.0,40,0,21.018957345971565,0.5,6.5,4.932729247957468,61.17839840434077,41.428398404340776,19.75,nan,0.0,0,0,40,0,1.0,1.0,38.0
776,1,right_lane,fixed,True,1.0,40,0,24.14113795584911,0.5,4.5,4.044715376035583,66.17388808466497,46.42388808466497,19.75,nan,0.0,0,0,40,0,1.0,1.0,38.0
777,1,right_lane,fixed,True,1.0,30,1,25.191943127961995,12.5,3.5,14.573955327272415,45.03189413134061,36.0318941313406,9.0,nan,0.0,0,0,30,0,9.0,7.0,14.0
778,1,right_lane,fixed,True,1.0,40,0,20.393957345971565,0.0,11.5,4.722997583448887,59.679396514701764,39.929396514701764,19.75,nan,0.0,0,0,40,0,0.0,1.0,39.0
779,1,right_lane,fixed,True,1.0,40,0,21.768957345971565,0.0,0.0,2.8797443797811866,62.62939766774183,42.629397667741834,20.0,nan,0.0,0,0,40,0,0.0,1.0,39.0
780,1,right_lane,fixed,True,1.0,40,0,20.893957345971565,0.0,5.5,4.489447977393866,61.22939651470176,41.22939651470176,20.0,nan,0.0,0,0,40,0,0.0,1.0,39.0
781,1,right_lane,fixed,True,1.0,40,0,21.893957345971565,0.0,2.5,3.6978695799298293,62.8303317535545,42.8303317535545,20.0,nan,0.0,0,0,40,0,0.0,0.0,40.0
782,1,right_lane,fixed,True,1.0,40,0,21.643957345971565,0.0,6.0,3.591272323271369,62.43033175355451,42.43033175355451,20.0,nan,0.0,0,0,40,0,0.0,0.0,40.0
783,1,right_lane,fixed,True,1.0,40,0,21.768957345941836,2.5,6.0,5.906362418739491,61.553060521172846,42.80306052117285,18.75,nan,0.0,0,0,40,0,0.0,5.0,35.0
784,1,right_lane,fixed,True,1.0,40,0,20.87749644062177,2.5,5.5,6.746318727731705,59.95306113794103,41.20306113794103,18.75,nan,0.0,0,0,40,0,0.0,6.0,34.0
785,1,right_lane,fixed,True,1.0,40,0,20.518957345971565,15.0,6.0,20.116294413805008,53.40126754287782,40.65126754287782,12.75,nan,0.0,0,0,40,0,1.0,29.0,10.0
786,1,right_lane,fixed,True,1.0,40,0,24.01895239570215,0.5,8.0,4.475134110548481,65.72839118842982,46.228391188429825,19.5,nan,0.0,0,0,40,0,1.0,1.0,38.0
787,1,right_lane,fixed,True,1.0,40,0,20.768957345971565,0.0,3.0,2.1514825810099865,61.03033863096583,41.03033863096583,20.0,nan,0.0,0,0,40,0,0.0,0.0,40.0
788,1,right_lane,fixed,True,1.0,40,0,21.518957345971565,10.5,0.5,13.278825387358665,56.98032143378941,42.23032143378941,14.75,nan,0.0,0,0,40,0,11.0,1.0,28.0
789,1,right_lane,fixed,True,1.0,40,0,21.143957345971565,4.5,1.0,7.83750224671121,59.552644797455606,41.8026447974556,17.75,nan,0.0,0,0,40,0,4.0,3.0,33.0
790,1,right_lane,fixed,True,1.0,40,0,20.643957345971565,0.0,0.0,3.2096425145864487,60.82939832963657,40.829398329636575,20.0,nan,0.0,0,0,40,0,0.0,1.0,39.0
791,1,right_lane,fixed,True,1.0,40,0,21.26891480290529,2.0,16.0,7.425655409693718,60.82931179105266,41.82931179105266,19.0,nan,0.0,0,0,40,0,0.0,4.0,36.0
792,1,right_lane,fixed,True,1.0,40,0,23.247552552495204,6.5,0.0,7.993010017992674,62.24474077538822,44.994740775388216,17.25,nan,0.0,0,0,40,0,2.0,8.0,30.0
793,1,right_lane,fixed,True,1.0,40,0,23.393957345971486,1.5,4.5,5.328813889914272,64.18227972159596,45.43227972159596,18.75,nan,0.0,0,0,40,0,0.0,3.0,37.0
794,1,right_lane,fixed,True,1.0,40,0,21.62749644062177,14.5,0.0,16.329769879579544,55.1539943018906,42.4039943018906,12.75,nan,0.0,0,0,40,0,15.0,1.0,24.0
795,1,right_lane,fixed,True,1.0,40,0,22.76895734426102,1.0,4.0,4.47175510492707,63.92523654089887,44.42523654089887,19.5,nan,0.0,0,0,40,0,1.0,2.0,37.0
796,1,right_lane,fixed,True,1.0,27,1,20.398455327365284,0.5,13.0,4.893389493227005,40.73033175593096,27.230331755930962,13.5,nan,0.0,0,0,27,0,0.0,0.0,27.0
797,1,right_lane,fixed,True,1.0,40,0,21.018957345971565,0.0,16.0,4.709926422236094,60.67939766774114,40.92939766774115,19.75,nan,0.0,0,0,40,0,0.0,1.0,39.0
798,1,right_lane,fixed,True,1.0,40,0,21.643957345971565,0.0,2.0,4.215794627692503,62.429398329686094,42.42939832968609,20.0,nan,0.0,0,0,40,0,0.0,1.0,39.0
799,1,right_lane,fixed,True,1.0,40,0,24.143957345971565,35.5,1.0,34.38181433826685,48.68033175355451,46.43033175355451,2.25,nan,0.0,0,0,40,0,36.0,1.0,3.0
800,1,right_lane,fixed,True,1.0,40,0,21.893957345971057,0.0,3.5,3.8592173844663193,62.83033175355368,42.83033175355368,20.0,nan,0.0,0,0,40,0,0.0,0.0,40.0
801,1,right_lane,fixed,True,1.0,40,0,21.768957345971565,0.5,7.5,4.391005373161647,62.3783991088616,42.6283991088616,19.75,nan,0.0,0,0,40,0,1.0,1.0,38.0
802,1,right_lane,fixed,True,1.0,40,0,20.393957345971565,0.0,6.5,4.433271989226341,60.603994304994835,40.603994304994835,20.0,nan,0.0,0,0,40,0,0.0,0.0,40.0
803,1,right_lane,fixed,True,1.0,40,0,23.018957345971046,15.5,3.5,18.017004005610943,56.87844879446731,44.62844879446732,12.25,nan,0.0,0,0,40,0,7.0,19.0,14.0
804,1,right_lane,fixed,True,1.0,40,0,21.768957345971565,14.5,10.5,17.692288272082806,55.376687327243054,42.626687327243054,12.75,nan,0.0,0,0,40,0,11.0,9.0,20.0
805,1,right_lane,fixed,True,1.0,40,0,23.37472024373468,0.0,0.5,2.880545460956,65.19955238997547,45.19955238997548,20.0,nan,0.0,0,0,40,0,0.0,0.0,40.0
806,1,right_lane,fixed,True,1.0,40,0,23.877496354776582,5.5,0.5,8.178298747109466,63.279282525786094,46.029282525786094,17.25,nan,0.0,0,0,40,0,6.0,1.0,33.0
807,1,right_lane,fixed,True,1.0,40,0,23.518957345971565,0.0,0.0,1.24010549979198,65.45320101539578,45.45320101539577,20.0,nan,0.0,0,0,40,0,0.0,0.0,40.0
808,1,right_lane,fixed,True,1.0,40,0,21.500000750751244,1.0,1.0,4.108757489735581,61.94813489600324,42.19813489600324,19.75,nan,0.0,0,0,40,0,0.0,2.0,38.0
809,1,right_lane,fixed,True,1.0,40,0,22.018957345971565,10.0,12.0,13.65205967053771,58.152122521588986,43.402122521588986,14.75,nan,0.0,0,0,40,0,10.0,2.0,28.0
810,1,right_lane,fixed,True,1.0,40,0,21.268919754863266,0.0,8.0,4.4880873137153685,61.830271607781214,41.83027160778123,20.0,nan,0.0,0,0,40,0,0.0,0.0,40.0
811,1,right_lane,fixed,True,1.0,40,0,21.87749643910335,0.0,3.0,3.4536759188096084,62.804046527907595,42.80404652790759,20.0,nan,0.0,0,0,40,0,0.0,0.0,40.0
812,1,right_lane,fixed,True,1.0,40,0,22.518957345971565,2.0,11.5,6.604702377384456,63.02616164657805,44.02616164657806,19.0,nan,0.0,0,0,40,0,0.0,4.0,36.0
813,1,right_lane,fixed,True,1.0,40,0,21.393957345971565,0.0,0.0,3.365974563668715,62.030331753554506,42.030331753554506,20.0,nan,0.0,0,0,40,0,0.0,0.0,40.0
814,1,right_lane,fixed,True,1.0,40,0,21.643957345971494,1.5,2.0,5.176863163243979,61.67899122942988,42.42899122942988,19.25,nan,0.0,0,0,40,0,0.0,4.0,36.0
815,1,right_lane,fixed,True,1.0,40,0,22.643957345971565,0.0,1.0,3.409969886672343,64.0293983296862,44.029398329686195,20.0,nan,0.0,0,0,40,0,0.0,1.0,39.0
816,1,right_lane,fixed,True,1.0,40,0,24.51895733317816,13.5,0.0,14.739251085021351,60.2783771230637,47.0283771230637,13.25,nan,0.0,0,0,40,0,14.0,1.0,25.0
817,1,right_lane,fixed,True,1.0,40,0,22.393957345971565,0.0,4.0,3.066374413589074,63.630331771328386,43.630331771328386,20.0,nan,0.0,0,0,40,0,0.0,0.0,40.0
818,1,right_lane,fixed,True,1.0,40,0,25.124999249253186,36.5,1.5,34.011916518211365,50.247424993571904,47.997424993571904,2.25,nan,0.0,0,0,40,0,32.0,8.0,0.0
819,1,right_lane,fixed,True,1.0,40,0,21.50032874938229,0.0,14.0,4.4737918760092725,61.899592955041065,42.399592955041065,19.5,nan,0.0,0,0,40,0,0.0,1.0,39.0
820,1,right_lane,fixed,True,1.0,40,0,22.981042765911972,8.0,8.0,10.968862453693873,61.26658433274626,44.76658433274626,16.5,nan,0.0,0,0,40,0,6.0,4.0,30.0
821,1,right_lane,fixed,True,1.0,40,0,21.250328749382287,0.0,0.0,3.5746869739987233,61.69959175653776,42.19959175653777,19.5,nan,0.0,0,0,40,0,0.0,1.0,39.0
822,1,right_lane,fixed,True,1.0,40,0,24.643957345971565,15.0,1.0,17.561533890664577,59.92650407101572,47.42650407101571,12.5,nan,0.0,0,0,40,0,13.0,6.0,21.0
823,1,right_lane,fixed,True,1.0,40,0,23.268957345971565,27.0,3.0,26.576537240896187,52.027688446418026,45.027688446418026,7.0,nan,0.0,0,0,40,0,24.0,6.0,10.0
824,1,right_lane,fixed,True,1.0,40,0,20.518957345971565,0.0,10.0,3.735721734828985,60.13033175355449,40.630331753554486,19.5,nan,0.0,0,0,40,0,0.0,0.0,40.0
825,1,right_lane,fixed,True,1.0,40,0,21.016466606367043,2.0,5.5,6.262716852128506,60.42407195330773,41.42407195330773,19.0,nan,0.0,0,0,40,0,1.0,4.0,35.0
826,1,right_lane,fixed,True,1.0,40,0,20.76895734597149,0.0,7.5,3.8339203375444413,61.03379213911194,41.03379213911194,20.0,nan,0.0,0,0,40,0,0.0,0.0,40.0
827,1,right_lane,fixed,True,1.0,40,0,20.893957345971565,0.0,4.0,4.0644591880436565,61.22939766652054,41.22939766652055,20.0,nan,0.0,0,0,40,0,0.0,1.0,39.0
828,1,right_lane,fixed,True,1.0,40,0,20.268957345971565,0.0,20.0,7.480177074670792,60.2303317535545,40.2303317535545,20.0,nan,0.0,0,0,40,0,0.0,0.0,40.0
829,1,right_lane,fixed,True,1.0,40,0,22.518957345971565,14.0,0.0,15.696143627166748,56.82870699684176,43.82870699684176,13.0,nan,0.0,0,0,40,0,14.0,2.0,24.0
830,1,right_lane,fixed,True,1.0,40,0,22.268957345971565,0.5,5.5,4.858878417981259,63.178399108860894,43.4283991088609,19.75,nan,0.0,0,0,40,0,1.0,1.0,38.0
831,1,right_lane,fixed,True,1.0,40,0,21.141461656101036,0.0,1.0,3.6953662894666195,61.62633864976167,41.626338649761664,20.0,nan,0.0,0,0,40,0,0.0,0.0,40.0
832,1,right_lane,fixed,True,1.0,40,0,20.518957345971565,4.5,13.5,8.939811758697033,58.38200118262505,40.63200118262504,17.75,nan,0.0,0,0,40,0,5.0,1.0,34.0
833,1,right_lane,fixed,True,1.0,40,0,27.018957345716068,23.5,6.5,24.802322208881378,59.27561822434613,51.02561822434613,8.25,nan,0.0,0,0,40,0,20.0,9.0,11.0
834,1,right_lane,fixed,True,1.0,40,0,21.25032874938229,0.0,2.0,3.492734007537365,61.80052599936661,41.80052599936663,20.0,nan,0.0,0,0,40,0,0.0,0.0,40.0
835,1,right_lane,fixed,True,1.0,40,0,22.018957345971565,0.5,2.5,4.895946387834556,62.97794237720879,43.2279423772088,19.75,nan,0.0,0,0,40,0,1.0,1.0,38.0
836,1,right_lane,fixed,True,1.0,40,0,22.268957345971565,0.0,11.0,4.406840564626009,63.429398329686116,43.42939832968611,20.0,nan,0.0,0,0,40,0,0.0,1.0,39.0
837,1,right_lane,fixed,True,1.0,40,0,23.018957345719976,12.0,5.5,14.290265457399073,58.629325062209645,44.629325062209645,14.0,nan,0.0,0,0,40,0,10.0,5.0,25.0
838,1,right_lane,fixed,True,1.0,40,0,21.143957345971565,0.0,3.0,4.396289880821314,61.62939833003563,41.629398330035635,20.0,nan,0.0,0,0,40,0,0.0,1.0,39.0
839,1,right_lane,fixed,True,1.0,40,0,20.643957345971565,4.0,7.5,8.135319612920284,58.829314770939924,40.829314770939924,18.0,nan,0.0,0,0,40,0,3.0,4.0,33.0
840,1,right_lane,fixed,True,1.0,40,0,22.268957345971565,5.5,2.0,9.14367600530386,60.67757562555961,43.42757562555961,17.25,nan,0.0,0,0,40,0,1.0,10.0,29.0
841,1,right_lane,fixed,True,1.0,40,0,21.518957345971565,10.0,9.5,13.997175723314285,57.22898846753671,42.22898846753671,15.0,nan,0.0,0,0,40,0,8.0,6.0,26.0
842,1,right_lane,fixed,True,1.0,40,0,22.51895733124236,0.0,2.5,3.4051056099388006,63.830331729987776,43.83033172998779,20.0,nan,0.0,0,0,40,0,0.0,0.0,40.0
843,1,right_lane,fixed,True,1.0,40,0,23.518957345775522,0.0,2.0,2.979189312479207,65.43033177370411,45.430331773704125,20.0,nan,0.0,0,0,40,0,0.0,0.0,40.0
844,1,right_lane,fixed,True,1.0,40,0,22.643957345971565,0.0,0.0,3.4557620743356665,64.02939832995847,44.02939832995846,20.0,nan,0.0,0,0,40,0,0.0,1.0,39.0
845,1,right_lane,fixed,True,1.0,40,0,21.37749644062177,5.0,6.0,9.743251264095306,59.75264842503089,42.0026484250309,17.75,nan,0.0,0,0,40,0,0.0,10.0,30.0
846,1,right_lane,fixed,True,1.0,40,0,23.00000570101725,6.5,4.5,10.016193585002839,61.468345563524586,44.968345563524586,16.5,nan,0.0,0,0,40,0,7.0,1.0,32.0
847,1,right_lane,fixed,True,1.0,40,0,20.518957345971565,0.0,17.0,4.917861431837082,60.82938974609484,40.829389746094826,20.0,nan,0.0,0,0,40,0,0.0,1.0,39.0
848,1,right_lane,fixed,True,1.0,40,0,22.018957345971565,5.5,1.5,8.150158460380453,60.2774643185926,43.02746431859261,17.25,nan,0.0,0,0,40,0,5.0,2.0,33.0
849,1,right_lane,fixed,True,1.0,40,0,22.39395734597099,2.0,7.0,5.612361062998389,62.62962333755238,43.629623337552374,19.0,nan,0.0,0,0,40,0,0.0,5.0,35.0
850,1,right_lane,fixed,True,1.0,40,0,21.268957345971565,2.0,15.0,6.371763110160828,61.0803317535553,41.8303317535553,19.25,nan,0.0,0,0,40,0,0.0,3.0,37.0
851,1,right_lane,fixed,True,1.0,40,0,20.268957345971565,0.0,5.0,3.8265795409679413,59.9803317535545,40.2303317535545,19.75,nan,0.0,0,0,40,0,0.0,0.0,40.0
852,1,right_lane,fixed,True,1.0,10,1,26.074341270034893,0.0,0.0,0.7372086644973024,17.22880242289017,12.22880242289017,5.0,nan,0.0,0,0,10,0,0.0,1.0,9.0
853,1,right_lane,fixed,True,1.0,40,0,22.643957345971504,0.0,1.0,2.956511912564906,63.53084861285094,43.53084861285094,20.0,nan,0.0,0,0,40,0,0.0,0.0,40.0
854,1,right_lane,fixed,True,1.0,35,1,23.450236966824644,5.0,1.0,5.967006932900404,54.87891567488749,39.62891567488748,15.25,nan,0.0,0,0,35,0,4.0,3.0,28.0
855,1,right_lane,fixed,True,1.0,40,0,21.268957345971565,0.0,3.0,4.0739893222926185,61.07939766843067,41.329397668430694,19.75,nan,0.0,0,0,40,0,0.0,1.0,39.0
856,1,right_lane,fixed,True,1.0,40,0,22.518957345971494,0.0,1.5,3.833702725961757,63.82939832968597,43.82939832968599,20.0,nan,0.0,0,0,40,0,0.0,1.0,39.0
857,1,right_lane,fixed,True,1.0,40,0,20.393957345971565,0.0,17.0,5.081030435860157,60.43033175355459,40.4303317535546,20.0,nan,0.0,0,0,40,0,0.0,0.0,40.0
858,1,right_lane,fixed,True,1.0,40,0,21.143957345971565,0.0,0.5,3.8497450161867164,61.629397667741145,41.62939766774115,20.0,nan,0.0,0,0,40,0,0.0,1.0,39.0
859,1,right_lane,fixed,True,1.0,40,0,20.893957345971565,0.5,0.5,3.6480200588703156,60.97839840434078,41.22839840434078,19.75,nan,0.0,0,0,40,0,1.0,1.0,38.0
860,1,right_lane,fixed,True,1.0,40,0,22.518957345971565,12.0,5.0,15.048351176083088,57.82844878313989,43.8284487831399,14.0,nan,0.0,0,0,40,0,10.0,6.0,24.0
861,1,right_lane,fixed,True,1.0,40,0,24.518957345970982,2.0,2.5,5.070432109561352,66.02712491448727,47.02712491448726,19.0,nan,0.0,0,0,40,0,0.0,5.0,35.0
862,1,right_lane,fixed,True,1.0,40,0,25.643957345967134,0.0,1.0,2.203365326890662,68.8303317535482,48.830331753548215,20.0,nan,0.0,0,0,40,0,0.0,0.0,40.0
863,1,right_lane,fixed,True,1.0,40,0,22.518957345971497,0.0,1.0,1.5571169636041304,63.82939832969215,43.82939832969214,20.0,nan,0.0,0,0,40,0,0.0,1.0,39.0
864,1,right_lane,fixed,True,1.0,40,0,21.893957345971565,1.5,1.5,4.257642223435141,62.07867630458175,42.82867630458174,19.25,nan,0.0,0,0,40,0,0.0,3.0,37.0
865,1,right_lane,fixed,True,1.0,40,0,20.268957345971565,0.0,3.5,4.193060889840126,60.22939651470176,40.22939651470176,20.0,nan,0.0,0,0,40,0,0.0,1.0,39.0
866,1,right_lane,fixed,True,1.0,40,0,21.768957345971565,0.0,12.5,4.210931100973767,62.63033175355451,42.63033175355451,20.0,nan,0.0,0,0,40,0,0.0,0.0,40.0
867,1,right_lane,fixed,True,1.0,40,0,22.393957345971565,13.0,10.0,16.064555808901787,57.127650719296234,43.627650719296234,13.5,nan,0.0,0,0,40,0,11.0,6.0,23.0
868,1,right_lane,fixed,True,1.0,40,0,23.393957345971565,0.0,1.5,2.6817305641268376,65.23033175355452,45.23033175355451,20.0,nan,0.0,0,0,40,0,0.0,0.0,40.0
869,1,right_lane,fixed,True,1.0,40,0,22.143957345971565,0.0,4.5,3.6348097455199877,63.23033175355452,43.230331753554495,20.0,nan,0.0,0,0,40,0,0.0,0.0,40.0
870,1,right_lane,fixed,True,1.0,40,0,21.893957345971565,8.5,1.0,11.536061398684978,58.57710564331605,42.82710564331605,15.75,nan,0.0,0,0,40,0,7.0,4.0,29.0
871,1,right_lane,fixed,True,1.0,40,0,23.768957345971565,0.0,1.0,3.4637545079912115,65.83033175355452,45.8303317535545,20.0,nan,0.0,0,0,40,0,0.0,0.0,40.0
872,1,right_lane,fixed,True,1.0,28,1,22.348510494245087,0.5,11.5,4.0151908307013855,44.430331753554505,30.430331753554494,14.0,nan,0.0,0,0,28,0,0.0,0.0,28.0
873,1,right_lane,fixed,True,1.0,40,0,22.768957345971565,11.5,13.5,15.008819565176964,57.72868622106841,43.728686221068415,14.0,nan,0.0,0,0,40,0,10.0,5.0,25.0
874,1,right_lane,fixed,True,1.0,14,1,22.91130669779397,0.5,1.5,1.9438369711861014,22.42939832689622,15.429398326896216,7.0,nan,0.0,0,0,14,0,0.0,1.0,13.0
875,1,right_lane,fixed,True,1.0,40,0,22.268957345971565,3.5,1.5,5.907414422740658,60.9288962655387,42.9288962655387,18.0,nan,0.0,0,0,40,0,4.0,1.0,35.0
876,1,right_lane,fixed,True,1.0,40,0,21.893957345971565,0.5,1.0,4.611453744975734,62.5783991088609,42.82839910886089,19.75,nan,0.0,0,0,40,0,1.0,1.0,38.0
877,1,right_lane,fixed,True,1.0,40,0,21.891789568657728,0.0,4.0,4.176840113115759,62.825929224037814,42.82592922403781,20.0,nan,0.0,0,0,40,0,0.0,1.0,39.0
878,1,right_lane,fixed,True,1.0,40,0,22.768957345971565,7.5,0.0,10.508969787530532,60.481413218022254,44.231413218022254,16.25,nan,0.0,0,0,40,0,8.0,1.0,31.0
879,1,right_lane,fixed,True,1.0,10,1,25.075803577715384,10.0,0.0,9.87728875875473,12.330321431086153,11.830321431086153,0.5,nan,0.0,0,0,10,0,10.0,0.0,0.0
880,1,right_lane,fixed,True,1.0,40,0,22.018957345971565,4.5,7.0,8.798304587425264,59.77889403182894,42.52889403182895,17.25,nan,0.0,0,0,40,0,5.0,1.0,34.0
881,1,right_lane,fixed,True,1.0,40,0,22.516504197449517,5.5,0.5,8.58792917327537,61.07496896000875,43.82496896000876,17.25,nan,0.0,0,0,40,0,6.0,1.0,33.0
882,1,right_lane,fixed,True,1.0,40,0,21.018671888689,0.0,7.0,4.05207259953022,61.43328318215359,41.4332831821536,20.0,nan,0.0,0,0,40,0,0.0,0.0,40.0
883,1,right_lane,fixed,True,1.0,40,0,24.14362858357061,12.5,5.0,15.2262674421072,60.17537862142386,46.425378621423874,13.75,nan,0.0,0,0,40,0,10.0,7.0,23.0
884,1,right_lane,fixed,True,1.0,40,0,20.268957345971565,0.0,20.0,6.834094971418381,60.230788503293404,40.2307885032934,20.0,nan,0.0,0,0,40,0,0.0,0.0,40.0
885,1,right_lane,fixed,True,1.0,40,0,21.768957345971565,0.0,11.5,4.098857096053052,62.63033175355451,42.6303317535545,20.0,nan,0.0,0,0,40,0,0.0,0.0,40.0
886,1,right_lane,fixed,True,1.0,40,0,22.018957345971565,33.5,0.5,34.06978789716959,46.28033175355451,43.030331753554506,3.25,nan,0.0,0,0,40,0,34.0,1.0,5.0
887,1,right_lane,fixed,True,1.0,40,0,20.393957345971565,0.0,20.5,6.925749778747559,60.429397666520444,40.429397666520444,20.0,nan,0.0,0,0,40,0,0.0,1.0,39.0
888,1,right_lane,fixed,True,1.0,40,0,21.893957345971565,4.0,12.5,8.517820712178946,60.828222028664484,42.82822202866449,18.0,nan,0.0,0,0,40,0,2.0,5.0,33.0
889,1,right_lane,fixed,True,1.0,40,0,21.143951657973492,3.0,6.0,7.450596861541271,60.12845571466149,41.62845571466149,18.5,nan,0.0,0,0,40,0,0.0,7.0,33.0
890,1,right_lane,fixed,True,1.0,32,1,22.054946682464458,5.5,0.5,5.93102464329786,47.67747222093065,34.42747222093065,13.25,nan,0.0,0,0,32,0,5.0,2.0,25.0
891,1,right_lane,fixed,True,1.0,40,0,21.518957345971565,0.0,13.0,5.060063059499953,61.72939832968611,41.729398329686106,20.0,nan,0.0,0,0,40,0,0.0,1.0,39.0
892,1,right_lane,fixed,True,1.0,40,0,24.12467695166469,0.0,2.0,3.4233010230891523,66.3985496987951,46.398549698795094,20.0,nan,0.0,0,0,40,0,0.0,1.0,39.0
893,1,right_lane,fixed,True,1.0,40,0,20.393957345971565,0.0,20.5,5.922635041177273,60.629846477705634,40.629846477705634,20.0,nan,0.0,0,0,40,0,0.0,1.0,39.0
894,1,right_lane,fixed,True,1.0,40,0,21.393957345971565,4.5,1.0,7.586119845509529,59.77837719018636,42.028377190186355,17.75,nan,0.0,0,0,40,0,5.0,1.0,34.0
895,1,right_lane,fixed,True,1.0,40,0,22.641497760414666,0.5,3.0,4.690035759776947,63.77446306744973,44.02446306744973,19.75,nan,0.0,0,0,40,0,1.0,1.0,38.0
896,1,right_lane,fixed,True,1.0,40,0,23.893957345971565,8.5,12.5,12.575987888837062,61.78179495536019,46.0317949553602,15.75,nan,0.0,0,0,40,0,9.0,1.0,30.0
897,1,right_lane,fixed,True,1.0,40,0,22.143957345945683,2.0,9.0,5.927646489722974,62.2293942051785,43.229394205178494,19.0,nan,0.0,0,0,40,0,0.0,4.0,36.0
898,1,right_lane,fixed,True,1.0,40,0,22.768957345749705,0.0,4.0,3.507685856151511,64.23033175323549,44.23033175323549,20.0,nan,0.0,0,0,40,0,0.0,0.0,40.0
899,1,right_lane,fixed,True,1.0,40,0,22.018957345971565,3.0,2.0,6.171264820965007,61.52891743821911,43.02891743821912,18.5,nan,0.0,0,0,40,0,3.0,2.0,35.0
900,1,right_lane,fixed,True,1.0,40,0,21.393957345971565,0.0,0.0,1.991642761377534,62.030331753554506,42.030331753554506,20.0,nan,0.0,0,0,40,0,0.0,0.0,40.0
901,1,right_lane,fixed,True,1.0,40,0,21.143957345971565,1.5,3.0,5.563198529183865,60.87870325871078,41.628703258710786,19.25,nan,0.0,0,0,40,0,0.0,4.0,36.0
902,1,right_lane,fixed,True,1.0,40,0,21.893957345971565,12.0,6.0,14.876138754189014,56.829402321331244,42.82940232133126,14.0,nan,0.0,0,0,40,0,12.0,2.0,26.0
903,1,right_lane,fixed,True,1.0,40,0,22.518957345971565,0.0,0.5,3.0496514506758103,63.82939832963661,43.8293983296366,20.0,nan,0.0,0,0,40,0,0.0,1.0,39.0
904,1,right_lane,fixed,True,1.0,40,0,21.3939573442318,0.0,4.5,3.4779251990885314,62.03033175077089,42.030331750770884,20.0,nan,0.0,0,0,40,0,0.0,0.0,40.0
905,1,right_lane,fixed,True,1.0,40,0,25.518957345971565,21.5,2.0,23.637337915599346,57.87840787977493,48.62840787977493,9.25,nan,0.0,0,0,40,0,19.0,6.0,15.0
906,1,right_lane,fixed,True,1.0,40,0,23.62500075075124,13.5,5.0,15.814095607958734,58.84668038421503,45.596680384215034,13.25,nan,0.0,0,0,40,0,9.0,10.0,21.0
907,1,right_lane,fixed,True,1.0,40,0,20.64363429760652,0.0,13.5,4.715614780783653,60.85615127933039,40.85615127933039,20.0,nan,0.0,0,0,40,0,0.0,0.0,40.0
908,1,right_lane,fixed,True,1.0,40,0,21.518957345971053,25.5,3.0,26.017270483076572,49.47886778814739,42.22886778814739,7.25,nan,0.0,0,0,40,0,26.0,1.0,13.0
909,1,right_lane,fixed,True,1.0,40,0,21.018957345971565,0.0,5.0,4.314212041939754,61.429397667740645,41.42939766774065,20.0,nan,0.0,0,0,40,0,0.0,1.0,39.0
910,1,right_lane,fixed,True,1.0,40,0,23.768957345971565,0.0,3.0,2.218318407962215,65.82939766774113,45.82939766774114,20.0,nan,0.0,0,0,40,0,0.0,1.0,39.0
911,1,right_lane,fixed,True,1.0,40,0,20.643957345941903,0.0,4.0,3.9684504102915525,60.830331753507046,40.830331753507046,20.0,nan,0.0,0,0,40,0,0.0,0.0,40.0
912,1,right_lane,fixed,True,1.0,40,0,20.893957345971565,0.0,13.0,5.049547362399608,61.229397667783026,41.22939766778304,20.0,nan,0.0,0,0,40,0,0.0,1.0,39.0
913,1,right_lane,fixed,True,1.0,40,0,23.393957345971565,7.5,1.0,10.58719111699611,61.47889399254946,45.22889399254946,16.25,nan,0.0,0,0,40,0,8.0,1.0,31.0
914,1,right_lane,fixed,True,1.0,40,0,24.143957345971565,10.5,0.0,13.146688644308597,61.1783778513026,46.42837785130259,14.75,nan,0.0,0,0,40,0,11.0,1.0,28.0
915,1,right_lane,fixed,True,1.0,40,0,25.51895734597104,10.0,0.0,11.927507364827761,63.62846229936009,48.62846229936009,15.0,nan,0.0,0,0,40,0,8.0,6.0,26.0
916,1,right_lane,fixed,True,1.0,40,0,22.768957345971565,0.5,9.5,4.614337996281392,63.97839840304466,44.22839840304466,19.75,nan,0.0,0,0,40,0,1.0,1.0,38.0
917,1,right_lane,fixed,True,1.0,40,0,22.018909202470194,0.0,5.5,4.023575866294323,63.02932063813964,43.02932063813964,20.0,nan,0.0,0,0,40,0,0.0,1.0,39.0
918,1,right_lane,fixed,True,1.0,40,0,23.25004329209972,0.0,2.0,3.1097789299055876,65.00013615314583,45.00013615314581,20.0,nan,0.0,0,0,40,0,0.0,0.0,40.0
919,1,right_lane,fixed,True,1.0,25,1,22.830331753548244,8.0,2.5,9.950160417705774,36.4060211719501,27.656021171950098,8.75,nan,0.0,0,0,25,0,8.0,1.0,16.0
920,1,right_lane,fixed,True,1.0,39,1,21.686110098432373,0.0,1.5,1.6734785815451687,60.180331753554505,40.930331753554505,19.25,nan,0.0,0,0,39,0,0.0,0.0,39.0
921,1,right_lane,fixed,True,1.0,40,0,21.893957344482878,0.0,9.0,3.7463881705116364,62.330331751172594,42.330331751172615,20.0,nan,0.0,0,0,40,0,0.0,0.0,40.0
922,1,right_lane,fixed,True,1.0,38,1,23.309428785233223,0.0,0.0,0.9181895857357176,61.83033175562273,42.83033175562274,19.0,nan,0.0,0,0,38,0,0.0,0.0,38.0
923,1,right_lane,fixed,True,1.0,40,0,22.268957345971565,0.5,14.0,5.341292302306101,62.678399108860894,42.9283991088609,19.75,nan,0.0,0,0,40,0,1.0,1.0,38.0
924,1,right_lane,fixed,True,1.0,40,0,21.143957345971565,0.0,0.5,2.6858448790596867,61.6303317535545,41.63033175355451,20.0,nan,0.0,0,0,40,0,0.0,0.0,40.0
925,1,right_lane,fixed,True,1.0,40,0,20.768957345971565,3.0,1.5,6.602227307856083,59.52899122942999,41.028991229429984,18.5,nan,0.0,0,0,40,0,0.0,7.0,33.0
926,1,right_lane,fixed,True,1.0,40,0,23.26895163216143,15.5,6.0,18.06374734979272,57.52756476525341,45.02756476525341,12.5,nan,0.0,0,0,40,0,13.0,6.0,21.0
927,1,right_lane,fixed,True,1.0,40,0,21.643957345971565,6.5,3.0,9.877613395156004,58.92847900286141,42.428479002861415,16.5,nan,0.0,0,0,40,0,7.0,1.0,32.0
928,1,right_lane,fixed,True,1.0,40,0,21.393957345971558,25.0,6.5,25.498873740434647,49.528067901700126,42.02806790170011,7.5,nan,0.0,0,0,40,0,25.0,2.0,13.0
929,1,right_lane,fixed,True,1.0,40,0,21.51891975488909,0.0,3.0,3.3605068267843308,62.23027160782255,42.23027160782255,20.0,nan,0.0,0,0,40,0,0.0,0.0,40.0
930,1,right_lane,fixed,True,1.0,40,0,24.143957345971565,14.0,0.5,16.080194547772408,59.42873902593531,46.4287390259353,13.0,nan,0.0,0,0,40,0,14.0,2.0,24.0
931,1,right_lane,fixed,True,1.0,40,0,22.268957334666844,1.5,5.5,5.365336625291093,62.679623540240826,43.42962354024082,19.25,nan,0.0,0,0,40,0,0.0,4.0,36.0
932,1,right_lane,fixed,True,1.0,40,0,21.268957345971565,0.0,7.5,3.3799162358500325,61.82939834539174,41.829398345391745,20.0,nan,0.0,0,0,40,0,0.0,1.0,39.0
933,1,right_lane,fixed,True,1.0,40,0,20.643957345971565,0.0,5.5,3.892713417299092,60.8303317535545,40.8303317535545,20.0,nan,0.0,0,0,40,0,0.0,0.0,40.0
934,1,right_lane,fixed,True,1.0,40,0,22.643957345971565,5.0,7.0,8.919933486026821,61.52822218676626,44.028222186766264,17.5,nan,0.0,0,0,40,0,2.0,7.0,31.0
935,1,right_lane,fixed,True,1.0,40,0,23.268957345971508,9.5,2.5,12.59118950569291,60.278377144364676,45.028377144364676,15.25,nan,0.0,0,0,40,0,10.0,1.0,29.0
936,1,right_lane,fixed,True,1.0,40,0,22.518951743818675,0.0,2.5,2.8688190364650836,63.83032279010997,43.830322790109975,20.0,nan,0.0,0,0,40,0,0.0,0.0,40.0
937,1,right_lane,fixed,True,1.0,40,0,23.768957345967713,29.5,5.5,29.621480628848076,51.07854998096629,45.82854998096629,5.25,nan,0.0,0,0,40,0,30.0,1.0,9.0
938,1,right_lane,fixed,True,1.0,40,0,22.643956595220324,11.0,-0.5,12.595521044335328,58.52746081954237,44.02746081954237,14.5,nan,0.0,0,0,40,0,10.0,3.0,27.0
939,1,right_lane,fixed,True,1.0,40,0,21.268957345971565,1.5,3.5,5.6468267067248235,61.07846331268458,41.82846331268458,19.25,nan,0.0,0,0,40,0,0.0,4.0,36.0
940,1,right_lane,fixed,True,1.0,40,0,22.643957345971565,6.0,7.5,9.995470069348812,61.02939762650544,44.029397626505435,17.0,nan,0.0,0,0,40,0,0.0,13.0,27.0
941,1,right_lane,fixed,True,1.0,40,0,21.268957345971565,23.0,4.0,24.474777683615685,50.32963839496091,41.82963839496091,8.5,nan,0.0,0,0,40,0,22.0,3.0,15.0
942,1,right_lane,fixed,True,1.0,40,0,23.000328749382295,2.5,10.5,6.333945213765219,63.598590727966126,44.598590727966126,19.0,nan,0.0,0,0,40,0,1.0,4.0,35.0
943,1,right_lane,fixed,True,1.0,40,0,21.643957345971565,0.0,4.5,4.09331986037796,62.37987502189975,42.629875021899736,19.75,nan,0.0,0,0,40,0,0.0,0.0,40.0
944,1,right_lane,fixed,True,1.0,40,0,21.268957345971565,0.0,0.5,3.2252933550398666,61.82939766774182,41.82939766774184,20.0,nan,0.0,0,0,40,0,0.0,1.0,39.0
945,1,right_lane,fixed,True,1.0,40,0,22.643957260122978,0.5,5.0,4.326550153912649,63.77839703912723,44.02839703912721,19.75,nan,0.0,0,0,40,0,1.0,1.0,38.0
946,1,right_lane,fixed,True,1.0,40,0,22.768957345971565,7.0,4.0,10.100426833927486,60.72751342701938,44.22751342701938,16.5,nan,0.0,0,0,40,0,0.0,15.0,25.0
947,1,right_lane,fixed,True,1.0,40,0,21.018957345971565,0.0,1.5,3.118698377162218,61.4303317535545,41.430331753554505,20.0,nan,0.0,0,0,40,0,0.0,0.0,40.0
948,1,right_lane,fixed,True,1.0,40,0,20.268957345971565,0.0,19.0,7.867107726633549,60.2303317535545,40.2303317535545,20.0,nan,0.0,0,0,40,0,0.0,0.0,40.0
949,1,right_lane,fixed,True,1.0,40,0,22.39362860960845,2.0,4.0,6.397705374536599,62.62693889949759,43.626938899497596,19.0,nan,0.0,0,0,40,0,1.0,4.0,35.0
950,1,right_lane,fixed,True,1.0,40,0,20.518957345971565,0.0,2.0,3.625735905021429,60.630788467119054,40.63078846711906,20.0,nan,0.0,0,0,40,0,0.0,0.0,40.0
951,1,right_lane,fixed,True,1.0,40,0,21.89395734574971,0.0,2.0,3.8514793347867453,62.83033175319952,42.83033175319952,20.0,nan,0.0,0,0,40,0,0.0,0.0,40.0
952,1,right_lane,fixed,True,1.0,40,0,22.393957345971565,0.0,0.0,2.422502112635584,63.630331753862734,43.63033175386273,20.0,nan,0.0,0,0,40,0,0.0,0.0,40.0
953,1,right_lane,fixed,True,1.0,40,0,21.518957345971565,4.0,8.0,8.490228600800037,60.22787475454024,42.22787475454024,18.0,nan,0.0,0,0,40,0,1.0,8.0,31.0
954,1,right_lane,fixed,True,1.0,37,1,21.912386319969247,0.0,1.0,3.527929193805903,58.1293983296861,39.6293983296861,18.5,nan,0.0,0,0,37,0,0.0,1.0,36.0
955,1,right_lane,fixed,True,1.0,40,0,21.768957345971565,0.5,11.5,5.271712098270655,61.8783991088609,42.1283991088609,19.75,nan,0.0,0,0,40,0,1.0,1.0,38.0
956,1,right_lane,fixed,True,1.0,40,0,22.143957345971565,0.5,12.0,5.422771992387254,62.9783991088609,43.22839910886089,19.75,nan,0.0,0,0,40,0,1.0,1.0,38.0
957,1,right_lane,fixed,True,1.0,40,0,22.643957344031914,9.0,9.5,13.305626675486565,59.52732190176221,44.027321901762214,15.5,nan,0.0,0,0,40,0,7.0,6.0,27.0
958,1,right_lane,fixed,True,1.0,40,0,21.768957345971565,0.0,0.5,4.189468923450477,62.62939833238086,42.62939833238086,20.0,nan,0.0,0,0,40,0,0.0,1.0,39.0
959,1,right_lane,fixed,True,1.0,40,0,20.89395734426102,0.0,1.5,3.7754321407919633,61.22939766500308,41.22939766500308,20.0,nan,0.0,0,0,40,0,0.0,1.0,39.0
960,1,right_lane,fixed,True,1.0,40,0,21.768957345971565,0.5,0.5,4.3610261984813405,62.37839911123736,42.62839911123735,19.75,nan,0.0,0,0,40,0,1.0,1.0,38.0
961,1,right_lane,fixed,True,1.0,40,0,22.393957345971565,0.5,1.5,2.929363775307138,63.3783991088609,43.628399108860904,19.75,nan,0.0,0,0,40,0,1.0,1.0,38.0
962,1,right_lane,fixed,True,1.0,14,1,22.55416384017447,0.0,1.0,0.5834148245430697,22.2303317504977,15.230331750497703,7.0,nan,0.0,0,0,14,0,0.0,0.0,14.0
963,1,right_lane,fixed,True,1.0,40,0,20.643957345971565,0.0,0.5,3.1549443900585175,60.3303317535545,40.3303317535545,20.0,nan,0.0,0,0,40,0,0.0,0.0,40.0
964,1,right_lane,fixed,True,1.0,40,0,22.143957345971565,4.0,14.5,8.469287805822205,61.22619534003283,43.226195340032824,18.0,nan,0.0,0,0,40,0,2.0,5.0,33.0
965,1,right_lane,fixed,True,1.0,40,0,23.893957345971565,13.5,9.0,16.1931956037879,59.278393352732216,46.02839335273221,13.25,nan,0.0,0,0,40,0,6.0,16.0,18.0
966,1,right_lane,fixed,True,1.0,40,0,21.643957345971565,0.0,8.5,4.222262474265335,62.429397668430724,42.429397668430724,20.0,nan,0.0,0,0,40,0,0.0,1.0,39.0
967,1,right_lane,fixed,True,1.0,40,0,21.893957345971554,2.5,0.5,6.135257167023383,61.57744721526497,42.82744721526497,18.75,nan,0.0,0,0,40,0,1.0,5.0,34.0
968,1,right_lane,fixed,True,1.0,40,0,23.00000001279347,12.5,4.5,15.26768411649391,58.84529603923427,44.59529603923427,14.25,nan,0.0,0,0,40,0,9.0,7.0,24.0
969,1,right_lane,fixed,True,1.0,40,0,21.76895174381816,0.0,3.0,3.926846878818651,62.329387533482354,42.829387533482354,19.5,nan,0.0,0,0,40,0,0.0,1.0,39.0
970,1,right_lane,fixed,True,1.0,40,0,20.393957345971565,5.5,12.5,9.958681426942348,57.67899885460469,40.4289988546047,17.25,nan,0.0,0,0,40,0,4.0,5.0,31.0
971,1,right_lane,fixed,True,1.0,40,0,21.75249644062177,10.0,5.5,12.636507995426655,57.60119965502882,42.60119965502882,15.0,nan,0.0,0,0,40,0,9.0,3.0,28.0
972,1,right_lane,fixed,True,1.0,40,0,23.268957345971565,6.5,2.0,8.858206678053648,62.149088238599425,45.399088238599425,16.75,nan,0.0,0,0,40,0,7.0,1.0,32.0
973,1,right_lane,fixed,True,1.0,40,0,23.518957345971565,17.5,0.0,19.49792629480362,56.67837904534218,45.428379045342176,11.25,nan,0.0,0,0,40,0,18.0,1.0,21.0
974,1,right_lane,fixed,True,1.0,40,0,23.518957345775522,11.5,1.5,14.198011294931348,59.67847104552282,45.42847104552282,14.25,nan,0.0,0,0,40,0,12.0,1.0,27.0
975,1,right_lane,fixed,True,1.0,40,0,22.76895239570556,0.0,3.5,4.061997585453355,64.22939040953287,44.229390409532854,20.0,nan,0.0,0,0,40,0,0.0,1.0,39.0
976,1,right_lane,fixed,True,1.0,40,0,23.268914152736198,0.0,8.5,3.7242302219642625,65.20393207322485,45.20393207322484,20.0,nan,0.0,0,0,40,0,0.0,0.0,40.0
977,1,right_lane,fixed,True,1.0,40,0,21.018957345971565,0.0,2.5,3.2635934427089524,61.430391761934175,41.430391761934175,20.0,nan,0.0,0,0,40,0,0.0,0.0,40.0
978,1,right_lane,fixed,True,1.0,40,0,22.143951657973492,0.0,7.0,3.8008801228434095,63.230322652757586,43.2303226527576,20.0,nan,0.0,0,0,40,0,0.0,0.0,40.0
979,1,right_lane,fixed,True,1.0,40,0,22.268957345971565,24.0,2.0,25.087044037878513,51.430339655891636,43.430339655891636,8.0,nan,0.0,0,0,40,0,22.0,6.0,12.0
980,1,right_lane,fixed,True,1.0,40,0,20.518957345971565,0.0,5.5,4.589017249643803,60.62939651470175,40.62939651470176,20.0,nan,0.0,0,0,40,0,0.0,1.0,39.0
981,1,right_lane,fixed,True,1.0,40,0,21.643957345971565,0.0,12.5,5.068521123848882,62.42939832968611,42.4293983296861,20.0,nan,0.0,0,0,40,0,0.0,1.0,39.0
982,1,right_lane,fixed,True,1.0,40,0,20.893957345971565,0.0,3.5,3.900045312881957,61.2293983296861,41.2293983296861,20.0,nan,0.0,0,0,40,0,0.0,1.0,39.0
983,1,right_lane,fixed,True,1.0,40,0,22.39395239396195,0.0,8.0,3.6863555089225883,63.803986381779445,43.803986381779445,20.0,nan,0.0,0,0,40,0,0.0,0.0,40.0
984,1,right_lane,fixed,True,1.0,40,0,21.268957345971565,0.0,9.5,5.014206513762474,61.8294052095151,41.8294052095151,20.0,nan,0.0,0,0,40,0,0.0,1.0,39.0
985,1,right_lane,fixed,True,1.0,40,0,21.3939573459419,0.0,0.5,2.874521728605032,62.03033175350704,42.03033175350705,20.0,nan,0.0,0,0,40,0,0.0,0.0,40.0
986,1,right_lane,fixed,True,1.0,40,0,24.018951743818675,12.5,3.5,14.717007260836908,59.97745389206671,46.22745389206671,13.75,nan,0.0,0,0,40,0,12.0,2.0,26.0
987,1,right_lane,fixed,True,1.0,40,0,20.893957345971565,0.5,0.5,4.89370259642601,60.97840618741409,41.22840618741409,19.75,nan,0.0,0,0,40,0,1.0,1.0,38.0
988,1,right_lane,fixed,True,1.0,40,0,21.768957345971565,3.0,1.5,7.0012242360014625,61.12933235445975,42.62933235445975,18.5,nan,0.0,0,0,40,0,1.0,6.0,33.0
989,1,right_lane,fixed,True,1.0,40,0,22.893957345971565,0.0,1.5,3.449046143320629,64.42939766843072,44.42939766843071,20.0,nan,0.0,0,0,40,0,0.0,1.0,39.0
990,1,right_lane,fixed,True,1.0,40,0,21.143957345941843,0.0,7.0,2.7285770205890003,61.630331753506944,41.630331753506944,20.0,nan,0.0,0,0,40,0,0.0,0.0,40.0
991,1,right_lane,fixed,True,1.0,40,0,21.516789654732076,1.5,6.0,6.195467929821461,61.474930098398886,42.22493009839888,19.25,nan,0.0,0,0,40,0,2.0,1.0,37.0
992,1,right_lane,fixed,True,1.0,40,0,22.893957345971565,5.5,6.0,9.167098519188585,61.6819055719751,44.43190557197511,17.25,nan,0.0,0,0,40,0,6.0,1.0,33.0
993,1,right_lane,fixed,True,1.0,18,1,24.20879410159124,0.5,4.5,2.223786117193413,29.8303317531457,20.830331753145703,9.0,nan,0.0,0,0,18,0,0.0,0.0,18.0
994,1,right_lane,fixed,True,1.0,40,0,21.393957345971565,0.0,7.5,4.676651813904755,61.279397667741144,41.529397667741144,19.75,nan,0.0,0,0,40,0,0.0,1.0,39.0
995,1,right_lane,fixed,True,1.0,40,0,20.393957345971565,0.0,1.0,3.390998724848032,60.430331753554505,40.430331753554505,20.0,nan,0.0,0,0,40,0,0.0,0.0,40.0
996,1,right_lane,fixed,True,1.0,40,0,21.268957345971565,4.5,9.0,8.840534117891366,59.57853680474925,41.828536804749255,17.75,nan,0.0,0,0,40,0,5.0,1.0,34.0
997,1,right_lane,fixed,True,1.0,40,0,21.766466606367043,0.0,2.0,3.3418086913225125,62.62634657018727,42.626346570187266,20.0,nan,0.0,0,0,40,0,0.0,0.0,40.0
998,1,right_lane,fixed,True,1.0,40,0,21.518957345971565,0.0,6.5,4.483140190062841,62.23285871524365,42.23285871524365,20.0,nan,0.0,0,0,40,0,0.0,1.0,39.0
999,1,right_lane,fixed,True,1.0,40,0,22.643957345971554,5.0,1.5,8.419528365135193,61.5258922118506,44.0258922118506,17.5,nan,0.0,0,0,40,0,2.0,7.0,31.0
