episode_id,policy_freq,profile,method,filter,value,episode_length,collision,mean_speed,total_cost,total_avoided_cost,total_expected_cost,total_reward,total_basic_reward,total_added_reward,mean_iterations_to_converge,convergence_rate,outcome_unchanged_count,outcome_naively_augmented_count,outcome_rcps_augmented_count,outcome_projection_count,lane_0_time,lane_1_time,lane_2_time
0,1,right_lane,adaptive,False,0.05,40,0,21.51895734428684,0.5,5.0,4.650711678536027,61.478398401643936,42.22839840164393,19.25,18.0,1.0,0,0,37,3,1.0,1.0,38.0
1,1,right_lane,adaptive,False,0.05,40,0,21.12749644062177,3.5,10.0,8.729532308876514,59.85214088514219,41.60214088514219,18.25,18.0,1.0,0,0,39,1,1.0,7.0,32.0
2,1,right_lane,adaptive,False,0.05,40,0,20.768957345971565,0.0,0.5,0.8450704802044129,61.05320089613101,41.05320089613101,20.0,18.0,1.0,0,0,10,30,0.0,0.0,40.0
3,1,right_lane,adaptive,False,0.05,40,0,21.3939566082395,0.0,8.0,3.695234838014585,62.03033057318319,42.0303305731832,20.0,18.0,1.0,0,0,37,3,0.0,0.0,40.0
4,1,right_lane,adaptive,False,0.05,40,0,21.018919754889087,0.0,1.0,3.8306188029700934,61.429338546940656,41.42933854694065,20.0,18.0,1.0,0,0,35,5,0.0,1.0,39.0
5,1,right_lane,adaptive,False,0.05,40,0,23.0189509930675,0.5,1.5,4.276691382124227,64.37844046573316,44.62844046573316,19.75,18.0,1.0,0,0,34,6,1.0,1.0,38.0
6,1,right_lane,adaptive,False,0.05,40,0,21.768951743818228,0.5,6.5,4.842592017510469,62.378397039131855,42.628397039131855,19.75,18.0,1.0,0,0,38,2,1.0,1.0,38.0
7,1,right_lane,adaptive,False,0.05,40,0,20.518957345971565,0.0,9.0,4.60807591676712,60.62940545081388,40.62940545081388,20.0,18.0,1.0,0,0,40,0,0.0,1.0,39.0
8,1,right_lane,adaptive,False,0.05,40,0,21.893957345971565,0.5,2.0,4.060710616698998,62.578398404340774,42.82839840434077,19.75,18.0,1.0,0,0,37,3,1.0,1.0,38.0
9,1,right_lane,adaptive,False,0.05,40,0,21.893957345971565,3.5,2.0,7.222266458273225,61.07846110750836,42.82846110750837,18.25,18.0,1.0,0,0,29,11,1.0,6.0,33.0
10,1,right_lane,adaptive,False,0.05,40,0,22.268957345971565,0.0,0.5,1.8422927508163411,63.4303317535545,43.430331753554505,20.0,18.0,1.0,0,0,21,19,0.0,0.0,40.0
11,1,right_lane,adaptive,False,0.05,40,0,21.393914055586297,0.5,4.5,5.010935503989458,61.77832791186854,42.02832791186854,19.75,18.0,1.0,0,0,40,0,1.0,1.0,38.0
12,1,right_lane,adaptive,False,0.05,40,0,22.268957345971565,2.0,5.5,6.064446199213307,62.426818877184,43.426818877184,19.0,18.0,1.0,0,0,37,3,1.0,4.0,35.0
13,1,right_lane,adaptive,False,0.05,40,0,22.768957345971486,0.5,1.0,3.614006608003592,63.97893652082504,44.22893652082503,19.75,18.0,1.0,0,0,37,3,0.0,1.0,39.0
14,1,right_lane,adaptive,False,0.05,40,0,21.393957345971565,0.0,6.0,3.672490268945694,62.030331753554606,42.030331753554606,20.0,18.0,1.0,0,0,39,1,0.0,0.0,40.0
15,1,right_lane,adaptive,False,0.05,40,0,21.01895659544609,0.5,4.0,4.84317954017024,61.178395975644214,41.42839597564421,19.75,18.0,1.0,0,0,38,2,1.0,1.0,38.0
16,1,right_lane,adaptive,False,0.05,40,0,21.768957345971554,0.5,8.0,4.243992287666515,62.37839944777864,42.62839944777865,19.75,18.0,1.0,0,0,28,12,1.0,1.0,38.0
17,1,right_lane,adaptive,False,0.05,40,0,23.143957345971565,0.5,8.5,4.490393891878739,64.5783991088609,44.82839910886091,19.75,18.0,1.0,0,0,31,9,1.0,1.0,38.0
18,1,right_lane,adaptive,False,0.05,19,1,24.776752099171972,0.5,0.0,1.0440926465998928,31.930331595370706,22.430331595370706,9.5,18.0,1.0,0,0,11,8,0.0,0.0,19.0
19,1,right_lane,adaptive,False,0.05,10,1,21.07582937702842,0.0,5.0,1.6985967755317688,14.480331750811368,9.73033175081137,4.75,18.0,1.0,0,0,10,0,0.0,0.0,10.0
20,1,right_lane,adaptive,False,0.05,40,0,21.768957345941836,1.0,8.5,5.684929994517006,61.62804908810769,42.12804908810768,19.5,18.0,1.0,0,0,38,2,1.0,2.0,37.0
21,1,right_lane,adaptive,False,0.05,40,0,21.14395723434353,0.5,4.0,4.476754626244656,61.37839699792141,41.62839699792141,19.75,18.0,1.0,0,0,38,2,1.0,1.0,38.0
22,1,right_lane,adaptive,False,0.05,40,0,22.893957345971565,6.0,9.0,10.661472011357546,61.42513241695404,44.425132416954035,17.0,18.0,1.0,0,0,40,0,3.0,8.0,29.0
23,1,right_lane,adaptive,False,0.05,40,0,21.018957345971565,0.0,1.5,3.809785973069893,61.4303317535545,41.430331753554505,20.0,18.0,1.0,0,0,39,1,0.0,0.0,40.0
24,1,right_lane,adaptive,False,0.05,40,0,21.26895733124236,0.0,9.5,3.9258919508095005,61.82939649113504,41.82939649113504,20.0,18.0,1.0,0,0,38,2,0.0,1.0,39.0
25,1,right_lane,adaptive,False,0.05,40,0,20.893957345971565,0.0,9.5,4.4650467820465565,61.23033177401779,41.23033177401779,20.0,18.0,1.0,0,0,40,0,0.0,0.0,40.0
26,1,right_lane,adaptive,False,0.05,28,1,21.277081922816514,0.5,5.5,3.257658118802283,43.2303317535545,29.230331753554502,14.0,18.0,1.0,0,0,26,2,0.0,0.0,28.0
27,1,right_lane,adaptive,False,0.05,40,0,21.12749644062177,0.0,16.0,4.885331258177757,60.85306021987104,41.10306021987105,19.75,18.0,1.0,0,0,40,0,0.0,1.0,39.0
28,1,right_lane,adaptive,False,0.05,40,0,21.893957345971565,0.0,1.0,2.638877360852348,63.02686344757135,43.02686344757134,20.0,18.0,1.0,0,0,34,6,0.0,0.0,40.0
29,1,right_lane,adaptive,False,0.05,40,0,20.893957345971565,0.5,6.5,5.185349054634571,60.97839840434078,41.22839840434077,19.75,18.0,1.0,0,0,40,0,1.0,1.0,38.0
30,1,right_lane,adaptive,False,0.05,40,0,23.518957345971565,0.0,0.0,2.417275256211724,65.4303317535545,45.430331753554505,20.0,18.0,1.0,0,0,34,6,0.0,0.0,40.0
31,1,right_lane,adaptive,False,0.05,40,0,24.997551704594578,13.5,6.5,17.20201656781137,61.04166597999771,47.79166597999771,13.25,18.0,1.0,0,0,39,1,7.0,14.0,19.0
32,1,right_lane,adaptive,False,0.05,40,0,24.018957345971565,11.5,0.5,13.245850633284135,60.508654285860125,46.258654285860125,14.25,18.0,1.0,0,0,28,12,11.0,3.0,26.0
33,1,right_lane,adaptive,False,0.05,40,0,20.518957345971565,0.0,4.5,4.697209149599075,60.629397667739944,40.629397667739944,20.0,18.0,1.0,0,0,40,0,0.0,1.0,39.0
34,1,right_lane,adaptive,False,0.05,40,0,23.518957345971113,2.0,4.5,6.036873164060353,64.42799392852466,45.42799392852466,19.0,18.0,1.0,0,0,37,3,0.0,5.0,35.0
35,1,right_lane,adaptive,False,0.05,5,1,21.15161315963453,0.0,2.5,0.8991883844137192,7.53032263192753,5.03032263192753,2.5,18.0,1.0,0,0,5,0,0.0,0.0,5.0
36,1,right_lane,adaptive,False,0.05,40,0,21.752495691584983,0.0,2.0,3.299827500082756,62.1040010269616,42.10400102696159,20.0,18.0,1.0,0,0,39,1,0.0,0.0,40.0
37,1,right_lane,adaptive,False,0.05,40,0,23.268957345971494,0.5,12.0,5.130847943538811,64.97493184351472,45.22493184351472,19.75,18.0,1.0,0,0,36,4,1.0,1.0,38.0
38,1,right_lane,adaptive,False,0.05,40,0,21.268957345971565,0.0,6.0,4.024512875395885,61.830331753554596,41.83033175355459,20.0,18.0,1.0,0,0,38,2,0.0,0.0,40.0
39,1,right_lane,adaptive,False,0.05,40,0,21.76895733466685,0.0,6.5,4.3678765840745655,62.629398311598564,42.62939831159856,20.0,18.0,1.0,0,0,38,2,0.0,1.0,39.0
40,1,right_lane,adaptive,False,0.05,40,0,21.89395734597149,2.5,15.0,7.8157644388829794,61.57898628919177,42.82898628919177,18.75,18.0,1.0,0,0,37,3,0.0,5.0,35.0
41,1,right_lane,adaptive,False,0.05,16,1,20.98489336492874,0.0,4.0,2.2138575986027718,24.4303317535545,16.4303317535545,8.0,18.0,1.0,0,0,16,0,0.0,0.0,16.0
42,1,right_lane,adaptive,False,0.05,40,0,22.518957345971565,3.5,7.5,7.769928889349103,61.8283991088609,43.3283991088609,18.5,18.0,1.0,0,0,36,4,1.0,6.0,33.0
43,1,right_lane,adaptive,False,0.05,40,0,22.64395734428684,0.0,12.0,3.9976886370968714,63.779398326990545,44.02939832699053,19.75,18.0,1.0,0,0,33,7,0.0,1.0,39.0
44,1,right_lane,adaptive,False,0.05,40,0,21.643957345971565,1.5,3.0,5.72357919287424,61.677516746793216,42.42751674679324,19.25,18.0,1.0,0,0,38,2,0.0,4.0,36.0
45,1,right_lane,adaptive,False,0.05,40,0,22.518956679580736,10.0,10.5,15.121438858182955,58.827547390294725,43.827547390294725,15.0,18.0,1.0,0,0,34,6,0.0,21.0,19.0
46,1,right_lane,adaptive,False,0.05,40,0,22.143957345971565,1.5,5.5,5.828115927102772,62.4777589230513,43.2277589230513,19.25,18.0,1.0,0,0,38,2,0.0,4.0,36.0
47,1,right_lane,adaptive,False,0.05,40,0,22.268957345971565,0.5,0.0,4.302285178191596,63.178399108860894,43.4283991088609,19.75,18.0,1.0,0,0,37,3,1.0,1.0,38.0
48,1,right_lane,adaptive,False,0.05,40,0,20.393957345971565,0.5,15.0,5.98337359726429,60.17839717648496,40.42839717648496,19.75,18.0,1.0,0,0,40,0,1.0,1.0,38.0
49,1,right_lane,adaptive,False,0.05,40,0,22.752453247386406,8.0,3.0,11.798191654204857,60.20392517225123,44.20392517225123,16.0,18.0,1.0,0,0,37,3,0.0,17.0,23.0
50,1,right_lane,adaptive,False,0.05,40,0,22.643957345971565,2.0,10.0,6.325835415675556,63.05159966507168,44.05159966507167,19.0,18.0,1.0,0,0,38,2,0.0,4.0,36.0
51,1,right_lane,adaptive,False,0.05,40,0,22.643957345971565,4.0,12.0,8.443864475793589,62.02844969429218,44.02844969429218,18.0,18.0,1.0,0,0,34,6,0.0,8.0,32.0
52,1,right_lane,adaptive,False,0.05,21,1,20.75039494470774,0.5,11.0,5.198134168982506,31.678397176484957,21.428397176484957,10.25,18.0,1.0,0,0,21,0,1.0,1.0,19.0
53,1,right_lane,adaptive,False,0.05,19,1,20.829383886255922,0.0,7.0,2.6004857271909714,28.430331753554505,18.930331753554505,9.5,18.0,1.0,0,0,19,0,0.0,0.0,19.0
54,1,right_lane,adaptive,False,0.05,40,0,22.393957345971565,0.0,1.0,3.5010626925284214,63.13033175355449,43.1303317535545,20.0,18.0,1.0,0,0,37,3,0.0,0.0,40.0
55,1,right_lane,adaptive,False,0.05,40,0,22.518957345971565,0.5,5.5,4.563425576499867,63.578399108860886,43.82839910886088,19.75,18.0,1.0,0,0,35,5,1.0,1.0,38.0
56,1,right_lane,adaptive,False,0.05,40,0,21.143957345945747,0.5,7.0,5.253173649311066,61.37839717644364,41.62839717644364,19.75,18.0,1.0,0,0,40,0,1.0,1.0,38.0
57,1,right_lane,adaptive,False,0.05,40,0,20.75249644062177,0.0,1.0,3.4440364129841328,61.003060219217346,41.003060219217346,20.0,18.0,1.0,0,0,40,0,0.0,1.0,39.0
58,1,right_lane,adaptive,False,0.05,40,0,20.393957345971565,0.0,0.0,3.847062051296234,60.45320089613101,40.45320089613101,20.0,18.0,1.0,0,0,40,0,0.0,0.0,40.0
59,1,right_lane,adaptive,False,0.05,40,0,21.516504195735575,0.5,7.0,5.323850907385349,61.974472136107366,42.224472136107366,19.75,18.0,1.0,0,0,40,0,1.0,1.0,38.0
60,1,right_lane,adaptive,False,0.05,40,0,21.643957345971565,0.0,0.5,2.95872393429363,62.43280649231849,42.43280649231849,20.0,18.0,1.0,0,0,38,2,0.0,1.0,39.0
61,1,right_lane,adaptive,False,0.05,40,0,22.768957345971565,5.0,3.0,8.420850110473111,61.72839497379011,44.2283949737901,17.5,18.0,1.0,0,0,38,2,2.0,7.0,31.0
62,1,right_lane,adaptive,False,0.05,40,0,22.268957345971565,0.5,4.5,4.526154659191889,63.17839840434078,43.42839840434078,19.75,18.0,1.0,0,0,39,1,1.0,1.0,38.0
63,1,right_lane,adaptive,False,0.05,40,0,23.018957345971565,7.0,15.5,11.919260183494771,61.12939488823197,44.62939488823196,16.5,18.0,1.0,0,0,38,2,1.0,14.0,25.0
64,1,right_lane,adaptive,False,0.05,40,0,21.643957345971565,2.0,4.5,5.802777498312935,61.429639938752445,42.429639938752445,19.0,18.0,1.0,0,0,33,7,0.0,4.0,36.0
65,1,right_lane,adaptive,False,0.05,33,1,23.81085738905644,0.0,9.5,3.952912282106354,54.3293983296861,37.82939832968611,16.5,18.0,1.0,0,0,28,5,0.0,1.0,32.0
66,1,right_lane,adaptive,False,0.05,28,1,21.634224779959375,0.5,9.0,4.681478531540051,42.878398404340764,29.12839840434078,13.75,18.0,1.0,0,0,25,3,1.0,1.0,26.0
67,1,right_lane,adaptive,False,0.05,40,0,21.143957345971565,0.0,3.0,3.7911420315504074,61.12939766843067,41.12939766843068,20.0,18.0,1.0,0,0,40,0,0.0,1.0,39.0
68,1,right_lane,adaptive,False,0.05,40,0,25.266504197445606,6.5,6.0,10.133413572411882,64.97381773138417,48.22381773138417,16.75,18.0,1.0,0,0,33,7,0.0,14.0,26.0
69,1,right_lane,adaptive,False,0.05,40,0,20.643957345971565,0.5,1.0,4.315757259726524,60.581806564596135,40.831806564596135,19.75,18.0,1.0,0,0,40,0,1.0,1.0,38.0
70,1,right_lane,adaptive,False,0.05,40,0,20.768957345971565,0.5,17.0,6.152665264904499,60.77839910880876,41.02839910880877,19.75,18.0,1.0,0,0,40,0,1.0,1.0,38.0
71,1,right_lane,adaptive,False,0.05,40,0,22.268957345971057,0.5,3.0,4.520663284393777,63.17839910886008,43.428399108860084,19.75,18.0,1.0,0,0,39,1,1.0,1.0,38.0
72,1,right_lane,adaptive,False,0.05,40,0,21.518957344482878,0.0,5.5,4.043520248090317,62.40306021557957,42.40306021557957,20.0,18.0,1.0,0,0,38,2,0.0,1.0,39.0
73,1,right_lane,adaptive,False,0.05,40,0,20.268957345971565,0.0,17.0,5.24168536067009,60.230331755622736,40.230331755622736,20.0,18.0,1.0,0,0,40,0,0.0,0.0,40.0
74,1,right_lane,adaptive,False,0.05,40,0,22.143957345971565,0.5,0.5,1.6795853195326345,62.978398404341505,43.228398404341505,19.75,18.0,1.0,0,0,7,33,1.0,1.0,38.0
75,1,right_lane,adaptive,False,0.05,40,0,20.518957345971565,0.5,16.0,6.183891426771879,60.37839840304393,40.62839840304393,19.75,18.0,1.0,0,0,40,0,1.0,1.0,38.0
76,1,right_lane,adaptive,False,0.05,40,0,20.268957345971565,0.0,7.5,4.221569396555424,60.2303317535545,40.2303317535545,20.0,18.0,1.0,0,0,40,0,0.0,0.0,40.0
77,1,right_lane,adaptive,False,0.05,40,0,22.143957345971565,3.0,7.0,6.970744484753595,61.728985917419166,43.22898591741917,18.5,18.0,1.0,0,0,38,2,0.0,6.0,34.0
78,1,right_lane,adaptive,False,0.05,40,0,21.268957345971565,0.0,3.5,4.020121841276705,61.82939766774115,41.82939766774114,20.0,18.0,1.0,0,0,37,3,0.0,1.0,39.0
79,1,right_lane,adaptive,False,0.05,40,0,21.018957345749705,0.5,7.0,4.123043381609023,61.17839840398453,41.42839840398452,19.75,18.0,1.0,0,0,30,10,1.0,1.0,38.0
80,1,right_lane,adaptive,False,0.05,40,0,24.393950894458577,2.0,10.0,5.988614361350528,65.82827012962656,46.82827012962656,19.0,18.0,1.0,0,0,27,13,0.0,4.0,36.0
81,1,right_lane,adaptive,False,0.05,40,0,21.766466606367043,0.0,2.5,4.03014550358057,62.62542210932954,42.62542210932954,20.0,18.0,1.0,0,0,40,0,0.0,1.0,39.0
82,1,right_lane,adaptive,False,0.05,40,0,21.268957345971565,0.0,3.0,2.8223007610358763,61.83379213911206,41.83379213911206,20.0,18.0,1.0,0,0,37,3,0.0,0.0,40.0
83,1,right_lane,adaptive,False,0.05,40,0,22.391789654732086,0.5,11.0,4.986355098197237,63.374930802877735,43.62493080287773,19.75,18.0,1.0,0,0,37,3,1.0,1.0,38.0
84,1,right_lane,adaptive,False,0.05,40,0,22.643957345971565,0.0,1.0,3.166259005680331,64.03334332788558,44.03334332788558,20.0,18.0,1.0,0,0,35,5,0.0,0.0,40.0
85,1,right_lane,adaptive,False,0.05,40,0,20.893957345971565,0.0,7.0,4.525890946388245,61.2303317535545,41.2303317535545,20.0,18.0,1.0,0,0,40,0,0.0,0.0,40.0
86,1,right_lane,adaptive,False,0.05,40,0,21.393957345971554,0.0,7.5,4.1061233058571815,62.030331753554485,42.03033175355448,20.0,18.0,1.0,0,0,40,0,0.0,0.0,40.0
87,1,right_lane,adaptive,False,0.05,40,0,21.018957345971565,0.5,1.5,3.7808812272387513,61.178398403043936,41.42839840304394,19.75,18.0,1.0,0,0,34,6,1.0,1.0,38.0
88,1,right_lane,adaptive,False,0.05,40,0,23.518957345971565,12.5,11.0,16.463432692982906,59.42524174219637,45.425241742196384,14.0,18.0,1.0,0,0,33,7,3.0,19.0,18.0
89,1,right_lane,adaptive,False,0.05,40,0,20.8939573329563,0.5,12.0,5.541415736104227,60.72839715566054,41.22839715566054,19.5,18.0,1.0,0,0,38,2,1.0,1.0,38.0
90,1,right_lane,adaptive,False,0.05,40,0,20.393957345971565,2.0,14.5,7.243312448263168,59.42898420761489,40.42898420761488,19.0,18.0,1.0,0,0,40,0,0.0,5.0,35.0
91,1,right_lane,adaptive,False,0.05,40,0,22.143957345971565,0.0,7.0,4.253381478716619,63.230331753554516,43.23033175355451,20.0,18.0,1.0,0,0,37,3,0.0,0.0,40.0
92,1,right_lane,adaptive,False,0.05,40,0,20.768957345971565,0.5,6.0,4.839921270639024,60.77839910880876,41.02839910880877,19.75,18.0,1.0,0,0,38,2,1.0,1.0,38.0
93,1,right_lane,adaptive,False,0.05,40,0,20.518957345971565,0.0,19.0,5.443373270332813,60.6303317535545,40.63033175355451,20.0,18.0,1.0,0,0,40,0,0.0,0.0,40.0
94,1,right_lane,adaptive,False,0.05,40,0,21.518957345971565,0.0,17.0,4.575171451368078,62.23033175355451,42.2303317535545,20.0,18.0,1.0,0,0,38,2,0.0,0.0,40.0
95,1,right_lane,adaptive,False,0.05,40,0,21.768957345971565,0.0,2.5,3.530526147380442,62.62939766843071,42.62939766843073,20.0,18.0,1.0,0,0,35,5,0.0,1.0,39.0
96,1,right_lane,adaptive,False,0.05,40,0,21.268957345967657,0.5,2.0,4.620019152760506,61.57839910880253,41.82839910880251,19.75,18.0,1.0,0,0,40,0,1.0,1.0,38.0
97,1,right_lane,adaptive,False,0.05,40,0,23.643957345971565,0.0,6.0,3.499020051927573,65.62939766774726,45.629397667747256,20.0,18.0,1.0,0,0,32,8,0.0,1.0,39.0
98,1,right_lane,adaptive,False,0.05,40,0,22.018957345971565,0.0,6.0,3.7471774431342055,63.02939766774115,43.029397667741144,20.0,18.0,1.0,0,0,37,3,0.0,1.0,39.0
99,1,right_lane,adaptive,False,0.05,40,0,22.51895090893671,2.0,6.5,5.987246897191653,62.82769383505543,43.827693835055435,19.0,18.0,1.0,0,0,30,10,1.0,4.0,35.0
100,1,right_lane,adaptive,False,0.05,40,0,23.143957345971565,0.5,1.0,3.9527427423977315,64.57840734731667,44.82840734731667,19.75,18.0,1.0,0,0,35,5,1.0,1.0,38.0
101,1,right_lane,adaptive,False,0.05,40,0,21.393957345967653,0.5,2.0,4.680289975644882,61.778398405066994,42.028398405067,19.75,18.0,1.0,0,0,38,2,1.0,1.0,38.0
102,1,right_lane,adaptive,False,0.05,13,1,23.135253366251842,0.0,0.0,0.3704139977307932,21.10399430189672,14.603994301896723,6.5,18.0,1.0,0,0,5,8,0.0,0.0,13.0
103,1,right_lane,adaptive,False,0.05,40,0,24.393585416373085,10.5,7.5,14.728840361854964,61.07226528206924,46.322265282069246,14.75,18.0,1.0,0,0,35,5,6.0,11.0,23.0
104,1,right_lane,adaptive,False,0.05,40,0,20.518957345971565,0.0,5.5,4.560338355600834,60.62990911971038,40.62990911971038,20.0,18.0,1.0,0,0,40,0,0.0,1.0,39.0
105,1,right_lane,adaptive,False,0.05,3,1,25.0,0.5,2.0,1.6742226481437683,4.648067887473768,3.3980678874737684,1.25,18.0,1.0,0,0,3,0,1.0,1.0,1.0
106,1,right_lane,adaptive,False,0.05,40,0,21.268957345971565,0.0,2.0,4.095890015340046,61.3303317535545,41.33033175355451,20.0,18.0,1.0,0,0,38,2,0.0,0.0,40.0
107,1,right_lane,adaptive,False,0.05,40,0,20.893957345971565,0.5,8.5,5.064106099453966,60.97839840434078,41.22839840434077,19.75,18.0,1.0,0,0,30,10,1.0,1.0,38.0
108,1,right_lane,adaptive,False,0.05,40,0,21.768957345971053,0.5,3.5,4.197167962149251,62.378398404339954,42.62839840433996,19.75,18.0,1.0,0,0,31,9,1.0,1.0,38.0
109,1,right_lane,adaptive,False,0.05,40,0,22.643957345971565,0.0,3.0,3.778298616678512,64.02939832968683,44.029398329686835,20.0,18.0,1.0,0,0,36,4,0.0,1.0,39.0
110,1,right_lane,adaptive,False,0.05,40,0,20.643957345971565,2.5,13.5,8.41447488963604,59.576994251537016,40.826994251537016,18.75,18.0,1.0,0,0,40,0,1.0,5.0,34.0
111,1,right_lane,adaptive,False,0.05,40,0,21.518957345971565,4.0,2.0,8.659340463578701,60.227042541036624,42.22704254103663,18.0,18.0,1.0,0,0,40,0,3.0,4.0,33.0
112,1,right_lane,adaptive,False,0.05,40,0,22.643957345971565,3.5,4.0,7.806444594736604,62.27729543714919,44.02729543714919,18.25,18.0,1.0,0,0,39,1,1.0,7.0,32.0
113,1,right_lane,adaptive,False,0.05,40,0,21.893957345971565,0.0,13.0,4.532209160512593,62.829396514718965,42.82939651471897,20.0,18.0,1.0,0,0,38,2,0.0,1.0,39.0
114,1,right_lane,adaptive,False,0.05,40,0,20.518957345971565,0.0,11.0,4.942511364817619,60.629397667739944,40.629397667739944,20.0,18.0,1.0,0,0,40,0,0.0,1.0,39.0
115,1,right_lane,adaptive,False,0.05,40,0,21.768957345971565,0.5,5.0,4.925319748239417,62.37839910886089,42.6283991088609,19.75,18.0,1.0,0,0,39,1,1.0,1.0,38.0
116,1,right_lane,adaptive,False,0.05,30,1,20.358609794628755,0.0,12.5,4.515569984912872,45.2303317535545,30.230331753554502,15.0,18.0,1.0,0,0,30,0,0.0,0.0,30.0
117,1,right_lane,adaptive,False,0.05,40,0,22.143957345971494,1.0,8.0,5.640650146175176,62.22804909828591,42.72804909828591,19.5,18.0,1.0,0,0,37,3,1.0,2.0,37.0
118,1,right_lane,adaptive,False,0.05,40,0,21.268952309860374,5.5,15.0,10.968986913561821,59.07899394550329,41.8289939455033,17.25,18.0,1.0,0,0,40,0,0.0,12.0,28.0
119,1,right_lane,adaptive,False,0.05,40,0,22.018957345971565,0.0,10.5,4.186088900882169,63.030338730219114,43.03033873021912,20.0,18.0,1.0,0,0,38,2,0.0,0.0,40.0
120,1,right_lane,adaptive,False,0.05,40,0,22.14395734597149,0.5,0.0,3.82657832441987,62.97893676050451,43.22893676050451,19.75,18.0,1.0,0,0,36,4,0.0,1.0,39.0
121,1,right_lane,adaptive,False,0.05,40,0,21.768957345971565,0.5,4.5,4.711241111814161,62.378399108861,42.628399108861004,19.75,18.0,1.0,0,0,38,2,1.0,1.0,38.0
122,1,right_lane,adaptive,False,0.05,40,0,21.268957345971565,0.0,0.0,1.5785819019429255,61.8303317535545,41.830331753554496,20.0,18.0,1.0,0,0,19,21,0.0,0.0,40.0
123,1,right_lane,adaptive,False,0.05,40,0,20.393957345971565,0.5,18.0,6.35417565703392,60.17839717648496,40.42839717648496,19.75,18.0,1.0,0,0,40,0,1.0,1.0,38.0
124,1,right_lane,adaptive,False,0.05,40,0,22.393957345749705,7.5,13.0,13.037638373672962,59.87478676700713,43.62478676700714,16.25,18.0,1.0,0,0,40,0,2.0,13.0,25.0
125,1,right_lane,adaptive,False,0.05,40,0,22.002496438936525,0.0,4.5,3.488304898799015,63.00399430260665,43.003994302606664,20.0,18.0,1.0,0,0,38,2,0.0,0.0,40.0
126,1,right_lane,adaptive,False,0.05,40,0,21.018957344257622,0.0,3.5,4.186035826802254,61.453200895730006,41.45320089573,20.0,18.0,1.0,0,0,40,0,0.0,0.0,40.0
127,1,right_lane,adaptive,False,0.05,40,0,21.018957345971565,0.0,18.0,5.992830141070044,61.42939833206728,41.42939833206728,20.0,18.0,1.0,0,0,39,1,0.0,1.0,39.0
128,1,right_lane,adaptive,False,0.05,17,1,24.750487838206908,1.0,3.0,2.989661200760793,28.278399085287095,20.028399085287095,8.25,18.0,1.0,0,0,15,2,1.0,1.0,15.0
129,1,right_lane,adaptive,False,0.05,40,0,23.76895734594235,0.0,12.0,3.800500253633345,65.07939832963936,45.329398329639346,19.75,18.0,1.0,0,0,33,7,0.0,1.0,39.0
130,1,right_lane,adaptive,False,0.05,40,0,21.518957345971565,0.0,9.5,3.374348116318288,62.23033175359509,42.230331753595095,20.0,18.0,1.0,0,0,31,9,0.0,0.0,40.0
131,1,right_lane,adaptive,False,0.05,40,0,21.768957345971565,0.0,0.5,3.6651245277712405,62.62939832968611,42.6293983296861,20.0,18.0,1.0,0,0,38,2,0.0,1.0,39.0
132,1,right_lane,adaptive,False,0.05,40,0,21.250043292099726,0.0,14.5,4.251543629317894,61.799135182235744,41.79913518223574,20.0,18.0,1.0,0,0,36,4,0.0,1.0,39.0
133,1,right_lane,adaptive,False,0.05,40,0,21.018957345971554,0.0,2.5,4.222223980783383,61.455674969348124,41.455674969348124,20.0,18.0,1.0,0,0,38,2,0.0,1.0,39.0
134,1,right_lane,adaptive,False,0.05,40,0,20.393957345971565,0.0,20.0,5.031148664653301,60.43033175355452,40.43033175355452,20.0,18.0,1.0,0,0,40,0,0.0,0.0,40.0
135,1,right_lane,adaptive,False,0.05,40,0,21.518957345971565,0.0,15.5,4.71424856597514,62.2303317535545,42.230331753554495,20.0,18.0,1.0,0,0,38,2,0.0,0.0,40.0
136,1,right_lane,adaptive,False,0.05,40,0,20.768957345971565,0.0,0.5,3.1057737097144127,61.02939766774115,41.02939766774115,20.0,18.0,1.0,0,0,40,0,0.0,1.0,39.0
137,1,right_lane,adaptive,False,0.05,32,1,22.679946558601884,14.0,6.0,16.05765686184168,44.728688901199384,35.22868890119939,9.5,18.0,1.0,0,0,32,0,11.0,5.0,16.0
138,1,right_lane,adaptive,False,0.05,40,0,21.143957345971565,0.0,1.0,3.3405117993647764,60.62939780540768,41.129397805407685,19.5,18.0,1.0,0,0,37,3,0.0,1.0,39.0
139,1,right_lane,adaptive,False,0.05,40,0,21.893957345971565,2.5,2.5,6.383298956844101,61.57844809422429,42.8284480942243,18.75,18.0,1.0,0,0,38,2,1.0,5.0,34.0
140,1,right_lane,adaptive,False,0.05,18,1,20.875460768825693,0.5,9.0,3.3855127543210983,27.429397666520444,18.429397666520444,9.0,18.0,1.0,0,0,18,0,0.0,1.0,17.0
141,1,right_lane,adaptive,False,0.05,40,0,22.768634297606514,0.0,1.5,3.6667266815636594,63.47888145230203,43.72888145230203,19.75,18.0,1.0,0,0,36,4,0.0,1.0,39.0
142,1,right_lane,adaptive,False,0.05,40,0,22.143957345971565,9.5,12.0,14.282530583441257,58.47687337716486,43.22687337716486,15.25,18.0,1.0,0,0,40,0,7.0,6.0,27.0
143,1,right_lane,adaptive,False,0.05,40,0,21.231377104427974,0.0,3.0,4.290824938917922,61.769269280050715,41.7692692800507,20.0,18.0,1.0,0,0,37,3,0.0,1.0,39.0
144,1,right_lane,adaptive,False,0.05,40,0,21.143957345971565,0.0,13.5,4.488287933170795,61.85620455003645,41.85620455003646,20.0,18.0,1.0,0,0,40,0,0.0,0.0,40.0
145,1,right_lane,adaptive,False,0.05,40,0,23.85604835504177,4.0,8.0,8.481163727357625,63.964464332021,45.964464332021,18.0,18.0,1.0,0,0,37,3,1.0,8.0,31.0
146,1,right_lane,adaptive,False,0.05,40,0,21.143919754885687,0.0,1.0,3.7869995832443237,62.02932943243769,42.0293294324377,20.0,18.0,1.0,0,0,39,1,0.0,1.0,39.0
147,1,right_lane,adaptive,False,0.05,37,1,21.371845779428718,0.5,3.0,2.3371033959547276,57.329449893052235,38.82944989305223,18.5,18.0,1.0,0,0,14,23,0.0,1.0,36.0
148,1,right_lane,adaptive,False,0.05,40,0,21.518957331242362,10.5,9.5,15.559397076256573,56.2273453722571,41.7273453722571,14.5,18.0,1.0,0,0,39,1,4.0,14.0,22.0
149,1,right_lane,adaptive,False,0.05,40,0,22.143957345971565,0.0,7.5,3.8199440050811972,63.2303317740178,43.23033177401779,20.0,18.0,1.0,0,0,37,3,0.0,0.0,40.0
150,1,right_lane,adaptive,False,0.05,40,0,20.518957345971565,0.0,17.0,5.248805940151215,60.6303317535545,40.63033175355451,20.0,18.0,1.0,0,0,40,0,0.0,0.0,40.0
151,1,right_lane,adaptive,False,0.05,40,0,23.518957345971565,0.0,11.5,3.749029646253234,65.43033175355451,45.43033175355451,20.0,18.0,1.0,0,0,33,7,0.0,0.0,40.0
152,1,right_lane,adaptive,False,0.05,40,0,23.01895724691508,4.0,11.5,9.367877285390932,62.627447388121226,44.627447388121226,18.0,18.0,1.0,0,0,37,3,2.0,6.0,32.0
153,1,right_lane,adaptive,False,0.05,25,1,21.230331753554502,0.0,7.0,2.894061151891947,38.53033189117372,26.030331891173716,12.5,18.0,1.0,0,0,25,0,0.0,0.0,25.0
154,1,right_lane,adaptive,False,0.05,40,0,22.518957345971565,4.5,1.5,8.002305104329025,61.07704529808177,43.327045298081785,17.75,18.0,1.0,0,0,38,2,4.0,3.0,33.0
155,1,right_lane,adaptive,False,0.05,40,0,22.518957345971565,0.0,15.0,5.2797279252472435,63.8303317535545,43.8303317535545,20.0,18.0,1.0,0,0,37,3,0.0,0.0,40.0
156,1,right_lane,adaptive,False,0.05,40,0,20.268957345971565,0.0,15.5,5.394620887935162,60.22939651470176,40.22939651470176,20.0,18.0,1.0,0,0,40,0,0.0,1.0,39.0
157,1,right_lane,adaptive,False,0.05,40,0,22.127496439133086,0.0,12.0,4.206473568829551,63.203060216799564,43.20306021679957,20.0,18.0,1.0,0,0,36,4,0.0,1.0,39.0
158,1,right_lane,adaptive,False,0.05,40,0,21.143957345971565,0.0,1.0,2.866009997203946,61.653200898199245,41.653200898199245,20.0,18.0,1.0,0,0,39,1,0.0,0.0,40.0
159,1,right_lane,adaptive,False,0.05,40,0,20.893957345971565,0.5,2.5,4.974846787750721,60.97839840434078,41.22839840434077,19.75,18.0,1.0,0,0,40,0,1.0,1.0,38.0
160,1,right_lane,adaptive,False,0.05,40,0,22.643957345971565,0.5,3.0,4.7418893224441945,63.778399108860896,44.028399108860896,19.75,18.0,1.0,0,0,36,4,1.0,1.0,38.0
161,1,right_lane,adaptive,False,0.05,40,0,22.000000013019175,0.5,1.0,4.486492930533132,62.74806544376114,42.99806544376115,19.75,18.0,1.0,0,0,39,1,1.0,1.0,38.0
162,1,right_lane,adaptive,False,0.05,40,0,21.518957345971565,0.0,9.5,3.251173633821054,62.43033173546695,42.43033173546696,20.0,18.0,1.0,0,0,33,7,0.0,0.0,40.0
163,1,right_lane,adaptive,False,0.05,40,0,21.393957345971565,0.0,8.0,4.043079056649049,62.030331753554485,42.030331753554506,20.0,18.0,1.0,0,0,38,2,0.0,0.0,40.0
164,1,right_lane,adaptive,False,0.05,40,0,21.893957345971565,3.5,3.0,7.440471559762955,61.25210833597523,43.00210833597523,18.25,18.0,1.0,0,0,40,0,1.0,7.0,32.0
165,1,right_lane,adaptive,False,0.05,40,0,21.0189197534004,0.0,5.0,3.435568071002308,61.43027160544065,41.43027160544065,20.0,18.0,1.0,0,0,33,7,0.0,0.0,40.0
166,1,right_lane,adaptive,False,0.05,40,0,20.393957345971565,0.0,3.5,4.646246261894703,60.42944989389503,40.42944989389503,20.0,18.0,1.0,0,0,40,0,0.0,1.0,39.0
167,1,right_lane,adaptive,False,0.05,40,0,21.26895239570556,0.0,0.0,1.8355032577253496,62.00398638456922,42.003986384569224,20.0,18.0,1.0,0,0,31,9,0.0,0.0,40.0
168,1,right_lane,adaptive,False,0.05,40,0,23.143628695453636,2.5,5.0,6.376026817983984,63.578881085868886,44.82888108586889,18.75,18.0,1.0,0,0,37,3,0.0,5.0,35.0
169,1,right_lane,adaptive,False,0.05,40,0,21.268957345971565,0.0,3.5,3.501940995743098,61.83078834785428,41.83078834785428,20.0,18.0,1.0,0,0,38,2,0.0,0.0,40.0
170,1,right_lane,adaptive,False,0.05,40,0,21.643957345971565,0.0,2.0,3.059256747161271,62.4303317535545,42.430331753554505,20.0,18.0,1.0,0,0,35,5,0.0,0.0,40.0
171,1,right_lane,adaptive,False,0.05,40,0,21.62749644062177,3.5,12.0,7.7964265985883685,60.90306021100864,42.40306021100864,18.5,18.0,1.0,0,0,38,2,1.0,5.0,34.0
172,1,right_lane,adaptive,False,0.05,40,0,21.518957345971565,0.0,4.5,4.163719671436411,62.34959191319334,42.59959191319335,19.75,18.0,1.0,0,0,38,2,0.0,1.0,39.0
173,1,right_lane,adaptive,False,0.05,40,0,23.01895733298212,3.5,3.0,7.383212558719606,62.87846479534181,44.62846479534181,18.25,18.0,1.0,0,0,36,4,0.0,8.0,32.0
174,1,right_lane,adaptive,False,0.05,40,0,21.893957345971565,0.0,0.0,2.9947242015614393,62.83033177160074,42.830331771600754,20.0,18.0,1.0,0,0,38,2,0.0,0.0,40.0
175,1,right_lane,adaptive,False,0.05,40,0,23.76891480462308,0.0,2.5,3.0609440090847784,65.82932960158425,45.82932960158425,20.0,18.0,1.0,0,0,31,9,0.0,1.0,39.0
176,1,right_lane,adaptive,False,0.05,40,0,22.750328749382284,0.5,0.5,3.6026150481470722,63.94865175324341,44.1986517532434,19.75,18.0,1.0,0,0,36,4,1.0,1.0,38.0
177,1,right_lane,adaptive,False,0.05,40,0,22.018957345971565,16.5,17.5,22.252442352783874,55.400523594702086,43.40052359470209,12.0,18.0,1.0,0,0,37,3,0.0,33.0,7.0
178,1,right_lane,adaptive,False,0.05,40,0,21.518957345971565,3.5,7.0,8.45139343291521,60.22898849110363,42.22898849110363,18.0,18.0,1.0,0,0,40,0,0.0,8.0,32.0
179,1,right_lane,adaptive,False,0.05,25,1,21.6303317535545,0.0,11.0,4.491639988196766,38.92939766774183,26.429397667741824,12.5,18.0,1.0,0,0,23,2,0.0,1.0,24.0
180,1,right_lane,adaptive,False,0.05,18,1,20.875460768825693,1.0,7.0,4.1514449045062065,26.678397176484957,17.928397176484957,8.75,18.0,1.0,0,0,18,0,1.0,1.0,16.0
181,1,right_lane,adaptive,False,0.05,40,0,20.393957345971565,0.0,20.5,6.343047715723515,59.679397666520444,39.929397666520444,19.75,18.0,1.0,0,0,40,0,0.0,1.0,39.0
182,1,right_lane,adaptive,False,0.05,40,0,22.143957345971558,0.5,2.5,4.202482788370617,62.97839910886088,43.22839910886086,19.75,18.0,1.0,0,0,37,3,1.0,1.0,38.0
183,1,right_lane,adaptive,False,0.05,40,0,21.268957345971565,0.0,11.0,4.5953012853860855,61.83033175355452,41.83033175355451,20.0,18.0,1.0,0,0,40,0,0.0,0.0,40.0
184,1,right_lane,adaptive,False,0.05,40,0,22.268957345971565,3.5,17.5,9.52911201864481,61.679623304153736,43.42962330415374,18.25,18.0,1.0,0,0,40,0,0.0,8.0,32.0
185,1,right_lane,adaptive,False,0.05,40,0,22.393957345967657,3.0,9.0,7.300881388503967,62.12654653119449,43.62654653119449,18.5,18.0,1.0,0,0,35,5,1.0,6.0,33.0
186,1,right_lane,adaptive,False,0.05,40,0,20.393957345971565,0.0,2.0,4.33589193969965,60.43033175355993,40.43033175355993,20.0,18.0,1.0,0,0,40,0,0.0,0.0,40.0
187,1,right_lane,adaptive,False,0.05,40,0,20.768957345971565,0.5,7.5,5.553028158843517,60.778397176485036,41.02839717648503,19.75,18.0,1.0,0,0,40,0,1.0,1.0,38.0
188,1,right_lane,adaptive,False,0.05,40,0,21.393957345971565,0.0,6.0,3.8827337734401226,62.02939766774115,42.02939766774115,20.0,18.0,1.0,0,0,37,3,0.0,1.0,39.0
189,1,right_lane,adaptive,False,0.05,40,0,20.643957345971565,0.0,6.5,4.320844702422619,60.8303317535545,40.8303317535545,20.0,18.0,1.0,0,0,40,0,0.0,0.0,40.0
190,1,right_lane,adaptive,False,0.05,16,1,21.922393364854578,0.5,4.5,3.3113665655255318,24.778398404293203,17.0283984042932,7.75,18.0,1.0,0,0,16,0,1.0,1.0,14.0
191,1,right_lane,adaptive,False,0.05,26,1,21.183011301494716,0.5,8.5,4.705880835652351,39.27839840438208,26.52839840438208,12.75,18.0,1.0,0,0,26,0,1.0,1.0,24.0
192,1,right_lane,adaptive,False,0.05,40,0,21.393957345971565,0.0,5.5,3.8654979262501,61.529397667741144,41.52939766774115,20.0,18.0,1.0,0,0,37,3,0.0,1.0,39.0
193,1,right_lane,adaptive,False,0.05,40,0,21.393957345971565,0.0,2.0,3.4022340218812133,62.0293983296861,42.029398329686096,20.0,18.0,1.0,0,0,39,1,0.0,1.0,39.0
194,1,right_lane,adaptive,False,0.05,30,1,22.35860979462875,2.0,2.0,4.042713085279502,46.62774009368623,32.62774009368624,14.0,18.0,1.0,0,0,16,14,0.0,5.0,25.0
195,1,right_lane,adaptive,False,0.05,40,0,21.893957345971565,4.0,9.5,8.334485448896885,60.3296153294652,42.3296153294652,18.0,18.0,1.0,0,0,38,2,0.0,8.0,32.0
196,1,right_lane,adaptive,False,0.05,40,0,22.768957344482818,0.0,8.5,3.704136304375652,64.22939832730411,44.22939832730412,20.0,18.0,1.0,0,0,36,4,0.0,1.0,39.0
197,1,right_lane,adaptive,False,0.05,40,0,21.018957345971565,0.5,1.0,5.260501606477192,61.1783991109292,41.428399110929206,19.75,18.0,1.0,0,0,39,1,1.0,1.0,38.0
198,1,right_lane,adaptive,False,0.05,40,0,21.268957345971565,0.0,8.0,4.48451341688633,61.82939832968611,41.8293983296861,20.0,18.0,1.0,0,0,40,0,0.0,1.0,39.0
199,1,right_lane,adaptive,False,0.05,40,0,23.768957345971565,9.0,2.0,12.259326811495157,61.3258723373107,45.8258723373107,15.5,18.0,1.0,0,0,38,2,8.0,4.0,28.0
200,1,right_lane,adaptive,False,0.05,40,0,20.268957345971565,0.0,14.0,5.009309411048889,60.2303317535545,40.2303317535545,20.0,18.0,1.0,0,0,40,0,0.0,0.0,40.0
201,1,right_lane,adaptive,False,0.05,40,0,20.768957345971565,0.5,7.0,3.6519478354075545,60.778398404339505,41.0283984043395,19.75,18.0,1.0,0,0,27,13,1.0,1.0,38.0
202,1,right_lane,adaptive,False,0.05,40,0,22.143957345971565,0.0,15.0,4.305214305670233,63.230331753554495,43.2303317535545,20.0,18.0,1.0,0,0,37,3,0.0,0.0,40.0
203,1,right_lane,adaptive,False,0.05,40,0,20.518957344286836,0.0,4.5,2.6380844849645655,60.629396512006196,40.629396512006196,20.0,18.0,1.0,0,0,18,22,0.0,1.0,39.0
204,1,right_lane,adaptive,False,0.05,40,0,23.643957260100045,0.0,2.0,3.3464847602590453,65.63033161850066,45.630331618500676,20.0,18.0,1.0,0,0,34,6,0.0,0.0,40.0
205,1,right_lane,adaptive,False,0.05,40,0,21.768957345967657,1.0,10.0,5.525062864593565,62.12805181374877,42.62805181374878,19.5,18.0,1.0,0,0,36,4,1.0,2.0,37.0
206,1,right_lane,adaptive,False,0.05,40,0,21.26859175625804,0.0,2.0,2.4152718570703655,61.82881272420494,41.82881272420493,20.0,18.0,1.0,0,0,37,3,0.0,1.0,39.0
207,1,right_lane,adaptive,False,0.05,40,0,23.143957345971565,0.5,10.0,4.938846393348285,64.57890631901275,44.82890631901275,19.75,18.0,1.0,0,0,35,5,1.0,1.0,38.0
208,1,right_lane,adaptive,False,0.05,40,0,20.393957345971565,0.0,3.5,4.253891721367836,60.430331753554505,40.430331753554505,20.0,18.0,1.0,0,0,40,0,0.0,0.0,40.0
209,1,right_lane,adaptive,False,0.05,40,0,21.89395174381868,0.5,1.0,3.9668112424233186,62.57838944089488,42.82838944089488,19.75,18.0,1.0,0,0,37,3,1.0,1.0,38.0
210,1,right_lane,adaptive,False,0.05,40,0,20.393957345971565,0.5,1.5,5.105925492942333,60.17840495955827,40.42840495955827,19.75,18.0,1.0,0,0,40,0,1.0,1.0,38.0
211,1,right_lane,adaptive,False,0.05,40,0,21.518957345971565,3.0,4.5,7.467461689479933,60.726581068851175,42.226581068851175,18.5,18.0,1.0,0,0,38,2,2.0,4.0,34.0
212,1,right_lane,adaptive,False,0.05,40,0,21.268957345971565,0.0,1.0,3.6817211563920864,61.8303317535545,41.83033175355451,20.0,18.0,1.0,0,0,38,2,0.0,0.0,40.0
213,1,right_lane,adaptive,False,0.05,40,0,21.018957345971565,0.0,11.0,4.563530474901199,61.4303317535545,41.430331753554505,20.0,18.0,1.0,0,0,40,0,0.0,0.0,40.0
214,1,right_lane,adaptive,False,0.05,40,0,23.143909103635565,0.0,3.5,3.375850039095667,64.82932114194853,44.82932114194851,20.0,18.0,1.0,0,0,34,6,0.0,1.0,39.0
215,1,right_lane,adaptive,False,0.05,40,0,21.643957345971565,2.0,1.0,5.173956641694531,61.42875743691709,42.42875743691709,19.0,18.0,1.0,0,0,37,3,1.0,4.0,35.0
216,1,right_lane,adaptive,False,0.05,40,0,20.393957345971565,0.5,3.0,4.504898701947241,60.17839717648496,40.42839717648496,19.75,18.0,1.0,0,0,31,9,1.0,1.0,38.0
217,1,right_lane,adaptive,False,0.05,40,0,20.268957345971565,0.0,2.5,1.2245267090020207,60.2303317535545,40.2303317535545,20.0,18.0,1.0,0,0,12,28,0.0,0.0,40.0
218,1,right_lane,adaptive,False,0.05,40,0,21.76895668109524,0.5,1.5,4.453913874924183,62.37839734053865,42.62839734053866,19.75,18.0,1.0,0,0,40,0,1.0,1.0,38.0
219,1,right_lane,adaptive,False,0.05,40,0,21.018957345971565,0.0,5.0,2.526211690674245,61.43033267726745,41.43033267726746,20.0,18.0,1.0,0,0,23,17,0.0,0.0,40.0
220,1,right_lane,adaptive,False,0.05,40,0,21.768957345967713,0.5,4.0,4.9410630931988635,62.37839840433461,42.62839840433462,19.75,18.0,1.0,0,0,38,2,1.0,1.0,38.0
221,1,right_lane,adaptive,False,0.05,40,0,23.268957345971565,5.0,0.0,7.844080017366423,62.52869159946444,45.02869159946444,17.5,18.0,1.0,0,0,36,4,0.0,10.0,30.0
222,1,right_lane,adaptive,False,0.05,40,0,22.643919669043452,0.0,7.5,3.6275024418177964,64.03027147046951,44.03027147046953,20.0,18.0,1.0,0,0,36,4,0.0,0.0,40.0
223,1,right_lane,adaptive,False,0.05,40,0,23.018957345971565,5.0,11.5,9.342446175411169,62.128238414749404,44.6282384147494,17.5,18.0,1.0,0,0,38,2,3.0,5.0,32.0
224,1,right_lane,adaptive,False,0.05,40,0,20.518957345971565,0.0,4.0,4.525396399199963,60.629397666520454,40.62939766652045,20.0,18.0,1.0,0,0,40,0,0.0,1.0,39.0
225,1,right_lane,adaptive,False,0.05,40,0,21.643957345971565,0.0,0.5,3.9331392258764026,62.42939832968611,42.4293983296861,20.0,18.0,1.0,0,0,38,2,0.0,1.0,39.0
226,1,right_lane,adaptive,False,0.05,40,0,21.268957345971565,0.0,2.5,4.191119901835918,61.8303317535545,41.83033175355451,20.0,18.0,1.0,0,0,40,0,0.0,0.0,40.0
227,1,right_lane,adaptive,False,0.05,40,0,23.26646165610096,1.5,2.0,4.531642111977817,64.27445155157943,45.024451551579425,19.25,18.0,1.0,0,0,35,5,0.0,3.0,37.0
228,1,right_lane,adaptive,False,0.05,40,0,20.768957345971565,0.0,4.0,3.89841503273783,61.032864930705415,41.03286493070541,20.0,18.0,1.0,0,0,35,5,0.0,1.0,39.0
229,1,right_lane,adaptive,False,0.05,40,0,21.018957345971565,0.0,0.5,3.6901564684887944,61.43033175355449,41.43033175355449,20.0,18.0,1.0,0,0,39,1,0.0,0.0,40.0
230,1,right_lane,adaptive,False,0.05,40,0,22.393957345941327,3.0,6.5,6.888224032809376,62.1275502020012,43.6275502020012,18.5,18.0,1.0,0,0,38,2,0.0,7.0,33.0
231,1,right_lane,adaptive,False,0.05,40,0,21.518957345971565,0.0,0.5,3.3624095831263503,62.22939832972811,42.22939832972812,20.0,18.0,1.0,0,0,39,1,0.0,1.0,39.0
232,1,right_lane,adaptive,False,0.05,40,0,20.393957345971565,0.0,5.0,4.6497450694441795,60.429397666520444,40.429397666520444,20.0,18.0,1.0,0,0,40,0,0.0,1.0,39.0
233,1,right_lane,adaptive,False,0.05,36,1,20.576619273301738,0.5,16.0,6.189090795814991,54.37839840304393,36.62839840304393,17.75,18.0,1.0,0,0,36,0,1.0,1.0,34.0
234,1,right_lane,adaptive,False,0.05,40,0,20.393957345971565,0.5,20.5,6.322088293731213,59.67839717648496,39.92839717648496,19.75,18.0,1.0,0,0,40,0,1.0,1.0,38.0
235,1,right_lane,adaptive,False,0.05,40,0,24.018957345971565,2.0,0.5,4.6178331023302235,65.22699706767476,46.226997067674766,19.0,18.0,1.0,0,0,30,10,1.0,4.0,35.0
236,1,right_lane,adaptive,False,0.05,40,0,21.268957345971565,0.0,6.5,4.012703319283901,61.8303317535545,41.83033175355451,20.0,18.0,1.0,0,0,36,4,0.0,0.0,40.0
237,1,right_lane,adaptive,False,0.05,40,0,20.393957345971565,0.5,3.5,3.07709178526693,60.17839717648496,40.42839717648496,19.75,18.0,1.0,0,0,17,23,1.0,1.0,38.0
238,1,right_lane,adaptive,False,0.05,17,1,27.103413868713115,15.0,0.0,14.920184403657913,23.128904811666946,21.628904811666942,1.5,18.0,1.0,0,0,17,0,13.0,4.0,0.0
239,1,right_lane,adaptive,False,0.05,40,0,22.768957345971565,0.0,12.0,4.225895701159914,63.229398329686106,43.729398329686106,19.5,18.0,1.0,0,0,34,6,0.0,1.0,39.0
240,1,right_lane,adaptive,False,0.05,20,1,21.53791469194313,0.0,5.5,2.732412524521351,31.030331753554506,21.030331753554506,10.0,18.0,1.0,0,0,20,0,0.0,0.0,20.0
241,1,right_lane,adaptive,False,0.05,40,0,22.893951657973492,0.0,0.0,2.1139914434142497,63.93032265275759,43.930322652757596,20.0,18.0,1.0,0,0,31,9,0.0,0.0,40.0
242,1,right_lane,adaptive,False,0.05,31,1,20.830912704479438,0.0,9.0,4.583182372152805,47.32940557007921,31.82940557007921,15.5,18.0,1.0,0,0,31,0,0.0,1.0,30.0
243,1,right_lane,adaptive,False,0.05,40,0,22.143957345971565,0.0,0.5,2.9031621220419765,62.7303317535545,42.73033175355451,20.0,18.0,1.0,0,0,36,4,0.0,0.0,40.0
244,1,right_lane,adaptive,False,0.05,40,0,21.518957345971565,0.5,9.0,5.35824466500253,61.97839717648496,42.228397176484954,19.75,18.0,1.0,0,0,38,2,1.0,1.0,38.0
245,1,right_lane,adaptive,False,0.05,40,0,23.143957345971565,0.5,1.0,4.4700263521899615,64.57839840304875,44.828398403048745,19.75,18.0,1.0,0,0,35,5,1.0,1.0,38.0
246,1,right_lane,adaptive,False,0.05,40,0,20.893957331493432,0.5,2.5,4.9725984982724185,60.97839715331995,41.22839715331995,19.75,18.0,1.0,0,0,38,2,1.0,1.0,38.0
247,1,right_lane,adaptive,False,0.05,40,0,21.518957345971565,0.0,0.0,2.751726975913698,62.23033177366898,42.230331773668986,20.0,18.0,1.0,0,0,31,9,0.0,0.0,40.0
248,1,right_lane,adaptive,False,0.05,40,0,21.25249644062177,5.0,9.5,9.584012072068617,59.552060955779815,41.80206095577982,17.75,18.0,1.0,0,0,38,2,1.0,9.0,30.0
249,1,right_lane,adaptive,False,0.05,40,0,23.643622897512255,3.0,11.0,6.81177395060854,64.24814239028638,45.998142390286375,18.25,18.0,1.0,0,0,35,5,0.0,6.0,34.0
250,1,right_lane,adaptive,False,0.05,40,0,20.643957345971565,0.0,3.5,3.8827310651540756,60.83079640293665,40.830796402936656,20.0,18.0,1.0,0,0,40,0,0.0,0.0,40.0
251,1,right_lane,adaptive,False,0.05,40,0,20.518957345971565,0.0,6.5,4.209079686552286,60.6303317535545,40.63033175355451,20.0,18.0,1.0,0,0,40,0,0.0,0.0,40.0
252,1,right_lane,adaptive,False,0.05,40,0,20.393957345971558,0.0,10.0,5.09320905059576,60.42939651470176,40.42939651470176,20.0,18.0,1.0,0,0,40,0,0.0,1.0,39.0
253,1,right_lane,adaptive,False,0.05,40,0,21.393957345971494,0.5,6.0,5.08007150888443,61.77839840304383,42.02839840304382,19.75,18.0,1.0,0,0,40,0,1.0,1.0,38.0
254,1,right_lane,adaptive,False,0.05,40,0,22.51895734593799,1.5,6.0,5.941910990184624,63.078703397234335,43.828703397234335,19.25,18.0,1.0,0,0,37,3,0.0,4.0,36.0
255,1,right_lane,adaptive,False,0.05,40,0,22.393919754659983,0.0,2.0,3.3934333284882996,63.62933818363422,43.62933818363421,20.0,18.0,1.0,0,0,37,3,0.0,1.0,39.0
256,1,right_lane,adaptive,False,0.05,40,0,20.393957345971565,0.0,7.0,5.412843465805054,60.429449892145094,40.429449892145094,20.0,18.0,1.0,0,0,40,0,0.0,1.0,39.0
257,1,right_lane,adaptive,False,0.05,40,0,24.733867844032495,5.5,4.5,9.36423371492856,64.61926572627708,47.36926572627706,17.25,18.0,1.0,0,0,37,3,2.0,9.0,29.0
258,1,right_lane,adaptive,False,0.05,40,0,22.143957345971565,5.0,14.5,10.183224737644196,61.12403706002658,43.62403706002658,17.5,18.0,1.0,0,0,40,0,3.0,6.0,31.0
259,1,right_lane,adaptive,False,0.05,7,1,27.748847743118194,2.0,1.5,2.868193805217743,11.466482201228743,8.966482201228743,2.5,18.0,1.0,0,0,7,0,0.0,5.0,2.0
260,1,right_lane,adaptive,False,0.05,40,0,21.143914066891014,0.0,5.5,2.7953554083387644,61.12932842121107,41.12932842121107,20.0,18.0,1.0,0,0,23,17,0.0,1.0,39.0
261,1,right_lane,adaptive,False,0.05,40,0,24.643957345971565,5.5,0.5,7.668269899309962,64.47753756380989,47.227537563809875,17.25,18.0,1.0,0,0,36,4,4.0,3.0,33.0
262,1,right_lane,adaptive,False,0.05,40,0,22.518919754889087,0.0,6.0,3.3029720392878517,63.83027160782254,43.83027160782254,20.0,18.0,1.0,0,0,36,4,0.0,0.0,40.0
263,1,right_lane,adaptive,False,0.05,40,0,20.89395734428684,0.0,0.5,3.1898327246308327,61.22944989035194,41.22944989035194,20.0,18.0,1.0,0,0,40,0,0.0,1.0,39.0
264,1,right_lane,adaptive,False,0.05,40,0,22.268957345971565,2.0,4.0,5.716783539213793,62.42844894714124,43.42844894714125,19.0,18.0,1.0,0,0,38,2,0.0,4.0,36.0
265,1,right_lane,adaptive,False,0.05,40,0,21.393957345971565,0.0,6.0,4.387032988906867,62.029397667741826,42.029397667741826,20.0,18.0,1.0,0,0,38,2,0.0,1.0,39.0
266,1,right_lane,adaptive,False,0.05,40,0,21.768957345749705,0.5,3.0,4.2149642797314755,62.37839910850591,42.62839910850592,19.75,18.0,1.0,0,0,34,6,1.0,1.0,38.0
267,1,right_lane,adaptive,False,0.05,40,0,21.268957345971565,0.0,3.5,3.5474032441525196,61.82939832999433,41.82939832999433,20.0,18.0,1.0,0,0,39,1,0.0,1.0,39.0
268,1,right_lane,adaptive,False,0.05,40,0,21.893957345971565,0.0,11.0,4.285323533718838,62.8303317535545,42.830331753554496,20.0,18.0,1.0,0,0,38,2,0.0,0.0,40.0
269,1,right_lane,adaptive,False,0.05,40,0,22.64395164495432,0.0,1.0,2.912621791241918,64.0303226319269,44.0303226319269,20.0,18.0,1.0,0,0,36,4,0.0,0.0,40.0
270,1,right_lane,adaptive,False,0.05,40,0,21.143957345971565,4.0,4.5,6.965661627949885,59.62749159128259,41.6274915912826,18.0,18.0,1.0,0,0,30,10,2.0,4.0,34.0
271,1,right_lane,adaptive,False,0.05,40,0,21.768957345971565,0.0,0.0,2.4726886656699207,62.6303317535545,42.6303317535545,20.0,18.0,1.0,0,0,33,7,0.0,0.0,40.0
272,1,right_lane,adaptive,False,0.05,40,0,21.018957345971565,0.5,10.0,4.207926670393135,61.178398404341486,41.4283984043415,19.75,18.0,1.0,0,0,25,15,1.0,1.0,38.0
273,1,right_lane,adaptive,False,0.05,40,0,21.643957345971565,0.0,5.0,4.19459273960274,62.43033175355452,42.43033175355451,20.0,18.0,1.0,0,0,37,3,0.0,0.0,40.0
274,1,right_lane,adaptive,False,0.05,40,0,21.018957345971565,0.0,4.0,3.437145099043846,61.4303317535545,41.430331753554505,20.0,18.0,1.0,0,0,40,0,0.0,0.0,40.0
275,1,right_lane,adaptive,False,0.05,40,0,21.6439573459385,0.0,1.5,3.6545964619981532,62.43033175350159,42.4303317535016,20.0,18.0,1.0,0,0,38,2,0.0,0.0,40.0
276,1,right_lane,adaptive,False,0.05,40,0,21.14395734426102,0.0,3.5,3.5334402014068473,61.62939766505022,41.62939766505021,20.0,18.0,1.0,0,0,30,10,0.0,1.0,39.0
277,1,right_lane,adaptive,False,0.05,40,0,21.643957345971565,0.0,1.0,3.205909980184515,62.43033175593096,42.430331755930965,20.0,18.0,1.0,0,0,38,2,0.0,0.0,40.0
278,1,right_lane,adaptive,False,0.05,40,0,20.768957345971565,0.0,11.0,4.313260056078434,61.030331753554506,41.030331753554506,20.0,18.0,1.0,0,0,40,0,0.0,0.0,40.0
279,1,right_lane,adaptive,False,0.05,40,0,21.768957345971565,4.5,4.0,8.6772840738995,60.37848189442229,42.628481894422286,17.75,18.0,1.0,0,0,38,2,1.0,9.0,30.0
280,1,right_lane,adaptive,False,0.05,40,0,22.393957345971565,4.0,5.5,8.469730417964456,61.62497179122725,43.62497179122725,18.0,18.0,1.0,0,0,37,3,1.0,7.0,32.0
281,1,right_lane,adaptive,False,0.05,15,1,21.05055292258946,0.0,7.5,2.6284007281064987,22.930331753553677,15.430331753553679,7.5,18.0,1.0,0,0,15,0,0.0,0.0,15.0
282,1,right_lane,adaptive,False,0.05,40,0,20.893957345971565,0.5,0.5,2.3050526155129774,60.47839840434078,40.72839840434077,19.75,18.0,1.0,0,0,17,23,1.0,1.0,38.0
283,1,right_lane,adaptive,False,0.05,40,0,21.393957345971565,0.0,10.0,4.672395861618497,62.02939766843072,42.029397668430725,20.0,18.0,1.0,0,0,38,2,0.0,1.0,39.0
284,1,right_lane,adaptive,False,0.05,40,0,21.393957344286836,0.0,2.0,4.052140776067972,62.02939832699052,42.029398326990524,20.0,18.0,1.0,0,0,40,0,0.0,1.0,39.0
285,1,right_lane,adaptive,False,0.05,40,0,23.018957345971565,10.0,15.5,14.506938204169273,59.62704234761668,44.62704234761668,15.0,18.0,1.0,0,0,40,0,9.0,4.0,27.0
286,1,right_lane,adaptive,False,0.05,40,0,22.393919754889087,0.5,8.0,5.026681139493121,63.37833825934135,43.62833825934134,19.75,18.0,1.0,0,0,37,3,1.0,1.0,38.0
287,1,right_lane,adaptive,False,0.05,40,0,22.39395734596714,6.5,11.5,11.915632501244545,60.62834675822122,43.62834675822123,17.0,18.0,1.0,0,0,40,0,0.0,13.0,27.0
288,1,right_lane,adaptive,False,0.05,40,0,22.768957345971565,0.0,5.5,3.3963828079140512,63.98033175355449,44.230331753554495,19.75,18.0,1.0,0,0,35,5,0.0,0.0,40.0
289,1,right_lane,adaptive,False,0.05,28,1,22.705653351382363,1.5,3.0,4.493957113838405,44.078461888562366,30.828461888562366,13.25,18.0,1.0,0,0,21,7,0.0,4.0,24.0
290,1,right_lane,adaptive,False,0.05,40,0,20.768957345971565,0.0,10.5,4.401855040341616,60.530331753554506,40.530331753554506,20.0,18.0,1.0,0,0,40,0,0.0,0.0,40.0
291,1,right_lane,adaptive,False,0.05,40,0,23.768957345971565,3.5,1.0,6.980896893938279,64.07962358355962,45.82962358355961,18.25,18.0,1.0,0,0,38,2,0.0,8.0,32.0
292,1,right_lane,adaptive,False,0.05,40,0,23.893957345971565,6.0,4.0,9.6069006434318,63.02729078328751,46.02729078328752,17.0,18.0,1.0,0,0,38,2,1.0,12.0,27.0
293,1,right_lane,adaptive,False,0.05,40,0,20.893957345971565,0.0,1.0,1.123344421992897,61.230331753554495,41.23033175355451,20.0,18.0,1.0,0,0,16,24,0.0,0.0,40.0
294,1,right_lane,adaptive,False,0.05,40,0,20.143957345971565,0.0,19.0,6.1512883603572845,60.030331753554506,40.0303317535545,20.0,18.0,1.0,0,0,40,0,0.0,0.0,40.0
295,1,right_lane,adaptive,False,0.05,17,1,23.279899606946657,0.5,5.0,3.377388960739381,27.278399087978023,19.028399087978023,8.25,18.0,1.0,0,0,15,2,1.0,1.0,15.0
296,1,right_lane,adaptive,False,0.05,40,0,24.518951657973492,0.0,0.0,2.4126453412577575,66.53032265275758,46.53032265275759,20.0,18.0,1.0,0,0,31,9,0.0,0.0,40.0
297,1,right_lane,adaptive,False,0.05,40,0,22.268957345971565,0.0,0.0,3.734600176816002,63.429406232024164,43.429406232024164,20.0,18.0,1.0,0,0,37,3,0.0,1.0,39.0
298,1,right_lane,adaptive,False,0.05,40,0,20.768957345971565,16.0,11.5,21.217476323246956,53.02939766773994,41.02939766773995,12.0,18.0,1.0,0,0,40,0,1.0,32.0,7.0
299,1,right_lane,adaptive,False,0.05,40,0,21.518957345967646,0.0,2.5,3.2330761115235873,62.23033175354824,42.230331753548235,20.0,18.0,1.0,0,0,37,3,0.0,0.0,40.0
300,1,right_lane,adaptive,False,0.05,40,0,20.518957345971565,0.0,11.5,5.4014198035001755,60.63033175355994,40.63033175355994,20.0,18.0,1.0,0,0,40,0,0.0,0.0,40.0
301,1,right_lane,adaptive,False,0.05,40,0,20.768957345971565,0.0,5.0,4.037880040705204,61.030331753554506,41.030331753554506,20.0,18.0,1.0,0,0,40,0,0.0,0.0,40.0
302,1,right_lane,adaptive,False,0.05,40,0,20.393957345971565,0.0,16.5,5.1586722657084465,60.429397666520444,40.429397666520444,20.0,18.0,1.0,0,0,40,0,0.0,1.0,39.0
303,1,right_lane,adaptive,False,0.05,40,0,22.018957345971565,0.5,2.0,4.8027997831086395,62.778398405073304,43.028398405073304,19.75,18.0,1.0,0,0,39,1,1.0,1.0,38.0
304,1,right_lane,adaptive,False,0.05,40,0,21.268957345971565,0.5,2.5,4.821457275677631,61.57839910886089,41.82839910886089,19.75,18.0,1.0,0,0,38,2,1.0,1.0,38.0
305,1,right_lane,adaptive,False,0.05,40,0,21.893585416373085,2.0,6.5,5.71184819683549,61.82575921910334,42.825759219103354,19.0,18.0,1.0,0,0,35,5,1.0,4.0,35.0
306,1,right_lane,adaptive,False,0.05,40,0,21.268957345971565,1.5,10.5,6.332570903003216,61.078028198650344,41.828028198650344,19.25,18.0,1.0,0,0,40,0,0.0,4.0,36.0
307,1,right_lane,adaptive,False,0.05,40,0,21.643957345971565,0.0,5.0,4.36144639239069,62.429397667741824,42.429397667741824,20.0,18.0,1.0,0,0,37,3,0.0,1.0,39.0
308,1,right_lane,adaptive,False,0.05,40,0,20.893957345971565,0.0,3.0,4.680946357548237,61.229397667741154,41.22939766774115,20.0,18.0,1.0,0,0,40,0,0.0,1.0,39.0
309,1,right_lane,adaptive,False,0.05,40,0,20.643956608239495,0.5,1.5,5.3921691700816154,60.57839599611365,40.82839599611365,19.75,18.0,1.0,0,0,40,0,1.0,1.0,38.0
310,1,right_lane,adaptive,False,0.05,40,0,21.393957345971565,0.5,3.0,4.709151185752489,61.778398201434726,42.02839820143473,19.75,18.0,1.0,0,0,38,2,1.0,1.0,38.0
311,1,right_lane,adaptive,False,0.05,40,0,23.268957234313866,0.5,2.0,4.02534407388066,64.77839822568917,45.02839822568917,19.75,18.0,1.0,0,0,36,4,1.0,1.0,38.0
312,1,right_lane,adaptive,False,0.05,40,0,24.76895723431381,0.0,0.0,2.507114542797467,67.6039942814685,47.6039942814685,20.0,18.0,1.0,0,0,33,7,0.0,0.0,40.0
313,1,right_lane,adaptive,False,0.05,40,0,23.51895163216483,0.5,1.5,3.377765047149296,65.17892780989466,45.42892780989466,19.75,18.0,1.0,0,0,36,4,0.0,1.0,39.0
314,1,right_lane,adaptive,False,0.05,40,0,21.018957345971565,0.5,1.0,4.3291130773723125,61.178405114679016,41.428405114679016,19.75,18.0,1.0,0,0,40,0,1.0,1.0,38.0
315,1,right_lane,adaptive,False,0.05,40,0,22.018957345971565,1.5,5.0,5.416319150477648,62.27869180562616,43.02869180562616,19.25,18.0,1.0,0,0,40,0,0.0,3.0,37.0
316,1,right_lane,adaptive,False,0.05,40,0,21.268957235803004,0.0,2.5,3.564394071922834,61.8303315772848,41.8303315772848,20.0,18.0,1.0,0,0,39,1,0.0,0.0,40.0
317,1,right_lane,adaptive,False,0.05,40,0,21.018957345971565,0.5,11.0,5.284893664527772,61.178398557396726,41.428398557396726,19.75,18.0,1.0,0,0,37,3,1.0,1.0,38.0
318,1,right_lane,adaptive,False,0.05,40,0,21.768957345971565,0.0,0.0,3.089100274415614,62.6303317535545,42.63033175355451,20.0,18.0,1.0,0,0,36,4,0.0,0.0,40.0
319,1,right_lane,adaptive,False,0.05,40,0,20.893957345971565,0.0,2.5,3.724633505679776,61.22939766773996,41.229397667739946,20.0,18.0,1.0,0,0,35,5,0.0,1.0,39.0
320,1,right_lane,adaptive,False,0.05,40,0,21.018957345971565,0.0,18.0,5.2028529569506645,61.42939832963659,41.429398329636605,20.0,18.0,1.0,0,0,40,0,0.0,1.0,39.0
321,1,right_lane,adaptive,False,0.05,40,0,22.393957345971565,0.0,11.0,3.5882195867488917,63.630331753554486,43.6303317535545,20.0,18.0,1.0,0,0,35,5,0.0,0.0,40.0
322,1,right_lane,adaptive,False,0.05,40,0,22.643957234121675,0.0,6.5,4.2719665435233765,64.02939633575913,44.029396335759145,20.0,18.0,1.0,0,0,36,4,0.0,1.0,39.0
323,1,right_lane,adaptive,False,0.05,40,0,22.518957331493432,1.5,12.5,6.756009310801346,63.07870353019948,43.828703530199476,19.25,18.0,1.0,0,0,37,3,0.0,4.0,36.0
324,1,right_lane,adaptive,False,0.05,40,0,21.268957345971565,0.0,1.0,3.7480307354826436,61.83033177366897,41.83033177366897,20.0,18.0,1.0,0,0,38,2,0.0,0.0,40.0
325,1,right_lane,adaptive,False,0.05,40,0,22.018956498296195,1.5,6.0,5.563490534957964,62.2784474092405,43.0284474092405,19.25,18.0,1.0,0,0,38,2,0.0,3.0,37.0
326,1,right_lane,adaptive,False,0.05,40,0,20.393957345971565,0.0,3.5,4.446751832962036,60.43033293123025,40.43033293123025,20.0,18.0,1.0,0,0,40,0,0.0,0.0,40.0
327,1,right_lane,adaptive,False,0.05,40,0,21.643957345971565,0.0,1.0,3.4450349676762926,62.43033175355449,42.4303317535545,20.0,18.0,1.0,0,0,39,1,0.0,0.0,40.0
328,1,right_lane,adaptive,False,0.05,13,1,23.13525106221637,0.5,0.5,1.5893509532088501,20.678397203138786,14.428397203138784,6.25,18.0,1.0,0,0,5,8,1.0,1.0,11.0
329,1,right_lane,adaptive,False,0.05,40,0,22.143957334666787,5.0,5.0,9.038801662607511,60.22939746697826,42.72939746697827,17.5,18.0,1.0,0,0,39,1,1.0,10.0,29.0
330,1,right_lane,adaptive,False,0.05,40,0,21.268957345971565,0.0,1.0,2.5422447672749513,62.00399432070057,42.00399432070057,20.0,18.0,1.0,0,0,37,3,0.0,0.0,40.0
331,1,right_lane,adaptive,False,0.05,40,0,22.768951646668775,3.5,3.5,7.904959741979837,62.478680761904954,44.22868076190494,18.25,18.0,1.0,0,0,40,0,1.0,7.0,32.0
332,1,right_lane,adaptive,False,0.05,40,0,21.393957345971565,3.0,14.5,8.353101283311844,60.52845255321759,42.0284525532176,18.5,18.0,1.0,0,0,40,0,1.0,6.0,33.0
333,1,right_lane,adaptive,False,0.05,40,0,21.016461004214154,0.0,2.5,4.041251435875893,61.425403519708595,41.425403519708595,20.0,18.0,1.0,0,0,40,0,0.0,1.0,39.0
334,1,right_lane,adaptive,False,0.05,40,0,22.39395734597156,0.0,4.5,2.2125197946334083,63.63286649831698,43.63286649831697,20.0,18.0,1.0,0,0,22,18,0.0,1.0,39.0
335,1,right_lane,adaptive,False,0.05,40,0,22.143957345971565,4.5,7.0,9.40422260826017,60.975413039151164,43.225413039151164,17.75,18.0,1.0,0,0,39,1,1.0,9.0,30.0
336,1,right_lane,adaptive,False,0.05,40,0,21.26895734597155,0.0,15.5,4.986983201297335,61.830331753554496,41.83033175355448,20.0,18.0,1.0,0,0,38,2,0.0,0.0,40.0
337,1,right_lane,adaptive,False,0.05,40,0,21.268957345971565,0.0,12.5,4.902385086403228,61.83033175355452,41.83033175355451,20.0,18.0,1.0,0,0,39,1,0.0,0.0,40.0
338,1,right_lane,adaptive,False,0.05,40,0,20.893957345971565,0.5,9.5,5.750066846609116,60.978399108808794,41.228399108808794,19.75,18.0,1.0,0,0,40,0,1.0,1.0,38.0
339,1,right_lane,adaptive,False,0.05,40,0,21.143957260122527,0.0,9.5,3.9822028091966786,61.62939637734329,41.6293963773433,20.0,18.0,1.0,0,0,30,10,0.0,1.0,39.0
340,1,right_lane,adaptive,False,0.05,40,0,20.518957345971565,0.5,10.0,5.706974245607853,60.37839852231403,40.62839852231403,19.75,18.0,1.0,0,0,40,0,1.0,1.0,38.0
341,1,right_lane,adaptive,False,0.05,40,0,20.768957345971565,8.5,11.5,14.093692060559988,56.77839839417122,41.02839839417121,15.75,18.0,1.0,0,0,40,0,1.0,17.0,22.0
342,1,right_lane,adaptive,False,0.05,21,1,22.655156849469627,0.0,1.0,1.6269343157373441,33.70306088112642,23.20306088112642,10.5,18.0,1.0,0,0,16,5,0.0,1.0,20.0
343,1,right_lane,adaptive,False,0.05,40,0,20.768957345971565,0.0,18.5,4.7979476691252785,60.5303317535545,40.530331753554506,20.0,18.0,1.0,0,0,38,2,0.0,0.0,40.0
344,1,right_lane,adaptive,False,0.05,40,0,21.018957345971558,0.0,7.0,4.282748606055975,61.4303317535545,41.4303317535545,20.0,18.0,1.0,0,0,40,0,0.0,0.0,40.0
345,1,right_lane,adaptive,False,0.05,40,0,21.643957345971565,0.0,8.0,3.4179519994600014,62.42939832968611,42.42939832968611,20.0,18.0,1.0,0,0,26,14,0.0,1.0,39.0
346,1,right_lane,adaptive,False,0.05,40,0,21.268957345971565,2.0,18.0,7.677819907665253,60.82868762823873,41.82868762823874,19.0,18.0,1.0,0,0,40,0,0.0,5.0,35.0
347,1,right_lane,adaptive,False,0.05,40,0,20.643957345967717,0.5,8.0,5.6662731766700745,60.578397176478795,40.82839717647879,19.75,18.0,1.0,0,0,40,0,1.0,1.0,38.0
348,1,right_lane,adaptive,False,0.05,40,0,20.518957345971565,0.0,11.0,4.440080672502518,60.63033175355985,40.63033175355985,20.0,18.0,1.0,0,0,40,0,0.0,0.0,40.0
349,1,right_lane,adaptive,False,0.05,40,0,21.768957345971565,2.5,7.5,6.603450437594802,61.37844217735858,42.62844217735858,18.75,18.0,1.0,0,0,35,5,0.0,6.0,34.0
350,1,right_lane,adaptive,False,0.05,40,0,22.268957345971565,0.5,6.5,4.785506481013726,63.178399108860894,43.4283991088609,19.75,18.0,1.0,0,0,38,2,1.0,1.0,38.0
351,1,right_lane,adaptive,False,0.05,40,0,21.518956692178097,0.0,2.0,3.1872201256287553,62.22939662167161,42.229396621671604,20.0,18.0,1.0,0,0,37,3,0.0,1.0,39.0
352,1,right_lane,adaptive,False,0.05,40,0,22.643957345971565,5.5,7.0,10.44353011995554,61.27666098406834,44.02666098406835,17.25,18.0,1.0,0,0,40,0,1.0,11.0,28.0
353,1,right_lane,adaptive,False,0.05,40,0,21.268957345971565,4.5,2.5,7.9270372672299345,59.57746435724239,41.82746435724239,17.75,18.0,1.0,0,0,34,6,1.0,9.0,30.0
354,1,right_lane,adaptive,False,0.05,40,0,20.752496440425727,0.0,10.5,4.829211317002773,61.00306021764711,41.00306021764711,20.0,18.0,1.0,0,0,40,0,0.0,1.0,39.0
355,1,right_lane,adaptive,False,0.05,40,0,21.018957345971565,0.5,1.5,3.9464744040742517,61.37493009862997,41.62493009862997,19.75,18.0,1.0,0,0,37,3,1.0,1.0,38.0
356,1,right_lane,adaptive,False,0.05,40,0,22.018957345971057,2.5,8.0,7.235812210652512,61.7770563306302,43.02705633063021,18.75,18.0,1.0,0,0,36,4,1.0,5.0,34.0
357,1,right_lane,adaptive,False,0.05,40,0,20.768957345971565,0.5,9.5,5.611417211592197,60.77839910880947,41.028399108809474,19.75,18.0,1.0,0,0,40,0,1.0,1.0,38.0
358,1,right_lane,adaptive,False,0.05,40,0,20.393957345971565,0.5,20.5,6.347823664546013,60.17839717648496,40.42839717648496,19.75,18.0,1.0,0,0,40,0,1.0,1.0,38.0
359,1,right_lane,adaptive,False,0.05,40,0,21.393957345971565,0.5,6.0,4.444850567008871,61.77839910886091,42.028399108860896,19.75,18.0,1.0,0,0,25,15,1.0,1.0,38.0
360,1,right_lane,adaptive,False,0.05,40,0,20.518957345971565,0.5,3.5,3.6837551497656023,60.37839717648497,40.62839717648497,19.75,18.0,1.0,0,0,26,14,1.0,1.0,38.0
361,1,right_lane,adaptive,False,0.05,40,0,22.893957345941903,4.5,9.5,9.004632621668463,62.17728304831744,44.42728304831746,17.75,18.0,1.0,0,0,38,2,0.0,10.0,30.0
362,1,right_lane,adaptive,False,0.05,40,0,22.143952395702158,0.0,2.5,3.0458713725965936,63.23032383316468,43.230323833164675,20.0,18.0,1.0,0,0,36,4,0.0,0.0,40.0
363,1,right_lane,adaptive,False,0.05,40,0,22.643957345971486,11.0,9.5,15.556474097073078,58.52543193153141,44.0254319315314,14.5,18.0,1.0,0,0,40,0,9.0,6.0,25.0
364,1,right_lane,adaptive,False,0.05,40,0,23.893957345971565,2.0,6.5,5.9106388533346035,65.02775399712385,46.02775399712383,19.0,18.0,1.0,0,0,36,4,0.0,5.0,35.0
365,1,right_lane,adaptive,False,0.05,40,0,20.768957345971565,0.0,0.0,3.751059458403688,61.029397666520445,41.02939766652044,20.0,18.0,1.0,0,0,35,5,0.0,1.0,39.0
366,1,right_lane,adaptive,False,0.05,40,0,21.018957345971565,0.0,7.5,3.4875823311722343,61.42939651470185,41.429396514701835,20.0,18.0,1.0,0,0,29,11,0.0,1.0,39.0
367,1,right_lane,adaptive,False,0.05,40,0,21.50249644062177,0.0,2.0,3.508254182966084,62.203994304994836,42.20399430499483,20.0,18.0,1.0,0,0,36,4,0.0,0.0,40.0
368,1,right_lane,adaptive,False,0.05,40,0,21.643957345971565,1.5,2.0,5.542292907834053,62.047954308702,42.797954308702,19.25,18.0,1.0,0,0,40,0,0.0,4.0,36.0
369,1,right_lane,adaptive,False,0.05,40,0,22.893957345967657,0.5,1.0,3.1773874124392023,64.17839910885465,44.428399108854656,19.75,18.0,1.0,0,0,29,11,1.0,1.0,38.0
370,1,right_lane,adaptive,False,0.05,40,0,20.518956694084682,0.5,1.5,5.21043049544096,60.37839613347138,40.62839613347138,19.75,18.0,1.0,0,0,40,0,1.0,1.0,38.0
371,1,right_lane,adaptive,False,0.05,40,0,22.018957345941836,0.0,1.5,3.113066528294439,63.203995210613975,43.203995210613975,20.0,18.0,1.0,0,0,37,3,0.0,0.0,40.0
372,1,right_lane,adaptive,False,0.05,40,0,22.643952395676344,0.0,5.0,3.9311598548838447,64.02939040925503,44.02939040925505,20.0,18.0,1.0,0,0,37,3,0.0,1.0,39.0
373,1,right_lane,adaptive,False,0.05,40,0,23.893957345971565,2.5,5.0,5.975365620377488,65.03033863100168,46.03033863100169,19.0,18.0,1.0,0,0,36,4,0.0,4.0,36.0
374,1,right_lane,adaptive,False,0.05,40,0,24.518957345971565,0.0,12.0,3.3275850503141555,66.78033175355449,47.0303317535545,19.75,18.0,1.0,0,0,30,10,0.0,0.0,40.0
375,1,right_lane,adaptive,False,0.05,40,0,22.64395734406113,0.0,0.0,2.982238827324636,64.03033175049782,44.030331750497815,20.0,18.0,1.0,0,0,38,2,0.0,0.0,40.0
376,1,right_lane,adaptive,False,0.05,40,0,22.518914053875754,0.5,0.5,3.5692265131365275,63.578867495805504,43.8288674958055,19.75,18.0,1.0,0,0,37,3,0.0,1.0,39.0
377,1,right_lane,adaptive,False,0.05,40,0,20.393957345971565,0.5,20.5,5.89180663228035,60.178457322211486,40.428457322211486,19.75,18.0,1.0,0,0,40,0,1.0,1.0,38.0
378,1,right_lane,adaptive,False,0.05,40,0,21.893957345971565,0.5,3.5,3.5490459558968723,62.5783991088088,42.82839910880878,19.75,18.0,1.0,0,0,26,14,1.0,1.0,38.0
379,1,right_lane,adaptive,False,0.05,40,0,21.268909202470194,0.5,1.0,3.609744179602785,61.578321374738586,41.82832137473858,19.75,18.0,1.0,0,0,34,6,1.0,1.0,38.0
380,1,right_lane,adaptive,False,0.05,40,0,20.518634297606518,0.0,20.5,5.971801437437534,60.62894652310396,40.628946523103956,20.0,18.0,1.0,0,0,40,0,0.0,1.0,39.0
381,1,right_lane,adaptive,False,0.05,40,0,20.643957345971565,0.0,1.5,4.3480667024850845,60.829846478967646,40.829846478967646,20.0,18.0,1.0,0,0,40,0,0.0,1.0,39.0
382,1,right_lane,adaptive,False,0.05,40,0,21.393957345971565,0.0,6.0,3.7021553688773565,62.0293983296861,42.029398329686096,20.0,18.0,1.0,0,0,38,2,0.0,1.0,39.0
383,1,right_lane,adaptive,False,0.05,40,0,22.143957345971565,0.0,0.0,3.1272119093689525,63.23033175355451,43.2303317535545,20.0,18.0,1.0,0,0,36,4,0.0,0.0,40.0
384,1,right_lane,adaptive,False,0.05,40,0,22.143957345971565,0.0,5.5,4.126393861035467,63.2293983296861,43.229398329686106,20.0,18.0,1.0,0,0,39,1,0.0,1.0,39.0
385,1,right_lane,adaptive,False,0.05,40,0,20.393957345971565,0.0,2.5,4.25907664000988,60.429397666520444,40.429397666520444,20.0,18.0,1.0,0,0,40,0,0.0,1.0,39.0
386,1,right_lane,adaptive,False,0.05,40,0,20.518957345971565,0.5,8.0,5.485862247645855,60.37839717648497,40.62839717648495,19.75,18.0,1.0,0,0,40,0,1.0,1.0,38.0
387,1,right_lane,adaptive,False,0.05,40,0,21.49754686449713,0.0,4.5,4.268542085530498,62.368803447601685,42.368803447601685,20.0,18.0,1.0,0,0,38,2,0.0,1.0,39.0
388,1,right_lane,adaptive,False,0.05,40,0,21.768957345971554,0.0,8.0,3.8640512583006057,62.66007734427782,42.66007734427782,20.0,18.0,1.0,0,0,38,2,0.0,0.0,40.0
389,1,right_lane,adaptive,False,0.05,40,0,20.768957345971565,3.0,1.5,7.334531784057617,59.52899052755056,41.02899052755056,18.5,18.0,1.0,0,0,40,0,1.0,6.0,33.0
390,1,right_lane,adaptive,False,0.05,40,0,20.393957345971565,0.5,4.5,5.332343086600304,60.17839717648496,40.42839717648496,19.75,18.0,1.0,0,0,40,0,1.0,1.0,38.0
391,1,right_lane,adaptive,False,0.05,40,0,21.377496440621762,0.5,9.5,5.206786187365651,61.75205972792526,42.00205972792527,19.75,18.0,1.0,0,0,39,1,1.0,1.0,38.0
392,1,right_lane,adaptive,False,0.05,40,0,21.268957345971565,1.0,1.0,3.056064222210807,61.52458079229653,42.02458079229654,19.5,18.0,1.0,0,0,24,16,1.0,2.0,37.0
393,1,right_lane,adaptive,False,0.05,25,1,21.630331753554486,1.0,1.5,2.4628440158660396,38.42804909827968,26.428049098279686,12.0,18.0,1.0,0,0,10,15,1.0,2.0,22.0
394,1,right_lane,adaptive,False,0.05,40,0,21.26895724882166,0.5,3.0,3.5185764249326894,61.07839824963342,41.328398249633416,19.75,18.0,1.0,0,0,22,18,1.0,1.0,38.0
395,1,right_lane,adaptive,False,0.05,40,0,21.143957345971565,2.5,9.0,7.501736186444759,60.37805232232962,41.62805232232963,18.75,18.0,1.0,0,0,40,0,0.0,6.0,34.0
396,1,right_lane,adaptive,False,0.05,40,0,22.000043292099726,3.0,5.5,7.432136543095112,61.67277874608465,43.17277874608465,18.5,18.0,1.0,0,0,40,0,0.0,7.0,33.0
397,1,right_lane,adaptive,False,0.05,40,0,23.643957345971565,0.0,5.5,3.7926664185034724,65.82933752200918,45.82933752200918,20.0,18.0,1.0,0,0,34,6,0.0,1.0,39.0
398,1,right_lane,adaptive,False,0.05,40,0,21.143957345971565,0.0,1.5,3.2086951985766063,61.62939766774183,41.62939766774183,20.0,18.0,1.0,0,0,38,2,0.0,1.0,39.0
399,1,right_lane,adaptive,False,0.05,40,0,20.893957345971565,0.0,1.5,2.82440347597003,61.2303317535545,41.2303317535545,20.0,18.0,1.0,0,0,40,0,0.0,0.0,40.0
400,1,right_lane,adaptive,False,0.05,40,0,20.268957345971565,0.0,13.0,4.710238002240658,60.40399430499483,40.40399430499483,20.0,18.0,1.0,0,0,40,0,0.0,0.0,40.0
401,1,right_lane,adaptive,False,0.05,40,0,20.893957345971565,0.0,2.0,3.788991790264845,61.229397667741154,41.22939766774115,20.0,18.0,1.0,0,0,40,0,0.0,1.0,39.0
402,1,right_lane,adaptive,False,0.05,40,0,21.64395734596714,0.0,8.5,4.009145557553438,62.43033175354743,42.43033175354743,20.0,18.0,1.0,0,0,38,2,0.0,0.0,40.0
403,1,right_lane,adaptive,False,0.05,40,0,20.268957345971565,1.0,19.5,7.980475023388863,59.72804908816139,40.228049088161384,19.5,18.0,1.0,0,0,40,0,1.0,2.0,37.0
404,1,right_lane,adaptive,False,0.05,40,0,22.768956608239495,0.5,3.5,4.529727148357779,63.97839792848959,44.22839792848958,19.75,18.0,1.0,0,0,37,3,1.0,1.0,38.0
405,1,right_lane,adaptive,False,0.05,40,0,21.14395734574971,0.5,7.5,5.509139358997345,61.37839820106145,41.62839820106145,19.75,18.0,1.0,0,0,40,0,1.0,1.0,38.0
406,1,right_lane,adaptive,False,0.05,40,0,22.500043292099726,0.0,1.5,3.6594225241674394,63.79913518185443,43.79913518185443,20.0,18.0,1.0,0,0,36,4,0.0,1.0,39.0
407,1,right_lane,adaptive,False,0.05,40,0,23.372503574111864,8.0,3.5,11.135794260328794,61.643304320156915,45.39330432015693,16.25,18.0,1.0,0,0,37,3,6.0,5.0,29.0
408,1,right_lane,adaptive,False,0.05,40,0,23.018957345970982,2.0,6.0,5.6663783968915595,63.58214046283731,44.83214046283731,18.75,18.0,1.0,0,0,34,6,0.0,4.0,36.0
409,1,right_lane,adaptive,False,0.05,40,0,21.768957345971565,0.5,2.5,4.156881921160675,62.37839910880955,42.628399108809575,19.75,18.0,1.0,0,0,37,3,1.0,1.0,38.0
410,1,right_lane,adaptive,False,0.05,40,0,23.393957345971565,6.5,14.0,11.086476074206985,61.97704705642043,45.22704705642042,16.75,18.0,1.0,0,0,37,3,4.0,7.0,29.0
411,1,right_lane,adaptive,False,0.05,40,0,21.625043292099726,11.0,2.5,14.490718444980757,56.899132376869595,42.3991323768696,14.5,18.0,1.0,0,0,36,4,0.0,23.0,17.0
412,1,right_lane,adaptive,False,0.05,40,0,20.268957345971565,0.0,14.5,4.75494346767664,60.60393415926287,40.60393415926286,20.0,18.0,1.0,0,0,40,0,0.0,0.0,40.0
413,1,right_lane,adaptive,False,0.05,40,0,20.893957345971565,2.5,4.5,7.381756342947483,59.976612122501685,41.226612122501685,18.75,18.0,1.0,0,0,40,0,1.0,5.0,34.0
414,1,right_lane,adaptive,False,0.05,40,0,21.01895734426102,0.5,10.5,5.608325004577637,61.17839717374808,41.42839717374808,19.75,18.0,1.0,0,0,40,0,1.0,1.0,38.0
415,1,right_lane,adaptive,False,0.05,22,1,20.71628608358466,0.5,11.5,5.147178694605827,33.17839717886142,22.428397178861417,10.75,18.0,1.0,0,0,22,0,1.0,1.0,20.0
416,1,right_lane,adaptive,False,0.05,40,0,21.747510011146723,0.5,11.0,5.182276346360595,61.844082668621034,42.094082668621034,19.75,18.0,1.0,0,0,37,3,1.0,1.0,38.0
417,1,right_lane,adaptive,False,0.05,40,0,21.01895239570556,0.0,10.0,4.311742678284645,61.46012062422711,41.4601206242271,20.0,18.0,1.0,0,0,40,0,0.0,0.0,40.0
418,1,right_lane,adaptive,False,0.05,40,0,20.893957345971565,0.0,1.0,3.9484632760190834,61.23033863096109,41.23033863096111,20.0,18.0,1.0,0,0,37,3,0.0,0.0,40.0
419,1,right_lane,adaptive,False,0.05,40,0,24.518956496386206,14.5,7.0,18.171922046109103,59.775848760244216,47.025848760244216,12.75,18.0,1.0,0,0,38,2,10.0,11.0,19.0
420,1,right_lane,adaptive,False,0.05,40,0,20.268957345971565,0.0,3.0,4.836538568139076,60.22939769503105,40.22939769503105,20.0,18.0,1.0,0,0,40,0,0.0,1.0,39.0
421,1,right_lane,adaptive,False,0.05,40,0,22.018957345971565,0.0,2.0,3.8630998395638017,63.02939766774182,43.02939766774183,20.0,18.0,1.0,0,0,36,4,0.0,1.0,39.0
422,1,right_lane,adaptive,False,0.05,40,0,22.3939573459385,0.0,3.0,3.5455041306722705,63.63033175350159,43.6303317535016,20.0,18.0,1.0,0,0,36,4,0.0,0.0,40.0
423,1,right_lane,adaptive,False,0.05,40,0,21.643957345971565,0.0,6.5,3.4662800144415087,62.430331753600434,42.430331753600434,20.0,18.0,1.0,0,0,36,4,0.0,0.0,40.0
424,1,right_lane,adaptive,False,0.05,40,0,21.768957345971565,0.5,8.0,5.190697591568096,62.37839717648495,42.62839717648497,19.75,18.0,1.0,0,0,37,3,1.0,1.0,38.0
425,1,right_lane,adaptive,False,0.05,40,0,20.518957345971565,0.5,0.5,4.222969373688102,60.37839840304393,40.62839840304393,19.75,18.0,1.0,0,0,38,2,1.0,1.0,38.0
426,1,right_lane,adaptive,False,0.05,40,0,22.893957345971565,0.0,0.5,2.4751799672068273,64.42939832968611,44.42939832968611,20.0,18.0,1.0,0,0,34,6,0.0,1.0,39.0
427,1,right_lane,adaptive,False,0.05,19,1,22.145173359931892,0.5,0.5,1.9284066982072545,29.67839840433451,20.42839840433451,9.25,18.0,1.0,0,0,10,9,1.0,1.0,17.0
428,1,right_lane,adaptive,False,0.05,40,0,20.268957345971565,0.0,10.5,5.293514117598534,59.72939651470176,39.72939651470176,20.0,18.0,1.0,0,0,40,0,0.0,1.0,39.0
429,1,right_lane,adaptive,False,0.05,11,1,20.978026711802876,0.5,5.0,1.8747646808624268,16.730331753193266,11.23033175319327,5.5,18.0,1.0,0,0,11,0,0.0,0.0,11.0
430,1,right_lane,adaptive,False,0.05,40,0,21.018957345971565,0.0,13.0,4.3456516105434275,60.6803317535545,40.930331753554505,19.75,18.0,1.0,0,0,38,2,0.0,0.0,40.0
431,1,right_lane,adaptive,False,0.05,40,0,22.393957345971565,0.0,5.5,2.588480510504496,63.630331753554515,43.63033175355451,20.0,18.0,1.0,0,0,24,16,0.0,0.0,40.0
432,1,right_lane,adaptive,False,0.05,40,0,21.393957345971565,0.5,11.5,6.150928234023922,61.77839717648494,42.02839717648495,19.75,18.0,1.0,0,0,37,3,1.0,1.0,38.0
433,1,right_lane,adaptive,False,0.05,40,0,20.50032874938229,0.0,4.0,3.9033008027108735,60.599590760158925,40.599590760158925,20.0,18.0,1.0,0,0,32,8,0.0,1.0,39.0
434,1,right_lane,adaptive,False,0.05,40,0,24.00249644036678,4.0,2.0,7.556014421936652,64.40189570009386,46.401895700093874,18.0,18.0,1.0,0,0,37,3,1.0,8.0,31.0
435,1,right_lane,adaptive,False,0.05,40,0,21.143957345971565,0.5,0.5,4.4534149369983425,61.40126631941572,41.65126631941572,19.75,18.0,1.0,0,0,38,2,1.0,1.0,38.0
436,1,right_lane,adaptive,False,0.05,40,0,21.268957345971565,0.0,11.5,4.067310825684217,62.00399430499484,42.00399430499483,20.0,18.0,1.0,0,0,37,3,0.0,0.0,40.0
437,1,right_lane,adaptive,False,0.05,40,0,20.768957345971565,0.5,9.5,5.814495325088501,60.77839840434078,41.02839840434077,19.75,18.0,1.0,0,0,40,0,1.0,1.0,38.0
438,1,right_lane,adaptive,False,0.05,39,1,22.7117511240734,3.5,10.5,8.82445315202358,60.77511800342515,43.025118003425135,17.75,18.0,1.0,0,0,36,3,1.0,7.0,31.0
439,1,right_lane,adaptive,False,0.05,16,1,26.609877235507703,6.0,4.0,8.15700327605009,24.527278176909554,19.527278176909554,5.0,18.0,1.0,0,0,16,0,4.0,6.0,6.0
440,1,right_lane,adaptive,False,0.05,40,0,21.518957345971565,0.0,7.5,4.506266512194998,61.72939766774183,41.72939766774182,20.0,18.0,1.0,0,0,38,2,0.0,1.0,39.0
441,1,right_lane,adaptive,False,0.05,40,0,21.018957247332974,0.0,12.5,5.0071230083703995,61.42939750991941,41.42939750991941,20.0,18.0,1.0,0,0,40,0,0.0,1.0,39.0
442,1,right_lane,adaptive,False,0.05,40,0,20.893957345971565,0.0,4.0,3.810867603868246,61.230331890593135,41.230331890593135,20.0,18.0,1.0,0,0,40,0,0.0,0.0,40.0
443,1,right_lane,adaptive,False,0.05,40,0,22.018957345971565,0.0,4.0,3.9363008184254795,63.0293983296861,43.02939832968611,20.0,18.0,1.0,0,0,36,4,0.0,1.0,39.0
444,1,right_lane,adaptive,False,0.05,40,0,23.23386784403249,2.0,11.5,6.076937448881836,63.97323547823132,44.97323547823132,19.0,18.0,1.0,0,0,35,5,0.0,4.0,36.0
445,1,right_lane,adaptive,False,0.05,40,0,21.893957345971565,0.5,10.5,5.1508837174192195,62.97447336743801,43.22447336743801,19.75,18.0,1.0,0,0,37,3,1.0,1.0,38.0
446,1,right_lane,adaptive,False,0.05,40,0,21.518957345971558,0.5,9.5,4.846623456048292,61.97839840507329,42.2283984050733,19.75,18.0,1.0,0,0,35,5,1.0,1.0,38.0
447,1,right_lane,adaptive,False,0.05,40,0,22.018957345971565,6.0,5.0,9.86016495525837,60.027991963477,43.02799196347701,17.0,18.0,1.0,0,0,40,0,3.0,7.0,30.0
448,1,right_lane,adaptive,False,0.05,40,0,20.518957345971565,0.0,12.0,4.9230524599552155,60.629396514701746,40.62939651470175,20.0,18.0,1.0,0,0,40,0,0.0,1.0,39.0
449,1,right_lane,adaptive,False,0.05,17,1,20.92695846110954,0.0,9.0,2.9676490128040314,25.92939766652043,17.42939766652043,8.5,18.0,1.0,0,0,17,0,0.0,1.0,16.0
450,1,right_lane,adaptive,False,0.05,40,0,22.643957345971554,0.5,5.0,4.073253207299786,63.27839840507329,43.52839840507329,19.75,18.0,1.0,0,0,33,7,1.0,1.0,38.0
451,1,right_lane,adaptive,False,0.05,40,0,21.143957345971565,0.0,1.0,2.8368527367711067,61.63033175355451,41.630331753554515,20.0,18.0,1.0,0,0,40,0,0.0,0.0,40.0
452,1,right_lane,adaptive,False,0.05,40,0,21.608867844032495,4.5,12.0,9.397856877068989,60.12412309024453,42.37412309024453,17.75,18.0,1.0,0,0,39,1,0.0,10.0,30.0
453,1,right_lane,adaptive,False,0.05,40,0,22.893957345970982,3.0,0.5,5.6817018986955645,63.325712769938946,44.825712769938946,18.5,18.0,1.0,0,0,31,9,1.0,4.0,35.0
454,1,right_lane,adaptive,False,0.05,40,0,21.143957345971565,0.0,8.5,3.093398846159289,61.629396514702556,41.62939651470256,20.0,18.0,1.0,0,0,26,14,0.0,1.0,39.0
455,1,right_lane,adaptive,False,0.05,25,1,22.4303317535545,1.0,9.0,4.538006480783224,39.4783991088609,27.22839910886089,12.25,18.0,1.0,0,0,25,0,1.0,1.0,23.0
456,1,right_lane,adaptive,False,0.05,40,0,22.393957345971565,0.0,9.0,3.2674804531725385,62.88033175355452,43.13033175355451,19.75,18.0,1.0,0,0,36,4,0.0,0.0,40.0
457,1,right_lane,adaptive,False,0.05,40,0,23.768957345971565,0.5,2.0,2.8657265866467014,65.8303317535545,45.830331753554496,20.0,18.0,1.0,0,0,32,8,0.0,0.0,40.0
458,1,right_lane,adaptive,False,0.05,40,0,22.768956693888633,0.5,5.5,4.399748552375968,63.7283973617406,44.22839736174062,19.5,18.0,1.0,0,0,36,4,1.0,1.0,38.0
459,1,right_lane,adaptive,False,0.05,40,0,21.268957345971565,0.0,10.0,4.448887813836336,61.829398573680905,41.82939857368089,20.0,18.0,1.0,0,0,40,0,0.0,1.0,39.0
460,1,right_lane,adaptive,False,0.05,40,0,21.268957345971565,0.5,1.0,4.011265810112263,61.57839718118255,41.82839718118254,19.75,18.0,1.0,0,0,39,1,1.0,1.0,38.0
461,1,right_lane,adaptive,False,0.05,40,0,21.018957345971565,0.0,8.0,4.724002908915281,61.429397666520444,41.429397666520444,20.0,18.0,1.0,0,0,40,0,0.0,1.0,39.0
462,1,right_lane,adaptive,False,0.05,40,0,23.893957345971565,7.5,13.0,11.82141298770921,62.27837785141184,46.02837785141184,16.25,18.0,1.0,0,0,38,2,8.0,1.0,31.0
463,1,right_lane,adaptive,False,0.05,40,0,22.018957345971554,0.0,1.0,2.381006443222077,63.03033175355449,43.030331753554485,20.0,18.0,1.0,0,0,36,4,0.0,0.0,40.0
464,1,right_lane,adaptive,False,0.05,38,1,20.54627089026285,0.0,1.0,2.6890917614582577,57.63033175319954,38.630331753199535,19.0,18.0,1.0,0,0,33,5,0.0,0.0,38.0
465,1,right_lane,adaptive,False,0.05,40,0,22.26895734597105,8.0,3.0,11.43318031282979,58.926843607123956,42.92684360712395,16.0,18.0,1.0,0,0,35,5,7.0,4.0,29.0
466,1,right_lane,adaptive,False,0.05,40,0,21.143957345971565,0.5,0.0,4.999698710627854,61.37839910886161,41.62839910886161,19.75,18.0,1.0,0,0,39,1,1.0,1.0,38.0
467,1,right_lane,adaptive,False,0.05,40,0,21.393957345971565,0.0,10.0,3.9066026987084115,62.030331753554506,42.030331753554506,20.0,18.0,1.0,0,0,37,3,0.0,0.0,40.0
468,1,right_lane,adaptive,False,0.05,40,0,20.893957345971565,0.0,7.0,3.969410389661789,61.2303317535545,41.2303317535545,20.0,18.0,1.0,0,0,40,0,0.0,0.0,40.0
469,1,right_lane,adaptive,False,0.05,40,0,22.62500001301917,0.0,3.0,3.5966808749149095,64.00000002083068,44.00000002083068,20.0,18.0,1.0,0,0,38,2,0.0,0.0,40.0
470,1,right_lane,adaptive,False,0.05,40,0,21.1439573331451,0.5,7.0,5.085564442735631,61.578397137875065,41.828397137875065,19.75,18.0,1.0,0,0,37,3,1.0,1.0,38.0
471,1,right_lane,adaptive,False,0.05,40,0,23.268957345971565,0.0,0.0,3.280277167357781,65.0303317713743,45.03033177137431,20.0,18.0,1.0,0,0,34,6,0.0,0.0,40.0
472,1,right_lane,adaptive,False,0.05,40,0,22.143952395705558,0.0,2.0,3.3909230334447784,63.22938974800511,43.22938974800512,20.0,18.0,1.0,0,0,36,4,0.0,1.0,39.0
473,1,right_lane,adaptive,False,0.05,40,0,21.893957334662417,1.5,10.0,5.43907423391056,62.07940309552289,42.829403095522906,19.25,18.0,1.0,0,0,38,2,0.0,3.0,37.0
474,1,right_lane,adaptive,False,0.05,19,1,22.671489149405435,0.5,2.0,2.7420559627498733,30.078398420778736,20.828398420778736,9.25,18.0,1.0,0,0,17,2,1.0,1.0,17.0
475,1,right_lane,adaptive,False,0.05,40,0,20.768957345971565,0.5,3.5,5.099306385964155,60.2783991088143,40.5283991088143,19.75,18.0,1.0,0,0,40,0,1.0,1.0,38.0
476,1,right_lane,adaptive,False,0.05,40,0,24.14113226785104,1.5,3.0,4.8317345419091,65.6751034668277,46.425103466827686,19.25,18.0,1.0,0,0,34,6,0.0,3.0,37.0
477,1,right_lane,adaptive,False,0.05,40,0,20.768957345971565,0.0,2.0,3.899516500532627,61.03291879278069,41.0329187927807,20.0,18.0,1.0,0,0,40,0,0.0,0.0,40.0
478,1,right_lane,adaptive,False,0.05,40,0,21.518957345971565,5.0,5.5,9.501864456855401,59.726535173651826,42.22653517365183,17.5,18.0,1.0,0,0,39,1,3.0,6.0,31.0
479,1,right_lane,adaptive,False,0.05,40,0,25.268957345971565,8.0,6.5,12.338968313762052,64.22249223052546,48.222492230525454,16.0,18.0,1.0,0,0,39,1,4.0,10.0,26.0
480,1,right_lane,adaptive,False,0.05,40,0,22.39150419744946,2.0,15.0,6.6396186796082475,62.624766392623904,43.62476639262391,19.0,18.0,1.0,0,0,33,7,1.0,4.0,35.0
481,1,right_lane,adaptive,False,0.05,40,0,20.518957345971565,0.0,14.5,4.7494427734054625,60.63280582799123,40.63280582799123,20.0,18.0,1.0,0,0,37,3,0.0,1.0,39.0
482,1,right_lane,adaptive,False,0.05,40,0,22.39178965473164,6.0,8.5,9.763920960016549,60.624118250797174,43.62411825079718,17.0,18.0,1.0,0,0,39,1,4.0,5.0,31.0
483,1,right_lane,adaptive,False,0.05,40,0,20.643957345971565,0.0,4.0,4.407045394182205,60.832409242072835,40.832409242072835,20.0,18.0,1.0,0,0,40,0,0.0,1.0,39.0
484,1,right_lane,adaptive,False,0.05,40,0,21.143957345775526,0.5,1.0,4.869267157453578,61.3783984047596,41.628398404759594,19.75,18.0,1.0,0,0,37,3,1.0,1.0,38.0
485,1,right_lane,adaptive,False,0.05,40,0,21.018957345971565,0.0,0.5,0.7758244709257269,61.4293976680135,41.42939766801351,20.0,18.0,1.0,0,0,6,34,0.0,1.0,39.0
486,1,right_lane,adaptive,False,0.05,40,0,21.518957345971565,1.5,4.5,5.726590983569622,61.479637483099914,42.22963748309991,19.25,18.0,1.0,0,0,40,0,0.0,3.0,37.0
487,1,right_lane,adaptive,False,0.05,40,0,24.518957345971057,0.0,1.5,3.139266015750536,67.02939832968529,47.02939832968528,20.0,18.0,1.0,0,0,30,10,0.0,1.0,39.0
488,1,right_lane,adaptive,False,0.05,40,0,22.76646090706425,7.0,1.0,8.724864357856859,60.897129058127746,44.39712905812776,16.5,18.0,1.0,0,0,24,16,6.0,3.0,31.0
489,1,right_lane,adaptive,False,0.05,40,0,21.768956498296195,0.0,6.5,3.890795450193764,62.633798691334604,42.633798691334604,20.0,18.0,1.0,0,0,36,4,0.0,0.0,40.0
490,1,right_lane,adaptive,False,0.05,40,0,20.893957345971565,0.0,1.5,3.8771734163165092,61.23033293123026,41.23033293123025,20.0,18.0,1.0,0,0,40,0,0.0,0.0,40.0
491,1,right_lane,adaptive,False,0.05,40,0,21.643957345937995,0.5,8.0,5.1592975336825475,62.17839840299022,42.42839840299022,19.75,18.0,1.0,0,0,37,3,1.0,1.0,38.0
492,1,right_lane,adaptive,False,0.05,40,0,20.268957345971565,0.0,11.0,4.426961503922939,60.23033175360114,40.23033175360114,20.0,18.0,1.0,0,0,40,0,0.0,0.0,40.0
493,1,right_lane,adaptive,False,0.05,40,0,22.143957345971565,0.0,15.5,4.678686205777467,63.2293983296861,43.229398329686106,20.0,18.0,1.0,0,0,39,1,0.0,1.0,39.0
494,1,right_lane,adaptive,False,0.05,40,0,21.518957345971565,0.0,3.5,3.9736467398947752,62.230331753554495,42.23033175355451,20.0,18.0,1.0,0,0,37,3,0.0,0.0,40.0
495,1,right_lane,adaptive,False,0.05,40,0,20.393957345971565,0.0,2.0,4.240342602133751,60.429397666520444,40.429397666520444,20.0,18.0,1.0,0,0,40,0,0.0,1.0,39.0
496,1,right_lane,adaptive,False,0.05,40,0,22.268957345971565,2.0,4.5,5.863190249178842,62.426984689440516,43.426984689440516,19.0,18.0,1.0,0,0,39,1,1.0,4.0,35.0
497,1,right_lane,adaptive,False,0.05,40,0,21.768957345971565,0.0,1.0,3.65140099148266,62.629398329686104,42.6293983296861,20.0,18.0,1.0,0,0,38,2,0.0,1.0,39.0
498,1,right_lane,adaptive,False,0.05,40,0,21.89366628653611,0.0,1.0,1.3627195808396664,62.82986605845779,42.82986605845778,20.0,18.0,1.0,0,0,17,23,0.0,0.0,40.0
499,1,right_lane,adaptive,False,0.05,40,0,20.768957345971508,0.0,13.0,4.603213392198086,61.030736122547864,41.030736122547864,20.0,18.0,1.0,0,0,40,0,0.0,0.0,40.0
500,1,right_lane,adaptive,False,0.05,40,0,20.393957345971565,0.5,11.5,5.550509735941887,60.17839717648504,40.42839717648504,19.75,18.0,1.0,0,0,40,0,1.0,1.0,38.0
501,1,right_lane,adaptive,False,0.05,40,0,22.76895733124236,7.5,9.0,12.055552568785515,60.47758507720959,44.22758507720959,16.25,18.0,1.0,0,0,39,1,4.0,7.0,29.0
502,1,right_lane,adaptive,False,0.05,40,0,20.643957345971565,0.0,0.0,3.5426772125065327,60.82939768698827,40.82939768698827,20.0,18.0,1.0,0,0,40,0,0.0,1.0,39.0
503,1,right_lane,adaptive,False,0.05,40,0,21.143957345971565,0.5,7.0,5.434889694306094,61.378398404340764,41.62839840434078,19.75,18.0,1.0,0,0,37,3,1.0,1.0,38.0
504,1,right_lane,adaptive,False,0.05,11,1,24.485753733021287,1.0,2.5,2.331599466959233,18.02179899778363,12.771798997783629,5.25,18.0,1.0,0,0,9,2,1.0,1.0,9.0
505,1,right_lane,adaptive,False,0.05,40,0,21.268957345971565,0.0,4.5,2.808235606411472,61.08033175355449,41.330331753554496,19.75,18.0,1.0,0,0,30,10,0.0,0.0,40.0
506,1,right_lane,adaptive,False,0.05,40,0,20.768957345971565,0.5,1.0,4.795718543231487,60.77839840434078,41.02839840434077,19.75,18.0,1.0,0,0,40,0,1.0,1.0,38.0
507,1,right_lane,adaptive,False,0.05,40,0,23.375005701017248,4.5,4.0,8.449128419000772,62.94763958790681,45.19763958790681,17.75,18.0,1.0,0,0,38,2,2.0,6.0,32.0
508,1,right_lane,adaptive,False,0.05,40,0,20.518957345971565,0.0,11.0,4.699318617582321,60.82938974731433,40.82938974731434,20.0,18.0,1.0,0,0,40,0,0.0,1.0,39.0
509,1,right_lane,adaptive,False,0.05,40,0,20.393957345971565,0.5,18.0,6.097127519547939,60.17839717648496,40.42839717648496,19.75,18.0,1.0,0,0,40,0,1.0,1.0,38.0
510,1,right_lane,adaptive,False,0.05,40,0,22.51891975488524,0.5,6.5,4.466596523497401,63.578338258602656,43.828338258602656,19.75,18.0,1.0,0,0,33,7,1.0,1.0,38.0
511,1,right_lane,adaptive,False,0.05,40,0,21.518957345971565,2.0,6.0,6.624966084957123,61.22775706366657,42.22775706366658,19.0,18.0,1.0,0,0,40,0,1.0,4.0,35.0
512,1,right_lane,adaptive,False,0.05,40,0,22.75000570101725,0.0,3.0,3.620068051131966,64.20000912162757,44.200009121627595,20.0,18.0,1.0,0,0,38,2,0.0,0.0,40.0
513,1,right_lane,adaptive,False,0.05,40,0,20.893956694084682,0.5,1.5,3.453916818738435,61.00472688945583,41.254726889455824,19.75,18.0,1.0,0,0,23,17,1.0,1.0,38.0
514,1,right_lane,adaptive,False,0.05,40,0,21.143957345971565,0.5,4.0,4.604896608054332,61.378399310006195,41.6283993100062,19.75,18.0,1.0,0,0,38,2,1.0,1.0,38.0
515,1,right_lane,adaptive,False,0.05,40,0,22.26895659522039,0.5,0.5,3.916584843218061,63.17839720313889,43.42839720313889,19.75,18.0,1.0,0,0,34,6,1.0,1.0,38.0
516,1,right_lane,adaptive,False,0.05,40,0,21.393957345971565,0.5,12.5,4.932815681973807,61.77839944735841,42.02839944735842,19.75,18.0,1.0,0,0,34,6,1.0,1.0,38.0
517,1,right_lane,adaptive,False,0.05,40,0,20.643957345971565,3.0,15.0,8.942538745701313,59.327940547787875,40.82794054778788,18.5,18.0,1.0,0,0,40,0,1.0,6.0,33.0
518,1,right_lane,adaptive,False,0.05,40,0,21.143957345941843,4.5,6.0,8.477315369993448,59.37940004890149,41.62940004890149,17.75,18.0,1.0,0,0,40,0,0.0,9.0,31.0
519,1,right_lane,adaptive,False,0.05,40,0,20.768957345971565,0.5,15.0,5.780786231160164,60.77839910885005,41.02839910885006,19.75,18.0,1.0,0,0,40,0,1.0,1.0,38.0
520,1,right_lane,adaptive,False,0.05,40,0,21.268957345971565,0.0,0.0,3.17664997571228,61.83033175355452,41.8303317535545,20.0,18.0,1.0,0,0,37,3,0.0,0.0,40.0
521,1,right_lane,adaptive,False,0.05,40,0,20.768957345971565,0.0,7.0,4.359305377589408,61.029396514701766,41.02939651470176,20.0,18.0,1.0,0,0,39,1,0.0,1.0,39.0
522,1,right_lane,adaptive,False,0.05,40,0,21.250328749382216,0.0,5.0,4.084363896476134,61.80052599901154,41.80052599901155,20.0,18.0,1.0,0,0,38,2,0.0,0.0,40.0
523,1,right_lane,adaptive,False,0.05,23,1,22.424273645167922,0.5,4.5,3.465519067416608,36.30427789809019,25.05427789809019,11.25,18.0,1.0,0,0,22,1,1.0,1.0,21.0
524,1,right_lane,adaptive,False,0.05,40,0,24.89395724713693,0.0,1.5,2.748141686011877,67.12939817155069,47.12939817155069,20.0,18.0,1.0,0,0,31,9,0.0,1.0,39.0
525,1,right_lane,adaptive,False,0.05,40,0,22.018957345971565,1.5,15.0,6.350926193019404,62.277737255629276,43.02773725562927,19.25,18.0,1.0,0,0,39,1,0.0,4.0,36.0
526,1,right_lane,adaptive,False,0.05,40,0,22.893957345971565,5.5,14.0,10.252366788264226,61.67383833433164,44.42383833433164,17.25,18.0,1.0,0,0,37,3,1.0,10.0,29.0
527,1,right_lane,adaptive,False,0.05,40,0,20.893956694084675,0.5,3.0,5.119378216564655,60.978396133465935,41.228396133465935,19.75,18.0,1.0,0,0,40,0,1.0,1.0,38.0
528,1,right_lane,adaptive,False,0.05,40,0,23.64395734574586,5.5,8.0,9.710931436214196,62.87581455020384,45.62581455020384,17.25,18.0,1.0,0,0,36,4,1.0,11.0,28.0
529,1,right_lane,adaptive,False,0.05,40,0,20.768957345971565,0.5,4.5,5.055273471371947,60.77839840465307,41.02839840465307,19.75,18.0,1.0,0,0,36,4,1.0,1.0,38.0
530,1,right_lane,adaptive,False,0.05,40,0,21.643957345941836,0.0,4.0,3.550262725322682,62.43033175350694,42.43033175350693,20.0,18.0,1.0,0,0,35,5,0.0,0.0,40.0
531,1,right_lane,adaptive,False,0.05,40,0,21.393957345971565,0.0,0.5,2.694348484729062,62.030331753595796,42.03033175359579,20.0,18.0,1.0,0,0,30,10,0.0,0.0,40.0
532,1,right_lane,adaptive,False,0.05,40,0,21.75249644062177,0.0,12.5,5.05427150140531,62.60306021918147,42.60306021918147,20.0,18.0,1.0,0,0,39,1,0.0,1.0,39.0
533,1,right_lane,adaptive,False,0.05,40,0,21.893957345971565,0.0,1.0,3.8576079375379777,63.02686344757134,43.026863447571344,20.0,18.0,1.0,0,0,39,1,0.0,0.0,40.0
534,1,right_lane,adaptive,False,0.05,40,0,20.643957345968165,0.5,12.0,5.724619619548321,60.57839840303849,40.82839840303849,19.75,18.0,1.0,0,0,40,0,1.0,1.0,38.0
535,1,right_lane,adaptive,False,0.05,29,1,22.43994116685733,2.0,3.0,5.1818121715991765,45.1284480947147,31.6284480947147,13.5,18.0,1.0,0,0,26,3,1.0,4.0,24.0
536,1,right_lane,adaptive,False,0.05,40,0,20.750043292099726,0.5,2.0,5.1362404972314835,60.248134690290016,40.498134690290016,19.75,18.0,1.0,0,0,40,0,1.0,1.0,38.0
537,1,right_lane,adaptive,False,0.05,40,0,21.018957345971565,1.5,7.0,5.692666158080101,60.70567482367649,41.455674823676475,19.25,18.0,1.0,0,0,40,0,0.0,3.0,37.0
538,1,right_lane,adaptive,False,0.05,40,0,20.768957345971565,3.5,3.5,8.466673381626606,59.278057457645694,41.0280574576457,18.25,18.0,1.0,0,0,40,0,1.0,7.0,32.0
539,1,right_lane,adaptive,False,0.05,40,0,20.393957345971565,0.5,10.5,5.513708840124309,60.17839717648496,40.42839717648496,19.75,18.0,1.0,0,0,38,2,1.0,1.0,38.0
540,1,right_lane,adaptive,False,0.05,40,0,21.75032874938229,0.0,4.0,3.426375263154114,62.60052599901167,42.60052599901167,20.0,18.0,1.0,0,0,38,2,0.0,0.0,40.0
541,1,right_lane,adaptive,False,0.05,40,0,22.893957345971565,0.0,13.5,4.755833969335072,64.6298750219024,44.6298750219024,20.0,18.0,1.0,0,0,36,4,0.0,0.0,40.0
542,1,right_lane,adaptive,False,0.05,40,0,23.268957345971565,0.0,11.0,3.9957518642768264,65.0293983296861,45.02939832968612,20.0,18.0,1.0,0,0,36,4,0.0,1.0,39.0
543,1,right_lane,adaptive,False,0.05,40,0,22.018957345971565,0.0,9.0,4.333438618197761,63.0293983296861,43.0293983296861,20.0,18.0,1.0,0,0,37,3,0.0,1.0,39.0
544,1,right_lane,adaptive,False,0.05,40,0,20.768957345971565,0.0,3.0,4.329757481813431,61.02939651470176,41.029396514701766,20.0,18.0,1.0,0,0,40,0,0.0,1.0,39.0
545,1,right_lane,adaptive,False,0.05,40,0,23.268957345971565,0.0,1.0,3.741264704554851,65.02939766843072,45.02939766843072,20.0,18.0,1.0,0,0,36,4,0.0,1.0,39.0
546,1,right_lane,adaptive,False,0.05,40,0,22.768957345971565,0.0,0.0,0.9952425314195352,64.2293983296861,44.229398329686106,20.0,18.0,1.0,0,0,8,32,0.0,1.0,39.0
547,1,right_lane,adaptive,False,0.05,40,0,21.143957345971565,0.0,11.0,5.442297255067388,61.6293983296861,41.6293983296861,20.0,18.0,1.0,0,0,38,2,0.0,1.0,39.0
548,1,right_lane,adaptive,False,0.05,40,0,21.518957345971565,0.0,2.0,2.6173444953315084,62.2303317535545,42.2303317535545,20.0,18.0,1.0,0,0,39,1,0.0,0.0,40.0
549,1,right_lane,adaptive,False,0.05,40,0,20.893957345971565,3.0,18.0,9.02931997179985,59.72705768888322,41.227057688883235,18.5,18.0,1.0,0,0,40,0,1.0,6.0,33.0
550,1,right_lane,adaptive,False,0.05,40,0,21.018957345971558,2.0,7.5,6.694530360400677,60.42805542793949,41.42805542793949,19.0,18.0,1.0,0,0,40,0,0.0,4.0,36.0
551,1,right_lane,adaptive,False,0.05,40,0,20.268957345971565,0.0,8.5,4.846991680562496,60.229396514701776,40.22939651470177,20.0,18.0,1.0,0,0,40,0,0.0,1.0,39.0
552,1,right_lane,adaptive,False,0.05,40,0,21.393956596934782,0.0,1.5,3.3691465446518123,62.02939531626012,42.02939531626012,20.0,18.0,1.0,0,0,37,3,0.0,1.0,39.0
553,1,right_lane,adaptive,False,0.05,40,0,23.51895734596713,7.5,12.0,11.915913491291576,61.67523819211008,45.42523819211008,16.25,18.0,1.0,0,0,38,2,4.0,8.0,28.0
554,1,right_lane,adaptive,False,0.05,40,0,20.518957345971565,0.0,10.5,5.1256663128733635,60.80399430500099,40.80399430500099,20.0,18.0,1.0,0,0,40,0,0.0,0.0,40.0
555,1,right_lane,adaptive,False,0.05,40,0,21.393957345971565,0.0,5.5,3.2981203873980576,62.030331753554506,42.03033175355451,20.0,18.0,1.0,0,0,31,9,0.0,0.0,40.0
556,1,right_lane,adaptive,False,0.05,40,0,22.143671888689,0.0,4.5,3.159899291997135,63.228940934872874,43.228940934872874,20.0,18.0,1.0,0,0,32,8,0.0,1.0,39.0
557,1,right_lane,adaptive,False,0.05,40,0,23.99783240762488,0.0,3.5,2.788257228870407,66.19692843811995,46.19692843811995,20.0,18.0,1.0,0,0,31,9,0.0,0.0,40.0
558,1,right_lane,adaptive,False,0.05,40,0,24.374676852775025,4.5,8.0,8.955693614572283,64.74895338397805,46.99895338397804,17.75,18.0,1.0,0,0,36,4,0.0,10.0,30.0
559,1,right_lane,adaptive,False,0.05,40,0,22.627496341983182,0.0,4.5,3.80894489530192,64.20350665940124,44.20350665940126,20.0,18.0,1.0,0,0,36,4,0.0,1.0,39.0
560,1,right_lane,adaptive,False,0.05,40,0,20.518957345971565,3.0,12.5,8.536454740911722,59.40126768265907,40.65126768265907,18.75,18.0,1.0,0,0,40,0,1.0,5.0,34.0
561,1,right_lane,adaptive,False,0.05,40,0,21.143957345971565,0.5,3.5,4.706411827355623,61.12839840507326,41.62839840507327,19.5,18.0,1.0,0,0,40,0,1.0,1.0,38.0
562,1,right_lane,adaptive,False,0.05,40,0,21.893957247332974,1.5,5.5,5.525359954335727,62.07844928590836,42.828449285908356,19.25,18.0,1.0,0,0,37,3,0.0,3.0,37.0
563,1,right_lane,adaptive,False,0.05,40,0,20.768957345971565,2.0,8.0,7.303769685328007,60.028055025015526,41.02805502501554,19.0,18.0,1.0,0,0,40,0,0.0,5.0,35.0
564,1,right_lane,adaptive,False,0.05,40,0,21.14395659544609,5.5,16.0,11.356943130493164,58.87795127677489,41.62795127677489,17.25,18.0,1.0,0,0,40,0,1.0,11.0,28.0
565,1,right_lane,adaptive,False,0.05,40,0,20.8939566082395,0.0,0.0,2.7117902099416824,61.23033161588854,41.230331615888545,20.0,18.0,1.0,0,0,29,11,0.0,0.0,40.0
566,1,right_lane,adaptive,False,0.05,40,0,21.393957345971565,0.0,0.5,3.718865985994853,62.03033277848597,42.03033277848597,20.0,18.0,1.0,0,0,38,2,0.0,0.0,40.0
567,1,right_lane,adaptive,False,0.05,40,0,20.518957345971565,0.0,16.0,5.51214220741349,60.629397667739944,40.629397667739944,20.0,18.0,1.0,0,0,33,7,0.0,1.0,39.0
568,1,right_lane,adaptive,False,0.05,40,0,20.768957345971565,0.0,10.0,4.644730444907054,61.02939651471896,41.02939651471896,20.0,18.0,1.0,0,0,39,1,0.0,1.0,39.0
569,1,right_lane,adaptive,False,0.05,40,0,21.893957345971565,0.0,1.0,2.6671053573682,62.8293983296861,42.829398329686114,20.0,18.0,1.0,0,0,37,3,0.0,1.0,39.0
570,1,right_lane,adaptive,False,0.05,40,0,21.00032874938229,3.5,1.0,4.218694496958051,59.899611702178774,41.399611702178774,18.5,18.0,1.0,0,0,11,29,2.0,2.0,36.0
571,1,right_lane,adaptive,False,0.05,40,0,24.518957345971565,2.5,3.0,5.51555612149923,65.90126041085334,47.40126041085335,18.5,18.0,1.0,0,0,33,7,0.0,5.0,35.0
572,1,right_lane,adaptive,False,0.05,40,0,23.51895669408468,5.0,3.5,8.582978073507547,62.929622540463825,45.429622540463825,17.5,18.0,1.0,0,0,40,0,0.0,11.0,29.0
573,1,right_lane,adaptive,False,0.05,40,0,22.018957345971565,0.0,5.0,3.5156196692378217,63.02939923535282,43.02939923535282,20.0,18.0,1.0,0,0,33,7,0.0,1.0,39.0
574,1,right_lane,adaptive,False,0.05,40,0,20.768957345971565,2.5,11.5,7.785125106573105,59.77805103463352,41.02805103463351,18.75,18.0,1.0,0,0,40,0,0.0,6.0,34.0
575,1,right_lane,adaptive,False,0.05,40,0,22.018919644945782,0.0,4.5,3.4132965415692524,63.02933734487919,43.029337344879195,20.0,18.0,1.0,0,0,37,3,0.0,1.0,39.0
576,1,right_lane,adaptive,False,0.05,40,0,20.268957345971565,0.0,7.0,4.109337388279528,60.403111444192724,40.403111444192724,20.0,18.0,1.0,0,0,30,10,0.0,1.0,39.0
577,1,right_lane,adaptive,False,0.05,40,0,22.89395734596714,6.0,8.5,10.063391622584959,61.429623304596895,44.429623304596895,17.0,18.0,1.0,0,0,34,6,0.0,12.0,28.0
578,1,right_lane,adaptive,False,0.05,40,0,21.518957345971565,0.0,3.0,3.3007845343090594,62.23033175356065,42.23033175356065,20.0,18.0,1.0,0,0,39,1,0.0,0.0,40.0
579,1,right_lane,adaptive,False,0.05,40,0,20.518957345971565,0.0,17.5,5.020669512450695,60.630331753554515,40.6303317535545,20.0,18.0,1.0,0,0,40,0,0.0,0.0,40.0
580,1,right_lane,adaptive,False,0.05,40,0,21.64395734448282,0.0,7.0,4.270873298522929,62.43033175117251,42.43033175117251,20.0,18.0,1.0,0,0,38,2,0.0,0.0,40.0
581,1,right_lane,adaptive,False,0.05,40,0,21.018957345971565,0.0,4.5,2.7493016761072795,61.42939766980946,41.42939766980946,20.0,18.0,1.0,0,0,23,17,0.0,1.0,39.0
582,1,right_lane,adaptive,False,0.05,40,0,24.268957345971565,0.0,0.0,2.9248913972369337,66.6303317535545,46.630331753554515,20.0,18.0,1.0,0,0,36,4,0.0,0.0,40.0
583,1,right_lane,adaptive,False,0.05,40,0,20.268957345971565,0.0,14.5,6.022121869027615,60.22939651470176,40.22939651470176,20.0,18.0,1.0,0,0,40,0,0.0,1.0,39.0
584,1,right_lane,adaptive,False,0.05,40,0,23.643957345971565,2.0,0.5,5.887803520707166,64.62674365458555,45.626743654585546,19.0,18.0,1.0,0,0,35,5,1.0,4.0,35.0
585,1,right_lane,adaptive,False,0.05,40,0,22.268957247332974,2.0,5.5,5.487492345450846,62.42868997722676,43.42868997722676,19.0,18.0,1.0,0,0,35,5,1.0,4.0,35.0
586,1,right_lane,adaptive,False,0.05,40,0,20.268957345971565,0.0,6.0,4.3649832755327225,60.230331890593135,40.230331890593135,20.0,18.0,1.0,0,0,40,0,0.0,0.0,40.0
587,1,right_lane,adaptive,False,0.05,35,1,21.73595125253893,0.0,3.5,2.2600581676797447,54.73033175355451,37.23033175355451,17.5,18.0,1.0,0,0,23,12,0.0,0.0,35.0
588,1,right_lane,adaptive,False,0.05,40,0,21.393957345971565,4.5,17.5,9.505667217075825,59.27686854162552,41.526868541625525,17.75,18.0,1.0,0,0,40,0,4.0,3.0,33.0
589,1,right_lane,adaptive,False,0.05,38,1,23.57258667793238,1.5,4.0,5.343874976024381,61.47963748000263,43.22963748000263,18.25,18.0,1.0,0,0,34,4,0.0,3.0,35.0
590,1,right_lane,adaptive,False,0.05,40,0,22.768957345971565,0.0,4.0,3.6114909543628073,63.729398329686106,43.7293983296861,20.0,18.0,1.0,0,0,36,4,0.0,1.0,39.0
591,1,right_lane,adaptive,False,0.05,9,1,21.19536592423284,0.5,4.5,2.074934810400009,13.72939649387108,9.22939649387108,4.5,18.0,1.0,0,0,9,0,0.0,1.0,8.0
592,1,right_lane,adaptive,False,0.05,40,0,21.393671888659334,0.0,4.0,4.045430671423674,61.27894159798654,41.52894159798654,19.75,18.0,1.0,0,0,40,0,0.0,1.0,39.0
593,1,right_lane,adaptive,False,0.05,40,0,23.518957344257114,0.0,1.0,3.5308238184952643,65.42979491290433,45.42979491290433,20.0,18.0,1.0,0,0,35,5,0.0,1.0,39.0
594,1,right_lane,adaptive,False,0.05,40,0,22.018957345971565,0.0,0.5,2.837294090539217,63.029398332067984,43.029398332067984,20.0,18.0,1.0,0,0,38,2,0.0,1.0,39.0
595,1,right_lane,adaptive,False,0.05,40,0,21.018957345970993,0.0,5.5,4.372724889458368,61.429397667739025,41.429397667739025,20.0,18.0,1.0,0,0,38,2,0.0,1.0,39.0
596,1,right_lane,adaptive,False,0.05,40,0,20.768957345971565,0.0,1.5,4.533565729856491,61.02939766774195,41.02939766774195,20.0,18.0,1.0,0,0,40,0,0.0,1.0,39.0
597,1,right_lane,adaptive,False,0.05,40,0,20.268957345971565,0.0,5.0,4.763686917722225,60.22939651470176,40.22939651470176,20.0,18.0,1.0,0,0,40,0,0.0,1.0,39.0
598,1,right_lane,adaptive,False,0.05,38,1,20.6778498378648,0.0,1.0,1.2078738735308434,57.8303317535545,38.8303317535545,19.0,18.0,1.0,0,0,10,28,0.0,0.0,38.0
599,1,right_lane,adaptive,False,0.05,29,1,20.71580323582285,3.5,13.0,8.27191549539566,41.877006361148226,29.127006361148226,12.75,18.0,1.0,0,0,29,0,1.0,7.0,21.0
600,1,right_lane,adaptive,False,0.05,40,0,20.76891480462308,1.5,16.5,6.490884467959404,59.77932059735108,40.52932059735108,19.25,18.0,1.0,0,0,40,0,0.0,4.0,36.0
601,1,right_lane,adaptive,False,0.05,40,0,20.518957345971565,0.5,1.0,1.8725714590837015,60.378457505756884,40.628457505756884,19.75,18.0,1.0,0,0,9,31,1.0,1.0,38.0
602,1,right_lane,adaptive,False,0.05,40,0,20.89395734596765,0.0,10.5,4.661717407405376,61.22939766651418,41.229397666514174,20.0,18.0,1.0,0,0,40,0,0.0,1.0,39.0
603,1,right_lane,adaptive,False,0.05,40,0,22.143957345945747,0.5,3.0,4.9541750950365895,62.97839910882503,43.22839910882504,19.75,18.0,1.0,0,0,38,2,1.0,1.0,38.0
604,1,right_lane,adaptive,False,0.05,40,0,22.26895174381868,0.0,11.0,4.021082553706947,63.43032279014575,43.43032279014576,20.0,18.0,1.0,0,0,38,2,0.0,0.0,40.0
605,1,right_lane,adaptive,False,0.05,40,0,21.393629347340514,0.0,13.5,4.49281559337669,62.028880653005466,42.028880653005466,20.0,18.0,1.0,0,0,38,2,0.0,1.0,39.0
606,1,right_lane,adaptive,False,0.05,40,0,21.87532874938229,0.5,2.5,4.318235631958942,62.54904833843103,42.79904833843103,19.75,18.0,1.0,0,0,38,2,1.0,1.0,38.0
607,1,right_lane,adaptive,False,0.05,40,0,20.643957345971565,0.0,1.5,3.175330016762018,61.029875021902406,41.029875021902406,20.0,18.0,1.0,0,0,40,0,0.0,0.0,40.0
608,1,right_lane,adaptive,False,0.05,13,1,21.981407213098787,0.0,1.0,1.3579340055584908,20.330331750811368,13.83033175081137,6.5,18.0,1.0,0,0,13,0,0.0,0.0,13.0
609,1,right_lane,adaptive,False,0.05,40,0,21.768957345971565,0.0,4.5,4.611895602365621,62.12939766843071,42.12939766843071,20.0,18.0,1.0,0,0,39,1,0.0,1.0,39.0
610,1,right_lane,adaptive,False,0.05,40,0,21.0189573329563,0.0,6.5,3.6010655196023436,61.43033173273008,41.43033173273009,20.0,18.0,1.0,0,0,38,2,0.0,0.0,40.0
611,1,right_lane,adaptive,False,0.05,40,0,21.518957345971565,0.0,3.5,3.231462056053715,62.23033177163661,42.230331771636614,20.0,18.0,1.0,0,0,38,2,0.0,0.0,40.0
612,1,right_lane,adaptive,False,0.05,40,0,22.393957345971565,0.5,9.5,4.086703927026065,63.37839840507331,43.628398405073305,19.75,18.0,1.0,0,0,27,13,1.0,1.0,38.0
613,1,right_lane,adaptive,False,0.05,40,0,21.268957345971565,0.5,10.5,5.239883575319254,61.57839840304394,41.82839840304395,19.75,18.0,1.0,0,0,38,2,1.0,1.0,38.0
614,1,right_lane,adaptive,False,0.05,40,0,20.518957345971565,0.0,3.5,3.4732530207838863,60.63033175355449,40.6303317535545,20.0,18.0,1.0,0,0,39,1,0.0,0.0,40.0
615,1,right_lane,adaptive,False,0.05,40,0,20.518956692595996,0.0,7.0,4.524665728211403,60.630330708153586,40.630330708153586,20.0,18.0,1.0,0,0,40,0,0.0,0.0,40.0
616,1,right_lane,adaptive,False,0.05,40,0,23.268628695453636,3.0,5.0,6.94785762470201,63.52605613502658,45.02605613502658,18.5,18.0,1.0,0,0,36,4,2.0,4.0,34.0
617,1,right_lane,adaptive,False,0.05,40,0,22.518957345971565,0.0,0.5,3.9861197598122544,63.82985492398593,43.82985492398592,20.0,18.0,1.0,0,0,38,2,0.0,1.0,39.0
618,1,right_lane,adaptive,False,0.05,40,0,24.143957345971565,0.0,2.0,3.028542980964346,66.4303317535545,46.430331753554505,20.0,18.0,1.0,0,0,34,6,0.0,0.0,40.0
619,1,right_lane,adaptive,False,0.05,40,0,21.268957345971565,0.5,0.5,4.663950733485763,61.57839840434149,41.8283984043415,19.75,18.0,1.0,0,0,37,3,1.0,1.0,38.0
620,1,right_lane,adaptive,False,0.05,40,1,21.768957345971565,0.0,3.5,3.805973446202188,62.6303317535545,42.63033175355451,20.0,18.0,1.0,0,0,37,3,0.0,0.0,40.0
621,1,right_lane,adaptive,False,0.05,40,0,22.268957345971565,3.0,9.0,7.661546117964463,61.4247254799822,42.9247254799822,18.5,18.0,1.0,0,0,38,2,1.0,6.0,33.0
622,1,right_lane,adaptive,False,0.05,40,0,20.393957345971565,0.0,3.0,4.647393561899662,60.429397666520444,40.429397666520444,20.0,18.0,1.0,0,0,40,0,0.0,1.0,39.0
623,1,right_lane,adaptive,False,0.05,40,0,20.643957345971565,0.5,2.5,5.116349257528782,60.578397176485026,40.828397176485026,19.75,18.0,1.0,0,0,40,0,1.0,1.0,38.0
624,1,right_lane,adaptive,False,0.05,40,0,20.393957345971565,2.0,10.5,7.578409373760223,59.42853523724091,40.42853523724091,19.0,18.0,1.0,0,0,40,0,0.0,5.0,35.0
625,1,right_lane,adaptive,False,0.05,40,0,21.393957345971565,0.0,7.5,4.420122831212211,62.0293983296861,42.029398329686096,20.0,18.0,1.0,0,0,38,2,0.0,1.0,39.0
626,1,right_lane,adaptive,False,0.05,40,0,21.518957345971565,0.0,9.5,3.831685661978554,62.22939766774115,42.22939766774115,20.0,18.0,1.0,0,0,37,3,0.0,1.0,39.0
627,1,right_lane,adaptive,False,0.05,40,0,22.143957345971565,0.0,0.0,3.2199636257819293,63.23033175355451,43.230331753554495,20.0,18.0,1.0,0,0,39,1,0.0,0.0,40.0
628,1,right_lane,adaptive,False,0.05,40,0,22.143628596815045,0.0,3.0,3.5662869057487114,63.22980575490407,43.22980575490408,20.0,18.0,1.0,0,0,38,2,0.0,0.0,40.0
629,1,right_lane,adaptive,False,0.05,20,1,23.787913190440776,0.0,3.0,1.8124090336914378,32.83078728369106,22.83078728369106,10.0,18.0,1.0,0,0,14,6,0.0,0.0,20.0
630,1,right_lane,adaptive,False,0.05,40,0,20.268957345971565,0.0,18.5,6.229546695947647,59.7303317535545,39.7303317535545,20.0,18.0,1.0,0,0,40,0,0.0,0.0,40.0
631,1,right_lane,adaptive,False,0.05,40,0,20.893957345971565,0.0,16.5,4.603856060653925,61.22939651471896,41.22939651471895,20.0,18.0,1.0,0,0,40,0,0.0,1.0,39.0
632,1,right_lane,adaptive,False,0.05,40,0,26.268957345967635,0.0,0.5,2.2827736349404404,69.83033175354821,49.83033175354822,20.0,18.0,1.0,0,0,30,10,0.0,0.0,40.0
633,1,right_lane,adaptive,False,0.05,40,0,22.643957247332974,2.0,5.0,6.56351918231303,63.0265293775125,44.026529377512496,19.0,18.0,1.0,0,0,38,2,1.0,4.0,35.0
634,1,right_lane,adaptive,False,0.05,40,0,21.268957345971565,2.5,4.5,6.140183113515377,60.579398106771976,41.82939810677199,18.75,18.0,1.0,0,0,40,0,0.0,5.0,35.0
635,1,right_lane,adaptive,False,0.05,40,0,21.143957345971565,0.5,4.0,5.279359445243244,61.378397176503256,41.62839717650326,19.75,18.0,1.0,0,0,39,1,1.0,1.0,38.0
636,1,right_lane,adaptive,False,0.05,40,0,21.143957345971565,0.5,0.0,3.8200216274126433,61.37839910886089,41.62839910886089,19.75,18.0,1.0,0,0,39,1,1.0,1.0,38.0
637,1,right_lane,adaptive,False,0.05,40,0,20.643957345971565,0.0,1.5,3.4456100277602673,60.8303317535545,40.8303317535545,20.0,18.0,1.0,0,0,40,0,0.0,0.0,40.0
638,1,right_lane,adaptive,False,0.05,40,0,22.016789654732083,4.0,11.5,8.787684627059889,61.27551804017618,43.025518040176166,18.25,18.0,1.0,0,0,39,1,0.0,7.0,33.0
639,1,right_lane,adaptive,False,0.05,40,0,24.766133005583107,2.0,11.0,6.762086446691569,66.17718207291442,47.42718207291441,18.75,18.0,1.0,0,0,34,6,0.0,5.0,35.0
640,1,right_lane,adaptive,False,0.05,40,0,25.252496440617865,0.0,1.0,2.848875740576659,68.20791816224937,48.207918162249385,20.0,18.0,1.0,0,0,33,7,0.0,0.0,40.0
641,1,right_lane,adaptive,False,0.05,40,0,20.98141469551045,4.5,15.0,9.473679453134537,59.315978643377804,41.5659786433778,17.75,18.0,1.0,0,0,40,0,0.0,9.0,31.0
642,1,right_lane,adaptive,False,0.05,40,0,21.268957345971565,0.0,0.0,3.175103575098774,62.05521847853619,42.0552184785362,20.0,18.0,1.0,0,0,36,4,0.0,1.0,39.0
643,1,right_lane,adaptive,False,0.05,40,0,23.518957345971565,0.0,2.5,3.0675972611820725,65.42939832968612,45.42939832968611,20.0,18.0,1.0,0,0,29,11,0.0,1.0,39.0
644,1,right_lane,adaptive,False,0.05,40,0,21.51895154634546,2.0,13.5,8.21656059473753,61.22769389265636,42.22769389265636,19.0,18.0,1.0,0,0,40,0,1.0,4.0,35.0
645,1,right_lane,adaptive,False,0.05,40,0,22.14113291973792,0.0,2.0,3.1799504667653764,63.22582072900361,43.225820729003615,20.0,18.0,1.0,0,0,35,5,0.0,0.0,40.0
646,1,right_lane,adaptive,False,0.05,40,0,21.643957345971565,0.0,5.5,3.319332342938651,62.43332230621481,42.43332230621482,20.0,18.0,1.0,0,0,33,7,0.0,1.0,39.0
647,1,right_lane,adaptive,False,0.05,40,0,21.26895724882166,6.0,16.0,11.883905619382858,58.82963468321539,41.829634683215396,17.0,18.0,1.0,0,0,40,0,0.0,12.0,28.0
648,1,right_lane,adaptive,False,0.05,40,0,21.268957345971565,0.5,10.0,5.306533919181675,61.578398405073315,41.82839840507331,19.75,18.0,1.0,0,0,39,1,1.0,1.0,38.0
649,1,right_lane,adaptive,False,0.05,40,0,21.518957345967653,0.0,9.5,4.325165175194343,62.22939766773488,42.22939766773488,20.0,18.0,1.0,0,0,37,3,0.0,1.0,39.0
650,1,right_lane,adaptive,False,0.05,40,0,22.518957344257622,1.0,1.5,5.131941412109882,63.32700387339442,43.827003873394425,19.5,18.0,1.0,0,0,38,2,1.0,2.0,37.0
651,1,right_lane,adaptive,False,0.05,40,0,21.893957345971565,0.0,2.5,3.5817349222306802,62.83033175593568,42.83033175593569,20.0,18.0,1.0,0,0,36,4,0.0,0.0,40.0
652,1,right_lane,adaptive,False,0.05,40,0,21.393957345971565,0.0,8.5,3.7299056872998335,62.029397667741144,42.02939766774114,20.0,18.0,1.0,0,0,35,5,0.0,1.0,39.0
653,1,right_lane,adaptive,False,0.05,40,0,20.268957345971565,0.0,10.0,3.701462651602924,60.2303317535545,40.2303317535545,20.0,18.0,1.0,0,0,32,8,0.0,0.0,40.0
654,1,right_lane,adaptive,False,0.05,40,0,22.018957345971565,2.5,3.0,5.421486801326864,61.779393929399035,43.02939392939902,18.75,18.0,1.0,0,0,37,3,0.0,5.0,35.0
655,1,right_lane,adaptive,False,0.05,39,1,21.429699842022117,0.5,9.5,5.414126037058395,60.27839840434077,41.02839840434078,19.25,18.0,1.0,0,0,36,3,1.0,1.0,37.0
656,1,right_lane,adaptive,False,0.05,40,0,22.518957247107274,0.5,4.5,4.789585762047864,63.078398950678036,43.328398950678036,19.75,18.0,1.0,0,0,38,2,1.0,1.0,38.0
657,1,right_lane,adaptive,False,0.05,40,0,21.768957345941836,0.0,0.0,3.253332966938615,62.63033189085913,42.63033189085913,20.0,18.0,1.0,0,0,39,1,0.0,0.0,40.0
658,1,right_lane,adaptive,False,0.05,40,0,23.518957345967202,8.0,10.0,12.151455529783789,61.426992706358696,45.426992706358696,16.0,18.0,1.0,0,0,37,3,6.0,6.0,28.0
659,1,right_lane,adaptive,False,0.05,40,0,21.768957345941836,4.5,7.5,9.064061673503602,60.55305888444903,42.80305888444902,17.75,18.0,1.0,0,0,38,2,1.0,9.0,30.0
660,1,right_lane,adaptive,False,0.05,40,0,21.643957345941836,0.0,1.0,3.231299169725389,62.430331753548245,42.43033175354824,20.0,18.0,1.0,0,0,39,1,0.0,0.0,40.0
661,1,right_lane,adaptive,False,0.05,40,0,21.768957345971565,0.5,7.5,5.476311926289782,62.378399108902194,42.6283991089022,19.75,18.0,1.0,0,0,38,2,1.0,1.0,38.0
662,1,right_lane,adaptive,False,0.05,40,0,21.518957345971565,0.0,14.0,5.326038847153541,62.22939651471897,42.229396514718964,20.0,18.0,1.0,0,0,39,1,0.0,1.0,39.0
663,1,right_lane,adaptive,False,0.05,40,0,21.518957345971565,4.0,5.0,8.363122317939997,60.227042541036624,42.22704254103663,18.0,18.0,1.0,0,0,40,0,3.0,4.0,33.0
664,1,right_lane,adaptive,False,0.05,38,1,20.6778498378648,0.5,10.5,6.517271317541599,57.578398404339495,38.828398404339495,18.75,18.0,1.0,0,0,38,0,1.0,1.0,36.0
665,1,right_lane,adaptive,False,0.05,40,0,21.518957344286825,0.0,2.0,3.2773847588687204,61.73033175085892,41.73033175085892,20.0,18.0,1.0,0,0,38,2,0.0,0.0,40.0
666,1,right_lane,adaptive,False,0.05,40,0,23.48104265403287,0.0,7.5,3.8769568613392806,65.36873300995764,45.36873300995764,20.0,18.0,1.0,0,0,28,12,0.0,1.0,39.0
667,1,right_lane,adaptive,False,0.05,40,0,21.643957345971565,0.5,6.5,4.109314175378586,62.57839840433533,42.82839840433533,19.75,18.0,1.0,0,0,25,15,1.0,1.0,38.0
668,1,right_lane,adaptive,False,0.05,40,0,22.018957345971565,0.5,1.5,3.488118057770862,62.778399108860896,43.0283991088609,19.75,18.0,1.0,0,0,38,2,1.0,1.0,38.0
669,1,right_lane,adaptive,False,0.05,40,0,20.393957345971565,0.0,10.5,4.556799791753292,60.430331753554505,40.430331753554505,20.0,18.0,1.0,0,0,40,0,0.0,0.0,40.0
670,1,right_lane,adaptive,False,0.05,40,0,21.268671041013626,0.5,14.5,5.408724100385598,61.57793908855226,41.82793908855226,19.75,18.0,1.0,0,0,38,2,1.0,1.0,38.0
671,1,right_lane,adaptive,False,0.05,40,0,21.643957345971565,5.5,3.0,9.946307070553303,59.67714701870081,42.4271470187008,17.25,18.0,1.0,0,0,40,0,5.0,3.0,32.0
672,1,right_lane,adaptive,False,0.05,20,1,22.537914691942973,0.0,7.0,2.9281262057529602,31.829397668430587,21.829397668430587,10.0,18.0,1.0,0,0,18,2,0.0,1.0,19.0
673,1,right_lane,adaptive,False,0.05,40,0,22.500328749382287,8.5,0.5,11.450506277382374,59.04753167748991,43.29753167748991,15.75,18.0,1.0,0,0,40,0,7.0,4.0,29.0
674,1,right_lane,adaptive,False,0.05,40,0,20.643957345971565,0.5,15.0,6.699486205325229,60.77794167268739,41.02794167268739,19.75,18.0,1.0,0,0,39,1,1.0,1.0,38.0
675,1,right_lane,adaptive,False,0.05,40,0,21.893957345971565,7.5,4.5,11.146833952923771,59.07665857564073,42.82665857564073,16.25,18.0,1.0,0,0,33,7,4.0,9.0,27.0
676,1,right_lane,adaptive,False,0.05,40,0,20.393957345971565,0.0,3.5,4.627079509198666,60.429397666520444,40.429397666520444,20.0,18.0,1.0,0,0,40,0,0.0,1.0,39.0
677,1,right_lane,adaptive,False,0.05,40,0,20.893957345971565,2.5,13.5,7.802380971610546,59.979875124895784,41.22987512489578,18.75,18.0,1.0,0,0,40,0,0.0,5.0,35.0
678,1,right_lane,adaptive,False,0.05,40,0,20.518957345971565,0.0,5.5,4.8009940683841705,60.629397667739944,40.629397667739944,20.0,18.0,1.0,0,0,40,0,0.0,1.0,39.0
679,1,right_lane,adaptive,False,0.05,30,1,20.85860979462875,0.0,1.5,3.3113136291503906,45.82939766774115,30.829397667741148,15.0,18.0,1.0,0,0,30,0,0.0,1.0,29.0
680,1,right_lane,adaptive,False,0.05,40,0,22.39395734574963,0.0,4.5,3.9525732654910826,63.12939766807565,43.12939766807565,20.0,18.0,1.0,0,0,37,3,0.0,1.0,39.0
681,1,right_lane,adaptive,False,0.05,40,0,25.73137130454695,2.0,0.5,4.848470295322841,67.96760089164356,48.96760089164355,19.0,18.0,1.0,0,0,33,7,0.0,5.0,35.0
682,1,right_lane,adaptive,False,0.05,40,0,23.268957345971565,0.5,3.0,4.155236832686114,65.00427925859856,45.25427925859855,19.75,18.0,1.0,0,0,33,7,1.0,1.0,38.0
683,1,right_lane,adaptive,False,0.05,40,0,21.018957345971565,0.0,0.0,1.3839147799594684,61.4303317535545,41.430331753554505,20.0,18.0,1.0,0,0,16,24,0.0,0.0,40.0
684,1,right_lane,adaptive,False,0.05,40,0,21.768957345971565,1.5,5.5,5.615693284198642,61.879637611771656,42.629637611771656,19.25,18.0,1.0,0,0,39,1,0.0,3.0,37.0
685,1,right_lane,adaptive,False,0.05,40,0,21.768957345971565,0.0,5.0,4.4624717845845225,62.62939766774184,42.62939766774183,20.0,18.0,1.0,0,0,39,1,0.0,1.0,39.0
686,1,right_lane,adaptive,False,0.05,40,0,22.268586068259964,0.0,2.0,3.6451960050551406,63.428803623403255,43.42880362340327,20.0,18.0,1.0,0,0,36,4,0.0,1.0,39.0
687,1,right_lane,adaptive,False,0.05,40,0,21.768957345971565,0.0,7.0,4.1785060302354395,62.630847569832014,42.630847569832014,20.0,18.0,1.0,0,0,38,2,0.0,0.0,40.0
688,1,right_lane,adaptive,False,0.05,40,0,20.768957345971565,0.0,3.0,4.2493710815906525,61.030331753554506,41.030331753554506,20.0,18.0,1.0,0,0,40,0,0.0,0.0,40.0
689,1,right_lane,adaptive,False,0.05,40,0,24.518957345971565,7.5,8.0,10.131031448428985,63.27558769700044,47.02558769700043,16.25,18.0,1.0,0,0,36,4,6.0,3.0,31.0
690,1,right_lane,adaptive,False,0.05,24,1,22.114928909952607,0.5,7.5,4.222497180904611,37.57839910886089,25.828399108860893,11.75,18.0,1.0,0,0,22,2,1.0,1.0,22.0
691,1,right_lane,adaptive,False,0.05,40,0,21.518957345971565,0.0,0.5,2.69104060878135,61.730331753554495,41.730331753554495,20.0,18.0,1.0,0,0,35,5,0.0,0.0,40.0
692,1,right_lane,adaptive,False,0.05,10,1,21.575829331809555,0.0,5.0,1.9074779897928238,15.430331732723824,10.430331732723824,5.0,18.0,1.0,0,0,10,0,0.0,0.0,10.0
693,1,right_lane,adaptive,False,0.05,34,1,22.08112628937831,2.5,7.0,6.489558842631595,52.12651541505603,36.12651541505603,16.0,18.0,1.0,0,0,31,3,1.0,4.0,29.0
694,1,right_lane,adaptive,False,0.05,40,0,21.393957345971565,0.0,9.5,4.134833662166784,61.2803317535545,41.530331753554506,19.75,18.0,1.0,0,0,39,1,0.0,0.0,40.0
695,1,right_lane,adaptive,False,0.05,40,0,21.122875600860247,0.0,8.5,4.462832729390357,61.59566687434234,41.59566687434234,20.0,18.0,1.0,0,0,38,2,0.0,1.0,39.0
696,1,right_lane,adaptive,False,0.05,40,0,20.62749644062177,0.5,15.5,6.194026783108711,60.58134860508407,40.83134860508405,19.75,18.0,1.0,0,0,40,0,1.0,1.0,38.0
697,1,right_lane,adaptive,False,0.05,24,1,21.489928909952607,0.5,3.5,3.580647811293602,37.34859264979794,25.598592649797936,11.75,18.0,1.0,0,0,24,0,1.0,1.0,22.0
698,1,right_lane,adaptive,False,0.05,11,1,21.887117574372326,0.0,4.5,2.2450614497065544,16.62939764690926,11.129397646909263,5.5,18.0,1.0,0,0,11,0,0.0,1.0,10.0
699,1,right_lane,adaptive,False,0.05,40,0,20.393957345971565,0.5,7.5,5.675605803728104,59.67839717648496,39.92839717648496,19.75,18.0,1.0,0,0,40,0,1.0,1.0,38.0
700,1,right_lane,adaptive,False,0.05,40,0,21.268957345971565,2.0,7.5,7.287518210709095,60.82868762823864,41.82868762823864,19.0,18.0,1.0,0,0,40,0,0.0,5.0,35.0
701,1,right_lane,adaptive,False,0.05,40,0,22.76895724882166,0.0,7.5,3.323176088440505,64.23033159811466,44.23033159811466,20.0,18.0,1.0,0,0,35,5,0.0,0.0,40.0
702,1,right_lane,adaptive,False,0.05,40,0,23.268957260126378,4.5,2.5,8.002445078913297,62.777267361546976,45.02726736154697,17.75,18.0,1.0,0,0,39,1,4.0,3.0,33.0
703,1,right_lane,adaptive,False,0.05,40,0,22.518585317538452,2.0,10.5,6.532023252919316,62.82616599271182,43.826165992711815,19.0,18.0,1.0,0,0,34,6,1.0,4.0,35.0
704,1,right_lane,adaptive,False,0.05,40,0,22.143957345971565,0.0,5.5,3.852641578807379,63.23084861280972,43.23084861280972,20.0,18.0,1.0,0,0,37,3,0.0,0.0,40.0
705,1,right_lane,adaptive,False,0.05,40,0,21.393957345971565,0.5,2.0,4.428410018389513,61.77839717650325,42.02839717650325,19.75,18.0,1.0,0,0,36,4,1.0,1.0,38.0
706,1,right_lane,adaptive,False,0.05,40,0,21.768908367588228,7.0,5.5,11.138242913410068,59.125759922801166,42.62575992280117,16.5,18.0,1.0,0,0,39,1,4.0,8.0,28.0
707,1,right_lane,adaptive,False,0.05,40,0,23.143957345971565,0.0,5.5,3.08709711690517,64.82946054154851,44.82946054154852,20.0,18.0,1.0,0,0,29,11,0.0,1.0,39.0
708,1,right_lane,adaptive,False,0.05,40,0,20.893957260126378,0.5,5.0,5.304789051413536,60.97839703913266,41.228397039132666,19.75,18.0,1.0,0,0,40,0,1.0,1.0,38.0
709,1,right_lane,adaptive,False,0.05,40,0,20.768957345971497,0.0,4.5,4.017510734498501,61.20399442425947,41.20399442425946,20.0,18.0,1.0,0,0,40,0,0.0,0.0,40.0
710,1,right_lane,adaptive,False,0.05,40,0,21.393957345971565,3.0,6.5,5.785113876979267,60.52848070080194,42.02848070080194,18.5,18.0,1.0,0,0,18,22,0.0,7.0,33.0
711,1,right_lane,adaptive,False,0.05,40,0,20.893957345971565,1.0,2.5,4.35184083745844,60.7280490881554,41.2280490881554,19.5,18.0,1.0,0,0,38,2,1.0,2.0,37.0
712,1,right_lane,adaptive,False,0.05,40,0,21.143957345971565,0.0,5.5,4.573759053031608,61.62939832968609,41.62939832968609,20.0,18.0,1.0,0,0,39,1,0.0,1.0,39.0
713,1,right_lane,adaptive,False,0.05,40,0,20.768957345971565,0.5,7.0,5.280720986425877,60.77839910880876,41.02839910880877,19.75,18.0,1.0,0,0,40,0,1.0,1.0,38.0
714,1,right_lane,adaptive,False,0.05,40,0,22.143957345971565,0.5,2.0,4.595958004868862,62.978397176503265,43.22839717650326,19.75,18.0,1.0,0,0,38,2,1.0,1.0,38.0
715,1,right_lane,adaptive,False,0.05,40,0,21.518957345971565,2.5,1.5,5.5714021772146225,60.97982015952336,42.22982015952336,18.75,18.0,1.0,0,0,40,0,0.0,6.0,34.0
716,1,right_lane,adaptive,False,0.05,40,0,20.268957345971565,0.0,15.0,5.399442858994007,60.2303317535545,40.2303317535545,20.0,18.0,1.0,0,0,40,0,0.0,0.0,40.0
717,1,right_lane,adaptive,False,0.05,40,0,23.268957345941317,1.5,3.0,4.067099556494213,64.2786921190594,45.02869211905939,19.25,18.0,1.0,0,0,29,11,0.0,3.0,37.0
718,1,right_lane,adaptive,False,0.05,40,0,22.268957345971565,6.0,5.5,10.681838758289814,60.42711296079713,43.427112960797146,17.0,18.0,1.0,0,0,40,0,5.0,4.0,31.0
719,1,right_lane,adaptive,False,0.05,40,0,22.26895659693477,0.0,7.0,3.8360208302910905,63.430330555095644,43.430330555095644,20.0,18.0,1.0,0,0,38,2,0.0,0.0,40.0
720,1,right_lane,adaptive,False,0.05,40,0,20.893957345971565,0.0,5.0,4.092345930635929,61.229398707157564,41.22939870715757,20.0,18.0,1.0,0,0,40,0,0.0,1.0,39.0
721,1,right_lane,adaptive,False,0.05,40,0,21.393957345971565,0.0,5.0,2.685396864108043,62.03033175355449,42.030331753554506,20.0,18.0,1.0,0,0,29,11,0.0,0.0,40.0
722,1,right_lane,adaptive,False,0.05,40,0,21.26895733273105,2.0,11.5,7.436708047986031,60.827702885248705,41.827702885248705,19.0,18.0,1.0,0,0,40,0,1.0,4.0,35.0
723,1,right_lane,adaptive,False,0.05,40,0,22.143627944706306,0.0,3.0,3.4601321887757877,63.22980472992515,43.22980472992515,20.0,18.0,1.0,0,0,35,5,0.0,0.0,40.0
724,1,right_lane,adaptive,False,0.05,40,0,23.018956496585645,6.5,11.0,10.787651314337154,61.37782301738227,44.62782301738226,16.75,18.0,1.0,0,0,36,4,3.0,7.0,30.0
725,1,right_lane,adaptive,False,0.05,40,0,22.393957345971565,0.5,0.5,3.6219999959625966,63.3784002889128,43.62840028891279,19.75,18.0,1.0,0,0,37,3,1.0,1.0,38.0
726,1,right_lane,adaptive,False,0.05,40,0,23.768919753175144,2.0,2.0,4.815028478031991,64.82885551896935,45.82885551896936,19.0,18.0,1.0,0,0,35,5,0.0,4.0,36.0
727,1,right_lane,adaptive,False,0.05,40,0,20.643957345971565,0.0,1.0,3.9204349145293236,60.82944989542869,40.82944989542869,20.0,18.0,1.0,0,0,40,0,0.0,1.0,39.0
728,1,right_lane,adaptive,False,0.05,40,0,21.018957345971565,0.0,2.5,3.93631793026816,61.43033175355449,41.4303317535545,20.0,18.0,1.0,0,0,39,1,0.0,0.0,40.0
729,1,right_lane,adaptive,False,0.05,40,0,21.393957345971565,0.0,0.5,2.6546816171839964,62.02939766843072,42.029397668430725,20.0,18.0,1.0,0,0,38,2,0.0,1.0,39.0
730,1,right_lane,adaptive,False,0.05,40,0,21.768957345971565,0.0,1.5,3.6306679095796426,62.63033175355451,42.63033175355451,20.0,18.0,1.0,0,0,38,2,0.0,0.0,40.0
731,1,right_lane,adaptive,False,0.05,40,0,20.393957345971565,0.5,18.5,6.555732659995556,60.17839717648496,40.42839717648496,19.75,18.0,1.0,0,0,40,0,1.0,1.0,38.0
732,1,right_lane,adaptive,False,0.05,40,0,20.768957345971565,0.5,6.5,5.548392482101917,60.77839840434078,41.02839840434077,19.75,18.0,1.0,0,0,40,0,1.0,1.0,38.0
733,1,right_lane,adaptive,False,0.05,40,0,21.268957345971565,1.5,5.0,5.4617417231202126,61.07963748071866,41.829637480718674,19.25,18.0,1.0,0,0,40,0,0.0,3.0,37.0
734,1,right_lane,adaptive,False,0.05,40,0,21.893957345971565,0.5,1.0,4.394968103762949,62.57839840507325,42.82839840507326,19.75,18.0,1.0,0,0,39,1,1.0,1.0,38.0
735,1,right_lane,adaptive,False,0.05,40,0,22.143957345971565,4.0,6.0,8.595038861443754,61.476755741425976,43.226755741425976,18.25,18.0,1.0,0,0,38,2,1.0,7.0,32.0
736,1,right_lane,adaptive,False,0.05,40,0,21.268957345971565,3.0,10.0,7.768832300354916,60.078299853590124,41.828299853590124,18.25,18.0,1.0,0,0,38,2,0.0,6.0,34.0
737,1,right_lane,adaptive,False,0.05,40,0,21.768957345971565,0.5,7.5,5.200016634509666,62.37839910886089,42.6283991088609,19.75,18.0,1.0,0,0,39,1,1.0,1.0,38.0
738,1,right_lane,adaptive,False,0.05,40,0,22.268957345971565,0.0,6.5,4.125329249953666,63.42939832968611,43.42939832968611,20.0,18.0,1.0,0,0,38,2,0.0,1.0,39.0
739,1,right_lane,adaptive,False,0.05,40,0,23.37532874938223,0.0,11.5,3.5830568419435167,65.20052599901156,45.20052599901157,20.0,18.0,1.0,0,0,32,8,0.0,0.0,40.0
740,1,right_lane,adaptive,False,0.05,40,0,22.393957331493432,0.0,1.5,2.8684232145515125,63.65621244729715,43.65621244729715,20.0,18.0,1.0,0,0,34,6,0.0,0.0,40.0
741,1,right_lane,adaptive,False,0.05,40,0,21.37749644062177,0.0,1.5,4.034369390289612,62.00306090124091,42.00306090124091,20.0,18.0,1.0,0,0,39,1,0.0,1.0,39.0
742,1,right_lane,adaptive,False,0.05,40,0,22.393957345971565,0.0,4.5,3.7490334682370303,63.82686344757133,43.826863447571334,20.0,18.0,1.0,0,0,36,4,0.0,0.0,40.0
743,1,right_lane,adaptive,False,0.05,23,1,20.467751906037503,0.0,10.0,3.462924361228943,34.7303317535545,23.230331753554502,11.5,18.0,1.0,0,0,23,0,0.0,0.0,23.0
744,1,right_lane,adaptive,False,0.05,40,0,21.518957344482878,0.0,12.0,4.507726242182457,61.7293983273042,41.7293983273042,20.0,18.0,1.0,0,0,39,1,0.0,1.0,39.0
745,1,right_lane,adaptive,False,0.05,40,0,23.12749644062177,13.5,5.5,17.18955701762752,58.05259232030988,44.80259232030987,13.25,18.0,1.0,0,0,39,1,9.0,10.0,21.0
746,1,right_lane,adaptive,False,0.05,40,0,21.643957345967657,0.0,0.5,3.393793847952111,62.79959191319206,42.79959191319206,20.0,18.0,1.0,0,0,36,4,0.0,1.0,39.0
747,1,right_lane,adaptive,False,0.05,40,0,21.018957345971565,9.5,5.0,13.379918831876239,56.93033175355991,41.43033175355992,15.5,18.0,1.0,0,0,37,3,0.0,18.0,22.0
748,1,right_lane,adaptive,False,0.05,40,0,20.393957345971565,0.0,15.5,5.2836504355072975,60.179397666520444,40.429397666520444,19.75,18.0,1.0,0,0,40,0,0.0,1.0,39.0
749,1,right_lane,adaptive,False,0.05,40,0,21.268957345971565,0.5,0.0,3.3788098436780274,61.57839910886089,41.82839910886089,19.75,18.0,1.0,0,0,28,12,1.0,1.0,38.0
750,1,right_lane,adaptive,False,0.05,40,0,21.768957345971554,0.0,5.0,3.7197273618676263,62.630331753554486,42.630331753554486,20.0,18.0,1.0,0,0,38,2,0.0,0.0,40.0
751,1,right_lane,adaptive,False,0.05,40,0,21.393957345971565,0.0,0.0,2.8016873498287396,62.02939832968612,42.02939832968612,20.0,18.0,1.0,0,0,33,7,0.0,1.0,39.0
752,1,right_lane,adaptive,False,0.05,40,0,21.518957345971565,2.0,6.5,5.925675742832254,61.2263477821507,42.2263477821507,19.0,18.0,1.0,0,0,29,11,1.0,4.0,35.0
753,1,right_lane,adaptive,False,0.05,40,0,23.518957345971565,9.0,5.5,13.5206358730793,60.92635784873758,45.42635784873758,15.5,18.0,1.0,0,0,40,0,3.0,13.0,24.0
754,1,right_lane,adaptive,False,0.05,40,0,23.393957345971558,0.0,2.0,3.134990338061016,65.2303317535545,45.23033175355448,20.0,18.0,1.0,0,0,34,6,0.0,0.0,40.0
755,1,right_lane,adaptive,False,0.05,40,0,22.643957345971565,0.5,8.5,4.317777659558487,63.77939832968613,44.0293983296861,19.75,18.0,1.0,0,0,34,6,0.0,2.0,38.0
756,1,right_lane,adaptive,False,0.05,40,0,20.393957345971565,0.5,12.5,5.755525030195713,60.17839717648496,40.42839717648496,19.75,18.0,1.0,0,0,40,0,1.0,1.0,38.0
757,1,right_lane,adaptive,False,0.05,40,0,20.393957345971565,0.5,5.5,5.93157347291708,60.17839717648496,40.42839717648496,19.75,18.0,1.0,0,0,40,0,1.0,1.0,38.0
758,1,right_lane,adaptive,False,0.05,40,0,20.893957345971565,6.0,13.0,12.531598433852196,58.65306088112643,41.40306088112643,17.25,18.0,1.0,0,0,40,0,0.0,12.0,28.0
759,1,right_lane,adaptive,False,0.05,40,0,21.268957345971565,0.0,0.0,1.0451636576053716,61.57939766774115,41.82939766774115,19.75,18.0,1.0,0,0,9,31,0.0,1.0,39.0
760,1,right_lane,adaptive,False,0.05,40,0,21.893909103635565,0.0,2.0,3.069508247427848,62.8302545658169,42.830254565816915,20.0,18.0,1.0,0,0,38,2,0.0,0.0,40.0
761,1,right_lane,adaptive,False,0.05,40,0,20.393957345971565,0.5,18.5,5.651416012085974,60.178464199582216,40.428464199582216,19.75,18.0,1.0,0,0,39,1,1.0,1.0,38.0
762,1,right_lane,adaptive,False,0.05,40,0,22.643957345971565,0.0,9.0,3.863331537682825,64.20306021987105,44.20306021987105,20.0,18.0,1.0,0,0,34,6,0.0,1.0,39.0
763,1,right_lane,adaptive,False,0.05,22,1,23.44355863422119,0.5,1.5,1.9365836855631642,35.82939817424624,24.82939817424624,11.0,18.0,1.0,0,0,14,8,0.0,1.0,21.0
764,1,right_lane,adaptive,False,0.05,40,0,21.143957345971565,0.0,0.0,4.489630046262391,60.8793983296861,41.1293983296861,19.75,18.0,1.0,0,0,38,2,0.0,1.0,39.0
765,1,right_lane,adaptive,False,0.05,40,0,20.768957345971565,0.0,10.0,4.154952809059523,61.0303317535545,41.030331753554506,20.0,18.0,1.0,0,0,39,1,0.0,0.0,40.0
766,1,right_lane,adaptive,False,0.05,40,0,20.893957345971565,0.5,15.0,6.226032551378012,60.97839910880876,41.22839910880876,19.75,18.0,1.0,0,0,40,0,1.0,1.0,38.0
767,1,right_lane,adaptive,False,0.05,40,0,21.268956694084682,0.0,10.5,4.2384948171675205,61.830330710535485,41.8303307105355,20.0,18.0,1.0,0,0,40,0,0.0,0.0,40.0
768,1,right_lane,adaptive,False,0.05,40,0,20.893956694084682,0.0,0.5,3.3551190569996834,61.230331616202214,41.230331616202214,20.0,18.0,1.0,0,0,40,0,0.0,0.0,40.0
769,1,right_lane,adaptive,False,0.05,40,0,20.393957345971565,0.0,5.5,4.891425549983978,60.42939857218716,40.429398572187154,20.0,18.0,1.0,0,0,40,0,0.0,1.0,39.0
770,1,right_lane,adaptive,False,0.05,40,0,20.518957345971565,0.5,3.0,5.416715033352375,60.37839840304393,40.62839840304393,19.75,18.0,1.0,0,0,40,0,1.0,1.0,38.0
771,1,right_lane,adaptive,False,0.05,40,0,21.518957345971565,0.5,3.5,2.9372524492268894,61.97839840507331,42.22839840507331,19.75,18.0,1.0,0,0,19,21,1.0,1.0,38.0
772,1,right_lane,adaptive,False,0.05,40,1,21.393957345967713,0.0,13.0,4.48689568628879,62.029398329679935,42.029398329679935,20.0,18.0,1.0,0,0,39,1,0.0,1.0,39.0
773,1,right_lane,adaptive,False,0.05,40,0,23.518909202470194,0.0,1.0,3.3321734944427135,64.9293213000839,44.92932130008391,20.0,18.0,1.0,0,0,31,9,0.0,1.0,39.0
774,1,right_lane,adaptive,False,0.05,40,0,21.018957345971565,0.5,6.5,3.904455450689511,61.178465290127036,41.428465290127036,19.75,18.0,1.0,0,0,24,16,1.0,1.0,38.0
775,1,right_lane,adaptive,False,0.05,40,0,21.018957345971565,0.5,6.5,4.932729247957468,61.17839840434077,41.428398404340776,19.75,18.0,1.0,0,0,40,0,1.0,1.0,38.0
776,1,right_lane,adaptive,False,0.05,40,0,24.14113795584911,0.5,4.5,4.044715376035583,66.17388808466497,46.42388808466497,19.75,18.0,1.0,0,0,30,10,1.0,1.0,38.0
777,1,right_lane,adaptive,False,0.05,28,1,23.777081922816517,4.5,5.0,6.443305395270954,43.78213912068428,32.03213912068428,11.75,18.0,1.0,0,0,16,12,3.0,4.0,21.0
778,1,right_lane,adaptive,False,0.05,40,0,20.393957345971565,0.0,11.5,4.722997583448887,59.929396514701764,39.929396514701764,20.0,18.0,1.0,0,0,40,0,0.0,1.0,39.0
779,1,right_lane,adaptive,False,0.05,40,0,21.768957345971565,0.0,0.0,2.8797443797811866,62.62939766774183,42.629397667741834,20.0,18.0,1.0,0,0,38,2,0.0,1.0,39.0
780,1,right_lane,adaptive,False,0.05,40,0,20.893957345971565,0.0,5.5,4.489447977393866,61.22939651470176,41.22939651470176,20.0,18.0,1.0,0,0,40,0,0.0,1.0,39.0
781,1,right_lane,adaptive,False,0.05,40,0,21.893957345971565,0.0,2.5,3.6978695799298293,62.8303317535545,42.8303317535545,20.0,18.0,1.0,0,0,38,2,0.0,0.0,40.0
782,1,right_lane,adaptive,False,0.05,40,0,21.643957345971565,0.0,6.0,3.591272323271369,62.43033175355451,42.43033175355451,20.0,18.0,1.0,0,0,35,5,0.0,0.0,40.0
783,1,right_lane,adaptive,False,0.05,23,1,21.989491036472284,0.0,0.5,2.008204024939232,36.30399430499482,24.80399430499483,11.5,18.0,1.0,0,0,22,1,0.0,0.0,23.0
784,1,right_lane,adaptive,False,0.05,40,0,20.89395734594575,0.0,3.5,2.2000697954736097,60.72939651466052,40.729396514660515,20.0,18.0,1.0,0,0,24,16,0.0,1.0,39.0
785,1,right_lane,adaptive,False,0.05,40,0,20.518957345971565,15.0,6.0,20.116294413805008,53.378398400337176,40.62839840033718,12.75,18.0,1.0,0,0,40,0,1.0,29.0,10.0
786,1,right_lane,adaptive,False,0.05,40,0,24.01895239570215,0.5,8.0,4.475134110548481,65.72839118842982,46.228391188429825,19.5,18.0,1.0,0,0,34,6,1.0,1.0,38.0
787,1,right_lane,adaptive,False,0.05,40,0,20.768957345971565,0.0,3.0,2.1514825810099865,61.03033863096583,41.03033863096583,20.0,18.0,1.0,0,0,22,18,0.0,0.0,40.0
788,1,right_lane,adaptive,False,0.05,40,0,20.643957345971565,0.5,13.0,5.690035760402679,60.57839717648495,40.82839717648495,19.75,18.0,1.0,0,0,40,0,1.0,1.0,38.0
789,1,right_lane,adaptive,False,0.05,40,0,21.143957345971565,0.5,1.5,4.630675341618371,61.378398404341496,41.6283984043415,19.75,18.0,1.0,0,0,37,3,1.0,1.0,38.0
790,1,right_lane,adaptive,False,0.05,40,0,20.643957345971565,0.0,0.0,3.2096425145864487,60.82939832963657,40.829398329636575,20.0,18.0,1.0,0,0,40,0,0.0,1.0,39.0
791,1,right_lane,adaptive,False,0.05,26,1,20.41378053226395,0.0,13.0,3.993525415658951,39.2303317535545,26.230331753554502,13.0,18.0,1.0,0,0,26,0,0.0,0.0,26.0
792,1,right_lane,adaptive,False,0.05,40,0,20.393957345971565,0.0,20.5,5.061872251331806,59.929397666520444,39.929397666520444,20.0,18.0,1.0,0,0,40,0,0.0,1.0,39.0
793,1,right_lane,adaptive,False,0.05,40,0,23.393957345971486,1.5,4.5,5.328813889914272,64.47887948214742,45.22887948214741,19.25,18.0,1.0,0,0,34,6,0.0,3.0,37.0
794,1,right_lane,adaptive,False,0.05,40,0,21.750043292099726,0.5,2.0,4.642719153314829,62.34813591887846,42.59813591887846,19.75,18.0,1.0,0,0,38,2,1.0,1.0,38.0
795,1,right_lane,adaptive,False,0.05,40,0,22.608867844032495,0.5,4.0,4.367052791775677,63.922195760026426,44.17219576002643,19.75,18.0,1.0,0,0,36,4,1.0,1.0,38.0
796,1,right_lane,adaptive,False,0.05,40,0,21.018957345971046,2.0,12.5,7.65069904923439,60.65179227088227,41.65179227088227,19.0,18.0,1.0,0,0,40,0,0.0,4.0,36.0
797,1,right_lane,adaptive,False,0.05,40,0,22.518957345971565,2.5,12.0,6.381488003658205,62.5775140084248,43.82751400842481,18.75,18.0,1.0,0,0,32,8,0.0,6.0,34.0
798,1,right_lane,adaptive,False,0.05,40,0,21.643957345971565,0.0,2.0,4.215794627692503,62.429398329686094,42.42939832968609,20.0,18.0,1.0,0,0,39,1,0.0,1.0,39.0
799,1,right_lane,adaptive,False,0.05,40,0,22.518957345971565,7.5,5.5,12.05859442986548,60.076062281101315,43.82606228110132,16.25,18.0,1.0,0,0,39,1,6.0,5.0,29.0
800,1,right_lane,adaptive,False,0.05,40,0,21.893957345971057,0.0,3.5,3.8592173844663193,62.83033175355368,42.83033175355368,20.0,18.0,1.0,0,0,39,1,0.0,0.0,40.0
801,1,right_lane,adaptive,False,0.05,40,0,21.768957345971565,0.5,7.5,4.391005373161647,62.3783991088616,42.6283991088616,19.75,18.0,1.0,0,0,33,7,1.0,1.0,38.0
802,1,right_lane,adaptive,False,0.05,40,0,20.393957345971565,0.0,6.5,4.433271989226341,60.603994304994835,40.603994304994835,20.0,18.0,1.0,0,0,40,0,0.0,0.0,40.0
803,1,right_lane,adaptive,False,0.05,20,1,22.537914691935164,0.5,2.5,3.0084343367252586,31.57839718117617,21.828397181176165,9.75,18.0,1.0,0,0,18,2,1.0,1.0,18.0
804,1,right_lane,adaptive,False,0.05,40,0,20.393957345971565,0.5,16.0,6.153864033520222,59.67839717648496,39.92839717648496,19.75,18.0,1.0,0,0,40,0,1.0,1.0,38.0
805,1,right_lane,adaptive,False,0.05,40,0,23.37472024373468,0.0,0.5,2.880545460956,65.19955238997547,45.19955238997548,20.0,18.0,1.0,0,0,34,6,0.0,0.0,40.0
806,1,right_lane,adaptive,False,0.05,40,0,21.75000009886436,0.5,9.5,4.794881603851536,62.37479292302348,42.62479292302346,19.75,18.0,1.0,0,0,35,5,1.0,1.0,38.0
807,1,right_lane,adaptive,False,0.05,40,0,23.518957345971565,0.0,0.0,1.24010549979198,65.63033161620221,45.63033161620221,20.0,18.0,1.0,0,0,26,14,0.0,0.0,40.0
808,1,right_lane,adaptive,False,0.05,40,0,21.500000750751244,1.0,1.0,4.108757489735581,61.94813489600324,42.19813489600324,19.75,18.0,1.0,0,0,33,7,0.0,2.0,38.0
809,1,right_lane,adaptive,False,0.05,40,0,20.393957345971565,0.5,6.0,5.1781283393502235,60.30205818357003,40.802058183570026,19.5,18.0,1.0,0,0,40,0,1.0,1.0,38.0
810,1,right_lane,adaptive,False,0.05,40,0,21.393914804597262,0.5,7.0,4.707309726625681,61.77974449665649,42.02974449665651,19.75,18.0,1.0,0,0,35,5,0.0,1.0,39.0
811,1,right_lane,adaptive,False,0.05,40,0,21.87749643910335,0.0,3.0,3.4536759188096084,62.80405340531418,42.80405340531418,20.0,18.0,1.0,0,0,37,3,0.0,0.0,40.0
812,1,right_lane,adaptive,False,0.05,40,0,22.518957345971565,2.0,11.5,6.604702377384456,63.02616164657805,44.02616164657806,19.0,18.0,1.0,0,0,36,4,0.0,4.0,36.0
813,1,right_lane,adaptive,False,0.05,40,0,21.393957345971565,0.0,0.0,3.365974563668715,62.030331753554506,42.030331753554506,20.0,18.0,1.0,0,0,38,2,0.0,0.0,40.0
814,1,right_lane,adaptive,False,0.05,40,0,21.643957345971494,0.0,1.0,3.871273987693712,62.429397666520345,42.429397666520345,20.0,18.0,1.0,0,0,38,2,0.0,1.0,39.0
815,1,right_lane,adaptive,False,0.05,40,0,22.643957345971565,0.0,1.0,3.409969886672343,64.0293983296862,44.029398329686195,20.0,18.0,1.0,0,0,35,5,0.0,1.0,39.0
816,1,right_lane,adaptive,False,0.05,40,0,22.143957345971565,3.0,3.5,6.92493429674505,61.72867098868008,43.228670988680086,18.5,18.0,1.0,0,0,37,3,3.0,2.0,35.0
817,1,right_lane,adaptive,False,0.05,40,0,22.393957345971565,0.0,4.0,3.066374413589074,63.6303317535545,43.6303317535545,20.0,18.0,1.0,0,0,37,3,0.0,0.0,40.0
818,1,right_lane,adaptive,False,0.05,40,0,20.393957345971565,0.0,9.0,4.9782063737511635,60.429397666520444,40.429397666520444,20.0,18.0,1.0,0,0,40,0,0.0,1.0,39.0
819,1,right_lane,adaptive,False,0.05,40,0,21.50032874938229,0.0,14.0,4.4737918760092725,62.19959191319831,42.19959191319831,20.0,18.0,1.0,0,0,37,3,0.0,1.0,39.0
820,1,right_lane,adaptive,False,0.05,32,1,21.742446682464454,0.5,8.5,4.465695420498378,49.977941672687386,34.227941672687386,15.75,18.0,1.0,0,0,29,3,1.0,1.0,30.0
821,1,right_lane,adaptive,False,0.05,40,0,21.250328749382287,0.0,0.0,3.5746869739987233,61.29959191197759,41.299591911977615,20.0,18.0,1.0,0,0,38,2,0.0,1.0,39.0
822,1,right_lane,adaptive,False,0.05,40,0,21.143957345971565,7.0,10.0,11.935338832437992,58.576124335172295,41.826124335172295,16.75,18.0,1.0,0,0,40,0,2.0,11.0,27.0
823,1,right_lane,adaptive,False,0.05,40,0,21.768957345971565,2.0,16.0,7.441558857116661,61.37770366038769,42.627703660387695,18.75,18.0,1.0,0,0,38,2,1.0,4.0,35.0
824,1,right_lane,adaptive,False,0.05,40,0,20.518957345971565,0.0,10.0,3.735721734828985,60.63033175355449,40.630331753554486,20.0,18.0,1.0,0,0,34,6,0.0,0.0,40.0
825,1,right_lane,adaptive,False,0.05,40,0,20.87532874938229,0.5,5.0,4.939957518130541,60.94859142194214,41.19859142194213,19.75,18.0,1.0,0,0,40,0,1.0,1.0,38.0
826,1,right_lane,adaptive,False,0.05,40,0,20.76895734597149,0.0,7.5,3.8339203375444413,61.229875021902274,41.229875021902274,20.0,18.0,1.0,0,0,39,1,0.0,0.0,40.0
827,1,right_lane,adaptive,False,0.05,40,0,20.893957345971565,0.0,4.0,4.0644591880436565,61.22939766652054,41.22939766652055,20.0,18.0,1.0,0,0,38,2,0.0,1.0,39.0
828,1,right_lane,adaptive,False,0.05,40,0,21.356049105796927,2.0,16.5,8.35470379686194,60.968969960448995,41.968969960448995,19.0,18.0,1.0,0,0,39,1,0.0,4.0,36.0
829,1,right_lane,adaptive,False,0.05,40,0,21.143957345971565,2.0,14.5,8.029575103893876,61.02769394258461,42.027693942584605,19.0,18.0,1.0,0,0,39,1,1.0,4.0,35.0
830,1,right_lane,adaptive,False,0.05,40,0,22.268957345971565,0.5,5.5,4.858878417981259,63.178399108860894,43.4283991088609,19.75,18.0,1.0,0,0,37,3,1.0,1.0,38.0
831,1,right_lane,adaptive,False,0.05,40,0,21.141461656101036,0.0,1.0,3.6953662894666195,61.62633864976167,41.626338649761664,20.0,18.0,1.0,0,0,40,0,0.0,0.0,40.0
832,1,right_lane,adaptive,False,0.05,40,0,22.26895734571614,2.5,10.5,7.432207000387734,62.18115678043322,43.43115678043322,18.75,18.0,1.0,0,0,36,4,1.0,5.0,34.0
833,1,right_lane,adaptive,False,0.05,40,0,21.143957345971565,3.5,12.5,8.539710664434097,60.12839717683982,41.628397176839826,18.5,18.0,1.0,0,0,38,2,1.0,6.0,33.0
834,1,right_lane,adaptive,False,0.05,40,0,21.25032874938229,0.0,2.0,3.492734007537365,61.550525999011654,41.80052599901167,19.75,18.0,1.0,0,0,40,0,0.0,0.0,40.0
835,1,right_lane,adaptive,False,0.05,40,0,22.018957345971565,0.5,2.5,4.895946387834556,62.97794237720879,43.2279423772088,19.75,18.0,1.0,0,0,38,2,1.0,1.0,38.0
836,1,right_lane,adaptive,False,0.05,40,0,22.268957345971565,0.0,11.0,4.406840564626009,63.429398329686116,43.42939832968611,20.0,18.0,1.0,0,0,38,2,0.0,1.0,39.0
837,1,right_lane,adaptive,False,0.05,40,0,20.518957345971565,0.0,20.0,5.7692897990345955,60.629397667739944,40.629397667739944,20.0,18.0,1.0,0,0,40,0,0.0,1.0,39.0
838,1,right_lane,adaptive,False,0.05,40,0,23.393957345971057,4.5,1.5,6.330683254288488,62.97514916479302,45.22514916479302,17.75,18.0,1.0,0,0,20,20,3.0,4.0,33.0
839,1,right_lane,adaptive,False,0.05,40,0,20.643957345971565,0.5,9.5,5.442781023681164,60.57839717648566,40.82839717648566,19.75,18.0,1.0,0,0,40,0,1.0,1.0,38.0
840,1,right_lane,adaptive,False,0.05,40,0,22.393957345971565,0.0,10.0,4.394864391142164,63.62939766774182,43.629397667741834,20.0,18.0,1.0,0,0,36,4,0.0,1.0,39.0
841,1,right_lane,adaptive,False,0.05,17,1,21.80931140228468,0.5,3.0,3.0141179263591766,26.27839910880784,18.028399108807847,8.25,18.0,1.0,0,0,17,0,1.0,1.0,15.0
842,1,right_lane,adaptive,False,0.05,40,0,22.51895733124236,0.0,2.5,3.4051056099388006,63.33033172998778,43.33033172998779,20.0,18.0,1.0,0,0,35,5,0.0,0.0,40.0
843,1,right_lane,adaptive,False,0.05,40,0,23.518957345775522,0.0,2.0,2.979189312479207,65.43033177370411,45.430331773704125,20.0,18.0,1.0,0,0,32,8,0.0,0.0,40.0
844,1,right_lane,adaptive,False,0.05,40,0,22.643957345971565,0.0,0.0,3.4557620743356665,64.02939832995847,44.02939832995846,20.0,18.0,1.0,0,0,35,5,0.0,1.0,39.0
845,1,right_lane,adaptive,False,0.05,40,0,21.018957345971565,0.0,5.5,4.4131119971571025,61.42939651471896,41.429396514718974,20.0,18.0,1.0,0,0,38,2,0.0,1.0,39.0
846,1,right_lane,adaptive,False,0.05,40,0,20.893957345971565,0.5,4.0,5.575614109635353,60.97839840304394,41.22839840304395,19.75,18.0,1.0,0,0,40,0,1.0,1.0,38.0
847,1,right_lane,adaptive,False,0.05,40,0,20.518957345971565,0.0,17.0,4.917861431837082,60.629397666520454,40.62939766652043,20.0,18.0,1.0,0,0,40,0,0.0,1.0,39.0
