episode_id,policy_freq,profile,method,filter,value,episode_length,collision,mean_speed,total_cost,total_avoided_cost,total_expected_cost,total_reward,total_basic_reward,total_added_reward,mean_iterations_to_converge,convergence_rate,outcome_unchanged_count,outcome_naively_augmented_count,outcome_rcps_augmented_count,outcome_projection_count,lane_0_time,lane_1_time,lane_2_time,lane_3_time
0,1,right_lane,adaptive,True,0.05,40,0,21.750328749382287,16.999999999999996,3.666666666666667,19.7358555495739,51.000000000000014,40.0,11.0,18.0,1.0,0,0,40,0,4.0,17.0,8.0,11.0
1,1,right_lane,adaptive,True,0.05,40,0,21.393957345971565,27.333333333333332,2.3333333333333335,29.15005463734269,46.333333333333336,40.0,6.333333333333334,18.0,1.0,0,0,40,0,23.0,7.0,2.0,8.0
2,1,right_lane,adaptive,True,0.05,40,0,22.143957345971565,0.6666666666666666,10.333333333333334,3.491581646958366,59.666666666666664,40.0,19.666666666666664,18.0,1.0,0,0,38,2,0.0,0.0,2.0,38.0
3,1,right_lane,adaptive,True,0.05,40,0,22.643956595250053,4.666666666666666,5.333333333333333,6.891631881590001,57.666666666666664,40.0,17.666666666666664,18.0,1.0,0,0,32,8,0.0,4.0,7.0,29.0
4,1,right_lane,adaptive,True,0.05,40,0,20.893957345971565,0.0,0.3333333333333333,0.5610957554242759,60.0,40.0,20.0,18.0,1.0,0,0,9,31,0.0,0.0,1.0,39.0
5,1,right_lane,adaptive,True,0.05,40,0,21.231414695510452,1.6666666666666665,9.666666666666666,5.454405050724745,59.16666666666667,40.0,19.166666666666668,18.0,1.0,0,0,40,0,0.0,1.0,5.0,34.0
6,1,right_lane,adaptive,True,0.05,40,0,23.143957345971565,6.666666666666666,6.999999999999997,9.328334984835237,56.66666666666667,40.0,16.666666666666668,18.0,1.0,0,0,38,2,1.0,9.0,2.0,28.0
7,1,right_lane,adaptive,True,0.05,40,0,20.768957345971508,1.3333333333333333,5.333333333333333,4.5134166814386845,59.33333333333333,40.0,19.333333333333332,18.0,1.0,0,0,40,0,0.0,1.0,3.0,36.0
8,1,right_lane,adaptive,True,0.05,6,1,29.040289365197854,5.666666666666667,0.33333333333333337,5.7152793407440186,6.666666666666667,6.0,0.6666666666666666,18.0,1.0,0,0,6,0,5.0,1.0,0.0,0.0
9,1,right_lane,adaptive,True,0.05,40,0,20.393957345971565,2.333333333333333,12.333333333333336,6.433863282203674,58.333333333333336,40.0,18.333333333333336,18.0,1.0,0,0,40,0,0.0,0.0,8.0,32.0
10,1,right_lane,adaptive,True,0.05,6,1,25.833082726116817,0.6666666666666666,0.6666666666666666,0.9982009492814541,8.833333333333332,6.0,2.8333333333333335,18.0,1.0,0,0,6,0,0.0,0.0,1.0,5.0
11,1,right_lane,adaptive,True,0.05,9,1,25.08403718166118,8.0,0.6666666666666667,8.20369702577591,9.833333333333334,9.0,0.8333333333333333,18.0,1.0,0,0,9,0,6.0,3.0,0.0,0.0
12,1,right_lane,adaptive,True,0.05,40,0,21.018957334666847,0.3333333333333333,9.666666666666666,3.9271974419243634,59.33333333333333,40.0,19.333333333333332,18.0,1.0,0,0,35,5,0.0,1.0,1.0,38.0
13,1,right_lane,adaptive,True,0.05,40,0,21.893957345971565,0.6666666666666666,4.666666666666666,3.2118369607723025,59.66666666666667,40.0,19.666666666666668,18.0,1.0,0,0,38,2,0.0,0.0,2.0,38.0
14,1,right_lane,adaptive,True,0.05,40,0,21.143957345971565,3.0,7.33333333333333,5.745415377605241,58.500000000000014,40.0,18.499999999999996,18.0,1.0,0,0,36,4,0.0,0.0,9.0,31.0
15,1,right_lane,adaptive,True,0.05,40,0,20.643957345971565,11.666666666666673,8.33333333333333,15.169865265488625,54.33333333333335,40.0,14.333333333333337,18.0,1.0,0,0,40,0,1.0,12.0,10.0,17.0
16,1,right_lane,adaptive,True,0.05,40,0,22.85641469551045,0.6666666666666666,4.0,2.749048272097923,59.5,40.0,19.5,18.0,1.0,0,0,25,15,0.0,1.0,2.0,37.0
17,1,right_lane,adaptive,True,0.05,40,0,21.37749644062177,2.333333333333333,5.999999999999998,5.054988911375403,58.833333333333336,40.0,18.833333333333336,18.0,1.0,0,0,33,7,1.0,1.0,5.0,33.0
18,1,right_lane,adaptive,True,0.05,40,0,21.518957344482875,9.000000000000002,6.666666666666665,12.263705010525882,55.499999999999986,40.0,15.499999999999996,18.0,1.0,0,0,38,2,0.0,10.0,7.0,23.0
19,1,right_lane,adaptive,True,0.05,40,0,20.89395734597105,4.999999999999999,8.33333333333333,8.283624827861786,57.50000000000002,40.0,17.5,18.0,1.0,0,0,40,0,0.0,0.0,15.0,25.0
20,1,right_lane,adaptive,True,0.05,40,0,22.893957345971565,13.999999999999998,5.333333333333332,16.875641889870167,53.0,40.0,12.999999999999998,18.0,1.0,0,0,40,0,3.0,16.0,3.0,18.0
21,1,right_lane,adaptive,True,0.05,40,0,21.268957344482867,26.66666666666668,0.33333333333333337,29.01687866449356,46.999999999999986,40.0,7.0000000000000036,18.0,1.0,0,0,40,0,1.0,39.0,0.0,0.0
22,1,right_lane,adaptive,True,0.05,40,0,20.518957345971565,39.33333333333333,0.33333333333333337,39.421370446681976,40.5,40.0,0.5,18.0,1.0,0,0,40,0,38.0,2.0,0.0,0.0
23,1,right_lane,adaptive,True,0.05,40,0,20.393957345971565,1.6666666666666665,7.9999999999999964,5.1707376427948475,58.666666666666664,40.0,18.666666666666664,18.0,1.0,0,0,40,0,0.0,0.0,6.0,34.0
24,1,right_lane,adaptive,True,0.05,40,0,21.018957344257608,1.6666666666666665,10.0,5.282906420528889,59.16666666666667,40.0,19.166666666666668,18.0,1.0,0,0,40,0,0.0,0.0,6.0,34.0
25,1,right_lane,adaptive,True,0.05,40,0,21.143957345971565,0.0,1.0,1.2925037441309541,60.0,40.0,20.0,18.0,1.0,0,0,20,20,0.0,0.0,0.0,40.0
26,1,right_lane,adaptive,True,0.05,40,0,20.893957345971565,3.3333333333333335,7.9999999999999964,7.083478100597858,58.33333333333333,40.0,18.333333333333332,18.0,1.0,0,0,40,0,0.0,0.0,10.0,30.0
27,1,right_lane,adaptive,True,0.05,40,0,21.018957345971565,0.0,0.6666666666666666,1.4574177802423947,60.0,40.0,20.0,18.0,1.0,0,0,20,20,0.0,0.0,1.0,39.0
28,1,right_lane,adaptive,True,0.05,40,0,23.0189515461236,0.3333333333333333,3.0,2.5043128419592904,59.83333333333333,40.0,19.833333333333332,18.0,1.0,0,0,34,6,0.0,0.0,1.0,39.0
29,1,right_lane,adaptive,True,0.05,40,0,21.768957345971565,3.9999999999999996,10.0,8.010155737400055,58.0,40.0,18.0,18.0,1.0,0,0,40,0,0.0,4.0,6.0,30.0
30,1,right_lane,adaptive,True,0.05,40,0,20.518957345971565,0.3333333333333333,9.666666666666666,4.2309854328632355,59.833333333333336,40.0,19.833333333333336,18.0,1.0,0,0,40,0,0.0,0.0,1.0,39.0
31,1,right_lane,adaptive,True,0.05,40,0,20.768957345971565,6.999999999999997,7.999999999999999,10.656996101140976,56.50000000000002,40.0,16.500000000000004,18.0,1.0,0,0,40,0,0.0,2.0,19.0,19.0
32,1,right_lane,adaptive,True,0.05,40,0,26.016504197227665,33.000000000000014,2.333333333333334,34.47499597072601,43.83333333333332,40.0,3.8333333333333317,18.0,1.0,0,0,40,0,20.0,20.0,0.0,0.0
33,1,right_lane,adaptive,True,0.05,40,0,21.89395649658225,3.0,4.999999999999999,6.238983456045389,58.16666666666668,40.0,18.166666666666664,18.0,1.0,0,0,40,0,0.0,1.0,9.0,30.0
34,1,right_lane,adaptive,True,0.05,40,0,21.018957345968165,0.0,0.3333333333333333,0.5810820608166978,60.0,40.0,20.0,18.0,1.0,0,0,3,37,0.0,0.0,1.0,39.0
35,1,right_lane,adaptive,True,0.05,40,0,20.643957345971565,0.0,11.333333333333336,3.8265368117718026,60.0,40.0,20.0,18.0,1.0,0,0,38,2,0.0,0.0,1.0,39.0
36,1,right_lane,adaptive,True,0.05,40,0,20.768957345971565,0.3333333333333333,5.999999999999998,3.1712522448506206,59.83333333333333,40.0,19.833333333333332,18.0,1.0,0,0,39,1,0.0,0.0,2.0,38.0
37,1,right_lane,adaptive,True,0.05,40,0,22.143957345971494,7.9999999999999964,8.66666666666667,11.686338022351265,56.00000000000001,40.0,16.0,18.0,1.0,0,0,40,0,1.0,4.0,16.0,19.0
38,1,right_lane,adaptive,True,0.05,40,0,20.768957345971565,0.3333333333333333,6.666666666666664,3.3857235503264747,59.83333333333333,40.0,19.833333333333332,18.0,1.0,0,0,37,3,0.0,0.0,1.0,39.0
39,1,right_lane,adaptive,True,0.05,40,0,21.643957345971565,0.6666666666666666,2.333333333333333,2.5799481704525533,59.666666666666664,40.0,19.666666666666664,18.0,1.0,0,0,27,13,0.0,0.0,3.0,37.0
40,1,right_lane,adaptive,True,0.05,40,0,22.26895734572049,5.333333333333333,6.666666666666664,7.898244003278251,57.333333333333336,40.0,17.333333333333336,18.0,1.0,0,0,34,6,2.0,4.0,2.0,32.0
41,1,right_lane,adaptive,True,0.05,40,0,20.393957345971565,0.0,11.66666666666667,3.265464596450329,60.0,40.0,20.0,18.0,1.0,0,0,40,0,0.0,0.0,0.0,40.0
42,1,right_lane,adaptive,True,0.05,40,0,21.268957345971565,2.333333333333333,2.6666666666666665,4.499204978113994,58.83333333333333,40.0,18.833333333333336,18.0,1.0,0,0,28,12,1.0,1.0,5.0,33.0
43,1,right_lane,adaptive,True,0.05,40,0,20.768957345971565,18.33333333333333,5.666666666666666,21.651389196515083,50.833333333333336,40.0,10.833333333333336,18.0,1.0,0,0,40,0,0.0,27.0,3.0,10.0
44,1,right_lane,adaptive,True,0.05,40,0,20.768957345971565,4.666666666666666,12.333333333333337,9.178457491099834,57.666666666666664,40.0,17.666666666666664,18.0,1.0,0,0,40,0,0.0,5.0,6.0,29.0
45,1,right_lane,adaptive,True,0.05,40,0,20.76675206364961,1.3333333333333333,10.0,5.794807631522417,59.33333333333333,40.0,19.333333333333332,18.0,1.0,0,0,40,0,0.0,1.0,4.0,35.0
46,1,right_lane,adaptive,True,0.05,40,0,21.018957345971565,0.3333333333333333,0.6666666666666666,1.9269217662513256,59.83333333333333,40.0,19.833333333333332,18.0,1.0,0,0,19,21,0.0,1.0,1.0,38.0
47,1,right_lane,adaptive,True,0.05,40,0,22.893957345971565,1.6666666666666665,0.0,3.302744579437217,59.16666666666667,40.0,19.166666666666668,18.0,1.0,0,0,25,15,1.0,1.0,3.0,35.0
48,1,right_lane,adaptive,True,0.05,40,0,23.64395669237022,15.333333333333327,2.0000000000000004,17.5520025533624,52.66666666666665,40.0,12.666666666666663,18.0,1.0,0,0,37,3,5.0,14.0,4.0,17.0
49,1,right_lane,adaptive,True,0.05,40,0,22.643957345971565,7.333333333333332,7.666666666666664,10.565736887976527,55.99999999999999,40.0,16.0,18.0,1.0,0,0,40,0,0.0,6.0,11.0,23.0
50,1,right_lane,adaptive,True,0.05,40,0,20.393957345971565,0.0,4.0,1.3304629232006846,60.0,40.0,20.0,18.0,1.0,0,0,14,26,0.0,0.0,0.0,40.0
51,1,right_lane,adaptive,True,0.05,40,0,20.268957345971565,0.0,13.33333333333334,3.7081498727202415,60.0,40.0,20.0,18.0,1.0,0,0,40,0,0.0,0.0,0.0,40.0
52,1,right_lane,adaptive,True,0.05,40,0,22.018957345971565,8.666666666666666,4.999999999999999,12.333486984483898,55.66666666666667,40.0,15.666666666666668,18.0,1.0,0,0,35,5,4.0,6.0,5.0,25.0
53,1,right_lane,adaptive,True,0.05,40,0,20.268957345971565,3.3333333333333335,11.666666666666664,7.090946912765503,58.33333333333335,40.0,18.333333333333336,18.0,1.0,0,0,40,0,0.0,0.0,10.0,30.0
54,1,right_lane,adaptive,True,0.05,40,0,21.768957345971558,1.0,5.333333333333332,3.634251122828573,59.5,40.0,19.5,18.0,1.0,0,0,38,2,0.0,0.0,3.0,37.0
55,1,right_lane,adaptive,True,0.05,40,0,21.393956595224235,1.9999999999999998,8.999999999999998,5.294495448470116,59.00000000000001,40.0,19.0,18.0,1.0,0,0,40,0,1.0,1.0,4.0,34.0
56,1,right_lane,adaptive,True,0.05,40,0,23.125000013019175,8.999999999999998,6.666666666666664,11.70336556294933,55.83333333333334,40.0,15.833333333333334,18.0,1.0,0,0,39,1,5.0,4.0,5.0,26.0
57,1,right_lane,adaptive,True,0.05,40,0,21.143957345971565,1.9999999999999998,7.666666666666663,5.145519035868347,58.66666666666667,40.0,18.666666666666668,18.0,1.0,0,0,37,3,0.0,0.0,7.0,33.0
58,1,right_lane,adaptive,True,0.05,40,0,20.268957345971565,0.0,13.000000000000005,3.854572683572769,60.0,40.0,20.0,18.0,1.0,0,0,40,0,0.0,0.0,0.0,40.0
59,1,right_lane,adaptive,True,0.05,40,0,20.64395724882166,1.9999999999999998,4.666666666666666,5.258739560842514,59.00000000000001,40.0,19.0,18.0,1.0,0,0,40,0,0.0,1.0,6.0,33.0
60,1,right_lane,adaptive,True,0.05,40,0,20.393957345971565,3.0,13.333333333333341,7.27654005587101,58.5,40.0,18.5,18.0,1.0,0,0,40,0,0.0,1.0,9.0,30.0
61,1,right_lane,adaptive,True,0.05,40,0,22.893957247329574,5.666666666666666,9.333333333333332,8.851786868763156,57.16666666666667,40.0,17.166666666666664,18.0,1.0,0,0,38,2,3.0,4.0,2.0,31.0
62,1,right_lane,adaptive,True,0.05,40,0,22.500043292099726,6.666666666666664,8.333333333333334,9.836189538240433,56.66666666666668,40.0,16.66666666666667,18.0,1.0,0,0,40,0,1.0,1.0,18.0,20.0
63,1,right_lane,adaptive,True,0.05,40,0,21.268957332952905,15.333333333333337,4.999999999999999,17.73557387292385,52.333333333333336,40.0,12.333333333333332,18.0,1.0,0,0,40,0,11.0,3.0,10.0,16.0
64,1,right_lane,adaptive,True,0.05,40,0,20.268957345971565,4.333333333333333,9.000000000000002,7.3127113208174706,58.00000000000002,40.0,18.0,18.0,1.0,0,0,40,0,0.0,0.0,12.0,28.0
65,1,right_lane,adaptive,True,0.05,40,0,21.393913968252424,1.0,11.333333333333336,5.358719505369663,59.333333333333336,40.0,19.333333333333332,18.0,1.0,0,0,40,0,0.0,0.0,4.0,36.0
66,1,right_lane,adaptive,True,0.05,40,0,21.268957345971565,5.999999999999998,9.666666666666666,9.897511139512062,57.00000000000001,40.0,17.0,18.0,1.0,0,0,40,0,1.0,1.0,16.0,22.0
67,1,right_lane,adaptive,True,0.05,40,0,21.747546851703728,4.999999999999999,11.333333333333336,8.792265142414976,57.5,40.0,17.5,18.0,1.0,0,0,37,3,0.0,1.0,15.0,24.0
68,1,right_lane,adaptive,True,0.05,40,0,20.75249644062177,1.3333333333333333,12.000000000000004,5.341314755380154,59.33333333333333,40.0,19.333333333333332,18.0,1.0,0,0,39,1,0.0,2.0,2.0,36.0
69,1,right_lane,adaptive,True,0.05,40,0,20.518957345971565,0.3333333333333333,13.666666666666673,4.624313518404961,59.83333333333333,40.0,19.833333333333332,18.0,1.0,0,0,40,0,0.0,1.0,1.0,38.0
70,1,right_lane,adaptive,True,0.05,40,0,21.143957345971565,8.666666666666664,13.0,12.797890685498714,55.66666666666668,40.0,15.66666666666667,18.0,1.0,0,0,40,0,3.0,4.0,12.0,21.0
71,1,right_lane,adaptive,True,0.05,40,0,21.268957345971565,1.6666666666666665,10.0,5.383366727473913,59.166666666666664,40.0,19.166666666666664,18.0,1.0,0,0,38,2,1.0,1.0,3.0,35.0
72,1,right_lane,adaptive,True,0.05,40,0,21.14178964193861,0.0,13.666666666666673,4.336481496691704,60.0,40.0,20.0,18.0,1.0,0,0,40,0,0.0,0.0,1.0,39.0
73,1,right_lane,adaptive,True,0.05,40,0,20.518957345971565,0.0,4.0,1.713083262152395,60.0,40.0,20.0,18.0,1.0,0,0,24,16,0.0,0.0,0.0,40.0
74,1,right_lane,adaptive,True,0.05,40,0,20.643957345971558,1.0,1.0,2.4830857901542913,59.5,40.0,19.5,18.0,1.0,0,0,10,30,1.0,1.0,1.0,37.0
75,1,right_lane,adaptive,True,0.05,40,0,20.518957345968165,1.6666666666666665,11.66666666666667,6.322824530303478,59.166666666666664,40.0,19.166666666666664,18.0,1.0,0,0,40,0,1.0,1.0,3.0,35.0
76,1,right_lane,adaptive,True,0.05,40,0,21.393957345970982,0.0,4.666666666666666,2.462398283445509,60.0,40.0,20.0,18.0,1.0,0,0,37,3,0.0,0.0,0.0,40.0
77,1,right_lane,adaptive,True,0.05,40,0,22.518957345971565,2.3333333333333335,0.6666666666666666,3.6267202470917255,58.833333333333336,40.0,18.833333333333332,18.0,1.0,0,0,25,15,0.0,2.0,3.0,35.0
78,1,right_lane,adaptive,True,0.05,40,0,21.268957345971565,1.0,6.333333333333331,4.014086847542785,59.5,40.0,19.499999999999996,18.0,1.0,0,0,39,1,0.0,0.0,4.0,36.0
79,1,right_lane,adaptive,True,0.05,40,0,20.518957345971565,1.6666666666666665,10.333333333333334,5.235885910689831,59.16666666666667,40.0,19.166666666666668,18.0,1.0,0,0,40,0,1.0,1.0,3.0,35.0
80,1,right_lane,adaptive,True,0.05,40,0,22.51891965602864,1.3333333333333333,8.33333333333333,4.211818025447428,59.33333333333333,40.0,19.333333333333332,18.0,1.0,0,0,37,3,0.0,0.0,4.0,36.0
81,1,right_lane,adaptive,True,0.05,40,0,21.268957334666847,0.6666666666666666,9.666666666666666,4.045953277498484,59.666666666666664,40.0,19.666666666666664,18.0,1.0,0,0,40,0,0.0,0.0,3.0,37.0
82,1,right_lane,adaptive,True,0.05,40,0,21.268957345971565,0.0,1.6666666666666665,1.0098524072382133,60.0,40.0,20.0,18.0,1.0,0,0,14,26,0.0,0.0,0.0,40.0
83,1,right_lane,adaptive,True,0.05,40,0,21.393957345971565,0.6666666666666666,1.0,2.033687125367578,59.666666666666664,40.0,19.666666666666664,18.0,1.0,0,0,23,17,0.0,1.0,2.0,37.0
84,1,right_lane,adaptive,True,0.05,40,0,20.75249644062177,1.9999999999999998,5.666666666666665,5.004271077457815,59.000000000000014,40.0,19.000000000000004,18.0,1.0,0,0,35,5,0.0,0.0,7.0,33.0
85,1,right_lane,adaptive,True,0.05,40,0,20.893957345971565,1.9999999999999998,10.333333333333334,4.946604318916798,59.16666666666667,40.0,19.16666666666666,18.0,1.0,0,0,40,0,0.0,0.0,5.0,35.0
86,1,right_lane,adaptive,True,0.05,40,0,20.893957345971113,0.3333333333333333,13.000000000000005,4.299994707107544,59.666666666666664,40.0,19.666666666666664,18.0,1.0,0,0,40,0,0.0,0.0,1.0,39.0
87,1,right_lane,adaptive,True,0.05,40,0,22.85604835676014,24.0,0.6666666666666666,26.539106141494813,48.0,40.0,8.000000000000004,18.0,1.0,0,0,39,1,5.0,28.0,4.0,3.0
88,1,right_lane,adaptive,True,0.05,40,0,21.00000075075124,1.6666666666666665,11.000000000000002,5.107287367573008,59.16666666666667,40.0,19.166666666666668,18.0,1.0,0,0,39,1,0.0,0.0,6.0,34.0
89,1,right_lane,adaptive,True,0.05,40,0,21.268957345971565,17.0,4.0,19.545212484896183,51.5,40.0,11.5,18.0,1.0,0,0,40,0,15.0,4.0,1.0,20.0
90,1,right_lane,adaptive,True,0.05,40,0,21.768951646668775,3.0,8.999999999999998,6.724782225675881,58.500000000000014,40.0,18.499999999999996,18.0,1.0,0,0,39,1,0.0,1.0,9.0,30.0
91,1,right_lane,adaptive,True,0.05,40,0,24.981042654028435,7.666666666666667,4.333333333333333,9.793544947111513,56.16666666666666,40.0,16.166666666666664,18.0,1.0,0,0,35,5,3.0,4.0,6.0,27.0
92,1,right_lane,adaptive,True,0.05,40,0,20.518957345971565,1.3333333333333333,0.33333333333333337,2.9887977982871234,59.33333333333333,40.0,19.333333333333332,18.0,1.0,0,0,16,24,1.0,1.0,2.0,36.0
93,1,right_lane,adaptive,True,0.05,40,0,20.518957345971565,0.0,8.999999999999998,3.500450477004051,60.0,40.0,20.0,18.0,1.0,0,0,40,0,0.0,0.0,0.0,40.0
94,1,right_lane,adaptive,True,0.05,40,0,20.268957345971565,4.666666666666666,12.000000000000007,8.30679116398096,57.833333333333336,40.0,17.833333333333332,18.0,1.0,0,0,40,0,0.0,0.0,14.0,26.0
95,1,right_lane,adaptive,True,0.05,40,0,21.518957345938436,1.3333333333333333,10.666666666666668,4.664988955197373,59.16666666666667,40.0,19.166666666666664,18.0,1.0,0,0,35,5,0.0,1.0,4.0,35.0
96,1,right_lane,adaptive,True,0.05,40,0,20.893957345971565,1.6666666666666665,4.333333333333333,4.747053822502494,59.166666666666664,40.0,19.166666666666664,18.0,1.0,0,0,37,3,1.0,1.0,3.0,35.0
97,1,right_lane,adaptive,True,0.05,40,0,21.893957247107718,1.3333333333333333,8.33333333333333,4.739728822140023,59.333333333333336,40.0,19.333333333333336,18.0,1.0,0,0,39,1,0.0,1.0,4.0,35.0
98,1,right_lane,adaptive,True,0.05,40,0,21.268957345971565,0.0,4.333333333333333,1.6865466272165577,60.0,40.0,20.0,18.0,1.0,0,0,17,23,0.0,0.0,1.0,39.0
99,1,right_lane,adaptive,True,0.05,3,1,25.0,1.0,0.6666666666666667,1.803479790687561,4.0,3.0,1.0,18.0,1.0,0,0,3,0,1.0,1.0,1.0,0.0
100,1,right_lane,adaptive,True,0.05,40,0,20.518957345971565,3.666666666666667,2.6666666666666665,5.905981443735072,58.166666666666686,40.0,18.166666666666668,18.0,1.0,0,0,29,11,1.0,1.0,9.0,29.0
101,1,right_lane,adaptive,True,0.05,40,0,22.893957345971565,9.0,1.9999999999999998,10.302382099849638,55.5,40.0,15.5,18.0,1.0,0,0,19,21,7.0,4.0,1.0,28.0
102,1,right_lane,adaptive,True,0.05,40,0,21.518957345971565,0.0,4.333333333333333,2.5635117877682205,60.0,40.0,20.0,18.0,1.0,0,0,20,20,0.0,0.0,1.0,39.0
103,1,right_lane,adaptive,True,0.05,3,1,25.0,1.0,0.0,1.7497847825288773,4.0,3.0,1.0,18.0,1.0,0,0,3,0,1.0,1.0,1.0,0.0
104,1,right_lane,adaptive,True,0.05,40,0,21.627458849513477,1.0,7.33333333333333,4.215221796184778,59.5,40.0,19.5,18.0,1.0,0,0,40,0,0.0,1.0,3.0,36.0
105,1,right_lane,adaptive,True,0.05,40,0,23.393957345971565,7.999999999999998,4.999999999999999,11.020313490997069,56.00000000000001,40.0,16.0,18.0,1.0,0,0,39,1,2.0,5.0,11.0,22.0
106,1,right_lane,adaptive,True,0.05,40,0,20.518957345971565,1.0,12.666666666666671,5.1617758348584175,59.5,40.0,19.5,18.0,1.0,0,0,40,0,0.0,0.0,3.0,37.0
107,1,right_lane,adaptive,True,0.05,40,0,23.516461004214154,7.666666666666663,8.666666666666664,11.090911634266376,56.333333333333336,40.0,16.333333333333336,18.0,1.0,0,0,40,0,3.0,4.0,8.0,25.0
108,1,right_lane,adaptive,True,0.05,40,0,20.768957345971565,3.3333333333333335,8.999999999999998,7.093856489285827,58.16666666666668,40.0,18.166666666666664,18.0,1.0,0,0,40,0,1.0,1.0,8.0,30.0
109,1,right_lane,adaptive,True,0.05,40,0,22.750000098864362,3.0,5.333333333333332,5.589840331982032,58.5,40.0,18.5,18.0,1.0,0,0,34,6,0.0,1.0,9.0,30.0
110,1,right_lane,adaptive,True,0.05,40,0,20.768957345971565,15.66666666666666,8.999999999999998,19.473943680524826,52.16666666666667,40.0,12.166666666666664,18.0,1.0,0,0,40,0,1.0,23.0,1.0,15.0
111,1,right_lane,adaptive,True,0.05,40,0,22.393957345941832,16.333333333333332,4.666666666666666,19.54520297795534,51.833333333333336,40.0,11.833333333333334,18.0,1.0,0,0,40,0,4.0,16.0,8.0,12.0
112,1,right_lane,adaptive,True,0.05,40,0,20.893957345971565,11.666666666666664,1.9999999999999998,13.818323243409395,54.499999999999986,40.0,14.499999999999996,18.0,1.0,0,0,35,5,1.0,13.0,7.0,19.0
113,1,right_lane,adaptive,True,0.05,40,0,21.89395239567974,2.3333333333333335,3.6666666666666674,4.301728223974351,58.5,40.0,18.5,18.0,1.0,0,0,19,21,0.0,2.0,4.0,34.0
114,1,right_lane,adaptive,True,0.05,18,1,21.708793882962162,1.6666666666666665,4.0,3.3686856403946877,26.333333333333332,18.0,8.333333333333334,18.0,1.0,0,0,17,1,0.0,0.0,5.0,13.0
115,1,right_lane,adaptive,True,0.05,40,0,21.768957345971565,0.6666666666666666,7.666666666666663,4.074304756897618,59.5,40.0,19.5,18.0,1.0,0,0,33,7,0.0,1.0,2.0,37.0
116,1,right_lane,adaptive,True,0.05,40,0,20.518956596934782,0.3333333333333333,13.333333333333337,4.346170246601105,59.833333333333336,40.0,19.833333333333332,18.0,1.0,0,0,40,0,0.0,0.0,1.0,39.0
117,1,right_lane,adaptive,True,0.05,40,0,20.893957345971565,5.999999999999999,3.6666666666666665,9.3787558414042,57.0,40.0,17.0,18.0,1.0,0,0,40,0,1.0,7.0,4.0,28.0
118,1,right_lane,adaptive,True,0.05,40,0,21.268957345971565,3.0,9.333333333333332,6.4757279753685,58.666666666666664,40.0,18.666666666666664,18.0,1.0,0,0,40,0,0.0,0.0,9.0,31.0
119,1,right_lane,adaptive,True,0.05,40,0,20.643957345971565,6.666666666666666,9.0,9.053468680731612,56.66666666666667,40.0,16.66666666666667,18.0,1.0,0,0,32,8,0.0,3.0,13.0,24.0
120,1,right_lane,adaptive,True,0.05,40,0,20.893957345971565,4.666666666666666,6.333333333333331,7.211722098181667,57.66666666666669,40.0,17.666666666666664,18.0,1.0,0,0,39,1,0.0,0.0,13.0,27.0
121,1,right_lane,adaptive,True,0.05,40,0,22.750043292073904,22.66666666666667,1.3333333333333333,25.44598527404014,48.499999999999986,40.0,8.500000000000005,18.0,1.0,0,0,39,1,0.0,33.0,4.0,3.0
122,1,right_lane,adaptive,True,0.05,40,0,20.893957345971565,0.6666666666666666,9.333333333333332,3.9831395018845797,59.666666666666664,40.0,19.666666666666668,18.0,1.0,0,0,38,2,0.0,0.0,2.0,38.0
123,1,right_lane,adaptive,True,0.05,40,0,22.393957345971565,4.666666666666666,6.333333333333331,8.212207237724215,57.66666666666666,40.0,17.666666666666664,18.0,1.0,0,0,37,3,1.0,4.0,6.0,29.0
124,1,right_lane,adaptive,True,0.05,40,0,22.268627845842463,9.000000000000002,4.333333333333333,11.888750615704339,55.499999999999986,40.0,15.499999999999995,18.0,1.0,0,0,26,14,1.0,12.0,3.0,24.0
125,1,right_lane,adaptive,True,0.05,40,0,22.250000013019175,1.3333333333333333,7.33333333333333,4.222408607369289,59.333333333333336,40.0,19.333333333333332,18.0,1.0,0,0,38,2,0.0,0.0,5.0,35.0
126,1,right_lane,adaptive,True,0.05,40,0,20.893957345971565,6.333333333333331,11.666666666666673,9.798377230763435,56.833333333333336,40.0,16.833333333333336,18.0,1.0,0,0,40,0,0.0,4.0,11.0,25.0
127,1,right_lane,adaptive,True,0.05,40,0,21.643957345971565,0.6666666666666666,2.6666666666666665,3.068642128724605,59.666666666666664,40.0,19.666666666666664,18.0,1.0,0,0,32,8,0.0,1.0,2.0,37.0
128,1,right_lane,adaptive,True,0.05,40,0,22.018957345971565,2.333333333333333,9.666666666666666,5.7990859562996775,58.833333333333336,40.0,18.833333333333336,18.0,1.0,0,0,38,2,1.0,1.0,5.0,33.0
129,1,right_lane,adaptive,True,0.05,40,0,21.37500009886436,2.0,10.333333333333332,5.363299690186977,59.333333333333336,40.0,19.33333333333333,18.0,1.0,0,0,39,1,0.0,1.0,4.0,35.0
130,1,right_lane,adaptive,True,0.05,40,0,21.018957345971565,0.6666666666666666,12.000000000000004,4.3840354308485985,59.333333333333336,40.0,19.333333333333332,18.0,1.0,0,0,40,0,0.0,0.0,2.0,38.0
131,1,right_lane,adaptive,True,0.05,40,0,21.268957345745733,1.0,4.999999999999999,3.941890641232021,59.50000000000001,40.0,19.5,18.0,1.0,0,0,38,2,0.0,0.0,4.0,36.0
132,1,right_lane,adaptive,True,0.05,40,0,20.768957345971565,1.3333333333333333,7.999999999999998,4.721014078590088,59.333333333333336,40.0,19.333333333333332,18.0,1.0,0,0,35,5,0.0,1.0,4.0,35.0
133,1,right_lane,adaptive,True,0.05,40,0,20.393957345971565,1.3333333333333333,8.33333333333333,4.786802157759666,59.33333333333334,40.0,19.333333333333336,18.0,1.0,0,0,40,0,0.0,0.0,5.0,35.0
134,1,right_lane,adaptive,True,0.05,40,0,20.393957345971565,0.3333333333333333,13.33333333333334,4.55925602465868,59.83333333333333,40.0,19.833333333333332,18.0,1.0,0,0,40,0,0.0,0.0,1.0,39.0
135,1,right_lane,adaptive,True,0.05,40,0,20.643957345971565,1.9999999999999998,9.666666666666666,4.909443199634552,59.0,40.0,19.0,18.0,1.0,0,0,40,0,0.0,0.0,6.0,34.0
136,1,right_lane,adaptive,True,0.05,40,0,20.768957345971565,3.3333333333333335,4.666666666666666,6.551780670881271,58.33333333333335,40.0,18.333333333333332,18.0,1.0,0,0,40,0,0.0,1.0,10.0,29.0
137,1,right_lane,adaptive,True,0.05,40,0,20.893957345971565,6.333333333333333,5.000000000000001,9.822976749390364,56.83333333333334,40.0,16.833333333333336,18.0,1.0,0,0,40,0,0.0,8.0,5.0,27.0
138,1,right_lane,adaptive,True,0.05,40,0,21.268957345971565,0.3333333333333333,8.999999999999998,3.424671102468892,59.833333333333336,40.0,19.833333333333336,18.0,1.0,0,0,32,8,0.0,0.0,2.0,38.0
139,1,right_lane,adaptive,True,0.05,40,0,20.50249644062177,1.6666666666666665,14.000000000000007,6.38191644102335,59.166666666666664,40.0,19.166666666666664,18.0,1.0,0,0,40,0,1.0,1.0,3.0,35.0
140,1,right_lane,adaptive,True,0.05,40,0,20.768919669043903,0.3333333333333333,5.333333333333333,3.7558139003813267,59.83333333333333,40.0,19.833333333333332,18.0,1.0,0,0,40,0,0.0,1.0,1.0,38.0
141,1,right_lane,adaptive,True,0.05,40,0,21.393957345971565,0.3333333333333333,6.999999999999997,3.3604094287147745,59.83333333333333,40.0,19.833333333333336,18.0,1.0,0,0,37,3,0.0,0.0,2.0,38.0
142,1,right_lane,adaptive,True,0.05,40,0,20.893957345971565,4.333333333333333,9.666666666666668,8.062883883714676,57.83333333333335,40.0,17.833333333333336,18.0,1.0,0,0,40,0,0.0,1.0,13.0,26.0
143,1,right_lane,adaptive,True,0.05,40,0,24.391460806486016,8.666666666666668,3.666666666666667,10.013661603635,56.166666666666664,40.0,16.16666666666667,18.0,1.0,0,0,36,4,3.0,1.0,13.0,23.0
144,1,right_lane,adaptive,True,0.05,40,0,21.018957345971565,4.0,11.000000000000004,6.87177250534296,57.666666666666664,40.0,17.666666666666668,18.0,1.0,0,0,38,2,0.0,0.0,11.0,29.0
145,1,right_lane,adaptive,True,0.05,40,0,20.64395733466685,22.333333333333336,1.0,25.57541425526142,48.666666666666664,40.0,8.666666666666668,18.0,1.0,0,0,40,0,1.0,33.0,1.0,5.0
146,1,right_lane,adaptive,True,0.05,40,0,21.018956692396493,1.0,12.333333333333337,5.045672010630369,59.5,40.0,19.5,18.0,1.0,0,0,40,0,0.0,1.0,3.0,36.0
147,1,right_lane,adaptive,True,0.05,40,0,21.51895174381867,1.0,10.0,4.282620477722958,59.5,40.0,19.5,18.0,1.0,0,0,35,5,0.0,0.0,4.0,36.0
148,1,right_lane,adaptive,True,0.05,40,0,21.76895734426102,3.666666666666667,6.666666666666664,6.750432433793321,58.166666666666664,40.0,18.16666666666666,18.0,1.0,0,0,38,2,0.0,1.0,11.0,28.0
149,1,right_lane,adaptive,True,0.05,40,0,20.268957345971565,0.6666666666666666,11.66666666666667,3.727441594004631,59.666666666666664,40.0,19.666666666666668,18.0,1.0,0,0,40,0,0.0,0.0,3.0,37.0
150,1,right_lane,adaptive,True,0.05,40,0,21.37532874938229,5.666666666666665,8.999999999999996,9.252025179564953,57.166666666666664,40.0,17.166666666666664,18.0,1.0,0,0,40,0,0.0,3.0,11.0,26.0
151,1,right_lane,adaptive,True,0.05,40,0,20.893919754889076,1.0,1.0,1.8715603371383622,59.5,40.0,19.5,18.0,1.0,0,0,20,20,0.0,0.0,3.0,37.0
152,1,right_lane,adaptive,True,0.05,40,0,21.768957345971565,0.3333333333333333,8.666666666666664,4.175107700431113,59.83333333333333,40.0,19.833333333333332,18.0,1.0,0,0,39,1,0.0,1.0,1.0,38.0
153,1,right_lane,adaptive,True,0.05,40,0,21.74783231047498,3.9999999999999996,4.999999999999999,5.798740533646196,58.333333333333336,40.0,18.333333333333336,18.0,1.0,0,0,29,11,0.0,3.0,5.0,32.0
154,1,right_lane,adaptive,True,0.05,40,0,22.393957345945687,10.0,4.999999999999999,13.171360481530428,54.666666666666664,40.0,14.666666666666668,18.0,1.0,0,0,40,0,4.0,10.0,1.0,25.0
155,1,right_lane,adaptive,True,0.05,40,0,20.518957345971565,1.6666666666666665,8.33333333333333,4.8548068553209305,59.166666666666664,40.0,19.166666666666664,18.0,1.0,0,0,40,0,0.0,0.0,5.0,35.0
156,1,right_lane,adaptive,True,0.05,40,0,21.393956595224235,9.0,10.333333333333334,12.801204413175583,55.5,40.0,15.499999999999998,18.0,1.0,0,0,40,0,0.0,13.0,3.0,24.0
157,1,right_lane,adaptive,True,0.05,40,0,21.143957345971565,0.6666666666666666,4.333333333333333,2.3591838562861085,59.83333333333333,40.0,19.833333333333332,18.0,1.0,0,0,23,17,0.0,0.0,2.0,38.0
158,1,right_lane,adaptive,True,0.05,40,0,20.768957345971565,1.0,11.66666666666667,4.429257221519947,59.333333333333336,40.0,19.333333333333336,18.0,1.0,0,0,40,0,0.0,0.0,4.0,36.0
159,1,right_lane,adaptive,True,0.05,40,0,20.643957345971565,5.333333333333332,8.33333333333333,8.760593457933282,57.33333333333335,40.0,17.333333333333336,18.0,1.0,0,0,38,2,1.0,1.0,14.0,24.0
160,1,right_lane,adaptive,True,0.05,40,0,22.393957345971565,1.0,0.6666666666666666,3.155933501548134,59.5,40.0,19.5,18.0,1.0,0,0,29,11,1.0,1.0,1.0,37.0
161,1,right_lane,adaptive,True,0.05,40,0,22.518957247136875,3.3333333333333335,4.999999999999999,5.8495277659385465,58.33333333333335,40.0,18.333333333333332,18.0,1.0,0,0,32,8,1.0,1.0,8.0,30.0
162,1,right_lane,adaptive,True,0.05,40,0,20.893957345971565,4.000000000000001,6.999999999999998,6.313509950457956,57.99999999999999,40.0,18.0,18.0,1.0,0,0,29,11,0.0,2.0,8.0,30.0
163,1,right_lane,adaptive,True,0.05,40,0,20.268957345971565,0.0,1.0,2.3194661363959312,60.0,40.0,20.0,18.0,1.0,0,0,40,0,0.0,0.0,0.0,40.0
164,1,right_lane,adaptive,True,0.05,40,0,22.37500009886436,28.000000000000007,1.3333333333333335,30.534904539585114,46.16666666666666,40.0,6.166666666666669,18.0,1.0,0,0,40,0,5.0,35.0,0.0,0.0
165,1,right_lane,adaptive,True,0.05,40,0,20.768957345971565,0.3333333333333333,10.666666666666668,3.620893362443894,59.666666666666664,40.0,19.666666666666664,18.0,1.0,0,0,34,6,0.0,0.0,2.0,38.0
166,1,right_lane,adaptive,True,0.05,40,0,22.143957345745793,4.999999999999999,7.33333333333333,7.843498017638922,57.50000000000001,40.0,17.5,18.0,1.0,0,0,40,0,0.0,6.0,5.0,29.0
167,1,right_lane,adaptive,True,0.05,40,0,22.518957345775522,20.666666666666668,1.3333333333333333,22.211548580555245,49.99999999999997,40.0,9.999999999999996,18.0,1.0,0,0,38,2,0.0,28.0,4.0,8.0
168,1,right_lane,adaptive,True,0.05,40,0,22.018957345971565,2.333333333333333,8.333333333333332,5.408628051517326,58.500000000000014,40.0,18.500000000000004,18.0,1.0,0,0,33,7,0.0,0.0,7.0,33.0
169,1,right_lane,adaptive,True,0.05,40,0,21.893957345971565,27.66666666666668,1.3333333333333335,29.319223299622536,46.499999999999986,40.0,6.500000000000003,18.0,1.0,0,0,40,0,4.0,34.0,1.0,1.0
170,1,right_lane,adaptive,True,0.05,40,0,20.893957345968165,0.0,3.0,1.0443288784008473,59.66666666666667,40.0,19.666666666666664,18.0,1.0,0,0,19,21,0.0,0.0,0.0,40.0
171,1,right_lane,adaptive,True,0.05,40,0,20.268957345971565,1.3333333333333333,12.000000000000004,5.4940289705991745,59.333333333333336,40.0,19.333333333333332,18.0,1.0,0,0,40,0,0.0,0.0,5.0,35.0
172,1,right_lane,adaptive,True,0.05,40,0,21.893957345968165,1.0,3.0,2.877261101908516,59.5,40.0,19.5,18.0,1.0,0,0,19,21,0.0,1.0,3.0,36.0
173,1,right_lane,adaptive,True,0.05,40,0,20.643956694081282,0.0,0.3333333333333333,2.227715168148279,60.0,40.0,20.0,18.0,1.0,0,0,40,0,0.0,0.0,1.0,39.0
174,1,right_lane,adaptive,True,0.05,40,0,20.768957345971565,0.0,0.3333333333333333,1.1688836470711976,60.0,40.0,20.0,18.0,1.0,0,0,22,18,0.0,0.0,0.0,40.0
175,1,right_lane,adaptive,True,0.05,40,0,20.893957345971053,1.6666666666666665,6.000000000000001,4.848640408366919,59.16666666666668,40.0,19.166666666666664,18.0,1.0,0,0,40,0,0.0,0.0,6.0,34.0
176,1,right_lane,adaptive,True,0.05,40,0,21.393956694084626,1.3333333333333333,1.9999999999999998,2.853604233212536,59.33333333333333,40.0,19.333333333333332,18.0,1.0,0,0,9,31,1.0,1.0,2.0,36.0
177,1,right_lane,adaptive,True,0.05,40,0,21.893671888688942,4.333333333333333,0.3333333333333333,5.047111624211539,57.833333333333336,40.0,17.833333333333332,18.0,1.0,0,0,7,33,2.0,4.0,1.0,33.0
178,1,right_lane,adaptive,True,0.05,3,1,25.0,1.0,0.6666666666666666,1.1134531944990158,4.333333333333333,3.0,1.3333333333333333,18.0,1.0,0,0,3,0,0.0,0.0,2.0,1.0
179,1,right_lane,adaptive,True,0.05,40,0,20.750043292099726,3.3333333333333335,6.666666666666665,5.94205189611057,58.00000000000002,40.0,18.000000000000004,18.0,1.0,0,0,30,10,0.0,0.0,11.0,29.0
180,1,right_lane,adaptive,True,0.05,40,0,21.62500570101725,25.000000000000007,1.6666666666666665,27.6787543669343,47.49999999999999,40.0,7.500000000000003,18.0,1.0,0,0,40,0,1.0,37.0,1.0,1.0
181,1,right_lane,adaptive,True,0.05,40,0,20.268957345971565,0.6666666666666666,13.000000000000004,4.984012983739376,59.66666666666667,40.0,19.666666666666668,18.0,1.0,0,0,40,0,0.0,0.0,3.0,37.0
182,1,right_lane,adaptive,True,0.05,40,0,21.518957345971565,0.6666666666666666,0.3333333333333333,1.791589855752136,59.666666666666664,40.0,19.666666666666664,18.0,1.0,0,0,13,27,0.0,1.0,2.0,37.0
183,1,right_lane,adaptive,True,0.05,40,0,23.51678964342731,17.666666666666664,1.666666666666667,19.46044268971309,51.499999999999964,40.0,11.499999999999988,18.0,1.0,0,0,37,3,0.0,23.0,5.0,12.0
184,1,right_lane,adaptive,True,0.05,40,0,21.893957345971565,9.333333333333336,7.9999999999999964,12.332660622894764,55.0,40.0,15.0,18.0,1.0,0,0,40,0,2.0,9.0,6.0,23.0
185,1,right_lane,adaptive,True,0.05,40,0,21.518957345971565,3.0,0.33333333333333337,4.923876560875215,58.5,40.0,18.5,18.0,1.0,0,0,26,14,1.0,4.0,1.0,34.0
186,1,right_lane,adaptive,True,0.05,40,0,21.26891405409761,2.333333333333333,8.666666666666664,5.449812389910221,59.000000000000014,40.0,18.999999999999993,18.0,1.0,0,0,40,0,0.0,0.0,6.0,34.0
187,1,right_lane,adaptive,True,0.05,40,0,22.643957344257114,17.666666666666664,4.0,20.397342398762703,51.0,40.0,11.000000000000004,18.0,1.0,0,0,40,0,1.0,23.0,7.0,9.0
188,1,right_lane,adaptive,True,0.05,40,0,21.14391975488864,3.333333333333333,4.333333333333333,5.799465292599052,58.33333333333333,40.0,18.333333333333332,18.0,1.0,0,0,30,10,0.0,4.0,3.0,33.0
189,1,right_lane,adaptive,True,0.05,40,0,21.393957247111114,1.0,9.333333333333332,4.257469650357962,59.5,40.0,19.5,18.0,1.0,0,0,37,3,0.0,0.0,3.0,37.0
190,1,right_lane,adaptive,True,0.05,40,0,21.018957345971565,13.000000000000005,10.333333333333334,17.10381905734539,53.66666666666669,40.0,13.666666666666673,18.0,1.0,0,0,40,0,1.0,1.0,36.0,2.0
191,1,right_lane,adaptive,True,0.05,40,0,20.518957345971565,4.999999999999999,13.66666666666666,9.564196437597275,57.33333333333335,40.0,17.333333333333336,18.0,1.0,0,0,40,0,1.0,1.0,13.0,25.0
192,1,right_lane,adaptive,True,0.05,40,0,22.518957345971565,0.3333333333333333,1.6666666666666665,2.456229287497081,59.83333333333333,40.0,19.833333333333336,18.0,1.0,0,0,34,6,0.0,0.0,2.0,38.0
193,1,right_lane,adaptive,True,0.05,40,0,20.893957345971565,1.3333333333333333,4.0,3.9831663966178894,59.33333333333333,40.0,19.333333333333332,18.0,1.0,0,0,40,0,0.0,0.0,5.0,35.0
194,1,right_lane,adaptive,True,0.05,40,0,20.518957345971565,3.0,10.666666666666663,6.6897968500852585,58.66666666666668,40.0,18.666666666666664,18.0,1.0,0,0,40,0,0.0,1.0,8.0,31.0
195,1,right_lane,adaptive,True,0.05,21,1,21.94087113518393,0.3333333333333333,2.6666666666666665,1.5494669214822352,31.333333333333332,21.0,10.333333333333332,18.0,1.0,0,0,14,7,0.0,0.0,1.0,20.0
196,1,right_lane,adaptive,True,0.05,40,0,22.000323799116284,3.3333333333333335,7.666666666666667,6.710040912032127,58.16666666666668,40.0,18.166666666666664,18.0,1.0,0,0,39,1,0.0,1.0,10.0,29.0
197,1,right_lane,adaptive,True,0.05,40,0,21.393957345941843,1.0,3.0,2.8281150039983913,59.5,40.0,19.5,18.0,1.0,0,0,16,24,1.0,1.0,1.0,37.0
198,1,right_lane,adaptive,True,0.05,40,0,21.893957345967646,1.6666666666666665,6.333333333333331,4.653755685780197,59.16666666666667,40.0,19.166666666666668,18.0,1.0,0,0,37,3,0.0,1.0,5.0,34.0
199,1,right_lane,adaptive,True,0.05,40,0,20.393957345971565,3.666666666666667,14.000000000000009,9.190252102911472,58.166666666666664,40.0,18.166666666666668,18.0,1.0,0,0,40,0,1.0,1.0,9.0,29.0
200,1,right_lane,adaptive,True,0.05,40,0,21.391504197449517,7.333333333333333,5.666666666666665,9.580245843564626,56.333333333333336,40.0,16.333333333333336,18.0,1.0,0,0,34,6,3.0,5.0,3.0,29.0
201,1,right_lane,adaptive,True,0.05,40,0,20.268957345971565,1.6666666666666665,11.66666666666667,5.885760076344013,59.16666666666667,40.0,19.166666666666664,18.0,1.0,0,0,40,0,1.0,2.0,1.0,36.0
202,1,right_lane,adaptive,True,0.05,40,0,20.393957345971565,2.6666666666666665,9.333333333333332,6.365810750052333,58.66666666666667,40.0,18.666666666666664,18.0,1.0,0,0,39,1,0.0,0.0,9.0,31.0
203,1,right_lane,adaptive,True,0.05,40,0,20.768957345971565,1.3333333333333333,3.0,4.630861401557922,59.33333333333333,40.0,19.333333333333336,18.0,1.0,0,0,40,0,0.0,0.0,5.0,35.0
204,1,right_lane,adaptive,True,0.05,40,0,21.99754695034232,3.0,6.333333333333331,5.888023672392592,58.5,40.0,18.5,18.0,1.0,0,0,37,3,0.0,3.0,3.0,34.0
205,1,right_lane,adaptive,True,0.05,40,0,23.75249644062177,8.0,5.999999999999998,11.18447352842486,56.0,40.0,16.0,18.0,1.0,0,0,39,1,6.0,4.0,1.0,29.0
206,1,right_lane,adaptive,True,0.05,40,0,20.268957345971565,4.0,10.666666666666668,7.420200251042843,57.99999999999999,40.0,18.0,18.0,1.0,0,0,40,0,0.0,2.0,9.0,29.0
207,1,right_lane,adaptive,True,0.05,40,0,21.643952395702158,1.0,0.0,1.9469216454017442,59.5,40.0,19.5,18.0,1.0,0,0,4,36,1.0,1.0,1.0,37.0
208,1,right_lane,adaptive,True,0.05,40,0,20.518957344286836,0.0,13.33333333333334,3.771998442709446,60.0,40.0,20.0,18.0,1.0,0,0,40,0,0.0,0.0,0.0,40.0
209,1,right_lane,adaptive,True,0.05,40,0,20.64395734428684,1.9999999999999998,9.666666666666664,6.3882187604904175,59.0,40.0,19.0,18.0,1.0,0,0,40,0,1.0,1.0,4.0,34.0
210,1,right_lane,adaptive,True,0.05,40,0,21.12749644062177,2.6666666666666665,7.666666666666663,6.271967603592202,58.66666666666668,40.0,18.666666666666664,18.0,1.0,0,0,39,1,1.0,1.0,6.0,32.0
211,1,right_lane,adaptive,True,0.05,40,0,21.268957345971565,4.999999999999999,5.666666666666665,8.658638122025877,57.5,40.0,17.499999999999996,18.0,1.0,0,0,37,3,1.0,5.0,5.0,29.0
212,1,right_lane,adaptive,True,0.05,40,0,21.268957247107274,1.9999999999999998,11.000000000000002,5.208559483289719,59.00000000000001,40.0,19.0,18.0,1.0,0,0,40,0,0.0,0.0,6.0,34.0
213,1,right_lane,adaptive,True,0.05,40,0,20.393957345971565,1.0,13.33333333333334,5.076233372092247,59.5,40.0,19.5,18.0,1.0,0,0,40,0,0.0,0.0,3.0,37.0
214,1,right_lane,adaptive,True,0.05,40,0,21.893957345971554,0.6666666666666666,8.666666666666664,3.828639931976795,59.666666666666664,40.0,19.666666666666664,18.0,1.0,0,0,35,5,0.0,0.0,3.0,37.0
215,1,right_lane,adaptive,True,0.05,40,0,21.143957345971565,1.6666666666666665,11.666666666666666,6.701482832431793,59.16666666666667,40.0,19.166666666666664,18.0,1.0,0,0,40,0,1.0,1.0,3.0,35.0
216,1,right_lane,adaptive,True,0.05,40,0,21.768957345971565,8.333333333333332,1.9999999999999998,10.436804183758795,55.833333333333336,40.0,15.833333333333334,18.0,1.0,0,0,31,9,1.0,10.0,5.0,24.0
217,1,right_lane,adaptive,True,0.05,40,0,21.51895734574586,1.9999999999999998,5.333333333333332,4.383597631356679,59.16666666666668,40.0,19.166666666666664,18.0,1.0,0,0,38,2,0.0,0.0,5.0,35.0
218,1,right_lane,adaptive,True,0.05,40,0,21.856049105796927,1.6666666666666665,6.999999999999997,5.054717970690945,59.0,40.0,19.0,18.0,1.0,0,0,38,2,1.0,1.0,3.0,35.0
219,1,right_lane,adaptive,True,0.05,40,0,21.018957345971565,1.9999999999999998,3.3333333333333335,4.398748431354761,59.0,40.0,19.0,18.0,1.0,0,0,40,0,0.0,0.0,6.0,34.0
220,1,right_lane,adaptive,True,0.05,40,0,20.768957345968165,4.666666666666666,12.666666666666671,8.961551956832409,57.666666666666664,40.0,17.666666666666664,18.0,1.0,0,0,40,0,1.0,5.0,4.0,30.0
221,1,right_lane,adaptive,True,0.05,40,0,21.268957345971565,1.3333333333333333,9.333333333333332,4.590641704853624,59.33333333333333,40.0,19.333333333333336,18.0,1.0,0,0,39,1,0.0,0.0,4.0,36.0
222,1,right_lane,adaptive,True,0.05,40,0,22.268914053871903,0.3333333333333333,10.333333333333332,3.381180046009831,59.833333333333336,40.0,19.833333333333332,18.0,1.0,0,0,39,1,0.0,0.0,1.0,39.0
223,1,right_lane,adaptive,True,0.05,40,0,20.893957345971565,3.3333333333333335,6.666666666666664,5.832210850552656,58.33333333333334,40.0,18.333333333333336,18.0,1.0,0,0,31,9,0.0,0.0,11.0,29.0
224,1,right_lane,adaptive,True,0.05,26,1,23.1022487016939,25.0,0.33333333333333337,24.872305512428284,27.0,26.0,0.9999999999999999,18.0,1.0,0,0,26,0,22.0,4.0,0.0,0.0
225,1,right_lane,adaptive,True,0.05,40,0,21.393956694081282,4.666666666666666,12.666666666666673,8.456832565367222,57.166666666666664,40.0,17.166666666666664,18.0,1.0,0,0,40,0,0.0,4.0,7.0,29.0
226,1,right_lane,adaptive,True,0.05,40,0,21.893956509375137,7.333333333333334,8.33333333333333,9.724206563085318,56.66666666666665,40.0,16.66666666666667,18.0,1.0,0,0,40,0,0.0,8.0,4.0,28.0
227,1,right_lane,adaptive,True,0.05,40,0,23.266789002645247,10.999999999999998,4.0,12.863858005033762,54.49999999999998,40.0,14.499999999999995,18.0,1.0,0,0,36,4,0.0,12.0,7.0,21.0
228,1,right_lane,adaptive,True,0.05,40,0,22.26895734597105,0.6666666666666666,9.333333333333332,4.392330675760604,59.333333333333336,40.0,19.333333333333336,18.0,1.0,0,0,36,4,0.0,1.0,2.0,37.0
229,1,right_lane,adaptive,True,0.05,40,0,23.01678965324,25.66666666666668,4.666666666666667,28.010288670659065,47.49999999999998,40.0,7.500000000000005,18.0,1.0,0,0,40,0,4.0,30.0,4.0,2.0
230,1,right_lane,adaptive,True,0.05,40,0,22.643957345937917,15.333333333333334,2.333333333333333,17.09925152733922,52.0,40.0,12.0,18.0,1.0,0,0,40,0,12.0,4.0,4.0,20.0
231,1,right_lane,adaptive,True,0.05,40,0,22.268957345971565,7.0,10.0,11.186004631803371,56.5,40.0,16.5,18.0,1.0,0,0,39,1,0.0,6.0,11.0,23.0
232,1,right_lane,adaptive,True,0.05,40,0,21.518957345971565,4.0,3.666666666666667,6.505952137405984,58.0,40.0,18.0,18.0,1.0,0,0,30,10,0.0,5.0,4.0,31.0
233,1,right_lane,adaptive,True,0.05,40,0,21.393957345971565,5.333333333333332,0.6666666666666667,6.477570575312711,57.333333333333336,40.0,17.333333333333336,18.0,1.0,0,0,14,26,1.0,7.0,2.0,30.0
234,1,right_lane,adaptive,True,0.05,40,0,21.643908464738125,6.666666666666664,9.666666666666666,10.603190035559237,56.666666666666664,40.0,16.666666666666664,18.0,1.0,0,0,37,3,1.0,6.0,8.0,25.0
235,1,right_lane,adaptive,True,0.05,40,0,21.768957345971565,4.0,10.666666666666668,7.513273194432259,58.00000000000001,40.0,18.0,18.0,1.0,0,0,40,0,0.0,5.0,4.0,31.0
236,1,right_lane,adaptive,True,0.05,40,0,20.893957345971565,1.9999999999999998,12.666666666666671,6.158908806741238,59.0,40.0,19.0,18.0,1.0,0,0,40,0,0.0,0.0,7.0,33.0
237,1,right_lane,adaptive,True,0.05,40,0,20.643957345971565,7.666666666666667,2.333333333333334,9.43389649502933,56.166666666666664,40.0,16.166666666666664,18.0,1.0,0,0,13,27,1.0,11.0,1.0,27.0
238,1,right_lane,adaptive,True,0.05,40,0,20.268957345971565,1.9999999999999998,5.666666666666665,4.807521712034941,59.0,40.0,19.0,18.0,1.0,0,0,29,11,0.0,1.0,6.0,33.0
239,1,right_lane,adaptive,True,0.05,40,0,20.893957345971565,0.0,1.6666666666666665,1.8643830012879334,60.0,40.0,20.0,18.0,1.0,0,0,29,11,0.0,0.0,1.0,39.0
240,1,right_lane,adaptive,True,0.05,40,0,21.768957345971565,1.6666666666666665,8.666666666666664,4.97166760255277,59.16666666666668,40.0,19.166666666666668,18.0,1.0,0,0,36,4,0.0,0.0,5.0,35.0
241,1,right_lane,adaptive,True,0.05,40,0,20.268957345971565,1.3333333333333333,4.333333333333333,4.593630336225033,59.333333333333336,40.0,19.333333333333332,18.0,1.0,0,0,40,0,0.0,0.0,4.0,36.0
242,1,right_lane,adaptive,True,0.05,40,0,21.891461656101036,22.0,1.0,24.014784581959248,49.16666666666666,40.0,9.166666666666673,18.0,1.0,0,0,40,0,0.0,31.0,5.0,4.0
243,1,right_lane,adaptive,True,0.05,40,0,24.356043503644038,3.6666666666666665,1.9999999999999998,5.452809844966396,57.99999999999999,40.0,17.999999999999996,18.0,1.0,0,0,34,6,0.0,2.0,7.0,31.0
244,1,right_lane,adaptive,True,0.05,40,0,21.018628695453636,1.9999999999999998,10.333333333333334,5.322188142687082,59.00000000000001,40.0,18.999999999999993,18.0,1.0,0,0,40,0,0.0,1.0,6.0,33.0
245,1,right_lane,adaptive,True,0.05,40,0,21.893957345971565,1.6666666666666665,6.333333333333331,5.366185285151005,59.16666666666667,40.0,19.166666666666668,18.0,1.0,0,0,39,1,1.0,1.0,3.0,35.0
246,1,right_lane,adaptive,True,0.05,40,0,21.018957345971565,34.666666666666664,1.666666666666667,35.67610573768616,43.16666666666667,40.0,3.1666666666666656,18.0,1.0,0,0,40,0,23.0,17.0,0.0,0.0
247,1,right_lane,adaptive,True,0.05,40,0,21.7689573457458,1.6666666666666665,10.333333333333334,5.138366118073463,58.666666666666664,40.0,18.666666666666664,18.0,1.0,0,0,40,0,0.0,0.0,5.0,35.0
248,1,right_lane,adaptive,True,0.05,40,0,22.393957345971565,3.9999999999999996,1.0,6.413532100850716,58.0,40.0,18.0,18.0,1.0,0,0,30,10,1.0,4.0,4.0,31.0
249,1,right_lane,adaptive,True,0.05,40,0,21.01895734406158,3.3333333333333335,6.666666666666664,6.351219030097127,58.33333333333333,40.0,18.333333333333332,18.0,1.0,0,0,40,0,0.0,3.0,4.0,33.0
250,1,right_lane,adaptive,True,0.05,40,0,21.768671888685084,2.6666666666666665,5.999999999999999,4.878000020980835,58.666666666666664,40.0,18.66666666666667,18.0,1.0,0,0,40,0,0.0,0.0,8.0,32.0
251,1,right_lane,adaptive,True,0.05,40,0,20.268957345971565,0.0,13.33333333333334,4.234493799507618,60.0,40.0,20.0,18.0,1.0,0,0,40,0,0.0,0.0,0.0,40.0
252,1,right_lane,adaptive,True,0.05,40,0,20.893957345971565,14.333333333333334,3.3333333333333335,15.471368119120598,52.83333333333335,40.0,12.833333333333336,18.0,1.0,0,0,40,0,2.0,16.0,7.0,15.0
253,1,right_lane,adaptive,True,0.05,40,0,21.518957345971508,5.666666666666666,5.666666666666665,8.777462597936392,57.16666666666667,40.0,17.166666666666668,18.0,1.0,0,0,40,0,1.0,8.0,1.0,30.0
254,1,right_lane,adaptive,True,0.05,40,0,20.766789654732083,0.3333333333333333,4.333333333333333,2.2338645277227442,59.83333333333333,40.0,19.833333333333332,18.0,1.0,0,0,19,21,0.0,1.0,1.0,38.0
255,1,right_lane,adaptive,True,0.05,40,0,22.018957345971565,8.0,7.666666666666663,10.95327272079885,56.0,40.0,16.0,18.0,1.0,0,0,38,2,6.0,2.0,3.0,29.0
256,1,right_lane,adaptive,True,0.05,40,0,20.752496440425727,0.6666666666666666,11.66666666666667,4.17004606872797,59.666666666666664,40.0,19.666666666666668,18.0,1.0,0,0,40,0,0.0,0.0,3.0,37.0
257,1,right_lane,adaptive,True,0.05,40,0,20.893957345971565,2.333333333333333,7.333333333333333,5.195884509176494,59.00000000000001,40.0,18.999999999999996,18.0,1.0,0,0,31,9,1.0,1.0,4.0,34.0
258,1,right_lane,adaptive,True,0.05,40,0,22.502495788734443,27.666666666666682,1.3333333333333335,30.329958498477936,46.333333333333314,40.0,6.333333333333336,18.0,1.0,0,0,40,0,4.0,36.0,0.0,0.0
259,1,right_lane,adaptive,True,0.05,40,0,21.01678964342737,0.3333333333333333,7.33333333333333,3.262051590718329,59.5,40.0,19.5,18.0,1.0,0,0,37,3,0.0,0.0,2.0,38.0
260,1,right_lane,adaptive,True,0.05,40,0,20.75249644062177,0.3333333333333333,9.666666666666666,4.529269069433212,59.83333333333333,40.0,19.833333333333332,18.0,1.0,0,0,40,0,0.0,1.0,1.0,38.0
261,1,right_lane,adaptive,True,0.05,40,0,22.768957345971565,0.6666666666666666,4.333333333333333,3.107174576960915,59.66666666666667,40.0,19.666666666666668,18.0,1.0,0,0,34,6,0.0,0.0,2.0,38.0
262,1,right_lane,adaptive,True,0.05,40,0,21.231414695510452,1.0,10.0,4.410703804343939,59.5,40.0,19.5,18.0,1.0,0,0,40,0,0.0,0.0,3.0,37.0
263,1,right_lane,adaptive,True,0.05,40,0,20.393957345971565,0.0,9.666666666666666,3.64788506180048,60.0,40.0,20.0,18.0,1.0,0,0,40,0,0.0,0.0,1.0,39.0
264,1,right_lane,adaptive,True,0.05,40,0,20.643957345971565,1.6666666666666665,10.333333333333332,5.653844565153122,59.166666666666664,40.0,19.166666666666664,18.0,1.0,0,0,40,0,0.0,0.0,5.0,35.0
265,1,right_lane,adaptive,True,0.05,40,0,21.018957345971565,1.0,1.6666666666666665,1.988483982863272,59.5,40.0,19.5,18.0,1.0,0,0,8,32,0.0,1.0,3.0,36.0
266,1,right_lane,adaptive,True,0.05,40,0,20.768957345971565,2.333333333333333,6.333333333333331,5.138390201198035,58.833333333333336,40.0,18.833333333333336,18.0,1.0,0,0,25,15,1.0,1.0,5.0,33.0
267,1,right_lane,adaptive,True,0.05,40,0,21.643956595249602,1.9999999999999998,2.0,4.58626114577055,59.16666666666667,40.0,19.16666666666666,18.0,1.0,0,0,39,1,0.0,1.0,5.0,34.0
268,1,right_lane,adaptive,True,0.05,40,0,24.35608669662397,21.999999999999996,1.6666666666666665,23.325664306408726,48.83333333333334,40.0,8.833333333333334,18.0,1.0,0,0,39,1,10.0,15.0,6.0,9.0
269,1,right_lane,adaptive,True,0.05,40,0,21.518957247107718,1.6666666666666665,7.999999999999997,4.641571306157857,59.16666666666668,40.0,19.16666666666667,18.0,1.0,0,0,39,1,0.0,0.0,6.0,34.0
270,1,right_lane,adaptive,True,0.05,40,0,20.518957345942347,0.3333333333333333,13.000000000000005,4.059531129896641,59.83333333333333,40.0,19.833333333333332,18.0,1.0,0,0,40,0,0.0,0.0,1.0,39.0
271,1,right_lane,adaptive,True,0.05,40,0,20.768957345971565,0.6666666666666666,12.333333333333337,4.622757472097874,59.666666666666664,40.0,19.666666666666664,18.0,1.0,0,0,40,0,0.0,0.0,3.0,37.0
272,1,right_lane,adaptive,True,0.05,40,0,22.50249148886708,1.6666666666666665,4.999999999999999,4.2358311086734375,59.166666666666664,40.0,19.166666666666664,18.0,1.0,0,0,31,9,1.0,1.0,3.0,35.0
273,1,right_lane,adaptive,True,0.05,40,0,22.768957345971565,6.333333333333334,1.6666666666666665,7.844022797653452,56.833333333333336,40.0,16.833333333333336,18.0,1.0,0,0,35,5,0.0,3.0,13.0,24.0
274,1,right_lane,adaptive,True,0.05,40,0,20.750043292099726,4.0,4.666666666666666,5.88141930103302,58.00000000000002,40.0,18.000000000000004,18.0,1.0,0,0,40,0,0.0,0.0,12.0,28.0
275,1,right_lane,adaptive,True,0.05,40,0,21.518957345971565,0.0,7.9999999999999964,2.590872530825436,60.0,40.0,20.0,18.0,1.0,0,0,35,5,0.0,0.0,0.0,40.0
276,1,right_lane,adaptive,True,0.05,40,0,21.143957345971565,0.0,0.6666666666666666,1.9548842078074813,60.0,40.0,20.0,18.0,1.0,0,0,31,9,0.0,0.0,1.0,39.0
277,1,right_lane,adaptive,True,0.05,40,0,21.768957345971565,1.6666666666666665,9.333333333333332,5.187463887734339,59.16666666666667,40.0,19.166666666666668,18.0,1.0,0,0,39,1,0.0,0.0,6.0,34.0
278,1,right_lane,adaptive,True,0.05,40,0,20.643956694084682,0.0,4.333333333333333,2.6700350046157837,60.0,40.0,20.0,18.0,1.0,0,0,40,0,0.0,0.0,0.0,40.0
279,1,right_lane,adaptive,True,0.05,40,0,21.643919643039197,1.3333333333333333,1.9999999999999998,2.9022912578861906,59.333333333333336,40.0,19.333333333333336,18.0,1.0,0,0,14,26,1.0,1.0,2.0,36.0
280,1,right_lane,adaptive,True,0.05,40,0,22.018957345971565,10.333333333333334,5.333333333333332,12.705859307728133,55.0,40.0,15.000000000000002,18.0,1.0,0,0,31,9,3.0,10.0,3.0,24.0
281,1,right_lane,adaptive,True,0.05,40,0,20.893957345971565,2.333333333333333,2.6666666666666665,3.8233275911188684,58.83333333333334,40.0,18.833333333333332,18.0,1.0,0,0,25,15,0.0,0.0,6.0,34.0
282,1,right_lane,adaptive,True,0.05,40,0,21.643957345971565,0.3333333333333333,0.3333333333333333,1.4335806269518798,59.666666666666664,40.0,19.666666666666664,18.0,1.0,0,0,16,24,0.0,1.0,1.0,38.0
283,1,right_lane,adaptive,True,0.05,40,0,20.268957345971565,0.0,13.33333333333334,3.768178842961788,60.0,40.0,20.0,18.0,1.0,0,0,40,0,0.0,0.0,1.0,39.0
284,1,right_lane,adaptive,True,0.05,40,0,23.268623007455563,6.333333333333335,4.333333333333333,8.673386264362875,57.16666666666666,40.0,17.166666666666668,18.0,1.0,0,0,35,5,0.0,5.0,9.0,26.0
285,1,right_lane,adaptive,True,0.05,40,0,23.893957345971565,19.333333333333325,-0.33333333333333254,18.930240157525986,50.000000000000014,40.0,9.999999999999998,18.0,1.0,0,0,38,2,10.0,5.0,21.0,4.0
286,1,right_lane,adaptive,True,0.05,40,0,23.768914040857094,5.666666666666665,3.0,8.053235144121572,57.33333333333334,40.0,17.333333333333332,18.0,1.0,0,0,38,2,1.0,6.0,4.0,29.0
287,1,right_lane,adaptive,True,0.05,40,0,20.268957345971565,4.333333333333333,11.333333333333334,8.232763428241014,57.66666666666667,40.0,17.666666666666668,18.0,1.0,0,0,40,0,0.0,0.0,14.0,26.0
288,1,right_lane,adaptive,True,0.05,40,0,22.856414695510455,1.6666666666666665,5.999999999999998,4.473873219725647,59.166666666666664,40.0,19.166666666666668,18.0,1.0,0,0,39,1,0.0,0.0,5.0,35.0
289,1,right_lane,adaptive,True,0.05,40,0,20.268957345971565,0.6666666666666666,13.33333333333334,5.139839626848698,59.666666666666664,40.0,19.666666666666664,18.0,1.0,0,0,40,0,0.0,1.0,2.0,37.0
290,1,right_lane,adaptive,True,0.05,3,1,25.0,1.0,0.6666666666666666,1.1999248564243317,4.333333333333333,3.0,1.3333333333333333,18.0,1.0,0,0,3,0,0.0,0.0,2.0,1.0
291,1,right_lane,adaptive,True,0.05,40,0,21.64395239570511,22.000000000000004,1.666666666666667,23.94305716263989,48.999999999999986,40.0,9.000000000000004,18.0,1.0,0,0,36,4,0.0,31.0,3.0,6.0
292,1,right_lane,adaptive,True,0.05,40,0,20.51895239570556,1.0,12.666666666666671,5.677497945725918,59.166666666666664,40.0,19.166666666666664,18.0,1.0,0,0,40,0,0.0,1.0,3.0,36.0
293,1,right_lane,adaptive,True,0.05,40,0,20.268957345971565,3.3333333333333335,11.000000000000005,7.196338102221489,58.33333333333334,40.0,18.33333333333334,18.0,1.0,0,0,40,0,0.0,0.0,10.0,30.0
294,1,right_lane,adaptive,True,0.05,40,0,20.143957345971565,11.66666666666667,3.6666666666666674,15.015741050243378,54.333333333333364,40.0,14.333333333333341,18.0,1.0,0,0,40,0,0.0,0.0,34.0,6.0
295,1,right_lane,adaptive,True,0.05,40,0,23.518957345971565,13.000000000000002,9.666666666666666,16.54139895737171,53.333333333333336,40.0,13.333333333333334,18.0,1.0,0,0,40,0,8.0,6.0,6.0,20.0
296,1,right_lane,adaptive,True,0.05,40,0,22.518957345971565,1.9999999999999998,4.333333333333333,4.954960799403125,59.0,40.0,19.0,18.0,1.0,0,0,39,1,0.0,0.0,7.0,33.0
297,1,right_lane,adaptive,True,0.05,40,0,22.3939573329529,1.6666666666666665,6.999999999999997,4.396018256986281,59.333333333333336,40.0,19.33333333333333,18.0,1.0,0,0,37,3,0.0,0.0,5.0,35.0
298,1,right_lane,adaptive,True,0.05,40,0,20.893957345971565,4.999999999999999,9.666666666666666,8.954743944108486,57.33333333333333,40.0,17.333333333333336,18.0,1.0,0,0,40,0,1.0,5.0,5.0,29.0
299,1,right_lane,adaptive,True,0.05,40,0,20.268957345971565,1.6666666666666665,13.333333333333334,6.13727343827486,59.16666666666668,40.0,19.166666666666664,18.0,1.0,0,0,40,0,0.0,0.0,5.0,35.0
300,1,right_lane,adaptive,True,0.05,40,0,21.018957345971565,4.999999999999999,4.666666666666666,6.805195139255375,57.66666666666668,40.0,17.66666666666667,18.0,1.0,0,0,36,4,0.0,0.0,14.0,26.0
301,1,right_lane,adaptive,True,0.05,40,0,22.747552552495137,1.0,3.3333333333333335,2.934396974975243,59.5,40.0,19.5,18.0,1.0,0,0,36,4,0.0,0.0,2.0,38.0
302,1,right_lane,adaptive,True,0.05,40,0,21.252496440595955,5.666666666666666,0.3333333333333333,6.473846264649183,57.0,40.0,17.0,18.0,1.0,0,0,18,22,0.0,9.0,1.0,30.0
303,1,right_lane,adaptive,True,0.05,40,0,21.893957345945687,2.333333333333333,8.999999999999998,6.390318740159273,58.833333333333336,40.0,18.833333333333336,18.0,1.0,0,0,40,0,1.0,1.0,5.0,33.0
304,1,right_lane,adaptive,True,0.05,40,0,21.393957345971565,2.6666666666666665,10.0,6.68494376317085,58.66666666666668,40.0,18.66666666666666,18.0,1.0,0,0,37,3,1.0,1.0,6.0,32.0
305,1,right_lane,adaptive,True,0.05,40,0,21.768957345942347,3.6666666666666665,3.0,5.952346226199552,58.16666666666667,40.0,18.166666666666664,18.0,1.0,0,0,25,15,0.0,6.0,1.0,33.0
306,1,right_lane,adaptive,True,0.05,40,0,20.768957345971565,2.333333333333333,8.666666666666664,5.665067409398034,58.83333333333335,40.0,18.83333333333333,18.0,1.0,0,0,39,1,0.0,0.0,8.0,32.0
307,1,right_lane,adaptive,True,0.05,40,0,23.89395724713693,13.333333333333332,1.6666666666666667,14.717435518745333,53.33333333333333,40.0,13.333333333333332,18.0,1.0,0,0,27,13,5.0,10.0,6.0,19.0
308,1,right_lane,adaptive,True,0.05,40,0,21.268671224005253,1.9999999999999998,10.333333333333334,5.862148433923721,59.0,40.0,19.0,18.0,1.0,0,0,40,0,0.0,0.0,7.0,33.0
309,1,right_lane,adaptive,True,0.05,40,0,22.393957345971565,12.000000000000007,5.666666666666665,14.8335847184062,54.000000000000014,40.0,14.000000000000004,18.0,1.0,0,0,40,0,4.0,7.0,12.0,17.0
310,1,right_lane,adaptive,True,0.05,40,0,21.64395239570556,2.6666666666666665,7.666666666666664,6.127371912387844,58.666666666666664,40.0,18.666666666666664,18.0,1.0,0,0,37,3,1.0,1.0,6.0,32.0
311,1,right_lane,adaptive,True,0.05,40,0,21.393957345971565,1.3333333333333333,3.3333333333333335,4.210772515041754,59.333333333333336,40.0,19.333333333333336,18.0,1.0,0,0,29,11,1.0,1.0,2.0,36.0
312,1,right_lane,adaptive,True,0.05,40,0,20.518957345971565,0.3333333333333333,4.333333333333333,2.612042199761163,59.83333333333333,40.0,19.833333333333332,18.0,1.0,0,0,30,10,0.0,0.0,1.0,39.0
313,1,right_lane,adaptive,True,0.05,40,0,20.268957345971565,1.0,10.666666666666668,4.761513240635395,59.50000000000001,40.0,19.5,18.0,1.0,0,0,40,0,0.0,0.0,4.0,36.0
314,1,right_lane,adaptive,True,0.05,40,0,21.64150419719409,0.3333333333333333,3.3333333333333335,3.283482210012153,59.83333333333333,40.0,19.833333333333332,18.0,1.0,0,0,37,3,0.0,1.0,1.0,38.0
315,1,right_lane,adaptive,True,0.05,40,0,20.518957345971565,2.333333333333333,11.333333333333336,6.134886234998703,58.83333333333334,40.0,18.833333333333336,18.0,1.0,0,0,40,0,0.0,0.0,7.0,33.0
316,1,right_lane,adaptive,True,0.05,40,0,21.018957332927087,8.333333333333334,9.999999999999996,11.990771405398846,56.0,40.0,16.000000000000007,18.0,1.0,0,0,40,0,0.0,4.0,16.0,20.0
317,1,right_lane,adaptive,True,0.05,40,0,20.893957345971565,1.0,6.999999999999997,3.728933226200752,59.33333333333333,40.0,19.333333333333332,18.0,1.0,0,0,27,13,0.0,1.0,3.0,36.0
318,1,right_lane,adaptive,True,0.05,40,0,22.76895090893671,10.999999999999995,3.6666666666666665,12.297978548090441,54.50000000000001,40.0,14.500000000000004,18.0,1.0,0,0,37,3,0.0,4.0,25.0,11.0
319,1,right_lane,adaptive,True,0.05,40,0,20.393957345971565,0.3333333333333333,5.999999999999998,3.9078021682798862,59.83333333333333,40.0,19.833333333333332,18.0,1.0,0,0,40,0,0.0,1.0,1.0,38.0
320,1,right_lane,adaptive,True,0.05,40,0,22.018957345971565,0.3333333333333333,0.3333333333333333,2.007798727368936,59.83333333333333,40.0,19.833333333333332,18.0,1.0,0,0,20,20,0.0,1.0,1.0,38.0
321,1,right_lane,adaptive,True,0.05,40,0,21.125043292099726,1.6666666666666665,1.9999999999999998,2.624696210026741,59.33333333333333,40.0,19.333333333333332,18.0,1.0,0,0,17,23,0.0,0.0,4.0,36.0
322,1,right_lane,adaptive,True,0.05,40,0,21.627496440621762,4.666666666666666,4.999999999999999,7.612332111224532,57.5,40.0,17.5,18.0,1.0,0,0,37,3,0.0,6.0,4.0,30.0
323,1,right_lane,adaptive,True,0.05,40,0,23.981371403184955,24.99999999999999,1.0,26.759970128536224,48.00000000000002,40.0,7.999999999999998,18.0,1.0,0,0,40,0,3.0,29.0,7.0,1.0
324,1,right_lane,adaptive,True,0.05,40,0,20.62749644062177,0.3333333333333333,4.666666666666666,2.993498355150223,59.33333333333333,40.0,19.333333333333332,18.0,1.0,0,0,40,0,0.0,0.0,1.0,39.0
325,1,right_lane,adaptive,True,0.05,40,0,20.643957345971565,2.6666666666666665,13.333333333333337,6.689298301935196,58.66666666666667,40.0,18.666666666666664,18.0,1.0,0,0,40,0,0.0,0.0,8.0,32.0
326,1,right_lane,adaptive,True,0.05,40,0,20.268957345971565,1.3333333333333333,8.33333333333333,4.716342575848103,59.333333333333336,40.0,19.333333333333332,18.0,1.0,0,0,40,0,0.0,0.0,5.0,35.0
327,1,right_lane,adaptive,True,0.05,40,0,21.393957345971565,0.0,1.3333333333333333,1.4261343940161169,60.0,40.0,20.0,18.0,1.0,0,0,26,14,0.0,0.0,1.0,39.0
328,1,right_lane,adaptive,True,0.05,40,0,21.893914052187625,13.999999999999995,8.33333333333333,17.773038759827614,53.333333333333314,40.0,13.333333333333332,18.0,1.0,0,0,40,0,1.0,12.0,16.0,11.0
329,1,right_lane,adaptive,True,0.05,40,0,20.518957345971565,3.666666666666667,6.333333333333331,6.926064779632725,57.83333333333336,40.0,17.833333333333336,18.0,1.0,0,0,35,5,1.0,1.0,9.0,29.0
330,1,right_lane,adaptive,True,0.05,40,0,21.268957345971565,0.3333333333333333,3.3333333333333335,2.1847868622280657,59.83333333333333,40.0,19.833333333333336,18.0,1.0,0,0,32,8,0.0,0.0,1.0,39.0
331,1,right_lane,adaptive,True,0.05,40,0,22.018957345971565,5.333333333333332,4.333333333333334,9.1014125905931,57.33333333333333,40.0,17.333333333333332,18.0,1.0,0,0,40,0,1.0,4.0,8.0,27.0
332,1,right_lane,adaptive,True,0.05,40,0,22.018957345971565,6.666666666666664,7.666666666666664,10.156110282987356,56.83333333333334,40.0,16.833333333333336,18.0,1.0,0,0,40,0,2.0,4.0,7.0,27.0
333,1,right_lane,adaptive,True,0.05,40,0,20.8917896532434,0.0,13.000000000000005,3.966860808432102,59.83333333333333,40.0,19.833333333333332,18.0,1.0,0,0,40,0,0.0,0.0,1.0,39.0
334,1,right_lane,adaptive,True,0.05,40,0,22.76895734596765,1.6666666666666665,6.333333333333331,4.4578086237692105,59.166666666666664,40.0,19.166666666666668,18.0,1.0,0,0,35,5,0.0,0.0,6.0,34.0
335,1,right_lane,adaptive,True,0.05,40,0,20.893957345971565,3.6666666666666665,7.666666666666664,7.95013253390789,58.16666666666667,40.0,18.166666666666664,18.0,1.0,0,0,40,0,1.0,5.0,1.0,33.0
336,1,right_lane,adaptive,True,0.05,40,0,21.01645605394815,9.333333333333332,11.666666666666671,13.812606327235699,55.33333333333334,40.0,15.33333333333334,18.0,1.0,0,0,40,0,0.0,4.0,21.0,15.0
337,1,right_lane,adaptive,True,0.05,40,0,21.393957345971565,0.6666666666666666,2.333333333333333,2.955718709037683,59.666666666666664,40.0,19.666666666666668,18.0,1.0,0,0,38,2,0.0,0.0,2.0,38.0
338,1,right_lane,adaptive,True,0.05,40,0,22.393957345775465,3.0,8.666666666666664,6.251249358640052,58.5,40.0,18.5,18.0,1.0,0,0,37,3,0.0,4.0,3.0,33.0
339,1,right_lane,adaptive,True,0.05,40,0,21.268951657747728,1.3333333333333333,7.666666666666663,4.252773500513285,59.33333333333334,40.0,19.333333333333332,18.0,1.0,0,0,38,2,0.0,0.0,5.0,35.0
340,1,right_lane,adaptive,True,0.05,40,0,22.393957345971565,5.333333333333332,8.33333333333333,8.50015402585268,57.333333333333336,40.0,17.333333333333336,18.0,1.0,0,0,39,1,1.0,1.0,14.0,24.0
341,1,right_lane,adaptive,True,0.05,40,0,20.393957345971565,22.666666666666664,13.333333333333332,26.84426075965166,48.83333333333334,40.0,8.833333333333334,18.0,1.0,0,0,40,0,1.0,32.0,3.0,4.0
342,1,right_lane,adaptive,True,0.05,40,0,22.26895724688586,1.0,8.33333333333333,4.303500461392105,59.33333333333333,40.0,19.333333333333332,18.0,1.0,0,0,35,5,0.0,1.0,3.0,36.0
343,1,right_lane,adaptive,True,0.05,40,0,20.893957345971565,1.9999999999999998,8.666666666666664,4.7597835112587745,59.0,40.0,19.0,18.0,1.0,0,0,28,12,0.0,2.0,2.0,36.0
344,1,right_lane,adaptive,True,0.05,40,0,20.268957345971565,0.3333333333333333,13.33333333333334,4.814321383833885,59.833333333333336,40.0,19.833333333333336,18.0,1.0,0,0,40,0,0.0,0.0,1.0,39.0
345,1,right_lane,adaptive,True,0.05,40,0,21.018666851089122,1.6666666666666665,13.33333333333334,5.956781849265099,59.16666666666667,40.0,19.166666666666664,18.0,1.0,0,0,40,0,0.0,0.0,6.0,34.0
346,1,right_lane,adaptive,True,0.05,40,0,20.89395733298212,1.9999999999999998,13.000000000000007,6.16535417502746,59.0,40.0,19.0,18.0,1.0,0,0,39,1,0.0,0.0,7.0,33.0
347,1,right_lane,adaptive,True,0.05,40,0,22.893957345775526,9.0,4.999999999999999,11.611822694540024,55.5,40.0,15.5,18.0,1.0,0,0,40,0,6.0,5.0,1.0,28.0
348,1,right_lane,adaptive,True,0.05,40,0,20.893957345971117,0.0,11.66666666666667,3.483921743929386,60.0,40.0,20.0,18.0,1.0,0,0,40,0,0.0,0.0,0.0,40.0
349,1,right_lane,adaptive,True,0.05,40,0,22.268956496360392,4.333333333333333,7.666666666666664,7.705727023305371,57.83333333333333,40.0,17.833333333333336,18.0,1.0,0,0,35,5,0.0,2.0,10.0,28.0
350,1,right_lane,adaptive,True,0.05,40,0,21.768957344482878,0.3333333333333333,9.666666666666666,3.919798945193179,59.83333333333333,40.0,19.833333333333332,18.0,1.0,0,0,35,5,0.0,1.0,1.0,38.0
351,1,right_lane,adaptive,True,0.05,40,0,21.143957345971565,1.9999999999999998,12.666666666666668,6.4929520189762115,59.00000000000001,40.0,18.999999999999996,18.0,1.0,0,0,40,0,0.0,1.0,6.0,33.0
352,1,right_lane,adaptive,True,0.05,40,0,21.893957345971565,22.000000000000004,1.9999999999999998,23.965482462197542,49.33333333333331,40.0,9.333333333333332,18.0,1.0,0,0,40,0,3.0,27.0,4.0,6.0
353,1,right_lane,adaptive,True,0.05,40,0,20.875328749382287,14.666666666666666,6.333333333333332,17.4886951521039,52.333333333333336,40.0,12.333333333333332,18.0,1.0,0,0,40,0,13.0,3.0,2.0,22.0
354,1,right_lane,adaptive,True,0.05,40,0,22.768957235581144,4.666666666666666,1.9999999999999998,6.9061233244719915,57.66666666666668,40.0,17.666666666666664,18.0,1.0,0,0,37,3,0.0,6.0,4.0,30.0
355,1,right_lane,adaptive,True,0.05,18,1,21.70879410215788,3.0,2.333333333333333,4.8518742099404335,25.5,18.0,7.5,18.0,1.0,0,0,18,0,1.0,1.0,7.0,9.0
356,1,right_lane,adaptive,True,0.05,40,0,21.500000750751244,5.333333333333332,9.333333333333332,9.133116582408547,57.33333333333334,40.0,17.333333333333336,18.0,1.0,0,0,39,1,2.0,3.0,7.0,28.0
357,1,right_lane,adaptive,True,0.05,3,1,25.0,1.0,0.0,1.8744782507419586,4.0,3.0,1.0,18.0,1.0,0,0,3,0,1.0,1.0,1.0,0.0
358,1,right_lane,adaptive,True,0.05,40,0,21.018957260126378,4.0,8.999999999999998,8.148001473397017,58.0,40.0,18.0,18.0,1.0,0,0,40,0,1.0,5.0,2.0,32.0
359,1,right_lane,adaptive,True,0.05,40,0,21.250005699332522,4.666666666666666,9.666666666666666,8.723424382507801,57.666666666666686,40.0,17.666666666666664,18.0,1.0,0,0,40,0,1.0,1.0,12.0,26.0
360,1,right_lane,adaptive,True,0.05,40,0,21.731049105796927,1.6666666666666665,2.333333333333333,3.6094719464717855,59.166666666666664,40.0,19.166666666666664,18.0,1.0,0,0,22,18,1.0,1.0,3.0,35.0
361,1,right_lane,adaptive,True,0.05,40,0,21.01895733317816,2.6666666666666665,7.666666666666664,6.229038533754647,58.66666666666667,40.0,18.66666666666667,18.0,1.0,0,0,38,2,0.0,1.0,8.0,31.0
362,1,right_lane,adaptive,True,0.05,40,0,20.393957345971565,6.333333333333331,13.333333333333332,10.124328792095184,56.83333333333334,40.0,16.833333333333336,18.0,1.0,0,0,40,0,0.0,2.0,15.0,23.0
363,1,right_lane,adaptive,True,0.05,40,0,21.106414695510452,3.666666666666667,8.33333333333333,7.469995450228453,58.16666666666666,40.0,18.166666666666664,18.0,1.0,0,0,39,1,1.0,1.0,9.0,29.0
364,1,right_lane,adaptive,True,0.05,40,0,21.875005701017248,5.666666666666665,9.666666666666666,8.991825513541698,57.166666666666664,40.0,17.166666666666664,18.0,1.0,0,0,40,0,0.0,5.0,9.0,26.0
365,1,right_lane,adaptive,True,0.05,40,0,20.643957345971565,0.0,9.333333333333332,3.3207317464984953,60.0,40.0,20.0,18.0,1.0,0,0,34,6,0.0,0.0,1.0,39.0
366,1,right_lane,adaptive,True,0.05,40,0,26.266417613283704,20.333333333333332,1.9999999999999998,21.457710013526594,49.83333333333333,40.0,9.833333333333332,18.0,1.0,0,0,32,8,16.0,7.0,1.0,16.0
367,1,right_lane,adaptive,True,0.05,40,0,20.268957345971565,2.333333333333333,13.000000000000005,6.4517509415745735,58.83333333333333,40.0,18.833333333333332,18.0,1.0,0,0,40,0,0.0,0.0,7.0,33.0
368,1,right_lane,adaptive,True,0.05,40,0,20.268957345971565,0.3333333333333333,13.666666666666673,5.177912674844265,59.83333333333333,40.0,19.833333333333332,18.0,1.0,0,0,40,0,0.0,0.0,2.0,38.0
369,1,right_lane,adaptive,True,0.05,40,0,21.393957345971565,1.0,11.333333333333336,5.174330967362039,59.5,40.0,19.5,18.0,1.0,0,0,38,2,1.0,1.0,1.0,37.0
370,1,right_lane,adaptive,True,0.05,40,0,21.25245819765241,10.999999999999998,3.0000000000000004,14.062487058341503,54.5,40.0,14.5,18.0,1.0,0,0,40,0,1.0,16.0,1.0,22.0
371,1,right_lane,adaptive,True,0.05,40,0,20.51867188720031,0.3333333333333333,10.666666666666668,3.579398237168789,59.833333333333336,40.0,19.833333333333336,18.0,1.0,0,0,40,0,0.0,0.0,1.0,39.0
372,1,right_lane,adaptive,True,0.05,40,0,20.893957345971565,3.3333333333333335,9.333333333333332,6.902995049953461,58.333333333333336,40.0,18.333333333333336,18.0,1.0,0,0,40,0,0.0,0.0,11.0,29.0
373,1,right_lane,adaptive,True,0.05,40,0,21.877458849539288,1.0,4.333333333333333,3.1406528369989246,59.5,40.0,19.5,18.0,1.0,0,0,32,8,0.0,0.0,3.0,37.0
374,1,right_lane,adaptive,True,0.05,40,0,21.268957345971565,1.9999999999999998,9.333333333333332,4.8526237537153065,59.00000000000001,40.0,19.0,18.0,1.0,0,0,37,3,0.0,0.0,6.0,34.0
375,1,right_lane,adaptive,True,0.05,40,0,21.643957345971565,0.0,0.6666666666666666,0.5056023431243375,60.0,40.0,20.0,18.0,1.0,0,0,5,35,0.0,0.0,0.0,40.0
376,1,right_lane,adaptive,True,0.05,40,0,20.625043292099726,1.0,7.9999999999999964,3.887612430669833,59.50000000000001,40.0,19.5,18.0,1.0,0,0,30,10,0.0,0.0,3.0,37.0
377,1,right_lane,adaptive,True,0.05,40,0,21.893914789923095,4.0,2.9999999999999996,6.067799578944687,58.00000000000001,40.0,18.0,18.0,1.0,0,0,25,15,1.0,4.0,4.0,31.0
378,1,right_lane,adaptive,True,0.05,40,0,22.018957247332906,1.3333333333333333,4.0,4.074089948087931,59.333333333333336,40.0,19.333333333333336,18.0,1.0,0,0,35,5,0.0,1.0,4.0,35.0
379,1,right_lane,adaptive,True,0.05,40,0,22.14395100608661,3.0,7.333333333333331,6.694055282277986,58.49999999999999,40.0,18.5,18.0,1.0,0,0,38,2,1.0,1.0,7.0,31.0
380,1,right_lane,adaptive,True,0.05,40,0,22.518957345971565,8.33333333333333,8.666666666666664,11.49383682012558,55.833333333333336,40.0,15.833333333333334,18.0,1.0,0,0,40,0,2.0,4.0,13.0,21.0
381,1,right_lane,adaptive,True,0.05,40,0,22.516132157682478,4.666666666666666,8.33333333333333,8.019977034884505,57.66666666666667,40.0,17.666666666666668,18.0,1.0,0,0,38,2,0.0,1.0,14.0,25.0
382,1,right_lane,adaptive,True,0.05,40,0,21.393957345971565,4.999999999999999,11.66666666666667,9.374897450208664,57.5,40.0,17.5,18.0,1.0,0,0,40,0,0.0,4.0,8.0,28.0
383,1,right_lane,adaptive,True,0.05,40,0,22.39395239570216,4.666666666666666,1.3333333333333333,5.630171108990908,57.66666666666667,40.0,17.666666666666668,18.0,1.0,0,0,23,17,2.0,2.0,4.0,32.0
384,1,right_lane,adaptive,True,0.05,40,0,22.016789643401555,0.6666666666666666,9.666666666666666,4.469512815470807,59.666666666666664,40.0,19.666666666666664,18.0,1.0,0,0,39,1,0.0,1.0,2.0,37.0
385,1,right_lane,adaptive,True,0.05,40,0,20.875043292099726,0.3333333333333333,10.333333333333334,3.8884821012616158,60.0,40.0,20.0,18.0,1.0,0,0,40,0,0.0,0.0,1.0,39.0
386,1,right_lane,adaptive,True,0.05,40,0,21.518957345971057,4.0,8.666666666666664,7.75674894079566,57.833333333333336,40.0,17.833333333333336,18.0,1.0,0,0,40,0,1.0,1.0,10.0,28.0
387,1,right_lane,adaptive,True,0.05,40,0,20.64395239570216,0.3333333333333333,2.333333333333333,3.4861465506255627,59.83333333333333,40.0,19.833333333333332,18.0,1.0,0,0,40,0,0.0,1.0,1.0,38.0
388,1,right_lane,adaptive,True,0.05,40,0,23.768957345971565,5.999999999999999,5.999999999999998,8.36907570657786,57.0,40.0,17.0,18.0,1.0,0,0,35,5,3.0,2.0,5.0,30.0
389,1,right_lane,adaptive,True,0.05,40,0,20.268957345971565,2.333333333333333,12.000000000000004,6.149356350302696,58.833333333333336,40.0,18.833333333333336,18.0,1.0,0,0,40,0,1.0,2.0,3.0,34.0
390,1,right_lane,adaptive,True,0.05,40,0,21.89395239570556,0.3333333333333333,0.6666666666666666,1.364457020622467,59.83333333333333,40.0,19.833333333333332,18.0,1.0,0,0,7,33,0.0,1.0,1.0,38.0
391,1,right_lane,adaptive,True,0.05,40,0,20.518957345971565,4.333333333333333,9.666666666666666,8.138662531971931,57.833333333333336,40.0,17.833333333333332,18.0,1.0,0,0,40,0,1.0,6.0,1.0,32.0
392,1,right_lane,adaptive,True,0.05,40,0,21.85853984540145,19.33333333333334,5.666666666666665,21.65461182704894,50.66666666666664,40.0,10.66666666666666,18.0,1.0,0,0,36,4,9.0,12.0,7.0,12.0
393,1,right_lane,adaptive,True,0.05,40,0,22.393666938422992,7.0,7.666666666666663,10.086795374751091,56.16666666666667,40.0,16.166666666666664,18.0,1.0,0,0,33,7,3.0,6.0,2.0,29.0
394,1,right_lane,adaptive,True,0.05,40,0,21.643957345971565,22.000000000000004,7.666666666666665,25.683450803160667,49.00000000000001,40.0,9.0,18.0,1.0,0,0,40,0,4.0,28.0,1.0,7.0
395,1,right_lane,adaptive,True,0.05,40,0,20.268957345971565,0.3333333333333333,12.000000000000004,4.605364114046097,59.83333333333333,40.0,19.833333333333332,18.0,1.0,0,0,40,0,0.0,0.0,2.0,38.0
396,1,right_lane,adaptive,True,0.05,40,0,21.500043292099726,1.0,10.666666666666668,4.9053015995586975,59.5,40.0,19.499999999999996,18.0,1.0,0,0,34,6,0.0,1.0,3.0,36.0
397,1,right_lane,adaptive,True,0.05,40,0,21.768957345971565,1.6666666666666665,8.999999999999998,4.868984930096374,59.16666666666667,40.0,19.166666666666668,18.0,1.0,0,0,36,4,0.0,1.0,5.0,34.0
398,1,right_lane,adaptive,True,0.05,40,0,20.393957345971565,4.666666666666666,11.666666666666664,8.400361694395542,57.83333333333335,40.0,17.833333333333336,18.0,1.0,0,0,40,0,0.0,1.0,13.0,26.0
399,1,right_lane,adaptive,True,0.05,40,0,20.643957345971508,0.3333333333333333,5.666666666666665,2.9567505456507206,59.666666666666664,40.0,19.666666666666664,18.0,1.0,0,0,40,0,0.0,0.0,1.0,39.0
400,1,right_lane,adaptive,True,0.05,40,0,20.393957345971565,0.0,10.0,3.75388290733099,60.0,40.0,20.0,18.0,1.0,0,0,40,0,0.0,0.0,0.0,40.0
401,1,right_lane,adaptive,True,0.05,40,0,21.018957345971494,2.6666666666666665,6.999999999999997,6.18235968798399,58.66666666666667,40.0,18.666666666666668,18.0,1.0,0,0,40,0,0.0,1.0,8.0,31.0
402,1,right_lane,adaptive,True,0.05,40,0,20.893957345971565,1.0,6.999999999999997,3.7756296974839643,59.5,40.0,19.5,18.0,1.0,0,0,30,10,0.0,0.0,3.0,37.0
403,1,right_lane,adaptive,True,0.05,40,0,21.018957345971565,39.666666666666664,0.33333333333333337,39.66305786371231,40.66666666666667,40.0,0.6666666666666666,18.0,1.0,0,0,40,0,39.0,1.0,0.0,0.0
404,1,right_lane,adaptive,True,0.05,3,1,25.0,1.0,0.0,1.8211824893951416,3.5,3.0,0.5,18.0,1.0,0,0,3,0,1.0,1.0,1.0,0.0
405,1,right_lane,adaptive,True,0.05,40,0,20.518957345971565,0.6666666666666666,7.9999999999999964,4.47215211763978,59.666666666666664,40.0,19.666666666666664,18.0,1.0,0,0,40,0,0.0,1.0,2.0,37.0
406,1,right_lane,adaptive,True,0.05,40,0,21.268957345971565,4.0,6.333333333333331,7.03367761336267,58.0,40.0,17.999999999999996,18.0,1.0,0,0,40,0,0.0,1.0,12.0,27.0
407,1,right_lane,adaptive,True,0.05,35,1,21.021665538253217,1.6666666666666665,1.0,3.1763464023515553,51.833333333333336,35.0,16.833333333333336,18.0,1.0,0,0,12,23,1.0,1.0,2.0,31.0
408,1,right_lane,adaptive,True,0.05,40,0,21.64395239570555,0.3333333333333333,1.3333333333333333,1.2171333770966157,59.666666666666664,40.0,19.666666666666664,18.0,1.0,0,0,17,23,0.0,0.0,1.0,39.0
409,1,right_lane,adaptive,True,0.05,40,0,20.893957345971554,4.666666666666666,10.0,8.662253275513649,57.66666666666667,40.0,17.666666666666668,18.0,1.0,0,0,40,0,3.0,2.0,4.0,31.0
410,1,right_lane,adaptive,True,0.05,40,0,22.518919753400336,28.33333333333335,0.0,30.420217633247375,46.16666666666665,40.0,6.166666666666669,18.0,1.0,0,0,40,0,6.0,34.0,0.0,0.0
411,1,right_lane,adaptive,True,0.05,40,0,20.518957345971565,3.3333333333333335,10.333333333333329,7.465860772877932,58.00000000000001,40.0,17.999999999999996,18.0,1.0,0,0,40,0,0.0,1.0,10.0,29.0
412,1,right_lane,adaptive,True,0.05,40,0,21.643957345971565,4.666666666666666,9.999999999999998,8.027996173615975,57.66666666666667,40.0,17.666666666666664,18.0,1.0,0,0,38,2,0.0,0.0,14.0,26.0
413,1,right_lane,adaptive,True,0.05,40,0,20.518957345971565,1.9999999999999998,10.333333333333334,5.67365613965012,59.0,40.0,19.0,18.0,1.0,0,0,39,1,1.0,1.0,4.0,34.0
414,1,right_lane,adaptive,True,0.05,40,0,23.14391975486327,6.666666666666666,0.6666666666666667,7.944543984805932,56.66666666666667,40.0,16.666666666666664,18.0,1.0,0,0,15,25,4.0,5.0,1.0,30.0
415,1,right_lane,adaptive,True,0.05,40,0,21.268957345971565,2.333333333333333,7.333333333333334,5.460056162890851,58.833333333333336,40.0,18.833333333333336,18.0,1.0,0,0,32,8,1.0,1.0,5.0,33.0
416,1,right_lane,adaptive,True,0.05,40,0,21.25249644062177,1.9999999999999998,3.666666666666667,4.284785516327247,59.16666666666667,40.0,19.166666666666668,18.0,1.0,0,0,25,15,1.0,1.0,3.0,35.0
417,1,right_lane,adaptive,True,0.05,40,0,21.01895659693137,1.6666666666666665,12.000000000000004,5.356153830885887,59.0,40.0,19.0,18.0,1.0,0,0,40,0,0.0,0.0,5.0,35.0
418,1,right_lane,adaptive,True,0.05,40,0,22.018957345971565,5.999999999999998,10.333333333333334,8.997841291129589,57.16666666666668,40.0,17.166666666666664,18.0,1.0,0,0,40,0,0.0,3.0,11.0,26.0
419,1,right_lane,adaptive,True,0.05,40,0,21.518957345971565,14.66666666666667,5.666666666666666,18.007982559502125,52.500000000000014,40.0,12.500000000000002,18.0,1.0,0,0,40,0,4.0,13.0,9.0,14.0
420,1,right_lane,adaptive,True,0.05,40,0,20.893957345971565,7.33333333333333,5.999999999999998,10.247185941785574,56.33333333333333,40.0,16.333333333333332,18.0,1.0,0,0,40,0,0.0,5.0,14.0,21.0
421,1,right_lane,adaptive,True,0.05,40,0,22.14395733295239,1.6666666666666665,6.999999999999997,4.329885408631526,59.166666666666664,40.0,19.166666666666668,18.0,1.0,0,0,35,5,0.0,0.0,6.0,34.0
422,1,right_lane,adaptive,True,0.05,40,0,21.500323799116284,0.3333333333333333,0.3333333333333333,1.7653687093036297,59.833333333333336,40.0,19.833333333333332,18.0,1.0,0,0,23,17,0.0,0.0,2.0,38.0
423,1,right_lane,adaptive,True,0.05,40,0,21.518957345775515,0.6666666666666666,2.333333333333333,2.937756208642554,59.66666666666667,40.0,19.666666666666664,18.0,1.0,0,0,37,3,0.0,0.0,2.0,38.0
424,1,right_lane,adaptive,True,0.05,40,0,22.893957345971554,1.0,5.999999999999998,3.9120132696750716,59.5,40.0,19.5,18.0,1.0,0,0,29,11,0.0,1.0,3.0,36.0
425,1,right_lane,adaptive,True,0.05,40,0,20.62749644062177,1.0,10.666666666666668,5.121827304363251,59.5,40.0,19.5,18.0,1.0,0,0,40,0,1.0,1.0,1.0,37.0
426,1,right_lane,adaptive,True,0.05,40,0,21.12532874935647,0.6666666666666666,7.333333333333331,3.6885435543954372,59.666666666666664,40.0,19.666666666666664,18.0,1.0,0,0,40,0,0.0,0.0,3.0,37.0
427,1,right_lane,adaptive,True,0.05,40,0,23.768957345941384,10.333333333333332,3.0,12.0990985459066,54.833333333333336,40.0,14.833333333333332,18.0,1.0,0,0,31,9,5.0,3.0,13.0,19.0
428,1,right_lane,adaptive,True,0.05,40,0,24.499720243734682,16.333333333333332,5.666666666666666,18.659682508558035,51.833333333333336,40.0,11.833333333333334,18.0,1.0,0,0,40,0,12.0,6.0,3.0,19.0
429,1,right_lane,adaptive,True,0.05,40,0,20.268957345971565,1.6666666666666665,11.66666666666667,5.841596119105816,59.16666666666667,40.0,19.166666666666664,18.0,1.0,0,0,40,0,0.0,0.0,6.0,34.0
430,1,right_lane,adaptive,True,0.05,40,0,21.893957345971565,1.3333333333333333,10.333333333333334,4.58151070271532,59.333333333333336,40.0,19.333333333333336,18.0,1.0,0,0,37,3,0.0,0.0,4.0,36.0
431,1,right_lane,adaptive,True,0.05,40,0,22.393956693888583,23.666666666666675,0.3333333333333333,26.09109216928482,48.49999999999998,40.0,8.500000000000004,18.0,1.0,0,0,40,0,0.0,32.0,5.0,3.0
432,1,right_lane,adaptive,True,0.05,40,0,21.268957345971565,1.9999999999999998,2.6666666666666665,4.255027105449699,58.66666666666667,40.0,18.666666666666668,18.0,1.0,0,0,27,13,1.0,1.0,4.0,34.0
433,1,right_lane,adaptive,True,0.05,40,0,22.606043406494138,2.6666666666666665,8.33333333333333,5.930585280830201,58.66666666666667,40.0,18.666666666666664,18.0,1.0,0,0,35,5,0.0,4.0,2.0,34.0
434,1,right_lane,adaptive,True,0.05,40,0,20.643957345971565,0.3333333333333333,10.333333333333334,4.457715939730406,59.83333333333333,40.0,19.833333333333332,18.0,1.0,0,0,40,0,0.0,1.0,1.0,38.0
435,1,right_lane,adaptive,True,0.05,40,0,22.143628695453636,3.3333333333333335,5.666666666666665,5.739716332231183,58.50000000000001,40.0,18.499999999999996,18.0,1.0,0,0,27,13,1.0,1.0,7.0,31.0
436,1,right_lane,adaptive,True,0.05,40,0,20.268957345971565,3.666666666666667,11.333333333333334,7.129805862903595,58.00000000000001,40.0,18.0,18.0,1.0,0,0,40,0,0.0,0.0,11.0,29.0
437,1,right_lane,adaptive,True,0.05,40,0,21.268956694058865,1.3333333333333333,12.000000000000004,5.729832619428635,59.333333333333336,40.0,19.333333333333332,18.0,1.0,0,0,40,0,0.0,1.0,4.0,35.0
438,1,right_lane,adaptive,True,0.05,40,0,20.643957345971565,1.6666666666666665,2.0,3.4094482684331524,59.16666666666667,40.0,19.16666666666666,18.0,1.0,0,0,15,25,0.0,1.0,5.0,34.0
439,1,right_lane,adaptive,True,0.05,40,0,21.018957345971565,6.666666666666664,8.33333333333333,10.364100184291601,56.666666666666664,40.0,16.666666666666668,18.0,1.0,0,0,40,0,2.0,3.0,11.0,24.0
440,1,right_lane,adaptive,True,0.05,40,0,21.747546212610253,0.3333333333333333,4.0,3.259088833408896,59.83333333333333,40.0,19.833333333333332,18.0,1.0,0,0,36,4,0.0,0.0,2.0,38.0
441,1,right_lane,adaptive,True,0.05,40,0,20.62749644062177,1.0,13.000000000000005,5.394537553191185,59.5,40.0,19.5,18.0,1.0,0,0,40,0,0.0,0.0,4.0,36.0
442,1,right_lane,adaptive,True,0.05,40,0,20.393957345971565,1.6666666666666665,10.333333333333336,5.579555068165064,59.16666666666667,40.0,19.166666666666668,18.0,1.0,0,0,40,0,0.0,0.0,5.0,35.0
443,1,right_lane,adaptive,True,0.05,40,0,21.877496429316995,0.6666666666666666,1.6666666666666665,1.8842937047738815,59.666666666666664,40.0,19.666666666666664,18.0,1.0,0,0,9,31,0.0,1.0,2.0,37.0
444,1,right_lane,adaptive,True,0.05,40,0,21.393957345971565,4.666666666666666,6.999999999999997,7.227905109990388,57.83333333333334,40.0,17.83333333333333,18.0,1.0,0,0,39,1,0.0,0.0,13.0,27.0
445,1,right_lane,adaptive,True,0.05,40,0,21.643957345971565,2.6666666666666665,10.0,6.679460157640278,58.5,40.0,18.5,18.0,1.0,0,0,39,1,1.0,1.0,6.0,32.0
446,1,right_lane,adaptive,True,0.05,40,0,20.643957345971565,1.6666666666666665,8.666666666666664,5.116149462759495,59.16666666666667,40.0,19.166666666666668,18.0,1.0,0,0,40,0,0.0,1.0,5.0,34.0
447,1,right_lane,adaptive,True,0.05,40,0,20.268957345971565,4.0,9.333333333333336,7.330292604863644,58.00000000000002,40.0,18.000000000000004,18.0,1.0,0,0,40,0,0.0,0.0,13.0,27.0
448,1,right_lane,adaptive,True,0.05,40,0,20.268957345971565,0.6666666666666666,12.33333333333334,4.276644229888916,59.666666666666664,40.0,19.666666666666664,18.0,1.0,0,0,40,0,0.0,0.0,3.0,37.0
449,1,right_lane,adaptive,True,0.05,40,0,21.481414695510455,5.999999999999998,5.999999999999998,8.8809978395293,57.0,40.0,17.0,18.0,1.0,0,0,34,6,1.0,3.0,11.0,25.0
450,1,right_lane,adaptive,True,0.05,40,0,23.37749635455473,7.666666666666667,1.3333333333333333,9.739179367665201,56.166666666666664,40.0,16.166666666666664,18.0,1.0,0,0,30,10,1.0,9.0,5.0,25.0
451,1,right_lane,adaptive,True,0.05,40,0,21.377495788734887,1.3333333333333333,8.999999999999998,4.142734822817147,59.33333333333333,40.0,19.333333333333332,18.0,1.0,0,0,38,2,0.0,0.0,4.0,36.0
452,1,right_lane,adaptive,True,0.05,40,0,23.643957345971565,8.666666666666666,5.999999999999998,11.403280932630878,55.83333333333334,40.0,15.833333333333334,18.0,1.0,0,0,38,2,3.0,7.0,4.0,26.0
453,1,right_lane,adaptive,True,0.05,40,0,20.393957345971565,0.0,2.333333333333333,0.8177201590806362,59.83333333333333,40.0,19.833333333333332,18.0,1.0,0,0,10,30,0.0,0.0,0.0,40.0
454,1,right_lane,adaptive,True,0.05,40,0,21.018957345971565,1.6666666666666665,8.999999999999998,5.206044130027294,59.16666666666667,40.0,19.166666666666668,18.0,1.0,0,0,40,0,0.0,1.0,5.0,34.0
455,1,right_lane,adaptive,True,0.05,40,0,21.643957345971565,2.333333333333333,4.666666666666666,4.849869807832874,58.83333333333334,40.0,18.83333333333333,18.0,1.0,0,0,34,6,0.0,1.0,7.0,32.0
456,1,right_lane,adaptive,True,0.05,40,0,21.143957345971565,4.0,9.999999999999996,7.244110710918903,58.00000000000001,40.0,18.0,18.0,1.0,0,0,40,0,0.0,0.0,12.0,28.0
457,1,right_lane,adaptive,True,0.05,40,0,20.768957345971565,4.0,11.000000000000002,7.048770405279356,58.0,40.0,18.0,18.0,1.0,0,0,38,2,0.0,2.0,8.0,30.0
458,1,right_lane,adaptive,True,0.05,40,0,22.51678900281938,1.0,6.333333333333331,4.781060754787177,59.5,40.0,19.5,18.0,1.0,0,0,39,1,1.0,1.0,1.0,37.0
459,1,right_lane,adaptive,True,0.05,40,0,21.518957344482867,1.6666666666666665,3.0,3.1642548624046185,59.166666666666664,40.0,19.166666666666668,18.0,1.0,0,0,20,20,0.0,0.0,6.0,34.0
460,1,right_lane,adaptive,True,0.05,40,0,22.018671888663185,21.000000000000004,0.6666666666666666,23.12582164025889,49.83333333333331,40.0,9.83333333333333,18.0,1.0,0,0,38,2,0.0,28.0,7.0,5.0
461,1,right_lane,adaptive,True,0.05,40,0,20.268957345971565,0.3333333333333333,6.666666666666664,2.908540526870638,59.5,40.0,19.5,18.0,1.0,0,0,26,14,0.0,0.0,2.0,38.0
462,1,right_lane,adaptive,True,0.05,40,0,23.266170510820398,10.666666666666666,5.333333333333332,13.11822855391074,54.666666666666664,40.0,14.666666666666666,18.0,1.0,0,0,38,2,2.0,13.0,2.0,23.0
463,1,right_lane,adaptive,True,0.05,40,0,20.768957345971558,3.666666666666667,7.9999999999999964,6.8198674358427525,58.166666666666664,40.0,18.166666666666664,18.0,1.0,0,0,39,1,0.0,0.0,11.0,29.0
464,1,right_lane,adaptive,True,0.05,40,0,21.14358615410515,0.6666666666666666,4.999999999999999,2.8807154276159963,59.66666666666667,40.0,19.666666666666664,18.0,1.0,0,0,28,12,0.0,0.0,2.0,38.0
465,1,right_lane,adaptive,True,0.05,40,0,22.268957344286836,4.333333333333333,2.6666666666666665,6.374610750935972,57.83333333333334,40.0,17.833333333333336,18.0,1.0,0,0,35,5,1.0,5.0,3.0,31.0
466,1,right_lane,adaptive,True,0.05,40,0,22.143957345971565,4.999999999999999,7.9999999999999964,8.73324514226988,57.50000000000001,40.0,17.500000000000004,18.0,1.0,0,0,38,2,1.0,2.0,11.0,26.0
467,1,right_lane,adaptive,True,0.05,40,0,20.393957345971565,1.0,4.666666666666666,3.0692476080730557,59.5,40.0,19.5,18.0,1.0,0,0,26,14,0.0,0.0,3.0,37.0
468,1,right_lane,adaptive,True,0.05,40,0,24.856042752892797,31.333333333333332,1.0,32.283021822571754,44.333333333333336,40.0,4.333333333333332,18.0,1.0,0,0,40,0,20.0,16.0,2.0,2.0
469,1,right_lane,adaptive,True,0.05,40,0,20.877496440621254,1.0,12.000000000000004,4.800438068807125,59.50000000000001,40.0,19.5,18.0,1.0,0,0,40,0,0.0,0.0,3.0,37.0
470,1,right_lane,adaptive,True,0.05,40,0,22.268957345971565,5.333333333333333,8.666666666666664,8.562889482825994,57.333333333333336,40.0,17.333333333333332,18.0,1.0,0,0,40,0,3.0,4.0,1.0,32.0
471,1,right_lane,adaptive,True,0.05,40,0,22.37250935925984,3.3333333333333335,4.666666666666666,5.6031893361359835,58.333333333333336,40.0,18.333333333333332,18.0,1.0,0,0,36,4,0.0,0.0,11.0,29.0
472,1,right_lane,adaptive,True,0.05,40,0,21.143957345971565,1.9999999999999998,9.333333333333332,5.454758130013943,59.00000000000001,40.0,19.0,18.0,1.0,0,0,40,0,0.0,0.0,7.0,33.0
473,1,right_lane,adaptive,True,0.05,40,0,21.143957345971565,0.3333333333333333,0.3333333333333333,1.0717939964210927,59.83333333333333,40.0,19.833333333333332,18.0,1.0,0,0,14,26,0.0,0.0,1.0,39.0
474,1,right_lane,adaptive,True,0.05,40,0,21.768957345971565,4.333333333333333,9.333333333333332,7.802958781598136,57.833333333333336,40.0,17.833333333333336,18.0,1.0,0,0,36,4,1.0,4.0,5.0,30.0
475,1,right_lane,adaptive,True,0.05,40,0,21.518957345971565,1.9999999999999998,7.9999999999999964,5.558699026471004,59.0,40.0,19.0,18.0,1.0,0,0,38,2,0.0,1.0,6.0,33.0
476,1,right_lane,adaptive,True,0.05,40,0,23.268957345971565,5.333333333333332,7.333333333333332,8.59030532276472,57.33333333333335,40.0,17.333333333333336,18.0,1.0,0,0,37,3,0.0,4.0,8.0,28.0
477,1,right_lane,adaptive,True,0.05,40,0,21.7689141527362,12.666666666666664,2.666666666666667,14.66252772428561,53.666666666666636,40.0,13.666666666666659,18.0,1.0,0,0,38,2,0.0,14.0,10.0,16.0
478,1,right_lane,adaptive,True,0.05,40,0,20.518957345971565,2.6666666666666665,8.33333333333333,6.259246941190213,58.666666666666664,40.0,18.666666666666664,18.0,1.0,0,0,39,1,1.0,1.0,6.0,32.0
479,1,right_lane,adaptive,True,0.05,40,0,20.518957345971565,1.3333333333333333,3.666666666666667,3.2670974415523233,59.333333333333336,40.0,19.333333333333332,18.0,1.0,0,0,14,26,1.0,1.0,2.0,36.0
480,1,right_lane,adaptive,True,0.05,40,0,22.018957345967713,1.0,2.3333333333333335,3.183377780902788,59.5,40.0,19.5,18.0,1.0,0,0,21,19,1.0,1.0,1.0,37.0
481,1,right_lane,adaptive,True,0.05,40,0,20.50249644062177,1.0,13.33333333333334,5.151974216103554,59.5,40.0,19.5,18.0,1.0,0,0,40,0,0.0,1.0,3.0,36.0
482,1,right_lane,adaptive,True,0.05,40,0,22.266784693157966,8.333333333333336,11.333333333333336,12.54148568958044,55.83333333333333,40.0,15.833333333333334,18.0,1.0,0,0,40,0,2.0,10.0,1.0,27.0
483,1,right_lane,adaptive,True,0.05,40,0,20.393957345968165,0.0,10.333333333333334,3.8077553063631058,60.0,40.0,20.0,18.0,1.0,0,0,40,0,0.0,0.0,1.0,39.0
484,1,right_lane,adaptive,True,0.05,40,0,21.64395734597155,1.6666666666666665,6.999999999999997,5.023995966184884,59.166666666666664,40.0,19.166666666666664,18.0,1.0,0,0,31,9,1.0,1.0,3.0,35.0
485,1,right_lane,adaptive,True,0.05,40,0,21.143957345971565,2.333333333333333,6.666666666666664,5.169831136241555,58.833333333333336,40.0,18.833333333333336,18.0,1.0,0,0,40,0,0.0,0.0,8.0,32.0
486,1,right_lane,adaptive,True,0.05,40,0,20.268957345971565,0.0,9.333333333333332,3.7816321402788162,60.0,40.0,20.0,18.0,1.0,0,0,40,0,0.0,0.0,0.0,40.0
487,1,right_lane,adaptive,True,0.05,40,0,21.51895239567974,0.3333333333333333,0.3333333333333333,1.3150235377252102,59.83333333333333,40.0,19.833333333333332,18.0,1.0,0,0,6,34,0.0,1.0,1.0,38.0
488,1,right_lane,adaptive,True,0.05,40,0,22.518957345971565,1.0,5.666666666666665,3.769606800749898,59.5,40.0,19.5,18.0,1.0,0,0,36,4,0.0,1.0,3.0,36.0
489,1,right_lane,adaptive,True,0.05,40,0,20.643957345772066,0.0,8.999999999999998,3.7036068215966225,60.0,40.0,20.0,18.0,1.0,0,0,40,0,0.0,0.0,1.0,39.0
490,1,right_lane,adaptive,True,0.05,40,0,20.768956694084682,0.0,13.33333333333334,3.9244679287075996,60.0,40.0,20.0,18.0,1.0,0,0,40,0,0.0,0.0,0.0,40.0
491,1,right_lane,adaptive,True,0.05,40,0,21.393957345775522,1.0,6.666666666666664,4.277177962474525,59.5,40.0,19.5,18.0,1.0,0,0,36,4,1.0,1.0,1.0,37.0
492,1,right_lane,adaptive,True,0.05,40,0,20.143957345971565,0.3333333333333333,1.9999999999999998,3.305907890200615,59.83333333333333,40.0,19.833333333333332,18.0,1.0,0,0,40,0,0.0,0.0,1.0,39.0
493,1,right_lane,adaptive,True,0.05,40,0,22.018957345971558,0.3333333333333333,0.6666666666666666,1.0022712067584507,59.83333333333333,40.0,19.833333333333336,18.0,1.0,0,0,8,32,0.0,0.0,2.0,38.0
494,1,right_lane,adaptive,True,0.05,40,0,20.893957345971565,0.3333333333333333,11.333333333333336,4.381355858407915,59.833333333333336,40.0,19.833333333333336,18.0,1.0,0,0,38,2,0.0,0.0,2.0,38.0
495,1,right_lane,adaptive,True,0.05,40,0,21.125328749382287,7.999999999999998,7.9999999999999964,10.921577230095863,56.0,40.0,16.0,18.0,1.0,0,0,40,0,0.0,10.0,6.0,24.0
496,1,right_lane,adaptive,True,0.05,40,0,23.643957345971565,6.333333333333333,0.6666666666666667,7.700746037243789,56.83333333333333,40.0,16.833333333333332,18.0,1.0,0,0,28,12,1.0,7.0,5.0,27.0
497,1,right_lane,adaptive,True,0.05,40,0,21.143957345971057,1.0,5.666666666666665,3.4647114228382634,59.5,40.0,19.5,18.0,1.0,0,0,28,12,0.0,0.0,4.0,36.0
498,1,right_lane,adaptive,True,0.05,40,0,21.393956595250053,3.666666666666667,8.33333333333333,6.557791821658611,58.16666666666667,40.0,18.16666666666667,18.0,1.0,0,0,40,0,0.0,0.0,11.0,29.0
499,1,right_lane,adaptive,True,0.05,40,0,21.00249148886702,0.0,13.000000000000005,4.030380994081497,60.0,40.0,20.0,18.0,1.0,0,0,40,0,0.0,0.0,1.0,39.0
500,1,right_lane,adaptive,True,0.05,40,0,22.268957345971565,1.0,0.6666666666666666,2.8975788308598567,59.5,40.0,19.5,18.0,1.0,0,0,31,9,1.0,1.0,1.0,37.0
501,1,right_lane,adaptive,True,0.05,40,0,22.018957345945747,6.999999999999997,10.000000000000002,10.397316537797451,56.49999999999999,40.0,16.5,18.0,1.0,0,0,37,3,0.0,6.0,10.0,24.0
502,1,right_lane,adaptive,True,0.05,40,0,20.768957345971565,0.6666666666666666,9.666666666666666,4.918913239045651,59.666666666666664,40.0,19.666666666666664,18.0,1.0,0,0,30,10,0.0,1.0,2.0,37.0
503,1,right_lane,adaptive,True,0.05,40,0,20.393957345971565,1.6666666666666665,12.000000000000004,6.0719728246331215,59.166666666666664,40.0,19.166666666666664,18.0,1.0,0,0,40,0,1.0,1.0,3.0,35.0
504,1,right_lane,adaptive,True,0.05,40,0,21.268957345971565,1.0,0.3333333333333333,2.089097478950862,59.5,40.0,19.5,18.0,1.0,0,0,7,33,1.0,1.0,1.0,37.0
505,1,right_lane,adaptive,True,0.05,40,0,20.62532874938229,1.9999999999999998,7.999999999999997,5.292765621095896,59.0,40.0,19.0,18.0,1.0,0,0,40,0,0.0,0.0,6.0,34.0
506,1,right_lane,adaptive,True,0.05,40,0,20.893957345971565,3.0,8.999999999999998,6.716945432126522,58.5,40.0,18.5,18.0,1.0,0,0,40,0,1.0,1.0,7.0,31.0
507,1,right_lane,adaptive,True,0.05,40,0,22.01895733464103,8.333333333333332,8.999999999999998,12.290284666232765,55.833333333333336,40.0,15.833333333333334,18.0,1.0,0,0,39,1,2.0,7.0,7.0,24.0
508,1,right_lane,adaptive,True,0.05,40,0,20.643957345971565,2.333333333333333,12.000000000000004,7.033839829266071,58.83333333333333,40.0,18.833333333333332,18.0,1.0,0,0,40,0,0.0,0.0,8.0,32.0
509,1,right_lane,adaptive,True,0.05,40,0,22.018957345971565,6.333333333333332,7.9999999999999964,9.264579322189093,56.833333333333336,40.0,16.833333333333336,18.0,1.0,0,0,39,1,3.0,4.0,5.0,28.0
510,1,right_lane,adaptive,True,0.05,40,0,23.37500000171446,1.6666666666666665,7.666666666666663,4.76726796827279,59.16666666666667,40.0,19.166666666666668,18.0,1.0,0,0,38,2,1.0,1.0,3.0,35.0
511,1,right_lane,adaptive,True,0.05,40,0,20.89395734577507,0.6666666666666666,5.333333333333332,4.112695820629597,59.666666666666664,40.0,19.666666666666664,18.0,1.0,0,0,40,0,0.0,1.0,2.0,37.0
512,1,right_lane,adaptive,True,0.05,40,0,22.018956595224232,0.3333333333333333,2.333333333333333,1.5302141242427751,59.833333333333336,40.0,19.833333333333332,18.0,1.0,0,0,25,15,0.0,0.0,1.0,39.0
513,1,right_lane,adaptive,True,0.05,40,0,22.768957247107718,4.0,7.33333333333333,7.3448385372175835,58.00000000000001,40.0,18.000000000000004,18.0,1.0,0,0,37,3,1.0,1.0,10.0,28.0
514,1,right_lane,adaptive,True,0.05,40,0,20.518957345971565,4.0,12.33333333333333,8.581295743584633,58.00000000000001,40.0,17.999999999999996,18.0,1.0,0,0,40,0,1.0,1.0,10.0,28.0
515,1,right_lane,adaptive,True,0.05,40,0,22.625005701017248,1.3333333333333333,0.6666666666666666,2.7587403864531552,59.333333333333336,40.0,19.333333333333336,18.0,1.0,0,0,11,29,1.0,1.0,2.0,36.0
516,1,right_lane,adaptive,True,0.05,40,0,21.143957345971565,2.6666666666666665,4.666666666666666,5.20515404548496,58.666666666666664,40.0,18.666666666666664,18.0,1.0,0,0,28,12,1.0,1.0,6.0,32.0
517,1,right_lane,adaptive,True,0.05,40,0,22.76895733272662,21.333333333333332,6.666666666666665,23.888526238501072,49.83333333333332,40.0,9.83333333333333,18.0,1.0,0,0,40,0,12.0,11.0,6.0,11.0
518,1,right_lane,adaptive,True,0.05,40,0,21.643957345971565,2.333333333333333,4.666666666666666,5.132707182317972,58.333333333333336,40.0,18.333333333333336,18.0,1.0,0,0,40,0,0.0,0.0,7.0,33.0
519,1,right_lane,adaptive,True,0.05,40,0,20.893957345971565,4.666666666666666,2.3333333333333335,7.716549061238766,57.66666666666667,40.0,17.666666666666664,18.0,1.0,0,0,40,0,2.0,4.0,2.0,32.0
520,1,right_lane,adaptive,True,0.05,40,0,20.393957345971565,4.0,10.999999999999995,7.461064398288727,58.16666666666668,40.0,18.166666666666664,18.0,1.0,0,0,40,0,0.0,0.0,12.0,28.0
521,1,right_lane,adaptive,True,0.05,40,0,23.393957344257622,16.666666666666664,6.666666666666664,19.556470891460776,51.49999999999999,40.0,11.5,18.0,1.0,0,0,40,0,5.0,14.0,9.0,12.0
522,1,right_lane,adaptive,True,0.05,40,0,20.268957345971565,1.0,12.666666666666671,5.562290214002132,59.5,40.0,19.5,18.0,1.0,0,0,40,0,0.0,0.0,4.0,36.0
523,1,right_lane,adaptive,True,0.05,40,0,21.018957345971565,10.333333333333332,5.666666666666666,13.775501061230898,54.83333333333333,40.0,14.833333333333332,18.0,1.0,0,0,40,0,0.0,16.0,1.0,23.0
524,1,right_lane,adaptive,True,0.05,40,0,21.518629347340514,1.6666666666666665,8.999999999999998,5.233420060947537,59.166666666666664,40.0,19.166666666666664,18.0,1.0,0,0,39,1,0.0,1.0,5.0,34.0
525,1,right_lane,adaptive,True,0.05,40,0,22.018957345971565,4.0,6.999999999999997,7.054564947110862,58.000000000000014,40.0,18.0,18.0,1.0,0,0,38,2,0.0,1.0,12.0,27.0
526,1,right_lane,adaptive,True,0.05,40,0,21.393957345971565,3.3333333333333335,11.333333333333336,7.102615047246218,58.333333333333336,40.0,18.333333333333336,18.0,1.0,0,0,40,0,0.0,2.0,8.0,30.0
527,1,right_lane,adaptive,True,0.05,40,0,20.893957345971565,20.33333333333333,4.333333333333334,23.889688976109028,50.000000000000014,40.0,10.000000000000002,18.0,1.0,0,0,40,0,1.0,29.0,2.0,8.0
528,1,right_lane,adaptive,True,0.05,40,0,22.375005701017248,2.333333333333333,5.666666666666665,4.726868458325043,58.666666666666664,40.0,18.666666666666668,18.0,1.0,0,0,36,4,0.0,1.0,7.0,32.0
529,1,right_lane,adaptive,True,0.05,23,1,23.293838862165696,8.66666666666667,3.0000000000000004,10.663374662661226,30.333333333333332,23.0,7.333333333333333,18.0,1.0,0,0,22,1,2.0,9.0,3.0,9.0
530,1,right_lane,adaptive,True,0.05,40,0,21.268957345968165,0.3333333333333333,8.33333333333333,3.5707706368993968,59.666666666666664,40.0,19.666666666666664,18.0,1.0,0,0,39,1,0.0,0.0,1.0,39.0
531,1,right_lane,adaptive,True,0.05,40,0,20.268957345971565,3.333333333333333,10.0,6.31737657263875,58.333333333333336,40.0,18.333333333333336,18.0,1.0,0,0,40,0,0.0,3.0,4.0,33.0
532,1,right_lane,adaptive,True,0.05,40,0,20.893957345971565,1.6666666666666665,11.66666666666667,5.27517332136631,59.166666666666664,40.0,19.166666666666664,18.0,1.0,0,0,40,0,0.0,1.0,5.0,34.0
533,1,right_lane,adaptive,True,0.05,40,0,23.37500009886436,4.999999999999999,5.999999999999998,7.528389306825829,57.50000000000001,40.0,17.5,18.0,1.0,0,0,35,5,0.0,3.0,10.0,27.0
534,1,right_lane,adaptive,True,0.05,40,0,20.893957345971565,13.333333333333341,5.999999999999999,16.649371713399887,53.50000000000001,40.0,13.500000000000002,18.0,1.0,0,0,40,0,1.0,13.0,13.0,13.0
535,1,right_lane,adaptive,True,0.05,3,1,25.0,1.0,0.3333333333333333,1.8133602142333984,3.833333333333333,3.0,0.8333333333333333,18.0,1.0,0,0,3,0,1.0,1.0,1.0,0.0
536,1,right_lane,adaptive,True,0.05,40,0,22.893957345971565,11.66666666666667,4.999999999999999,14.50130856409669,54.166666666666664,40.0,14.166666666666668,18.0,1.0,0,0,40,0,7.0,5.0,7.0,21.0
537,1,right_lane,adaptive,True,0.05,40,0,23.518957345971565,7.333333333333333,1.3333333333333333,8.862050176307093,56.333333333333336,40.0,16.333333333333332,18.0,1.0,0,0,23,17,3.0,5.0,4.0,28.0
538,1,right_lane,adaptive,True,0.05,40,0,25.643957345967134,20.999999999999996,2.6666666666666665,23.308991841971874,49.500000000000014,40.0,9.5,18.0,1.0,0,0,40,0,14.0,10.0,4.0,12.0
539,1,right_lane,adaptive,True,0.05,40,0,21.143957345971565,18.999999999999996,4.0,22.393792144954205,50.500000000000014,40.0,10.5,18.0,1.0,0,0,40,0,1.0,28.0,1.0,10.0
540,1,right_lane,adaptive,True,0.05,40,0,20.393957345971565,0.6666666666666666,5.666666666666666,2.7497303200361785,59.833333333333336,40.0,19.833333333333332,18.0,1.0,0,0,23,17,0.0,0.0,2.0,38.0
541,1,right_lane,adaptive,True,0.05,40,0,23.14390845171947,1.3333333333333333,5.999999999999998,3.6796044963764416,59.16666666666667,40.0,19.166666666666664,18.0,1.0,0,0,33,7,0.0,0.0,4.0,36.0
542,1,right_lane,adaptive,True,0.05,40,0,21.393957345971565,1.3333333333333333,4.0,4.367269859998487,59.333333333333336,40.0,19.333333333333336,18.0,1.0,0,0,38,2,0.0,1.0,4.0,35.0
543,1,right_lane,adaptive,True,0.05,40,0,22.143957345971565,1.9999999999999998,7.9999999999999964,5.505122113914695,58.99999999999999,40.0,19.0,18.0,1.0,0,0,36,4,0.0,1.0,6.0,33.0
544,1,right_lane,adaptive,True,0.05,40,0,22.018957345971565,9.333333333333332,2.0,11.947640277445316,55.333333333333336,40.0,15.333333333333332,18.0,1.0,0,0,40,0,7.0,4.0,1.0,28.0
545,1,right_lane,adaptive,True,0.05,40,0,20.627495788734887,2.3333333333333335,1.6666666666666665,4.816356722265482,58.83333333333333,40.0,18.833333333333332,18.0,1.0,0,0,40,0,0.0,1.0,6.0,33.0
546,1,right_lane,adaptive,True,0.05,40,0,20.393957345971565,1.0,8.999999999999998,4.820168894948438,59.5,40.0,19.499999999999996,18.0,1.0,0,0,34,6,0.0,1.0,3.0,36.0
547,1,right_lane,adaptive,True,0.05,40,0,20.393957345971565,5.666666666666666,10.666666666666671,9.653187623247504,57.166666666666664,40.0,17.166666666666664,18.0,1.0,0,0,40,0,0.0,6.0,7.0,27.0
548,1,right_lane,adaptive,True,0.05,40,0,20.268957345971565,3.3333333333333335,9.333333333333332,6.808147549629211,58.333333333333336,40.0,18.333333333333336,18.0,1.0,0,0,40,0,0.0,0.0,10.0,30.0
549,1,right_lane,adaptive,True,0.05,40,0,21.018957345971565,1.6666666666666665,7.666666666666663,5.0570503029648535,59.16666666666667,40.0,19.166666666666668,18.0,1.0,0,0,28,12,1.0,1.0,3.0,35.0
550,1,right_lane,adaptive,True,0.05,40,0,22.393957345971565,9.333333333333334,9.666666666666666,12.322591967880726,55.50000000000001,40.0,15.500000000000004,18.0,1.0,0,0,40,0,3.0,4.0,10.0,23.0
551,1,right_lane,adaptive,True,0.05,40,0,20.37749644062177,1.0,12.666666666666671,5.351894304156303,59.333333333333336,40.0,19.333333333333332,18.0,1.0,0,0,40,0,0.0,0.0,4.0,36.0
552,1,right_lane,adaptive,True,0.05,40,0,22.393957345971565,3.0,4.0,6.00609574445059,58.5,40.0,18.5,18.0,1.0,0,0,39,1,0.0,5.0,1.0,34.0
553,1,right_lane,adaptive,True,0.05,40,0,22.64391975488909,6.666666666666667,3.666666666666667,8.483685598586817,57.0,40.0,17.000000000000007,18.0,1.0,0,0,28,12,0.0,5.0,9.0,26.0
554,1,right_lane,adaptive,True,0.05,40,0,22.250000098864362,0.0,6.999999999999997,2.516018747629346,59.66666666666667,40.0,19.666666666666664,18.0,1.0,0,0,35,5,0.0,0.0,0.0,40.0
555,1,right_lane,adaptive,True,0.05,40,0,21.26895734597105,3.3333333333333335,8.33333333333333,6.302521113306284,58.33333333333333,40.0,18.333333333333336,18.0,1.0,0,0,40,0,0.0,0.0,10.0,30.0
556,1,right_lane,adaptive,True,0.05,40,0,21.643957345971565,1.0,5.999999999999998,3.8202782343141735,59.5,40.0,19.499999999999996,18.0,1.0,0,0,36,4,0.0,1.0,3.0,36.0
557,1,right_lane,adaptive,True,0.05,40,0,21.018957345971565,0.6666666666666666,1.3333333333333333,1.944787603802979,59.666666666666664,40.0,19.666666666666664,18.0,1.0,0,0,24,16,0.0,0.0,2.0,38.0
558,1,right_lane,adaptive,True,0.05,40,0,21.518957345971565,0.6666666666666666,8.666666666666664,4.481394902453758,59.666666666666664,40.0,19.666666666666664,18.0,1.0,0,0,38,2,0.0,0.0,3.0,37.0
559,1,right_lane,adaptive,True,0.05,40,0,22.502457999953936,27.666666666666675,0.0,29.811349153518677,46.49999999999999,40.0,6.500000000000003,18.0,1.0,0,0,40,0,3.0,37.0,0.0,0.0
560,1,right_lane,adaptive,True,0.05,40,0,21.393950994781893,1.3333333333333333,8.666666666666664,4.753235890879296,59.0,40.0,19.0,18.0,1.0,0,0,38,2,0.0,1.0,4.0,35.0
561,1,right_lane,adaptive,True,0.05,40,0,20.893957345971565,1.9999999999999998,9.666666666666666,5.521575065213256,59.0,40.0,19.0,18.0,1.0,0,0,35,5,1.0,1.0,4.0,34.0
562,1,right_lane,adaptive,True,0.05,40,0,21.768957247103366,2.333333333333333,7.333333333333333,4.749282960714481,59.00000000000001,40.0,18.999999999999996,18.0,1.0,0,0,27,13,0.0,0.0,7.0,33.0
563,1,right_lane,adaptive,True,0.05,40,0,22.268957345971565,5.999999999999999,6.333333333333331,8.625917168748856,56.83333333333334,40.0,16.833333333333336,18.0,1.0,0,0,28,12,3.0,4.0,3.0,30.0
564,1,right_lane,adaptive,True,0.05,40,0,20.768957345971565,14.999999999999995,6.999999999999998,18.12416996061802,52.50000000000001,40.0,12.499999999999998,18.0,1.0,0,0,40,0,1.0,22.0,1.0,16.0
565,1,right_lane,adaptive,True,0.05,40,0,20.268957345971565,0.0,13.000000000000005,4.473106384277344,60.0,40.0,20.0,18.0,1.0,0,0,40,0,0.0,0.0,1.0,39.0
566,1,right_lane,adaptive,True,0.05,40,0,21.143957345971565,1.0,8.999999999999998,4.153652815613896,59.50000000000001,40.0,19.5,18.0,1.0,0,0,38,2,0.0,0.0,3.0,37.0
567,1,right_lane,adaptive,True,0.05,40,0,20.393957345971565,0.3333333333333333,13.666666666666673,4.418719984591007,59.83333333333333,40.0,19.833333333333332,18.0,1.0,0,0,40,0,0.0,1.0,1.0,38.0
568,1,right_lane,adaptive,True,0.05,40,0,21.643956498100152,0.6666666666666666,10.333333333333334,3.7655724733408533,59.66666666666667,40.0,19.666666666666668,18.0,1.0,0,0,35,5,0.0,0.0,3.0,37.0
569,1,right_lane,adaptive,True,0.05,6,1,25.0,0.6666666666666666,1.3333333333333333,1.332543633878231,8.666666666666666,6.0,2.6666666666666665,18.0,1.0,0,0,6,0,0.0,0.0,3.0,3.0
570,1,right_lane,adaptive,True,0.05,40,0,20.37749644062177,0.6666666666666666,10.0,3.824272081255913,59.666666666666664,40.0,19.666666666666664,18.0,1.0,0,0,40,0,0.0,0.0,2.0,38.0
571,1,right_lane,adaptive,True,0.05,40,0,22.518957345971565,1.6666666666666665,8.33333333333333,4.266151158488356,59.16666666666666,40.0,19.166666666666664,18.0,1.0,0,0,38,2,0.0,0.0,5.0,35.0
572,1,right_lane,adaptive,True,0.05,40,0,21.643957345971565,6.666666666666666,8.33333333333333,10.320365127176046,56.66666666666667,40.0,16.666666666666664,18.0,1.0,0,0,40,0,2.0,7.0,2.0,29.0
573,1,right_lane,adaptive,True,0.05,40,0,21.143957345971565,4.666666666666666,7.9999999999999964,8.507831200957298,57.66666666666667,40.0,17.66666666666667,18.0,1.0,0,0,40,0,0.0,1.0,14.0,25.0
574,1,right_lane,adaptive,True,0.05,40,0,20.393957345971565,10.0,12.666666666666671,14.848199442029,55.1666666666667,40.0,15.166666666666679,18.0,1.0,0,0,40,0,0.0,1.0,29.0,10.0
575,1,right_lane,adaptive,True,0.05,40,0,21.268957345941843,3.0,10.333333333333334,6.518596613314003,58.333333333333336,40.0,18.333333333333336,18.0,1.0,0,0,39,1,0.0,1.0,8.0,31.0
576,1,right_lane,adaptive,True,0.05,40,0,20.643957345971565,1.0,10.666666666666668,4.749550779019955,59.5,40.0,19.5,18.0,1.0,0,0,35,5,0.0,1.0,3.0,36.0
577,1,right_lane,adaptive,True,0.05,40,0,21.393957345971565,0.6666666666666666,1.6666666666666665,2.16953695518896,59.666666666666664,40.0,19.666666666666664,18.0,1.0,0,0,30,10,0.0,0.0,2.0,38.0
578,1,right_lane,adaptive,True,0.05,40,0,21.268957345971494,1.9999999999999998,7.9999999999999964,5.095382951200008,59.0,40.0,18.999999999999996,18.0,1.0,0,0,40,0,0.0,0.0,7.0,33.0
579,1,right_lane,adaptive,True,0.05,40,0,23.768957345971565,17.33333333333333,6.0,20.2261502914007,51.33333333333334,40.0,11.333333333333337,18.0,1.0,0,0,39,1,6.0,16.0,3.0,15.0
580,1,right_lane,adaptive,True,0.05,40,0,20.143957345971565,1.0,10.0,3.609789136913605,59.5,40.0,19.5,18.0,1.0,0,0,34,6,0.0,0.0,3.0,37.0
581,1,right_lane,adaptive,True,0.05,40,0,21.268957345971565,4.333333333333333,10.333333333333336,8.462315194308758,57.83333333333334,40.0,17.833333333333336,18.0,1.0,0,0,40,0,0.0,4.0,7.0,29.0
582,1,right_lane,adaptive,True,0.05,40,0,22.643957334666847,0.6666666666666666,3.666666666666667,2.335040035237455,59.66666666666667,40.0,19.666666666666668,18.0,1.0,0,0,22,18,0.0,0.0,3.0,37.0
583,1,right_lane,adaptive,True,0.05,40,0,22.018957345971565,9.666666666666668,5.999999999999998,12.589310876453965,55.16666666666668,40.0,15.16666666666667,18.0,1.0,0,0,32,8,3.0,4.0,14.0,19.0
584,1,right_lane,adaptive,True,0.05,40,0,21.393957345971565,1.9999999999999998,3.333333333333334,4.818210798116979,59.00000000000001,40.0,19.0,18.0,1.0,0,0,27,13,1.0,1.0,4.0,34.0
585,1,right_lane,adaptive,True,0.05,40,0,22.106048355271458,5.333333333333332,5.999999999999998,8.487949086862159,57.333333333333336,40.0,17.333333333333332,18.0,1.0,0,0,37,3,1.0,1.0,14.0,24.0
586,1,right_lane,adaptive,True,0.05,40,0,24.231042655742836,3.333333333333333,5.666666666666665,5.687853025962795,58.33333333333334,40.0,18.333333333333332,18.0,1.0,0,0,34,6,0.0,2.0,6.0,32.0
587,1,right_lane,adaptive,True,0.05,40,0,20.393957345971565,0.6666666666666666,5.666666666666666,2.589707273258682,59.666666666666664,40.0,19.666666666666664,18.0,1.0,0,0,21,19,0.0,0.0,2.0,38.0
588,1,right_lane,adaptive,True,0.05,40,0,21.768957345971565,12.33333333333334,8.333333333333332,15.734138254076242,53.83333333333335,40.0,13.833333333333337,18.0,1.0,0,0,40,0,4.0,6.0,16.0,14.0
589,1,right_lane,adaptive,True,0.05,40,0,21.143957345971565,3.3333333333333335,5.666666666666665,5.153263250889722,58.500000000000014,40.0,18.499999999999996,18.0,1.0,0,0,33,7,0.0,0.0,9.0,31.0
590,1,right_lane,adaptive,True,0.05,40,0,20.893957345971565,1.6666666666666665,10.0,4.98152382671833,59.00000000000001,40.0,19.0,18.0,1.0,0,0,40,0,0.0,0.0,6.0,34.0
591,1,right_lane,adaptive,True,0.05,40,0,20.89391975488909,0.3333333333333333,1.9999999999999998,1.7160315948400466,59.83333333333333,40.0,19.833333333333332,18.0,1.0,0,0,12,28,0.0,1.0,1.0,38.0
592,1,right_lane,adaptive,True,0.05,40,0,23.624999998541046,1.6666666666666665,2.9999999999999996,3.0171935492156763,59.33333333333334,40.0,19.33333333333333,18.0,1.0,0,0,19,21,0.0,0.0,5.0,35.0
593,1,right_lane,adaptive,True,0.05,40,0,23.268957345971113,1.0,2.333333333333333,2.870480806551768,59.33333333333333,40.0,19.333333333333332,18.0,1.0,0,0,24,16,0.0,1.0,3.0,36.0
594,1,right_lane,adaptive,True,0.05,40,0,21.768957345971554,0.0,5.999999999999998,2.5635776588060253,60.0,40.0,20.0,18.0,1.0,0,0,27,13,0.0,0.0,1.0,39.0
595,1,right_lane,adaptive,True,0.05,40,0,20.768957344482867,0.3333333333333333,13.33333333333334,4.277018912136555,60.0,40.0,20.0,18.0,1.0,0,0,40,0,0.0,0.0,1.0,39.0
596,1,right_lane,adaptive,True,0.05,40,0,21.393957345971565,0.6666666666666666,10.333333333333334,4.748221144545823,59.5,40.0,19.5,18.0,1.0,0,0,38,2,0.0,0.0,3.0,37.0
597,1,right_lane,adaptive,True,0.05,40,0,20.393957345971565,0.3333333333333333,12.666666666666671,5.268753305077553,59.83333333333333,40.0,19.833333333333332,18.0,1.0,0,0,40,0,0.0,1.0,1.0,38.0
598,1,right_lane,adaptive,True,0.05,40,0,21.268957345938503,0.0,6.666666666666664,3.1007862344849855,60.0,40.0,20.0,18.0,1.0,0,0,36,4,0.0,0.0,0.0,40.0
599,1,right_lane,adaptive,True,0.05,40,0,20.518957345971565,2.333333333333333,12.000000000000005,7.901994366198778,58.833333333333336,40.0,18.833333333333336,18.0,1.0,0,0,40,0,1.0,1.0,5.0,33.0
600,1,right_lane,adaptive,True,0.05,40,0,20.393957345971565,1.9999999999999998,11.66666666666667,6.128804335750829,59.0,40.0,19.0,18.0,1.0,0,0,36,4,0.0,3.0,2.0,35.0
601,1,right_lane,adaptive,True,0.05,40,0,21.26895734597155,11.000000000000004,9.333333333333332,14.553473949432373,54.50000000000001,40.0,14.500000000000002,18.0,1.0,0,0,40,0,0.0,4.0,27.0,9.0
602,1,right_lane,adaptive,True,0.05,40,0,21.268957345971565,1.3333333333333333,9.666666666666666,4.875936925411224,59.33333333333333,40.0,19.333333333333336,18.0,1.0,0,0,40,0,0.0,1.0,4.0,35.0
603,1,right_lane,adaptive,True,0.05,40,0,21.768957345971565,0.3333333333333333,7.9999999999999964,3.5465503218583763,59.83333333333333,40.0,19.833333333333332,18.0,1.0,0,0,36,4,0.0,1.0,1.0,38.0
604,1,right_lane,adaptive,True,0.05,40,0,21.768957345971565,1.0,2.9999999999999996,3.108157542767003,59.5,40.0,19.5,18.0,1.0,0,0,38,2,0.0,0.0,3.0,37.0
605,1,right_lane,adaptive,True,0.05,40,0,21.268957345971558,0.0,2.333333333333333,1.8224709101143617,60.0,40.0,20.0,18.0,1.0,0,0,24,16,0.0,0.0,1.0,39.0
606,1,right_lane,adaptive,True,0.05,40,0,20.518957345971565,3.0,7.333333333333332,7.49882623180747,58.5,40.0,18.5,18.0,1.0,0,0,40,0,1.0,1.0,7.0,31.0
607,1,right_lane,adaptive,True,0.05,40,0,20.268957345971565,0.0,5.666666666666665,3.1858112886548042,60.0,40.0,20.0,18.0,1.0,0,0,40,0,0.0,0.0,0.0,40.0
608,1,right_lane,adaptive,True,0.05,40,0,21.518957345971565,1.9999999999999998,11.333333333333336,5.4056672236765735,59.0,40.0,19.0,18.0,1.0,0,0,39,1,0.0,0.0,6.0,34.0
609,1,right_lane,adaptive,True,0.05,40,0,21.268957345971565,0.6666666666666666,6.999999999999998,4.388964213634608,59.666666666666664,40.0,19.666666666666668,18.0,1.0,0,0,39,1,0.0,0.0,3.0,37.0
610,1,right_lane,adaptive,True,0.05,40,0,20.893957345971565,1.0,12.000000000000004,4.723329640924931,59.5,40.0,19.5,18.0,1.0,0,0,40,0,0.0,0.0,3.0,37.0
611,1,right_lane,adaptive,True,0.05,40,0,21.143957345971565,5.333333333333332,10.666666666666668,9.328041348606348,57.33333333333333,40.0,17.333333333333332,18.0,1.0,0,0,40,0,0.0,4.0,9.0,27.0
612,1,right_lane,adaptive,True,0.05,40,0,21.266747113383605,1.6666666666666665,5.999999999999998,4.784160102649366,59.166666666666664,40.0,19.166666666666668,18.0,1.0,0,0,32,8,1.0,1.0,3.0,35.0
613,1,right_lane,adaptive,True,0.05,40,0,20.393957345971565,0.3333333333333333,9.333333333333332,4.103956092149019,59.83333333333333,40.0,19.833333333333332,18.0,1.0,0,0,40,0,0.0,1.0,1.0,38.0
614,1,right_lane,adaptive,True,0.05,40,0,20.768957345971565,2.333333333333333,10.666666666666668,5.297510281205177,58.83333333333333,40.0,18.833333333333332,18.0,1.0,0,0,40,0,0.0,0.0,7.0,33.0
615,1,right_lane,adaptive,True,0.05,40,0,20.393957345971565,0.0,13.33333333333334,3.754440501332283,60.0,40.0,20.0,18.0,1.0,0,0,40,0,0.0,0.0,0.0,40.0
616,1,right_lane,adaptive,True,0.05,40,0,22.766504197449013,8.666666666666666,3.0000000000000004,11.308549758337904,55.66666666666667,40.0,15.666666666666668,18.0,1.0,0,0,34,6,4.0,8.0,1.0,27.0
617,1,right_lane,adaptive,True,0.05,40,0,21.643957345968165,0.3333333333333333,1.6666666666666665,1.4945270028256346,59.83333333333333,40.0,19.833333333333332,18.0,1.0,0,0,14,26,0.0,0.0,2.0,38.0
618,1,right_lane,adaptive,True,0.05,40,0,22.268957345971565,1.9999999999999998,7.9999999999999964,4.869611366419122,59.0,40.0,19.0,18.0,1.0,0,0,37,3,0.0,0.0,6.0,34.0
619,1,right_lane,adaptive,True,0.05,40,0,20.518957345971565,3.3333333333333335,11.000000000000002,7.735894072800875,58.33333333333333,40.0,18.333333333333332,18.0,1.0,0,0,40,0,1.0,1.0,8.0,30.0
620,1,right_lane,adaptive,True,0.05,40,0,21.64395734597105,1.0,5.666666666666665,3.3160958311054856,59.5,40.0,19.5,18.0,1.0,0,0,37,3,0.0,0.0,3.0,37.0
621,1,right_lane,adaptive,True,0.05,40,0,21.14395733466685,0.6666666666666666,0.6666666666666666,2.1766478745266795,59.666666666666664,40.0,19.666666666666664,18.0,1.0,0,0,28,12,0.0,1.0,2.0,37.0
622,1,right_lane,adaptive,True,0.05,40,0,22.268957345971565,21.333333333333325,8.333333333333332,24.5677470266819,49.666666666666686,40.0,9.666666666666666,18.0,1.0,0,0,40,0,13.0,7.0,11.0,9.0
623,1,right_lane,adaptive,True,0.05,40,0,21.643957345971565,16.333333333333325,5.000000000000001,19.724610935896635,51.500000000000014,40.0,11.499999999999998,18.0,1.0,0,0,40,0,1.0,24.0,1.0,14.0
624,1,right_lane,adaptive,True,0.05,40,0,21.518957345971565,6.999999999999999,2.6666666666666665,10.044432908296585,56.5,40.0,16.5,18.0,1.0,0,0,40,0,0.0,10.0,3.0,27.0
625,1,right_lane,adaptive,True,0.05,40,0,21.393957345971565,0.6666666666666666,6.666666666666664,3.239972846762157,59.666666666666664,40.0,19.666666666666668,18.0,1.0,0,0,30,10,0.0,0.0,3.0,37.0
626,1,right_lane,adaptive,True,0.05,40,0,21.768957247332974,0.6666666666666666,3.666666666666667,2.7049468843033537,59.666666666666664,40.0,19.666666666666664,18.0,1.0,0,0,22,18,0.0,1.0,2.0,37.0
627,1,right_lane,adaptive,True,0.05,40,0,22.268957345971565,2.6666666666666665,8.666666666666664,5.616723170507839,58.666666666666664,40.0,18.666666666666664,18.0,1.0,0,0,38,2,0.0,0.0,8.0,32.0
628,1,right_lane,adaptive,True,0.05,40,0,20.643957345971565,0.6666666666666666,12.000000000000004,4.557280018925667,59.666666666666664,40.0,19.666666666666664,18.0,1.0,0,0,40,0,0.0,0.0,2.0,38.0
629,1,right_lane,adaptive,True,0.05,40,0,21.643957345971565,1.6666666666666665,9.666666666666666,4.795507814128996,59.16666666666667,40.0,19.166666666666664,18.0,1.0,0,0,35,5,0.0,0.0,5.0,35.0
630,1,right_lane,adaptive,True,0.05,40,0,22.393957345749705,2.333333333333333,5.666666666666665,4.052739288461453,59.00000000000001,40.0,19.0,18.0,1.0,0,0,28,12,0.0,0.0,6.0,34.0
631,1,right_lane,adaptive,True,0.05,40,0,21.643957345971565,17.333333333333325,8.666666666666666,20.76385672390461,51.16666666666668,40.0,11.166666666666664,18.0,1.0,0,0,40,0,0.0,26.0,2.0,12.0
632,1,right_lane,adaptive,True,0.05,40,0,20.643957345971565,6.333333333333331,11.333333333333336,10.701949456670263,57.00000000000004,40.0,17.000000000000004,18.0,1.0,0,0,38,2,0.0,0.0,19.0,21.0
633,1,right_lane,adaptive,True,0.05,40,0,23.608867844032495,3.333333333333333,7.9999999999999964,6.221223851299328,58.50000000000001,40.0,18.499999999999996,18.0,1.0,0,0,36,4,0.0,1.0,8.0,31.0
634,1,right_lane,adaptive,True,0.05,40,0,23.143957345937984,1.6666666666666665,5.999999999999998,3.990121525770519,58.83333333333333,40.0,18.833333333333332,18.0,1.0,0,0,34,6,0.0,0.0,5.0,35.0
635,1,right_lane,adaptive,True,0.05,40,0,21.018671888689,26.66666666666668,0.0,28.544686675071716,46.999999999999986,40.0,7.0000000000000036,18.0,1.0,0,0,40,0,1.0,39.0,0.0,0.0
636,1,right_lane,adaptive,True,0.05,40,0,20.893957345971565,4.333333333333333,7.666666666666663,7.684448529966176,57.500000000000014,40.0,17.500000000000004,18.0,1.0,0,0,39,1,1.0,1.0,11.0,27.0
637,1,right_lane,adaptive,True,0.05,40,0,20.625043292099726,0.6666666666666666,11.333333333333336,4.416976191103458,59.666666666666664,40.0,19.666666666666668,18.0,1.0,0,0,40,0,0.0,0.0,2.0,38.0
638,1,right_lane,adaptive,True,0.05,40,0,21.893634297606518,4.0,6.999999999999997,6.768553158040959,58.00000000000001,40.0,17.999999999999996,18.0,1.0,0,0,37,3,0.0,0.0,12.0,28.0
639,1,right_lane,adaptive,True,0.05,40,0,21.393957334641023,0.6666666666666666,4.999999999999999,2.4019408412859775,59.83333333333333,40.0,19.833333333333332,18.0,1.0,0,0,23,17,0.0,0.0,2.0,38.0
640,1,right_lane,adaptive,True,0.05,40,0,24.60604340480941,1.3333333333333333,3.0000000000000004,3.1951718871275716,59.16666666666667,40.0,19.166666666666668,18.0,1.0,0,0,32,8,0.0,0.0,5.0,35.0
641,1,right_lane,adaptive,True,0.05,40,0,23.127496354776135,10.0,4.0,12.301354881376028,55.0,40.0,15.0,18.0,1.0,0,0,40,0,4.0,7.0,4.0,25.0
642,1,right_lane,adaptive,True,0.05,40,0,21.143957345967657,0.3333333333333333,4.999999999999999,2.6675753742456436,59.833333333333336,40.0,19.833333333333332,18.0,1.0,0,0,33,7,0.0,0.0,2.0,38.0
643,1,right_lane,adaptive,True,0.05,40,0,21.018671236606018,0.3333333333333333,13.000000000000005,4.648947350680828,59.83333333333333,40.0,19.833333333333332,18.0,1.0,0,0,40,0,0.0,1.0,1.0,38.0
644,1,right_lane,adaptive,True,0.05,40,0,21.893957344482875,14.999999999999995,1.0,16.606880791892763,52.83333333333331,40.0,12.833333333333325,18.0,1.0,0,0,31,9,0.0,21.0,3.0,16.0
645,1,right_lane,adaptive,True,0.05,40,0,21.518957345971565,4.999999999999999,6.999999999999997,6.823720127410525,57.16666666666666,40.0,17.166666666666664,18.0,1.0,0,0,37,3,0.0,0.0,15.0,25.0
646,1,right_lane,adaptive,True,0.05,40,0,22.87500000002973,1.0,10.333333333333332,4.255373757332563,59.50000000000001,40.0,19.5,18.0,1.0,0,0,38,2,0.0,0.0,4.0,36.0
647,1,right_lane,adaptive,True,0.05,40,0,20.518957345971508,0.0,10.0,3.2929148375988007,60.0,40.0,20.0,18.0,1.0,0,0,40,0,0.0,0.0,0.0,40.0
648,1,right_lane,adaptive,True,0.05,40,0,20.768956694081286,1.6666666666666665,0.3333333333333333,4.256442900747061,59.16666666666667,40.0,19.166666666666668,18.0,1.0,0,0,40,0,1.0,1.0,3.0,35.0
649,1,right_lane,adaptive,True,0.05,40,0,20.643957247332974,1.0,11.000000000000002,4.875029228627682,59.5,40.0,19.5,18.0,1.0,0,0,40,0,0.0,0.0,4.0,36.0
650,1,right_lane,adaptive,True,0.05,40,0,21.766789002845204,1.3333333333333333,0.6666666666666666,3.836631140206009,59.333333333333336,40.0,19.333333333333336,18.0,1.0,0,0,39,1,1.0,1.0,2.0,36.0
651,1,right_lane,adaptive,True,0.05,40,0,21.518957345971565,1.0,6.666666666666664,3.830127137247473,59.5,40.0,19.5,18.0,1.0,0,0,34,6,0.0,0.0,3.0,37.0
652,1,right_lane,adaptive,True,0.05,40,0,22.497504323148647,1.3333333333333333,6.666666666666664,3.9996833009063266,59.5,40.0,19.499999999999996,18.0,1.0,0,0,33,7,0.0,0.0,4.0,36.0
653,1,right_lane,adaptive,True,0.05,40,0,20.268957345971565,0.0,13.000000000000005,4.136429034173489,59.83333333333333,40.0,19.833333333333332,18.0,1.0,0,0,40,0,0.0,0.0,0.0,40.0
654,1,right_lane,adaptive,True,0.05,40,0,22.393957344482878,1.3333333333333333,3.666666666666667,4.03246564797405,59.33333333333333,40.0,19.333333333333336,18.0,1.0,0,0,36,4,0.0,0.0,5.0,35.0
655,1,right_lane,adaptive,True,0.05,40,0,20.518957345971565,1.3333333333333333,12.000000000000004,5.9737918227910995,59.333333333333336,40.0,19.333333333333332,18.0,1.0,0,0,40,0,0.0,1.0,4.0,35.0
656,1,right_lane,adaptive,True,0.05,40,0,21.143957345971565,2.333333333333333,10.666666666666668,5.829395227134228,59.0,40.0,18.999999999999996,18.0,1.0,0,0,40,0,0.0,1.0,6.0,33.0
657,1,right_lane,adaptive,True,0.05,40,0,23.268957345971565,6.0,4.666666666666666,8.000963397324085,56.83333333333333,40.0,16.833333333333332,18.0,1.0,0,0,33,7,3.0,3.0,3.0,31.0
658,1,right_lane,adaptive,True,0.05,15,1,21.383886255913733,1.0,1.6666666666666665,2.018607685382449,22.0,15.0,7.0,18.0,1.0,0,0,3,12,1.0,1.0,1.0,12.0
659,1,right_lane,adaptive,True,0.05,40,0,20.518957345971565,4.0,13.666666666666677,8.540179692208767,57.99999999999999,40.0,18.0,18.0,1.0,0,0,40,0,1.0,1.0,10.0,28.0
660,1,right_lane,adaptive,True,0.05,40,0,22.393950907448023,5.666666666666665,6.333333333333331,8.302377050742507,57.16666666666668,40.0,17.166666666666664,18.0,1.0,0,0,39,1,0.0,5.0,7.0,28.0
661,1,right_lane,adaptive,True,0.05,40,0,22.372552552495204,5.666666666666665,4.333333333333333,8.338618508207219,57.166666666666664,40.0,17.166666666666664,18.0,1.0,0,0,31,9,0.0,5.0,9.0,26.0
662,1,right_lane,adaptive,True,0.05,40,0,23.268957345971565,29.000000000000018,2.0000000000000004,31.26961076259613,45.83333333333332,40.0,5.833333333333335,18.0,1.0,0,0,40,0,7.0,33.0,0.0,0.0
663,1,right_lane,adaptive,True,0.05,40,0,22.393957247332974,22.000000000000004,1.0,24.58206582814455,48.66666666666667,40.0,8.666666666666666,18.0,1.0,0,0,40,0,4.0,28.0,1.0,7.0
664,1,right_lane,adaptive,True,0.05,40,0,20.768957345971565,1.3333333333333333,10.333333333333334,5.5770424120128155,59.33333333333333,40.0,19.333333333333332,18.0,1.0,0,0,40,0,1.0,1.0,2.0,36.0
665,1,right_lane,adaptive,True,0.05,40,0,21.893957345971565,6.333333333333333,2.6666666666666674,9.050708377500996,56.83333333333334,40.0,16.833333333333336,18.0,1.0,0,0,38,2,0.0,8.0,3.0,29.0
666,1,right_lane,adaptive,True,0.05,40,0,24.89395734423128,12.000000000000002,4.333333333333334,14.117069691536017,54.00000000000001,40.0,14.000000000000002,18.0,1.0,0,0,38,2,4.0,6.0,14.0,16.0
667,1,right_lane,adaptive,True,0.05,40,0,21.018957345968165,1.0,2.6666666666666665,3.982652542370488,59.5,40.0,19.5,18.0,1.0,0,0,38,2,1.0,1.0,1.0,37.0
668,1,right_lane,adaptive,True,0.05,40,0,21.87749644062177,9.000000000000004,7.999999999999997,12.24913565814495,55.5,40.0,15.5,18.0,1.0,0,0,40,0,1.0,10.0,6.0,23.0
669,1,right_lane,adaptive,True,0.05,40,0,20.625043292099726,0.0,3.3333333333333335,2.8816369958221912,60.0,40.0,20.0,18.0,1.0,0,0,40,0,0.0,0.0,1.0,39.0
670,1,right_lane,adaptive,True,0.05,40,0,22.268957345971565,7.333333333333333,5.666666666666665,10.671788569539785,56.333333333333336,40.0,16.333333333333332,18.0,1.0,0,0,40,0,4.0,6.0,1.0,29.0
671,1,right_lane,adaptive,True,0.05,40,0,21.64395239570556,27.333333333333346,0.33333333333333337,29.204748809337616,46.66666666666665,40.0,6.66666666666667,18.0,1.0,0,0,40,0,2.0,38.0,0.0,0.0
672,1,right_lane,adaptive,True,0.05,40,0,22.518957345971565,11.666666666666666,0.33333333333333337,12.430954872339498,53.833333333333336,40.0,13.833333333333332,18.0,1.0,0,0,33,7,10.0,3.0,1.0,26.0
673,1,right_lane,adaptive,True,0.05,40,0,21.768957345971494,25.666666666666675,1.0,28.255437433719635,47.16666666666666,40.0,7.16666666666667,18.0,1.0,0,0,40,0,0.0,39.0,1.0,0.0
674,1,right_lane,adaptive,True,0.05,40,0,21.018957345971565,1.0,0.6666666666666667,3.173422106949147,59.5,40.0,19.5,18.0,1.0,0,0,29,11,1.0,1.0,1.0,37.0
675,1,right_lane,adaptive,True,0.05,40,0,21.518957345971565,5.999999999999998,10.333333333333334,10.328212155829533,57.0,40.0,17.0,18.0,1.0,0,0,39,1,1.0,7.0,4.0,28.0
676,1,right_lane,adaptive,True,0.05,40,0,20.51891480462308,1.3333333333333333,8.999999999999998,4.692303337156773,59.50000000000001,40.0,19.499999999999996,18.0,1.0,0,0,40,0,0.0,0.0,4.0,36.0
677,1,right_lane,adaptive,True,0.05,40,0,20.393957345971565,2.333333333333333,9.333333333333334,5.947409674525261,58.66666666666668,40.0,18.666666666666664,18.0,1.0,0,0,40,0,0.0,0.0,7.0,33.0
678,1,right_lane,adaptive,True,0.05,40,0,21.018957345971565,0.6666666666666666,7.666666666666663,3.8402134850621223,59.666666666666664,40.0,19.666666666666664,18.0,1.0,0,0,40,0,0.0,1.0,2.0,37.0
679,1,right_lane,adaptive,True,0.05,40,0,21.89117619881847,14.666666666666666,2.3333333333333335,17.324268601136282,52.66666666666667,40.0,12.666666666666664,18.0,1.0,0,0,37,3,4.0,15.0,3.0,18.0
680,1,right_lane,adaptive,True,0.05,40,0,20.768951657973492,3.0,7.666666666666663,5.9944290816783905,58.66666666666667,40.0,18.666666666666668,18.0,1.0,0,0,40,0,0.0,0.0,9.0,31.0
681,1,right_lane,adaptive,True,0.05,26,1,22.144542147239218,0.6666666666666666,0.6666666666666666,1.5870918204309419,38.666666666666664,26.0,12.666666666666666,18.0,1.0,0,0,11,15,0.0,1.0,1.0,24.0
682,1,right_lane,adaptive,True,0.05,40,0,21.12500570101725,1.6666666666666665,4.666666666666666,4.563405066728592,59.166666666666664,40.0,19.166666666666664,18.0,1.0,0,0,39,1,1.0,1.0,2.0,36.0
683,1,right_lane,adaptive,True,0.05,40,0,20.518957345971565,1.6666666666666665,11.333333333333336,4.6409530863165855,59.0,40.0,19.0,18.0,1.0,0,0,40,0,0.0,0.0,5.0,35.0
684,1,right_lane,adaptive,True,0.05,40,0,20.518957345971565,10.666666666666668,10.000000000000002,14.355201862752438,54.66666666666668,40.0,14.66666666666667,18.0,1.0,0,0,40,0,0.0,13.0,6.0,21.0
685,1,right_lane,adaptive,True,0.05,40,0,20.268957345971565,3.666666666666667,9.666666666666666,7.725643798708916,58.166666666666664,40.0,18.166666666666668,18.0,1.0,0,0,40,0,0.0,0.0,12.0,28.0
686,1,right_lane,adaptive,True,0.05,40,0,22.01678395394061,0.3333333333333333,5.666666666666665,3.0853087627033347,59.833333333333336,40.0,19.833333333333332,18.0,1.0,0,0,35,5,0.0,0.0,2.0,38.0
687,1,right_lane,adaptive,True,0.05,40,0,21.018957345971565,4.666666666666666,9.666666666666666,8.59475539624691,57.66666666666667,40.0,17.666666666666668,18.0,1.0,0,0,40,0,0.0,3.0,9.0,28.0
688,1,right_lane,adaptive,True,0.05,40,0,20.268957345971565,0.0,12.666666666666671,3.8086698576807976,60.0,40.0,20.0,18.0,1.0,0,0,40,0,0.0,0.0,1.0,39.0
689,1,right_lane,adaptive,True,0.05,40,0,21.893957345971565,11.666666666666666,2.0,13.925162494182587,54.16666666666667,40.0,14.166666666666664,18.0,1.0,0,0,40,0,0.0,15.0,5.0,20.0
690,1,right_lane,adaptive,True,0.05,40,0,20.518957345971565,1.3333333333333333,8.33333333333333,5.674187604337931,59.333333333333336,40.0,19.333333333333336,18.0,1.0,0,0,40,0,1.0,1.0,2.0,36.0
691,1,right_lane,adaptive,True,0.05,40,0,20.875043292099726,1.6666666666666665,11.000000000000002,4.836954690515995,59.33333333333333,40.0,19.333333333333332,18.0,1.0,0,0,40,0,0.0,0.0,5.0,35.0
692,1,right_lane,adaptive,True,0.05,40,0,20.143957345971565,1.9999999999999998,13.33333333333334,5.873311772942543,58.83333333333333,40.0,18.833333333333332,18.0,1.0,0,0,40,0,0.0,0.0,6.0,34.0
693,1,right_lane,adaptive,True,0.05,40,0,21.268957345971508,1.0,7.33333333333333,3.683320358144101,59.5,40.0,19.5,18.0,1.0,0,0,21,19,1.0,1.0,1.0,37.0
694,1,right_lane,adaptive,True,0.05,40,0,20.768957345971565,0.0,10.333333333333334,3.5120505783706903,60.0,40.0,20.0,18.0,1.0,0,0,39,1,0.0,0.0,1.0,39.0
695,1,right_lane,adaptive,True,0.05,40,0,22.75004329209972,0.6666666666666666,4.999999999999999,3.5029892165912315,59.666666666666664,40.0,19.666666666666664,18.0,1.0,0,0,37,3,0.0,1.0,2.0,37.0
696,1,right_lane,adaptive,True,0.05,40,0,21.018957345971565,18.999999999999996,4.000000000000001,22.542307503521442,50.500000000000014,40.0,10.5,18.0,1.0,0,0,40,0,1.0,28.0,1.0,10.0
697,1,right_lane,adaptive,True,0.05,40,0,22.018957345967653,1.3333333333333333,1.0,3.478815982933156,59.33333333333333,40.0,19.333333333333332,18.0,1.0,0,0,28,12,1.0,1.0,2.0,36.0
698,1,right_lane,adaptive,True,0.05,40,0,21.643957345971565,6.666666666666666,8.33333333333333,9.8078197252471,56.66666666666668,40.0,16.666666666666668,18.0,1.0,0,0,35,5,2.0,3.0,9.0,26.0
699,1,right_lane,adaptive,True,0.05,40,0,22.39395734574579,20.666666666666654,1.9999999999999998,23.136643156409264,49.83333333333336,40.0,9.833333333333332,18.0,1.0,0,0,40,0,4.0,23.0,6.0,7.0
700,1,right_lane,adaptive,True,0.05,40,0,22.893956496356036,9.0,5.999999999999998,11.502586479648016,55.66666666666665,40.0,15.666666666666663,18.0,1.0,0,0,37,3,0.0,8.0,10.0,22.0
701,1,right_lane,adaptive,True,0.05,40,0,21.018951657973492,1.9999999999999998,10.333333333333334,5.313017919659615,58.666666666666664,40.0,18.666666666666664,18.0,1.0,0,0,40,0,0.0,0.0,6.0,34.0
702,1,right_lane,adaptive,True,0.05,40,0,25.26895239421341,14.333333333333332,4.0,16.86968311131932,52.83333333333333,40.0,12.833333333333334,18.0,1.0,0,0,36,4,9.0,9.0,1.0,21.0
703,1,right_lane,adaptive,True,0.05,40,0,22.143957248599804,4.333333333333333,11.000000000000002,8.415053367614746,57.83333333333334,40.0,17.833333333333336,18.0,1.0,0,0,40,0,0.0,3.0,9.0,28.0
704,1,right_lane,adaptive,True,0.05,40,0,21.393919754889087,0.3333333333333333,6.666666666666664,2.7202038720133714,59.833333333333336,40.0,19.833333333333336,18.0,1.0,0,0,26,14,0.0,0.0,2.0,38.0
705,1,right_lane,adaptive,True,0.05,40,0,22.14395239570556,9.000000000000002,10.0,12.379562057554722,55.5,40.0,15.5,18.0,1.0,0,0,40,0,6.0,4.0,3.0,27.0
706,1,right_lane,adaptive,True,0.05,40,0,21.23137215416197,10.999999999999996,10.333333333333336,14.858781419694424,54.833333333333336,40.0,14.833333333333337,18.0,1.0,0,0,40,0,0.0,7.0,19.0,14.0
707,1,right_lane,adaptive,True,0.05,40,0,23.518957345971565,1.0,7.33333333333333,4.209429027074634,59.166666666666664,40.0,19.166666666666664,18.0,1.0,0,0,33,7,0.0,1.0,3.0,36.0
708,1,right_lane,adaptive,True,0.05,40,0,21.62749148886708,0.6666666666666666,0.3333333333333333,2.1943704211735167,59.666666666666664,40.0,19.666666666666664,18.0,1.0,0,0,19,21,0.0,1.0,2.0,37.0
709,1,right_lane,adaptive,True,0.05,40,0,20.625043292099726,0.0,12.333333333333337,3.2185094356536865,60.0,40.0,20.0,18.0,1.0,0,0,40,0,0.0,0.0,0.0,40.0
710,1,right_lane,adaptive,True,0.05,40,0,21.393908464738125,2.6666666666666665,10.666666666666668,6.48196762916632,58.66666666666668,40.0,18.666666666666664,18.0,1.0,0,0,38,2,0.0,0.0,9.0,31.0
711,1,right_lane,adaptive,True,0.05,40,0,22.768957345971565,11.999999999999998,4.666666666666666,15.016410674666986,54.166666666666664,40.0,14.166666666666666,18.0,1.0,0,0,38,2,5.0,11.0,1.0,23.0
712,1,right_lane,adaptive,True,0.05,40,0,21.393956694084682,4.0,5.666666666666667,6.986057602567598,57.833333333333336,40.0,17.833333333333332,18.0,1.0,0,0,39,1,0.0,1.0,12.0,27.0
713,1,right_lane,adaptive,True,0.05,40,0,20.893957334666847,2.6666666666666665,3.3333333333333335,4.698383688530157,58.66666666666667,40.0,18.666666666666668,18.0,1.0,0,0,20,20,1.0,1.0,6.0,32.0
714,1,right_lane,adaptive,True,0.05,40,0,21.268957345971113,1.3333333333333333,7.33333333333333,4.1039648211972235,59.33333333333333,40.0,19.333333333333336,18.0,1.0,0,0,26,14,1.0,1.0,2.0,36.0
715,1,right_lane,adaptive,True,0.05,40,0,21.858539107669383,3.9999999999999996,1.3333333333333333,6.3601575827924535,58.0,40.0,18.0,18.0,1.0,0,0,38,2,0.0,5.0,3.0,32.0
716,1,right_lane,adaptive,True,0.05,40,0,23.858216044793142,0.3333333333333333,2.6666666666666665,2.025436415277454,59.833333333333336,40.0,19.833333333333336,18.0,1.0,0,0,23,17,0.0,0.0,1.0,39.0
717,1,right_lane,adaptive,True,0.05,40,0,22.39362869522838,0.6666666666666666,4.0,2.6921522446209565,59.666666666666664,40.0,19.666666666666664,18.0,1.0,0,0,33,7,0.0,0.0,2.0,38.0
718,1,right_lane,adaptive,True,0.05,40,0,21.768957345971565,7.333333333333334,10.666666666666668,11.258732043206692,56.333333333333336,40.0,16.333333333333332,18.0,1.0,0,0,40,0,5.0,4.0,2.0,29.0
719,1,right_lane,adaptive,True,0.05,40,0,23.875000000003915,29.999999999999993,2.0000000000000004,30.6005225405097,45.33333333333334,40.0,5.333333333333332,18.0,1.0,0,0,40,0,23.0,5.0,10.0,2.0
720,1,right_lane,adaptive,True,0.05,8,1,28.65521659467246,6.0,0.33333333333333337,6.249800741672516,8.833333333333334,8.0,0.8333333333333333,18.0,1.0,0,0,8,0,3.0,5.0,0.0,0.0
721,1,right_lane,adaptive,True,0.05,40,0,21.377496440425727,0.0,0.3333333333333333,0.4812707683304325,59.83333333333333,40.0,19.833333333333332,18.0,1.0,0,0,8,32,0.0,0.0,0.0,40.0
722,1,right_lane,adaptive,True,0.05,40,0,21.018957345968165,26.333333333333346,3.666666666666668,29.135154247283936,47.16666666666665,40.0,7.1666666666666705,18.0,1.0,0,0,40,0,1.0,38.0,1.0,0.0
723,1,right_lane,adaptive,True,0.05,40,0,21.73358238674993,1.0,11.000000000000002,3.937960594892502,59.16666666666667,40.0,19.166666666666664,18.0,1.0,0,0,40,0,0.0,0.0,3.0,37.0
724,1,right_lane,adaptive,True,0.05,40,0,21.393957345971565,1.6666666666666665,4.999999999999999,3.958788482879754,59.166666666666664,40.0,19.166666666666664,18.0,1.0,0,0,26,14,0.0,0.0,5.0,35.0
725,1,right_lane,adaptive,True,0.05,40,0,22.143957345967642,2.333333333333333,4.999999999999999,5.027281382906949,58.83333333333334,40.0,18.83333333333333,18.0,1.0,0,0,37,3,0.0,1.0,7.0,32.0
726,1,right_lane,adaptive,True,0.05,40,0,20.893957345971565,0.3333333333333333,0.0,1.3656561155803502,59.83333333333333,40.0,19.833333333333332,18.0,1.0,0,0,32,8,0.0,0.0,1.0,39.0
727,1,right_lane,adaptive,True,0.05,40,0,21.643957345971565,3.0,2.0,5.77084731546347,58.5,40.0,18.5,18.0,1.0,0,0,37,3,0.0,2.0,6.0,32.0
728,1,right_lane,adaptive,True,0.05,40,0,20.893957345971565,1.0,4.999999999999999,3.5007003762293607,59.5,40.0,19.5,18.0,1.0,0,0,27,13,0.0,0.0,3.0,37.0
729,1,right_lane,adaptive,True,0.05,40,0,21.766460907064253,0.6666666666666666,11.000000000000002,4.4956857796642,59.666666666666664,40.0,19.666666666666664,18.0,1.0,0,0,39,1,0.0,1.0,2.0,37.0
730,1,right_lane,adaptive,True,0.05,40,0,21.12532874938229,0.0,0.6666666666666666,0.800875677791737,60.0,40.0,20.0,18.0,1.0,0,0,16,24,0.0,0.0,0.0,40.0
731,1,right_lane,adaptive,True,0.05,40,0,20.7522060330732,1.9999999999999998,9.666666666666666,5.905551001196727,59.0,40.0,19.0,18.0,1.0,0,0,34,6,1.0,1.0,4.0,34.0
732,1,right_lane,adaptive,True,0.05,40,0,20.643957345971565,2.6666666666666665,12.666666666666671,7.685338594019413,58.66666666666667,40.0,18.666666666666664,18.0,1.0,0,0,40,0,1.0,1.0,6.0,32.0
733,1,right_lane,adaptive,True,0.05,40,0,21.393957345971565,2.333333333333333,8.33333333333333,5.382076397072524,58.83333333333333,40.0,18.833333333333332,18.0,1.0,0,0,39,1,0.0,0.0,7.0,33.0
734,1,right_lane,adaptive,True,0.05,40,0,21.64395734574586,1.9999999999999998,3.3333333333333335,4.288881425280124,59.00000000000001,40.0,19.0,18.0,1.0,0,0,25,15,1.0,1.0,4.0,34.0
735,1,right_lane,adaptive,True,0.05,40,0,20.768671236802117,1.0,12.000000000000004,5.375752322375774,59.5,40.0,19.5,18.0,1.0,0,0,40,0,0.0,1.0,3.0,36.0
736,1,right_lane,adaptive,True,0.05,40,0,21.37749644061837,2.3333333333333335,8.666666666666664,5.672414299100637,58.83333333333333,40.0,18.833333333333332,18.0,1.0,0,0,40,0,0.0,2.0,3.0,35.0
737,1,right_lane,adaptive,True,0.05,40,0,22.391789654732086,0.3333333333333333,1.3333333333333333,2.4210818437859416,59.83333333333333,40.0,19.833333333333332,18.0,1.0,0,0,26,14,0.0,1.0,1.0,38.0
738,1,right_lane,adaptive,True,0.05,40,0,21.64395174381861,1.9999999999999998,7.9999999999999964,5.398504614830017,59.00000000000001,40.0,19.0,18.0,1.0,0,0,40,0,0.0,1.0,6.0,33.0
739,1,right_lane,adaptive,True,0.05,40,0,22.266504197223746,1.3333333333333333,8.999999999999998,4.313201577169821,59.33333333333334,40.0,19.333333333333336,18.0,1.0,0,0,38,2,0.0,0.0,4.0,36.0
740,1,right_lane,adaptive,True,0.05,40,0,20.893957345971565,1.0,3.3333333333333335,2.5427071950398386,59.5,40.0,19.5,18.0,1.0,0,0,24,16,0.0,0.0,4.0,36.0
741,1,right_lane,adaptive,True,0.05,40,0,21.143957345775522,0.3333333333333333,12.000000000000004,4.230106026865542,59.83333333333333,40.0,19.833333333333332,18.0,1.0,0,0,39,1,0.0,1.0,1.0,38.0
742,1,right_lane,adaptive,True,0.05,40,0,20.768957345971565,1.0,11.66666666666667,4.171936430037022,59.5,40.0,19.5,18.0,1.0,0,0,40,0,0.0,0.0,3.0,37.0
743,1,right_lane,adaptive,True,0.05,40,0,20.51895239570556,2.6666666666666665,7.9999999999999964,5.9622973427176476,58.666666666666664,40.0,18.666666666666664,18.0,1.0,0,0,40,0,0.0,0.0,9.0,31.0
744,1,right_lane,adaptive,True,0.05,40,0,20.87749644062177,1.6666666666666665,5.999999999999998,4.801182027906179,59.16666666666667,40.0,19.166666666666664,18.0,1.0,0,0,40,0,0.0,1.0,5.0,34.0
745,1,right_lane,adaptive,True,0.05,40,0,26.018957345971558,22.333333333333332,6.333333333333332,24.80147185921669,49.00000000000001,40.0,9.0,18.0,1.0,0,0,40,0,17.0,7.0,3.0,13.0
746,1,right_lane,adaptive,True,0.05,40,0,22.76891974358437,0.6666666666666666,4.999999999999999,3.428984486078207,59.5,40.0,19.5,18.0,1.0,0,0,36,4,0.0,1.0,2.0,37.0
747,1,right_lane,adaptive,True,0.05,40,0,20.768957345971565,1.0,4.0,3.782937027513981,59.5,40.0,19.5,18.0,1.0,0,0,40,0,0.0,0.0,3.0,37.0
748,1,right_lane,adaptive,True,0.05,40,0,21.26646091836897,1.3333333333333333,5.666666666666665,4.384706921875477,59.333333333333336,40.0,19.33333333333333,18.0,1.0,0,0,40,0,0.0,1.0,4.0,35.0
749,1,right_lane,adaptive,True,0.05,40,0,21.2689573329563,3.3333333333333335,10.0,6.982449039816856,58.33333333333334,40.0,18.333333333333336,18.0,1.0,0,0,40,0,1.0,1.0,8.0,30.0
750,1,right_lane,adaptive,True,0.05,40,0,20.50249644062177,2.333333333333333,3.6666666666666665,5.086532771587372,58.83333333333333,40.0,18.833333333333332,18.0,1.0,0,0,40,0,0.0,0.0,7.0,33.0
751,1,right_lane,adaptive,True,0.05,40,0,23.518957345971494,7.0,6.333333333333331,9.627085514643113,56.5,40.0,16.5,18.0,1.0,0,0,35,5,3.0,4.0,6.0,27.0
752,1,right_lane,adaptive,True,0.05,40,0,22.25032874938229,6.666666666666664,4.999999999999999,9.220008341420908,56.66666666666668,40.0,16.666666666666668,18.0,1.0,0,0,36,4,1.0,7.0,6.0,26.0
753,1,right_lane,adaptive,True,0.05,3,1,25.0,1.0,0.6666666666666666,1.2167307436466217,4.333333333333333,3.0,1.3333333333333333,18.0,1.0,0,0,3,0,0.0,0.0,2.0,1.0
754,1,right_lane,adaptive,True,0.05,40,0,23.643957334666844,0.6666666666666666,8.33333333333333,3.72201092727596,59.333333333333336,40.0,19.333333333333336,18.0,1.0,0,0,34,6,0.0,0.0,3.0,37.0
755,1,right_lane,adaptive,True,0.05,40,0,21.25245884953538,1.3333333333333333,8.666666666666664,4.54672683775425,59.333333333333336,40.0,19.333333333333336,18.0,1.0,0,0,40,0,0.0,0.0,5.0,35.0
756,1,right_lane,adaptive,True,0.05,40,0,21.768957345971565,7.0,10.333333333333334,11.183621697127819,56.5,40.0,16.5,18.0,1.0,0,0,40,0,3.0,7.0,1.0,29.0
757,1,right_lane,adaptive,True,0.05,40,0,22.016418365715772,5.333333333333332,7.33333333333333,8.507704991847277,57.33333333333334,40.0,17.333333333333332,18.0,1.0,0,0,39,1,1.0,5.0,6.0,28.0
758,1,right_lane,adaptive,True,0.05,40,0,20.643957345971565,5.333333333333333,4.0,8.191173069179058,57.33333333333334,40.0,17.333333333333336,18.0,1.0,0,0,40,0,0.0,7.0,3.0,30.0
759,1,right_lane,adaptive,True,0.05,40,0,21.250043194920607,6.999999999999997,8.33333333333333,10.442601814866066,56.50000000000001,40.0,16.5,18.0,1.0,0,0,40,0,0.0,4.0,15.0,21.0
760,1,right_lane,adaptive,True,0.05,40,0,21.018957345971565,2.6666666666666665,5.666666666666667,4.8083414897555485,58.666666666666686,40.0,18.666666666666664,18.0,1.0,0,0,27,13,0.0,0.0,8.0,32.0
761,1,right_lane,adaptive,True,0.05,40,0,24.64395734597156,20.333333333333332,1.3333333333333333,20.92273186694024,49.833333333333336,40.0,9.833333333333332,18.0,1.0,0,0,25,15,19.0,3.0,1.0,17.0
762,1,right_lane,adaptive,True,0.05,40,0,21.768957345971565,1.3333333333333333,4.666666666666666,3.2611015201400733,59.5,40.0,19.499999999999996,18.0,1.0,0,0,24,16,0.0,1.0,3.0,36.0
763,1,right_lane,adaptive,True,0.05,40,0,21.14391974358437,0.0,7.33333333333333,3.149673813364018,59.83333333333333,40.0,19.833333333333332,18.0,1.0,0,0,37,3,0.0,0.0,1.0,39.0
764,1,right_lane,adaptive,True,0.05,40,0,20.893957345971565,0.6666666666666666,6.666666666666664,3.501998905265282,59.666666666666664,40.0,19.666666666666664,18.0,1.0,0,0,24,16,0.0,1.0,2.0,37.0
765,1,right_lane,adaptive,True,0.05,40,0,21.99750432314865,3.6666666666666665,7.999999999999999,7.007324563222937,58.166666666666664,40.0,18.166666666666668,18.0,1.0,0,0,38,2,0.0,3.0,5.0,32.0
766,1,right_lane,adaptive,True,0.05,40,0,21.018957345971565,3.666666666666667,6.666666666666667,6.335764362476766,58.33333333333335,40.0,18.333333333333332,18.0,1.0,0,0,31,9,1.0,1.0,8.0,30.0
767,1,right_lane,adaptive,True,0.05,40,0,21.768957345971494,0.6666666666666666,6.333333333333331,3.134505996713415,59.5,40.0,19.5,18.0,1.0,0,0,32,8,0.0,0.0,2.0,38.0
768,1,right_lane,adaptive,True,0.05,40,0,21.768957344257046,1.6666666666666665,7.9999999999999964,4.3773739679018036,59.33333333333334,40.0,19.333333333333332,18.0,1.0,0,0,39,1,0.0,0.0,4.0,36.0
769,1,right_lane,adaptive,True,0.05,40,0,21.018957345971565,1.9999999999999998,9.66666666666667,5.4980092763435096,58.83333333333334,40.0,18.833333333333332,18.0,1.0,0,0,37,3,0.0,0.0,7.0,33.0
770,1,right_lane,adaptive,True,0.05,40,0,21.018671888689,0.3333333333333333,2.6666666666666665,2.230219908116851,59.83333333333333,40.0,19.833333333333332,18.0,1.0,0,0,21,19,0.0,1.0,1.0,38.0
771,1,right_lane,adaptive,True,0.05,40,0,21.51895659693478,1.6666666666666665,3.0,3.886840586201288,59.166666666666664,40.0,19.166666666666664,18.0,1.0,0,0,27,13,1.0,1.0,3.0,35.0
772,1,right_lane,adaptive,True,0.05,40,0,21.002496439133076,0.0,9.666666666666666,3.147792323035901,60.0,40.0,20.0,18.0,1.0,0,0,31,9,0.0,0.0,1.0,39.0
773,1,right_lane,adaptive,True,0.05,40,0,20.268957345971565,0.3333333333333333,11.000000000000002,4.023060940206051,59.83333333333333,40.0,19.833333333333332,18.0,1.0,0,0,40,0,0.0,0.0,2.0,38.0
774,1,right_lane,adaptive,True,0.05,40,0,21.76891331785423,3.0,7.9999999999999964,6.33528972719796,58.5,40.0,18.5,18.0,1.0,0,0,36,4,1.0,1.0,7.0,31.0
775,1,right_lane,adaptive,True,0.05,40,0,20.768957345971565,2.333333333333333,10.666666666666668,6.029287204146385,58.833333333333336,40.0,18.833333333333336,18.0,1.0,0,0,40,0,0.0,1.0,7.0,32.0
776,1,right_lane,adaptive,True,0.05,40,0,21.64391974186991,2.6666666666666665,5.333333333333332,5.155720540486072,58.66666666666667,40.0,18.666666666666668,18.0,1.0,0,0,34,6,1.0,1.0,6.0,32.0
777,1,right_lane,adaptive,True,0.05,40,0,24.393957344231804,13.333333333333343,6.999999999999998,16.12646936738747,53.333333333333336,40.0,13.333333333333332,18.0,1.0,0,0,37,3,3.0,7.0,18.0,12.0
778,1,right_lane,adaptive,True,0.05,40,0,21.518957345945232,0.3333333333333333,5.666666666666665,2.788902231492102,59.833333333333336,40.0,19.833333333333336,18.0,1.0,0,0,27,13,0.0,0.0,2.0,38.0
779,1,right_lane,adaptive,True,0.05,40,0,21.143671802843812,0.3333333333333333,0.6666666666666667,2.1449548562720793,59.83333333333333,40.0,19.833333333333332,18.0,1.0,0,0,25,15,0.0,1.0,1.0,38.0
780,1,right_lane,adaptive,True,0.05,40,0,22.143956694081282,3.6666666666666665,3.0,5.030192349280696,58.166666666666664,40.0,18.166666666666664,18.0,1.0,0,0,20,20,0.0,3.0,6.0,31.0
781,1,right_lane,adaptive,True,0.05,40,0,21.893957345971565,1.6666666666666665,5.999999999999998,4.43458426988218,59.166666666666664,40.0,19.166666666666668,18.0,1.0,0,0,36,4,0.0,0.0,5.0,35.0
782,1,right_lane,adaptive,True,0.05,40,0,21.018957345971565,0.3333333333333333,12.666666666666671,4.301982618868351,59.833333333333336,40.0,19.833333333333336,18.0,1.0,0,0,40,0,0.0,0.0,1.0,39.0
783,1,right_lane,adaptive,True,0.05,40,0,21.768957345971565,2.6666666666666665,8.666666666666664,6.344282119069248,58.666666666666664,40.0,18.666666666666664,18.0,1.0,0,0,33,7,0.0,2.0,5.0,33.0
784,1,right_lane,adaptive,True,0.05,40,0,21.6439573459385,5.333333333333332,4.0,8.1083146254241,57.333333333333336,40.0,17.333333333333336,18.0,1.0,0,0,38,2,0.0,6.0,6.0,28.0
785,1,right_lane,adaptive,True,0.05,40,0,20.391789654732086,26.333333333333346,1.3333333333333335,28.658729434013367,47.16666666666665,40.0,7.1666666666666705,18.0,1.0,0,0,40,0,1.0,38.0,1.0,0.0
786,1,right_lane,adaptive,True,0.05,40,0,22.393957345971565,1.0,0.3333333333333333,2.3838807558640838,59.16666666666667,40.0,19.166666666666664,18.0,1.0,0,0,21,19,1.0,1.0,1.0,37.0
787,1,right_lane,adaptive,True,0.05,40,0,20.893957345971565,0.0,0.6666666666666666,0.9996927111642435,60.0,40.0,20.0,18.0,1.0,0,0,15,25,0.0,0.0,0.0,40.0
788,1,right_lane,adaptive,True,0.05,40,0,22.643957345971565,38.33333333333333,1.0,38.44686007499695,41.333333333333336,40.0,1.3333333333333333,18.0,1.0,0,0,40,0,35.0,5.0,0.0,0.0
789,1,right_lane,adaptive,True,0.05,40,0,21.268957345971497,4.0,7.33333333333333,7.35986384563148,57.50000000000001,40.0,17.5,18.0,1.0,0,0,38,2,1.0,1.0,10.0,28.0
790,1,right_lane,adaptive,True,0.05,40,0,21.018957345971565,1.0,4.0,2.9462421827483922,59.666666666666664,40.0,19.666666666666664,18.0,1.0,0,0,27,13,0.0,1.0,2.0,37.0
791,1,right_lane,adaptive,True,0.05,40,0,20.518957345971565,13.000000000000005,13.000000000000005,17.332047164440155,53.50000000000003,40.0,13.500000000000007,18.0,1.0,0,0,40,0,0.0,0.0,38.0,2.0
792,1,right_lane,adaptive,True,0.05,40,0,20.268957345971565,1.0,7.666666666666663,3.984088720447744,59.333333333333336,40.0,19.333333333333336,18.0,1.0,0,0,29,11,0.0,0.0,4.0,36.0
793,1,right_lane,adaptive,True,0.05,40,0,21.750043292099726,2.333333333333333,8.666666666666664,5.160611256957054,58.83333333333334,40.0,18.833333333333332,18.0,1.0,0,0,40,0,0.0,0.0,8.0,32.0
794,1,right_lane,adaptive,True,0.05,40,0,21.89391405216181,5.666666666666667,6.999999999999997,8.12654977303464,57.5,40.0,17.500000000000004,18.0,1.0,0,0,38,2,1.0,6.0,3.0,30.0
795,1,right_lane,adaptive,True,0.05,40,0,21.643957345971565,1.6666666666666665,7.33333333333333,5.252427355619147,58.83333333333333,40.0,18.833333333333332,18.0,1.0,0,0,36,4,1.0,1.0,3.0,35.0
796,1,right_lane,adaptive,True,0.05,40,0,20.37749644062177,0.3333333333333333,13.666666666666673,4.927457936108112,59.833333333333336,40.0,19.833333333333336,18.0,1.0,0,0,40,0,0.0,0.0,2.0,38.0
797,1,right_lane,adaptive,True,0.05,40,0,20.64395734594575,1.6666666666666665,11.66666666666667,5.90580739825964,59.166666666666664,40.0,19.166666666666664,18.0,1.0,0,0,40,0,0.0,1.0,5.0,34.0
798,1,right_lane,adaptive,True,0.05,40,0,21.518957345971565,0.3333333333333333,1.0,1.5768759899074212,59.83333333333333,40.0,19.833333333333332,18.0,1.0,0,0,18,22,0.0,0.0,2.0,38.0
799,1,right_lane,adaptive,True,0.05,40,0,22.64395734594575,28.000000000000014,3.3333333333333344,30.94919827580452,46.333333333333314,40.0,6.333333333333336,18.0,1.0,0,0,40,0,6.0,33.0,1.0,0.0
800,1,right_lane,adaptive,True,0.05,40,0,21.893957345937928,1.0,7.666666666666663,3.875514743383974,59.166666666666664,40.0,19.166666666666664,18.0,1.0,0,0,37,3,0.0,0.0,3.0,37.0
801,1,right_lane,adaptive,True,0.05,40,0,20.893671888688996,3.0,12.666666666666671,7.449727444909513,58.5,40.0,18.5,18.0,1.0,0,0,39,1,1.0,1.0,7.0,31.0
802,1,right_lane,adaptive,True,0.05,40,0,20.50249644062177,0.0,2.6666666666666665,2.794085718691349,60.0,40.0,20.0,18.0,1.0,0,0,40,0,0.0,0.0,1.0,39.0
803,1,right_lane,adaptive,True,0.05,40,0,21.643957345971565,1.6666666666666665,6.666666666666664,4.42169119609207,59.16666666666667,40.0,19.166666666666664,18.0,1.0,0,0,26,14,0.0,1.0,5.0,34.0
804,1,right_lane,adaptive,True,0.05,40,0,21.643957345971565,14.333333333333334,7.999999999999997,18.25313561409712,52.83333333333334,40.0,12.83333333333333,18.0,1.0,0,0,40,0,1.0,18.0,7.0,14.0
805,1,right_lane,adaptive,True,0.05,40,0,24.01895724710727,9.666666666666668,2.6666666666666665,11.500126070047372,55.16666666666668,40.0,15.16666666666667,18.0,1.0,0,0,35,5,3.0,4.0,13.0,20.0
806,1,right_lane,adaptive,True,0.05,40,0,23.141741425385526,6.666666666666666,0.6666666666666666,9.094870896544307,56.66666666666667,40.0,16.666666666666664,18.0,1.0,0,0,36,4,3.0,6.0,2.0,29.0
807,1,right_lane,adaptive,True,0.05,40,0,20.518957345971565,1.0,10.666666666666668,4.62297996878624,59.5,40.0,19.5,18.0,1.0,0,0,40,0,0.0,0.0,3.0,37.0
808,1,right_lane,adaptive,True,0.05,40,0,20.643957345971565,1.0,4.0,4.160605301498435,59.5,40.0,19.5,18.0,1.0,0,0,37,3,0.0,1.0,3.0,36.0
809,1,right_lane,adaptive,True,0.05,40,0,22.268957345971565,3.6666666666666665,0.6666666666666667,4.5079265627719,58.16666666666667,40.0,18.166666666666664,18.0,1.0,0,0,10,30,1.0,5.0,1.0,33.0
810,1,right_lane,adaptive,True,0.05,40,0,20.393957345971565,6.999999999999997,11.66666666666667,11.089040830731392,56.499999999999986,40.0,16.499999999999996,18.0,1.0,0,0,40,0,0.0,0.0,21.0,19.0
811,1,right_lane,adaptive,True,0.05,40,0,21.518957345967646,1.3333333333333333,5.999999999999998,4.544933430850506,59.333333333333336,40.0,19.333333333333336,18.0,1.0,0,0,40,0,0.0,0.0,4.0,36.0
812,1,right_lane,adaptive,True,0.05,40,0,20.393957345971558,1.9999999999999998,12.000000000000004,6.307909421622753,59.0,40.0,19.0,18.0,1.0,0,0,40,0,0.0,0.0,7.0,33.0
813,1,right_lane,adaptive,True,0.05,40,0,20.893957345971565,0.3333333333333333,8.33333333333333,3.3743533975211903,59.833333333333336,40.0,19.833333333333332,18.0,1.0,0,0,37,3,0.0,0.0,1.0,39.0
814,1,right_lane,adaptive,True,0.05,40,0,22.893957345971565,38.66666666666667,0.6666666666666667,38.70414137840271,41.166666666666664,40.0,1.1666666666666665,18.0,1.0,0,0,40,0,35.0,5.0,0.0,0.0
815,1,right_lane,adaptive,True,0.05,40,0,21.518957345971565,0.6666666666666666,1.9999999999999998,2.6473022140853573,59.166666666666664,40.0,19.166666666666664,18.0,1.0,0,0,25,15,0.0,1.0,2.0,37.0
816,1,right_lane,adaptive,True,0.05,40,0,20.393957345971565,4.000000000000001,13.33333333333334,8.722999662160873,58.0,40.0,18.0,18.0,1.0,0,0,40,0,1.0,2.0,8.0,29.0
817,1,right_lane,adaptive,True,0.05,40,0,21.893957344257107,1.9999999999999998,7.33333333333333,4.806890209438279,59.00000000000001,40.0,19.0,18.0,1.0,0,0,38,2,0.0,0.0,6.0,34.0
818,1,right_lane,adaptive,True,0.05,40,0,22.143957345971565,9.333333333333334,2.666666666666667,12.30396869033575,55.333333333333336,40.0,15.333333333333332,18.0,1.0,0,0,40,0,3.0,7.0,6.0,24.0
819,1,right_lane,adaptive,True,0.05,40,0,21.018957345971565,1.6666666666666665,1.9999999999999998,3.3150769533984885,59.16666666666668,40.0,19.166666666666664,18.0,1.0,0,0,18,22,0.0,0.0,6.0,34.0
820,1,right_lane,adaptive,True,0.05,40,0,21.500043292099726,1.9999999999999998,11.000000000000002,6.17422392219305,59.0,40.0,19.0,18.0,1.0,0,0,40,0,1.0,1.0,4.0,34.0
821,1,right_lane,adaptive,True,0.05,40,0,21.14178965470627,0.3333333333333333,11.333333333333336,4.156726088840514,59.83333333333333,40.0,19.833333333333332,18.0,1.0,0,0,38,2,0.0,1.0,1.0,38.0
822,1,right_lane,adaptive,True,0.05,40,0,20.268957345971565,10.666666666666668,8.666666666666664,15.0768001973629,54.666666666666686,40.0,14.666666666666673,18.0,1.0,0,0,40,0,0.0,1.0,32.0,7.0
823,1,right_lane,adaptive,True,0.05,40,0,21.143957345971565,1.0,10.666666666666668,5.3260576743632555,59.5,40.0,19.5,18.0,1.0,0,0,39,1,0.0,1.0,3.0,36.0
824,1,right_lane,adaptive,True,0.05,40,0,20.143957345971565,0.0,13.33333333333334,4.59619253128767,60.0,40.0,20.0,18.0,1.0,0,0,40,0,0.0,0.0,0.0,40.0
825,1,right_lane,adaptive,True,0.05,40,0,23.643628510748,5.666666666666667,6.333333333333331,8.34538933262229,57.5,40.0,17.500000000000004,18.0,1.0,0,0,37,3,1.0,5.0,5.0,29.0
826,1,right_lane,adaptive,True,0.05,40,0,21.393957345971565,1.3333333333333333,9.666666666666666,4.439689669117797,59.0,40.0,19.0,18.0,1.0,0,0,37,3,0.0,0.0,5.0,35.0
827,1,right_lane,adaptive,True,0.05,40,0,21.750000000029733,1.6666666666666665,8.666666666666664,4.898045621812344,59.333333333333336,40.0,19.33333333333333,18.0,1.0,0,0,40,0,0.0,0.0,5.0,35.0
828,1,right_lane,adaptive,True,0.05,40,0,21.018957345971565,0.0,2.333333333333333,1.102661021403037,59.83333333333333,40.0,19.833333333333332,18.0,1.0,0,0,17,23,0.0,0.0,0.0,40.0
829,1,right_lane,adaptive,True,0.05,40,0,22.393957345971565,5.666666666666665,8.33333333333333,9.1498419418931,57.16666666666667,40.0,17.166666666666668,18.0,1.0,0,0,40,0,0.0,5.0,9.0,26.0
830,1,right_lane,adaptive,True,0.05,40,0,21.518957345971565,1.6666666666666665,7.666666666666663,4.65146958841251,59.16666666666667,40.0,19.166666666666664,18.0,1.0,0,0,30,10,0.0,1.0,5.0,34.0
831,1,right_lane,adaptive,True,0.05,40,0,21.143919754859873,0.0,13.33333333333334,4.043611988425255,60.0,40.0,20.0,18.0,1.0,0,0,40,0,0.0,0.0,0.0,40.0
832,1,right_lane,adaptive,True,0.05,40,0,22.268957345971565,1.0,7.9999999999999964,4.756362512824126,59.5,40.0,19.5,18.0,1.0,0,0,38,2,1.0,1.0,1.0,37.0
833,1,right_lane,adaptive,True,0.05,40,0,21.752496440395987,17.666666666666664,6.333333333333332,20.875882178544998,51.499999999999964,40.0,11.49999999999999,18.0,1.0,0,0,40,0,3.0,19.0,7.0,11.0
834,1,right_lane,adaptive,True,0.05,40,0,22.516137857014485,0.0,4.333333333333333,2.694299836701248,59.66666666666667,40.0,19.666666666666664,18.0,1.0,0,0,36,4,0.0,0.0,0.0,40.0
835,1,right_lane,adaptive,True,0.05,40,0,21.518671887200252,1.0,0.33333333333333337,2.304466452100314,59.5,40.0,19.5,18.0,1.0,0,0,16,24,1.0,1.0,1.0,37.0
836,1,right_lane,adaptive,True,0.05,40,0,24.002496440588125,13.999999999999995,7.33333333333333,16.221970286685973,53.3333333333333,40.0,13.333333333333325,18.0,1.0,0,0,36,4,2.0,16.0,4.0,18.0
837,1,right_lane,adaptive,True,0.05,40,0,20.50249644062132,1.3333333333333333,14.000000000000007,6.0939072743058205,59.0,40.0,19.0,18.0,1.0,0,0,40,0,0.0,1.0,4.0,35.0
838,1,right_lane,adaptive,True,0.05,40,0,20.643957345971565,0.3333333333333333,7.33333333333333,3.9545342214405537,59.83333333333333,40.0,19.833333333333332,18.0,1.0,0,0,40,0,0.0,1.0,1.0,38.0
839,1,right_lane,adaptive,True,0.05,40,0,20.393957345971565,6.333333333333331,3.666666666666666,8.267632077331655,57.000000000000014,40.0,17.0,18.0,1.0,0,0,23,17,3.0,3.0,6.0,28.0
840,1,right_lane,adaptive,True,0.05,40,0,21.893957345971565,11.666666666666664,6.666666666666665,15.291074596345425,54.000000000000014,40.0,14.000000000000002,18.0,1.0,0,0,40,0,0.0,14.0,9.0,17.0
841,1,right_lane,adaptive,True,0.05,40,0,20.893957345971565,1.0,4.333333333333333,2.8664641503660278,59.5,40.0,19.5,18.0,1.0,0,0,14,26,1.0,1.0,1.0,37.0
842,1,right_lane,adaptive,True,0.05,40,0,22.018957345971565,3.3333333333333335,4.666666666666666,6.103576511144638,58.33333333333333,40.0,18.333333333333336,18.0,1.0,0,0,39,1,0.0,0.0,10.0,30.0
843,1,right_lane,adaptive,True,0.05,40,0,21.625000013019175,1.9999999999999998,4.666666666666666,4.879479702562094,59.00000000000001,40.0,19.0,18.0,1.0,0,0,40,0,0.0,0.0,7.0,33.0
844,1,right_lane,adaptive,True,0.05,40,0,22.39391974358097,1.6666666666666665,2.333333333333333,3.3477477355045266,59.16666666666668,40.0,19.166666666666664,18.0,1.0,0,0,33,7,0.0,0.0,6.0,34.0
845,1,right_lane,adaptive,True,0.05,40,0,21.518914053846537,0.0,6.999999999999997,3.0739124991814606,60.0,40.0,20.0,18.0,1.0,0,0,34,6,0.0,0.0,1.0,39.0
846,1,right_lane,adaptive,True,0.05,40,0,22.143957235802485,1.6666666666666665,4.333333333333334,4.750355744879926,59.16666666666667,40.0,19.166666666666668,18.0,1.0,0,0,33,7,1.0,1.0,3.0,35.0
847,1,right_lane,adaptive,True,0.05,40,0,20.393957345971565,4.666666666666666,13.333333333333343,9.157307304441929,57.666666666666664,40.0,17.666666666666664,18.0,1.0,0,0,40,0,0.0,1.0,14.0,25.0
848,1,right_lane,adaptive,True,0.05,40,0,20.393957345971565,0.3333333333333333,7.9999999999999964,4.0042875818908215,59.83333333333333,40.0,19.833333333333332,18.0,1.0,0,0,40,0,0.0,1.0,1.0,38.0
849,1,right_lane,adaptive,True,0.05,40,0,21.393957247111118,3.3333333333333335,8.666666666666666,6.288540368678241,58.5,40.0,18.500000000000004,18.0,1.0,0,0,31,9,0.0,1.0,9.0,30.0
850,1,right_lane,adaptive,True,0.05,40,0,21.233867844032495,1.3333333333333333,11.000000000000002,4.34154237061739,59.16666666666667,40.0,19.166666666666664,18.0,1.0,0,0,40,0,0.0,0.0,4.0,36.0
851,1,right_lane,adaptive,True,0.05,40,0,20.518957345971565,0.3333333333333333,0.3333333333333333,1.2280806080671027,59.83333333333333,40.0,19.833333333333332,18.0,1.0,0,0,15,25,0.0,0.0,1.0,39.0
852,1,right_lane,adaptive,True,0.05,40,0,22.768957344257103,15.999999999999998,2.6666666666666665,18.52045955718495,52.166666666666686,40.0,12.166666666666671,18.0,1.0,0,0,39,1,0.0,21.0,6.0,13.0
853,1,right_lane,adaptive,True,0.05,40,0,21.143956596934782,1.6666666666666665,5.999999999999998,3.8755424720875453,59.00000000000001,40.0,19.0,18.0,1.0,0,0,32,8,0.0,0.0,5.0,35.0
854,1,right_lane,adaptive,True,0.05,40,0,20.268957345971565,9.0,9.666666666666666,13.030038237571716,55.5,40.0,15.5,18.0,1.0,0,0,40,0,1.0,13.0,1.0,25.0
855,1,right_lane,adaptive,True,0.05,40,0,21.00216779010384,3.666666666666667,4.0,5.674281235784292,58.16666666666668,40.0,18.16666666666667,18.0,1.0,0,0,40,0,0.0,0.0,12.0,28.0
856,1,right_lane,adaptive,True,0.05,40,0,20.518957345971565,0.6666666666666666,8.999999999999998,4.208635739982128,59.83333333333333,40.0,19.833333333333332,18.0,1.0,0,0,39,1,0.0,0.0,2.0,38.0
857,1,right_lane,adaptive,True,0.05,40,0,20.64395239570216,0.0,1.6666666666666665,2.0987261421978474,59.83333333333333,40.0,19.833333333333332,18.0,1.0,0,0,40,0,0.0,0.0,0.0,40.0
858,1,right_lane,adaptive,True,0.05,40,0,22.51859091988738,5.333333333333332,6.333333333333331,7.961429160088301,57.33333333333334,40.0,17.333333333333332,18.0,1.0,0,0,38,2,0.0,4.0,10.0,26.0
859,1,right_lane,adaptive,True,0.05,40,0,20.768957345971565,2.333333333333333,10.666666666666668,6.278468124568462,58.83333333333333,40.0,18.833333333333332,18.0,1.0,0,0,40,0,1.0,1.0,5.0,33.0
860,1,right_lane,adaptive,True,0.05,40,0,20.643957345971565,1.0,0.0,2.5124682437744923,59.5,40.0,19.5,18.0,1.0,0,0,18,22,1.0,1.0,1.0,37.0
861,1,right_lane,adaptive,True,0.05,40,0,21.143957345941836,1.3333333333333333,6.333333333333331,4.4998403722420335,59.333333333333336,40.0,19.333333333333336,18.0,1.0,0,0,39,1,0.0,1.0,4.0,35.0
862,1,right_lane,adaptive,True,0.05,40,0,21.64391405390157,1.3333333333333333,5.999999999999998,3.705681072198786,59.333333333333336,40.0,19.333333333333336,18.0,1.0,0,0,33,7,0.0,0.0,4.0,36.0
863,1,right_lane,adaptive,True,0.05,40,0,22.768957345971565,1.6666666666666665,8.666666666666664,4.952896608731578,59.16666666666667,40.0,19.166666666666664,18.0,1.0,0,0,35,5,0.0,1.0,5.0,34.0
864,1,right_lane,adaptive,True,0.05,40,0,20.143957345971565,3.0,11.333333333333337,6.953074119985104,58.50000000000001,40.0,18.5,18.0,1.0,0,0,40,0,0.0,0.0,9.0,31.0
865,1,right_lane,adaptive,True,0.05,40,0,23.518957345971565,11.999999999999998,4.666666666666667,14.860019470565021,54.0,40.0,14.0,18.0,1.0,0,0,39,1,7.0,7.0,3.0,23.0
866,1,right_lane,adaptive,True,0.05,40,0,22.143957332926504,1.3333333333333333,5.666666666666665,4.081696845358238,59.333333333333336,40.0,19.333333333333336,18.0,1.0,0,0,37,3,0.0,0.0,5.0,35.0
867,1,right_lane,adaptive,True,0.05,40,0,22.231371405125184,6.666666666666667,11.0,10.518661545676878,56.833333333333336,40.0,16.833333333333336,18.0,1.0,0,0,38,2,1.0,7.0,5.0,27.0
868,1,right_lane,adaptive,True,0.05,40,0,21.518957345971565,5.666666666666665,8.33333333333333,8.048339523375034,57.00000000000001,40.0,17.0,18.0,1.0,0,0,40,0,0.0,4.0,9.0,27.0
869,1,right_lane,adaptive,True,0.05,40,0,21.518957345971565,2.333333333333333,11.666666666666668,5.764512330875732,58.83333333333334,40.0,18.833333333333336,18.0,1.0,0,0,38,2,0.0,0.0,7.0,33.0
870,1,right_lane,adaptive,True,0.05,40,0,21.518914053901568,2.333333333333333,9.666666666666666,5.543146476149559,58.833333333333336,40.0,18.83333333333333,18.0,1.0,0,0,40,0,0.0,0.0,8.0,32.0
871,1,right_lane,adaptive,True,0.05,40,0,21.51895165797343,0.3333333333333333,8.999999999999998,2.9506641624784606,59.83333333333333,40.0,19.833333333333332,18.0,1.0,0,0,31,9,0.0,0.0,1.0,39.0
872,1,right_lane,adaptive,True,0.05,40,0,20.393957345971565,9.666666666666668,9.333333333333336,13.042778044939041,55.16666666666667,40.0,15.16666666666667,18.0,1.0,0,0,40,0,0.0,8.0,13.0,19.0
873,1,right_lane,adaptive,True,0.05,40,0,21.393957345971565,13.0,7.666666666666663,16.607584480196238,53.50000000000001,40.0,13.499999999999996,18.0,1.0,0,0,40,0,0.0,18.0,5.0,17.0
874,1,right_lane,adaptive,True,0.05,40,0,21.768957345971565,4.999999999999999,5.666666666666668,7.759504716843367,57.500000000000014,40.0,17.5,18.0,1.0,0,0,38,2,0.0,0.0,16.0,24.0
875,1,right_lane,adaptive,True,0.05,40,0,22.625043291848147,2.6666666666666665,7.33333333333333,6.061821705196053,58.66666666666667,40.0,18.666666666666664,18.0,1.0,0,0,33,7,2.0,2.0,1.0,35.0
876,1,right_lane,adaptive,True,0.05,40,0,21.51895734428684,1.6666666666666665,5.333333333333332,4.815092799719423,59.16666666666667,40.0,19.166666666666668,18.0,1.0,0,0,35,5,1.0,1.0,3.0,35.0
877,1,right_lane,adaptive,True,0.05,40,0,21.143671235287556,0.3333333333333333,12.333333333333337,4.598930656909943,59.83333333333333,40.0,19.833333333333332,18.0,1.0,0,0,40,0,0.0,1.0,1.0,38.0
878,1,right_lane,adaptive,True,0.05,40,0,21.752210331452325,6.333333333333332,12.333333333333337,10.49866359680891,56.833333333333336,40.0,16.833333333333336,18.0,1.0,0,0,40,0,4.0,3.0,4.0,29.0
879,1,right_lane,adaptive,True,0.05,40,0,22.231043503644038,1.3333333333333333,5.666666666666665,4.588235568124219,59.33333333333333,40.0,19.333333333333332,18.0,1.0,0,0,38,2,1.0,1.0,2.0,36.0
880,1,right_lane,adaptive,True,0.05,40,0,22.393957345971565,10.66666666666667,7.999999999999997,14.075074262917042,54.66666666666667,40.0,14.666666666666668,18.0,1.0,0,0,40,0,7.0,4.0,6.0,23.0
881,1,right_lane,adaptive,True,0.05,40,0,21.018957345971565,0.3333333333333333,4.333333333333333,2.6854340764693916,59.83333333333333,40.0,19.833333333333332,18.0,1.0,0,0,30,10,0.0,1.0,1.0,38.0
882,1,right_lane,adaptive,True,0.05,40,0,22.018909105320297,1.6666666666666665,2.6666666666666665,3.98019228130579,59.166666666666664,40.0,19.166666666666664,18.0,1.0,0,0,34,6,0.0,0.0,5.0,35.0
883,1,right_lane,adaptive,True,0.05,40,0,21.393957345971565,2.6666666666666665,8.666666666666664,5.991863360628486,58.66666666666668,40.0,18.66666666666667,18.0,1.0,0,0,40,0,1.0,1.0,6.0,32.0
884,1,right_lane,adaptive,True,0.05,40,0,20.893671802817988,0.0,13.33333333333334,3.929118037223816,60.0,40.0,20.0,18.0,1.0,0,0,40,0,0.0,0.0,0.0,40.0
885,1,right_lane,adaptive,True,0.05,40,0,21.64178964193868,1.9999999999999998,10.333333333333332,5.108955994830467,59.00000000000001,40.0,19.0,18.0,1.0,0,0,38,2,0.0,0.0,6.0,34.0
886,1,right_lane,adaptive,True,0.05,40,0,21.643957345971565,3.0,8.999999999999998,6.609777329489589,58.50000000000001,40.0,18.500000000000004,18.0,1.0,0,0,38,2,0.0,1.0,9.0,30.0
887,1,right_lane,adaptive,True,0.05,40,0,20.518957345971565,0.3333333333333333,13.000000000000005,4.315579362213612,59.83333333333333,40.0,19.833333333333332,18.0,1.0,0,0,40,0,0.0,0.0,2.0,38.0
888,1,right_lane,adaptive,True,0.05,40,0,21.268957345971565,9.0,8.33333333333333,12.286565966904163,55.500000000000014,40.0,15.500000000000004,18.0,1.0,0,0,40,0,0.0,11.0,7.0,22.0
889,1,right_lane,adaptive,True,0.05,40,0,21.143957345971565,0.3333333333333333,0.3333333333333333,1.3263019810256083,59.83333333333333,40.0,19.833333333333332,18.0,1.0,0,0,14,26,0.0,0.0,2.0,38.0
890,1,right_lane,adaptive,True,0.05,40,0,21.893957345971565,2.6666666666666665,6.333333333333331,5.416390137030248,58.66666666666667,40.0,18.66666666666667,18.0,1.0,0,0,36,4,0.0,0.0,9.0,31.0
891,1,right_lane,adaptive,True,0.05,40,0,22.372875600860247,4.666666666666666,6.666666666666664,7.488943068862682,57.66666666666669,40.0,17.666666666666664,18.0,1.0,0,0,30,10,0.0,1.0,14.0,25.0
892,1,right_lane,adaptive,True,0.05,40,0,22.516461656101036,2.6666666666666665,6.333333333333331,5.05896285478957,58.83333333333334,40.0,18.833333333333332,18.0,1.0,0,0,34,6,0.0,1.0,7.0,32.0
893,1,right_lane,adaptive,True,0.05,40,0,21.143914065402328,1.0,11.000000000000002,5.030198998749256,59.333333333333336,40.0,19.333333333333332,18.0,1.0,0,0,40,0,0.0,0.0,4.0,36.0
894,1,right_lane,adaptive,True,0.05,40,0,21.643957345971558,19.0,4.999999999999999,21.143306992948055,50.5,40.0,10.5,18.0,1.0,0,0,40,0,15.0,6.0,2.0,17.0
895,1,right_lane,adaptive,True,0.05,40,0,23.268919754884656,17.0,2.0,18.163243716582656,51.99999999999999,40.0,11.999999999999998,18.0,1.0,0,0,36,4,14.0,3.0,3.0,20.0
896,1,right_lane,adaptive,True,0.05,40,0,21.51895734422745,5.333333333333332,7.666666666666663,8.375756855122745,56.83333333333333,40.0,16.833333333333332,18.0,1.0,0,0,38,2,4.0,1.0,5.0,30.0
897,1,right_lane,adaptive,True,0.05,40,0,21.768957260126378,0.3333333333333333,1.3333333333333333,1.2860331451520324,59.83333333333333,40.0,19.833333333333332,18.0,1.0,0,0,14,26,0.0,0.0,1.0,39.0
898,1,right_lane,adaptive,True,0.05,40,0,20.393957345971565,1.0,11.333333333333336,4.761774726212025,59.5,40.0,19.5,18.0,1.0,0,0,40,0,0.0,0.0,3.0,37.0
899,1,right_lane,adaptive,True,0.05,40,0,21.25249644062177,10.333333333333336,7.333333333333333,13.665962092578411,54.83333333333335,40.0,14.833333333333337,18.0,1.0,0,0,40,0,1.0,10.0,11.0,18.0
900,1,right_lane,adaptive,True,0.05,40,0,21.268957345971565,1.0,5.666666666666665,3.9095209280203562,59.5,40.0,19.5,18.0,1.0,0,0,29,11,0.0,0.0,4.0,36.0
901,1,right_lane,adaptive,True,0.05,40,0,20.393957345971565,4.0,10.666666666666663,7.50621473044157,58.16666666666668,40.0,18.166666666666664,18.0,1.0,0,0,40,0,0.0,0.0,12.0,28.0
902,1,right_lane,adaptive,True,0.05,40,0,22.268951646668775,12.666666666666668,6.333333333333331,15.301576073630713,53.5,40.0,13.5,18.0,1.0,0,0,36,4,10.0,4.0,3.0,23.0
903,1,right_lane,adaptive,True,0.05,40,0,21.518957345971565,1.3333333333333333,10.333333333333334,4.560762166976929,59.333333333333336,40.0,19.333333333333336,18.0,1.0,0,0,40,0,0.0,0.0,5.0,35.0
904,1,right_lane,adaptive,True,0.05,40,0,21.01895734426101,1.6666666666666665,8.999999999999998,5.018879860639572,59.333333333333336,40.0,19.333333333333332,18.0,1.0,0,0,40,0,0.0,0.0,4.0,36.0
905,1,right_lane,adaptive,True,0.05,40,0,23.393957345971565,9.000000000000002,8.666666666666664,12.442634726758115,55.33333333333333,40.0,15.333333333333334,18.0,1.0,0,0,39,1,5.0,6.0,2.0,27.0
906,1,right_lane,adaptive,True,0.05,40,0,20.518957345971565,2.333333333333333,12.66666666666667,6.826028998941183,58.833333333333336,40.0,18.833333333333332,18.0,1.0,0,0,40,0,0.0,0.0,8.0,32.0
907,1,right_lane,adaptive,True,0.05,40,0,21.26895734596765,1.6666666666666665,3.333333333333333,4.503090005367994,59.16666666666667,40.0,19.166666666666668,18.0,1.0,0,0,40,0,0.0,0.0,6.0,34.0
908,1,right_lane,adaptive,True,0.05,40,0,20.393957345971565,3.0,12.000000000000004,7.114757105708122,58.5,40.0,18.5,18.0,1.0,0,0,40,0,1.0,1.0,7.0,31.0
909,1,right_lane,adaptive,True,0.05,40,0,21.14367188868894,12.999999999999996,4.333333333333333,16.002506447490305,53.8333333333333,40.0,13.833333333333329,18.0,1.0,0,0,37,3,0.0,15.0,8.0,17.0
910,1,right_lane,adaptive,True,0.05,40,0,22.51891966904384,0.0,4.666666666666666,2.268443179042606,59.66666666666667,40.0,19.666666666666664,18.0,1.0,0,0,33,7,0.0,0.0,1.0,39.0
911,1,right_lane,adaptive,True,0.05,40,0,20.268957345971565,0.0,13.33333333333334,3.993400827050209,60.0,40.0,20.0,18.0,1.0,0,0,40,0,0.0,0.0,0.0,40.0
912,1,right_lane,adaptive,True,0.05,40,0,20.76895726012632,0.3333333333333333,12.000000000000004,4.280562121421099,59.833333333333336,40.0,19.833333333333336,18.0,1.0,0,0,40,0,0.0,0.0,2.0,38.0
913,1,right_lane,adaptive,True,0.05,40,0,23.018957345971565,10.66666666666667,5.999999999999999,13.161864716326818,54.83333333333334,40.0,14.833333333333336,18.0,1.0,0,0,38,2,5.0,6.0,6.0,23.0
914,1,right_lane,adaptive,True,0.05,40,0,21.76895723408861,2.6666666666666665,4.999999999999999,5.758365944377147,58.50000000000001,40.0,18.5,18.0,1.0,0,0,39,1,1.0,2.0,4.0,33.0
915,1,right_lane,adaptive,True,0.05,40,0,21.018957345971565,4.666666666666667,1.6666666666666665,7.5141128487885,57.66666666666667,40.0,17.666666666666664,18.0,1.0,0,0,40,0,1.0,5.0,4.0,30.0
916,1,right_lane,adaptive,True,0.05,40,0,21.39395733446735,1.6666666666666665,5.666666666666665,4.550279241608223,59.166666666666664,40.0,19.166666666666664,18.0,1.0,0,0,24,16,0.0,1.0,5.0,34.0
917,1,right_lane,adaptive,True,0.05,40,0,20.643957345971565,7.33333333333333,5.333333333333332,9.735149383544922,56.50000000000002,40.0,16.500000000000004,18.0,1.0,0,0,40,0,0.0,0.0,22.0,18.0
918,1,right_lane,adaptive,True,0.05,40,0,20.768957345971565,0.3333333333333333,0.6666666666666666,1.3202004575869069,59.666666666666664,40.0,19.666666666666664,18.0,1.0,0,0,33,7,0.0,0.0,1.0,39.0
919,1,right_lane,adaptive,True,0.05,11,1,24.159841805751753,10.0,0.33333333333333337,10.184213042259216,12.0,11.0,0.9999999999999999,18.0,1.0,0,0,11,0,8.0,3.0,0.0,0.0
920,1,right_lane,adaptive,True,0.05,40,0,20.768957345971565,0.6666666666666666,6.999999999999997,3.4483011085130784,59.16666666666667,40.0,19.166666666666668,18.0,1.0,0,0,26,14,0.0,0.0,3.0,37.0
921,1,right_lane,adaptive,True,0.05,40,0,23.018957345967646,3.3333333333333335,7.666666666666663,6.084845035001308,58.333333333333336,40.0,18.333333333333336,18.0,1.0,0,0,38,2,0.0,0.0,10.0,30.0
922,1,right_lane,adaptive,True,0.05,40,0,21.893957345971565,0.6666666666666666,2.6666666666666665,2.45526714810012,59.666666666666664,40.0,19.666666666666664,18.0,1.0,0,0,27,13,0.0,0.0,2.0,38.0
923,1,right_lane,adaptive,True,0.05,40,0,20.643919754889087,5.0,6.666666666666666,7.773134643211961,57.666666666666664,40.0,17.666666666666664,18.0,1.0,0,0,38,2,0.0,5.0,6.0,29.0
924,1,right_lane,adaptive,True,0.05,40,0,22.143957345971565,1.3333333333333333,10.0,4.70329999178648,59.16666666666667,40.0,19.166666666666668,18.0,1.0,0,0,38,2,0.0,0.0,5.0,35.0
925,1,right_lane,adaptive,True,0.05,40,0,23.143914066891014,23.666666666666675,1.666666666666667,26.139661766588688,48.49999999999998,40.0,8.500000000000004,18.0,1.0,0,0,40,0,0.0,33.0,4.0,3.0
926,1,right_lane,adaptive,True,0.05,40,0,20.518957345971565,1.6666666666666665,11.333333333333336,5.4931699857115746,58.833333333333336,40.0,18.833333333333336,18.0,1.0,0,0,40,0,1.0,1.0,3.0,35.0
927,1,right_lane,adaptive,True,0.05,40,0,20.643957345968165,2.333333333333333,6.0,5.67339364439249,58.83333333333333,40.0,18.833333333333332,18.0,1.0,0,0,40,0,0.0,1.0,7.0,32.0
928,1,right_lane,adaptive,True,0.05,40,0,22.018957345971565,6.666666666666665,4.0,8.561001889494946,56.83333333333334,40.0,16.833333333333332,18.0,1.0,0,0,27,13,5.0,2.0,3.0,30.0
929,1,right_lane,adaptive,True,0.05,40,0,21.518957345971565,6.666666666666664,9.000000000000002,9.80674441717565,56.50000000000001,40.0,16.5,18.0,1.0,0,0,40,0,0.0,3.0,14.0,23.0
930,1,right_lane,adaptive,True,0.05,3,1,25.0,1.0,0.0,1.8440300822257996,4.0,3.0,1.0,18.0,1.0,0,0,3,0,1.0,1.0,1.0,0.0
931,1,right_lane,adaptive,True,0.05,40,0,22.518957345971565,11.66666666666667,8.666666666666666,14.849424429237843,54.16666666666668,40.0,14.16666666666667,18.0,1.0,0,0,40,0,3.0,10.0,8.0,19.0
932,1,right_lane,adaptive,True,0.05,5,1,25.0,0.6666666666666666,0.6666666666666666,1.157947525382042,7.333333333333333,5.0,2.333333333333333,18.0,1.0,0,0,5,0,0.0,0.0,2.0,3.0
933,1,right_lane,adaptive,True,0.05,40,0,20.268957345971565,0.0,12.000000000000004,4.074019514024258,59.83333333333333,40.0,19.833333333333332,18.0,1.0,0,0,40,0,0.0,0.0,0.0,40.0
934,1,right_lane,adaptive,True,0.05,40,0,21.643957345971565,5.666666666666665,10.66666666666667,9.083249694900587,57.33333333333333,40.0,17.333333333333332,18.0,1.0,0,0,39,1,0.0,3.0,11.0,26.0
935,1,right_lane,adaptive,True,0.05,40,0,20.393957345971565,4.666666666666666,5.333333333333332,7.34441602230072,57.666666666666686,40.0,17.66666666666667,18.0,1.0,0,0,40,0,0.0,1.0,13.0,26.0
936,1,right_lane,adaptive,True,0.05,40,0,22.018957345971558,6.666666666666664,7.9999999999999964,9.329495415091515,56.49999999999999,40.0,16.5,18.0,1.0,0,0,40,0,0.0,0.0,20.0,20.0
937,1,right_lane,adaptive,True,0.05,40,0,21.143957345971565,6.333333333333331,12.333333333333337,10.922605358064175,56.83333333333333,40.0,16.833333333333332,18.0,1.0,0,0,40,0,1.0,6.0,7.0,26.0
938,1,right_lane,adaptive,True,0.05,40,0,20.643957345971565,1.0,4.0,2.5949143334291875,59.66666666666667,40.0,19.666666666666664,18.0,1.0,0,0,29,11,0.0,0.0,3.0,37.0
939,1,right_lane,adaptive,True,0.05,40,0,20.893957345971565,1.3333333333333333,7.666666666666663,4.221003561258385,59.16666666666667,40.0,19.166666666666668,18.0,1.0,0,0,33,7,0.0,1.0,4.0,35.0
940,1,right_lane,adaptive,True,0.05,40,0,22.768957345971565,12.000000000000007,8.666666666666664,15.486732937395573,53.999999999999986,40.0,14.0,18.0,1.0,0,0,40,0,2.0,9.0,14.0,15.0
941,1,right_lane,adaptive,True,0.05,40,0,20.393957345971565,4.333333333333333,10.333333333333332,7.884837253019214,57.83333333333336,40.0,17.833333333333336,18.0,1.0,0,0,39,1,0.0,1.0,13.0,26.0
942,1,right_lane,adaptive,True,0.05,40,0,23.268957345971565,6.333333333333331,5.666666666666666,9.476262285577832,56.83333333333334,40.0,16.833333333333336,18.0,1.0,0,0,38,2,1.0,6.0,7.0,26.0
943,1,right_lane,adaptive,True,0.05,40,0,22.01891975488864,0.0,6.999999999999997,2.547194952432619,60.0,40.0,20.0,18.0,1.0,0,0,36,4,0.0,0.0,0.0,40.0
944,1,right_lane,adaptive,True,0.05,40,0,21.502496439133083,0.3333333333333333,3.666666666666667,2.825586910592392,59.833333333333336,40.0,19.833333333333336,18.0,1.0,0,0,38,2,0.0,0.0,2.0,38.0
945,1,right_lane,adaptive,True,0.05,40,0,21.268957345971565,3.666666666666667,8.999999999999998,7.419743134407327,58.166666666666664,40.0,18.166666666666664,18.0,1.0,0,0,37,3,1.0,1.0,9.0,29.0
946,1,right_lane,adaptive,True,0.05,40,0,22.268957345971565,9.999999999999998,6.999999999999997,13.444432374089956,55.00000000000001,40.0,15.0,18.0,1.0,0,0,40,0,4.0,7.0,6.0,23.0
947,1,right_lane,adaptive,True,0.05,40,0,20.643957345971565,1.9999999999999998,8.999999999999998,5.527088126633316,59.0,40.0,19.0,18.0,1.0,0,0,29,11,0.0,0.0,6.0,34.0
948,1,right_lane,adaptive,True,0.05,40,0,20.893957345968158,6.333333333333334,12.33333333333334,10.530358873307705,56.83333333333333,40.0,16.833333333333332,18.0,1.0,0,0,40,0,0.0,3.0,13.0,24.0
949,1,right_lane,adaptive,True,0.05,40,0,20.893957345971565,1.9999999999999998,6.999999999999997,5.037020883115474,59.0,40.0,19.0,18.0,1.0,0,0,30,10,1.0,1.0,4.0,34.0
950,1,right_lane,adaptive,True,0.05,40,0,20.768957345971565,9.666666666666666,11.333333333333336,13.544412687420845,55.33333333333337,40.0,15.333333333333341,18.0,1.0,0,0,40,0,0.0,4.0,20.0,16.0
951,1,right_lane,adaptive,True,0.05,40,0,20.768957345971565,1.3333333333333333,11.333333333333336,4.661455266177654,59.16666666666666,40.0,19.166666666666664,18.0,1.0,0,0,40,0,0.0,0.0,4.0,36.0
952,1,right_lane,adaptive,True,0.05,40,0,21.018957345971565,0.6666666666666666,9.666666666666666,4.286630462855101,59.666666666666664,40.0,19.666666666666664,18.0,1.0,0,0,40,0,0.0,0.0,2.0,38.0
953,1,right_lane,adaptive,True,0.05,40,0,21.018951646668775,3.0,8.999999999999998,6.770879930816591,58.50000000000001,40.0,18.500000000000004,18.0,1.0,0,0,38,2,1.0,1.0,7.0,31.0
954,1,right_lane,adaptive,True,0.05,40,0,20.268957345971565,0.0,11.333333333333336,4.094921033829451,60.0,40.0,20.0,18.0,1.0,0,0,40,0,0.0,0.0,1.0,39.0
955,1,right_lane,adaptive,True,0.05,40,0,21.018956694084682,2.333333333333333,9.333333333333332,6.277860723435879,58.83333333333333,40.0,18.833333333333336,18.0,1.0,0,0,40,0,1.0,1.0,5.0,33.0
956,1,right_lane,adaptive,True,0.05,40,0,20.518957345971565,1.6666666666666665,6.666666666666664,5.004013992846012,59.166666666666664,40.0,19.166666666666664,18.0,1.0,0,0,40,0,1.0,1.0,3.0,35.0
957,1,right_lane,adaptive,True,0.05,40,0,20.768957345971565,40.0,0.0,39.89597541093826,40.5,40.0,0.5,18.0,1.0,0,0,40,0,40.0,0.0,0.0,0.0
958,1,right_lane,adaptive,True,0.05,40,0,22.143957345971565,3.3333333333333335,7.666666666666665,6.375145220197737,57.83333333333334,40.0,17.833333333333332,18.0,1.0,0,0,38,2,0.0,0.0,11.0,29.0
959,1,right_lane,adaptive,True,0.05,40,0,23.643957345971565,8.33333333333333,4.999999999999999,10.640699306910392,55.83333333333334,40.0,15.833333333333336,18.0,1.0,0,0,35,5,3.0,3.0,12.0,22.0
960,1,right_lane,adaptive,True,0.05,40,0,21.141789654732086,3.0,8.999999999999998,6.485758105933201,58.5,40.0,18.5,18.0,1.0,0,0,38,2,1.0,1.0,7.0,31.0
961,1,right_lane,adaptive,True,0.05,40,0,21.643957345971554,1.3333333333333333,10.0,5.1664079808979295,59.333333333333336,40.0,19.333333333333336,18.0,1.0,0,0,38,2,1.0,1.0,2.0,36.0
962,1,right_lane,adaptive,True,0.05,40,0,20.393957345971565,0.6666666666666666,10.666666666666668,4.469889527186751,59.666666666666664,40.0,19.666666666666664,18.0,1.0,0,0,40,0,0.0,0.0,2.0,38.0
963,1,right_lane,adaptive,True,0.05,40,0,20.268957345971565,0.3333333333333333,4.666666666666666,3.1560892648994923,59.83333333333333,40.0,19.833333333333332,18.0,1.0,0,0,40,0,0.0,0.0,1.0,39.0
964,1,right_lane,adaptive,True,0.05,40,0,20.518957345971565,0.3333333333333333,11.66666666666667,4.677597492933273,59.83333333333333,40.0,19.833333333333332,18.0,1.0,0,0,40,0,0.0,1.0,1.0,38.0
965,1,right_lane,adaptive,True,0.05,40,0,20.51895239570556,5.333333333333332,11.000000000000002,9.478651344776154,57.33333333333335,40.0,17.333333333333336,18.0,1.0,0,0,40,0,0.0,4.0,10.0,26.0
966,1,right_lane,adaptive,True,0.05,40,0,21.018957345971565,0.0,4.666666666666666,2.035931970895035,60.0,40.0,20.0,18.0,1.0,0,0,19,21,0.0,0.0,1.0,39.0
967,1,right_lane,adaptive,True,0.05,40,0,21.518586154105154,5.999999999999998,1.9999999999999998,7.139478912577033,57.000000000000014,40.0,17.000000000000007,18.0,1.0,0,0,35,5,0.0,1.0,18.0,21.0
968,1,right_lane,adaptive,True,0.05,40,0,20.893957345971565,3.666666666666667,6.333333333333331,6.705137553931763,58.16666666666667,40.0,18.16666666666667,18.0,1.0,0,0,30,10,1.0,1.0,9.0,29.0
969,1,right_lane,adaptive,True,0.05,4,1,28.560859461281616,2.3333333333333335,0.6666666666666667,2.8229329586029053,5.000000000000001,4.0,0.9999999999999999,18.0,1.0,0,0,4,0,0.0,4.0,0.0,0.0
970,1,right_lane,adaptive,True,0.05,40,0,22.518623659342445,1.9999999999999998,3.666666666666667,4.655616451520473,58.833333333333336,40.0,18.833333333333332,18.0,1.0,0,0,36,4,0.0,1.0,6.0,33.0
971,1,right_lane,adaptive,True,0.05,40,0,22.51895239570556,0.6666666666666666,7.33333333333333,3.3021798322070026,59.666666666666664,40.0,19.666666666666668,18.0,1.0,0,0,29,11,0.0,0.0,3.0,37.0
972,1,right_lane,adaptive,True,0.05,40,0,24.266132155967505,18.666666666666668,7.666666666666663,21.90981777012348,50.66666666666665,40.0,10.666666666666663,18.0,1.0,0,0,40,0,9.0,8.0,16.0,7.0
973,1,right_lane,adaptive,True,0.05,40,0,24.518957345971565,9.666666666666668,7.33333333333333,12.323044942691922,55.166666666666664,40.0,15.166666666666666,18.0,1.0,0,0,38,2,5.0,7.0,2.0,26.0
974,1,right_lane,adaptive,True,0.05,40,0,23.1439140555863,12.333333333333341,5.999999999999998,15.357237286865711,53.83333333333334,40.0,13.833333333333336,18.0,1.0,0,0,40,0,5.0,5.0,14.0,16.0
975,1,right_lane,adaptive,True,0.05,40,0,25.01895734403525,21.33333333333334,2.6666666666666674,22.88008514017565,49.66666666666664,40.0,9.66666666666666,18.0,1.0,0,0,31,9,8.0,18.0,4.0,10.0
976,1,right_lane,adaptive,True,0.05,40,0,21.37749644062177,1.0,7.666666666666663,3.2996387982275337,59.33333333333333,40.0,19.333333333333332,18.0,1.0,0,0,36,4,0.0,0.0,2.0,38.0
977,1,right_lane,adaptive,True,0.05,40,0,21.87500000022577,5.666666666666666,8.666666666666664,7.837351977825165,57.49999999999999,40.0,17.5,18.0,1.0,0,0,40,0,2.0,1.0,6.0,31.0
978,1,right_lane,adaptive,True,0.05,40,0,20.393957345971565,4.0,13.000000000000009,7.527815289795399,57.5,40.0,17.5,18.0,1.0,0,0,40,0,0.0,0.0,12.0,28.0
979,1,right_lane,adaptive,True,0.05,40,0,20.268957345971565,21.666666666666668,7.666666666666665,26.106111280620098,49.16666666666667,40.0,9.166666666666668,18.0,1.0,0,0,40,0,1.0,32.0,1.0,6.0
980,1,right_lane,adaptive,True,0.05,40,0,21.75249644062177,5.333333333333332,9.666666666666666,8.444506213068962,57.50000000000001,40.0,17.5,18.0,1.0,0,0,40,0,0.0,5.0,7.0,28.0
981,1,right_lane,adaptive,True,0.05,40,0,21.643957345971565,3.666666666666667,7.33333333333333,6.439061404205859,58.00000000000001,40.0,18.0,18.0,1.0,0,0,38,2,0.0,0.0,12.0,28.0
982,1,right_lane,adaptive,True,0.05,40,0,20.393957345971565,4.666666666666666,12.333333333333334,8.739344701170921,57.66666666666668,40.0,17.66666666666667,18.0,1.0,0,0,40,0,0.0,0.0,15.0,25.0
983,1,right_lane,adaptive,True,0.05,40,0,21.268957345971565,0.6666666666666666,1.9999999999999998,1.6452250846195966,59.666666666666664,40.0,19.666666666666664,18.0,1.0,0,0,15,25,0.0,0.0,2.0,38.0
984,1,right_lane,adaptive,True,0.05,40,0,21.018957345971565,0.0,0.6666666666666666,1.7399390015052631,60.0,40.0,20.0,18.0,1.0,0,0,21,19,0.0,0.0,1.0,39.0
985,1,right_lane,adaptive,True,0.05,40,0,22.518956509375194,0.3333333333333333,6.333333333333331,3.1116478259209543,59.83333333333333,40.0,19.833333333333332,18.0,1.0,0,0,34,6,0.0,0.0,2.0,38.0
986,1,right_lane,adaptive,True,0.05,40,0,20.393957345971565,1.9999999999999998,11.66666666666667,6.1136108338832855,58.99999999999999,40.0,19.0,18.0,1.0,0,0,40,0,0.0,0.0,7.0,33.0
987,1,right_lane,adaptive,True,0.05,40,0,22.018957345971565,24.666666666666675,0.6666666666666667,26.830990985035896,47.99999999999998,40.0,8.000000000000005,18.0,1.0,0,0,40,0,1.0,34.0,4.0,1.0
988,1,right_lane,adaptive,True,0.05,40,0,20.643957345942347,4.0,7.9999999999999964,7.810120739042759,57.66666666666668,40.0,17.666666666666668,18.0,1.0,0,0,40,0,0.0,1.0,12.0,27.0
989,1,right_lane,adaptive,True,0.05,40,0,21.893957345971565,1.6666666666666665,5.333333333333332,4.687568037294113,59.16666666666667,40.0,19.166666666666668,18.0,1.0,0,0,36,4,0.0,1.0,5.0,34.0
990,1,right_lane,adaptive,True,0.05,40,0,22.268957332952457,4.333333333333333,9.333333333333332,7.476935900747776,57.833333333333336,40.0,17.833333333333336,18.0,1.0,0,0,40,0,0.0,3.0,7.0,30.0
991,1,right_lane,adaptive,True,0.05,40,0,21.643957345971486,0.6666666666666666,5.333333333333332,3.948750720359385,59.666666666666664,40.0,19.666666666666664,18.0,1.0,0,0,39,1,0.0,1.0,2.0,37.0
992,1,right_lane,adaptive,True,0.05,40,0,20.768957345971565,0.3333333333333333,6.666666666666664,3.666100088506937,59.83333333333333,40.0,19.833333333333332,18.0,1.0,0,0,40,0,0.0,1.0,1.0,38.0
993,1,right_lane,adaptive,True,0.05,40,0,21.39395734597155,4.333333333333333,9.333333333333336,7.047987366095185,57.833333333333336,40.0,17.833333333333336,18.0,1.0,0,0,38,2,0.0,3.0,7.0,30.0
994,1,right_lane,adaptive,True,0.05,40,0,20.893957345971565,1.6666666666666665,11.66666666666667,5.011506088078022,59.166666666666664,40.0,19.166666666666664,18.0,1.0,0,0,40,0,0.0,0.0,6.0,34.0
995,1,right_lane,adaptive,True,0.05,40,0,20.268957345971565,1.0,4.0,3.792436297982931,59.5,40.0,19.5,18.0,1.0,0,0,40,0,0.0,0.0,3.0,37.0
996,1,right_lane,adaptive,True,0.05,40,0,21.018957345971565,2.6666666666666665,9.333333333333332,5.823390759999711,58.66666666666666,40.0,18.666666666666668,18.0,1.0,0,0,34,6,1.0,1.0,6.0,32.0
997,1,right_lane,adaptive,True,0.05,40,0,21.518957345971565,1.6666666666666665,8.999999999999998,5.135861000085583,59.166666666666664,40.0,19.166666666666668,18.0,1.0,0,0,39,1,0.0,0.0,5.0,35.0
998,1,right_lane,adaptive,True,0.05,40,0,21.518671888689,4.666666666666666,4.0,6.804652831866406,57.66666666666668,40.0,17.66666666666667,18.0,1.0,0,0,38,2,0.0,0.0,15.0,25.0
999,1,right_lane,adaptive,True,0.05,40,0,20.768957345971565,1.3333333333333333,6.333333333333331,4.634235609322786,59.33333333333333,40.0,19.333333333333332,18.0,1.0,0,0,40,0,0.0,0.0,5.0,35.0
