episode_id,policy_freq,profile,method,value,episode_length,collision,mean_speed,lane_0_time,lane_1_time,lane_2_time,lane_3_time,speed_violation_count,tailgating_violation_count,braking_violation_count,lane_keeping_violation_count,lane_change_tailgating_violation_count,lane_change_braking_violation_count,collision_violation_count,lane_change_collision_violation_count,total_cost,total_avoided_cost,total_reward,unsafe_frames,unsafe_slow_count,unsafe_lane_left_count,unsafe_lane_right_count,unsafe_faster_count,unsafe_idle_count,unsafe_ttc_frames,unsafe_ttc_slow_count,unsafe_ttc_lane_left_count,unsafe_ttc_lane_right_count,unsafe_ttc_faster_count,unsafe_ttc_idle_count,mean_iterations_to_converge,convergence_rate,outcome_unchanged_count,outcome_naively_augmented_count,outcome_scps_augmented_count,outcome_projection_count
0,1,cautious,nop,nan,9,1,27.869371887462915,9.0,0.0,0.0,0.0,6,1,3,9,0,0,2,0,19.0,0.0,1.8329738794866488,2,1,0,0,1,0,4,2,0,0,2,0,nan,0.0,0,0,0,0
1,1,cautious,nop,nan,30,0,29.798981664924852,18.0,5.0,7.0,0.0,30,0,2,22,1,0,0,0,55.0,0.0,11.758777997909814,1,0,0,1,0,0,4,0,0,2,1,1,nan,0.0,0,0,0,0
2,1,cautious,nop,nan,30,0,29.798981664924852,6.0,11.0,3.0,10.0,30,0,5,17,1,1,0,0,54.0,0.0,11.758777997909814,2,0,2,0,0,0,10,0,3,3,2,2,nan,0.0,0,0,0,0
3,1,cautious,nop,nan,30,0,29.46564833159152,9.0,12.0,9.0,0.0,28,0,2,21,0,0,0,0,51.0,0.0,11.358777997909826,0,0,0,0,0,0,9,1,3,3,1,1,nan,0.0,0,0,0,0
4,1,cautious,nop,nan,30,0,29.798981664924852,0.0,5.0,18.0,7.0,30,0,2,5,1,0,0,0,38.0,0.0,11.758777997909814,2,0,1,1,0,0,7,0,2,3,2,0,nan,0.0,0,0,0,0
5,1,cautious,nop,nan,30,0,29.798981664924852,9.0,14.0,3.0,4.0,30,0,2,23,1,2,0,1,58.0,0.0,11.758777997909814,2,0,0,2,0,0,8,0,3,3,2,0,nan,0.0,0,0,0,0
6,1,cautious,nop,nan,30,0,29.465676771291342,14.0,8.0,4.0,4.0,28,0,7,22,0,1,0,0,58.0,0.0,11.35881212554961,4,1,2,1,0,0,12,1,3,3,4,1,nan,0.0,0,0,0,0
7,1,cautious,nop,nan,30,0,28.7008176108607,1.0,11.0,8.0,10.0,25,0,1,13,2,4,1,2,45.0,0.0,10.440981133032833,5,5,0,0,0,0,6,2,2,2,0,0,nan,0.0,0,0,0,0
8,1,cautious,nop,nan,30,0,29.798981664924852,12.0,15.0,3.0,0.0,30,0,3,27,1,0,0,0,61.0,0.0,11.758777997909814,3,0,1,2,0,0,7,0,2,2,0,3,nan,0.0,0,0,0,0
9,1,cautious,nop,nan,30,0,29.798981664924852,6.0,14.0,6.0,4.0,30,0,4,20,0,0,0,0,54.0,0.0,11.758777997909814,3,0,0,3,0,0,8,0,2,3,1,2,nan,0.0,0,0,0,0
10,1,cautious,nop,nan,30,0,29.798981664924852,5.0,4.0,5.0,16.0,30,0,1,9,2,2,0,2,44.0,0.0,11.758777997909814,1,0,1,0,0,0,3,0,2,0,0,1,nan,0.0,0,0,0,0
11,1,cautious,nop,nan,23,1,29.737802171641114,2.0,6.0,7.0,8.0,23,2,5,8,2,1,1,0,41.0,0.0,7.958777997909824,4,0,1,1,1,1,9,0,2,2,3,2,nan,0.0,0,0,0,0
12,1,cautious,nop,nan,11,1,29.451768179057538,4.0,3.0,2.0,2.0,11,0,2,6,1,1,0,1,21.0,0.0,3.1587779987853164,2,0,2,0,0,0,5,0,2,3,0,0,nan,0.0,0,0,0,0
13,1,cautious,nop,nan,30,0,29.798981664924852,0.0,5.0,12.0,13.0,30,0,2,5,1,0,0,0,38.0,0.0,11.758777997909814,1,0,1,0,0,0,5,0,3,1,0,1,nan,0.0,0,0,0,0
14,1,cautious,nop,nan,30,0,29.798981664924852,0.0,5.0,6.0,19.0,30,0,1,6,2,2,0,2,41.0,0.0,11.758777997909814,0,0,0,0,0,0,4,0,3,0,1,0,nan,0.0,0,0,0,0
15,1,cautious,nop,nan,30,0,29.798981664924852,9.0,10.0,11.0,0.0,30,0,3,19,4,1,0,1,57.0,0.0,11.758777997909814,1,0,0,1,0,0,8,0,3,2,1,2,nan,0.0,0,0,0,0
16,1,cautious,nop,nan,30,0,29.798981664924852,0.0,9.0,6.0,15.0,30,0,2,8,0,0,0,0,40.0,0.0,11.758777997909814,2,0,1,1,0,0,6,0,1,3,2,0,nan,0.0,0,0,0,0
17,1,cautious,nop,nan,16,1,29.623090621734303,9.0,7.0,0.0,0.0,15,1,4,16,1,0,1,0,37.0,0.0,5.158777997909955,3,1,0,1,1,0,6,1,1,1,2,1,nan,0.0,0,0,0,0
18,1,cautious,nop,nan,30,0,29.798981664924852,5.0,18.0,3.0,4.0,30,1,2,23,1,0,0,0,57.0,0.0,11.758777997909814,2,0,1,0,0,1,4,0,2,0,0,2,nan,0.0,0,0,0,0
19,1,cautious,nop,nan,30,0,29.798981664924852,0.0,1.0,9.0,20.0,30,1,2,2,4,3,0,2,42.0,0.0,11.758777997909814,2,0,1,0,1,0,6,0,4,1,0,1,nan,0.0,0,0,0,0
20,1,cautious,nop,nan,30,0,29.798981664924852,4.0,17.0,4.0,5.0,30,0,3,21,0,0,0,0,54.0,0.0,11.758777997909814,1,0,0,1,0,0,7,0,3,1,0,3,nan,0.0,0,0,0,0
21,1,cautious,nop,nan,8,1,29.24618179170004,8.0,0.0,0.0,0.0,7,0,3,8,0,0,1,0,18.0,0.0,1.9587781733440126,1,1,0,0,0,0,3,1,1,0,0,1,nan,0.0,0,0,0,0
22,1,cautious,nop,nan,30,0,29.798981664924852,25.0,2.0,3.0,0.0,30,0,0,27,1,0,0,0,58.0,0.0,11.758777997909814,0,0,0,0,0,0,1,0,0,1,0,0,nan,0.0,0,0,0,0
23,1,cautious,nop,nan,30,0,29.465676771291342,0.0,0.0,25.0,5.0,28,0,2,0,0,0,0,0,30.0,0.0,11.35881212554961,3,1,1,1,0,0,5,1,1,1,1,1,nan,0.0,0,0,0,0
24,1,cautious,nop,nan,30,0,29.798981664924852,0.0,3.0,13.0,14.0,30,0,0,3,0,1,0,0,34.0,0.0,11.758777997909814,1,0,0,1,0,0,3,0,1,2,0,0,nan,0.0,0,0,0,0
25,1,cautious,nop,nan,30,0,29.798981664924852,0.0,10.0,12.0,8.0,30,0,6,10,0,0,0,0,46.0,0.0,11.758777997909814,2,0,1,1,0,0,12,0,3,3,4,2,nan,0.0,0,0,0,0
26,1,cautious,nop,nan,30,0,29.798981664924852,16.0,10.0,1.0,3.0,30,0,5,27,0,0,0,0,62.0,0.0,11.758777997909814,4,0,2,2,0,0,11,0,5,2,2,2,nan,0.0,0,0,0,0
27,1,cautious,nop,nan,30,0,29.798981664924852,0.0,9.0,15.0,6.0,30,0,3,9,2,0,0,0,44.0,0.0,11.758777997909814,3,0,1,2,0,0,7,0,3,2,0,2,nan,0.0,0,0,0,0
28,1,cautious,nop,nan,30,0,29.798981664924852,2.0,9.0,10.0,9.0,30,0,3,12,1,1,0,0,47.0,0.0,11.758777997909814,2,0,1,1,0,0,9,0,3,3,2,1,nan,0.0,0,0,0,0
29,1,cautious,nop,nan,30,0,29.798981664924852,4.0,21.0,5.0,0.0,30,0,2,25,3,1,0,1,61.0,0.0,11.758777997909814,1,0,1,0,0,0,5,0,2,1,0,2,nan,0.0,0,0,0,0
30,1,cautious,nop,nan,30,0,29.798981664924852,0.0,1.0,8.0,21.0,30,0,0,1,2,1,0,1,34.0,0.0,11.758777997909814,0,0,0,0,0,0,3,0,1,2,0,0,nan,0.0,0,0,0,0
31,1,cautious,nop,nan,30,0,29.465653191601618,15.0,15.0,0.0,0.0,28,0,4,30,1,0,1,0,63.0,0.0,11.358783829921938,2,1,0,1,0,0,6,1,0,2,2,1,nan,0.0,0,0,0,0
32,1,cautious,nop,nan,14,1,29.569246424846778,14.0,0.0,0.0,0.0,14,1,2,14,0,0,0,0,31.0,0.0,4.3587779979141965,2,0,1,1,0,0,3,0,1,1,1,0,nan,0.0,0,0,0,0
33,1,cautious,nop,nan,23,1,29.737802171641114,5.0,14.0,1.0,3.0,23,2,4,18,1,2,1,1,50.0,0.0,7.958777997909824,3,0,1,1,1,0,7,0,1,3,2,1,nan,0.0,0,0,0,0
34,1,cautious,nop,nan,30,0,29.798981664924852,9.0,17.0,4.0,0.0,30,0,4,27,1,1,0,1,63.0,0.0,11.758777997909814,2,0,2,0,0,0,9,0,3,2,2,2,nan,0.0,0,0,0,0
35,1,cautious,nop,nan,30,0,29.798981664924852,7.0,6.0,17.0,0.0,30,2,7,14,1,1,1,0,55.0,0.0,11.758777997909814,5,0,2,1,2,0,13,0,4,3,4,2,nan,0.0,0,0,0,0
36,1,cautious,nop,nan,30,0,29.798981664924852,6.0,11.0,13.0,0.0,30,1,4,18,1,0,0,0,54.0,0.0,11.758777997909814,2,0,1,0,0,1,10,0,3,3,0,4,nan,0.0,0,0,0,0
37,1,cautious,nop,nan,3,1,27.99984829440037,3.0,0.0,0.0,0.0,3,2,2,3,0,0,0,0,10.0,0.0,-0.040018204671955604,3,0,1,1,1,0,2,0,1,1,0,0,nan,0.0,0,0,0,0
38,1,cautious,nop,nan,30,0,29.798981664924852,3.0,7.0,12.0,8.0,30,0,2,11,1,1,0,0,45.0,0.0,11.758777997909814,2,0,2,0,0,0,7,0,3,2,1,1,nan,0.0,0,0,0,0
39,1,cautious,nop,nan,30,0,29.798981664924852,0.0,10.0,20.0,0.0,30,1,5,11,1,1,0,1,49.0,0.0,11.758777997909814,2,0,1,0,1,0,10,0,3,2,1,4,nan,0.0,0,0,0,0
40,1,cautious,nop,nan,30,0,29.798981664924852,5.0,12.0,4.0,9.0,30,0,3,18,1,0,0,0,52.0,0.0,11.758777997909814,1,0,1,0,0,0,7,0,3,1,2,1,nan,0.0,0,0,0,0
41,1,cautious,nop,nan,18,1,29.66496944154143,9.0,4.0,3.0,2.0,18,0,3,13,0,1,0,0,35.0,0.0,5.958777997909832,3,0,0,3,0,0,7,0,1,3,0,3,nan,0.0,0,0,0,0
42,1,cautious,nop,nan,16,1,29.623090621734303,10.0,2.0,2.0,2.0,16,1,4,11,0,1,1,0,33.0,0.0,5.158777997909955,2,0,0,2,0,0,7,0,0,5,1,1,nan,0.0,0,0,0,0
43,1,cautious,nop,nan,30,0,29.798981664924852,0.0,15.0,9.0,6.0,30,0,4,15,2,1,0,1,52.0,0.0,11.758777997909814,2,0,1,1,0,0,9,0,2,3,3,1,nan,0.0,0,0,0,0
44,1,cautious,nop,nan,30,0,29.798981664924852,8.0,22.0,0.0,0.0,30,0,1,30,1,1,0,0,63.0,0.0,11.758777997909814,1,0,0,1,0,0,5,0,2,2,0,1,nan,0.0,0,0,0,0
45,1,cautious,nop,nan,30,0,29.798981664924852,10.0,20.0,0.0,0.0,30,0,1,30,2,1,0,1,64.0,0.0,11.758777997909814,1,0,1,0,0,0,4,0,1,2,1,0,nan,0.0,0,0,0,0
46,1,cautious,nop,nan,30,0,29.798981664924852,10.0,12.0,8.0,0.0,30,0,3,21,1,0,0,0,55.0,0.0,11.758777997909814,2,0,2,0,0,0,8,0,3,3,0,2,nan,0.0,0,0,0,0
47,1,cautious,nop,nan,2,1,27.072779413434652,2.0,0.0,0.0,0.0,2,1,2,2,0,0,1,0,7.0,0.0,-0.43417764692522787,1,0,1,0,0,0,1,0,1,0,0,0,nan,0.0,0,0,0,0
48,1,cautious,nop,nan,30,0,29.798981664924852,15.0,5.0,7.0,3.0,30,0,2,19,0,0,0,0,51.0,0.0,11.758777997909814,2,0,0,2,0,0,6,0,1,3,1,1,nan,0.0,0,0,0,0
49,1,cautious,nop,nan,30,0,29.798981664924852,0.0,8.0,18.0,4.0,30,0,2,8,1,0,0,0,41.0,0.0,11.758777997909814,2,0,2,0,0,0,5,0,2,1,0,2,nan,0.0,0,0,0,0
50,1,cautious,nop,nan,30,0,29.798981664924852,4.0,8.0,2.0,16.0,30,0,1,12,1,0,0,0,44.0,0.0,11.758777997909814,1,0,0,1,0,0,3,0,1,1,1,0,nan,0.0,0,0,0,0
51,1,cautious,nop,nan,30,0,29.798981664924852,8.0,13.0,7.0,2.0,30,1,5,22,1,2,0,1,61.0,0.0,11.758777997909814,4,0,2,1,1,0,12,0,5,3,2,2,nan,0.0,0,0,0,0
52,1,cautious,nop,nan,30,0,29.798981664924852,21.0,5.0,4.0,0.0,30,0,2,26,0,0,0,0,58.0,0.0,11.758777997909814,2,0,1,1,0,0,6,0,2,3,0,1,nan,0.0,0,0,0,0
53,1,cautious,nop,nan,30,0,29.660796370695877,5.0,9.0,8.0,8.0,28,0,5,14,1,0,0,0,48.0,0.0,11.592955644835042,1,0,0,1,0,0,11,1,4,2,1,3,nan,0.0,0,0,0,0
54,1,cautious,nop,nan,30,0,29.798981664924852,6.0,2.0,3.0,19.0,30,0,3,9,1,0,0,0,43.0,0.0,11.758777997909814,2,0,1,1,0,0,5,0,2,2,0,1,nan,0.0,0,0,0,0
55,1,cautious,nop,nan,5,1,28.794065760757547,5.0,0.0,0.0,0.0,5,1,3,5,0,0,1,0,14.0,0.0,0.75881315215151,1,0,1,0,0,0,3,0,1,0,2,0,nan,0.0,0,0,0,0
56,1,cautious,nop,nan,30,0,29.798981664924852,7.0,7.0,10.0,6.0,30,0,1,13,1,0,0,0,45.0,0.0,11.758777997909814,1,0,1,0,0,0,5,0,2,2,1,0,nan,0.0,0,0,0,0
57,1,cautious,nop,nan,30,0,29.798981664924852,0.0,4.0,16.0,10.0,30,0,3,4,2,0,0,0,39.0,0.0,11.758777997909814,0,0,0,0,0,0,9,0,3,3,0,3,nan,0.0,0,0,0,0
58,1,cautious,nop,nan,30,0,29.798981664924852,9.0,15.0,4.0,2.0,30,0,3,25,2,2,0,0,62.0,0.0,11.758777997909814,5,0,3,2,0,0,11,0,6,3,2,0,nan,0.0,0,0,0,0
59,1,cautious,nop,nan,30,0,29.798981664924852,4.0,15.0,11.0,0.0,30,0,2,19,1,0,0,0,52.0,0.0,11.758777997909814,2,0,1,1,0,0,5,0,2,1,1,1,nan,0.0,0,0,0,0
60,1,cautious,nop,nan,30,0,29.29898166492488,6.0,14.0,6.0,4.0,27,1,4,20,3,1,0,0,56.0,0.0,11.15877799790985,3,0,1,1,0,1,10,1,3,4,0,2,nan,0.0,0,0,0,0
61,1,cautious,nop,nan,30,0,29.798981664924852,3.0,19.0,5.0,3.0,30,0,0,21,1,1,0,1,53.0,0.0,11.758777997909814,0,0,0,0,0,0,3,0,1,2,0,0,nan,0.0,0,0,0,0
62,1,cautious,nop,nan,30,0,29.798981664924852,13.0,16.0,1.0,0.0,30,0,3,28,0,0,0,0,61.0,0.0,11.758777997909814,3,0,1,2,0,0,7,0,2,3,2,0,nan,0.0,0,0,0,0
63,1,cautious,nop,nan,30,0,29.465653191601618,12.0,7.0,5.0,6.0,28,0,4,18,1,1,0,1,52.0,0.0,11.358783829921938,3,1,0,2,0,0,6,1,0,2,0,3,nan,0.0,0,0,0,0
64,1,cautious,nop,nan,30,0,29.798981664924852,13.0,9.0,4.0,4.0,30,0,2,23,0,0,0,0,55.0,0.0,11.758777997909814,1,0,1,0,0,0,5,0,2,1,0,2,nan,0.0,0,0,0,0
65,1,cautious,nop,nan,30,0,29.798981664924852,8.0,14.0,8.0,0.0,30,0,1,23,0,0,0,0,54.0,0.0,11.758777997909814,1,0,1,0,0,0,4,0,2,2,0,0,nan,0.0,0,0,0,0
66,1,cautious,nop,nan,30,0,29.798981664924852,13.0,6.0,8.0,3.0,30,0,3,18,1,1,0,0,53.0,0.0,11.758777997909814,1,0,1,0,0,0,7,0,2,3,1,1,nan,0.0,0,0,0,0
67,1,cautious,nop,nan,30,0,29.798981664924852,0.0,17.0,8.0,5.0,30,0,1,17,2,1,0,1,51.0,0.0,11.758777997909814,0,0,0,0,0,0,5,0,1,3,0,1,nan,0.0,0,0,0,0
68,1,cautious,nop,nan,30,0,29.798981664924852,5.0,16.0,6.0,3.0,30,0,3,20,0,0,0,0,53.0,0.0,11.758777997909814,2,0,0,2,0,0,5,0,0,2,0,3,nan,0.0,0,0,0,0
69,1,cautious,nop,nan,30,0,29.798981664924852,7.0,15.0,2.0,6.0,30,0,2,22,1,0,0,0,55.0,0.0,11.758777997909814,1,0,1,0,0,0,7,0,3,2,1,1,nan,0.0,0,0,0,0
70,1,cautious,nop,nan,30,0,28.965648331591527,19.0,4.0,3.0,4.0,26,1,3,22,2,1,0,0,55.0,0.0,10.758777997909831,4,2,0,1,1,0,7,2,1,3,0,1,nan,0.0,0,0,0,0
71,1,cautious,nop,nan,30,0,29.798981664924852,7.0,8.0,15.0,0.0,30,0,6,14,1,0,0,0,51.0,0.0,11.758777997909814,3,0,1,2,0,0,10,0,2,3,2,3,nan,0.0,0,0,0,0
72,1,cautious,nop,nan,30,0,29.798981664924852,8.0,3.0,11.0,8.0,30,0,1,12,1,0,0,0,44.0,0.0,11.758777997909814,1,0,0,1,0,0,4,0,1,2,0,1,nan,0.0,0,0,0,0
73,1,cautious,nop,nan,30,0,29.798981664924852,8.0,9.0,2.0,11.0,30,0,4,18,2,1,0,0,55.0,0.0,11.758777997909814,3,0,2,1,0,0,9,0,4,1,2,2,nan,0.0,0,0,0,0
74,1,cautious,nop,nan,30,0,29.798981664924852,5.0,16.0,6.0,3.0,30,0,2,20,2,5,0,2,59.0,0.0,11.758777997909814,1,0,1,0,0,0,8,0,3,4,0,1,nan,0.0,0,0,0,0
75,1,cautious,nop,nan,30,0,28.465648331592256,15.0,2.0,4.0,9.0,25,0,2,17,2,0,0,0,46.0,0.0,10.1587779979107,3,1,0,2,0,0,5,2,1,1,0,1,nan,0.0,0,0,0,0
76,1,cautious,nop,nan,30,0,29.798981664924852,3.0,4.0,7.0,16.0,30,0,1,7,1,1,0,1,40.0,0.0,11.758777997909814,1,0,1,0,0,0,5,0,2,3,0,0,nan,0.0,0,0,0,0
77,1,cautious,nop,nan,22,1,29.725884088533892,4.0,7.0,5.0,6.0,22,1,7,12,0,0,1,0,42.0,0.0,7.558777997909825,3,0,3,0,0,0,11,0,4,1,1,5,nan,0.0,0,0,0,0
78,1,cautious,nop,nan,30,0,29.798981664924852,11.0,2.0,10.0,7.0,30,0,3,13,1,0,0,0,47.0,0.0,11.758777997909814,1,0,0,1,0,0,6,0,2,1,1,2,nan,0.0,0,0,0,0
79,1,cautious,nop,nan,30,0,29.798981664924852,9.0,8.0,7.0,6.0,30,0,3,16,0,2,0,0,51.0,0.0,11.758777997909814,2,0,0,2,0,0,10,0,2,5,1,2,nan,0.0,0,0,0,0
80,1,cautious,nop,nan,30,0,29.798981664924852,1.0,1.0,7.0,21.0,30,0,2,3,0,1,0,0,36.0,0.0,11.758777997909814,3,0,3,0,0,0,5,0,3,0,1,1,nan,0.0,0,0,0,0
81,1,cautious,nop,nan,30,0,29.798981664924852,2.0,2.0,19.0,7.0,29,0,3,4,1,2,0,0,39.0,0.0,11.758777997909814,3,0,2,1,0,0,8,1,2,2,2,1,nan,0.0,0,0,0,0
82,1,cautious,nop,nan,30,0,29.798981664924852,8.0,7.0,9.0,6.0,30,0,3,15,2,1,0,1,51.0,0.0,11.758777997909814,2,0,1,1,0,0,8,0,3,3,1,1,nan,0.0,0,0,0,0
83,1,cautious,nop,nan,30,0,29.798981664924852,4.0,16.0,6.0,4.0,30,0,2,19,1,1,0,0,53.0,0.0,11.758777997909814,3,0,0,3,0,0,7,0,2,4,0,1,nan,0.0,0,0,0,0
84,1,cautious,nop,nan,30,0,29.798981664924852,10.0,14.0,6.0,0.0,30,1,6,25,0,0,0,0,62.0,0.0,11.758777997909814,4,0,2,1,1,0,10,0,3,2,3,2,nan,0.0,0,0,0,0
85,1,cautious,nop,nan,30,0,29.798981664924852,3.0,14.0,10.0,3.0,30,0,4,17,1,1,0,0,53.0,0.0,11.758777997909814,2,0,1,1,0,0,7,0,2,2,3,0,nan,0.0,0,0,0,0
86,1,cautious,nop,nan,30,0,29.798981664924852,4.0,17.0,7.0,2.0,30,1,4,21,0,2,0,0,58.0,0.0,11.758777997909814,5,0,2,2,0,1,8,0,3,2,2,1,nan,0.0,0,0,0,0
87,1,cautious,nop,nan,30,0,29.632314998258188,1.0,12.0,11.0,6.0,29,0,2,13,0,0,0,0,44.0,0.0,11.558777997909814,0,0,0,0,0,0,9,0,3,4,0,2,nan,0.0,0,0,0,0
88,1,cautious,nop,nan,30,0,29.798981664924852,8.0,10.0,6.0,6.0,30,1,3,19,0,0,0,0,53.0,0.0,11.758777997909814,3,0,2,0,1,0,9,0,6,2,0,1,nan,0.0,0,0,0,0
89,1,cautious,nop,nan,16,1,29.363993195054974,16.0,0.0,0.0,0.0,14,0,3,16,0,0,2,0,33.0,0.0,4.992955644835183,2,2,0,0,0,0,4,2,1,0,1,0,nan,0.0,0,0,0,0
90,1,cautious,nop,nan,3,1,27.99984829440037,1.0,2.0,0.0,0.0,3,0,1,3,0,0,0,0,7.0,0.0,-0.040018204671955604,2,0,1,1,0,0,2,0,1,1,0,0,nan,0.0,0,0,0,0
91,1,cautious,nop,nan,30,0,29.632315707564615,2.0,13.0,6.0,9.0,29,1,2,16,1,0,0,0,49.0,0.0,11.558778849077532,2,0,1,0,1,0,6,1,2,1,2,0,nan,0.0,0,0,0,0
92,1,cautious,nop,nan,11,1,29.451768179057538,9.0,2.0,0.0,0.0,10,1,4,11,0,1,1,0,27.0,0.0,3.1587779987853164,3,1,2,0,0,0,5,1,2,0,2,0,nan,0.0,0,0,0,0
93,1,cautious,nop,nan,30,0,29.798981664924852,0.0,3.0,9.0,18.0,30,0,6,3,1,0,0,0,40.0,0.0,11.758777997909814,3,0,3,0,0,0,13,0,3,4,4,2,nan,0.0,0,0,0,0
94,1,cautious,nop,nan,13,1,29.536111534491145,0.0,8.0,3.0,2.0,13,1,4,8,1,2,1,0,29.0,0.0,3.9587779979353943,3,0,1,2,0,0,6,0,1,3,1,1,nan,0.0,0,0,0,0
95,1,cautious,nop,nan,12,1,29.49745416262383,4.0,8.0,0.0,0.0,12,1,2,12,1,0,0,0,28.0,0.0,3.558777998059438,2,0,1,1,0,0,4,0,3,1,0,0,nan,0.0,0,0,0,0
96,1,cautious,nop,nan,30,0,29.798981664924852,17.0,6.0,7.0,0.0,30,0,2,23,1,1,0,0,57.0,0.0,11.758777997909814,1,0,1,0,0,0,5,0,4,1,0,0,nan,0.0,0,0,0,0
97,1,cautious,nop,nan,30,0,29.798981664924852,2.0,10.0,3.0,15.0,30,0,2,12,0,0,0,0,44.0,0.0,11.758777997909814,3,0,2,1,0,0,6,0,3,2,0,1,nan,0.0,0,0,0,0
98,1,cautious,nop,nan,15,1,28.93162950879987,0.0,0.0,11.0,4.0,13,1,4,0,0,0,1,0,18.0,0.0,4.35897770527992,2,0,0,1,1,0,6,1,0,2,2,1,nan,0.0,0,0,0,0
99,1,cautious,nop,nan,30,0,29.798981664924852,7.0,12.0,7.0,4.0,30,0,4,19,3,2,0,1,58.0,0.0,11.758777997909814,3,0,1,2,0,0,12,0,3,6,1,2,nan,0.0,0,0,0,0
100,1,cautious,nop,nan,27,1,29.776646294360948,12.0,5.0,3.0,7.0,26,2,6,17,1,1,1,0,53.0,0.0,9.558777997909818,5,1,0,2,2,0,11,1,3,3,3,1,nan,0.0,0,0,0,0
101,1,cautious,nop,nan,20,1,29.69847249738728,10.0,3.0,7.0,0.0,19,1,4,13,0,1,1,0,38.0,0.0,6.758777997909828,3,1,0,1,1,0,7,1,1,2,2,1,nan,0.0,0,0,0,0
102,1,cautious,nop,nan,19,1,29.682602628828715,7.0,6.0,6.0,0.0,19,1,3,14,0,0,0,0,37.0,0.0,6.3587779979098284,3,0,2,1,0,0,5,0,2,1,0,2,nan,0.0,0,0,0,0
103,1,cautious,nop,nan,3,1,25.0,1.0,1.0,1.0,0.0,0,0,0,1,1,0,0,0,2.0,0.0,-0.3999999999999999,2,0,0,2,0,0,2,0,0,2,0,0,nan,0.0,0,0,0,0
104,1,cautious,nop,nan,30,0,28.465648332445042,0.0,13.0,9.0,8.0,25,0,2,12,0,0,1,0,39.0,0.0,10.158777998934053,4,3,0,1,0,0,7,3,1,2,1,0,nan,0.0,0,0,0,0
105,1,cautious,nop,nan,30,0,29.798981664924852,15.0,5.0,7.0,3.0,30,0,2,19,1,1,0,1,53.0,0.0,11.758777997909814,1,0,1,0,0,0,7,0,1,5,0,1,nan,0.0,0,0,0,0
106,1,cautious,nop,nan,30,0,29.798981664924852,0.0,8.0,15.0,7.0,30,0,4,8,0,1,0,0,43.0,0.0,11.758777997909814,3,0,3,0,0,0,9,0,4,2,2,1,nan,0.0,0,0,0,0
107,1,cautious,nop,nan,17,1,29.645261761632128,17.0,0.0,0.0,0.0,16,1,4,17,0,0,1,0,38.0,0.0,5.55877799790985,2,1,0,0,1,0,4,1,0,0,1,2,nan,0.0,0,0,0,0
108,1,cautious,nop,nan,30,0,29.798981664924852,8.0,18.0,4.0,0.0,30,1,6,26,1,1,0,1,65.0,0.0,11.758777997909814,2,0,2,0,0,0,10,0,3,3,3,1,nan,0.0,0,0,0,0
109,1,cautious,nop,nan,11,1,29.451768179057538,3.0,8.0,0.0,0.0,11,2,4,11,1,1,1,0,30.0,0.0,3.1587779987853164,4,0,2,1,1,0,6,0,3,1,1,1,nan,0.0,0,0,0,0
110,1,cautious,nop,nan,30,0,29.798981664924852,20.0,3.0,3.0,4.0,30,0,2,22,2,0,0,0,56.0,0.0,11.758777997909814,1,0,0,1,0,0,4,0,1,2,0,1,nan,0.0,0,0,0,0
111,1,cautious,nop,nan,30,0,29.798981664924852,6.0,3.0,5.0,16.0,30,0,3,8,1,1,0,1,43.0,0.0,11.758777997909814,1,0,1,0,0,0,6,0,1,2,1,2,nan,0.0,0,0,0,0
112,1,cautious,nop,nan,23,1,29.737802171641114,9.0,9.0,2.0,3.0,23,1,3,17,2,1,0,1,47.0,0.0,7.958777997909824,2,0,1,0,0,1,9,0,2,4,1,2,nan,0.0,0,0,0,0
113,1,cautious,nop,nan,30,0,29.798981664924852,5.0,7.0,11.0,7.0,30,0,2,13,0,0,0,0,45.0,0.0,11.758777997909814,1,0,0,1,0,0,5,0,1,2,1,1,nan,0.0,0,0,0,0
114,1,cautious,nop,nan,30,0,29.798981664924852,9.0,9.0,12.0,0.0,30,1,4,19,2,1,0,0,57.0,0.0,11.758777997909814,3,0,0,2,0,1,9,0,4,2,0,3,nan,0.0,0,0,0,0
115,1,cautious,nop,nan,30,0,29.798981664924852,0.0,5.0,16.0,9.0,30,0,1,4,2,0,0,0,37.0,0.0,11.758777997909814,0,0,0,0,0,0,3,0,2,0,1,0,nan,0.0,0,0,0,0
116,1,cautious,nop,nan,30,0,29.798981664924852,1.0,17.0,4.0,8.0,30,0,2,19,0,1,0,0,52.0,0.0,11.758777997909814,2,0,1,1,0,0,6,0,4,1,0,1,nan,0.0,0,0,0,0
117,1,cautious,nop,nan,30,0,29.798981664924852,11.0,14.0,5.0,0.0,30,0,2,25,1,1,0,1,59.0,0.0,11.758777997909814,1,0,0,1,0,0,5,0,1,2,1,1,nan,0.0,0,0,0,0
118,1,cautious,nop,nan,30,0,29.798981664924852,5.0,9.0,16.0,0.0,30,1,5,14,1,1,0,0,52.0,0.0,11.758777997909814,3,0,1,1,1,0,8,0,2,2,0,4,nan,0.0,0,0,0,0
119,1,cautious,nop,nan,25,1,29.758777997909824,7.0,6.0,2.0,10.0,25,0,3,13,1,1,0,1,43.0,0.0,8.75877799790982,2,0,2,0,0,0,6,0,2,1,2,1,nan,0.0,0,0,0,0
120,1,cautious,nop,nan,30,0,29.798981664924852,0.0,8.0,7.0,15.0,30,0,2,8,3,4,0,1,47.0,0.0,11.758777997909814,3,0,2,1,0,0,10,0,4,4,0,2,nan,0.0,0,0,0,0
121,1,cautious,nop,nan,30,0,29.798981664924852,0.0,18.0,8.0,4.0,30,0,4,17,0,0,0,0,51.0,0.0,11.758777997909814,3,0,0,3,0,0,8,0,1,3,2,2,nan,0.0,0,0,0,0
122,1,cautious,nop,nan,13,1,29.536111534491145,0.0,0.0,0.0,13.0,13,1,3,0,1,1,0,1,19.0,0.0,3.9587779979353943,2,0,1,1,0,0,4,0,1,2,1,0,nan,0.0,0,0,0,0
123,1,cautious,nop,nan,30,0,29.798981664924852,8.0,6.0,12.0,4.0,30,0,4,13,2,0,0,0,49.0,0.0,11.758777997909814,2,0,1,1,0,0,10,0,3,3,1,3,nan,0.0,0,0,0,0
124,1,cautious,nop,nan,30,0,29.798981664924852,17.0,10.0,3.0,0.0,30,0,2,27,0,0,0,0,59.0,0.0,11.758777997909814,1,0,0,1,0,0,5,0,1,2,1,1,nan,0.0,0,0,0,0
125,1,cautious,nop,nan,30,0,29.798981664924852,0.0,4.0,14.0,12.0,30,0,1,5,1,4,0,1,41.0,0.0,11.758777997909814,2,0,1,1,0,0,5,0,3,2,0,0,nan,0.0,0,0,0,0
126,1,cautious,nop,nan,30,0,29.798981664924852,0.0,10.0,9.0,11.0,30,1,5,11,2,1,1,0,50.0,0.0,11.758777997909814,2,0,1,0,1,0,10,0,3,3,2,2,nan,0.0,0,0,0,0
127,1,cautious,nop,nan,30,0,29.798981664924852,2.0,9.0,11.0,8.0,30,0,2,10,2,3,0,1,47.0,0.0,11.758777997909814,4,0,2,2,0,0,7,0,3,3,1,0,nan,0.0,0,0,0,0
128,1,cautious,nop,nan,30,0,29.798981664924852,8.0,11.0,8.0,3.0,30,1,7,19,4,2,1,2,63.0,0.0,11.758777997909814,3,0,2,1,0,0,12,0,4,5,1,2,nan,0.0,0,0,0,0
129,1,cautious,nop,nan,30,0,29.798981664924852,3.0,21.0,6.0,0.0,30,0,2,24,1,0,0,0,57.0,0.0,11.758777997909814,2,0,2,0,0,0,5,0,2,1,0,2,nan,0.0,0,0,0,0
130,1,cautious,nop,nan,23,1,29.55756048351636,1.0,5.0,4.0,13.0,21,0,3,7,2,2,2,1,35.0,0.0,7.792955644835052,3,2,1,0,0,0,8,2,3,1,0,2,nan,0.0,0,0,0,0
131,1,cautious,nop,nan,30,0,29.798981664924852,5.0,6.0,4.0,15.0,30,1,4,11,2,1,0,0,49.0,0.0,11.758777997909814,3,0,1,1,1,0,10,0,4,4,0,2,nan,0.0,0,0,0,0
132,1,cautious,nop,nan,30,0,26.63251570175464,0.0,17.0,13.0,0.0,19,1,2,17,2,2,0,1,43.0,0.0,7.95901884210557,9,6,2,0,1,0,6,2,1,1,0,2,nan,0.0,0,0,0,0
133,1,cautious,nop,nan,7,1,29.138496516113285,0.0,1.0,6.0,0.0,6,0,2,2,0,1,1,0,11.0,0.0,1.5587790245117201,2,1,1,0,0,0,3,1,1,0,0,1,nan,0.0,0,0,0,0
134,1,cautious,nop,nan,30,0,29.798981664924852,0.0,2.0,15.0,13.0,30,0,5,2,0,0,0,0,37.0,0.0,11.758777997909814,4,0,2,2,0,0,8,0,2,2,1,3,nan,0.0,0,0,0,0
135,1,cautious,nop,nan,30,0,29.798981664924852,6.0,9.0,9.0,6.0,30,0,2,15,3,0,0,0,50.0,0.0,11.758777997909814,1,0,1,0,0,0,4,0,1,1,1,1,nan,0.0,0,0,0,0
136,1,cautious,nop,nan,30,0,29.798981664924852,16.0,10.0,4.0,0.0,30,0,1,26,1,1,0,1,59.0,0.0,11.758777997909814,1,0,0,1,0,0,5,0,1,3,1,0,nan,0.0,0,0,0,0
137,1,cautious,nop,nan,30,0,29.798981664924852,10.0,20.0,0.0,0.0,30,0,4,30,0,0,0,0,64.0,0.0,11.758777997909814,2,0,1,1,0,0,7,0,3,1,1,2,nan,0.0,0,0,0,0
138,1,cautious,nop,nan,30,0,29.798981664924852,0.0,5.0,13.0,12.0,30,0,6,5,1,0,0,0,42.0,0.0,11.758777997909814,1,0,1,0,0,0,10,0,2,4,2,2,nan,0.0,0,0,0,0
139,1,cautious,nop,nan,8,1,29.24618179170004,8.0,0.0,0.0,0.0,7,0,3,8,0,0,1,0,18.0,0.0,1.9587781733440126,1,1,0,0,0,0,3,1,1,0,1,0,nan,0.0,0,0,0,0
140,1,cautious,nop,nan,11,1,29.451768179057538,9.0,2.0,0.0,0.0,11,1,3,11,0,0,0,0,26.0,0.0,3.1587779987853164,3,0,2,1,0,0,4,0,2,1,1,0,nan,0.0,0,0,0,0
141,1,cautious,nop,nan,30,0,28.7008176108607,0.0,3.0,9.0,18.0,25,3,4,3,0,0,0,0,35.0,0.0,10.440981133032833,6,1,1,4,0,0,9,2,1,3,0,3,nan,0.0,0,0,0,0
142,1,cautious,nop,nan,2,1,27.072779413434652,0.0,2.0,0.0,0.0,2,1,1,1,0,0,0,0,5.0,0.0,-0.43417764692522787,2,0,0,1,1,0,1,0,0,1,0,0,nan,0.0,0,0,0,0
143,1,cautious,nop,nan,30,0,29.798981664924852,7.0,11.0,7.0,5.0,30,0,4,19,2,0,0,0,55.0,0.0,11.758777997909814,3,0,3,0,0,0,7,0,3,1,0,3,nan,0.0,0,0,0,0
144,1,cautious,nop,nan,30,0,29.798981664924852,8.0,4.0,7.0,11.0,30,0,1,12,4,2,0,1,49.0,0.0,11.758777997909814,2,0,2,0,0,0,5,0,3,2,0,0,nan,0.0,0,0,0,0
145,1,cautious,nop,nan,30,0,28.00100216281845,18.0,3.0,9.0,0.0,22,2,2,21,1,0,0,0,48.0,0.0,9.601202595382132,8,5,1,0,1,1,4,2,1,0,0,1,nan,0.0,0,0,0,0
146,1,cautious,nop,nan,30,0,29.798981664924852,0.0,16.0,6.0,8.0,30,0,2,16,0,0,0,0,48.0,0.0,11.758777997909814,2,0,1,1,0,0,6,0,2,3,0,1,nan,0.0,0,0,0,0
147,1,cautious,nop,nan,30,0,29.798981664924852,0.0,2.0,16.0,12.0,30,0,5,2,2,0,0,0,39.0,0.0,11.758777997909814,1,0,0,1,0,0,9,0,1,3,1,4,nan,0.0,0,0,0,0
148,1,cautious,nop,nan,30,0,29.798981664924852,1.0,18.0,10.0,1.0,30,0,3,19,0,0,0,0,52.0,0.0,11.758777997909814,2,0,1,1,0,0,10,0,5,3,1,1,nan,0.0,0,0,0,0
149,1,cautious,nop,nan,30,0,29.798981664924852,3.0,4.0,16.0,7.0,30,1,6,7,1,1,0,0,46.0,0.0,11.758777997909814,4,0,3,0,0,1,12,0,3,4,2,3,nan,0.0,0,0,0,0
150,1,cautious,nop,nan,30,0,29.798981664924852,4.0,10.0,11.0,5.0,30,0,7,14,1,0,0,0,52.0,0.0,11.758777997909814,3,0,3,0,0,0,12,0,3,4,3,2,nan,0.0,0,0,0,0
151,1,cautious,nop,nan,22,1,29.725884088533892,0.0,1.0,7.0,14.0,22,2,4,1,0,0,1,0,29.0,0.0,7.558777997909825,3,0,1,0,1,1,5,0,1,1,1,2,nan,0.0,0,0,0,0
152,1,cautious,nop,nan,30,0,29.798981664924852,7.0,12.0,9.0,2.0,30,2,3,19,0,2,0,0,56.0,0.0,11.758777997909814,5,0,2,1,2,0,10,0,5,3,2,0,nan,0.0,0,0,0,0
153,1,cautious,nop,nan,16,1,29.623090621734303,2.0,5.0,7.0,2.0,15,0,3,7,0,2,1,0,27.0,0.0,5.158777997909955,2,1,1,0,0,0,7,1,1,3,1,1,nan,0.0,0,0,0,0
154,1,cautious,nop,nan,30,0,29.798981664924852,12.0,5.0,4.0,9.0,30,0,0,16,1,1,0,1,48.0,0.0,11.758777997909814,0,0,0,0,0,0,2,0,1,1,0,0,nan,0.0,0,0,0,0
155,1,cautious,nop,nan,30,0,29.798981664924852,0.0,11.0,11.0,8.0,30,0,1,12,0,0,0,0,43.0,0.0,11.758777997909814,1,0,1,0,0,0,5,0,3,1,1,0,nan,0.0,0,0,0,0
156,1,cautious,nop,nan,30,0,29.798981664924852,8.0,15.0,7.0,0.0,30,0,3,23,1,1,0,0,58.0,0.0,11.758777997909814,1,0,0,1,0,0,8,0,3,2,2,1,nan,0.0,0,0,0,0
157,1,cautious,nop,nan,30,0,29.798981664924852,4.0,17.0,9.0,0.0,30,0,5,22,1,0,0,0,58.0,0.0,11.758777997909814,1,0,1,0,0,0,9,0,3,1,2,3,nan,0.0,0,0,0,0
158,1,cautious,nop,nan,30,0,29.798981664924852,4.0,10.0,16.0,0.0,30,0,2,15,0,2,0,0,49.0,0.0,11.758777997909814,2,0,1,1,0,0,7,0,3,3,0,1,nan,0.0,0,0,0,0
159,1,cautious,nop,nan,8,1,29.24618179170004,8.0,0.0,0.0,0.0,8,2,4,8,0,0,0,0,22.0,0.0,1.9587781733440126,3,0,2,1,0,0,4,0,2,1,0,1,nan,0.0,0,0,0,0
160,1,cautious,nop,nan,20,1,29.69847249738728,4.0,4.0,12.0,0.0,20,1,3,8,0,2,1,0,34.0,0.0,6.758777997909828,2,0,1,1,0,0,5,0,3,2,0,0,nan,0.0,0,0,0,0
161,1,cautious,nop,nan,5,1,27.964953995383688,3.0,2.0,0.0,0.0,3,0,1,4,1,1,0,1,10.0,0.0,0.592990799076738,0,0,0,0,0,0,2,0,0,1,0,1,nan,0.0,0,0,0,0
162,1,cautious,nop,nan,10,1,29.39694500758249,0.0,2.0,1.0,7.0,10,1,1,2,0,1,0,0,15.0,0.0,2.758778003032995,2,0,0,1,0,1,3,0,1,1,0,1,nan,0.0,0,0,0,0
163,1,cautious,nop,nan,23,1,29.737802171641114,0.0,11.0,10.0,2.0,23,0,3,12,1,4,0,1,43.0,0.0,7.958777997909824,3,0,3,0,0,0,7,0,4,1,0,2,nan,0.0,0,0,0,0
164,1,cautious,nop,nan,30,0,29.798981664924852,0.0,11.0,15.0,4.0,30,1,3,10,1,1,0,1,46.0,0.0,11.758777997909814,3,0,1,2,0,0,6,0,1,4,0,1,nan,0.0,0,0,0,0
165,1,cautious,nop,nan,30,0,27.03435163915614,0.0,3.0,27.0,0.0,20,1,7,3,1,0,2,0,32.0,0.0,8.441221966987365,13,10,1,1,1,0,9,2,1,1,3,2,nan,0.0,0,0,0,0
166,1,cautious,nop,nan,30,0,29.798981664924852,4.0,14.0,8.0,4.0,30,0,2,18,1,0,0,0,51.0,0.0,11.758777997909814,1,0,1,0,0,0,8,0,3,3,0,2,nan,0.0,0,0,0,0
167,1,cautious,nop,nan,30,0,29.798981664924852,5.0,5.0,9.0,11.0,30,0,2,10,1,1,0,0,44.0,0.0,11.758777997909814,2,0,2,0,0,0,8,0,4,2,1,1,nan,0.0,0,0,0,0
168,1,cautious,nop,nan,30,0,29.798981664924852,6.0,2.0,10.0,12.0,30,0,3,9,2,1,0,0,45.0,0.0,11.758777997909814,1,0,1,0,0,0,9,0,4,2,1,2,nan,0.0,0,0,0,0
169,1,cautious,nop,nan,4,1,28.493648204534214,0.0,0.0,0.0,4.0,4,0,2,0,1,1,0,1,8.0,0.0,0.35898371272547425,1,0,1,0,0,0,3,0,1,1,1,0,nan,0.0,0,0,0,0
170,1,cautious,nop,nan,30,0,29.798981664924852,11.0,7.0,4.0,8.0,30,0,5,19,1,1,0,1,56.0,0.0,11.758777997909814,3,0,3,0,0,0,8,0,3,1,0,4,nan,0.0,0,0,0,0
171,1,cautious,nop,nan,30,0,29.798981664924852,6.0,4.0,9.0,11.0,30,0,0,11,2,1,0,0,44.0,0.0,11.758777997909814,1,0,1,0,0,0,4,0,2,2,0,0,nan,0.0,0,0,0,0
172,1,cautious,nop,nan,5,1,27.964953995383688,3.0,2.0,0.0,0.0,4,1,4,5,0,0,1,0,14.0,0.0,0.592990799076738,3,1,1,0,1,0,4,1,1,0,1,1,nan,0.0,0,0,0,0
173,1,cautious,nop,nan,30,0,29.798981664924852,1.0,13.0,16.0,0.0,30,0,4,15,2,2,0,1,53.0,0.0,11.758777997909814,4,0,2,2,0,0,9,0,2,3,1,3,nan,0.0,0,0,0,0
174,1,cautious,nop,nan,30,0,29.798981664924852,7.0,6.0,5.0,12.0,30,0,2,14,2,0,0,0,48.0,0.0,11.758777997909814,1,0,0,1,0,0,6,0,2,2,2,0,nan,0.0,0,0,0,0
175,1,cautious,nop,nan,22,1,29.725884088533892,0.0,11.0,11.0,0.0,22,1,3,12,2,0,0,0,40.0,0.0,7.558777997909825,3,0,2,0,1,0,5,0,2,0,1,2,nan,0.0,0,0,0,0
176,1,cautious,nop,nan,30,0,29.798981664924852,18.0,9.0,3.0,0.0,30,1,4,26,1,1,0,0,63.0,0.0,11.758777997909814,3,0,1,1,1,0,7,0,2,2,3,0,nan,0.0,0,0,0,0
177,1,cautious,nop,nan,30,0,29.798981664924852,3.0,19.0,8.0,0.0,30,0,2,22,1,0,0,0,55.0,0.0,11.758777997909814,0,0,0,0,0,0,6,0,2,2,1,1,nan,0.0,0,0,0,0
178,1,cautious,nop,nan,30,0,29.798981664924852,0.0,14.0,11.0,5.0,30,0,1,14,1,1,0,0,47.0,0.0,11.758777997909814,2,0,0,2,0,0,5,0,0,4,0,1,nan,0.0,0,0,0,0
179,1,cautious,nop,nan,30,0,29.798981664924852,7.0,5.0,7.0,11.0,30,0,2,12,1,1,0,0,46.0,0.0,11.758777997909814,2,0,1,1,0,0,5,0,1,2,2,0,nan,0.0,0,0,0,0
180,1,cautious,nop,nan,18,1,29.66496944154143,7.0,7.0,1.0,3.0,18,1,3,13,1,1,0,0,37.0,0.0,5.958777997909832,4,0,1,2,1,0,7,0,1,4,1,1,nan,0.0,0,0,0,0
181,1,cautious,nop,nan,30,0,29.798981664924852,6.0,10.0,8.0,6.0,30,0,4,16,2,3,0,2,55.0,0.0,11.758777997909814,4,0,3,1,0,0,11,0,4,3,2,2,nan,0.0,0,0,0,0
182,1,cautious,nop,nan,14,1,29.569246424846778,0.0,5.0,6.0,3.0,13,0,4,5,2,2,1,0,26.0,0.0,4.3587779979141965,3,1,2,0,0,0,6,1,2,1,2,0,nan,0.0,0,0,0,0
183,1,cautious,nop,nan,30,0,29.798981664924852,4.0,7.0,4.0,15.0,30,0,1,11,1,0,0,0,43.0,0.0,11.758777997909814,0,0,0,0,0,0,5,0,2,2,0,1,nan,0.0,0,0,0,0
184,1,cautious,nop,nan,30,0,29.798981664924852,11.0,17.0,2.0,0.0,30,0,0,27,0,0,0,0,57.0,0.0,11.758777997909814,0,0,0,0,0,0,2,0,1,1,0,0,nan,0.0,0,0,0,0
185,1,cautious,nop,nan,30,0,29.798981664924852,14.0,7.0,9.0,0.0,30,0,1,21,1,0,0,0,53.0,0.0,11.758777997909814,0,0,0,0,0,0,4,0,1,2,1,0,nan,0.0,0,0,0,0
186,1,cautious,nop,nan,5,1,28.794065760757547,0.0,1.0,2.0,2.0,5,0,1,1,1,1,0,0,9.0,0.0,0.75881315215151,2,0,1,1,0,0,2,0,1,1,0,0,nan,0.0,0,0,0,0
187,1,cautious,nop,nan,8,1,29.24618179170004,7.0,1.0,0.0,0.0,8,2,2,8,0,2,1,0,22.0,0.0,1.9587781733440126,2,0,2,0,0,0,3,0,3,0,0,0,nan,0.0,0,0,0,0
188,1,cautious,nop,nan,5,1,27.964953995383688,0.0,0.0,5.0,0.0,3,0,3,0,0,0,1,0,6.0,0.0,0.592990799076738,1,1,0,0,0,0,3,2,0,0,0,1,nan,0.0,0,0,0,0
189,1,cautious,nop,nan,30,0,29.798981664924852,0.0,1.0,9.0,20.0,30,0,3,1,1,1,0,0,36.0,0.0,11.758777997909814,3,0,2,1,0,0,8,0,2,4,1,1,nan,0.0,0,0,0,0
190,1,cautious,nop,nan,24,1,29.748727081156066,20.0,4.0,0.0,0.0,24,2,5,24,0,0,0,0,55.0,0.0,8.358777997909822,5,0,2,2,0,1,7,0,2,2,1,2,nan,0.0,0,0,0,0
191,1,cautious,nop,nan,30,0,29.798981664924852,18.0,12.0,0.0,0.0,30,0,2,30,1,1,0,1,64.0,0.0,11.758777997909814,1,0,1,0,0,0,5,0,1,2,0,2,nan,0.0,0,0,0,0
192,1,cautious,nop,nan,30,0,29.465653191601618,0.0,1.0,13.0,16.0,28,0,2,1,1,0,0,0,32.0,0.0,11.358783829921938,3,1,2,0,0,0,7,1,2,2,0,2,nan,0.0,0,0,0,0
193,1,cautious,nop,nan,30,0,29.798981664924852,0.0,3.0,19.0,8.0,30,0,2,3,1,0,0,0,36.0,0.0,11.758777997909814,1,0,1,0,0,0,5,0,1,3,0,1,nan,0.0,0,0,0,0
194,1,cautious,nop,nan,30,0,29.798981664924852,6.0,14.0,10.0,0.0,30,0,3,20,2,0,0,0,55.0,0.0,11.758777997909814,1,0,1,0,0,0,8,0,3,2,1,2,nan,0.0,0,0,0,0
195,1,cautious,nop,nan,30,0,29.798981664924852,11.0,8.0,11.0,0.0,30,0,2,19,0,0,0,0,51.0,0.0,11.758777997909814,2,0,1,1,0,0,6,0,2,2,1,1,nan,0.0,0,0,0,0
196,1,cautious,nop,nan,30,0,29.798981664924852,12.0,15.0,3.0,0.0,30,0,4,27,1,0,0,0,62.0,0.0,11.758777997909814,2,0,0,2,0,0,10,0,3,3,3,1,nan,0.0,0,0,0,0
197,1,cautious,nop,nan,30,0,29.798981664924852,5.0,16.0,9.0,0.0,30,0,1,20,0,0,0,0,51.0,0.0,11.758777997909814,0,0,0,0,0,0,3,0,0,2,0,1,nan,0.0,0,0,0,0
198,1,cautious,nop,nan,30,0,29.13231499825819,8.0,18.0,4.0,0.0,26,2,5,26,1,0,0,0,60.0,0.0,10.958777997909827,5,0,1,2,0,2,12,1,4,2,3,2,nan,0.0,0,0,0,0
199,1,cautious,nop,nan,30,0,29.798981664924852,14.0,4.0,3.0,9.0,30,0,0,18,1,1,0,0,50.0,0.0,11.758777997909814,1,0,0,1,0,0,6,0,3,3,0,0,nan,0.0,0,0,0,0
200,1,cautious,nop,nan,30,0,29.798981664924852,7.0,17.0,2.0,4.0,30,0,4,25,0,2,0,0,61.0,0.0,11.758777997909814,4,0,3,1,0,0,10,0,5,1,1,3,nan,0.0,0,0,0,0
201,1,cautious,nop,nan,30,0,29.798981664924852,18.0,5.0,7.0,0.0,30,0,2,23,1,1,0,0,57.0,0.0,11.758777997909814,1,0,1,0,0,0,5,0,3,1,1,0,nan,0.0,0,0,0,0
202,1,cautious,nop,nan,30,0,29.798981664924852,6.0,7.0,9.0,8.0,30,0,2,13,2,1,0,1,48.0,0.0,11.758777997909814,2,0,0,2,0,0,5,0,2,2,0,1,nan,0.0,0,0,0,0
203,1,cautious,nop,nan,30,0,29.798981664924852,0.0,5.0,17.0,8.0,30,0,2,5,1,0,0,0,38.0,0.0,11.758777997909814,1,0,0,1,0,0,5,0,2,1,1,1,nan,0.0,0,0,0,0
204,1,cautious,nop,nan,30,0,29.798981664924852,2.0,8.0,2.0,18.0,30,0,2,10,2,3,0,1,47.0,0.0,11.758777997909814,2,0,1,1,0,0,6,0,3,3,0,0,nan,0.0,0,0,0,0
205,1,cautious,nop,nan,30,0,29.798981664924852,21.0,4.0,4.0,1.0,30,0,1,24,0,0,0,0,55.0,0.0,11.758777997909814,1,0,0,1,0,0,3,0,0,2,1,0,nan,0.0,0,0,0,0
206,1,cautious,nop,nan,4,1,28.493648204534214,0.0,1.0,3.0,0.0,4,1,1,2,0,0,1,0,8.0,0.0,0.35898371272547425,1,0,0,0,0,1,2,0,1,0,0,1,nan,0.0,0,0,0,0
207,1,cautious,nop,nan,26,1,29.421919425559402,4.0,8.0,5.0,9.0,23,0,3,11,2,2,1,1,41.0,0.0,8.798796202581777,4,2,1,1,0,0,9,2,1,4,0,2,nan,0.0,0,0,0,0
208,1,cautious,nop,nan,30,0,29.798981664924852,5.0,11.0,9.0,5.0,30,0,4,17,1,5,0,1,57.0,0.0,11.758777997909814,5,0,3,2,0,0,11,0,6,2,1,2,nan,0.0,0,0,0,0
209,1,cautious,nop,nan,30,0,29.798981664924852,15.0,10.0,2.0,3.0,30,0,3,25,2,3,0,1,63.0,0.0,11.758777997909814,3,0,2,1,0,0,10,0,4,3,3,0,nan,0.0,0,0,0,0
210,1,cautious,nop,nan,5,1,28.794065760757547,3.0,2.0,0.0,0.0,5,1,2,5,0,1,1,0,14.0,0.0,0.75881315215151,2,0,2,0,0,0,3,0,2,0,0,1,nan,0.0,0,0,0,0
211,1,cautious,nop,nan,30,0,29.798981664924852,10.0,8.0,12.0,0.0,30,0,3,17,2,1,0,0,53.0,0.0,11.758777997909814,3,0,2,1,0,0,9,0,3,3,1,2,nan,0.0,0,0,0,0
212,1,cautious,nop,nan,30,0,29.798981664924852,0.0,1.0,15.0,14.0,30,0,2,1,2,1,0,0,36.0,0.0,11.758777997909814,1,0,0,1,0,0,6,0,2,2,0,2,nan,0.0,0,0,0,0
213,1,cautious,nop,nan,4,1,28.493648204534214,0.0,0.0,0.0,4.0,4,1,2,0,0,0,1,0,7.0,0.0,0.35898371272547425,1,0,0,1,0,0,2,0,0,2,0,0,nan,0.0,0,0,0,0
214,1,cautious,nop,nan,14,1,29.569246424846778,0.0,0.0,9.0,5.0,14,0,2,0,2,2,0,2,20.0,0.0,4.3587779979141965,1,0,0,1,0,0,5,0,1,2,1,1,nan,0.0,0,0,0,0
215,1,cautious,nop,nan,30,0,29.798981664924852,17.0,8.0,5.0,0.0,30,0,2,25,1,0,0,0,58.0,0.0,11.758777997909814,0,0,0,0,0,0,6,0,2,3,0,1,nan,0.0,0,0,0,0
216,1,cautious,nop,nan,4,1,28.493648204534214,2.0,1.0,1.0,0.0,4,0,0,3,0,0,0,0,7.0,0.0,0.35898371272547425,1,0,1,0,0,0,3,0,1,2,0,0,nan,0.0,0,0,0,0
217,1,cautious,nop,nan,30,0,29.798981664924852,0.0,10.0,8.0,12.0,30,0,3,11,2,1,0,1,47.0,0.0,11.758777997909814,0,0,0,0,0,0,7,0,3,1,0,3,nan,0.0,0,0,0,0
218,1,cautious,nop,nan,3,1,27.99984829440037,3.0,0.0,0.0,0.0,3,2,2,3,0,1,0,0,11.0,0.0,-0.040018204671955604,3,0,1,1,1,0,2,0,1,1,0,0,nan,0.0,0,0,0,0
219,1,cautious,nop,nan,30,0,29.798981664924852,7.0,6.0,10.0,7.0,30,0,4,14,0,1,0,0,49.0,0.0,11.758777997909814,4,0,3,1,0,0,11,0,5,3,1,2,nan,0.0,0,0,0,0
220,1,cautious,nop,nan,30,0,29.798981664924852,2.0,12.0,13.0,3.0,30,0,5,14,3,1,0,0,53.0,0.0,11.758777997909814,4,0,2,2,0,0,10,0,3,3,1,3,nan,0.0,0,0,0,0
221,1,cautious,nop,nan,30,0,29.798981664924852,4.0,10.0,7.0,9.0,30,0,3,15,1,0,0,0,49.0,0.0,11.758777997909814,2,0,1,1,0,0,7,0,3,1,2,1,nan,0.0,0,0,0,0
222,1,cautious,nop,nan,9,1,28.869321318929703,0.0,5.0,2.0,2.0,7,0,4,6,0,0,1,0,17.0,0.0,2.192955674814694,3,1,2,0,0,0,5,1,2,0,1,1,nan,0.0,0,0,0,0
223,1,cautious,nop,nan,30,1,29.798981664924852,0.0,13.0,13.0,4.0,30,0,4,14,3,2,0,0,53.0,0.0,10.758777997909814,4,0,3,1,0,0,11,0,5,2,3,1,nan,0.0,0,0,0,0
224,1,cautious,nop,nan,30,0,29.465648331591524,3.0,11.0,12.0,4.0,28,1,6,14,1,0,0,0,50.0,0.0,11.35877799790983,5,1,1,2,1,0,11,1,4,3,2,1,nan,0.0,0,0,0,0
225,1,cautious,nop,nan,30,0,29.798981664924852,4.0,9.0,12.0,5.0,30,1,4,13,0,0,1,0,48.0,0.0,11.758777997909814,3,0,0,2,1,0,8,0,2,3,3,0,nan,0.0,0,0,0,0
226,1,cautious,nop,nan,6,1,28.99493335565053,0.0,0.0,0.0,6.0,6,1,3,0,0,0,1,0,10.0,0.0,1.1587840053561282,1,0,0,1,0,0,3,0,0,2,0,1,nan,0.0,0,0,0,0
227,1,cautious,nop,nan,30,0,29.30468053188562,0.0,13.0,12.0,5.0,27,0,6,14,0,0,0,0,47.0,0.0,11.16561663826275,4,1,2,1,0,0,10,1,3,1,3,2,nan,0.0,0,0,0,0
228,1,cautious,nop,nan,13,1,29.536111534491145,5.0,6.0,2.0,0.0,13,2,3,11,0,1,1,0,30.0,0.0,3.9587779979353943,3,0,2,0,1,0,6,0,5,1,0,0,nan,0.0,0,0,0,0
229,1,cautious,nop,nan,12,1,29.15199092705139,3.0,3.0,6.0,0.0,10,0,2,7,0,1,2,0,20.0,0.0,3.3929556449846663,2,2,0,0,0,0,5,2,3,0,0,0,nan,0.0,0,0,0,0
230,1,cautious,nop,nan,30,0,29.798981664924852,4.0,6.0,1.0,19.0,30,0,1,9,1,1,0,0,42.0,0.0,11.758777997909814,1,0,0,1,0,0,5,0,1,3,1,0,nan,0.0,0,0,0,0
231,1,cautious,nop,nan,30,0,29.798981664924852,0.0,15.0,12.0,3.0,30,0,4,14,1,1,0,1,50.0,0.0,11.758777997909814,3,0,2,1,0,0,8,0,2,3,2,1,nan,0.0,0,0,0,0
232,1,cautious,nop,nan,17,1,29.057026717971862,8.0,9.0,0.0,0.0,15,1,4,17,1,1,0,1,39.0,0.0,5.158778168220868,4,1,2,1,0,0,6,1,2,1,1,1,nan,0.0,0,0,0,0
233,1,cautious,nop,nan,30,0,29.798981664924852,7.0,11.0,12.0,0.0,30,0,2,17,1,3,0,1,53.0,0.0,11.758777997909814,1,0,0,1,0,0,7,0,2,3,1,1,nan,0.0,0,0,0,0
234,1,cautious,nop,nan,17,1,29.645261761632128,13.0,2.0,2.0,0.0,17,1,2,14,0,1,1,0,35.0,0.0,5.55877799790985,1,0,0,0,0,1,3,0,0,1,0,2,nan,0.0,0,0,0,0
235,1,cautious,nop,nan,30,0,29.798981664924852,6.0,18.0,6.0,0.0,30,0,4,24,1,0,0,0,59.0,0.0,11.758777997909814,3,0,1,2,0,0,8,0,3,2,2,1,nan,0.0,0,0,0,0
236,1,cautious,nop,nan,30,0,29.798981664924852,5.0,7.0,14.0,4.0,30,0,4,12,2,1,0,0,49.0,0.0,11.758777997909814,2,0,1,1,0,0,11,0,4,4,0,3,nan,0.0,0,0,0,0
237,1,cautious,nop,nan,30,0,25.465814901324038,19.0,7.0,4.0,0.0,13,9,9,25,1,0,0,0,57.0,0.0,6.558977881588847,16,4,9,2,1,0,11,3,3,3,1,1,nan,0.0,0,0,0,0
238,1,cautious,nop,nan,30,0,29.798981664924852,8.0,4.0,9.0,9.0,30,0,2,11,1,0,0,0,44.0,0.0,11.758777997909814,1,0,0,1,0,0,5,0,1,2,2,0,nan,0.0,0,0,0,0
239,1,cautious,nop,nan,22,1,29.725884088533892,0.0,7.0,15.0,0.0,22,1,1,8,0,1,1,0,33.0,0.0,7.558777997909825,1,0,0,0,0,1,3,0,1,1,0,1,nan,0.0,0,0,0,0
240,1,cautious,nop,nan,25,1,29.758777997909824,4.0,3.0,9.0,9.0,25,2,4,8,1,0,0,0,40.0,0.0,8.75877799790982,4,0,1,2,1,0,7,0,3,2,1,1,nan,0.0,0,0,0,0
241,1,cautious,nop,nan,21,1,29.71283094989265,0.0,2.0,7.0,12.0,21,0,5,2,3,1,0,1,32.0,0.0,7.1587779979098265,2,0,1,1,0,0,10,0,3,2,2,3,nan,0.0,0,0,0,0
242,1,cautious,nop,nan,30,0,29.798981664924852,22.0,8.0,0.0,0.0,30,1,3,30,0,0,1,0,64.0,0.0,11.758777997909814,1,0,0,0,0,1,3,0,0,1,1,1,nan,0.0,0,0,0,0
243,1,cautious,nop,nan,30,0,29.798981664924852,0.0,0.0,4.0,26.0,30,0,0,0,0,0,0,0,30.0,0.0,11.758777997909814,0,0,0,0,0,0,1,0,1,0,0,0,nan,0.0,0,0,0,0
244,1,cautious,nop,nan,30,0,29.798981664924852,2.0,15.0,8.0,5.0,30,2,4,16,2,2,0,0,56.0,0.0,11.758777997909814,5,0,3,1,0,1,8,0,4,2,0,2,nan,0.0,0,0,0,0
245,1,cautious,nop,nan,30,0,29.798981664924852,12.0,11.0,7.0,0.0,30,0,2,23,2,3,0,1,60.0,0.0,11.758777997909814,2,0,1,1,0,0,7,0,2,4,0,1,nan,0.0,0,0,0,0
246,1,cautious,nop,nan,30,0,29.13345529037975,4.0,9.0,4.0,13.0,27,0,3,13,1,0,0,0,44.0,0.0,10.960146348455702,2,0,1,1,0,0,5,0,1,2,1,1,nan,0.0,0,0,0,0
247,1,cautious,nop,nan,30,0,29.798981664924852,10.0,4.0,4.0,12.0,30,0,1,15,0,0,0,0,46.0,0.0,11.758777997909814,1,0,0,1,0,0,4,0,2,1,1,0,nan,0.0,0,0,0,0
248,1,cautious,nop,nan,26,1,27.155020000055494,10.0,6.0,10.0,0.0,17,0,1,16,2,2,0,2,38.0,0.0,6.4412208000577165,7,6,1,0,0,0,4,2,0,1,0,1,nan,0.0,0,0,0,0
249,1,cautious,nop,nan,30,0,29.798981664924852,3.0,13.0,6.0,8.0,30,0,5,17,1,1,0,0,54.0,0.0,11.758777997909814,2,0,2,0,0,0,11,0,4,3,3,1,nan,0.0,0,0,0,0
250,1,cautious,nop,nan,30,0,29.798981664924852,0.0,5.0,16.0,9.0,30,0,2,5,1,0,0,0,38.0,0.0,11.758777997909814,0,0,0,0,0,0,6,0,2,2,2,0,nan,0.0,0,0,0,0
251,1,cautious,nop,nan,30,0,29.798981664924852,2.0,3.0,12.0,13.0,30,0,2,6,2,2,0,1,42.0,0.0,11.758777997909814,2,0,2,0,0,0,8,0,3,3,1,1,nan,0.0,0,0,0,0
252,1,cautious,nop,nan,21,1,29.71283094989265,7.0,6.0,1.0,7.0,21,1,4,12,2,3,0,2,43.0,0.0,7.1587779979098265,3,0,1,2,0,0,7,0,2,3,2,0,nan,0.0,0,0,0,0
253,1,cautious,nop,nan,30,0,29.798981664924852,5.0,6.0,10.0,9.0,30,0,3,10,0,0,0,0,43.0,0.0,11.758777997909814,1,0,0,1,0,0,8,0,2,3,0,3,nan,0.0,0,0,0,0
254,1,cautious,nop,nan,30,0,29.798981664924852,16.0,11.0,3.0,0.0,30,0,3,27,2,2,0,1,64.0,0.0,11.758777997909814,1,0,1,0,0,0,7,0,3,1,1,2,nan,0.0,0,0,0,0
255,1,cautious,nop,nan,30,0,29.798981664924852,0.0,1.0,13.0,16.0,30,0,1,1,2,2,0,1,36.0,0.0,11.758777997909814,1,0,1,0,0,0,6,0,2,4,0,0,nan,0.0,0,0,0,0
256,1,cautious,nop,nan,30,0,29.798981664924852,4.0,15.0,11.0,0.0,30,0,4,20,2,2,0,0,58.0,0.0,11.758777997909814,3,0,1,2,0,0,9,0,3,4,1,1,nan,0.0,0,0,0,0
257,1,cautious,nop,nan,30,0,29.798981664924852,26.0,4.0,0.0,0.0,30,0,1,30,0,0,0,0,61.0,0.0,11.758777997909814,1,0,0,1,0,0,2,0,1,1,0,0,nan,0.0,0,0,0,0
258,1,cautious,nop,nan,12,1,29.49745416262383,12.0,0.0,0.0,0.0,11,0,3,12,0,0,1,0,26.0,0.0,3.558777998059438,1,1,0,0,0,0,3,1,2,0,0,0,nan,0.0,0,0,0,0
259,1,cautious,nop,nan,30,0,29.798981664924852,0.0,16.0,11.0,3.0,30,1,6,16,2,0,0,0,55.0,0.0,11.758777997909814,4,0,2,1,1,0,12,0,3,4,1,4,nan,0.0,0,0,0,0
260,1,cautious,nop,nan,14,1,29.569246424846778,8.0,6.0,0.0,0.0,13,0,4,14,0,0,1,0,31.0,0.0,4.3587779979141965,2,1,1,0,0,0,6,1,2,1,0,2,nan,0.0,0,0,0,0
261,1,cautious,nop,nan,25,1,29.758777997909824,2.0,2.0,7.0,14.0,25,1,3,5,1,1,1,0,36.0,0.0,8.75877799790982,2,0,2,0,0,0,6,0,4,0,1,1,nan,0.0,0,0,0,0
262,1,cautious,nop,nan,30,0,29.798981664924852,0.0,0.0,10.0,20.0,30,0,2,0,0,0,0,0,32.0,0.0,11.758777997909814,1,0,0,1,0,0,4,0,1,1,1,1,nan,0.0,0,0,0,0
263,1,cautious,nop,nan,30,0,29.46564847351737,0.0,10.0,15.0,5.0,28,1,4,10,0,0,0,0,43.0,0.0,11.358778168220844,4,1,1,1,1,0,7,1,2,2,1,1,nan,0.0,0,0,0,0
264,1,cautious,nop,nan,30,0,29.465648331591524,8.0,8.0,2.0,12.0,28,0,4,16,1,1,0,0,50.0,0.0,11.35877799790983,1,0,1,0,0,0,7,1,1,3,2,0,nan,0.0,0,0,0,0
265,1,cautious,nop,nan,30,0,29.798981664924852,14.0,12.0,4.0,0.0,30,0,4,26,0,1,0,0,61.0,0.0,11.758777997909814,3,0,2,1,0,0,8,0,3,1,2,2,nan,0.0,0,0,0,0
266,1,cautious,nop,nan,3,1,27.99984829440037,3.0,0.0,0.0,0.0,3,1,2,3,0,0,0,0,9.0,0.0,-0.040018204671955604,2,0,1,1,0,0,2,0,1,1,0,0,nan,0.0,0,0,0,0
267,1,cautious,nop,nan,30,0,29.798981664924852,4.0,10.0,3.0,13.0,30,0,1,14,0,0,0,0,45.0,0.0,11.758777997909814,1,0,1,0,0,0,4,0,3,0,1,0,nan,0.0,0,0,0,0
268,1,cautious,nop,nan,30,0,29.798981664924852,11.0,11.0,2.0,6.0,30,1,2,23,2,2,0,1,60.0,0.0,11.758777997909814,2,0,1,1,0,0,5,0,3,1,1,0,nan,0.0,0,0,0,0
269,1,cautious,nop,nan,30,0,29.798981664924852,0.0,6.0,19.0,5.0,29,0,3,7,0,1,0,0,40.0,0.0,11.758777997909814,2,1,1,0,0,0,6,1,1,2,1,1,nan,0.0,0,0,0,0
270,1,cautious,nop,nan,30,0,29.798981664924852,12.0,9.0,5.0,4.0,30,0,4,22,2,2,0,2,60.0,0.0,11.758777997909814,3,0,2,1,0,0,11,0,5,2,2,2,nan,0.0,0,0,0,0
271,1,cautious,nop,nan,28,1,29.784623212419486,0.0,0.0,14.0,14.0,28,1,3,0,2,0,0,0,34.0,0.0,9.958777997909817,2,0,1,0,0,1,6,0,2,1,0,3,nan,0.0,0,0,0,0
272,1,cautious,nop,nan,22,1,29.537449596403466,11.0,11.0,0.0,0.0,20,0,4,21,0,1,1,0,46.0,0.0,7.3929556448350535,4,1,1,2,0,0,8,1,1,3,3,0,nan,0.0,0,0,0,0
273,1,cautious,nop,nan,30,0,29.798981664924852,2.0,2.0,1.0,25.0,30,0,0,5,0,0,0,0,35.0,0.0,11.758777997909814,0,0,0,0,0,0,1,0,1,0,0,0,nan,0.0,0,0,0,0
274,1,cautious,nop,nan,30,0,29.46564833159152,0.0,1.0,18.0,11.0,28,0,3,2,1,1,0,1,35.0,0.0,11.358777997909822,4,1,2,1,0,0,8,1,2,3,2,0,nan,0.0,0,0,0,0
275,1,cautious,nop,nan,30,0,29.798981664924852,0.0,9.0,7.0,14.0,30,0,4,9,2,0,0,0,45.0,0.0,11.758777997909814,4,0,3,1,0,0,9,0,3,2,0,4,nan,0.0,0,0,0,0
276,1,cautious,nop,nan,30,0,29.798981664924852,0.0,1.0,17.0,12.0,30,0,1,1,1,1,0,0,34.0,0.0,11.758777997909814,1,0,0,1,0,0,4,0,1,2,1,0,nan,0.0,0,0,0,0
277,1,cautious,nop,nan,30,0,29.798981664924852,0.0,2.0,21.0,7.0,30,0,1,2,0,0,0,0,33.0,0.0,11.758777997909814,0,0,0,0,0,0,5,0,1,3,1,0,nan,0.0,0,0,0,0
278,1,cautious,nop,nan,21,1,29.71283094989265,9.0,8.0,1.0,3.0,20,2,4,18,0,1,1,0,45.0,0.0,7.1587779979098265,3,1,0,0,1,1,5,1,1,0,1,2,nan,0.0,0,0,0,0
279,1,cautious,nop,nan,30,0,29.798981664924852,6.0,7.0,11.0,6.0,30,0,4,13,3,2,0,2,52.0,0.0,11.758777997909814,2,0,0,2,0,0,10,0,2,4,1,3,nan,0.0,0,0,0,0
280,1,cautious,nop,nan,30,0,29.798981664924852,16.0,14.0,0.0,0.0,30,0,1,30,1,0,0,0,62.0,0.0,11.758777997909814,1,0,1,0,0,0,3,0,1,1,1,0,nan,0.0,0,0,0,0
281,1,cautious,nop,nan,30,0,29.798981664924852,4.0,15.0,5.0,6.0,30,0,3,19,1,1,0,1,54.0,0.0,11.758777997909814,0,0,0,0,0,0,7,0,2,2,1,2,nan,0.0,0,0,0,0
282,1,cautious,nop,nan,9,1,28.869321318929703,4.0,5.0,0.0,0.0,7,1,5,9,0,1,2,0,23.0,0.0,2.192955674814694,5,2,1,1,1,0,6,2,1,1,2,0,nan,0.0,0,0,0,0
283,1,cautious,nop,nan,30,0,29.798981664924852,0.0,7.0,18.0,5.0,30,0,4,7,4,1,0,1,46.0,0.0,11.758777997909814,2,0,2,0,0,0,8,0,3,2,1,2,nan,0.0,0,0,0,0
284,1,cautious,nop,nan,30,0,29.465648331612204,9.0,21.0,0.0,0.0,28,0,5,30,3,2,0,2,68.0,0.0,11.358777997934647,4,1,1,2,0,0,11,1,5,3,1,1,nan,0.0,0,0,0,0
285,1,cautious,nop,nan,30,0,29.798981664924852,22.0,6.0,2.0,0.0,30,0,1,27,1,1,0,0,60.0,0.0,11.758777997909814,1,0,1,0,0,0,3,0,1,1,1,0,nan,0.0,0,0,0,0
286,1,cautious,nop,nan,30,0,29.798981664924852,10.0,6.0,10.0,4.0,30,0,0,16,2,1,0,0,49.0,0.0,11.758777997909814,1,0,1,0,0,0,6,0,2,4,0,0,nan,0.0,0,0,0,0
287,1,cautious,nop,nan,30,0,28.965648332423847,6.0,7.0,11.0,6.0,26,0,3,14,2,1,0,1,46.0,0.0,10.758777998908615,2,1,1,0,0,0,6,1,2,1,0,2,nan,0.0,0,0,0,0
288,1,cautious,nop,nan,30,0,29.46564833159213,9.0,10.0,3.0,8.0,28,0,6,20,2,1,0,0,57.0,0.0,11.358777997910554,6,1,3,2,0,0,12,1,5,2,3,1,nan,0.0,0,0,0,0
289,1,cautious,nop,nan,30,0,29.798981664924852,10.0,20.0,0.0,0.0,30,0,3,30,0,1,0,0,64.0,0.0,11.758777997909814,3,0,1,2,0,0,8,0,2,3,1,2,nan,0.0,0,0,0,0
290,1,cautious,nop,nan,30,0,29.798981664924852,5.0,12.0,12.0,1.0,30,0,1,17,0,0,0,0,48.0,0.0,11.758777997909814,1,0,0,1,0,0,4,0,1,2,1,0,nan,0.0,0,0,0,0
291,1,cautious,nop,nan,30,0,29.798981664924852,0.0,0.0,18.0,12.0,30,0,1,0,0,0,0,0,31.0,0.0,11.758777997909814,1,0,0,1,0,0,6,0,2,3,0,1,nan,0.0,0,0,0,0
292,1,cautious,nop,nan,20,1,29.491194556043816,5.0,11.0,4.0,0.0,18,0,3,16,3,1,1,1,41.0,0.0,6.592955644835056,2,1,0,1,0,0,5,1,1,2,0,1,nan,0.0,0,0,0,0
293,1,cautious,nop,nan,30,0,29.798981664924852,11.0,13.0,1.0,5.0,30,0,5,25,2,1,0,1,63.0,0.0,11.758777997909814,1,0,0,1,0,0,7,0,2,2,1,2,nan,0.0,0,0,0,0
294,1,cautious,nop,nan,10,1,29.39694500758249,3.0,4.0,1.0,2.0,10,2,4,8,1,0,0,0,25.0,0.0,2.758778003032995,4,0,1,1,1,1,6,0,3,1,0,2,nan,0.0,0,0,0,0
295,1,cautious,nop,nan,30,0,29.798981664924852,28.0,2.0,0.0,0.0,30,0,0,29,0,0,0,0,59.0,0.0,11.758777997909814,0,0,0,0,0,0,0,0,0,0,0,0,nan,0.0,0,0,0,0
296,1,cautious,nop,nan,30,0,29.798981664924852,4.0,2.0,18.0,6.0,30,0,2,6,1,0,0,0,39.0,0.0,11.758777997909814,1,0,0,1,0,0,5,0,1,2,1,1,nan,0.0,0,0,0,0
297,1,cautious,nop,nan,12,1,29.49745416262383,3.0,1.0,8.0,0.0,12,1,2,5,1,2,0,1,23.0,0.0,3.558777998059438,2,0,1,1,0,0,5,0,4,1,0,0,nan,0.0,0,0,0,0
298,1,cautious,nop,nan,30,0,29.798981664924852,11.0,3.0,11.0,5.0,30,0,2,13,0,2,0,0,47.0,0.0,11.758777997909814,2,0,1,1,0,0,7,0,1,4,2,0,nan,0.0,0,0,0,0
299,1,cautious,nop,nan,30,0,29.798981664924852,0.0,8.0,17.0,5.0,30,1,6,8,1,1,0,1,47.0,0.0,11.758777997909814,6,0,3,2,1,0,11,0,3,4,1,3,nan,0.0,0,0,0,0
300,1,cautious,nop,nan,30,0,29.798981664924852,9.0,10.0,3.0,8.0,30,0,4,19,1,0,0,0,54.0,0.0,11.758777997909814,1,0,1,0,0,0,9,0,4,1,2,2,nan,0.0,0,0,0,0
301,1,cautious,nop,nan,30,0,29.46564833159152,3.0,10.0,13.0,4.0,28,0,5,14,4,0,0,0,51.0,0.0,11.358777997909826,4,0,3,1,0,0,12,1,5,2,1,3,nan,0.0,0,0,0,0
302,1,cautious,nop,nan,23,1,29.55756048351636,6.0,15.0,2.0,0.0,21,0,5,21,3,4,1,2,54.0,0.0,7.792955644835052,5,1,2,2,0,0,11,1,3,3,1,3,nan,0.0,0,0,0,0
303,1,cautious,nop,nan,30,0,29.798981664924852,2.0,4.0,16.0,8.0,30,0,3,5,3,4,0,2,45.0,0.0,11.758777997909814,3,0,0,3,0,0,6,0,1,3,1,1,nan,0.0,0,0,0,0
304,1,cautious,nop,nan,12,1,29.49745416262383,12.0,0.0,0.0,0.0,12,1,3,12,0,0,0,0,28.0,0.0,3.558777998059438,2,0,1,1,0,0,4,0,1,1,1,1,nan,0.0,0,0,0,0
305,1,cautious,nop,nan,24,1,29.748727081156066,0.0,13.0,4.0,7.0,24,1,3,13,0,2,1,0,43.0,0.0,8.358777997909822,4,0,2,1,0,1,6,0,2,2,0,2,nan,0.0,0,0,0,0
306,1,cautious,nop,nan,11,1,29.451768179057538,7.0,2.0,2.0,0.0,11,1,3,10,0,0,0,0,25.0,0.0,3.1587779987853164,3,0,2,1,0,0,5,0,3,1,1,0,nan,0.0,0,0,0,0
307,1,cautious,nop,nan,25,1,29.398796202581785,5.0,6.0,14.0,0.0,23,2,3,12,0,0,1,0,40.0,0.0,8.398796202581778,3,1,1,0,1,0,5,1,2,0,1,1,nan,0.0,0,0,0,0
308,1,cautious,nop,nan,30,0,29.798981664924852,0.0,5.0,18.0,7.0,30,0,6,6,2,1,0,1,45.0,0.0,11.758777997909814,1,0,1,0,0,0,11,0,3,2,1,5,nan,0.0,0,0,0,0
309,1,cautious,nop,nan,12,1,29.49745416262383,0.0,8.0,4.0,0.0,12,1,2,8,1,1,0,1,25.0,0.0,3.558777998059438,2,0,1,0,0,1,4,0,1,1,1,1,nan,0.0,0,0,0,0
310,1,cautious,nop,nan,30,0,29.798981664924852,14.0,8.0,8.0,0.0,30,1,4,21,0,0,0,0,56.0,0.0,11.758777997909814,3,0,0,2,1,0,7,0,1,2,3,1,nan,0.0,0,0,0,0
311,1,cautious,nop,nan,30,0,29.798981664924852,4.0,8.0,16.0,2.0,30,0,3,11,2,3,0,0,49.0,0.0,11.758777997909814,3,0,1,2,0,0,11,0,3,6,1,1,nan,0.0,0,0,0,0
312,1,cautious,nop,nan,30,0,29.798981664924852,2.0,2.0,9.0,17.0,30,0,2,5,0,0,0,0,37.0,0.0,11.758777997909814,0,0,0,0,0,0,6,0,3,1,2,0,nan,0.0,0,0,0,0
313,1,cautious,nop,nan,30,0,29.798981664924852,0.0,1.0,12.0,17.0,30,1,2,1,2,0,0,0,36.0,0.0,11.758777997909814,2,0,0,1,0,1,4,0,1,1,0,2,nan,0.0,0,0,0,0
314,1,cautious,nop,nan,30,0,29.798981664924852,7.0,11.0,8.0,4.0,30,0,1,17,0,0,0,0,48.0,0.0,11.758777997909814,1,0,1,0,0,0,5,0,2,2,0,1,nan,0.0,0,0,0,0
315,1,cautious,nop,nan,30,0,29.798981664924852,0.0,5.0,13.0,12.0,30,1,4,6,1,0,0,0,42.0,0.0,11.758777997909814,3,0,2,0,1,0,10,0,4,3,2,1,nan,0.0,0,0,0,0
316,1,cautious,nop,nan,30,0,29.798981664924852,5.0,14.0,6.0,5.0,30,1,1,19,2,1,0,0,54.0,0.0,11.758777997909814,3,0,1,1,1,0,6,0,3,3,0,0,nan,0.0,0,0,0,0
317,1,cautious,nop,nan,30,0,29.798981664924852,6.0,20.0,4.0,0.0,30,0,0,25,0,0,0,0,55.0,0.0,11.758777997909814,0,0,0,0,0,0,1,0,1,0,0,0,nan,0.0,0,0,0,0
318,1,cautious,nop,nan,30,0,29.798981664924852,7.0,1.0,5.0,17.0,30,0,1,9,1,2,0,0,43.0,0.0,11.758777997909814,1,0,1,0,0,0,7,0,4,2,1,0,nan,0.0,0,0,0,0
319,1,cautious,nop,nan,30,0,29.798981664924852,0.0,2.0,6.0,22.0,30,0,2,1,1,1,0,0,35.0,0.0,11.758777997909814,2,0,1,1,0,0,5,0,1,3,0,1,nan,0.0,0,0,0,0
320,1,cautious,nop,nan,30,0,29.63314673376033,13.0,7.0,4.0,6.0,29,1,3,20,1,0,0,0,54.0,0.0,11.559776080512387,3,0,0,2,1,0,8,1,2,3,1,1,nan,0.0,0,0,0,0
321,1,cautious,nop,nan,30,0,29.798981664924852,0.0,0.0,5.0,25.0,30,0,1,0,0,0,0,0,31.0,0.0,11.758777997909814,0,0,0,0,0,0,3,0,1,1,1,0,nan,0.0,0,0,0,0
322,1,cautious,nop,nan,11,1,27.272658698814123,1.0,10.0,0.0,0.0,5,1,1,11,2,3,0,0,23.0,0.0,2.199969827478215,3,0,2,0,0,1,5,1,2,1,0,1,nan,0.0,0,0,0,0
323,1,cautious,nop,nan,30,0,29.798981664924852,0.0,21.0,5.0,4.0,30,0,2,21,0,1,0,0,54.0,0.0,11.758777997909814,2,0,1,1,0,0,5,0,1,3,1,0,nan,0.0,0,0,0,0
324,1,cautious,nop,nan,29,1,29.792049998198124,3.0,6.0,8.0,12.0,29,1,5,10,1,0,1,0,46.0,0.0,10.358777997909815,1,0,1,0,0,0,9,0,4,1,2,2,nan,0.0,0,0,0,0
325,1,cautious,nop,nan,21,1,29.236640508349968,7.0,9.0,3.0,2.0,18,0,3,16,0,2,1,0,39.0,0.0,6.7587780270139755,3,1,2,0,0,0,7,2,2,2,1,0,nan,0.0,0,0,0,0
326,1,cautious,nop,nan,29,1,29.102394972604284,4.0,10.0,14.0,1.0,24,1,6,15,0,2,1,0,48.0,0.0,9.558778168220968,7,3,2,1,0,1,11,3,3,1,1,3,nan,0.0,0,0,0,0
327,1,cautious,nop,nan,5,1,28.794065760757547,0.0,1.0,4.0,0.0,5,0,0,1,0,1,0,0,7.0,0.0,0.75881315215151,1,0,0,1,0,0,1,0,0,1,0,0,nan,0.0,0,0,0,0
328,1,cautious,nop,nan,30,0,29.46564833573615,22.0,8.0,0.0,0.0,28,1,5,30,2,0,1,0,66.0,0.0,11.358778002883387,4,1,1,2,0,0,9,1,4,2,0,2,nan,0.0,0,0,0,0
329,1,cautious,nop,nan,12,1,29.49745416262383,12.0,0.0,0.0,0.0,11,0,3,12,0,0,1,0,26.0,0.0,3.558777998059438,1,1,0,0,0,0,3,1,1,0,1,0,nan,0.0,0,0,0,0
330,1,cautious,nop,nan,30,0,29.798981664924852,9.0,2.0,9.0,10.0,30,0,0,11,0,3,0,0,44.0,0.0,11.758777997909814,2,0,0,2,0,0,5,0,3,2,0,0,nan,0.0,0,0,0,0
331,1,cautious,nop,nan,22,1,29.725884088533892,12.0,4.0,6.0,0.0,21,1,4,16,1,1,1,0,44.0,0.0,7.558777997909825,3,1,0,1,0,1,7,1,2,2,1,1,nan,0.0,0,0,0,0
332,1,cautious,nop,nan,30,0,29.798981664924852,12.0,18.0,0.0,0.0,30,0,1,30,1,0,0,0,62.0,0.0,11.758777997909814,1,0,1,0,0,0,3,0,2,0,0,1,nan,0.0,0,0,0,0
333,1,cautious,nop,nan,15,1,29.59796332985096,0.0,0.0,8.0,7.0,14,1,3,0,1,2,1,0,21.0,0.0,4.758777997910574,3,1,1,1,0,0,4,1,1,2,0,0,nan,0.0,0,0,0,0
334,1,cautious,nop,nan,16,1,29.623090621734303,3.0,5.0,8.0,0.0,16,1,2,9,3,2,0,2,33.0,0.0,5.158777997909955,2,0,1,1,0,0,5,0,3,1,1,0,nan,0.0,0,0,0,0
335,1,cautious,nop,nan,30,0,29.798981664924852,26.0,4.0,0.0,0.0,30,0,2,30,0,0,0,0,62.0,0.0,11.758777997909814,2,0,1,1,0,0,4,0,1,1,1,1,nan,0.0,0,0,0,0
336,1,cautious,nop,nan,30,0,29.798981664924852,3.0,10.0,11.0,6.0,30,0,2,14,3,0,0,0,49.0,0.0,11.758777997909814,1,0,1,0,0,0,6,0,3,1,0,2,nan,0.0,0,0,0,0
337,1,cautious,nop,nan,9,1,28.869321318929703,0.0,0.0,3.0,6.0,7,0,3,0,0,1,1,0,11.0,0.0,2.192955674814694,2,2,0,0,0,0,3,2,0,0,0,1,nan,0.0,0,0,0,0
338,1,cautious,nop,nan,30,0,29.798981664924852,0.0,16.0,8.0,6.0,30,1,4,15,0,0,0,0,50.0,0.0,11.758777997909814,3,0,1,2,0,0,8,0,2,3,1,2,nan,0.0,0,0,0,0
339,1,cautious,nop,nan,26,1,29.768055767220986,4.0,4.0,10.0,8.0,26,1,3,9,3,2,1,0,44.0,0.0,9.15877799790982,2,0,2,0,0,0,7,0,3,2,2,0,nan,0.0,0,0,0,0
340,1,cautious,nop,nan,30,0,29.798981664924852,6.0,13.0,6.0,5.0,30,2,9,18,1,0,0,0,60.0,0.0,11.758777997909814,7,0,3,3,0,1,15,0,3,5,2,5,nan,0.0,0,0,0,0
341,1,cautious,nop,nan,30,0,29.798981664924852,9.0,10.0,6.0,5.0,30,0,3,18,2,2,0,1,55.0,0.0,11.758777997909814,2,0,1,1,0,0,8,0,1,4,1,2,nan,0.0,0,0,0,0
342,1,cautious,nop,nan,30,0,29.798981664924852,5.0,21.0,4.0,0.0,30,0,0,25,2,0,0,0,57.0,0.0,11.758777997909814,0,0,0,0,0,0,1,0,0,1,0,0,nan,0.0,0,0,0,0
343,1,cautious,nop,nan,30,0,29.798981664924852,9.0,9.0,8.0,4.0,30,0,3,19,1,1,0,0,54.0,0.0,11.758777997909814,4,0,4,0,0,0,10,0,5,3,2,0,nan,0.0,0,0,0,0
344,1,cautious,nop,nan,30,0,29.465653191601618,10.0,9.0,9.0,2.0,28,0,4,20,0,0,0,0,52.0,0.0,11.358783829921938,4,1,2,1,0,0,9,1,4,1,2,1,nan,0.0,0,0,0,0
345,1,cautious,nop,nan,30,0,29.798981664924852,5.0,10.0,12.0,3.0,30,0,1,15,1,1,0,1,48.0,0.0,11.758777997909814,1,0,1,0,0,0,4,0,2,2,0,0,nan,0.0,0,0,0,0
346,1,cautious,nop,nan,30,0,29.798981664924852,0.0,2.0,25.0,3.0,30,0,2,3,2,1,0,1,38.0,0.0,11.758777997909814,1,0,1,0,0,0,6,0,2,2,2,0,nan,0.0,0,0,0,0
347,1,cautious,nop,nan,13,1,29.536111534491145,6.0,7.0,0.0,0.0,13,0,3,12,1,2,0,1,31.0,0.0,3.9587779979353943,3,0,1,2,0,0,6,0,2,2,1,1,nan,0.0,0,0,0,0
348,1,cautious,nop,nan,20,1,29.69847249738728,0.0,4.0,10.0,6.0,20,1,5,4,1,1,0,0,32.0,0.0,6.758777997909828,5,0,3,2,0,0,10,0,3,4,1,2,nan,0.0,0,0,0,0
349,1,cautious,nop,nan,30,0,29.798981664924852,0.0,8.0,20.0,2.0,30,1,6,8,1,1,0,0,47.0,0.0,11.758777997909814,3,0,1,1,1,0,11,0,2,4,4,1,nan,0.0,0,0,0,0
350,1,cautious,nop,nan,4,1,28.493648204534214,2.0,2.0,0.0,0.0,3,1,3,4,0,1,1,0,12.0,0.0,0.35898371272547425,3,1,1,0,1,0,3,1,2,0,0,0,nan,0.0,0,0,0,0
351,1,cautious,nop,nan,30,0,29.798981664924852,1.0,24.0,5.0,0.0,30,1,3,24,1,1,1,0,60.0,0.0,11.758777997909814,2,0,1,0,1,0,5,0,1,2,1,1,nan,0.0,0,0,0,0
352,1,cautious,nop,nan,29,1,29.792049998198124,15.0,14.0,0.0,0.0,29,1,4,29,1,0,1,0,64.0,0.0,10.358777997909815,2,0,1,1,0,0,5,0,3,1,0,1,nan,0.0,0,0,0,0
353,1,cautious,nop,nan,19,1,29.419444734091886,4.0,6.0,1.0,8.0,18,2,5,9,3,1,1,1,38.0,0.0,6.158777997909831,3,0,0,3,0,0,8,0,3,5,0,0,nan,0.0,0,0,0,0
354,1,cautious,nop,nan,30,0,29.798981664924852,4.0,17.0,9.0,0.0,30,0,2,21,0,0,0,0,53.0,0.0,11.758777997909814,2,0,1,1,0,0,5,0,2,1,1,1,nan,0.0,0,0,0,0
355,1,cautious,nop,nan,20,1,29.69847249738728,8.0,12.0,0.0,0.0,20,2,5,20,0,0,1,0,47.0,0.0,6.758777997909828,4,0,2,1,1,0,6,0,2,1,2,1,nan,0.0,0,0,0,0
356,1,cautious,nop,nan,30,0,29.798981664924852,27.0,3.0,0.0,0.0,30,0,2,30,2,2,0,2,66.0,0.0,11.758777997909814,0,0,0,0,0,0,4,0,1,1,0,2,nan,0.0,0,0,0,0
357,1,cautious,nop,nan,19,1,29.682602628828715,10.0,5.0,4.0,0.0,19,1,5,15,0,1,1,0,41.0,0.0,6.3587779979098284,3,0,2,1,0,0,8,0,3,2,1,2,nan,0.0,0,0,0,0
358,1,cautious,nop,nan,30,0,29.798981664924852,20.0,8.0,2.0,0.0,30,0,2,27,0,0,0,0,59.0,0.0,11.758777997909814,1,0,0,1,0,0,3,0,1,1,0,1,nan,0.0,0,0,0,0
359,1,cautious,nop,nan,30,0,29.798981664924852,5.0,16.0,4.0,5.0,30,0,1,21,0,0,0,0,52.0,0.0,11.758777997909814,1,0,1,0,0,0,6,0,3,3,0,0,nan,0.0,0,0,0,0
360,1,cautious,nop,nan,30,0,29.465648331591524,2.0,2.0,6.0,20.0,28,0,0,3,2,2,0,2,35.0,0.0,11.358777997909819,0,0,0,0,0,0,3,0,1,2,0,0,nan,0.0,0,0,0,0
361,1,cautious,nop,nan,30,0,29.798981664924852,7.0,20.0,3.0,0.0,30,0,5,27,1,1,0,1,64.0,0.0,11.758777997909814,2,0,1,1,0,0,9,0,3,2,2,2,nan,0.0,0,0,0,0
362,1,cautious,nop,nan,4,1,28.493648204534214,0.0,0.0,0.0,4.0,4,1,3,0,0,0,1,0,8.0,0.0,0.35898371272547425,1,0,0,1,0,0,3,0,0,2,1,0,nan,0.0,0,0,0,0
363,1,cautious,nop,nan,30,0,29.798981664924852,11.0,9.0,9.0,1.0,30,0,3,19,1,0,0,0,53.0,0.0,11.758777997909814,2,0,1,1,0,0,8,0,1,4,1,2,nan,0.0,0,0,0,0
364,1,cautious,nop,nan,30,0,29.798981664924852,0.0,17.0,7.0,6.0,30,0,1,16,1,0,0,0,48.0,0.0,11.758777997909814,1,0,0,1,0,0,4,0,1,2,1,0,nan,0.0,0,0,0,0
365,1,cautious,nop,nan,30,0,29.798981664924852,11.0,2.0,15.0,2.0,30,1,2,14,0,3,0,0,50.0,0.0,11.758777997909814,4,0,3,1,0,0,6,0,4,1,0,1,nan,0.0,0,0,0,0
366,1,cautious,nop,nan,15,1,29.59796332985096,9.0,6.0,0.0,0.0,15,1,2,14,1,2,0,0,35.0,0.0,4.758777997910574,3,0,1,2,0,0,4,0,1,2,0,1,nan,0.0,0,0,0,0
367,1,cautious,nop,nan,30,0,29.798981664924852,0.0,5.0,16.0,9.0,30,0,2,5,0,0,0,0,37.0,0.0,11.758777997909814,1,0,0,1,0,0,5,0,2,1,1,1,nan,0.0,0,0,0,0
368,1,cautious,nop,nan,30,0,29.798981664924852,3.0,7.0,13.0,7.0,30,0,1,11,2,2,0,1,46.0,0.0,11.758777997909814,1,0,0,1,0,0,9,0,4,4,1,0,nan,0.0,0,0,0,0
369,1,cautious,nop,nan,17,1,29.645261761632128,11.0,5.0,1.0,0.0,16,0,3,16,4,3,1,1,42.0,0.0,5.55877799790985,3,1,1,1,0,0,7,1,2,3,0,1,nan,0.0,0,0,0,0
370,1,cautious,nop,nan,16,1,29.623090621734303,13.0,3.0,0.0,0.0,16,1,3,16,2,0,0,0,38.0,0.0,5.158777997909955,2,0,1,1,0,0,5,0,1,2,0,2,nan,0.0,0,0,0,0
371,1,cautious,nop,nan,30,0,29.798981664924852,0.0,1.0,8.0,21.0,30,0,4,2,0,0,0,0,36.0,0.0,11.758777997909814,2,0,2,0,0,0,6,0,2,0,0,4,nan,0.0,0,0,0,0
372,1,cautious,nop,nan,7,1,28.54627382656053,0.0,0.0,7.0,0.0,5,0,4,0,0,0,2,0,9.0,0.0,1.3929566714369486,2,2,0,0,0,0,4,2,0,0,1,1,nan,0.0,0,0,0,0
373,1,cautious,nop,nan,30,0,29.798981664924852,5.0,4.0,3.0,18.0,30,0,1,10,0,0,0,0,41.0,0.0,11.758777997909814,1,0,0,1,0,0,5,0,4,1,0,0,nan,0.0,0,0,0,0
374,1,cautious,nop,nan,30,0,29.798981664924852,0.0,3.0,8.0,19.0,30,0,2,3,1,0,0,0,36.0,0.0,11.758777997909814,1,0,1,0,0,0,4,0,1,1,1,1,nan,0.0,0,0,0,0
375,1,cautious,nop,nan,30,0,29.798981664924852,5.0,7.0,11.0,7.0,30,0,4,12,0,1,0,0,47.0,0.0,11.758777997909814,1,0,0,1,0,0,9,0,3,2,2,2,nan,0.0,0,0,0,0
376,1,cautious,nop,nan,10,1,28.98238912489556,0.0,0.0,0.0,10.0,8,0,3,0,0,0,2,0,11.0,0.0,2.592955649958223,2,2,0,0,0,0,4,2,0,2,0,0,nan,0.0,0,0,0,0
377,1,cautious,nop,nan,30,0,29.798981664924852,9.0,3.0,6.0,12.0,30,0,1,11,1,1,0,1,44.0,0.0,11.758777997909814,1,0,0,1,0,0,4,0,1,2,0,1,nan,0.0,0,0,0,0
378,1,cautious,nop,nan,30,0,29.798981664924852,0.0,12.0,5.0,13.0,30,2,4,12,1,1,1,0,50.0,0.0,11.758777997909814,4,0,1,1,2,0,7,0,2,2,2,1,nan,0.0,0,0,0,0
379,1,cautious,nop,nan,30,0,29.798981664924852,11.0,19.0,0.0,0.0,30,0,5,30,0,1,0,0,66.0,0.0,11.758777997909814,4,0,2,2,0,0,9,0,3,3,2,1,nan,0.0,0,0,0,0
380,1,cautious,nop,nan,28,1,29.42748050734004,9.0,16.0,3.0,0.0,25,0,5,25,1,0,1,0,56.0,0.0,9.558778168220847,2,1,1,0,0,0,10,2,3,1,2,2,nan,0.0,0,0,0,0
381,1,cautious,nop,nan,30,0,29.798981664924852,8.0,15.0,3.0,4.0,30,0,5,22,2,0,0,0,59.0,0.0,11.758777997909814,1,0,0,1,0,0,11,0,4,3,2,2,nan,0.0,0,0,0,0
382,1,cautious,nop,nan,23,1,29.737802171641114,3.0,10.0,10.0,0.0,22,1,6,14,0,0,1,0,43.0,0.0,7.958777997909824,2,1,0,0,1,0,7,1,2,0,2,2,nan,0.0,0,0,0,0
383,1,cautious,nop,nan,27,1,29.776646294360948,5.0,7.0,8.0,7.0,26,0,2,13,2,1,1,0,44.0,0.0,9.558777997909818,1,1,0,0,0,0,7,1,4,1,1,0,nan,0.0,0,0,0,0
384,1,cautious,nop,nan,30,0,29.798981664924852,0.0,8.0,16.0,6.0,30,1,3,7,2,4,0,2,47.0,0.0,11.758777997909814,5,0,2,3,0,0,8,0,2,4,0,2,nan,0.0,0,0,0,0
385,1,cautious,nop,nan,30,0,29.798981664924852,0.0,4.0,9.0,17.0,30,0,1,5,3,2,0,1,41.0,0.0,11.758777997909814,2,0,2,0,0,0,4,0,3,0,0,1,nan,0.0,0,0,0,0
386,1,cautious,nop,nan,30,0,29.798981664924852,3.0,12.0,15.0,0.0,30,0,1,15,0,0,0,0,46.0,0.0,11.758777997909814,0,0,0,0,0,0,5,0,2,2,1,0,nan,0.0,0,0,0,0
387,1,cautious,nop,nan,16,1,29.623090621734303,5.0,6.0,5.0,0.0,16,1,3,11,2,0,0,0,33.0,0.0,5.158777997909955,2,0,1,1,0,0,5,0,2,1,0,2,nan,0.0,0,0,0,0
388,1,cautious,nop,nan,30,0,29.798981664924852,0.0,7.0,12.0,11.0,30,1,5,8,0,0,1,0,44.0,0.0,11.758777997909814,3,0,1,1,1,0,9,0,4,2,1,2,nan,0.0,0,0,0,0
389,1,cautious,nop,nan,6,1,28.99493335565053,5.0,1.0,0.0,0.0,6,0,0,5,1,1,0,0,13.0,0.0,1.1587840053561282,1,0,0,1,0,0,2,0,0,2,0,0,nan,0.0,0,0,0,0
390,1,cautious,nop,nan,23,1,29.16627592337718,5.0,11.0,7.0,0.0,20,0,4,15,1,1,0,1,41.0,0.0,7.432973849507009,5,2,1,2,0,0,9,2,2,2,1,2,nan,0.0,0,0,0,0
391,1,cautious,nop,nan,30,0,29.798981664924852,17.0,10.0,3.0,0.0,30,0,1,27,3,1,0,0,62.0,0.0,11.758777997909814,1,0,1,0,0,0,6,0,3,2,1,0,nan,0.0,0,0,0,0
392,1,cautious,nop,nan,30,0,29.798981664924852,12.0,18.0,0.0,0.0,30,0,1,30,1,0,0,0,62.0,0.0,11.758777997909814,0,0,0,0,0,0,2,0,1,1,0,0,nan,0.0,0,0,0,0
393,1,cautious,nop,nan,30,0,29.798981664924852,0.0,21.0,7.0,2.0,30,0,1,21,2,1,0,0,55.0,0.0,11.758777997909814,0,0,0,0,0,0,5,0,2,2,0,1,nan,0.0,0,0,0,0
394,1,cautious,nop,nan,30,0,29.798981664924852,21.0,6.0,3.0,0.0,30,0,1,27,1,0,0,0,59.0,0.0,11.758777997909814,1,0,0,1,0,0,5,0,2,2,1,0,nan,0.0,0,0,0,0
395,1,cautious,nop,nan,30,0,29.798981664924852,2.0,9.0,13.0,6.0,30,1,3,12,1,2,0,0,49.0,0.0,11.758777997909814,4,0,2,1,1,0,10,0,4,4,0,2,nan,0.0,0,0,0,0
396,1,cautious,nop,nan,9,1,29.329938966359627,3.0,6.0,0.0,0.0,8,1,3,9,0,1,1,0,22.0,0.0,2.358778027889466,2,1,1,0,0,0,4,1,2,0,1,0,nan,0.0,0,0,0,0
397,1,cautious,nop,nan,30,0,29.798981664924852,2.0,10.0,11.0,7.0,30,0,4,12,1,0,0,0,47.0,0.0,11.758777997909814,2,0,2,0,0,0,10,0,4,3,1,2,nan,0.0,0,0,0,0
398,1,cautious,nop,nan,30,0,29.798981664924852,20.0,10.0,0.0,0.0,30,0,3,30,2,1,0,1,66.0,0.0,11.758777997909814,0,0,0,0,0,0,6,0,2,1,1,2,nan,0.0,0,0,0,0
399,1,cautious,nop,nan,25,1,29.398796202581785,0.0,2.0,10.0,13.0,22,2,4,2,2,1,1,1,33.0,0.0,8.398796202581778,3,0,1,1,1,0,7,1,2,2,1,1,nan,0.0,0,0,0,0
400,1,cautious,nop,nan,30,1,29.798981664924852,5.0,5.0,5.0,15.0,30,1,4,11,4,1,0,0,51.0,0.0,10.758777997909814,3,0,2,0,1,0,9,0,3,2,2,2,nan,0.0,0,0,0,0
401,1,cautious,nop,nan,30,0,29.798981664924852,9.0,15.0,6.0,0.0,30,0,1,24,1,1,0,1,57.0,0.0,11.758777997909814,1,0,1,0,0,0,6,0,3,2,1,0,nan,0.0,0,0,0,0
402,1,cautious,nop,nan,30,0,29.798981664924852,16.0,4.0,6.0,4.0,30,0,2,21,2,0,0,0,55.0,0.0,11.758777997909814,1,0,0,1,0,0,7,0,3,2,0,2,nan,0.0,0,0,0,0
403,1,cautious,nop,nan,30,0,29.798981664924852,18.0,1.0,3.0,8.0,30,0,1,18,1,0,0,0,50.0,0.0,11.758777997909814,1,0,0,1,0,0,2,0,0,1,1,0,nan,0.0,0,0,0,0
404,1,cautious,nop,nan,30,0,29.465648331591524,16.0,11.0,3.0,0.0,28,0,2,26,0,0,0,0,56.0,0.0,11.35877799790983,3,1,1,1,0,0,7,1,1,3,1,1,nan,0.0,0,0,0,0
405,1,cautious,nop,nan,30,0,29.798981664924852,14.0,16.0,0.0,0.0,30,0,4,30,0,0,0,0,64.0,0.0,11.758777997909814,2,0,1,1,0,0,8,0,5,1,2,0,nan,0.0,0,0,0,0
406,1,cautious,nop,nan,30,0,29.798981664924852,0.0,14.0,12.0,4.0,30,0,4,13,1,1,0,1,49.0,0.0,11.758777997909814,2,0,0,2,0,0,7,0,1,2,2,2,nan,0.0,0,0,0,0
407,1,cautious,nop,nan,30,0,29.798981664924852,2.0,12.0,14.0,2.0,30,0,3,14,1,1,0,0,49.0,0.0,11.758777997909814,4,0,2,2,0,0,7,0,2,3,1,1,nan,0.0,0,0,0,0
408,1,cautious,nop,nan,30,0,29.798981664924852,0.0,0.0,10.0,20.0,30,0,5,0,1,1,0,1,37.0,0.0,11.758777997909814,2,0,1,1,0,0,7,0,1,2,1,3,nan,0.0,0,0,0,0
409,1,cautious,nop,nan,30,0,29.798981664924852,28.0,2.0,0.0,0.0,30,0,4,30,1,0,0,0,65.0,0.0,11.758777997909814,1,0,0,1,0,0,6,0,1,1,3,1,nan,0.0,0,0,0,0
410,1,cautious,nop,nan,30,0,28.9656533370672,11.0,5.0,9.0,5.0,25,0,5,15,1,1,0,1,47.0,0.0,10.75878400448064,4,1,1,2,0,0,7,1,3,2,0,1,nan,0.0,0,0,0,0
411,1,cautious,nop,nan,30,0,29.798981664924852,13.0,9.0,5.0,3.0,30,0,6,21,0,0,0,0,57.0,0.0,11.758777997909814,3,0,1,2,0,0,12,0,4,5,0,3,nan,0.0,0,0,0,0
412,1,cautious,nop,nan,30,0,29.798981664924852,8.0,8.0,6.0,8.0,30,1,5,17,3,2,0,1,58.0,0.0,11.758777997909814,4,0,1,3,0,0,8,0,2,4,1,1,nan,0.0,0,0,0,0
413,1,cautious,nop,nan,7,1,29.138496516113285,7.0,0.0,0.0,0.0,7,1,2,7,1,0,0,0,18.0,0.0,1.5587790245117201,2,0,0,1,0,1,3,0,0,1,0,2,nan,0.0,0,0,0,0
414,1,cautious,nop,nan,10,1,28.98238912489556,10.0,0.0,0.0,0.0,8,0,4,10,0,0,2,0,22.0,0.0,2.592955649958223,2,2,0,0,0,0,4,2,0,0,1,1,nan,0.0,0,0,0,0
415,1,cautious,nop,nan,30,0,29.798981664924852,5.0,5.0,13.0,7.0,30,0,4,9,1,1,0,0,45.0,0.0,11.758777997909814,3,0,1,2,0,0,9,0,2,3,3,1,nan,0.0,0,0,0,0
416,1,cautious,nop,nan,30,0,29.798981664924852,16.0,9.0,4.0,1.0,30,1,4,24,1,2,0,1,62.0,0.0,11.758777997909814,4,0,2,1,1,0,10,0,3,3,4,0,nan,0.0,0,0,0,0
417,1,cautious,nop,nan,4,1,28.493648204534214,0.0,0.0,0.0,4.0,4,1,3,0,0,0,1,0,8.0,0.0,0.35898371272547425,1,0,0,1,0,0,3,0,0,2,1,0,nan,0.0,0,0,0,0
418,1,cautious,nop,nan,15,1,29.321592741393,3.0,3.0,5.0,4.0,13,1,6,7,1,1,2,0,29.0,0.0,4.592955644835802,5,1,2,2,0,0,9,1,3,2,1,2,nan,0.0,0,0,0,0
419,1,cautious,nop,nan,30,0,29.798981664924852,18.0,12.0,0.0,0.0,30,0,3,30,2,1,0,1,66.0,0.0,11.758777997909814,1,0,0,1,0,0,7,0,1,3,2,1,nan,0.0,0,0,0,0
420,1,cautious,nop,nan,22,1,29.725884088533892,18.0,4.0,0.0,0.0,22,1,3,22,0,0,0,0,48.0,0.0,7.558777997909825,2,0,0,1,0,1,6,0,2,1,0,3,nan,0.0,0,0,0,0
421,1,cautious,nop,nan,30,0,29.798981664924852,0.0,9.0,12.0,9.0,30,0,1,9,0,1,0,0,41.0,0.0,11.758777997909814,1,0,0,1,0,0,4,0,1,2,1,0,nan,0.0,0,0,0,0
422,1,cautious,nop,nan,5,1,28.794065760757547,0.0,0.0,4.0,1.0,5,1,2,0,0,0,1,0,8.0,0.0,0.75881315215151,1,0,0,1,0,0,3,0,0,2,1,0,nan,0.0,0,0,0,0
423,1,cautious,nop,nan,19,1,29.682602628828715,4.0,6.0,3.0,6.0,19,1,2,11,2,2,0,1,37.0,0.0,6.3587779979098284,3,0,1,2,0,0,7,0,4,2,1,0,nan,0.0,0,0,0,0
424,1,cautious,nop,nan,30,0,29.798981664924852,5.0,16.0,9.0,0.0,30,0,1,21,2,2,0,1,56.0,0.0,11.758777997909814,1,0,1,0,0,0,3,0,1,2,0,0,nan,0.0,0,0,0,0
425,1,cautious,nop,nan,30,0,29.798981664924852,7.0,9.0,10.0,4.0,30,0,4,15,1,0,0,0,50.0,0.0,11.758777997909814,2,0,1,1,0,0,8,0,3,2,0,3,nan,0.0,0,0,0,0
426,1,cautious,nop,nan,17,1,29.645261761632128,0.0,6.0,11.0,0.0,16,1,4,7,0,0,1,0,28.0,0.0,5.55877799790985,2,1,0,0,1,0,5,1,1,0,3,0,nan,0.0,0,0,0,0
427,1,cautious,nop,nan,30,0,29.798981664924852,4.0,21.0,5.0,0.0,30,0,4,25,1,0,0,0,60.0,0.0,11.758777997909814,2,0,1,1,0,0,6,0,2,1,0,3,nan,0.0,0,0,0,0
428,1,cautious,nop,nan,30,0,29.798981664924852,9.0,7.0,1.0,13.0,30,0,3,15,0,0,0,0,48.0,0.0,11.758777997909814,1,0,0,1,0,0,6,0,1,3,1,1,nan,0.0,0,0,0,0
429,1,cautious,nop,nan,30,0,29.798981664924852,18.0,10.0,2.0,0.0,30,2,6,29,0,0,0,0,67.0,0.0,11.758777997909814,4,0,3,0,1,0,10,0,5,1,1,3,nan,0.0,0,0,0,0
430,1,cautious,nop,nan,9,1,29.329938966359627,0.0,0.0,1.0,8.0,9,1,1,0,0,1,1,0,12.0,0.0,2.358778027889466,1,0,0,0,0,1,2,0,1,0,0,1,nan,0.0,0,0,0,0
431,1,cautious,nop,nan,30,0,29.798981664924852,4.0,1.0,9.0,16.0,30,0,2,6,2,0,0,0,40.0,0.0,11.758777997909814,0,0,0,0,0,0,7,0,3,2,0,2,nan,0.0,0,0,0,0
432,1,cautious,nop,nan,11,1,29.451768179057538,11.0,0.0,0.0,0.0,11,1,3,11,1,1,0,1,28.0,0.0,3.1587779987853164,2,0,1,1,0,0,4,0,2,1,0,1,nan,0.0,0,0,0,0
433,1,cautious,nop,nan,11,1,28.25675875086932,4.0,7.0,0.0,0.0,8,0,2,11,2,1,1,1,24.0,0.0,2.6329738503825006,3,2,0,1,0,0,5,2,1,1,1,0,nan,0.0,0,0,0,0
434,1,cautious,nop,nan,27,1,29.776646294360948,8.0,19.0,0.0,0.0,27,1,5,27,0,0,0,0,60.0,0.0,9.558777997909818,5,0,3,2,0,0,9,0,3,2,1,3,nan,0.0,0,0,0,0
435,1,cautious,nop,nan,30,0,29.465653191601618,10.0,12.0,3.0,5.0,28,0,3,22,1,2,0,1,56.0,0.0,11.358783829921938,3,0,1,2,0,0,10,1,3,3,1,2,nan,0.0,0,0,0,0
436,1,cautious,nop,nan,30,0,29.798981664924852,3.0,5.0,12.0,10.0,30,0,6,8,0,0,0,0,44.0,0.0,11.758777997909814,4,0,3,1,0,0,14,0,5,5,1,3,nan,0.0,0,0,0,0
437,1,cautious,nop,nan,30,0,29.798981664924852,8.0,19.0,3.0,0.0,30,0,6,27,2,1,0,1,66.0,0.0,11.758777997909814,4,0,3,1,0,0,12,0,3,3,2,4,nan,0.0,0,0,0,0
438,1,cautious,nop,nan,21,1,29.71283094989265,15.0,6.0,0.0,0.0,20,0,4,21,1,1,1,1,47.0,0.0,7.1587779979098265,2,1,1,0,0,0,6,1,4,1,0,0,nan,0.0,0,0,0,0
439,1,cautious,nop,nan,30,0,29.798981664924852,9.0,10.0,6.0,5.0,30,0,2,19,2,1,0,1,54.0,0.0,11.758777997909814,2,0,0,2,0,0,7,0,2,3,2,0,nan,0.0,0,0,0,0
440,1,cautious,nop,nan,21,1,29.71283094989265,0.0,0.0,6.0,15.0,21,2,4,0,0,0,1,0,27.0,0.0,7.1587779979098265,2,0,0,1,0,1,5,0,0,2,0,3,nan,0.0,0,0,0,0
441,1,cautious,nop,nan,30,0,29.798981664924852,4.0,14.0,6.0,6.0,30,0,3,19,3,1,0,1,56.0,0.0,11.758777997909814,3,0,2,1,0,0,6,0,3,1,1,1,nan,0.0,0,0,0,0
442,1,cautious,nop,nan,30,0,29.798981664924852,9.0,11.0,6.0,4.0,30,0,4,21,1,1,0,1,57.0,0.0,11.758777997909814,1,0,1,0,0,0,10,0,4,2,0,4,nan,0.0,0,0,0,0
443,1,cautious,nop,nan,30,0,29.798981664924852,0.0,14.0,7.0,9.0,30,0,2,13,1,1,0,1,47.0,0.0,11.758777997909814,1,0,1,0,0,0,5,0,1,2,0,2,nan,0.0,0,0,0,0
444,1,cautious,nop,nan,30,0,29.798981664924852,6.0,7.0,4.0,13.0,30,0,2,14,1,1,0,1,48.0,0.0,11.758777997909814,1,0,1,0,0,0,3,0,1,1,0,1,nan,0.0,0,0,0,0
445,1,cautious,nop,nan,11,1,29.451768179057538,9.0,2.0,0.0,0.0,10,0,4,11,1,0,1,0,26.0,0.0,3.1587779987853164,2,1,0,1,0,0,5,1,2,1,0,1,nan,0.0,0,0,0,0
446,1,cautious,nop,nan,30,0,29.798981664924852,14.0,12.0,4.0,0.0,30,0,4,26,1,1,0,0,62.0,0.0,11.758777997909814,3,0,3,0,0,0,10,0,4,3,2,1,nan,0.0,0,0,0,0
447,1,cautious,nop,nan,30,0,29.798981664924852,11.0,11.0,6.0,2.0,30,0,4,23,2,0,0,0,59.0,0.0,11.758777997909814,4,0,2,2,0,0,7,0,3,3,0,1,nan,0.0,0,0,0,0
448,1,cautious,nop,nan,30,0,29.798981664924852,6.0,10.0,11.0,3.0,30,0,4,16,1,1,0,1,52.0,0.0,11.758777997909814,3,0,1,2,0,0,9,0,4,2,1,2,nan,0.0,0,0,0,0
449,1,cautious,nop,nan,30,0,29.798981664924852,6.0,12.0,6.0,6.0,30,0,2,17,3,2,0,0,54.0,0.0,11.758777997909814,4,0,2,2,0,0,10,0,4,5,0,1,nan,0.0,0,0,0,0
450,1,cautious,nop,nan,30,0,29.798981664924852,6.0,9.0,11.0,4.0,30,0,2,14,3,1,0,1,50.0,0.0,11.758777997909814,1,0,0,1,0,0,6,0,2,3,0,1,nan,0.0,0,0,0,0
451,1,cautious,nop,nan,30,0,29.798981664924852,5.0,12.0,1.0,12.0,30,0,2,18,1,1,0,0,52.0,0.0,11.758777997909814,2,0,2,0,0,0,7,0,4,1,1,1,nan,0.0,0,0,0,0
452,1,cautious,nop,nan,30,0,29.798981664924852,4.0,22.0,4.0,0.0,30,0,4,26,1,0,0,0,61.0,0.0,11.758777997909814,1,0,1,0,0,0,9,0,3,2,2,2,nan,0.0,0,0,0,0
453,1,cautious,nop,nan,30,0,29.465653191601618,0.0,1.0,11.0,18.0,28,0,4,2,0,0,0,0,34.0,0.0,11.358783829921938,4,1,3,0,0,0,8,1,3,1,2,1,nan,0.0,0,0,0,0
454,1,cautious,nop,nan,19,1,29.682602628828715,4.0,15.0,0.0,0.0,19,1,5,19,0,0,0,0,44.0,0.0,6.3587779979098284,3,0,2,1,0,0,7,0,2,1,2,2,nan,0.0,0,0,0,0
455,1,cautious,nop,nan,30,0,29.798981664924852,6.0,7.0,7.0,10.0,30,1,3,12,1,0,0,0,47.0,0.0,11.758777997909814,3,0,1,1,1,0,6,0,2,2,1,1,nan,0.0,0,0,0,0
456,1,cautious,nop,nan,30,0,29.798981664924852,0.0,7.0,10.0,13.0,30,0,2,8,1,0,0,0,41.0,0.0,11.758777997909814,0,0,0,0,0,0,6,0,3,1,1,1,nan,0.0,0,0,0,0
457,1,cautious,nop,nan,30,0,29.798981664924852,0.0,12.0,9.0,9.0,30,0,4,13,3,0,0,0,50.0,0.0,11.758777997909814,1,0,1,0,0,0,8,0,3,2,2,1,nan,0.0,0,0,0,0
458,1,cautious,nop,nan,30,0,29.798981664924852,12.0,10.0,8.0,0.0,30,1,4,22,1,0,1,0,58.0,0.0,11.758777997909814,3,0,1,2,0,0,9,0,4,4,1,0,nan,0.0,0,0,0,0
459,1,cautious,nop,nan,30,0,29.798981664924852,3.0,15.0,10.0,2.0,30,0,5,19,1,2,0,1,57.0,0.0,11.758777997909814,4,0,2,2,0,0,9,0,2,3,2,2,nan,0.0,0,0,0,0
460,1,cautious,nop,nan,30,0,29.798981664924852,0.0,5.0,13.0,12.0,30,0,0,4,2,1,0,0,37.0,0.0,11.758777997909814,0,0,0,0,0,0,2,0,1,1,0,0,nan,0.0,0,0,0,0
461,1,cautious,nop,nan,30,0,29.798981664924852,0.0,3.0,22.0,5.0,30,0,2,3,1,1,0,1,37.0,0.0,11.758777997909814,1,0,1,0,0,0,5,0,2,1,1,1,nan,0.0,0,0,0,0
462,1,cautious,nop,nan,30,0,27.001003159516305,3.0,8.0,19.0,0.0,20,1,1,11,1,3,0,1,37.0,0.0,8.401203791419562,12,7,3,1,1,0,6,2,2,1,0,1,nan,0.0,0,0,0,0
463,1,cautious,nop,nan,30,0,29.798981664924852,4.0,7.0,8.0,11.0,30,0,1,12,0,0,0,0,43.0,0.0,11.758777997909814,0,0,0,0,0,0,6,0,3,2,0,1,nan,0.0,0,0,0,0
464,1,cautious,nop,nan,30,0,29.798981664924852,12.0,8.0,4.0,6.0,30,0,2,21,2,1,0,0,56.0,0.0,11.758777997909814,2,0,2,0,0,0,8,0,4,3,0,1,nan,0.0,0,0,0,0
465,1,cautious,nop,nan,19,1,29.682602628828715,19.0,0.0,0.0,0.0,19,1,2,19,0,0,0,0,41.0,0.0,6.3587779979098284,2,0,1,1,0,0,3,0,1,1,1,0,nan,0.0,0,0,0,0
466,1,cautious,nop,nan,30,0,29.798981664924852,18.0,3.0,6.0,3.0,30,1,3,20,1,2,0,0,57.0,0.0,11.758777997909814,2,0,0,1,1,0,7,0,1,4,1,1,nan,0.0,0,0,0,0
467,1,cautious,nop,nan,30,0,29.798981664924852,0.0,9.0,14.0,7.0,30,0,4,9,3,2,0,2,48.0,0.0,11.758777997909814,2,0,2,0,0,0,8,0,3,1,0,4,nan,0.0,0,0,0,0
468,1,cautious,nop,nan,30,0,29.798981664924852,10.0,3.0,6.0,11.0,30,0,2,14,0,0,0,0,46.0,0.0,11.758777997909814,1,0,1,0,0,0,6,0,3,1,0,2,nan,0.0,0,0,0,0
469,1,cautious,nop,nan,30,0,29.798981664924852,0.0,4.0,13.0,13.0,30,0,2,4,1,0,0,0,37.0,0.0,11.758777997909814,2,0,2,0,0,0,5,0,3,1,1,0,nan,0.0,0,0,0,0
470,1,cautious,nop,nan,30,0,29.465676771291342,4.0,19.0,7.0,0.0,28,0,4,23,1,1,1,0,57.0,0.0,11.35881212554961,4,1,2,1,0,0,10,1,4,2,3,0,nan,0.0,0,0,0,0
471,1,cautious,nop,nan,30,0,29.798981664924852,0.0,4.0,13.0,13.0,30,0,2,4,2,0,0,0,38.0,0.0,11.758777997909814,0,0,0,0,0,0,6,0,3,1,0,2,nan,0.0,0,0,0,0
472,1,cautious,nop,nan,30,0,29.798981664924852,6.0,13.0,7.0,4.0,30,0,1,20,2,1,0,1,54.0,0.0,11.758777997909814,0,0,0,0,0,0,4,0,2,1,0,1,nan,0.0,0,0,0,0
473,1,cautious,nop,nan,7,1,29.138496516113285,0.0,0.0,0.0,7.0,7,1,4,0,0,0,1,0,12.0,0.0,1.5587790245117201,1,0,0,0,1,0,4,0,0,1,1,2,nan,0.0,0,0,0,0
474,1,cautious,nop,nan,30,0,29.798981664924852,20.0,6.0,4.0,0.0,30,0,2,26,1,0,0,0,59.0,0.0,11.758777997909814,1,0,0,1,0,0,5,0,1,2,1,1,nan,0.0,0,0,0,0
475,1,cautious,nop,nan,30,0,29.798981664924852,2.0,8.0,11.0,9.0,30,1,3,9,1,0,0,0,44.0,0.0,11.758777997909814,3,0,1,1,1,0,6,0,1,3,2,0,nan,0.0,0,0,0,0
476,1,cautious,nop,nan,30,0,29.798981664924852,12.0,8.0,1.0,9.0,30,0,1,21,2,0,0,0,54.0,0.0,11.758777997909814,1,0,0,1,0,0,3,0,2,1,0,0,nan,0.0,0,0,0,0
477,1,cautious,nop,nan,30,0,29.63231499886309,7.0,16.0,2.0,5.0,29,0,3,24,1,1,0,1,58.0,0.0,11.558777998635708,3,0,2,1,0,0,8,0,3,2,2,1,nan,0.0,0,0,0,0
478,1,cautious,nop,nan,19,1,29.464415322151382,8.0,1.0,6.0,4.0,17,0,2,8,2,2,0,1,31.0,0.0,6.192955644835056,2,1,1,0,0,0,6,1,1,4,0,0,nan,0.0,0,0,0,0
479,1,cautious,nop,nan,26,1,29.768055767220986,12.0,4.0,9.0,1.0,25,0,4,15,1,2,1,0,47.0,0.0,9.15877799790982,2,1,0,1,0,0,9,1,2,3,2,1,nan,0.0,0,0,0,0
480,1,cautious,nop,nan,6,1,28.99493335565053,6.0,0.0,0.0,0.0,5,0,3,6,0,0,1,0,14.0,0.0,1.1587840053561282,1,1,0,0,0,0,3,1,1,0,1,0,nan,0.0,0,0,0,0
481,1,cautious,nop,nan,30,0,29.798981664924852,10.0,13.0,7.0,0.0,30,0,4,23,2,0,0,0,59.0,0.0,11.758777997909814,2,0,1,1,0,0,9,0,3,2,1,3,nan,0.0,0,0,0,0
482,1,cautious,nop,nan,30,0,29.798981664924852,1.0,18.0,11.0,0.0,30,0,1,19,0,1,0,0,51.0,0.0,11.758777997909814,1,0,0,1,0,0,4,0,2,1,0,1,nan,0.0,0,0,0,0
483,1,cautious,nop,nan,30,0,29.798981664924852,3.0,10.0,15.0,2.0,30,0,10,13,1,0,0,0,54.0,0.0,11.758777997909814,4,0,1,3,0,0,15,0,3,3,5,4,nan,0.0,0,0,0,0
484,1,cautious,nop,nan,30,0,29.798981664924852,2.0,8.0,10.0,10.0,30,0,3,9,1,1,0,1,44.0,0.0,11.758777997909814,3,0,1,2,0,0,7,0,1,4,2,0,nan,0.0,0,0,0,0
485,1,cautious,nop,nan,30,0,29.798981664924852,5.0,3.0,17.0,5.0,30,0,2,8,2,1,0,0,43.0,0.0,11.758777997909814,2,0,2,0,0,0,5,0,3,0,0,2,nan,0.0,0,0,0,0
486,1,cautious,nop,nan,30,1,29.798981664924852,0.0,10.0,10.0,10.0,30,1,4,10,4,1,0,0,50.0,0.0,10.758777997909814,3,0,2,1,0,0,12,0,5,5,0,2,nan,0.0,0,0,0,0
487,1,cautious,nop,nan,30,0,29.465648331612204,11.0,12.0,6.0,1.0,28,1,3,23,1,3,0,0,59.0,0.0,11.358777997934647,6,0,5,0,1,0,12,1,5,4,1,1,nan,0.0,0,0,0,0
488,1,cautious,nop,nan,30,0,29.798981664924852,9.0,12.0,9.0,0.0,30,0,2,21,1,0,0,0,54.0,0.0,11.758777997909814,0,0,0,0,0,0,6,0,3,1,1,1,nan,0.0,0,0,0,0
489,1,cautious,nop,nan,30,0,29.798981664924852,5.0,10.0,12.0,3.0,30,0,1,15,2,0,0,0,48.0,0.0,11.758777997909814,0,0,0,0,0,0,5,0,2,2,1,0,nan,0.0,0,0,0,0
490,1,cautious,nop,nan,27,1,27.26035263000205,9.0,13.0,2.0,3.0,17,1,6,22,2,4,1,1,52.0,0.0,6.841180840402214,11,6,3,2,0,0,11,3,4,1,1,2,nan,0.0,0,0,0,0
491,1,cautious,nop,nan,28,1,29.784623212419486,16.0,8.0,4.0,0.0,28,1,6,24,1,0,0,0,60.0,0.0,9.958777997909817,4,0,1,3,0,0,12,0,4,4,2,2,nan,0.0,0,0,0,0
492,1,cautious,nop,nan,30,0,29.798981664924852,10.0,17.0,1.0,2.0,30,0,5,28,0,1,0,0,64.0,0.0,11.758777997909814,4,0,3,1,0,0,8,0,4,1,2,1,nan,0.0,0,0,0,0
493,1,cautious,nop,nan,30,0,29.798981664924852,6.0,14.0,10.0,0.0,30,0,3,21,3,3,0,1,60.0,0.0,11.758777997909814,3,0,3,0,0,0,9,0,4,2,1,2,nan,0.0,0,0,0,0
494,1,cautious,nop,nan,30,0,29.798981664924852,0.0,4.0,22.0,4.0,30,0,1,4,2,1,0,1,38.0,0.0,11.758777997909814,1,0,1,0,0,0,3,0,1,1,0,1,nan,0.0,0,0,0,0
495,1,cautious,nop,nan,30,0,29.798981664924852,12.0,18.0,0.0,0.0,30,0,3,30,0,0,0,0,63.0,0.0,11.758777997909814,1,0,0,1,0,0,5,0,1,2,0,2,nan,0.0,0,0,0,0
496,1,cautious,nop,nan,30,0,29.798981664924852,5.0,8.0,17.0,0.0,30,2,4,12,1,0,1,0,49.0,0.0,11.758777997909814,4,0,3,0,1,0,7,0,3,2,1,1,nan,0.0,0,0,0,0
497,1,cautious,nop,nan,30,0,29.798981664924852,9.0,4.0,17.0,0.0,30,0,4,14,2,1,0,1,51.0,0.0,11.758777997909814,2,0,1,1,0,0,9,0,3,3,0,3,nan,0.0,0,0,0,0
498,1,cautious,nop,nan,30,0,29.798981664924852,12.0,9.0,6.0,3.0,30,2,5,22,1,0,0,0,60.0,0.0,11.758777997909814,4,0,1,2,1,0,10,0,5,2,2,1,nan,0.0,0,0,0,0
499,1,cautious,nop,nan,30,0,29.798981664924852,0.0,11.0,14.0,5.0,30,0,2,12,2,2,0,2,48.0,0.0,11.758777997909814,1,0,1,0,0,0,6,0,3,2,0,1,nan,0.0,0,0,0,0
500,1,cautious,nop,nan,30,0,29.465653191601618,7.0,10.0,5.0,8.0,28,0,6,17,3,2,0,1,56.0,0.0,11.358783829921938,5,0,3,2,0,0,12,1,3,3,0,5,nan,0.0,0,0,0,0
501,1,cautious,nop,nan,30,0,29.798981664924852,6.0,16.0,7.0,1.0,30,0,2,22,3,1,0,0,58.0,0.0,11.758777997909814,2,0,0,2,0,0,8,0,2,4,1,1,nan,0.0,0,0,0,0
502,1,cautious,nop,nan,30,0,29.798981664924852,12.0,6.0,9.0,3.0,30,0,1,17,2,2,0,0,52.0,0.0,11.758777997909814,1,0,1,0,0,0,5,0,2,2,0,1,nan,0.0,0,0,0,0
503,1,cautious,nop,nan,30,0,29.465648331591524,15.0,15.0,0.0,0.0,28,0,3,30,1,1,0,1,63.0,0.0,11.358777997909822,3,0,1,2,0,0,8,1,3,2,2,0,nan,0.0,0,0,0,0
504,1,cautious,nop,nan,30,0,29.798981664924852,10.0,13.0,7.0,0.0,30,0,6,23,0,0,0,0,59.0,0.0,11.758777997909814,2,0,2,0,0,0,11,0,2,3,2,4,nan,0.0,0,0,0,0
505,1,cautious,nop,nan,30,0,29.63231499825819,0.0,0.0,10.0,20.0,29,0,1,0,1,1,0,1,32.0,0.0,11.558777997909825,1,0,0,1,0,0,3,0,2,1,0,0,nan,0.0,0,0,0,0
506,1,cautious,nop,nan,30,0,29.798981664924852,6.0,10.0,13.0,1.0,30,0,5,15,1,1,0,1,52.0,0.0,11.758777997909814,4,0,0,4,0,0,12,0,4,5,1,2,nan,0.0,0,0,0,0
507,1,cautious,nop,nan,30,0,29.798981664924852,5.0,19.0,6.0,0.0,30,0,1,24,1,0,0,0,56.0,0.0,11.758777997909814,0,0,0,0,0,0,2,0,1,0,0,1,nan,0.0,0,0,0,0
508,1,cautious,nop,nan,19,1,29.682602628828715,0.0,0.0,8.0,11.0,18,1,4,0,1,0,1,0,24.0,0.0,6.3587779979098284,2,1,0,0,0,1,5,1,1,0,1,2,nan,0.0,0,0,0,0
509,1,cautious,nop,nan,30,0,29.798981664924852,11.0,11.0,8.0,0.0,30,0,2,21,0,0,0,0,53.0,0.0,11.758777997909814,1,0,1,0,0,0,5,0,1,2,2,0,nan,0.0,0,0,0,0
510,1,cautious,nop,nan,30,0,29.798981664924852,4.0,1.0,6.0,19.0,30,1,8,4,0,0,1,0,43.0,0.0,11.758777997909814,4,0,3,1,0,0,11,0,3,3,3,2,nan,0.0,0,0,0,0
511,1,cautious,nop,nan,30,0,29.798981664924852,5.0,6.0,12.0,7.0,30,0,4,10,3,2,0,2,49.0,0.0,11.758777997909814,3,0,2,1,0,0,8,0,4,2,1,1,nan,0.0,0,0,0,0
512,1,cautious,nop,nan,18,1,29.434660617826466,4.0,2.0,3.0,9.0,16,0,3,7,2,0,1,0,28.0,0.0,5.79295564483506,2,1,0,1,0,0,6,1,4,1,0,0,nan,0.0,0,0,0,0
513,1,cautious,nop,nan,30,0,29.798981664924852,12.0,10.0,8.0,0.0,30,1,5,22,0,0,0,0,58.0,0.0,11.758777997909814,3,0,2,0,1,0,9,0,2,3,4,0,nan,0.0,0,0,0,0
514,1,cautious,nop,nan,30,0,29.798981664924852,18.0,12.0,0.0,0.0,30,0,5,30,0,0,0,0,65.0,0.0,11.758777997909814,2,0,0,2,0,0,9,0,2,3,3,1,nan,0.0,0,0,0,0
515,1,cautious,nop,nan,30,0,29.798981664924852,4.0,14.0,12.0,0.0,30,0,7,17,3,2,0,1,59.0,0.0,11.758777997909814,4,0,2,2,0,0,15,0,4,4,5,2,nan,0.0,0,0,0,0
516,1,cautious,nop,nan,14,1,29.569246424846778,11.0,2.0,1.0,0.0,13,0,1,13,2,2,1,0,31.0,0.0,4.3587779979141965,2,1,1,0,0,0,3,1,1,1,0,0,nan,0.0,0,0,0,0
517,1,cautious,nop,nan,30,0,29.798981664924852,13.0,12.0,5.0,0.0,30,0,3,25,0,0,0,0,58.0,0.0,11.758777997909814,2,0,1,1,0,0,6,0,2,1,1,2,nan,0.0,0,0,0,0
518,1,cautious,nop,nan,30,0,29.46564833159213,18.0,8.0,1.0,3.0,28,0,3,27,1,0,0,0,59.0,0.0,11.358777997910554,3,1,2,0,0,0,7,1,3,1,0,2,nan,0.0,0,0,0,0
519,1,cautious,nop,nan,30,0,29.798981664924852,11.0,19.0,0.0,0.0,30,0,2,30,0,0,0,0,62.0,0.0,11.758777997909814,0,0,0,0,0,0,5,0,3,1,1,0,nan,0.0,0,0,0,0
520,1,cautious,nop,nan,18,1,29.66496944154143,11.0,1.0,6.0,0.0,18,1,3,13,0,0,1,0,35.0,0.0,5.958777997909832,1,0,1,0,0,0,3,0,1,0,2,0,nan,0.0,0,0,0,0
521,1,cautious,nop,nan,30,0,29.798981664924852,5.0,25.0,0.0,0.0,30,0,3,29,1,1,0,1,64.0,0.0,11.758777997909814,2,0,2,0,0,0,8,0,2,3,3,0,nan,0.0,0,0,0,0
522,1,cautious,nop,nan,30,0,27.367684000045177,0.0,2.0,22.0,6.0,20,0,0,2,1,2,0,0,25.0,0.0,8.84122080005422,9,7,1,1,0,0,6,3,1,2,0,0,nan,0.0,0,0,0,0
523,1,cautious,nop,nan,30,0,29.798981664924852,8.0,19.0,3.0,0.0,30,0,3,27,3,3,0,2,66.0,0.0,11.758777997909814,1,0,1,0,0,0,7,0,2,2,1,2,nan,0.0,0,0,0,0
524,1,cautious,nop,nan,17,1,29.645261761632128,2.0,3.0,1.0,11.0,17,1,3,4,1,2,0,0,28.0,0.0,5.55877799790985,5,0,2,3,0,0,7,0,2,5,0,0,nan,0.0,0,0,0,0
525,1,cautious,nop,nan,30,0,29.798981664924852,6.0,14.0,10.0,0.0,30,0,3,20,0,1,0,0,54.0,0.0,11.758777997909814,1,0,1,0,0,0,6,0,3,1,2,0,nan,0.0,0,0,0,0
526,1,cautious,nop,nan,22,1,29.725884088533892,8.0,9.0,2.0,3.0,22,1,5,16,0,0,1,0,44.0,0.0,7.558777997909825,2,0,1,0,0,1,8,0,1,3,2,2,nan,0.0,0,0,0,0
527,1,cautious,nop,nan,22,1,29.537449596403466,14.0,8.0,0.0,0.0,20,1,4,22,0,0,1,0,47.0,0.0,7.3929556448350535,3,1,1,0,0,1,6,1,1,1,1,2,nan,0.0,0,0,0,0
528,1,cautious,nop,nan,30,0,29.798981664924852,4.0,15.0,11.0,0.0,30,1,4,19,3,1,1,1,58.0,0.0,11.758777997909814,3,0,1,1,0,1,5,0,1,1,0,3,nan,0.0,0,0,0,0
529,1,cautious,nop,nan,30,0,29.798981664924852,15.0,15.0,0.0,0.0,30,0,0,30,1,0,0,0,61.0,0.0,11.758777997909814,0,0,0,0,0,0,2,0,1,1,0,0,nan,0.0,0,0,0,0
530,1,cautious,nop,nan,30,0,29.798981664924852,9.0,5.0,8.0,8.0,30,0,1,14,1,0,0,0,46.0,0.0,11.758777997909814,0,0,0,0,0,0,5,0,2,2,1,0,nan,0.0,0,0,0,0
531,1,cautious,nop,nan,30,0,29.798981664924852,5.0,5.0,5.0,15.0,30,0,3,11,1,1,0,0,46.0,0.0,11.758777997909814,2,0,2,0,0,0,9,0,3,3,1,2,nan,0.0,0,0,0,0
532,1,cautious,nop,nan,30,0,29.798981664924852,14.0,14.0,2.0,0.0,30,1,7,27,1,0,0,0,66.0,0.0,11.758777997909814,5,0,1,3,1,0,10,0,1,3,5,1,nan,0.0,0,0,0,0
533,1,cautious,nop,nan,30,0,29.798981664924852,0.0,3.0,10.0,17.0,30,0,2,4,2,0,0,0,38.0,0.0,11.758777997909814,1,0,1,0,0,0,6,0,3,1,1,1,nan,0.0,0,0,0,0
534,1,cautious,nop,nan,30,0,29.798981664924852,11.0,13.0,2.0,4.0,30,0,1,24,1,1,0,0,57.0,0.0,11.758777997909814,1,0,1,0,0,0,7,0,3,4,0,0,nan,0.0,0,0,0,0
535,1,cautious,nop,nan,30,0,29.46564833159152,15.0,9.0,3.0,3.0,28,0,2,23,3,2,0,1,58.0,0.0,11.358777997909819,3,0,2,1,0,0,9,0,4,3,1,1,nan,0.0,0,0,0,0
536,1,cautious,nop,nan,15,1,29.59796332985096,12.0,3.0,0.0,0.0,15,1,4,15,0,1,1,0,36.0,0.0,4.758777997910574,2,0,2,0,0,0,6,0,3,1,1,1,nan,0.0,0,0,0,0
537,1,cautious,nop,nan,18,1,29.66496944154143,6.0,6.0,6.0,0.0,18,1,3,13,0,1,0,0,36.0,0.0,5.958777997909832,3,0,2,1,0,0,6,0,3,1,1,1,nan,0.0,0,0,0,0
538,1,cautious,nop,nan,30,0,29.798981664924852,27.0,2.0,1.0,0.0,30,0,1,29,1,1,0,0,62.0,0.0,11.758777997909814,2,0,0,2,0,0,5,0,2,2,1,0,nan,0.0,0,0,0,0
539,1,cautious,nop,nan,30,0,29.798981664924852,8.0,8.0,10.0,4.0,30,0,5,15,2,2,0,2,54.0,0.0,11.758777997909814,3,0,1,2,0,0,9,0,2,3,2,2,nan,0.0,0,0,0,0
540,1,cautious,nop,nan,30,1,29.798981664924852,3.0,13.0,8.0,6.0,30,2,3,17,4,2,0,2,58.0,0.0,10.758777997909814,4,0,2,1,1,0,5,0,3,1,1,0,nan,0.0,0,0,0,0
541,1,cautious,nop,nan,30,0,29.798981664924852,0.0,3.0,10.0,17.0,30,0,1,3,2,0,0,0,36.0,0.0,11.758777997909814,1,0,1,0,0,0,4,0,2,1,0,1,nan,0.0,0,0,0,0
542,1,cautious,nop,nan,17,1,29.645261761632128,0.0,6.0,2.0,9.0,17,1,2,5,0,0,0,0,25.0,0.0,5.55877799790985,2,0,0,1,1,0,6,0,2,2,2,0,nan,0.0,0,0,0,0
543,1,cautious,nop,nan,26,1,29.768055767220986,12.0,14.0,0.0,0.0,26,2,6,26,0,0,0,0,60.0,0.0,9.15877799790982,6,0,4,2,0,0,11,0,5,3,1,2,nan,0.0,0,0,0,0
544,1,cautious,nop,nan,19,1,29.682602628828715,13.0,6.0,0.0,0.0,19,2,2,19,0,1,1,0,43.0,0.0,6.3587779979098284,2,0,2,0,0,0,3,0,3,0,0,0,nan,0.0,0,0,0,0
545,1,cautious,nop,nan,30,0,29.798981664924852,0.0,3.0,13.0,14.0,30,0,3,3,1,0,0,0,37.0,0.0,11.758777997909814,2,0,2,0,0,0,5,0,2,1,1,1,nan,0.0,0,0,0,0
546,1,cautious,nop,nan,30,0,29.798981664924852,0.0,9.0,21.0,0.0,30,0,1,8,0,0,0,0,39.0,0.0,11.758777997909814,0,0,0,0,0,0,2,0,1,0,1,0,nan,0.0,0,0,0,0
547,1,cautious,nop,nan,30,0,29.798981664924852,12.0,14.0,4.0,0.0,30,0,5,25,0,2,0,0,62.0,0.0,11.758777997909814,3,0,2,1,0,0,10,0,3,3,2,2,nan,0.0,0,0,0,0
548,1,cautious,nop,nan,30,0,29.798981664924852,6.0,17.0,5.0,2.0,30,0,3,23,1,0,0,0,57.0,0.0,11.758777997909814,2,0,2,0,0,0,8,0,4,2,2,0,nan,0.0,0,0,0,0
549,1,cautious,nop,nan,30,1,29.798981664924852,9.0,3.0,13.0,5.0,29,1,7,12,2,0,1,0,51.0,0.0,10.758777997909814,4,1,3,0,0,0,12,1,5,2,2,2,nan,0.0,0,0,0,0
550,1,cautious,nop,nan,30,0,29.798981664924852,3.0,14.0,11.0,2.0,30,0,3,17,3,1,0,0,54.0,0.0,11.758777997909814,3,0,3,0,0,0,9,0,5,2,0,2,nan,0.0,0,0,0,0
551,1,cautious,nop,nan,27,1,29.406275928595726,5.0,7.0,11.0,4.0,25,1,5,12,1,0,0,0,44.0,0.0,9.158778002883384,5,1,1,3,0,0,10,1,3,4,1,1,nan,0.0,0,0,0,0
552,1,cautious,nop,nan,30,0,29.46564833159152,14.0,16.0,0.0,0.0,28,0,7,30,1,1,0,0,67.0,0.0,11.358777997909826,5,1,1,3,0,0,13,1,5,3,2,2,nan,0.0,0,0,0,0
553,1,cautious,nop,nan,21,1,29.71283094989265,5.0,8.0,8.0,0.0,21,2,4,14,0,0,1,0,41.0,0.0,7.1587779979098265,3,0,2,0,0,1,5,0,2,0,0,3,nan,0.0,0,0,0,0
554,1,cautious,nop,nan,30,0,29.798981664924852,3.0,1.0,3.0,23.0,30,0,3,5,2,1,0,0,41.0,0.0,11.758777997909814,2,0,2,0,0,0,6,0,4,0,0,2,nan,0.0,0,0,0,0
555,1,cautious,nop,nan,15,1,29.59796332985096,0.0,0.0,7.0,8.0,15,0,1,0,1,1,0,1,18.0,0.0,4.758777997910574,1,0,0,1,0,0,4,0,2,1,1,0,nan,0.0,0,0,0,0
556,1,cautious,nop,nan,30,0,29.798981664924852,15.0,15.0,0.0,0.0,30,2,4,30,1,0,1,0,67.0,0.0,11.758777997909814,2,0,0,0,2,0,6,0,1,2,1,2,nan,0.0,0,0,0,0
557,1,cautious,nop,nan,30,0,29.798981664924852,0.0,9.0,9.0,12.0,30,0,5,9,1,1,0,0,46.0,0.0,11.758777997909814,3,0,1,2,0,0,11,0,3,3,3,2,nan,0.0,0,0,0,0
558,1,cautious,nop,nan,30,0,29.798981664924852,6.0,11.0,10.0,3.0,30,0,4,18,1,0,0,0,53.0,0.0,11.758777997909814,2,0,1,1,0,0,10,0,3,3,1,3,nan,0.0,0,0,0,0
559,1,cautious,nop,nan,20,1,29.69847249738728,7.0,4.0,6.0,3.0,19,0,1,10,1,1,1,0,32.0,0.0,6.758777997909828,1,1,0,0,0,0,5,1,2,2,0,0,nan,0.0,0,0,0,0
560,1,cautious,nop,nan,30,0,29.798981664924852,0.0,10.0,14.0,6.0,30,1,3,10,0,0,0,0,44.0,0.0,11.758777997909814,3,0,1,1,1,0,8,0,3,3,2,0,nan,0.0,0,0,0,0
561,1,cautious,nop,nan,30,0,29.798981664924852,9.0,17.0,4.0,0.0,30,1,6,25,1,2,0,1,65.0,0.0,11.758777997909814,4,0,1,2,1,0,10,0,1,4,2,3,nan,0.0,0,0,0,0
562,1,cautious,nop,nan,30,0,29.798981664924852,6.0,7.0,11.0,6.0,30,0,3,14,1,0,0,0,48.0,0.0,11.758777997909814,2,0,1,1,0,0,8,0,4,1,2,1,nan,0.0,0,0,0,0
563,1,cautious,nop,nan,29,1,29.792049998198124,4.0,12.0,6.0,7.0,29,0,5,15,3,2,0,1,54.0,0.0,10.358777997909815,3,0,2,1,0,0,12,0,4,3,2,3,nan,0.0,0,0,0,0
564,1,cautious,nop,nan,30,0,29.798981664924852,19.0,6.0,4.0,1.0,30,1,4,24,0,0,0,0,59.0,0.0,11.758777997909814,4,0,2,2,0,0,8,0,2,3,2,1,nan,0.0,0,0,0,0
565,1,cautious,nop,nan,30,0,29.46564833159213,0.0,15.0,10.0,5.0,28,0,3,15,2,1,0,1,49.0,0.0,11.358777997910554,3,0,3,0,0,0,5,0,3,1,0,1,nan,0.0,0,0,0,0
566,1,cautious,nop,nan,30,0,29.798981664924852,0.0,0.0,16.0,14.0,30,0,1,1,3,3,0,3,38.0,0.0,11.758777997909814,1,0,1,0,0,0,4,0,3,0,0,1,nan,0.0,0,0,0,0
567,1,cautious,nop,nan,30,0,29.798981664924852,9.0,13.0,8.0,0.0,30,0,3,21,0,0,0,0,54.0,0.0,11.758777997909814,2,0,1,1,0,0,6,0,2,2,1,1,nan,0.0,0,0,0,0
568,1,cautious,nop,nan,30,0,29.798981664924852,0.0,2.0,12.0,16.0,30,0,2,3,1,2,0,1,38.0,0.0,11.758777997909814,2,0,1,1,0,0,8,0,3,3,1,1,nan,0.0,0,0,0,0
569,1,cautious,nop,nan,30,0,29.798981664924852,6.0,14.0,10.0,0.0,30,0,2,21,1,0,0,0,54.0,0.0,11.758777997909814,1,0,0,1,0,0,3,0,1,1,0,1,nan,0.0,0,0,0,0
570,1,cautious,nop,nan,30,0,29.798981664924852,5.0,10.0,11.0,4.0,30,0,1,15,1,2,0,0,49.0,0.0,11.758777997909814,2,0,2,0,0,0,6,0,4,1,0,1,nan,0.0,0,0,0,0
571,1,cautious,nop,nan,30,0,29.798981664924852,0.0,4.0,10.0,16.0,30,0,2,4,2,0,0,0,38.0,0.0,11.758777997909814,2,0,2,0,0,0,5,0,2,1,1,1,nan,0.0,0,0,0,0
572,1,cautious,nop,nan,30,0,29.798981664924852,13.0,12.0,5.0,0.0,30,0,1,25,0,0,0,0,56.0,0.0,11.758777997909814,1,0,0,1,0,0,3,0,1,1,1,0,nan,0.0,0,0,0,0
573,1,cautious,nop,nan,30,0,29.798981664924852,10.0,18.0,2.0,0.0,30,0,3,28,2,2,0,2,65.0,0.0,11.758777997909814,1,0,1,0,0,0,7,0,3,1,1,2,nan,0.0,0,0,0,0
574,1,cautious,nop,nan,30,0,29.798981664924852,0.0,7.0,19.0,4.0,30,0,3,6,0,0,0,0,39.0,0.0,11.758777997909814,0,0,0,0,0,0,6,0,1,2,2,1,nan,0.0,0,0,0,0
575,1,cautious,nop,nan,30,0,29.798981664924852,8.0,13.0,9.0,0.0,30,0,5,21,4,1,0,0,61.0,0.0,11.758777997909814,3,0,0,3,0,0,11,0,3,4,1,3,nan,0.0,0,0,0,0
576,1,cautious,nop,nan,20,1,29.69847249738728,15.0,5.0,0.0,0.0,19,1,4,20,0,0,1,0,44.0,0.0,6.758777997909828,2,1,1,0,0,0,6,1,3,0,0,2,nan,0.0,0,0,0,0
577,1,cautious,nop,nan,30,0,29.798981664924852,0.0,4.0,5.0,21.0,30,0,2,4,2,1,0,1,39.0,0.0,11.758777997909814,1,0,1,0,0,0,5,0,2,2,0,1,nan,0.0,0,0,0,0
578,1,cautious,nop,nan,14,1,28.926421790332416,0.0,4.0,5.0,5.0,11,1,3,5,0,0,1,0,20.0,0.0,3.998796202586152,2,1,0,0,0,1,5,2,1,0,1,1,nan,0.0,0,0,0,0
579,1,cautious,nop,nan,30,0,29.798981664924852,0.0,0.0,16.0,14.0,30,0,4,0,0,0,0,0,34.0,0.0,11.758777997909814,3,0,1,2,0,0,8,0,2,3,2,1,nan,0.0,0,0,0,0
580,1,cautious,nop,nan,30,0,29.798981664924852,3.0,9.0,5.0,13.0,30,2,5,12,3,1,1,1,53.0,0.0,11.758777997909814,5,0,1,3,1,0,11,0,3,5,1,2,nan,0.0,0,0,0,0
581,1,cautious,nop,nan,30,0,29.798981664924852,6.0,11.0,5.0,8.0,30,0,4,16,1,1,0,1,52.0,0.0,11.758777997909814,1,0,1,0,0,0,9,0,2,4,1,2,nan,0.0,0,0,0,0
582,1,cautious,nop,nan,30,0,29.798981664924852,7.0,12.0,11.0,0.0,30,0,3,19,0,1,0,0,53.0,0.0,11.758777997909814,1,0,1,0,0,0,6,0,2,1,2,1,nan,0.0,0,0,0,0
583,1,cautious,nop,nan,23,1,29.737802171641114,0.0,18.0,3.0,2.0,22,1,3,17,0,1,1,0,44.0,0.0,7.958777997909824,2,1,0,1,0,0,6,1,1,3,1,0,nan,0.0,0,0,0,0
584,1,cautious,nop,nan,30,0,29.798981664924852,4.0,16.0,9.0,1.0,30,1,3,19,1,0,0,0,54.0,0.0,11.758777997909814,3,0,0,2,0,1,6,0,2,2,1,1,nan,0.0,0,0,0,0
585,1,cautious,nop,nan,8,1,28.639433534658565,3.0,5.0,0.0,0.0,7,1,2,7,0,0,1,0,17.0,0.0,1.7646187310907404,2,0,0,1,1,0,5,1,0,2,1,1,nan,0.0,0,0,0,0
586,1,cautious,nop,nan,30,0,29.798981664924852,3.0,2.0,7.0,18.0,30,0,3,6,1,2,0,1,42.0,0.0,11.758777997909814,3,0,2,1,0,0,7,0,3,2,2,0,nan,0.0,0,0,0,0
587,1,cautious,nop,nan,19,1,29.682602628828715,0.0,8.0,3.0,8.0,18,2,6,8,2,1,1,0,37.0,0.0,6.3587779979098284,5,1,0,2,2,0,8,1,1,3,3,0,nan,0.0,0,0,0,0
588,1,cautious,nop,nan,30,0,29.798981664924852,14.0,7.0,7.0,2.0,30,0,3,20,1,0,0,0,54.0,0.0,11.758777997909814,3,0,0,3,0,0,7,0,2,4,1,0,nan,0.0,0,0,0,0
589,1,cautious,nop,nan,30,0,29.798981664924852,9.0,2.0,7.0,12.0,30,1,2,12,1,1,0,0,47.0,0.0,11.758777997909814,3,0,1,1,0,1,5,0,2,1,0,2,nan,0.0,0,0,0,0
590,1,cautious,nop,nan,30,0,29.798981664924852,4.0,10.0,12.0,4.0,30,0,3,14,3,0,0,0,50.0,0.0,11.758777997909814,3,0,1,2,0,0,11,0,4,5,0,2,nan,0.0,0,0,0,0
591,1,cautious,nop,nan,30,0,29.798981664924852,1.0,10.0,14.0,5.0,30,0,4,11,0,1,0,0,46.0,0.0,11.758777997909814,4,0,1,3,0,0,9,0,3,3,2,1,nan,0.0,0,0,0,0
592,1,cautious,nop,nan,30,0,29.798981664924852,0.0,14.0,16.0,0.0,30,0,1,15,2,0,0,0,48.0,0.0,11.758777997909814,1,0,1,0,0,0,3,0,1,1,1,0,nan,0.0,0,0,0,0
593,1,cautious,nop,nan,30,0,29.798981664924852,4.0,6.0,12.0,8.0,30,0,6,9,0,1,0,0,46.0,0.0,11.758777997909814,3,0,1,2,0,0,12,0,3,5,0,4,nan,0.0,0,0,0,0
594,1,cautious,nop,nan,20,1,29.69847249738728,0.0,2.0,7.0,11.0,20,1,5,2,1,1,0,1,30.0,0.0,6.758777997909828,4,0,1,2,0,1,7,0,1,2,2,2,nan,0.0,0,0,0,0
595,1,cautious,nop,nan,30,0,29.798981664924852,0.0,9.0,14.0,7.0,30,0,4,9,1,1,0,0,45.0,0.0,11.758777997909814,2,0,0,2,0,0,9,0,2,3,2,2,nan,0.0,0,0,0,0
596,1,cautious,nop,nan,30,0,29.798981664924852,0.0,2.0,17.0,11.0,30,0,5,2,2,0,0,0,39.0,0.0,11.758777997909814,1,0,1,0,0,0,12,0,3,4,4,1,nan,0.0,0,0,0,0
597,1,cautious,nop,nan,14,1,29.569246424846778,8.0,6.0,0.0,0.0,14,1,3,14,2,2,0,2,36.0,0.0,4.3587779979141965,2,0,1,1,0,0,6,0,2,2,0,2,nan,0.0,0,0,0,0
598,1,cautious,nop,nan,15,1,29.59796332985096,0.0,5.0,4.0,6.0,15,1,5,5,1,2,1,1,29.0,0.0,4.758777997910574,3,0,1,2,0,0,8,0,3,3,1,1,nan,0.0,0,0,0,0
599,1,cautious,nop,nan,30,0,29.798981664924852,16.0,5.0,9.0,0.0,30,0,2,21,1,1,0,0,55.0,0.0,11.758777997909814,1,0,1,0,0,0,8,0,3,3,2,0,nan,0.0,0,0,0,0
600,1,cautious,nop,nan,30,0,29.798981664924852,20.0,5.0,5.0,0.0,30,0,2,24,0,0,0,0,56.0,0.0,11.758777997909814,2,0,1,1,0,0,3,0,2,1,0,0,nan,0.0,0,0,0,0
601,1,cautious,nop,nan,30,0,29.798981664924852,7.0,14.0,3.0,6.0,30,0,4,21,2,2,0,2,59.0,0.0,11.758777997909814,2,0,1,1,0,0,7,0,2,1,0,4,nan,0.0,0,0,0,0
602,1,cautious,nop,nan,30,0,29.798981664924852,0.0,4.0,19.0,7.0,30,0,3,3,2,1,0,1,39.0,0.0,11.758777997909814,2,0,0,2,0,0,7,0,2,2,2,1,nan,0.0,0,0,0,0
603,1,cautious,nop,nan,16,1,28.18720701540068,8.0,8.0,0.0,0.0,12,1,7,16,1,1,3,0,38.0,0.0,4.239812489856438,6,3,1,1,1,0,10,3,3,1,2,1,nan,0.0,0,0,0,0
604,1,cautious,nop,nan,11,1,29.451768179057538,3.0,1.0,2.0,5.0,11,1,3,5,0,0,1,0,20.0,0.0,3.1587779987853164,1,0,1,0,0,0,3,0,1,0,2,0,nan,0.0,0,0,0,0
605,1,cautious,nop,nan,19,1,29.682602628828715,10.0,6.0,3.0,0.0,18,0,6,17,0,1,1,0,42.0,0.0,6.3587779979098284,1,1,0,0,0,0,7,1,1,1,2,2,nan,0.0,0,0,0,0
606,1,cautious,nop,nan,30,0,29.798981664924852,13.0,3.0,8.0,6.0,30,0,3,16,1,1,0,0,51.0,0.0,11.758777997909814,1,0,1,0,0,0,8,0,2,3,3,0,nan,0.0,0,0,0,0
607,1,cautious,nop,nan,30,0,29.798981664924852,0.0,5.0,19.0,6.0,30,0,4,6,2,2,0,2,44.0,0.0,11.758777997909814,1,0,1,0,0,0,9,0,4,1,4,0,nan,0.0,0,0,0,0
608,1,cautious,nop,nan,18,1,29.66496944154143,6.0,5.0,1.0,6.0,18,1,3,12,1,1,1,0,36.0,0.0,5.958777997909832,2,0,2,0,0,0,7,0,5,0,1,1,nan,0.0,0,0,0,0
609,1,cautious,nop,nan,30,0,29.798981664924852,3.0,15.0,7.0,5.0,30,0,2,19,1,0,0,0,52.0,0.0,11.758777997909814,2,0,2,0,0,0,3,0,2,0,1,0,nan,0.0,0,0,0,0
610,1,cautious,nop,nan,30,0,29.798981664924852,13.0,8.0,7.0,2.0,30,0,3,22,2,0,0,0,57.0,0.0,11.758777997909814,1,0,1,0,0,0,5,0,2,1,1,1,nan,0.0,0,0,0,0
611,1,cautious,nop,nan,18,1,29.66496944154143,3.0,4.0,10.0,1.0,18,1,3,8,1,0,1,0,31.0,0.0,5.958777997909832,1,0,0,0,1,0,5,0,2,0,3,0,nan,0.0,0,0,0,0
612,1,cautious,nop,nan,30,0,29.798981664924852,10.0,3.0,13.0,4.0,30,1,3,12,1,0,0,0,47.0,0.0,11.758777997909814,2,0,0,1,1,0,8,0,2,4,2,0,nan,0.0,0,0,0,0
613,1,cautious,nop,nan,30,0,29.798981664924852,4.0,4.0,7.0,15.0,30,0,4,8,4,1,0,1,47.0,0.0,11.758777997909814,3,0,2,1,0,0,7,0,3,1,0,3,nan,0.0,0,0,0,0
614,1,cautious,nop,nan,16,1,29.623090621734303,0.0,1.0,3.0,12.0,15,0,3,1,2,2,1,0,23.0,0.0,5.158777997909955,2,1,1,0,0,0,6,1,2,2,1,0,nan,0.0,0,0,0,0
615,1,cautious,nop,nan,24,1,29.748727081156066,4.0,4.0,6.0,10.0,24,1,6,9,1,1,0,1,42.0,0.0,8.358777997909822,3,0,1,1,1,0,11,0,3,3,1,4,nan,0.0,0,0,0,0
616,1,cautious,nop,nan,30,0,29.798981664924852,15.0,9.0,6.0,0.0,30,0,2,24,2,2,0,2,60.0,0.0,11.758777997909814,0,0,0,0,0,0,5,0,1,2,0,2,nan,0.0,0,0,0,0
617,1,cautious,nop,nan,17,1,29.645261761632128,0.0,4.0,9.0,4.0,17,2,5,4,0,0,1,0,28.0,0.0,5.55877799790985,3,0,0,1,1,1,8,0,1,2,1,4,nan,0.0,0,0,0,0
618,1,cautious,nop,nan,30,0,29.498996835484817,4.0,4.0,8.0,14.0,27,0,2,8,1,1,0,1,39.0,0.0,11.39879620258177,3,1,1,1,0,0,6,1,2,1,2,0,nan,0.0,0,0,0,0
619,1,cautious,nop,nan,30,0,29.798981664924852,11.0,16.0,3.0,0.0,30,0,2,26,0,0,0,0,58.0,0.0,11.758777997909814,1,0,1,0,0,0,6,0,2,2,2,0,nan,0.0,0,0,0,0
620,1,cautious,nop,nan,22,1,29.725884088533892,0.0,0.0,6.0,16.0,21,1,3,0,1,2,1,0,28.0,0.0,7.558777997909825,3,1,0,2,0,0,5,1,1,2,0,1,nan,0.0,0,0,0,0
621,1,cautious,nop,nan,30,0,29.798981664924852,7.0,10.0,5.0,8.0,30,0,2,16,1,1,0,0,50.0,0.0,11.758777997909814,2,0,1,1,0,0,7,0,2,4,1,0,nan,0.0,0,0,0,0
622,1,cautious,nop,nan,30,0,29.798981664924852,12.0,11.0,7.0,0.0,30,0,2,23,0,2,0,0,57.0,0.0,11.758777997909814,1,0,1,0,0,0,7,0,3,2,2,0,nan,0.0,0,0,0,0
623,1,cautious,nop,nan,30,0,29.798981664924852,8.0,15.0,7.0,0.0,30,0,0,22,1,0,0,0,53.0,0.0,11.758777997909814,0,0,0,0,0,0,3,0,1,2,0,0,nan,0.0,0,0,0,0
624,1,cautious,nop,nan,30,0,29.46564833573615,9.0,21.0,0.0,0.0,28,0,5,30,0,0,1,0,63.0,0.0,11.358778002883387,3,1,0,2,0,0,8,1,3,2,0,2,nan,0.0,0,0,0,0
625,1,cautious,nop,nan,13,1,29.536111534491145,1.0,3.0,9.0,0.0,13,0,2,5,1,1,0,1,22.0,0.0,3.9587779979353943,2,0,1,1,0,0,5,0,2,1,0,2,nan,0.0,0,0,0,0
626,1,cautious,nop,nan,18,1,29.66496944154143,4.0,10.0,4.0,0.0,18,1,5,14,0,0,1,0,38.0,0.0,5.958777997909832,2,0,2,0,0,0,7,0,4,1,0,2,nan,0.0,0,0,0,0
627,1,cautious,nop,nan,30,0,29.798981664924852,10.0,8.0,4.0,8.0,30,0,2,19,0,1,0,0,52.0,0.0,11.758777997909814,1,0,0,1,0,0,5,0,2,1,2,0,nan,0.0,0,0,0,0
628,1,cautious,nop,nan,30,0,29.798981664924852,0.0,0.0,5.0,25.0,29,0,2,0,1,0,0,0,32.0,0.0,11.758777997909814,1,1,0,0,0,0,4,1,1,2,0,0,nan,0.0,0,0,0,0
629,1,cautious,nop,nan,30,0,25.298986675399398,4.0,12.0,3.0,11.0,13,2,2,17,2,0,0,0,36.0,0.0,6.358784010479274,10,4,3,2,1,0,5,2,1,1,0,1,nan,0.0,0,0,0,0
630,1,cautious,nop,nan,30,0,29.798981664924852,0.0,0.0,5.0,25.0,30,0,2,0,0,0,0,0,32.0,0.0,11.758777997909814,0,0,0,0,0,0,4,0,1,1,1,1,nan,0.0,0,0,0,0
631,1,cautious,nop,nan,30,0,29.798981664924852,0.0,7.0,7.0,16.0,30,0,3,6,0,1,0,0,40.0,0.0,11.758777997909814,2,0,1,1,0,0,9,0,2,4,0,3,nan,0.0,0,0,0,0
632,1,cautious,nop,nan,30,0,29.798981664924852,9.0,12.0,5.0,4.0,30,0,3,21,0,0,0,0,54.0,0.0,11.758777997909814,2,0,1,1,0,0,6,0,2,2,0,2,nan,0.0,0,0,0,0
633,1,cautious,nop,nan,28,1,29.784623212419486,0.0,10.0,6.0,12.0,28,1,3,9,1,0,1,0,42.0,0.0,9.958777997909817,1,0,0,1,0,0,6,0,2,4,0,0,nan,0.0,0,0,0,0
634,1,cautious,nop,nan,30,0,29.798981664924852,3.0,7.0,2.0,18.0,30,0,4,10,2,1,0,1,47.0,0.0,11.758777997909814,3,0,1,2,0,0,9,0,4,2,2,1,nan,0.0,0,0,0,0
635,1,cautious,nop,nan,14,1,29.569246424846778,4.0,2.0,6.0,2.0,14,1,3,6,1,3,1,1,28.0,0.0,4.3587779979141965,3,0,2,1,0,0,7,0,3,2,0,2,nan,0.0,0,0,0,0
636,1,cautious,nop,nan,16,1,29.623090621734303,4.0,5.0,7.0,0.0,15,2,7,9,1,2,2,1,36.0,0.0,5.158777997909955,5,1,2,1,1,0,9,1,2,2,1,3,nan,0.0,0,0,0,0
637,1,cautious,nop,nan,30,0,29.798981664924852,11.0,13.0,3.0,3.0,30,0,5,25,1,0,0,0,61.0,0.0,11.758777997909814,2,0,1,1,0,0,11,0,5,2,2,2,nan,0.0,0,0,0,0
638,1,cautious,nop,nan,30,0,29.798981664924852,4.0,10.0,6.0,10.0,30,0,1,15,0,0,0,0,46.0,0.0,11.758777997909814,1,0,0,1,0,0,5,0,3,1,1,0,nan,0.0,0,0,0,0
639,1,cautious,nop,nan,30,0,29.798981664924852,0.0,2.0,18.0,10.0,30,0,1,2,0,1,0,0,34.0,0.0,11.758777997909814,2,0,1,1,0,0,5,0,1,3,0,1,nan,0.0,0,0,0,0
640,1,cautious,nop,nan,30,0,29.798981664924852,3.0,10.0,5.0,12.0,30,0,0,13,1,1,0,1,45.0,0.0,11.758777997909814,0,0,0,0,0,0,3,0,2,1,0,0,nan,0.0,0,0,0,0
641,1,cautious,nop,nan,30,0,29.798981664924852,5.0,12.0,10.0,3.0,30,1,5,17,0,1,0,0,54.0,0.0,11.758777997909814,4,0,3,1,0,0,10,0,5,1,3,1,nan,0.0,0,0,0,0
642,1,cautious,nop,nan,30,0,29.798981664924852,6.0,8.0,7.0,9.0,30,0,4,14,0,1,0,0,49.0,0.0,11.758777997909814,1,0,1,0,0,0,10,0,3,4,1,2,nan,0.0,0,0,0,0
643,1,cautious,nop,nan,14,1,29.569246424846778,0.0,6.0,3.0,5.0,14,2,6,5,0,0,1,0,27.0,0.0,4.3587779979141965,2,0,0,0,2,0,8,0,0,2,3,3,nan,0.0,0,0,0,0
644,1,cautious,nop,nan,10,1,29.39694500758249,0.0,3.0,2.0,5.0,10,1,3,2,0,0,1,0,16.0,0.0,2.758778003032995,1,0,0,1,0,0,3,0,0,1,0,2,nan,0.0,0,0,0,0
645,1,cautious,nop,nan,30,0,29.798981664924852,0.0,12.0,14.0,4.0,30,0,2,12,1,0,0,0,45.0,0.0,11.758777997909814,1,0,1,0,0,0,6,0,3,1,0,2,nan,0.0,0,0,0,0
646,1,cautious,nop,nan,30,0,29.798981664924852,0.0,6.0,20.0,4.0,30,0,1,7,2,0,0,0,40.0,0.0,11.758777997909814,1,0,1,0,0,0,5,0,2,2,0,1,nan,0.0,0,0,0,0
647,1,cautious,nop,nan,30,0,29.632314998258188,0.0,0.0,11.0,19.0,29,0,2,0,1,0,0,0,32.0,0.0,11.558777997909814,2,0,1,1,0,0,5,0,1,2,1,1,nan,0.0,0,0,0,0
648,1,cautious,nop,nan,2,1,27.072779413434652,2.0,0.0,0.0,0.0,2,1,1,2,0,0,0,0,6.0,0.0,-0.43417764692522787,2,0,0,1,1,0,1,0,0,1,0,0,nan,0.0,0,0,0,0
649,1,cautious,nop,nan,30,0,29.798981664924852,4.0,7.0,13.0,6.0,30,2,6,11,1,1,0,1,51.0,0.0,11.758777997909814,4,0,1,1,1,1,11,0,3,3,1,4,nan,0.0,0,0,0,0
650,1,cautious,nop,nan,19,1,29.682602628828715,3.0,6.0,7.0,3.0,18,1,6,8,0,0,1,0,33.0,0.0,6.3587779979098284,2,1,0,0,0,1,8,1,1,3,1,2,nan,0.0,0,0,0,0
651,1,cautious,nop,nan,29,1,29.792049998198124,10.0,8.0,5.0,6.0,29,1,8,18,2,2,1,1,60.0,0.0,10.358777997909815,5,0,2,3,0,0,16,0,4,6,3,3,nan,0.0,0,0,0,0
652,1,cautious,nop,nan,30,0,29.798981664924852,6.0,6.0,18.0,0.0,30,0,3,12,1,2,0,0,48.0,0.0,11.758777997909814,2,0,1,1,0,0,9,0,5,2,1,1,nan,0.0,0,0,0,0
653,1,cautious,nop,nan,30,0,29.465676771291342,11.0,11.0,6.0,2.0,28,1,4,22,1,1,0,0,57.0,0.0,11.35881212554961,6,1,2,2,1,0,10,1,4,2,1,2,nan,0.0,0,0,0,0
654,1,cautious,nop,nan,30,0,29.798981664924852,6.0,5.0,8.0,11.0,30,1,3,12,3,0,0,0,49.0,0.0,11.758777997909814,3,0,1,1,0,1,6,0,1,2,0,3,nan,0.0,0,0,0,0
655,1,cautious,nop,nan,30,0,29.798981664924852,13.0,17.0,0.0,0.0,30,0,5,30,1,0,0,0,66.0,0.0,11.758777997909814,4,0,1,3,0,0,10,0,2,3,3,2,nan,0.0,0,0,0,0
656,1,cautious,nop,nan,7,1,29.138496516113285,0.0,3.0,3.0,1.0,7,1,1,2,0,1,1,0,12.0,0.0,1.5587790245117201,1,0,0,0,0,1,3,0,1,1,0,1,nan,0.0,0,0,0,0
657,1,cautious,nop,nan,30,0,29.4666222009053,0.0,12.0,14.0,4.0,28,0,1,12,2,1,0,0,44.0,0.0,11.359946641086353,0,0,0,0,0,0,6,1,3,1,0,1,nan,0.0,0,0,0,0
658,1,cautious,nop,nan,30,0,29.798981664924852,17.0,5.0,8.0,0.0,30,0,3,21,2,0,0,0,56.0,0.0,11.758777997909814,2,0,1,1,0,0,7,0,1,3,1,2,nan,0.0,0,0,0,0
659,1,cautious,nop,nan,14,1,29.273135080070404,11.0,3.0,0.0,0.0,13,1,4,14,0,0,1,0,32.0,0.0,4.192955644839425,2,1,0,0,1,0,5,1,1,1,1,1,nan,0.0,0,0,0,0
660,1,cautious,nop,nan,30,0,29.798981664924852,0.0,5.0,10.0,15.0,30,0,1,6,1,0,0,0,38.0,0.0,11.758777997909814,1,0,1,0,0,0,5,0,3,2,0,0,nan,0.0,0,0,0,0
661,1,cautious,nop,nan,30,0,29.798981664924852,8.0,13.0,5.0,4.0,30,1,4,21,1,2,0,1,59.0,0.0,11.758777997909814,4,0,2,2,0,0,10,0,4,3,2,1,nan,0.0,0,0,0,0
662,1,cautious,nop,nan,30,0,29.798981664924852,9.0,12.0,6.0,3.0,30,0,2,21,1,0,0,0,54.0,0.0,11.758777997909814,1,0,1,0,0,0,7,0,3,2,2,0,nan,0.0,0,0,0,0
663,1,cautious,nop,nan,30,0,29.798981664924852,16.0,8.0,4.0,2.0,30,1,3,24,1,2,0,0,61.0,0.0,11.758777997909814,3,0,1,2,0,0,8,0,4,2,1,1,nan,0.0,0,0,0,0
664,1,cautious,nop,nan,30,0,29.798981664924852,6.0,9.0,11.0,4.0,30,0,1,15,1,0,0,0,47.0,0.0,11.758777997909814,1,0,0,1,0,0,7,0,4,3,0,0,nan,0.0,0,0,0,0
665,1,cautious,nop,nan,30,0,29.798981664924852,1.0,8.0,14.0,7.0,30,0,2,9,1,3,0,1,45.0,0.0,11.758777997909814,3,0,1,2,0,0,8,0,3,3,1,1,nan,0.0,0,0,0,0
666,1,cautious,nop,nan,30,0,29.798981664924852,12.0,18.0,0.0,0.0,30,0,0,30,0,0,0,0,60.0,0.0,11.758777997909814,0,0,0,0,0,0,1,0,0,1,0,0,nan,0.0,0,0,0,0
667,1,cautious,nop,nan,5,1,28.794065760757547,2.0,1.0,1.0,1.0,5,0,1,2,0,1,0,0,9.0,0.0,0.75881315215151,2,0,1,1,0,0,3,0,1,2,0,0,nan,0.0,0,0,0,0
668,1,cautious,nop,nan,30,0,29.471347198549267,16.0,8.0,2.0,4.0,28,0,2,24,1,1,0,1,56.0,0.0,11.365616638259114,4,1,1,2,0,0,9,1,3,3,1,1,nan,0.0,0,0,0,0
669,1,cautious,nop,nan,30,0,29.798981664924852,10.0,8.0,12.0,0.0,30,0,2,19,2,1,0,1,54.0,0.0,11.758777997909814,1,0,1,0,0,0,4,0,2,0,0,2,nan,0.0,0,0,0,0
670,1,cautious,nop,nan,30,0,29.798981664924852,15.0,15.0,0.0,0.0,30,0,5,30,1,2,0,0,68.0,0.0,11.758777997909814,4,0,1,3,0,0,11,0,4,3,1,3,nan,0.0,0,0,0,0
671,1,cautious,nop,nan,30,0,29.798981664924852,0.0,22.0,8.0,0.0,30,0,4,21,1,0,0,0,56.0,0.0,11.758777997909814,3,0,1,2,0,0,7,0,1,2,2,2,nan,0.0,0,0,0,0
672,1,cautious,nop,nan,30,0,29.798981664924852,2.0,17.0,11.0,0.0,30,0,1,19,2,1,0,1,53.0,0.0,11.758777997909814,1,0,1,0,0,0,4,0,2,1,1,0,nan,0.0,0,0,0,0
673,1,cautious,nop,nan,30,0,29.46564833159152,9.0,21.0,0.0,0.0,28,0,5,30,3,1,0,1,67.0,0.0,11.358777997909826,3,0,2,1,0,0,11,1,3,3,1,3,nan,0.0,0,0,0,0
674,1,cautious,nop,nan,3,1,27.99984829440037,2.0,1.0,0.0,0.0,3,0,1,2,0,0,0,0,6.0,0.0,-0.040018204671955604,2,0,0,2,0,0,2,0,0,2,0,0,nan,0.0,0,0,0,0
675,1,cautious,nop,nan,30,0,29.798981664924852,12.0,5.0,8.0,5.0,30,0,2,16,1,1,0,0,50.0,0.0,11.758777997909814,3,0,0,3,0,0,7,0,1,4,1,1,nan,0.0,0,0,0,0
676,1,cautious,nop,nan,4,1,28.493648204534214,0.0,1.0,3.0,0.0,4,0,0,2,0,2,0,0,8.0,0.0,0.35898371272547425,1,0,1,0,0,0,1,0,1,0,0,0,nan,0.0,0,0,0,0
677,1,cautious,nop,nan,30,0,29.798981664924852,11.0,11.0,5.0,3.0,30,0,2,23,0,1,0,0,56.0,0.0,11.758777997909814,2,0,1,1,0,0,7,0,4,1,1,1,nan,0.0,0,0,0,0
678,1,cautious,nop,nan,22,1,29.725884088533892,4.0,18.0,0.0,0.0,22,0,2,21,1,1,0,1,47.0,0.0,7.558777997909825,1,0,1,0,0,0,5,0,1,2,2,0,nan,0.0,0,0,0,0
679,1,cautious,nop,nan,12,1,29.49745416262383,0.0,5.0,5.0,2.0,12,0,3,5,1,1,0,1,22.0,0.0,3.558777998059438,2,0,1,1,0,0,5,0,2,1,1,1,nan,0.0,0,0,0,0
680,1,cautious,nop,nan,24,1,29.748727081156066,0.0,2.0,8.0,14.0,24,1,2,3,1,0,0,0,31.0,0.0,8.358777997909822,2,0,1,0,0,1,5,0,1,2,0,2,nan,0.0,0,0,0,0
681,1,cautious,nop,nan,30,0,28.965648331612723,3.0,14.0,13.0,0.0,25,1,4,17,2,0,0,0,49.0,0.0,10.758777997935269,6,2,2,1,1,0,8,2,3,1,0,2,nan,0.0,0,0,0,0
682,1,cautious,nop,nan,30,0,29.798981664924852,13.0,5.0,12.0,0.0,30,0,0,17,1,1,0,0,49.0,0.0,11.758777997909814,0,0,0,0,0,0,4,0,1,3,0,0,nan,0.0,0,0,0,0
683,1,cautious,nop,nan,30,0,29.798981664924852,0.0,9.0,8.0,13.0,30,0,1,10,3,0,0,0,44.0,0.0,11.758777997909814,1,0,1,0,0,0,6,0,2,3,0,1,nan,0.0,0,0,0,0
684,1,cautious,nop,nan,4,1,28.493648204534214,0.0,0.0,1.0,3.0,4,1,1,0,0,0,1,0,6.0,0.0,0.35898371272547425,1,0,0,0,0,1,2,0,1,0,0,1,nan,0.0,0,0,0,0
685,1,cautious,nop,nan,30,0,29.798981664924852,7.0,18.0,5.0,0.0,30,0,4,26,0,0,0,0,60.0,0.0,11.758777997909814,4,0,3,1,0,0,8,0,5,1,1,1,nan,0.0,0,0,0,0
686,1,cautious,nop,nan,30,0,29.798981664924852,0.0,7.0,15.0,8.0,30,0,1,7,1,0,0,0,39.0,0.0,11.758777997909814,0,0,0,0,0,0,3,0,1,1,1,0,nan,0.0,0,0,0,0
687,1,cautious,nop,nan,30,0,29.798981664924852,3.0,8.0,14.0,5.0,30,0,2,11,0,0,0,0,43.0,0.0,11.758777997909814,2,0,1,1,0,0,5,0,2,1,1,1,nan,0.0,0,0,0,0
688,1,cautious,nop,nan,30,0,29.798981664924852,7.0,15.0,8.0,0.0,30,0,4,22,1,1,0,1,58.0,0.0,11.758777997909814,2,0,0,2,0,0,11,0,3,4,1,3,nan,0.0,0,0,0,0
689,1,cautious,nop,nan,30,0,29.798981664924852,3.0,5.0,13.0,9.0,30,0,2,9,1,0,0,0,42.0,0.0,11.758777997909814,1,0,1,0,0,0,5,0,3,0,1,1,nan,0.0,0,0,0,0
690,1,cautious,nop,nan,17,1,29.645261761632128,5.0,2.0,10.0,0.0,16,1,4,6,0,0,1,0,27.0,0.0,5.55877799790985,3,1,0,1,0,1,6,1,1,2,0,2,nan,0.0,0,0,0,0
691,1,cautious,nop,nan,7,1,28.54627382656053,4.0,1.0,2.0,0.0,5,0,5,6,0,0,1,0,16.0,0.0,1.3929566714369486,3,2,1,0,0,0,5,2,1,0,1,1,nan,0.0,0,0,0,0
692,1,cautious,nop,nan,30,0,29.798981664924852,4.0,12.0,9.0,5.0,30,1,6,17,2,1,0,0,57.0,0.0,11.758777997909814,4,0,3,0,0,1,11,0,5,1,4,1,nan,0.0,0,0,0,0
693,1,cautious,nop,nan,30,0,29.798981664924852,15.0,8.0,4.0,3.0,30,0,1,23,3,2,0,1,59.0,0.0,11.758777997909814,1,0,0,1,0,0,6,0,3,3,0,0,nan,0.0,0,0,0,0
694,1,cautious,nop,nan,30,0,29.798981664924852,3.0,11.0,9.0,7.0,30,0,4,14,3,1,0,1,52.0,0.0,11.758777997909814,1,0,1,0,0,0,9,0,3,2,1,3,nan,0.0,0,0,0,0
695,1,cautious,nop,nan,15,1,28.931296947035985,6.0,7.0,2.0,0.0,12,0,4,13,2,3,1,0,34.0,0.0,4.3587781682215905,6,2,3,1,0,0,8,2,3,2,1,0,nan,0.0,0,0,0,0
696,1,cautious,nop,nan,30,0,29.798981664924852,12.0,7.0,8.0,3.0,30,0,3,18,0,0,0,0,51.0,0.0,11.758777997909814,3,0,0,3,0,0,8,0,1,4,2,1,nan,0.0,0,0,0,0
697,1,cautious,nop,nan,30,0,29.798981664924852,2.0,15.0,13.0,0.0,30,0,3,17,1,0,0,0,51.0,0.0,11.758777997909814,2,0,1,1,0,0,6,0,2,2,0,2,nan,0.0,0,0,0,0
698,1,cautious,nop,nan,12,1,29.49745416262383,0.0,7.0,5.0,0.0,11,1,3,8,0,1,1,0,24.0,0.0,3.558777998059438,2,1,0,0,0,1,4,1,1,0,1,1,nan,0.0,0,0,0,0
699,1,cautious,nop,nan,13,1,27.768870172849763,8.0,5.0,0.0,0.0,9,0,5,13,0,0,3,0,27.0,0.0,3.039812489881877,4,4,0,0,0,0,7,4,0,1,1,1,nan,0.0,0,0,0,0
700,1,cautious,nop,nan,28,1,29.784623212419486,6.0,13.0,9.0,0.0,28,1,7,20,1,1,1,0,58.0,0.0,9.958777997909817,5,0,3,2,0,0,13,0,5,2,4,2,nan,0.0,0,0,0,0
701,1,cautious,nop,nan,30,0,26.139188458719214,0.0,3.0,1.0,26.0,18,4,2,4,1,0,1,0,29.0,0.0,7.367026150463054,11,5,2,4,0,0,4,3,0,1,0,0,nan,0.0,0,0,0,0
702,1,cautious,nop,nan,30,0,29.798981664924852,21.0,8.0,1.0,0.0,30,0,1,28,0,1,0,0,60.0,0.0,11.758777997909814,2,0,1,1,0,0,4,0,1,2,1,0,nan,0.0,0,0,0,0
703,1,cautious,nop,nan,30,0,29.798981664924852,8.0,17.0,5.0,0.0,30,0,4,25,2,1,0,1,62.0,0.0,11.758777997909814,2,0,1,1,0,0,7,0,2,2,1,2,nan,0.0,0,0,0,0
704,1,cautious,nop,nan,30,0,29.798981664924852,8.0,8.0,11.0,3.0,30,0,5,17,1,0,0,0,53.0,0.0,11.758777997909814,2,0,0,2,0,0,9,0,2,2,1,4,nan,0.0,0,0,0,0
705,1,cautious,nop,nan,19,1,29.682602628828715,6.0,9.0,4.0,0.0,19,1,3,15,2,3,1,0,43.0,0.0,6.3587779979098284,3,0,3,0,0,0,8,0,3,3,1,1,nan,0.0,0,0,0,0
706,1,cautious,nop,nan,30,0,29.798981664924852,5.0,24.0,1.0,0.0,30,1,2,28,0,1,0,0,62.0,0.0,11.758777997909814,2,0,0,1,1,0,4,0,1,2,1,0,nan,0.0,0,0,0,0
707,1,cautious,nop,nan,30,0,29.798981664924852,10.0,20.0,0.0,0.0,30,1,3,29,1,0,0,0,64.0,0.0,11.758777997909814,1,0,0,0,1,0,5,0,1,2,1,1,nan,0.0,0,0,0,0
708,1,cautious,nop,nan,30,0,29.798981664924852,0.0,7.0,19.0,4.0,30,0,1,6,2,1,0,1,40.0,0.0,11.758777997909814,0,0,0,0,0,0,3,0,1,1,0,1,nan,0.0,0,0,0,0
709,1,cautious,nop,nan,30,0,29.798981664924852,11.0,9.0,8.0,2.0,30,0,3,21,0,2,0,0,56.0,0.0,11.758777997909814,4,0,3,1,0,0,8,0,5,2,0,1,nan,0.0,0,0,0,0
710,1,cautious,nop,nan,23,1,29.737802171641114,7.0,8.0,7.0,1.0,23,1,4,16,1,1,1,1,46.0,0.0,7.958777997909824,3,0,2,1,0,0,7,0,4,1,1,1,nan,0.0,0,0,0,0
711,1,cautious,nop,nan,30,0,29.798981664924852,23.0,7.0,0.0,0.0,30,0,1,30,1,0,0,0,62.0,0.0,11.758777997909814,0,0,0,0,0,0,2,0,1,0,0,1,nan,0.0,0,0,0,0
712,1,cautious,nop,nan,10,1,28.98238912489556,3.0,7.0,0.0,0.0,9,1,5,10,0,0,2,0,25.0,0.0,2.592955649958223,3,1,1,0,1,0,6,1,1,1,2,1,nan,0.0,0,0,0,0
713,1,cautious,nop,nan,30,0,29.798981664924852,9.0,16.0,5.0,0.0,30,0,3,25,0,1,0,0,59.0,0.0,11.758777997909814,2,0,1,1,0,0,6,0,1,3,0,2,nan,0.0,0,0,0,0
714,1,cautious,nop,nan,20,1,29.491194556043816,20.0,0.0,0.0,0.0,18,0,3,20,1,0,1,0,42.0,0.0,6.592955644835056,2,1,0,1,0,0,4,1,1,1,1,0,nan,0.0,0,0,0,0
715,1,cautious,nop,nan,30,0,29.798981664924852,4.0,7.0,9.0,10.0,30,0,1,12,0,0,0,0,43.0,0.0,11.758777997909814,0,0,0,0,0,0,6,0,2,3,0,1,nan,0.0,0,0,0,0
716,1,cautious,nop,nan,30,0,29.798981664924852,0.0,2.0,6.0,22.0,30,0,3,2,0,1,0,0,36.0,0.0,11.758777997909814,2,0,0,2,0,0,5,0,0,2,2,1,nan,0.0,0,0,0,0
717,1,cautious,nop,nan,30,0,29.798981664924852,4.0,5.0,10.0,11.0,30,0,3,9,1,0,0,0,43.0,0.0,11.758777997909814,1,0,0,1,0,0,8,0,2,3,1,2,nan,0.0,0,0,0,0
718,1,cautious,nop,nan,9,1,29.329938966359627,8.0,1.0,0.0,0.0,9,0,0,9,0,1,0,0,19.0,0.0,2.358778027889466,1,0,1,0,0,0,1,0,1,0,0,0,nan,0.0,0,0,0,0
719,1,cautious,nop,nan,30,0,29.798981664924852,6.0,16.0,8.0,0.0,30,0,3,23,2,1,0,0,59.0,0.0,11.758777997909814,3,0,1,2,0,0,9,0,3,3,3,0,nan,0.0,0,0,0,0
720,1,cautious,nop,nan,8,1,29.24618179170004,2.0,6.0,0.0,0.0,7,0,3,8,0,1,1,0,19.0,0.0,1.9587781733440126,1,1,0,0,0,0,4,1,2,0,0,1,nan,0.0,0,0,0,0
721,1,cautious,nop,nan,30,0,29.798981664924852,7.0,2.0,7.0,14.0,30,0,2,9,1,0,0,0,42.0,0.0,11.758777997909814,1,0,0,1,0,0,7,0,2,3,1,1,nan,0.0,0,0,0,0
722,1,cautious,nop,nan,30,0,29.798981664924852,15.0,10.0,5.0,0.0,30,0,5,25,0,0,0,0,60.0,0.0,11.758777997909814,2,0,0,2,0,0,10,0,3,3,1,3,nan,0.0,0,0,0,0
723,1,cautious,nop,nan,30,0,29.798981664924852,0.0,5.0,9.0,16.0,30,0,1,5,1,0,0,0,37.0,0.0,11.758777997909814,1,0,1,0,0,0,3,0,2,0,0,1,nan,0.0,0,0,0,0
724,1,cautious,nop,nan,30,0,29.798981664924852,3.0,3.0,4.0,20.0,30,0,4,6,1,0,0,0,41.0,0.0,11.758777997909814,3,0,2,1,0,0,9,0,3,3,0,3,nan,0.0,0,0,0,0
725,1,cautious,nop,nan,30,0,29.798981664924852,4.0,9.0,10.0,7.0,30,0,2,13,0,0,0,0,45.0,0.0,11.758777997909814,2,0,2,0,0,0,5,0,2,2,1,0,nan,0.0,0,0,0,0
726,1,cautious,nop,nan,30,0,29.63231499825871,0.0,0.0,3.0,27.0,29,0,1,0,0,0,0,0,30.0,0.0,11.558777997910445,1,0,1,0,0,0,2,0,1,0,1,0,nan,0.0,0,0,0,0
727,1,cautious,nop,nan,27,1,29.776646294360948,4.0,11.0,10.0,2.0,27,1,3,15,1,1,1,0,48.0,0.0,9.558777997909818,3,0,1,1,1,0,7,0,4,2,1,0,nan,0.0,0,0,0,0
728,1,cautious,nop,nan,12,1,29.49745416262383,0.0,0.0,0.0,12.0,12,1,3,0,0,0,1,0,16.0,0.0,3.558777998059438,1,0,0,1,0,0,3,0,0,3,0,0,nan,0.0,0,0,0,0
729,1,cautious,nop,nan,30,0,29.798981664924852,3.0,15.0,3.0,9.0,30,2,3,18,1,1,1,0,55.0,0.0,11.758777997909814,2,0,0,0,2,0,7,0,2,3,2,0,nan,0.0,0,0,0,0
730,1,cautious,nop,nan,30,0,29.798981664924852,4.0,9.0,4.0,13.0,30,0,3,13,0,0,0,0,46.0,0.0,11.758777997909814,2,0,1,1,0,0,9,0,3,4,0,2,nan,0.0,0,0,0,0
731,1,cautious,nop,nan,30,0,29.798981664924852,2.0,13.0,15.0,0.0,30,0,1,14,1,0,0,0,46.0,0.0,11.758777997909814,2,0,1,1,0,0,6,0,2,3,0,1,nan,0.0,0,0,0,0
732,1,cautious,nop,nan,30,0,29.798981664924852,11.0,10.0,5.0,4.0,30,0,3,21,0,1,0,0,55.0,0.0,11.758777997909814,2,0,2,0,0,0,8,0,3,3,1,1,nan,0.0,0,0,0,0
733,1,cautious,nop,nan,30,0,29.798981664924852,4.0,5.0,12.0,9.0,30,0,3,9,2,4,0,2,48.0,0.0,11.758777997909814,1,0,0,1,0,0,11,0,4,4,3,0,nan,0.0,0,0,0,0
734,1,cautious,nop,nan,30,0,29.798981664924852,16.0,14.0,0.0,0.0,30,1,5,30,2,0,0,0,68.0,0.0,11.758777997909814,4,0,3,0,1,0,9,0,3,2,1,3,nan,0.0,0,0,0,0
735,1,cautious,nop,nan,30,0,29.798981664924852,3.0,11.0,8.0,8.0,30,1,2,14,0,1,0,0,48.0,0.0,11.758777997909814,2,0,1,0,1,0,4,0,2,1,1,0,nan,0.0,0,0,0,0
736,1,cautious,nop,nan,2,1,27.072779413434652,0.0,0.0,0.0,2.0,2,1,1,0,0,1,0,0,5.0,0.0,-0.43417764692522787,2,0,1,0,1,0,1,0,1,0,0,0,nan,0.0,0,0,0,0
737,1,cautious,nop,nan,30,0,28.79898169403121,0.0,10.0,11.0,9.0,26,0,3,10,0,0,0,0,39.0,0.0,10.558778032837456,2,1,0,1,0,0,6,2,0,2,0,2,nan,0.0,0,0,0,0
738,1,cautious,nop,nan,30,0,29.46564833159213,7.0,15.0,4.0,4.0,28,0,4,21,1,0,0,0,54.0,0.0,11.358777997910554,2,0,2,0,0,0,11,1,3,4,0,3,nan,0.0,0,0,0,0
739,1,cautious,nop,nan,30,0,29.798981664924852,0.0,0.0,11.0,19.0,30,0,1,0,1,0,0,0,32.0,0.0,11.758777997909814,0,0,0,0,0,0,2,0,1,0,0,1,nan,0.0,0,0,0,0
740,1,cautious,nop,nan,30,0,29.798981664924852,5.0,15.0,10.0,0.0,30,0,3,20,0,1,0,0,54.0,0.0,11.758777997909814,2,0,1,1,0,0,6,0,1,2,2,1,nan,0.0,0,0,0,0
741,1,cautious,nop,nan,30,0,29.798981664924852,0.0,10.0,6.0,14.0,30,0,1,10,2,0,0,0,43.0,0.0,11.758777997909814,1,0,1,0,0,0,4,0,2,1,1,0,nan,0.0,0,0,0,0
742,1,cautious,nop,nan,30,0,29.798981664924852,5.0,9.0,2.0,14.0,30,0,1,15,1,1,0,1,48.0,0.0,11.758777997909814,1,0,0,1,0,0,4,0,3,1,0,0,nan,0.0,0,0,0,0
743,1,cautious,nop,nan,26,1,29.768055767220986,0.0,0.0,3.0,23.0,26,1,2,1,2,2,0,2,34.0,0.0,9.15877799790982,3,0,1,1,0,1,3,0,1,1,0,1,nan,0.0,0,0,0,0
744,1,cautious,nop,nan,30,0,29.798981664924852,0.0,13.0,13.0,4.0,30,0,3,12,0,0,0,0,45.0,0.0,11.758777997909814,3,0,1,2,0,0,10,0,3,4,0,3,nan,0.0,0,0,0,0
745,1,cautious,nop,nan,30,0,29.798981664924852,26.0,4.0,0.0,0.0,30,0,0,30,0,0,0,0,60.0,0.0,11.758777997909814,0,0,0,0,0,0,0,0,0,0,0,0,nan,0.0,0,0,0,0
746,1,cautious,nop,nan,23,1,29.737802171641114,0.0,6.0,8.0,9.0,23,0,3,5,5,5,0,4,41.0,0.0,7.958777997909824,3,0,2,1,0,0,7,0,2,3,0,2,nan,0.0,0,0,0,0
747,1,cautious,nop,nan,30,0,29.798981664924852,11.0,5.0,6.0,8.0,30,0,4,17,0,0,0,0,51.0,0.0,11.758777997909814,2,0,1,1,0,0,7,0,2,1,2,2,nan,0.0,0,0,0,0
748,1,cautious,nop,nan,30,0,29.798981664924852,4.0,7.0,6.0,13.0,30,0,4,10,0,0,0,0,44.0,0.0,11.758777997909814,2,0,1,1,0,0,6,0,1,2,1,2,nan,0.0,0,0,0,0
749,1,cautious,nop,nan,30,0,29.798981664924852,9.0,13.0,6.0,2.0,30,1,1,21,1,2,0,0,56.0,0.0,11.758777997909814,3,0,0,2,1,0,6,0,2,4,0,0,nan,0.0,0,0,0,0
750,1,cautious,nop,nan,30,0,29.798981664924852,1.0,7.0,7.0,15.0,30,0,3,8,1,1,0,0,43.0,0.0,11.758777997909814,1,0,0,1,0,0,6,0,1,2,1,2,nan,0.0,0,0,0,0
751,1,cautious,nop,nan,30,0,29.798981664924852,9.0,10.0,4.0,7.0,30,0,2,19,1,0,0,0,52.0,0.0,11.758777997909814,2,0,1,1,0,0,7,0,3,2,2,0,nan,0.0,0,0,0,0
752,1,cautious,nop,nan,30,0,29.798981664924852,10.0,10.0,7.0,3.0,30,0,2,20,1,2,0,1,55.0,0.0,11.758777997909814,1,0,1,0,0,0,7,0,3,2,1,1,nan,0.0,0,0,0,0
753,1,cautious,nop,nan,30,0,29.798981664924852,19.0,7.0,4.0,0.0,30,0,0,27,0,0,0,0,57.0,0.0,11.758777997909814,0,0,0,0,0,0,1,0,1,0,0,0,nan,0.0,0,0,0,0
754,1,cautious,nop,nan,30,0,29.798981664924852,0.0,3.0,10.0,17.0,30,0,0,3,0,1,0,0,34.0,0.0,11.758777997909814,1,0,1,0,0,0,2,0,1,1,0,0,nan,0.0,0,0,0,0
755,1,cautious,nop,nan,30,0,29.798981664924852,4.0,8.0,4.0,14.0,30,0,3,12,0,1,0,0,46.0,0.0,11.758777997909814,4,0,3,1,0,0,8,0,3,4,0,1,nan,0.0,0,0,0,0
756,1,cautious,nop,nan,30,0,29.798981664924852,18.0,6.0,6.0,0.0,30,0,4,23,0,0,0,0,57.0,0.0,11.758777997909814,2,0,0,2,0,0,8,0,2,3,1,2,nan,0.0,0,0,0,0
757,1,cautious,nop,nan,30,0,29.798981664924852,17.0,4.0,2.0,7.0,30,0,0,21,1,1,0,0,53.0,0.0,11.758777997909814,1,0,1,0,0,0,3,0,1,2,0,0,nan,0.0,0,0,0,0
758,1,cautious,nop,nan,20,1,29.69847249738728,0.0,13.0,7.0,0.0,19,0,2,13,1,1,1,0,36.0,0.0,6.758777997909828,1,1,0,0,0,0,4,1,1,1,1,0,nan,0.0,0,0,0,0
759,1,cautious,nop,nan,30,0,29.798981664924852,16.0,13.0,1.0,0.0,30,0,2,29,0,1,0,0,62.0,0.0,11.758777997909814,3,0,2,1,0,0,5,0,4,1,0,0,nan,0.0,0,0,0,0
760,1,cautious,nop,nan,30,0,29.798981664924852,10.0,7.0,4.0,9.0,30,0,2,17,1,1,0,0,51.0,0.0,11.758777997909814,1,0,0,1,0,0,7,0,3,3,1,0,nan,0.0,0,0,0,0
761,1,cautious,nop,nan,30,0,29.798981664924852,18.0,2.0,2.0,8.0,30,0,0,20,0,0,0,0,50.0,0.0,11.758777997909814,0,0,0,0,0,0,5,0,3,2,0,0,nan,0.0,0,0,0,0
762,1,cautious,nop,nan,30,0,29.798981664924852,0.0,13.0,9.0,8.0,30,1,3,13,1,0,0,0,48.0,0.0,11.758777997909814,2,0,1,0,1,0,5,0,2,1,1,1,nan,0.0,0,0,0,0
763,1,cautious,nop,nan,10,1,29.39694500758249,0.0,0.0,8.0,2.0,9,0,2,0,0,1,1,0,12.0,0.0,2.758778003032995,1,1,0,0,0,0,3,1,0,2,0,0,nan,0.0,0,0,0,0
764,1,cautious,nop,nan,30,0,29.798981664924852,7.0,19.0,4.0,0.0,30,0,3,25,1,1,0,1,60.0,0.0,11.758777997909814,1,0,1,0,0,0,7,0,2,2,1,2,nan,0.0,0,0,0,0
765,1,cautious,nop,nan,30,0,29.798981664924852,0.0,11.0,11.0,8.0,30,2,6,12,2,2,1,2,54.0,0.0,11.758777997909814,5,0,3,1,1,0,11,0,4,3,1,3,nan,0.0,0,0,0,0
766,1,cautious,nop,nan,16,1,29.623090621734303,2.0,9.0,1.0,4.0,16,2,5,10,0,0,1,0,33.0,0.0,5.158777997909955,3,0,0,1,2,0,6,0,0,4,1,1,nan,0.0,0,0,0,0
767,1,cautious,nop,nan,30,0,29.798981664924852,0.0,7.0,10.0,13.0,30,0,2,8,1,1,0,0,42.0,0.0,11.758777997909814,2,0,1,1,0,0,8,0,4,2,0,2,nan,0.0,0,0,0,0
768,1,cautious,nop,nan,30,0,29.798981664924852,0.0,6.0,10.0,14.0,30,0,2,7,2,2,0,2,43.0,0.0,11.758777997909814,1,0,1,0,0,0,5,0,4,0,0,1,nan,0.0,0,0,0,0
769,1,cautious,nop,nan,11,1,29.451768179057538,0.0,0.0,6.0,5.0,10,0,4,0,0,0,1,0,14.0,0.0,3.1587779987853164,2,1,0,1,0,0,4,1,0,1,2,0,nan,0.0,0,0,0,0
770,1,cautious,nop,nan,23,1,29.737802171641114,0.0,7.0,11.0,5.0,23,0,1,7,4,1,0,0,36.0,0.0,7.958777997909824,2,0,2,0,0,0,4,0,2,1,0,1,nan,0.0,0,0,0,0
771,1,cautious,nop,nan,13,1,29.536111534491145,9.0,4.0,0.0,0.0,13,2,5,13,0,0,0,0,33.0,0.0,3.9587779979353943,3,0,1,1,1,0,7,0,2,2,1,2,nan,0.0,0,0,0,0
772,1,cautious,nop,nan,30,0,29.798981664924852,0.0,2.0,21.0,7.0,30,0,4,2,1,1,0,0,38.0,0.0,11.758777997909814,2,0,1,1,0,0,9,0,2,5,1,1,nan,0.0,0,0,0,0
773,1,cautious,nop,nan,20,1,29.69847249738728,4.0,1.0,3.0,12.0,19,2,4,6,0,0,1,0,31.0,0.0,6.758777997909828,4,1,1,1,1,0,6,1,3,1,0,1,nan,0.0,0,0,0,0
774,1,cautious,nop,nan,30,0,29.798981664924852,2.0,14.0,9.0,5.0,30,1,5,16,2,0,0,0,54.0,0.0,11.758777997909814,4,0,1,2,1,0,10,0,2,4,2,2,nan,0.0,0,0,0,0
775,1,cautious,nop,nan,30,0,29.46564833159213,6.0,12.0,12.0,0.0,28,0,3,17,1,0,1,0,49.0,0.0,11.358777997910554,2,1,0,1,0,0,5,1,2,2,0,0,nan,0.0,0,0,0,0
776,1,cautious,nop,nan,30,0,29.798981664924852,3.0,6.0,15.0,6.0,30,0,2,8,2,1,0,0,43.0,0.0,11.758777997909814,2,0,0,2,0,0,8,0,1,5,0,2,nan,0.0,0,0,0,0
777,1,cautious,nop,nan,30,0,29.798981664924852,8.0,7.0,12.0,3.0,30,0,1,16,1,1,0,0,49.0,0.0,11.758777997909814,2,0,1,1,0,0,5,0,2,2,1,0,nan,0.0,0,0,0,0
778,1,cautious,nop,nan,30,0,29.798981664924852,0.0,0.0,18.0,12.0,30,0,1,0,1,0,0,0,32.0,0.0,11.758777997909814,1,0,0,1,0,0,4,0,1,2,1,0,nan,0.0,0,0,0,0
779,1,cautious,nop,nan,30,0,28.034345806701644,8.0,22.0,0.0,0.0,23,0,4,30,1,1,1,0,59.0,0.0,9.641214968041972,8,7,0,1,0,0,8,2,1,2,2,1,nan,0.0,0,0,0,0
780,1,cautious,nop,nan,7,1,29.138496516113285,0.0,2.0,5.0,0.0,7,0,2,2,0,0,0,0,11.0,0.0,1.5587790245117201,2,0,0,2,0,0,5,0,1,2,0,2,nan,0.0,0,0,0,0
781,1,cautious,nop,nan,30,0,29.465648331612204,0.0,8.0,4.0,18.0,28,0,3,9,0,1,0,0,41.0,0.0,11.358777997934647,2,0,2,0,0,0,6,1,3,1,1,0,nan,0.0,0,0,0,0
782,1,cautious,nop,nan,19,1,29.682602628828715,2.0,1.0,9.0,7.0,18,1,5,4,0,1,1,0,29.0,0.0,6.3587779979098284,5,1,3,1,0,0,8,1,4,1,0,2,nan,0.0,0,0,0,0
783,1,cautious,nop,nan,22,1,29.725884088533892,7.0,5.0,6.0,4.0,22,1,5,12,0,0,0,0,40.0,0.0,7.558777997909825,4,0,1,3,0,0,9,0,2,3,2,2,nan,0.0,0,0,0,0
784,1,cautious,nop,nan,30,0,29.465648331591524,4.0,19.0,7.0,0.0,28,0,7,23,3,0,0,0,61.0,0.0,11.35877799790983,4,1,1,2,0,0,14,1,4,3,2,4,nan,0.0,0,0,0,0
785,1,cautious,nop,nan,30,0,29.798981664924852,25.0,5.0,0.0,0.0,30,1,2,29,0,1,0,0,63.0,0.0,11.758777997909814,3,0,1,1,1,0,5,0,1,2,2,0,nan,0.0,0,0,0,0
786,1,cautious,nop,nan,30,0,29.798981664924852,5.0,12.0,11.0,2.0,30,0,4,17,1,2,0,1,54.0,0.0,11.758777997909814,2,0,2,0,0,0,8,0,4,2,1,1,nan,0.0,0,0,0,0
787,1,cautious,nop,nan,30,0,29.798981664924852,7.0,5.0,7.0,11.0,30,1,5,12,1,2,1,0,51.0,0.0,11.758777997909814,4,0,2,1,1,0,11,0,5,3,1,2,nan,0.0,0,0,0,0
788,1,cautious,nop,nan,12,1,29.15199092705139,12.0,0.0,0.0,0.0,10,0,3,12,1,0,1,0,26.0,0.0,3.3929556449846663,2,1,0,1,0,0,4,1,1,1,0,1,nan,0.0,0,0,0,0
789,1,cautious,nop,nan,12,1,29.49745416262383,7.0,5.0,0.0,0.0,12,0,4,12,2,1,0,1,31.0,0.0,3.558777998059438,1,0,0,1,0,0,6,0,2,2,0,2,nan,0.0,0,0,0,0
790,1,cautious,nop,nan,30,0,29.798981664924852,6.0,8.0,12.0,4.0,30,0,3,13,1,3,0,1,50.0,0.0,11.758777997909814,2,0,1,1,0,0,11,0,3,5,1,2,nan,0.0,0,0,0,0
791,1,cautious,nop,nan,30,0,29.798981664924852,6.0,15.0,7.0,2.0,30,0,3,22,3,2,0,2,60.0,0.0,11.758777997909814,1,0,1,0,0,0,7,0,3,2,2,0,nan,0.0,0,0,0,0
792,1,cautious,nop,nan,11,1,29.451768179057538,3.0,6.0,2.0,0.0,10,1,6,10,0,0,1,0,27.0,0.0,3.1587779987853164,4,1,2,0,1,0,7,1,2,0,2,2,nan,0.0,0,0,0,0
793,1,cautious,nop,nan,30,0,29.465649162110065,7.0,11.0,12.0,0.0,28,0,1,19,1,0,0,0,49.0,0.0,11.358778994532079,1,0,1,0,0,0,5,1,3,0,1,0,nan,0.0,0,0,0,0
794,1,cautious,nop,nan,18,1,29.66496944154143,10.0,4.0,4.0,0.0,18,0,0,14,2,4,0,1,38.0,0.0,5.958777997909832,2,0,2,0,0,0,5,0,2,3,0,0,nan,0.0,0,0,0,0
795,1,cautious,nop,nan,30,0,29.465648331591524,8.0,12.0,10.0,0.0,28,0,6,20,3,1,0,1,58.0,0.0,11.358777997909822,5,1,2,2,0,0,12,1,3,4,2,2,nan,0.0,0,0,0,0
796,1,cautious,nop,nan,30,0,29.798981664924852,0.0,11.0,8.0,11.0,30,0,3,12,2,0,0,0,47.0,0.0,11.758777997909814,1,0,1,0,0,0,6,0,2,1,1,2,nan,0.0,0,0,0,0
797,1,cautious,nop,nan,30,0,29.798981664924852,0.0,12.0,9.0,9.0,30,0,3,11,1,0,0,0,45.0,0.0,11.758777997909814,2,0,1,1,0,0,6,0,1,4,1,0,nan,0.0,0,0,0,0
798,1,cautious,nop,nan,16,1,29.623090621734303,0.0,1.0,9.0,6.0,16,0,1,2,3,1,0,0,23.0,0.0,5.158777997909955,1,0,1,0,0,0,3,0,2,0,0,1,nan,0.0,0,0,0,0
799,1,cautious,nop,nan,30,0,29.798981664924852,17.0,5.0,4.0,4.0,30,1,3,21,3,1,0,1,59.0,0.0,11.758777997909814,3,0,2,0,0,1,7,0,2,2,1,2,nan,0.0,0,0,0,0
800,1,cautious,nop,nan,30,0,29.798981664924852,0.0,2.0,12.0,16.0,30,0,5,3,0,1,0,0,39.0,0.0,11.758777997909814,3,0,2,1,0,0,9,0,2,2,2,3,nan,0.0,0,0,0,0
801,1,cautious,nop,nan,30,0,29.798981664924852,13.0,13.0,4.0,0.0,30,0,2,26,2,2,0,1,62.0,0.0,11.758777997909814,2,0,0,2,0,0,7,0,2,3,1,1,nan,0.0,0,0,0,0
802,1,cautious,nop,nan,30,0,29.498996835484817,10.0,5.0,9.0,6.0,27,0,4,16,0,0,0,0,47.0,0.0,11.39879620258177,4,1,1,2,0,0,7,1,2,2,1,1,nan,0.0,0,0,0,0
803,1,cautious,nop,nan,5,1,28.794065760757547,3.0,2.0,0.0,0.0,5,1,3,5,1,0,0,0,15.0,0.0,0.75881315215151,3,0,2,1,0,0,4,0,2,1,1,0,nan,0.0,0,0,0,0
804,1,cautious,nop,nan,30,0,29.798981664924852,10.0,5.0,9.0,6.0,30,0,5,15,0,0,0,0,50.0,0.0,11.758777997909814,1,0,0,1,0,0,11,0,4,3,1,3,nan,0.0,0,0,0,0
805,1,cautious,nop,nan,30,0,29.798981664924852,0.0,0.0,16.0,14.0,30,0,1,0,1,1,0,1,33.0,0.0,11.758777997909814,0,0,0,0,0,0,4,0,2,1,1,0,nan,0.0,0,0,0,0
806,1,cautious,nop,nan,15,1,29.59796332985096,15.0,0.0,0.0,0.0,14,1,3,15,0,0,1,0,33.0,0.0,4.758777997910574,2,1,0,0,1,0,3,1,0,0,1,1,nan,0.0,0,0,0,0
807,1,cautious,nop,nan,30,0,29.798981664924852,6.0,4.0,3.0,17.0,30,0,1,11,1,0,0,0,43.0,0.0,11.758777997909814,0,0,0,0,0,0,5,0,3,1,0,1,nan,0.0,0,0,0,0
808,1,cautious,nop,nan,30,0,29.798981664924852,15.0,9.0,6.0,0.0,30,0,1,24,1,1,0,0,57.0,0.0,11.758777997909814,0,0,0,0,0,0,3,0,2,0,1,0,nan,0.0,0,0,0,0
809,1,cautious,nop,nan,30,0,29.798981664924852,11.0,11.0,8.0,0.0,30,0,4,21,1,2,0,0,58.0,0.0,11.758777997909814,4,0,3,1,0,0,12,0,5,4,1,2,nan,0.0,0,0,0,0
810,1,cautious,nop,nan,30,0,29.4666222009053,4.0,18.0,6.0,2.0,28,1,2,22,2,1,0,0,56.0,0.0,11.359946641086353,4,1,1,1,1,0,7,1,3,2,0,1,nan,0.0,0,0,0,0
811,1,cautious,nop,nan,30,0,29.798981664924852,0.0,4.0,7.0,19.0,30,0,2,4,0,0,0,0,36.0,0.0,11.758777997909814,0,0,0,0,0,0,5,0,2,1,1,1,nan,0.0,0,0,0,0
812,1,cautious,nop,nan,30,0,29.798981664924852,9.0,9.0,12.0,0.0,30,0,3,18,0,2,0,0,53.0,0.0,11.758777997909814,3,0,1,2,0,0,6,0,3,2,1,0,nan,0.0,0,0,0,0
813,1,cautious,nop,nan,7,1,29.138496516113285,0.0,0.0,0.0,7.0,7,1,3,0,0,0,1,0,11.0,0.0,1.5587790245117201,1,0,0,0,1,0,3,0,0,1,1,1,nan,0.0,0,0,0,0
814,1,cautious,nop,nan,22,1,29.725884088533892,0.0,13.0,5.0,4.0,22,1,4,12,1,0,0,0,40.0,0.0,7.558777997909825,3,0,2,1,0,0,7,0,2,2,0,3,nan,0.0,0,0,0,0
815,1,cautious,nop,nan,30,0,29.798981664924852,8.0,10.0,9.0,3.0,30,0,5,18,2,1,0,0,56.0,0.0,11.758777997909814,4,0,3,1,0,0,13,0,5,4,0,4,nan,0.0,0,0,0,0
816,1,cautious,nop,nan,30,0,29.632315707564615,12.0,8.0,10.0,0.0,29,0,1,19,2,0,0,0,51.0,0.0,11.558778849077532,0,0,0,0,0,0,3,0,1,1,0,1,nan,0.0,0,0,0,0
817,1,cautious,nop,nan,30,0,29.798981664924852,0.0,0.0,1.0,29.0,30,0,0,0,1,0,0,0,31.0,0.0,11.758777997909814,0,0,0,0,0,0,0,0,0,0,0,0,nan,0.0,0,0,0,0
818,1,cautious,nop,nan,30,0,29.798981664924852,6.0,12.0,10.0,2.0,30,0,3,18,1,1,0,1,53.0,0.0,11.758777997909814,2,0,0,2,0,0,8,0,3,2,1,2,nan,0.0,0,0,0,0
819,1,cautious,nop,nan,30,0,29.798981664924852,1.0,4.0,18.0,7.0,30,0,1,5,1,1,0,0,38.0,0.0,11.758777997909814,2,0,0,2,0,0,4,0,1,2,1,0,nan,0.0,0,0,0,0
820,1,cautious,nop,nan,30,0,29.798981664924852,2.0,23.0,5.0,0.0,30,0,4,24,0,0,0,0,58.0,0.0,11.758777997909814,2,0,0,2,0,0,7,0,1,3,1,2,nan,0.0,0,0,0,0
821,1,cautious,nop,nan,6,1,28.99493335565053,3.0,3.0,0.0,0.0,6,1,2,5,0,1,0,0,15.0,0.0,1.1587840053561282,4,0,1,2,1,0,4,0,1,2,0,1,nan,0.0,0,0,0,0
822,1,cautious,nop,nan,30,0,29.798981664924852,0.0,18.0,8.0,4.0,30,0,0,18,2,1,0,1,51.0,0.0,11.758777997909814,0,0,0,0,0,0,3,0,2,1,0,0,nan,0.0,0,0,0,0
823,1,cautious,nop,nan,30,0,29.798981664924852,0.0,27.0,3.0,0.0,30,0,2,27,1,1,0,1,61.0,0.0,11.758777997909814,1,0,1,0,0,0,4,0,1,1,1,1,nan,0.0,0,0,0,0
824,1,cautious,nop,nan,30,0,29.298981664924856,18.0,7.0,4.0,1.0,27,1,5,26,2,0,0,0,61.0,0.0,11.15877799790983,5,1,2,2,0,0,11,1,5,2,0,3,nan,0.0,0,0,0,0
825,1,cautious,nop,nan,30,0,29.798981664924852,8.0,4.0,9.0,9.0,30,0,1,11,2,4,0,1,48.0,0.0,11.758777997909814,3,0,1,2,0,0,7,0,3,4,0,0,nan,0.0,0,0,0,0
826,1,cautious,nop,nan,30,0,29.798981664924852,6.0,15.0,9.0,0.0,30,2,7,21,1,1,0,1,62.0,0.0,11.758777997909814,6,0,2,2,2,0,12,0,2,4,4,2,nan,0.0,0,0,0,0
827,1,cautious,nop,nan,30,0,29.798981664924852,0.0,7.0,18.0,5.0,30,0,2,7,0,0,0,0,39.0,0.0,11.758777997909814,0,0,0,0,0,0,5,0,1,2,0,2,nan,0.0,0,0,0,0
828,1,cautious,nop,nan,30,0,28.534175233190187,11.0,14.0,1.0,4.0,24,1,4,26,0,1,1,0,56.0,0.0,10.241010279828219,7,4,3,0,0,0,12,3,5,1,2,1,nan,0.0,0,0,0,0
829,1,cautious,nop,nan,3,1,27.99984829440037,0.0,3.0,0.0,0.0,3,0,0,2,0,0,0,0,5.0,0.0,-0.040018204671955604,0,0,0,0,0,0,0,0,0,0,0,0,nan,0.0,0,0,0,0
830,1,cautious,nop,nan,30,0,29.798981664924852,3.0,12.0,7.0,8.0,30,0,6,14,1,0,0,0,51.0,0.0,11.758777997909814,4,0,3,1,0,0,12,0,3,5,3,1,nan,0.0,0,0,0,0
831,1,cautious,nop,nan,30,0,29.798981664924852,5.0,12.0,11.0,2.0,30,0,3,18,2,2,0,1,55.0,0.0,11.758777997909814,2,0,2,0,0,0,9,0,5,2,0,2,nan,0.0,0,0,0,0
832,1,cautious,nop,nan,30,0,29.798981664924852,10.0,13.0,7.0,0.0,30,0,1,23,1,1,0,0,56.0,0.0,11.758777997909814,2,0,0,2,0,0,3,0,0,2,0,1,nan,0.0,0,0,0,0
833,1,cautious,nop,nan,30,0,29.798981664924852,25.0,5.0,0.0,0.0,30,0,0,30,2,1,0,0,63.0,0.0,11.758777997909814,1,0,1,0,0,0,4,0,2,2,0,0,nan,0.0,0,0,0,0
834,1,cautious,nop,nan,30,0,29.798981664924852,0.0,3.0,25.0,2.0,30,0,3,3,0,0,0,0,36.0,0.0,11.758777997909814,2,0,2,0,0,0,4,0,2,0,2,0,nan,0.0,0,0,0,0
835,1,cautious,nop,nan,16,1,29.623090621734303,8.0,8.0,0.0,0.0,16,1,4,16,1,2,1,1,40.0,0.0,5.158777997909955,3,0,0,2,1,0,6,0,2,2,1,1,nan,0.0,0,0,0,0
836,1,cautious,nop,nan,30,0,29.798981664924852,7.0,14.0,9.0,0.0,30,1,5,20,2,2,0,1,60.0,0.0,11.758777997909814,4,0,2,1,1,0,10,0,4,2,4,0,nan,0.0,0,0,0,0
837,1,cautious,nop,nan,30,0,29.798981664924852,5.0,11.0,14.0,0.0,30,0,2,15,2,0,0,0,49.0,0.0,11.758777997909814,2,0,2,0,0,0,6,0,2,2,1,1,nan,0.0,0,0,0,0
838,1,cautious,nop,nan,30,0,29.798981664924852,0.0,13.0,17.0,0.0,30,0,4,12,1,0,0,0,47.0,0.0,11.758777997909814,2,0,1,1,0,0,11,0,3,4,2,2,nan,0.0,0,0,0,0
839,1,cautious,nop,nan,13,1,29.536111534491145,2.0,7.0,1.0,3.0,13,2,5,8,0,1,2,0,29.0,0.0,3.9587779979353943,2,0,0,0,1,1,8,0,0,4,1,3,nan,0.0,0,0,0,0
840,1,cautious,nop,nan,30,0,29.798981664924852,5.0,11.0,6.0,8.0,30,0,0,15,1,0,0,0,46.0,0.0,11.758777997909814,0,0,0,0,0,0,4,0,1,3,0,0,nan,0.0,0,0,0,0
841,1,cautious,nop,nan,10,1,29.39694500758249,10.0,0.0,0.0,0.0,10,1,2,10,0,0,0,0,23.0,0.0,2.758778003032995,2,0,1,1,0,0,3,0,2,1,0,0,nan,0.0,0,0,0,0
842,1,cautious,nop,nan,30,0,29.798981664924852,5.0,2.0,6.0,17.0,30,0,0,7,1,3,0,1,41.0,0.0,11.758777997909814,2,0,1,1,0,0,6,0,3,3,0,0,nan,0.0,0,0,0,0
843,1,cautious,nop,nan,30,0,29.798981664924852,4.0,6.0,10.0,10.0,30,0,0,11,0,2,0,0,43.0,0.0,11.758777997909814,2,0,1,1,0,0,5,0,3,2,0,0,nan,0.0,0,0,0,0
844,1,cautious,nop,nan,30,0,29.798981664924852,9.0,5.0,7.0,9.0,30,0,1,15,0,0,0,0,46.0,0.0,11.758777997909814,0,0,0,0,0,0,1,0,0,0,1,0,nan,0.0,0,0,0,0
845,1,cautious,nop,nan,30,0,29.798981664924852,5.0,12.0,13.0,0.0,30,1,5,18,1,1,1,0,56.0,0.0,11.758777997909814,3,0,1,1,1,0,8,0,3,1,2,2,nan,0.0,0,0,0,0
846,1,cautious,nop,nan,30,0,28.465648331591524,7.0,3.0,11.0,9.0,25,0,5,9,1,0,0,0,40.0,0.0,10.158777997909826,5,1,1,3,0,0,10,2,2,3,2,1,nan,0.0,0,0,0,0
847,1,cautious,nop,nan,30,0,29.798981664924852,3.0,13.0,9.0,5.0,30,0,2,16,3,0,0,0,51.0,0.0,11.758777997909814,0,0,0,0,0,0,7,0,4,2,0,1,nan,0.0,0,0,0,0
848,1,cautious,nop,nan,30,0,29.798981664924852,7.0,14.0,9.0,0.0,30,0,2,20,0,2,0,0,54.0,0.0,11.758777997909814,4,0,2,2,0,0,6,0,2,2,2,0,nan,0.0,0,0,0,0
849,1,cautious,nop,nan,19,1,29.682602628828715,5.0,14.0,0.0,0.0,19,1,3,19,0,0,1,0,42.0,0.0,6.3587779979098284,1,0,1,0,0,0,3,0,2,0,0,1,nan,0.0,0,0,0,0
850,1,cautious,nop,nan,6,1,28.99493335565053,0.0,1.0,1.0,4.0,6,1,1,2,0,1,1,0,11.0,0.0,1.1587840053561282,2,0,1,0,1,0,3,0,2,0,1,0,nan,0.0,0,0,0,0
851,1,cautious,nop,nan,30,0,29.798981664924852,0.0,14.0,9.0,7.0,30,0,3,15,1,2,0,0,51.0,0.0,11.758777997909814,4,0,3,1,0,0,10,0,5,2,1,2,nan,0.0,0,0,0,0
852,1,cautious,nop,nan,30,0,27.965648331612844,14.0,11.0,5.0,0.0,22,0,0,26,2,0,0,0,50.0,0.0,9.558777997935417,1,0,1,0,0,0,2,1,1,0,0,0,nan,0.0,0,0,0,0
853,1,cautious,nop,nan,30,0,29.798981664924852,3.0,3.0,12.0,12.0,30,0,2,6,2,1,0,1,41.0,0.0,11.758777997909814,1,0,0,1,0,0,6,0,3,2,0,1,nan,0.0,0,0,0,0
854,1,cautious,nop,nan,30,0,29.798981664924852,15.0,15.0,0.0,0.0,30,0,4,30,0,0,0,0,64.0,0.0,11.758777997909814,2,0,1,1,0,0,9,0,3,3,1,2,nan,0.0,0,0,0,0
855,1,cautious,nop,nan,30,0,29.798981664924852,0.0,2.0,17.0,11.0,30,0,4,2,2,0,0,0,38.0,0.0,11.758777997909814,1,0,1,0,0,0,7,0,2,1,1,3,nan,0.0,0,0,0,0
856,1,cautious,nop,nan,30,0,29.798981664924852,3.0,10.0,9.0,8.0,30,0,3,14,1,0,0,0,48.0,0.0,11.758777997909814,1,0,1,0,0,0,6,0,2,1,2,1,nan,0.0,0,0,0,0
857,1,cautious,nop,nan,30,0,29.798981664924852,3.0,16.0,9.0,2.0,30,0,6,19,1,0,0,0,56.0,0.0,11.758777997909814,4,0,2,2,0,0,13,0,7,2,1,3,nan,0.0,0,0,0,0
858,1,cautious,nop,nan,30,0,29.798981664924852,5.0,7.0,14.0,4.0,30,0,4,11,4,2,0,1,51.0,0.0,11.758777997909814,4,0,3,1,0,0,9,0,3,2,1,3,nan,0.0,0,0,0,0
859,1,cautious,nop,nan,30,0,29.798981664924852,12.0,11.0,7.0,0.0,30,0,5,22,0,0,0,0,57.0,0.0,11.758777997909814,4,0,2,2,0,0,10,0,4,3,2,1,nan,0.0,0,0,0,0
860,1,cautious,nop,nan,30,0,29.798981664924852,18.0,12.0,0.0,0.0,30,0,5,30,1,1,0,1,67.0,0.0,11.758777997909814,3,0,0,3,0,0,9,0,1,3,3,2,nan,0.0,0,0,0,0
861,1,cautious,nop,nan,30,0,29.798981664924852,6.0,7.0,17.0,0.0,30,0,3,12,0,0,0,0,45.0,0.0,11.758777997909814,3,0,2,1,0,0,6,0,2,2,1,1,nan,0.0,0,0,0,0
862,1,cautious,nop,nan,30,0,29.798981664924852,4.0,13.0,3.0,10.0,30,0,4,18,2,1,0,1,55.0,0.0,11.758777997909814,2,0,0,2,0,0,9,0,3,3,0,3,nan,0.0,0,0,0,0
863,1,cautious,nop,nan,16,1,29.623090621734303,9.0,7.0,0.0,0.0,16,1,3,16,1,0,0,0,37.0,0.0,5.158777997909955,3,0,2,1,0,0,5,0,2,1,1,1,nan,0.0,0,0,0,0
864,1,cautious,nop,nan,30,0,29.798981664924852,6.0,16.0,3.0,5.0,30,1,4,23,1,0,0,0,59.0,0.0,11.758777997909814,3,0,2,0,0,1,9,0,5,1,1,2,nan,0.0,0,0,0,0
865,1,cautious,nop,nan,17,1,29.645261761632128,11.0,6.0,0.0,0.0,16,0,2,17,0,3,1,0,38.0,0.0,5.55877799790985,2,1,1,0,0,0,4,1,3,0,0,0,nan,0.0,0,0,0,0
866,1,cautious,nop,nan,30,0,29.298981689783208,0.0,0.0,25.0,5.0,27,0,1,0,0,0,0,0,28.0,0.0,11.158778027739856,2,0,1,1,0,0,3,1,0,1,1,0,nan,0.0,0,0,0,0
867,1,cautious,nop,nan,30,0,29.798981664924852,9.0,2.0,10.0,9.0,30,0,2,10,2,2,0,1,46.0,0.0,11.758777997909814,3,0,0,3,0,0,7,0,1,4,2,0,nan,0.0,0,0,0,0
868,1,cautious,nop,nan,30,0,29.46564833229979,10.0,7.0,2.0,11.0,28,0,3,17,1,1,0,0,50.0,0.0,11.35877799875975,5,1,2,2,0,0,8,1,2,2,2,1,nan,0.0,0,0,0,0
869,1,cautious,nop,nan,30,0,29.798981664924852,3.0,9.0,7.0,11.0,30,0,1,13,1,1,0,1,46.0,0.0,11.758777997909814,0,0,0,0,0,0,6,0,3,2,1,0,nan,0.0,0,0,0,0
870,1,cautious,nop,nan,30,1,29.798981664924852,8.0,10.0,11.0,1.0,30,0,3,18,1,3,0,1,55.0,0.0,10.758777997909814,4,0,2,2,0,0,10,0,4,3,0,3,nan,0.0,0,0,0,0
871,1,cautious,nop,nan,30,0,29.798981664924852,5.0,3.0,7.0,15.0,30,0,1,8,1,1,0,0,41.0,0.0,11.758777997909814,1,0,1,0,0,0,5,0,2,2,1,0,nan,0.0,0,0,0,0
872,1,cautious,nop,nan,18,1,29.66496944154143,5.0,3.0,5.0,5.0,18,1,3,8,0,0,1,0,30.0,0.0,5.958777997909832,1,0,0,0,0,1,6,0,2,1,0,3,nan,0.0,0,0,0,0
873,1,cautious,nop,nan,30,0,29.798981664924852,19.0,11.0,0.0,0.0,30,0,2,30,1,0,0,0,63.0,0.0,11.758777997909814,2,0,2,0,0,0,5,0,2,2,1,0,nan,0.0,0,0,0,0
874,1,cautious,nop,nan,30,0,29.798981664924852,7.0,14.0,9.0,0.0,30,0,4,21,1,1,0,1,57.0,0.0,11.758777997909814,3,0,1,2,0,0,10,0,3,3,2,2,nan,0.0,0,0,0,0
875,1,cautious,nop,nan,30,0,29.798981664924852,15.0,10.0,2.0,3.0,30,0,5,25,2,2,0,1,64.0,0.0,11.758777997909814,4,0,2,2,0,0,11,0,3,3,4,1,nan,0.0,0,0,0,0
876,1,cautious,nop,nan,2,1,27.072779413434652,2.0,0.0,0.0,0.0,2,1,1,2,0,0,0,0,6.0,0.0,-0.43417764692522787,2,0,0,1,1,0,1,0,0,1,0,0,nan,0.0,0,0,0,0
877,1,cautious,nop,nan,30,0,29.798981664924852,0.0,13.0,10.0,7.0,30,0,2,12,0,0,0,0,44.0,0.0,11.758777997909814,1,0,1,0,0,0,5,0,2,1,2,0,nan,0.0,0,0,0,0
878,1,cautious,nop,nan,17,1,29.645261761632128,13.0,1.0,3.0,0.0,17,1,3,13,0,0,1,0,34.0,0.0,5.55877799790985,1,0,0,0,0,1,4,0,0,1,1,2,nan,0.0,0,0,0,0
879,1,cautious,nop,nan,30,0,29.798981664924852,10.0,2.0,13.0,5.0,30,0,1,11,1,1,0,0,44.0,0.0,11.758777997909814,0,0,0,0,0,0,5,0,2,3,0,0,nan,0.0,0,0,0,0
880,1,cautious,nop,nan,30,0,29.798981664924852,12.0,6.0,12.0,0.0,30,0,3,18,1,0,0,0,52.0,0.0,11.758777997909814,1,0,0,1,0,0,7,0,3,2,1,1,nan,0.0,0,0,0,0
881,1,cautious,nop,nan,17,1,29.645261761632128,0.0,2.0,5.0,10.0,17,2,4,1,1,0,1,0,25.0,0.0,5.55877799790985,3,0,0,3,0,0,6,0,1,5,0,0,nan,0.0,0,0,0,0
882,1,cautious,nop,nan,18,1,29.66496944154143,0.0,0.0,10.0,8.0,18,0,3,1,2,1,0,1,25.0,0.0,5.958777997909832,1,0,1,0,0,0,5,0,2,0,2,1,nan,0.0,0,0,0,0
883,1,cautious,nop,nan,30,0,29.798981664924852,19.0,11.0,0.0,0.0,30,2,5,30,1,1,1,1,69.0,0.0,11.758777997909814,5,0,3,1,1,0,8,0,3,2,2,1,nan,0.0,0,0,0,0
884,1,cautious,nop,nan,30,0,29.798981664924852,0.0,14.0,10.0,6.0,30,1,3,14,1,1,0,1,50.0,0.0,11.758777997909814,4,0,2,1,1,0,7,0,2,4,0,1,nan,0.0,0,0,0,0
885,1,cautious,nop,nan,30,0,29.465648331712554,0.0,6.0,9.0,15.0,28,0,3,6,2,1,0,0,40.0,0.0,11.358777998055071,4,1,2,1,0,0,6,1,2,1,0,2,nan,0.0,0,0,0,0
886,1,cautious,nop,nan,30,0,29.798981664924852,14.0,8.0,1.0,7.0,30,0,3,21,1,1,0,1,56.0,0.0,11.758777997909814,3,0,3,0,0,0,8,0,3,3,1,1,nan,0.0,0,0,0,0
887,1,cautious,nop,nan,13,1,29.536111534491145,2.0,2.0,9.0,0.0,13,1,3,5,0,1,1,0,23.0,0.0,3.9587779979353943,1,0,1,0,0,0,5,0,3,0,1,1,nan,0.0,0,0,0,0
888,1,cautious,nop,nan,30,0,29.798981664924852,5.0,10.0,7.0,8.0,30,0,0,15,1,2,0,1,48.0,0.0,11.758777997909814,1,0,0,1,0,0,7,0,3,4,0,0,nan,0.0,0,0,0,0
889,1,cautious,nop,nan,24,1,29.748727081156066,11.0,4.0,9.0,0.0,24,1,3,15,1,0,0,0,44.0,0.0,8.358777997909822,3,0,0,2,0,1,5,0,1,2,1,1,nan,0.0,0,0,0,0
890,1,cautious,nop,nan,30,0,29.798981664924852,7.0,19.0,4.0,0.0,30,0,1,27,0,0,0,0,58.0,0.0,11.758777997909814,0,0,0,0,0,0,2,0,1,0,0,1,nan,0.0,0,0,0,0
891,1,cautious,nop,nan,22,1,29.725884088533892,9.0,9.0,4.0,0.0,21,0,3,18,1,4,1,1,47.0,0.0,7.558777997909825,4,1,2,1,0,0,10,1,4,3,0,2,nan,0.0,0,0,0,0
892,1,cautious,nop,nan,30,0,29.798981664924852,12.0,5.0,13.0,0.0,30,1,4,16,1,0,0,0,52.0,0.0,11.758777997909814,4,0,2,2,0,0,9,0,3,4,2,0,nan,0.0,0,0,0,0
893,1,cautious,nop,nan,30,0,29.798981664924852,2.0,4.0,18.0,6.0,30,0,3,7,1,0,0,0,41.0,0.0,11.758777997909814,3,0,3,0,0,0,7,0,3,1,2,1,nan,0.0,0,0,0,0
894,1,cautious,nop,nan,24,1,24.167920622309737,0.0,7.0,15.0,2.0,8,2,0,7,3,2,0,1,22.0,0.0,3.001203797417343,14,9,2,1,1,1,3,2,1,0,0,0,nan,0.0,0,0,0,0
895,1,cautious,nop,nan,30,0,29.798981664924852,3.0,11.0,16.0,0.0,30,1,5,14,2,1,0,0,53.0,0.0,11.758777997909814,5,0,1,3,1,0,10,0,2,4,1,3,nan,0.0,0,0,0,0
896,1,cautious,nop,nan,5,1,28.794065760757547,4.0,1.0,0.0,0.0,4,0,2,5,0,1,1,0,12.0,0.0,0.75881315215151,1,1,0,0,0,0,3,1,2,0,0,0,nan,0.0,0,0,0,0
897,1,cautious,nop,nan,30,0,29.798981664924852,0.0,4.0,8.0,18.0,30,0,4,4,0,0,0,0,38.0,0.0,11.758777997909814,1,0,1,0,0,0,10,0,3,3,1,3,nan,0.0,0,0,0,0
898,1,cautious,nop,nan,30,0,29.798981664924852,0.0,1.0,7.0,22.0,30,0,1,2,0,0,0,0,33.0,0.0,11.758777997909814,1,0,0,1,0,0,4,0,2,1,0,1,nan,0.0,0,0,0,0
899,1,cautious,nop,nan,30,0,29.798981664924852,25.0,5.0,0.0,0.0,30,0,2,30,0,0,0,0,62.0,0.0,11.758777997909814,2,0,1,1,0,0,4,0,2,1,0,1,nan,0.0,0,0,0,0
900,1,cautious,nop,nan,30,0,29.798981664924852,11.0,3.0,12.0,4.0,30,0,2,15,0,0,0,0,47.0,0.0,11.758777997909814,2,0,1,1,0,0,5,0,2,1,1,1,nan,0.0,0,0,0,0
901,1,cautious,nop,nan,29,1,26.758641561287202,9.0,2.0,12.0,6.0,17,3,5,12,6,2,2,2,45.0,0.0,6.840024211093159,12,4,3,2,1,2,9,4,1,1,0,3,nan,0.0,0,0,0,0
902,1,cautious,nop,nan,7,1,29.138496516113285,4.0,3.0,0.0,0.0,6,0,3,7,0,0,1,0,16.0,0.0,1.5587790245117201,1,1,0,0,0,0,3,1,0,0,0,2,nan,0.0,0,0,0,0
903,1,cautious,nop,nan,29,1,29.792049998198124,0.0,8.0,21.0,0.0,29,1,3,8,1,0,0,0,42.0,0.0,10.358777997909815,3,0,1,1,0,1,6,0,2,1,1,2,nan,0.0,0,0,0,0
904,1,cautious,nop,nan,30,0,29.798981664924852,9.0,2.0,6.0,13.0,30,0,1,12,1,0,0,0,44.0,0.0,11.758777997909814,1,0,0,1,0,0,4,0,2,1,1,0,nan,0.0,0,0,0,0
905,1,cautious,nop,nan,25,1,29.758777997909824,14.0,7.0,2.0,2.0,25,0,2,20,1,1,0,1,49.0,0.0,8.75877799790982,0,0,0,0,0,0,5,0,1,3,1,0,nan,0.0,0,0,0,0
906,1,cautious,nop,nan,16,1,29.623090621734303,6.0,8.0,2.0,0.0,16,1,5,15,1,1,1,1,39.0,0.0,5.158777997909955,3,0,3,0,0,0,7,0,4,0,0,3,nan,0.0,0,0,0,0
907,1,cautious,nop,nan,30,0,29.798981664924852,4.0,4.0,14.0,8.0,30,0,3,8,0,0,0,0,41.0,0.0,11.758777997909814,3,0,2,1,0,0,7,0,3,3,0,1,nan,0.0,0,0,0,0
908,1,cautious,nop,nan,30,0,29.798981664924852,8.0,10.0,12.0,0.0,30,0,4,17,2,1,0,1,54.0,0.0,11.758777997909814,1,0,0,1,0,0,8,0,3,3,1,1,nan,0.0,0,0,0,0
909,1,cautious,nop,nan,30,0,29.798981664924852,0.0,18.0,12.0,0.0,30,0,3,18,0,0,0,0,51.0,0.0,11.758777997909814,1,0,0,1,0,0,7,0,2,2,2,1,nan,0.0,0,0,0,0
910,1,cautious,nop,nan,30,0,29.798981664924852,0.0,6.0,20.0,4.0,30,0,1,6,0,0,0,0,37.0,0.0,11.758777997909814,1,0,0,1,0,0,4,0,1,2,0,1,nan,0.0,0,0,0,0
911,1,cautious,nop,nan,20,1,29.491194556043816,0.0,1.0,9.0,10.0,18,0,4,2,0,1,1,0,25.0,0.0,6.592955644835056,4,1,2,1,0,0,7,1,2,2,2,0,nan,0.0,0,0,0,0
912,1,cautious,nop,nan,30,0,29.798981664924852,8.0,12.0,10.0,0.0,30,0,2,20,0,0,0,0,52.0,0.0,11.758777997909814,0,0,0,0,0,0,4,0,2,0,0,2,nan,0.0,0,0,0,0
913,1,cautious,nop,nan,30,0,29.46564833159152,0.0,10.0,11.0,9.0,28,0,4,9,1,0,0,0,42.0,0.0,11.358777997909826,3,1,1,1,0,0,6,1,1,1,0,3,nan,0.0,0,0,0,0
914,1,cautious,nop,nan,3,1,27.99984829440037,2.0,1.0,0.0,0.0,3,0,0,3,1,1,0,0,8.0,0.0,-0.040018204671955604,1,0,1,0,0,0,1,0,1,0,0,0,nan,0.0,0,0,0,0
915,1,cautious,nop,nan,30,0,29.798981664924852,10.0,9.0,4.0,7.0,30,0,2,19,1,1,0,0,53.0,0.0,11.758777997909814,0,0,0,0,0,0,5,0,1,2,2,0,nan,0.0,0,0,0,0
916,1,cautious,nop,nan,30,0,29.798981664924852,3.0,7.0,14.0,6.0,30,0,4,10,1,1,0,0,46.0,0.0,11.758777997909814,2,0,2,0,0,0,10,0,4,4,2,0,nan,0.0,0,0,0,0
917,1,cautious,nop,nan,18,1,29.66496944154143,8.0,6.0,4.0,0.0,18,1,4,15,0,0,0,0,38.0,0.0,5.958777997909832,4,0,2,1,1,0,8,0,3,1,3,1,nan,0.0,0,0,0,0
918,1,cautious,nop,nan,30,0,29.798981664924852,0.0,9.0,14.0,7.0,30,0,4,9,0,1,0,0,44.0,0.0,11.758777997909814,3,0,2,1,0,0,9,0,2,3,3,1,nan,0.0,0,0,0,0
919,1,cautious,nop,nan,30,0,29.798981664924852,11.0,6.0,13.0,0.0,30,0,3,16,1,0,0,0,50.0,0.0,11.758777997909814,2,0,0,2,0,0,6,0,1,2,2,1,nan,0.0,0,0,0,0
920,1,cautious,nop,nan,30,0,29.798981664924852,9.0,6.0,12.0,3.0,30,0,5,16,0,0,0,0,51.0,0.0,11.758777997909814,3,0,1,2,0,0,9,0,2,2,0,5,nan,0.0,0,0,0,0
921,1,cautious,nop,nan,24,1,29.748727081156066,6.0,8.0,5.0,5.0,23,1,3,15,1,3,1,1,46.0,0.0,8.358777997909822,3,1,1,0,0,1,8,1,5,0,0,2,nan,0.0,0,0,0,0
922,1,cautious,nop,nan,30,0,29.798981664924852,1.0,9.0,6.0,14.0,30,0,2,11,3,2,0,1,48.0,0.0,11.758777997909814,2,0,1,1,0,0,7,0,3,2,1,1,nan,0.0,0,0,0,0
923,1,cautious,nop,nan,28,1,29.784623212419486,0.0,8.0,8.0,12.0,28,0,1,7,1,2,0,1,39.0,0.0,9.958777997909817,1,0,1,0,0,0,4,0,3,0,0,1,nan,0.0,0,0,0,0
924,1,cautious,nop,nan,30,0,29.798981664924852,4.0,18.0,8.0,0.0,30,0,4,23,0,0,0,0,57.0,0.0,11.758777997909814,3,0,2,1,0,0,8,0,4,1,1,2,nan,0.0,0,0,0,0
925,1,cautious,nop,nan,30,0,29.465648331591524,7.0,2.0,12.0,9.0,28,2,4,10,2,3,1,1,49.0,0.0,11.35877799790983,6,0,3,2,0,1,9,1,4,2,1,1,nan,0.0,0,0,0,0
926,1,cautious,nop,nan,30,0,29.798981664924852,8.0,10.0,8.0,4.0,30,0,3,18,2,1,0,1,54.0,0.0,11.758777997909814,0,0,0,0,0,0,8,0,3,2,1,2,nan,0.0,0,0,0,0
927,1,cautious,nop,nan,8,1,29.24618179170004,3.0,5.0,0.0,0.0,8,2,4,8,0,0,1,0,22.0,0.0,1.9587781733440126,3,0,2,0,0,1,5,0,3,0,0,2,nan,0.0,0,0,0,0
928,1,cautious,nop,nan,7,1,28.54627382656053,7.0,0.0,0.0,0.0,5,0,3,7,1,0,1,0,16.0,0.0,1.3929566714369486,2,1,0,1,0,0,4,1,2,1,0,0,nan,0.0,0,0,0,0
929,1,cautious,nop,nan,30,0,29.798981664924852,5.0,13.0,8.0,4.0,30,0,5,19,0,0,0,0,54.0,0.0,11.758777997909814,2,0,1,1,0,0,11,0,5,2,1,3,nan,0.0,0,0,0,0
930,1,cautious,nop,nan,30,0,29.798981664924852,20.0,10.0,0.0,0.0,30,0,1,30,0,0,0,0,61.0,0.0,11.758777997909814,0,0,0,0,0,0,5,0,2,2,1,0,nan,0.0,0,0,0,0
931,1,cautious,nop,nan,30,0,29.798981664924852,0.0,10.0,6.0,14.0,30,1,4,9,2,0,0,0,46.0,0.0,11.758777997909814,4,0,2,1,0,1,8,0,2,2,2,2,nan,0.0,0,0,0,0
932,1,cautious,nop,nan,20,1,28.54976561232038,0.0,3.0,14.0,3.0,16,0,1,3,1,1,0,1,22.0,0.0,5.8398124898563095,3,1,1,1,0,0,5,2,2,0,1,0,nan,0.0,0,0,0,0
933,1,cautious,nop,nan,30,1,29.498996835484817,13.0,12.0,2.0,3.0,27,2,3,26,2,2,1,2,62.0,0.0,10.39879620258177,3,1,0,0,0,2,9,1,4,1,1,2,nan,0.0,0,0,0,0
934,1,cautious,nop,nan,30,0,29.798981664924852,9.0,17.0,4.0,0.0,30,0,1,26,0,0,0,0,57.0,0.0,11.758777997909814,0,0,0,0,0,0,5,0,2,2,1,0,nan,0.0,0,0,0,0
935,1,cautious,nop,nan,5,1,28.794065760757547,2.0,3.0,0.0,0.0,5,1,2,5,0,1,1,0,14.0,0.0,0.75881315215151,1,0,1,0,0,0,3,0,3,0,0,0,nan,0.0,0,0,0,0
936,1,cautious,nop,nan,30,0,29.798981664924852,15.0,10.0,1.0,4.0,30,0,2,26,0,0,0,0,58.0,0.0,11.758777997909814,2,0,1,1,0,0,6,0,2,2,1,1,nan,0.0,0,0,0,0
937,1,cautious,nop,nan,14,1,29.273135080070404,9.0,1.0,4.0,0.0,12,0,3,9,0,0,2,0,24.0,0.0,4.192955644839425,2,2,0,0,0,0,5,2,0,1,2,0,nan,0.0,0,0,0,0
938,1,cautious,nop,nan,20,1,29.69847249738728,2.0,9.0,5.0,4.0,20,1,6,11,0,1,1,0,39.0,0.0,6.758777997909828,4,0,2,1,1,0,9,0,3,3,2,1,nan,0.0,0,0,0,0
939,1,cautious,nop,nan,30,0,29.798981664924852,12.0,14.0,4.0,0.0,30,1,2,26,1,0,0,0,60.0,0.0,11.758777997909814,2,0,1,0,0,1,6,0,2,2,0,2,nan,0.0,0,0,0,0
940,1,cautious,nop,nan,30,0,29.798981664924852,5.0,21.0,4.0,0.0,30,1,4,26,1,1,0,1,63.0,0.0,11.758777997909814,3,0,2,1,0,0,8,0,4,2,1,1,nan,0.0,0,0,0,0
941,1,cautious,nop,nan,30,0,29.46564833159213,2.0,8.0,7.0,13.0,28,0,3,9,2,3,0,1,45.0,0.0,11.358777997910554,4,1,2,1,0,0,10,1,3,4,1,1,nan,0.0,0,0,0,0
942,1,cautious,nop,nan,30,0,29.298981810390437,10.0,14.0,6.0,0.0,27,1,5,24,3,3,1,2,63.0,0.0,11.158778172468526,6,1,2,3,0,0,10,1,3,4,2,0,nan,0.0,0,0,0,0
943,1,cautious,nop,nan,30,0,29.798981664924852,3.0,9.0,10.0,8.0,30,0,6,13,1,0,0,0,50.0,0.0,11.758777997909814,3,0,0,3,0,0,11,0,2,3,2,4,nan,0.0,0,0,0,0
944,1,cautious,nop,nan,30,0,29.798981664924852,5.0,12.0,13.0,0.0,30,0,2,18,0,1,0,0,51.0,0.0,11.758777997909814,2,0,2,0,0,0,5,0,2,1,1,1,nan,0.0,0,0,0,0
945,1,cautious,nop,nan,30,0,29.798981664924852,2.0,17.0,8.0,3.0,30,1,4,19,1,0,0,0,55.0,0.0,11.758777997909814,4,0,2,1,1,0,6,0,2,1,3,0,nan,0.0,0,0,0,0
946,1,cautious,nop,nan,18,1,29.38719858160311,5.0,10.0,1.0,2.0,17,2,3,14,0,1,1,0,37.0,0.0,5.758782978754238,3,0,0,2,1,0,5,0,2,2,1,0,nan,0.0,0,0,0,0
947,1,cautious,nop,nan,30,0,29.798981664924852,4.0,11.0,9.0,6.0,30,0,2,16,2,0,0,0,50.0,0.0,11.758777997909814,1,0,0,1,0,0,8,0,4,2,2,0,nan,0.0,0,0,0,0
948,1,cautious,nop,nan,8,1,29.24618179170004,1.0,4.0,1.0,2.0,8,0,1,6,0,2,0,0,17.0,0.0,1.9587781733440126,2,0,1,1,0,0,3,0,2,1,0,0,nan,0.0,0,0,0,0
949,1,cautious,nop,nan,30,0,29.798981664924852,12.0,13.0,4.0,1.0,30,1,4,24,1,2,0,1,62.0,0.0,11.758777997909814,2,0,1,0,1,0,9,0,2,4,2,1,nan,0.0,0,0,0,0
950,1,cautious,nop,nan,30,0,29.798981664924852,13.0,11.0,4.0,2.0,30,0,1,24,1,2,0,0,58.0,0.0,11.758777997909814,2,0,1,1,0,0,6,0,4,2,0,0,nan,0.0,0,0,0,0
951,1,cautious,nop,nan,26,1,29.768055767220986,0.0,5.0,7.0,14.0,26,1,4,5,1,1,1,0,38.0,0.0,9.15877799790982,1,0,0,1,0,0,5,0,1,2,2,0,nan,0.0,0,0,0,0
952,1,cautious,nop,nan,30,0,29.465648355844976,0.0,10.0,11.0,9.0,28,0,2,10,1,1,0,1,42.0,0.0,11.358778027013978,2,0,1,1,0,0,5,1,1,1,0,2,nan,0.0,0,0,0,0
953,1,cautious,nop,nan,30,0,29.798981664924852,4.0,26.0,0.0,0.0,30,1,2,30,0,0,0,0,63.0,0.0,11.758777997909814,2,0,0,1,1,0,3,0,1,1,1,0,nan,0.0,0,0,0,0
954,1,cautious,nop,nan,11,1,29.451768179057538,3.0,1.0,7.0,0.0,11,1,4,5,0,1,1,0,22.0,0.0,3.1587779987853164,1,0,1,0,0,0,5,0,4,0,0,1,nan,0.0,0,0,0,0
955,1,cautious,nop,nan,30,0,29.498996835484817,14.0,11.0,2.0,3.0,27,0,2,24,2,2,0,0,57.0,0.0,11.39879620258177,4,1,0,3,0,0,9,1,4,4,0,0,nan,0.0,0,0,0,0
956,1,cautious,nop,nan,15,1,28.33132700434559,5.0,3.0,7.0,0.0,10,1,5,8,1,2,0,1,27.0,0.0,3.998796202607351,4,0,2,1,0,1,8,1,2,2,2,1,nan,0.0,0,0,0,0
957,1,cautious,nop,nan,30,0,29.798981664924852,6.0,5.0,14.0,5.0,30,0,2,11,3,0,0,0,46.0,0.0,11.758777997909814,1,0,1,0,0,0,8,0,3,3,0,2,nan,0.0,0,0,0,0
958,1,cautious,nop,nan,30,0,29.798981664924852,4.0,9.0,17.0,0.0,30,0,1,14,0,0,0,0,45.0,0.0,11.758777997909814,1,0,1,0,0,0,5,0,2,2,0,1,nan,0.0,0,0,0,0
959,1,cautious,nop,nan,30,0,29.798981664924852,5.0,17.0,8.0,0.0,30,0,2,21,1,2,0,1,56.0,0.0,11.758777997909814,0,0,0,0,0,0,7,0,2,3,1,1,nan,0.0,0,0,0,0
960,1,cautious,nop,nan,15,1,29.321592741393,5.0,7.0,3.0,0.0,13,2,8,12,0,1,3,0,36.0,0.0,4.592955644835802,6,2,0,2,2,0,10,2,1,2,4,1,nan,0.0,0,0,0,0
961,1,cautious,nop,nan,4,1,28.493648204534214,2.0,1.0,1.0,0.0,4,0,1,3,0,3,0,1,11.0,0.0,0.35898371272547425,2,0,1,1,0,0,3,0,1,2,0,0,nan,0.0,0,0,0,0
962,1,cautious,nop,nan,30,0,29.798981664924852,10.0,11.0,6.0,3.0,30,0,1,22,1,1,0,0,55.0,0.0,11.758777997909814,2,0,1,1,0,0,6,0,3,2,0,1,nan,0.0,0,0,0,0
963,1,cautious,nop,nan,30,0,29.798981664924852,7.0,14.0,5.0,4.0,30,0,3,22,1,2,0,1,58.0,0.0,11.758777997909814,3,0,2,1,0,0,7,0,2,3,1,1,nan,0.0,0,0,0,0
964,1,cautious,nop,nan,30,0,29.798981664924852,4.0,17.0,7.0,2.0,30,0,2,20,2,0,0,0,54.0,0.0,11.758777997909814,0,0,0,0,0,0,5,0,2,2,0,1,nan,0.0,0,0,0,0
965,1,cautious,nop,nan,30,1,29.498996835484817,0.0,15.0,11.0,4.0,27,1,1,14,1,1,0,1,45.0,0.0,10.39879620258177,2,0,1,1,0,0,7,1,2,4,0,0,nan,0.0,0,0,0,0
966,1,cautious,nop,nan,30,0,29.798981664924852,6.0,15.0,9.0,0.0,30,1,6,22,1,1,1,0,61.0,0.0,11.758777997909814,4,0,2,1,1,0,10,0,3,2,3,2,nan,0.0,0,0,0,0
967,1,cautious,nop,nan,30,0,29.798981664924852,8.0,13.0,9.0,0.0,30,1,2,20,1,1,0,1,55.0,0.0,11.758777997909814,3,0,1,1,1,0,6,0,1,4,0,1,nan,0.0,0,0,0,0
968,1,cautious,nop,nan,30,0,29.798981664924852,2.0,6.0,14.0,8.0,30,2,5,7,3,3,0,3,50.0,0.0,11.758777997909814,5,0,2,1,2,0,7,0,2,2,2,1,nan,0.0,0,0,0,0
969,1,cautious,nop,nan,30,0,29.63231499825819,0.0,15.0,15.0,0.0,29,0,2,14,1,1,0,1,47.0,0.0,11.558777997909818,0,0,0,0,0,0,5,0,1,2,1,1,nan,0.0,0,0,0,0
970,1,cautious,nop,nan,30,0,29.465648331591524,7.0,12.0,7.0,4.0,28,0,6,19,2,1,0,1,56.0,0.0,11.35877799790983,5,1,3,1,0,0,11,1,4,2,0,4,nan,0.0,0,0,0,0
971,1,cautious,nop,nan,30,0,29.798981664924852,3.0,13.0,14.0,0.0,30,1,5,17,1,0,1,0,54.0,0.0,11.758777997909814,2,0,1,0,0,1,6,0,2,0,1,3,nan,0.0,0,0,0,0
972,1,cautious,nop,nan,8,1,29.24618179170004,6.0,1.0,1.0,0.0,8,0,0,7,1,1,0,0,17.0,0.0,1.9587781733440126,1,0,1,0,0,0,2,0,1,1,0,0,nan,0.0,0,0,0,0
973,1,cautious,nop,nan,30,0,29.798981664924852,4.0,7.0,10.0,9.0,30,0,2,10,2,1,0,1,45.0,0.0,11.758777997909814,2,0,1,1,0,0,8,0,2,4,0,2,nan,0.0,0,0,0,0
974,1,cautious,nop,nan,25,1,29.758777997909824,11.0,10.0,4.0,0.0,24,1,5,21,0,0,1,0,51.0,0.0,8.75877799790982,4,1,2,1,0,0,9,1,3,2,2,1,nan,0.0,0,0,0,0
975,1,cautious,nop,nan,17,1,29.645261761632128,2.0,15.0,0.0,0.0,17,1,4,17,0,1,1,0,40.0,0.0,5.55877799790985,2,0,2,0,0,0,5,0,2,0,2,1,nan,0.0,0,0,0,0
976,1,cautious,nop,nan,30,0,29.798981664924852,6.0,10.0,4.0,10.0,30,0,1,17,1,1,0,1,50.0,0.0,11.758777997909814,0,0,0,0,0,0,6,0,3,2,0,1,nan,0.0,0,0,0,0
977,1,cautious,nop,nan,30,0,29.798981664924852,9.0,11.0,8.0,2.0,30,0,5,20,1,0,0,0,56.0,0.0,11.758777997909814,2,0,1,1,0,0,11,0,6,2,0,3,nan,0.0,0,0,0,0
978,1,cautious,nop,nan,30,0,29.798981664924852,5.0,1.0,10.0,14.0,30,0,2,7,1,0,0,0,40.0,0.0,11.758777997909814,1,0,1,0,0,0,5,0,3,0,0,2,nan,0.0,0,0,0,0
979,1,cautious,nop,nan,12,1,29.49745416262383,10.0,2.0,0.0,0.0,11,0,4,12,0,1,1,0,28.0,0.0,3.558777998059438,2,1,0,1,0,0,5,1,0,1,2,1,nan,0.0,0,0,0,0
980,1,cautious,nop,nan,30,0,29.798981664924852,12.0,18.0,0.0,0.0,30,1,7,30,1,0,0,0,69.0,0.0,11.758777997909814,3,0,1,2,0,0,11,0,3,2,5,1,nan,0.0,0,0,0,0
981,1,cautious,nop,nan,21,1,27.85853287687457,0.0,0.0,14.0,7.0,14,5,4,0,0,1,1,0,24.0,0.0,5.601167616574642,7,2,0,4,1,0,6,2,0,4,0,0,nan,0.0,0,0,0,0
982,1,cautious,nop,nan,30,0,29.798981664924852,6.0,13.0,11.0,0.0,30,0,2,20,1,0,0,0,53.0,0.0,11.758777997909814,1,0,1,0,0,0,5,0,2,1,0,2,nan,0.0,0,0,0,0
983,1,cautious,nop,nan,30,0,29.798981664924852,11.0,9.0,5.0,5.0,30,0,1,20,1,0,0,0,52.0,0.0,11.758777997909814,1,0,1,0,0,0,7,0,3,3,0,1,nan,0.0,0,0,0,0
984,1,cautious,nop,nan,23,1,29.737802171641114,0.0,0.0,13.0,10.0,23,2,7,0,2,0,1,0,34.0,0.0,7.958777997909824,5,0,2,2,0,1,12,0,2,4,1,5,nan,0.0,0,0,0,0
985,1,cautious,nop,nan,30,0,29.798981664924852,5.0,11.0,7.0,7.0,30,0,4,17,0,0,0,0,51.0,0.0,11.758777997909814,2,0,1,1,0,0,8,0,2,2,1,3,nan,0.0,0,0,0,0
986,1,cautious,nop,nan,30,0,29.798981664924852,9.0,8.0,11.0,2.0,29,0,2,17,2,1,0,1,51.0,0.0,11.758777997909814,2,0,1,1,0,0,7,1,3,1,1,1,nan,0.0,0,0,0,0
987,1,cautious,nop,nan,30,0,29.798981664924852,8.0,4.0,10.0,8.0,30,1,2,12,1,1,0,1,47.0,0.0,11.758777997909814,3,0,1,2,0,0,8,0,4,3,0,1,nan,0.0,0,0,0,0
988,1,cautious,nop,nan,30,0,29.798981664924852,0.0,13.0,7.0,10.0,30,0,0,12,2,1,0,1,45.0,0.0,11.758777997909814,0,0,0,0,0,0,1,0,1,0,0,0,nan,0.0,0,0,0,0
989,1,cautious,nop,nan,30,0,29.798981664924852,6.0,7.0,13.0,4.0,30,0,6,13,1,2,0,0,52.0,0.0,11.758777997909814,5,0,3,2,0,0,13,0,6,4,1,2,nan,0.0,0,0,0,0
990,1,cautious,nop,nan,30,0,29.798981664924852,0.0,1.0,15.0,14.0,30,0,1,1,1,0,0,0,33.0,0.0,11.758777997909814,1,0,0,1,0,0,3,0,1,1,1,0,nan,0.0,0,0,0,0
991,1,cautious,nop,nan,30,0,29.798981664924852,0.0,22.0,8.0,0.0,30,1,3,22,2,1,1,1,59.0,0.0,11.758777997909814,1,0,0,0,1,0,6,0,2,2,1,1,nan,0.0,0,0,0,0
992,1,cautious,nop,nan,30,0,29.798981664924852,10.0,20.0,0.0,0.0,30,1,6,30,2,1,0,1,70.0,0.0,11.758777997909814,6,0,3,2,1,0,11,0,3,3,1,4,nan,0.0,0,0,0,0
993,1,cautious,nop,nan,30,0,29.798981664924852,7.0,10.0,5.0,8.0,30,0,4,17,1,2,0,1,54.0,0.0,11.758777997909814,2,0,0,2,0,0,10,0,3,3,3,1,nan,0.0,0,0,0,0
994,1,cautious,nop,nan,30,0,29.798981664924852,0.0,4.0,11.0,15.0,30,0,2,5,1,1,0,1,39.0,0.0,11.758777997909814,0,0,0,0,0,0,5,0,2,1,0,2,nan,0.0,0,0,0,0
995,1,cautious,nop,nan,12,1,29.49745416262383,0.0,0.0,7.0,5.0,12,1,5,1,2,0,1,0,21.0,0.0,3.558777998059438,3,0,2,0,0,1,7,0,2,1,0,4,nan,0.0,0,0,0,0
996,1,cautious,nop,nan,12,1,29.49745416262383,9.0,2.0,1.0,0.0,12,0,1,11,2,2,0,1,28.0,0.0,3.558777998059438,1,0,1,0,0,0,3,0,1,1,1,0,nan,0.0,0,0,0,0
997,1,cautious,nop,nan,8,1,29.24618179170004,0.0,0.0,0.0,8.0,8,1,3,0,0,0,1,0,12.0,0.0,1.9587781733440126,1,0,0,0,1,0,3,0,0,0,2,1,nan,0.0,0,0,0,0
998,1,cautious,nop,nan,30,0,29.798981664924852,0.0,0.0,16.0,14.0,30,0,1,0,1,0,0,0,32.0,0.0,11.758777997909814,1,0,1,0,0,0,3,0,1,1,1,0,nan,0.0,0,0,0,0
999,1,cautious,nop,nan,30,0,29.798981664924852,0.0,11.0,15.0,4.0,30,1,4,11,2,1,0,1,49.0,0.0,11.758777997909814,4,0,2,1,0,1,9,0,2,3,1,3,nan,0.0,0,0,0,0
