episode_id,policy_freq,profile,method,filter,value,episode_length,collision,mean_speed,total_cost,total_avoided_cost,total_expected_cost,total_reward,total_basic_reward,total_added_reward,mean_iterations_to_converge,convergence_rate,outcome_unchanged_count,outcome_naively_augmented_count,outcome_rcps_augmented_count,outcome_projection_count,lane_0_time,lane_1_time,lane_2_time
0,1,right_lane,fixed,True,0.5,40,0,24.018957345971565,13.5,0.5,15.843418136239052,59.17837714353314,46.42837714353314,12.75,nan,0.0,0,0,40,0,14.0,1.0,25.0
1,1,right_lane,fixed,True,0.5,40,0,22.39391909147172,0.0,0.5,3.272515425167512,63.5793364593207,43.8293364593207,19.75,nan,0.0,0,0,40,0,0.0,1.0,39.0
2,1,right_lane,fixed,True,0.5,40,0,21.75000000171446,11.5,9.0,14.891815010458231,57.04806789106895,42.798067891068946,14.25,nan,0.0,0,0,40,0,10.0,3.0,27.0
3,1,right_lane,fixed,True,0.5,40,0,21.643957345971565,0.0,9.5,3.9092843963126143,62.63033175355449,42.63033175355449,20.0,nan,0.0,0,0,40,0,0.0,0.0,40.0
4,1,right_lane,fixed,True,0.5,40,0,20.893957345971565,0.0,2.0,4.230959185224492,61.17939651911743,41.42939651911743,19.75,nan,0.0,0,0,40,0,0.0,1.0,39.0
5,1,right_lane,fixed,True,0.5,40,0,22.143957345971565,14.5,1.5,15.86014088243246,55.68032879107819,43.43032879107819,12.25,nan,0.0,0,0,40,0,15.0,1.0,24.0
6,1,right_lane,fixed,True,0.5,40,0,23.518957345971565,9.5,8.5,13.29667195584625,60.37889399246111,45.62889399246111,14.75,nan,0.0,0,0,40,0,10.0,1.0,29.0
7,1,right_lane,fixed,True,0.5,40,0,23.6439573459385,11.5,2.0,14.087464484393422,59.57837826334444,45.82837826334445,13.75,nan,0.0,0,0,40,0,9.0,7.0,24.0
8,1,right_lane,fixed,True,0.5,40,0,20.893957345971565,0.0,12.5,4.6425478011369705,61.4303317535545,41.43033175355451,20.0,nan,0.0,0,0,40,0,0.0,0.0,40.0
9,1,right_lane,fixed,True,0.5,40,0,22.143957344031854,2.0,1.0,5.791644845623523,62.17937898202733,43.42937898202733,18.75,nan,0.0,0,0,40,0,0.0,5.0,35.0
10,1,right_lane,fixed,True,0.5,40,0,22.39395726012593,0.0,7.0,3.6006728055084523,63.830331616201484,43.83033161620149,20.0,nan,0.0,0,0,40,0,0.0,0.0,40.0
11,1,right_lane,fixed,True,0.5,40,0,24.518957247107203,18.5,1.0,18.443944146934655,58.479377405585886,47.2293774055859,11.25,nan,0.0,0,0,40,0,15.0,5.0,20.0
12,1,right_lane,fixed,True,0.5,40,0,21.356377104427974,0.5,2.0,4.315519545335974,61.41827001786976,42.16827001786976,19.25,nan,0.0,0,0,40,0,1.0,1.0,38.0
13,1,right_lane,fixed,True,0.5,40,0,20.268957345971565,0.0,20.0,5.834715612232685,60.430331753554505,40.430331753554505,20.0,nan,0.0,0,0,40,0,0.0,0.0,40.0
14,1,right_lane,fixed,True,0.5,40,0,20.393957345971565,0.0,16.5,4.863426066935062,60.37939766652045,40.62939766652045,19.75,nan,0.0,0,0,40,0,0.0,1.0,39.0
15,1,right_lane,fixed,True,0.5,40,0,22.643957345971565,7.5,0.5,10.380385344324168,59.9783987358324,44.22839873583241,15.75,nan,0.0,0,0,40,0,8.0,1.0,31.0
16,1,right_lane,fixed,True,0.5,40,0,22.893956692596,0.0,7.5,3.976097859987931,64.37939662302982,44.6293966230298,19.75,nan,0.0,0,0,40,0,0.0,1.0,39.0
17,1,right_lane,fixed,True,0.5,40,0,22.018957345971565,0.0,10.5,4.3769309947356305,63.2303317535545,43.2303317535545,20.0,nan,0.0,0,0,40,0,0.0,0.0,40.0
18,1,right_lane,fixed,True,0.5,40,0,21.018957345971565,0.5,11.0,5.369916092604399,60.87839840507327,41.62839840507326,19.25,nan,0.0,0,0,40,0,1.0,1.0,38.0
19,1,right_lane,fixed,True,0.5,40,0,20.518957345971565,0.0,9.0,5.0957490131258965,60.57939766773994,40.82939766773995,19.75,nan,0.0,0,0,40,0,0.0,1.0,39.0
20,1,right_lane,fixed,True,0.5,40,0,20.893957344482878,0.0,18.0,5.935258528683335,61.17939651231986,41.429396512319855,19.75,nan,0.0,0,0,40,0,0.0,1.0,39.0
21,1,right_lane,fixed,True,0.5,40,0,20.893957345971565,0.0,4.0,4.365846265107393,61.17939832963656,41.42939832963656,19.75,nan,0.0,0,0,40,0,0.0,1.0,39.0
22,1,right_lane,fixed,True,0.5,40,0,21.643957345971565,0.0,8.0,4.644821341793431,62.37939651471895,42.62939651471895,19.75,nan,0.0,0,0,40,0,0.0,1.0,39.0
23,1,right_lane,fixed,True,0.5,40,0,21.268957345971565,3.0,11.0,8.069123037159443,60.02746056245117,42.02746056245116,18.0,nan,0.0,0,0,40,0,1.0,6.0,33.0
24,1,right_lane,fixed,True,0.5,3,1,23.55281207133059,0.0,1.5,0.7591451108455658,4.9263374485596705,3.4263374485596705,1.5,nan,0.0,0,0,3,0,0.0,0.0,3.0
25,1,right_lane,fixed,True,0.5,40,0,21.143957345971565,0.0,12.0,4.463740135439366,61.8303317535545,41.8303317535545,20.0,nan,0.0,0,0,40,0,0.0,0.0,40.0
26,1,right_lane,fixed,True,0.5,40,0,21.39395734574631,0.0,3.0,3.6662090119607456,61.97939651434136,42.22939651434135,19.75,nan,0.0,0,0,40,0,0.0,1.0,39.0
27,1,right_lane,fixed,True,0.5,40,0,22.768957345971565,8.5,6.5,12.305839642882347,59.67889371077206,44.428893710772066,15.25,nan,0.0,0,0,40,0,9.0,1.0,30.0
28,1,right_lane,fixed,True,0.5,40,0,21.26895734597149,6.0,4.5,9.909724121058389,58.77870601797856,42.02870601797856,16.75,nan,0.0,0,0,40,0,0.0,13.0,27.0
29,1,right_lane,fixed,True,0.5,40,0,23.643957345971565,0.0,1.5,3.4530125166184007,65.8303317535545,45.83033175355451,20.0,nan,0.0,0,0,40,0,0.0,0.0,40.0
30,1,right_lane,fixed,True,0.5,40,0,20.76895734597105,0.0,0.5,4.109722673892975,61.230331753553685,41.230331753553685,20.0,nan,0.0,0,0,40,0,0.0,0.0,40.0
31,1,right_lane,fixed,True,0.5,40,0,24.266504184652195,0.0,3.5,2.9327611251324015,66.8264066954435,46.82640669544351,20.0,nan,0.0,0,0,40,0,0.0,0.0,40.0
32,1,right_lane,fixed,True,0.5,40,0,22.643957345971565,7.5,6.0,10.869560349732637,59.97839873583241,44.22839873583241,15.75,nan,0.0,0,0,40,0,8.0,1.0,31.0
33,1,right_lane,fixed,True,0.5,40,0,21.018957345971565,0.0,0.5,3.108307134360075,61.379397667741145,41.629397667741145,19.75,nan,0.0,0,0,40,0,0.0,1.0,39.0
34,1,right_lane,fixed,True,0.5,40,0,21.268957345971565,0.0,2.0,3.463618596215383,61.77939651470176,42.02939651470176,19.75,nan,0.0,0,0,40,0,0.0,1.0,39.0
35,1,right_lane,fixed,True,0.5,40,0,22.393957247332974,5.5,2.5,8.957928216084838,60.578893558123355,43.828893558123355,16.75,nan,0.0,0,0,40,0,6.0,1.0,33.0
36,1,right_lane,fixed,True,0.5,40,0,21.393957345971565,0.0,5.5,4.26638685155433,62.2303317535545,42.2303317535545,20.0,nan,0.0,0,0,40,0,0.0,0.0,40.0
37,1,right_lane,fixed,True,0.5,40,0,21.268957345971565,4.5,4.5,8.945387065410614,59.27828016617177,42.02828016617177,17.25,nan,0.0,0,0,40,0,4.0,3.0,33.0
38,1,right_lane,fixed,True,0.5,40,0,21.393957345971565,1.5,11.0,6.190765984356403,61.47963774912696,42.22963774912696,19.25,nan,0.0,0,0,40,0,0.0,3.0,37.0
39,1,right_lane,fixed,True,0.5,40,0,23.768957345971565,11.5,2.0,13.818306904286146,59.77811675708835,46.02811675708835,13.75,nan,0.0,0,0,40,0,10.0,5.0,25.0
40,1,right_lane,fixed,True,0.5,40,0,21.143957345968158,0.0,9.0,4.366750314700994,61.83033175354905,41.83033175354905,20.0,nan,0.0,0,0,40,0,0.0,0.0,40.0
41,1,right_lane,fixed,True,0.5,40,0,21.268957345971565,0.0,9.5,4.2884408459067345,62.0303317535545,42.0303317535545,20.0,nan,0.0,0,0,40,0,0.0,0.0,40.0
42,1,right_lane,fixed,True,0.5,40,0,20.641789654728687,0.0,20.5,5.3577840104699135,60.77592936053184,41.02592936053184,19.75,nan,0.0,0,0,40,0,0.0,1.0,39.0
43,1,right_lane,fixed,True,0.5,40,0,21.018956608239495,0.0,0.0,3.2594313248991966,61.6303305731832,41.630330573183194,20.0,nan,0.0,0,0,40,0,0.0,0.0,40.0
44,1,right_lane,fixed,True,0.5,40,0,21.25249644062177,5.0,6.0,8.752949547255412,59.50399168135238,42.00399168135238,17.5,nan,0.0,0,0,40,0,0.0,10.0,30.0
45,1,right_lane,fixed,True,0.5,40,0,23.768914804622565,2.0,4.5,5.199947710495962,64.77839386375886,46.02839386375886,18.75,nan,0.0,0,0,40,0,0.0,5.0,35.0
46,1,right_lane,fixed,True,0.5,40,0,24.49995672263391,0.0,1.5,3.093550619405505,66.94899733234584,47.19899733234586,19.75,nan,0.0,0,0,40,0,0.0,1.0,39.0
47,1,right_lane,fixed,True,0.5,40,0,21.393957260126378,0.0,0.0,3.4589388454642176,62.23033161620221,42.23033161620221,20.0,nan,0.0,0,0,40,0,0.0,0.0,40.0
48,1,right_lane,fixed,True,0.5,40,0,21.893957247136935,0.0,3.5,4.068759017422735,62.779398171550675,43.02939817155068,19.75,nan,0.0,0,0,40,0,0.0,1.0,39.0
49,1,right_lane,fixed,True,0.5,40,0,21.268957345971565,0.0,0.5,3.6539949948200956,62.0303317535545,42.0303317535545,20.0,nan,0.0,0,0,40,0,0.0,0.0,40.0
50,1,right_lane,fixed,True,0.5,40,0,20.64395734426102,0.0,7.5,3.7758498514740495,60.7793965119649,41.02939651196489,19.75,nan,0.0,0,0,40,0,0.0,1.0,39.0
51,1,right_lane,fixed,True,0.5,39,1,20.788674200996475,0.5,3.5,4.1226177010685205,59.73033175355451,40.2303317535545,19.5,nan,0.0,0,0,39,0,0.0,0.0,39.0
52,1,right_lane,fixed,True,0.5,40,0,21.018957345971565,0.5,13.0,5.366053430426291,60.87839840434149,41.628398404341496,19.25,nan,0.0,0,0,40,0,1.0,1.0,38.0
53,1,right_lane,fixed,True,0.5,40,0,24.518957345971565,0.0,1.5,3.1680385644045828,66.9793983296861,47.22939832968609,19.75,nan,0.0,0,0,40,0,0.0,1.0,39.0
54,1,right_lane,fixed,True,0.5,40,0,23.518957344286836,0.0,4.5,2.4698895032630617,65.63033175085893,45.63033175085893,20.0,nan,0.0,0,0,40,0,0.0,0.0,40.0
55,1,right_lane,fixed,True,0.5,40,0,22.393957345971565,8.0,0.0,10.154969656607136,59.32866900641274,43.82866900641273,15.5,nan,0.0,0,0,40,0,8.0,2.0,30.0
56,1,right_lane,fixed,True,0.5,40,0,20.268957345971565,0.0,6.0,3.346411638893187,60.179396514701764,40.42939651470176,19.75,nan,0.0,0,0,40,0,0.0,1.0,39.0
57,1,right_lane,fixed,True,0.5,40,0,23.143957345971565,0.0,0.5,3.214598555041448,65.0303317535545,45.0303317535545,20.0,nan,0.0,0,0,40,0,0.0,0.0,40.0
58,1,right_lane,fixed,True,0.5,40,0,21.64395660823559,0.0,11.0,3.8031635066167837,62.63033057317695,42.63033057317695,20.0,nan,0.0,0,0,40,0,0.0,0.0,40.0
59,1,right_lane,fixed,True,0.5,40,0,22.143957345971565,39.0,0.5,38.48958820104599,43.928671456394476,43.428671456394476,0.5,nan,0.0,0,0,40,0,38.0,2.0,0.0
60,1,right_lane,fixed,True,0.5,38,1,21.072586679970065,0.5,13.5,5.8272097096269135,58.379397667741145,39.629397667741145,18.75,nan,0.0,0,0,38,0,0.0,1.0,37.0
61,1,right_lane,fixed,True,0.5,40,0,21.893957345971565,0.0,5.0,4.117657462214538,62.7793983296861,43.02939832968611,19.75,nan,0.0,0,0,40,0,0.0,1.0,39.0
62,1,right_lane,fixed,True,0.5,40,0,21.143957345971565,2.5,5.5,7.024518974125385,60.57937639814446,41.82937639814444,18.75,nan,0.0,0,0,40,0,0.0,5.0,35.0
63,1,right_lane,fixed,True,0.5,40,0,24.143957248821653,0.5,2.5,3.440054886828193,65.87839824890165,46.62839824890164,19.25,nan,0.0,0,0,40,0,1.0,1.0,38.0
64,1,right_lane,fixed,True,0.5,31,1,20.347041736737506,0.5,13.0,5.2056411653757095,46.679396514701764,31.429396514701757,15.25,nan,0.0,0,0,31,0,0.0,1.0,30.0
65,1,right_lane,fixed,True,0.5,40,0,21.768957345971565,5.5,9.0,9.708501583758334,59.578474075766984,42.82847407576699,16.75,nan,0.0,0,0,40,0,6.0,1.0,33.0
66,1,right_lane,fixed,True,0.5,40,0,22.518957345971565,9.5,1.0,12.193870410323143,58.77837954680087,44.02837954680086,14.75,nan,0.0,0,0,40,0,10.0,1.0,29.0
67,1,right_lane,fixed,True,0.5,40,0,24.143957333174246,0.0,2.0,2.629333179975106,66.3793983092104,46.629398309210394,19.75,nan,0.0,0,0,40,0,0.0,1.0,39.0
68,1,right_lane,fixed,True,0.5,40,0,23.518957345971565,0.0,10.5,4.286818534583517,65.37939651470175,45.62939651470175,19.75,nan,0.0,0,0,40,0,0.0,1.0,39.0
69,1,right_lane,fixed,True,0.5,40,0,21.393957345967717,0.0,5.5,3.2864179481111933,61.97939766773497,42.22939766773498,19.75,nan,0.0,0,0,40,0,0.0,1.0,39.0
70,1,right_lane,fixed,True,0.5,40,0,21.268957345971565,0.5,8.5,5.147080939786974,61.27839910886089,42.02839910886089,19.25,nan,0.0,0,0,40,0,1.0,1.0,38.0
71,1,right_lane,fixed,True,0.5,40,0,22.143957345775522,0.5,7.5,4.8856404166072025,62.67839910854722,43.428399108547225,19.25,nan,0.0,0,0,40,0,1.0,1.0,38.0
72,1,right_lane,fixed,True,0.5,40,0,24.268957345971565,12.0,1.5,14.749072886163049,60.32698285908234,46.82698285908234,13.5,nan,0.0,0,0,40,0,12.0,2.0,26.0
73,1,right_lane,fixed,True,0.5,40,0,20.393957345971565,0.0,9.0,5.118664778769016,60.37939766652045,40.62939766652045,19.75,nan,0.0,0,0,40,0,0.0,1.0,39.0
74,1,right_lane,fixed,True,0.5,40,0,23.518957345971565,0.5,2.0,3.4688839740824733,64.8783991088609,45.628399108860904,19.25,nan,0.0,0,0,40,0,1.0,1.0,38.0
75,1,right_lane,fixed,True,0.5,40,0,22.518957345971565,6.0,1.5,9.417943895125063,60.52700314896636,44.027003148966365,16.5,nan,0.0,0,0,40,0,6.0,2.0,32.0
76,1,right_lane,fixed,True,0.5,40,0,20.518919754889087,0.0,7.5,4.7283066883683205,60.579337520788485,40.829337520788485,19.75,nan,0.0,0,0,40,0,0.0,1.0,39.0
77,1,right_lane,fixed,True,0.5,40,0,20.393957345971565,0.0,13.0,5.253914147615433,60.37939766652045,40.62939766652045,19.75,nan,0.0,0,0,40,0,0.0,1.0,39.0
78,1,right_lane,fixed,True,0.5,40,0,26.858867844002766,23.5,4.0,24.91484787749414,58.97119055331684,50.97119055331684,8.0,nan,0.0,0,0,40,0,18.0,12.0,10.0
79,1,right_lane,fixed,True,0.5,40,0,23.85609164714541,11.0,0.5,13.58156004767443,60.16833033369847,46.168330333698464,14.0,nan,0.0,0,0,40,0,11.0,2.0,27.0
80,1,right_lane,fixed,True,0.5,40,0,20.268957345971565,0.0,18.5,4.88530720770359,60.430331753554505,40.430331753554505,20.0,nan,0.0,0,0,40,0,0.0,0.0,40.0
81,1,right_lane,fixed,True,0.5,40,0,21.893957345971494,8.5,3.5,11.968931049108505,58.27974097637792,43.02974097637792,15.25,nan,0.0,0,0,40,0,9.0,1.0,30.0
82,1,right_lane,fixed,True,0.5,40,0,21.766461656101036,0.0,2.5,3.6826729703798264,62.82633864976167,42.82633864976167,20.0,nan,0.0,0,0,40,0,0.0,0.0,40.0
83,1,right_lane,fixed,True,0.5,40,0,22.143957345971565,1.5,9.5,6.581683824327229,62.428703663314195,43.428703663314195,19.0,nan,0.0,0,0,40,0,0.0,4.0,36.0
84,1,right_lane,fixed,True,0.5,40,0,24.018957345971565,0.5,0.0,3.728628341366857,65.6783991088609,46.428399108860894,19.25,nan,0.0,0,0,40,0,1.0,1.0,38.0
85,1,right_lane,fixed,True,0.5,40,0,21.268957345971565,0.0,4.5,3.5249992465458035,61.77939766774114,42.02939766774114,19.75,nan,0.0,0,0,40,0,0.0,1.0,39.0
86,1,right_lane,fixed,True,0.5,40,0,22.518957345971565,0.0,4.0,3.2402991682224638,64.0303317535545,44.030331753554506,20.0,nan,0.0,0,0,40,0,0.0,0.0,40.0
87,1,right_lane,fixed,True,0.5,40,0,20.768957345971565,0.0,15.0,5.293662793934345,60.979397667741154,41.22939766774115,19.75,nan,0.0,0,0,40,0,0.0,1.0,39.0
88,1,right_lane,fixed,True,0.5,14,1,21.839878130702264,0.5,0.0,1.3421457782387733,22.03033175319327,15.030331753193268,7.0,nan,0.0,0,0,14,0,0.0,0.0,14.0
89,1,right_lane,fixed,True,0.5,40,0,21.01895724564825,2.0,16.0,8.075690381228924,60.3784444340604,41.6284444340604,18.75,nan,0.0,0,0,40,0,0.0,5.0,35.0
90,1,right_lane,fixed,True,0.5,40,0,24.643957345971565,0.0,0.0,2.6631371931534886,67.43033175355451,47.43033175355451,20.0,nan,0.0,0,0,40,0,0.0,0.0,40.0
91,1,right_lane,fixed,True,0.5,40,0,21.643908451722865,0.0,8.0,4.294167181402372,62.379319435722536,42.629319435722536,19.75,nan,0.0,0,0,40,0,0.0,1.0,39.0
92,1,right_lane,fixed,True,0.5,40,0,20.393957345971565,0.0,20.0,6.800167292356491,60.6303317535545,40.6303317535545,20.0,nan,0.0,0,0,40,0,0.0,0.0,40.0
93,1,right_lane,fixed,True,0.5,40,0,23.018957234317714,3.5,2.0,6.432509441448019,62.82778988859333,44.827789888593344,18.0,nan,0.0,0,0,40,0,2.0,4.0,34.0
94,1,right_lane,fixed,True,0.5,40,0,22.00032874938229,3.0,12.0,6.881740952449036,62.199605618990944,43.19960561899095,19.0,nan,0.0,0,0,40,0,1.0,2.0,37.0
95,1,right_lane,fixed,True,0.5,40,0,20.268957345971565,0.0,18.5,5.567706562578678,60.179396514701764,40.42939651470176,19.75,nan,0.0,0,0,40,0,0.0,1.0,39.0
96,1,right_lane,fixed,True,0.5,40,0,23.87749644062177,0.0,8.5,3.4412277655043226,65.95306088112643,46.20306088112644,19.75,nan,0.0,0,0,40,0,0.0,1.0,39.0
97,1,right_lane,fixed,True,0.5,40,0,22.018956608209834,0.0,6.5,3.9481140266898365,62.97939648732237,43.22939648732237,19.75,nan,0.0,0,0,40,0,0.0,1.0,39.0
98,1,right_lane,fixed,True,0.5,40,0,21.76895734422789,0.0,3.5,3.879988690825485,62.57939651191188,42.82939651191187,19.75,nan,0.0,0,0,40,0,0.0,1.0,39.0
99,1,right_lane,fixed,True,0.5,40,0,20.893957345971565,1.5,5.5,5.992551043629646,60.42937898513085,41.42937898513085,19.0,nan,0.0,0,0,40,0,0.0,4.0,36.0
100,1,right_lane,fixed,True,0.5,40,0,21.268957345971565,0.5,4.0,4.665882742032409,61.27839840434149,42.028398404341495,19.25,nan,0.0,0,0,40,0,1.0,1.0,38.0
101,1,right_lane,fixed,True,0.5,40,0,22.143957344035762,3.5,8.5,8.057773725809966,61.67898853135337,43.42898853135337,18.25,nan,0.0,0,0,40,0,0.0,7.0,33.0
102,1,right_lane,fixed,True,0.5,40,0,23.393957345971565,15.5,0.0,17.407591953873634,57.17889399314261,45.42889399314261,11.75,nan,0.0,0,0,40,0,16.0,1.0,23.0
103,1,right_lane,fixed,True,0.5,40,0,20.518957345971565,0.0,7.0,5.0265932604670525,60.57939766773994,40.82939766773995,19.75,nan,0.0,0,0,40,0,0.0,1.0,39.0
104,1,right_lane,fixed,True,0.5,40,0,20.268957345971565,0.0,3.0,4.031612992286682,60.430331753554505,40.430331753554505,20.0,nan,0.0,0,0,40,0,0.0,0.0,40.0
105,1,right_lane,fixed,True,0.5,40,0,24.143957345971565,9.0,1.5,12.024984143004986,61.62891547214511,46.62891547214511,15.0,nan,0.0,0,0,40,0,9.0,2.0,29.0
106,1,right_lane,fixed,True,0.5,40,0,23.643957345971565,15.5,0.5,17.171656616032124,57.578397127318006,45.828397127318006,11.75,nan,0.0,0,0,40,0,16.0,1.0,23.0
107,1,right_lane,fixed,True,0.5,40,0,21.893957345971565,0.5,1.0,1.6228839243658513,62.278399108860896,43.028399108860896,19.25,nan,0.0,0,0,40,0,1.0,1.0,38.0
108,1,right_lane,fixed,True,0.5,40,0,22.268957345971565,1.5,4.5,6.052249071525239,62.62870432494017,43.62870432494018,19.0,nan,0.0,0,0,40,0,0.0,4.0,36.0
109,1,right_lane,fixed,True,0.5,20,1,24.2879146629274,0.5,0.5,1.6483249323464406,33.43033173034192,23.430331730341923,10.0,nan,0.0,0,0,20,0,0.0,0.0,20.0
110,1,right_lane,fixed,True,0.5,40,0,22.018957344482878,0.0,2.0,3.139088024199282,63.2303317511726,43.23033175117259,20.0,nan,0.0,0,0,40,0,0.0,0.0,40.0
111,1,right_lane,fixed,True,0.5,40,0,21.141133005583107,2.0,16.0,8.151794712990522,60.82510392247313,41.825103922473126,19.0,nan,0.0,0,0,40,0,0.0,4.0,36.0
112,1,right_lane,fixed,True,0.5,40,0,22.768957345971565,5.5,13.5,9.40110452517547,61.17891517481475,44.42891517481475,16.75,nan,0.0,0,0,40,0,5.0,3.0,32.0
113,1,right_lane,fixed,True,0.5,40,0,21.768957345971565,0.5,2.0,4.743742324179038,62.0783984050733,42.8283984050733,19.25,nan,0.0,0,0,40,0,1.0,1.0,38.0
114,1,right_lane,fixed,True,0.5,40,0,21.643957345971554,0.0,1.0,3.8131325356662273,62.630331753554486,42.630331753554486,20.0,nan,0.0,0,0,40,0,0.0,0.0,40.0
115,1,right_lane,fixed,True,0.5,40,0,21.643957345971565,0.5,10.5,5.064010098959216,61.87839840507333,42.6283984050733,19.25,nan,0.0,0,0,40,0,1.0,1.0,38.0
116,1,right_lane,fixed,True,0.5,40,0,20.393957345971565,0.0,8.5,4.966586276888847,60.37939766652045,40.62939766652045,19.75,nan,0.0,0,0,40,0,0.0,1.0,39.0
117,1,right_lane,fixed,True,0.5,40,0,21.143957345716583,0.0,7.5,3.7352229697207804,61.83033175314654,41.83033175314653,20.0,nan,0.0,0,0,40,0,0.0,0.0,40.0
118,1,right_lane,fixed,True,0.5,40,0,24.643957345749705,11.0,0.5,12.05875765845235,61.428915134170374,47.428915134170374,14.0,nan,0.0,0,0,40,0,10.0,4.0,26.0
119,1,right_lane,fixed,True,0.5,40,0,23.643957345971113,0.0,5.0,3.2110127375617594,65.83033175355378,45.83033175355378,20.0,nan,0.0,0,0,40,0,0.0,0.0,40.0
120,1,right_lane,fixed,True,0.5,40,0,21.39395734594184,0.0,0.0,3.801214980777331,61.97939766769359,42.22939766769358,19.75,nan,0.0,0,0,40,0,0.0,1.0,39.0
121,1,right_lane,fixed,True,0.5,40,0,20.393957345971565,0.0,12.5,4.765896089375019,60.37939766652045,40.62939766652045,19.75,nan,0.0,0,0,40,0,0.0,1.0,39.0
122,1,right_lane,fixed,True,0.5,40,0,21.143957345971565,0.0,2.0,2.8232170697301626,61.57939766774115,41.82939766774115,19.75,nan,0.0,0,0,40,0,0.0,1.0,39.0
123,1,right_lane,fixed,True,0.5,40,0,22.393957345971565,0.0,11.5,4.586144947450066,63.5793983296861,43.82939832968611,19.75,nan,0.0,0,0,40,0,0.0,1.0,39.0
124,1,right_lane,fixed,True,0.5,40,0,21.518957334666847,0.0,11.5,3.931719973042277,62.430331735466964,42.43033173546696,20.0,nan,0.0,0,0,40,0,0.0,0.0,40.0
125,1,right_lane,fixed,True,0.5,27,1,20.954010882920834,0.5,5.0,3.8416891023516655,41.530331753554506,28.030331753554506,13.5,nan,0.0,0,0,27,0,0.0,0.0,27.0
126,1,right_lane,fixed,True,0.5,40,0,21.393957345971565,0.0,1.0,4.422642116653151,61.979398329686106,42.2293983296861,19.75,nan,0.0,0,0,40,0,0.0,1.0,39.0
127,1,right_lane,fixed,True,0.5,40,0,22.018957345971565,0.0,0.5,3.5283785246207344,63.2303317535545,43.2303317535545,20.0,nan,0.0,0,0,40,0,0.0,0.0,40.0
128,1,right_lane,fixed,True,0.5,40,0,20.393957345971565,0.0,16.0,5.186774589121342,60.6303317535545,40.6303317535545,20.0,nan,0.0,0,0,40,0,0.0,0.0,40.0
129,1,right_lane,fixed,True,0.5,40,0,25.106042654032866,6.5,4.5,9.91430865766597,65.41825195110269,48.16825195110269,17.25,nan,0.0,0,0,40,0,4.0,3.0,33.0
130,1,right_lane,fixed,True,0.5,40,0,21.268957345971565,0.0,1.0,3.8377806562359638,61.7793983296861,42.02939832968611,19.75,nan,0.0,0,0,40,0,0.0,1.0,39.0
131,1,right_lane,fixed,True,0.5,40,0,22.268950907226163,10.0,7.5,13.379875288679614,58.879624870170474,43.629624870170474,15.25,nan,0.0,0,0,40,0,6.0,7.0,27.0
132,1,right_lane,fixed,True,0.5,40,0,22.37749644062177,2.0,4.0,5.7053826135907,62.55304245464567,43.80304245464568,18.75,nan,0.0,0,0,40,0,0.0,5.0,35.0
133,1,right_lane,fixed,True,0.5,40,0,21.893957345971565,0.0,0.5,3.196034863456134,63.0303317535545,43.03033175355449,20.0,nan,0.0,0,0,40,0,0.0,0.0,40.0
134,1,right_lane,fixed,True,0.5,40,0,20.768957345971565,8.5,0.0,11.342484146356583,56.480330397233224,41.230330397233224,15.25,nan,0.0,0,0,40,0,9.0,1.0,30.0
135,1,right_lane,fixed,True,0.5,40,0,21.018957345971565,0.0,3.0,4.072248887270689,61.63033175355451,41.63033175355451,20.0,nan,0.0,0,0,40,0,0.0,0.0,40.0
136,1,right_lane,fixed,True,0.5,40,0,21.268957345971565,1.5,18.5,7.179735943675041,61.02962355832837,42.02962355832837,19.0,nan,0.0,0,0,40,0,0.0,4.0,36.0
137,1,right_lane,fixed,True,0.5,40,0,22.768634282877322,0.0,3.0,3.4297151621394733,64.42981485260371,44.42981485260371,20.0,nan,0.0,0,0,40,0,0.0,0.0,40.0
138,1,right_lane,fixed,True,0.5,19,1,23.724120728351856,19.0,0.0,18.76635843515396,21.83033175354742,21.83033175354742,0.0,nan,0.0,0,0,19,0,19.0,0.0,0.0
139,1,right_lane,fixed,True,0.5,40,0,20.268957345971565,0.0,20.0,5.307352133095264,60.430331753554505,40.430331753554505,20.0,nan,0.0,0,0,40,0,0.0,0.0,40.0
140,1,right_lane,fixed,True,0.5,40,0,22.018957345971565,0.0,0.5,2.521046383324574,63.230331753554495,43.23033175355451,20.0,nan,0.0,0,0,40,0,0.0,0.0,40.0
141,1,right_lane,fixed,True,0.5,40,0,21.393957344231296,0.0,10.5,4.217996095043418,62.230331750770084,42.230331750770084,20.0,nan,0.0,0,0,40,0,0.0,0.0,40.0
142,1,right_lane,fixed,True,0.5,40,0,24.518957260126378,0.0,2.0,3.244672265812369,66.9793981923338,47.22939819233379,19.75,nan,0.0,0,0,40,0,0.0,1.0,39.0
143,1,right_lane,fixed,True,0.5,40,0,21.643957345971565,0.5,3.0,5.038240842978212,61.87839910886088,42.62839910886088,19.25,nan,0.0,0,0,40,0,1.0,1.0,38.0
144,1,right_lane,fixed,True,0.5,40,0,23.518957345971565,11.5,11.5,15.117594242095947,59.37889371076025,45.62889371076025,13.75,nan,0.0,0,0,40,0,12.0,1.0,27.0
145,1,right_lane,fixed,True,0.5,40,0,22.891455955083796,10.5,7.5,14.195148281891306,59.12350979788423,44.62350979788424,14.5,nan,0.0,0,0,40,0,7.0,8.0,25.0
146,1,right_lane,fixed,True,0.5,40,0,21.893957345716643,0.0,2.0,3.6445174207801756,62.779397667333264,43.029397667333264,19.75,nan,0.0,0,0,40,0,0.0,1.0,39.0
147,1,right_lane,fixed,True,0.5,40,0,21.14395734597155,0.0,0.5,3.3741016561307333,61.579397666520435,41.82939766652043,19.75,nan,0.0,0,0,40,0,0.0,1.0,39.0
148,1,right_lane,fixed,True,0.5,40,0,23.268956694084615,2.5,3.0,5.903414677895853,63.478398065841795,45.22839806584178,18.25,nan,0.0,0,0,40,0,3.0,1.0,36.0
149,1,right_lane,fixed,True,0.5,40,0,23.018957345971565,7.5,0.5,10.535495638847351,60.578915141870795,44.8289151418708,15.75,nan,0.0,0,0,40,0,7.0,3.0,30.0
150,1,right_lane,fixed,True,0.5,40,0,20.768957345971565,0.0,2.5,4.198606808717159,61.2303317535545,41.23033175355451,20.0,nan,0.0,0,0,40,0,0.0,0.0,40.0
151,1,right_lane,fixed,True,0.5,40,0,22.89395734593799,3.0,11.0,8.187146324661967,62.87805249592029,44.6280524959203,18.25,nan,0.0,0,0,40,0,0.0,7.0,33.0
152,1,right_lane,fixed,True,0.5,30,1,22.691943127962084,0.5,10.5,4.322381444835628,48.230331753554495,33.2303317535545,15.0,nan,0.0,0,0,30,0,0.0,0.0,30.0
153,1,right_lane,fixed,True,0.5,40,0,22.768957345971565,0.5,5.0,4.386991170245892,63.6783991088609,44.42839910886089,19.25,nan,0.0,0,0,40,0,1.0,1.0,38.0
154,1,right_lane,fixed,True,0.5,40,0,21.768957345971565,6.5,8.5,11.227270990610123,59.07837591104824,42.82837591104824,16.25,nan,0.0,0,0,40,0,7.0,1.0,32.0
155,1,right_lane,fixed,True,0.5,26,1,23.106088201956272,2.0,8.5,5.34259194975084,41.479637304182894,29.229637304182884,12.25,nan,0.0,0,0,26,0,0.0,3.0,23.0
156,1,right_lane,fixed,True,0.5,40,0,22.018957345971565,6.0,5.0,9.786149488325464,59.977586556781034,43.22758655678104,16.75,nan,0.0,0,0,40,0,4.0,5.0,31.0
157,1,right_lane,fixed,True,0.5,40,0,23.268957345971565,8.5,5.5,11.457141889000923,60.72628950437157,45.22628950437157,15.5,nan,0.0,0,0,40,0,7.0,4.0,29.0
158,1,right_lane,fixed,True,0.5,40,0,23.143957345937928,10.5,11.5,14.702571727335453,59.2773367861458,45.02733678614581,14.25,nan,0.0,0,0,40,0,9.0,5.0,26.0
159,1,right_lane,fixed,True,0.5,40,0,21.768957345971565,8.5,1.0,11.95096080750227,58.078471046163436,42.82847104616344,15.25,nan,0.0,0,0,40,0,9.0,1.0,30.0
160,1,right_lane,fixed,True,0.5,40,0,20.393957345971565,0.5,13.5,5.736340761184692,59.87839717648496,40.62839717648496,19.25,nan,0.0,0,0,40,0,1.0,1.0,38.0
161,1,right_lane,fixed,True,0.5,40,0,23.518957345971565,22.0,2.0,23.355869002640247,54.12846278116115,45.62846278116115,8.5,nan,0.0,0,0,40,0,22.0,2.0,16.0
162,1,right_lane,fixed,True,0.5,40,0,22.268957345971565,0.0,0.0,3.012428010158146,63.6303317535545,43.63033175355451,20.0,nan,0.0,0,0,40,0,0.0,0.0,40.0
163,1,right_lane,fixed,True,0.5,40,1,21.393957345971486,0.5,9.0,5.437199727987718,61.97939766652035,42.229397666520335,19.75,nan,0.0,0,0,40,0,0.0,1.0,39.0
164,1,right_lane,fixed,True,0.5,40,0,21.768671888689,0.0,4.5,3.3985137491254136,62.578940936089715,42.828940936089715,19.75,nan,0.0,0,0,40,0,0.0,1.0,39.0
165,1,right_lane,fixed,True,0.5,33,1,21.538130116329167,0.5,1.0,3.0843985678366153,50.77839840434078,35.02839840434078,15.75,nan,0.0,0,0,33,0,1.0,1.0,31.0
166,1,right_lane,fixed,True,0.5,40,0,21.518957345971565,0.0,11.0,4.257552369711902,62.430331753554505,42.430331753554505,20.0,nan,0.0,0,0,40,0,0.0,0.0,40.0
167,1,right_lane,fixed,True,0.5,40,0,20.518957345971565,0.0,5.5,4.355799399316311,60.8303317535545,40.8303317535545,20.0,nan,0.0,0,0,40,0,0.0,0.0,40.0
168,1,right_lane,fixed,True,0.5,40,0,22.143957345749705,2.5,5.5,6.607067454606295,61.67893026473872,43.42893026473872,18.25,nan,0.0,0,0,40,0,2.0,3.0,35.0
169,1,right_lane,fixed,True,0.5,40,0,23.143957345971565,16.5,4.5,19.16750182211399,56.278397182832755,45.028397182832755,11.25,nan,0.0,0,0,40,0,17.0,1.0,22.0
170,1,right_lane,fixed,True,0.5,40,0,22.268957345971565,24.0,3.0,26.61637219786644,51.628915196920104,43.62891519692011,8.0,nan,0.0,0,0,40,0,19.0,10.0,11.0
171,1,right_lane,fixed,True,0.5,40,0,21.018957345971565,3.5,13.5,8.843798108398914,59.378447566577194,41.628447566577194,17.75,nan,0.0,0,0,40,0,3.0,3.0,34.0
172,1,right_lane,fixed,True,0.5,40,0,21.018957345971565,0.5,1.0,3.9388971030712128,60.87839840434077,41.62839840434077,19.25,nan,0.0,0,0,40,0,1.0,1.0,38.0
173,1,right_lane,fixed,True,0.5,40,0,20.62749644062177,0.0,4.0,3.9797560460865498,61.00399430499483,41.00399430499483,20.0,nan,0.0,0,0,40,0,0.0,0.0,40.0
174,1,right_lane,fixed,True,0.5,40,0,21.768957345971558,3.0,15.0,8.33392262657253,61.329401582913604,42.82940158291361,18.5,nan,0.0,0,0,40,0,0.0,6.0,34.0
175,1,right_lane,fixed,True,0.5,40,0,21.518628695453636,0.0,6.5,3.2152502879871463,62.42980591272582,42.429805912725826,20.0,nan,0.0,0,0,40,0,0.0,0.0,40.0
176,1,right_lane,fixed,True,0.5,40,0,21.64150418272032,0.0,6.0,4.277893228440917,62.37547260531846,42.62547260531846,19.75,nan,0.0,0,0,40,0,0.0,1.0,39.0
177,1,right_lane,fixed,True,0.5,40,0,21.018957345971565,0.5,4.0,4.625133910402383,60.87839840434149,41.628398404341496,19.25,nan,0.0,0,0,40,0,1.0,1.0,38.0
178,1,right_lane,fixed,True,0.5,9,1,21.750921098254235,0.5,4.0,1.6310206651687622,14.130331595371523,9.630331595371525,4.5,nan,0.0,0,0,9,0,0.0,0.0,9.0
179,1,right_lane,fixed,True,0.5,40,0,21.393957345971565,0.0,7.0,4.215705552211148,61.97939766774182,42.22939766774182,19.75,nan,0.0,0,0,40,0,0.0,1.0,39.0
180,1,right_lane,fixed,True,0.5,40,0,23.12500009886436,4.5,9.0,9.300168964636214,62.497438008778445,44.997438008778445,17.5,nan,0.0,0,0,40,0,0.0,10.0,30.0
181,1,right_lane,fixed,True,0.5,40,0,20.768957345971565,0.0,0.5,3.143255677074194,60.979396514718964,41.22939651471896,19.75,nan,0.0,0,0,40,0,0.0,1.0,39.0
182,1,right_lane,fixed,True,0.5,40,0,23.268957345971565,0.0,1.5,2.32489641986524,65.23033175355451,45.2303317535545,20.0,nan,0.0,0,0,40,0,0.0,0.0,40.0
183,1,right_lane,fixed,True,0.5,40,0,21.62749644062177,0.0,2.5,3.4419061727721783,62.603994304994835,42.603994304994835,20.0,nan,0.0,0,0,40,0,0.0,0.0,40.0
184,1,right_lane,fixed,True,0.5,40,0,21.018957345971565,0.0,7.0,3.8124362015023507,61.6303317535545,41.6303317535545,20.0,nan,0.0,0,0,40,0,0.0,0.0,40.0
185,1,right_lane,fixed,True,0.5,40,0,22.018957345971565,0.0,1.0,4.170594485780157,62.979398329686106,43.229398329686106,19.75,nan,0.0,0,0,40,0,0.0,1.0,39.0
186,1,right_lane,fixed,True,0.5,40,0,21.393913305060828,0.0,15.5,5.194506872971033,61.97932604924459,42.229326049244584,19.75,nan,0.0,0,0,40,0,0.0,1.0,39.0
187,1,right_lane,fixed,True,0.5,40,0,23.64395164498405,3.5,3.5,7.188038766384125,63.829614461979006,45.829614461979006,18.0,nan,0.0,0,0,40,0,0.0,8.0,32.0
188,1,right_lane,fixed,True,0.5,14,1,23.26844955437671,0.5,0.0,1.9730715453624725,22.579398326582556,15.829398326582556,6.75,nan,0.0,0,0,14,0,0.0,1.0,13.0
189,1,right_lane,fixed,True,0.5,40,0,21.143957345971565,6.5,2.5,10.137231707572937,58.078471189401846,41.828471189401846,16.25,nan,0.0,0,0,40,0,7.0,1.0,32.0
190,1,right_lane,fixed,True,0.5,40,0,23.268957345971565,0.0,9.0,3.901486336373864,64.97939766774114,45.229397667741154,19.75,nan,0.0,0,0,40,0,0.0,1.0,39.0
191,1,right_lane,fixed,True,0.5,40,0,20.518957345971565,0.5,0.0,4.574063002384719,60.07839840304393,40.828398403043934,19.25,nan,0.0,0,0,40,0,1.0,1.0,38.0
192,1,right_lane,fixed,True,0.5,30,1,21.85860979462875,0.5,5.5,3.727178437249677,46.97939651471897,32.229396514718964,14.75,nan,0.0,0,0,30,0,0.0,1.0,29.0
193,1,right_lane,fixed,True,0.5,40,0,22.643957334666847,0.0,6.0,3.431004855781339,64.23033173546696,44.230331735466955,20.0,nan,0.0,0,0,40,0,0.0,0.0,40.0
194,1,right_lane,fixed,True,0.5,40,0,20.268957345971565,0.0,10.0,4.873882859945297,60.179396514701764,40.42939651470176,19.75,nan,0.0,0,0,40,0,0.0,1.0,39.0
195,1,right_lane,fixed,True,0.5,40,0,20.893957345971554,0.0,7.5,3.33378869396347,61.43033175355448,41.43033175355448,20.0,nan,0.0,0,0,40,0,0.0,0.0,40.0
196,1,right_lane,fixed,True,0.5,40,0,21.643957345971565,8.0,3.5,11.479788299649954,58.62870405608892,42.62870405608893,16.0,nan,0.0,0,0,40,0,0.0,16.0,24.0
197,1,right_lane,fixed,True,0.5,40,0,22.768957345971565,0.0,7.5,3.732181645095352,64.4303317535545,44.43033175355449,20.0,nan,0.0,0,0,40,0,0.0,0.0,40.0
198,1,right_lane,fixed,True,0.5,40,0,21.893957345971565,0.0,7.0,3.204065989144965,63.0303317535545,43.030331753554506,20.0,nan,0.0,0,0,40,0,0.0,0.0,40.0
199,1,right_lane,fixed,True,0.5,40,0,22.877496354776138,0.0,11.5,4.145192723062337,64.35306008182846,44.60306008182847,19.75,nan,0.0,0,0,40,0,0.0,1.0,39.0
200,1,right_lane,fixed,True,0.5,40,0,24.393957345971565,0.0,0.5,1.4015463062318076,67.0303317535545,47.0303317535545,20.0,nan,0.0,0,0,40,0,0.0,0.0,40.0
201,1,right_lane,fixed,True,0.5,40,0,20.518957345971565,0.0,3.5,4.002301372587681,60.8303317535545,40.8303317535545,20.0,nan,0.0,0,0,40,0,0.0,0.0,40.0
202,1,right_lane,fixed,True,0.5,40,0,22.018957345971565,0.0,14.0,4.624854561940765,63.2303317535545,43.23033175355451,20.0,nan,0.0,0,0,40,0,0.0,0.0,40.0
203,1,right_lane,fixed,True,0.5,40,0,21.893951547834142,0.0,8.0,3.8001420899536242,63.03032247653465,43.030322476534636,20.0,nan,0.0,0,0,40,0,0.0,0.0,40.0
204,1,right_lane,fixed,True,0.5,40,0,21.518957345971565,0.0,6.0,4.163922311505303,62.430331753554505,42.430331753554505,20.0,nan,0.0,0,0,40,0,0.0,0.0,40.0
205,1,right_lane,fixed,True,0.5,40,0,21.268957345971565,18.0,10.0,21.025995645672083,52.53033175350067,42.03033175350067,10.5,nan,0.0,0,0,40,0,18.0,2.0,20.0
206,1,right_lane,fixed,True,0.5,40,0,21.643957345971565,0.0,5.5,3.969779206869134,62.37939832968611,42.629398329686104,19.75,nan,0.0,0,0,40,0,0.0,1.0,39.0
207,1,right_lane,fixed,True,0.5,40,0,21.518957345971565,0.0,7.5,4.287295749253758,62.43033175355451,42.43033175355451,20.0,nan,0.0,0,0,40,0,0.0,0.0,40.0
208,1,right_lane,fixed,True,0.5,12,1,22.14652444317463,0.5,0.5,1.5941296964883804,18.779397646910468,13.029397646910466,5.75,nan,0.0,0,0,12,0,0.0,1.0,11.0
209,1,right_lane,fixed,True,0.5,40,0,21.372832407624884,7.5,1.0,10.192976903369754,57.94652273322792,42.19652273322792,15.75,nan,0.0,0,0,40,0,8.0,1.0,31.0
210,1,right_lane,fixed,True,0.5,40,0,22.76895174381868,9.5,1.0,10.464513990714295,59.679868810239164,44.42986881023916,15.25,nan,0.0,0,0,40,0,8.0,3.0,29.0
211,1,right_lane,fixed,True,0.5,40,0,21.143957345971565,0.0,14.0,4.8217691261965,61.57939832968609,41.8293983296861,19.75,nan,0.0,0,0,40,0,0.0,1.0,39.0
212,1,right_lane,fixed,True,0.5,40,0,23.768957345971565,15.5,0.0,17.440439328551292,57.77839835388945,46.02839835388944,11.75,nan,0.0,0,0,40,0,16.0,1.0,23.0
213,1,right_lane,fixed,True,0.5,40,0,22.268957345971565,3.0,10.0,7.599603928086253,61.62868651142361,43.62868651142362,18.0,nan,0.0,0,0,40,0,2.0,4.0,34.0
214,1,right_lane,fixed,True,0.5,40,0,20.518957345971565,0.0,2.5,4.425305001437664,60.57939766773994,40.82939766773995,19.75,nan,0.0,0,0,40,0,0.0,1.0,39.0
215,1,right_lane,fixed,True,0.5,40,0,20.893957345971565,0.0,6.0,4.287890080476245,61.4303317535545,41.430331753554505,20.0,nan,0.0,0,0,40,0,0.0,0.0,40.0
216,1,right_lane,fixed,True,0.5,40,0,21.893957345971497,0.0,6.0,2.9221971808674425,62.779398329686,43.029398329685996,19.75,nan,0.0,0,0,40,0,0.0,1.0,39.0
217,1,right_lane,fixed,True,0.5,40,0,24.76895734574971,16.0,1.5,18.179258955166006,59.12869041275031,47.628690412750316,11.5,nan,0.0,0,0,40,0,15.0,4.0,21.0
218,1,right_lane,fixed,True,0.5,40,0,20.89391975488909,0.0,2.0,3.332147788256407,61.43027160782254,41.43027160782254,20.0,nan,0.0,0,0,40,0,0.0,0.0,40.0
219,1,right_lane,fixed,True,0.5,40,0,21.143957345971565,0.0,0.0,3.845197072461815,61.57939766774115,41.82939766774115,19.75,nan,0.0,0,0,40,0,0.0,1.0,39.0
220,1,right_lane,fixed,True,0.5,40,0,20.268957345971565,0.0,12.5,5.183564014732838,60.430331753554505,40.430331753554505,20.0,nan,0.0,0,0,40,0,0.0,0.0,40.0
221,1,right_lane,fixed,True,0.5,40,0,24.14150336085361,0.0,6.5,3.203959616762404,66.62640537736577,46.626405377365785,20.0,nan,0.0,0,0,40,0,0.0,0.0,40.0
222,1,right_lane,fixed,True,0.5,40,0,23.266132267851038,5.0,8.5,9.050538834411554,62.22439510189491,45.22439510189491,17.0,nan,0.0,0,0,40,0,5.0,2.0,33.0
223,1,right_lane,fixed,True,0.5,40,0,21.893957345971565,0.0,0.0,2.6141057767526945,63.030331753554506,43.0303317535545,20.0,nan,0.0,0,0,40,0,0.0,0.0,40.0
224,1,right_lane,fixed,True,0.5,40,0,20.768957345971565,0.0,1.0,4.5087025463581085,60.979397667741154,41.22939766774115,19.75,nan,0.0,0,0,40,0,0.0,1.0,39.0
225,1,right_lane,fixed,True,0.5,26,1,20.798395916879333,0.5,7.0,3.9365799874067307,39.57939766773994,26.829397667739947,12.75,nan,0.0,0,0,26,0,0.0,1.0,25.0
226,1,right_lane,fixed,True,0.5,40,0,20.268957345971565,0.0,20.0,6.088596627116203,60.430331753554505,40.430331753554505,20.0,nan,0.0,0,0,40,0,0.0,0.0,40.0
227,1,right_lane,fixed,True,0.5,40,0,23.26895734596758,3.0,8.5,7.871927530766698,63.72797672539316,45.22797672539315,18.5,nan,0.0,0,0,40,0,0.0,6.0,34.0
228,1,right_lane,fixed,True,0.5,40,0,21.018957345971565,0.0,0.0,3.8961155275255805,61.379397666520426,41.62939766652045,19.75,nan,0.0,0,0,40,0,0.0,1.0,39.0
229,1,right_lane,fixed,True,0.5,40,0,21.39395724882166,0.0,11.0,4.221689825025351,62.230331598114645,42.23033159811465,20.0,nan,0.0,0,0,40,0,0.0,0.0,40.0
230,1,right_lane,fixed,True,0.5,40,0,20.768957345971565,3.5,12.5,8.799569185823202,58.97839717648496,41.22839717648496,17.75,nan,0.0,0,0,40,0,4.0,1.0,35.0
231,1,right_lane,fixed,True,0.5,40,0,21.268957345971565,0.5,5.0,5.1974156983196735,61.27839910886089,42.02839910886089,19.25,nan,0.0,0,0,40,0,1.0,1.0,38.0
232,1,right_lane,fixed,True,0.5,40,0,24.018957344031914,12.5,9.5,16.540266305208206,59.926960782200524,46.42696078220054,13.5,nan,0.0,0,0,40,0,9.0,8.0,23.0
233,1,right_lane,fixed,True,0.5,40,0,21.141789654732086,8.5,1.5,11.257941074445625,57.07492924310125,41.82492924310126,15.25,nan,0.0,0,0,40,0,9.0,1.0,30.0
234,1,right_lane,fixed,True,0.5,40,0,20.393957345971565,0.0,9.5,4.774808019399643,60.37939766652045,40.62939766652045,19.75,nan,0.0,0,0,40,0,0.0,1.0,39.0
235,1,right_lane,fixed,True,0.5,40,0,22.76895724542639,4.0,11.0,8.624517714689318,61.927996998378134,44.42799699837814,17.5,nan,0.0,0,0,40,0,1.0,8.0,31.0
236,1,right_lane,fixed,True,0.5,40,0,20.393957345971565,0.0,17.0,6.288220547139645,60.37939766652045,40.62939766652045,19.75,nan,0.0,0,0,40,0,0.0,1.0,39.0
237,1,right_lane,fixed,True,0.5,40,0,21.393957345971565,0.0,0.5,3.8562044758873526,61.979398329686106,42.2293983296861,19.75,nan,0.0,0,0,40,0,0.0,1.0,39.0
238,1,right_lane,fixed,True,0.5,40,0,21.1439573329563,0.0,3.5,3.635446810629219,61.57939649387734,41.82939649387734,19.75,nan,0.0,0,0,40,0,0.0,1.0,39.0
239,1,right_lane,fixed,True,0.5,8,1,21.344786235536013,0.5,4.0,2.197659954428673,12.179396356518783,8.429396356518783,3.75,nan,0.0,0,0,8,0,0.0,1.0,7.0
240,1,right_lane,fixed,True,0.5,40,0,21.76895724862562,0.0,4.0,2.686348511233973,62.830331597801,42.830331597801,20.0,nan,0.0,0,0,40,0,0.0,0.0,40.0
241,1,right_lane,fixed,True,0.5,40,0,22.768951743818675,3.0,2.0,6.352544235036476,62.42890819563283,44.42890819563283,18.0,nan,0.0,0,0,40,0,3.0,2.0,35.0
242,1,right_lane,fixed,True,0.5,40,0,22.768957345971565,10.0,0.0,13.225822538137436,58.926984591200835,44.426984591200835,14.5,nan,0.0,0,0,40,0,10.0,2.0,28.0
243,1,right_lane,fixed,True,0.5,40,0,21.76895174381868,0.0,1.5,3.498251706901783,62.83032279010988,42.83032279010989,20.0,nan,0.0,0,0,40,0,0.0,0.0,40.0
244,1,right_lane,fixed,True,0.5,40,0,23.983539193514567,21.5,6.0,23.378298595547676,55.62093508441392,46.37093508441392,9.25,nan,0.0,0,0,40,0,20.0,3.0,17.0
245,1,right_lane,fixed,True,0.5,40,0,21.393957345971565,5.0,5.5,8.926036957371252,59.72837615997087,42.228376159970864,17.5,nan,0.0,0,0,40,0,4.0,2.0,34.0
246,1,right_lane,fixed,True,0.5,11,1,27.340310198251927,5.0,0.5,5.7801961824297905,16.728319960564104,14.228319960564104,2.5,nan,0.0,0,0,11,0,5.0,2.0,4.0
247,1,right_lane,fixed,True,0.5,40,0,23.518957345971565,3.5,3.5,5.751662180588482,63.62962358355962,45.62962358355962,18.0,nan,0.0,0,0,40,0,0.0,8.0,32.0
248,1,right_lane,fixed,True,0.5,40,0,23.393957344482423,7.5,6.5,11.005745001137257,61.17889399016697,45.428893990166976,15.75,nan,0.0,0,0,40,0,8.0,1.0,31.0
249,1,right_lane,fixed,True,0.5,40,0,21.268957345971565,0.5,4.5,4.992221274415442,61.27839840434149,42.028398404341495,19.25,nan,0.0,0,0,40,0,1.0,1.0,38.0
250,1,right_lane,fixed,True,0.5,40,0,21.231091647145412,0.0,12.5,5.25224740186809,61.96974663543266,41.96974663543266,20.0,nan,0.0,0,0,40,0,0.0,0.0,40.0
251,1,right_lane,fixed,True,0.5,40,0,24.518957245392745,26.0,2.0,27.371626898646355,53.72704820341114,47.22704820341114,6.5,nan,0.0,0,0,40,0,23.0,8.0,9.0
252,1,right_lane,fixed,True,0.5,40,0,21.76895734445366,5.5,4.0,8.51218282364971,59.57828016374312,42.82828016374312,16.75,nan,0.0,0,0,40,0,5.0,3.0,32.0
253,1,right_lane,fixed,True,0.5,40,0,22.268957345971565,0.5,1.5,4.6200595176560455,62.8783991088609,43.628399108860904,19.25,nan,0.0,0,0,40,0,1.0,1.0,38.0
254,1,right_lane,fixed,True,0.5,40,0,24.393951548030184,14.0,10.5,18.40591223537922,59.52792908102593,47.02792908102593,12.5,nan,0.0,0,0,40,0,12.0,6.0,22.0
255,1,right_lane,fixed,True,0.5,40,0,21.018957345971565,0.5,11.0,5.313644020234278,60.87839910886089,41.62839910886089,19.25,nan,0.0,0,0,40,0,1.0,1.0,38.0
256,1,right_lane,fixed,True,0.5,20,1,21.287914691943122,0.5,4.0,2.092397356357651,30.77939766774115,21.02939766774115,9.75,nan,0.0,0,0,20,0,0.0,1.0,19.0
257,1,right_lane,fixed,True,0.5,40,0,20.268957345971565,0.0,0.5,4.679014854133129,60.430331753554505,40.430331753554505,20.0,nan,0.0,0,0,40,0,0.0,0.0,40.0
258,1,right_lane,fixed,True,0.5,40,0,22.268957345971508,4.0,6.5,8.071448771512223,61.12867113350789,43.62867113350789,17.5,nan,0.0,0,0,40,0,4.0,2.0,34.0
259,1,right_lane,fixed,True,0.5,40,0,22.643957345971565,8.0,3.0,11.568319261074066,59.72891519343647,44.22891519343648,15.5,nan,0.0,0,0,40,0,8.0,2.0,30.0
260,1,right_lane,fixed,True,0.5,40,0,20.393957345971565,0.0,6.5,4.1565491035580635,60.6303317535545,40.6303317535545,20.0,nan,0.0,0,0,40,0,0.0,0.0,40.0
261,1,right_lane,fixed,True,0.5,40,0,20.999720243734682,2.0,10.5,7.718929082155228,60.34766760454467,41.59766760454467,18.75,nan,0.0,0,0,40,0,0.0,5.0,35.0
262,1,right_lane,fixed,True,0.5,40,0,21.268957345971565,0.0,2.5,3.123394626381014,62.03033175355449,42.0303317535545,20.0,nan,0.0,0,0,40,0,0.0,0.0,40.0
263,1,right_lane,fixed,True,0.5,40,0,22.268957345971565,6.5,7.5,10.58549177646637,59.87868714862205,43.62868714862205,16.25,nan,0.0,0,0,40,0,5.0,5.0,30.0
264,1,right_lane,fixed,True,0.5,40,0,21.518957345971565,0.0,0.5,3.2989637228520223,62.4303317535545,42.4303317535545,20.0,nan,0.0,0,0,40,0,0.0,0.0,40.0
265,1,right_lane,fixed,True,0.5,20,1,23.787914691934265,0.0,2.5,1.1645645471717216,33.030331753547415,23.030331753547422,10.0,nan,0.0,0,0,20,0,0.0,0.0,20.0
266,1,right_lane,fixed,True,0.5,40,0,20.8939573329563,0.0,12.0,4.48308726772666,61.17939764569603,41.42939764569603,19.75,nan,0.0,0,0,40,0,0.0,1.0,39.0
267,1,right_lane,fixed,True,0.5,40,0,21.643957345971486,1.5,5.0,6.198519304394722,61.62870339728716,42.628703397287154,19.0,nan,0.0,0,0,40,0,0.0,4.0,36.0
268,1,right_lane,fixed,True,0.5,40,0,21.393957345971497,17.0,6.5,19.713278520852327,53.230331750811246,42.230331750811246,11.0,nan,0.0,0,0,40,0,17.0,2.0,21.0
269,1,right_lane,fixed,True,0.5,40,0,21.393957345971565,0.0,1.0,4.086553013013599,61.979398329686106,42.2293983296861,19.75,nan,0.0,0,0,40,0,0.0,1.0,39.0
270,1,right_lane,fixed,True,0.5,40,0,23.391504197449517,11.5,0.0,13.982540139666526,59.17447619856812,45.42447619856812,13.75,nan,0.0,0,0,40,0,12.0,1.0,27.0
271,1,right_lane,fixed,True,0.5,40,0,22.268957345971565,6.5,4.0,9.940037280321121,59.878893711443006,43.628893711443006,16.25,nan,0.0,0,0,40,0,7.0,1.0,32.0
272,1,right_lane,fixed,True,0.5,40,0,21.51858540506837,0.0,4.0,3.973181019653566,62.178802561075344,42.428802561075344,19.75,nan,0.0,0,0,40,0,0.0,1.0,39.0
273,1,right_lane,fixed,True,0.5,26,1,20.41378053226395,0.5,12.5,4.943658508360386,39.179396514701764,26.429396514701757,12.75,nan,0.0,0,0,26,0,0.0,1.0,25.0
274,1,right_lane,fixed,True,0.5,40,0,23.768957345971565,12.0,1.5,14.496147740089782,59.52707894028252,46.02707894028252,13.5,nan,0.0,0,0,40,0,12.0,2.0,26.0
275,1,right_lane,fixed,True,0.5,40,0,22.018957246882014,2.5,5.5,6.28093290151628,61.47829462672267,43.22829462672268,18.25,nan,0.0,0,0,40,0,2.0,3.0,35.0
276,1,right_lane,fixed,True,0.5,32,1,23.304946682464454,5.5,2.0,6.788536021776736,48.97889399764389,36.22889399764389,12.75,nan,0.0,0,0,32,0,6.0,1.0,25.0
277,1,right_lane,fixed,True,0.5,40,0,20.768957345971565,0.0,6.0,4.213994517922401,61.2303317535545,41.23033175355451,20.0,nan,0.0,0,0,40,0,0.0,0.0,40.0
278,1,right_lane,fixed,True,0.5,5,1,28.84838684036547,3.5,0.0,3.677176132798195,7.018969619973083,6.768969619973083,0.25,nan,0.0,0,0,5,0,4.0,1.0,0.0
279,1,right_lane,fixed,True,0.5,40,0,22.643957345971565,0.0,1.0,3.377573902927452,63.9793983296861,44.229398329686106,19.75,nan,0.0,0,0,40,0,0.0,1.0,39.0
280,1,right_lane,fixed,True,0.5,40,0,23.50032874938229,0.5,3.0,3.9816785756465833,64.84859335431807,45.59859335431806,19.25,nan,0.0,0,0,40,0,1.0,1.0,38.0
281,1,right_lane,fixed,True,0.5,40,0,20.768957345971565,0.0,5.5,4.529481157660484,61.23033175355451,41.2303317535545,20.0,nan,0.0,0,0,40,0,0.0,0.0,40.0
282,1,right_lane,fixed,True,0.5,40,0,22.143957345971565,0.0,1.0,3.656599090727468,63.17939766843072,43.42939766843072,19.75,nan,0.0,0,0,40,0,0.0,1.0,39.0
283,1,right_lane,fixed,True,0.5,40,0,22.768957345971565,5.0,6.0,8.650781394651858,61.42870458278995,44.428704582789955,17.0,nan,0.0,0,0,40,0,5.0,2.0,33.0
284,1,right_lane,fixed,True,0.5,40,0,20.643957345971565,0.5,11.0,5.782639183104038,60.2783984043395,41.0283984043395,19.25,nan,0.0,0,0,40,0,1.0,1.0,38.0
285,1,right_lane,fixed,True,0.5,40,0,21.143957345971565,0.0,9.0,4.295506321152288,61.579397666520435,41.82939766652044,19.75,nan,0.0,0,0,40,0,0.0,1.0,39.0
286,1,right_lane,fixed,True,0.5,40,0,26.143957344482807,20.5,0.5,21.573054061409493,59.07837784892032,49.82837784892033,9.25,nan,0.0,0,0,40,0,21.0,1.0,18.0
287,1,right_lane,fixed,True,0.5,40,0,21.143957345971565,4.0,6.5,8.203388147056103,60.0803317535545,41.83033175355451,18.25,nan,0.0,0,0,40,0,0.0,7.0,33.0
288,1,right_lane,fixed,True,0.5,11,1,21.432572160934924,0.5,3.5,2.353393591940403,16.879397663777308,11.62939766377731,5.25,nan,0.0,0,0,11,0,0.0,1.0,10.0
289,1,right_lane,fixed,True,0.5,40,0,23.143957345971565,5.5,14.0,9.441725095404536,61.77889399764389,45.02889399764389,16.75,nan,0.0,0,0,40,0,6.0,1.0,33.0
290,1,right_lane,fixed,True,0.5,40,0,22.643957345971565,1.5,8.0,6.337559691518436,63.228704038762274,44.22870403876228,19.0,nan,0.0,0,0,40,0,0.0,4.0,36.0
291,1,right_lane,fixed,True,0.5,40,0,21.018957345971565,3.0,2.0,6.701524004841758,59.62911710231382,41.62911710231383,18.0,nan,0.0,0,0,40,0,2.0,4.0,34.0
292,1,right_lane,fixed,True,0.5,40,0,21.518957345971565,0.0,0.0,3.661680567937765,62.17939832968611,42.42939832968611,19.75,nan,0.0,0,0,40,0,0.0,1.0,39.0
293,1,right_lane,fixed,True,0.5,40,0,22.518957345971558,0.5,3.0,4.361960548059187,63.27839910880879,44.028399108808784,19.25,nan,0.0,0,0,40,0,1.0,1.0,38.0
294,1,right_lane,fixed,True,0.5,40,0,20.268957345971565,1.0,10.5,6.115409426391125,59.929396514701764,40.42939651470176,19.5,nan,0.0,0,0,40,0,0.0,2.0,38.0
295,1,right_lane,fixed,True,0.5,40,0,20.89395239570556,0.5,2.0,4.420043632388115,60.678390483915166,41.428390483915166,19.25,nan,0.0,0,0,40,0,1.0,1.0,38.0
296,1,right_lane,fixed,True,0.5,40,0,21.018957247111118,3.5,8.5,8.609277039766312,59.62654389273422,41.62654389273421,18.0,nan,0.0,0,0,40,0,2.0,4.0,34.0
297,1,right_lane,fixed,True,0.5,40,1,21.018957345971565,1.0,14.5,6.794636711478233,60.87839840434077,41.62839840434077,19.25,nan,0.0,0,0,40,0,1.0,1.0,38.0
298,1,right_lane,fixed,True,0.5,40,0,24.143957345971565,13.5,5.5,16.48898059129715,59.378915140927624,46.628915140927624,12.75,nan,0.0,0,0,40,0,13.0,3.0,24.0
299,1,right_lane,fixed,True,0.5,40,0,22.518957345971565,1.5,8.0,5.0199896253780025,63.278691805200864,44.02869180520086,19.25,nan,0.0,0,0,40,0,0.0,3.0,37.0
300,1,right_lane,fixed,True,0.5,40,0,21.893957345971565,0.0,0.5,3.525860041523856,63.03033175355449,43.030331753554506,20.0,nan,0.0,0,0,40,0,0.0,0.0,40.0
301,1,right_lane,fixed,True,0.5,11,1,23.705299033155487,11.0,0.0,10.813870370388031,12.630331574588414,12.630331574588414,0.0,nan,0.0,0,0,11,0,11.0,0.0,0.0
302,1,right_lane,fixed,True,0.5,40,0,20.643957345971565,0.5,3.5,5.254217728972435,60.278397176484944,41.02839717648495,19.25,nan,0.0,0,0,40,0,1.0,1.0,38.0
303,1,right_lane,fixed,True,0.5,40,0,22.518957345749705,11.5,4.5,14.303316947072744,57.779740973333624,44.029740973333624,13.75,nan,0.0,0,0,40,0,12.0,1.0,27.0
304,1,right_lane,fixed,True,0.5,40,0,21.393957345971565,0.0,0.5,3.8560559969928363,61.979398329686106,42.2293983296861,19.75,nan,0.0,0,0,40,0,0.0,1.0,39.0
305,1,right_lane,fixed,True,0.5,40,0,21.62749644062177,0.0,2.5,1.9995429699556553,62.603994304994835,42.60399430499484,20.0,nan,0.0,0,0,40,0,0.0,0.0,40.0
306,1,right_lane,fixed,True,0.5,40,0,23.518957345941384,0.5,7.0,4.6858021036309765,64.8783991088126,45.6283991088126,19.25,nan,0.0,0,0,40,0,1.0,1.0,38.0
307,1,right_lane,fixed,True,0.5,28,1,21.455653351387948,0.5,8.0,4.3911464884877205,43.6303317535545,29.6303317535545,14.0,nan,0.0,0,0,28,0,0.0,0.0,28.0
308,1,right_lane,fixed,True,0.5,40,0,21.143957345971565,0.0,2.0,3.3632619783325026,61.57939766774114,41.82939766774115,19.75,nan,0.0,0,0,40,0,0.0,1.0,39.0
309,1,right_lane,fixed,True,0.5,40,0,21.018957345971565,0.0,3.0,4.403790402620871,61.37939766774114,41.62939766774115,19.75,nan,0.0,0,0,40,0,0.0,1.0,39.0
310,1,right_lane,fixed,True,0.5,40,0,22.393957345941324,3.5,8.0,7.56349205107108,61.57744637041065,43.82744637041064,17.75,nan,0.0,0,0,40,0,1.0,7.0,32.0
311,1,right_lane,fixed,True,0.5,40,0,23.518957345971565,7.5,4.5,10.899122053612132,61.628672410007496,45.6286724100075,16.0,nan,0.0,0,0,40,0,5.0,6.0,29.0
312,1,right_lane,fixed,True,0.5,40,0,21.393957345971565,0.0,10.5,3.960100966232858,62.2303317535545,42.230331753554495,20.0,nan,0.0,0,0,40,0,0.0,0.0,40.0
313,1,right_lane,fixed,True,0.5,40,0,22.768957345968165,0.0,2.0,3.873791884165257,64.17939832968067,44.429398329680666,19.75,nan,0.0,0,0,40,0,0.0,1.0,39.0
314,1,right_lane,fixed,True,0.5,40,0,20.643957345971565,0.5,9.5,4.099902812178698,60.27839717648495,41.02839717648496,19.25,nan,0.0,0,0,40,0,1.0,1.0,38.0
315,1,right_lane,fixed,True,0.5,40,0,21.143957345971565,0.0,14.5,4.738356334804848,61.57939766774183,41.82939766774182,19.75,nan,0.0,0,0,40,0,0.0,1.0,39.0
316,1,right_lane,fixed,True,0.5,40,0,21.018957345971565,0.0,4.0,3.9274539113521314,61.63033175355449,41.6303317535545,20.0,nan,0.0,0,0,40,0,0.0,0.0,40.0
317,1,right_lane,fixed,True,0.5,13,1,21.981407213098787,0.5,2.5,2.2521043866872787,20.27939766499801,14.029397664998012,6.25,nan,0.0,0,0,13,0,0.0,1.0,12.0
318,1,right_lane,fixed,True,0.5,40,0,21.768957345971494,0.0,3.0,3.564307821143302,62.83033175355441,42.830331753554404,20.0,nan,0.0,0,0,40,0,0.0,0.0,40.0
319,1,right_lane,fixed,True,0.5,40,0,20.518957345971565,0.0,0.5,1.314277085836693,60.8303317535545,40.8303317535545,20.0,nan,0.0,0,0,40,0,0.0,0.0,40.0
320,1,right_lane,fixed,True,0.5,40,0,20.893957345971565,0.0,3.0,4.086887814104557,61.43033175355451,41.4303317535545,20.0,nan,0.0,0,0,40,0,0.0,0.0,40.0
321,1,right_lane,fixed,True,0.5,40,0,23.768957345971565,15.0,2.5,17.41895493865013,58.02869159865951,46.02869159865951,12.0,nan,0.0,0,0,40,0,12.0,8.0,20.0
322,1,right_lane,fixed,True,0.5,40,0,22.143957345971554,0.0,1.0,3.5850179937951907,63.17939766843069,43.42939766843071,19.75,nan,0.0,0,0,40,0,0.0,1.0,39.0
323,1,right_lane,fixed,True,0.5,40,0,22.518956608239495,6.5,6.0,10.240460949290537,60.278472770737785,44.028472770737785,16.25,nan,0.0,0,0,40,0,7.0,1.0,32.0
324,1,right_lane,fixed,True,0.5,40,0,22.893957345971565,0.5,6.0,4.751513213084081,63.87839840434078,44.62839840434077,19.25,nan,0.0,0,0,40,0,1.0,1.0,38.0
325,1,right_lane,fixed,True,0.5,40,0,21.393957345971565,0.0,5.0,3.4734640864112407,62.2303317535545,42.230331753554495,20.0,nan,0.0,0,0,40,0,0.0,0.0,40.0
326,1,right_lane,fixed,True,0.5,40,0,22.893914804623012,0.0,2.5,2.8961043256601897,64.63026368739682,44.63026368739682,20.0,nan,0.0,0,0,40,0,0.0,0.0,40.0
327,1,right_lane,fixed,True,0.5,40,0,20.268957345971565,0.0,14.5,5.848277270793915,60.430331753554505,40.430331753554505,20.0,nan,0.0,0,0,40,0,0.0,0.0,40.0
328,1,right_lane,fixed,True,0.5,40,0,21.143957345971565,5.0,9.5,9.694742362946272,59.08032132591801,41.830321325918,17.25,nan,0.0,0,0,40,0,0.0,11.0,29.0
329,1,right_lane,fixed,True,0.5,40,0,22.393957345971565,0.0,8.0,3.92565906382697,63.8303317535545,43.830331753554496,20.0,nan,0.0,0,0,40,0,0.0,0.0,40.0
330,1,right_lane,fixed,True,0.5,40,0,20.518957345971565,3.5,17.5,9.195559926331043,58.83032277007035,40.83032277007035,18.0,nan,0.0,0,0,40,0,0.0,8.0,32.0
331,1,right_lane,fixed,True,0.5,40,0,21.268957345971565,6.5,9.0,10.56965135037899,58.52903475570279,42.02903475570279,16.5,nan,0.0,0,0,40,0,5.0,4.0,31.0
332,1,right_lane,fixed,True,0.5,40,0,22.50032874937786,0.0,3.5,3.4096908964532417,64.00052599900458,44.00052599900458,20.0,nan,0.0,0,0,40,0,0.0,0.0,40.0
333,1,right_lane,fixed,True,0.5,40,0,20.518957345971565,3.5,4.5,8.43640884757042,58.578479324709924,40.82847932470992,17.75,nan,0.0,0,0,40,0,4.0,1.0,35.0
334,1,right_lane,fixed,True,0.5,40,0,21.018957345971565,0.0,2.0,3.9850995121905726,61.37939766843071,41.62939766843072,19.75,nan,0.0,0,0,40,0,0.0,1.0,39.0
335,1,right_lane,fixed,True,0.5,40,0,24.393634297606518,0.0,7.0,3.385246572469896,67.02981487617042,47.02981487617043,20.0,nan,0.0,0,0,40,0,0.0,0.0,40.0
336,1,right_lane,fixed,True,0.5,40,0,21.518956596934782,0.0,4.0,4.259220919102972,62.17939646928298,42.429396469282985,19.75,nan,0.0,0,0,40,0,0.0,1.0,39.0
337,1,right_lane,fixed,True,0.5,9,1,25.0,0.5,0.5,1.0328971892495247,15.299999999999997,10.799999999999999,4.5,nan,0.0,0,0,9,0,0.0,0.0,9.0
338,1,right_lane,fixed,True,0.5,20,1,22.287914691935296,0.0,6.0,3.9494747730350355,31.57939766773488,21.82939766773488,9.75,nan,0.0,0,0,20,0,0.0,1.0,19.0
339,1,right_lane,fixed,True,0.5,40,0,21.643957345971565,5.0,4.0,8.507416461560751,60.12839327823296,42.62839327823296,17.5,nan,0.0,0,0,40,0,4.0,2.0,34.0
340,1,right_lane,fixed,True,0.5,40,0,21.893957345971117,0.5,1.0,4.266786890984349,62.27839910886018,43.028399108860185,19.25,nan,0.0,0,0,40,0,1.0,1.0,38.0
341,1,right_lane,fixed,True,0.5,40,0,20.768957345971565,0.5,3.5,4.450220030150376,60.47839840304875,41.22839840304875,19.25,nan,0.0,0,0,40,0,1.0,1.0,38.0
342,1,right_lane,fixed,True,0.5,40,0,20.768957345971565,6.5,9.0,10.976589426398277,57.47853391966088,41.22853391966088,16.25,nan,0.0,0,0,40,0,7.0,1.0,32.0
343,1,right_lane,fixed,True,0.5,40,0,21.393957345971565,6.0,11.0,11.076425594859757,59.48033175355451,42.23033175355451,17.25,nan,0.0,0,0,40,0,0.0,11.0,29.0
344,1,right_lane,fixed,True,0.5,35,1,22.16452268111036,0.5,3.0,3.5371414783130604,55.27939766773994,38.02939766773995,17.25,nan,0.0,0,0,35,0,0.0,1.0,34.0
345,1,right_lane,fixed,True,0.5,40,0,21.893957345970982,0.0,7.5,4.222196648828685,62.779397668429745,43.029397668429745,19.75,nan,0.0,0,0,40,0,0.0,1.0,39.0
346,1,right_lane,fixed,True,0.5,36,1,21.54884149552396,0.5,9.5,5.456419907364307,55.979398329686106,38.2293983296861,17.75,nan,0.0,0,0,36,0,0.0,1.0,35.0
347,1,right_lane,fixed,True,0.5,40,0,22.143957345971494,0.5,2.5,4.345044900853168,62.678399108860795,43.42839910886078,19.25,nan,0.0,0,0,40,0,1.0,1.0,38.0
348,1,right_lane,fixed,True,0.5,40,0,20.393957345971565,0.0,13.0,5.295160032808781,60.37939766652045,40.62939766652045,19.75,nan,0.0,0,0,40,0,0.0,1.0,39.0
349,1,right_lane,fixed,True,0.5,40,0,21.643957345971565,0.5,5.5,4.788828026910778,61.878398404340764,42.62839840434077,19.25,nan,0.0,0,0,40,0,1.0,1.0,38.0
350,1,right_lane,fixed,True,0.5,22,1,23.670831538129974,0.5,6.5,3.4602910954899926,36.23033175355438,25.23033175355439,11.0,nan,0.0,0,0,22,0,0.0,0.0,22.0
351,1,right_lane,fixed,True,0.5,40,0,23.393951742329993,0.0,5.5,3.637306829989029,65.43032278772797,45.43032278772797,20.0,nan,0.0,0,0,40,0,0.0,0.0,40.0
352,1,right_lane,fixed,True,0.5,19,1,20.56622599151908,1.5,7.5,4.6843792870640755,27.928049088155248,19.42804908815524,8.5,nan,0.0,0,0,19,0,1.0,2.0,16.0
353,1,right_lane,fixed,True,0.5,40,0,22.00249644062177,0.0,1.0,3.7717168389135622,62.95306021918147,43.203060219181474,19.75,nan,0.0,0,0,40,0,0.0,1.0,39.0
354,1,right_lane,fixed,True,0.5,16,1,23.484893364290173,0.0,0.0,0.6770643089239456,25.979398329277316,18.22939832927731,7.75,nan,0.0,0,0,16,0,0.0,1.0,15.0
355,1,right_lane,fixed,True,0.5,40,0,22.268957345971565,0.0,8.0,3.8967884525554837,63.6303317535545,43.63033175355451,20.0,nan,0.0,0,0,40,0,0.0,0.0,40.0
356,1,right_lane,fixed,True,0.5,40,0,21.393957345749705,0.0,13.5,4.3108253634231914,62.230331753199536,42.23033175319953,20.0,nan,0.0,0,0,40,0,0.0,0.0,40.0
357,1,right_lane,fixed,True,0.5,40,0,20.268957345971565,0.0,2.5,4.4870889857411385,60.430331753554505,40.430331753554505,20.0,nan,0.0,0,0,40,0,0.0,0.0,40.0
358,1,right_lane,fixed,True,0.5,40,0,23.643957345971565,0.0,1.0,3.2240930732114066,65.8303317535545,45.8303317535545,20.0,nan,0.0,0,0,40,0,0.0,0.0,40.0
359,1,right_lane,fixed,True,0.5,40,0,20.393957345971565,0.0,20.5,5.959745794534683,60.37939766652045,40.62939766652045,19.75,nan,0.0,0,0,40,0,0.0,1.0,39.0
360,1,right_lane,fixed,True,0.5,40,0,23.518957345749698,0.0,6.0,3.295318620141188,65.63033175319954,45.630331753199535,20.0,nan,0.0,0,0,40,0,0.0,0.0,40.0
361,1,right_lane,fixed,True,0.5,40,0,21.891789654732086,0.0,9.5,4.23306225054489,62.77593002370291,43.025930023702934,19.75,nan,0.0,0,0,40,0,0.0,1.0,39.0
362,1,right_lane,fixed,True,0.5,40,0,22.643957345971565,0.0,7.0,3.048861462829791,64.2303317535545,44.2303317535545,20.0,nan,0.0,0,0,40,0,0.0,0.0,40.0
363,1,right_lane,fixed,True,0.5,40,0,20.393957345971565,0.0,13.5,5.257653318345547,60.37939651470177,40.62939651470176,19.75,nan,0.0,0,0,40,0,0.0,1.0,39.0
364,1,right_lane,fixed,True,0.5,40,0,21.143957345971565,0.0,6.5,4.084932290017605,61.8303317535545,41.83033175355451,20.0,nan,0.0,0,0,40,0,0.0,0.0,40.0
365,1,right_lane,fixed,True,0.5,40,0,23.393957345971508,0.5,5.0,4.485127178996663,64.6783991088608,45.42839910886081,19.25,nan,0.0,0,0,40,0,1.0,1.0,38.0
366,1,right_lane,fixed,True,0.5,40,0,20.518957345971565,0.0,2.0,4.1238699071109295,60.57939766773994,40.82939766773995,19.75,nan,0.0,0,0,40,0,0.0,1.0,39.0
367,1,right_lane,fixed,True,0.5,40,0,20.768957345971565,0.5,1.5,4.378097828477621,60.478399108808766,41.228399108808766,19.25,nan,0.0,0,0,40,0,1.0,1.0,38.0
368,1,right_lane,fixed,True,0.5,40,0,21.393957345971565,0.0,6.0,4.442788829685924,61.979397667741154,42.22939766774115,19.75,nan,0.0,0,0,40,0,0.0,1.0,39.0
369,1,right_lane,fixed,True,0.5,40,0,20.768957345971565,0.5,3.0,5.611187405884266,60.47839840434077,41.22839840434077,19.25,nan,0.0,0,0,40,0,1.0,1.0,38.0
370,1,right_lane,fixed,True,0.5,40,0,21.268957345971565,0.0,1.0,4.016202605404487,62.0303317535545,42.030331753554506,20.0,nan,0.0,0,0,40,0,0.0,0.0,40.0
371,1,right_lane,fixed,True,0.5,40,0,21.8917890028452,0.5,4.5,4.815020165053284,62.274929759806604,43.024929759806604,19.25,nan,0.0,0,0,40,0,1.0,1.0,38.0
372,1,right_lane,fixed,True,0.5,40,0,21.268957345971565,0.0,5.0,3.267916754099133,62.0303317535545,42.0303317535545,20.0,nan,0.0,0,0,40,0,0.0,0.0,40.0
373,1,right_lane,fixed,True,0.5,40,0,20.893957345971565,0.0,11.0,5.569900802045595,61.179397666520444,41.429397666520444,19.75,nan,0.0,0,0,40,0,0.0,1.0,39.0
374,1,right_lane,fixed,True,0.5,35,1,21.593094109681786,0.5,12.0,5.538379340347092,54.47939766774115,37.22939766774115,17.25,nan,0.0,0,0,35,0,0.0,1.0,34.0
375,1,right_lane,fixed,True,0.5,40,0,22.143957345971565,8.5,2.0,11.273253125367773,58.6783983551998,43.4283983551998,15.25,nan,0.0,0,0,40,0,9.0,1.0,30.0
376,1,right_lane,fixed,True,0.5,40,0,21.643957345971565,0.0,10.0,3.9368186471928084,62.3793983296861,42.62939832968609,19.75,nan,0.0,0,0,40,0,0.0,1.0,39.0
377,1,right_lane,fixed,True,0.5,40,0,21.01895733466685,0.0,13.0,4.295455603074515,61.63033173546696,41.63033173546696,20.0,nan,0.0,0,0,40,0,0.0,0.0,40.0
378,1,right_lane,fixed,True,0.5,40,0,21.143957345971046,2.0,12.0,8.32162885274738,60.578445772923814,41.828445772923814,18.75,nan,0.0,0,0,40,0,0.0,5.0,35.0
379,1,right_lane,fixed,True,0.5,32,1,22.21119666408947,4.0,11.5,8.922568886603017,48.577705139721054,34.82770513972104,13.75,nan,0.0,0,0,32,0,2.0,5.0,25.0
380,1,right_lane,fixed,True,0.5,40,0,22.14395734571614,3.5,14.0,9.097398875623185,61.17769022198918,43.42769022198918,17.75,nan,0.0,0,0,40,0,2.0,5.0,33.0
381,1,right_lane,fixed,True,0.5,40,0,21.76895734597105,0.0,1.5,3.449143830948742,62.579398329685276,42.82939832968526,19.75,nan,0.0,0,0,40,0,0.0,1.0,39.0
382,1,right_lane,fixed,True,0.5,40,0,23.893586055240853,30.5,1.0,30.427120247650464,50.47780438832959,46.22780438832959,4.25,nan,0.0,0,0,40,0,31.0,1.0,8.0
383,1,right_lane,fixed,True,0.5,40,0,23.89391331785423,2.0,8.5,6.98494135070905,64.72763439382173,46.22763439382173,18.5,nan,0.0,0,0,40,0,1.0,4.0,35.0
384,1,right_lane,fixed,True,0.5,40,0,21.268957345971565,6.5,7.5,10.28341045230627,58.27847106474142,42.028471064741424,16.25,nan,0.0,0,0,40,0,7.0,1.0,32.0
385,1,right_lane,fixed,True,0.5,40,0,24.89358615410515,1.5,5.0,4.2551900941880945,67.07904357611429,47.829043576114294,19.25,nan,0.0,0,0,40,0,0.0,3.0,37.0
386,1,right_lane,fixed,True,0.5,40,0,21.50249644062177,5.5,9.5,9.847011756151915,59.151942717612094,42.401942717612094,16.75,nan,0.0,0,0,40,0,5.0,3.0,32.0
387,1,right_lane,fixed,True,0.5,40,0,21.768957345971565,8.0,16.5,13.26548583805561,58.32804664955049,42.82804664955049,15.5,nan,0.0,0,0,40,0,8.0,2.0,30.0
388,1,right_lane,fixed,True,0.5,40,0,24.893957345771675,4.0,2.0,6.453362593518705,65.32867430740457,47.82867430740455,17.5,nan,0.0,0,0,40,0,3.0,4.0,33.0
389,1,right_lane,fixed,True,0.5,40,0,21.768957345971565,0.0,7.5,3.7407661620527506,62.830331753554496,42.830331753554496,20.0,nan,0.0,0,0,40,0,0.0,0.0,40.0
390,1,right_lane,fixed,True,0.5,16,1,22.23489336484608,0.5,5.0,2.4625881808860868,25.43033175350149,17.43033175350149,8.0,nan,0.0,0,0,16,0,0.0,0.0,16.0
391,1,right_lane,fixed,True,0.5,40,0,22.393957345971554,12.0,9.5,15.17613288780558,57.3293896590999,43.8293896590999,13.5,nan,0.0,0,0,40,0,9.0,8.0,23.0
392,1,right_lane,fixed,True,0.5,40,0,23.018957345971565,0.0,2.5,2.867010476930318,64.8303317535545,44.830331753554496,20.0,nan,0.0,0,0,40,0,0.0,0.0,40.0
393,1,right_lane,fixed,True,0.5,15,1,23.05055291742733,0.5,5.0,2.448672711524523,24.079397664643718,16.82939766464372,7.25,nan,0.0,0,0,15,0,0.0,1.0,14.0
394,1,right_lane,fixed,True,0.5,40,0,21.518957345971565,0.0,13.5,4.131515993763969,62.43033175355451,42.430331753554505,20.0,nan,0.0,0,0,40,0,0.0,0.0,40.0
395,1,right_lane,fixed,True,0.5,40,0,22.391417725133604,3.5,9.5,9.622909401543438,61.82438190749206,43.824381907492075,18.0,nan,0.0,0,0,40,0,0.0,8.0,32.0
396,1,right_lane,fixed,True,0.5,40,0,21.018957345971565,2.0,17.0,7.420127853751183,60.62937868612874,41.629378686128724,19.0,nan,0.0,0,0,40,0,0.0,4.0,36.0
397,1,right_lane,fixed,True,0.5,11,1,23.705296356619712,0.0,1.5,1.0073007923460864,17.879396311788888,12.629396311788888,5.25,nan,0.0,0,0,11,0,0.0,1.0,10.0
398,1,right_lane,fixed,True,0.5,40,0,22.643957345971565,4.5,8.0,8.459446793422103,61.478915674887986,44.22891567488797,17.25,nan,0.0,0,0,40,0,4.0,3.0,33.0
399,1,right_lane,fixed,True,0.5,40,0,21.143957345971565,0.0,12.0,6.196437008678913,61.57939832968609,41.8293983296861,19.75,nan,0.0,0,0,40,0,0.0,1.0,39.0
400,1,right_lane,fixed,True,0.5,40,0,21.518957345968165,0.0,17.0,5.2105308624454665,62.17939832968066,42.42939832968066,19.75,nan,0.0,0,0,40,0,0.0,1.0,39.0
401,1,right_lane,fixed,True,0.5,27,1,21.694751623661574,1.0,6.5,4.5762790610897355,41.57839910886089,28.828399108860893,12.75,nan,0.0,0,0,27,0,1.0,1.0,25.0
402,1,right_lane,fixed,True,0.5,40,0,20.268957345971565,0.0,2.0,4.18266499042511,60.430331753554505,40.430331753554505,20.0,nan,0.0,0,0,40,0,0.0,0.0,40.0
403,1,right_lane,fixed,True,0.5,40,0,23.768957345971565,8.5,4.0,11.566344753558951,61.27889399247154,46.02889399247154,15.25,nan,0.0,0,0,40,0,9.0,1.0,30.0
404,1,right_lane,fixed,True,0.5,40,0,24.768957345971565,17.5,4.0,19.783277422189713,58.37828032096211,47.628280320962105,10.75,nan,0.0,0,0,40,0,16.0,5.0,19.0
405,1,right_lane,fixed,True,0.5,40,0,20.268957345971565,0.0,19.5,5.434525176882744,60.179396514701764,40.42939651470176,19.75,nan,0.0,0,0,40,0,0.0,1.0,39.0
406,1,right_lane,fixed,True,0.5,40,0,21.125043292099726,0.0,0.0,2.637206044048071,61.80006926735957,41.80006926735956,20.0,nan,0.0,0,0,40,0,0.0,0.0,40.0
407,1,right_lane,fixed,True,0.5,40,0,21.018957345971565,0.0,1.5,3.2086086980998516,61.6303317535545,41.6303317535545,20.0,nan,0.0,0,0,40,0,0.0,0.0,40.0
408,1,right_lane,fixed,True,0.5,40,0,24.268957345971565,39.5,0.0,37.75744980573654,47.07893676640492,46.82893676640492,0.25,nan,0.0,0,0,40,0,39.0,1.0,0.0
409,1,right_lane,fixed,True,0.5,40,0,21.143957345971565,0.0,5.0,3.587154055227984,61.830331753554496,41.830331753554496,20.0,nan,0.0,0,0,40,0,0.0,0.0,40.0
410,1,right_lane,fixed,True,0.5,40,0,20.893957345971565,0.0,3.5,4.2657875762051845,61.17939766774182,41.42939766774183,19.75,nan,0.0,0,0,40,0,0.0,1.0,39.0
411,1,right_lane,fixed,True,0.5,40,0,23.250000750722027,0.0,4.5,2.753399336635539,65.20000120115525,45.200001201155246,20.0,nan,0.0,0,0,40,0,0.0,0.0,40.0
412,1,right_lane,fixed,True,0.5,40,0,21.643957345971565,0.0,1.0,4.042478843212848,62.379398329686104,42.629398329686104,19.75,nan,0.0,0,0,40,0,0.0,1.0,39.0
413,1,right_lane,fixed,True,0.5,40,0,22.393957345971565,0.0,0.0,0.5783292396063189,63.8303317535545,43.830331753554496,20.0,nan,0.0,0,0,40,0,0.0,0.0,40.0
414,1,right_lane,fixed,True,0.5,40,0,22.018957345971565,0.0,0.0,1.0295538588579802,62.979398329686106,43.22939832968609,19.75,nan,0.0,0,0,40,0,0.0,1.0,39.0
415,1,right_lane,fixed,True,0.5,40,0,21.268957345971565,3.5,1.5,7.221079842256813,59.77853680474925,42.028536804749244,17.75,nan,0.0,0,0,40,0,4.0,1.0,35.0
416,1,right_lane,fixed,True,0.5,40,0,23.518634297606013,3.0,5.0,6.043334216860103,63.62841366557114,45.62841366557114,18.0,nan,0.0,0,0,40,0,3.0,2.0,35.0
417,1,right_lane,fixed,True,0.5,40,0,20.393957345968165,0.0,7.5,3.8593891374766827,60.379396514696325,40.62939651469632,19.75,nan,0.0,0,0,40,0,0.0,1.0,39.0
418,1,right_lane,fixed,True,0.5,40,0,20.893957345971565,0.5,6.0,5.211450181901455,60.678398404340776,41.428398404340776,19.25,nan,0.0,0,0,40,0,1.0,1.0,38.0
419,1,right_lane,fixed,True,0.5,31,1,20.347041736737506,0.5,15.0,5.396142348647118,46.930331753554505,31.430331753554505,15.5,nan,0.0,0,0,31,0,0.0,0.0,31.0
420,1,right_lane,fixed,True,0.5,40,0,20.893957345971565,2.0,18.0,7.697436258196831,60.17805476100561,41.42805476100561,18.75,nan,0.0,0,0,40,0,0.0,5.0,35.0
421,1,right_lane,fixed,True,0.5,40,0,21.018957345971565,0.0,12.5,3.580839094996918,61.63033175355449,41.6303317535545,20.0,nan,0.0,0,0,40,0,0.0,0.0,40.0
422,1,right_lane,fixed,True,0.5,40,0,21.018957345971504,0.5,8.0,5.547093793749809,60.87839717648487,41.62839717648486,19.25,nan,0.0,0,0,40,0,1.0,1.0,38.0
423,1,right_lane,fixed,True,0.5,40,0,20.393957345971565,0.5,18.5,6.231988660991192,59.87839717648496,40.62839717648496,19.25,nan,0.0,0,0,40,0,1.0,1.0,38.0
424,1,right_lane,fixed,True,0.5,40,0,22.01895659544609,2.0,4.0,6.074483423762331,61.9784595804936,43.2284595804936,18.75,nan,0.0,0,0,40,0,0.0,5.0,35.0
425,1,right_lane,fixed,True,0.5,40,0,22.768957345971565,8.0,9.0,13.043893530964851,59.928915476616986,44.428915476616986,15.5,nan,0.0,0,0,40,0,8.0,2.0,30.0
426,1,right_lane,fixed,True,0.5,40,0,21.018957345971565,8.5,3.5,12.743450563400984,56.87844606188411,41.62844606188412,15.25,nan,0.0,0,0,40,0,2.0,15.0,23.0
427,1,right_lane,fixed,True,0.5,40,0,24.018957345971565,12.5,5.0,15.172920176759362,59.678893711187634,46.428893711187634,13.25,nan,0.0,0,0,40,0,13.0,1.0,26.0
428,1,right_lane,fixed,True,0.5,40,0,22.12749644062177,0.0,1.5,3.2657214530772762,63.40399430499484,43.40399430499483,20.0,nan,0.0,0,0,40,0,0.0,0.0,40.0
429,1,right_lane,fixed,True,0.5,40,0,21.768957345971565,40.0,0.0,37.07695358991623,42.8303317535545,42.8303317535545,0.0,nan,0.0,0,0,40,0,40.0,0.0,0.0
430,1,right_lane,fixed,True,0.5,40,0,21.768957345971565,8.5,5.0,11.579735469073057,58.078471046163436,42.82847104616344,15.25,nan,0.0,0,0,40,0,9.0,1.0,30.0
431,1,right_lane,fixed,True,0.5,40,0,20.875043292099726,6.5,4.5,9.686042381450534,57.65000013559729,41.40000013559729,16.25,nan,0.0,0,0,40,0,7.0,1.0,32.0
432,1,right_lane,fixed,True,0.5,40,0,22.018957345971565,6.5,1.0,9.645353734493256,59.47847394930154,43.228473949301545,16.25,nan,0.0,0,0,40,0,7.0,1.0,32.0
433,1,right_lane,fixed,True,0.5,40,0,21.643957345971565,0.0,13.5,4.776881140924161,62.379398329686104,42.629398329686104,19.75,nan,0.0,0,0,40,0,0.0,1.0,39.0
434,1,right_lane,fixed,True,0.5,40,0,23.768957345937984,0.0,2.0,2.9974387268316605,66.03033175350076,46.03033175350077,20.0,nan,0.0,0,0,40,0,0.0,0.0,40.0
435,1,right_lane,fixed,True,0.5,40,0,21.518951743818675,0.0,2.5,4.109433707798871,62.17938870429721,42.42938870429722,19.75,nan,0.0,0,0,40,0,0.0,1.0,39.0
436,1,right_lane,fixed,True,0.5,40,0,20.393957345971565,0.5,8.5,5.3957584872841835,59.87839717648496,40.62839717648496,19.25,nan,0.0,0,0,40,0,1.0,1.0,38.0
437,1,right_lane,fixed,True,0.5,40,0,21.393957345971565,0.0,12.0,4.662943640694721,62.23033175355451,42.23033175355451,20.0,nan,0.0,0,0,40,0,0.0,0.0,40.0
438,1,right_lane,fixed,True,0.5,40,0,20.89395733317816,0.0,11.5,4.534224025905132,61.43033173308505,41.43033173308505,20.0,nan,0.0,0,0,40,0,0.0,0.0,40.0
439,1,right_lane,fixed,True,0.5,40,0,20.268957345971565,0.0,9.0,4.806490398943424,60.179396514701764,40.42939651470176,19.75,nan,0.0,0,0,40,0,0.0,1.0,39.0
440,1,right_lane,fixed,True,0.5,40,0,21.143957345971565,0.5,12.5,5.9357096120438655,61.07839718118254,41.82839718118254,19.25,nan,0.0,0,0,40,0,1.0,1.0,38.0
441,1,right_lane,fixed,True,0.5,39,1,22.968161380483654,1.0,8.5,5.260221117944468,62.3783991088609,43.6283991088609,18.75,nan,0.0,0,0,39,0,1.0,1.0,37.0
442,1,right_lane,fixed,True,0.5,40,0,21.268957345971565,0.0,0.5,2.8648645284119993,62.0303317535545,42.0303317535545,20.0,nan,0.0,0,0,40,0,0.0,0.0,40.0
443,1,right_lane,fixed,True,0.5,13,1,22.75063798164691,0.5,2.0,1.6429434224155557,20.930331750456396,14.430331750456398,6.5,nan,0.0,0,0,13,0,0.0,0.0,13.0
444,1,right_lane,fixed,True,0.5,40,0,23.268957345971565,6.5,10.0,9.706052434611252,61.72797683393982,45.22797683393981,16.5,nan,0.0,0,0,40,0,5.0,4.0,31.0
445,1,right_lane,fixed,True,0.5,40,0,22.018957345971565,0.0,5.5,4.041938116866277,62.979397668430714,43.22939766843072,19.75,nan,0.0,0,0,40,0,0.0,1.0,39.0
446,1,right_lane,fixed,True,0.5,40,0,22.518957345971565,0.0,6.5,3.51525284571926,64.0303317535545,44.030331753554506,20.0,nan,0.0,0,0,40,0,0.0,0.0,40.0
447,1,right_lane,fixed,True,0.5,40,0,25.14395734425377,0.0,1.0,2.4453201285439263,68.23033175080603,48.230331750806045,20.0,nan,0.0,0,0,40,0,0.0,0.0,40.0
448,1,right_lane,fixed,True,0.5,40,0,21.768957334666844,0.0,1.0,4.062669751627254,62.579397649653586,42.82939764965359,19.75,nan,0.0,0,0,40,0,0.0,1.0,39.0
449,1,right_lane,fixed,True,0.5,40,0,20.393957345971565,0.0,4.5,4.850219830870628,60.37939766652045,40.62939766652045,19.75,nan,0.0,0,0,40,0,0.0,1.0,39.0
450,1,right_lane,fixed,True,0.5,40,0,21.643957345971565,0.0,5.0,4.0757094811522165,62.63033175355451,42.6303317535545,20.0,nan,0.0,0,0,40,0,0.0,0.0,40.0
451,1,right_lane,fixed,True,0.5,40,0,21.893957345971497,0.0,4.5,3.7446094160363828,63.0303317535544,43.03033175355439,20.0,nan,0.0,0,0,40,0,0.0,0.0,40.0
452,1,right_lane,fixed,True,0.5,40,0,20.393957345971565,0.0,20.5,5.163618840277195,60.37939766652045,40.62939766652045,19.75,nan,0.0,0,0,40,0,0.0,1.0,39.0
453,1,right_lane,fixed,True,0.5,40,0,23.143957345971565,5.5,2.0,7.1668067193822935,61.778893750560876,45.028893750560876,16.75,nan,0.0,0,0,40,0,6.0,1.0,33.0
454,1,right_lane,fixed,True,0.5,40,0,21.393957345971565,35.5,1.5,34.03388526290655,43.98033175355451,42.23033175355451,1.75,nan,0.0,0,0,40,0,36.0,1.0,3.0
455,1,right_lane,fixed,True,0.5,40,0,23.26895100608661,8.5,5.0,11.8826438112078,60.475016976646515,45.22501697664652,15.25,nan,0.0,0,0,40,0,8.0,3.0,29.0
456,1,right_lane,fixed,True,0.5,40,0,25.01895734596765,27.0,6.0,28.298671767115593,54.27735573028975,48.02735573028975,6.25,nan,0.0,0,0,40,0,25.0,5.0,10.0
457,1,right_lane,fixed,True,0.5,40,0,21.393957345971565,2.0,6.0,6.194094754755497,61.22937986089895,42.22937986089895,19.0,nan,0.0,0,0,40,0,0.0,4.0,36.0
458,1,right_lane,fixed,True,0.5,40,0,21.268957345971565,0.0,14.5,5.574440465590669,61.77939766652045,42.02939766652043,19.75,nan,0.0,0,0,40,0,0.0,1.0,39.0
459,1,right_lane,fixed,True,0.5,40,0,22.51895734596765,0.0,3.5,3.5711385748072644,64.03033175354824,44.030331753548246,20.0,nan,0.0,0,0,40,0,0.0,0.0,40.0
460,1,right_lane,fixed,True,0.5,40,0,21.768957345971565,7.0,7.5,11.23384469683333,58.82839910885996,42.82839910885997,16.0,nan,0.0,0,0,40,0,1.0,14.0,25.0
461,1,right_lane,fixed,True,0.5,40,0,22.768957345746298,11.5,8.5,15.24647931754589,58.17711895658311,44.42711895658311,13.75,nan,0.0,0,0,40,0,8.0,9.0,23.0
462,1,right_lane,fixed,True,0.5,40,0,21.143957345971565,0.0,1.5,4.155587203800678,61.8303317535545,41.83033175355451,20.0,nan,0.0,0,0,40,0,0.0,0.0,40.0
463,1,right_lane,fixed,True,0.5,40,0,20.750043292099726,1.0,8.0,4.598271198570728,60.94913872256238,41.19913872256238,19.75,nan,0.0,0,0,40,0,0.0,1.0,39.0
464,1,right_lane,fixed,True,0.5,40,0,22.268957345971494,2.0,11.0,6.578807154179913,62.37844525774253,43.62844525774251,18.75,nan,0.0,0,0,40,0,0.0,5.0,35.0
465,1,right_lane,fixed,True,0.5,40,0,20.643957345971565,0.0,0.5,2.5538926464287215,61.030331753554506,41.030331753554506,20.0,nan,0.0,0,0,40,0,0.0,0.0,40.0
466,1,right_lane,fixed,True,0.5,40,0,21.143957345971565,0.0,1.5,3.834146431508998,61.57939651911744,41.82939651911743,19.75,nan,0.0,0,0,40,0,0.0,1.0,39.0
467,1,right_lane,fixed,True,0.5,40,0,20.893957345971565,0.0,2.5,1.4877956709005957,61.430331753554505,41.430331753554505,20.0,nan,0.0,0,0,40,0,0.0,0.0,40.0
468,1,right_lane,fixed,True,0.5,40,0,23.122552552495204,6.5,4.5,10.188606531878577,61.243728286951516,44.99372828695152,16.25,nan,0.0,0,0,40,0,5.0,5.0,30.0
469,1,right_lane,fixed,True,0.5,40,0,21.018908464738125,7.0,9.0,11.548089697957039,58.12839696818825,41.62839696818825,16.5,nan,0.0,0,0,40,0,6.0,2.0,32.0
470,1,right_lane,fixed,True,0.5,40,0,22.268957345971565,0.0,1.0,3.5150466449322266,63.37939832968611,43.629398329686104,19.75,nan,0.0,0,0,40,0,0.0,1.0,39.0
471,1,right_lane,fixed,True,0.5,40,0,21.393957345971565,0.0,14.5,4.365160967246538,62.2303317535545,42.2303317535545,20.0,nan,0.0,0,0,40,0,0.0,0.0,40.0
472,1,right_lane,fixed,True,0.5,40,0,21.75249644062177,0.0,1.5,3.642422368298412,62.80399430499483,42.80399430499483,20.0,nan,0.0,0,0,40,0,0.0,0.0,40.0
473,1,right_lane,fixed,True,0.5,40,0,23.393957345971565,11.5,0.0,14.15559708327055,59.17837714353317,45.42837714353317,13.75,nan,0.0,0,0,40,0,12.0,1.0,27.0
474,1,right_lane,fixed,True,0.5,40,0,21.37749644062177,0.5,11.5,5.482326711060523,61.45206095448425,42.20206095448427,19.25,nan,0.0,0,0,40,0,1.0,1.0,38.0
475,1,right_lane,fixed,True,0.5,40,0,22.268956496581296,21.0,8.5,23.848803132772446,52.87681783858932,43.62681783858932,9.25,nan,0.0,0,0,40,0,18.0,7.0,15.0
476,1,right_lane,fixed,True,0.5,40,0,21.768957345971565,0.5,4.5,5.1087034669025115,62.07839910886089,42.8283991088609,19.25,nan,0.0,0,0,40,0,1.0,1.0,38.0
477,1,right_lane,fixed,True,0.5,40,0,21.018957345971565,0.0,9.5,4.10134513322555,61.63033175355449,41.6303317535545,20.0,nan,0.0,0,0,40,0,0.0,0.0,40.0
478,1,right_lane,fixed,True,0.5,40,0,23.768957345971565,0.5,1.0,4.316883289068301,65.2783984050733,46.028398405073304,19.25,nan,0.0,0,0,40,0,1.0,1.0,38.0
479,1,right_lane,fixed,True,0.5,11,1,26.43239401048844,11.0,0.0,10.73291164636612,13.830253364614917,13.830253364614917,0.0,nan,0.0,0,0,11,0,11.0,0.0,0.0
480,1,right_lane,fixed,True,0.5,40,0,24.01895659673534,0.0,3.0,3.8974066975116557,66.17939713090814,46.42939713090816,19.75,nan,0.0,0,0,40,0,0.0,1.0,39.0
481,1,right_lane,fixed,True,0.5,40,0,23.01895724878809,0.5,3.0,4.424351498239503,64.07839895336734,44.82839895336735,19.25,nan,0.0,0,0,40,0,1.0,1.0,38.0
482,1,right_lane,fixed,True,0.5,40,0,22.01859175625804,0.5,1.5,3.8670714658858287,62.47781416526715,43.227814165267155,19.25,nan,0.0,0,0,40,0,1.0,1.0,38.0
483,1,right_lane,fixed,True,0.5,40,0,21.768957345971565,0.0,4.0,3.656840891662796,62.83033175355449,42.83033175355449,20.0,nan,0.0,0,0,40,0,0.0,0.0,40.0
484,1,right_lane,fixed,True,0.5,40,0,22.518957345941836,0.0,3.5,3.144360999282071,63.77939832963854,44.02939832963854,19.75,nan,0.0,0,0,40,0,0.0,1.0,39.0
485,1,right_lane,fixed,True,0.5,40,0,21.768957260126378,0.0,0.5,2.6255737740184486,62.8303316162022,42.83033161620221,20.0,nan,0.0,0,0,40,0,0.0,0.0,40.0
486,1,right_lane,fixed,True,0.5,40,0,20.643957345971565,22.5,1.5,22.016813297312183,49.280331753554506,41.030331753554506,8.25,nan,0.0,0,0,40,0,23.0,1.0,16.0
487,1,right_lane,fixed,True,0.5,40,0,20.768957345971565,0.5,4.0,5.115336500108242,60.47839840434077,41.22839840434077,19.25,nan,0.0,0,0,40,0,1.0,1.0,38.0
488,1,right_lane,fixed,True,0.5,40,0,23.643957345971565,8.5,2.0,9.658300760529528,61.07868778917317,45.82868778917317,15.25,nan,0.0,0,0,40,0,7.0,5.0,28.0
489,1,right_lane,fixed,True,0.5,40,0,20.518957345971565,0.0,3.0,4.517185129225254,60.57939766652046,40.82939766652044,19.75,nan,0.0,0,0,40,0,0.0,1.0,39.0
490,1,right_lane,fixed,True,0.5,19,1,24.776752306770653,0.5,2.5,2.0510647717637767,32.130331753145704,22.630331753145697,9.5,nan,0.0,0,0,19,0,0.0,0.0,19.0
491,1,right_lane,fixed,True,0.5,40,0,21.518957345971565,0.0,8.0,3.970509467766533,62.17939832968611,42.4293983296861,19.75,nan,0.0,0,0,40,0,0.0,1.0,39.0
492,1,right_lane,fixed,True,0.5,40,0,21.643957345971565,0.0,7.5,3.652678518085395,62.63033175355451,42.6303317535545,20.0,nan,0.0,0,0,40,0,0.0,0.0,40.0
493,1,right_lane,fixed,True,0.5,40,0,23.268957345971565,8.0,6.5,11.178391023485574,60.7265960536011,45.22659605360109,15.5,nan,0.0,0,0,40,0,8.0,2.0,30.0
494,1,right_lane,fixed,True,0.5,40,0,22.768957345971565,0.0,9.5,3.6914938427707966,64.4303317535545,44.43033175355449,20.0,nan,0.0,0,0,40,0,0.0,0.0,40.0
495,1,right_lane,fixed,True,0.5,40,0,22.518957345971565,9.5,0.5,12.09195664525032,58.7783759102183,44.02837591021831,14.75,nan,0.0,0,0,40,0,10.0,1.0,29.0
496,1,right_lane,fixed,True,0.5,40,0,23.518957345971565,16.5,3.5,18.632329688756727,56.878072441673204,45.628072441673204,11.25,nan,0.0,0,0,40,0,14.0,7.0,19.0
497,1,right_lane,fixed,True,0.5,19,1,22.145173359939974,1.0,5.0,3.5191415354202036,29.37839910886077,20.62839910886077,8.75,nan,0.0,0,0,19,0,1.0,1.0,17.0
498,1,right_lane,fixed,True,0.5,40,0,21.518957345971565,0.5,14.0,5.332360731895278,61.678399108860894,42.428399108860894,19.25,nan,0.0,0,0,40,0,1.0,1.0,38.0
499,1,right_lane,fixed,True,0.5,40,0,22.268957345971554,9.0,8.5,13.943595874665334,58.87939388687016,43.629393886870176,15.25,nan,0.0,0,0,40,0,0.0,19.0,21.0
500,1,right_lane,fixed,True,0.5,28,1,20.38422477995938,0.5,13.5,5.036623254418373,42.430331753554505,28.430331753554505,14.0,nan,0.0,0,0,28,0,0.0,0.0,28.0
501,1,right_lane,fixed,True,0.5,40,0,22.268957345971565,0.0,0.0,3.0751189963957586,63.63033175355451,43.6303317535545,20.0,nan,0.0,0,0,40,0,0.0,0.0,40.0
502,1,right_lane,fixed,True,0.5,40,0,22.643957345971565,0.5,0.5,4.291273039576481,63.4783991088609,44.228399108860906,19.25,nan,0.0,0,0,40,0,1.0,1.0,38.0
503,1,right_lane,fixed,True,0.5,40,0,22.393957345971565,1.5,8.0,5.36182253442621,62.82870405918549,43.828704059185476,19.0,nan,0.0,0,0,40,0,0.0,4.0,36.0
504,1,right_lane,fixed,True,0.5,40,0,21.268957345971565,1.5,8.0,6.283859791474242,60.778399108860896,42.02839910886089,18.75,nan,0.0,0,0,40,0,2.0,1.0,37.0
505,1,right_lane,fixed,True,0.5,40,0,23.26858615410515,2.0,1.0,4.84725832318577,63.72711093142078,45.22711093142079,18.5,nan,0.0,0,0,40,0,1.0,4.0,35.0
506,1,right_lane,fixed,True,0.5,40,0,22.768957345971565,0.0,1.5,4.0053665142804675,64.17939832968611,44.4293983296861,19.75,nan,0.0,0,0,40,0,0.0,1.0,39.0
507,1,right_lane,fixed,True,0.5,40,0,21.643957345971565,2.0,13.0,6.6175875064977845,61.879398329686104,42.629398329686104,19.25,nan,0.0,0,0,40,0,0.0,3.0,37.0
508,1,right_lane,fixed,True,0.5,40,0,21.018957345971565,0.0,7.0,4.670009643270987,61.63033175355449,41.6303317535545,20.0,nan,0.0,0,0,40,0,0.0,0.0,40.0
509,1,right_lane,fixed,True,0.5,40,0,23.51895734597098,8.0,3.5,11.98723749754754,61.12777966018442,45.62777966018444,15.5,nan,0.0,0,0,40,0,7.0,4.0,29.0
510,1,right_lane,fixed,True,0.5,40,0,22.893957345971565,0.5,9.0,4.6664043068667524,63.87839910886088,44.62839910886088,19.25,nan,0.0,0,0,40,0,1.0,1.0,38.0
511,1,right_lane,fixed,True,0.5,40,0,20.393957345971565,0.0,7.5,4.724594362080097,60.37939766652045,40.62939766652045,19.75,nan,0.0,0,0,40,0,0.0,1.0,39.0
512,1,right_lane,fixed,True,0.5,40,0,20.393957345971565,0.0,3.5,4.758441597223282,60.37939766652045,40.62939766652045,19.75,nan,0.0,0,0,40,0,0.0,1.0,39.0
513,1,right_lane,fixed,True,0.5,40,0,21.768957345971565,0.0,16.5,4.9133449115324765,62.57939766843071,42.82939766843071,19.75,nan,0.0,0,0,40,0,0.0,1.0,39.0
514,1,right_lane,fixed,True,0.5,40,0,22.018957345971565,2.0,8.5,6.305420185096409,61.97868762820929,43.2286876282093,18.75,nan,0.0,0,0,40,0,0.0,5.0,35.0
515,1,right_lane,fixed,True,0.5,40,0,20.268957345971565,0.0,1.5,4.719928085803986,60.179396514701764,40.42939651470176,19.75,nan,0.0,0,0,40,0,0.0,1.0,39.0
516,1,right_lane,fixed,True,0.5,31,1,23.73413851093105,0.0,3.5,1.9047879430702324,50.87939766774116,35.629397667741145,15.25,nan,0.0,0,0,31,0,0.0,1.0,30.0
517,1,right_lane,fixed,True,0.5,40,0,23.018957345971565,11.5,0.5,14.626223027706146,58.578375910216444,44.828375910216444,13.75,nan,0.0,0,0,40,0,12.0,1.0,27.0
518,1,right_lane,fixed,True,0.5,29,1,23.129595170063716,2.0,4.5,4.324214189552777,46.379636126819236,32.62963612681923,13.75,nan,0.0,0,0,29,0,0.0,3.0,26.0
519,1,right_lane,fixed,True,0.5,40,0,22.268957345971565,3.0,8.5,7.457489910099866,61.62891743791033,43.628917437910324,18.0,nan,0.0,0,0,40,0,3.0,2.0,35.0
520,1,right_lane,fixed,True,0.5,40,0,21.518957345749705,6.5,6.0,10.304104246199131,58.67847106438644,42.42847106438645,16.25,nan,0.0,0,0,40,0,7.0,1.0,32.0
521,1,right_lane,fixed,True,0.5,40,0,22.393957344227953,3.0,2.0,6.58906837098948,61.827443753043006,43.827443753043006,18.0,nan,0.0,0,0,40,0,1.0,6.0,33.0
522,1,right_lane,fixed,True,0.5,40,0,22.768957345971565,0.5,13.5,5.413552368224259,63.67839840507332,44.42839840507331,19.25,nan,0.0,0,0,40,0,1.0,1.0,38.0
523,1,right_lane,fixed,True,0.5,40,0,21.643957345971565,0.0,15.0,4.694700092419225,62.63033175355451,42.6303317535545,20.0,nan,0.0,0,0,40,0,0.0,0.0,40.0
524,1,right_lane,fixed,True,0.5,26,1,24.452242070378137,8.0,4.0,9.933929646666002,39.62768378468772,30.627683784687722,9.0,nan,0.0,0,0,26,0,6.0,4.0,16.0
525,1,right_lane,fixed,True,0.5,40,0,23.768957345971565,16.5,0.0,18.784503370523453,57.27847104583558,46.02847104583557,11.25,nan,0.0,0,0,40,0,17.0,1.0,22.0
526,1,right_lane,fixed,True,0.5,40,0,21.518957345971508,2.0,2.0,5.486029468476772,61.42916612778058,42.42916612778058,19.0,nan,0.0,0,0,40,0,0.0,4.0,36.0
527,1,right_lane,fixed,True,0.5,40,0,25.393957334666847,14.5,3.5,16.651088025806985,60.878915402177086,48.628915402177086,12.25,nan,0.0,0,0,40,0,14.0,3.0,23.0
528,1,right_lane,fixed,True,0.5,40,0,22.106414695510452,34.5,0.5,33.18813365674919,45.62026055488274,43.37026055488274,2.25,nan,0.0,0,0,40,0,35.0,1.0,4.0
529,1,right_lane,fixed,True,0.5,40,0,20.268957345971565,0.0,17.5,5.179944984614849,60.430331753554505,40.430331753554505,20.0,nan,0.0,0,0,40,0,0.0,0.0,40.0
530,1,right_lane,fixed,True,0.5,20,1,24.287914691875834,0.5,0.0,2.015038814120544,33.17939832963227,23.429398329632274,9.75,nan,0.0,0,0,20,0,0.0,1.0,19.0
531,1,right_lane,fixed,True,0.5,40,0,22.643957345971565,0.0,7.0,3.7391215187187754,64.23033175355451,44.23033175355451,20.0,nan,0.0,0,0,40,0,0.0,0.0,40.0
532,1,right_lane,fixed,True,0.5,40,0,22.393957345971565,11.5,14.5,15.103411346673965,57.57852563917312,43.82852563917312,13.75,nan,0.0,0,0,40,0,12.0,1.0,27.0
533,1,right_lane,fixed,True,0.5,40,0,21.643957345971565,0.0,1.0,3.7151501129565077,62.63033175355449,42.6303317535545,20.0,nan,0.0,0,0,40,0,0.0,0.0,40.0
534,1,right_lane,fixed,True,0.5,40,0,25.768957344482807,13.0,1.0,14.654660578453331,62.22870244138183,49.22870244138184,13.0,nan,0.0,0,0,40,0,13.0,2.0,25.0
535,1,right_lane,fixed,True,0.5,40,0,20.518957345971565,0.0,5.0,4.581789744122943,60.57939766773994,40.82939766773995,19.75,nan,0.0,0,0,40,0,0.0,1.0,39.0
536,1,right_lane,fixed,True,0.5,40,0,20.393957345971565,0.0,3.5,3.3315935991704464,60.6303317535545,40.6303317535545,20.0,nan,0.0,0,0,40,0,0.0,0.0,40.0
537,1,right_lane,fixed,True,0.5,40,0,23.018957345971565,0.0,0.5,2.589238993640265,64.8303317535545,44.830331753554496,20.0,nan,0.0,0,0,40,0,0.0,0.0,40.0
538,1,right_lane,fixed,True,0.5,40,0,20.893957345971565,0.5,16.0,6.325300857424736,60.678399108808776,41.42839910880876,19.25,nan,0.0,0,0,40,0,1.0,1.0,38.0
539,1,right_lane,fixed,True,0.5,40,0,23.018957345971565,5.5,0.5,8.901398312930723,61.578915453789094,44.82891545378908,16.75,nan,0.0,0,0,40,0,5.0,3.0,32.0
540,1,right_lane,fixed,True,0.5,40,0,22.018957345971565,0.0,14.5,3.851232140926186,63.230331753554495,43.230331753554495,20.0,nan,0.0,0,0,40,0,0.0,0.0,40.0
541,1,right_lane,fixed,True,0.5,40,0,20.643957345971565,0.5,1.0,5.179387025535107,60.2783984043395,41.0283984043395,19.25,nan,0.0,0,0,40,0,1.0,1.0,38.0
542,1,right_lane,fixed,True,0.5,40,0,21.393957345971565,5.5,2.5,8.548761587486297,58.978398036317195,42.228398036317195,16.75,nan,0.0,0,0,40,0,6.0,1.0,33.0
543,1,right_lane,fixed,True,0.5,40,0,22.768957345971565,8.0,12.5,12.967381075024605,59.926060517303654,44.42606051730365,15.5,nan,0.0,0,0,40,0,6.0,6.0,28.0
544,1,right_lane,fixed,True,0.5,40,0,22.018957345937917,11.0,9.5,14.809978164732456,57.72827720639404,43.22827720639403,14.5,nan,0.0,0,0,40,0,9.0,4.0,27.0
545,1,right_lane,fixed,True,0.5,40,0,21.518957345971565,0.0,1.5,3.8696278539209743,62.430331753554505,42.430331753554505,20.0,nan,0.0,0,0,40,0,0.0,0.0,40.0
546,1,right_lane,fixed,True,0.5,40,0,21.268957345971565,13.5,11.5,16.75880827754736,54.78033175045026,42.03033175045026,12.75,nan,0.0,0,0,40,0,14.0,1.0,25.0
547,1,right_lane,fixed,True,0.5,40,0,23.018957345971565,0.0,4.0,2.322658863478864,64.57939766843072,44.829397668430715,19.75,nan,0.0,0,0,40,0,0.0,1.0,39.0
548,1,right_lane,fixed,True,0.5,40,0,21.018957345941832,0.0,2.0,4.024857494980097,61.379396514654196,41.62939651465418,19.75,nan,0.0,0,0,40,0,0.0,1.0,39.0
549,1,right_lane,fixed,True,0.5,40,0,21.141789654732086,0.5,2.5,4.61955731920898,61.074930802877724,41.824930802877724,19.25,nan,0.0,0,0,40,0,1.0,1.0,38.0
550,1,right_lane,fixed,True,0.5,40,0,22.143957345971565,0.0,1.5,3.1225707073645026,63.1793983296861,43.42939832968611,19.75,nan,0.0,0,0,40,0,0.0,1.0,39.0
551,1,right_lane,fixed,True,0.5,40,0,21.643957345971494,0.0,2.0,3.3786100900315432,62.6303317535544,42.630331753554394,20.0,nan,0.0,0,0,40,0,0.0,0.0,40.0
552,1,right_lane,fixed,True,0.5,40,0,21.6417895688869,0.0,6.5,3.644632881416328,62.37592922440447,42.62592922440446,19.75,nan,0.0,0,0,40,0,0.0,1.0,39.0
553,1,right_lane,fixed,True,0.5,40,0,21.518919754889087,0.0,7.0,4.111419150491201,62.43027160782254,42.43027160782254,20.0,nan,0.0,0,0,40,0,0.0,0.0,40.0
554,1,right_lane,fixed,True,0.5,31,1,22.60510625286653,0.5,4.0,3.3446189323658473,49.7303317535545,34.2303317535545,15.5,nan,0.0,0,0,31,0,0.0,0.0,31.0
555,1,right_lane,fixed,True,0.5,40,0,20.766181149084478,0.0,14.5,4.500134498252805,61.22588983853517,41.22588983853517,20.0,nan,0.0,0,0,40,0,0.0,0.0,40.0
556,1,right_lane,fixed,True,0.5,40,0,22.50032874938229,5.5,1.5,8.997633776344173,60.748571395306136,43.99857139530614,16.75,nan,0.0,0,0,40,0,6.0,1.0,33.0
557,1,right_lane,fixed,True,0.5,40,0,21.268957247332974,0.0,3.0,3.1622914319050324,62.03033159573277,42.03033159573277,20.0,nan,0.0,0,0,40,0,0.0,0.0,40.0
558,1,right_lane,fixed,True,0.5,40,0,22.143957345971565,0.5,6.5,4.849262198638826,62.678398404340754,43.42839840434077,19.25,nan,0.0,0,0,40,0,1.0,1.0,38.0
559,1,right_lane,fixed,True,0.5,40,0,22.768957345971565,3.5,11.0,8.120266731437823,62.177558154485894,44.427558154485894,17.75,nan,0.0,0,0,40,0,3.0,3.0,34.0
560,1,right_lane,fixed,True,0.5,40,0,21.018957345971565,0.5,2.0,5.011293917894363,60.87839840434149,41.628398404341496,19.25,nan,0.0,0,0,40,0,1.0,1.0,38.0
561,1,right_lane,fixed,True,0.5,18,1,23.653238517670847,0.5,5.0,3.268649277571967,28.87839838424181,20.62839838424181,8.25,nan,0.0,0,0,18,0,1.0,1.0,16.0
562,1,right_lane,fixed,True,0.5,40,0,25.393951547804928,0.5,1.5,3.5589017903384956,67.8783898317943,48.62838983179429,19.25,nan,0.0,0,0,40,0,1.0,1.0,38.0
563,1,right_lane,fixed,True,0.5,40,0,22.268957345971565,0.5,16.5,6.152251164425252,62.8783991088609,43.628399108860904,19.25,nan,0.0,0,0,40,0,1.0,1.0,38.0
564,1,right_lane,fixed,True,0.5,40,0,20.268957345971565,0.0,17.5,5.303548708558083,60.430331753554505,40.430331753554505,20.0,nan,0.0,0,0,40,0,0.0,0.0,40.0
565,1,right_lane,fixed,True,0.5,40,0,21.643957345971565,0.0,1.5,3.7289030987194565,62.6303317535545,42.6303317535545,20.0,nan,0.0,0,0,40,0,0.0,0.0,40.0
566,1,right_lane,fixed,True,0.5,40,0,20.893957345971565,0.0,9.0,4.654977166474964,61.17939766652044,41.429397666520444,19.75,nan,0.0,0,0,40,0,0.0,1.0,39.0
567,1,right_lane,fixed,True,0.5,40,0,21.141138607735993,0.0,12.0,5.639890755703959,61.825821772377594,41.825821772377594,20.0,nan,0.0,0,0,40,0,0.0,0.0,40.0
568,1,right_lane,fixed,True,0.5,40,0,20.268957345971565,12.0,3.0,14.806199096143246,54.429396514701764,40.42939651470176,14.0,nan,0.0,0,0,40,0,0.0,24.0,16.0
569,1,right_lane,fixed,True,0.5,40,0,21.76891480462308,0.0,2.5,1.6514686144964799,62.83026368739694,42.83026368739693,20.0,nan,0.0,0,0,40,0,0.0,0.0,40.0
570,1,right_lane,fixed,True,0.5,40,0,24.393957345971565,0.0,5.5,2.8606082456522017,67.0303317535545,47.03033175355449,20.0,nan,0.0,0,0,40,0,0.0,0.0,40.0
571,1,right_lane,fixed,True,0.5,40,0,24.51895734406498,11.0,1.5,13.552973488825955,61.478209230635066,47.228209230635066,14.25,nan,0.0,0,0,40,0,9.0,5.0,26.0
572,1,right_lane,fixed,True,0.5,40,0,24.268957345941764,8.5,5.5,11.514871297923719,62.57745340417808,46.827453404178065,15.75,nan,0.0,0,0,40,0,7.0,3.0,30.0
573,1,right_lane,fixed,True,0.5,40,0,22.0189573329529,7.0,7.0,9.154133025890587,59.7303277508751,43.2303277508751,16.5,nan,0.0,0,0,40,0,0.0,14.0,26.0
574,1,right_lane,fixed,True,0.5,40,0,23.250043292099726,0.0,1.0,3.0190481642212035,64.94913584349115,45.199135843491156,19.75,nan,0.0,0,0,40,0,0.0,1.0,39.0
575,1,right_lane,fixed,True,0.5,40,0,21.643957345971565,0.0,5.0,3.6364120352372993,62.379398329686104,42.62939832968609,19.75,nan,0.0,0,0,40,0,0.0,1.0,39.0
576,1,right_lane,fixed,True,0.5,40,0,24.268957345971565,16.5,11.5,20.7348340600729,58.07827991103793,46.82827991103793,11.25,nan,0.0,0,0,40,0,16.0,3.0,21.0
577,1,right_lane,fixed,True,0.5,40,0,23.018950896143302,2.0,2.0,4.982514047629593,63.57867912349788,44.828679123497864,18.75,nan,0.0,0,0,40,0,0.0,5.0,35.0
578,1,right_lane,fixed,True,0.5,40,0,20.393957345971565,0.0,14.0,4.554958872497082,60.6303317535545,40.6303317535545,20.0,nan,0.0,0,0,40,0,0.0,0.0,40.0
579,1,right_lane,fixed,True,0.5,40,0,21.893957345971565,3.0,2.0,6.4205500185489655,61.02868925285733,43.028689252857326,18.0,nan,0.0,0,0,40,0,1.0,6.0,33.0
580,1,right_lane,fixed,True,0.5,40,0,22.268957345971565,0.0,13.5,4.586008361540735,63.37939832968612,43.62939832968611,19.75,nan,0.0,0,0,40,0,0.0,1.0,39.0
581,1,right_lane,fixed,True,0.5,40,0,21.76613860773599,0.0,0.5,3.4269183464348316,62.82582177237759,42.825821772377594,20.0,nan,0.0,0,0,40,0,0.0,0.0,40.0
582,1,right_lane,fixed,True,0.5,40,0,22.98104350364404,7.0,3.0,10.10364648940481,60.767045577757024,44.767045577757024,16.0,nan,0.0,0,0,40,0,1.0,14.0,25.0
583,1,right_lane,fixed,True,0.5,40,0,23.393957345971565,0.0,8.5,4.033958035455726,65.17939832968611,45.4293983296861,19.75,nan,0.0,0,0,40,0,0.0,1.0,39.0
584,1,right_lane,fixed,True,0.5,40,0,22.018957345971565,0.0,5.5,3.8212508258338858,63.2303317535545,43.2303317535545,20.0,nan,0.0,0,0,40,0,0.0,0.0,40.0
585,1,right_lane,fixed,True,0.5,11,1,25.5234577972102,0.5,2.5,1.6816363334655762,18.930321430772487,13.430321430772489,5.5,nan,0.0,0,0,11,0,0.0,0.0,11.0
586,1,right_lane,fixed,True,0.5,40,0,23.393957345971565,13.5,5.0,16.73170567303896,58.17839802984675,45.42839802984675,12.75,nan,0.0,0,0,40,0,14.0,1.0,25.0
587,1,right_lane,fixed,True,0.5,40,0,22.500043292099726,0.0,1.0,3.0380529956273676,64.00006926735956,44.00006926735954,20.0,nan,0.0,0,0,40,0,0.0,0.0,40.0
588,1,right_lane,fixed,True,0.5,40,0,21.643957345970982,2.0,7.0,6.580159351229668,61.37868878127719,42.628688781277205,18.75,nan,0.0,0,0,40,0,0.0,5.0,35.0
589,1,right_lane,fixed,True,0.5,40,0,21.143957345971565,5.0,9.0,9.30060505932488,58.82673087104093,41.82673087104093,17.0,nan,0.0,0,0,40,0,5.0,2.0,33.0
590,1,right_lane,fixed,True,0.5,10,1,22.075828988428814,0.5,2.0,1.833753578364849,15.579397509556964,10.829397509556964,4.75,nan,0.0,0,0,10,0,0.0,1.0,9.0
591,1,right_lane,fixed,True,0.5,40,0,22.518957345971565,0.0,4.5,3.8723058860459787,63.7793983296861,44.02939832968611,19.75,nan,0.0,0,0,40,0,0.0,1.0,39.0
592,1,right_lane,fixed,True,0.5,40,0,22.393957345716583,6.5,3.5,9.972380714820247,60.32776480943081,43.82776480943081,16.5,nan,0.0,0,0,40,0,5.0,4.0,31.0
593,1,right_lane,fixed,True,0.5,40,0,20.483867844032495,0.0,9.0,4.897973653194867,60.774188550452,40.774188550451996,20.0,nan,0.0,0,0,40,0,0.0,0.0,40.0
594,1,right_lane,fixed,True,0.5,40,0,22.018957345971565,11.0,6.0,13.982310746388976,57.22804669166885,43.22804669166886,14.0,nan,0.0,0,0,40,0,11.0,2.0,27.0
595,1,right_lane,fixed,True,0.5,40,0,23.518957247332974,5.5,3.0,8.868950587281233,62.37891501699278,45.62891501699277,16.75,nan,0.0,0,0,40,0,5.0,3.0,32.0
596,1,right_lane,fixed,True,0.5,40,0,21.391504197445165,0.0,1.5,2.8088691575394478,62.22640671591227,42.22640671591227,20.0,nan,0.0,0,0,40,0,0.0,0.0,40.0
597,1,right_lane,fixed,True,0.5,40,0,20.268957345971565,0.0,3.0,4.5082003101706505,60.430331753554505,40.430331753554505,20.0,nan,0.0,0,0,40,0,0.0,0.0,40.0
598,1,right_lane,fixed,True,0.5,40,0,20.75032874938229,0.0,6.0,3.682616028934717,61.20052599901167,41.20052599901167,20.0,nan,0.0,0,0,40,0,0.0,0.0,40.0
599,1,right_lane,fixed,True,0.5,40,0,23.62500000171446,9.0,6.0,10.962207977161597,61.79907849191587,45.79907849191586,16.0,nan,0.0,0,0,40,0,7.0,2.0,31.0
600,1,right_lane,fixed,True,0.5,40,0,22.268957345971565,10.5,5.5,13.799992673099041,57.878471045841266,43.628471045841266,14.25,nan,0.0,0,0,40,0,11.0,1.0,28.0
601,1,right_lane,fixed,True,0.5,40,0,20.643957345971565,0.0,9.0,4.856747053563595,60.77939766774115,41.02939766774115,19.75,nan,0.0,0,0,40,0,0.0,1.0,39.0
602,1,right_lane,fixed,True,0.5,40,0,20.518957345971565,0.0,8.0,4.629748225212097,60.57939766773994,40.82939766773995,19.75,nan,0.0,0,0,40,0,0.0,1.0,39.0
603,1,right_lane,fixed,True,0.5,40,0,21.268951657973492,0.5,11.5,5.713343918323517,61.27838807568805,42.02838807568805,19.25,nan,0.0,0,0,40,0,1.0,1.0,38.0
604,1,right_lane,fixed,True,0.5,40,0,21.518957345971565,0.0,7.5,3.8839896171641612,62.17939832968611,42.42939832968611,19.75,nan,0.0,0,0,40,0,0.0,1.0,39.0
605,1,right_lane,fixed,True,0.5,40,0,23.643957345971565,11.5,1.0,13.862190312473103,59.57847393220438,45.82847393220438,13.75,nan,0.0,0,0,40,0,12.0,1.0,27.0
606,1,right_lane,fixed,True,0.5,40,0,21.018956694084615,2.5,4.0,6.369405150413513,59.878396133465834,41.62839613346583,18.25,nan,0.0,0,0,40,0,3.0,1.0,36.0
607,1,right_lane,fixed,True,0.5,40,0,21.14178965469902,0.0,1.5,4.3158711567521095,61.57592936170388,41.825929361703885,19.75,nan,0.0,0,0,40,0,0.0,1.0,39.0
608,1,right_lane,fixed,True,0.5,40,0,21.018957345971565,0.0,1.0,3.5249043970834464,61.630331753554515,41.63033175355451,20.0,nan,0.0,0,0,40,0,0.0,0.0,40.0
609,1,right_lane,fixed,True,0.5,40,0,20.768957345971565,0.0,6.5,4.494255848228931,61.23033175355451,41.2303317535545,20.0,nan,0.0,0,0,40,0,0.0,0.0,40.0
610,1,right_lane,fixed,True,0.5,40,0,20.627496354776582,0.0,13.0,5.006317727267742,60.75306008060848,41.00306008060848,19.75,nan,0.0,0,0,40,0,0.0,1.0,39.0
611,1,right_lane,fixed,True,0.5,17,1,24.75048784170969,7.5,3.5,8.898393034934998,24.728668989652725,20.22866898965273,4.5,nan,0.0,0,0,17,0,7.0,2.0,8.0
612,1,right_lane,fixed,True,0.5,40,0,22.518957345971565,0.5,4.5,4.627024267060733,63.27839840434077,44.028398404340784,19.25,nan,0.0,0,0,40,0,1.0,1.0,38.0
613,1,right_lane,fixed,True,0.5,40,0,23.375043292099726,6.0,5.0,9.409994869141883,61.89865296562538,45.39865296562537,16.5,nan,0.0,0,0,40,0,6.0,2.0,32.0
614,1,right_lane,fixed,True,0.5,40,0,22.018957345971508,0.5,9.5,4.875998673043341,62.47839840434067,43.22839840434068,19.25,nan,0.0,0,0,40,0,1.0,1.0,38.0
615,1,right_lane,fixed,True,0.5,40,0,22.893957345971565,9.0,5.5,12.71974277280242,59.628030790665704,44.62803079066569,15.0,nan,0.0,0,0,40,0,9.0,2.0,29.0
616,1,right_lane,fixed,True,0.5,40,0,21.268957345971565,0.0,0.5,3.4441350558772683,61.77939766774115,42.02939766774115,19.75,nan,0.0,0,0,40,0,0.0,1.0,39.0
617,1,right_lane,fixed,True,0.5,40,0,22.125005701017248,5.5,5.0,9.46958874088159,60.648382952628296,43.398382952628296,17.25,nan,0.0,0,0,40,0,0.0,11.0,29.0
618,1,right_lane,fixed,True,0.5,40,0,20.893957345971565,0.0,6.5,2.309462251257173,61.17939766774182,41.42939766774183,19.75,nan,0.0,0,0,40,0,0.0,1.0,39.0
619,1,right_lane,fixed,True,0.5,40,0,22.018957344286836,0.5,2.0,4.3469961951605,62.478398401645926,43.22839840164593,19.25,nan,0.0,0,0,40,0,1.0,1.0,38.0
620,1,right_lane,fixed,True,0.5,40,0,22.64395239570556,0.0,2.0,2.8139140322650746,63.979390409260496,44.229390409260496,19.75,nan,0.0,0,0,40,0,0.0,1.0,39.0
621,1,right_lane,fixed,True,0.5,40,0,20.875328749382287,0.0,4.0,3.5399198457598686,61.40052599901167,41.40052599901167,20.0,nan,0.0,0,0,40,0,0.0,0.0,40.0
622,1,right_lane,fixed,True,0.5,12,1,20.896524486472774,0.5,6.0,2.6665483117103577,18.17939651465419,12.429396514654192,5.75,nan,0.0,0,0,12,0,0.0,1.0,11.0
623,1,right_lane,fixed,True,0.5,40,0,23.750043292099726,4.0,6.5,6.7195072353542855,64.4991477576684,45.99914775766838,18.5,nan,0.0,0,0,40,0,2.0,2.0,36.0
624,1,right_lane,fixed,True,0.5,40,0,20.768957345971565,0.0,1.5,3.00506670383038,61.2303317535545,41.230331753554495,20.0,nan,0.0,0,0,40,0,0.0,0.0,40.0
625,1,right_lane,fixed,True,0.5,40,0,21.143634297606518,0.0,0.5,3.6080058589577675,61.57888079035775,41.828880790357765,19.75,nan,0.0,0,0,40,0,0.0,1.0,39.0
626,1,right_lane,fixed,True,0.5,40,0,21.643957345971565,2.0,12.5,6.983206053861068,61.37846062593316,42.62846062593316,18.75,nan,0.0,0,0,40,0,0.0,5.0,35.0
627,1,right_lane,fixed,True,0.5,40,0,23.641461004214086,0.0,0.5,3.054069085039373,65.82633760674254,45.82633760674255,20.0,nan,0.0,0,0,40,0,0.0,0.0,40.0
628,1,right_lane,fixed,True,0.5,40,0,22.893957345971565,14.0,9.0,19.01228901743889,57.126447833190774,44.62644783319078,12.5,nan,0.0,0,0,40,0,8.0,14.0,18.0
629,1,right_lane,fixed,True,0.5,40,0,24.268957345971565,9.5,3.5,11.400582900118025,61.578915355338935,46.82891535533892,14.75,nan,0.0,0,0,40,0,8.0,5.0,27.0
630,1,right_lane,fixed,True,0.5,40,0,21.393957344257622,0.0,3.0,3.6749201267957687,62.23033175081219,42.23033175081219,20.0,nan,0.0,0,0,40,0,0.0,0.0,40.0
631,1,right_lane,fixed,True,0.5,40,0,20.268957345971565,0.0,5.0,4.778715670108795,60.430331753554505,40.430331753554505,20.0,nan,0.0,0,0,40,0,0.0,0.0,40.0
632,1,right_lane,fixed,True,0.5,40,0,21.143957345971565,0.0,7.5,3.6308152084238827,61.830331753554496,41.83033175355451,20.0,nan,0.0,0,0,40,0,0.0,0.0,40.0
633,1,right_lane,fixed,True,0.5,40,0,21.393957345971565,1.5,4.0,5.532932724803686,61.22870339490531,42.22870339490532,19.0,nan,0.0,0,0,40,0,0.0,4.0,36.0
634,1,right_lane,fixed,True,0.5,40,0,21.018957345971565,7.5,0.5,9.845911178333154,57.62839840434077,41.62839840434077,16.0,nan,0.0,0,0,40,0,1.0,14.0,25.0
635,1,right_lane,fixed,True,0.5,40,0,21.518957345971565,0.5,0.0,4.486343559779925,61.67839840507327,42.42839840507327,19.25,nan,0.0,0,0,40,0,1.0,1.0,38.0
636,1,right_lane,fixed,True,0.5,40,0,23.018950896143306,10.0,12.5,15.03376717120409,59.575718870875605,44.825718870875605,14.75,nan,0.0,0,0,40,0,6.0,9.0,25.0
637,1,right_lane,fixed,True,0.5,40,0,21.518957345971565,0.0,12.0,4.565597507394159,62.17939832968611,42.4293983296861,19.75,nan,0.0,0,0,40,0,0.0,1.0,39.0
638,1,right_lane,fixed,True,0.5,40,0,22.393957345971565,4.0,0.0,7.027613584269602,61.82844883501846,43.82844883501846,18.0,nan,0.0,0,0,40,0,0.0,8.0,32.0
639,1,right_lane,fixed,True,0.5,40,0,23.393957345971565,0.0,9.0,4.68551595708027,65.4303317535545,45.4303317535545,20.0,nan,0.0,0,0,40,0,0.0,0.0,40.0
640,1,right_lane,fixed,True,0.5,40,0,21.893957345971565,0.0,0.5,3.448627403951832,63.0303317535545,43.03033175355451,20.0,nan,0.0,0,0,40,0,0.0,0.0,40.0
641,1,right_lane,fixed,True,0.5,40,0,21.768957345749698,0.0,11.0,3.5642340741469525,62.83033175319954,42.83033175319953,20.0,nan,0.0,0,0,40,0,0.0,0.0,40.0
642,1,right_lane,fixed,True,0.5,40,0,20.393957345971565,0.5,3.5,5.312482409179211,59.87839717648496,40.62839717648496,19.25,nan,0.0,0,0,40,0,1.0,1.0,38.0
643,1,right_lane,fixed,True,0.5,22,1,20.71628608358466,0.5,9.0,3.552381545305252,33.6303317535545,22.6303317535545,11.0,nan,0.0,0,0,22,0,0.0,0.0,22.0
644,1,right_lane,fixed,True,0.5,40,0,22.143957345971565,0.0,7.0,3.7939607114508362,63.4303317535545,43.430331753554505,20.0,nan,0.0,0,0,40,0,0.0,0.0,40.0
645,1,right_lane,fixed,True,0.5,40,0,21.518957345971565,0.0,10.0,4.401993490755558,62.43033175355449,42.430331753554505,20.0,nan,0.0,0,0,40,0,0.0,0.0,40.0
646,1,right_lane,fixed,True,0.5,40,0,21.643957345971565,0.5,1.5,4.024686622258741,61.8783991088609,42.62839910886089,19.25,nan,0.0,0,0,40,0,1.0,1.0,38.0
647,1,right_lane,fixed,True,0.5,19,1,21.35569967572959,1.0,4.0,3.6569513082504272,28.778398404339484,20.028398404339484,8.75,nan,0.0,0,0,19,0,1.0,1.0,17.0
648,1,right_lane,fixed,True,0.5,40,0,20.393957345971565,0.0,1.5,4.359543889760971,60.6303317535545,40.6303317535545,20.0,nan,0.0,0,0,40,0,0.0,0.0,40.0
649,1,right_lane,fixed,True,0.5,28,1,21.991367637102233,5.0,9.5,8.269991725683212,41.47837719018636,30.22837719018635,11.25,nan,0.0,0,0,28,0,5.0,1.0,22.0
650,1,right_lane,fixed,True,0.5,40,0,20.768957345971565,0.0,12.5,4.468772804740183,60.97939766773993,41.22939766773994,19.75,nan,0.0,0,0,40,0,0.0,1.0,39.0
651,1,right_lane,fixed,True,0.5,40,0,20.643957345971565,0.0,0.5,2.291254583746195,61.0303317535545,41.030331753554506,20.0,nan,0.0,0,0,40,0,0.0,0.0,40.0
652,1,right_lane,fixed,True,0.5,9,1,20.639810418920465,0.5,4.0,1.889560341835022,13.730331750811368,9.23033175081137,4.5,nan,0.0,0,0,9,0,0.0,0.0,9.0
653,1,right_lane,fixed,True,0.5,40,0,21.518957345971565,0.5,4.5,5.060825445011233,61.678399108860894,42.428399108860894,19.25,nan,0.0,0,0,40,0,1.0,1.0,38.0
654,1,right_lane,fixed,True,0.5,40,0,22.127496440621773,0.0,6.5,4.457013043663437,63.153060219181484,43.40306021918147,19.75,nan,0.0,0,0,40,0,0.0,1.0,39.0
655,1,right_lane,fixed,True,0.5,40,0,23.268957345971565,0.0,0.5,2.94491654203739,65.23033175355451,45.2303317535545,20.0,nan,0.0,0,0,40,0,0.0,0.0,40.0
656,1,right_lane,fixed,True,0.5,40,0,21.643957345971565,0.0,14.5,4.159413253611831,62.630331753554515,42.63033175355451,20.0,nan,0.0,0,0,40,0,0.0,0.0,40.0
657,1,right_lane,fixed,True,0.5,40,0,21.2689573459715,0.0,4.5,3.805433437228203,62.03033175355437,42.03033175355438,20.0,nan,0.0,0,0,40,0,0.0,0.0,40.0
658,1,right_lane,fixed,True,0.5,40,0,20.768957345971565,0.5,0.5,3.8636399507522583,60.47839840434077,41.22839840434077,19.25,nan,0.0,0,0,40,0,1.0,1.0,38.0
659,1,right_lane,fixed,True,0.5,40,0,21.768957345971565,9.5,5.5,13.226427808403969,57.578398403031095,42.828398403031095,14.75,nan,0.0,0,0,40,0,10.0,1.0,29.0
660,1,right_lane,fixed,True,0.5,40,0,21.375043292099726,0.5,1.0,4.031486334518377,61.44813591685381,42.198135916853815,19.25,nan,0.0,0,0,40,0,1.0,1.0,38.0
661,1,right_lane,fixed,True,0.5,28,1,21.991367637102233,0.5,6.5,3.936963672067577,44.2303317535545,30.230331753554495,14.0,nan,0.0,0,0,28,0,0.0,0.0,28.0
662,1,right_lane,fixed,True,0.5,40,0,21.516466606363643,0.0,2.5,4.1463319605682045,62.17541314631342,42.42541314631343,19.75,nan,0.0,0,0,40,0,0.0,1.0,39.0
663,1,right_lane,fixed,True,0.5,40,0,24.233539107669312,7.5,4.0,10.628274783965026,62.522224529568106,46.7722245295681,15.75,nan,0.0,0,0,40,0,8.0,1.0,31.0
664,1,right_lane,fixed,True,0.5,30,1,22.025276461295416,0.0,6.0,2.046260257938684,47.4303317535545,32.430331753554505,15.0,nan,0.0,0,0,30,0,0.0,0.0,30.0
665,1,right_lane,fixed,True,0.5,40,0,22.768957345967653,12.5,4.0,15.449672061949968,57.68025352098969,44.43025352098969,13.25,nan,0.0,0,0,40,0,13.0,1.0,26.0
666,1,right_lane,fixed,True,0.5,40,0,20.518957345971565,0.0,2.0,4.295720249414444,60.57939766773994,40.82939766773995,19.75,nan,0.0,0,0,40,0,0.0,1.0,39.0
667,1,right_lane,fixed,True,0.5,17,1,20.632840814050734,0.5,7.0,2.726855419576168,25.930331753554505,17.430331753554505,8.5,nan,0.0,0,0,17,0,0.0,0.0,17.0
668,1,right_lane,fixed,True,0.5,40,0,20.893957345971565,0.0,14.0,4.755355097353458,61.17939766774115,41.42939766774115,19.75,nan,0.0,0,0,40,0,0.0,1.0,39.0
669,1,right_lane,fixed,True,0.5,40,0,23.268952382716115,0.0,4.5,3.8073621851076496,64.97938972653245,45.22938972653242,19.75,nan,0.0,0,0,40,0,0.0,1.0,39.0
670,1,right_lane,fixed,True,0.5,40,0,20.643957345971565,8.5,9.5,12.148929975926876,56.28026627256791,41.03026627256791,15.25,nan,0.0,0,0,40,0,8.0,3.0,29.0
671,1,right_lane,fixed,True,0.5,40,0,22.266461004214154,0.0,1.0,3.8185767331196985,63.375402367889905,43.625402367889905,19.75,nan,0.0,0,0,40,0,0.0,1.0,39.0
672,1,right_lane,fixed,True,0.5,40,0,22.143956694084682,0.0,5.0,3.3001385234492773,63.43033071053549,43.4303307105355,20.0,nan,0.0,0,0,40,0,0.0,0.0,40.0
673,1,right_lane,fixed,True,0.5,40,0,21.018957345971565,0.0,3.5,4.2248934581293724,61.37939766774114,41.629397667741145,19.75,nan,0.0,0,0,40,0,0.0,1.0,39.0
674,1,right_lane,fixed,True,0.5,40,0,20.268957345971565,0.0,14.0,4.917589534074068,60.179396514701764,40.42939651470176,19.75,nan,0.0,0,0,40,0,0.0,1.0,39.0
675,1,right_lane,fixed,True,0.5,40,0,22.768957345971565,10.5,2.0,13.729209817945957,58.67837591021666,44.42837591021666,14.25,nan,0.0,0,0,40,0,11.0,1.0,28.0
676,1,right_lane,fixed,True,0.5,40,0,21.39395734426102,0.0,10.5,4.1484149126936245,62.23033175081764,42.230331750817626,20.0,nan,0.0,0,0,40,0,0.0,0.0,40.0
677,1,right_lane,fixed,True,0.5,40,0,21.643627957721566,0.0,3.0,3.499636810386164,62.37886949351896,42.62886949351898,19.75,nan,0.0,0,0,40,0,0.0,1.0,39.0
678,1,right_lane,fixed,True,0.5,40,0,20.733867844032495,0.0,18.0,5.1028572206738545,61.174188550451994,41.174188550451994,20.0,nan,0.0,0,0,40,0,0.0,0.0,40.0
679,1,right_lane,fixed,True,0.5,40,0,20.518957345971565,0.0,7.0,4.723907299339771,60.57939766773994,40.82939766773995,19.75,nan,0.0,0,0,40,0,0.0,1.0,39.0
680,1,right_lane,fixed,True,0.5,40,0,21.268957345746305,0.0,3.5,3.7464712351070375,61.77939766738074,42.02939766738074,19.75,nan,0.0,0,0,40,0,0.0,1.0,39.0
681,1,right_lane,fixed,True,0.5,37,1,22.4529268605098,0.5,8.5,6.022794876336775,59.130331753554515,40.6303317535545,18.5,nan,0.0,0,0,37,0,0.0,0.0,37.0
682,1,right_lane,fixed,True,0.5,40,0,22.01895164498405,0.5,0.0,4.1614273655213765,62.47838928349324,43.228389283493236,19.25,nan,0.0,0,0,40,0,1.0,1.0,38.0
683,1,right_lane,fixed,True,0.5,40,0,23.393957345971565,17.5,5.5,19.914159767329693,56.17847104587875,45.42847104587875,10.75,nan,0.0,0,0,40,0,18.0,1.0,21.0
684,1,right_lane,fixed,True,0.5,40,0,23.14395734594178,12.0,6.5,16.101688500493765,58.52707889697213,45.02707889697213,13.5,nan,0.0,0,0,40,0,10.0,6.0,24.0
685,1,right_lane,fixed,True,0.5,40,0,21.64395734574971,10.5,1.0,12.347980169150105,56.88032264095494,42.63032264095494,14.25,nan,0.0,0,0,40,0,11.0,1.0,28.0
686,1,right_lane,fixed,True,0.5,40,0,22.018957345971565,0.0,6.5,4.168661975343639,63.23033175355451,43.23033175355451,20.0,nan,0.0,0,0,40,0,0.0,0.0,40.0
687,1,right_lane,fixed,True,0.5,40,0,24.268957345971565,10.0,0.0,11.594199231287348,61.328915472136224,46.828915472136224,14.5,nan,0.0,0,0,40,0,10.0,2.0,28.0
688,1,right_lane,fixed,True,0.5,40,0,21.143951743818675,0.0,8.5,3.3811493790199165,61.579388704986066,41.829388704986066,19.75,nan,0.0,0,0,40,0,0.0,1.0,39.0
689,1,right_lane,fixed,True,0.5,40,0,22.643957345971565,0.0,2.0,3.0553541159059705,63.9793983296861,44.22939832968609,19.75,nan,0.0,0,0,40,0,0.0,1.0,39.0
690,1,right_lane,fixed,True,0.5,40,0,22.108867844032495,8.0,7.5,12.491645693778992,59.122523212724325,43.372523212724325,15.75,nan,0.0,0,0,40,0,6.0,5.0,29.0
691,1,right_lane,fixed,True,0.5,40,0,21.268957345971565,0.0,1.5,3.1320129831292434,62.030331753554485,42.03033175355449,20.0,nan,0.0,0,0,40,0,0.0,0.0,40.0
692,1,right_lane,fixed,True,0.5,40,0,21.39395734596765,12.5,4.0,14.290392345046712,55.480331750758374,42.23033175075837,13.25,nan,0.0,0,0,40,0,13.0,1.0,26.0
693,1,right_lane,fixed,True,0.5,40,0,23.518957345971565,14.0,1.5,15.958974123001099,58.12846147247413,45.62846147247412,12.5,nan,0.0,0,0,40,0,14.0,2.0,24.0
694,1,right_lane,fixed,True,0.5,40,0,23.518957345971565,25.5,0.0,26.780166149139404,52.62962330450561,45.629623304505614,7.0,nan,0.0,0,0,40,0,12.0,28.0,0.0
695,1,right_lane,fixed,True,0.5,40,0,21.768957345971565,6.5,9.5,11.234674885869026,59.07837591104824,42.82837591104824,16.25,nan,0.0,0,0,40,0,7.0,1.0,32.0
696,1,right_lane,fixed,True,0.5,40,0,20.518957345971565,0.0,11.0,5.180994585156441,60.57939766773994,40.82939766773995,19.75,nan,0.0,0,0,40,0,0.0,1.0,39.0
697,1,right_lane,fixed,True,0.5,40,0,21.018957345971565,0.0,8.0,3.991282641887665,61.63033175355451,41.6303317535545,20.0,nan,0.0,0,0,40,0,0.0,0.0,40.0
698,1,right_lane,fixed,True,0.5,40,0,22.375000013019175,0.5,2.5,4.295495064674469,63.04806737613708,43.79806737613708,19.25,nan,0.0,0,0,40,0,1.0,1.0,38.0
699,1,right_lane,fixed,True,0.5,40,0,21.893957345971565,0.0,2.0,3.4637143673953688,62.7793983296861,43.02939832968611,19.75,nan,0.0,0,0,40,0,0.0,1.0,39.0
700,1,right_lane,fixed,True,0.5,40,0,21.26895734597105,0.0,2.0,4.1935447826981544,61.77939766651963,42.02939766651963,19.75,nan,0.0,0,0,40,0,0.0,1.0,39.0
701,1,right_lane,fixed,True,0.5,40,0,21.393957345971565,0.0,18.5,5.222572656777629,61.9793983296861,42.229398329686106,19.75,nan,0.0,0,0,40,0,0.0,1.0,39.0
702,1,right_lane,fixed,True,0.5,10,1,24.57580358367013,0.5,2.0,1.482632104307413,16.830321433468054,11.83032143346805,5.0,nan,0.0,0,0,10,0,0.0,0.0,10.0
703,1,right_lane,fixed,True,0.5,40,0,23.00000075075124,0.0,0.0,2.7662429790379974,64.80000120120198,44.800001201201994,20.0,nan,0.0,0,0,40,0,0.0,0.0,40.0
704,1,right_lane,fixed,True,0.5,40,0,23.268957345971565,0.0,9.0,4.0260209112300345,64.97939766843072,45.22939766843072,19.75,nan,0.0,0,0,40,0,0.0,1.0,39.0
705,1,right_lane,fixed,True,0.5,40,0,24.143957345971565,16.5,1.5,18.132525983244705,57.87847393039861,46.62847393039861,11.25,nan,0.0,0,0,40,0,17.0,1.0,22.0
706,1,right_lane,fixed,True,0.5,40,0,20.393957345971565,0.0,4.5,4.740520350635052,60.37939766652045,40.62939766652045,19.75,nan,0.0,0,0,40,0,0.0,1.0,39.0
707,1,right_lane,fixed,True,0.5,40,0,22.143957345971565,4.5,6.0,8.945129834115505,60.67892823084949,43.4289282308495,17.25,nan,0.0,0,0,40,0,4.0,3.0,33.0
708,1,right_lane,fixed,True,0.5,40,0,20.518957345971565,0.0,15.0,5.3550717905163765,60.57939651470175,40.829396514701756,19.75,nan,0.0,0,0,40,0,0.0,1.0,39.0
709,1,right_lane,fixed,True,0.5,40,0,21.268957345971565,0.0,10.5,3.8690256468388498,62.03033175355448,42.0303317535545,20.0,nan,0.0,0,0,40,0,0.0,0.0,40.0
710,1,right_lane,fixed,True,0.5,40,0,21.393957245397175,0.0,16.0,5.224524275920885,61.97939635378275,42.22939635378274,19.75,nan,0.0,0,0,40,0,0.0,1.0,39.0
711,1,right_lane,fixed,True,0.5,40,0,21.268957345971565,0.5,1.5,4.764397996759726,61.27839910886089,42.02839910886089,19.25,nan,0.0,0,0,40,0,1.0,1.0,38.0
712,1,right_lane,fixed,True,0.5,40,0,21.481414695510455,3.5,4.5,7.661600314610041,60.3693282783795,42.36932827837951,18.0,nan,0.0,0,0,40,0,0.0,8.0,32.0
713,1,right_lane,fixed,True,0.5,40,0,20.393957345971565,0.0,20.5,5.990049973130226,60.37939766652045,40.62939766652045,19.75,nan,0.0,0,0,40,0,0.0,1.0,39.0
714,1,right_lane,fixed,True,0.5,20,1,25.287914688062664,0.5,4.0,2.8316151408314454,33.97939832658173,24.22939832658173,9.75,nan,0.0,0,0,20,0,0.0,1.0,19.0
715,1,right_lane,fixed,True,0.5,40,0,20.768957345971565,0.0,8.5,4.659129310399294,61.2303317535545,41.23033175355451,20.0,nan,0.0,0,0,40,0,0.0,0.0,40.0
716,1,right_lane,fixed,True,0.5,40,0,21.268957260126378,0.0,9.5,4.386714654043317,62.03033161620221,42.03033161620222,20.0,nan,0.0,0,0,40,0,0.0,0.0,40.0
717,1,right_lane,fixed,True,0.5,40,0,21.893919004141758,0.0,0.5,2.908926128744497,63.03027040662682,43.030270406626826,20.0,nan,0.0,0,0,40,0,0.0,0.0,40.0
718,1,right_lane,fixed,True,0.5,40,0,23.268957345971565,10.5,0.5,13.261150889098644,59.478893710760424,45.228893710760424,14.25,nan,0.0,0,0,40,0,11.0,1.0,28.0
719,1,right_lane,fixed,True,0.5,40,0,21.893957345971494,0.0,2.0,2.225103749397931,63.030331753554414,43.030331753554414,20.0,nan,0.0,0,0,40,0,0.0,0.0,40.0
720,1,right_lane,fixed,True,0.5,40,0,23.643957345971565,0.0,2.5,3.0393588445303976,65.5793983296861,45.8293983296861,19.75,nan,0.0,0,0,40,0,0.0,1.0,39.0
721,1,right_lane,fixed,True,0.5,40,0,20.643957345971565,0.0,2.5,3.562822641997627,61.03033175355451,41.030331753554506,20.0,nan,0.0,0,0,40,0,0.0,0.0,40.0
722,1,right_lane,fixed,True,0.5,40,0,21.393956694084682,0.0,1.0,2.723552813875358,62.2303307105355,42.2303307105355,20.0,nan,0.0,0,0,40,0,0.0,0.0,40.0
723,1,right_lane,fixed,True,0.5,40,0,21.518957345971565,0.0,7.5,3.7596964655140255,62.4303317535545,42.430331753554505,20.0,nan,0.0,0,0,40,0,0.0,0.0,40.0
724,1,right_lane,fixed,True,0.5,40,0,21.768957345971565,0.0,0.5,2.7835462040966377,62.83033175355449,42.83033175355449,20.0,nan,0.0,0,0,40,0,0.0,0.0,40.0
725,1,right_lane,fixed,True,0.5,40,0,21.268957345971565,3.5,14.5,9.8519531711936,60.02784223017985,42.027842230179836,18.0,nan,0.0,0,0,40,0,0.0,8.0,32.0
726,1,right_lane,fixed,True,0.5,40,0,21.893957345971565,0.0,6.5,4.112014747737703,63.03033175355451,43.030331753554506,20.0,nan,0.0,0,0,40,0,0.0,0.0,40.0
727,1,right_lane,fixed,True,0.5,40,0,20.76895723602826,0.0,12.5,4.740982070565224,60.97939633879248,41.229396338792476,19.75,nan,0.0,0,0,40,0,0.0,1.0,39.0
728,1,right_lane,fixed,True,0.5,40,0,22.143956595442237,0.0,7.0,3.630060932920969,63.430330552707574,43.43033055270757,20.0,nan,0.0,0,0,40,0,0.0,0.0,40.0
729,1,right_lane,fixed,True,0.5,40,0,21.891133005582596,2.0,3.5,6.207884023931911,61.774168792715415,43.024168792715415,18.75,nan,0.0,0,0,40,0,0.0,5.0,35.0
730,1,right_lane,fixed,True,0.5,40,0,21.268957345971565,0.5,6.5,4.926876090466976,61.27839910886089,42.02839910886089,19.25,nan,0.0,0,0,40,0,1.0,1.0,38.0
731,1,right_lane,fixed,True,0.5,40,0,22.268957345971565,0.0,6.0,2.128976143852924,63.6303317535545,43.6303317535545,20.0,nan,0.0,0,0,40,0,0.0,0.0,40.0
732,1,right_lane,fixed,True,0.5,40,0,21.393957345971565,0.0,1.0,3.36919953225879,61.97939766774115,42.22939766774115,19.75,nan,0.0,0,0,40,0,0.0,1.0,39.0
733,1,right_lane,fixed,True,0.5,40,0,21.518957345971565,0.0,10.5,4.169544513606525,62.4303317535545,42.430331753554505,20.0,nan,0.0,0,0,40,0,0.0,0.0,40.0
734,1,right_lane,fixed,True,0.5,40,0,22.393957345967202,0.0,0.0,2.948676840250755,63.830331753547526,43.83033175354751,20.0,nan,0.0,0,0,40,0,0.0,0.0,40.0
735,1,right_lane,fixed,True,0.5,40,0,22.75249644062177,0.0,4.5,2.8175495924397183,64.40399430499482,44.40399430499483,20.0,nan,0.0,0,0,40,0,0.0,0.0,40.0
736,1,right_lane,fixed,True,0.5,40,0,22.268957345971565,0.0,5.0,3.8630921385301917,63.63033175355451,43.63033175355451,20.0,nan,0.0,0,0,40,0,0.0,0.0,40.0
737,1,right_lane,fixed,True,0.5,40,0,22.643950908936706,2.0,2.5,4.630130442710197,63.229629794977306,44.22962979497731,19.0,nan,0.0,0,0,40,0,0.0,4.0,36.0
738,1,right_lane,fixed,True,0.5,14,1,26.125573983438834,0.5,2.5,1.8896057312937273,24.43032143072574,17.43032143072574,7.0,nan,0.0,0,0,14,0,0.0,0.0,14.0
739,1,right_lane,fixed,True,0.5,12,1,23.396524437472817,0.5,3.5,1.889381218545168,19.63033172998695,13.63033172998695,6.0,nan,0.0,0,0,12,0,0.0,0.0,12.0
740,1,right_lane,fixed,True,0.5,40,0,22.268957345971565,0.5,5.5,4.765937322401442,62.8783991088609,43.628399108860904,19.25,nan,0.0,0,0,40,0,1.0,1.0,38.0
741,1,right_lane,fixed,True,0.5,40,0,22.393957345971565,0.0,3.5,3.825388119347622,63.8303317535545,43.8303317535545,20.0,nan,0.0,0,0,40,0,0.0,0.0,40.0
742,1,right_lane,fixed,True,0.5,40,0,22.643957344482875,0.0,6.0,3.3962882378873473,64.2303317511726,44.2303317511726,20.0,nan,0.0,0,0,40,0,0.0,0.0,40.0
743,1,right_lane,fixed,True,0.5,40,0,22.231414695510452,2.0,0.0,3.3054857051279214,62.56957227658948,43.56957227658948,19.0,nan,0.0,0,0,40,0,0.0,4.0,36.0
744,1,right_lane,fixed,True,0.5,40,0,21.643957247332974,4.0,1.5,7.457990002802035,60.12803094579412,42.628030945794116,17.5,nan,0.0,0,0,40,0,4.0,2.0,34.0
745,1,right_lane,fixed,True,0.5,40,0,21.893957247329126,3.0,8.0,7.447737510963179,61.52941288321048,43.02941288321048,18.5,nan,0.0,0,0,40,0,0.0,6.0,34.0
746,1,right_lane,fixed,True,0.5,40,0,21.393957345971565,0.5,5.5,4.776007141991613,61.97939832968609,42.229398329686106,19.75,nan,0.0,0,0,40,0,0.0,1.0,39.0
747,1,right_lane,fixed,True,0.5,40,0,21.143957345971565,0.0,0.0,3.023157128596722,61.57939832968609,41.82939832968609,19.75,nan,0.0,0,0,40,0,0.0,1.0,39.0
748,1,right_lane,fixed,True,0.5,40,0,21.518957345971565,4.5,11.5,8.931205306202173,59.67828016617176,42.42828016617177,17.25,nan,0.0,0,0,40,0,4.0,3.0,33.0
749,1,right_lane,fixed,True,0.5,40,0,21.643957345971565,7.0,9.0,11.155755385756493,58.628030791328676,42.62803079132868,16.0,nan,0.0,0,0,40,0,7.0,2.0,31.0
750,1,right_lane,fixed,True,0.5,40,0,21.268957345971565,2.5,5.0,6.650591669053938,60.77898836004171,42.028988360041716,18.75,nan,0.0,0,0,40,0,0.0,5.0,35.0
751,1,right_lane,fixed,True,0.5,40,0,21.643957345971565,7.0,2.0,10.679703827018784,58.87746716950917,42.62746716950916,16.25,nan,0.0,0,0,40,0,6.0,3.0,31.0
752,1,right_lane,fixed,True,0.5,40,0,20.643957345971554,0.0,5.5,4.342023588716984,61.03033175355448,41.03033175355447,20.0,nan,0.0,0,0,40,0,0.0,0.0,40.0
753,1,right_lane,fixed,True,0.5,23,1,22.20688234082011,0.5,7.5,3.0820834508981534,36.5303317535545,25.0303317535545,11.5,nan,0.0,0,0,23,0,0.0,0.0,23.0
754,1,right_lane,fixed,True,0.5,40,0,21.268957345971565,12.5,11.0,16.12646696716547,55.28033157454713,42.03033157454713,13.25,nan,0.0,0,0,40,0,12.0,3.0,25.0
755,1,right_lane,fixed,True,0.5,24,1,24.61492890994532,0.5,5.5,2.8230441652590343,40.4303317535475,28.4303317535475,12.0,nan,0.0,0,0,24,0,0.0,0.0,24.0
756,1,right_lane,fixed,True,0.5,40,0,22.893908453433408,0.0,2.0,3.6333203508734186,64.37932010162507,44.629320101625076,19.75,nan,0.0,0,0,40,0,0.0,1.0,39.0
757,1,right_lane,fixed,True,0.5,40,0,23.14395734574971,0.0,8.0,3.794660378366757,64.77939832933113,45.02939832933114,19.75,nan,0.0,0,0,40,0,0.0,1.0,39.0
758,1,right_lane,fixed,True,0.5,40,0,22.018957345971565,17.0,14.5,22.14306803047657,54.47910123657341,43.22910123657341,11.25,nan,0.0,0,0,40,0,7.0,21.0,12.0
759,1,right_lane,fixed,True,0.5,40,0,21.643957345971565,0.0,6.0,2.9802180097044584,62.379398329686104,42.629398329686104,19.75,nan,0.0,0,0,40,0,0.0,1.0,39.0
760,1,right_lane,fixed,True,0.5,40,0,20.768957345971565,2.5,5.0,6.274668462574482,59.72941566179859,41.22941566179859,18.5,nan,0.0,0,0,40,0,0.0,6.0,34.0
761,1,right_lane,fixed,True,0.5,40,0,22.89395734597155,6.0,1.0,8.71780036856444,61.62904803163565,44.629048031635655,17.0,nan,0.0,0,0,40,0,4.0,4.0,32.0
762,1,right_lane,fixed,True,0.5,40,0,21.893957345971494,0.0,2.0,4.002921243600213,62.77939766652033,43.02939766652033,19.75,nan,0.0,0,0,40,0,0.0,1.0,39.0
763,1,right_lane,fixed,True,0.5,40,0,21.76895164518009,0.5,2.5,4.808540528640151,62.0783899875424,42.82838998754241,19.25,nan,0.0,0,0,40,0,1.0,1.0,38.0
764,1,right_lane,fixed,True,0.5,40,0,21.518957345971565,0.0,9.0,5.310887388771789,62.179397667741824,42.42939766774183,19.75,nan,0.0,0,0,40,0,0.0,1.0,39.0
765,1,right_lane,fixed,True,0.5,40,0,21.733867844032495,2.0,12.5,7.085979833113697,61.77325183866072,42.77325183866071,19.0,nan,0.0,0,0,40,0,0.0,4.0,36.0
766,1,right_lane,fixed,True,0.5,40,0,20.518957345971565,0.0,12.5,5.70448499917984,60.8303317535545,40.8303317535545,20.0,nan,0.0,0,0,40,0,0.0,0.0,40.0
767,1,right_lane,fixed,True,0.5,28,1,22.527081922816517,2.0,8.0,5.422653590698701,43.829623558756495,30.829623558756502,13.0,nan,0.0,0,0,28,0,0.0,4.0,24.0
768,1,right_lane,fixed,True,0.5,40,0,22.26895239570556,0.5,6.0,4.534629443746326,62.87839118843528,43.62839118843527,19.25,nan,0.0,0,0,40,0,1.0,1.0,38.0
769,1,right_lane,fixed,True,0.5,40,0,22.393957345971565,6.5,4.5,10.158785127103329,60.078377144364765,43.82837714436476,16.25,nan,0.0,0,0,40,0,7.0,1.0,32.0
770,1,right_lane,fixed,True,0.5,40,0,23.268957345971565,0.0,0.5,2.705779096995684,65.2303317535545,45.230331753554495,20.0,nan,0.0,0,0,40,0,0.0,0.0,40.0
771,1,right_lane,fixed,True,0.5,40,0,22.643957345971565,3.0,14.5,8.579206417061869,62.47798442880021,44.22798442880021,18.25,nan,0.0,0,0,40,0,0.0,7.0,33.0
772,1,right_lane,fixed,True,0.5,40,0,20.393957345971565,3.5,12.5,9.254480339586735,58.37853391966089,40.62853391966088,17.75,nan,0.0,0,0,40,0,4.0,1.0,35.0
773,1,right_lane,fixed,True,0.5,40,0,22.643957345971565,0.0,2.5,1.5341701159784407,64.23033175355451,44.2303317535545,20.0,nan,0.0,0,0,40,0,0.0,0.0,40.0
774,1,right_lane,fixed,True,0.5,40,0,23.51895174381527,1.5,2.5,4.636461515954579,64.37838944089069,45.62838944089069,18.75,nan,0.0,0,0,40,0,2.0,1.0,37.0
775,1,right_lane,fixed,True,0.5,40,0,20.768957345971565,0.0,5.5,4.326406411826611,61.23033175355451,41.2303317535545,20.0,nan,0.0,0,0,40,0,0.0,0.0,40.0
776,1,right_lane,fixed,True,0.5,40,0,20.893957345971565,0.0,13.5,4.82716416195035,61.17939766774182,41.42939766774183,19.75,nan,0.0,0,0,40,0,0.0,1.0,39.0
777,1,right_lane,fixed,True,0.5,40,0,22.643957345971565,0.0,2.0,3.079230155075493,64.2303317535545,44.2303317535545,20.0,nan,0.0,0,0,40,0,0.0,0.0,40.0
778,1,right_lane,fixed,True,0.5,40,0,20.768957345971565,0.0,4.0,4.127550885081291,60.97939651911743,41.22939651911743,19.75,nan,0.0,0,0,40,0,0.0,1.0,39.0
779,1,right_lane,fixed,True,0.5,40,0,23.893957345942347,10.5,0.5,12.074467001550602,60.478893711141076,46.22889371114108,14.25,nan,0.0,0,0,40,0,11.0,1.0,28.0
780,1,right_lane,fixed,True,0.5,40,0,21.518957345971565,0.0,2.0,3.708126829759294,62.43033175355451,42.430331753554505,20.0,nan,0.0,0,0,40,0,0.0,0.0,40.0
781,1,right_lane,fixed,True,0.5,40,0,24.747552552495204,12.0,1.0,14.351296160760967,61.09466752371205,47.59466752371205,13.5,nan,0.0,0,0,40,0,12.0,2.0,26.0
782,1,right_lane,fixed,True,0.5,40,0,20.268957345971565,0.0,16.5,5.053527362644672,60.430331753554505,40.430331753554505,20.0,nan,0.0,0,0,40,0,0.0,0.0,40.0
783,1,right_lane,fixed,True,0.5,40,0,21.643957345971565,0.0,1.0,3.780969339550893,62.379398329686104,42.629398329686104,19.75,nan,0.0,0,0,40,0,0.0,1.0,39.0
784,1,right_lane,fixed,True,0.5,13,1,26.21215659754951,0.5,1.0,1.1536102093923546,22.730321430725745,16.230321430725745,6.5,nan,0.0,0,0,13,0,0.0,0.0,13.0
785,1,right_lane,fixed,True,0.5,40,0,23.143634297606518,18.5,5.0,19.845435521010586,55.27818819153743,45.028188191537424,10.25,nan,0.0,0,0,40,0,18.0,3.0,19.0
786,1,right_lane,fixed,True,0.5,40,0,22.143957345971565,0.5,6.5,5.054729205921376,62.678399108860894,43.4283991088609,19.25,nan,0.0,0,0,40,0,1.0,1.0,38.0
787,1,right_lane,fixed,True,0.5,40,0,21.518957345971558,0.0,0.5,1.9330359717569081,62.430331753554505,42.43033175355449,20.0,nan,0.0,0,0,40,0,0.0,0.0,40.0
788,1,right_lane,fixed,True,0.5,40,0,21.518957260126378,0.5,8.0,5.284353507446895,61.67839703913267,42.428397039132655,19.25,nan,0.0,0,0,40,0,1.0,1.0,38.0
789,1,right_lane,fixed,True,0.5,40,0,23.643914804593347,8.5,3.5,11.260534578143506,61.07840297995847,45.82840297995847,15.25,nan,0.0,0,0,40,0,9.0,1.0,30.0
790,1,right_lane,fixed,True,0.5,40,0,21.12532874938229,0.0,3.0,3.651389706879854,61.80052599901166,41.80052599901167,20.0,nan,0.0,0,0,40,0,0.0,0.0,40.0
791,1,right_lane,fixed,True,0.5,40,0,24.26646025346298,8.5,2.0,11.593525071835757,62.07438250325053,46.82438250325053,15.25,nan,0.0,0,0,40,0,9.0,1.0,30.0
792,1,right_lane,fixed,True,0.5,40,0,22.643957345967713,0.0,2.0,3.4654235557700304,64.23033175354833,44.23033175354834,20.0,nan,0.0,0,0,40,0,0.0,0.0,40.0
793,1,right_lane,fixed,True,0.5,40,0,21.875043292099726,2.0,8.0,5.866179149857089,62.00006664100498,43.00006664100498,19.0,nan,0.0,0,0,40,0,0.0,4.0,36.0
794,1,right_lane,fixed,True,0.5,40,0,22.893914804623023,0.0,1.5,3.8781439271906493,64.37932960158415,44.62932960158415,19.75,nan,0.0,0,0,40,0,0.0,1.0,39.0
795,1,right_lane,fixed,True,0.5,40,0,21.768957345971565,0.0,13.5,4.4660050718302955,62.579397667741155,42.82939766774115,19.75,nan,0.0,0,0,40,0,0.0,1.0,39.0
796,1,right_lane,fixed,True,0.5,40,0,22.018957345971565,6.5,6.5,10.249214891344309,59.47847394930154,43.228473949301545,16.25,nan,0.0,0,0,40,0,7.0,1.0,32.0
797,1,right_lane,fixed,True,0.5,40,0,22.268957345971565,5.0,7.0,8.427356098512973,61.38033175355449,43.63033175355451,17.75,nan,0.0,0,0,40,0,0.0,9.0,31.0
798,1,right_lane,fixed,True,0.5,17,1,22.9857819905109,17.0,0.0,16.56010866165161,19.03033175354741,19.03033175354741,0.0,nan,0.0,0,0,17,0,17.0,0.0,0.0
799,1,right_lane,fixed,True,0.5,16,1,21.922393364854578,0.0,2.0,1.2001830028693803,25.230331753506935,17.23033175350693,8.0,nan,0.0,0,0,16,0,0.0,0.0,16.0
800,1,right_lane,fixed,True,0.5,40,0,21.768957345971565,0.0,13.5,4.698275785363876,62.579397668430744,42.82939766843073,19.75,nan,0.0,0,0,40,0,0.0,1.0,39.0
801,1,right_lane,fixed,True,0.5,40,0,21.51895734597155,2.0,9.0,6.059247620636597,61.429623144726776,42.42962314472678,19.0,nan,0.0,0,0,40,0,0.0,4.0,36.0
802,1,right_lane,fixed,True,0.5,40,0,22.268957345971565,0.0,1.0,3.1666349309325597,63.3793983296861,43.6293983296861,19.75,nan,0.0,0,0,40,0,0.0,1.0,39.0
803,1,right_lane,fixed,True,0.5,40,0,22.018957345971565,8.0,1.0,11.296622090041637,58.72910123657343,43.22910123657343,15.5,nan,0.0,0,0,40,0,7.0,4.0,29.0
804,1,right_lane,fixed,True,0.5,40,0,20.643956694081282,0.0,11.5,5.0508429035544395,60.779396623496,41.029396623496,19.75,nan,0.0,0,0,40,0,0.0,1.0,39.0
805,1,right_lane,fixed,True,0.5,40,0,22.518957345971565,0.5,1.0,4.066404927781605,63.2783991088609,44.0283991088609,19.25,nan,0.0,0,0,40,0,1.0,1.0,38.0
806,1,right_lane,fixed,True,0.5,40,0,23.39395723434353,7.0,1.0,9.957219333316061,61.428915019152086,45.4289150191521,16.0,nan,0.0,0,0,40,0,7.0,2.0,31.0
807,1,right_lane,fixed,True,0.5,40,0,23.018957345971565,0.0,2.0,3.003471383054375,64.8303317535545,44.83033175355451,20.0,nan,0.0,0,0,40,0,0.0,0.0,40.0
808,1,right_lane,fixed,True,0.5,21,1,21.464680658993444,0.5,2.5,2.7525979578495026,32.479397667741154,22.229397667741146,10.25,nan,0.0,0,0,21,0,0.0,1.0,20.0
809,1,right_lane,fixed,True,0.5,40,0,22.643957345971565,5.5,13.0,10.29222415609911,60.97847120059011,44.22847120059012,16.75,nan,0.0,0,0,40,0,6.0,1.0,33.0
810,1,right_lane,fixed,True,0.5,40,0,20.64395239570556,2.0,12.5,6.998350717127323,59.52804921624935,41.02804921624935,18.5,nan,0.0,0,0,40,0,1.0,4.0,35.0
811,1,right_lane,fixed,True,0.5,40,0,21.518957345971565,2.5,10.0,7.513633266091347,60.67869115188526,42.42869115188527,18.25,nan,0.0,0,0,40,0,1.0,5.0,34.0
812,1,right_lane,fixed,True,0.5,40,0,20.643957345971565,5.0,0.5,8.130505850727786,58.02937978331945,41.029379783319456,17.0,nan,0.0,0,0,40,0,3.0,6.0,31.0
813,1,right_lane,fixed,True,0.5,40,0,22.768957345971565,8.0,5.5,10.858038802263764,60.428912941198014,44.42891294119802,16.0,nan,0.0,0,0,40,0,6.0,4.0,30.0
814,1,right_lane,fixed,True,0.5,40,0,20.768957345971565,0.0,0.5,4.290030017495155,60.979397667741154,41.22939766774115,19.75,nan,0.0,0,0,40,0,0.0,1.0,39.0
815,1,right_lane,fixed,True,0.5,40,0,21.143957345971565,0.0,9.5,3.8729025040033775,61.83033175355449,41.8303317535545,20.0,nan,0.0,0,0,40,0,0.0,0.0,40.0
816,1,right_lane,fixed,True,0.5,40,0,21.268957345971565,32.0,6.5,32.802346885204315,46.02962355832835,42.02962355832835,4.0,nan,0.0,0,0,40,0,24.0,16.0,0.0
817,1,right_lane,fixed,True,0.5,40,0,21.393957345971565,0.5,16.5,5.41322421122095,61.478398404340766,42.22839840434077,19.25,nan,0.0,0,0,40,0,1.0,1.0,38.0
818,1,right_lane,fixed,True,0.5,40,0,22.143957345971565,8.0,5.0,11.797234497964382,59.42735906559675,43.42735906559675,16.0,nan,0.0,0,0,40,0,5.0,6.0,29.0
819,1,right_lane,fixed,True,0.5,40,0,22.643956608239495,0.0,4.5,3.536009521913911,64.23033057318318,44.23033057318319,20.0,nan,0.0,0,0,40,0,0.0,0.0,40.0
820,1,right_lane,fixed,True,0.5,33,1,20.78055435875341,0.5,4.0,4.085533199831843,50.5303317535545,34.0303317535545,16.5,nan,0.0,0,0,33,0,0.0,0.0,33.0
821,1,right_lane,fixed,True,0.5,40,0,22.127490089432097,0.0,2.0,3.04329952786793,63.153050057278676,43.403050057278676,19.75,nan,0.0,0,0,40,0,0.0,1.0,39.0
822,1,right_lane,fixed,True,0.5,40,0,21.268957345971565,0.0,6.0,4.5266741754018085,61.7793983296861,42.02939832968611,19.75,nan,0.0,0,0,40,0,0.0,1.0,39.0
823,1,right_lane,fixed,True,0.5,40,0,21.393957345971565,39.5,0.5,39.55495101213455,42.23033175355451,42.23033175355451,0.0,nan,0.0,0,0,40,0,40.0,0.0,0.0
824,1,right_lane,fixed,True,0.5,40,0,21.018957345971565,3.5,2.0,6.597553383558989,59.88033039805862,41.63033039805862,18.25,nan,0.0,0,0,40,0,0.0,7.0,33.0
825,1,right_lane,fixed,True,0.5,40,0,22.768957345971565,0.0,11.0,5.837319130204378,64.17939832968611,44.4293983296861,19.75,nan,0.0,0,0,40,0,0.0,1.0,39.0
826,1,right_lane,fixed,True,0.5,40,0,23.122875600860247,0.0,6.0,3.9514064820878048,64.745667537508,44.99566753750799,19.75,nan,0.0,0,0,40,0,0.0,1.0,39.0
827,1,right_lane,fixed,True,0.5,40,0,23.268957344060997,8.5,9.5,12.771786953521314,60.727058643253315,45.22705864325332,15.5,nan,0.0,0,0,40,0,6.0,6.0,28.0
828,1,right_lane,fixed,True,0.5,40,0,22.143957345971565,0.0,4.5,3.6862513618282264,63.4303317535545,43.43033175355451,20.0,nan,0.0,0,0,40,0,0.0,0.0,40.0
829,1,right_lane,fixed,True,0.5,40,0,21.518957345971565,0.5,2.0,4.788204380166917,61.678399108860894,42.428399108860894,19.25,nan,0.0,0,0,40,0,1.0,1.0,38.0
830,1,right_lane,fixed,True,0.5,17,1,24.162250583695105,1.5,3.5,3.318002706065272,27.828703468171945,19.828703468171945,8.0,nan,0.0,0,0,17,0,0.0,2.0,15.0
831,1,right_lane,fixed,True,0.5,40,0,22.51650410007384,6.5,7.5,9.939977530354554,60.276336387718736,44.026336387718736,16.25,nan,0.0,0,0,40,0,7.0,1.0,32.0
832,1,right_lane,fixed,True,0.5,40,0,21.393957345971565,0.0,9.5,4.910073828626082,61.9793983296861,42.2293983296861,19.75,nan,0.0,0,0,40,0,0.0,1.0,39.0
833,1,right_lane,fixed,True,0.5,40,0,22.518957345971565,0.0,1.0,3.2336696120910347,64.0303317535545,44.0303317535545,20.0,nan,0.0,0,0,40,0,0.0,0.0,40.0
834,1,right_lane,fixed,True,0.5,40,0,20.643957345971565,2.0,15.0,7.3078152015805244,59.77899324740505,41.02899324740504,18.75,nan,0.0,0,0,40,0,0.0,5.0,35.0
835,1,right_lane,fixed,True,0.5,40,0,20.893957345971565,0.0,5.0,4.067670100993382,61.430331753554505,41.430331753554505,20.0,nan,0.0,0,0,40,0,0.0,0.0,40.0
836,1,right_lane,fixed,True,0.5,40,0,22.018957345971565,0.0,5.0,4.127578176935913,63.2303317535545,43.2303317535545,20.0,nan,0.0,0,0,40,0,0.0,0.0,40.0
837,1,right_lane,fixed,True,0.5,40,0,21.768957345971565,8.0,1.5,10.300232216997756,58.32707594364065,42.82707594364066,15.5,nan,0.0,0,0,40,0,8.0,2.0,30.0
838,1,right_lane,fixed,True,0.5,40,0,22.518957345971565,0.0,0.0,2.1396797364257054,64.0303317535545,44.030331753554506,20.0,nan,0.0,0,0,40,0,0.0,0.0,40.0
839,1,right_lane,fixed,True,0.5,40,0,22.518957345971565,0.0,1.5,3.851315632671117,63.779398329686124,44.029398329686124,19.75,nan,0.0,0,0,40,0,0.0,1.0,39.0
840,1,right_lane,fixed,True,0.5,40,0,20.643957345971565,0.0,6.5,3.939795548965776,60.77939766774115,41.02939766774115,19.75,nan,0.0,0,0,40,0,0.0,1.0,39.0
841,1,right_lane,fixed,True,0.5,40,0,21.893957345971565,2.0,3.0,5.173639263750374,62.02939533960689,43.02939533960689,19.0,nan,0.0,0,0,40,0,0.0,4.0,36.0
842,1,right_lane,fixed,True,0.5,40,0,21.268629347340514,0.0,0.0,3.3329680811148137,61.77887286993146,42.02887286993147,19.75,nan,0.0,0,0,40,0,0.0,1.0,39.0
843,1,right_lane,fixed,True,0.5,40,0,23.143957345971565,2.0,9.5,6.07480725396772,63.528686034723414,45.028686034723414,18.5,nan,0.0,0,0,40,0,2.0,2.0,36.0
844,1,right_lane,fixed,True,0.5,40,0,22.768957345942347,0.0,8.0,3.770669747164675,64.43033175350776,44.43033175350776,20.0,nan,0.0,0,0,40,0,0.0,0.0,40.0
845,1,right_lane,fixed,True,0.5,40,0,20.143957345971565,0.0,20.0,7.710475832223892,60.23033175355451,40.2303317535545,20.0,nan,0.0,0,0,40,0,0.0,0.0,40.0
846,1,right_lane,fixed,True,0.5,33,1,23.507827086026136,0.0,3.5,1.5505875346755147,54.1303317535545,37.6303317535545,16.5,nan,0.0,0,0,33,0,0.0,0.0,33.0
847,1,right_lane,fixed,True,0.5,40,0,21.518957345971565,0.0,2.5,3.5813116464178165,62.17939832968612,42.4293983296861,19.75,nan,0.0,0,0,40,0,0.0,1.0,39.0
848,1,right_lane,fixed,True,0.5,40,0,21.768957345971565,6.5,1.5,9.556488320231438,59.07827991546151,42.82827991546151,16.25,nan,0.0,0,0,40,0,6.0,3.0,31.0
849,1,right_lane,fixed,True,0.5,40,0,21.393957345971565,0.0,15.5,4.263126495628967,62.230331753554495,42.2303317535545,20.0,nan,0.0,0,0,40,0,0.0,0.0,40.0
850,1,right_lane,fixed,True,0.5,40,0,22.393957345937917,8.0,6.5,12.582952845841646,59.57798003448471,43.82798003448471,15.75,nan,0.0,0,0,40,0,6.0,5.0,29.0
851,1,right_lane,fixed,True,0.5,40,0,21.50249644062177,0.0,5.0,3.9281320698501077,62.15306021796077,42.40306021796077,19.75,nan,0.0,0,0,40,0,0.0,1.0,39.0
852,1,right_lane,fixed,True,0.5,40,0,21.143957345971565,4.0,5.0,7.717606648802757,59.82939832968609,41.8293983296861,18.0,nan,0.0,0,0,40,0,0.0,8.0,32.0
853,1,right_lane,fixed,True,0.5,40,0,21.393957345971565,0.0,8.0,4.68260122492984,61.979398329686106,42.2293983296861,19.75,nan,0.0,0,0,40,0,0.0,1.0,39.0
854,1,right_lane,fixed,True,0.5,40,0,20.518957345775522,0.0,7.5,4.620119586586952,60.57939766620678,40.82939766620678,19.75,nan,0.0,0,0,40,0,0.0,1.0,39.0
855,1,right_lane,fixed,True,0.5,40,0,21.268957345971565,2.0,14.5,8.646627865731716,60.52869115241789,42.02869115241789,18.5,nan,0.0,0,0,40,0,1.0,4.0,35.0
856,1,right_lane,fixed,True,0.5,40,0,22.268957345967134,17.5,1.0,19.796384341649173,54.37869056636217,43.62869056636216,10.75,nan,0.0,0,0,40,0,10.0,17.0,13.0
857,1,right_lane,fixed,True,0.5,40,0,20.393957345971565,0.0,10.5,5.565458983182907,60.37939766652045,40.62939766652045,19.75,nan,0.0,0,0,40,0,0.0,1.0,39.0
858,1,right_lane,fixed,True,0.5,40,0,23.018957345971565,0.0,0.5,2.734500519438825,64.57939766774115,44.829397667741155,19.75,nan,0.0,0,0,40,0,0.0,1.0,39.0
859,1,right_lane,fixed,True,0.5,40,0,20.64395733317816,0.0,4.5,4.612530037760735,60.779397646051,41.029397646051,19.75,nan,0.0,0,0,40,0,0.0,1.0,39.0
860,1,right_lane,fixed,True,0.5,40,0,22.393957345971565,0.0,7.0,2.68899561962553,63.830331753554496,43.8303317535545,20.0,nan,0.0,0,0,40,0,0.0,0.0,40.0
861,1,right_lane,fixed,True,0.5,40,0,22.018957345971565,0.0,0.0,2.4813162068518295,63.2303317535545,43.23033175355451,20.0,nan,0.0,0,0,40,0,0.0,0.0,40.0
862,1,right_lane,fixed,True,0.5,40,0,21.768957345971565,0.0,5.0,4.288759848342579,62.830331753554496,42.8303317535545,20.0,nan,0.0,0,0,40,0,0.0,0.0,40.0
863,1,right_lane,fixed,True,0.5,40,0,22.143957345971565,3.0,1.0,6.273331604897976,61.67962358788734,43.42962358788735,18.25,nan,0.0,0,0,40,0,0.0,7.0,33.0
864,1,right_lane,fixed,True,0.5,40,0,20.608867844032495,0.0,5.5,4.279739560901362,60.72325331159926,40.97325331159925,19.75,nan,0.0,0,0,40,0,0.0,1.0,39.0
865,1,right_lane,fixed,True,0.5,40,0,21.143957345937995,1.5,13.0,6.742454864084721,60.82870339601287,41.82870339601287,19.0,nan,0.0,0,0,40,0,0.0,4.0,36.0
866,1,right_lane,fixed,True,0.5,40,0,23.893957345971565,0.0,0.5,1.9539885537196824,66.23033175355452,46.23033175355451,20.0,nan,0.0,0,0,40,0,0.0,0.0,40.0
867,1,right_lane,fixed,True,0.5,40,0,23.643919754889083,13.0,3.0,15.527174538001418,58.82694325385652,45.82694325385652,13.0,nan,0.0,0,0,40,0,13.0,2.0,25.0
868,1,right_lane,fixed,True,0.5,40,0,22.26895723434353,0.0,7.0,3.6635283775476637,63.63033157494965,43.63033157494965,20.0,nan,0.0,0,0,40,0,0.0,0.0,40.0
869,1,right_lane,fixed,True,0.5,40,0,22.643957345971565,0.0,13.5,4.387683217789345,64.23033175355451,44.230331753554495,20.0,nan,0.0,0,0,40,0,0.0,0.0,40.0
870,1,right_lane,fixed,True,0.5,40,0,25.76895734597155,18.0,1.0,19.797563792439178,59.976541524173655,49.226541524173655,10.75,nan,0.0,0,0,40,0,16.0,5.0,19.0
871,1,right_lane,fixed,True,0.5,40,0,22.268957345941836,11.0,3.0,12.805262732683332,57.62699026433184,43.62699026433184,14.0,nan,0.0,0,0,40,0,10.0,4.0,26.0
872,1,right_lane,fixed,True,0.5,25,1,21.230331753554506,0.5,9.0,3.189283479237929,38.7303317535545,26.23033175355451,12.5,nan,0.0,0,0,25,0,0.0,0.0,25.0
873,1,right_lane,fixed,True,0.5,40,0,22.018957345971565,0.0,0.0,2.8847331409676826,63.23033175355448,43.23033175355449,20.0,nan,0.0,0,0,40,0,0.0,0.0,40.0
874,1,right_lane,fixed,True,0.5,40,0,22.643957345971565,0.0,0.0,2.8883084628532742,64.23033175355451,44.230331753554495,20.0,nan,0.0,0,0,40,0,0.0,0.0,40.0
875,1,right_lane,fixed,True,0.5,40,0,21.768957345971565,0.0,2.5,4.014537621357022,62.8303317535545,42.83033175355451,20.0,nan,0.0,0,0,40,0,0.0,0.0,40.0
876,1,right_lane,fixed,True,0.5,40,0,21.393957345971565,0.0,0.5,2.5057745610829443,62.2303317535545,42.2303317535545,20.0,nan,0.0,0,0,40,0,0.0,0.0,40.0
877,1,right_lane,fixed,True,0.5,26,1,20.60608822457164,0.5,13.0,4.794811904430389,39.37939766652045,26.629397666520447,12.75,nan,0.0,0,0,26,0,0.0,1.0,25.0
878,1,right_lane,fixed,True,0.5,40,0,21.393957345971565,0.0,0.5,1.8601730909967955,61.979398329686106,42.2293983296861,19.75,nan,0.0,0,0,40,0,0.0,1.0,39.0
879,1,right_lane,fixed,True,0.5,40,0,22.018914066891014,0.5,0.5,4.704007165506482,62.47832986233202,43.22832986233202,19.25,nan,0.0,0,0,40,0,1.0,1.0,38.0
880,1,right_lane,fixed,True,0.5,40,0,23.268957345971565,0.0,1.5,3.0526784278399646,65.23033175355451,45.23033175355451,20.0,nan,0.0,0,0,40,0,0.0,0.0,40.0
881,1,right_lane,fixed,True,0.5,40,0,21.393957345971565,0.0,11.5,3.054688564621756,62.230331753554495,42.230331753554495,20.0,nan,0.0,0,0,40,0,0.0,0.0,40.0
882,1,right_lane,fixed,True,0.5,40,0,22.268628596589785,16.5,8.0,19.39395996183157,55.876030490737406,43.6260304907374,12.25,nan,0.0,0,0,40,0,13.0,5.0,22.0
883,1,right_lane,fixed,True,0.5,40,0,25.768957345971565,20.5,7.0,22.594314381480217,58.47889371076022,49.22889371076022,9.25,nan,0.0,0,0,40,0,21.0,1.0,18.0
884,1,right_lane,fixed,True,0.5,40,0,21.768957345971565,0.0,2.0,2.8179749770247327,62.8303317535545,42.830331753554496,20.0,nan,0.0,0,0,40,0,0.0,0.0,40.0
885,1,right_lane,fixed,True,0.5,40,0,22.266460253492646,2.0,7.0,6.1650381729514265,62.37538683082229,43.62538683082229,18.75,nan,0.0,0,0,40,0,0.0,5.0,35.0
886,1,right_lane,fixed,True,0.5,40,0,22.518957345971565,11.5,8.0,14.740332621573543,57.77962194823744,44.02962194823744,13.75,nan,0.0,0,0,40,0,9.0,7.0,24.0
887,1,right_lane,fixed,True,0.5,40,0,21.518957345971565,0.5,7.0,4.685693829186903,61.67839910886089,42.428399108860894,19.25,nan,0.0,0,0,40,0,1.0,1.0,38.0
888,1,right_lane,fixed,True,0.5,40,0,21.768957345971565,0.5,0.0,3.855232580403026,62.078398404340774,42.82839840434077,19.25,nan,0.0,0,0,40,0,1.0,1.0,38.0
889,1,right_lane,fixed,True,0.5,40,0,23.643957345971565,0.0,1.0,2.740838494910605,65.8303317535545,45.8303317535545,20.0,nan,0.0,0,0,40,0,0.0,0.0,40.0
890,1,right_lane,fixed,True,0.5,40,0,22.893957345971565,12.5,11.5,17.104314006865025,57.876982307514716,44.626982307514716,13.25,nan,0.0,0,0,40,0,10.0,7.0,23.0
891,1,right_lane,fixed,True,0.5,40,0,23.26895734594234,0.0,3.5,3.0453537089024394,65.23033175350776,45.230331753507755,20.0,nan,0.0,0,0,40,0,0.0,0.0,40.0
892,1,right_lane,fixed,True,0.5,40,0,20.768957345971565,0.0,0.0,3.170781511813402,60.979397667741154,41.22939766774115,19.75,nan,0.0,0,0,40,0,0.0,1.0,39.0
893,1,right_lane,fixed,True,0.5,40,0,20.518957345971565,0.0,0.0,3.6635347679257393,60.8303317535545,40.8303317535545,20.0,nan,0.0,0,0,40,0,0.0,0.0,40.0
894,1,right_lane,fixed,True,0.5,40,0,22.5189523954837,0.0,1.5,3.2714227715616744,64.03032383277392,44.030323832773924,20.0,nan,0.0,0,0,40,0,0.0,0.0,40.0
895,1,right_lane,fixed,True,0.5,40,0,20.768957345971565,0.0,11.5,4.813409432768822,61.23033175355451,41.2303317535545,20.0,nan,0.0,0,0,40,0,0.0,0.0,40.0
896,1,right_lane,fixed,True,0.5,40,0,25.143957345970982,12.5,2.5,15.104290552460952,61.47889399245877,48.22889399245877,13.25,nan,0.0,0,0,40,0,13.0,1.0,26.0
897,1,right_lane,fixed,True,0.5,40,0,21.643957345945743,6.5,4.5,10.107531789690256,58.87847106470011,42.62847106470011,16.25,nan,0.0,0,0,40,0,7.0,1.0,32.0
898,1,right_lane,fixed,True,0.5,40,0,22.01891406689101,0.0,1.0,3.637979940409423,62.979328421212266,43.229328421212266,19.75,nan,0.0,0,0,40,0,0.0,1.0,39.0
899,1,right_lane,fixed,True,0.5,40,0,22.00000009886436,14.0,13.0,19.283570877902093,55.696134735382316,43.196134735382316,12.5,nan,0.0,0,0,40,0,7.0,16.0,17.0
900,1,right_lane,fixed,True,0.5,40,0,22.268957345942347,0.0,7.5,4.299871534109116,63.63033175350775,43.63033175350775,20.0,nan,0.0,0,0,40,0,0.0,0.0,40.0
901,1,right_lane,fixed,True,0.5,40,0,21.643957332922735,0.0,13.5,4.569749831332274,62.379397645642335,42.62939764564233,19.75,nan,0.0,0,0,40,0,0.0,1.0,39.0
902,1,right_lane,fixed,True,0.5,40,0,22.518957345971494,8.5,8.0,12.233240377157927,59.278375910230714,44.028375910230714,15.25,nan,0.0,0,0,40,0,9.0,1.0,30.0
903,1,right_lane,fixed,True,0.5,40,0,22.518957345971565,0.0,0.0,1.3403208963441102,64.0303317535545,44.030331753554506,20.0,nan,0.0,0,0,40,0,0.0,0.0,40.0
904,1,right_lane,fixed,True,0.5,40,0,21.893957345971565,0.0,0.5,4.011009012408067,62.77939766843072,43.02939766843071,19.75,nan,0.0,0,0,40,0,0.0,1.0,39.0
905,1,right_lane,fixed,True,0.5,40,0,21.14395734596765,1.5,6.0,6.033728763461113,60.578397176478695,41.828397176478695,18.75,nan,0.0,0,0,40,0,2.0,1.0,37.0
906,1,right_lane,fixed,True,0.5,40,0,21.518957345971565,0.0,10.0,4.110758180069752,62.17939766774114,42.429397667741135,19.75,nan,0.0,0,0,40,0,0.0,1.0,39.0
907,1,right_lane,fixed,True,0.5,40,0,21.018957345971057,0.0,14.0,4.7024377435445786,61.379397667740335,41.62939766774032,19.75,nan,0.0,0,0,40,0,0.0,1.0,39.0
908,1,right_lane,fixed,True,0.5,40,0,20.643957345971565,0.0,1.0,4.087489880621433,61.030331753554506,41.030331753554506,20.0,nan,0.0,0,0,40,0,0.0,0.0,40.0
909,1,right_lane,fixed,True,0.5,40,0,20.893957345971558,0.0,1.0,3.3104712679050863,61.43033175355448,41.43033175355448,20.0,nan,0.0,0,0,40,0,0.0,0.0,40.0
910,1,right_lane,fixed,True,0.5,40,0,22.393957345971565,0.0,0.5,3.3058112060571148,63.57939832968612,43.82939832968612,19.75,nan,0.0,0,0,40,0,0.0,1.0,39.0
911,1,right_lane,fixed,True,0.5,40,0,20.518957345971565,0.0,16.5,5.54139568656683,60.8303317535545,40.8303317535545,20.0,nan,0.0,0,0,40,0,0.0,0.0,40.0
912,1,right_lane,fixed,True,0.5,40,0,21.143957345971565,0.0,0.0,1.9801028428482823,61.830331753554496,41.830331753554496,20.0,nan,0.0,0,0,40,0,0.0,0.0,40.0
913,1,right_lane,fixed,True,0.5,40,0,20.768957345971565,0.5,13.5,5.2488319063504605,60.47839840434077,41.22839840434077,19.25,nan,0.0,0,0,40,0,1.0,1.0,38.0
914,1,right_lane,fixed,True,0.5,40,0,21.39395724713693,0.0,4.0,3.9818484596908092,61.979398171550685,42.22939817155069,19.75,nan,0.0,0,0,40,0,0.0,1.0,39.0
915,1,right_lane,fixed,True,0.5,40,0,21.143957345971565,0.0,3.0,4.000444048281224,61.579397666520435,41.82939766652044,19.75,nan,0.0,0,0,40,0,0.0,1.0,39.0
916,1,right_lane,fixed,True,0.5,40,0,22.518628695453636,0.0,14.5,4.896727468983727,63.778872488857424,44.02887248885743,19.75,nan,0.0,0,0,40,0,0.0,1.0,39.0
917,1,right_lane,fixed,True,0.5,40,0,22.393956496356473,8.5,11.0,13.667900085449219,59.076978185118925,43.826978185118925,15.25,nan,0.0,0,0,40,0,7.0,5.0,28.0
918,1,right_lane,fixed,True,0.5,29,1,21.57787220134009,0.5,2.0,2.8896494024465937,45.079397667741134,30.829397667741137,14.25,nan,0.0,0,0,29,0,0.0,1.0,28.0
919,1,right_lane,fixed,True,0.5,40,0,23.75249644062177,11.5,2.0,13.973961447330112,59.75206058258428,46.002060582584285,13.75,nan,0.0,0,0,40,0,12.0,1.0,27.0
920,1,right_lane,fixed,True,0.5,37,1,21.642116049698988,1.0,13.0,6.287050030834507,57.178399108860894,39.428399108860894,17.75,nan,0.0,0,0,37,0,1.0,1.0,35.0
921,1,right_lane,fixed,True,0.5,26,1,21.183011301494716,0.5,1.0,2.271416850948299,39.47839840434077,27.228398404340773,12.25,nan,0.0,0,0,26,0,1.0,1.0,24.0
922,1,right_lane,fixed,True,0.5,40,0,21.768957345971565,3.0,10.0,7.5475736148655415,60.828690413819835,42.82869041381983,18.0,nan,0.0,0,0,40,0,2.0,4.0,34.0
923,1,right_lane,fixed,True,0.5,40,0,20.893957345971565,0.0,2.5,4.480248905718327,61.179398329686094,41.4293983296861,19.75,nan,0.0,0,0,40,0,0.0,1.0,39.0
924,1,right_lane,fixed,True,0.5,40,0,22.999995049763726,0.0,1.0,2.81377444951454,64.79999207962197,44.799992079621966,20.0,nan,0.0,0,0,40,0,0.0,0.0,40.0
925,1,right_lane,fixed,True,0.5,18,1,20.875460768825693,1.0,8.0,4.472700551152229,26.87839717648496,18.62839717648496,8.25,nan,0.0,0,0,18,0,1.0,1.0,16.0
926,1,right_lane,fixed,True,0.5,40,0,21.266504197449517,2.5,13.0,7.583912919649265,60.77546885072631,42.02546885072631,18.75,nan,0.0,0,0,40,0,0.0,5.0,35.0
927,1,right_lane,fixed,True,0.5,40,0,23.516461656101036,8.0,2.5,11.043455979355713,61.1244680917196,45.624468091719606,15.5,nan,0.0,0,0,40,0,8.0,2.0,30.0
928,1,right_lane,fixed,True,0.5,40,0,20.768957345971565,2.5,14.0,7.653442144393921,59.726609380622655,41.226609380622655,18.5,nan,0.0,0,0,40,0,1.0,4.0,35.0
929,1,right_lane,fixed,True,0.5,40,0,22.141138607735993,0.5,2.0,4.644768567406572,62.67388842316386,43.423888423163866,19.25,nan,0.0,0,0,40,0,1.0,1.0,38.0
930,1,right_lane,fixed,True,0.5,40,0,24.50000009886436,12.0,4.5,14.822847932045079,60.69674447450232,47.19674447450231,13.5,nan,0.0,0,0,40,0,12.0,2.0,26.0
931,1,right_lane,fixed,True,0.5,40,0,21.518957345971565,20.5,3.0,21.83321288973093,51.68033173236877,42.43033173236877,9.25,nan,0.0,0,0,40,0,15.0,13.0,12.0
932,1,right_lane,fixed,True,0.5,40,0,21.89395733298212,0.0,8.0,4.1497916440303015,62.77939649391866,43.029396493918654,19.75,nan,0.0,0,0,40,0,0.0,1.0,39.0
933,1,right_lane,fixed,True,0.5,40,0,21.143957345971565,0.0,1.5,1.8771792550905957,61.83033175355449,41.830331753554496,20.0,nan,0.0,0,0,40,0,0.0,0.0,40.0
934,1,right_lane,fixed,True,0.5,24,1,21.28159557661927,3.0,2.0,5.557308929506689,35.22911710231382,25.229117102313822,10.0,nan,0.0,0,0,24,0,2.0,4.0,18.0
935,1,right_lane,fixed,True,0.5,40,0,21.268957345971565,0.0,5.0,4.498496360403806,62.030331753554506,42.030331753554506,20.0,nan,0.0,0,0,40,0,0.0,0.0,40.0
936,1,right_lane,fixed,True,0.5,40,0,24.143957247107213,28.5,0.5,28.640821582297576,51.87839861951549,46.62839861951549,5.25,nan,0.0,0,0,40,0,29.0,1.0,10.0
937,1,right_lane,fixed,True,0.5,40,0,22.268957345971565,0.0,0.0,2.247841822794385,63.63033175355451,43.63033175355451,20.0,nan,0.0,0,0,40,0,0.0,0.0,40.0
938,1,right_lane,fixed,True,0.5,40,0,24.87532874938229,13.0,3.0,14.940859471482327,60.79888081968688,47.79888081968688,13.0,nan,0.0,0,0,40,0,13.0,2.0,25.0
939,1,right_lane,fixed,True,0.5,40,0,20.643957345971565,0.0,13.0,4.7826928108988795,60.77939766774115,41.02939766774115,19.75,nan,0.0,0,0,40,0,0.0,1.0,39.0
940,1,right_lane,fixed,True,0.5,40,0,21.893957345971554,0.0,0.0,3.621958719100803,62.77939766774113,43.02939766774113,19.75,nan,0.0,0,0,40,0,0.0,1.0,39.0
941,1,right_lane,fixed,True,0.5,40,0,21.893957345971558,0.0,3.5,3.1493405182077367,62.7793983296861,43.02939832968609,19.75,nan,0.0,0,0,40,0,0.0,1.0,39.0
942,1,right_lane,fixed,True,0.5,40,0,21.643957345971565,0.5,7.5,4.98141830379609,61.87839840434078,42.628398404340786,19.25,nan,0.0,0,0,40,0,1.0,1.0,38.0
943,1,right_lane,fixed,True,0.5,40,0,21.268957345937928,0.0,0.5,3.891228523949394,61.77939651464796,42.02939651464794,19.75,nan,0.0,0,0,40,0,0.0,1.0,39.0
944,1,right_lane,fixed,True,0.5,28,1,21.991367637102233,0.5,11.0,4.455563412355332,43.9793983296861,30.2293983296861,13.75,nan,0.0,0,0,28,0,0.0,1.0,27.0
945,1,right_lane,fixed,True,0.5,40,0,22.250043292099726,6.5,0.5,9.982038579881191,59.84811465686642,43.59811465686643,16.25,nan,0.0,0,0,40,0,7.0,1.0,32.0
946,1,right_lane,fixed,True,0.5,40,0,22.768957345971565,38.5,1.5,36.64803075790405,45.17897832722884,44.42897832722885,0.75,nan,0.0,0,0,40,0,37.0,3.0,0.0
947,1,right_lane,fixed,True,0.5,40,0,21.643957345971565,3.0,7.5,7.713617142517251,61.1289859198416,42.62898591984159,18.5,nan,0.0,0,0,40,0,0.0,6.0,34.0
948,1,right_lane,fixed,True,0.5,40,0,21.518957345971565,0.0,15.5,4.527188436186407,62.4303317535545,42.430331753554505,20.0,nan,0.0,0,0,40,0,0.0,0.0,40.0
949,1,right_lane,fixed,True,0.5,40,0,20.893957345971565,0.0,6.0,4.235514987260103,61.17939651470177,41.42939651470177,19.75,nan,0.0,0,0,40,0,0.0,1.0,39.0
950,1,right_lane,fixed,True,0.5,40,0,23.268957345971565,10.0,11.0,13.468339271843433,59.7289151928475,45.2289151928475,14.5,nan,0.0,0,0,40,0,10.0,2.0,28.0
951,1,right_lane,fixed,True,0.5,40,0,20.768957345971565,0.0,0.5,3.935469374060631,60.979397667741154,41.22939766774115,19.75,nan,0.0,0,0,40,0,0.0,1.0,39.0
952,1,right_lane,fixed,True,0.5,40,0,24.643957345971565,0.0,9.5,3.6292493321224697,67.43033175355448,47.4303317535545,20.0,nan,0.0,0,0,40,0,0.0,0.0,40.0
953,1,right_lane,fixed,True,0.5,40,0,21.768957345971565,0.0,12.5,3.957020953313531,62.8303317535545,42.83033175355451,20.0,nan,0.0,0,0,40,0,0.0,0.0,40.0
954,1,right_lane,fixed,True,0.5,40,0,22.768957345971565,0.0,0.0,2.600201298245338,64.43033175355451,44.43033175355451,20.0,nan,0.0,0,0,40,0,0.0,0.0,40.0
955,1,right_lane,fixed,True,0.5,40,0,21.518957345971565,0.0,9.0,4.116440211117151,62.430331753554505,42.4303317535545,20.0,nan,0.0,0,0,40,0,0.0,0.0,40.0
956,1,right_lane,fixed,True,0.5,40,0,24.375043292099726,9.5,3.5,11.917968283592927,62.24671961155262,46.99671961155262,15.25,nan,0.0,0,0,40,0,7.0,5.0,28.0
957,1,right_lane,fixed,True,0.5,8,1,21.969782976101605,0.5,3.5,1.6411422789096832,12.630330552352513,8.630330552352515,4.0,nan,0.0,0,0,8,0,0.0,0.0,8.0
958,1,right_lane,fixed,True,0.5,40,0,22.643957345971565,7.5,8.5,12.16117026164386,60.22839840507329,44.22839840507329,16.0,nan,0.0,0,0,40,0,1.0,14.0,25.0
959,1,right_lane,fixed,True,0.5,40,0,22.643957345971565,0.0,10.0,3.473214506729164,64.2303317535545,44.230331753554495,20.0,nan,0.0,0,0,40,0,0.0,0.0,40.0
960,1,right_lane,fixed,True,0.5,40,0,20.768957345971565,0.0,1.0,4.075017215684056,60.97939651470177,41.22939651470176,19.75,nan,0.0,0,0,40,0,0.0,1.0,39.0
961,1,right_lane,fixed,True,0.5,40,0,21.393957345971565,0.5,0.5,2.317218534155927,61.47839840434077,42.22839840434077,19.25,nan,0.0,0,0,40,0,1.0,1.0,38.0
962,1,right_lane,fixed,True,0.5,40,0,21.643957345971565,0.0,14.5,4.836982286244165,62.63033175355452,42.63033175355451,20.0,nan,0.0,0,0,40,0,0.0,0.0,40.0
963,1,right_lane,fixed,True,0.5,31,1,21.637364317382662,0.5,11.5,5.180120561217564,48.2793983296861,33.02939832968611,15.25,nan,0.0,0,0,31,0,0.0,1.0,30.0
964,1,right_lane,fixed,True,0.5,40,0,24.268957345971565,0.0,10.0,3.7974894938911348,66.57939832968611,46.8293983296861,19.75,nan,0.0,0,0,40,0,0.0,1.0,39.0
965,1,right_lane,fixed,True,0.5,40,0,24.143914152736198,0.5,2.0,3.9070585054246294,65.87832929516419,46.6283292951642,19.25,nan,0.0,0,0,40,0,1.0,1.0,38.0
966,1,right_lane,fixed,True,0.5,40,0,22.018957345971565,0.0,12.0,4.2833982160318556,62.979398329686106,43.2293983296861,19.75,nan,0.0,0,0,40,0,0.0,1.0,39.0
967,1,right_lane,fixed,True,0.5,40,0,22.24972024373468,0.0,8.0,3.4346016926474476,63.59955238997549,43.599552389975486,20.0,nan,0.0,0,0,40,0,0.0,0.0,40.0
968,1,right_lane,fixed,True,0.5,40,0,23.000328749382287,0.0,3.5,3.3914235168397227,64.80052599901165,44.80052599901167,20.0,nan,0.0,0,0,40,0,0.0,0.0,40.0
969,1,right_lane,fixed,True,0.5,24,1,22.114928909902957,1.0,9.0,4.248956790543161,37.278398402996274,26.02839840299627,11.25,nan,0.0,0,0,24,0,1.0,1.0,22.0
970,1,right_lane,fixed,True,0.5,40,0,20.768957345971565,0.0,1.0,3.7567025423049927,61.2303317535545,41.23033175355451,20.0,nan,0.0,0,0,40,0,0.0,0.0,40.0
971,1,right_lane,fixed,True,0.5,40,0,22.643951743818675,5.5,0.5,7.673227164732452,60.9789062113695,44.22890621136949,16.75,nan,0.0,0,0,40,0,5.0,3.0,32.0
972,1,right_lane,fixed,True,0.5,40,0,21.143957345971565,0.0,5.0,4.212072990834713,61.57939766774182,41.82939766774183,19.75,nan,0.0,0,0,40,0,0.0,1.0,39.0
973,1,right_lane,fixed,True,0.5,15,1,24.38388621663466,0.0,0.5,0.9649599279327958,24.879398306112396,17.629398306112396,7.25,nan,0.0,0,0,15,0,0.0,1.0,14.0
974,1,right_lane,fixed,True,0.5,40,0,22.5189573457492,4.0,8.5,8.662673983698824,61.777558504631095,44.027558504631095,17.75,nan,0.0,0,0,40,0,0.0,9.0,31.0
975,1,right_lane,fixed,True,0.5,40,0,20.893957345971565,0.0,3.0,3.15721407905221,61.4303317535545,41.430331753554505,20.0,nan,0.0,0,0,40,0,0.0,0.0,40.0
976,1,right_lane,fixed,True,0.5,40,0,21.518957345971565,0.0,1.0,2.685194408266625,62.430331753554505,42.43033175355451,20.0,nan,0.0,0,0,40,0,0.0,0.0,40.0
977,1,right_lane,fixed,True,0.5,40,0,21.393957345971565,7.5,4.0,11.928405727329164,58.229398329686106,42.2293983296861,16.0,nan,0.0,0,0,40,0,0.0,16.0,24.0
978,1,right_lane,fixed,True,0.5,40,0,24.518628583603743,0.0,2.5,3.2187910655266023,67.22980573376599,47.229805733765986,20.0,nan,0.0,0,0,40,0,0.0,0.0,40.0
979,1,right_lane,fixed,True,0.5,40,0,23.268957345967145,11.0,7.0,15.103874739259481,59.22758564058699,45.22758564058699,14.0,nan,0.0,0,0,40,0,9.0,6.0,25.0
980,1,right_lane,fixed,True,0.5,40,0,23.518957345749193,10.0,5.0,12.182729097736683,60.62890709587889,45.62890709587889,15.0,nan,0.0,0,0,40,0,8.0,4.0,28.0
981,1,right_lane,fixed,True,0.5,40,0,22.393951657973492,10.5,3.5,12.552462553274381,58.08025147159212,43.83025147159212,14.25,nan,0.0,0,0,40,0,11.0,1.0,28.0
982,1,right_lane,fixed,True,0.5,40,0,23.516789654732076,0.0,0.0,2.8738806947385456,65.3759300237029,45.62593002370292,19.75,nan,0.0,0,0,40,0,0.0,1.0,39.0
983,1,right_lane,fixed,True,0.5,40,0,20.268957345971565,0.0,13.5,4.596065238118172,60.430331753554505,40.430331753554505,20.0,nan,0.0,0,0,40,0,0.0,0.0,40.0
984,1,right_lane,fixed,True,0.5,40,0,21.122875600860247,0.0,4.5,3.7762283245633625,61.54566687556304,41.79566687556304,19.75,nan,0.0,0,0,40,0,0.0,1.0,39.0
985,1,right_lane,fixed,True,0.5,40,0,22.018957345971565,0.0,5.5,4.113574953757507,62.9793983296861,43.2293983296861,19.75,nan,0.0,0,0,40,0,0.0,1.0,39.0
986,1,right_lane,fixed,True,0.5,40,0,21.39395733298212,0.0,5.0,4.0110235176980495,61.979396493918635,42.22939649391864,19.75,nan,0.0,0,0,40,0,0.0,1.0,39.0
987,1,right_lane,fixed,True,0.5,40,0,22.518908365877685,32.0,2.5,32.85290565341711,47.77767968110579,44.02767968110579,3.75,nan,0.0,0,0,40,0,30.0,5.0,5.0
988,1,right_lane,fixed,True,0.5,40,0,21.143957345971565,0.0,4.0,4.108074608789593,61.57939832968609,41.82939832968609,19.75,nan,0.0,0,0,40,0,0.0,1.0,39.0
989,1,right_lane,fixed,True,0.5,40,0,20.64391480462308,3.0,8.5,7.905892997980118,59.53026106103954,41.03026106103954,18.5,nan,0.0,0,0,40,0,0.0,6.0,34.0
990,1,right_lane,fixed,True,0.5,40,0,21.01646660636704,0.0,2.5,4.476786725223064,61.375412483153205,41.62541248315321,19.75,nan,0.0,0,0,40,0,0.0,1.0,39.0
991,1,right_lane,fixed,True,0.5,40,0,22.143957345971565,7.5,3.0,11.588367715477943,59.42886613418065,43.42886613418065,16.0,nan,0.0,0,0,40,0,4.0,8.0,28.0
992,1,right_lane,fixed,True,0.5,40,0,20.393957345971565,0.0,18.5,5.045670971274376,60.37939766652045,40.62939766652045,19.75,nan,0.0,0,0,40,0,0.0,1.0,39.0
993,1,right_lane,fixed,True,0.5,40,0,22.018957344482867,0.5,6.5,4.941550945366544,62.47839910647898,43.228399106478975,19.25,nan,0.0,0,0,40,0,1.0,1.0,38.0
994,1,right_lane,fixed,True,0.5,40,0,20.768957345971565,1.0,4.5,5.250964619219303,60.729397667741154,41.22939766774115,19.5,nan,0.0,0,0,40,0,0.0,2.0,38.0
995,1,right_lane,fixed,True,0.5,40,0,22.016461656101036,4.5,6.0,8.941271126270294,60.723540665242794,43.223540665242794,17.5,nan,0.0,0,0,40,0,0.0,10.0,30.0
996,1,right_lane,fixed,True,0.5,40,0,21.768914152736198,0.0,1.5,3.37955505711534,62.57932922050953,42.82932922050952,19.75,nan,0.0,0,0,40,0,0.0,1.0,39.0
997,1,right_lane,fixed,True,0.5,40,0,21.518957345971565,0.0,3.0,4.306307400519472,62.179397667741824,42.42939766774183,19.75,nan,0.0,0,0,40,0,0.0,1.0,39.0
998,1,right_lane,fixed,True,0.5,40,0,22.62532874938229,8.5,10.0,11.998205425450578,59.448571387701335,44.19857138770134,15.25,nan,0.0,0,0,40,0,9.0,1.0,30.0
999,1,right_lane,fixed,True,0.5,40,0,21.018957345971565,1.0,8.5,5.196955141069338,61.38033175355449,41.63033175355451,19.75,nan,0.0,0,0,40,0,0.0,1.0,39.0
